"stationName","latitude","longitude","elevation","timeZone","UTCoffset","WMOID","MSCID"
"FortPeelRiver","67.43","-135",NA,"America/Inuvik","7","71052","2201601"
"Short_Name","What","Material","Error","Units","Seasonality","Data_Type","Detail","Method","Data_Format","Additional_Information"
"cv","wind speed","atmospheric material",NA,"okta","sub-daily","historical","original_observation","field method","n",NA
"dd","wind direction","atmospheric material",NA,"degrees","sub-daily","historical","original_observation","field method","n",NA
"hd","wind direction","atmospheric material",NA,"degrees","sub-daily","historical","original_observation","field method","n",NA
"pr","precipitation","precipitation",NA,"mm","sub-daily","instrumental","original_observation","field method","n",NA
"ptb","hour","precipitation",NA,"hh:mm","sub-daily","historical","original_observation","field method","n",NA
"pte","hour","precipitation",NA,"hh:mm","sub-daily","historical","original_observation","field method","n",NA
"sd","snowfall","precipitation",NA,"cm","sub-daily","instrumental","original_observation","field method","n",NA
"ta","air temperature","atmospheric material",NA,"C","sub-daily","instrumental","original_observation","field method","n",NA
"w","wind speed","atmospheric material",NA,"mps","sub-daily","instrumental","original_observation","field method","n",NA
"ObservationDate","cv","dd","hd","pr","ptb","pte","sd","ta","w"
1863-02-01,NA,NA,NA,NA,NA,NA,NA,NA,NA
1863-02-01 07:00:00,NA,90,NA,NA,NA,NA,NA,-45.56,1
1863-02-01 14:00:00,NA,180,NA,NA,NA,NA,NA,-42.78,1
1863-02-01 21:00:00,NA,0,NA,NA,NA,NA,NA,-40,1
1863-02-02 07:00:00,NA,90,NA,NA,NA,NA,NA,-42.78,1
1863-02-02 14:00:00,NA,90,NA,NA,NA,NA,NA,-41.67,1
1863-02-02 21:00:00,NA,90,NA,NA,NA,NA,NA,-40,1
1863-02-03,NA,NA,NA,0.317,"4 pm","8 pm",3.17,NA,NA
1863-02-03 07:00:00,NA,90,NA,NA,NA,NA,NA,-34.44,1
1863-02-03 14:00:00,NA,270,NA,NA,NA,NA,NA,-28.89,1
1863-02-03 21:00:00,NA,270,NA,NA,NA,NA,NA,-31.67,1
1863-02-04 07:00:00,NA,90,NA,NA,NA,NA,NA,-34.44,1
1863-02-04 14:00:00,NA,180,NA,NA,NA,NA,NA,-28.89,1
1863-02-04 21:00:00,NA,180,NA,NA,NA,NA,NA,-31.67,1
1863-02-05 07:00:00,NA,90,NA,NA,NA,NA,NA,-37.22,1
1863-02-05 14:00:00,NA,90,NA,NA,NA,NA,NA,-34.44,1
1863-02-05 21:00:00,NA,90,NA,NA,NA,NA,NA,-37.22,1
1863-02-06 07:00:00,NA,90,NA,NA,NA,NA,NA,-34.44,1
1863-02-06 14:00:00,NA,90,NA,NA,NA,NA,NA,-31.67,1
1863-02-06 21:00:00,NA,90,NA,NA,NA,NA,NA,-39.44,1
1863-02-07,NA,NA,NA,NA,NA,NA,NA,NA,NA
1863-02-07 07:00:00,NA,90,NA,NA,NA,NA,NA,-37.22,2
1863-02-07 14:00:00,NA,90,NA,NA,NA,NA,NA,-31.67,2
1863-02-07 21:00:00,NA,90,NA,NA,NA,NA,NA,-36.11,2
1863-02-08 07:00:00,NA,90,NA,NA,NA,NA,NA,-34.44,1
1863-02-08 14:00:00,NA,90,NA,NA,NA,NA,NA,-28.33,1
1863-02-08 21:00:00,NA,NA,NA,NA,NA,NA,NA,-27.22,0
1863-02-09 07:00:00,NA,90,NA,NA,NA,NA,NA,-23.33,1
1863-02-09 14:00:00,NA,315,NA,NA,NA,NA,NA,-20.56,1
1863-02-09 21:00:00,NA,0,NA,NA,NA,NA,NA,-20,1
1863-02-10,NA,NA,NA,0.159,"9 pm",NA,1.59,NA,NA
1863-02-10 07:00:00,NA,0,NA,NA,NA,NA,NA,-20.56,1
1863-02-10 14:00:00,NA,0,NA,NA,NA,NA,NA,-19.44,1
1863-02-10 21:00:00,NA,0,NA,NA,NA,NA,NA,-21.11,2
1863-02-11,NA,NA,NA,NA,NA,NA,NA,NA,NA
1863-02-11 07:00:00,NA,0,NA,NA,NA,NA,NA,-26.11,1
1863-02-11 14:00:00,NA,0,NA,NA,NA,NA,NA,-25.56,1
1863-02-11 21:00:00,NA,90,NA,NA,NA,NA,NA,-26.67,2
1863-02-12 07:00:00,NA,0,NA,NA,NA,NA,NA,-26.11,2
1863-02-12 14:00:00,NA,0,NA,NA,NA,NA,NA,-25,2
1863-02-12 21:00:00,NA,90,NA,NA,NA,NA,NA,-25.56,NA
1863-02-13,NA,NA,NA,0.317,"8 am","4 pm",3.17,NA,NA
1863-02-13 07:00:00,NA,0,NA,NA,NA,NA,NA,-23.33,1
1863-02-13 14:00:00,NA,90,NA,NA,NA,NA,NA,-20.56,1
1863-02-13 21:00:00,NA,0,NA,NA,NA,NA,NA,-31.11,NA
1863-02-14 07:00:00,NA,90,NA,NA,NA,NA,NA,-37.22,1
1863-02-14 14:00:00,NA,90,NA,NA,NA,NA,NA,-31.67,1
1863-02-14 21:00:00,NA,NA,NA,NA,NA,NA,NA,-40,NA
1863-02-15,NA,NA,NA,NA,NA,NA,NA,NA,NA
1863-02-15 07:00:00,NA,90,NA,NA,NA,NA,NA,-42.78,2
1863-02-15 14:00:00,NA,90,NA,NA,NA,NA,NA,-37.22,2
1863-02-15 21:00:00,NA,90,NA,NA,NA,NA,NA,-42.22,NA
1863-02-16,NA,NA,NA,NA,NA,NA,NA,NA,NA
1863-02-16 07:00:00,NA,90,NA,NA,NA,NA,NA,-44.44,1
1863-02-16 14:00:00,NA,180,NA,NA,NA,NA,NA,-37.78,1
1863-02-16 21:00:00,NA,90,NA,NA,NA,NA,NA,-43.89,1
1863-02-17 07:00:00,NA,90,NA,NA,NA,NA,NA,-43.33,2
1863-02-17 14:00:00,NA,90,NA,NA,NA,NA,NA,-37.78,2
1863-02-17 21:00:00,NA,90,NA,NA,NA,NA,NA,-37.78,1
1863-02-18 07:00:00,NA,90,NA,NA,NA,NA,NA,-43.89,1
1863-02-18 14:00:00,NA,90,NA,NA,NA,NA,NA,-33.33,1
1863-02-18 21:00:00,NA,90,NA,NA,NA,NA,NA,-37.78,1
1863-02-19,NA,NA,NA,NA,NA,NA,NA,NA,NA
1863-02-19 07:00:00,NA,0,NA,NA,NA,NA,NA,-32.78,1
1863-02-19 14:00:00,NA,0,NA,NA,NA,NA,NA,-28.33,1
1863-02-19 21:00:00,NA,90,NA,NA,NA,NA,NA,-30,1
1863-02-20 07:00:00,NA,0,NA,NA,NA,NA,NA,-32.78,1
1863-02-20 14:00:00,NA,0,NA,NA,NA,NA,NA,-28.89,1
1863-02-20 21:00:00,NA,0,NA,NA,NA,NA,NA,-31.11,1
1863-02-21 07:00:00,NA,NA,NA,NA,NA,NA,NA,-32.78,0
1863-02-21 14:00:00,NA,270,NA,NA,NA,NA,NA,-23.89,1
1863-02-21 21:00:00,NA,NA,NA,NA,NA,NA,NA,-23.33,0
1863-02-22 07:00:00,NA,NA,NA,NA,NA,NA,NA,-31.11,0
1863-02-22 14:00:00,NA,NA,NA,NA,NA,NA,NA,-28.89,0
1863-02-22 21:00:00,NA,NA,NA,NA,NA,NA,NA,-27.78,0
1863-02-23 07:00:00,NA,90,NA,NA,NA,NA,NA,-23.33,1
1863-02-23 14:00:00,NA,90,NA,NA,NA,NA,NA,-19.44,1
1863-02-23 21:00:00,NA,NA,NA,NA,NA,NA,NA,-23.33,0
1863-02-24,NA,NA,NA,NA,NA,NA,NA,NA,NA
1863-02-24 07:00:00,NA,90,NA,NA,NA,NA,NA,-25,1
1863-02-24 14:00:00,NA,90,NA,NA,NA,NA,NA,-19.44,2
1863-02-24 21:00:00,NA,90,NA,NA,NA,NA,NA,-23.33,1
1863-02-25 07:00:00,NA,90,NA,NA,NA,NA,NA,-28.89,1
1863-02-25 14:00:00,NA,90,NA,NA,NA,NA,NA,-19.44,1
1863-02-25 21:00:00,NA,90,NA,NA,NA,NA,NA,-25.56,1
1863-02-26 07:00:00,NA,270,NA,NA,NA,NA,NA,-31.67,1
1863-02-26 14:00:00,NA,180,NA,NA,NA,NA,NA,-20.56,1
1863-02-26 21:00:00,NA,90,NA,NA,NA,NA,NA,-23.33,1
1863-02-27,NA,NA,NA,NA,NA,NA,NA,NA,NA
1863-02-27 07:00:00,NA,270,NA,NA,NA,NA,NA,-23.33,1
1863-02-27 14:00:00,NA,0,NA,NA,NA,NA,NA,-17.22,1
1863-02-27 21:00:00,NA,225,NA,NA,NA,NA,NA,-22.22,1
1863-02-28,NA,NA,NA,NA,"5 pm",NA,NA,NA,NA
1863-02-28 07:00:00,NA,0,NA,NA,NA,NA,NA,-22.22,1
1863-02-28 14:00:00,NA,0,NA,NA,NA,NA,NA,-17.78,2
1863-02-28 21:00:00,NA,0,NA,NA,NA,NA,NA,-22.22,1
1863-03-01,NA,NA,NA,25.4,"empty","9 am",38.1,NA,NA
1863-03-01 07:00:00,NA,0,NA,NA,NA,NA,NA,-23.89,2
1863-03-01 14:00:00,NA,0,NA,NA,NA,NA,NA,-22.22,2
1863-03-01 21:00:00,NA,0,NA,NA,NA,NA,NA,-23.33,1
1863-03-02,NA,NA,NA,0,"empty","empty",0,NA,NA
1863-03-02 07:00:00,NA,90,NA,NA,NA,NA,NA,-32.78,2
1863-03-02 14:00:00,NA,90,NA,NA,NA,NA,NA,-22.78,2
1863-03-02 21:00:00,NA,90,NA,NA,NA,NA,NA,-28.89,1
1863-03-03,NA,NA,NA,0,"empty","empty",0,NA,NA
1863-03-03 07:00:00,NA,90,NA,NA,NA,NA,NA,-22.22,1
1863-03-03 14:00:00,NA,90,NA,NA,NA,NA,NA,-16.67,2
1863-03-03 21:00:00,NA,0,NA,NA,NA,NA,NA,-23.33,1
1863-03-04,NA,NA,NA,0,"empty","empty",0,NA,NA
1863-03-04 07:00:00,NA,90,NA,NA,NA,NA,NA,-23.33,2
1863-03-04 14:00:00,NA,90,NA,NA,NA,NA,NA,-18.33,1
1863-03-04 21:00:00,NA,90,NA,NA,NA,NA,NA,-21.67,1
1863-03-05,NA,NA,NA,0,"empty","empty",0,NA,NA
1863-03-05 07:00:00,NA,270,NA,NA,NA,NA,NA,-23.33,1
1863-03-05 14:00:00,NA,270,NA,NA,NA,NA,NA,-15.56,1
1863-03-05 21:00:00,NA,270,NA,NA,NA,NA,NA,-21.11,1
1863-03-06,NA,NA,NA,0,"empty","empty",0,NA,NA
1863-03-06 07:00:00,NA,180,NA,NA,NA,NA,NA,-22.22,1
1863-03-06 14:00:00,NA,180,NA,NA,NA,NA,NA,-14.44,1
1863-03-06 21:00:00,NA,180,NA,NA,NA,NA,NA,-15.56,1
1863-03-07,NA,NA,NA,0,"empty","empty",0,NA,NA
1863-03-07 07:00:00,NA,90,NA,NA,NA,NA,NA,-6.67,1
1863-03-07 14:00:00,NA,90,NA,NA,NA,NA,NA,-21.11,1
1863-03-07 21:00:00,NA,270,NA,NA,NA,NA,NA,-25.56,1
1863-03-08,NA,NA,NA,0,"empty","empty",0,NA,NA
1863-03-08 07:00:00,NA,90,NA,NA,NA,NA,NA,-23.33,1
1863-03-08 14:00:00,NA,NA,NA,NA,NA,NA,NA,-6.67,0
1863-03-08 21:00:00,NA,180,NA,NA,NA,NA,NA,0,11
1863-03-09,NA,NA,NA,0,"empty","empty",0,NA,NA
1863-03-09 07:00:00,NA,180,NA,NA,NA,NA,NA,-6.67,11
1863-03-09 14:00:00,NA,180,NA,NA,NA,NA,NA,0,5
1863-03-09 21:00:00,NA,180,NA,NA,NA,NA,NA,-7.78,11
1863-03-10,NA,NA,NA,0,"empty","empty",0,NA,NA
1863-03-10 07:00:00,NA,270,NA,NA,NA,NA,NA,-20.56,5
1863-03-10 14:00:00,NA,270,NA,NA,NA,NA,NA,-13.33,2
1863-03-10 21:00:00,NA,270,NA,NA,NA,NA,NA,-21.67,1
1863-03-11,NA,NA,NA,0,"empty","empty",0,NA,NA
1863-03-11 07:00:00,NA,270,NA,NA,NA,NA,NA,-23.33,2
1863-03-11 14:00:00,NA,270,NA,NA,NA,NA,NA,-15,2
1863-03-11 21:00:00,NA,270,NA,NA,NA,NA,NA,-23.33,2
1863-03-12,NA,NA,NA,0,"4 am","empty",0,NA,NA
1863-03-12 07:00:00,NA,0,NA,NA,NA,NA,NA,-28.89,11
1863-03-12 14:00:00,NA,0,NA,NA,NA,NA,NA,-20.56,11
1863-03-12 21:00:00,NA,0,NA,NA,NA,NA,NA,-24.44,5
1863-03-13,NA,NA,NA,0,"10 pm","2 inches",0,NA,NA
1863-03-13 07:00:00,NA,0,NA,NA,NA,NA,NA,-31.11,5
1863-03-13 14:00:00,NA,0,NA,NA,NA,NA,NA,-26.11,5
1863-03-13 21:00:00,NA,0,NA,NA,NA,NA,NA,-28.89,5
1863-03-14,NA,NA,NA,0,"empty","empty",0,NA,NA
1863-03-14 07:00:00,NA,90,NA,NA,NA,NA,NA,-32.78,2
1863-03-14 14:00:00,NA,90,NA,NA,NA,NA,NA,-28.89,2
1863-03-14 21:00:00,NA,90,NA,NA,NA,NA,NA,-31.11,2
1863-03-15,NA,NA,NA,0,"empty","empty",0,NA,NA
1863-03-15 07:00:00,NA,90,NA,NA,NA,NA,NA,-28.89,2
1863-03-15 14:00:00,NA,90,NA,NA,NA,NA,NA,-20.56,1
1863-03-15 21:00:00,NA,90,NA,NA,NA,NA,NA,-27.78,1
1863-03-16,NA,NA,NA,0,"empty","empty",0,NA,NA
1863-03-16 07:00:00,NA,90,NA,NA,NA,NA,NA,-28.89,2
1863-03-16 14:00:00,NA,90,NA,NA,NA,NA,NA,-20,5
1863-03-16 21:00:00,NA,90,NA,NA,NA,NA,NA,-7.22,1
1863-03-17,NA,NA,NA,0,"empty","empty",0,NA,NA
1863-03-17 07:00:00,NA,0,NA,NA,NA,NA,NA,-28.33,2
1863-03-17 14:00:00,NA,0,NA,NA,NA,NA,NA,-15,2
1863-03-17 21:00:00,NA,0,NA,NA,NA,NA,NA,-25.56,2
1863-03-18,NA,NA,NA,0,"7 pm","2 am",0,NA,NA
1863-03-18 07:00:00,NA,0,NA,NA,NA,NA,NA,-23.33,1
1863-03-18 14:00:00,NA,0,NA,NA,NA,NA,NA,-15,2
1863-03-18 21:00:00,NA,90,NA,NA,NA,NA,NA,-13.89,1
1863-03-19,NA,NA,NA,0,"empty","empty",0,NA,NA
1863-03-19 07:00:00,NA,135,NA,NA,NA,NA,NA,-28.89,1
1863-03-19 14:00:00,NA,90,NA,NA,NA,NA,NA,-21.11,1
1863-03-19 21:00:00,NA,90,NA,NA,NA,NA,NA,-20,1
1863-03-20,NA,NA,NA,0,"empty","empty",0,NA,NA
1863-03-20 07:00:00,NA,135,NA,NA,NA,NA,NA,-23.33,2
1863-03-20 14:00:00,NA,270,NA,NA,NA,NA,NA,-30,2
1863-03-20 21:00:00,NA,270,NA,NA,NA,NA,NA,-24.44,1
1863-03-21,NA,NA,NA,0,"empty","empty",NA,NA,NA
1863-03-21 07:00:00,NA,0,NA,NA,NA,NA,NA,-18.89,2
1863-03-21 14:00:00,NA,0,NA,NA,NA,NA,NA,-11.11,1
1863-03-21 21:00:00,NA,0,NA,NA,NA,NA,NA,-16.67,1
1863-03-22,NA,NA,NA,0,"empty","empty",0,NA,NA
1863-03-22 07:00:00,NA,135,NA,NA,NA,NA,NA,-21.11,1
1863-03-22 14:00:00,NA,135,NA,NA,NA,NA,NA,-7.78,5
1863-03-22 21:00:00,NA,135,NA,NA,NA,NA,NA,-12.22,2
1863-03-23,NA,NA,NA,0,"empty","empty",0,NA,NA
1863-03-23 07:00:00,NA,180,NA,NA,NA,NA,NA,-16.67,1
1863-03-23 14:00:00,NA,180,NA,NA,NA,NA,NA,-6.67,11
1863-03-23 21:00:00,NA,180,NA,NA,NA,NA,NA,-7.78,5
1863-03-24,NA,NA,NA,0.23,"4 pm","5 pm",0,NA,NA
1863-03-24 07:00:00,NA,0,NA,NA,NA,NA,NA,-15.56,1
1863-03-24 14:00:00,NA,0,NA,NA,NA,NA,NA,-1.67,2
1863-03-24 21:00:00,NA,0,NA,NA,NA,NA,NA,-16.11,1
1863-03-25,NA,NA,NA,0,"empty","empty",0,NA,NA
1863-03-25 07:00:00,NA,315,NA,NA,NA,NA,NA,-23.33,1
1863-03-25 14:00:00,NA,315,NA,NA,NA,NA,NA,-19.44,1
1863-03-25 21:00:00,NA,315,NA,NA,NA,NA,NA,-25,2
1863-03-26,NA,NA,NA,0,"empty","empty",0,NA,NA
1863-03-26 07:00:00,NA,315,NA,NA,NA,NA,NA,-24.44,2
1863-03-26 14:00:00,NA,315,NA,NA,NA,NA,NA,-15,2
1863-03-26 21:00:00,NA,315,NA,NA,NA,NA,NA,-9.44,2
1863-03-27,NA,NA,NA,0,"6 am","empty",0,NA,NA
1863-03-27 07:00:00,NA,315,NA,NA,NA,NA,NA,-28.89,5
1863-03-27 14:00:00,NA,315,NA,NA,NA,NA,NA,-15,5
1863-03-27 21:00:00,NA,315,NA,NA,NA,NA,NA,-7.78,5
1863-03-28,NA,NA,NA,0.23,"empty","4 am",0,NA,NA
1863-03-28 07:00:00,NA,315,NA,NA,NA,NA,NA,-28.89,5
1863-03-28 14:00:00,NA,315,NA,NA,NA,NA,NA,-15,5
1863-03-28 21:00:00,NA,315,NA,NA,NA,NA,NA,-8.33,5
1863-03-29,NA,NA,NA,0,"empty","empty",0,NA,NA
1863-03-29 07:00:00,NA,315,NA,NA,NA,NA,NA,-27.78,1
1863-03-29 14:00:00,NA,315,NA,NA,NA,NA,NA,-15.56,1
1863-03-29 21:00:00,NA,315,NA,NA,NA,NA,NA,-23.33,1
1863-03-30,NA,NA,NA,0,"7 am","6 pm",0,NA,NA
1863-03-30 07:00:00,NA,315,NA,NA,NA,NA,NA,-28.89,5
1863-03-30 14:00:00,NA,315,NA,NA,NA,NA,NA,-20.56,5
1863-03-30 21:00:00,NA,315,NA,NA,NA,NA,NA,-23.33,NA
1863-03-31,NA,NA,NA,0,"empty","empty",0,NA,NA
1863-03-31 07:00:00,NA,315,NA,NA,NA,NA,NA,-23.33,NA
1863-03-31 14:00:00,NA,315,NA,NA,NA,NA,NA,-15,NA
1863-03-31 21:00:00,NA,315,NA,NA,NA,NA,NA,-13.33,NA
1863-04-01,NA,NA,NA,5.08,"4 am","5 pm",50.8,NA,NA
1863-04-01 07:00:00,NA,315,NA,NA,NA,NA,NA,-28.89,5
1863-04-01 14:00:00,NA,315,NA,NA,NA,NA,NA,-19.44,5
1863-04-01 21:00:00,NA,315,NA,NA,NA,NA,NA,-23.33,5
1863-04-02,NA,NA,NA,NA,NA,NA,NA,NA,NA
1863-04-02 07:00:00,NA,180,NA,NA,NA,NA,NA,1.11,1
1863-04-02 14:00:00,NA,180,NA,NA,NA,NA,NA,3.33,1
1863-04-02 21:00:00,NA,135,NA,NA,NA,NA,NA,-6.67,1
1863-04-03,NA,NA,NA,NA,NA,NA,NA,NA,NA
1863-04-03 07:00:00,NA,315,NA,NA,NA,NA,NA,-20.56,1
1863-04-03 14:00:00,NA,315,NA,NA,NA,NA,NA,-6.67,1
1863-04-03 21:00:00,NA,315,NA,NA,NA,NA,NA,-13.89,1
1863-04-04,NA,NA,NA,0.23,"3 am","1 pm",0.23,NA,NA
1863-04-04 07:00:00,NA,90,NA,NA,NA,NA,NA,-23.33,2
1863-04-04 14:00:00,NA,135,NA,NA,NA,NA,NA,-20.56,2
1863-04-04 21:00:00,NA,135,NA,NA,NA,NA,NA,-21.11,1
1863-04-05 07:00:00,NA,135,NA,NA,NA,NA,NA,-16.11,27
1863-04-05 14:00:00,NA,135,NA,NA,NA,NA,NA,-7.78,1
1863-04-05 21:00:00,NA,315,NA,NA,NA,NA,NA,-12.22,1
1863-04-06,NA,NA,NA,0.023,"8 am","12 pm",0.23,NA,NA
1863-04-06 07:00:00,NA,0,NA,NA,NA,NA,NA,-20,11
1863-04-06 14:00:00,NA,0,NA,NA,NA,NA,NA,-12.22,5
1863-04-06 21:00:00,NA,0,NA,NA,NA,NA,NA,-26.11,1
1863-04-07,NA,NA,NA,NA,NA,NA,NA,NA,NA
1863-04-07 07:00:00,NA,135,NA,NA,NA,NA,NA,-20,2
1863-04-07 14:00:00,NA,135,NA,NA,NA,NA,NA,-16.67,5
1863-04-07 21:00:00,NA,135,NA,NA,NA,NA,NA,-20,5
1863-04-08,NA,NA,NA,NA,NA,NA,NA,NA,NA
1863-04-08 07:00:00,NA,225,NA,NA,NA,NA,NA,-8.89,1
1863-04-08 14:00:00,NA,225,NA,NA,NA,NA,NA,-2.78,5
1863-04-08 21:00:00,NA,135,NA,NA,NA,NA,NA,-12.22,5
1863-04-09,NA,NA,NA,50.8,"6 pm","10 pm",NA,NA,NA
1863-04-09 07:00:00,2,180,"225",NA,NA,NA,NA,-2.78,11
1863-04-09 14:00:00,NA,180,NA,NA,NA,NA,NA,1.67,20
1863-04-09 21:00:00,NA,180,NA,NA,NA,NA,NA,-12.22,5
1863-04-10 07:00:00,NA,135,NA,NA,NA,NA,NA,-10,1
1863-04-10 14:00:00,NA,135,NA,NA,NA,NA,NA,0.56,1
1863-04-10 21:00:00,NA,135,NA,NA,NA,NA,NA,-11.67,1
1863-04-11,NA,NA,NA,NA,NA,NA,NA,NA,NA
1863-04-11 07:00:00,NA,315,NA,NA,NA,NA,NA,-12.22,2
1863-04-11 14:00:00,NA,315,NA,NA,NA,NA,NA,-2.78,2
1863-04-11 21:00:00,NA,315,NA,NA,NA,NA,NA,-16.67,NA
1863-04-12 07:00:00,NA,315,NA,NA,NA,NA,NA,-15,2
1863-04-12 14:00:00,NA,315,NA,NA,NA,NA,NA,-8.89,5
1863-04-12 21:00:00,NA,315,NA,NA,NA,NA,NA,-16.11,2
1863-04-13,NA,NA,NA,NA,NA,NA,NA,NA,NA
1863-04-13 07:00:00,NA,315,NA,NA,NA,NA,NA,-19.44,1
1863-04-13 14:00:00,NA,315,NA,NA,NA,NA,NA,-2.78,2
1863-04-13 21:00:00,NA,315,NA,NA,NA,NA,NA,-12.22,1
1863-04-14 07:00:00,NA,270,NA,NA,NA,NA,NA,-15,1
1863-04-14 14:00:00,NA,270,NA,NA,NA,NA,NA,-2.78,1
1863-04-14 21:00:00,NA,270,NA,NA,NA,NA,NA,-9.44,1
1863-04-15 07:00:00,NA,270,NA,NA,NA,NA,NA,-15,1
1863-04-15 14:00:00,NA,270,NA,NA,NA,NA,NA,-2.22,1
1863-04-15 21:00:00,NA,270,NA,NA,NA,NA,NA,-12.22,1
1863-04-16 07:00:00,1,270,"90",NA,NA,NA,NA,-15,1
1863-04-16 14:00:00,NA,270,NA,NA,NA,NA,NA,-2.78,1
1863-04-16 21:00:00,NA,270,NA,NA,NA,NA,NA,-12.22,1
1863-04-17 07:00:00,1,180,"270",NA,NA,NA,NA,-9.44,1
1863-04-17 14:00:00,1,180,"0",NA,NA,NA,NA,0,1
1863-04-17 21:00:00,NA,270,NA,NA,NA,NA,NA,-10,1
1863-04-18 07:00:00,NA,270,NA,NA,NA,NA,NA,-15,2
1863-04-18 14:00:00,NA,270,NA,NA,NA,NA,NA,-2.78,1
1863-04-18 21:00:00,NA,270,NA,NA,NA,NA,NA,-12.22,2
1863-04-19,NA,NA,NA,NA,NA,NA,NA,NA,NA
1863-04-19 07:00:00,NA,315,NA,NA,NA,NA,NA,-13.89,1
1863-04-19 14:00:00,NA,315,NA,NA,NA,NA,NA,-1.67,1
1863-04-19 21:00:00,NA,315,NA,NA,NA,NA,NA,-15,1
1863-04-20 07:00:00,NA,270,NA,NA,NA,NA,NA,-13.89,1
1863-04-20 14:00:00,NA,270,NA,NA,NA,NA,NA,1.11,1
1863-04-20 21:00:00,NA,270,NA,NA,NA,NA,NA,-12.22,1
1863-04-21 07:00:00,NA,225,NA,NA,NA,NA,NA,0.56,1
1863-04-21 14:00:00,NA,180,NA,NA,NA,NA,NA,7.22,1
1863-04-21 21:00:00,NA,180,NA,NA,NA,NA,NA,-6.67,1
1863-04-22 07:00:00,NA,270,NA,NA,NA,NA,NA,1.11,1
1863-04-22 14:00:00,NA,0,NA,NA,NA,NA,NA,7.78,1
1863-04-22 21:00:00,NA,270,NA,NA,NA,NA,NA,-4.44,1
1863-04-23,NA,NA,NA,50.8,"3 am","4 pm",NA,NA,NA
1863-04-23 07:00:00,NA,0,NA,NA,NA,NA,NA,-15,5
1863-04-23 14:00:00,NA,0,NA,NA,NA,NA,NA,-6.11,5
1863-04-23 21:00:00,NA,0,NA,NA,NA,NA,NA,-9.44,2
1863-04-24 07:00:00,NA,0,NA,NA,NA,NA,NA,-9.44,2
1863-04-24 14:00:00,NA,270,NA,NA,NA,NA,NA,-0.56,2
1863-04-24 21:00:00,NA,270,NA,NA,NA,NA,NA,-12.22,2
1863-04-25 07:00:00,NA,0,NA,NA,NA,NA,NA,-6.67,1
1863-04-25 14:00:00,NA,270,NA,NA,NA,NA,NA,1.11,1
1863-04-25 21:00:00,NA,0,NA,NA,NA,NA,NA,-6.67,1
1863-04-26 07:00:00,NA,270,NA,NA,NA,NA,NA,0,1
1863-04-26 14:00:00,NA,270,NA,NA,NA,NA,NA,3.33,2
1863-04-26 21:00:00,NA,270,NA,NA,NA,NA,NA,-2.78,1
1863-04-27 07:00:00,NA,180,NA,NA,NA,NA,NA,3.33,2
1863-04-27 14:00:00,NA,180,NA,NA,NA,NA,NA,10.56,1
1863-04-27 21:00:00,NA,180,NA,NA,NA,NA,NA,2.22,11
1863-04-28,NA,NA,NA,NA,NA,NA,NA,NA,NA
1863-04-28 07:00:00,NA,135,NA,NA,NA,NA,NA,4.44,1
1863-04-28 14:00:00,NA,225,NA,NA,NA,NA,NA,7.22,1
1863-04-28 21:00:00,NA,0,NA,NA,NA,NA,NA,0,1
1863-04-29,NA,NA,NA,0.23,"10 am","3 pm",NA,NA,NA
1863-04-29 07:00:00,NA,0,NA,NA,NA,NA,NA,4.44,1
1863-04-29 14:00:00,1,315,"0",NA,NA,NA,NA,7.22,2
1863-04-29 21:00:00,NA,270,NA,NA,NA,NA,NA,-1.11,1
1863-04-30 07:00:00,NA,225,NA,NA,NA,NA,NA,7.78,1
1863-04-30 14:00:00,NA,225,NA,NA,NA,NA,NA,13.89,1
1863-04-30 21:00:00,NA,0,NA,NA,NA,NA,NA,0,1
1863-05-01 07:00:00,2,0,"180",NA,NA,NA,NA,0,2
1863-05-01 14:00:00,2,0,"180",NA,NA,NA,NA,4.44,2
1863-05-01 21:00:00,2,0,"180",NA,NA,NA,NA,-2.78,2
1863-05-02 07:00:00,2,0,"180",NA,NA,NA,NA,-5,1
1863-05-02 14:00:00,1,0,"180",NA,NA,NA,NA,0,1
1863-05-02 21:00:00,1,0,"180",NA,NA,NA,NA,-6.67,1
1863-05-03 07:00:00,1,0,"180",NA,NA,NA,NA,-1.11,1
1863-05-03 14:00:00,1,0,"180",NA,NA,NA,NA,0.56,1
1863-05-03 21:00:00,1,0,"180",NA,NA,NA,NA,-2.22,1
1863-05-04 07:00:00,2,0,"180",NA,NA,NA,NA,-3.89,1
1863-05-04 14:00:00,2,0,"180",NA,NA,NA,NA,-0.56,1
1863-05-04 21:00:00,2,0,"180",NA,NA,NA,NA,-5,1
1863-05-05 07:00:00,1,0,"180",NA,NA,NA,NA,-12.22,2
1863-05-05 14:00:00,1,0,"180",NA,NA,NA,NA,-1.11,2
1863-05-05 21:00:00,1,0,"180",NA,NA,NA,NA,-9.44,2
1863-05-06,NA,NA,NA,NA,NA,NA,NA,NA,NA
1863-05-06 07:00:00,1,0,"180",NA,NA,NA,NA,-11.11,2
1863-05-06 14:00:00,1,0,"180",NA,NA,NA,NA,-1.11,2
1863-05-06 21:00:00,1,0,"180",NA,NA,NA,NA,-12.22,1
1863-05-07 07:00:00,1,0,"180",NA,NA,NA,NA,-9.44,1
1863-05-07 14:00:00,1,270,"180",NA,NA,NA,NA,0.56,1
1863-05-07 21:00:00,1,180,"180",NA,NA,NA,NA,-7.78,1
1863-05-08 07:00:00,1,270,"180",NA,NA,NA,NA,-2.22,1
1863-05-08 14:00:00,1,225,"180",NA,NA,NA,NA,8.33,1
1863-05-08 21:00:00,1,270,"180",NA,NA,NA,NA,-6.67,1
1863-05-09 07:00:00,1,225,"180",NA,NA,NA,NA,6.11,1
1863-05-09 14:00:00,1,180,"180",NA,NA,NA,NA,7.78,1
1863-05-09 21:00:00,1,225,"180",NA,NA,NA,NA,-5.56,1
1863-05-10 07:00:00,NA,225,NA,NA,NA,NA,NA,6.67,1
1863-05-10 14:00:00,NA,180,NA,NA,NA,NA,NA,8.89,1
1863-05-10 21:00:00,NA,0,NA,NA,NA,NA,NA,-4.44,1
1863-05-11 07:00:00,NA,270,NA,NA,NA,NA,NA,7.22,1
1863-05-11 14:00:00,NA,0,NA,NA,NA,NA,NA,12.78,1
1863-05-11 21:00:00,NA,180,NA,NA,NA,NA,NA,0.56,1
1863-05-12 07:00:00,NA,180,NA,NA,NA,NA,NA,6.67,1
1863-05-12 14:00:00,NA,0,NA,NA,NA,NA,NA,12.22,1
1863-05-12 21:00:00,NA,270,NA,NA,NA,NA,NA,0.56,2
1863-05-13 07:00:00,NA,0,NA,NA,NA,NA,NA,1.67,1
1863-05-13 14:00:00,NA,0,NA,NA,NA,NA,NA,4.44,1
1863-05-13 21:00:00,NA,0,NA,NA,NA,NA,NA,-0.56,1
1863-05-14 07:00:00,NA,0,NA,NA,NA,NA,NA,-2.22,1
1863-05-14 14:00:00,NA,270,NA,NA,NA,NA,NA,3.89,1
1863-05-14 21:00:00,NA,0,NA,NA,NA,NA,NA,-2.78,1
1863-05-15,NA,NA,NA,NA,NA,NA,NA,NA,NA
1863-05-15 07:00:00,NA,0,NA,NA,NA,NA,NA,-3.89,2
1863-05-15 14:00:00,NA,0,NA,NA,NA,NA,NA,0.56,2
1863-05-15 21:00:00,NA,0,NA,NA,NA,NA,NA,-4.44,2
1863-05-16,NA,NA,NA,NA,NA,NA,NA,NA,NA
1863-05-16 07:00:00,NA,180,NA,NA,NA,NA,NA,7.22,1
1863-05-16 14:00:00,NA,270,NA,NA,NA,NA,NA,13.89,1
1863-05-16 21:00:00,NA,0,NA,NA,NA,NA,NA,-0.56,5
1863-05-17,NA,NA,NA,76.2,"2am","6am",NA,NA,NA
1863-05-17 07:00:00,2,270,"180",NA,NA,NA,NA,-0.56,2
1863-05-17 14:00:00,1,0,"180",NA,NA,NA,NA,1.67,2
1863-05-17 21:00:00,NA,0,"180",NA,NA,NA,NA,-1.67,1
1863-05-18,NA,NA,NA,NA,NA,NA,NA,NA,NA
1863-05-18 07:00:00,1,0,"180",NA,NA,NA,NA,-1.67,1
1863-05-18 14:00:00,1,180,"180",NA,NA,NA,NA,3.33,1
1863-05-18 21:00:00,1,0,"180",NA,NA,NA,NA,-2.78,2
1863-05-19,NA,NA,NA,0.23,"5am","6:30am",0,NA,NA
1863-05-19 07:00:00,1,180,"180",NA,NA,NA,NA,-2.22,2
1863-05-19 14:00:00,1,0,"180",NA,NA,NA,NA,4.44,1
1863-05-19 21:00:00,1,0,"180",NA,NA,NA,NA,-0.56,1
1863-05-20 07:00:00,1,0,"180",NA,NA,NA,NA,4.44,1
1863-05-20 14:00:00,NA,0,"180",NA,NA,NA,NA,7.22,1
1863-05-20 21:00:00,1,270,"180",NA,NA,NA,NA,1.11,1
1863-05-21 07:00:00,2,0,"180",NA,NA,NA,NA,0,5
1863-05-21 14:00:00,2,180,"180",NA,NA,NA,NA,1.67,5
1863-05-21 21:00:00,1,0,"180",NA,NA,NA,NA,-2.78,5
1863-05-22 07:00:00,NA,180,NA,NA,NA,NA,NA,1.11,2
1863-05-22 14:00:00,NA,0,NA,NA,NA,NA,NA,8.89,2
1863-05-22 21:00:00,NA,0,NA,NA,NA,NA,NA,-0.56,1
1863-05-23 07:00:00,NA,0,NA,NA,NA,NA,NA,7.22,1
1863-05-23 14:00:00,NA,270,NA,NA,NA,NA,NA,13.33,1
1863-05-23 21:00:00,NA,270,NA,NA,NA,NA,NA,4.44,1
1863-05-24,NA,NA,NA,NA,"8am","10am",NA,NA,NA
1863-05-24 07:00:00,NA,0,NA,NA,NA,NA,NA,-0.56,2
1863-05-24 14:00:00,NA,180,NA,NA,NA,NA,NA,4.44,1
1863-05-24 21:00:00,NA,0,NA,NA,NA,NA,NA,-1.11,1
1863-05-25 07:00:00,NA,270,NA,NA,NA,NA,NA,2.22,1
1863-05-25 14:00:00,NA,270,NA,NA,NA,NA,NA,7.78,1
1863-05-25 21:00:00,NA,0,NA,NA,NA,NA,NA,0,1
1863-05-26 07:00:00,NA,180,NA,NA,NA,NA,NA,9.44,1
1863-05-26 14:00:00,NA,0,NA,NA,NA,NA,NA,13.89,1
1863-05-26 21:00:00,NA,180,NA,NA,NA,NA,NA,10,1
1863-05-27,NA,NA,NA,0,"3pm","empty",NA,NA,NA
1863-05-27 07:00:00,NA,0,NA,NA,NA,NA,NA,11.67,1
1863-05-27 14:00:00,NA,270,NA,NA,NA,NA,NA,4.44,2
1863-05-27 21:00:00,NA,0,NA,NA,NA,NA,NA,1.11,5
1863-05-28,NA,NA,NA,NA,"empty","5am",NA,NA,NA
1863-05-28 07:00:00,NA,45,NA,NA,NA,NA,NA,-1.11,11
1863-05-28 14:00:00,NA,180,NA,NA,NA,NA,NA,1.67,11
1863-05-28 21:00:00,NA,0,NA,NA,NA,NA,NA,-2.22,11
1863-05-29 07:00:00,NA,180,NA,NA,NA,NA,NA,7.22,1
1863-05-29 14:00:00,NA,315,NA,NA,NA,NA,NA,13.33,1
1863-05-29 21:00:00,NA,270,NA,NA,NA,NA,NA,6.11,1
1863-05-30 07:00:00,NA,315,NA,NA,NA,NA,NA,12.78,1
1863-05-30 14:00:00,NA,315,NA,NA,NA,NA,NA,17.22,1
1863-05-30 21:00:00,NA,270,NA,NA,NA,NA,NA,12.22,1
1863-05-31,NA,NA,NA,0,"11pm","empty",NA,NA,NA
1863-05-31 07:00:00,NA,0,NA,NA,NA,NA,NA,12.22,1
1863-05-31 14:00:00,NA,0,NA,NA,NA,NA,NA,16.67,1
1863-05-31 21:00:00,NA,315,NA,NA,NA,NA,NA,12.22,1
1863-06-01,NA,NA,NA,25.4,"empty","3 am",0,NA,NA
1863-06-01 07:00:00,1,45,NA,NA,NA,NA,NA,6.67,1
1863-06-01 14:00:00,1,0,NA,NA,NA,NA,NA,12.22,1
1863-06-01 21:00:00,NA,0,NA,NA,NA,NA,NA,3.89,1
1863-06-02,NA,NA,NA,0,"empty","empty",0,NA,NA
1863-06-02 07:00:00,NA,0,NA,NA,NA,NA,NA,6.11,5
1863-06-02 14:00:00,NA,0,NA,NA,NA,NA,NA,7.22,11
1863-06-02 21:00:00,NA,0,NA,NA,NA,NA,NA,2.78,0
1863-06-03,NA,NA,NA,0,"empty","empty",0,NA,NA
1863-06-03 07:00:00,NA,0,NA,NA,NA,NA,NA,0.56,11
1863-06-03 14:00:00,NA,0,NA,NA,NA,NA,NA,4.44,11
1863-06-03 21:00:00,NA,0,NA,NA,NA,NA,NA,-0.56,0
1863-06-04,NA,NA,NA,0,"empty","empty",0,NA,NA
1863-06-04 07:00:00,NA,0,NA,NA,NA,NA,NA,-0.56,5
1863-06-04 14:00:00,NA,0,NA,NA,NA,NA,NA,7.22,2
1863-06-04 21:00:00,NA,90,NA,NA,NA,NA,NA,-1.11,0
1863-06-05,NA,NA,NA,0,"empty","empty",0,NA,NA
1863-06-05 07:00:00,NA,0,NA,NA,NA,NA,NA,0.56,1
1863-06-05 14:00:00,NA,0,NA,NA,NA,NA,NA,NA,1
1863-06-05 21:00:00,NA,45,NA,NA,NA,NA,NA,NA,0
1863-06-06,NA,NA,NA,0,"empty","empty",0,NA,NA
1863-06-06 07:00:00,NA,90,NA,NA,NA,NA,NA,NA,1
1863-06-06 14:00:00,NA,45,NA,NA,NA,NA,NA,NA,1
1863-06-06 21:00:00,NA,45,NA,NA,NA,NA,NA,NA,0
1863-06-07,NA,NA,NA,0,"empty","empty",0,NA,NA
1863-06-07 07:00:00,NA,135,NA,NA,NA,NA,NA,NA,1
1863-06-07 14:00:00,NA,135,NA,NA,NA,NA,NA,NA,1
1863-06-07 21:00:00,NA,135,NA,NA,NA,NA,NA,NA,0
1863-06-08,NA,NA,NA,0,"empty","empty",0,NA,NA
1863-06-08 07:00:00,NA,180,NA,NA,NA,NA,NA,NA,1
1863-06-08 14:00:00,NA,180,NA,NA,NA,NA,NA,NA,1
1863-06-08 21:00:00,NA,NA,NA,NA,NA,NA,NA,NA,0
1863-06-09,NA,NA,NA,0,"empty","empty",0,NA,NA
1863-06-09 07:00:00,NA,0,NA,NA,NA,NA,NA,NA,5
1863-06-09 14:00:00,NA,0,NA,NA,NA,NA,NA,NA,2
1863-06-09 21:00:00,NA,0,NA,NA,NA,NA,NA,NA,2
1863-06-10,NA,NA,NA,0,"empty","empty",0,NA,NA
1863-06-10 07:00:00,NA,0,NA,NA,NA,NA,NA,NA,2
1863-06-10 14:00:00,NA,0,NA,NA,NA,NA,NA,NA,2
1863-06-10 21:00:00,NA,0,NA,NA,NA,NA,NA,NA,1
1863-06-11,NA,NA,NA,0,"empty","empty",0,NA,NA
1863-06-11 07:00:00,NA,0,NA,NA,NA,NA,NA,12.78,5
1863-06-11 14:00:00,NA,0,NA,NA,NA,NA,NA,15.56,5
1863-06-11 21:00:00,NA,0,NA,NA,NA,NA,NA,11.67,2
1863-06-12,NA,NA,NA,0,"empty","empty",0,NA,NA
1863-06-12 07:00:00,NA,270,NA,NA,NA,NA,NA,18.89,1
1863-06-12 14:00:00,NA,NA,NA,NA,NA,NA,NA,20,0
1863-06-12 21:00:00,NA,NA,NA,NA,NA,NA,NA,13.33,0
1863-06-13,NA,NA,NA,0,"empty","empty",0,NA,NA
1863-06-13 07:00:00,NA,0,NA,NA,NA,NA,NA,12.78,1
1863-06-13 14:00:00,NA,0,NA,NA,NA,NA,NA,15,1
1863-06-13 21:00:00,NA,0,NA,NA,NA,NA,NA,4.44,1
1863-06-14,NA,NA,NA,0,"empty","empty",0,NA,NA
1863-06-14 07:00:00,NA,0,NA,NA,NA,NA,NA,12.78,1
1863-06-14 14:00:00,NA,0,NA,NA,NA,NA,NA,14.44,1
1863-06-14 21:00:00,NA,NA,NA,NA,NA,NA,NA,12.22,0
1863-06-15,NA,NA,NA,0,"empty","empty",0,NA,NA
1863-06-15 07:00:00,NA,90,NA,NA,NA,NA,NA,13.89,1
1863-06-15 14:00:00,NA,270,NA,NA,NA,NA,NA,20,5
1863-06-15 21:00:00,NA,0,NA,NA,NA,NA,NA,6.11,2
1863-06-16,NA,NA,NA,0.23,"4 am","7 am",NA,NA,NA
1863-06-16 07:00:00,NA,0,NA,NA,NA,NA,NA,7.22,2
1863-06-16 14:00:00,NA,0,NA,NA,NA,NA,NA,20.56,2
1863-06-16 21:00:00,NA,0,NA,NA,NA,NA,NA,17.22,1
1863-06-17,NA,NA,NA,0,"empty","empty",0,NA,NA
1863-06-17 07:00:00,NA,180,NA,NA,NA,NA,NA,18.33,1
1863-06-17 14:00:00,NA,180,NA,NA,NA,NA,NA,21.67,1
1863-06-17 21:00:00,NA,180,NA,NA,NA,NA,NA,18.33,1
1863-06-18,NA,NA,NA,0,"empty","empty",0,NA,NA
1863-06-18 07:00:00,NA,270,NA,NA,NA,NA,NA,20,1
1863-06-18 14:00:00,NA,270,NA,NA,NA,NA,NA,23.33,1
1863-06-18 21:00:00,NA,270,NA,NA,NA,NA,NA,18.89,1
1863-06-19,NA,NA,NA,0,"empty","empty",0,NA,NA
1863-06-19 07:00:00,NA,0,NA,NA,NA,NA,NA,20,2
1863-06-19 14:00:00,NA,0,NA,NA,NA,NA,NA,23.89,2
1863-06-19 21:00:00,NA,0,NA,NA,NA,NA,NA,23.33,2
1863-06-20,NA,NA,NA,0,"10 am","empty",0,NA,NA
1863-06-20 07:00:00,NA,0,NA,NA,NA,NA,NA,12.78,1
1863-06-20 14:00:00,NA,0,NA,NA,NA,NA,NA,2.78,2
1863-06-20 21:00:00,NA,0,NA,NA,NA,NA,NA,6.11,2
1863-06-21,NA,NA,NA,76.2,"empty","10 am",0,NA,NA
1863-06-21 07:00:00,NA,0,NA,NA,NA,NA,NA,12.78,1
1863-06-21 14:00:00,NA,0,NA,NA,NA,NA,NA,13.33,1
1863-06-21 21:00:00,NA,0,NA,NA,NA,NA,NA,4.44,1
1863-06-22,NA,NA,NA,0,"empty","empty",0,NA,NA
1863-06-22 07:00:00,NA,90,NA,NA,NA,NA,NA,13.89,1
1863-06-22 14:00:00,NA,90,NA,NA,NA,NA,NA,18.33,1
1863-06-22 21:00:00,NA,90,NA,NA,NA,NA,NA,12.78,1
1863-06-23,NA,NA,NA,0,"empty","empty",0,NA,NA
1863-06-23 07:00:00,NA,0,NA,NA,NA,NA,NA,12.78,5
1863-06-23 14:00:00,NA,0,NA,NA,NA,NA,NA,20,1
1863-06-23 21:00:00,NA,0,NA,NA,NA,NA,NA,11.67,1
1863-06-24,NA,NA,NA,0,"empty","empty",0,NA,NA
1863-06-24 07:00:00,NA,0,NA,NA,NA,NA,NA,13.33,1
1863-06-24 14:00:00,NA,0,NA,NA,NA,NA,NA,19.44,1
1863-06-24 21:00:00,NA,0,NA,NA,NA,NA,NA,12.22,1
1863-06-25,NA,NA,NA,0,"empty","empty",0,NA,NA
1863-06-25 07:00:00,NA,270,NA,NA,NA,NA,NA,16.11,1
1863-06-25 14:00:00,NA,270,NA,NA,NA,NA,NA,22.22,1
1863-06-25 21:00:00,NA,270,NA,NA,NA,NA,NA,10,1
1863-06-26,NA,NA,NA,0,"empty","empty",0,NA,NA
1863-06-26 07:00:00,NA,270,NA,NA,NA,NA,NA,8.89,20
1863-06-26 14:00:00,NA,270,NA,NA,NA,NA,NA,12.78,20
1863-06-26 21:00:00,NA,270,NA,NA,NA,NA,NA,6.11,1
1863-06-27,NA,NA,NA,0,"7 pm","empty",0,NA,NA
1863-06-27 07:00:00,NA,180,NA,NA,NA,NA,NA,17.78,1
1863-06-27 14:00:00,NA,180,NA,NA,NA,NA,NA,20.56,1
1863-06-27 21:00:00,NA,315,NA,NA,NA,NA,NA,5,1
1863-06-28,NA,NA,NA,101.6,"empty","2 pm",NA,NA,NA
1863-06-28 07:00:00,NA,315,NA,NA,NA,NA,NA,7.22,2
1863-06-28 14:00:00,NA,315,NA,NA,NA,NA,NA,17.22,5
1863-06-28 21:00:00,NA,315,NA,NA,NA,NA,NA,11.11,2
1863-06-29,NA,NA,NA,0,"empty","empty",0,NA,NA
1863-06-29 07:00:00,NA,90,NA,NA,NA,NA,NA,12.78,1
1863-06-29 14:00:00,NA,90,NA,NA,NA,NA,NA,20,1
1863-06-29 21:00:00,NA,0,NA,NA,NA,NA,NA,7.22,1
1863-06-30,NA,NA,NA,0,"empty","empty",0,NA,NA
1863-06-30 07:00:00,NA,90,NA,NA,NA,NA,NA,17.78,1
1863-06-30 14:00:00,NA,90,NA,NA,NA,NA,NA,22.78,1
1863-06-30 21:00:00,NA,NA,NA,NA,NA,NA,NA,14.44,0
1863-07-01 07:00:00,NA,270,NA,NA,NA,NA,NA,18.33,1
1863-07-01 14:00:00,1,0,"270",NA,NA,NA,NA,22.22,5
1863-07-01 21:00:00,1,0,"270",NA,NA,NA,NA,15.56,2
1863-07-02 07:00:00,NA,90,NA,NA,NA,NA,NA,15,1
1863-07-02 14:00:00,NA,90,NA,NA,NA,NA,NA,20,5
1863-07-02 21:00:00,3,0,"180",NA,NA,NA,NA,13.89,5
1863-07-03 07:00:00,NA,90,NA,NA,NA,NA,NA,16.67,1
1863-07-03 14:00:00,NA,180,NA,NA,NA,NA,NA,21.11,1
1863-07-03 21:00:00,NA,180,NA,NA,NA,NA,NA,17.78,1
1863-07-04 07:00:00,NA,0,NA,NA,NA,NA,NA,15,2
1863-07-04 14:00:00,NA,0,NA,NA,NA,NA,NA,16.67,2
1863-07-04 21:00:00,NA,0,NA,NA,NA,NA,NA,8.89,5
1863-07-05,NA,NA,NA,NA,"4 am",NA,NA,NA,NA
1863-07-05 07:00:00,NA,0,NA,NA,NA,NA,NA,5,11
1863-07-05 14:00:00,NA,0,NA,NA,NA,NA,NA,7.78,11
1863-07-05 21:00:00,NA,0,NA,NA,NA,NA,NA,3.33,11
1863-07-06,NA,NA,NA,NA,NA,NA,NA,NA,NA
1863-07-06 07:00:00,NA,0,NA,NA,NA,NA,NA,1.11,11
1863-07-06 14:00:00,NA,0,NA,NA,NA,NA,NA,2.78,11
1863-07-06 21:00:00,NA,0,NA,NA,NA,NA,NA,0.56,5
1863-07-07,NA,NA,NA,101.6,NA,"3 pm",NA,NA,NA
1863-07-07 07:00:00,NA,0,NA,NA,NA,NA,NA,1.67,5
1863-07-07 14:00:00,NA,90,NA,NA,NA,NA,NA,8.33,5
1863-07-07 21:00:00,NA,0,NA,NA,NA,NA,NA,4.44,1
1863-07-08 07:00:00,NA,90,NA,NA,NA,NA,NA,13.33,1
1863-07-08 14:00:00,NA,270,NA,NA,NA,NA,NA,20,1
1863-07-08 21:00:00,NA,90,NA,NA,NA,NA,NA,15.56,1
1863-07-09 07:00:00,NA,0,NA,NA,NA,NA,NA,6.11,5
1863-07-09 14:00:00,NA,0,NA,NA,NA,NA,NA,12.22,11
1863-07-09 21:00:00,NA,0,NA,NA,NA,NA,NA,3.33,5
1863-07-10 07:00:00,NA,0,NA,NA,NA,NA,NA,10.56,5
1863-07-10 14:00:00,NA,270,NA,NA,NA,NA,NA,18.33,11
1863-07-10 21:00:00,NA,0,NA,NA,NA,NA,NA,4.44,1
1863-07-11 07:00:00,NA,270,NA,NA,NA,NA,NA,12.78,1
1863-07-11 14:00:00,NA,90,NA,NA,NA,NA,NA,18.89,1
1863-07-11 21:00:00,NA,NA,NA,NA,NA,NA,NA,13.33,1
1863-07-12 07:00:00,NA,90,NA,NA,NA,NA,NA,18.89,1
1863-07-12 14:00:00,NA,180,NA,NA,NA,NA,NA,24.44,2
1863-07-12 21:00:00,NA,90,NA,NA,NA,NA,NA,17.22,1
1863-07-13 07:00:00,NA,90,NA,NA,NA,NA,NA,24.44,1
1863-07-13 14:00:00,NA,0,NA,NA,NA,NA,NA,28.89,1
1863-07-13 21:00:00,NA,180,NA,NA,NA,NA,NA,20.56,1
1863-07-14 07:00:00,NA,0,NA,NA,NA,NA,NA,20,5
1863-07-14 14:00:00,NA,0,NA,NA,NA,NA,NA,NA,2
1863-07-14 21:00:00,NA,0,NA,NA,NA,NA,NA,NA,2
1863-07-15 07:00:00,NA,0,NA,NA,NA,NA,NA,NA,1
1863-07-15 14:00:00,NA,135,NA,NA,NA,NA,NA,NA,2
1863-07-15 21:00:00,NA,0,NA,NA,NA,NA,NA,NA,2
1863-07-16 07:00:00,NA,135,NA,NA,NA,NA,NA,NA,1
1863-07-16 14:00:00,NA,135,NA,NA,NA,NA,NA,NA,2
1863-07-16 21:00:00,NA,135,NA,NA,NA,NA,NA,NA,1
1863-07-17 07:00:00,NA,135,NA,NA,NA,NA,NA,NA,2
1863-07-17 14:00:00,NA,270,NA,NA,NA,NA,NA,NA,1
1863-07-17 21:00:00,NA,135,NA,NA,NA,NA,NA,NA,1
1863-07-18,NA,NA,NA,NA,NA,NA,NA,NA,NA
1863-07-18 07:00:00,NA,135,NA,NA,NA,NA,NA,NA,1
1863-07-18 14:00:00,NA,270,NA,NA,NA,NA,NA,NA,1
1863-07-18 21:00:00,NA,90,NA,NA,NA,NA,NA,NA,1
1863-07-19 07:00:00,NA,270,NA,NA,NA,NA,NA,NA,1
1863-07-19 14:00:00,NA,270,NA,NA,NA,NA,NA,NA,1
1863-07-19 21:00:00,NA,270,NA,NA,NA,NA,NA,NA,1
1863-07-20,NA,NA,NA,NA,NA,NA,NA,NA,NA
1863-07-20 07:00:00,NA,270,NA,NA,NA,NA,NA,NA,1
1863-07-20 14:00:00,NA,90,NA,NA,NA,NA,NA,NA,1
1863-07-20 21:00:00,NA,90,NA,NA,NA,NA,NA,NA,1
1863-07-21 07:00:00,NA,90,NA,NA,NA,NA,NA,NA,1
1863-07-21 14:00:00,NA,270,NA,NA,NA,NA,NA,NA,1
1863-07-21 21:00:00,NA,0,NA,NA,NA,NA,NA,NA,1
1863-07-22 07:00:00,NA,90,NA,NA,NA,NA,NA,NA,1
1863-07-22 14:00:00,NA,0,NA,NA,NA,NA,NA,NA,1
1863-07-22 21:00:00,NA,90,NA,NA,NA,NA,NA,NA,1
1863-07-23 07:00:00,NA,0,NA,NA,NA,NA,NA,NA,1
1863-07-23 14:00:00,NA,90,NA,NA,NA,NA,NA,NA,1
1863-07-23 21:00:00,NA,90,NA,NA,NA,NA,NA,NA,1
1863-07-24 07:00:00,NA,90,NA,NA,NA,NA,NA,NA,1
1863-07-24 14:00:00,NA,90,NA,NA,NA,NA,NA,NA,1
1863-07-24 21:00:00,NA,0,NA,NA,NA,NA,NA,NA,1
1863-07-25 07:00:00,NA,90,NA,NA,NA,NA,NA,NA,1
1863-07-25 14:00:00,NA,90,NA,NA,NA,NA,NA,NA,1
1863-07-25 21:00:00,NA,90,NA,NA,NA,NA,NA,NA,1
1863-07-26 07:00:00,NA,90,NA,NA,NA,NA,NA,NA,1
1863-07-26 14:00:00,NA,0,NA,NA,NA,NA,NA,NA,1
1863-07-26 21:00:00,NA,90,NA,NA,NA,NA,NA,NA,2
1863-07-27 07:00:00,NA,270,NA,NA,NA,NA,NA,NA,1
1863-07-27 14:00:00,NA,90,NA,NA,NA,NA,NA,NA,1
1863-07-27 21:00:00,NA,270,NA,NA,NA,NA,NA,NA,1
1863-07-28 07:00:00,NA,90,NA,NA,NA,NA,NA,NA,5
1863-07-28 14:00:00,NA,225,NA,NA,NA,NA,NA,NA,2
1863-07-28 21:00:00,NA,90,NA,NA,NA,NA,NA,NA,1
1863-07-29 07:00:00,NA,90,NA,NA,NA,NA,NA,NA,1
1863-07-29 14:00:00,NA,90,NA,NA,NA,NA,NA,NA,1
1863-07-29 21:00:00,NA,90,NA,NA,NA,NA,NA,NA,1
1863-07-30 07:00:00,NA,90,NA,NA,NA,NA,NA,NA,20
1863-07-30 14:00:00,NA,90,NA,NA,NA,NA,NA,NA,16
1863-07-30 21:00:00,NA,90,NA,NA,NA,NA,NA,NA,16
1863-07-31 07:00:00,NA,90,NA,NA,NA,NA,NA,NA,16
1863-07-31 14:00:00,NA,90,NA,NA,NA,NA,NA,NA,16
1863-07-31 21:00:00,NA,90,NA,NA,NA,NA,NA,NA,11
1863-08-01 07:00:00,NA,90,NA,NA,NA,NA,NA,NA,11
1863-08-01 14:00:00,NA,90,NA,NA,NA,NA,NA,NA,5
1863-08-01 21:00:00,NA,90,NA,NA,NA,NA,NA,NA,5
1863-08-02,NA,NA,NA,NA,NA,NA,NA,NA,NA
1863-08-02 07:00:00,NA,90,NA,NA,NA,NA,NA,NA,5
1863-08-02 14:00:00,NA,90,NA,NA,NA,NA,NA,NA,2
1863-08-02 21:00:00,NA,90,NA,NA,NA,NA,NA,NA,2
1863-08-03,NA,NA,NA,NA,NA,NA,NA,NA,NA
1863-08-03 07:00:00,NA,90,NA,NA,NA,NA,NA,NA,5
1863-08-03 14:00:00,NA,90,NA,NA,NA,NA,NA,NA,2
1863-08-03 21:00:00,NA,90,NA,NA,NA,NA,NA,NA,5
1863-08-04 07:00:00,NA,90,NA,NA,NA,NA,NA,NA,2
1863-08-04 14:00:00,NA,90,NA,NA,NA,NA,NA,NA,2
1863-08-04 21:00:00,NA,90,NA,NA,NA,NA,NA,NA,2
1863-08-05 07:00:00,NA,90,NA,NA,NA,NA,NA,NA,2
1863-08-05 14:00:00,NA,90,NA,NA,NA,NA,NA,NA,1
1863-08-05 21:00:00,NA,270,NA,NA,NA,NA,NA,NA,1
1863-08-06,NA,NA,NA,NA,NA,NA,NA,NA,NA
1863-08-06 07:00:00,NA,270,NA,NA,NA,NA,NA,NA,2
1863-08-06 14:00:00,NA,270,NA,NA,NA,NA,NA,NA,2
1863-08-06 21:00:00,NA,90,NA,NA,NA,NA,NA,NA,1
1863-08-07 07:00:00,NA,90,NA,NA,NA,NA,NA,NA,1
1863-08-07 14:00:00,NA,90,NA,NA,NA,NA,NA,NA,1
1863-08-07 21:00:00,NA,270,NA,NA,NA,NA,NA,NA,11
1863-08-08 07:00:00,NA,0,NA,NA,NA,NA,NA,NA,11
1863-08-08 14:00:00,NA,0,NA,NA,NA,NA,NA,NA,11
1863-08-08 21:00:00,NA,0,NA,NA,NA,NA,NA,NA,11
1863-08-09 07:00:00,NA,0,NA,NA,NA,NA,NA,NA,11
1863-08-09 14:00:00,NA,0,NA,NA,NA,NA,NA,NA,5
1863-08-09 21:00:00,NA,0,NA,NA,NA,NA,NA,NA,5
1863-08-10 07:00:00,NA,0,NA,NA,NA,NA,NA,NA,5
1863-08-10 14:00:00,NA,0,NA,NA,NA,NA,NA,NA,5
1863-08-10 21:00:00,NA,0,NA,NA,NA,NA,NA,NA,2
1863-08-11 07:00:00,NA,0,NA,NA,NA,NA,NA,NA,2
1863-08-11 14:00:00,NA,0,NA,NA,NA,NA,NA,NA,1
1863-08-11 21:00:00,NA,0,NA,NA,NA,NA,NA,NA,5
1863-08-12 07:00:00,NA,45,NA,NA,NA,NA,NA,NA,1
1863-08-12 14:00:00,NA,45,NA,NA,NA,NA,NA,NA,2
1863-08-12 21:00:00,NA,0,NA,NA,NA,NA,NA,NA,5
1863-08-13,NA,NA,NA,NA,NA,NA,NA,NA,NA
1863-08-13 07:00:00,NA,90,NA,NA,NA,NA,NA,NA,1
1863-08-13 14:00:00,NA,90,NA,NA,NA,NA,NA,NA,1
1863-08-13 21:00:00,NA,90,NA,NA,NA,NA,NA,NA,1
1863-08-14 07:00:00,NA,90,NA,NA,NA,NA,NA,NA,1
1863-08-14 14:00:00,NA,90,NA,NA,NA,NA,NA,NA,1
1863-08-14 21:00:00,NA,90,NA,NA,NA,NA,NA,NA,1
1863-08-15 07:00:00,NA,135,NA,NA,NA,NA,NA,NA,1
1863-08-15 14:00:00,NA,135,NA,NA,NA,NA,NA,NA,1
1863-08-15 21:00:00,NA,135,NA,NA,NA,NA,NA,NA,1
1863-08-16 07:00:00,NA,135,NA,NA,NA,NA,NA,NA,5
1863-08-16 14:00:00,NA,135,NA,NA,NA,NA,NA,NA,2
1863-08-16 21:00:00,NA,135,NA,NA,NA,NA,NA,NA,2
1863-08-17 07:00:00,NA,135,NA,NA,NA,NA,NA,NA,1
1863-08-17 14:00:00,NA,135,NA,NA,NA,NA,NA,NA,1
1863-08-17 21:00:00,NA,135,NA,NA,NA,NA,NA,NA,1
1863-08-18,NA,NA,NA,NA,NA,NA,NA,NA,NA
1863-08-18 07:00:00,NA,135,NA,NA,NA,NA,NA,NA,1
1863-08-18 14:00:00,NA,135,NA,NA,NA,NA,NA,NA,1
1863-08-18 21:00:00,NA,135,NA,NA,NA,NA,NA,NA,1
1863-08-19 07:00:00,NA,135,NA,NA,NA,NA,NA,NA,1
1863-08-19 14:00:00,NA,135,NA,NA,NA,NA,NA,NA,1
1863-08-19 21:00:00,NA,135,NA,NA,NA,NA,NA,NA,1
1863-08-20 07:00:00,NA,90,NA,NA,NA,NA,NA,NA,1
1863-08-20 14:00:00,NA,270,NA,NA,NA,NA,NA,NA,1
1863-08-20 21:00:00,NA,270,NA,NA,NA,NA,NA,NA,2
1863-09-10 07:00:00,NA,315,NA,NA,NA,NA,NA,1.11,1
1863-09-10 14:00:00,NA,315,NA,NA,NA,NA,NA,1.67,11
1863-09-10 21:00:00,NA,315,NA,NA,NA,NA,NA,0.56,5
1863-09-11,NA,NA,NA,NA,NA,NA,NA,NA,NA
1863-09-11 07:00:00,NA,0,NA,NA,NA,NA,NA,-1.67,1
1863-09-11 14:00:00,NA,0,NA,NA,NA,NA,NA,7.22,2
1863-09-11 21:00:00,NA,0,NA,NA,NA,NA,NA,2.78,1
1863-09-12 07:00:00,NA,90,NA,NA,NA,NA,NA,2.22,1
1863-09-12 14:00:00,NA,90,NA,NA,NA,NA,NA,9.44,1
1863-09-12 21:00:00,NA,0,NA,NA,NA,NA,NA,3.33,1
1863-09-13 07:00:00,NA,0,NA,NA,NA,NA,NA,0.56,1
1863-09-13 14:00:00,NA,0,NA,NA,NA,NA,NA,2.22,1
1863-09-13 21:00:00,NA,0,NA,NA,NA,NA,NA,1.67,1
1863-09-14,NA,NA,NA,NA,NA,NA,NA,NA,NA
1863-09-14 07:00:00,NA,0,NA,NA,NA,NA,NA,0.56,1
1863-09-14 14:00:00,NA,0,NA,NA,NA,NA,NA,1.67,1
1863-09-14 21:00:00,NA,0,NA,NA,NA,NA,NA,1.67,1
1863-09-15,NA,NA,NA,50.8,"1 am","10 am",50.8,NA,NA
1863-09-15 07:00:00,NA,0,NA,NA,NA,NA,NA,0.56,1
1863-09-15 14:00:00,NA,0,NA,NA,NA,NA,NA,7.22,1
1863-09-15 21:00:00,NA,0,NA,NA,NA,NA,NA,1.11,1
1863-09-16 07:00:00,NA,0,NA,NA,NA,NA,NA,-1.11,1
1863-09-16 14:00:00,NA,0,NA,NA,NA,NA,NA,7.78,2
1863-09-16 21:00:00,NA,0,NA,NA,NA,NA,NA,2.78,1
1863-09-17,NA,NA,NA,NA,"11 pm",NA,NA,NA,NA
1863-09-17 07:00:00,NA,0,NA,NA,NA,NA,NA,-1.11,2
1863-09-17 14:00:00,NA,0,NA,NA,NA,NA,NA,0.56,2
1863-09-17 21:00:00,NA,0,NA,NA,NA,NA,NA,-1.67,2
1863-09-18,NA,NA,NA,76.2,NA,"10 am",NA,NA,NA
1863-09-18 07:00:00,NA,0,NA,NA,NA,NA,NA,-2.22,5
1863-09-18 14:00:00,NA,0,NA,NA,NA,NA,NA,0.56,5
1863-09-18 21:00:00,NA,0,NA,NA,NA,NA,NA,-4.44,2
1863-09-19 07:00:00,NA,0,NA,NA,NA,NA,NA,-4.44,1
1863-09-19 14:00:00,NA,0,NA,NA,NA,NA,NA,1.67,1
1863-09-19 21:00:00,NA,0,NA,NA,NA,NA,NA,-1.67,1
1863-09-20,NA,NA,NA,NA,NA,NA,NA,NA,NA
1863-09-20 07:00:00,NA,180,NA,NA,NA,NA,NA,-2.78,1
1863-09-20 14:00:00,NA,180,NA,NA,NA,NA,NA,4.44,1
1863-09-20 21:00:00,NA,180,NA,NA,NA,NA,NA,2.78,1
1863-09-21 07:00:00,NA,270,NA,NA,NA,NA,NA,-1.67,1
1863-09-21 14:00:00,NA,270,NA,NA,NA,NA,NA,2.22,1
1863-09-21 21:00:00,NA,NA,NA,NA,NA,NA,NA,0,0
1863-09-22 07:00:00,NA,0,NA,NA,NA,NA,NA,-1.11,1
1863-09-22 14:00:00,NA,0,NA,NA,NA,NA,NA,2.78,1
1863-09-22 21:00:00,NA,180,NA,NA,NA,NA,NA,-1.67,1
1863-09-23,NA,NA,NA,NA,"11 pm",NA,NA,NA,NA
1863-09-23 07:00:00,NA,0,NA,NA,NA,NA,NA,-2.22,2
1863-09-23 14:00:00,NA,0,NA,NA,NA,NA,NA,0,2
1863-09-23 21:00:00,NA,0,NA,NA,NA,NA,NA,-1.67,2
1863-09-24,NA,NA,NA,7.62,NA,"2 pm",76.2,NA,NA
1863-09-24 07:00:00,NA,0,NA,NA,NA,NA,NA,-3.89,11
1863-09-24 14:00:00,NA,0,NA,NA,NA,NA,NA,-3.89,11
1863-09-24 21:00:00,NA,0,NA,NA,NA,NA,NA,-5,2
1863-09-25,NA,NA,NA,NA,NA,NA,NA,NA,NA
1863-09-25 07:00:00,NA,0,NA,NA,NA,NA,NA,-15,2
1863-09-25 14:00:00,NA,0,NA,NA,NA,NA,NA,-12.22,2
1863-09-25 21:00:00,NA,0,NA,NA,NA,NA,NA,-13.89,2
1863-09-26,NA,NA,NA,NA,NA,NA,NA,NA,NA
1863-09-26 07:00:00,NA,0,NA,NA,NA,NA,NA,-12.22,1
1863-09-26 14:00:00,NA,0,NA,NA,NA,NA,NA,-9.44,1
1863-09-26 21:00:00,NA,0,NA,NA,NA,NA,NA,-11.11,1
1863-09-27 07:00:00,NA,0,NA,NA,NA,NA,NA,-6.67,2
1863-09-27 14:00:00,NA,0,NA,NA,NA,NA,NA,-1.11,1
1863-09-27 21:00:00,NA,0,NA,NA,NA,NA,NA,-2.22,1
1863-09-28 07:00:00,NA,0,NA,NA,NA,NA,NA,-5.56,1
1863-09-28 14:00:00,NA,0,NA,NA,NA,NA,NA,-0.56,1
1863-09-28 21:00:00,NA,0,NA,NA,NA,NA,NA,-2.78,1
1863-09-29 07:00:00,NA,0,NA,NA,NA,NA,NA,-3.89,1
1863-09-29 14:00:00,NA,180,NA,NA,NA,NA,NA,0.56,1
1863-09-29 21:00:00,NA,180,NA,NA,NA,NA,NA,-2.78,1
1863-09-30 07:00:00,NA,0,NA,NA,NA,NA,NA,-3.89,1
1863-09-30 14:00:00,NA,0,NA,NA,NA,NA,NA,-1.11,1
1863-09-30 21:00:00,NA,0,NA,NA,NA,NA,NA,-2.22,1
1863-10-01 07:00:00,NA,0,NA,NA,NA,NA,NA,-3.33,1
1863-10-01 14:00:00,NA,0,NA,NA,NA,NA,NA,-0.56,1
1863-10-01 21:00:00,NA,NA,NA,NA,NA,NA,NA,-2.22,NA
1863-10-02 07:00:00,NA,0,NA,NA,NA,NA,NA,-3.89,2
1863-10-02 14:00:00,NA,0,NA,NA,NA,NA,NA,-1.11,2
1863-10-02 21:00:00,NA,NA,NA,NA,NA,NA,NA,-2.78,NA
1863-10-03 07:00:00,NA,0,NA,NA,NA,NA,NA,-3.89,1
1863-10-03 14:00:00,NA,0,NA,NA,NA,NA,NA,-1.11,1
1863-10-03 21:00:00,NA,NA,NA,NA,NA,NA,NA,-2.78,NA
1863-10-04,NA,NA,NA,NA,"10 am",NA,NA,NA,NA
1863-10-04 07:00:00,NA,0,NA,NA,NA,NA,NA,-2.22,1
1863-10-04 14:00:00,NA,0,NA,NA,NA,NA,NA,0.56,1
1863-10-04 21:00:00,NA,NA,NA,NA,NA,NA,NA,-1.67,NA
1863-10-05,NA,NA,NA,5.08,NA,"4 am",50.8,NA,NA
1863-10-05 07:00:00,NA,0,NA,NA,NA,NA,NA,-1.67,1
1863-10-05 14:00:00,NA,0,NA,NA,NA,NA,NA,0,1
1863-10-05 21:00:00,NA,NA,NA,NA,NA,NA,NA,-2.22,NA
1863-10-06 07:00:00,NA,0,NA,NA,NA,NA,NA,-2.22,1
1863-10-06 14:00:00,NA,0,NA,NA,NA,NA,NA,-1.11,1
1863-10-06 21:00:00,NA,NA,NA,NA,NA,NA,NA,-2.22,NA
1863-10-07 07:00:00,NA,0,NA,NA,NA,NA,NA,-5.56,2
1863-10-07 14:00:00,NA,0,NA,NA,NA,NA,NA,-1.67,2
1863-10-07 21:00:00,NA,NA,NA,NA,NA,NA,NA,-3.89,NA
1863-10-08,NA,NA,NA,7.62,"6 am","11 pm",76.2,NA,NA
1863-10-08 07:00:00,NA,0,NA,NA,NA,NA,NA,-12.22,2
1863-10-08 14:00:00,NA,0,NA,NA,NA,NA,NA,-9.44,2
1863-10-08 21:00:00,NA,NA,NA,NA,NA,NA,NA,-11.11,NA
1863-10-09 07:00:00,NA,0,NA,NA,NA,NA,NA,-16.67,1
1863-10-09 14:00:00,NA,0,NA,NA,NA,NA,NA,-12.22,1
1863-10-09 21:00:00,NA,NA,NA,NA,NA,NA,NA,-13.89,NA
1863-10-10 07:00:00,NA,0,NA,NA,NA,NA,NA,-15,1
1863-10-10 14:00:00,NA,0,NA,NA,NA,NA,NA,-8.89,1
1863-10-10 21:00:00,NA,NA,NA,NA,NA,NA,NA,-10,NA
1863-10-11,NA,NA,NA,2.54,"11 pm","4 am",25.4,NA,NA
1863-10-11 07:00:00,NA,0,NA,NA,NA,NA,NA,-13.89,1
1863-10-11 14:00:00,NA,0,NA,NA,NA,NA,NA,-11.11,2
1863-10-11 21:00:00,NA,NA,NA,NA,NA,NA,NA,-13.89,NA
1863-10-12 07:00:00,NA,0,NA,NA,NA,NA,NA,-13.33,2
1863-10-12 14:00:00,NA,0,NA,NA,NA,NA,NA,-11.67,2
1863-10-12 21:00:00,NA,NA,NA,NA,NA,NA,NA,-14.44,NA
1863-10-13 07:00:00,NA,90,NA,NA,NA,NA,NA,-17.78,1
1863-10-13 14:00:00,NA,270,NA,NA,NA,NA,NA,-6.67,1
1863-10-13 21:00:00,NA,NA,NA,NA,NA,NA,NA,-8.33,NA
1863-10-14,NA,NA,NA,1.27,"5 pm","8 pm",12.7,NA,NA
1863-10-14 07:00:00,NA,270,NA,NA,NA,NA,NA,-15,2
1863-10-14 14:00:00,NA,270,NA,NA,NA,NA,NA,-12.22,2
1863-10-14 21:00:00,NA,NA,NA,NA,NA,NA,NA,-13.89,NA
1863-10-15 07:00:00,NA,0,NA,NA,NA,NA,NA,-15.56,2
1863-10-15 14:00:00,NA,0,NA,NA,NA,NA,NA,-9.44,2
1863-10-15 21:00:00,NA,NA,NA,NA,NA,NA,NA,-12.22,NA
1863-10-16,NA,NA,NA,NA,"6 pm",NA,NA,NA,NA
1863-10-16 07:00:00,NA,0,NA,NA,NA,NA,NA,-12.22,2
1863-10-16 14:00:00,NA,0,NA,NA,NA,NA,NA,-10,2
1863-10-16 21:00:00,NA,NA,NA,NA,NA,NA,NA,-11.11,NA
1863-10-17 07:00:00,NA,0,NA,NA,NA,NA,NA,-11.67,2
1863-10-17 14:00:00,NA,0,NA,NA,NA,NA,NA,-10,5
1863-10-17 21:00:00,NA,NA,NA,NA,NA,NA,NA,-12.22,NA
1863-10-18,NA,NA,NA,7.62,NA,"7 pm",76.2,NA,NA
1863-10-18 07:00:00,NA,0,NA,NA,NA,NA,NA,-10,1
1863-10-18 14:00:00,NA,0,NA,NA,NA,NA,NA,-7.78,1
1863-10-18 21:00:00,NA,NA,NA,NA,NA,NA,NA,-11.11,NA
1863-10-19,NA,NA,NA,NA,NA,NA,NA,NA,NA
1863-10-19 07:00:00,NA,180,NA,NA,NA,NA,NA,-11.11,1
1863-10-19 14:00:00,NA,180,NA,NA,NA,NA,NA,-6.67,1
1863-10-19 21:00:00,NA,NA,NA,NA,NA,NA,NA,-13.89,NA
1863-10-20 07:00:00,NA,135,NA,NA,NA,NA,NA,-15,1
1863-10-20 14:00:00,NA,135,NA,NA,NA,NA,NA,-11.11,1
1863-10-20 21:00:00,NA,NA,NA,NA,NA,NA,NA,-14.44,NA
1863-10-21,NA,NA,NA,NA,NA,NA,NA,NA,NA
1863-10-21 07:00:00,NA,135,NA,NA,NA,NA,NA,-22.78,1
1863-10-21 14:00:00,NA,135,NA,NA,NA,NA,NA,-15,1
1863-10-21 21:00:00,NA,NA,NA,NA,NA,NA,NA,-21.11,NA
1863-10-22 07:00:00,NA,135,NA,NA,NA,NA,NA,-23.33,2
1863-10-22 14:00:00,NA,135,NA,NA,NA,NA,NA,-15.56,1
1863-10-22 21:00:00,NA,NA,NA,NA,NA,NA,NA,-21.67,NA
1863-10-23 07:00:00,NA,135,NA,NA,NA,NA,NA,-22.78,2
1863-10-23 14:00:00,NA,135,NA,NA,NA,NA,NA,-14.44,2
1863-10-23 21:00:00,NA,NA,NA,NA,NA,NA,NA,-20,NA
1863-10-24,NA,NA,NA,NA,NA,NA,NA,NA,NA
1863-10-24 07:00:00,NA,180,NA,NA,NA,NA,NA,-12.22,1
1863-10-24 14:00:00,NA,180,NA,NA,NA,NA,NA,0,1
1863-10-24 21:00:00,NA,NA,NA,NA,NA,NA,NA,-6.67,NA
1863-10-25 07:00:00,NA,45,NA,NA,NA,NA,NA,-15,1
1863-10-25 14:00:00,NA,45,NA,NA,NA,NA,NA,-9.44,1
1863-10-25 21:00:00,NA,NA,NA,NA,NA,NA,NA,-12.22,NA
1863-10-26 07:00:00,NA,315,NA,NA,NA,NA,NA,-15,1
1863-10-26 14:00:00,NA,315,NA,NA,NA,NA,NA,-11.11,1
1863-10-26 21:00:00,NA,NA,NA,NA,NA,NA,NA,-15.56,NA
1863-10-27 07:00:00,NA,45,NA,NA,NA,NA,NA,-14.44,1
1863-10-27 14:00:00,NA,45,NA,NA,NA,NA,NA,-12.22,1
1863-10-27 21:00:00,NA,NA,NA,NA,NA,NA,NA,-16.11,NA
1863-10-28,NA,NA,NA,NA,"12 am",NA,NA,NA,NA
1863-10-28 07:00:00,NA,180,NA,NA,NA,NA,NA,-11.67,1
1863-10-28 14:00:00,NA,180,NA,NA,NA,NA,NA,-10,1
1863-10-28 21:00:00,NA,NA,NA,NA,NA,NA,NA,-13.33,NA
1863-10-29,NA,NA,NA,5.08,NA,"4 pm",50.8,NA,NA
1863-10-29 07:00:00,NA,0,NA,NA,NA,NA,NA,-13.89,2
1863-10-29 14:00:00,NA,0,NA,NA,NA,NA,NA,-11.11,1
1863-10-29 21:00:00,NA,NA,NA,NA,NA,NA,NA,-13.89,NA
1863-10-30 07:00:00,NA,0,NA,NA,NA,NA,NA,-11.67,1
1863-10-30 14:00:00,NA,0,NA,NA,NA,NA,NA,-10,1
1863-10-30 21:00:00,NA,NA,NA,NA,NA,NA,NA,-14.44,NA
1863-10-31 07:00:00,NA,45,NA,NA,NA,NA,NA,-18.89,1
1863-10-31 14:00:00,NA,45,NA,NA,NA,NA,NA,-14.44,1
1863-10-31 21:00:00,NA,NA,NA,NA,NA,NA,NA,-20,NA
1863-11-01 07:00:00,NA,135,NA,NA,NA,NA,NA,-18.89,1
1863-11-01 14:00:00,NA,135,NA,NA,NA,NA,NA,-15.56,1
1863-11-01 21:00:00,NA,135,NA,NA,NA,NA,NA,-16.67,1
1863-11-02,NA,NA,NA,NA,"8 am",NA,NA,NA,NA
1863-11-02 07:00:00,NA,315,NA,NA,NA,NA,NA,-17.78,2
1863-11-02 14:00:00,NA,315,NA,NA,NA,NA,NA,-16.11,2
1863-11-02 21:00:00,NA,315,NA,NA,NA,NA,NA,-16.11,2
1863-11-03,NA,NA,NA,NA,NA,"2 pm",NA,NA,NA
1863-11-03 07:00:00,NA,0,NA,NA,NA,NA,NA,-15.56,1
1863-11-03 14:00:00,NA,0,NA,NA,NA,NA,NA,-15.56,1
1863-11-03 21:00:00,NA,0,NA,NA,NA,NA,NA,-18.89,1
1863-11-04,NA,NA,NA,NA,NA,NA,NA,NA,NA
1863-11-04 07:00:00,NA,180,NA,NA,NA,NA,NA,-23.33,1
1863-11-04 14:00:00,NA,135,NA,NA,NA,NA,NA,-19.44,1
1863-11-04 21:00:00,NA,135,NA,NA,NA,NA,NA,-21.11,1
1863-11-05,NA,NA,NA,0.23,"7 am","9 am",0.23,NA,NA
1863-11-05 07:00:00,NA,0,NA,NA,NA,NA,NA,-26.11,1
1863-11-05 14:00:00,NA,0,NA,NA,NA,NA,NA,-23.33,1
1863-11-05 21:00:00,NA,180,NA,NA,NA,NA,NA,-25.56,1
1863-11-06,NA,NA,NA,NA,NA,NA,NA,NA,NA
1863-11-06 07:00:00,NA,90,NA,NA,NA,NA,NA,-31.67,1
1863-11-06 14:00:00,NA,90,NA,NA,NA,NA,NA,-23.33,1
1863-11-06 21:00:00,NA,90,NA,NA,NA,NA,NA,-26.11,1
1863-11-07,NA,NA,NA,NA,NA,NA,NA,NA,NA
1863-11-07 07:00:00,NA,90,NA,NA,NA,NA,NA,-28.89,1
1863-11-07 14:00:00,NA,90,NA,NA,NA,NA,NA,-26.11,1
1863-11-07 21:00:00,NA,90,NA,NA,NA,NA,NA,-28.33,1
1863-11-08 07:00:00,NA,90,NA,NA,NA,NA,NA,-29.44,2
1863-11-08 14:00:00,NA,90,NA,NA,NA,NA,NA,-28.89,2
1863-11-08 21:00:00,NA,90,NA,NA,NA,NA,NA,-30,2
1863-11-09 07:00:00,NA,90,NA,NA,NA,NA,NA,-32.78,1
1863-11-09 14:00:00,NA,90,NA,NA,NA,NA,NA,-28.89,1
1863-11-09 21:00:00,NA,90,NA,NA,NA,NA,NA,-28.89,1
1863-11-10 07:00:00,NA,90,NA,NA,NA,NA,NA,-30,1
1863-11-10 14:00:00,NA,90,NA,NA,NA,NA,NA,-23.33,1
1863-11-10 21:00:00,NA,90,NA,NA,NA,NA,NA,-24.44,1
1863-11-11 07:00:00,NA,90,NA,NA,NA,NA,NA,-23.33,1
1863-11-11 14:00:00,NA,90,NA,NA,NA,NA,NA,-22.22,1
1863-11-11 21:00:00,NA,90,NA,NA,NA,NA,NA,-25.56,1
1863-11-12 07:00:00,NA,90,NA,NA,NA,NA,NA,-22.22,1
1863-11-12 14:00:00,NA,90,NA,NA,NA,NA,NA,-21.11,1
1863-11-12 21:00:00,NA,90,NA,NA,NA,NA,NA,-21.67,1
1863-11-13 07:00:00,NA,90,NA,NA,NA,NA,NA,-23.33,1
1863-11-13 14:00:00,NA,90,NA,NA,NA,NA,NA,-21.67,1
1863-11-13 21:00:00,NA,90,NA,NA,NA,NA,NA,-20,1
1863-11-14 07:00:00,NA,NA,NA,NA,NA,NA,NA,-18.89,0
1863-11-14 14:00:00,NA,NA,NA,NA,NA,NA,NA,-17.78,0
1863-11-14 21:00:00,NA,NA,NA,NA,NA,NA,NA,-18.89,0
1863-11-15 07:00:00,NA,90,NA,NA,NA,NA,NA,-21.11,1
1863-11-15 14:00:00,NA,90,NA,NA,NA,NA,NA,-19.44,1
1863-11-15 21:00:00,NA,90,NA,NA,NA,NA,NA,-23.33,1
1863-11-16 07:00:00,NA,90,NA,NA,NA,NA,NA,-26.11,1
1863-11-16 14:00:00,NA,90,NA,NA,NA,NA,NA,-26.11,1
1863-11-16 21:00:00,NA,90,NA,NA,NA,NA,NA,-25.56,1
1863-11-17 07:00:00,NA,90,NA,NA,NA,NA,NA,-27.22,1
1863-11-17 14:00:00,NA,90,NA,NA,NA,NA,NA,-26.11,1
1863-11-17 21:00:00,NA,90,NA,NA,NA,NA,NA,-27.22,1
1863-11-18 07:00:00,NA,90,NA,NA,NA,NA,NA,-31.11,1
1863-11-18 14:00:00,NA,90,NA,NA,NA,NA,NA,-30.56,1
1863-11-18 21:00:00,NA,90,NA,NA,NA,NA,NA,-25.56,1
1863-11-19 07:00:00,NA,90,NA,NA,NA,NA,NA,-23.33,1
1863-11-19 14:00:00,NA,90,NA,NA,NA,NA,NA,-23.33,1
1863-11-19 21:00:00,NA,90,NA,NA,NA,NA,NA,-23.33,1
1863-11-20,NA,NA,NA,NA,NA,NA,NA,NA,NA
1863-11-20 07:00:00,NA,90,NA,NA,NA,NA,NA,-23.89,1
1863-11-20 14:00:00,NA,90,NA,NA,NA,NA,NA,-23.33,2
1863-11-20 21:00:00,NA,90,NA,NA,NA,NA,NA,-23.33,2
1863-11-21 07:00:00,NA,90,NA,NA,NA,NA,NA,-35.56,1
1863-11-21 14:00:00,NA,90,NA,NA,NA,NA,NA,-28.89,2
1863-11-21 21:00:00,NA,90,NA,NA,NA,NA,NA,-29.44,2
1863-11-22,NA,NA,NA,NA,NA,NA,NA,NA,NA
1863-11-22 07:00:00,NA,90,NA,NA,NA,NA,NA,-32.22,1
1863-11-22 14:00:00,NA,270,NA,NA,NA,NA,NA,-31.11,1
1863-11-22 21:00:00,NA,270,NA,NA,NA,NA,NA,-31.67,1
1863-11-23,NA,NA,NA,NA,NA,NA,NA,NA,NA
1863-11-23 07:00:00,NA,90,NA,NA,NA,NA,NA,-20,1
1863-11-23 14:00:00,NA,180,NA,NA,NA,NA,NA,-17.78,1
1863-11-23 21:00:00,NA,180,NA,NA,NA,NA,NA,-21.11,1
1863-11-24,NA,NA,NA,NA,"4 am","10 pm",NA,NA,NA
1863-11-24 07:00:00,NA,0,NA,NA,NA,NA,NA,-19.44,2
1863-11-24 14:00:00,NA,0,NA,NA,NA,NA,NA,-16.67,2
1863-11-24 21:00:00,NA,0,NA,NA,NA,NA,NA,-18.33,2
1863-11-25 07:00:00,NA,90,NA,NA,NA,NA,NA,-20,1
1863-11-25 14:00:00,NA,90,NA,NA,NA,NA,NA,-28.89,1
1863-11-25 21:00:00,NA,90,NA,NA,NA,NA,NA,-31.67,1
1863-11-26 07:00:00,NA,90,NA,NA,NA,NA,NA,-28.89,1
1863-11-26 14:00:00,NA,90,NA,NA,NA,NA,NA,-28.89,1
1863-11-26 21:00:00,NA,90,NA,NA,NA,NA,NA,-26.11,1
1863-11-27,NA,NA,NA,NA,"4 am",NA,NA,NA,NA
1863-11-27 07:00:00,NA,90,NA,NA,NA,NA,NA,-23.33,2
1863-11-27 14:00:00,NA,90,NA,NA,NA,NA,NA,-22.22,1
1863-11-27 21:00:00,NA,90,NA,NA,NA,NA,NA,-23.33,1
1863-11-28,NA,NA,NA,NA,NA,"3 pm",NA,NA,NA
1863-11-28 07:00:00,NA,270,NA,NA,NA,NA,NA,-25.56,1
1863-11-28 14:00:00,NA,90,NA,NA,NA,NA,NA,-24.44,2
1863-11-28 21:00:00,NA,90,NA,NA,NA,NA,NA,-26.11,2
1863-11-29 07:00:00,NA,90,NA,NA,NA,NA,NA,-28.89,1
1863-11-29 14:00:00,NA,270,NA,NA,NA,NA,NA,-24.44,1
1863-11-29 21:00:00,NA,270,NA,NA,NA,NA,NA,-35.56,1
1863-11-30,NA,NA,NA,NA,NA,NA,NA,NA,NA
1863-11-30 07:00:00,NA,90,NA,NA,NA,NA,NA,-44.44,1
1863-11-30 14:00:00,NA,90,NA,NA,NA,NA,NA,-43.89,1
1863-11-30 21:00:00,NA,90,NA,NA,NA,NA,NA,-44.44,1
1864-01-01,NA,NA,NA,NA,NA,NA,NA,NA,NA
1864-01-01 07:00:00,NA,90,NA,NA,NA,NA,NA,-41.67,2
1864-01-01 14:00:00,NA,135,NA,NA,NA,NA,NA,-40,2
1864-01-01 21:00:00,NA,135,NA,NA,NA,NA,NA,-42.22,2
1864-01-02,NA,NA,NA,NA,NA,NA,NA,NA,NA
1864-01-02 07:00:00,NA,90,NA,NA,NA,NA,NA,-32.22,1
1864-01-02 14:00:00,NA,135,NA,NA,NA,NA,NA,-26.67,1
1864-01-02 21:00:00,NA,135,NA,NA,NA,NA,NA,-31.11,1
1864-01-03,NA,NA,NA,NA,NA,NA,NA,NA,NA
1864-01-03 07:00:00,NA,90,NA,NA,NA,NA,NA,-31.11,1
1864-01-03 14:00:00,NA,135,NA,NA,NA,NA,NA,-27.22,1
1864-01-03 21:00:00,NA,135,NA,NA,NA,NA,NA,-30.56,1
1864-01-04,NA,NA,NA,NA,NA,NA,NA,NA,NA
1864-01-04 07:00:00,NA,90,NA,NA,NA,NA,NA,-32.22,1
1864-01-04 14:00:00,NA,90,NA,NA,NA,NA,NA,-26.67,1
1864-01-04 21:00:00,NA,90,NA,NA,NA,NA,NA,-31.11,1
1864-01-05,NA,NA,NA,NA,NA,NA,NA,NA,NA
1864-01-05 07:00:00,NA,90,NA,NA,NA,NA,NA,-32.22,1
1864-01-05 14:00:00,NA,90,NA,NA,NA,NA,NA,-26.67,1
1864-01-05 21:00:00,NA,135,NA,NA,NA,NA,NA,-28.89,2
1864-01-06,NA,NA,NA,NA,NA,NA,NA,NA,NA
1864-01-06 07:00:00,NA,90,NA,NA,NA,NA,NA,-30.56,2
1864-01-06 14:00:00,NA,90,NA,NA,NA,NA,NA,-28.89,2
1864-01-06 21:00:00,NA,90,NA,NA,NA,NA,NA,-30,1
1864-01-07,NA,NA,NA,NA,NA,NA,NA,NA,NA
1864-01-07 07:00:00,NA,90,NA,NA,NA,NA,NA,-26.67,1
1864-01-07 14:00:00,NA,90,NA,NA,NA,NA,NA,-25,1
1864-01-07 21:00:00,NA,90,NA,NA,NA,NA,NA,-26.67,1
1864-01-08,NA,NA,NA,NA,NA,NA,NA,NA,NA
1864-01-08 07:00:00,NA,90,NA,NA,NA,NA,NA,-23.33,1
1864-01-08 14:00:00,NA,90,NA,NA,NA,NA,NA,-22.22,1
1864-01-08 21:00:00,NA,90,NA,NA,NA,NA,NA,-24.44,1
1864-01-09,NA,NA,NA,NA,"4 am",NA,NA,NA,NA
1864-01-09 07:00:00,NA,315,NA,NA,NA,NA,NA,-22.78,2
1864-01-09 14:00:00,NA,315,NA,NA,NA,NA,NA,-22.78,1
1864-01-09 21:00:00,NA,315,NA,NA,NA,NA,NA,-22.78,2
1864-01-10,NA,NA,NA,2.54,NA,"3 pm",25.4,NA,NA
1864-01-10 07:00:00,NA,315,NA,NA,NA,NA,NA,-28.33,2
1864-01-10 14:00:00,NA,315,NA,NA,NA,NA,NA,-27.78,2
1864-01-10 21:00:00,NA,315,NA,NA,NA,NA,NA,-28.89,2
1864-01-11,NA,NA,NA,NA,NA,NA,NA,NA,NA
1864-01-11 07:00:00,NA,315,NA,NA,NA,NA,NA,-36.67,1
1864-01-11 14:00:00,NA,315,NA,NA,NA,NA,NA,-38.89,1
1864-01-11 21:00:00,NA,90,NA,NA,NA,NA,NA,-42.22,1
1864-01-12,NA,NA,NA,NA,NA,NA,NA,NA,NA
1864-01-12 07:00:00,NA,90,NA,NA,NA,NA,NA,-42.78,1
1864-01-12 14:00:00,NA,90,NA,NA,NA,NA,NA,-41.67,1
1864-01-12 21:00:00,NA,90,NA,NA,NA,NA,NA,-42.22,1
1864-01-13,NA,NA,NA,NA,NA,NA,NA,NA,NA
1864-01-13 07:00:00,NA,90,NA,NA,NA,NA,NA,-37.78,1
1864-01-13 14:00:00,NA,90,NA,NA,NA,NA,NA,-37.22,1
1864-01-13 21:00:00,NA,90,NA,NA,NA,NA,NA,-39.44,1
1864-01-14 07:00:00,NA,90,NA,NA,NA,NA,NA,-40,1
1864-01-14 14:00:00,NA,90,NA,NA,NA,NA,NA,-40,1
1864-01-14 21:00:00,NA,0,NA,NA,NA,NA,NA,-40,1
1864-01-15,NA,NA,NA,NA,NA,NA,NA,NA,NA
1864-01-15 07:00:00,NA,90,NA,NA,NA,NA,NA,-37.22,1
1864-01-15 14:00:00,NA,90,NA,NA,NA,NA,NA,-36.67,1
1864-01-15 21:00:00,NA,90,NA,NA,NA,NA,NA,-37.22,1
1864-01-16,NA,NA,NA,NA,NA,NA,NA,NA,NA
1864-01-16 07:00:00,NA,90,NA,NA,NA,NA,NA,-37.22,1
1864-01-16 14:00:00,NA,90,NA,NA,NA,NA,NA,-35.56,1
1864-01-16 21:00:00,NA,45,NA,NA,NA,NA,NA,-36.11,1
1864-01-17 07:00:00,NA,90,NA,NA,NA,NA,NA,-37.22,1
1864-01-17 14:00:00,NA,90,NA,NA,NA,NA,NA,-40,1
1864-01-17 21:00:00,NA,270,NA,NA,NA,NA,NA,-43.89,1
1864-01-18 07:00:00,NA,90,NA,NA,NA,NA,NA,-47.78,1
1864-01-18 14:00:00,NA,270,NA,NA,NA,NA,NA,-36.11,1
1864-01-18 21:00:00,NA,315,NA,NA,NA,NA,NA,-42.78,2
1864-01-19,NA,NA,NA,NA,"4 am",NA,NA,NA,NA
1864-01-19 07:00:00,NA,270,NA,NA,NA,NA,NA,-37.22,2
1864-01-19 14:00:00,NA,0,NA,NA,NA,NA,NA,-34.44,1
1864-01-19 21:00:00,NA,0,NA,NA,NA,NA,NA,-37.22,2
1864-01-20,NA,NA,NA,2.54,NA,"2 pm",25.4,NA,NA
1864-01-20 07:00:00,NA,0,NA,NA,NA,NA,NA,-32.22,2
1864-01-20 14:00:00,NA,0,NA,NA,NA,NA,NA,-31.67,1
1864-01-20 21:00:00,NA,0,NA,NA,NA,NA,NA,-32.22,1
1864-01-21,NA,NA,NA,NA,NA,NA,NA,NA,NA
1864-01-21 07:00:00,NA,0,NA,NA,NA,NA,NA,-32.78,1
1864-01-21 14:00:00,NA,0,NA,NA,NA,NA,NA,-32.22,1
1864-01-21 21:00:00,NA,0,NA,NA,NA,NA,NA,-32.78,1
1864-01-22 07:00:00,NA,180,NA,NA,NA,NA,NA,-35.56,1
1864-01-22 14:00:00,NA,90,NA,NA,NA,NA,NA,-35.56,1
1864-01-22 21:00:00,NA,90,NA,NA,NA,NA,NA,-36.67,1
1864-01-23,NA,NA,NA,NA,NA,NA,NA,NA,NA
1864-01-23 07:00:00,NA,0,NA,NA,NA,NA,NA,-37.22,1
1864-01-23 14:00:00,NA,0,NA,NA,NA,NA,NA,-36.67,1
1864-01-23 21:00:00,NA,0,NA,NA,NA,NA,NA,-37.22,1
1864-01-24 07:00:00,NA,90,NA,NA,NA,NA,NA,-37.22,1
1864-01-24 14:00:00,NA,90,NA,NA,NA,NA,NA,-37.22,2
1864-01-24 21:00:00,NA,90,NA,NA,NA,NA,NA,-40,1
1864-01-25,NA,NA,NA,NA,"6 am",NA,NA,NA,NA
1864-01-25 07:00:00,NA,0,NA,NA,NA,NA,NA,-37.78,2
1864-01-25 14:00:00,NA,0,NA,NA,NA,NA,NA,-33.33,2
1864-01-25 21:00:00,NA,0,NA,NA,NA,NA,NA,-34.44,2
1864-01-26,NA,NA,NA,2.54,"empty","3 pm",25.4,NA,NA
1864-01-26 07:00:00,NA,0,NA,NA,NA,NA,NA,-33.33,1
1864-01-26 14:00:00,NA,0,NA,NA,NA,NA,NA,-32.78,1
1864-01-26 21:00:00,NA,0,NA,NA,NA,NA,NA,-34.44,2
1864-01-27,NA,NA,NA,NA,NA,NA,NA,NA,NA
1864-01-27 07:00:00,NA,0,NA,NA,NA,NA,NA,-39.44,1
1864-01-27 14:00:00,NA,90,NA,NA,NA,NA,NA,-38.89,1
1864-01-27 21:00:00,NA,NA,NA,NA,NA,NA,NA,-38.89,0
1864-01-28,NA,NA,NA,NA,NA,NA,NA,NA,NA
1864-01-28 07:00:00,NA,90,NA,NA,NA,NA,NA,-36.67,1
1864-01-28 14:00:00,NA,90,NA,NA,NA,NA,NA,-32.78,1
1864-01-28 21:00:00,NA,135,NA,NA,NA,NA,NA,-35,1
1864-01-29 07:00:00,NA,90,NA,NA,NA,NA,NA,-37.22,1
1864-01-29 14:00:00,NA,90,NA,NA,NA,NA,NA,-37.22,1
1864-01-29 21:00:00,NA,0,NA,NA,NA,NA,NA,-37.78,2
1864-01-30,NA,NA,NA,NA,NA,NA,NA,NA,NA
1864-01-30 07:00:00,NA,90,NA,NA,NA,NA,NA,-40,1
1864-01-30 14:00:00,NA,90,NA,NA,NA,NA,NA,-38.33,1
1864-01-30 21:00:00,NA,90,NA,NA,NA,NA,NA,-39.44,1
1864-01-31,NA,NA,NA,NA,NA,NA,NA,NA,NA
1864-01-31 07:00:00,NA,90,NA,NA,NA,NA,NA,-40,1
1864-01-31 14:00:00,NA,90,NA,NA,NA,NA,NA,-36.67,1
1864-01-31 21:00:00,NA,90,NA,NA,NA,NA,NA,-40,2
1864-02-01,NA,NA,NA,0,"empty","empty",0,NA,NA
1864-02-01 07:00:00,NA,90,NA,NA,NA,NA,NA,-37.22,1
1864-02-01 14:00:00,NA,90,NA,NA,NA,NA,NA,-36.11,1
1864-02-01 21:00:00,NA,90,NA,NA,NA,NA,NA,-36.67,2
1864-02-02,NA,NA,NA,0,"empty","empty",0,NA,NA
1864-02-02 07:00:00,NA,90,NA,NA,NA,NA,NA,-34.44,2
1864-02-02 14:00:00,NA,90,NA,NA,NA,NA,NA,-31.11,2
1864-02-02 21:00:00,NA,0,NA,NA,NA,NA,NA,-33.89,1
1864-02-03,NA,NA,NA,0,"empty","empty",0,NA,NA
1864-02-03 07:00:00,NA,90,NA,NA,NA,NA,NA,-36.11,2
1864-02-03 14:00:00,NA,90,NA,NA,NA,NA,NA,-30,2
1864-02-03 21:00:00,NA,90,NA,NA,NA,NA,NA,-37.22,2
1864-02-04,NA,NA,NA,0,"empty","empty",0,NA,NA
1864-02-04 07:00:00,NA,90,NA,NA,NA,NA,NA,-31.67,1
1864-02-04 14:00:00,NA,90,NA,NA,NA,NA,NA,-26.11,1
1864-02-04 21:00:00,NA,90,NA,NA,NA,NA,NA,-28.89,2
1864-02-05,NA,NA,NA,0,"empty","empty",0,NA,NA
1864-02-05 07:00:00,NA,270,NA,NA,NA,NA,NA,-26.11,2
1864-02-05 14:00:00,NA,270,NA,NA,NA,NA,NA,-24.44,1
1864-02-05 21:00:00,NA,270,NA,NA,NA,NA,NA,-27.22,1
1864-02-06,NA,NA,NA,0,"empty","empty",0,NA,NA
1864-02-06 07:00:00,NA,90,NA,NA,NA,NA,NA,-23.33,2
1864-02-06 14:00:00,NA,180,NA,NA,NA,NA,NA,-26.11,16
1864-02-06 21:00:00,NA,90,NA,NA,NA,NA,NA,-22.22,2
1864-02-07,NA,NA,NA,0,"empty","empty",0,NA,NA
1864-02-07 07:00:00,NA,135,NA,NA,NA,NA,NA,-23.33,2
1864-02-07 14:00:00,NA,135,NA,NA,NA,NA,NA,-18.89,2
1864-02-07 21:00:00,NA,135,NA,NA,NA,NA,NA,-24.44,2
1864-02-08,NA,NA,NA,0,"empty","empty",0,NA,NA
1864-02-08 07:00:00,NA,270,NA,NA,NA,NA,NA,-17.78,2
1864-02-08 14:00:00,NA,270,NA,NA,NA,NA,NA,-17.78,5
1864-02-08 21:00:00,NA,270,NA,NA,NA,NA,NA,-23.33,1
1864-02-09,NA,NA,NA,0,"empty","empty",0,NA,NA
1864-02-09 07:00:00,NA,90,NA,NA,NA,NA,NA,-23.33,1
1864-02-09 14:00:00,NA,90,NA,NA,NA,NA,NA,-20.56,1
1864-02-09 21:00:00,NA,315,NA,NA,NA,NA,NA,-23.33,2
1864-02-10,NA,NA,NA,0,"10 am","empty",0,NA,NA
1864-02-10 07:00:00,NA,315,NA,NA,NA,NA,NA,-23.33,2
1864-02-10 14:00:00,NA,315,NA,NA,NA,NA,NA,-23.89,5
1864-02-10 21:00:00,NA,315,NA,NA,NA,NA,NA,-24.44,5
1864-02-11,NA,NA,NA,0,"empty","empty",0,NA,NA
1864-02-11 07:00:00,NA,315,NA,NA,NA,NA,NA,-26.11,5
1864-02-11 14:00:00,NA,315,NA,NA,NA,NA,NA,-28.89,5
1864-02-11 21:00:00,NA,315,NA,NA,NA,NA,NA,-31.11,5
1864-02-12,NA,NA,NA,0,"empty","6 am",76.2,NA,NA
1864-02-12 07:00:00,NA,135,NA,NA,NA,NA,NA,-31.67,1
1864-02-12 14:00:00,NA,315,NA,NA,NA,NA,NA,-28.89,1
1864-02-12 21:00:00,NA,NA,NA,NA,NA,NA,NA,-36.11,0
1864-02-13,NA,NA,NA,0,"empty","empty",0,NA,NA
1864-02-13 07:00:00,NA,135,NA,NA,NA,NA,NA,-28.89,1
1864-02-13 14:00:00,NA,270,NA,NA,NA,NA,NA,-25.56,1
1864-02-13 21:00:00,NA,0,NA,NA,NA,NA,NA,-26.11,2
1864-02-14,NA,NA,NA,0,"empty","empty",0,NA,NA
1864-02-14 07:00:00,NA,135,NA,NA,NA,NA,NA,-32.78,1
1864-02-14 14:00:00,NA,135,NA,NA,NA,NA,NA,-25.56,1
1864-02-14 21:00:00,NA,45,NA,NA,NA,NA,NA,-35.56,1
1864-02-15,NA,NA,NA,0,"empty","empty",0,NA,NA
1864-02-15 07:00:00,NA,135,NA,NA,NA,NA,NA,-28.89,1
1864-02-15 14:00:00,NA,135,NA,NA,NA,NA,NA,-23.89,1
1864-02-15 21:00:00,NA,135,NA,NA,NA,NA,NA,-31.67,1
1864-02-16,NA,NA,NA,0,"empty","empty",0,NA,NA
1864-02-16 07:00:00,NA,90,NA,NA,NA,NA,NA,-34.44,2
1864-02-16 14:00:00,NA,90,NA,NA,NA,NA,NA,-23.89,2
1864-02-16 21:00:00,NA,90,NA,NA,NA,NA,NA,-32.78,2
1864-02-17,NA,NA,NA,0,"empty","empty",0,NA,NA
1864-02-17 07:00:00,NA,90,NA,NA,NA,NA,NA,-32.78,1
1864-02-17 14:00:00,NA,90,NA,NA,NA,NA,NA,-28.89,1
1864-02-17 21:00:00,NA,45,NA,NA,NA,NA,NA,-33.89,1
1864-02-18,NA,NA,NA,0,"empty","empty",0,NA,NA
1864-02-18 07:00:00,NA,90,NA,NA,NA,NA,NA,-37.78,1
1864-02-18 14:00:00,NA,90,NA,NA,NA,NA,NA,-28.89,1
1864-02-18 21:00:00,NA,90,NA,NA,NA,NA,NA,-37.78,1
1864-02-19,NA,NA,NA,0,"empty","empty",NA,NA,NA
1864-02-19 07:00:00,NA,90,NA,NA,NA,NA,NA,-41.67,1
1864-02-19 14:00:00,NA,90,NA,NA,NA,NA,NA,-31.11,1
1864-02-19 21:00:00,NA,90,NA,NA,NA,NA,NA,-38.33,1
1864-02-20,NA,NA,NA,0,"empty","empty",0,NA,NA
1864-02-20 07:00:00,NA,90,NA,NA,NA,NA,NA,-36.11,1
1864-02-20 14:00:00,NA,90,NA,NA,NA,NA,NA,-31.67,1
1864-02-20 21:00:00,NA,0,NA,NA,NA,NA,NA,-31.11,2
1864-02-21,NA,NA,NA,0,"4 am","7 am",NA,NA,NA
1864-02-21 07:00:00,NA,0,NA,NA,NA,NA,NA,-31.67,5
1864-02-21 14:00:00,NA,0,NA,NA,NA,NA,NA,-28.33,1
1864-02-21 21:00:00,NA,90,NA,NA,NA,NA,NA,-32.22,1
1864-02-22,NA,NA,NA,0,"empty","empty",0,NA,NA
1864-02-22 07:00:00,NA,90,NA,NA,NA,NA,NA,-36.11,2
1864-02-22 14:00:00,NA,90,NA,NA,NA,NA,NA,-28.89,2
1864-02-22 21:00:00,NA,90,NA,NA,NA,NA,NA,-32.78,2
1864-02-23,NA,NA,NA,0,"empty","empty",0,NA,NA
1864-02-23 07:00:00,NA,90,NA,NA,NA,NA,NA,-31.67,5
1864-02-23 14:00:00,NA,90,NA,NA,NA,NA,NA,-25.56,5
1864-02-23 21:00:00,NA,90,NA,NA,NA,NA,NA,-31.11,5
1864-02-24,NA,NA,NA,0,"empty","empty",0,NA,NA
1864-02-24 07:00:00,NA,90,NA,NA,NA,NA,NA,-31.67,2
1864-02-24 14:00:00,NA,90,NA,NA,NA,NA,NA,-23.33,2
1864-02-24 21:00:00,NA,90,NA,NA,NA,NA,NA,-30.56,1
1864-02-25,NA,NA,NA,0,"empty","empty",0,NA,NA
1864-02-25 07:00:00,NA,90,NA,NA,NA,NA,NA,-36.11,2
1864-02-25 14:00:00,NA,90,NA,NA,NA,NA,NA,-31.67,2
1864-02-25 21:00:00,NA,0,NA,NA,NA,NA,NA,-40,2
1864-02-26,NA,NA,NA,0,"empty","empty",0,NA,NA
1864-02-26 07:00:00,NA,90,NA,NA,NA,NA,NA,-43.89,2
1864-02-26 14:00:00,NA,90,NA,NA,NA,NA,NA,-37.22,2
1864-02-26 21:00:00,NA,90,NA,NA,NA,NA,NA,-37.78,2
1864-02-27,NA,NA,NA,0,"empty","empty",0,NA,NA
1864-02-27 07:00:00,NA,90,NA,NA,NA,NA,NA,-31.67,5
1864-02-27 14:00:00,NA,90,NA,NA,NA,NA,NA,-25.56,1
1864-02-27 21:00:00,NA,90,NA,NA,NA,NA,NA,-28.89,1
1864-02-28,NA,NA,NA,0,"empty","empty",0,NA,NA
1864-02-28 07:00:00,NA,0,NA,NA,NA,NA,NA,-31.67,5
1864-02-28 14:00:00,NA,0,NA,NA,NA,NA,NA,-28.89,2
1864-02-28 21:00:00,NA,0,NA,NA,NA,NA,NA,-31.11,1
1864-02-29,NA,NA,NA,0,"empty","empty",0,NA,NA
1864-02-29 07:00:00,NA,90,NA,NA,NA,NA,NA,-40,1
1864-02-29 14:00:00,NA,90,NA,NA,NA,NA,NA,-26.11,1
1864-02-29 21:00:00,NA,90,NA,NA,NA,NA,NA,-36.67,1
1864-03-01,NA,NA,NA,NA,NA,NA,NA,NA,NA
1864-03-01 07:00:00,NA,90,NA,NA,NA,NA,NA,-41.67,1
1864-03-01 14:00:00,NA,90,NA,NA,NA,NA,NA,-31.67,1
1864-03-01 21:00:00,NA,90,NA,NA,NA,NA,NA,-40,1
1864-03-02 07:00:00,NA,90,NA,NA,NA,NA,NA,-44.44,1
1864-03-02 14:00:00,NA,90,NA,NA,NA,NA,NA,-26.11,1
1864-03-02 21:00:00,NA,90,NA,NA,NA,NA,NA,-36.11,1
1864-03-03,NA,NA,NA,NA,NA,NA,NA,NA,NA
1864-03-03 07:00:00,NA,90,NA,NA,NA,NA,NA,-40.56,1
1864-03-03 14:00:00,NA,90,NA,NA,NA,NA,NA,-26.11,1
1864-03-03 21:00:00,NA,90,NA,NA,NA,NA,NA,-34.44,1
1864-03-04 07:00:00,NA,0,NA,NA,NA,NA,NA,-41.11,5
1864-03-04 14:00:00,NA,0,NA,NA,NA,NA,NA,-31.67,5
1864-03-04 21:00:00,NA,0,NA,NA,NA,NA,NA,-37.22,5
1864-03-05 07:00:00,NA,0,NA,NA,NA,NA,NA,-38.89,5
1864-03-05 14:00:00,NA,0,NA,NA,NA,NA,NA,-31.67,5
1864-03-05 21:00:00,NA,0,NA,NA,NA,NA,NA,-37.22,2
1864-03-06,NA,NA,NA,NA,NA,NA,NA,NA,NA
1864-03-06 07:00:00,NA,90,NA,NA,NA,NA,NA,-34.44,1
1864-03-06 14:00:00,NA,0,NA,NA,NA,NA,NA,-38.33,1
1864-03-06 21:00:00,NA,0,NA,NA,NA,NA,NA,-44.44,1
1864-03-07,NA,NA,NA,NA,NA,NA,NA,NA,NA
1864-03-07 07:00:00,NA,90,NA,NA,NA,NA,NA,-47.22,1
1864-03-07 14:00:00,NA,270,NA,NA,NA,NA,NA,-37.22,1
1864-03-07 21:00:00,NA,270,NA,NA,NA,NA,NA,-42.78,1
1864-03-08,NA,NA,NA,NA,"5 am",NA,NA,NA,NA
1864-03-08 07:00:00,NA,270,NA,NA,NA,NA,NA,-41.11,1
1864-03-08 14:00:00,NA,0,NA,NA,NA,NA,NA,-31.67,1
1864-03-08 21:00:00,NA,0,NA,NA,NA,NA,NA,-38.33,2
1864-03-09 07:00:00,NA,0,NA,NA,NA,NA,NA,-37.22,2
1864-03-09 14:00:00,NA,0,NA,NA,NA,NA,NA,-31.67,5
1864-03-09 21:00:00,NA,0,NA,NA,NA,NA,NA,-34.44,5
1864-03-10,NA,NA,NA,7.62,NA,"8 am",76.2,NA,NA
1864-03-10 07:00:00,NA,0,NA,NA,NA,NA,NA,-34.44,2
1864-03-10 14:00:00,NA,90,NA,NA,NA,NA,NA,-23.33,1
1864-03-10 21:00:00,NA,45,NA,NA,NA,NA,NA,-32.78,1
1864-03-11,NA,NA,NA,NA,NA,NA,NA,NA,NA
1864-03-11 07:00:00,NA,90,NA,NA,NA,NA,NA,-40,1
1864-03-11 14:00:00,NA,90,NA,NA,NA,NA,NA,-28.89,1
1864-03-11 21:00:00,NA,315,NA,NA,NA,NA,NA,-38.33,2
1864-03-12,NA,NA,NA,NA,NA,NA,NA,NA,NA
1864-03-12 07:00:00,NA,0,NA,NA,NA,NA,NA,-34.44,5
1864-03-12 14:00:00,NA,0,NA,NA,NA,NA,NA,-32.78,5
1864-03-12 21:00:00,NA,0,NA,NA,NA,NA,NA,-34.44,1
1864-03-13,NA,NA,NA,NA,NA,NA,NA,NA,NA
1864-03-13 07:00:00,NA,0,NA,NA,NA,NA,NA,-32.22,2
1864-03-13 14:00:00,NA,0,NA,NA,NA,NA,NA,-22.22,2
1864-03-13 21:00:00,NA,0,NA,NA,NA,NA,NA,-24.44,2
1864-03-14 07:00:00,NA,0,NA,NA,NA,NA,NA,-37.78,1
1864-03-14 14:00:00,NA,315,NA,NA,NA,NA,NA,-23.33,2
1864-03-14 21:00:00,NA,90,NA,NA,NA,NA,NA,-28.89,1
1864-03-15 07:00:00,NA,90,NA,NA,NA,NA,NA,-26.11,1
1864-03-15 14:00:00,NA,90,NA,NA,NA,NA,NA,-18.33,1
1864-03-15 21:00:00,NA,90,NA,NA,NA,NA,NA,-25.56,1
1864-03-16 07:00:00,NA,90,NA,NA,NA,NA,NA,-24.44,1
1864-03-16 14:00:00,NA,90,NA,NA,NA,NA,NA,-15.56,1
1864-03-16 21:00:00,NA,90,NA,NA,NA,NA,NA,-23.33,1
1864-03-17,NA,NA,NA,NA,NA,NA,NA,NA,NA
1864-03-17 07:00:00,NA,135,NA,NA,NA,NA,NA,-26.11,1
1864-03-17 14:00:00,NA,135,NA,NA,NA,NA,NA,-11.67,1
1864-03-17 21:00:00,NA,135,NA,NA,NA,NA,NA,-21.11,1
1864-03-18,NA,NA,NA,NA,"11 pm",NA,NA,NA,NA
1864-03-18 07:00:00,NA,135,NA,NA,NA,NA,NA,-20.56,1
1864-03-18 14:00:00,NA,135,NA,NA,NA,NA,NA,-12.22,1
1864-03-18 21:00:00,NA,315,NA,NA,NA,NA,NA,-20.56,2
1864-03-19 07:00:00,NA,315,NA,NA,NA,NA,NA,-20,1
1864-03-19 14:00:00,NA,315,NA,NA,NA,NA,NA,-13.33,2
1864-03-19 21:00:00,NA,315,NA,NA,NA,NA,NA,-20.56,2
1864-03-20,NA,NA,NA,5.08,NA,"3 pm",50.8,NA,NA
1864-03-20 07:00:00,NA,315,NA,NA,NA,NA,NA,-20.56,2
1864-03-20 14:00:00,NA,315,NA,NA,NA,NA,NA,-15,2
1864-03-20 21:00:00,NA,315,NA,NA,NA,NA,NA,-19.44,1
1864-03-21 07:00:00,NA,0,NA,NA,NA,NA,NA,-23.33,1
1864-03-21 14:00:00,NA,0,NA,NA,NA,NA,NA,-14.44,1
1864-03-21 21:00:00,NA,90,NA,NA,NA,NA,NA,-21.67,2
1864-03-22 07:00:00,NA,90,NA,NA,NA,NA,NA,-21.11,1
1864-03-22 14:00:00,NA,90,NA,NA,NA,NA,NA,-12.22,1
1864-03-22 21:00:00,NA,90,NA,NA,NA,NA,NA,-22.22,1
1864-03-23,NA,NA,NA,NA,NA,NA,NA,NA,NA
1864-03-23 07:00:00,NA,135,NA,NA,NA,NA,NA,-32.22,1
1864-03-23 14:00:00,NA,135,NA,NA,NA,NA,NA,-13.33,1
1864-03-23 21:00:00,NA,135,NA,NA,NA,NA,NA,-27.78,1
1864-03-24 07:00:00,NA,90,NA,NA,NA,NA,NA,-32.22,1
1864-03-24 14:00:00,NA,90,NA,NA,NA,NA,NA,-17.78,1
1864-03-24 21:00:00,NA,90,NA,NA,NA,NA,NA,-28.89,1
1864-03-25 07:00:00,NA,90,NA,NA,NA,NA,NA,-32.78,1
1864-03-25 14:00:00,NA,90,NA,NA,NA,NA,NA,-16.67,1
1864-03-25 21:00:00,NA,90,NA,NA,NA,NA,NA,-33.89,1
1864-03-26 07:00:00,NA,90,NA,NA,NA,NA,NA,-33.33,1
1864-03-26 14:00:00,NA,90,NA,NA,NA,NA,NA,-18.33,2
1864-03-26 21:00:00,NA,90,NA,NA,NA,NA,NA,-32.78,1
1864-03-27 07:00:00,NA,90,NA,NA,NA,NA,NA,-30.56,1
1864-03-27 14:00:00,NA,90,NA,NA,NA,NA,NA,-15.56,1
1864-03-27 21:00:00,NA,90,NA,NA,NA,NA,NA,-28.33,1
1864-03-28 07:00:00,NA,90,NA,NA,NA,NA,NA,-32.22,1
1864-03-28 14:00:00,NA,270,NA,NA,NA,NA,NA,-15,1
1864-03-28 21:00:00,NA,135,NA,NA,NA,NA,NA,-25.56,1
1864-03-29 07:00:00,NA,90,NA,NA,NA,NA,NA,-24.44,1
1864-03-29 14:00:00,NA,270,NA,NA,NA,NA,NA,-10.56,1
1864-03-29 21:00:00,NA,90,NA,NA,NA,NA,NA,-21.11,1
1864-03-30 07:00:00,NA,90,NA,NA,NA,NA,NA,-20.56,1
1864-03-30 14:00:00,NA,0,NA,NA,NA,NA,NA,-13.33,2
1864-03-30 21:00:00,NA,0,NA,NA,NA,NA,NA,-21.67,1
1864-03-31,NA,NA,NA,NA,NA,NA,NA,NA,NA
1864-03-31 07:00:00,NA,0,NA,NA,NA,NA,NA,-21.11,1
1864-03-31 14:00:00,NA,0,NA,NA,NA,NA,NA,-13.89,2
1864-03-31 21:00:00,NA,0,NA,NA,NA,NA,NA,-23.33,1
1864-04-01 07:00:00,NA,135,NA,NA,NA,NA,NA,-20.56,1
1864-04-01 14:00:00,NA,135,NA,NA,NA,NA,NA,-7.78,2
1864-04-01 21:00:00,NA,135,NA,NA,NA,NA,NA,-20.56,2
1864-04-02 07:00:00,NA,315,NA,NA,NA,NA,NA,-19.44,5
1864-04-02 14:00:00,NA,315,NA,NA,NA,NA,NA,-6.67,5
1864-04-02 21:00:00,NA,0,NA,NA,NA,NA,NA,-15,2
1864-04-03 07:00:00,NA,NA,NA,NA,NA,NA,NA,-13.33,0
1864-04-03 14:00:00,NA,NA,NA,NA,NA,NA,NA,-7.22,0
1864-04-03 21:00:00,NA,NA,NA,NA,NA,NA,NA,-15,0
1864-04-04,NA,NA,NA,NA,"9 am",NA,NA,NA,NA
1864-04-04 07:00:00,NA,0,NA,NA,NA,NA,NA,-15,2
1864-04-04 14:00:00,NA,270,NA,NA,NA,NA,NA,-9.44,5
1864-04-04 21:00:00,NA,0,NA,NA,NA,NA,NA,-17.22,2
1864-04-05,NA,NA,NA,NA,NA,NA,NA,NA,NA
1864-04-05 07:00:00,NA,0,NA,NA,NA,NA,NA,-15,1
1864-04-05 14:00:00,NA,0,NA,NA,NA,NA,NA,-7.22,1
1864-04-05 21:00:00,NA,0,NA,NA,NA,NA,NA,-16.11,1
1864-04-06,NA,NA,NA,NA,NA,"10 pm",NA,NA,NA
1864-04-06 07:00:00,NA,0,NA,NA,NA,NA,NA,-14.44,5
1864-04-06 14:00:00,NA,0,NA,NA,NA,NA,NA,-6.67,5
1864-04-06 21:00:00,NA,0,NA,NA,NA,NA,NA,-15.56,2
1864-04-07,NA,NA,NA,NA,NA,NA,NA,NA,NA
1864-04-07 07:00:00,NA,90,NA,NA,NA,NA,NA,-20.56,1
1864-04-07 14:00:00,NA,90,NA,NA,NA,NA,NA,-15,1
1864-04-07 21:00:00,NA,90,NA,NA,NA,NA,NA,-12.78,1
1864-04-08,NA,NA,NA,NA,"6 pm","2 pm",NA,NA,NA
1864-04-08 07:00:00,NA,90,NA,NA,NA,NA,NA,-23.33,1
1864-04-08 14:00:00,NA,0,NA,NA,NA,NA,NA,-16.67,2
1864-04-08 21:00:00,NA,0,NA,NA,NA,NA,NA,-12.22,2
1864-04-09,NA,NA,NA,NA,NA,NA,NA,NA,NA
1864-04-09 07:00:00,NA,90,NA,NA,NA,NA,NA,-20.56,1
1864-04-09 14:00:00,NA,0,NA,NA,NA,NA,NA,-16.11,1
1864-04-09 21:00:00,NA,90,NA,NA,NA,NA,NA,-20.56,1
1864-04-10,NA,NA,NA,NA,NA,NA,NA,NA,NA
1864-04-10 07:00:00,NA,90,NA,NA,NA,NA,NA,-28.89,1
1864-04-10 14:00:00,NA,180,NA,NA,NA,NA,NA,-15,1
1864-04-10 21:00:00,NA,180,NA,NA,NA,NA,NA,-23.33,1
1864-04-11,NA,NA,NA,NA,"10 pm",NA,NA,NA,NA
1864-04-11 07:00:00,NA,90,NA,NA,NA,NA,NA,-28.89,1
1864-04-11 14:00:00,NA,315,NA,NA,NA,NA,NA,-11.11,1
1864-04-11 21:00:00,NA,270,NA,NA,NA,NA,NA,-18.33,1
1864-04-12,NA,NA,NA,NA,NA,"2 pm",NA,NA,NA
1864-04-12 07:00:00,NA,270,NA,NA,NA,NA,NA,-20.56,1
1864-04-12 14:00:00,NA,270,NA,NA,NA,NA,NA,-5,1
1864-04-12 21:00:00,NA,270,NA,NA,NA,NA,NA,-20.56,1
1864-04-13,NA,NA,NA,NA,"10 am",NA,NA,NA,NA
1864-04-13 07:00:00,NA,0,NA,NA,NA,NA,NA,-23.33,1
1864-04-13 14:00:00,NA,0,NA,NA,NA,NA,NA,-7.78,2
1864-04-13 21:00:00,NA,0,NA,NA,NA,NA,NA,-20.56,2
1864-04-14 07:00:00,NA,0,NA,NA,NA,NA,NA,-20.56,2
1864-04-14 14:00:00,NA,0,NA,NA,NA,NA,NA,-12.22,16
1864-04-14 21:00:00,NA,315,NA,NA,NA,NA,NA,-20.56,11
1864-04-15,NA,NA,NA,NA,NA,"7 am",NA,NA,NA
1864-04-15 07:00:00,NA,180,NA,NA,NA,NA,NA,-15,1
1864-04-15 14:00:00,NA,0,NA,NA,NA,NA,NA,-12.78,1
1864-04-15 21:00:00,NA,0,NA,NA,NA,NA,NA,-20.56,1
1864-04-16 07:00:00,NA,180,NA,NA,NA,NA,NA,-19.44,1
1864-04-16 14:00:00,NA,180,NA,NA,NA,NA,NA,-13.33,1
1864-04-16 21:00:00,NA,315,NA,NA,NA,NA,NA,-15,2
1864-04-17,NA,NA,NA,NA,NA,NA,NA,NA,NA
1864-04-17 07:00:00,NA,315,NA,NA,NA,NA,NA,-16.11,1
1864-04-17 14:00:00,NA,315,NA,NA,NA,NA,NA,-7.78,1
1864-04-17 21:00:00,NA,90,NA,NA,NA,NA,NA,-19.44,1
1864-04-18 07:00:00,NA,90,NA,NA,NA,NA,NA,-19.44,2
1864-04-18 14:00:00,NA,90,NA,NA,NA,NA,NA,-12.78,2
1864-04-18 21:00:00,NA,90,NA,NA,NA,NA,NA,-18.89,1
1864-04-19,NA,NA,NA,NA,"8 pm","3 am",NA,NA,NA
1864-04-19 07:00:00,NA,0,NA,NA,NA,NA,NA,-19.44,1
1864-04-19 14:00:00,NA,0,NA,NA,NA,NA,NA,-12.22,1
1864-04-19 21:00:00,NA,270,NA,NA,NA,NA,NA,-20,5
1864-04-20 07:00:00,NA,90,NA,NA,NA,NA,NA,-20,2
1864-04-20 14:00:00,NA,90,NA,NA,NA,NA,NA,-10,1
1864-04-20 21:00:00,NA,315,NA,NA,NA,NA,NA,-21.11,1
1864-04-21 07:00:00,NA,270,NA,NA,NA,NA,NA,-15.56,1
1864-04-21 14:00:00,NA,270,NA,NA,NA,NA,NA,-7.78,1
1864-04-21 21:00:00,NA,180,NA,NA,NA,NA,NA,-19.44,2
1864-04-22,NA,NA,NA,NA,NA,NA,NA,NA,NA
1864-04-22 07:00:00,NA,270,NA,NA,NA,NA,NA,-20,11
1864-04-22 14:00:00,NA,270,NA,NA,NA,NA,NA,-13.33,11
1864-04-22 21:00:00,NA,180,NA,NA,NA,NA,NA,-23.33,5
1864-04-23,NA,NA,NA,NA,NA,NA,NA,NA,NA
1864-04-23 07:00:00,NA,180,NA,NA,NA,NA,NA,-15.56,1
1864-04-23 14:00:00,NA,180,NA,NA,NA,NA,NA,-6.67,1
1864-04-23 21:00:00,NA,180,NA,NA,NA,NA,NA,-15,1
1864-04-24 07:00:00,NA,180,NA,NA,NA,NA,NA,-9.44,1
1864-04-24 14:00:00,NA,180,NA,NA,NA,NA,NA,1.67,1
1864-04-24 21:00:00,NA,180,NA,NA,NA,NA,NA,-10,2
1864-04-25 07:00:00,NA,180,NA,NA,NA,NA,NA,-3.89,1
1864-04-25 14:00:00,NA,180,NA,NA,NA,NA,NA,3.33,1
1864-04-25 21:00:00,NA,225,NA,NA,NA,NA,NA,-2.22,1
1864-04-26 07:00:00,NA,180,NA,NA,NA,NA,NA,-4.44,11
1864-04-26 14:00:00,NA,180,NA,NA,NA,NA,NA,2.22,11
1864-04-26 21:00:00,NA,0,NA,NA,NA,NA,NA,-2.78,2
1864-04-27 07:00:00,NA,180,NA,NA,NA,NA,NA,1.67,2
1864-04-27 14:00:00,NA,180,NA,NA,NA,NA,NA,8.89,11
1864-04-27 21:00:00,NA,0,NA,NA,NA,NA,NA,-1.11,1
1864-04-28,NA,NA,NA,NA,"6 pm",NA,NA,NA,NA
1864-04-28 07:00:00,NA,180,NA,NA,NA,NA,NA,7.22,2
1864-04-28 14:00:00,NA,315,NA,NA,NA,NA,NA,0,2
1864-04-28 21:00:00,NA,0,NA,NA,NA,NA,NA,-9.44,5
1864-04-29 07:00:00,NA,0,NA,NA,NA,NA,NA,-4.44,5
1864-04-29 14:00:00,NA,0,NA,NA,NA,NA,NA,-1.11,5
1864-04-29 21:00:00,NA,0,NA,NA,NA,NA,NA,-12.22,1
1864-04-30,NA,NA,NA,NA,NA,"5 am",NA,NA,NA
1864-04-30 07:00:00,NA,0,NA,NA,NA,NA,NA,-9.44,1
1864-04-30 14:00:00,NA,0,NA,NA,NA,NA,NA,-1.11,1
1864-04-30 21:00:00,NA,0,NA,NA,NA,NA,NA,-12.78,1
1864-05-01 07:00:00,NA,135,NA,NA,NA,NA,NA,-9.44,1
1864-05-01 14:00:00,NA,135,NA,NA,NA,NA,NA,0,1
1864-05-01 21:00:00,NA,135,NA,NA,NA,NA,NA,-8.33,1
1864-05-02 07:00:00,NA,90,NA,NA,NA,NA,NA,-3.89,2
1864-05-02 14:00:00,NA,90,NA,NA,NA,NA,NA,0.56,2
1864-05-02 21:00:00,NA,90,NA,NA,NA,NA,NA,-12.22,1
1864-05-03 07:00:00,NA,90,NA,NA,NA,NA,NA,-9.44,5
1864-05-03 14:00:00,NA,90,NA,NA,NA,NA,NA,2.22,2
1864-05-03 21:00:00,NA,0,NA,NA,NA,NA,NA,-9.44,1
1864-05-04 07:00:00,NA,90,NA,NA,NA,NA,NA,-3.89,1
1864-05-04 14:00:00,NA,270,NA,NA,NA,NA,NA,11.11,20
1864-05-04 21:00:00,NA,315,NA,NA,NA,NA,NA,4.44,11
1864-05-05,NA,NA,NA,NA,"11 pm",NA,NA,NA,NA
1864-05-05 07:00:00,NA,0,NA,NA,NA,NA,NA,-1.11,5
1864-05-05 14:00:00,NA,45,NA,NA,NA,NA,NA,1.11,2
1864-05-05 21:00:00,NA,0,NA,NA,NA,NA,NA,-6.67,1
1864-05-06,NA,NA,NA,76.2,NA,"8 am",NA,NA,NA
1864-05-06 07:00:00,NA,0,NA,NA,NA,NA,NA,1.67,1
1864-05-06 14:00:00,NA,45,NA,NA,NA,NA,NA,4.44,1
1864-05-06 21:00:00,NA,45,NA,NA,NA,NA,NA,-4.44,1
1864-05-07 07:00:00,NA,180,NA,NA,NA,NA,NA,4.44,1
1864-05-07 14:00:00,NA,45,NA,NA,NA,NA,NA,7.22,1
1864-05-07 21:00:00,NA,45,NA,NA,NA,NA,NA,-1.11,1
1864-05-08 07:00:00,NA,45,NA,NA,NA,NA,NA,1.67,1
1864-05-08 14:00:00,NA,90,NA,NA,NA,NA,NA,4.44,2
1864-05-08 21:00:00,NA,135,NA,NA,NA,NA,NA,2.78,2
1864-05-09,NA,NA,NA,NA,NA,NA,NA,NA,NA
1864-05-09 07:00:00,NA,180,NA,NA,NA,NA,NA,2.22,1
1864-05-09 14:00:00,NA,270,NA,NA,NA,NA,NA,7.22,1
1864-05-09 21:00:00,NA,0,NA,NA,NA,NA,NA,-1.11,1
1864-05-10,NA,NA,NA,NA,"1 am","8 am",NA,NA,NA
1864-05-10 07:00:00,NA,0,NA,NA,NA,NA,NA,1.11,1
1864-05-10 14:00:00,NA,0,NA,NA,NA,NA,NA,4.44,2
1864-05-10 21:00:00,NA,0,NA,NA,NA,NA,NA,-2.78,2
1864-05-11 07:00:00,NA,0,NA,NA,NA,NA,NA,-9.44,2
1864-05-11 14:00:00,NA,0,NA,NA,NA,NA,NA,-4.44,2
1864-05-11 21:00:00,NA,0,NA,NA,NA,NA,NA,-10,2
1864-05-12 07:00:00,NA,0,NA,NA,NA,NA,NA,-1.11,2
1864-05-12 14:00:00,NA,0,NA,NA,NA,NA,NA,1.67,2
1864-05-12 21:00:00,NA,0,NA,NA,NA,NA,NA,-6.67,2
1864-05-13 07:00:00,NA,0,NA,NA,NA,NA,NA,-1.11,1
1864-05-13 14:00:00,NA,0,NA,NA,NA,NA,NA,7.22,1
1864-05-13 21:00:00,NA,0,NA,NA,NA,NA,NA,4.44,1
1864-05-14 07:00:00,NA,180,NA,NA,NA,NA,NA,1.11,1
1864-05-14 14:00:00,NA,180,NA,NA,NA,NA,NA,8.33,1
1864-05-14 21:00:00,NA,45,NA,NA,NA,NA,NA,4.44,1
1864-05-15 07:00:00,NA,45,NA,NA,NA,NA,NA,2.22,1
1864-05-15 14:00:00,NA,45,NA,NA,NA,NA,NA,7.22,1
1864-05-15 21:00:00,NA,135,NA,NA,NA,NA,NA,2.78,1
1864-05-16 07:00:00,NA,45,NA,NA,NA,NA,NA,3.89,1
1864-05-16 14:00:00,NA,45,NA,NA,NA,NA,NA,8.89,1
1864-05-16 21:00:00,NA,45,NA,NA,NA,NA,NA,2.78,1
1864-05-17,NA,NA,NA,NA,NA,NA,NA,NA,NA
1864-05-17 07:00:00,NA,225,NA,NA,NA,NA,NA,7.22,1
1864-05-17 14:00:00,NA,315,NA,NA,NA,NA,NA,11.11,1
1864-05-17 21:00:00,NA,0,NA,NA,NA,NA,NA,2.22,1
1864-05-18 07:00:00,NA,0,NA,NA,NA,NA,NA,3.33,1
1864-05-18 14:00:00,NA,0,NA,NA,NA,NA,NA,8.89,1
1864-05-18 21:00:00,NA,0,NA,NA,NA,NA,NA,0,1
1864-05-19 07:00:00,NA,180,NA,NA,NA,NA,NA,4.44,1
1864-05-19 14:00:00,NA,180,NA,NA,NA,NA,NA,10,1
1864-05-19 21:00:00,NA,225,NA,NA,NA,NA,NA,-1.11,1
1864-05-20,NA,NA,NA,NA,"4 pm",NA,NA,NA,NA
1864-05-20 07:00:00,NA,0,NA,NA,NA,NA,NA,0,5
1864-05-20 14:00:00,NA,0,NA,NA,NA,NA,NA,1.67,5
1864-05-20 21:00:00,NA,0,NA,NA,NA,NA,NA,-1.11,2
1864-05-21,NA,NA,NA,50.8,NA,"5 pm",NA,NA,NA
1864-05-21 07:00:00,NA,0,NA,NA,NA,NA,NA,1.67,1
1864-05-21 14:00:00,NA,0,NA,NA,NA,NA,NA,7.78,1
1864-05-21 21:00:00,NA,0,NA,NA,NA,NA,NA,0.56,1
1864-05-22,NA,NA,NA,NA,NA,NA,NA,NA,NA
1864-05-22 07:00:00,NA,225,NA,NA,NA,NA,NA,7.22,1
1864-05-22 14:00:00,NA,225,NA,NA,NA,NA,NA,11.67,1
1864-05-22 21:00:00,NA,270,NA,NA,NA,NA,NA,0.56,1
1864-05-23 07:00:00,NA,0,NA,NA,NA,NA,NA,1.67,1
1864-05-23 14:00:00,NA,0,NA,NA,NA,NA,NA,6.67,1
1864-05-23 21:00:00,NA,0,NA,NA,NA,NA,NA,0.56,1
1864-05-24 07:00:00,NA,45,NA,NA,NA,NA,NA,1.67,2
1864-05-24 14:00:00,NA,0,NA,NA,NA,NA,NA,6.11,2
1864-05-24 21:00:00,NA,0,NA,NA,NA,NA,NA,1.11,2
1864-05-25,NA,NA,NA,NA,"11 pm",NA,NA,NA,NA
1864-05-25 07:00:00,NA,0,NA,NA,NA,NA,NA,2.22,2
1864-05-25 14:00:00,NA,0,NA,NA,NA,NA,NA,5.56,5
1864-05-25 21:00:00,NA,0,NA,NA,NA,NA,NA,-1.67,2
1864-05-26,NA,NA,NA,50.8,NA,"10 am",NA,NA,NA
1864-05-26 07:00:00,NA,0,NA,NA,NA,NA,NA,0,1
1864-05-26 14:00:00,NA,315,NA,NA,NA,NA,NA,12.22,1
1864-05-26 21:00:00,NA,0,NA,NA,NA,NA,NA,0,1
1864-05-27 07:00:00,NA,180,NA,NA,NA,NA,NA,7.22,1
1864-05-27 14:00:00,NA,180,NA,NA,NA,NA,NA,10,2
1864-05-27 21:00:00,NA,90,NA,NA,NA,NA,NA,3.33,1
1864-05-28,NA,NA,NA,NA,NA,NA,NA,NA,NA
1864-05-28 07:00:00,NA,180,NA,NA,NA,NA,NA,7.78,5
1864-05-28 14:00:00,NA,180,NA,NA,NA,NA,NA,13.33,5
1864-05-28 21:00:00,NA,180,NA,NA,NA,NA,NA,7.22,1
1864-05-29 07:00:00,NA,180,NA,NA,NA,NA,NA,2.78,1
1864-05-29 14:00:00,NA,180,NA,NA,NA,NA,NA,8.89,1
1864-05-29 21:00:00,NA,180,NA,NA,NA,NA,NA,0.56,1
1864-05-30,NA,NA,NA,NA,NA,NA,NA,NA,NA
1864-05-30 07:00:00,NA,270,NA,NA,NA,NA,NA,2.22,1
1864-05-30 14:00:00,NA,270,NA,NA,NA,NA,NA,13.89,5
1864-05-30 21:00:00,NA,315,NA,NA,NA,NA,NA,9.44,2
1864-05-31 07:00:00,NA,180,NA,NA,NA,NA,NA,8.89,1
1864-05-31 14:00:00,NA,180,NA,NA,NA,NA,NA,16.11,1
1864-05-31 21:00:00,NA,180,NA,NA,NA,NA,NA,7.22,1
1864-06-01 07:00:00,NA,270,NA,NA,NA,NA,NA,7.78,2
1864-06-01 14:00:00,NA,0,NA,NA,NA,NA,NA,15.56,5
1864-06-01 21:00:00,NA,0,NA,NA,NA,NA,NA,7.22,5
1864-06-02,NA,NA,NA,NA,"7 pm","2 am",NA,NA,NA
1864-06-02 07:00:00,NA,0,NA,NA,NA,NA,NA,8.89,5
1864-06-02 14:00:00,NA,0,NA,NA,NA,NA,NA,13.33,2
1864-06-02 21:00:00,NA,0,NA,NA,NA,NA,NA,1.11,2
1864-06-03 07:00:00,NA,0,NA,NA,NA,NA,NA,8.33,2
1864-06-03 14:00:00,NA,0,NA,NA,NA,NA,NA,12.78,1
1864-06-03 21:00:00,NA,0,NA,NA,NA,NA,NA,0.56,1
1864-06-04 07:00:00,NA,0,NA,NA,NA,NA,NA,1.67,5
1864-06-04 14:00:00,NA,0,NA,NA,NA,NA,NA,7.22,5
1864-06-04 21:00:00,NA,0,NA,NA,NA,NA,NA,0,5
1864-06-05 07:00:00,NA,0,NA,NA,NA,NA,NA,0.56,5
1864-06-05 14:00:00,NA,0,NA,NA,NA,NA,NA,6.67,5
1864-06-05 21:00:00,NA,0,NA,NA,NA,NA,NA,-0.56,5
1864-06-06,NA,NA,NA,NA,"10 am",NA,NA,NA,NA
1864-06-06 07:00:00,NA,0,NA,NA,NA,NA,NA,0.56,5
1864-06-06 14:00:00,NA,0,NA,NA,NA,NA,NA,2.78,5
1864-06-06 21:00:00,NA,0,NA,NA,NA,NA,NA,-0.56,5
1864-06-07 07:00:00,NA,0,NA,NA,NA,NA,NA,-0.56,5
1864-06-07 14:00:00,NA,0,NA,NA,NA,NA,NA,2.78,5
1864-06-07 21:00:00,NA,0,NA,NA,NA,NA,NA,3.33,5
1864-06-08,NA,NA,NA,76.2,NA,"6 pm",NA,NA,NA
1864-06-08 07:00:00,NA,0,NA,NA,NA,NA,NA,-2.22,2
1864-06-08 14:00:00,NA,0,NA,NA,NA,NA,NA,2.22,1
1864-06-08 21:00:00,NA,0,NA,NA,NA,NA,NA,7.22,1
1864-06-09 07:00:00,NA,270,NA,NA,NA,NA,NA,3.33,1
1864-06-09 14:00:00,NA,270,NA,NA,NA,NA,NA,13.89,1
1864-06-09 21:00:00,NA,270,NA,NA,NA,NA,NA,6.11,1
1864-06-10,NA,NA,NA,NA,NA,NA,NA,NA,NA
1864-06-10 07:00:00,NA,180,NA,NA,NA,NA,NA,7.22,1
1864-06-10 14:00:00,NA,315,NA,NA,NA,NA,NA,15.56,2
1864-06-10 21:00:00,NA,315,NA,NA,NA,NA,NA,11.67,2
1864-06-11 07:00:00,NA,315,NA,NA,NA,NA,NA,7.78,1
1864-06-11 14:00:00,NA,315,NA,NA,NA,NA,NA,17.78,1
1864-06-11 21:00:00,NA,315,NA,NA,NA,NA,NA,11.67,1
1864-06-12 07:00:00,NA,NA,NA,NA,NA,NA,NA,8.89,0
1864-06-12 14:00:00,NA,NA,NA,NA,NA,NA,NA,18.33,0
1864-06-12 21:00:00,NA,NA,NA,NA,NA,NA,NA,8.33,0
1864-06-13,NA,NA,NA,NA,NA,NA,NA,NA,NA
1864-06-13 07:00:00,NA,0,NA,NA,NA,NA,NA,8.33,2
1864-06-13 14:00:00,NA,315,NA,NA,NA,NA,NA,11.11,5
1864-06-13 21:00:00,NA,315,NA,NA,NA,NA,NA,1.67,5
1864-06-14 07:00:00,NA,270,NA,NA,NA,NA,NA,7.78,1
1864-06-14 14:00:00,NA,180,NA,NA,NA,NA,NA,18.89,1
1864-06-14 21:00:00,NA,0,NA,NA,NA,NA,NA,12.22,1
1864-06-15 07:00:00,NA,270,NA,NA,NA,NA,NA,11.67,2
1864-06-15 14:00:00,NA,270,NA,NA,NA,NA,NA,21.67,1
1864-06-15 21:00:00,NA,180,NA,NA,NA,NA,NA,12.78,1
1864-06-16 07:00:00,NA,270,NA,NA,NA,NA,NA,6.11,5
1864-06-16 14:00:00,NA,270,NA,NA,NA,NA,NA,20,1
1864-06-16 21:00:00,NA,270,NA,NA,NA,NA,NA,2.78,1
1864-06-17 07:00:00,NA,270,NA,NA,NA,NA,NA,3.89,2
1864-06-17 14:00:00,NA,0,NA,NA,NA,NA,NA,6.11,1
1864-06-17 21:00:00,NA,270,NA,NA,NA,NA,NA,2.22,1
1864-06-18,NA,NA,NA,NA,"4 pm","10 pm",NA,NA,NA
1864-06-18 07:00:00,NA,0,NA,NA,NA,NA,NA,3.33,5
1864-06-18 14:00:00,NA,0,NA,NA,NA,NA,NA,6.11,2
1864-06-18 21:00:00,NA,0,NA,NA,NA,NA,NA,-0.56,2
1864-06-19 07:00:00,NA,0,NA,NA,NA,NA,NA,15,1
1864-06-19 14:00:00,NA,0,NA,NA,NA,NA,NA,17.78,1
1864-06-19 21:00:00,NA,315,NA,NA,NA,NA,NA,11.11,1
1864-06-21 07:00:00,NA,NA,NA,NA,NA,NA,NA,NA,NA
1864-06-21 14:00:00,NA,NA,NA,NA,NA,NA,NA,NA,NA
1864-06-21 21:00:00,NA,NA,NA,NA,NA,NA,NA,NA,NA
1864-06-22 07:00:00,NA,NA,NA,NA,NA,NA,NA,NA,NA
1864-06-22 14:00:00,NA,NA,NA,NA,NA,NA,NA,NA,NA
1864-06-22 21:00:00,NA,NA,NA,NA,NA,NA,NA,NA,NA
1864-06-23 07:00:00,NA,NA,NA,NA,NA,NA,NA,NA,NA
1864-06-23 14:00:00,NA,NA,NA,NA,NA,NA,NA,NA,NA
1864-06-23 21:00:00,NA,NA,NA,NA,NA,NA,NA,NA,NA
1864-06-24 07:00:00,NA,NA,NA,NA,NA,NA,NA,NA,NA
1864-06-24 14:00:00,NA,NA,NA,NA,NA,NA,NA,NA,NA
1864-06-24 21:00:00,NA,NA,NA,NA,NA,NA,NA,NA,NA
1864-06-25 07:00:00,NA,NA,NA,NA,NA,NA,NA,NA,NA
1864-06-25 14:00:00,NA,NA,NA,NA,NA,NA,NA,NA,NA
1864-06-25 21:00:00,NA,NA,NA,NA,NA,NA,NA,NA,NA
1864-06-26 07:00:00,NA,NA,NA,NA,NA,NA,NA,NA,NA
1864-06-26 14:00:00,NA,NA,NA,NA,NA,NA,NA,NA,NA
1864-06-26 21:00:00,NA,NA,NA,NA,NA,NA,NA,NA,NA
1864-06-27 07:00:00,NA,225,NA,NA,NA,NA,NA,17.22,1
1864-06-27 14:00:00,NA,225,NA,NA,NA,NA,NA,28.89,1
1864-06-27 21:00:00,NA,225,NA,NA,NA,NA,NA,16.11,1
1864-06-28 07:00:00,NA,315,NA,NA,NA,NA,NA,11.11,1
1864-06-28 14:00:00,NA,315,NA,NA,NA,NA,NA,23.89,1
1864-06-28 21:00:00,NA,315,NA,NA,NA,NA,NA,16.67,2
1864-06-29,NA,NA,NA,NA,NA,NA,NA,NA,NA
1864-06-29 07:00:00,NA,225,NA,NA,NA,NA,NA,20,1
1864-06-29 14:00:00,NA,225,NA,NA,NA,NA,NA,30.56,11
1864-06-29 21:00:00,NA,315,NA,NA,NA,NA,NA,6.11,11
1864-06-30 07:00:00,NA,0,NA,NA,NA,NA,NA,9.44,1
1864-06-30 14:00:00,NA,0,NA,NA,NA,NA,NA,14.44,2
1864-06-30 21:00:00,NA,0,NA,NA,NA,NA,NA,13.33,2
1864-07-01,NA,NA,NA,0,"empty","empty",0,NA,NA
1864-07-01 07:00:00,NA,270,NA,NA,NA,NA,NA,19.44,1
1864-07-01 14:00:00,NA,NA,NA,NA,NA,NA,NA,23.33,0
1864-07-01 21:00:00,NA,NA,NA,NA,NA,NA,NA,17.22,0
1864-07-02,NA,NA,NA,0,"empty","empty",0,NA,NA
1864-07-02 07:00:00,NA,270,NA,NA,NA,NA,NA,20,1
1864-07-02 14:00:00,NA,270,NA,NA,NA,NA,NA,24.44,2
1864-07-02 21:00:00,NA,270,NA,NA,NA,NA,NA,17.78,2
1864-07-03,NA,NA,NA,0,"empty","empty",0,NA,NA
1864-07-03 07:00:00,NA,270,NA,NA,NA,NA,NA,23.33,1
1864-07-03 14:00:00,NA,NA,NA,NA,NA,NA,NA,28.89,0
1864-07-03 21:00:00,NA,270,NA,NA,NA,NA,NA,20,5
1864-07-04,NA,NA,NA,0,"6 pm","empty",0,NA,NA
1864-07-04 07:00:00,NA,270,NA,NA,NA,NA,NA,23.33,1
1864-07-04 14:00:00,NA,270,NA,NA,NA,NA,NA,31.11,2
1864-07-04 21:00:00,NA,270,NA,NA,NA,NA,NA,20.56,5
1864-07-05,NA,NA,NA,25.4,"empty","3 pm",0,NA,NA
1864-07-05 07:00:00,NA,0,NA,NA,NA,NA,NA,20,1
1864-07-05 14:00:00,NA,0,NA,NA,NA,NA,NA,22.22,2
1864-07-05 21:00:00,NA,0,NA,NA,NA,NA,NA,13.89,1
1864-07-06,NA,NA,NA,0,"7 pm",NA,0,NA,NA
1864-07-06 07:00:00,NA,0,NA,NA,NA,NA,NA,8.89,1
1864-07-06 14:00:00,NA,0,NA,NA,NA,NA,NA,12.22,2
1864-07-06 21:00:00,NA,0,NA,NA,NA,NA,NA,8.33,2
1864-07-07,NA,NA,NA,0,"1 am","empty",0,NA,NA
1864-07-07 07:00:00,NA,0,NA,NA,NA,NA,NA,7.78,2
1864-07-07 14:00:00,NA,0,NA,NA,NA,NA,NA,11.67,2
1864-07-07 21:00:00,NA,0,NA,NA,NA,NA,NA,7.22,1
1864-07-08,NA,NA,NA,50.8,"empty","8 am",0,NA,NA
1864-07-08 07:00:00,NA,0,NA,NA,NA,NA,NA,6.11,1
1864-07-08 14:00:00,NA,0,NA,NA,NA,NA,NA,9.44,1
1864-07-08 21:00:00,NA,0,NA,NA,NA,NA,NA,6.67,1
1864-07-09,NA,NA,NA,0,"8 am","empty",0,NA,NA
1864-07-09 07:00:00,NA,0,NA,NA,NA,NA,NA,3.89,2
1864-07-09 14:00:00,NA,0,NA,NA,NA,NA,NA,9.44,2
1864-07-09 21:00:00,NA,0,NA,NA,NA,NA,NA,7.22,2
1864-07-10,NA,NA,NA,0,"empty","empty",0,NA,NA
1864-07-10 07:00:00,NA,0,NA,NA,NA,NA,NA,6.67,5
1864-07-10 14:00:00,NA,0,NA,NA,NA,NA,NA,9.44,5
1864-07-10 21:00:00,NA,0,NA,NA,NA,NA,NA,7.22,5
1864-07-11,NA,NA,NA,0,"empty","empty",0,NA,NA
1864-07-11 07:00:00,NA,0,NA,NA,NA,NA,NA,5,1
1864-07-11 14:00:00,NA,0,NA,NA,NA,NA,NA,11.67,2
1864-07-11 21:00:00,NA,0,NA,NA,NA,NA,NA,7.78,1
1864-07-12,NA,NA,NA,101.6,"empty","4 am",0,NA,NA
1864-07-12 07:00:00,NA,0,NA,NA,NA,NA,NA,9.44,2
1864-07-12 14:00:00,NA,90,NA,NA,NA,NA,NA,16.67,1
1864-07-12 21:00:00,NA,0,NA,NA,NA,NA,NA,11.67,1
1864-07-13,NA,NA,NA,0,"empty","empty",0,NA,NA
1864-07-13 07:00:00,NA,0,NA,NA,NA,NA,NA,13.33,1
1864-07-13 14:00:00,NA,0,NA,NA,NA,NA,NA,20,1
1864-07-13 21:00:00,NA,0,NA,NA,NA,NA,NA,15.56,1
1864-07-14,NA,NA,NA,0,"empty","empty",0,NA,NA
1864-07-14 07:00:00,NA,0,NA,NA,NA,NA,NA,17.78,1
1864-07-14 14:00:00,NA,0,NA,NA,NA,NA,NA,22.22,1
1864-07-14 21:00:00,NA,0,NA,NA,NA,NA,NA,15.56,1
1864-07-15,NA,NA,NA,0,"empty","empty",0,NA,NA
1864-07-15 07:00:00,NA,0,NA,NA,NA,NA,NA,9.44,5
1864-07-15 14:00:00,NA,0,NA,NA,NA,NA,NA,14.44,2
1864-07-15 21:00:00,NA,0,NA,NA,NA,NA,NA,4.44,2
1864-07-16,NA,NA,NA,0,"empty","empty",0,NA,NA
1864-07-16 07:00:00,NA,0,NA,NA,NA,NA,NA,8.89,2
1864-07-16 14:00:00,NA,270,NA,NA,NA,NA,NA,15.56,2
1864-07-16 21:00:00,NA,0,NA,NA,NA,NA,NA,12.78,2
1864-07-17,NA,NA,NA,0,"empty","empty",0,NA,NA
1864-07-17 07:00:00,NA,270,NA,NA,NA,NA,NA,17.22,1
1864-07-17 14:00:00,NA,270,NA,NA,NA,NA,NA,20,1
1864-07-17 21:00:00,NA,270,NA,NA,NA,NA,NA,16.11,1
1864-07-18,NA,NA,NA,0,"empty","empty",0,NA,NA
1864-07-18 07:00:00,NA,270,NA,NA,NA,NA,NA,15,1
1864-07-18 14:00:00,NA,90,NA,NA,NA,NA,NA,20,2
1864-07-18 21:00:00,NA,270,NA,NA,NA,NA,NA,13.89,1
1864-07-19,NA,NA,NA,0,"empty","empty",0,NA,NA
1864-07-19 07:00:00,NA,90,NA,NA,NA,NA,NA,19.44,2
1864-07-19 14:00:00,NA,0,NA,NA,NA,NA,NA,25,2
1864-07-19 21:00:00,NA,45,NA,NA,NA,NA,NA,15.56,1
1864-07-20,NA,NA,NA,0,"10 am","empty",0,NA,NA
1864-07-20 07:00:00,NA,0,NA,NA,NA,NA,NA,8.89,1
1864-07-20 14:00:00,NA,0,NA,NA,NA,NA,NA,12.22,1
1864-07-20 21:00:00,NA,45,NA,NA,NA,NA,NA,9.44,1
1864-07-21,NA,NA,NA,50.8,"empty","4 am",0,NA,NA
1864-07-21 07:00:00,NA,0,NA,NA,NA,NA,NA,NA,1
1864-07-21 14:00:00,NA,270,NA,NA,NA,NA,NA,NA,1
1864-07-21 21:00:00,NA,270,NA,NA,NA,NA,NA,NA,1
1864-07-22,NA,NA,NA,0,"empty","empty",0,NA,NA
1864-07-22 07:00:00,NA,270,NA,NA,NA,NA,NA,NA,1
1864-07-22 14:00:00,NA,90,NA,NA,NA,NA,NA,NA,1
1864-07-22 21:00:00,NA,90,NA,NA,NA,NA,NA,NA,1
1864-07-23,NA,NA,NA,0,"empty","empty",0,NA,NA
1864-07-23 07:00:00,NA,135,NA,NA,NA,NA,NA,NA,2
1864-07-23 14:00:00,NA,135,NA,NA,NA,NA,NA,NA,1
1864-07-23 21:00:00,NA,135,NA,NA,NA,NA,NA,NA,5
1864-07-24,NA,NA,NA,0,"empty","empty",0,NA,NA
1864-07-24 07:00:00,NA,90,NA,NA,NA,NA,NA,NA,1
1864-07-24 14:00:00,NA,90,NA,NA,NA,NA,NA,NA,1
1864-07-24 21:00:00,NA,90,NA,NA,NA,NA,NA,NA,1
1864-07-25,NA,NA,NA,0,"empty","empty",0,NA,NA
1864-07-25 07:00:00,NA,90,NA,NA,NA,NA,NA,NA,1
1864-07-25 14:00:00,NA,90,NA,NA,NA,NA,NA,NA,1
1864-07-25 21:00:00,NA,90,NA,NA,NA,NA,NA,NA,1
1864-07-26,NA,NA,NA,0,"empty","empty",0,NA,NA
1864-07-26 07:00:00,NA,90,NA,NA,NA,NA,NA,NA,1
1864-07-26 14:00:00,NA,45,NA,NA,NA,NA,NA,NA,1
1864-07-26 21:00:00,NA,45,NA,NA,NA,NA,NA,NA,1
1864-07-27,NA,NA,NA,0,"empty","empty",0,NA,NA
1864-07-27 07:00:00,NA,0,NA,NA,NA,NA,NA,NA,1
1864-07-27 14:00:00,NA,0,NA,NA,NA,NA,NA,NA,2
1864-07-27 21:00:00,NA,0,NA,NA,NA,NA,NA,NA,2
1864-07-28,NA,NA,NA,0,"empty","empty",0,NA,NA
1864-07-28 07:00:00,NA,90,NA,NA,NA,NA,NA,NA,2
1864-07-28 14:00:00,NA,270,NA,NA,NA,NA,NA,NA,5
1864-07-28 21:00:00,NA,90,NA,NA,NA,NA,NA,NA,1
1864-07-29,NA,NA,NA,0,"empty","empty",0,NA,NA
1864-07-29 07:00:00,NA,90,NA,NA,NA,NA,NA,NA,1
1864-07-29 14:00:00,NA,90,NA,NA,NA,NA,NA,NA,1
1864-07-29 21:00:00,NA,90,NA,NA,NA,NA,NA,NA,1
1864-07-30,NA,NA,NA,0,"empty","empty",0,NA,NA
1864-07-30 07:00:00,NA,90,NA,NA,NA,NA,NA,NA,1
1864-07-30 14:00:00,NA,90,NA,NA,NA,NA,NA,NA,1
1864-07-30 21:00:00,NA,90,NA,NA,NA,NA,NA,NA,1
1864-07-31,NA,NA,NA,0,"empty","empty",0,NA,NA
1864-07-31 07:00:00,NA,90,NA,NA,NA,NA,NA,NA,1
1864-07-31 14:00:00,NA,90,NA,NA,NA,NA,NA,NA,1
1864-07-31 21:00:00,NA,90,NA,NA,NA,NA,NA,NA,1
1864-09-10,NA,NA,NA,NA,NA,NA,NA,NA,NA
1864-09-10 07:00:00,NA,90,NA,NA,NA,NA,NA,7.78,2
1864-09-10 14:00:00,NA,90,NA,NA,NA,NA,NA,13.33,2
1864-09-10 21:00:00,NA,90,NA,NA,NA,NA,NA,8.89,2
1864-09-11 07:00:00,NA,315,NA,NA,NA,NA,NA,8.33,2
1864-09-11 14:00:00,NA,315,NA,NA,NA,NA,NA,9.44,2
1864-09-11 21:00:00,NA,315,NA,NA,NA,NA,NA,7.78,2
1864-09-12,NA,NA,NA,0,"11pm","empty",0,NA,NA
1864-09-12 07:00:00,NA,315,NA,NA,NA,NA,NA,6.11,2
1864-09-12 14:00:00,NA,315,NA,NA,NA,NA,NA,8.89,2
1864-09-12 21:00:00,NA,315,NA,NA,NA,NA,NA,5,2
1864-09-13,NA,NA,NA,NA,NA,NA,NA,NA,NA
1864-09-13 07:00:00,NA,0,NA,NA,NA,NA,NA,3.33,2
1864-09-13 14:00:00,NA,0,NA,NA,NA,NA,NA,7.22,2
1864-09-13 21:00:00,NA,0,NA,NA,NA,NA,NA,2.22,5
1864-09-14,NA,NA,NA,76.2,"empty","4pm",0,NA,NA
1864-09-14 07:00:00,NA,0,NA,NA,NA,NA,NA,2.22,1
1864-09-14 14:00:00,NA,0,NA,NA,NA,NA,NA,6.67,1
1864-09-14 21:00:00,NA,0,NA,NA,NA,NA,NA,-1.11,1
1864-09-15,NA,NA,NA,0,"3am","empty",0,NA,NA
1864-09-15 07:00:00,NA,315,NA,NA,NA,NA,NA,-1.11,5
1864-09-15 14:00:00,NA,315,NA,NA,NA,NA,NA,1.11,5
1864-09-15 21:00:00,NA,0,NA,NA,NA,NA,NA,0,5
1864-09-16,NA,NA,NA,25.4,"empty","5pm",0,NA,NA
1864-09-16 07:00:00,NA,315,NA,NA,NA,NA,NA,-2.22,1
1864-09-16 14:00:00,NA,270,NA,NA,NA,NA,NA,3.33,1
1864-09-16 21:00:00,NA,90,NA,NA,NA,NA,NA,2.78,1
1864-09-17 07:00:00,NA,180,NA,NA,NA,NA,NA,1.11,1
1864-09-17 14:00:00,NA,180,NA,NA,NA,NA,NA,4.44,1
1864-09-17 21:00:00,NA,180,NA,NA,NA,NA,NA,4.44,1
1864-09-18 07:00:00,NA,180,NA,NA,NA,NA,NA,4.44,1
1864-09-18 14:00:00,NA,180,NA,NA,NA,NA,NA,7.78,1
1864-09-18 21:00:00,NA,180,NA,NA,NA,NA,NA,4.44,1
1864-09-19 07:00:00,NA,180,NA,NA,NA,NA,NA,1.67,1
1864-09-19 14:00:00,NA,180,NA,NA,NA,NA,NA,3.33,1
1864-09-19 21:00:00,NA,180,NA,NA,NA,NA,NA,2.22,1
1864-09-20 07:00:00,NA,180,NA,NA,NA,NA,NA,2.22,1
1864-09-20 14:00:00,NA,180,NA,NA,NA,NA,NA,4.44,1
1864-09-20 21:00:00,NA,180,NA,NA,NA,NA,NA,2.22,1
1864-09-21,NA,NA,NA,0,"10am","empty",0,NA,NA
1864-09-21 07:00:00,NA,0,NA,NA,NA,NA,NA,1.11,1
1864-09-21 14:00:00,NA,0,NA,NA,NA,NA,NA,2.22,1
1864-09-21 21:00:00,NA,0,NA,NA,NA,NA,NA,0.56,1
1864-09-22,NA,NA,NA,NA,NA,NA,NA,NA,NA
1864-09-22 07:00:00,NA,0,NA,NA,NA,NA,NA,1.67,1
1864-09-22 14:00:00,NA,0,NA,NA,NA,NA,NA,1.67,1
1864-09-22 21:00:00,NA,0,NA,NA,NA,NA,NA,0.56,1
1864-09-23,NA,NA,NA,NA,NA,NA,NA,NA,NA
1864-09-23 07:00:00,NA,0,NA,NA,NA,NA,NA,1.11,1
1864-09-23 14:00:00,NA,0,NA,NA,NA,NA,NA,1.67,1
1864-09-23 21:00:00,NA,0,NA,NA,NA,NA,NA,-1.11,1
1864-09-24,NA,NA,NA,NA,NA,NA,NA,NA,NA
1864-09-24 07:00:00,NA,0,NA,NA,NA,NA,NA,-1.11,2
1864-09-24 14:00:00,NA,0,NA,NA,NA,NA,NA,1.11,2
1864-09-24 21:00:00,NA,0,NA,NA,NA,NA,NA,-1.67,2
1864-09-25,NA,NA,NA,152.4,"empty","2pm",0,NA,NA
1864-09-25 07:00:00,NA,45,NA,NA,NA,NA,NA,-1.67,1
1864-09-25 14:00:00,NA,90,NA,NA,NA,NA,NA,2.78,1
1864-09-25 21:00:00,NA,90,NA,NA,NA,NA,NA,-1.67,1
1864-09-26 07:00:00,NA,45,NA,NA,NA,NA,NA,-1.67,1
1864-09-26 14:00:00,NA,135,NA,NA,NA,NA,NA,2.22,1
1864-09-26 21:00:00,NA,135,NA,NA,NA,NA,NA,-1.11,1
1864-09-27,NA,NA,NA,NA,NA,NA,NA,NA,NA
1864-09-27 07:00:00,NA,135,NA,NA,NA,NA,NA,-3.89,1
1864-09-27 14:00:00,NA,135,NA,NA,NA,NA,NA,2.78,1
1864-09-27 21:00:00,NA,135,NA,NA,NA,NA,NA,-1.67,1
1864-09-28,NA,NA,NA,NA,NA,NA,NA,NA,NA
1864-09-28 07:00:00,NA,0,NA,NA,NA,NA,NA,-4.44,1
1864-09-28 14:00:00,NA,0,NA,NA,NA,NA,NA,2.22,1
1864-09-28 21:00:00,NA,0,NA,NA,NA,NA,NA,-2.22,1
1864-09-29 07:00:00,NA,0,NA,NA,NA,NA,NA,-3.89,1
1864-09-29 14:00:00,NA,0,NA,NA,NA,NA,NA,0.56,1
1864-09-29 21:00:00,NA,0,NA,NA,NA,NA,NA,-4.44,1
1864-09-30 07:00:00,NA,0,NA,NA,NA,NA,NA,-7.22,1
1864-09-30 14:00:00,NA,0,NA,NA,NA,NA,NA,-5,2
1864-09-30 21:00:00,NA,0,NA,NA,NA,NA,NA,-6.67,5
1864-10-01,NA,NA,NA,NA,"4 am","3 pm",NA,NA,NA
1864-10-01 07:00:00,NA,0,NA,NA,NA,NA,NA,-9.44,5
1864-10-01 14:00:00,NA,0,NA,NA,NA,NA,NA,-6.67,5
1864-10-01 21:00:00,NA,315,NA,NA,NA,NA,NA,-7.78,2
1864-10-02,NA,NA,NA,NA,NA,NA,NA,NA,NA
1864-10-02 07:00:00,NA,225,NA,NA,NA,NA,NA,-8.89,5
1864-10-02 14:00:00,NA,225,NA,NA,NA,NA,NA,-5.56,2
1864-10-02 21:00:00,NA,225,NA,NA,NA,NA,NA,-8.33,2
1864-10-03,NA,NA,NA,NA,"6 am",NA,NA,NA,NA
1864-10-03 07:00:00,NA,0,NA,NA,NA,NA,NA,-6.67,1
1864-10-03 14:00:00,NA,0,NA,NA,NA,NA,NA,-5,1
1864-10-03 21:00:00,NA,45,NA,NA,NA,NA,NA,-6.67,2
1864-10-04,NA,NA,NA,25.4,NA,"10 am",NA,NA,NA
1864-10-04 07:00:00,NA,0,NA,NA,NA,NA,NA,-13.33,1
1864-10-04 14:00:00,NA,0,NA,NA,NA,NA,NA,-10,2
1864-10-04 21:00:00,NA,315,NA,NA,NA,NA,NA,-12.22,1
1864-10-05 07:00:00,NA,225,NA,NA,NA,NA,NA,-12.22,2
1864-10-05 14:00:00,NA,225,NA,NA,NA,NA,NA,-10,2
1864-10-05 21:00:00,NA,225,NA,NA,NA,NA,NA,-13.33,1
1864-10-06 07:00:00,NA,270,NA,NA,NA,NA,NA,-10,1
1864-10-06 14:00:00,NA,270,NA,NA,NA,NA,NA,-6.67,1
1864-10-06 21:00:00,NA,0,NA,NA,NA,NA,NA,-10.56,2
1864-10-07 07:00:00,NA,0,NA,NA,NA,NA,NA,-10.56,1
1864-10-07 14:00:00,NA,0,NA,NA,NA,NA,NA,-5.56,2
1864-10-07 21:00:00,NA,0,NA,NA,NA,NA,NA,-9.44,2
1864-10-08,NA,NA,NA,NA,"5 pm",NA,NA,NA,NA
1864-10-08 07:00:00,NA,0,NA,NA,NA,NA,NA,-10,1
1864-10-08 14:00:00,NA,0,NA,NA,NA,NA,NA,-8.89,2
1864-10-08 21:00:00,NA,0,NA,NA,NA,NA,NA,-10.56,2
1864-10-09,NA,NA,NA,25.4,NA,"6 am",NA,NA,NA
1864-10-09 07:00:00,NA,0,NA,NA,NA,NA,NA,-10.56,1
1864-10-09 14:00:00,NA,0,NA,NA,NA,NA,NA,-7.78,1
1864-10-09 21:00:00,NA,0,NA,NA,NA,NA,NA,-10,1
1864-10-10,NA,NA,NA,NA,"8 am","10 pm",NA,NA,NA
1864-10-10 07:00:00,NA,0,NA,NA,NA,NA,NA,-10,1
1864-10-10 14:00:00,NA,0,NA,NA,NA,NA,NA,-8.33,1
1864-10-10 21:00:00,NA,0,NA,NA,NA,NA,NA,-10,1
1864-10-11,NA,NA,NA,NA,"7 am",NA,NA,NA,NA
1864-10-11 07:00:00,NA,0,NA,NA,NA,NA,NA,-9.44,1
1864-10-11 14:00:00,NA,0,NA,NA,NA,NA,NA,-7.22,1
1864-10-11 21:00:00,NA,0,NA,NA,NA,NA,NA,-8.33,1
1864-10-12 07:00:00,NA,0,NA,NA,NA,NA,NA,-6.67,1
1864-10-12 14:00:00,NA,0,NA,NA,NA,NA,NA,-3.33,2
1864-10-12 21:00:00,NA,0,NA,NA,NA,NA,NA,-7.22,2
1864-10-13,NA,NA,NA,50.8,"empty","3 am",NA,NA,NA
1864-10-13 07:00:00,NA,180,NA,NA,NA,NA,NA,-9.44,1
1864-10-13 14:00:00,NA,180,NA,NA,NA,NA,NA,-5.56,1
1864-10-13 21:00:00,NA,180,NA,NA,NA,NA,NA,-9.44,1
1864-10-14,NA,NA,NA,NA,NA,NA,NA,NA,NA
1864-10-14 07:00:00,NA,0,NA,NA,NA,NA,NA,-11.11,1
1864-10-14 14:00:00,NA,0,NA,NA,NA,NA,NA,-9.44,1
1864-10-14 21:00:00,NA,0,NA,NA,NA,NA,NA,-11.11,1
1864-10-15 07:00:00,NA,0,NA,NA,NA,NA,NA,-12.78,1
1864-10-15 14:00:00,NA,0,NA,NA,NA,NA,NA,-11.11,1
1864-10-15 21:00:00,NA,0,NA,NA,NA,NA,NA,-12.78,1
1864-10-16,NA,NA,NA,76.2,"5 am","11 pm",NA,NA,NA
1864-10-16 07:00:00,NA,0,NA,NA,NA,NA,NA,-10,2
1864-10-16 14:00:00,NA,0,NA,NA,NA,NA,NA,-8.89,2
1864-10-16 21:00:00,NA,0,NA,NA,NA,NA,NA,-11.11,1
1864-10-17 07:00:00,NA,0,NA,NA,NA,NA,NA,-9.44,1
1864-10-17 14:00:00,NA,0,NA,NA,NA,NA,NA,-12.78,1
1864-10-17 21:00:00,NA,0,NA,NA,NA,NA,NA,-13.89,1
1864-10-18,NA,NA,NA,NA,NA,NA,NA,NA,NA
1864-10-18 07:00:00,NA,0,NA,NA,NA,NA,NA,-15,1
1864-10-18 14:00:00,NA,0,NA,NA,NA,NA,NA,-17.22,2
1864-10-18 21:00:00,NA,0,NA,NA,NA,NA,NA,-16.11,2
1864-10-19,NA,NA,NA,25.4,"5 am","4 pm",NA,NA,NA
1864-10-19 07:00:00,NA,0,NA,NA,NA,NA,NA,-15,5
1864-10-19 14:00:00,NA,0,NA,NA,NA,NA,NA,-16.67,5
1864-10-19 21:00:00,NA,0,NA,NA,NA,NA,NA,-15,2
1864-10-20 07:00:00,NA,0,NA,NA,NA,NA,NA,-13.33,5
1864-10-20 14:00:00,NA,0,NA,NA,NA,NA,NA,-14.44,2
1864-10-20 21:00:00,NA,0,NA,NA,NA,NA,NA,-15.56,2
1864-10-21 07:00:00,NA,0,NA,NA,NA,NA,NA,-12.78,2
1864-10-21 14:00:00,NA,0,NA,NA,NA,NA,NA,-13.89,2
1864-10-21 21:00:00,NA,0,NA,NA,NA,NA,NA,-15.56,2
1864-10-22,NA,NA,NA,NA,"2 am",NA,NA,NA,NA
1864-10-22 07:00:00,NA,0,NA,NA,NA,NA,NA,-15,2
1864-10-22 14:00:00,NA,0,NA,NA,NA,NA,NA,-16.11,2
1864-10-22 21:00:00,NA,0,NA,NA,NA,NA,NA,-18.89,2
1864-10-23,NA,NA,NA,76.2,NA,"8 am",0,NA,NA
1864-10-23 07:00:00,NA,0,NA,NA,NA,NA,NA,-16.11,1
1864-10-23 14:00:00,NA,0,NA,NA,NA,NA,NA,-17.22,1
1864-10-23 21:00:00,NA,0,NA,NA,NA,NA,NA,-20.56,1
1864-10-24,NA,NA,NA,NA,NA,NA,NA,NA,NA
1864-10-24 07:00:00,NA,0,NA,NA,NA,NA,NA,-16.67,1
1864-10-24 14:00:00,NA,0,NA,NA,NA,NA,NA,-15.56,1
1864-10-24 21:00:00,NA,0,NA,NA,NA,NA,NA,-26.11,1
1864-10-25 07:00:00,NA,45,NA,NA,NA,NA,NA,-18.89,1
1864-10-25 14:00:00,NA,45,NA,NA,NA,NA,NA,-22.22,1
1864-10-25 21:00:00,NA,0,NA,NA,NA,NA,NA,-20.56,1
1864-10-26 07:00:00,NA,0,NA,NA,NA,NA,NA,-20,2
1864-10-26 14:00:00,NA,0,NA,NA,NA,NA,NA,-20,2
1864-10-26 21:00:00,NA,0,NA,NA,NA,NA,NA,-19.44,2
1864-10-27,NA,NA,NA,25.4,"4 am","5 pm",NA,NA,NA
1864-10-27 07:00:00,NA,0,NA,NA,NA,NA,NA,-16.67,1
1864-10-27 14:00:00,NA,0,NA,NA,NA,NA,NA,-16.67,2
1864-10-27 21:00:00,NA,0,NA,NA,NA,NA,NA,-22.22,2
1864-10-28 07:00:00,NA,0,NA,NA,NA,NA,NA,-16.67,1
1864-10-28 14:00:00,NA,0,NA,NA,NA,NA,NA,-18.33,1
1864-10-28 21:00:00,NA,0,NA,NA,NA,NA,NA,-22.22,1
1864-10-29 07:00:00,NA,0,NA,NA,NA,NA,NA,-15,1
1864-10-29 14:00:00,NA,180,NA,NA,NA,NA,NA,-16.67,1
1864-10-29 21:00:00,NA,180,NA,NA,NA,NA,NA,-16.67,1
1864-10-30 07:00:00,NA,90,NA,NA,NA,NA,NA,-15.56,1
1864-10-30 14:00:00,NA,90,NA,NA,NA,NA,NA,-18.89,1
1864-10-30 21:00:00,NA,90,NA,NA,NA,NA,NA,-20,1
1864-10-31 07:00:00,NA,90,NA,NA,NA,NA,NA,-16.67,1
1864-10-31 14:00:00,NA,90,NA,NA,NA,NA,NA,-16.11,1
1864-10-31 21:00:00,NA,90,NA,NA,NA,NA,NA,-20.56,1
1864-11-01,NA,NA,NA,0,"empty","empty",0,NA,NA
1864-11-01 07:00:00,NA,180,NA,NA,NA,NA,NA,-12.22,1
1864-11-01 14:00:00,NA,180,NA,NA,NA,NA,NA,0.56,20
1864-11-01 21:00:00,NA,225,NA,NA,NA,NA,NA,-1.67,NA
1864-11-02,NA,NA,NA,0,"empty","empty",0,NA,NA
1864-11-02 07:00:00,NA,0,NA,NA,NA,NA,NA,-9.44,1
1864-11-02 14:00:00,NA,0,NA,NA,NA,NA,NA,-10,1
1864-11-02 21:00:00,NA,0,NA,NA,NA,NA,NA,-18.89,NA
1864-11-03,NA,NA,NA,0,"empty","empty",0,NA,NA
1864-11-03 07:00:00,NA,0,NA,NA,NA,NA,NA,-18.89,1
1864-11-03 14:00:00,NA,0,NA,NA,NA,NA,NA,-15.56,1
1864-11-03 21:00:00,NA,0,NA,NA,NA,NA,NA,-20,1
1864-11-04,NA,NA,NA,0,"empty","empty",0,NA,NA
1864-11-04 07:00:00,NA,0,NA,NA,NA,NA,NA,-19.44,1
1864-11-04 14:00:00,NA,0,NA,NA,NA,NA,NA,-15,1
1864-11-04 21:00:00,NA,0,NA,NA,NA,NA,NA,-16.67,1
1864-11-05,NA,NA,NA,0,"empty","empty",0,NA,NA
1864-11-05 07:00:00,NA,0,NA,NA,NA,NA,NA,-15,1
1864-11-05 14:00:00,NA,0,NA,NA,NA,NA,NA,-13.33,1
1864-11-05 21:00:00,NA,0,NA,NA,NA,NA,NA,-14.44,1
1864-11-06,NA,NA,NA,0,"empty","empty",0,NA,NA
1864-11-06 07:00:00,NA,0,NA,NA,NA,NA,NA,-18.89,1
1864-11-06 14:00:00,NA,0,NA,NA,NA,NA,NA,-16.67,1
1864-11-06 21:00:00,NA,45,NA,NA,NA,NA,NA,-18.33,2
1864-11-07,NA,NA,NA,0,"empty","empty",0,NA,NA
1864-11-07 07:00:00,NA,45,NA,NA,NA,NA,NA,-22.22,1
1864-11-07 14:00:00,NA,45,NA,NA,NA,NA,NA,-16.67,2
1864-11-07 21:00:00,NA,45,NA,NA,NA,NA,NA,-16.67,2
1864-11-08,NA,NA,NA,0,"7am","empty",0,NA,NA
1864-11-08 07:00:00,NA,0,NA,NA,NA,NA,NA,-19.44,2
1864-11-08 14:00:00,NA,0,NA,NA,NA,NA,NA,-15,2
1864-11-08 21:00:00,NA,0,NA,NA,NA,NA,NA,-16.67,2
1864-11-09,NA,NA,NA,25.4,"empty","3am",NA,NA,NA
1864-11-09 07:00:00,NA,0,NA,NA,NA,NA,NA,-18.89,1
1864-11-09 14:00:00,NA,0,NA,NA,NA,NA,NA,-20,1
1864-11-09 21:00:00,NA,135,NA,NA,NA,NA,NA,-21.11,1
1864-11-10,NA,NA,NA,0,"empty","empty",0,NA,NA
1864-11-10 07:00:00,NA,0,NA,NA,NA,NA,NA,-21.67,1
1864-11-10 14:00:00,NA,0,NA,NA,NA,NA,NA,-20,1
1864-11-10 21:00:00,NA,0,NA,NA,NA,NA,NA,-20,1
1864-11-11,NA,NA,NA,0,"empty","empty",0,NA,NA
1864-11-11 07:00:00,NA,0,NA,NA,NA,NA,NA,-20,1
1864-11-11 14:00:00,NA,0,NA,NA,NA,NA,NA,-16.67,1
1864-11-11 21:00:00,NA,0,NA,NA,NA,NA,NA,-19.44,1
1864-11-12,NA,NA,NA,0,"3am","empty",0,NA,NA
1864-11-12 07:00:00,NA,0,NA,NA,NA,NA,NA,-15,1
1864-11-12 14:00:00,NA,0,NA,NA,NA,NA,NA,-14.44,1
1864-11-12 21:00:00,NA,0,NA,NA,NA,NA,NA,-16.11,1
1864-11-13,NA,NA,NA,76.2,"empty","6pm",NA,NA,NA
1864-11-13 07:00:00,NA,0,NA,NA,NA,NA,NA,-15,1
1864-11-13 14:00:00,NA,0,NA,NA,NA,NA,NA,-13.89,1
1864-11-13 21:00:00,NA,0,NA,NA,NA,NA,NA,-19.44,1
1864-11-14,NA,NA,NA,0,"empty","empty",0,NA,NA
1864-11-14 07:00:00,NA,0,NA,NA,NA,NA,NA,-22.22,1
1864-11-14 14:00:00,NA,0,NA,NA,NA,NA,NA,-21.67,1
1864-11-14 21:00:00,NA,0,NA,NA,NA,NA,NA,-22.22,1
1864-11-15,NA,NA,NA,0,"empty","empty",0,NA,NA
1864-11-15 07:00:00,NA,0,NA,NA,NA,NA,NA,-22.22,1
1864-11-15 14:00:00,NA,0,NA,NA,NA,NA,NA,-21.11,1
1864-11-15 21:00:00,NA,0,NA,NA,NA,NA,NA,-22.22,1
1864-11-16,NA,NA,NA,0,"empty","empty",0,NA,NA
1864-11-16 07:00:00,NA,0,NA,NA,NA,NA,NA,-23.33,1
1864-11-16 14:00:00,NA,0,NA,NA,NA,NA,NA,-23.33,1
1864-11-16 21:00:00,NA,0,NA,NA,NA,NA,NA,-28.89,1
1864-11-17,NA,NA,NA,0,"empty","empty",0,NA,NA
1864-11-17 07:00:00,NA,135,NA,NA,NA,NA,NA,-37.78,1
1864-11-17 14:00:00,NA,45,NA,NA,NA,NA,NA,-33.89,1
1864-11-17 21:00:00,NA,90,NA,NA,NA,NA,NA,-36.11,1
1864-11-18,NA,NA,NA,0,"empty","empty",0,NA,NA
1864-11-18 07:00:00,NA,0,NA,NA,NA,NA,NA,-34.44,1
1864-11-18 14:00:00,NA,0,NA,NA,NA,NA,NA,-38.33,1
1864-11-18 21:00:00,NA,0,NA,NA,NA,NA,NA,-33.89,1
1864-11-19,NA,NA,NA,0,"empty","empty",0,NA,NA
1864-11-19 07:00:00,NA,180,NA,NA,NA,NA,NA,-23.33,1
1864-11-19 14:00:00,NA,180,NA,NA,NA,NA,NA,-26.11,2
1864-11-19 21:00:00,NA,180,NA,NA,NA,NA,NA,-10,1
1864-11-20,NA,NA,NA,0,"empty","empty",0,NA,NA
1864-11-20 07:00:00,NA,135,NA,NA,NA,NA,NA,-3.89,2
1864-11-20 14:00:00,NA,180,NA,NA,NA,NA,NA,-9.44,1
1864-11-20 21:00:00,NA,90,NA,NA,NA,NA,NA,-13.33,2
1864-11-21,NA,NA,NA,0,"empty","empty",0,NA,NA
1864-11-21 07:00:00,NA,0,NA,NA,NA,NA,NA,-18.89,1
1864-11-21 14:00:00,NA,0,NA,NA,NA,NA,NA,-16.67,1
1864-11-21 21:00:00,NA,0,NA,NA,NA,NA,NA,-17.22,1
1864-11-22,NA,NA,NA,0,"3am","empty",NA,NA,NA
1864-11-22 07:00:00,NA,0,NA,NA,NA,NA,NA,-16.67,1
1864-11-22 14:00:00,NA,0,NA,NA,NA,NA,NA,-15.56,1
1864-11-22 21:00:00,NA,0,NA,NA,NA,NA,NA,-21.11,1
1864-11-23,NA,NA,NA,25.4,"empty","4am",0,NA,NA
1864-11-23 07:00:00,NA,0,NA,NA,NA,NA,NA,-17.78,1
1864-11-23 14:00:00,NA,0,NA,NA,NA,NA,NA,-16.67,1
1864-11-23 21:00:00,NA,0,NA,NA,NA,NA,NA,-18.89,1
1864-11-24,NA,NA,NA,0,"empty","empty",0,NA,NA
1864-11-24 07:00:00,NA,0,NA,NA,NA,NA,NA,-18.89,1
1864-11-24 14:00:00,NA,0,NA,NA,NA,NA,NA,-20,1
1864-11-24 21:00:00,NA,0,NA,NA,NA,NA,NA,-23.33,1
1864-11-25,NA,NA,NA,0,"10am","empty",0,NA,NA
1864-11-25 07:00:00,NA,0,NA,NA,NA,NA,NA,-31.67,1
1864-11-25 14:00:00,NA,0,NA,NA,NA,NA,NA,-31.67,1
1864-11-25 21:00:00,NA,0,NA,NA,NA,NA,NA,-31.67,11
1864-11-26,NA,NA,NA,0,"empty","empty",0,NA,NA
1864-11-26 07:00:00,NA,0,NA,NA,NA,NA,NA,-28.89,1
1864-11-26 14:00:00,NA,0,NA,NA,NA,NA,NA,-27.78,5
1864-11-26 21:00:00,NA,0,NA,NA,NA,NA,NA,-32.22,5
1864-11-27,NA,NA,NA,0,"empty","empty",0,NA,NA
1864-11-27 07:00:00,NA,0,NA,NA,NA,NA,NA,-31.67,5
1864-11-27 14:00:00,NA,0,NA,NA,NA,NA,NA,-31.67,1
1864-11-27 21:00:00,NA,0,NA,NA,NA,NA,NA,-32.22,1
1864-11-28,NA,NA,NA,76.2,"empty","6pm",0,NA,NA
1864-11-28 07:00:00,NA,90,NA,NA,NA,NA,NA,-33.33,2
1864-11-28 14:00:00,NA,90,NA,NA,NA,NA,NA,-32.78,1
1864-11-28 21:00:00,NA,90,NA,NA,NA,NA,NA,-34.44,1
1864-11-29,NA,NA,NA,0,"empty","empty",0,NA,NA
1864-11-29 07:00:00,NA,90,NA,NA,NA,NA,NA,-42.22,1
1864-11-29 14:00:00,NA,90,NA,NA,NA,NA,NA,-42.78,1
1864-11-29 21:00:00,NA,90,NA,NA,NA,NA,NA,-44.44,1
1864-11-30,NA,NA,NA,0,"empty","empty",0,NA,NA
1864-11-30 07:00:00,NA,90,NA,NA,NA,NA,NA,-45.56,1
1864-11-30 14:00:00,NA,90,NA,NA,NA,NA,NA,-43.33,1
1864-11-30 21:00:00,NA,90,NA,NA,NA,NA,NA,-46.11,1
1864-12-01 07:00:00,NA,90,NA,NA,NA,NA,NA,-40,1
1864-12-01 14:00:00,NA,90,NA,NA,NA,NA,NA,-38.33,1
1864-12-01 21:00:00,NA,90,NA,NA,NA,NA,NA,-37.22,1
1864-12-02 07:00:00,NA,270,NA,NA,NA,NA,NA,-37.22,1
1864-12-02 14:00:00,NA,270,NA,NA,NA,NA,NA,-32.78,1
1864-12-02 21:00:00,NA,270,NA,NA,NA,NA,NA,-6.67,1
1864-12-03 07:00:00,NA,270,NA,NA,NA,NA,NA,-12.22,2
1864-12-03 14:00:00,NA,270,NA,NA,NA,NA,NA,-10.56,1
1864-12-03 21:00:00,NA,270,NA,NA,NA,NA,NA,-7.78,1
1864-12-04,NA,NA,NA,NA,NA,NA,NA,NA,NA
1864-12-04 07:00:00,NA,90,NA,NA,NA,NA,NA,-24.44,1
1864-12-04 14:00:00,NA,90,NA,NA,NA,NA,NA,-25.56,1
1864-12-04 21:00:00,NA,90,NA,NA,NA,NA,NA,-30,1
1864-12-05,NA,NA,NA,NA,"6 am","8 am",NA,NA,NA
1864-12-05 07:00:00,NA,135,NA,NA,NA,NA,NA,-25.56,2
1864-12-05 14:00:00,NA,135,NA,NA,NA,NA,NA,-24.44,2
1864-12-05 21:00:00,NA,135,NA,NA,NA,NA,NA,-25,1
1864-12-06 07:00:00,NA,270,NA,NA,NA,NA,NA,-4.44,1
1864-12-06 14:00:00,NA,270,NA,NA,NA,NA,NA,-2.22,5
1864-12-06 21:00:00,NA,270,NA,NA,NA,NA,NA,-8.89,1
1864-12-07,NA,NA,NA,NA,NA,NA,NA,NA,NA
1864-12-07 07:00:00,NA,90,NA,NA,NA,NA,NA,-22.78,1
1864-12-07 14:00:00,NA,90,NA,NA,NA,NA,NA,-23.33,1
1864-12-07 21:00:00,NA,270,NA,NA,NA,NA,NA,-25.56,1
1864-12-08 07:00:00,NA,135,NA,NA,NA,NA,NA,-25.56,1
1864-12-08 14:00:00,NA,135,NA,NA,NA,NA,NA,-25.56,1
1864-12-08 21:00:00,NA,135,NA,NA,NA,NA,NA,-26.11,1
1864-12-09 07:00:00,NA,90,NA,NA,NA,NA,NA,-22.22,1
1864-12-09 14:00:00,NA,90,NA,NA,NA,NA,NA,-21.11,1
1864-12-09 21:00:00,NA,90,NA,NA,NA,NA,NA,-22.22,1
1864-12-10,NA,NA,NA,NA,NA,NA,NA,NA,NA
1864-12-10 07:00:00,NA,90,NA,NA,NA,NA,NA,-26.11,1
1864-12-10 14:00:00,NA,90,NA,NA,NA,NA,NA,-22.22,1
1864-12-10 21:00:00,NA,90,NA,NA,NA,NA,NA,-22.78,1
1864-12-11,NA,NA,NA,NA,NA,NA,NA,NA,NA
1864-12-11 07:00:00,NA,90,NA,NA,NA,NA,NA,-25.56,1
1864-12-11 14:00:00,NA,90,NA,NA,NA,NA,NA,-24.44,1
1864-12-11 21:00:00,NA,90,NA,NA,NA,NA,NA,-22.78,1
1864-12-12 07:00:00,NA,90,NA,NA,NA,NA,NA,-23.33,1
1864-12-12 14:00:00,NA,90,NA,NA,NA,NA,NA,-23.33,1
1864-12-12 21:00:00,NA,90,NA,NA,NA,NA,NA,-24.44,1
1864-12-13 07:00:00,NA,90,NA,NA,NA,NA,NA,-26.67,1
1864-12-13 14:00:00,NA,90,NA,NA,NA,NA,NA,-26.11,1
1864-12-13 21:00:00,NA,90,NA,NA,NA,NA,NA,-26.67,1
1864-12-14 07:00:00,NA,90,NA,NA,NA,NA,NA,-25.56,1
1864-12-14 14:00:00,NA,90,NA,NA,NA,NA,NA,-24.44,1
1864-12-14 21:00:00,NA,90,NA,NA,NA,NA,NA,-26.11,1
1864-12-15,NA,NA,NA,NA,NA,NA,NA,NA,NA
1864-12-15 07:00:00,NA,90,NA,NA,NA,NA,NA,-25.56,1
1864-12-15 14:00:00,NA,90,NA,NA,NA,NA,NA,-26.67,1
1864-12-15 21:00:00,NA,90,NA,NA,NA,NA,NA,-30.56,1
1864-12-16 07:00:00,NA,90,NA,NA,NA,NA,NA,-36.11,1
1864-12-16 14:00:00,NA,90,NA,NA,NA,NA,NA,-35.56,1
1864-12-16 21:00:00,NA,90,NA,NA,NA,NA,NA,-34.44,1
1864-12-17 07:00:00,NA,90,NA,NA,NA,NA,NA,-28.33,2
1864-12-17 14:00:00,NA,90,NA,NA,NA,NA,NA,-28.33,2
1864-12-17 21:00:00,NA,90,NA,NA,NA,NA,NA,-28.89,2
1864-12-18 07:00:00,NA,90,NA,NA,NA,NA,NA,-26.67,1
1864-12-18 14:00:00,NA,90,NA,NA,NA,NA,NA,-26.11,1
1864-12-18 21:00:00,NA,90,NA,NA,NA,NA,NA,-25.56,1
1864-12-19 07:00:00,NA,270,NA,NA,NA,NA,NA,-22.22,1
1864-12-19 14:00:00,NA,270,NA,NA,NA,NA,NA,-8.89,11
1864-12-19 21:00:00,NA,270,NA,NA,NA,NA,NA,-17.78,1
1864-12-20 07:00:00,NA,270,NA,NA,NA,NA,NA,-16.67,1
1864-12-20 14:00:00,NA,270,NA,NA,NA,NA,NA,-15.56,2
1864-12-20 21:00:00,NA,270,NA,NA,NA,NA,NA,-17.78,2
1864-12-21,NA,NA,NA,NA,"3 am",NA,NA,NA,NA
1864-12-21 07:00:00,NA,0,NA,NA,NA,NA,NA,-17.22,2
1864-12-21 14:00:00,NA,0,NA,NA,NA,NA,NA,-15.56,2
1864-12-21 21:00:00,NA,0,NA,NA,NA,NA,NA,-19.44,2
1864-12-22,NA,NA,NA,50.8,NA,"6 pm",NA,NA,NA
1864-12-22 07:00:00,NA,0,NA,NA,NA,NA,NA,-23.33,2
1864-12-22 14:00:00,NA,0,NA,NA,NA,NA,NA,-21.67,2
1864-12-22 21:00:00,NA,0,NA,NA,NA,NA,NA,-23.33,2
1864-12-23,NA,NA,NA,NA,"2 am",NA,NA,NA,NA
1864-12-23 07:00:00,NA,0,NA,NA,NA,NA,NA,-23.33,2
1864-12-23 14:00:00,NA,0,NA,NA,NA,NA,NA,-22.22,2
1864-12-23 21:00:00,NA,0,NA,NA,NA,NA,NA,-23.33,2
1864-12-24,NA,NA,NA,25.4,NA,"3 pm",NA,NA,NA
1864-12-24 07:00:00,NA,0,NA,NA,NA,NA,NA,-24.44,2
1864-12-24 14:00:00,NA,0,NA,NA,NA,NA,NA,-24.44,2
1864-12-24 21:00:00,NA,0,NA,NA,NA,NA,NA,-25.56,5
1864-12-25,NA,NA,NA,NA,"4 am",NA,NA,NA,NA
1864-12-25 07:00:00,NA,0,NA,NA,NA,NA,NA,-28.89,5
1864-12-25 14:00:00,NA,0,NA,NA,NA,NA,NA,-30,5
1864-12-25 21:00:00,NA,0,NA,NA,NA,NA,NA,-30.56,5
1864-12-26 07:00:00,NA,0,NA,NA,NA,NA,NA,-31.67,5
1864-12-26 14:00:00,NA,0,NA,NA,NA,NA,NA,-31.67,5
1864-12-26 21:00:00,NA,0,NA,NA,NA,NA,NA,-31.67,2
1864-12-27 07:00:00,NA,0,NA,NA,NA,NA,NA,-31.67,2
1864-12-27 14:00:00,NA,0,NA,NA,NA,NA,NA,-32.22,2
1864-12-27 21:00:00,NA,0,NA,NA,NA,NA,NA,-32.22,2
1864-12-28 07:00:00,NA,0,NA,NA,NA,NA,NA,-32.22,2
1864-12-28 14:00:00,NA,0,NA,NA,NA,NA,NA,-31.67,2
1864-12-28 21:00:00,NA,0,NA,NA,NA,NA,NA,-32.22,2
1864-12-29 07:00:00,NA,0,NA,NA,NA,NA,NA,-34.44,1
1864-12-29 14:00:00,NA,0,NA,NA,NA,NA,NA,-33.89,1
1864-12-29 21:00:00,NA,0,NA,NA,NA,NA,NA,-34.44,1
1864-12-30,NA,NA,NA,152.4,NA,"3 am",NA,NA,NA
1864-12-30 07:00:00,NA,0,NA,NA,NA,NA,NA,-37.78,1
1864-12-30 14:00:00,NA,0,NA,NA,NA,NA,NA,-37.78,1
1864-12-30 21:00:00,NA,315,NA,NA,NA,NA,NA,-34.44,2
1864-12-31 07:00:00,NA,0,NA,NA,NA,NA,NA,-32.78,1
1864-12-31 14:00:00,NA,0,NA,NA,NA,NA,NA,-32.78,1
1864-12-31 21:00:00,NA,0,NA,NA,NA,NA,NA,-37.78,1
1865-01-01 07:00:00,NA,90,NA,NA,NA,NA,NA,-38.33,1
1865-01-01 14:00:00,NA,90,NA,NA,NA,NA,NA,-38.33,1
1865-01-01 21:00:00,NA,90,NA,NA,NA,NA,NA,-40,1
1865-01-02 07:00:00,NA,90,NA,NA,NA,NA,NA,-43.33,1
1865-01-02 14:00:00,NA,270,NA,NA,NA,NA,NA,-37.22,1
1865-01-02 21:00:00,NA,0,NA,NA,NA,NA,NA,-38.33,2
1865-01-03 07:00:00,NA,0,NA,NA,NA,NA,NA,-43.89,1
1865-01-03 14:00:00,NA,0,NA,NA,NA,NA,NA,-43.33,1
1865-01-03 21:00:00,NA,0,NA,NA,NA,NA,NA,-43.89,1
1865-01-04 07:00:00,NA,90,NA,NA,NA,NA,NA,-38.89,1
1865-01-04 14:00:00,NA,90,NA,NA,NA,NA,NA,-36.67,1
1865-01-04 21:00:00,NA,90,NA,NA,NA,NA,NA,-32.78,1
1865-01-05,NA,NA,NA,NA,NA,NA,NA,NA,NA
1865-01-05 07:00:00,NA,0,NA,NA,NA,NA,NA,-37.22,1
1865-01-05 14:00:00,NA,0,NA,NA,NA,NA,NA,-37.78,1
1865-01-05 21:00:00,NA,0,NA,NA,NA,NA,NA,-37.78,1
1865-01-06,NA,NA,NA,NA,"3 am","6 pm",NA,NA,NA
1865-01-06 07:00:00,NA,0,NA,NA,NA,NA,NA,-31.67,1
1865-01-06 14:00:00,NA,0,NA,NA,NA,NA,NA,-31.11,1
1865-01-06 21:00:00,NA,180,NA,NA,NA,NA,NA,-37.78,1
1865-01-07 07:00:00,NA,0,NA,NA,NA,NA,NA,-31.11,1
1865-01-07 14:00:00,NA,0,NA,NA,NA,NA,NA,-35,1
1865-01-07 21:00:00,NA,0,NA,NA,NA,NA,NA,-37.22,1
1865-01-08 07:00:00,NA,135,NA,NA,NA,NA,NA,-26.11,1
1865-01-08 14:00:00,NA,135,NA,NA,NA,NA,NA,-26.11,1
1865-01-08 21:00:00,NA,270,NA,NA,NA,NA,NA,-31.67,1
1865-01-09,NA,NA,NA,NA,NA,NA,NA,NA,NA
1865-01-09 07:00:00,NA,90,NA,NA,NA,NA,NA,NA,1
1865-01-09 14:00:00,NA,90,NA,NA,NA,NA,NA,NA,1
1865-01-09 21:00:00,NA,90,NA,NA,NA,NA,NA,NA,1
1865-01-10 07:00:00,NA,90,NA,NA,NA,NA,NA,NA,1
1865-01-10 14:00:00,NA,90,NA,NA,NA,NA,NA,NA,1
1865-01-10 21:00:00,NA,90,NA,NA,NA,NA,NA,NA,1
1865-01-11 07:00:00,NA,180,NA,NA,NA,NA,NA,NA,2
1865-01-11 14:00:00,NA,180,NA,NA,NA,NA,NA,-22.22,2
1865-01-11 21:00:00,NA,180,NA,NA,NA,NA,NA,-26.11,1
1865-01-12 07:00:00,NA,270,NA,NA,NA,NA,NA,-31.67,1
1865-01-12 14:00:00,NA,270,NA,NA,NA,NA,NA,-31.67,1
1865-01-12 21:00:00,NA,270,NA,NA,NA,NA,NA,-31.67,1
1865-01-13 07:00:00,NA,180,NA,NA,NA,NA,NA,-26.67,1
1865-01-13 14:00:00,NA,180,NA,NA,NA,NA,NA,-26.67,1
1865-01-13 21:00:00,NA,180,NA,NA,NA,NA,NA,-26.67,1
1865-01-14,NA,NA,NA,NA,"3 pm","7 pm",NA,NA,NA
1865-01-14 07:00:00,NA,270,NA,NA,NA,NA,NA,-25.56,2
1865-01-14 14:00:00,NA,270,NA,NA,NA,NA,NA,-26.67,2
1865-01-14 21:00:00,NA,270,NA,NA,NA,NA,NA,-25.56,1
1865-01-15,NA,NA,NA,NA,"2 am",NA,NA,NA,NA
1865-01-15 07:00:00,NA,0,NA,NA,NA,NA,NA,-25.56,2
1865-01-15 14:00:00,NA,0,NA,NA,NA,NA,NA,-25.56,2
1865-01-15 21:00:00,NA,0,NA,NA,NA,NA,NA,-25.56,2
1865-01-16 07:00:00,NA,0,NA,NA,NA,NA,NA,-24.44,2
1865-01-16 14:00:00,NA,0,NA,NA,NA,NA,NA,-22.22,2
1865-01-16 21:00:00,NA,0,NA,NA,NA,NA,NA,-22.78,2
1865-01-17,NA,NA,NA,152.4,NA,"6 pm",NA,NA,NA
1865-01-17 07:00:00,NA,0,NA,NA,NA,NA,NA,-22.22,1
1865-01-17 14:00:00,NA,0,NA,NA,NA,NA,NA,-22.22,1
1865-01-17 21:00:00,NA,0,NA,NA,NA,NA,NA,-24.44,1
1865-01-18,NA,NA,NA,NA,NA,NA,NA,NA,NA
1865-01-18 07:00:00,NA,270,NA,NA,NA,NA,NA,-26.67,2
1865-01-18 14:00:00,NA,0,NA,NA,NA,NA,NA,-26.67,2
1865-01-18 21:00:00,NA,270,NA,NA,NA,NA,NA,-26.11,1
1865-01-19,NA,NA,NA,NA,NA,NA,NA,NA,NA
1865-01-19 07:00:00,NA,270,NA,NA,NA,NA,NA,-25.56,2
1865-01-19 14:00:00,NA,270,NA,NA,NA,NA,NA,-26.11,2
1865-01-19 21:00:00,NA,270,NA,NA,NA,NA,NA,-26.67,1
1865-01-20,NA,NA,NA,NA,NA,NA,NA,NA,NA
1865-01-20 07:00:00,NA,180,NA,NA,NA,NA,NA,-9.44,1
1865-01-20 14:00:00,NA,180,NA,NA,NA,NA,NA,-8.89,2
1865-01-20 21:00:00,NA,90,NA,NA,NA,NA,NA,-20,1
1865-01-21 07:00:00,NA,135,NA,NA,NA,NA,NA,-9.44,1
1865-01-21 14:00:00,NA,135,NA,NA,NA,NA,NA,-8.89,2
1865-01-21 21:00:00,NA,135,NA,NA,NA,NA,NA,-19.44,1
1865-01-22 07:00:00,NA,135,NA,NA,NA,NA,NA,-18.89,1
1865-01-22 14:00:00,NA,135,NA,NA,NA,NA,NA,-18.89,1
1865-01-22 21:00:00,NA,135,NA,NA,NA,NA,NA,-18.89,1
1865-01-23 07:00:00,NA,135,NA,NA,NA,NA,NA,-18.89,1
1865-01-23 14:00:00,NA,135,NA,NA,NA,NA,NA,-18.33,2
1865-01-23 21:00:00,NA,135,NA,NA,NA,NA,NA,-19.44,1
1865-01-24 07:00:00,NA,135,NA,NA,NA,NA,NA,-20,1
1865-01-24 14:00:00,NA,180,NA,NA,NA,NA,NA,-18.33,1
1865-01-24 21:00:00,NA,270,NA,NA,NA,NA,NA,-18.89,1
1865-01-25 07:00:00,NA,270,NA,NA,NA,NA,NA,-9.44,5
1865-01-25 14:00:00,NA,270,NA,NA,NA,NA,NA,-7.78,5
1865-01-25 21:00:00,NA,270,NA,NA,NA,NA,NA,-10,1
1865-01-26 07:00:00,NA,270,NA,NA,NA,NA,NA,-15.56,2
1865-01-26 14:00:00,NA,0,NA,NA,NA,NA,NA,-13.33,2
1865-01-26 21:00:00,NA,0,NA,NA,NA,NA,NA,-14.44,1
1865-01-27,NA,NA,NA,NA,NA,NA,NA,NA,NA
1865-01-27 07:00:00,NA,90,NA,NA,NA,NA,NA,-22.22,1
1865-01-27 14:00:00,NA,0,NA,NA,NA,NA,NA,-21.11,1
1865-01-27 21:00:00,NA,90,NA,NA,NA,NA,NA,-31.11,1
1865-01-28,NA,NA,NA,NA,NA,NA,NA,NA,NA
1865-01-28 07:00:00,NA,90,NA,NA,NA,NA,NA,-38.89,1
1865-01-28 14:00:00,NA,90,NA,NA,NA,NA,NA,-36.67,1
1865-01-28 21:00:00,NA,90,NA,NA,NA,NA,NA,-37.78,1
1865-01-29 07:00:00,NA,90,NA,NA,NA,NA,NA,-37.22,1
1865-01-29 14:00:00,NA,90,NA,NA,NA,NA,NA,-36.11,1
1865-01-29 21:00:00,NA,90,NA,NA,NA,NA,NA,-37.22,1
1865-01-30 07:00:00,NA,90,NA,NA,NA,NA,NA,-38.89,1
1865-01-30 14:00:00,NA,90,NA,NA,NA,NA,NA,-37.78,1
1865-01-30 21:00:00,NA,90,NA,NA,NA,NA,NA,-39.44,27
1865-01-31,NA,NA,NA,NA,NA,NA,NA,NA,NA
1865-01-31 07:00:00,NA,90,NA,NA,NA,NA,NA,-42.78,1
1865-01-31 14:00:00,NA,90,NA,NA,NA,NA,NA,-42.22,1
1865-01-31 21:00:00,NA,90,NA,NA,NA,NA,NA,-43.33,1
1865-02-01,NA,NA,NA,0,"empty","empty",0,NA,NA
1865-02-01 07:00:00,NA,90,NA,NA,NA,NA,NA,-43.89,1
1865-02-01 14:00:00,NA,90,NA,NA,NA,NA,NA,-40.56,1
1865-02-01 21:00:00,NA,90,NA,NA,NA,NA,NA,-45.56,1
1865-02-02,NA,NA,NA,0,"empty","empty",0,NA,NA
1865-02-02 07:00:00,NA,90,NA,NA,NA,NA,NA,-48.33,1
1865-02-02 14:00:00,NA,90,NA,NA,NA,NA,NA,-43.89,1
1865-02-02 21:00:00,NA,90,NA,NA,NA,NA,NA,-45.56,1
1865-02-03,NA,NA,NA,0,"empty","empty",0,NA,NA
1865-02-03 07:00:00,NA,90,NA,NA,NA,NA,NA,-44.44,1
1865-02-03 14:00:00,NA,90,NA,NA,NA,NA,NA,-37.22,1
1865-02-03 21:00:00,NA,90,NA,NA,NA,NA,NA,-40,1
1865-02-04,NA,NA,NA,0,"empty","empty",0,NA,NA
1865-02-04 07:00:00,NA,90,NA,NA,NA,NA,NA,-37.22,1
1865-02-04 14:00:00,NA,90,NA,NA,NA,NA,NA,-31.11,1
1865-02-04 21:00:00,NA,90,NA,NA,NA,NA,NA,-32.22,1
1865-02-05,NA,NA,NA,0,"empty","empty",0,NA,NA
1865-02-05 07:00:00,NA,90,NA,NA,NA,NA,NA,-31.11,1
1865-02-05 14:00:00,NA,90,NA,NA,NA,NA,NA,-28.33,1
1865-02-05 21:00:00,NA,90,NA,NA,NA,NA,NA,-29.44,1
1865-02-06,NA,NA,NA,0,"empty","empty",0,NA,NA
1865-02-06 07:00:00,NA,90,NA,NA,NA,NA,NA,-23.33,1
1865-02-06 14:00:00,NA,90,NA,NA,NA,NA,NA,-22.22,1
1865-02-06 21:00:00,NA,90,NA,NA,NA,NA,NA,-21.67,1
1865-02-07,NA,NA,NA,0,"empty","empty",0,NA,NA
1865-02-07 07:00:00,NA,315,NA,NA,NA,NA,NA,-14.44,5
1865-02-07 14:00:00,NA,270,NA,NA,NA,NA,NA,-11.67,2
1865-02-07 21:00:00,NA,270,NA,NA,NA,NA,NA,-15.56,1
1865-02-08,NA,NA,NA,0,"empty","empty",0,NA,NA
1865-02-08 07:00:00,NA,270,NA,NA,NA,NA,NA,-22.22,2
1865-02-08 14:00:00,NA,270,NA,NA,NA,NA,NA,-8.89,2
1865-02-08 21:00:00,NA,270,NA,NA,NA,NA,NA,-12.22,2
1865-02-09,NA,NA,NA,0,"empty","empty",0,NA,NA
1865-02-09 07:00:00,NA,90,NA,NA,NA,NA,NA,-27.78,1
1865-02-09 14:00:00,NA,90,NA,NA,NA,NA,NA,-26.11,1
1865-02-09 21:00:00,NA,90,NA,NA,NA,NA,NA,-28.33,1
1865-02-10,NA,NA,NA,0,"empty","empty",0,NA,NA
1865-02-10 07:00:00,NA,0,NA,NA,NA,NA,NA,-31.11,1
1865-02-10 14:00:00,NA,270,NA,NA,NA,NA,NA,-27.78,1
1865-02-10 21:00:00,NA,270,NA,NA,NA,NA,NA,-30,1
1865-02-11,NA,NA,NA,0,"empty","empty",0,NA,NA
1865-02-11 07:00:00,NA,90,NA,NA,NA,NA,NA,-37.22,1
1865-02-11 14:00:00,NA,90,NA,NA,NA,NA,NA,-33.89,1
1865-02-11 21:00:00,NA,90,NA,NA,NA,NA,NA,-34.44,1
1865-02-12,NA,NA,NA,0,"4 am","empty",0,NA,NA
1865-02-12 07:00:00,NA,0,NA,NA,NA,NA,NA,-43.89,2
1865-02-12 14:00:00,NA,0,NA,NA,NA,NA,NA,-37.78,2
1865-02-12 21:00:00,NA,0,NA,NA,NA,NA,NA,-38.33,2
1865-02-13,NA,NA,NA,50.8,"empty","4 pm",0,NA,NA
1865-02-13 07:00:00,NA,0,NA,NA,NA,NA,NA,-44.44,5
1865-02-13 14:00:00,NA,0,NA,NA,NA,NA,NA,-37.22,5
1865-02-13 21:00:00,NA,0,NA,NA,NA,NA,NA,-37.78,5
1865-02-14,NA,NA,NA,0,"empty","empty",0,NA,NA
1865-02-14 07:00:00,NA,0,NA,NA,NA,NA,NA,-36.67,2
1865-02-14 14:00:00,NA,0,NA,NA,NA,NA,NA,-33.89,2
1865-02-14 21:00:00,NA,0,NA,NA,NA,NA,NA,-36.11,1
1865-02-15,NA,NA,NA,0,"empty","empty",0,NA,NA
1865-02-15 07:00:00,NA,0,NA,NA,NA,NA,NA,-22.22,1
1865-02-15 14:00:00,NA,90,NA,NA,NA,NA,NA,-37.22,1
1865-02-15 21:00:00,NA,90,NA,NA,NA,NA,NA,-34.44,1
1865-02-16,NA,NA,NA,0,"empty","empty",0,NA,NA
1865-02-16 07:00:00,NA,0,NA,NA,NA,NA,NA,-37.78,1
1865-02-16 14:00:00,NA,0,NA,NA,NA,NA,NA,-37.78,1
1865-02-16 21:00:00,NA,0,NA,NA,NA,NA,NA,-31.67,1
1865-02-17,NA,NA,NA,0,"empty","empty",0,NA,NA
1865-02-17 07:00:00,NA,0,NA,NA,NA,NA,NA,-33.33,1
1865-02-17 14:00:00,NA,0,NA,NA,NA,NA,NA,-37.22,1
1865-02-17 21:00:00,NA,90,NA,NA,NA,NA,NA,-31.11,1
1865-02-18,NA,NA,NA,0,"empty","empty",0,NA,NA
1865-02-18 07:00:00,NA,0,NA,NA,NA,NA,NA,-33.89,1
1865-02-18 14:00:00,NA,90,NA,NA,NA,NA,NA,-37.22,1
1865-02-18 21:00:00,NA,90,NA,NA,NA,NA,NA,-31.11,1
1865-02-19,NA,NA,NA,0,"empty","empty",0,NA,NA
1865-02-19 07:00:00,NA,0,NA,NA,NA,NA,NA,-33.33,1
1865-02-19 14:00:00,NA,0,NA,NA,NA,NA,NA,-28.89,1
1865-02-19 21:00:00,NA,0,NA,NA,NA,NA,NA,-25.56,1
1865-02-20,NA,NA,NA,0,"empty","empty",0,NA,NA
1865-02-20 07:00:00,NA,0,NA,NA,NA,NA,NA,-26.67,1
1865-02-20 14:00:00,NA,90,NA,NA,NA,NA,NA,-28.33,1
1865-02-20 21:00:00,NA,90,NA,NA,NA,NA,NA,-25.56,1
1865-02-21,NA,NA,NA,0,"empty","empty",0,NA,NA
1865-02-21 07:00:00,NA,315,NA,NA,NA,NA,NA,-28.89,1
1865-02-21 14:00:00,NA,315,NA,NA,NA,NA,NA,-32.22,1
1865-02-21 21:00:00,NA,315,NA,NA,NA,NA,NA,-26.11,1
1865-02-22,NA,NA,NA,0,"4 am","empty",0,NA,NA
1865-02-22 07:00:00,NA,315,NA,NA,NA,NA,NA,-27.78,5
1865-02-22 14:00:00,NA,315,NA,NA,NA,NA,NA,-28.89,5
1865-02-22 21:00:00,NA,315,NA,NA,NA,NA,NA,-26.11,5
1865-02-23,NA,NA,NA,76.2,"empty","4 am",0,NA,NA
1865-02-23 07:00:00,NA,90,NA,NA,NA,NA,NA,-30.56,1
1865-02-23 14:00:00,NA,90,NA,NA,NA,NA,NA,-34.44,1
1865-02-23 21:00:00,NA,270,NA,NA,NA,NA,NA,-31.67,2
1865-02-24,NA,NA,NA,0,"empty","empty",0,NA,NA
1865-02-24 07:00:00,NA,90,NA,NA,NA,NA,NA,-38.89,1
1865-02-24 14:00:00,NA,90,NA,NA,NA,NA,NA,-40,1
1865-02-24 21:00:00,NA,90,NA,NA,NA,NA,NA,-34.44,1
1865-02-25,NA,NA,NA,0,"empty","empty",0,NA,NA
1865-02-25 07:00:00,NA,NA,NA,NA,NA,NA,NA,-42.78,0
1865-02-25 14:00:00,NA,NA,NA,NA,NA,NA,NA,-38.33,0
1865-02-25 21:00:00,NA,NA,NA,NA,NA,NA,NA,-37.22,0
1865-02-26,NA,NA,NA,0,"empty","empty",0,NA,NA
1865-02-26 07:00:00,NA,90,NA,NA,NA,NA,NA,-44.44,1
1865-02-26 14:00:00,NA,90,NA,NA,NA,NA,NA,-43.33,1
1865-02-26 21:00:00,NA,90,NA,NA,NA,NA,NA,-37.78,1
1865-02-27,NA,NA,NA,0,"empty","empty",0,NA,NA
1865-02-27 07:00:00,NA,90,NA,NA,NA,NA,NA,-28.33,2
1865-02-27 14:00:00,NA,270,NA,NA,NA,NA,NA,-37.22,1
1865-02-27 21:00:00,NA,90,NA,NA,NA,NA,NA,-31.11,1
1865-02-28,NA,NA,NA,0,"empty","empty",0,NA,NA
1865-02-28 07:00:00,NA,90,NA,NA,NA,NA,NA,-37.78,1
1865-02-28 14:00:00,NA,90,NA,NA,NA,NA,NA,-40,1
1865-02-28 21:00:00,NA,90,NA,NA,NA,NA,NA,-37.78,1
1865-03-01,NA,NA,NA,0,"empty","empty",0,NA,NA
1865-03-01 07:00:00,NA,90,NA,NA,NA,NA,NA,-41.67,1
1865-03-01 14:00:00,NA,90,NA,NA,NA,NA,NA,-37.78,1
1865-03-01 21:00:00,NA,90,NA,NA,NA,NA,NA,-40,2
1865-03-02,NA,NA,NA,0,"empty","empty",0,NA,NA
1865-03-02 07:00:00,NA,90,NA,NA,NA,NA,NA,-42.22,2
1865-03-02 14:00:00,NA,90,NA,NA,NA,NA,NA,-37.78,2
1865-03-02 21:00:00,NA,90,NA,NA,NA,NA,NA,-31.67,2
1865-03-03,NA,NA,NA,0,"empty","empty",0,NA,NA
1865-03-03 07:00:00,NA,0,NA,NA,NA,NA,NA,-41.67,1
1865-03-03 14:00:00,NA,0,NA,NA,NA,NA,NA,-32.22,1
1865-03-03 21:00:00,NA,0,NA,NA,NA,NA,NA,-34.44,1
1865-03-04,NA,NA,NA,0,"empty","empty",0,NA,NA
1865-03-04 07:00:00,NA,90,NA,NA,NA,NA,NA,-42.22,1
1865-03-04 14:00:00,NA,90,NA,NA,NA,NA,NA,-30.56,1
1865-03-04 21:00:00,NA,90,NA,NA,NA,NA,NA,-34.44,1
1865-03-05,NA,NA,NA,0,"empty","empty",0,NA,NA
1865-03-05 07:00:00,NA,90,NA,NA,NA,NA,NA,-36.11,1
1865-03-05 14:00:00,NA,90,NA,NA,NA,NA,NA,-31.67,1
1865-03-05 21:00:00,NA,90,NA,NA,NA,NA,NA,-34.44,1
1865-03-06,NA,NA,NA,0,"empty","empty",0,NA,NA
1865-03-06 07:00:00,NA,90,NA,NA,NA,NA,NA,-40,2
1865-03-06 14:00:00,NA,90,NA,NA,NA,NA,NA,-45.56,2
1865-03-06 21:00:00,NA,90,NA,NA,NA,NA,NA,-31.67,1
1865-03-07,NA,NA,NA,0,"empty","empty",0,NA,NA
1865-03-07 07:00:00,NA,NA,NA,NA,NA,NA,NA,-40,0
1865-03-07 14:00:00,NA,NA,NA,NA,NA,NA,NA,-26.11,0
1865-03-07 21:00:00,NA,NA,NA,NA,NA,NA,NA,-28.89,0
1865-03-08,NA,NA,NA,0,"empty","empty",0,NA,NA
1865-03-08 07:00:00,NA,90,NA,NA,NA,NA,NA,-41.67,1
1865-03-08 14:00:00,NA,270,NA,NA,NA,NA,NA,-26.67,1
1865-03-08 21:00:00,NA,90,NA,NA,NA,NA,NA,-29.44,1
1865-03-09,NA,NA,NA,0,"empty","empty",0,NA,NA
1865-03-09 07:00:00,NA,90,NA,NA,NA,NA,NA,-43.89,1
1865-03-09 14:00:00,NA,90,NA,NA,NA,NA,NA,-30,1
1865-03-09 21:00:00,NA,90,NA,NA,NA,NA,NA,-34.44,1
1865-03-10,NA,NA,NA,0,"empty","empty",0,NA,NA
1865-03-10 07:00:00,NA,90,NA,NA,NA,NA,NA,-47.22,1
1865-03-10 14:00:00,NA,NA,NA,NA,NA,NA,NA,-32.22,0
1865-03-10 21:00:00,NA,NA,NA,NA,NA,NA,NA,-40,0
1865-03-11,NA,NA,NA,0,"empty","empty",0,NA,NA
1865-03-11 07:00:00,NA,90,NA,NA,NA,NA,NA,-43.89,1
1865-03-11 14:00:00,NA,180,NA,NA,NA,NA,NA,-26.11,1
1865-03-11 21:00:00,NA,90,NA,NA,NA,NA,NA,-34.44,1
1865-03-12,NA,NA,NA,0,"empty","empty",0,NA,NA
1865-03-12 07:00:00,NA,90,NA,NA,NA,NA,NA,-37.22,1
1865-03-12 14:00:00,NA,90,NA,NA,NA,NA,NA,-26.11,1
1865-03-12 21:00:00,NA,0,NA,NA,NA,NA,NA,-32.78,1
1865-03-13,NA,NA,NA,0,"empty","empty",0,NA,NA
1865-03-13 07:00:00,NA,0,NA,NA,NA,NA,NA,-33.89,2
1865-03-13 14:00:00,NA,0,NA,NA,NA,NA,NA,-25.56,1
1865-03-13 21:00:00,NA,0,NA,NA,NA,NA,NA,-30.56,1
1865-03-14,NA,NA,NA,0,"2 pm",NA,0,NA,NA
1865-03-14 07:00:00,NA,90,NA,NA,NA,NA,NA,-31.67,1
1865-03-14 14:00:00,NA,0,NA,NA,NA,NA,NA,-25.56,1
1865-03-14 21:00:00,NA,0,NA,NA,NA,NA,NA,-31.11,1
1865-03-15,NA,NA,NA,0,"empty","empty",0,NA,NA
1865-03-15 07:00:00,NA,90,NA,NA,NA,NA,NA,-37.22,1
1865-03-15 14:00:00,NA,90,NA,NA,NA,NA,NA,-26.11,1
1865-03-15 21:00:00,NA,90,NA,NA,NA,NA,NA,-31.11,1
1865-03-16,NA,NA,NA,0,"empty","empty",0,NA,NA
1865-03-16 07:00:00,NA,0,NA,NA,NA,NA,NA,-33.89,1
1865-03-16 14:00:00,NA,0,NA,NA,NA,NA,NA,-25.56,1
1865-03-16 21:00:00,NA,0,NA,NA,NA,NA,NA,-28.89,1
1865-03-17,NA,NA,NA,0,"4 pm","empty",0,NA,NA
1865-03-17 07:00:00,NA,0,NA,NA,NA,NA,NA,-37.22,2
1865-03-17 14:00:00,NA,0,NA,NA,NA,NA,NA,-26.11,2
1865-03-17 21:00:00,NA,0,NA,NA,NA,NA,NA,-30.56,2
1865-03-18,NA,NA,NA,0,"empty","empty",0,NA,NA
1865-03-18 07:00:00,NA,0,NA,NA,NA,NA,NA,-31.67,1
1865-03-18 14:00:00,NA,180,NA,NA,NA,NA,NA,-26.11,1
1865-03-18 21:00:00,NA,0,NA,NA,NA,NA,NA,-28.33,1
1865-03-19,NA,NA,NA,50.8,"empty","11 pm",0,NA,NA
1865-03-19 07:00:00,NA,0,NA,NA,NA,NA,NA,-28.89,2
1865-03-19 14:00:00,NA,0,NA,NA,NA,NA,NA,-26.11,1
1865-03-19 21:00:00,NA,0,NA,NA,NA,NA,NA,-27.78,2
1865-03-20,NA,NA,NA,0,"empty","empty",0,NA,NA
1865-03-20 07:00:00,NA,0,NA,NA,NA,NA,NA,-30.56,1
1865-03-20 14:00:00,NA,0,NA,NA,NA,NA,NA,-23.33,2
1865-03-20 21:00:00,NA,0,NA,NA,NA,NA,NA,-25.56,1
1865-03-21,NA,NA,NA,0,"empty","empty",0,NA,NA
1865-03-21 07:00:00,NA,NA,NA,NA,NA,NA,NA,-32.78,NA
1865-03-21 14:00:00,NA,NA,NA,NA,NA,NA,NA,NA,NA
1865-03-21 21:00:00,NA,NA,NA,NA,NA,NA,NA,NA,NA
1865-03-22,NA,NA,NA,0,"empty","empty",0,NA,NA
1865-03-22 07:00:00,NA,NA,NA,NA,NA,NA,NA,-17.78,NA
1865-03-22 14:00:00,NA,NA,NA,NA,NA,NA,NA,-17.78,NA
1865-03-22 21:00:00,NA,NA,NA,NA,NA,NA,NA,-17.78,NA
1865-03-23,NA,NA,NA,0,"empty","empty",0,NA,NA
1865-03-23 07:00:00,NA,NA,NA,NA,NA,NA,NA,NA,NA
1865-03-23 14:00:00,NA,NA,NA,NA,NA,NA,NA,NA,NA
1865-03-23 21:00:00,NA,NA,NA,NA,NA,NA,NA,NA,NA
1865-03-24,NA,NA,NA,0,"empty","empty",0,NA,NA
1865-03-24 07:00:00,NA,NA,NA,NA,NA,NA,NA,NA,NA
1865-03-24 14:00:00,NA,NA,NA,NA,NA,NA,NA,NA,NA
1865-03-24 21:00:00,NA,NA,NA,NA,NA,NA,NA,NA,NA
1865-03-25,NA,NA,NA,0,"empty","empty",0,NA,NA
1865-03-25 07:00:00,NA,NA,NA,NA,NA,NA,NA,NA,NA
1865-03-25 14:00:00,NA,NA,NA,NA,NA,NA,NA,NA,NA
1865-03-25 21:00:00,NA,NA,NA,NA,NA,NA,NA,NA,NA
1865-03-26,NA,NA,NA,0,"empty","empty",0,NA,NA
1865-03-26 07:00:00,NA,NA,NA,NA,NA,NA,NA,NA,NA
1865-03-26 14:00:00,NA,NA,NA,NA,NA,NA,NA,NA,NA
1865-03-26 21:00:00,NA,NA,NA,NA,NA,NA,NA,NA,NA
1865-03-27,NA,NA,NA,0,"empty","empty",0,NA,NA
1865-03-27 07:00:00,NA,0,NA,NA,NA,NA,NA,-23.33,1
1865-03-27 14:00:00,NA,0,NA,NA,NA,NA,NA,-26.11,1
1865-03-27 21:00:00,NA,0,NA,NA,NA,NA,NA,-18.89,1
1865-03-28,NA,NA,NA,0,"empty","empty",0,NA,NA
1865-03-28 07:00:00,NA,0,NA,NA,NA,NA,NA,-23.89,1
1865-03-28 14:00:00,NA,0,NA,NA,NA,NA,NA,-26.67,1
1865-03-28 21:00:00,NA,0,NA,NA,NA,NA,NA,-19.44,1
1865-03-29,NA,NA,NA,0,"empty","empty",0,NA,NA
1865-03-29 07:00:00,NA,0,NA,NA,NA,NA,NA,-23.33,1
1865-03-29 14:00:00,NA,0,NA,NA,NA,NA,NA,-26.11,1
1865-03-29 21:00:00,NA,0,NA,NA,NA,NA,NA,-26.67,1
1865-03-30,NA,NA,NA,0,"empty","empty",0,NA,NA
1865-03-30 07:00:00,NA,0,NA,NA,NA,NA,NA,-23.33,1
1865-03-30 14:00:00,NA,0,NA,NA,NA,NA,NA,-8.89,1
1865-03-30 21:00:00,NA,0,NA,NA,NA,NA,NA,-18.33,1
1865-03-31,NA,NA,NA,0,"empty","empty",0,NA,NA
1865-03-31 07:00:00,NA,0,NA,NA,NA,NA,NA,-23.89,1
1865-03-31 14:00:00,NA,0,NA,NA,NA,NA,NA,-20.56,1
1865-03-31 21:00:00,NA,0,NA,NA,NA,NA,NA,-20.56,1
1865-04-01,NA,NA,NA,0,"empty","empty",0,NA,NA
1865-04-01 07:00:00,NA,315,NA,NA,NA,NA,NA,-20.56,1
1865-04-01 14:00:00,NA,315,NA,NA,NA,NA,NA,-14.44,1
1865-04-01 21:00:00,NA,315,NA,NA,NA,NA,NA,-19.44,1
1865-04-02,NA,NA,NA,NA,NA,NA,NA,NA,NA
1865-04-02 07:00:00,NA,0,NA,NA,NA,NA,NA,-23.33,1
1865-04-02 14:00:00,NA,0,NA,NA,NA,NA,NA,-15,1
1865-04-02 21:00:00,NA,0,NA,NA,NA,NA,NA,-18.89,1
1865-04-03 07:00:00,NA,90,NA,NA,NA,NA,NA,-19.44,2
1865-04-03 14:00:00,NA,90,NA,NA,NA,NA,NA,-9.44,1
1865-04-03 21:00:00,NA,90,NA,NA,NA,NA,NA,-15.56,1
1865-04-04 07:00:00,NA,315,NA,NA,NA,NA,NA,-15,1
1865-04-04 14:00:00,NA,315,NA,NA,NA,NA,NA,-3.89,2
1865-04-04 21:00:00,NA,90,NA,NA,NA,NA,NA,-12.22,1
1865-04-05 07:00:00,NA,90,NA,NA,NA,NA,NA,-15.56,2
1865-04-05 14:00:00,NA,90,NA,NA,NA,NA,NA,-3.33,2
1865-04-05 21:00:00,NA,90,NA,NA,NA,NA,NA,-13.33,1
1865-04-06 07:00:00,NA,90,NA,NA,NA,NA,NA,-16.11,5
1865-04-06 14:00:00,NA,90,NA,NA,NA,NA,NA,-6.67,2
1865-04-06 21:00:00,NA,90,NA,NA,NA,NA,NA,-10,2
1865-04-07,NA,NA,NA,NA,NA,NA,NA,NA,NA
1865-04-07 07:00:00,NA,180,NA,NA,NA,NA,NA,-1.11,5
1865-04-07 14:00:00,NA,180,NA,NA,NA,NA,NA,10,1
1865-04-07 21:00:00,NA,180,NA,NA,NA,NA,NA,-1.11,1
1865-04-08 07:00:00,NA,270,NA,NA,NA,NA,NA,4.44,1
1865-04-08 14:00:00,NA,270,NA,NA,NA,NA,NA,10.56,1
1865-04-08 21:00:00,NA,0,NA,NA,NA,NA,NA,-1.11,1
1865-04-09 07:00:00,NA,270,NA,NA,NA,NA,NA,-1.11,1
1865-04-09 14:00:00,NA,270,NA,NA,NA,NA,NA,4.44,1
1865-04-09 21:00:00,NA,270,NA,NA,NA,NA,NA,-2.22,1
1865-04-10,NA,NA,NA,NA,NA,NA,NA,NA,NA
1865-04-10 07:00:00,NA,0,NA,NA,NA,NA,NA,-1.11,1
1865-04-10 14:00:00,NA,0,NA,NA,NA,NA,NA,3.33,1
1865-04-10 21:00:00,NA,0,NA,NA,NA,NA,NA,-6.67,1
1865-04-11 07:00:00,NA,0,NA,NA,NA,NA,NA,-6.67,1
1865-04-11 14:00:00,NA,0,NA,NA,NA,NA,NA,0.56,1
1865-04-11 21:00:00,NA,0,NA,NA,NA,NA,NA,-1.67,1
1865-04-12,NA,NA,NA,50.8,"4 am","4 pm",0,NA,NA
1865-04-12 07:00:00,NA,0,NA,NA,NA,NA,NA,-6.67,5
1865-04-12 14:00:00,NA,0,NA,NA,NA,NA,NA,-2.22,2
1865-04-12 21:00:00,NA,0,NA,NA,NA,NA,NA,-6.67,2
1865-04-13,NA,NA,NA,0,"empty","empty",0,NA,NA
1865-04-13 07:00:00,NA,0,NA,NA,NA,NA,NA,-10,1
1865-04-13 14:00:00,NA,0,NA,NA,NA,NA,NA,0,1
1865-04-13 21:00:00,NA,0,NA,NA,NA,NA,NA,-6.67,1
1865-04-14 07:00:00,NA,0,NA,NA,NA,NA,NA,-12.22,1
1865-04-14 14:00:00,NA,0,NA,NA,NA,NA,NA,-6.67,1
1865-04-14 21:00:00,NA,0,NA,NA,NA,NA,NA,-12.22,1
1865-04-15 07:00:00,NA,0,NA,NA,NA,NA,NA,-15,1
1865-04-15 14:00:00,NA,0,NA,NA,NA,NA,NA,-1.67,1
1865-04-15 21:00:00,NA,0,NA,NA,NA,NA,NA,-9.44,1
1865-04-16,NA,NA,NA,0,"4 pm","empty",0,NA,NA
1865-04-16 07:00:00,NA,0,NA,NA,NA,NA,NA,-15,2
1865-04-16 14:00:00,NA,0,NA,NA,NA,NA,NA,-9.44,2
1865-04-16 21:00:00,NA,0,NA,NA,NA,NA,NA,-6.67,2
1865-04-17,NA,NA,NA,50.8,"empty","6 am",0,NA,NA
1865-04-17 07:00:00,NA,0,NA,NA,NA,NA,NA,-13.33,2
1865-04-17 14:00:00,NA,0,NA,NA,NA,NA,NA,-8.89,2
1865-04-17 21:00:00,NA,0,NA,NA,NA,NA,NA,-13.89,2
1865-04-18,NA,NA,NA,0,"empty","empty",0,NA,NA
1865-04-18 07:00:00,NA,0,NA,NA,NA,NA,NA,-12.22,1
1865-04-18 14:00:00,NA,0,NA,NA,NA,NA,NA,-7.78,1
1865-04-18 21:00:00,NA,0,NA,NA,NA,NA,NA,-10,1
1865-04-19 07:00:00,NA,NA,NA,NA,NA,NA,NA,-12.22,NA
1865-04-19 14:00:00,NA,NA,NA,NA,NA,NA,NA,-9.44,NA
1865-04-19 21:00:00,NA,NA,NA,NA,NA,NA,NA,-11.11,NA
1865-04-20,NA,NA,NA,0,"4 am","10 am",0,NA,NA
1865-04-20 07:00:00,NA,0,NA,NA,NA,NA,NA,-12.22,2
1865-04-20 14:00:00,NA,0,NA,NA,NA,NA,NA,-9.44,2
1865-04-20 21:00:00,NA,0,NA,NA,NA,NA,NA,-22.78,2
1865-04-21,NA,NA,NA,0,"7 pm","empty",0,NA,NA
1865-04-21 07:00:00,NA,0,NA,NA,NA,NA,NA,-15,1
1865-04-21 14:00:00,NA,0,NA,NA,NA,NA,NA,-12.22,2
1865-04-21 21:00:00,NA,0,NA,NA,NA,NA,NA,-18.89,1
1865-04-22,NA,NA,NA,0,"empty","empty",0,NA,NA
1865-04-22 07:00:00,NA,315,NA,NA,NA,NA,NA,-9.44,1
1865-04-22 14:00:00,NA,315,NA,NA,NA,NA,NA,-5.56,1
1865-04-22 21:00:00,NA,0,NA,NA,NA,NA,NA,-9.44,1
1865-04-23,NA,NA,NA,76.2,"empty","4 pm",0,NA,NA
1865-04-23 07:00:00,NA,0,NA,NA,NA,NA,NA,-8.89,1
1865-04-23 14:00:00,NA,0,NA,NA,NA,NA,NA,-6.67,2
1865-04-23 21:00:00,NA,0,NA,NA,NA,NA,NA,-10,1
1865-04-24,NA,NA,NA,0,"empty","empty",0,NA,NA
1865-04-24 07:00:00,NA,270,NA,NA,NA,NA,NA,-12.22,1
1865-04-24 14:00:00,NA,270,NA,NA,NA,NA,NA,-1.11,5
1865-04-24 21:00:00,NA,270,NA,NA,NA,NA,NA,-6.67,2
1865-04-25 07:00:00,NA,270,NA,NA,NA,NA,NA,-12.22,1
1865-04-25 14:00:00,NA,270,NA,NA,NA,NA,NA,-3.89,1
1865-04-25 21:00:00,NA,0,NA,NA,NA,NA,NA,-9.44,1
1865-04-26 07:00:00,NA,225,NA,NA,NA,NA,NA,-2.22,1
1865-04-26 14:00:00,NA,225,NA,NA,NA,NA,NA,4.44,1
1865-04-26 21:00:00,NA,0,NA,NA,NA,NA,NA,-2.78,1
1865-04-27 07:00:00,NA,180,NA,NA,NA,NA,NA,-1.11,1
1865-04-27 14:00:00,NA,180,NA,NA,NA,NA,NA,1.67,1
1865-04-27 21:00:00,NA,0,NA,NA,NA,NA,NA,-4.44,1
1865-04-28 07:00:00,NA,135,NA,NA,NA,NA,NA,-1.11,1
1865-04-28 14:00:00,NA,135,NA,NA,NA,NA,NA,6.11,1
1865-04-28 21:00:00,NA,135,NA,NA,NA,NA,NA,-1.11,1
1865-04-29 07:00:00,NA,90,NA,NA,NA,NA,NA,-1.11,1
1865-04-29 14:00:00,NA,90,NA,NA,NA,NA,NA,11.67,1
1865-04-29 21:00:00,NA,90,NA,NA,NA,NA,NA,-2.22,1
1865-04-30,NA,NA,NA,0,"11 pm","empty",0,NA,NA
1865-04-30 07:00:00,NA,90,NA,NA,NA,NA,NA,-1.11,1
1865-04-30 14:00:00,NA,0,NA,NA,NA,NA,NA,1.11,1
1865-04-30 21:00:00,NA,0,NA,NA,NA,NA,NA,-1.67,1
1865-05-01,NA,NA,NA,25.4,"empty","9 am",0,NA,NA
1865-05-01 07:00:00,NA,270,NA,NA,NA,NA,NA,-3.89,2
1865-05-01 14:00:00,NA,0,NA,NA,NA,NA,NA,-1.11,1
1865-05-01 21:00:00,NA,NA,NA,NA,NA,NA,NA,-9.44,NA
1865-05-02,NA,NA,NA,0,"empty","empty",0,NA,NA
1865-05-02 07:00:00,NA,0,NA,NA,NA,NA,NA,-12.22,1
1865-05-02 14:00:00,NA,0,NA,NA,NA,NA,NA,-9.44,1
1865-05-02 21:00:00,NA,NA,NA,NA,NA,NA,NA,-19.44,NA
1865-05-03,NA,NA,NA,0,"empty","empty",0,NA,NA
1865-05-03 07:00:00,NA,0,NA,NA,NA,NA,NA,-12.22,1
1865-05-03 14:00:00,NA,270,NA,NA,NA,NA,NA,-6.67,1
1865-05-03 21:00:00,NA,NA,NA,NA,NA,NA,NA,-9.44,0
1865-05-04,NA,NA,NA,NA,"11 pm","6 am",NA,NA,NA
1865-05-04 07:00:00,NA,0,NA,NA,NA,NA,NA,-12.22,1
1865-05-04 14:00:00,NA,0,NA,NA,NA,NA,NA,-3.89,1
1865-05-04 21:00:00,NA,NA,NA,NA,NA,NA,NA,-16.67,NA
1865-05-05,NA,NA,NA,0,"empty","empty",0,NA,NA
1865-05-05 07:00:00,NA,0,NA,NA,NA,NA,NA,-11.11,1
1865-05-05 14:00:00,NA,135,NA,NA,NA,NA,NA,-5,1
1865-05-05 21:00:00,NA,NA,NA,NA,NA,NA,NA,-18.89,NA
1865-05-06,NA,NA,NA,0,"empty","empty",0,NA,NA
1865-05-06 07:00:00,NA,90,NA,NA,NA,NA,NA,-9.44,2
1865-05-06 14:00:00,NA,225,NA,NA,NA,NA,NA,1.67,5
1865-05-06 21:00:00,NA,NA,NA,NA,NA,NA,NA,-6.67,NA
1865-05-07,NA,NA,NA,0,"empty","empty",0,NA,NA
1865-05-07 07:00:00,NA,90,NA,NA,NA,NA,NA,-6.67,1
1865-05-07 14:00:00,NA,90,NA,NA,NA,NA,NA,-1.67,1
1865-05-07 21:00:00,NA,NA,NA,NA,NA,NA,NA,-4.44,NA
1865-05-08,NA,NA,NA,0,"empty","empty",0,NA,NA
1865-05-08 07:00:00,NA,90,NA,NA,NA,NA,NA,1.67,1
1865-05-08 14:00:00,NA,180,NA,NA,NA,NA,NA,7.22,1
1865-05-08 21:00:00,NA,NA,NA,NA,NA,NA,NA,0,NA
1865-05-09,NA,NA,NA,0,"empty","empty",0,NA,NA
1865-05-09 07:00:00,NA,90,NA,NA,NA,NA,NA,0,1
1865-05-09 14:00:00,NA,90,NA,NA,NA,NA,NA,2.22,1
1865-05-09 21:00:00,NA,NA,NA,NA,NA,NA,NA,-2.78,NA
1865-05-10,NA,NA,NA,0,"empty","empty",0,NA,NA
1865-05-10 07:00:00,NA,45,NA,NA,NA,NA,NA,-3.89,1
1865-05-10 14:00:00,NA,45,NA,NA,NA,NA,NA,0.56,1
1865-05-10 21:00:00,NA,NA,NA,NA,NA,NA,NA,-6.67,NA
1865-05-11,NA,NA,NA,0,"1 am","empty",0,NA,NA
1865-05-11 07:00:00,NA,180,NA,NA,NA,NA,NA,1.67,1
1865-05-11 14:00:00,NA,0,NA,NA,NA,NA,NA,-1.11,2
1865-05-11 21:00:00,NA,NA,NA,NA,NA,NA,NA,-6.67,NA
1865-05-12,NA,NA,NA,0,"empty","3 am",0,NA,NA
1865-05-12 07:00:00,NA,0,NA,NA,NA,NA,NA,-3.89,1
1865-05-12 14:00:00,NA,0,NA,NA,NA,NA,NA,1.67,1
1865-05-12 21:00:00,NA,NA,NA,NA,NA,NA,NA,-12.22,NA
1865-05-13,NA,NA,NA,0,"empty","empty",0,NA,NA
1865-05-13 07:00:00,NA,0,NA,NA,NA,NA,NA,-6.67,1
1865-05-13 14:00:00,NA,0,NA,NA,NA,NA,NA,-0.56,1
1865-05-13 21:00:00,NA,NA,NA,NA,NA,NA,NA,-12.22,NA
1865-05-14,NA,NA,NA,0,"empty","empty",0,NA,NA
1865-05-14 07:00:00,NA,0,NA,NA,NA,NA,NA,-7.78,1
1865-05-14 14:00:00,NA,0,NA,NA,NA,NA,NA,-1.11,1
1865-05-14 21:00:00,NA,NA,NA,NA,NA,NA,NA,-13.33,NA
1865-05-15,NA,NA,NA,0,"empty","empty",0,NA,NA
1865-05-15 07:00:00,NA,45,NA,NA,NA,NA,NA,-10,1
1865-05-15 14:00:00,NA,45,NA,NA,NA,NA,NA,1.67,1
1865-05-15 21:00:00,NA,NA,NA,NA,NA,NA,NA,-6.67,NA
1865-05-16,NA,NA,NA,0,"empty","empty",0,NA,NA
1865-05-16 07:00:00,NA,270,NA,NA,NA,NA,NA,0.56,1
1865-05-16 14:00:00,NA,180,NA,NA,NA,NA,NA,7.78,1
1865-05-16 21:00:00,NA,NA,NA,NA,NA,NA,NA,-1.11,NA
1865-05-17,NA,NA,NA,0,"empty","empty",0,NA,NA
1865-05-17 07:00:00,NA,180,NA,NA,NA,NA,NA,0,1
1865-05-17 14:00:00,NA,270,NA,NA,NA,NA,NA,5.56,5
1865-05-17 21:00:00,NA,NA,NA,NA,NA,NA,NA,-7.22,NA
1865-05-18,NA,NA,NA,0,"empty","empty",0,NA,NA
1865-05-18 07:00:00,NA,0,NA,NA,NA,NA,NA,-8.33,5
1865-05-18 14:00:00,NA,0,NA,NA,NA,NA,NA,-1.11,2
1865-05-18 21:00:00,NA,NA,NA,NA,NA,NA,NA,-8.33,NA
1865-05-19,NA,NA,NA,0,"4 am","12 pm",0,NA,NA
1865-05-19 07:00:00,NA,NA,NA,NA,NA,NA,NA,-2.78,NA
1865-05-19 14:00:00,NA,NA,NA,NA,NA,NA,NA,1.11,NA
1865-05-19 21:00:00,NA,NA,NA,NA,NA,NA,NA,-9.44,NA
1865-05-20,NA,NA,NA,0,"empty","empty",0,NA,NA
1865-05-20 07:00:00,NA,135,NA,NA,NA,NA,NA,1.67,1
1865-05-20 14:00:00,NA,90,NA,NA,NA,NA,NA,5.56,1
1865-05-20 21:00:00,NA,NA,NA,NA,NA,NA,NA,-1.11,NA
1865-05-21,NA,NA,NA,0,"empty","empty",0,NA,NA
1865-05-21 07:00:00,NA,90,NA,NA,NA,NA,NA,2.22,1
1865-05-21 14:00:00,NA,90,NA,NA,NA,NA,NA,7.22,1
1865-05-21 21:00:00,NA,NA,NA,NA,NA,NA,NA,-9.44,NA
1865-05-22,NA,NA,NA,0,"empty","empty",0,NA,NA
1865-05-22 07:00:00,NA,0,NA,NA,NA,NA,NA,8.89,1
1865-05-22 14:00:00,NA,90,NA,NA,NA,NA,NA,8.89,1
1865-05-22 21:00:00,NA,NA,NA,NA,NA,NA,NA,1.67,NA
1865-05-23,NA,NA,NA,0,"empty","empty",0,NA,NA
1865-05-23 07:00:00,NA,270,NA,NA,NA,NA,NA,5.56,1
1865-05-23 14:00:00,NA,270,NA,NA,NA,NA,NA,12.78,1
1865-05-23 21:00:00,NA,NA,NA,NA,NA,NA,NA,2.22,NA
1865-05-24,NA,NA,NA,0,"empty","empty",0,NA,NA
1865-05-24 07:00:00,NA,0,NA,NA,NA,NA,NA,6.67,1
1865-05-24 14:00:00,NA,0,NA,NA,NA,NA,NA,10,1
1865-05-24 21:00:00,NA,NA,NA,NA,NA,NA,NA,0.56,NA
1865-05-25,NA,NA,NA,0,"empty","empty",0,NA,NA
1865-05-25 07:00:00,NA,0,NA,NA,NA,NA,NA,7.22,1
1865-05-25 14:00:00,NA,180,NA,NA,NA,NA,NA,12.78,1
1865-05-25 21:00:00,NA,NA,NA,NA,NA,NA,NA,1.67,NA
1865-05-26,NA,NA,NA,0,"empty","empty",0,NA,NA
1865-05-26 07:00:00,NA,180,NA,NA,NA,NA,NA,7.22,1
1865-05-26 14:00:00,NA,180,NA,NA,NA,NA,NA,12.22,1
1865-05-26 21:00:00,NA,NA,NA,NA,NA,NA,NA,7.22,NA
1865-05-27,NA,NA,NA,0,"empty","empty",0,NA,NA
1865-05-27 07:00:00,NA,180,NA,NA,NA,NA,NA,7.22,1
1865-05-27 14:00:00,NA,180,NA,NA,NA,NA,NA,12.78,1
1865-05-27 21:00:00,NA,NA,NA,NA,NA,NA,NA,8.89,NA
1865-05-28,NA,NA,NA,0,"empty","empty",0,NA,NA
1865-05-28 07:00:00,NA,180,NA,NA,NA,NA,NA,7.78,1
1865-05-28 14:00:00,NA,0,NA,NA,NA,NA,NA,12.22,1
1865-05-28 21:00:00,NA,NA,NA,NA,NA,NA,NA,3.33,NA
1865-05-29,NA,NA,NA,0,"empty","empty",0,NA,NA
1865-05-29 07:00:00,NA,180,NA,NA,NA,NA,NA,4.44,1
1865-05-29 14:00:00,NA,180,NA,NA,NA,NA,NA,13.89,2
1865-05-29 21:00:00,NA,NA,NA,NA,NA,NA,NA,2.78,NA
1865-05-30,NA,NA,NA,NA,"10 am","4:30 pm",NA,NA,NA
1865-05-30 07:00:00,NA,0,NA,NA,NA,NA,NA,2.22,1
1865-05-30 14:00:00,NA,0,NA,NA,NA,NA,NA,7.22,2
1865-05-30 21:00:00,NA,NA,NA,NA,NA,NA,NA,1.11,NA
1865-05-31,NA,NA,NA,0,"10 am","1 pm",0,NA,NA
1865-05-31 07:00:00,NA,0,NA,NA,NA,NA,NA,2.22,1
1865-05-31 14:00:00,NA,0,NA,NA,NA,NA,NA,7.78,1
1865-05-31 21:00:00,NA,NA,NA,NA,NA,NA,NA,-1.11,NA
1865-06-01 07:00:00,NA,0,NA,NA,NA,NA,NA,0.56,1
1865-06-01 14:00:00,NA,0,NA,NA,NA,NA,NA,7.78,1
1865-06-01 21:00:00,NA,NA,NA,NA,NA,NA,NA,6.67,0
1865-06-02 07:00:00,NA,0,NA,NA,NA,NA,NA,7.78,1
1865-06-02 14:00:00,NA,180,NA,NA,NA,NA,NA,16.67,1
1865-06-02 21:00:00,NA,180,NA,NA,NA,NA,NA,12.78,1
1865-06-03 07:00:00,NA,180,NA,NA,NA,NA,NA,12.22,1
1865-06-03 14:00:00,NA,180,NA,NA,NA,NA,NA,14.44,1
1865-06-03 21:00:00,NA,180,NA,NA,NA,NA,NA,12.22,1
1865-06-04 07:00:00,NA,0,NA,NA,NA,NA,NA,12.22,1
1865-06-04 14:00:00,NA,315,NA,NA,NA,NA,NA,17.22,1
1865-06-04 21:00:00,NA,315,NA,NA,NA,NA,NA,7.78,1
1865-06-05 07:00:00,NA,0,NA,NA,NA,NA,NA,13.89,1
1865-06-05 14:00:00,NA,0,NA,NA,NA,NA,NA,18.33,2
1865-06-05 21:00:00,NA,0,NA,NA,NA,NA,NA,6.11,2
1865-06-06 07:00:00,NA,0,NA,NA,NA,NA,NA,6.11,1
1865-06-06 14:00:00,NA,0,NA,NA,NA,NA,NA,11.11,2
1865-06-06 21:00:00,NA,0,NA,NA,NA,NA,NA,1.67,2
1865-06-07 07:00:00,NA,135,NA,NA,NA,NA,NA,4.44,1
1865-06-07 14:00:00,NA,135,NA,NA,NA,NA,NA,17.78,1
1865-06-07 21:00:00,NA,135,NA,NA,NA,NA,NA,8.89,1
1865-06-08 07:00:00,NA,135,NA,NA,NA,NA,NA,6.67,1
1865-06-08 14:00:00,NA,135,NA,NA,NA,NA,NA,20,2
1865-06-08 21:00:00,NA,135,NA,NA,NA,NA,NA,10.56,1
1865-06-09 07:00:00,NA,135,NA,NA,NA,NA,NA,13.33,1
1865-06-09 14:00:00,NA,135,NA,NA,NA,NA,NA,21.11,2
1865-06-09 21:00:00,NA,135,NA,NA,NA,NA,NA,14.44,1
1865-06-10 07:00:00,NA,135,NA,NA,NA,NA,NA,15.56,1
1865-06-10 14:00:00,NA,135,NA,NA,NA,NA,NA,20,1
1865-06-10 21:00:00,NA,135,NA,NA,NA,NA,NA,18.89,1
1865-06-11 07:00:00,NA,135,NA,NA,NA,NA,NA,20.56,2
1865-06-11 14:00:00,NA,135,NA,NA,NA,NA,NA,26.67,1
1865-06-11 21:00:00,NA,0,NA,NA,NA,NA,NA,13.33,2
1865-06-12 07:00:00,NA,0,NA,NA,NA,NA,NA,14.44,2
1865-06-12 14:00:00,NA,0,NA,NA,NA,NA,NA,20,1
1865-06-12 21:00:00,NA,0,NA,NA,NA,NA,NA,7.78,1
1865-06-13 07:00:00,NA,180,NA,NA,NA,NA,NA,13.33,1
1865-06-13 14:00:00,NA,180,NA,NA,NA,NA,NA,24.44,1
1865-06-13 21:00:00,NA,135,NA,NA,NA,NA,NA,14.44,1
1865-06-14 07:00:00,NA,0,NA,NA,NA,NA,NA,19.44,1
1865-06-14 14:00:00,NA,0,NA,NA,NA,NA,NA,26.11,2
1865-06-14 21:00:00,NA,0,NA,NA,NA,NA,NA,0.56,1
1865-06-15 07:00:00,NA,0,NA,NA,NA,NA,NA,19.44,2
1865-06-15 14:00:00,NA,0,NA,NA,NA,NA,NA,24.44,1
1865-06-15 21:00:00,NA,0,NA,NA,NA,NA,NA,12.22,1
1865-06-16 07:00:00,NA,135,NA,NA,NA,NA,NA,20,1
1865-06-16 14:00:00,NA,90,NA,NA,NA,NA,NA,22.22,2
1865-06-16 21:00:00,NA,0,NA,NA,NA,NA,NA,6.11,1
1865-06-17 07:00:00,NA,180,NA,NA,NA,NA,NA,14.44,1
1865-06-17 14:00:00,NA,225,NA,NA,NA,NA,NA,21.11,2
1865-06-17 21:00:00,NA,180,NA,NA,NA,NA,NA,20,1
1865-06-18 07:00:00,NA,180,NA,NA,NA,NA,NA,NA,1
1865-06-18 14:00:00,NA,180,NA,NA,NA,NA,NA,NA,1
1865-06-18 21:00:00,NA,180,NA,NA,NA,NA,NA,NA,1
1865-06-19 07:00:00,NA,90,NA,NA,NA,NA,NA,NA,1
1865-06-19 14:00:00,NA,90,NA,NA,NA,NA,NA,NA,1
1865-06-19 21:00:00,NA,90,NA,NA,NA,NA,NA,NA,1
1865-06-20 07:00:00,NA,90,NA,NA,NA,NA,NA,24.44,1
1865-06-20 14:00:00,NA,90,NA,NA,NA,NA,NA,25.56,1
1865-06-20 21:00:00,NA,90,NA,NA,NA,NA,NA,24.44,1
1865-06-21 07:00:00,NA,90,NA,NA,NA,NA,NA,20,1
1865-06-21 14:00:00,NA,90,NA,NA,NA,NA,NA,26.11,1
1865-06-21 21:00:00,NA,90,NA,NA,NA,NA,NA,13.33,1
1865-06-22 07:00:00,NA,NA,NA,NA,NA,NA,NA,23.33,0
1865-06-22 14:00:00,NA,NA,NA,NA,NA,NA,NA,27.78,0
1865-06-22 21:00:00,NA,180,NA,NA,NA,NA,NA,13.33,1
1865-06-23,NA,NA,NA,NA,"12 pm",NA,NA,NA,NA
1865-06-23 07:00:00,NA,180,NA,NA,NA,NA,NA,22.78,1
1865-06-23 14:00:00,NA,270,NA,NA,NA,NA,NA,27.78,1
1865-06-23 21:00:00,NA,0,NA,NA,NA,NA,NA,14.44,5
1865-06-24,NA,NA,NA,101.6,NA,"8 am",NA,NA,NA
1865-06-24 07:00:00,NA,0,NA,NA,NA,NA,NA,10,1
1865-06-24 14:00:00,NA,0,NA,NA,NA,NA,NA,13.33,1
1865-06-24 21:00:00,NA,0,NA,NA,NA,NA,NA,10,1
1865-06-25 07:00:00,NA,90,NA,NA,NA,NA,NA,10,1
1865-06-25 14:00:00,NA,90,NA,NA,NA,NA,NA,20.56,1
1865-06-25 21:00:00,NA,45,NA,NA,NA,NA,NA,15.56,1
1865-06-26 07:00:00,NA,0,NA,NA,NA,NA,NA,19.44,1
1865-06-26 14:00:00,NA,0,NA,NA,NA,NA,NA,25,1
1865-06-26 21:00:00,NA,0,NA,NA,NA,NA,NA,15.56,1
1865-06-27 07:00:00,NA,NA,NA,NA,NA,NA,NA,17.22,0
1865-06-27 14:00:00,NA,NA,NA,NA,NA,NA,NA,20.56,0
1865-06-27 21:00:00,NA,NA,NA,NA,NA,NA,NA,15.56,0
1865-06-28 07:00:00,NA,0,NA,NA,NA,NA,NA,15.56,5
1865-06-28 14:00:00,NA,0,NA,NA,NA,NA,NA,18.33,5
1865-06-28 21:00:00,NA,0,NA,NA,NA,NA,NA,4.44,2
1865-06-29 07:00:00,NA,0,NA,NA,NA,NA,NA,10,2
1865-06-29 14:00:00,NA,0,NA,NA,NA,NA,NA,10,2
1865-06-29 21:00:00,NA,0,NA,NA,NA,NA,NA,7.22,2
1865-06-30 07:00:00,NA,0,NA,NA,NA,NA,NA,10,1
1865-06-30 14:00:00,NA,270,NA,NA,NA,NA,NA,16.67,1
1865-06-30 21:00:00,NA,270,NA,NA,NA,NA,NA,10,1
1865-07-01 07:00:00,NA,90,NA,NA,NA,NA,NA,14.44,1
1865-07-01 14:00:00,NA,270,NA,NA,NA,NA,NA,17.78,1
1865-07-01 21:00:00,NA,270,NA,NA,NA,NA,NA,11.67,1
1865-07-02,NA,NA,NA,NA,"2 am","8 am",NA,NA,NA
1865-07-02 07:00:00,NA,0,NA,NA,NA,NA,NA,11.11,2
1865-07-02 14:00:00,NA,0,NA,NA,NA,NA,NA,16.67,1
1865-07-02 21:00:00,NA,0,NA,NA,NA,NA,NA,15.56,1
1865-07-03 07:00:00,NA,180,NA,NA,NA,NA,NA,15.56,1
1865-07-03 14:00:00,NA,180,NA,NA,NA,NA,NA,20,1
1865-07-03 21:00:00,NA,180,NA,NA,NA,NA,NA,15.56,1
1865-07-04,NA,NA,NA,NA,"4 pm",NA,NA,NA,NA
1865-07-04 07:00:00,NA,180,NA,NA,NA,NA,NA,15.56,1
1865-07-04 14:00:00,NA,0,NA,NA,NA,NA,NA,20,1
1865-07-04 21:00:00,NA,0,NA,NA,NA,NA,NA,8.33,5
1865-07-05,NA,NA,NA,50.8,NA,"3 am",NA,NA,NA
1865-07-05 07:00:00,NA,0,NA,NA,NA,NA,NA,11.11,5
1865-07-05 14:00:00,NA,0,NA,NA,NA,NA,NA,15.56,2
1865-07-05 21:00:00,NA,0,NA,NA,NA,NA,NA,4.44,2
1865-07-06,NA,NA,NA,NA,"1 pm",NA,NA,NA,NA
1865-07-06 07:00:00,NA,0,NA,NA,NA,NA,NA,8.89,2
1865-07-06 14:00:00,NA,0,NA,NA,NA,NA,NA,13.89,2
1865-07-06 21:00:00,NA,180,NA,NA,NA,NA,NA,3.89,1
1865-07-07 07:00:00,NA,0,NA,NA,NA,NA,NA,12.78,1
1865-07-07 14:00:00,NA,0,NA,NA,NA,NA,NA,17.78,1
1865-07-07 21:00:00,NA,0,NA,NA,NA,NA,NA,8.33,2
1865-07-08,NA,NA,NA,25.4,NA,"4 pm",NA,NA,NA
1865-07-08 07:00:00,NA,0,NA,NA,NA,NA,NA,8.89,2
1865-07-08 14:00:00,NA,0,NA,NA,NA,NA,NA,15,2
1865-07-08 21:00:00,NA,180,NA,NA,NA,NA,NA,6.11,2
1865-07-09,NA,NA,NA,0.23,"8 pm","empty",NA,NA,NA
1865-07-09 07:00:00,NA,180,NA,NA,NA,NA,NA,9.44,2
1865-07-09 14:00:00,NA,180,NA,NA,NA,NA,NA,12.22,2
1865-07-09 21:00:00,NA,0,NA,NA,NA,NA,NA,1.67,11
1865-07-10,NA,NA,NA,NA,NA,"1 am",NA,NA,NA
1865-07-10 07:00:00,NA,225,NA,NA,NA,NA,NA,4.44,1
1865-07-10 14:00:00,NA,225,NA,NA,NA,NA,NA,11.11,1
1865-07-10 21:00:00,NA,225,NA,NA,NA,NA,NA,4.44,1
1865-07-11 07:00:00,NA,180,NA,NA,NA,NA,NA,12.78,1
1865-07-11 14:00:00,NA,180,NA,NA,NA,NA,NA,19.44,1
1865-07-11 21:00:00,NA,270,NA,NA,NA,NA,NA,13.33,1
1865-07-12,NA,NA,NA,25.4,"4 pm","6 pm",NA,NA,NA
1865-07-12 07:00:00,NA,180,NA,NA,NA,NA,NA,20,2
1865-07-12 14:00:00,NA,180,NA,NA,NA,NA,NA,25.56,1
1865-07-12 21:00:00,NA,315,NA,NA,NA,NA,NA,18.33,1
1865-07-13 07:00:00,NA,180,NA,NA,NA,NA,NA,20.56,1
1865-07-13 14:00:00,NA,270,NA,NA,NA,NA,NA,26.11,1
1865-07-13 21:00:00,NA,0,NA,NA,NA,NA,NA,18.33,1
1865-07-14,NA,NA,NA,NA,"6 pm","10 am",NA,NA,NA
1865-07-14 07:00:00,NA,270,NA,NA,NA,NA,NA,12.22,1
1865-07-14 14:00:00,NA,270,NA,NA,NA,NA,NA,13.89,1
1865-07-14 21:00:00,NA,0,NA,NA,NA,NA,NA,12.78,2
1865-07-15,NA,NA,NA,NA,NA,NA,NA,NA,NA
1865-07-15 07:00:00,NA,0,NA,NA,NA,NA,NA,19.44,1
1865-07-15 14:00:00,NA,270,NA,NA,NA,NA,NA,25.56,1
1865-07-15 21:00:00,NA,0,NA,NA,NA,NA,NA,11.67,1
1865-07-16 07:00:00,NA,0,NA,NA,NA,NA,NA,17.78,1
1865-07-16 14:00:00,NA,0,NA,NA,NA,NA,NA,22.22,1
1865-07-16 21:00:00,NA,0,NA,NA,NA,NA,NA,13.89,1
1865-07-17 07:00:00,NA,0,NA,NA,NA,NA,NA,18.89,1
1865-07-17 14:00:00,NA,0,NA,NA,NA,NA,NA,24.44,1
1865-07-17 21:00:00,NA,270,NA,NA,NA,NA,NA,15.56,2
1865-07-18 07:00:00,NA,90,NA,NA,NA,NA,NA,12.78,1
1865-07-18 14:00:00,NA,270,NA,NA,NA,NA,NA,15.56,1
1865-07-18 21:00:00,NA,270,NA,NA,NA,NA,NA,11.11,1
1865-07-19 07:00:00,NA,225,NA,NA,NA,NA,NA,17.78,1
1865-07-19 14:00:00,NA,225,NA,NA,NA,NA,NA,21.11,5
1865-07-19 21:00:00,NA,270,NA,NA,NA,NA,NA,15.56,1
1865-07-20 07:00:00,NA,270,NA,NA,NA,NA,NA,17.78,1
1865-07-20 14:00:00,NA,0,NA,NA,NA,NA,NA,22.22,1
1865-07-20 21:00:00,NA,180,NA,NA,NA,NA,NA,15.56,1
1865-07-21 07:00:00,NA,180,NA,NA,NA,NA,NA,17.22,1
1865-07-21 14:00:00,NA,180,NA,NA,NA,NA,NA,21.11,1
1865-07-21 21:00:00,NA,0,NA,NA,NA,NA,NA,16.67,2
1865-07-22,NA,NA,NA,NA,"7 pm",NA,NA,NA,NA
1865-07-22 07:00:00,NA,0,NA,NA,NA,NA,NA,13.33,1
1865-07-22 14:00:00,NA,0,NA,NA,NA,NA,NA,16.11,2
1865-07-22 21:00:00,NA,90,NA,NA,NA,NA,NA,15.56,1
1865-07-23,NA,NA,NA,50.8,NA,"4 pm",NA,NA,NA
1865-07-23 07:00:00,NA,270,NA,NA,NA,NA,NA,12.22,1
1865-07-23 14:00:00,NA,270,NA,NA,NA,NA,NA,23.33,1
1865-07-23 21:00:00,NA,90,NA,NA,NA,NA,NA,17.78,1
1865-07-24 07:00:00,NA,90,NA,NA,NA,NA,NA,9.44,1
1865-07-24 14:00:00,NA,90,NA,NA,NA,NA,NA,22.78,1
1865-07-24 21:00:00,NA,90,NA,NA,NA,NA,NA,17.22,1
1865-07-25 07:00:00,NA,90,NA,NA,NA,NA,NA,12.78,1
1865-07-25 14:00:00,NA,90,NA,NA,NA,NA,NA,21.11,1
1865-07-25 21:00:00,NA,225,NA,NA,NA,NA,NA,12.78,1
1865-07-26 07:00:00,NA,180,NA,NA,NA,NA,NA,14.44,2
1865-07-26 14:00:00,NA,180,NA,NA,NA,NA,NA,22.22,1
1865-07-26 21:00:00,NA,270,NA,NA,NA,NA,NA,12.22,2
1865-07-27 07:00:00,NA,225,NA,NA,NA,NA,NA,12.22,5
1865-07-27 14:00:00,NA,270,NA,NA,NA,NA,NA,20,2
1865-07-27 21:00:00,NA,0,NA,NA,NA,NA,NA,12.78,1
1865-07-28 07:00:00,NA,315,NA,NA,NA,NA,NA,7.78,2
1865-07-28 14:00:00,NA,0,NA,NA,NA,NA,NA,13.89,2
1865-07-28 21:00:00,NA,225,NA,NA,NA,NA,NA,13.33,1
1865-07-29 07:00:00,NA,225,NA,NA,NA,NA,NA,8.89,1
1865-07-29 14:00:00,NA,225,NA,NA,NA,NA,NA,20.56,1
1865-07-29 21:00:00,NA,135,NA,NA,NA,NA,NA,12.78,1
1865-07-30 07:00:00,NA,270,NA,NA,NA,NA,NA,7.78,2
1865-07-30 14:00:00,NA,270,NA,NA,NA,NA,NA,18.89,2
1865-07-30 21:00:00,NA,180,NA,NA,NA,NA,NA,8.89,1
1865-07-31 07:00:00,NA,180,NA,NA,NA,NA,NA,19.44,1
1865-07-31 14:00:00,NA,180,NA,NA,NA,NA,NA,22.22,2
1865-07-31 21:00:00,NA,180,NA,NA,NA,NA,NA,15.56,1
1865-09-01 07:00:00,NA,90,NA,NA,NA,NA,NA,0,1
1865-09-01 14:00:00,NA,90,NA,NA,NA,NA,NA,7.22,1
1865-09-01 21:00:00,NA,90,NA,NA,NA,NA,NA,1.11,2
1865-09-02 07:00:00,NA,270,NA,NA,NA,NA,NA,0,2
1865-09-02 14:00:00,NA,90,NA,NA,NA,NA,NA,7.22,1
1865-09-02 21:00:00,NA,90,NA,NA,NA,NA,NA,-1.11,1
1865-09-03,NA,NA,NA,NA,NA,NA,NA,NA,NA
1865-09-03 07:00:00,NA,90,NA,NA,NA,NA,NA,1.11,1
1865-09-03 14:00:00,NA,90,NA,NA,NA,NA,NA,13.33,1
1865-09-03 21:00:00,NA,315,NA,NA,NA,NA,NA,7.22,1
1865-09-04,NA,NA,NA,NA,"11am","8pm",NA,NA,NA
1865-09-04 07:00:00,NA,0,NA,NA,NA,NA,NA,3.89,2
1865-09-04 14:00:00,NA,0,NA,NA,NA,NA,NA,5.56,5
1865-09-04 21:00:00,NA,0,NA,NA,NA,NA,NA,1.67,5
1865-09-05 07:00:00,NA,0,NA,NA,NA,NA,NA,1.11,2
1865-09-05 14:00:00,NA,0,NA,NA,NA,NA,NA,7.78,2
1865-09-05 21:00:00,NA,0,NA,NA,NA,NA,NA,0.56,2
1865-09-06,NA,NA,NA,NA,NA,NA,NA,NA,NA
1865-09-06 07:00:00,NA,90,NA,NA,NA,NA,NA,2.22,1
1865-09-06 14:00:00,NA,90,NA,NA,NA,NA,NA,10,1
1865-09-06 21:00:00,NA,90,NA,NA,NA,NA,NA,3.89,1
1865-09-07,NA,NA,NA,NA,NA,NA,NA,NA,NA
1865-09-07 07:00:00,NA,135,NA,NA,NA,NA,NA,0.56,1
1865-09-07 14:00:00,NA,135,NA,NA,NA,NA,NA,13.33,1
1865-09-07 21:00:00,NA,135,NA,NA,NA,NA,NA,3.89,1
1865-09-08 07:00:00,NA,315,NA,NA,NA,NA,NA,0,1
1865-09-08 14:00:00,NA,315,NA,NA,NA,NA,NA,8.89,2
1865-09-08 21:00:00,NA,315,NA,NA,NA,NA,NA,2.22,1
1865-09-09 07:00:00,NA,0,NA,NA,NA,NA,NA,5,2
1865-09-09 14:00:00,NA,0,NA,NA,NA,NA,NA,12.78,2
1865-09-09 21:00:00,NA,0,NA,NA,NA,NA,NA,5,1
1865-09-10,NA,NA,NA,NA,NA,NA,NA,NA,NA
1865-09-10 07:00:00,NA,NA,NA,NA,NA,NA,NA,5,0
1865-09-10 14:00:00,NA,0,NA,NA,NA,NA,NA,8.89,2
1865-09-10 21:00:00,NA,0,NA,NA,NA,NA,NA,6.67,2
1865-09-11 07:00:00,NA,0,NA,NA,NA,NA,NA,2.78,2
1865-09-11 14:00:00,NA,0,NA,NA,NA,NA,NA,7.22,5
1865-09-11 21:00:00,NA,0,NA,NA,NA,NA,NA,1.67,11
1865-09-12,NA,NA,NA,NA,NA,NA,NA,NA,NA
1865-09-12 07:00:00,NA,0,NA,NA,NA,NA,NA,0,2
1865-09-12 14:00:00,NA,0,NA,NA,NA,NA,NA,6.67,1
1865-09-12 21:00:00,NA,0,NA,NA,NA,NA,NA,-1.11,1
1865-09-13 07:00:00,NA,0,NA,NA,NA,NA,NA,-0.56,1
1865-09-13 14:00:00,NA,0,NA,NA,NA,NA,NA,7.22,1
1865-09-13 21:00:00,NA,0,NA,NA,NA,NA,NA,-1.67,1
1865-09-14 07:00:00,NA,0,NA,NA,NA,NA,NA,-1.11,1
1865-09-14 14:00:00,NA,0,NA,NA,NA,NA,NA,3.33,1
1865-09-14 21:00:00,NA,0,NA,NA,NA,NA,NA,-0.56,1
1865-09-15,NA,NA,NA,0.23,"4am","empty",NA,NA,NA
1865-09-15 07:00:00,NA,0,NA,NA,NA,NA,NA,-2.22,1
1865-09-15 14:00:00,NA,0,NA,NA,NA,NA,NA,0,1
1865-09-15 21:00:00,NA,0,NA,NA,NA,NA,NA,-1.67,1
1865-09-16 07:00:00,NA,0,NA,NA,NA,NA,NA,-2.78,1
1865-09-16 14:00:00,NA,0,NA,NA,NA,NA,NA,-1.11,1
1865-09-16 21:00:00,NA,0,NA,NA,NA,NA,NA,-4.44,1
1865-09-17 07:00:00,NA,90,NA,NA,NA,NA,NA,-4.44,1
1865-09-17 14:00:00,NA,90,NA,NA,NA,NA,NA,1.67,1
1865-09-17 21:00:00,NA,90,NA,NA,NA,NA,NA,-1.67,2
1865-09-18 07:00:00,NA,90,NA,NA,NA,NA,NA,-2.78,2
1865-09-18 14:00:00,NA,90,NA,NA,NA,NA,NA,6.67,2
1865-09-18 21:00:00,NA,90,NA,NA,NA,NA,NA,-1.11,1
1865-09-19 07:00:00,NA,90,NA,NA,NA,NA,NA,-5,1
1865-09-19 14:00:00,NA,90,NA,NA,NA,NA,NA,4.44,1
1865-09-19 21:00:00,NA,90,NA,NA,NA,NA,NA,-3.33,1
1865-09-20,NA,NA,NA,NA,NA,NA,NA,NA,NA
1865-09-20 07:00:00,NA,90,NA,NA,NA,NA,NA,0.56,1
1865-09-20 14:00:00,NA,90,NA,NA,NA,NA,NA,7.22,2
1865-09-20 21:00:00,NA,180,NA,NA,NA,NA,NA,2.22,1
1865-09-21 07:00:00,NA,0,NA,NA,NA,NA,NA,0,1
1865-09-21 14:00:00,NA,0,NA,NA,NA,NA,NA,7.78,1
1865-09-21 21:00:00,NA,NA,NA,NA,NA,NA,NA,6.11,0
1865-09-22,NA,NA,NA,0.23,"7pm","empty",NA,NA,NA
1865-09-22 07:00:00,NA,NA,NA,NA,NA,NA,NA,1.67,0
1865-09-22 14:00:00,NA,NA,NA,NA,NA,NA,NA,7.78,0
1865-09-22 21:00:00,NA,0,NA,NA,NA,NA,NA,4.44,1
1865-09-23,NA,NA,NA,NA,NA,NA,NA,NA,NA
1865-09-23 07:00:00,NA,0,NA,NA,NA,NA,NA,2.22,1
1865-09-23 14:00:00,NA,0,NA,NA,NA,NA,NA,7.22,1
1865-09-23 21:00:00,NA,0,NA,NA,NA,NA,NA,6.67,1
1865-09-24 07:00:00,NA,NA,NA,NA,NA,NA,NA,0.56,0
1865-09-24 14:00:00,NA,0,NA,NA,NA,NA,NA,6.67,1
1865-09-24 21:00:00,NA,0,NA,NA,NA,NA,NA,5,2
1865-09-25 07:00:00,NA,0,NA,NA,NA,NA,NA,0.56,1
1865-09-25 14:00:00,NA,0,NA,NA,NA,NA,NA,2.22,1
1865-09-25 21:00:00,NA,0,NA,NA,NA,NA,NA,0,1
1865-09-26,NA,NA,NA,NA,"2am","8am",NA,NA,NA
1865-09-26 07:00:00,NA,180,NA,NA,NA,NA,NA,0,1
1865-09-26 14:00:00,NA,180,NA,NA,NA,NA,NA,2.22,1
1865-09-26 21:00:00,NA,180,NA,NA,NA,NA,NA,0.56,1
1865-09-27,NA,NA,NA,0,"10pm","empty",NA,NA,NA
1865-09-27 07:00:00,NA,0,NA,NA,NA,NA,NA,-2.22,2
1865-09-27 14:00:00,NA,0,NA,NA,NA,NA,NA,1.11,2
1865-09-27 21:00:00,NA,0,NA,NA,NA,NA,NA,0.56,2
1865-09-28,NA,NA,NA,NA,"empty","3am",NA,NA,NA
1865-09-28 07:00:00,NA,0,NA,NA,NA,NA,NA,-1.11,2
1865-09-28 14:00:00,NA,270,NA,NA,NA,NA,NA,0.56,2
1865-09-28 21:00:00,NA,0,NA,NA,NA,NA,NA,-1.11,2
1865-09-29,NA,NA,NA,NA,"11pm","2pm",NA,NA,NA
1865-09-29 07:00:00,NA,270,NA,NA,NA,NA,NA,-2.22,1
1865-09-29 14:00:00,NA,0,NA,NA,NA,NA,NA,0.56,1
1865-09-29 21:00:00,NA,0,NA,NA,NA,NA,NA,-2.22,2
1865-09-30,NA,NA,NA,NA,NA,NA,NA,NA,NA
1865-09-30 07:00:00,NA,0,NA,NA,NA,NA,NA,-2.78,1
1865-09-30 14:00:00,NA,0,NA,NA,NA,NA,NA,-0.56,1
1865-09-30 21:00:00,NA,180,NA,NA,NA,NA,NA,-2.22,1
1865-10-01 07:00:00,NA,180,NA,NA,NA,NA,NA,-2.78,1
1865-10-01 14:00:00,NA,180,NA,NA,NA,NA,NA,1.11,NA
1865-10-01 21:00:00,NA,180,NA,NA,NA,NA,NA,-2.22,1
1865-10-02 07:00:00,NA,180,NA,NA,NA,NA,NA,-1.67,1
1865-10-02 14:00:00,NA,180,NA,NA,NA,NA,NA,0,1
1865-10-02 21:00:00,NA,180,NA,NA,NA,NA,NA,-1.67,1
1865-10-03 07:00:00,NA,0,NA,NA,NA,NA,NA,-3.89,1
1865-10-03 14:00:00,NA,0,NA,NA,NA,NA,NA,-1.67,1
1865-10-03 21:00:00,NA,0,NA,NA,NA,NA,NA,-3.33,1
1865-10-04,NA,NA,NA,NA,NA,NA,NA,NA,NA
1865-10-04 07:00:00,NA,0,NA,NA,NA,NA,NA,-4.44,1
1865-10-04 14:00:00,NA,0,NA,NA,NA,NA,NA,-2.78,1
1865-10-04 21:00:00,NA,0,NA,NA,NA,NA,NA,-4.44,1
1865-10-05 07:00:00,NA,0,NA,NA,NA,NA,NA,-5,1
1865-10-05 14:00:00,NA,0,NA,NA,NA,NA,NA,-2.22,1
1865-10-05 21:00:00,NA,0,NA,NA,NA,NA,NA,-1.67,1
1865-10-06 07:00:00,NA,0,NA,NA,NA,NA,NA,-4.44,1
1865-10-06 14:00:00,NA,0,NA,NA,NA,NA,NA,-1.67,1
1865-10-06 21:00:00,NA,0,NA,NA,NA,NA,NA,-1.11,1
1865-10-07 07:00:00,NA,0,NA,NA,NA,NA,NA,-3.89,1
1865-10-07 14:00:00,NA,0,NA,NA,NA,NA,NA,-3.33,1
1865-10-07 21:00:00,NA,0,NA,NA,NA,NA,NA,-4.44,1
1865-10-08,NA,NA,NA,NA,"1 am","4 am",NA,NA,NA
1865-10-08 07:00:00,NA,0,NA,NA,NA,NA,NA,-6.67,1
1865-10-08 14:00:00,NA,0,NA,NA,NA,NA,NA,-3.89,1
1865-10-08 21:00:00,NA,0,NA,NA,NA,NA,NA,-5.56,2
1865-10-09,NA,NA,NA,NA,NA,NA,NA,NA,NA
1865-10-09 07:00:00,NA,0,NA,NA,NA,NA,NA,-6.67,1
1865-10-09 14:00:00,NA,0,NA,NA,NA,NA,NA,-3.33,1
1865-10-09 21:00:00,NA,0,NA,NA,NA,NA,NA,-6.67,1
1865-10-10 07:00:00,NA,270,NA,NA,NA,NA,NA,-3.89,1
1865-10-10 14:00:00,NA,90,NA,NA,NA,NA,NA,-3.89,1
1865-10-10 21:00:00,NA,90,NA,NA,NA,NA,NA,-6.67,1
1865-10-11 07:00:00,NA,0,NA,NA,NA,NA,NA,-3.89,1
1865-10-11 14:00:00,NA,270,NA,NA,NA,NA,NA,-1.11,2
1865-10-11 21:00:00,NA,0,NA,NA,NA,NA,NA,-4.44,1
1865-10-12 07:00:00,NA,180,NA,NA,NA,NA,NA,-6.67,1
1865-10-12 14:00:00,NA,180,NA,NA,NA,NA,NA,-3.89,1
1865-10-12 21:00:00,NA,180,NA,NA,NA,NA,NA,-6.11,1
1865-10-13 07:00:00,NA,0,NA,NA,NA,NA,NA,-6.67,1
1865-10-13 14:00:00,NA,0,NA,NA,NA,NA,NA,-3.89,1
1865-10-13 21:00:00,NA,0,NA,NA,NA,NA,NA,-6.67,1
1865-10-14 07:00:00,NA,0,NA,NA,NA,NA,NA,-7.78,1
1865-10-14 14:00:00,NA,0,NA,NA,NA,NA,NA,-4.44,1
1865-10-14 21:00:00,NA,315,NA,NA,NA,NA,NA,-7.22,1
1865-10-15 07:00:00,NA,315,NA,NA,NA,NA,NA,-6.67,2
1865-10-15 14:00:00,NA,270,NA,NA,NA,NA,NA,-1.67,2
1865-10-15 21:00:00,NA,270,NA,NA,NA,NA,NA,-3.33,1
1865-10-16,NA,NA,NA,NA,"8 pm",NA,NA,NA,NA
1865-10-16 07:00:00,NA,0,NA,NA,NA,NA,NA,-7.78,2
1865-10-16 14:00:00,NA,0,NA,NA,NA,NA,NA,-7.22,2
1865-10-16 21:00:00,NA,0,NA,NA,NA,NA,NA,-9.44,2
1865-10-17 07:00:00,NA,0,NA,NA,NA,NA,NA,-9.44,2
1865-10-17 14:00:00,NA,0,NA,NA,NA,NA,NA,-6.67,2
1865-10-17 21:00:00,NA,0,NA,NA,NA,NA,NA,-9.44,2
1865-10-18,NA,NA,NA,88.9,NA,"9 am",NA,NA,NA
1865-10-18 07:00:00,NA,0,NA,NA,NA,NA,NA,-10,1
1865-10-18 14:00:00,NA,0,NA,NA,NA,NA,NA,-6.67,1
1865-10-18 21:00:00,NA,0,NA,NA,NA,NA,NA,-9.44,2
1865-10-19 07:00:00,NA,0,NA,NA,NA,NA,NA,-11.11,1
1865-10-19 14:00:00,NA,90,NA,NA,NA,NA,NA,-7.78,1
1865-10-19 21:00:00,NA,90,NA,NA,NA,NA,NA,-20,2
1865-10-20 07:00:00,NA,90,NA,NA,NA,NA,NA,-20.56,2
1865-10-20 14:00:00,NA,90,NA,NA,NA,NA,NA,-18.89,2
1865-10-20 21:00:00,NA,90,NA,NA,NA,NA,NA,-13.89,2
1865-10-21,NA,NA,NA,25.4,"4 am","3 pm",NA,NA,NA
1865-10-21 07:00:00,NA,0,NA,NA,NA,NA,NA,-12.22,1
1865-10-21 14:00:00,NA,0,NA,NA,NA,NA,NA,-11.11,1
1865-10-21 21:00:00,NA,90,NA,NA,NA,NA,NA,-23.33,1
1865-10-22,NA,NA,NA,NA,NA,NA,NA,NA,NA
1865-10-22 07:00:00,NA,90,NA,NA,NA,NA,NA,-23.89,1
1865-10-22 14:00:00,NA,90,NA,NA,NA,NA,NA,-20.56,1
1865-10-22 21:00:00,NA,90,NA,NA,NA,NA,NA,-19.44,1
1865-10-23,NA,NA,NA,NA,NA,NA,NA,NA,NA
1865-10-23 07:00:00,NA,90,NA,NA,NA,NA,NA,-15,1
1865-10-23 14:00:00,NA,90,NA,NA,NA,NA,NA,-12.22,1
1865-10-23 21:00:00,NA,90,NA,NA,NA,NA,NA,-15.56,1
1865-10-24,NA,NA,NA,NA,NA,NA,NA,NA,NA
1865-10-24 07:00:00,NA,0,NA,NA,NA,NA,NA,-13.33,1
1865-10-24 14:00:00,NA,0,NA,NA,NA,NA,NA,-11.11,1
1865-10-24 21:00:00,NA,0,NA,NA,NA,NA,NA,-14.44,1
1865-10-25 07:00:00,NA,90,NA,NA,NA,NA,NA,-13.89,1
1865-10-25 14:00:00,NA,90,NA,NA,NA,NA,NA,-9.44,1
1865-10-25 21:00:00,NA,90,NA,NA,NA,NA,NA,-13.89,1
1865-10-26 07:00:00,NA,90,NA,NA,NA,NA,NA,-13.33,2
1865-10-26 14:00:00,NA,90,NA,NA,NA,NA,NA,-10,1
1865-10-26 21:00:00,NA,90,NA,NA,NA,NA,NA,-13.89,2
1865-10-27,NA,NA,NA,NA,NA,NA,NA,NA,NA
1865-10-27 07:00:00,NA,90,NA,NA,NA,NA,NA,-15,1
1865-10-27 14:00:00,NA,135,NA,NA,NA,NA,NA,-9.44,1
1865-10-27 21:00:00,NA,135,NA,NA,NA,NA,NA,-14.44,1
1865-10-28,NA,NA,NA,NA,NA,NA,NA,NA,NA
1865-10-28 07:00:00,NA,135,NA,NA,NA,NA,NA,-20.56,1
1865-10-28 14:00:00,NA,135,NA,NA,NA,NA,NA,-15,1
1865-10-28 21:00:00,NA,225,NA,NA,NA,NA,NA,-16.11,1
1865-10-29 07:00:00,NA,0,NA,NA,NA,NA,NA,-21.11,1
1865-10-29 14:00:00,NA,90,NA,NA,NA,NA,NA,-16.11,1
1865-10-29 21:00:00,NA,135,NA,NA,NA,NA,NA,-20,1
1865-10-30 07:00:00,NA,0,NA,NA,NA,NA,NA,-22.22,1
1865-10-30 14:00:00,NA,0,NA,NA,NA,NA,NA,-18.89,1
1865-10-30 21:00:00,NA,90,NA,NA,NA,NA,NA,-20.56,1
1865-10-31 07:00:00,NA,90,NA,NA,NA,NA,NA,-21.67,1
1865-10-31 14:00:00,NA,90,NA,NA,NA,NA,NA,-16.67,1
1865-10-31 21:00:00,NA,0,NA,NA,NA,NA,NA,-19.44,1
1865-11-01,NA,NA,NA,0,"7am","empty",0,NA,NA
1865-11-01 07:00:00,NA,0,NA,NA,NA,NA,NA,-19.44,2
1865-11-01 14:00:00,NA,0,NA,NA,NA,NA,NA,-19.44,2
1865-11-01 21:00:00,NA,0,NA,NA,NA,NA,NA,-20,2
1865-11-02,NA,NA,NA,0,"empty","6pm",0,NA,NA
1865-11-02 07:00:00,NA,180,NA,NA,NA,NA,NA,-20.56,1
1865-11-02 14:00:00,NA,180,NA,NA,NA,NA,NA,-18.89,1
1865-11-02 21:00:00,NA,180,NA,NA,NA,NA,NA,-20.56,1
1865-11-03,NA,NA,NA,0,"8pm","empty",0,NA,NA
1865-11-03 07:00:00,NA,135,NA,NA,NA,NA,NA,-20,1
1865-11-03 14:00:00,NA,0,NA,NA,NA,NA,NA,-20,1
1865-11-03 21:00:00,NA,0,NA,NA,NA,NA,NA,-20,5
1865-11-04,NA,NA,NA,0,"empty","2am",0,NA,NA
1865-11-04 07:00:00,NA,0,NA,NA,NA,NA,NA,-21.11,1
1865-11-04 14:00:00,NA,0,NA,NA,NA,NA,NA,-21.11,2
1865-11-04 21:00:00,NA,0,NA,NA,NA,NA,NA,-21.67,5
1865-11-05,NA,NA,NA,0,"1pm","empty",0,NA,NA
1865-11-05 07:00:00,NA,0,NA,NA,NA,NA,NA,-19.44,1
1865-11-05 14:00:00,NA,0,NA,NA,NA,NA,NA,-19.44,1
1865-11-05 21:00:00,NA,0,NA,NA,NA,NA,NA,-19.44,1
1865-11-06,NA,NA,NA,50.8,"empty","12pm",NA,NA,NA
1865-11-06 07:00:00,NA,0,NA,NA,NA,NA,NA,-20,1
1865-11-06 14:00:00,NA,0,NA,NA,NA,NA,NA,-19.44,2
1865-11-06 21:00:00,NA,0,NA,NA,NA,NA,NA,-20,5
1865-11-07,NA,NA,NA,25.4,"2am","4pm",NA,NA,NA
1865-11-07 07:00:00,NA,90,NA,NA,NA,NA,NA,-23.33,1
1865-11-07 14:00:00,NA,90,NA,NA,NA,NA,NA,-21.67,1
1865-11-07 21:00:00,NA,90,NA,NA,NA,NA,NA,-25.56,1
1865-11-08 07:00:00,NA,180,NA,NA,NA,NA,NA,-30.56,1
1865-11-08 14:00:00,NA,180,NA,NA,NA,NA,NA,-30,1
1865-11-08 21:00:00,NA,180,NA,NA,NA,NA,NA,-32.78,1
1865-11-09 07:00:00,NA,135,NA,NA,NA,NA,NA,-38.33,1
1865-11-09 14:00:00,NA,135,NA,NA,NA,NA,NA,-37.22,1
1865-11-09 21:00:00,NA,270,NA,NA,NA,NA,NA,-34.44,1
1865-11-10,NA,NA,NA,0,"10am","empty",NA,NA,NA
1865-11-10 07:00:00,NA,0,NA,NA,NA,NA,NA,-33.89,1
1865-11-10 14:00:00,NA,0,NA,NA,NA,NA,NA,-26.67,2
1865-11-10 21:00:00,NA,0,NA,NA,NA,NA,NA,-28.89,1
1865-11-11,NA,NA,NA,25.4,"empty","7pm",NA,NA,NA
1865-11-11 07:00:00,NA,0,NA,NA,NA,NA,NA,-23.33,5
1865-11-11 14:00:00,NA,0,NA,NA,NA,NA,NA,-22.22,5
1865-11-11 21:00:00,NA,0,NA,NA,NA,NA,NA,-23.89,1
1865-11-12,NA,NA,NA,0,"2am","empty",0,NA,NA
1865-11-12 07:00:00,NA,0,NA,NA,NA,NA,NA,-23.33,11
1865-11-12 14:00:00,NA,0,NA,NA,NA,NA,NA,-20.56,11
1865-11-12 21:00:00,NA,0,NA,NA,NA,NA,NA,-21.67,11
1865-11-13,NA,NA,NA,NA,"empty","5am",NA,NA,NA
1865-11-13 07:00:00,NA,0,NA,NA,NA,NA,NA,-19.44,2
1865-11-13 14:00:00,NA,0,NA,NA,NA,NA,NA,-20,5
1865-11-13 21:00:00,NA,0,NA,NA,NA,NA,NA,-20,2
1865-11-14,NA,NA,NA,NA,NA,NA,NA,NA,NA
1865-11-14 07:00:00,NA,0,NA,NA,NA,NA,NA,-23.33,1
1865-11-14 14:00:00,NA,0,NA,NA,NA,NA,NA,-22.22,1
1865-11-14 21:00:00,NA,0,NA,NA,NA,NA,NA,-23.89,2
1865-11-15 07:00:00,NA,90,NA,NA,NA,NA,NA,-31.67,1
1865-11-15 14:00:00,NA,90,NA,NA,NA,NA,NA,-31.11,1
1865-11-15 21:00:00,NA,90,NA,NA,NA,NA,NA,-32.78,1
1865-11-16,NA,NA,NA,0,"8pm","empty",NA,NA,NA
1865-11-16 07:00:00,NA,90,NA,NA,NA,NA,NA,-32.78,1
1865-11-16 14:00:00,NA,270,NA,NA,NA,NA,NA,-31.67,1
1865-11-16 21:00:00,NA,270,NA,NA,NA,NA,NA,-32.78,1
1865-11-17,NA,NA,NA,NA,NA,NA,NA,NA,NA
1865-11-17 07:00:00,NA,135,NA,NA,NA,NA,NA,-32.78,1
1865-11-17 14:00:00,NA,135,NA,NA,NA,NA,NA,-32.22,1
1865-11-17 21:00:00,NA,135,NA,NA,NA,NA,NA,-30,1
1865-11-18,NA,NA,NA,NA,NA,NA,NA,NA,NA
1865-11-18 07:00:00,NA,135,NA,NA,NA,NA,NA,-34.44,1
1865-11-18 14:00:00,NA,135,NA,NA,NA,NA,NA,-26.11,1
1865-11-18 21:00:00,NA,135,NA,NA,NA,NA,NA,-25.56,2
1865-11-19,NA,NA,NA,0,"11pm",NA,NA,NA,NA
1865-11-19 07:00:00,NA,90,NA,NA,NA,NA,NA,-24.44,1
1865-11-19 14:00:00,NA,270,NA,NA,NA,NA,NA,-23.33,1
1865-11-19 21:00:00,NA,0,NA,NA,NA,NA,NA,-23.33,5
1865-11-20,NA,NA,NA,50.8,"empty","11am",NA,NA,NA
1865-11-20 07:00:00,NA,0,NA,NA,NA,NA,NA,-23.33,11
1865-11-20 14:00:00,NA,0,NA,NA,NA,NA,NA,-23.33,11
1865-11-20 21:00:00,NA,90,NA,NA,NA,NA,NA,-26.11,1
1865-11-21 07:00:00,NA,180,NA,NA,NA,NA,NA,-24.44,1
1865-11-21 14:00:00,NA,180,NA,NA,NA,NA,NA,-23.33,1
1865-11-21 21:00:00,NA,180,NA,NA,NA,NA,NA,-23.89,1
1865-11-22 07:00:00,NA,90,NA,NA,NA,NA,NA,-25.56,1
1865-11-22 14:00:00,NA,90,NA,NA,NA,NA,NA,-24.44,2
1865-11-22 21:00:00,NA,90,NA,NA,NA,NA,NA,-25,1
1865-11-23 07:00:00,NA,0,NA,NA,NA,NA,NA,-23.33,1
1865-11-23 14:00:00,NA,0,NA,NA,NA,NA,NA,-22.22,1
1865-11-23 21:00:00,NA,0,NA,NA,NA,NA,NA,-22.78,1
1865-11-24,NA,NA,NA,NA,NA,NA,NA,NA,NA
1865-11-24 07:00:00,NA,90,NA,NA,NA,NA,NA,-30,1
1865-11-24 14:00:00,NA,90,NA,NA,NA,NA,NA,-29.44,1
1865-11-24 21:00:00,NA,90,NA,NA,NA,NA,NA,-30.56,1
1865-11-25 07:00:00,NA,90,NA,NA,NA,NA,NA,-31.11,1
1865-11-25 14:00:00,NA,90,NA,NA,NA,NA,NA,-30.56,1
1865-11-25 21:00:00,NA,90,NA,NA,NA,NA,NA,-33.89,1
1865-11-26,NA,NA,NA,NA,NA,NA,NA,NA,NA
1865-11-26 07:00:00,NA,90,NA,NA,NA,NA,NA,-32.78,1
1865-11-26 14:00:00,NA,90,NA,NA,NA,NA,NA,-32.22,1
1865-11-26 21:00:00,NA,90,NA,NA,NA,NA,NA,-32.78,1
1865-11-27,NA,NA,NA,NA,NA,NA,NA,NA,NA
1865-11-27 07:00:00,NA,90,NA,NA,NA,NA,NA,-32.22,2
1865-11-27 14:00:00,NA,90,NA,NA,NA,NA,NA,-32.22,11
1865-11-27 21:00:00,NA,90,NA,NA,NA,NA,NA,-31.11,5
1865-11-28 07:00:00,NA,0,NA,NA,NA,NA,NA,-27.78,1
1865-11-28 14:00:00,NA,0,NA,NA,NA,NA,NA,-23.33,1
1865-11-28 21:00:00,NA,0,NA,NA,NA,NA,NA,-24.44,1
1865-11-29,NA,NA,NA,NA,NA,NA,NA,NA,NA
1865-11-29 07:00:00,NA,180,NA,NA,NA,NA,NA,-23.33,11
1865-11-29 14:00:00,NA,180,NA,NA,NA,NA,NA,-24.44,5
1865-11-29 21:00:00,NA,270,NA,NA,NA,NA,NA,-23.33,2
1865-11-30,NA,NA,NA,NA,NA,NA,NA,NA,NA
1865-11-30 07:00:00,NA,135,NA,NA,NA,NA,NA,-31.11,1
1865-11-30 14:00:00,NA,135,NA,NA,NA,NA,NA,-26.11,1
1865-11-30 21:00:00,NA,135,NA,NA,NA,NA,NA,-23.33,1
1865-12-01,NA,NA,NA,NA,NA,NA,NA,NA,NA
1865-12-01 07:00:00,NA,135,NA,NA,NA,NA,NA,-12.22,1
1865-12-01 14:00:00,NA,135,NA,NA,NA,NA,NA,-11.11,1
1865-12-01 21:00:00,NA,135,NA,NA,NA,NA,NA,-13.33,1
1865-12-02,NA,NA,NA,NA,NA,NA,NA,NA,NA
1865-12-02 07:00:00,NA,225,NA,NA,NA,NA,NA,-12.22,1
1865-12-02 14:00:00,NA,270,NA,NA,NA,NA,NA,-9.44,11
1865-12-02 21:00:00,NA,270,NA,NA,NA,NA,NA,-16.11,2
1865-12-03,NA,NA,NA,NA,NA,NA,NA,NA,NA
1865-12-03 07:00:00,NA,270,NA,NA,NA,NA,NA,-15.56,1
1865-12-03 14:00:00,NA,315,NA,NA,NA,NA,NA,-16.67,2
1865-12-03 21:00:00,NA,225,NA,NA,NA,NA,NA,-22.22,1
1865-12-04,NA,NA,NA,NA,NA,NA,NA,NA,NA
1865-12-04 07:00:00,NA,225,NA,NA,NA,NA,NA,-26.11,1
1865-12-04 14:00:00,NA,225,NA,NA,NA,NA,NA,-32.22,1
1865-12-04 21:00:00,NA,225,NA,NA,NA,NA,NA,-33.33,1
1865-12-05,NA,NA,NA,NA,NA,NA,NA,NA,NA
1865-12-05 07:00:00,NA,0,NA,NA,NA,NA,NA,-31.67,2
1865-12-05 14:00:00,NA,0,NA,NA,NA,NA,NA,-32.22,2
1865-12-05 21:00:00,NA,135,NA,NA,NA,NA,NA,-33.33,1
1865-12-06,NA,NA,NA,NA,NA,NA,NA,NA,NA
1865-12-06 07:00:00,NA,135,NA,NA,NA,NA,NA,-44.44,1
1865-12-06 14:00:00,NA,135,NA,NA,NA,NA,NA,-45,2
1865-12-06 21:00:00,NA,135,NA,NA,NA,NA,NA,-34.44,1
1865-12-07,NA,NA,NA,NA,NA,NA,NA,NA,NA
1865-12-07 07:00:00,NA,0,NA,NA,NA,NA,NA,-48.33,1
1865-12-07 14:00:00,NA,0,NA,NA,NA,NA,NA,-48.33,2
1865-12-07 21:00:00,NA,0,NA,NA,NA,NA,NA,-43.89,2
1865-12-08,NA,NA,NA,NA,NA,NA,NA,NA,NA
1865-12-08 07:00:00,NA,0,NA,NA,NA,NA,NA,-41.11,2
1865-12-08 14:00:00,NA,0,NA,NA,NA,NA,NA,-41.11,2
1865-12-08 21:00:00,NA,0,NA,NA,NA,NA,NA,-43.89,2
1865-12-09,NA,NA,NA,0,"9am","3pm",NA,NA,NA
1865-12-09 07:00:00,NA,0,NA,NA,NA,NA,NA,-37.22,5
1865-12-09 14:00:00,NA,0,NA,NA,NA,NA,NA,-37.78,5
1865-12-09 21:00:00,NA,0,NA,NA,NA,NA,NA,-35.56,2
1865-12-10,NA,NA,NA,NA,NA,NA,NA,NA,NA
1865-12-10 07:00:00,NA,135,NA,NA,NA,NA,NA,-37.78,5
1865-12-10 14:00:00,NA,135,NA,NA,NA,NA,NA,-38.33,5
1865-12-10 21:00:00,NA,135,NA,NA,NA,NA,NA,-38.33,2
1865-12-11,NA,NA,NA,NA,NA,NA,NA,NA,NA
1865-12-11 07:00:00,NA,135,NA,NA,NA,NA,NA,-38.33,2
1865-12-11 14:00:00,NA,135,NA,NA,NA,NA,NA,-38.89,5
1865-12-11 21:00:00,NA,135,NA,NA,NA,NA,NA,-36.67,5
1865-12-12,NA,NA,NA,NA,NA,NA,NA,NA,NA
1865-12-12 07:00:00,NA,135,NA,NA,NA,NA,NA,-36.67,5
1865-12-12 14:00:00,NA,135,NA,NA,NA,NA,NA,-33.89,2
1865-12-12 21:00:00,NA,135,NA,NA,NA,NA,NA,-33.33,2
1865-12-13 07:00:00,NA,135,NA,NA,NA,NA,NA,-28.89,2
1865-12-13 14:00:00,NA,270,NA,NA,NA,NA,NA,-17.78,20
1865-12-13 21:00:00,NA,270,NA,NA,NA,NA,NA,-5,2
1865-12-14 07:00:00,NA,0,NA,NA,NA,NA,NA,-9.44,5
1865-12-14 14:00:00,NA,0,NA,NA,NA,NA,NA,-25,11
1865-12-14 21:00:00,NA,315,NA,NA,NA,NA,NA,-19.44,2
1865-12-15 07:00:00,NA,0,NA,NA,NA,NA,NA,-22.78,1
1865-12-15 14:00:00,NA,135,NA,NA,NA,NA,NA,-23.33,1
1865-12-15 21:00:00,NA,270,NA,NA,NA,NA,NA,-24.44,1
1865-12-16 07:00:00,NA,135,NA,NA,NA,NA,NA,-23.33,2
1865-12-16 14:00:00,NA,135,NA,NA,NA,NA,NA,-26.11,2
1865-12-16 21:00:00,NA,270,NA,NA,NA,NA,NA,-23.33,1
1865-12-17,NA,NA,NA,0,"3pm","empty",0,NA,NA
1865-12-17 07:00:00,NA,135,NA,NA,NA,NA,NA,-24.44,1
1865-12-17 14:00:00,NA,135,NA,NA,NA,NA,NA,-19.44,1
1865-12-17 21:00:00,NA,135,NA,NA,NA,NA,NA,-17.78,1
1865-12-18,NA,NA,NA,0,"empty","6am",76.2,NA,NA
1865-12-18 07:00:00,NA,315,NA,NA,NA,NA,NA,-22.22,5
1865-12-18 14:00:00,NA,315,NA,NA,NA,NA,NA,-24.44,5
1865-12-18 21:00:00,NA,270,NA,NA,NA,NA,NA,-32.78,1
1865-12-19 07:00:00,NA,0,NA,NA,NA,NA,NA,-32.78,1
1865-12-19 14:00:00,NA,45,NA,NA,NA,NA,NA,-22.78,1
1865-12-19 21:00:00,NA,45,NA,NA,NA,NA,NA,-27.78,1
1865-12-20,NA,NA,NA,0,"1am","3am",25.4,NA,NA
1865-12-20 07:00:00,NA,135,NA,NA,NA,NA,NA,-31.11,2
1865-12-20 14:00:00,NA,135,NA,NA,NA,NA,NA,-26.11,2
1865-12-20 21:00:00,NA,0,NA,NA,NA,NA,NA,-25.56,5
1865-12-21 07:00:00,NA,0,NA,NA,NA,NA,NA,-25,2
1865-12-21 14:00:00,NA,0,NA,NA,NA,NA,NA,-23.33,1
1865-12-21 21:00:00,NA,0,NA,NA,NA,NA,NA,-23.89,1
1865-12-22 07:00:00,NA,135,NA,NA,NA,NA,NA,-27.78,2
1865-12-22 14:00:00,NA,135,NA,NA,NA,NA,NA,-31.67,1
1865-12-22 21:00:00,NA,0,NA,NA,NA,NA,NA,-31.67,1
1865-12-23 07:00:00,NA,0,NA,NA,NA,NA,NA,-29.44,2
1865-12-23 14:00:00,NA,0,NA,NA,NA,NA,NA,-31.67,1
1865-12-23 21:00:00,NA,0,NA,NA,NA,NA,NA,-35,1
1865-12-24 07:00:00,NA,135,NA,NA,NA,NA,NA,-37.22,1
1865-12-24 14:00:00,NA,135,NA,NA,NA,NA,NA,-37.78,1
1865-12-24 21:00:00,NA,0,NA,NA,NA,NA,NA,-37.78,1
1865-12-25 07:00:00,NA,135,NA,NA,NA,NA,NA,-40,2
1865-12-25 14:00:00,NA,135,NA,NA,NA,NA,NA,-37.78,1
1865-12-25 21:00:00,NA,180,NA,NA,NA,NA,NA,-34.44,1
1865-12-26 07:00:00,NA,135,NA,NA,NA,NA,NA,-37.78,1
1865-12-26 14:00:00,NA,135,NA,NA,NA,NA,NA,-37.78,1
1865-12-26 21:00:00,NA,135,NA,NA,NA,NA,NA,-39.44,1
1865-12-27 07:00:00,NA,135,NA,NA,NA,NA,NA,-43.33,2
1865-12-27 14:00:00,NA,135,NA,NA,NA,NA,NA,-43.33,2
1865-12-27 21:00:00,NA,0,NA,NA,NA,NA,NA,-44.44,1
1865-12-28 07:00:00,NA,135,NA,NA,NA,NA,NA,-40,2
1865-12-28 14:00:00,NA,135,NA,NA,NA,NA,NA,-34.44,1
1865-12-28 21:00:00,NA,135,NA,NA,NA,NA,NA,-35.56,1
1865-12-29 07:00:00,NA,0,NA,NA,NA,NA,NA,-43.89,2
1865-12-29 14:00:00,NA,0,NA,NA,NA,NA,NA,-43.89,5
1865-12-29 21:00:00,NA,135,NA,NA,NA,NA,NA,-45.56,1
1865-12-30 07:00:00,NA,135,NA,NA,NA,NA,NA,-45.56,1
1865-12-30 14:00:00,NA,135,NA,NA,NA,NA,NA,-46.67,1
1865-12-30 21:00:00,NA,0,NA,NA,NA,NA,NA,-47.78,1
1865-12-31 07:00:00,NA,0,NA,NA,NA,NA,NA,-48.89,1
1865-12-31 14:00:00,NA,0,NA,NA,NA,NA,NA,-45.56,1
1865-12-31 21:00:00,NA,0,NA,NA,NA,NA,NA,-45,1
