"stationName","latitude","longitude","elevation","timeZone","UTCoffset","WMOID","MSCID"
"HalifaxDY","44.65","-63.58","2","America/Halifax","4","71328","8202220"
"Short_Name","What","Material","Error","Units","Seasonality","Data_Type","Detail","Method","Data_Format","Additional_Information"
"atb","temperature","atmospheric material",NA,"C","sub-daily","instrumental","original_observation","field method","n",NA
"dd","wind direction","atmospheric material",NA,"degrees","sub-daily","historical","original_observation","field method","n",NA
"p","surface pressure","atmospheric material",NA,"hPa","sub-daily","instrumental","original_observation","field method","n",NA
"ta","air temperature","atmospheric material",NA,"C","sub-daily","instrumental","original_observation","field method","n",NA
"w","wind speed","atmospheric material",NA,"mps","sub-daily","instrumental","original_observation","field method","n",NA
"ww","weather","atmospheric material",NA,"synop","sub-daily","historical","original_observation","field method","c",NA
"ObservationDate","atb","dd","p","ta","w","ww"
1854-10-19 07:00:00,6.67,292.5,1024.04,4.44,1,NA
1854-10-19 12:00:00,NA,22.5,NA,NA,NA,NA
1854-10-19 14:00:00,6.67,NA,1024.04,7.22,2,NA
1854-10-19 21:00:00,7.22,0,1023.71,3.89,11,",ra"
1854-10-20 07:00:00,4.44,337.5,1031.83,1.11,2,",skc"
1854-10-20 12:00:00,NA,0,NA,NA,NA,NA
1854-10-20 14:00:00,8.33,NA,1033.19,7.78,2,",skc"
1854-10-20 21:00:00,10,337.5,1033.86,8.33,1,NA
1854-10-21 07:00:00,6.67,337.5,1035.56,1.11,1,",skc"
1854-10-21 12:00:00,NA,0,NA,NA,NA,NA
1854-10-21 14:00:00,9.44,NA,1036.57,7.22,1,",skc"
1854-10-21 21:00:00,11.11,180,1035.22,6.67,1,",skc"
1854-10-22 07:00:00,5.56,0,1031.16,2.22,1,NA
1854-10-22 12:00:00,NA,315,NA,NA,NA,NA
1854-10-22 14:00:00,10,NA,1031.49,7.22,1,",skc"
1854-10-22 21:00:00,11.11,270,1031.49,6.67,1,",skc"
1854-10-23 07:00:00,6.11,45,1031.83,4.44,5,",skc"
1854-10-23 12:00:00,NA,22.5,NA,NA,NA,NA
1854-10-23 14:00:00,7.78,NA,1034.2,7.22,11,",skc"
1854-10-23 21:00:00,7.78,45,1035.22,7.22,5,",skc"
1854-10-24 07:00:00,3.33,135,1034.2,3.33,2,",skc"
1854-10-24 12:00:00,NA,135,NA,NA,NA,NA
1854-10-24 14:00:00,6.67,NA,1033.19,8.89,2,",bkn"
1854-10-24 21:00:00,8.33,135,1031.49,8.89,1,",bkn"
1854-10-25 07:00:00,8.33,0,1027.43,5.56,1,",skc"
1854-10-25 12:00:00,NA,0,NA,NA,NA,NA
1854-10-25 14:00:00,11.67,NA,1026.75,12.78,5,",skc"
1854-10-25 21:00:00,13.33,0,1027.09,12.78,2,",skc"
1854-10-26 07:00:00,7.78,0,1034.88,3.89,1,NA
1854-10-26 12:00:00,NA,22.5,NA,NA,NA,NA
1854-10-26 14:00:00,7.22,NA,1035.56,6.67,2,NA
1854-10-26 21:00:00,8.89,0,1034.88,6.11,1,",skc"
1854-10-27 07:00:00,5.56,292.5,1030.82,6.11,1,NA
1854-10-27 12:00:00,NA,292.5,NA,NA,NA,NA
1854-10-27 14:00:00,8.89,NA,1029.8,11.67,2,",skc"
1854-10-27 21:00:00,14.44,247.5,1028.11,12.78,2,",skc"
1854-10-28 07:00:00,9.44,NA,1029.46,8.33,0,",skc"
1854-10-28 12:00:00,NA,292.5,NA,NA,NA,NA
1854-10-28 14:00:00,13.89,NA,1030.14,17.22,1,",skc"
1854-10-28 21:00:00,17.78,292.5,1030.14,15.56,1,",skc"
1854-10-29 07:00:00,10.56,NA,1030.82,7.22,0,",skc"
1854-10-29 12:00:00,NA,270,NA,NA,NA,NA
1854-10-29 14:00:00,14.44,NA,1030.48,13.89,1,",skc"
1854-10-29 21:00:00,17.78,247.5,1030.48,14.44,1,",skc"
1854-10-30 07:00:00,13.89,292.5,1028.45,13.89,1,",skc"
1854-10-30 12:00:00,NA,292.5,NA,NA,NA,NA
1854-10-30 14:00:00,15.56,NA,1027.09,16.67,1,NA
1854-10-30 21:00:00,17.22,292.5,1027.09,15.56,2,NA
1854-10-31 07:00:00,13.33,180,1027.43,12.22,2,",fg"
1854-10-31 12:00:00,NA,157.5,NA,NA,NA,NA
1854-10-31 14:00:00,13.33,NA,1026.41,12.78,2,",fg"
1854-10-31 21:00:00,13.33,157.5,1024.04,13.89,2,NA
1854-11-01 07:00:00,14.44,225,1013.88,14.44,1,",fg"
1854-11-01 12:00:00,NA,247.5,NA,NA,NA,NA
1854-11-01 14:00:00,15.56,NA,1011.51,15.56,2,",sh"
1854-11-01 21:00:00,15.56,247.5,1010.84,15.56,5,",skc"
1854-11-02 07:00:00,12.22,180,1010.5,13.33,1,",fg"
1854-11-02 12:00:00,NA,0,NA,NA,NA,NA
1854-11-02 14:00:00,12.22,NA,1010.5,8.89,11,",sq"
1854-11-02 21:00:00,11.11,0,1015.24,7.78,5,",skc"
1854-11-03 07:00:00,6.67,247.5,1023.03,8.89,2,NA
1854-11-03 12:00:00,NA,225,NA,NA,NA,NA
1854-11-03 14:00:00,8.89,NA,1021.67,10,5,",br"
1854-11-03 21:00:00,10,225,1021,11.11,5,NA
1854-11-04 07:00:00,8.33,337.5,1027.09,2.22,2,",sn"
1854-11-04 12:00:00,NA,0,NA,NA,NA,NA
1854-11-04 14:00:00,6.67,NA,1025.4,1.67,2,",sn"
1854-11-04 21:00:00,5.56,22.5,1025.06,0.56,5,",sn"
1854-11-05 07:00:00,2.22,45,1028.78,-1.67,11,NA
1854-11-05 12:00:00,NA,45,NA,NA,NA,NA
1854-11-05 14:00:00,3.33,NA,1030.14,-0.56,16,",skc"
1854-11-05 21:00:00,3.33,45,1031.83,-1.67,11,",skc"
1854-11-06 07:00:00,0,0,1031.16,-5,2,",skc"
1854-11-06 12:00:00,NA,112.5,NA,NA,NA,NA
1854-11-06 14:00:00,2.22,NA,1029.46,-0.56,2,",skc"
1854-11-06 21:00:00,4.44,90,1027.43,-0.56,2,",skc"
1854-11-07 07:00:00,0,67.5,1019.98,-1.11,2,",skc"
1854-11-07 12:00:00,NA,135,NA,NA,NA,NA
1854-11-07 14:00:00,2.22,NA,1026.08,1.67,2,",skc"
1854-11-07 21:00:00,2.78,157.5,1013.21,1.67,5,",skc"
1854-11-08 07:00:00,5,135,1000,5.56,2,",skc"
1854-11-08 12:00:00,NA,0,NA,NA,NA,NA
1854-11-08 14:00:00,6.11,NA,997.97,7.22,1,NA
1854-11-08 21:00:00,7.22,292.5,998.98,5,2,",skc"
1854-11-09 07:00:00,4.44,247.5,1006.43,1.11,5,",sn"
1854-11-09 12:00:00,NA,315,NA,NA,NA,NA
1854-11-09 14:00:00,3.33,NA,1007.45,-1.11,16,",skc"
1854-11-09 21:00:00,1.11,315,1010.84,-3.33,16,",sn"
1854-11-10 07:00:00,-0.56,315,1022.01,-3.33,5,",skc"
1854-11-10 12:00:00,NA,315,NA,NA,NA,NA
1854-11-10 14:00:00,1.67,NA,1023.37,0,5,",skc"
1854-11-10 21:00:00,3.33,315,1025.4,0.56,2,",skc"
1854-11-11 07:00:00,1.67,225,1031.49,0.56,2,",skc"
1854-11-11 12:00:00,NA,202.5,NA,NA,NA,NA
1854-11-11 14:00:00,8.33,NA,1033.19,8.89,2,",skc"
1854-11-11 21:00:00,11.11,180,1033.53,8.33,2,",skc"
1854-11-12 07:00:00,11.67,180,1030.14,12.22,5,",ovc"
1854-11-12 12:00:00,NA,180,NA,NA,NA,NA
1854-11-12 14:00:00,12.78,NA,1030.82,12.78,2,",ovc"
1854-11-12 21:00:00,13.33,202.5,1028.78,12.78,5,",ra"
1854-11-13 07:00:00,14.44,225,1027.09,14.44,2,NA
1854-11-13 12:00:00,NA,225,NA,NA,NA,NA
1854-11-13 14:00:00,16.67,NA,1025.4,16.11,2,",bkn"
1854-11-13 21:00:00,16.67,225,1025.06,15.56,5,",ra"
1854-11-14 07:00:00,15,225,1032.85,13.89,2,",ra"
1854-11-14 12:00:00,NA,202.5,NA,NA,NA,NA
1854-11-14 14:00:00,14.44,NA,1019.3,13.33,5,",ra"
1854-11-14 21:00:00,13.33,225,1014.56,13.33,2,",ra"
1854-11-15 07:00:00,10,0,1009.82,8.33,2,NA
1854-11-15 12:00:00,NA,0,NA,NA,NA,NA
1854-11-15 14:00:00,9.44,NA,1008.13,7.22,5,",skc"
1854-11-15 21:00:00,8.33,337.5,1006.77,5.56,11,",bkn"
1854-11-16,NA,NA,NA,NA,NA,NA
1854-11-16 07:00:00,6.11,0,1002.71,5,5,NA
1854-11-16 12:00:00,NA,22.5,NA,NA,NA,NA
1854-11-16 14:00:00,6.11,NA,1001.02,5,2,",bkn"
1854-11-16 21:00:00,6.11,45,997.97,5,5,NA
1854-11-17,NA,NA,NA,NA,NA,NA
1854-11-17 07:00:00,5,337.5,992.55,2.22,11,NA
1854-11-17 12:00:00,NA,315,NA,NA,NA,NA
1854-11-17 14:00:00,5.56,NA,999.66,2.22,5,NA
1854-11-17 21:00:00,5,292.5,1003.73,5,2,NA
1854-11-18,NA,NA,NA,NA,NA,NA
1854-11-18 07:00:00,3.89,180,1010.16,2.78,2,",sh"
1854-11-18 12:00:00,NA,180,NA,NA,NA,NA
1854-11-18 14:00:00,7.22,NA,1010.16,9.44,5,",ra"
1854-11-18 21:00:00,9.44,202.5,1010.16,10,1,",ra"
1854-11-19,NA,NA,NA,NA,NA,NA
1854-11-19 07:00:00,10,157.5,1009.48,8.89,1,",ra"
1854-11-19 12:00:00,NA,157.5,NA,NA,NA,NA
1854-11-19 14:00:00,10,NA,1009.48,10,1,",ra"
1854-11-19 21:00:00,11.11,135,1003.39,11.11,2,",ra"
1854-11-20,NA,NA,NA,NA,NA,NA
1854-11-20 07:00:00,8.89,292.5,1003.39,4.44,5,NA
1854-11-20 12:00:00,NA,292.5,NA,NA,NA,NA
1854-11-20 14:00:00,7.78,NA,1005.08,6.11,11,",skc"
1854-11-20 21:00:00,7.78,315,1007.11,6.11,2,",skc"
1854-11-21,NA,NA,NA,NA,NA,NA
1854-11-21 07:00:00,3.33,315,1010.84,1.67,2,NA
1854-11-21 12:00:00,NA,337.5,NA,NA,NA,NA
1854-11-21 14:00:00,3.89,NA,1012.53,1.67,5,NA
1854-11-21 21:00:00,3.33,315,1015.24,0.56,2,",sn"
1854-11-22,NA,NA,NA,NA,NA,NA
1854-11-22 07:00:00,0,0,1027.09,-2.22,1,",skc"
1854-11-22 12:00:00,NA,135,NA,NA,NA,NA
1854-11-22 14:00:00,1.11,NA,1026.41,1.67,1,",skc"
1854-11-22 21:00:00,2.22,112.5,1025.06,1.67,2,",skc"
1854-11-23,NA,NA,NA,NA,NA,NA
1854-11-23 07:00:00,7.78,202.5,1006.1,8.33,2,",ra"
1854-11-23 12:00:00,NA,202.5,NA,NA,NA,NA
1854-11-23 14:00:00,7.22,NA,1004.4,7.22,1,",ra"
1854-11-23 21:00:00,7.22,202.5,1004.4,7.22,1,",ra"
1854-11-24,NA,NA,NA,NA,NA,NA
1854-11-24 07:00:00,2.78,0,1013.88,1.11,1,",skc"
1854-11-24 12:00:00,NA,0,NA,NA,NA,NA
1854-11-24 14:00:00,3.33,NA,1015.24,2.78,2,",skc"
1854-11-24 21:00:00,5,337.5,1014.9,3.33,1,",skc"
1854-11-25,NA,NA,NA,NA,NA,NA
1854-11-25 07:00:00,3.89,337.5,1015.24,2.22,1,",skc"
1854-11-25 12:00:00,NA,157.5,NA,NA,NA,NA
1854-11-25 14:00:00,7.22,NA,1014.22,8.89,5,",skc"
1854-11-25 21:00:00,8.89,157.5,1011.51,8.33,5,",ra"
1854-11-26,NA,NA,NA,NA,NA,NA
1854-11-26 07:00:00,10,180,1011.18,10,1,NA
1854-11-26 12:00:00,NA,180,NA,NA,NA,NA
1854-11-26 14:00:00,11.67,NA,1006.77,12.22,2,",fg"
1854-11-26 21:00:00,12.78,202.5,1004.74,13.89,11,",fg"
1854-11-27,NA,NA,NA,NA,NA,NA
1854-11-27 07:00:00,6.11,247.5,1015.24,6.11,5,NA
1854-11-27 12:00:00,NA,247.5,NA,NA,NA,NA
1854-11-27 14:00:00,6.11,NA,1019.3,7.22,2,",skc"
1854-11-27 21:00:00,7.78,225,1015.92,8.33,2,",skc"
1854-11-28,NA,NA,NA,NA,NA,NA
1854-11-28 07:00:00,4.44,270,1043.01,4.44,2,",skc"
1854-11-28 12:00:00,NA,315,NA,NA,NA,NA
1854-11-28 14:00:00,6.11,NA,1020.32,5,5,",skc"
1854-11-28 21:00:00,7.78,292.5,1023.37,4.44,2,",skc"
1854-11-29,NA,NA,NA,NA,NA,NA
1854-11-29 07:00:00,1.11,292.5,1025.4,-1.67,2,",skc"
1854-11-29 12:00:00,NA,157.5,NA,NA,NA,NA
1854-11-29 14:00:00,3.89,NA,1025.06,4.44,2,",skc"
1854-11-29 21:00:00,5,157.5,1023.37,5.56,2,",skc"
1854-11-30,NA,NA,NA,NA,NA,NA
1854-11-30 07:00:00,7.22,202.5,1000,7.22,2,NA
1854-11-30 12:00:00,NA,225,NA,NA,NA,NA
1854-11-30 14:00:00,6.67,NA,998.31,7.22,16,",sh"
1854-11-30 21:00:00,6.67,225,999.32,6.67,11,NA
1854-12-01,NA,NA,NA,NA,NA,NA
1854-12-01 07:00:00,3.33,292.5,1000.68,1.67,5,",sn"
1854-12-01 12:00:00,NA,315,NA,NA,NA,NA
1854-12-01 14:00:00,3.33,NA,1002.71,1.11,5,NA
1854-12-01 21:00:00,1.67,315,1006.1,-0.56,5,NA
1854-12-02,NA,NA,NA,NA,NA,NA
1854-12-02 07:00:00,0,337.5,1011.51,-1.67,5,",skc"
1854-12-02 12:00:00,NA,247.5,NA,NA,NA,NA
1854-12-02 14:00:00,2.22,NA,1011.51,-0.56,2,",skc"
1854-12-02 21:00:00,3.89,270,1011.51,0.56,2,",skc"
1854-12-03,NA,NA,NA,NA,NA,NA
1854-12-03 07:00:00,-1.67,337.5,1020.66,-3.89,2,NA
1854-12-03 12:00:00,NA,270,NA,NA,NA,NA
1854-12-03 14:00:00,0,NA,1021.33,-1.67,1,",skc"
1854-12-03 21:00:00,0.56,292.5,1022.01,-1.11,1,",skc"
1854-12-04,NA,NA,NA,NA,NA,NA
1854-12-04 07:00:00,2.22,135,1006.1,4.44,27,",ra"
1854-12-04 12:00:00,NA,135,NA,NA,NA,NA
1854-12-04 14:00:00,5.56,NA,993.91,7.78,27,",ra"
1854-12-04 21:00:00,6.67,135,989.16,7.78,20,",ra"
1854-12-05,NA,NA,NA,NA,NA,NA
1854-12-05 07:00:00,1.11,225,986.12,0.56,11,",sn"
1854-12-05 12:00:00,NA,225,NA,NA,NA,NA
1854-12-05 14:00:00,2.22,NA,987.81,1.67,5,",sn"
1854-12-05 21:00:00,1.67,270,990.86,1.11,5,NA
1854-12-06,NA,NA,NA,NA,NA,NA
1854-12-06 07:00:00,-1.11,270,995.6,-3.89,5,NA
1854-12-06 12:00:00,NA,270,NA,NA,NA,NA
1854-12-06 14:00:00,-2.22,NA,999.32,-4.44,11,NA
1854-12-06 21:00:00,-2.22,270,1001.36,1.11,2,NA
1854-12-07,NA,NA,NA,NA,NA,NA
1854-12-07 07:00:00,-0.56,180,1004.74,3.33,5,",bkn"
1854-12-07 12:00:00,NA,247.5,NA,NA,NA,NA
1854-12-07 14:00:00,2.78,NA,1005.42,5,2,",sh"
1854-12-07 21:00:00,3.33,270,1003.39,1.67,1,",ra"
1854-12-08,NA,NA,NA,NA,NA,NA
1854-12-08 07:00:00,2.78,270,994.58,1.67,2,",ovc"
1854-12-08 12:00:00,NA,315,NA,NA,NA,NA
1854-12-08 14:00:00,2.22,NA,994.92,1.67,1,",skc"
1854-12-08 21:00:00,2.78,315,997.63,0,5,NA
1854-12-09,NA,NA,NA,NA,NA,NA
1854-12-09 07:00:00,-2.22,315,1043.01,-7.22,16,",skc"
1854-12-09 12:00:00,NA,0,NA,NA,NA,NA
1854-12-09 14:00:00,-1.11,NA,1024.38,-5.56,11,",skc"
1854-12-09 21:00:00,-1.11,NA,1028.78,-6.11,16,",skc"
1854-12-10,NA,NA,NA,NA,NA,NA
1854-12-10 07:00:00,1.67,225,1034.2,-1.11,2,NA
1854-12-10 12:00:00,NA,225,NA,NA,NA,NA
1854-12-10 14:00:00,0,NA,1031.83,2.78,2,NA
1854-12-10 21:00:00,1.11,225,1031.49,2.78,2,",br"
1854-12-11,NA,NA,NA,NA,NA,NA
1854-12-11 07:00:00,4.44,225,1021,4.44,1,",br"
1854-12-11 12:00:00,NA,225,NA,NA,NA,NA
1854-12-11 14:00:00,4.44,NA,1013.88,5,2,",ra"
1854-12-11 21:00:00,5,225,1008.13,5.56,1,",ra"
1854-12-12,NA,NA,NA,NA,NA,NA
1854-12-12 07:00:00,1.67,315,1011.85,0,2,NA
1854-12-12 12:00:00,NA,315,NA,NA,NA,NA
1854-12-12 14:00:00,2.22,NA,1013.21,0,5,NA
1854-12-12 21:00:00,0,315,1013.21,-2.22,2,NA
1854-12-13,NA,NA,NA,NA,NA,NA
1854-12-13 07:00:00,-2.78,0,1046.39,-6.67,5,",skc"
1854-12-13 12:00:00,NA,270,NA,NA,NA,NA
1854-12-13 14:00:00,-1.11,NA,1019.98,-3.33,2,NA
1854-12-13 21:00:00,-1.67,247.5,1032.85,-2.78,2,",skc"
1854-12-14,NA,NA,NA,NA,NA,NA
1854-12-14 07:00:00,1.11,270,1014.9,1.67,1,NA
1854-12-14 12:00:00,NA,292.5,NA,NA,NA,NA
1854-12-14 14:00:00,1.11,NA,1022.69,2.78,1,NA
1854-12-14 21:00:00,2.22,292.5,1036.24,2.78,1,NA
1854-12-15,NA,NA,NA,NA,NA,NA
1854-12-15 07:00:00,1.11,NA,1020.66,1.67,0,",fg"
1854-12-15 12:00:00,NA,202.5,NA,NA,NA,NA
1854-12-15 14:00:00,3.33,NA,1020.32,4.44,1,",skc"
1854-12-15 21:00:00,6.67,202.5,1020.32,4.44,1,",skc"
1854-12-16,NA,NA,NA,NA,NA,NA
1854-12-16 07:00:00,8.89,202.5,1001.36,12.22,11,",ra"
1854-12-16 12:00:00,NA,202.5,NA,NA,NA,NA
1854-12-16 14:00:00,10,NA,1000,12.78,16,",ra"
1854-12-16 21:00:00,11.11,202.5,996.95,13.33,11,",ra"
1854-12-17,NA,NA,NA,NA,NA,NA
1854-12-17 07:00:00,2.22,22.5,1011.18,-3.33,16,",sn"
1854-12-17 12:00:00,NA,22.5,NA,NA,NA,NA
1854-12-17 14:00:00,1.11,NA,1012.53,-3.89,16,",bkn"
1854-12-17 21:00:00,0,22.5,1029.46,-5,11,",bkn"
1854-12-18,NA,NA,NA,NA,NA,NA
1854-12-18 07:00:00,-3.33,45,1020.32,-4.44,5,",sn"
1854-12-18 12:00:00,NA,112.5,NA,NA,NA,NA
1854-12-18 14:00:00,-2.22,NA,1013.55,-0.56,5,",sn"
1854-12-18 21:00:00,-0.56,135,1007.11,1.11,2,",bkn"
1854-12-19,NA,NA,NA,NA,NA,NA
1854-12-19 07:00:00,0.56,337.5,1009.48,-2.22,2,",bkn"
1854-12-19 12:00:00,NA,337.5,NA,NA,NA,NA
1854-12-19 14:00:00,0,NA,1011.18,-3.89,2,NA
1854-12-19 21:00:00,-1.11,337.5,1013.88,-4.44,5,NA
1854-12-20,NA,NA,NA,NA,NA,NA
1854-12-20 07:00:00,-4.44,0,1026.08,-9.44,2,NA
1854-12-20 12:00:00,NA,0,NA,NA,NA,NA
1854-12-20 14:00:00,-3.33,NA,1013.88,-6.67,5,",skc"
1854-12-20 21:00:00,-3.33,22.5,1011.85,-5,5,NA
1854-12-21,NA,NA,NA,NA,NA,NA
1854-12-21 07:00:00,-3.33,0,1013.88,-5,2,",skc"
1854-12-21 12:00:00,NA,315,NA,NA,NA,NA
1854-12-21 14:00:00,-3.33,NA,1013.88,-3.89,2,NA
1854-12-21 21:00:00,-1.11,292.5,1013.88,-3.89,2,NA
1854-12-22,NA,NA,NA,NA,NA,NA
1854-12-22 07:00:00,-2.22,0,1023.71,-12.22,5,",skc"
1854-12-22 12:00:00,NA,0,NA,NA,NA,NA
1854-12-22 14:00:00,-4.44,NA,1028.11,-15.56,16,",skc"
1854-12-22 21:00:00,-5,NA,1031.49,-15.56,11,",skc"
1854-12-23,NA,NA,NA,NA,NA,NA
1854-12-23 07:00:00,-8.33,0,1040.64,-14.44,2,",skc"
1854-12-23 12:00:00,NA,0,NA,NA,NA,NA
1854-12-23 14:00:00,-6.11,NA,1041.99,-10.56,2,",skc"
1854-12-23 21:00:00,-3.33,0,1044.36,-9.44,2,",skc"
1854-12-24,NA,NA,NA,NA,NA,NA
1854-12-24 07:00:00,-7.78,315,1039.96,-11.67,1,",skc"
1854-12-24 12:00:00,NA,202.5,NA,NA,NA,NA
1854-12-24 14:00:00,-5.56,NA,1033.53,-9.44,1,",ovc"
1854-12-24 21:00:00,-3.33,180,1031.16,-1.11,1,",ra"
1854-12-25,NA,NA,NA,NA,NA,NA
1854-12-25 07:00:00,2.22,292.5,1011.85,2.22,2,",bkn"
1854-12-25 12:00:00,NA,270,NA,NA,NA,NA
1854-12-25 14:00:00,2.22,NA,1010.5,2.78,2,",ovc"
1854-12-25 21:00:00,2.22,292.5,1013.21,1.67,5,NA
1854-12-26,NA,NA,NA,NA,NA,NA
1854-12-26 07:00:00,1.11,315,1015.92,0.56,2,NA
1854-12-26 12:00:00,NA,337.5,NA,NA,NA,NA
1854-12-26 14:00:00,1.11,NA,1029.46,1.11,5,NA
1854-12-26 21:00:00,2.22,0,1020.32,0.56,11,NA
1854-12-27,NA,NA,NA,NA,NA,NA
1854-12-27 07:00:00,-1.11,22.5,1027.43,-1.67,2,NA
1854-12-27 12:00:00,NA,180,NA,NA,NA,NA
1854-12-27 14:00:00,-1.11,NA,1027.09,-1.11,2,",ovc"
1854-12-27 21:00:00,-1.11,180,1025.06,0.56,2,NA
1855-01-25 07:00:00,-3.33,22.5,1014.22,-4.44,5,NA
1855-01-25 12:00:00,NA,45,NA,NA,NA,NA
1855-01-25 14:00:00,-2.22,NA,1010.5,-2.22,16,NA
1855-01-25 21:00:00,-2.22,22.5,1010.5,-2.22,20,NA
1855-01-26 07:00:00,-4.44,0,1013.21,-6.67,16,",br"
1855-01-26 12:00:00,NA,0,NA,NA,NA,NA
1855-01-26 14:00:00,-2.22,NA,1013.21,-3.89,11,",skc"
1855-01-26 21:00:00,0,0,1013.21,-1.11,1,",skc"
1855-01-27 07:00:00,1.11,180,1000.34,1.11,11,",ra"
1855-01-27 12:00:00,NA,292.5,NA,NA,NA,NA
1855-01-27 14:00:00,2.22,NA,1001.02,1.67,11,",ra"
1855-01-27 21:00:00,2.22,315,1002.71,1.11,2,",sn"
1855-01-28 07:00:00,-1.11,315,1019.64,-1.67,1,",skc"
1855-01-28 12:00:00,NA,270,NA,NA,NA,NA
1855-01-28 14:00:00,0.56,NA,1022.01,0,1,NA
1855-01-28 21:00:00,1.11,270,1024.72,0.56,1,",br"
1855-01-29 07:00:00,0,157.5,1030.82,0.56,1,NA
1855-01-29 12:00:00,NA,157.5,NA,NA,NA,NA
1855-01-29 14:00:00,1.11,NA,1029.8,1.11,5,",ra"
1855-01-29 21:00:00,2.22,157.5,1026.75,1.67,5,",ra"
1855-01-30 07:00:00,4.44,202.5,1029.46,4.44,1,",br"
1855-01-30 12:00:00,NA,225,NA,NA,NA,NA
1855-01-30 14:00:00,5,NA,1019.3,6.11,2,",br"
1855-01-30 21:00:00,5.56,225,1013.55,6.67,2,",skc"
1855-01-31 07:00:00,0.56,270,1013.88,-1.11,2,",br"
1855-01-31 12:00:00,NA,292.5,NA,NA,NA,NA
1855-01-31 14:00:00,0,NA,1013.88,-0.56,2,",sn"
1855-01-31 21:00:00,0,292.5,1011.85,-1.11,2,",br"
1855-02-01 07:00:00,-2.78,0,1019.3,-6.67,2,",br"
1855-02-01 12:00:00,NA,0,NA,NA,NA,NA
1855-02-01 14:00:00,-2.22,NA,1036.24,-6.11,2,",skc"
1855-02-01 21:00:00,-1.11,0,1014.22,-4.44,5,NA
1855-02-02 07:00:00,-5.56,0,1010.5,-7.78,2,",sn"
1855-02-02 12:00:00,NA,0,NA,NA,NA,NA
1855-02-02 14:00:00,-3.33,NA,1011.85,-6.11,1,",skc"
1855-02-02 21:00:00,-1.67,292.5,1012.87,-3.89,1,",br"
1855-02-03 07:00:00,-2.22,157.5,1004.06,-0.56,2,",sn"
1855-02-03 12:00:00,NA,270,NA,NA,NA,NA
1855-02-03 14:00:00,-0.56,NA,1001.69,0.56,2,NA
1855-02-03 21:00:00,0.56,247.5,1001.02,0,2,",br"
1855-02-04 07:00:00,-3.89,0,1006.43,-6.67,2,NA
1855-02-04 12:00:00,NA,292.5,NA,NA,NA,NA
1855-02-04 14:00:00,-3.33,NA,1006.77,-6.11,2,",skc"
1855-02-04 21:00:00,-2.78,202.5,1007.79,-4.44,2,NA
1855-02-05 07:00:00,-8.89,157.5,1013.88,-15.56,5,",skc"
1855-02-05 12:00:00,NA,112.5,NA,NA,NA,NA
1855-02-05 14:00:00,-7.78,NA,1009.82,-11.67,5,",sn"
1855-02-05 21:00:00,-7.78,135,1000.68,-11.11,16,",sn"
1855-02-06 07:00:00,-11.11,22.5,1006.1,-16.11,11,",skc"
1855-02-06 12:00:00,NA,NA,NA,NA,NA,NA
1855-02-06 14:00:00,-9.44,NA,1011.18,-15,11,NA
1855-02-06 21:00:00,-8.33,337.5,1011.18,-15,16,NA
1855-02-07 07:00:00,-16.67,0,1022.69,-8.89,20,",skc"
1855-02-07 12:00:00,NA,0,NA,NA,NA,NA
1855-02-07 14:00:00,-16.11,NA,1023.71,-12.22,20,",skc"
1855-02-07 21:00:00,-14.44,0,1024.38,-14.44,16,",skc"
1855-02-08 07:00:00,-14.44,337.5,1023.37,-16.67,2,",br"
1855-02-08 12:00:00,NA,0,NA,NA,NA,NA
1855-02-08 14:00:00,-11.11,NA,1022.35,-13.89,2,NA
1855-02-08 21:00:00,-8.89,22.5,1019.98,-12.22,2,NA
1855-02-09 07:00:00,-9.44,22.5,1008.13,-12.22,11,",sn"
1855-02-09 12:00:00,NA,45,NA,NA,NA,NA
1855-02-09 14:00:00,-8.89,NA,1005.08,-9.44,11,",sn"
1855-02-09 21:00:00,-8.33,45,1006.1,-8.89,11,",sn"
1855-02-10 07:00:00,-6.11,22.5,1007.45,-8.89,11,",sn"
1855-02-10 12:00:00,NA,22.5,NA,NA,NA,NA
1855-02-10 14:00:00,-5.56,NA,1010.84,-6.11,11,NA
1855-02-10 21:00:00,-5.56,22.5,1012.19,-6.67,5,NA
1855-02-11 07:00:00,-7.22,0,1023.37,-10,2,NA
1855-02-11 12:00:00,NA,0,NA,NA,NA,NA
1855-02-11 14:00:00,-3.89,NA,1023.37,-7.22,1,",skc"
1855-02-11 21:00:00,-1.11,315,1023.37,-7.78,1,",skc"
1855-02-12 07:00:00,-6.67,0,1021,-11.67,5,",br"
1855-02-12 12:00:00,NA,0,NA,NA,NA,NA
1855-02-12 14:00:00,-4.44,NA,1021.67,-7.78,2,",skc"
1855-02-12 21:00:00,0,0,1022.01,-4.44,2,",skc"
1855-02-13 07:00:00,-4.44,0,1023.37,-10,2,",skc"
1855-02-13 12:00:00,NA,0,NA,NA,NA,NA
1855-02-13 14:00:00,-3.89,NA,1023.71,-5.56,16,",skc"
1855-02-13 21:00:00,-2.22,0,1023.37,-3.89,11,",skc"
1855-02-14 07:00:00,-5,315,1030.82,-7.78,5,NA
1855-02-14 12:00:00,NA,22.5,NA,NA,NA,NA
1855-02-14 14:00:00,-1.67,NA,1031.49,-3.89,2,",skc"
1855-02-14 21:00:00,0.56,22.5,1031.49,0,2,NA
1855-02-15 07:00:00,-1.11,22.5,1030.82,-3.89,2,",br"
1855-02-15 12:00:00,NA,135,NA,NA,NA,NA
1855-02-15 14:00:00,-1.11,NA,1029.8,-1.11,11,",br"
1855-02-15 21:00:00,0,112.5,1028.11,0,2,",ra"
1855-02-16 07:00:00,0,135,1024.72,0,16,",br"
1855-02-16 12:00:00,NA,135,NA,NA,NA,NA
1855-02-16 14:00:00,0.56,NA,1023.03,0.56,16,",sn"
1855-02-16 21:00:00,1.11,135,1021.33,1.11,16,",sn"
1855-02-17 07:00:00,1.11,112.5,1014.22,1.11,20,",ra"
1855-02-17 12:00:00,NA,112.5,NA,NA,NA,NA
1855-02-17 14:00:00,1.67,NA,1011.85,1.67,20,",ra"
1855-02-17 21:00:00,2.22,112.5,1008.47,2.22,20,",ra"
1855-02-18 07:00:00,1.11,112.5,1000.68,1.11,11,",ra"
1855-02-18 12:00:00,NA,0,NA,NA,NA,NA
1855-02-18 14:00:00,1.67,NA,998.31,1.67,1,",ra"
1855-02-18 21:00:00,2.22,NA,998.31,2.22,0,",br"
1855-02-19 07:00:00,0.56,225,1002.71,0.56,1,",br"
1855-02-19 12:00:00,NA,180,NA,NA,NA,NA
1855-02-19 14:00:00,2.22,NA,1004.06,2.22,2,",sn"
1855-02-19 21:00:00,3.33,180,1004.74,2.78,2,NA
1855-02-20 07:00:00,0.56,135,1006.43,0.56,2,",sn"
1855-02-20 12:00:00,NA,112.5,NA,NA,NA,NA
1855-02-20 14:00:00,1.11,NA,1006.77,1.11,5,",sn"
1855-02-20 21:00:00,1.11,112.5,1007.11,1.11,2,",ra"
1855-02-21 07:00:00,0.56,22.5,1008.47,0,20,",br"
1855-02-21 12:00:00,NA,NA,NA,NA,NA,NA
1855-02-21 14:00:00,1.11,NA,1009.82,1.67,16,",br"
1855-02-21 21:00:00,1.11,0,1010.5,1.11,20,",br"
1855-02-22 07:00:00,-1.11,22.5,1010.5,-1.11,20,NA
1855-02-22 12:00:00,NA,22.5,NA,NA,NA,NA
1855-02-22 14:00:00,0,NA,1009.48,1.11,16,NA
1855-02-22 21:00:00,0,0,1008.13,0,11,",bkn"
1855-02-23 07:00:00,-1.67,0,1007.45,-1.67,11,NA
1855-02-23 12:00:00,NA,337.5,NA,NA,NA,NA
1855-02-23 14:00:00,-1.11,NA,1004.74,0,5,NA
1855-02-23 21:00:00,-0.56,315,1004.06,0.56,2,NA
1855-02-24 07:00:00,-7.22,315,1008.13,-13.33,5,",skc"
1855-02-24 12:00:00,NA,337.5,NA,NA,NA,NA
1855-02-24 14:00:00,-6.67,NA,1007.11,-11.11,5,",skc"
1855-02-24 21:00:00,-6.11,315,1006.43,-10.56,5,",skc"
1855-02-25 07:00:00,-11.11,315,1006.1,-15,5,",skc"
1855-02-25 12:00:00,NA,292.5,NA,NA,NA,NA
1855-02-25 14:00:00,-8.89,NA,1002.71,-11.11,5,",skc"
1855-02-25 21:00:00,-7.22,292.5,1001.69,-10,2,NA
1855-02-26 07:00:00,-11.11,0,1002.71,-13.33,2,NA
1855-02-26 12:00:00,NA,NA,NA,NA,NA,NA
1855-02-26 14:00:00,-8.89,NA,1000.68,-9.44,2,NA
1855-02-26 21:00:00,-7.22,0,999.32,-9.44,5,",sn"
1855-02-27 07:00:00,-12.22,0,1004.74,-16.67,1,",skc"
1855-02-27 12:00:00,NA,292.5,NA,NA,NA,NA
1855-02-27 14:00:00,-9.44,NA,1005.08,-12.22,5,NA
1855-02-27 21:00:00,-7.78,292.5,1006.1,-11.11,5,NA
1855-02-28 07:00:00,-11.67,292.5,1011.85,-13.33,5,",skc"
1855-02-28 12:00:00,NA,315,NA,NA,NA,NA
1855-02-28 14:00:00,-6.67,NA,1014.56,-7.78,11,",skc"
1855-02-28 21:00:00,-3.89,315,1032.85,-5.56,5,",skc"
1855-03-01 07:00:00,-6.11,337.5,1026.75,-7.78,2,",skc"
1855-03-01 12:00:00,NA,315,NA,NA,NA,NA
1855-03-01 14:00:00,-2.78,NA,1027.09,-4.44,2,",skc"
1855-03-01 21:00:00,0.56,270,1026.75,-2.22,2,",skc"
1855-03-02 07:00:00,-2.22,315,1026.41,-5,5,",skc"
1855-03-02 12:00:00,NA,292.5,NA,NA,NA,NA
1855-03-02 14:00:00,0,NA,1026.75,-1.67,2,",skc"
1855-03-02 21:00:00,0.56,315,1026.08,-1.11,5,",skc"
1855-03-03 07:00:00,-1.67,315,1021.33,-2.78,1,",br"
1855-03-03 12:00:00,NA,157.5,NA,NA,NA,NA
1855-03-03 14:00:00,1.11,NA,1036.24,-0.56,2,NA
1855-03-03 21:00:00,3.89,202.5,1015.24,0.56,2,NA
1855-03-04 07:00:00,0,225,1006.1,-1.11,1,",sn"
1855-03-04 12:00:00,NA,292.5,NA,NA,NA,NA
1855-03-04 14:00:00,0,NA,1006.1,1.11,2,NA
1855-03-04 21:00:00,0,22.5,1011.51,-3.89,5,",sn"
1855-03-05 07:00:00,-6.67,202.5,1023.71,-10.56,2,NA
1855-03-05 12:00:00,NA,225,NA,NA,NA,NA
1855-03-05 14:00:00,-5,NA,1021.33,-3.89,5,NA
1855-03-05 21:00:00,0,225,1011.85,1.11,11,NA
1855-03-06 07:00:00,2.22,225,997.29,1.67,11,",ra"
1855-03-06 12:00:00,NA,247.5,NA,NA,NA,NA
1855-03-06 14:00:00,5,NA,995.6,2.78,11,",br"
1855-03-06 21:00:00,6.67,292.5,994.24,4.44,5,NA
1855-03-07 07:00:00,-1.11,0,1010.84,-2.78,2,NA
1855-03-07 12:00:00,NA,0,NA,NA,NA,NA
1855-03-07 14:00:00,-1.11,NA,1013.88,-2.22,2,",br"
1855-03-07 21:00:00,-1.11,22.5,1014.9,-2.22,2,",br"
1855-03-08,NA,NA,NA,NA,NA,NA
1855-03-08 07:00:00,-3.33,22.5,1012.19,-5.56,11,",sn"
1855-03-08 12:00:00,NA,22.5,NA,NA,NA,NA
1855-03-08 14:00:00,-3.33,NA,1008.13,-5.56,20,",sn"
1855-03-08 21:00:00,-3.33,45,1003.05,-5.56,20,",sn"
1855-03-09,NA,NA,NA,NA,NA,NA
1855-03-09 07:00:00,-1.11,337.5,998.98,-3.33,5,NA
1855-03-09 12:00:00,NA,315,NA,NA,NA,NA
1855-03-09 14:00:00,-1.11,NA,1004.06,0,5,NA
1855-03-09 21:00:00,0.56,315,1006.77,0.56,1,",skc"
1855-03-10,NA,NA,NA,NA,NA,NA
1855-03-10 07:00:00,0,135,1011.18,0,2,",ra"
1855-03-10 12:00:00,NA,157.5,NA,NA,NA,NA
1855-03-10 14:00:00,0.56,NA,1009.48,1.67,2,",ra"
1855-03-10 21:00:00,2.22,112.5,1008.13,2.78,2,",ra"
1855-03-11,NA,NA,NA,NA,NA,NA
1855-03-11 07:00:00,0.56,0,1006.43,1.11,2,",bkn"
1855-03-11 12:00:00,NA,22.5,NA,NA,NA,NA
1855-03-11 14:00:00,1.11,NA,1004.4,1.67,2,",bkn"
1855-03-11 21:00:00,1.11,22.5,1003.39,1.11,5,",bkn"
1855-03-12,NA,NA,NA,NA,NA,NA
1855-03-12 07:00:00,-3.33,0,1004.74,-5,20,",bkn"
1855-03-12 12:00:00,NA,0,NA,NA,NA,NA
1855-03-12 14:00:00,-2.78,NA,1006.77,-3.33,16,",br"
1855-03-12 21:00:00,-2.78,0,1009.48,-3.89,16,",br"
1855-03-13,NA,NA,NA,NA,NA,NA
1855-03-13 07:00:00,-4.44,0,1039.62,-6.67,5,NA
1855-03-13 12:00:00,NA,0,NA,NA,NA,NA
1855-03-13 14:00:00,-3.33,NA,1020.66,-4.44,5,NA
1855-03-13 21:00:00,-3.33,22.5,1024.72,-5,2,NA
1855-03-14,NA,NA,NA,NA,NA,NA
1855-03-14 07:00:00,-6.67,45,1026.41,-9.44,5,",sn"
1855-03-14 12:00:00,NA,67.5,NA,NA,NA,NA
1855-03-14 14:00:00,-6.67,NA,1024.04,-8.33,5,",sn"
1855-03-14 21:00:00,-6.67,67.5,1023.37,-6.67,5,",sn"
1855-03-15,NA,NA,NA,NA,NA,NA
1855-03-15 07:00:00,-6.67,0,1025.4,-8.33,2,NA
1855-03-15 12:00:00,NA,135,NA,NA,NA,NA
1855-03-15 14:00:00,-2.78,NA,1026.08,-2.78,2,NA
1855-03-15 21:00:00,-1.11,135,1023.37,-1.11,5,",bkn"
1855-03-16,NA,NA,NA,NA,NA,NA
1855-03-16 07:00:00,1.11,315,1008.81,1.11,2,NA
1855-03-16 12:00:00,NA,315,NA,NA,NA,NA
1855-03-16 14:00:00,2.22,NA,1010.84,2.22,5,NA
1855-03-16 21:00:00,3.89,337.5,1010.5,4.44,11,NA
1855-03-17,NA,NA,NA,NA,NA,NA
1855-03-17 07:00:00,-0.56,337.5,1019.64,-1.67,11,NA
1855-03-17 12:00:00,NA,337.5,NA,NA,NA,NA
1855-03-17 14:00:00,0,NA,1020.32,0,5,",skc"
1855-03-17 21:00:00,1.67,0,1021,0.56,2,",skc"
1855-03-18,NA,NA,NA,NA,NA,NA
1855-03-18 07:00:00,-0.56,135,1015.24,-1.11,11,",sn"
1855-03-18 12:00:00,NA,112.5,NA,NA,NA,NA
1855-03-18 14:00:00,0,NA,1011.51,0,5,",sn"
1855-03-18 21:00:00,0,67.5,1011.51,0.56,2,NA
1855-03-19,NA,NA,NA,NA,NA,NA
1855-03-19 07:00:00,0,337.5,1029.46,-1.11,2,",skc"
1855-03-19 12:00:00,NA,315,NA,NA,NA,NA
1855-03-19 14:00:00,2.22,NA,1029.46,1.11,5,",skc"
1855-03-19 21:00:00,1.67,337.5,1026.08,0.56,5,NA
1855-03-20,NA,NA,NA,NA,NA,NA
1855-03-20 07:00:00,-1.67,337.5,1023.37,-3.89,2,",br"
1855-03-20 12:00:00,NA,157.5,NA,NA,NA,NA
1855-03-20 14:00:00,1.11,NA,1023.03,1.11,11,",br"
1855-03-20 21:00:00,2.22,180,1019.64,1.67,2,NA
1855-03-21,NA,NA,NA,NA,NA,NA
1855-03-21 07:00:00,0.56,270,1012.87,-2.22,2,NA
1855-03-21 12:00:00,NA,292.5,NA,NA,NA,NA
1855-03-21 14:00:00,0,NA,1009.82,-1.11,11,",sn"
1855-03-21 21:00:00,0.56,292.5,1010.5,-0.56,16,NA
1855-03-22,NA,NA,NA,NA,NA,NA
1855-03-22 07:00:00,-1.11,315,1020.66,-4.44,5,NA
1855-03-22 12:00:00,NA,337.5,NA,NA,NA,NA
1855-03-22 14:00:00,-1.11,NA,1019.3,-2.22,5,",skc"
1855-03-22 21:00:00,0,315,1022.69,-1.11,5,",skc"
1855-03-23,NA,NA,NA,NA,NA,NA
1855-03-23 07:00:00,-4.44,0,1007.11,-7.78,2,",skc"
1855-03-23 12:00:00,NA,315,NA,NA,NA,NA
1855-03-23 14:00:00,-1.67,NA,1006.1,-3.33,11,",br"
1855-03-23 21:00:00,0,315,1004.4,-1.11,5,",skc"
1855-03-24,NA,NA,NA,NA,NA,NA
1855-03-24 07:00:00,-0.56,202.5,998.65,-1.11,5,",sn"
1855-03-24 12:00:00,NA,225,NA,NA,NA,NA
1855-03-24 14:00:00,0.56,NA,996.95,1.67,5,NA
1855-03-24 21:00:00,3.33,225,996.95,1.67,2,",br"
1855-03-25,NA,NA,NA,NA,NA,NA
1855-03-25 07:00:00,0,337.5,993.57,-3.89,11,",br"
1855-03-25 12:00:00,NA,315,NA,NA,NA,NA
1855-03-25 14:00:00,1.11,NA,994.92,-1.11,11,NA
1855-03-25 21:00:00,-1.11,315,996.95,-2.22,16,NA
1855-03-26,NA,NA,NA,NA,NA,NA
1855-03-26 07:00:00,-2.78,270,1001.69,-2.78,5,NA
1855-03-26 12:00:00,NA,270,NA,NA,NA,NA
1855-03-26 14:00:00,-0.56,NA,1001.36,-0.56,11,NA
1855-03-26 21:00:00,1.11,270,999.66,0.56,16,",br"
1855-03-27,NA,NA,NA,NA,NA,NA
1855-03-27 07:00:00,-2.22,225,1000.34,-3.89,2,",sn"
1855-03-27 12:00:00,NA,135,NA,NA,NA,NA
1855-03-27 14:00:00,-2.22,NA,994.58,-1.67,1,",sn"
1855-03-27 21:00:00,-1.11,22.5,992.55,-1.11,2,",sn"
1855-03-28,NA,NA,NA,NA,NA,NA
1855-03-28 07:00:00,-2.78,315,997.63,-6.11,5,",sn"
1855-03-28 12:00:00,NA,315,NA,NA,NA,NA
1855-03-28 14:00:00,-2.78,NA,999.66,-3.89,11,NA
1855-03-28 21:00:00,-0.56,315,999.32,-3.33,11,NA
1855-03-29,NA,NA,NA,NA,NA,NA
1855-03-29 07:00:00,-2.78,270,997.29,-4.44,5,",skc"
1855-03-29 12:00:00,NA,315,NA,NA,NA,NA
1855-03-29 14:00:00,-2.22,NA,996.95,-3.33,11,",br"
1855-03-29 21:00:00,-0.56,292.5,996.95,-1.11,11,",br"
1855-03-30,NA,NA,NA,NA,NA,NA
1855-03-30 07:00:00,-2.22,270,1008.47,-4.44,2,",br"
1855-03-30 12:00:00,NA,247.5,NA,NA,NA,NA
1855-03-30 14:00:00,1.11,NA,1008.13,2.22,2,",br"
1855-03-30 21:00:00,3.33,315,1008.13,3.89,5,NA
1855-03-31,NA,NA,NA,NA,NA,NA
1855-03-31 07:00:00,1.67,337.5,1020.66,-1.11,2,",skc"
1855-03-31 12:00:00,NA,225,NA,NA,NA,NA
1855-03-31 14:00:00,4.44,NA,1019.98,3.33,2,",skc"
1855-03-31 21:00:00,5.56,180,1046.39,5.56,2,",skc"
1855-04-01,NA,NA,NA,NA,NA,NA
1855-04-01 07:00:00,2.78,180,1013.55,1.67,2,",ra"
1855-04-01 12:00:00,NA,135,NA,NA,NA,NA
1855-04-01 14:00:00,5,NA,999.32,5,5,",ra"
1855-04-01 21:00:00,5.56,157.5,985.78,6.67,11,",ra"
1855-04-02,NA,NA,NA,NA,NA,NA
1855-04-02 07:00:00,2.22,247.5,989.16,-1.11,20,",sn"
1855-04-02 12:00:00,NA,225,NA,NA,NA,NA
1855-04-02 14:00:00,1.11,NA,990.86,-0.56,16,",sq"
1855-04-02 21:00:00,0.56,225,991.53,-1.11,16,",sn"
1855-04-03,NA,NA,NA,NA,NA,NA
1855-04-03 07:00:00,-1.67,292.5,999.32,-4.44,5,NA
1855-04-03 12:00:00,NA,315,NA,NA,NA,NA
1855-04-03 14:00:00,-2.22,NA,1006.1,-2.22,11,",sn"
1855-04-03 21:00:00,-1.11,315,1008.47,-1.11,5,NA
1855-04-04,NA,NA,NA,NA,NA,NA
1855-04-04 07:00:00,-1.11,337.5,1025.06,-3.33,5,",skc"
1855-04-04 12:00:00,NA,270,NA,NA,NA,NA
1855-04-04 14:00:00,1.67,NA,1023.71,1.67,2,",skc"
1855-04-04 21:00:00,3.33,315,1022.01,3.33,5,",skc"
1855-04-05 07:00:00,0,NA,1026.75,1.11,2,",br"
1855-04-05 12:00:00,NA,225,NA,NA,NA,NA
1855-04-05 14:00:00,4.44,NA,1025.4,3.33,2,",br"
1855-04-05 21:00:00,7.22,225,1024.04,5.56,2,",skc"
1855-04-06 07:00:00,4.44,180,1007.11,3.33,16,",ra"
1855-04-06 12:00:00,NA,202.5,NA,NA,NA,NA
1855-04-06 14:00:00,5.56,NA,1000.34,5,11,",ra"
1855-04-06 21:00:00,6.67,202.5,998.31,6.11,5,",bkn"
1855-04-07 07:00:00,3.89,202.5,1004.06,1.67,5,",ra"
1855-04-07 12:00:00,NA,247.5,NA,NA,NA,NA
1855-04-07 14:00:00,3.89,NA,1003.05,3.89,2,NA
1855-04-07 21:00:00,4.44,337.5,1004.74,5,2,NA
1855-04-08 07:00:00,1.67,135,1021.33,-0.56,5,",skc"
1855-04-08 12:00:00,NA,135,NA,NA,NA,NA
1855-04-08 14:00:00,2.22,NA,1022.35,1.11,11,NA
1855-04-08 21:00:00,1.67,112.5,1022.01,1.11,11,NA
1855-04-09 07:00:00,1.11,0,1021.33,-1.11,2,",skc"
1855-04-09 12:00:00,NA,22.5,NA,NA,NA,NA
1855-04-09 14:00:00,3.33,NA,1020.32,3.89,2,",skc"
1855-04-09 21:00:00,6.11,315,1020.66,4.44,2,",skc"
1855-04-10 07:00:00,2.78,180,1020.66,3.89,2,",ra"
1855-04-10 12:00:00,NA,270,NA,NA,NA,NA
1855-04-10 14:00:00,3.33,NA,1020.66,4.44,2,NA
1855-04-10 21:00:00,6.67,NA,1021.33,7.22,2,",skc"
1855-04-11 07:00:00,3.89,112.5,1022.35,1.67,2,",ra"
1855-04-11 12:00:00,NA,112.5,NA,NA,NA,NA
1855-04-11 14:00:00,2.22,NA,1036.24,1.67,16,",ra"
1855-04-11 21:00:00,2.22,112.5,1013.88,1.67,11,",ra"
1855-04-12 07:00:00,2.78,270,1010.5,1.67,2,NA
1855-04-12 12:00:00,NA,202.5,NA,NA,NA,NA
1855-04-12 14:00:00,4.44,NA,1009.48,4.44,5,",bkn"
1855-04-12 21:00:00,6.11,157.5,1007.11,6.11,11,",ra"
1855-04-13 07:00:00,1.11,NA,1010.84,-0.56,20,",bkn"
1855-04-13 12:00:00,NA,NA,NA,NA,NA,NA
1855-04-13 14:00:00,0.56,NA,1014.22,-1.11,16,",bkn"
1855-04-13 21:00:00,0,0,1029.46,-1.67,16,",bkn"
1855-04-14 07:00:00,0,0,1027.09,-2.22,2,",skc"
1855-04-14 12:00:00,NA,NA,NA,NA,NA,NA
1855-04-14 14:00:00,3.33,NA,1028.45,1.67,5,",skc"
1855-04-14 21:00:00,4.44,225,1024.72,2.78,2,NA
1855-04-15 07:00:00,2.22,247.5,1010.5,1.67,2,NA
1855-04-15 12:00:00,NA,337.5,NA,NA,NA,NA
1855-04-15 14:00:00,5.56,NA,1012.87,7.22,5,",skc"
1855-04-15 21:00:00,7.22,0,1013.55,8.89,5,",skc"
1855-04-16 07:00:00,4.44,337.5,1021,1.11,2,",skc"
1855-04-16 12:00:00,NA,247.5,NA,NA,NA,NA
1855-04-16 14:00:00,7.22,NA,1022.01,5.56,5,",skc"
1855-04-16 21:00:00,8.33,225,1021.33,7.22,11,",skc"
1855-04-17 07:00:00,5,157.5,1027.43,3.89,5,",skc"
1855-04-17 12:00:00,NA,225,NA,NA,NA,NA
1855-04-17 14:00:00,9.44,NA,1027.43,8.33,2,",skc"
1855-04-17 21:00:00,12.22,225,1026.41,12.22,5,",skc"
1855-04-18 07:00:00,7.22,225,1023.71,6.67,2,",skc"
1855-04-18 12:00:00,NA,247.5,NA,NA,NA,NA
1855-04-18 14:00:00,10.56,NA,1021.33,10.56,11,NA
1855-04-18 21:00:00,12.22,247.5,1021,11.11,5,NA
1855-04-19 07:00:00,7.22,67.5,1014.56,2.78,2,",ra"
1855-04-19 12:00:00,NA,45,NA,NA,NA,NA
1855-04-19 14:00:00,5.56,NA,1012.87,4.44,2,",br"
1855-04-19 21:00:00,5.56,22.5,1012.53,4.44,5,",br"
1855-04-20 07:00:00,3.33,22.5,1019.64,1.11,2,",skc"
1855-04-20 12:00:00,NA,180,NA,NA,NA,NA
1855-04-20 14:00:00,6.11,NA,1019.64,5,2,",skc"
1855-04-20 21:00:00,6.11,180,1019.64,3.89,2,",br"
1855-04-21 07:00:00,2.22,0,1032.85,1.11,5,NA
1855-04-21 12:00:00,NA,NA,NA,NA,NA,NA
1855-04-21 14:00:00,5,NA,1029.46,7.22,5,NA
1855-04-21 21:00:00,6.67,0,1043.01,9.44,16,NA
1855-04-22 07:00:00,4.44,45,1026.41,1.67,2,",br"
1855-04-22 12:00:00,NA,225,NA,NA,NA,NA
1855-04-22 14:00:00,8.33,NA,1024.38,7.22,5,",br"
1855-04-22 21:00:00,7.78,247.5,1021.33,7.22,5,NA
1855-04-23 07:00:00,6.11,337.5,1019.64,4.44,16,",skc"
1855-04-23 12:00:00,NA,337.5,NA,NA,NA,NA
1855-04-23 14:00:00,5.56,NA,1022.01,8.33,16,",skc"
1855-04-23 21:00:00,7.22,0,1023.71,10,5,",skc"
1855-04-24 07:00:00,5.56,270,1021,5,5,",br"
1855-04-24 12:00:00,NA,225,NA,NA,NA,NA
1855-04-24 14:00:00,9.44,NA,1036.24,10,11,",skc"
1855-04-24 21:00:00,12.22,225,1036.24,12.78,11,",skc"
1855-04-25 07:00:00,5.56,157.5,1021.67,3.89,2,",ra"
1855-04-25 12:00:00,NA,180,NA,NA,NA,NA
1855-04-25 14:00:00,5.56,NA,1021.33,5.56,5,",br"
1855-04-25 21:00:00,5.56,112.5,1023.03,6.11,2,",br"
1855-04-26 07:00:00,2.22,135,1030.82,1.67,5,NA
1855-04-26 12:00:00,NA,157.5,NA,NA,NA,NA
1855-04-26 14:00:00,5.56,NA,1028.45,4.44,11,",br"
1855-04-26 21:00:00,4.44,157.5,1025.06,4.44,16,",br"
1855-04-27 07:00:00,4.44,337.5,1004.4,5.56,20,NA
1855-04-27 12:00:00,NA,337.5,NA,NA,NA,NA
1855-04-27 14:00:00,5,NA,1009.14,5.56,16,NA
1855-04-27 21:00:00,5.56,315,1009.14,7.22,16,NA
1855-04-28 07:00:00,2.22,315,1013.88,1.67,16,",br"
1855-04-28 12:00:00,NA,292.5,NA,NA,NA,NA
1855-04-28 14:00:00,2.78,NA,1013.55,3.89,16,",skc"
1855-04-28 21:00:00,3.89,337.5,1019.3,3.89,11,",skc"
1855-04-29 07:00:00,1.67,0,1025.4,-1.11,11,",skc"
1855-04-29 12:00:00,NA,NA,NA,NA,NA,NA
1855-04-29 14:00:00,2.78,NA,1026.75,2.78,11,",skc"
1855-04-29 21:00:00,4.44,0,1027.09,3.89,5,",skc"
1855-04-30 07:00:00,2.78,0,1031.16,1.67,5,",skc"
1855-04-30 12:00:00,NA,180,NA,NA,NA,NA
1855-04-30 14:00:00,5.56,NA,1031.83,5.56,2,NA
1855-04-30 21:00:00,5.56,180,1030.82,5.56,5,NA
1855-05-01 07:00:00,3.33,180,1028.11,2.22,5,NA
1855-05-01 12:00:00,NA,180,NA,NA,NA,NA
1855-05-01 14:00:00,2.78,NA,1027.09,3.33,11,",br"
1855-05-01 21:00:00,2.78,NA,1025.06,3.33,5,",br"
1855-05-02 07:00:00,0.56,315,1021,3.89,2,",skc"
1855-05-02 12:00:00,NA,337.5,NA,NA,NA,NA
1855-05-02 14:00:00,4.44,NA,1039.62,8.89,16,",skc"
1855-05-02 21:00:00,6.67,0,1019.64,6.67,20,",skc"
1855-05-03,NA,NA,NA,NA,NA,NA
1855-05-03 07:00:00,2.78,0,1026.08,3.89,20,NA
1855-05-03 12:00:00,NA,0,NA,NA,NA,NA
1855-05-03 14:00:00,5.56,NA,1014.9,8.89,20,NA
1855-05-03 21:00:00,6.67,22.5,1014.22,6.67,11,",ra"
1855-05-04,NA,NA,NA,NA,NA,NA
1855-05-04 07:00:00,5,22.5,1012.53,8.33,2,",skc"
1855-05-04 12:00:00,NA,22.5,NA,NA,NA,NA
1855-05-04 14:00:00,9.44,NA,1010.16,13.33,11,",skc"
1855-05-04 21:00:00,10.56,0,1009.48,9.44,5,",ra"
1855-05-05,NA,NA,NA,NA,NA,NA
1855-05-05 07:00:00,4.44,0,1004.74,5,5,",br"
1855-05-05 12:00:00,NA,0,NA,NA,NA,NA
1855-05-05 14:00:00,6.11,NA,1005.08,7.22,20,",br"
1855-05-05 21:00:00,6.67,0,1004.74,6.67,20,",br"
1855-05-06,NA,NA,NA,NA,NA,NA
1855-05-06 07:00:00,2.78,0,1003.73,1.67,16,",sn"
1855-05-06 12:00:00,NA,22.5,NA,NA,NA,NA
1855-05-06 14:00:00,3.89,NA,1003.73,4.44,20,",br"
1855-05-06 21:00:00,3.89,22.5,1003.73,3.33,11,",br"
1855-05-07,NA,NA,NA,NA,NA,NA
1855-05-07 07:00:00,3.33,22.5,1005.08,3.33,5,",br"
1855-05-07 12:00:00,NA,0,NA,NA,NA,NA
1855-05-07 14:00:00,4.44,NA,1006.77,5.56,16,",br"
1855-05-07 21:00:00,5.56,0,1010.84,6.67,11,",br"
1855-05-08,NA,NA,NA,NA,NA,NA
1855-05-08 07:00:00,3.33,337.5,1029.46,4.44,2,NA
1855-05-08 12:00:00,NA,180,NA,NA,NA,NA
1855-05-08 14:00:00,6.67,NA,1029.46,8.89,2,NA
1855-05-08 21:00:00,6.67,157.5,1039.62,8.89,2,",bkn"
1855-05-09,NA,NA,NA,NA,NA,NA
1855-05-09 07:00:00,3.33,45,1036.24,1.67,2,",br"
1855-05-09 12:00:00,NA,45,NA,NA,NA,NA
1855-05-09 14:00:00,5,NA,1029.46,7.22,11,NA
1855-05-09 21:00:00,6.67,45,1043.01,7.22,11,NA
1855-05-10,NA,NA,NA,NA,NA,NA
1855-05-10 07:00:00,2.78,45,1014.56,2.22,11,",sn"
1855-05-10 12:00:00,NA,22.5,NA,NA,NA,NA
1855-05-10 14:00:00,2.78,NA,1013.55,1.67,5,",ra"
1855-05-10 21:00:00,3.33,45,1011.18,2.22,2,",sn"
1855-05-11,NA,NA,NA,NA,NA,NA
1855-05-11 07:00:00,2.22,0,1013.55,2.22,5,",br"
1855-05-11 12:00:00,NA,0,NA,NA,NA,NA
1855-05-11 14:00:00,4.44,NA,1014.56,4.44,11,",br"
1855-05-11 21:00:00,4.44,0,1029.46,4.44,11,",br"
1855-05-12,NA,NA,NA,NA,NA,NA
1855-05-12 07:00:00,2.22,315,1020.66,3.33,2,NA
1855-05-12 12:00:00,NA,225,NA,NA,NA,NA
1855-05-12 14:00:00,6.67,NA,1021.67,8.33,2,",skc"
1855-05-12 21:00:00,7.78,247.5,1022.35,7.22,2,",skc"
1855-05-13,NA,NA,NA,NA,NA,NA
1855-05-13 07:00:00,4.44,180,1026.41,2.78,1,",fg"
1855-05-13 12:00:00,NA,225,NA,NA,NA,NA
1855-05-13 14:00:00,8.89,NA,1027.09,10,2,",br"
1855-05-13 21:00:00,10,225,1027.09,8.89,2,",br"
1855-05-14,NA,NA,NA,NA,NA,NA
1855-05-14 07:00:00,6.11,180,1023.71,5,1,",fg"
1855-05-14 12:00:00,NA,180,NA,NA,NA,NA
1855-05-14 14:00:00,6.11,NA,1023.03,7.22,2,",br"
1855-05-14 21:00:00,6.67,180,1019.64,7.22,5,",ra"
1855-05-15,NA,NA,NA,NA,NA,NA
1855-05-15 07:00:00,7.22,315,1026.08,8.89,5,NA
1855-05-15 12:00:00,NA,337.5,NA,NA,NA,NA
1855-05-15 14:00:00,11.11,NA,1032.85,15,11,",skc"
1855-05-15 21:00:00,13.89,337.5,1032.85,18.33,11,",skc"
1855-05-16,NA,NA,NA,NA,NA,NA
1855-05-16 07:00:00,10,157.5,1043.01,7.78,1,",fg"
1855-05-16 12:00:00,NA,180,NA,NA,NA,NA
1855-05-16 14:00:00,9.44,NA,1015.92,10,2,NA
1855-05-16 21:00:00,11.11,225,1014.22,12.78,2,NA
1855-05-17,NA,NA,NA,NA,NA,NA
1855-05-17 07:00:00,9.44,247.5,1011.51,9.44,11,",ra"
1855-05-17 12:00:00,NA,225,NA,NA,NA,NA
1855-05-17 14:00:00,9.44,NA,1010.16,10,2,",ra"
1855-05-17 21:00:00,11.67,247.5,1011.51,14.44,2,NA
1855-05-18,NA,NA,NA,NA,NA,NA
1855-05-18 07:00:00,9.44,0,1029.46,7.78,11,",skc"
1855-05-18 12:00:00,NA,0,NA,NA,NA,NA
1855-05-18 14:00:00,10,NA,1019.98,12.22,11,NA
1855-05-18 21:00:00,12.22,0,1021,15,11,",skc"
1855-05-19,NA,NA,NA,NA,NA,NA
1855-05-19 07:00:00,11.67,292.5,1024.04,12.78,2,NA
1855-05-19 12:00:00,NA,247.5,NA,NA,NA,NA
1855-05-19 14:00:00,15,NA,1023.37,17.22,2,",br"
1855-05-19 21:00:00,14.44,247.5,1023.37,15,2,",br"
1855-05-20,NA,NA,NA,NA,NA,NA
1855-05-20 07:00:00,8.33,292.5,1043.01,7.22,2,",br"
1855-05-20 12:00:00,NA,180,NA,NA,NA,NA
1855-05-20 14:00:00,11.11,NA,1015.24,12.78,2,",bkn"
1855-05-20 21:00:00,11.11,135,1010.16,10,2,",ra"
1855-05-21,NA,NA,NA,NA,NA,NA
1855-05-21 07:00:00,8.89,45,1000,7.22,1,",br"
1855-05-21 12:00:00,NA,45,NA,NA,NA,NA
1855-05-21 14:00:00,9.44,NA,999.66,8.89,2,",ra"
1855-05-21 21:00:00,10,67.5,999.66,12.22,2,",ra"
1855-05-22,NA,NA,NA,NA,NA,NA
1855-05-22 07:00:00,7.78,180,1012.87,7.22,2,",ra"
1855-05-22 12:00:00,NA,180,NA,NA,NA,NA
1855-05-22 14:00:00,9.44,NA,1014.56,10,2,NA
1855-05-22 21:00:00,10,135,1014.9,10,2,",br"
1855-05-23,NA,NA,NA,NA,NA,NA
1855-05-23 07:00:00,7.22,135,1019.64,7.22,1,",br"
1855-05-23 12:00:00,NA,135,NA,NA,NA,NA
1855-05-23 14:00:00,8.33,NA,1019.98,10.56,2,",ra"
1855-05-23 21:00:00,9.44,112.5,1032.85,10.56,2,",ra"
1855-05-24,NA,NA,NA,NA,NA,NA
1855-05-24 07:00:00,7.22,180,1032.85,7.22,1,",fg"
1855-05-24 12:00:00,NA,270,NA,NA,NA,NA
1855-05-24 14:00:00,10,NA,1039.62,13.89,2,",br"
1855-05-24 21:00:00,12.22,292.5,1019.3,14.44,11,",skc"
1855-05-25,NA,NA,NA,NA,NA,NA
1855-05-25 07:00:00,10.56,225,1022.69,10.56,1,",fg"
1855-05-25 12:00:00,NA,247.5,NA,NA,NA,NA
1855-05-25 14:00:00,11.67,NA,1019.3,13.33,1,",br"
1855-05-25 21:00:00,15,225,1015.24,15.56,11,NA
1855-05-26,NA,NA,NA,NA,NA,NA
1855-05-26 07:00:00,10,225,1010.16,8.33,1,",fg"
1855-05-26 12:00:00,NA,157.5,NA,NA,NA,NA
1855-05-26 14:00:00,10.56,NA,1006.43,12.78,2,NA
1855-05-26 21:00:00,10,0,1006.43,8.89,5,",ovc"
1855-05-27,NA,NA,NA,NA,NA,NA
1855-05-27 07:00:00,6.67,0,1009.48,7.22,16,",br"
1855-05-27 12:00:00,NA,0,NA,NA,NA,NA
1855-05-27 14:00:00,8.33,NA,1009.82,9.44,11,NA
1855-05-27 21:00:00,8.89,0,1011.51,8.33,5,NA
1855-05-28,NA,NA,NA,NA,NA,NA
1855-05-28 07:00:00,6.67,0,1014.22,6.67,5,",ra"
1855-05-28 12:00:00,NA,0,NA,NA,NA,NA
1855-05-28 14:00:00,6.67,NA,1015.24,7.78,20,",br"
1855-05-28 21:00:00,7.78,0,1029.46,7.78,20,NA
1855-05-29,NA,NA,NA,NA,NA,NA
1855-05-29 07:00:00,6.11,NA,1023.03,8.33,16,NA
1855-05-29 12:00:00,NA,22.5,NA,NA,NA,NA
1855-05-29 14:00:00,9.44,NA,1025.4,12.78,16,",skc"
1855-05-29 21:00:00,12.22,22.5,1026.75,13.89,11,NA
1855-05-30,NA,NA,NA,NA,NA,NA
1855-05-30 07:00:00,9.44,180,1028.78,10,5,",skc"
1855-05-30 12:00:00,NA,157.5,NA,NA,NA,NA
1855-05-30 14:00:00,10.56,NA,1029.46,11.67,5,",skc"
1855-05-30 21:00:00,11.11,180,1028.45,12.78,2,",skc"
1855-05-31 07:00:00,7.22,157.5,1027.43,7.22,2,",fg"
1855-05-31 12:00:00,NA,NA,NA,NA,NA,NA
1855-05-31 14:00:00,7.78,NA,1026.41,12.22,2,",fg"
1855-05-31 21:00:00,10,NA,1023.37,12.22,2,NA
1855-06-01 07:00:00,11.11,247.5,1023.37,14.44,1,",skc"
1855-06-01 12:00:00,NA,247.5,NA,NA,NA,NA
1855-06-01 14:00:00,17.78,NA,1023.37,20,5,",skc"
1855-06-01 21:00:00,18.33,247.5,1023.37,18.33,5,NA
1855-06-02 07:00:00,13.33,247.5,1025.06,13.33,11,NA
1855-06-02 12:00:00,NA,247.5,NA,NA,NA,NA
1855-06-02 14:00:00,17.78,NA,1026.41,17.78,11,NA
1855-06-02 21:00:00,18.89,247.5,1026.75,20,11,",skc"
1855-06-03 07:00:00,14.44,202.5,1028.45,13.89,1,",br"
1855-06-03 12:00:00,NA,270,NA,NA,NA,NA
1855-06-03 14:00:00,19.44,NA,1028.78,15.56,11,",skc"
1855-06-03 21:00:00,18.89,225,1028.78,17.78,5,",br"
1855-06-04 07:00:00,13.33,157.5,1027.09,12.78,5,",br"
1855-06-04 12:00:00,NA,157.5,NA,NA,NA,NA
1855-06-04 14:00:00,13.89,NA,1026.41,14.44,11,",br"
1855-06-04 21:00:00,13.89,157.5,1025.06,13.89,11,",fg"
1855-06-05 07:00:00,11.11,180,1020.66,10,5,",ra"
1855-06-05 12:00:00,NA,180,NA,NA,NA,NA
1855-06-05 14:00:00,10.56,NA,1015.24,12.78,5,",br"
1855-06-05 21:00:00,12.78,225,1014.56,15,11,",br"
1855-06-06 07:00:00,11.11,225,1022.69,12.22,2,",skc"
1855-06-06 12:00:00,NA,247.5,NA,NA,NA,NA
1855-06-06 14:00:00,14.44,NA,1022.69,16.11,11,",br"
1855-06-06 21:00:00,16.67,247.5,1022.69,20.56,11,",skc"
1855-06-07 07:00:00,11.67,180,1019.64,12.78,2,",br"
1855-06-07 12:00:00,NA,247.5,NA,NA,NA,NA
1855-06-07 14:00:00,15.56,NA,1019.98,18.33,11,",skc"
1855-06-07 21:00:00,17.22,225,1039.62,17.22,2,",br"
1855-06-08 07:00:00,13.33,225,1003.39,12.78,11,",ra"
1855-06-08 12:00:00,NA,225,NA,NA,NA,NA
1855-06-08 14:00:00,13.33,NA,998.98,14.44,5,",ra"
1855-06-08 21:00:00,14.44,270,1000,17.22,11,NA
1855-06-09 07:00:00,12.78,270,1011.51,13.89,2,",skc"
1855-06-09 12:00:00,NA,247.5,NA,NA,NA,NA
1855-06-09 14:00:00,15,NA,1012.87,16.67,11,",skc"
1855-06-09 21:00:00,15.56,270,1012.19,17.22,16,",skc"
1855-06-10 07:00:00,13.33,225,1020.32,12.22,5,",br"
1855-06-10 12:00:00,NA,180,NA,NA,NA,NA
1855-06-10 14:00:00,15.56,NA,1021.33,17.78,5,",skc"
1855-06-10 21:00:00,15.56,180,1023.03,15,11,",br"
1855-06-11 07:00:00,11.67,157.5,1017.95,11.67,11,",ra"
1855-06-11 12:00:00,NA,180,NA,NA,NA,NA
1855-06-11 14:00:00,11.67,NA,1013.55,12.22,11,",ra"
1855-06-11 21:00:00,12.78,202.5,1010.5,14.44,5,NA
1855-06-12 07:00:00,11.67,225,1019.64,12.78,5,",skc"
1855-06-12 12:00:00,NA,225,NA,NA,NA,NA
1855-06-12 14:00:00,15.56,NA,1021.67,16.11,5,",skc"
1855-06-12 21:00:00,17.22,225,1021.67,18.33,2,",skc"
1855-06-13 07:00:00,13.33,225,1021.67,12.78,1,NA
1855-06-13 12:00:00,NA,202.5,NA,NA,NA,NA
1855-06-13 14:00:00,14.44,NA,1021.67,15.56,2,",skc"
1855-06-13 21:00:00,15.56,202.5,1021.67,17.78,5,",skc"
1855-06-14,NA,NA,NA,NA,NA,NA
1855-06-14 07:00:00,13.33,45,1014.9,12.22,2,",ra"
1855-06-14 12:00:00,NA,0,NA,NA,NA,NA
1855-06-14 14:00:00,13.89,NA,1012.87,15,5,",bkn"
1855-06-14 21:00:00,14.44,315,1012.87,14.44,2,",ra"
1855-06-15,NA,NA,NA,NA,NA,NA
1855-06-15 07:00:00,12.22,225,1013.55,12.22,2,NA
1855-06-15 12:00:00,NA,180,NA,NA,NA,NA
1855-06-15 14:00:00,13.89,NA,1012.87,13.89,11,",br"
1855-06-15 21:00:00,14.44,202.5,1009.82,14.44,5,",ra"
1855-06-16,NA,NA,NA,NA,NA,NA
1855-06-16 07:00:00,12.22,315,1008.47,12.78,2,NA
1855-06-16 12:00:00,NA,270,NA,NA,NA,NA
1855-06-16 14:00:00,15.56,NA,1010.5,17.22,5,NA
1855-06-16 21:00:00,17.78,247.5,1010.84,18.89,2,",skc"
1855-06-17,NA,NA,NA,NA,NA,NA
1855-06-17 07:00:00,13.33,315,1011.18,12.22,5,NA
1855-06-17 12:00:00,NA,0,NA,NA,NA,NA
1855-06-17 14:00:00,13.89,NA,1012.87,15,16,NA
1855-06-17 21:00:00,13.89,337.5,1017.95,14.44,5,NA
1855-06-18,NA,NA,NA,NA,NA,NA
1855-06-18 07:00:00,11.11,315,1023.03,11.67,2,NA
1855-06-18 12:00:00,NA,0,NA,NA,NA,NA
1855-06-18 14:00:00,13.33,NA,1024.04,15,5,",skc"
1855-06-18 21:00:00,14.44,0,1025.06,15.56,2,NA
1855-06-19,NA,NA,NA,NA,NA,NA
1855-06-19 07:00:00,13.33,315,1028.11,14.44,2,",skc"
1855-06-19 12:00:00,NA,247.5,NA,NA,NA,NA
1855-06-19 14:00:00,15.56,NA,1028.11,17.78,2,",skc"
1855-06-19 21:00:00,17.22,202.5,1028.11,18.33,5,",skc"
1855-06-20,NA,NA,NA,NA,NA,NA
1855-06-20 07:00:00,12.22,NA,1027.09,13.33,5,",br"
1855-06-20 12:00:00,NA,135,NA,NA,NA,NA
1855-06-20 14:00:00,13.89,NA,1025.06,15.56,5,",br"
1855-06-20 21:00:00,13.89,112.5,1023.37,14.44,16,",br"
1855-06-21,NA,NA,NA,NA,NA,NA
1855-06-21 07:00:00,12.22,135,1017.61,12.22,2,",ra"
1855-06-21 12:00:00,NA,157.5,NA,NA,NA,NA
1855-06-21 14:00:00,13.33,NA,1016.59,15,2,",br"
1855-06-21 21:00:00,15,157.5,1015.92,16.11,2,",br"
1855-06-22,NA,NA,NA,NA,NA,NA
1855-06-22 07:00:00,14.44,180,1019.64,14.44,2,",br"
1855-06-22 12:00:00,NA,247.5,NA,NA,NA,NA
1855-06-22 14:00:00,19.44,NA,1020.32,23.33,5,",skc"
1855-06-22 21:00:00,20.56,225,1020.32,26.11,11,",skc"
1855-06-23,NA,NA,NA,NA,NA,NA
1855-06-23 07:00:00,15.56,225,1014.9,15.56,1,",br"
1855-06-23 12:00:00,NA,337.5,NA,NA,NA,NA
1855-06-23 14:00:00,17.78,NA,1017.95,19.44,2,",br"
1855-06-23 21:00:00,20,0,1019.64,21.11,5,NA
1855-06-24,NA,NA,NA,NA,NA,NA
1855-06-24 07:00:00,17.78,225,1025.06,18.89,2,NA
1855-06-24 12:00:00,NA,225,NA,NA,NA,NA
1855-06-24 14:00:00,21.11,NA,1026.08,21.67,2,",skc"
1855-06-24 21:00:00,21.11,225,1026.08,21.11,2,",skc"
1855-06-25,NA,NA,NA,NA,NA,NA
1855-06-25 07:00:00,16.67,225,1025.06,17.22,1,",br"
1855-06-25 12:00:00,NA,135,NA,NA,NA,NA
1855-06-25 14:00:00,16.67,NA,1024.72,15.56,2,",ra"
1855-06-25 21:00:00,15.56,157.5,1022.69,14.44,5,",ra"
1855-06-26,NA,NA,NA,NA,NA,NA
1855-06-26 07:00:00,14.44,202.5,1024.04,16.11,1,",br"
1855-06-26 12:00:00,NA,NA,NA,NA,NA,NA
1855-06-26 14:00:00,18.33,NA,1026.08,21.11,2,",skc"
1855-06-26 21:00:00,22.78,225,1026.08,23.33,11,",skc"
1855-06-27,NA,NA,NA,NA,NA,NA
1855-06-27 07:00:00,17.78,292.5,1024.38,17.78,1,",br"
1855-06-27 12:00:00,NA,225,NA,NA,NA,NA
1855-06-27 14:00:00,18.89,NA,1023.37,20.56,2,",br"
1855-06-27 21:00:00,21.11,247.5,1021.33,22.22,5,",skc"
1855-06-28,NA,NA,NA,NA,NA,NA
1855-06-28 07:00:00,20,292.5,1023.37,22.22,2,",br"
1855-06-28 12:00:00,NA,247.5,NA,NA,NA,NA
1855-06-28 14:00:00,22.78,NA,1021.67,25.56,2,",skc"
1855-06-28 21:00:00,24.44,247.5,1021,27.78,2,",br"
1855-06-29,NA,NA,NA,NA,NA,NA
1855-06-29 07:00:00,20,247.5,1017.27,22.22,2,",skc"
1855-06-29 12:00:00,NA,247.5,NA,NA,NA,NA
1855-06-29 14:00:00,24.44,NA,1015.92,26.11,2,",skc"
1855-06-29 21:00:00,25,270,1011.85,24.44,2,",skc"
1855-06-30,NA,NA,NA,NA,NA,NA
1855-06-30 07:00:00,21.11,337.5,1013.88,18.33,5,",br"
1855-06-30 12:00:00,NA,NA,NA,NA,NA,NA
1855-06-30 14:00:00,20.56,NA,1014.9,19.44,16,",br"
1855-06-30 21:00:00,19.44,22.5,1017.61,16.67,11,NA
1855-07-01,NA,NA,NA,NA,NA,NA
1855-07-01 07:00:00,13.89,225,1020.66,13.33,1,",ra"
1855-07-01 12:00:00,NA,225,NA,NA,NA,NA
1855-07-01 14:00:00,15.56,NA,1019.64,13.89,2,",br"
1855-07-01 21:00:00,17.22,225,1019.3,18.33,5,",br"
1855-07-02,NA,NA,NA,NA,NA,NA
1855-07-02 07:00:00,16.11,225,1019.3,17.78,1,",br"
1855-07-02 12:00:00,NA,225,NA,NA,NA,NA
1855-07-02 14:00:00,20,NA,1019.3,21.67,5,",br"
1855-07-02 21:00:00,24.44,247.5,1019.3,26.11,16,",br"
1855-07-03,NA,NA,NA,NA,NA,NA
1855-07-03 07:00:00,18.89,225,1021,16.11,2,",br"
1855-07-03 12:00:00,NA,247.5,NA,NA,NA,NA
1855-07-03 14:00:00,21.11,NA,1021.67,22.78,5,",skc"
1855-07-03 21:00:00,23.89,247.5,1022.69,23.89,11,",skc"
1855-07-04,NA,NA,NA,NA,NA,NA
1855-07-04 07:00:00,18.89,202.5,1029.46,17.22,2,NA
1855-07-04 12:00:00,NA,180,NA,NA,NA,NA
1855-07-04 14:00:00,20.56,NA,1029.46,20,5,",skc"
1855-07-04 21:00:00,20.56,180,1027.77,20.56,5,",br"
1855-07-05,NA,NA,NA,NA,NA,NA
1855-07-05 07:00:00,17.78,180,1026.75,18.33,2,",br"
1855-07-05 12:00:00,NA,225,NA,NA,NA,NA
1855-07-05 14:00:00,22.22,NA,1026.41,23.89,5,NA
1855-07-05 21:00:00,23.89,225,1025.4,23.89,5,NA
1855-07-06,NA,NA,NA,NA,NA,NA
1855-07-06 07:00:00,20,225,1026.75,18.33,2,",br"
1855-07-06 12:00:00,NA,202.5,NA,NA,NA,NA
1855-07-06 14:00:00,22.22,NA,1026.75,22.22,2,NA
1855-07-06 21:00:00,23.33,225,1026.75,23.89,1,",br"
1855-07-07,NA,NA,NA,NA,NA,NA
1855-07-07 07:00:00,18.89,202.5,1024.04,19.44,1,",fg"
1855-07-07 12:00:00,NA,225,NA,NA,NA,NA
1855-07-07 14:00:00,21.11,NA,1024.04,23.33,2,",ra"
1855-07-07 21:00:00,21.67,225,1023.71,22.22,2,",br"
1855-07-08,NA,NA,NA,NA,NA,NA
1855-07-08 07:00:00,20.56,225,1023.03,20,2,",br"
1855-07-08 12:00:00,NA,225,NA,NA,NA,NA
1855-07-08 14:00:00,23.33,NA,1021.67,23.89,2,",br"
1855-07-08 21:00:00,22.22,270,1021.67,21.11,5,",ra"
1855-07-09,NA,NA,NA,NA,NA,NA
1855-07-09 07:00:00,17.22,0,1027.43,17.22,5,NA
1855-07-09 12:00:00,NA,22.5,NA,NA,NA,NA
1855-07-09 14:00:00,19.44,NA,1030.14,19.44,2,NA
1855-07-09 21:00:00,20.56,22.5,1029.8,21.11,2,NA
1855-07-10,NA,NA,NA,NA,NA,NA
1855-07-10 07:00:00,16.67,157.5,1028.11,15.56,2,",fg"
1855-07-10 12:00:00,NA,135,NA,NA,NA,NA
1855-07-10 14:00:00,17.78,NA,1027.43,19.44,5,NA
1855-07-10 21:00:00,19.44,180,1026.41,20.56,5,",br"
1855-07-11,NA,NA,NA,NA,NA,NA
1855-07-11 07:00:00,17.78,157.5,1024.04,17.22,2,",br"
1855-07-11 12:00:00,NA,180,NA,NA,NA,NA
1855-07-11 14:00:00,19.44,NA,1023.71,21.11,5,",br"
1855-07-11 21:00:00,21.11,180,1023.37,22.78,2,NA
1855-07-12 07:00:00,18.33,180,1023.03,19.44,2,NA
1855-07-12 12:00:00,NA,180,NA,NA,NA,NA
1855-07-12 14:00:00,18.89,NA,1023.03,18.33,2,",ra"
1855-07-12 21:00:00,20,225,1022.01,22.22,2,NA
1855-07-13 07:00:00,19.44,180,1021.33,20,2,",fg"
1855-07-13 12:00:00,NA,202.5,NA,NA,NA,NA
1855-07-13 14:00:00,22.22,NA,1021.33,23.33,2,NA
1855-07-13 21:00:00,23.89,180,1019.64,23.89,5,",br"
1855-07-14 07:00:00,20,225,1017.27,18.89,2,",br"
1855-07-14 12:00:00,NA,225,NA,NA,NA,NA
1855-07-14 14:00:00,21.67,NA,1017.95,22.78,2,",br"
1855-07-14 21:00:00,23.89,225,1019.98,23.89,2,NA
1855-07-15 07:00:00,20.56,292.5,1029.8,18.89,1,",skc"
1855-07-15 12:00:00,NA,202.5,NA,NA,NA,NA
1855-07-15 14:00:00,23.33,NA,1032.17,23.33,5,",skc"
1855-07-15 21:00:00,23.33,180,1033.86,23.89,5,",skc"
1855-07-16 07:00:00,18.89,180,1034.54,18.33,1,",skc"
1855-07-16 12:00:00,NA,180,NA,NA,NA,NA
1855-07-16 14:00:00,21.11,NA,1033.53,21.11,5,",skc"
1855-07-16 21:00:00,21.67,202.5,1031.16,21.11,2,NA
1855-07-17 07:00:00,18.33,225,1025.06,18.33,1,NA
1855-07-17 12:00:00,NA,225,NA,NA,NA,NA
1855-07-17 14:00:00,22.22,NA,1023.37,21.11,5,",skc"
1855-07-17 21:00:00,23.89,247.5,1020.66,24.44,5,",skc"
1855-07-18 07:00:00,21.67,292.5,1019.64,22.78,2,",skc"
1855-07-18 12:00:00,NA,0,NA,NA,NA,NA
1855-07-18 14:00:00,23.89,NA,1021,25.56,2,",skc"
1855-07-18 21:00:00,26.11,225,1020.32,26.11,2,",skc"
1855-07-19 07:00:00,21.67,225,1018.29,21.67,2,",skc"
1855-07-19 12:00:00,NA,225,NA,NA,NA,NA
1855-07-19 14:00:00,23.89,NA,1012.53,23.89,5,",skc"
1855-07-19 21:00:00,23.89,247.5,1010.5,24.44,11,",skc"
1855-07-20 07:00:00,21.11,0,1016.59,18.89,5,",br"
1855-07-20 12:00:00,NA,0,NA,NA,NA,NA
1855-07-20 14:00:00,21.11,NA,1018.63,22.78,11,",skc"
1855-07-20 21:00:00,22.22,0,1019.98,23.89,5,",skc"
1855-07-21 07:00:00,18.89,0,1026.75,18.33,1,",skc"
1855-07-21 12:00:00,NA,202.5,NA,NA,NA,NA
1855-07-21 14:00:00,20.56,NA,1026.75,21.11,2,",skc"
1855-07-21 21:00:00,20.56,180,1026.75,21.67,2,",skc"
1855-07-22 07:00:00,18.89,292.5,1028.11,17.78,1,",skc"
1855-07-22 12:00:00,NA,247.5,NA,NA,NA,NA
1855-07-22 14:00:00,22.22,NA,1028.11,22.22,2,",skc"
1855-07-22 21:00:00,22.22,225,1028.45,21.67,2,",skc"
1855-07-23 07:00:00,18.33,180,1030.48,18.89,2,",br"
1855-07-23 12:00:00,NA,315,NA,NA,NA,NA
1855-07-23 14:00:00,21.11,NA,1030.14,21.11,2,",br"
1855-07-23 21:00:00,21.11,315,1029.8,21.11,2,",skc"
1855-07-24 07:00:00,16.67,NA,1027.43,17.22,0,",br"
1855-07-24 12:00:00,NA,247.5,NA,NA,NA,NA
1855-07-24 14:00:00,21.11,NA,1026.75,22.78,5,",skc"
1855-07-24 21:00:00,22.22,225,1026.75,22.22,5,",skc"
1855-07-25 07:00:00,18.33,225,1024.38,17.22,1,NA
1855-07-25 12:00:00,NA,225,NA,NA,NA,NA
1855-07-25 14:00:00,18.89,NA,1021.67,20,1,NA
1855-07-25 21:00:00,20,225,1019.64,18.89,2,NA
1855-07-26 07:00:00,20,0,1019.64,20.56,2,",skc"
1855-07-26 12:00:00,NA,22.5,NA,NA,NA,NA
1855-07-26 14:00:00,22.78,NA,1019.98,25.56,5,",skc"
1855-07-26 21:00:00,24.44,0,1020.32,25.56,2,",skc"
1855-07-27 07:00:00,19.44,180,1019.98,18.33,1,NA
1855-07-27 12:00:00,NA,135,NA,NA,NA,NA
1855-07-27 14:00:00,20.56,NA,1020.66,21.11,2,",br"
1855-07-27 21:00:00,21.67,135,1020.66,22.78,5,",br"
1855-07-28 07:00:00,18.89,NA,1023.71,18.33,2,",skc"
1855-07-28 12:00:00,NA,180,NA,NA,NA,NA
1855-07-28 14:00:00,21.67,NA,1023.71,22.78,5,",br"
1855-07-28 21:00:00,22.22,180,1023.71,23.89,5,",skc"
1855-07-29 07:00:00,18.89,202.5,1025.06,17.22,1,",skc"
1855-07-29 12:00:00,NA,157.5,NA,NA,NA,NA
1855-07-29 14:00:00,20.56,NA,1025.4,21.11,5,",skc"
1855-07-29 21:00:00,22.22,180,1024.38,22.22,2,NA
1855-07-30 07:00:00,20,135,1023.03,19.44,1,NA
1855-07-30 12:00:00,NA,157.5,NA,NA,NA,NA
1855-07-30 14:00:00,21.67,NA,1023.03,23.89,1,",skc"
1855-07-30 21:00:00,23.33,157.5,1022.69,23.89,2,",skc"
1855-07-31 07:00:00,21.11,157.5,1022.69,21.11,1,NA
1855-07-31 12:00:00,NA,157.5,NA,NA,NA,NA
1855-07-31 14:00:00,21.11,NA,1021.67,20.56,2,",ra"
1855-07-31 21:00:00,21.11,180,1021.67,21.11,1,",ra"
1855-08-01 07:00:00,20.56,22.5,1024.04,21.11,2,",skc"
1855-08-01 12:00:00,NA,0,NA,NA,NA,NA
1855-08-01 14:00:00,24.44,NA,1024.04,25,5,",skc"
1855-08-01 21:00:00,24.44,45,1024.72,25,11,",skc"
1855-08-02 07:00:00,18.89,0,1028.78,16.67,5,NA
1855-08-02 12:00:00,NA,NA,NA,NA,NA,NA
1855-08-02 14:00:00,21.11,NA,1028.45,21.11,11,NA
1855-08-02 21:00:00,22.22,22.5,1028.45,22.22,5,NA
1855-08-03 07:00:00,17.22,135,1028.78,18.89,2,",skc"
1855-08-03 12:00:00,NA,135,NA,NA,NA,NA
1855-08-03 14:00:00,20.56,NA,1027.43,20.56,11,",skc"
1855-08-03 21:00:00,22.78,225,1026.75,23.33,11,",skc"
1855-08-04 07:00:00,18.89,225,1022.69,18.33,5,",skc"
1855-08-04 12:00:00,NA,225,NA,NA,NA,NA
1855-08-04 14:00:00,20.56,NA,1019.64,22.78,5,",br"
1855-08-04 21:00:00,21.67,225,1016.93,20.56,5,",br"
1855-08-05 07:00:00,20,0,1018.63,18.89,2,",skc"
1855-08-05 12:00:00,NA,135,NA,NA,NA,NA
1855-08-05 14:00:00,22.22,NA,1019.3,21.67,2,",skc"
1855-08-05 21:00:00,22.22,180,1019.64,21.67,5,",skc"
1855-08-06 07:00:00,17.78,315,1017.95,18.89,2,NA
1855-08-06 12:00:00,NA,225,NA,NA,NA,NA
1855-08-06 14:00:00,20.56,NA,1016.26,20.56,1,NA
1855-08-06 21:00:00,22.22,180,1014.22,22.22,2,",skc"
1855-08-07 07:00:00,18.89,0,1019.64,18.89,5,",skc"
1855-08-07 12:00:00,NA,0,NA,NA,NA,NA
1855-08-07 14:00:00,21.11,NA,1019.98,22.22,5,",skc"
1855-08-07 21:00:00,22.22,0,1019.98,22.22,2,",skc"
1855-08-08 07:00:00,17.78,337.5,1023.03,17.22,1,",skc"
1855-08-08 12:00:00,NA,0,NA,NA,NA,NA
1855-08-08 14:00:00,19.44,NA,1023.03,20,11,",skc"
1855-08-08 21:00:00,21.11,45,1023.03,21.11,2,",skc"
1855-08-09 07:00:00,16.67,45,1023.03,16.67,2,",skc"
1855-08-09 12:00:00,NA,180,NA,NA,NA,NA
1855-08-09 14:00:00,17.78,NA,1019.64,20,11,NA
1855-08-09 21:00:00,18.89,157.5,1014.22,20,16,",ra"
1855-08-10 07:00:00,18.33,315,997.29,20.56,2,",skc"
1855-08-10 12:00:00,NA,315,NA,NA,NA,NA
1855-08-10 14:00:00,22.22,NA,999.32,23.89,11,",skc"
1855-08-10 21:00:00,23.89,292.5,1000,25.56,11,",skc"
1855-08-11 07:00:00,17.78,22.5,1013.88,15.56,16,",ra"
1855-08-11 12:00:00,NA,0,NA,NA,NA,NA
1855-08-11 14:00:00,18.33,NA,1018.63,16.11,16,",ra"
1855-08-11 21:00:00,18.33,0,1023.03,17.22,16,NA
1855-08-12 07:00:00,14.44,0,1033.53,17.78,1,",skc"
1855-08-12 12:00:00,NA,202.5,NA,NA,NA,NA
1855-08-12 14:00:00,18.89,NA,1033.53,18.89,2,",skc"
1855-08-12 21:00:00,19.44,225,1033.19,20,2,",skc"
1855-08-13 07:00:00,16.11,225,1027.43,16.67,2,",br"
1855-08-13 12:00:00,NA,225,NA,NA,NA,NA
1855-08-13 14:00:00,20,NA,1024.38,21.11,5,",br"
1855-08-13 21:00:00,21.11,247.5,1022.01,20.56,2,",ra"
1855-08-14 07:00:00,18.89,0,1019.3,19.44,2,",skc"
1855-08-14 12:00:00,NA,0,NA,NA,NA,NA
1855-08-14 14:00:00,22.78,NA,1019.64,23.33,5,",skc"
1855-08-14 21:00:00,22.78,0,1020.66,22.78,2,",skc"
1855-08-15 07:00:00,17.78,337.5,1026.41,20,2,",skc"
1855-08-15 12:00:00,NA,157.5,NA,NA,NA,NA
1855-08-15 14:00:00,20,NA,1027.09,19.44,2,",skc"
1855-08-15 21:00:00,21.11,202.5,1027.09,20,2,",skc"
1855-08-16 07:00:00,17.22,202.5,1024.04,18.89,2,",skc"
1855-08-16 12:00:00,NA,225,NA,NA,NA,NA
1855-08-16 14:00:00,21.11,NA,1021.67,23.33,5,NA
1855-08-16 21:00:00,23.33,247.5,1021.33,23.33,5,NA
1855-08-17 07:00:00,20.56,225,1017.61,20,2,NA
1855-08-17 12:00:00,NA,247.5,NA,NA,NA,NA
1855-08-17 14:00:00,21.11,NA,1014.9,22.22,2,",ra"
1855-08-17 21:00:00,23.33,270,1014.56,23.33,2,",sh"
1855-08-18 07:00:00,19.44,315,1019.64,18.33,2,",br"
1855-08-18 12:00:00,NA,NA,NA,NA,NA,NA
1855-08-18 14:00:00,19.44,NA,1019.64,19.44,5,NA
1855-08-18 21:00:00,20,NA,1021.33,20,11,NA
1855-08-19 07:00:00,15.56,337.5,1027.09,13.33,2,",br"
1855-08-19 12:00:00,NA,0,NA,NA,NA,NA
1855-08-19 14:00:00,18.89,NA,1027.77,18.89,1,",skc"
1855-08-19 21:00:00,20.56,337.5,1028.11,20,5,",skc"
1855-08-20 07:00:00,15.56,315,1033.19,12.78,2,",skc"
1855-08-20 12:00:00,NA,270,NA,NA,NA,NA
1855-08-20 14:00:00,19.44,NA,1032.85,18.33,2,",skc"
1855-08-20 21:00:00,20.56,225,1031.49,20,11,",br"
1855-08-21 07:00:00,15.56,270,1031.16,15.56,2,",br"
1855-08-21 12:00:00,NA,225,NA,NA,NA,NA
1855-08-21 14:00:00,19.44,NA,1030.48,19.44,11,",skc"
1855-08-21 21:00:00,21.11,247.5,1028.78,21.11,5,",skc"
1855-08-22 07:00:00,16.67,270,1027.09,17.78,2,",br"
1855-08-22 12:00:00,NA,225,NA,NA,NA,NA
1855-08-22 14:00:00,21.11,NA,1026.75,22.22,2,",skc"
1855-08-22 21:00:00,23.33,225,1026.75,22.22,5,",skc"
1855-08-23,NA,NA,NA,NA,NA,NA
1855-08-23 07:00:00,18.33,NA,1024.04,18.33,2,",ra"
1855-08-23 12:00:00,NA,180,NA,NA,NA,NA
1855-08-23 14:00:00,18.89,NA,1022.01,18.89,5,",ra"
1855-08-23 21:00:00,20,180,1020.32,20.56,2,",ra"
1855-08-24,NA,NA,NA,NA,NA,NA
1855-08-24 07:00:00,19.44,247.5,1014.22,18.33,2,",ra"
1855-08-24 12:00:00,NA,247.5,NA,NA,NA,NA
1855-08-24 14:00:00,21.11,NA,1013.88,22.22,2,NA
1855-08-24 21:00:00,24.44,247.5,1013.88,24.44,5,",skc"
1855-08-25,NA,NA,NA,NA,NA,NA
1855-08-25 07:00:00,20,337.5,1021,16.67,5,",skc"
1855-08-25 12:00:00,NA,0,NA,NA,NA,NA
1855-08-25 14:00:00,20,NA,1024.38,19.44,5,",skc"
1855-08-25 21:00:00,21.11,22.5,1025.4,20.56,11,",skc"
1855-08-26,NA,NA,NA,NA,NA,NA
1855-08-26 07:00:00,16.67,45,1030.82,13.89,2,",br"
1855-08-26 12:00:00,NA,202.5,NA,NA,NA,NA
1855-08-26 14:00:00,19.44,NA,1028.78,18.89,2,NA
1855-08-26 21:00:00,19.44,202.5,1027.09,18.89,5,",br"
1855-08-27,NA,NA,NA,NA,NA,NA
1855-08-27 07:00:00,16.67,22.5,1023.71,15.56,11,",br"
1855-08-27 12:00:00,NA,22.5,NA,NA,NA,NA
1855-08-27 14:00:00,17.22,NA,1024.04,16.67,16,",skc"
1855-08-27 21:00:00,18.33,0,1024.04,18.33,11,",skc"
1855-08-28,NA,NA,NA,NA,NA,NA
1855-08-28 07:00:00,12.22,0,1025.06,7.22,2,",skc"
1855-08-28 12:00:00,NA,0,NA,NA,NA,NA
1855-08-28 14:00:00,17.22,NA,1026.08,16.67,5,",skc"
1855-08-28 21:00:00,18.89,225,1024.72,18.89,2,",skc"
1855-08-29,NA,NA,NA,NA,NA,NA
1855-08-29 07:00:00,14.44,225,1027.09,12.78,2,",skc"
1855-08-29 12:00:00,NA,225,NA,NA,NA,NA
1855-08-29 14:00:00,17.78,NA,1026.08,17.78,11,NA
1855-08-29 21:00:00,20,225,1023.71,19.44,5,NA
1855-08-30,NA,NA,NA,NA,NA,NA
1855-08-30 07:00:00,18.33,315,1012.53,18.33,1,",skc"
1855-08-30 12:00:00,NA,315,NA,NA,NA,NA
1855-08-30 14:00:00,18.89,NA,1011.51,18.33,16,",sq"
1855-08-30 21:00:00,17.22,NA,1013.55,15.56,20,",skc"
1855-08-31,NA,NA,NA,NA,NA,NA
1855-08-31 07:00:00,11.67,315,1022.69,10,20,",skc"
1855-08-31 12:00:00,NA,337.5,NA,NA,NA,NA
1855-08-31 14:00:00,13.33,NA,1023.71,14.44,20,",skc"
1855-08-31 21:00:00,14.44,337.5,1025.06,14.44,11,",skc"
1855-09-01,NA,NA,NA,NA,NA,NA
1855-09-01 07:00:00,11.11,157.5,1032.85,7.78,1,",br"
1855-09-01 12:00:00,NA,225,NA,NA,NA,NA
1855-09-01 14:00:00,13.89,NA,1031.16,14.44,1,",br"
1855-09-01 21:00:00,14.44,225,1028.45,13.89,1,",br"
1855-09-02,NA,NA,NA,NA,NA,NA
1855-09-02 07:00:00,15,180,1015.92,15,1,",br"
1855-09-02 12:00:00,NA,202.5,NA,NA,NA,NA
1855-09-02 14:00:00,16.67,NA,1013.88,16.67,1,",br"
1855-09-02 21:00:00,17.78,225,1010.84,17.78,5,",br"
1855-09-03,NA,NA,NA,NA,NA,NA
1855-09-03 07:00:00,13.89,0,1017.95,12.22,5,NA
1855-09-03 12:00:00,NA,0,NA,NA,NA,NA
1855-09-03 14:00:00,14.44,NA,1019.3,13.33,11,NA
1855-09-03 21:00:00,14.44,0,1020.32,12.78,11,NA
1855-09-04,NA,NA,NA,NA,NA,NA
1855-09-04 07:00:00,10.56,0,1023.03,12.22,5,",skc"
1855-09-04 12:00:00,NA,0,NA,NA,NA,NA
1855-09-04 14:00:00,13.89,NA,1024.04,15,11,",skc"
1855-09-04 21:00:00,15.56,0,1024.04,16.67,2,",skc"
1855-09-05,NA,NA,NA,NA,NA,NA
1855-09-05 07:00:00,11.11,0,1028.45,13.33,1,",skc"
1855-09-05 12:00:00,NA,0,NA,NA,NA,NA
1855-09-05 14:00:00,15.56,NA,1029.46,19.44,5,",skc"
1855-09-05 21:00:00,18.33,315,1028.45,20,2,",skc"
1855-09-06,NA,NA,NA,NA,NA,NA
1855-09-06 07:00:00,16.67,315,1027.43,15.56,2,",skc"
1855-09-06 12:00:00,NA,0,NA,NA,NA,NA
1855-09-06 14:00:00,17.78,NA,1028.45,18.89,11,",skc"
1855-09-06 21:00:00,18.89,22.5,1029.8,17.78,5,",skc"
1855-09-07,NA,NA,NA,NA,NA,NA
1855-09-07 07:00:00,12.78,180,1031.83,10.56,1,",skc"
1855-09-07 12:00:00,NA,157.5,NA,NA,NA,NA
1855-09-07 14:00:00,15,NA,1030.82,15.56,2,",skc"
1855-09-07 21:00:00,16.67,157.5,1027.09,16.67,5,",br"
1855-09-08,NA,NA,NA,NA,NA,NA
1855-09-08 07:00:00,16.11,292.5,1015.92,16.67,11,",br"
1855-09-08 12:00:00,NA,337.5,NA,NA,NA,NA
1855-09-08 14:00:00,18.33,NA,1013.88,20,5,",br"
1855-09-08 21:00:00,19.44,0,1013.88,20.56,5,NA
1855-09-09,NA,NA,NA,NA,NA,NA
1855-09-09 07:00:00,16.67,0,1017.95,13.89,1,",skc"
1855-09-09 12:00:00,NA,225,NA,NA,NA,NA
1855-09-09 14:00:00,18.33,NA,1014.9,18.89,2,",br"
1855-09-09 21:00:00,20,225,1013.55,20,2,",br"
1855-09-10,NA,NA,NA,NA,NA,NA
1855-09-10 07:00:00,17.22,337.5,1011.18,15.56,11,",skc"
1855-09-10 12:00:00,NA,337.5,NA,NA,NA,NA
1855-09-10 14:00:00,17.78,NA,1011.85,18.33,5,",skc"
1855-09-10 21:00:00,18.89,337.5,1013.21,19.44,2,",skc"
1855-09-11,NA,NA,NA,NA,NA,NA
1855-09-11 07:00:00,15.56,315,1017.61,15.56,1,NA
1855-09-11 12:00:00,NA,337.5,NA,NA,NA,NA
1855-09-11 14:00:00,20,NA,1017.27,21.11,1,",skc"
1855-09-11 21:00:00,21.11,315,1016.93,21.11,2,",skc"
1855-09-12,NA,NA,NA,NA,NA,NA
1855-09-12 07:00:00,18.33,337.5,1021,15.56,2,",skc"
1855-09-12 12:00:00,NA,247.5,NA,NA,NA,NA
1855-09-12 14:00:00,21.11,NA,1019.64,21.11,2,",skc"
1855-09-12 21:00:00,22.78,225,1017.27,23.33,11,",skc"
1855-09-13,NA,NA,NA,NA,NA,NA
1855-09-13 07:00:00,18.89,225,1013.55,18.33,5,",br"
1855-09-13 12:00:00,NA,225,NA,NA,NA,NA
1855-09-13 14:00:00,22.22,NA,1011.51,22.78,2,",skc"
1855-09-13 21:00:00,23.33,337.5,1012.87,20.56,5,",br"
1855-09-14,NA,NA,NA,NA,NA,NA
1855-09-14 07:00:00,16.67,337.5,1026.41,10,11,",skc"
1855-09-14 12:00:00,NA,0,NA,NA,NA,NA
1855-09-14 14:00:00,14.44,NA,1027.09,13.33,11,",skc"
1855-09-14 21:00:00,15,0,1029.46,12.78,11,NA
1855-09-15,NA,NA,NA,NA,NA,NA
1855-09-15 07:00:00,10,315,1031.16,8.89,1,",skc"
1855-09-15 12:00:00,NA,157.5,NA,NA,NA,NA
1855-09-15 14:00:00,13.33,NA,1031.16,14.44,2,",skc"
1855-09-15 21:00:00,16.11,225,1029.46,14.44,2,",skc"
1855-09-16,NA,NA,NA,NA,NA,NA
1855-09-16 07:00:00,12.78,202.5,1025.06,14.44,1,",skc"
1855-09-16 12:00:00,NA,225,NA,NA,NA,NA
1855-09-16 14:00:00,18.89,NA,1023.37,18.33,2,",skc"
1855-09-16 21:00:00,19.44,292.5,1022.69,18.89,2,",skc"
1855-09-17,NA,NA,NA,NA,NA,NA
1855-09-17 07:00:00,16.67,225,1019.98,15,1,",br"
1855-09-17 12:00:00,NA,292.5,NA,NA,NA,NA
1855-09-17 14:00:00,17.78,NA,1019.98,18.33,1,",br"
1855-09-17 21:00:00,19.44,292.5,1019.98,20,1,",br"
1855-09-18,NA,NA,NA,NA,NA,NA
1855-09-18 07:00:00,15.56,247.5,1013.55,16.67,5,",br"
1855-09-18 12:00:00,NA,247.5,NA,NA,NA,NA
1855-09-18 14:00:00,18.33,NA,1008.13,14.44,5,",br"
1855-09-18 21:00:00,17.22,337.5,1009.48,13.33,11,",ra"
1855-09-19,NA,NA,NA,NA,NA,NA
1855-09-19 07:00:00,8.89,0,1015.92,5.56,16,",skc"
1855-09-19 12:00:00,NA,0,NA,NA,NA,NA
1855-09-19 14:00:00,10,NA,1017.61,8.89,16,",skc"
1855-09-19 21:00:00,11.11,337.5,1019.64,8.89,11,",skc"
1855-09-20,NA,NA,NA,NA,NA,NA
1855-09-20 07:00:00,8.89,315,1028.11,7.22,5,",skc"
1855-09-20 12:00:00,NA,270,NA,NA,NA,NA
1855-09-20 14:00:00,11.11,NA,1025.4,10,11,",skc"
1855-09-20 21:00:00,12.22,315,1023.03,11.67,5,",skc"
1855-09-21,NA,NA,NA,NA,NA,NA
1855-09-21 07:00:00,13.33,337.5,1019.64,10,2,",skc"
1855-09-21 12:00:00,NA,0,NA,NA,NA,NA
1855-09-21 14:00:00,13.33,NA,1018.63,15.56,5,",skc"
1855-09-21 21:00:00,15.56,315,1019.64,14.44,5,",skc"
1855-09-22,NA,NA,NA,NA,NA,NA
1855-09-22 07:00:00,10,225,1021.67,10,2,",br"
1855-09-22 12:00:00,NA,135,NA,NA,NA,NA
1855-09-22 14:00:00,9.44,NA,1027.09,11.11,2,",br"
1855-09-22 21:00:00,10.56,135,1027.09,11.67,2,",skc"
1855-09-23,NA,NA,NA,NA,NA,NA
1855-09-23 07:00:00,7.78,0,1030.82,4.44,2,",skc"
1855-09-23 12:00:00,NA,67.5,NA,NA,NA,NA
1855-09-23 14:00:00,11.67,NA,1030.82,11.11,11,",skc"
1855-09-23 21:00:00,12.22,135,1030.82,10.56,11,",br"
1855-09-24,NA,NA,NA,NA,NA,NA
1855-09-24 07:00:00,8.33,22.5,1031.49,6.67,11,",skc"
1855-09-24 12:00:00,NA,45,NA,NA,NA,NA
1855-09-24 14:00:00,11.11,NA,1030.48,14.44,16,",skc"
1855-09-24 21:00:00,13.33,45,1028.45,13.89,11,",skc"
1855-09-25,NA,NA,NA,NA,NA,NA
1855-09-25 07:00:00,12.22,45,1027.77,10,11,NA
1855-09-25 12:00:00,NA,45,NA,NA,NA,NA
1855-09-25 14:00:00,12.78,NA,1021,12.78,20,",skc"
1855-09-25 21:00:00,15,22.5,1020.32,15.56,16,",skc"
1855-09-26,NA,NA,NA,NA,NA,NA
1855-09-26 07:00:00,13.33,337.5,1019.64,7.78,2,",skc"
1855-09-26 12:00:00,NA,0,NA,NA,NA,NA
1855-09-26 14:00:00,15,NA,1019.64,17.78,2,",skc"
1855-09-26 21:00:00,18.89,0,1017.95,18.33,1,",skc"
1855-09-27,NA,NA,NA,NA,NA,NA
1855-09-27 07:00:00,12.78,NA,1016.26,11.11,0,",fg"
1855-09-27 12:00:00,NA,180,NA,NA,NA,NA
1855-09-27 14:00:00,16.67,NA,1014.56,16.67,2,",br"
1855-09-27 21:00:00,17.22,225,1014.56,15,2,NA
1855-09-28,NA,NA,NA,NA,NA,NA
1855-09-28 07:00:00,15.56,225,1010.5,15,2,",br"
1855-09-28 12:00:00,NA,247.5,NA,NA,NA,NA
1855-09-28 14:00:00,13.89,NA,1010.5,12.78,2,",br"
1855-09-28 21:00:00,13.33,315,1012.19,12.78,5,",ra"
1855-09-29,NA,NA,NA,NA,NA,NA
1855-09-29 07:00:00,10,22.5,1023.37,8.89,16,NA
1855-09-29 12:00:00,NA,NA,NA,NA,NA,NA
1855-09-29 14:00:00,11.67,NA,1025.06,11.67,16,NA
1855-09-29 21:00:00,12.22,0,1026.75,11.67,5,NA
1855-09-30,NA,NA,NA,NA,NA,NA
1855-09-30 07:00:00,10,45,1031.49,9.44,2,NA
1855-09-30 12:00:00,NA,0,NA,NA,NA,NA
1855-09-30 14:00:00,14.44,NA,1031.49,15,1,",skc"
1855-09-30 21:00:00,16.67,225,1030.82,12.22,2,",skc"
1855-10-01,NA,NA,NA,NA,NA,NA
1855-10-01 07:00:00,9.44,225,1030.48,7.22,1,",fg"
1855-10-01 12:00:00,NA,180,NA,NA,NA,NA
1855-10-01 14:00:00,11.11,NA,1030.48,12.22,2,NA
1855-10-01 21:00:00,12.22,180,1029.8,12.22,2,NA
1855-10-02,NA,NA,NA,NA,NA,NA
1855-10-02 07:00:00,10,157.5,1027.43,10,5,",br"
1855-10-02 12:00:00,NA,157.5,NA,NA,NA,NA
1855-10-02 14:00:00,11.67,NA,1027.09,12.78,11,",br"
1855-10-02 21:00:00,12.22,157.5,1025.06,12.78,11,",br"
1855-10-03,NA,NA,NA,NA,NA,NA
1855-10-03 07:00:00,12.22,135,1021.33,12.22,11,",br"
1855-10-03 12:00:00,NA,135,NA,NA,NA,NA
1855-10-03 14:00:00,13.33,NA,1021.33,14.44,16,",br"
1855-10-03 21:00:00,13.89,135,1020.32,13.89,11,",dz"
1855-11-01 07:00:00,4.44,315,1031.83,0.56,1,",skc"
1855-11-01 12:00:00,NA,225,NA,NA,NA,NA
1855-11-01 14:00:00,7.22,NA,1030.14,8.33,5,NA
1855-11-01 21:00:00,9.44,225,1027.43,9.44,2,NA
1855-11-02 07:00:00,11.11,225,1020.66,12.22,1,",ra"
1855-11-02 12:00:00,NA,22.5,NA,NA,NA,NA
1855-11-02 14:00:00,11.67,NA,1018.63,12.22,2,",ra"
1855-11-02 21:00:00,11.11,0,1015.92,7.78,16,",ra"
1855-11-03 07:00:00,6.67,0,1025.4,4.44,20,NA
1855-11-03 12:00:00,NA,22.5,NA,NA,NA,NA
1855-11-03 14:00:00,6.67,NA,1026.75,6.11,16,NA
1855-11-03 21:00:00,6.67,22.5,1027.77,4.44,2,",br"
1855-11-04 07:00:00,4.44,22.5,1028.78,2.78,2,NA
1855-11-04 12:00:00,NA,22.5,NA,NA,NA,NA
1855-11-04 14:00:00,5,NA,1028.11,4.44,2,",ra"
1855-11-04 21:00:00,5.56,0,1028.78,4.44,2,NA
1855-11-05 07:00:00,4.44,45,1033.53,2.78,5,NA
1855-11-05 12:00:00,NA,45,NA,NA,NA,NA
1855-11-05 14:00:00,5.56,NA,1034.2,6.11,1,",ra"
1855-11-05 21:00:00,8.33,45,1033.86,7.22,2,NA
1855-11-06 07:00:00,5,180,1034.54,5,1,NA
1855-11-06 12:00:00,NA,135,NA,NA,NA,NA
1855-11-06 14:00:00,6.67,NA,1034.54,8.33,11,",br"
1855-11-06 21:00:00,7.78,135,1033.86,7.78,5,",br"
1855-11-07 07:00:00,9.44,180,1029.46,10.56,1,NA
1855-11-07 12:00:00,NA,180,NA,NA,NA,NA
1855-11-07 14:00:00,11.11,NA,1028.45,12.78,2,",ra"
1855-11-07 21:00:00,11.67,180,1028.11,12.78,1,NA
1855-11-08 07:00:00,12.22,202.5,1025.06,13.89,2,",fg"
1855-11-08 12:00:00,NA,225,NA,NA,NA,NA
1855-11-08 14:00:00,14.44,NA,1023.71,16.67,2,",br"
1855-11-08 21:00:00,17.22,225,1023.03,18.33,1,NA
1855-11-09 07:00:00,10.56,315,1028.45,5.56,5,NA
1855-11-09 12:00:00,NA,315,NA,NA,NA,NA
1855-11-09 14:00:00,10,NA,1026.75,8.33,5,",skc"
1855-11-09 21:00:00,10,315,1027.43,7.22,11,NA
1855-11-10 07:00:00,4.44,315,1035.56,1.11,2,",skc"
1855-11-10 12:00:00,NA,202.5,NA,NA,NA,NA
1855-11-10 14:00:00,8.33,NA,1036.91,3.89,1,",skc"
1855-11-10 21:00:00,8.89,225,1035.22,3.89,1,",br"
1855-11-11 07:00:00,5.56,315,1031.49,3.33,1,",br"
1855-11-11 12:00:00,NA,315,NA,NA,NA,NA
1855-11-11 14:00:00,7.78,NA,1030.82,9.44,1,",br"
1855-11-11 21:00:00,9.44,315,1032.85,9.44,1,",skc"
1855-11-12 07:00:00,5.56,157.5,1038.61,3.33,2,",skc"
1855-11-12 12:00:00,NA,157.5,NA,NA,NA,NA
1855-11-12 14:00:00,6.67,NA,1040.98,6.67,5,NA
1855-11-12 21:00:00,7.22,135,1040.3,6.11,5,NA
1855-11-13 07:00:00,6.67,135,1032.85,7.22,11,",ra"
1855-11-13 12:00:00,NA,135,NA,NA,NA,NA
1855-11-13 14:00:00,8.33,NA,1030.14,10,16,",ra"
1855-11-13 21:00:00,10,135,1020.66,11.11,5,",ra"
1855-11-14 07:00:00,8.33,315,1026.75,5,1,",skc"
1855-11-14 12:00:00,NA,315,NA,NA,NA,NA
1855-11-14 14:00:00,10,NA,1022.01,9.44,2,",skc"
1855-11-14 21:00:00,12.22,315,1021,10,1,",skc"
1855-11-15 07:00:00,6.67,315,1021,5,5,",skc"
1855-11-15 12:00:00,NA,0,NA,NA,NA,NA
1855-11-15 14:00:00,7.22,NA,1021.33,6.11,11,NA
1855-11-15 21:00:00,6.67,0,1022.01,5,2,",skc"
1855-11-16 07:00:00,2.78,180,1021.67,2.22,1,NA
1855-11-16 12:00:00,NA,180,NA,NA,NA,NA
1855-11-16 14:00:00,3.33,NA,1015.92,1.11,2,",ra"
1855-11-16 21:00:00,6.67,180,1007.45,8.89,5,",ra"
1855-11-17 07:00:00,2.78,315,1014.9,-1.11,20,NA
1855-11-17 12:00:00,NA,0,NA,NA,NA,NA
1855-11-17 14:00:00,1.11,NA,1017.27,-1.11,20,",skc"
1855-11-17 21:00:00,1.11,337.5,1019.64,-1.11,11,",skc"
1855-11-18 07:00:00,-1.67,22.5,1020.32,-5,1,NA
1855-11-18 12:00:00,NA,45,NA,NA,NA,NA
1855-11-18 14:00:00,0,NA,1018.29,-1.11,1,",br"
1855-11-18 21:00:00,0,45,1017.27,0,1,NA
1855-11-19 07:00:00,1.11,315,1016.59,0,5,NA
1855-11-19 12:00:00,NA,315,NA,NA,NA,NA
1855-11-19 14:00:00,3.33,NA,1014.56,1.11,5,NA
1855-11-19 21:00:00,3.33,225,1011.85,0.56,2,",sn"
1855-11-20 07:00:00,-1.11,315,1016.93,-6.67,5,NA
1855-11-20 12:00:00,NA,315,NA,NA,NA,NA
1855-11-20 14:00:00,-1.11,NA,1017.95,-5,11,NA
1855-11-20 21:00:00,-1.11,0,1018.63,-5,11,NA
1855-11-21 07:00:00,-3.33,315,1024.04,-6.67,2,NA
1855-11-21 12:00:00,NA,315,NA,NA,NA,NA
1855-11-21 14:00:00,-1.67,NA,1023.03,-3.33,2,NA
1855-11-21 21:00:00,-0.56,315,1021.33,-2.22,2,NA
1855-11-22 07:00:00,-1.11,45,1006.43,-2.22,5,",sn"
1855-11-22 12:00:00,NA,337.5,NA,NA,NA,NA
1855-11-22 14:00:00,0,NA,1006.1,-1.11,11,",br"
1855-11-22 21:00:00,1.11,22.5,1011.18,-0.56,16,NA
1855-11-23 07:00:00,-3.33,315,1021.33,-9.44,2,NA
1855-11-23 12:00:00,NA,292.5,NA,NA,NA,NA
1855-11-23 14:00:00,-1.11,NA,1017.95,-1.67,2,NA
1855-11-23 21:00:00,0,315,1015.24,0.56,2,NA
1855-11-24 07:00:00,5,202.5,998.31,5.56,2,NA
1855-11-24 12:00:00,NA,315,NA,NA,NA,NA
1855-11-24 14:00:00,6.67,NA,995.26,5.56,11,",br"
1855-11-24 21:00:00,3.33,315,1019.3,-1.67,11,",sn"
1855-11-25 07:00:00,-4.44,0,1024.04,-9.44,5,",skc"
1855-11-25 12:00:00,NA,315,NA,NA,NA,NA
1855-11-25 14:00:00,-2.78,NA,1024.38,-5,2,",skc"
1855-11-25 21:00:00,-1.11,225,1023.37,-3.89,1,NA
1855-11-26 07:00:00,4.44,315,1003.05,7.22,1,",ra"
1855-11-26 12:00:00,NA,337.5,NA,NA,NA,NA
1855-11-26 14:00:00,5.56,NA,1000.68,8.89,2,NA
1855-11-26 21:00:00,6.67,225,1000.34,7.22,2,NA
1855-11-27 07:00:00,3.33,337.5,996.28,0.56,5,",ra"
1855-11-27 12:00:00,NA,337.5,NA,NA,NA,NA
1855-11-27 14:00:00,2.22,NA,997.29,0,11,NA
1855-11-27 21:00:00,1.11,0,1000.34,-1.67,11,NA
1855-11-28 07:00:00,-2.22,270,1001.36,-2.78,2,",ra"
1855-11-28 12:00:00,NA,247.5,NA,NA,NA,NA
1855-11-28 14:00:00,1.11,NA,999.66,-0.56,2,",ra"
1855-11-28 21:00:00,2.78,NA,999.66,3.33,0,NA
1855-11-29,NA,NA,NA,NA,NA,NA
1855-11-29 07:00:00,1.67,0,994.92,2.22,1,",ra"
1855-11-29 12:00:00,NA,247.5,NA,NA,NA,NA
1855-11-29 14:00:00,2.22,NA,992.89,2.22,2,",ra"
1855-11-29 21:00:00,2.22,22.5,992.89,2.22,5,",ra"
1855-11-30,NA,NA,NA,NA,NA,NA
1855-11-30 07:00:00,1.11,337.5,1002.71,-2.22,5,",sn"
1855-11-30 12:00:00,NA,22.5,NA,NA,NA,NA
1855-11-30 14:00:00,1.11,NA,1005.76,-1.11,5,NA
1855-11-30 21:00:00,0,292.5,1011.18,-2.22,5,NA
1855-12-01,NA,NA,NA,NA,NA,NA
1855-12-01 07:00:00,-2.22,NA,1017.61,-3.33,0,NA
1855-12-01 12:00:00,NA,315,NA,NA,NA,NA
1855-12-01 14:00:00,2.22,NA,1017.27,2.78,2,NA
1855-12-01 21:00:00,3.33,247.5,1017.61,3.33,1,NA
1855-12-02,NA,NA,NA,NA,NA,NA
1855-12-02 07:00:00,4.44,225,1016.26,4.44,1,NA
1855-12-02 12:00:00,NA,225,NA,NA,NA,NA
1855-12-02 14:00:00,5.56,NA,1014.56,7.22,1,NA
1855-12-02 21:00:00,8.89,225,1011.85,10,1,",br"
1855-12-03,NA,NA,NA,NA,NA,NA
1855-12-03 07:00:00,10,315,995.6,10,1,NA
1855-12-03 12:00:00,NA,337.5,NA,NA,NA,NA
1855-12-03 14:00:00,9.44,NA,999.66,7.78,5,NA
1855-12-03 21:00:00,9.44,337.5,1002.71,6.11,2,NA
1855-12-04,NA,NA,NA,NA,NA,NA
1855-12-04 07:00:00,3.33,292.5,1011.51,1.67,2,",sn"
1855-12-04 12:00:00,NA,292.5,NA,NA,NA,NA
1855-12-04 14:00:00,5,NA,1013.55,2.78,5,NA
1855-12-04 21:00:00,4.44,315,1016.26,2.22,5,NA
1855-12-05,NA,NA,NA,NA,NA,NA
1855-12-05 07:00:00,0,315,1025.4,-1.11,2,",br"
1855-12-05 12:00:00,NA,247.5,NA,NA,NA,NA
1855-12-05 14:00:00,1.11,NA,1027.09,1.67,1,NA
1855-12-05 21:00:00,3.33,NA,1026.41,2.22,0,",br"
1855-12-06,NA,NA,NA,NA,NA,NA
1855-12-06 07:00:00,0,NA,1024.04,-1.11,0,NA
1855-12-06 12:00:00,NA,NA,NA,NA,NA,NA
1855-12-06 14:00:00,1.11,NA,1022.69,3.33,2,NA
1855-12-06 21:00:00,3.33,45,1021,3.89,2,NA
1855-12-07,NA,NA,NA,NA,NA,NA
1855-12-07 07:00:00,1.67,67.5,1011.51,1.11,16,NA
1855-12-07 12:00:00,NA,0,NA,NA,NA,NA
1855-12-07 14:00:00,1.67,NA,1004.74,1.67,20,",bkn"
1855-12-07 21:00:00,1.11,67.5,1003.73,1.11,20,",bkn"
1855-12-08,NA,NA,NA,NA,NA,NA
1855-12-08 07:00:00,1.11,45,1004.4,0,27,",bkn"
1855-12-08 12:00:00,NA,45,NA,NA,NA,NA
1855-12-08 14:00:00,1.11,NA,1006.1,0.56,20,",br"
1855-12-08 21:00:00,1.11,0,1006.43,0,11,NA
1855-12-09,NA,NA,NA,NA,NA,NA
1855-12-09 07:00:00,-1.11,337.5,1012.87,-2.22,5,",skc"
1855-12-09 12:00:00,NA,0,NA,NA,NA,NA
1855-12-09 14:00:00,1.11,NA,1013.21,0.56,2,",skc"
1855-12-09 21:00:00,3.33,NA,1013.88,1.11,0,NA
1855-12-10,NA,NA,NA,NA,NA,NA
1855-12-10 07:00:00,5.56,135,995.6,7.22,16,",ra"
1855-12-10 12:00:00,NA,225,NA,NA,NA,NA
1855-12-10 14:00:00,8.33,NA,996.28,8.33,11,",br"
1855-12-10 21:00:00,7.78,292.5,999.66,1.11,11,",br"
1855-12-11,NA,NA,NA,NA,NA,NA
1855-12-11 07:00:00,3.33,180,1007.11,2.78,2,NA
1855-12-11 12:00:00,NA,225,NA,NA,NA,NA
1855-12-11 14:00:00,3.33,NA,1007.79,3.89,2,NA
1855-12-11 21:00:00,3.33,315,1007.79,3.33,1,",sn"
1855-12-12,NA,NA,NA,NA,NA,NA
1855-12-12 07:00:00,0,315,1017.61,-3.33,5,NA
1855-12-12 12:00:00,NA,315,NA,NA,NA,NA
1855-12-12 14:00:00,-1.11,NA,1020.32,-5.56,5,",sn"
1855-12-12 21:00:00,-2.22,0,1022.01,-6.67,5,",bkn"
1855-12-13 07:00:00,-5.56,22.5,1033.53,-10.56,5,",skc"
1855-12-13 12:00:00,NA,22.5,NA,NA,NA,NA
1855-12-13 14:00:00,-3.89,NA,1033.86,-6.67,5,NA
1855-12-13 21:00:00,-2.78,315,1034.2,-7.22,2,NA
1855-12-14 07:00:00,-3.89,315,1031.16,-6.67,2,NA
1855-12-14 12:00:00,NA,315,NA,NA,NA,NA
1855-12-14 14:00:00,-1.11,NA,1031.83,-2.22,2,",skc"
1855-12-14 21:00:00,0.56,315,1025.4,-2.22,2,",br"
1855-12-15 07:00:00,-2.22,337.5,1037.93,-6.67,1,NA
1855-12-15 12:00:00,NA,0,NA,NA,NA,NA
1855-12-15 14:00:00,0.56,NA,1038.27,-4.44,5,NA
1855-12-15 21:00:00,0,NA,1037.59,-4.44,0,NA
1855-12-16 07:00:00,-1.11,180,1031.16,0,5,",ra"
1855-12-16 12:00:00,NA,202.5,NA,NA,NA,NA
1855-12-16 14:00:00,0,NA,1028.45,1.11,11,",ra"
1855-12-16 21:00:00,0.56,157.5,1024.38,1.67,11,",ra"
1855-12-17 07:00:00,4.44,315,1010.16,6.11,1,NA
1855-12-17 12:00:00,NA,225,NA,NA,NA,NA
1855-12-17 14:00:00,6.11,NA,1010.5,7.22,1,NA
1855-12-17 21:00:00,6.11,0,1008.47,6.11,1,NA
1855-12-18 07:00:00,2.22,225,1008.47,0.56,2,NA
1855-12-18 12:00:00,NA,0,NA,NA,NA,NA
1855-12-18 14:00:00,3.33,NA,1010.5,1.67,5,",sn"
1855-12-18 21:00:00,1.67,0,1013.21,0.56,5,NA
1855-12-19 07:00:00,-1.67,315,1023.37,-5,5,",skc"
1855-12-19 12:00:00,NA,0,NA,NA,NA,NA
1855-12-19 14:00:00,-0.56,NA,1022.69,-2.22,2,",skc"
1855-12-19 21:00:00,0,0,1025.06,-2.22,5,",skc"
1855-12-20 07:00:00,-3.89,22.5,1023.37,-7.78,5,NA
1855-12-20 12:00:00,NA,22.5,NA,NA,NA,NA
1855-12-20 14:00:00,-3.33,NA,1020.32,-3.33,5,NA
1855-12-20 21:00:00,-2.78,22.5,1020.66,-3.33,11,NA
1855-12-21 07:00:00,-3.33,22.5,1028.11,-5,5,NA
1855-12-21 12:00:00,NA,22.5,NA,NA,NA,NA
1855-12-21 14:00:00,-2.78,NA,1028.11,-3.89,2,NA
1855-12-21 21:00:00,-0.56,337.5,1027.77,-2.22,2,NA
1855-12-22 07:00:00,0,247.5,1021.33,0.56,2,",ra"
1855-12-22 12:00:00,NA,225,NA,NA,NA,NA
1855-12-22 14:00:00,3.33,NA,1019.64,3.33,2,",ra"
1855-12-22 21:00:00,5,225,1019.3,4.44,2,NA
1855-12-23 07:00:00,4.44,225,1009.82,5,5,",skc"
1855-12-23 12:00:00,NA,247.5,NA,NA,NA,NA
1855-12-23 14:00:00,6.11,NA,1007.11,7.78,2,",br"
1855-12-23 21:00:00,6.67,315,1008.13,7.22,2,",br"
1855-12-24 07:00:00,2.22,NA,1020.66,0.56,0,",br"
1855-12-24 12:00:00,NA,NA,NA,NA,NA,NA
1855-12-24 14:00:00,3.33,NA,1023.37,3.33,0,",br"
1855-12-24 21:00:00,3.89,315,1023.71,3.33,1,NA
1855-12-25 07:00:00,-0.56,22.5,1030.48,-2.22,5,NA
1855-12-25 12:00:00,NA,45,NA,NA,NA,NA
1855-12-25 14:00:00,-1.67,NA,1027.09,-3.89,5,NA
1855-12-25 21:00:00,-2.22,67.5,1027.09,-4.44,5,",sn"
1855-12-26 07:00:00,1.67,225,997.97,6.11,5,",ra"
1855-12-26 12:00:00,NA,202.5,NA,NA,NA,NA
1855-12-26 14:00:00,10,NA,993.23,11.11,16,",sh"
1855-12-26 21:00:00,7.22,NA,992.55,3.89,20,NA
1855-12-27 07:00:00,-5.56,0,1022.35,-12.22,16,NA
1855-12-27 12:00:00,NA,0,NA,NA,NA,NA
1855-12-27 14:00:00,-5.56,NA,1024.38,-9.44,20,NA
1855-12-27 21:00:00,-5.56,45,1023.71,-3.89,5,",br"
1855-12-28 07:00:00,-6.67,315,1026.75,-9.44,2,",br"
1855-12-28 12:00:00,NA,315,NA,NA,NA,NA
1855-12-28 14:00:00,-6.11,NA,1022.69,-6.11,2,",br"
1855-12-28 21:00:00,-4.44,315,1017.61,-3.33,1,",sn"
1855-12-29 07:00:00,-7.78,315,1023.71,-15,5,NA
1855-12-29 12:00:00,NA,315,NA,NA,NA,NA
1855-12-29 14:00:00,-10.56,NA,1026.75,-15,5,NA
1855-12-29 21:00:00,-12.22,315,1027.77,-15,5,",skc"
1855-12-30 07:00:00,-5.56,270,1003.39,-3.89,16,",gr"
1855-12-30 12:00:00,NA,225,NA,NA,NA,NA
1855-12-30 14:00:00,-3.33,NA,996.61,-1.11,16,",gr"
1855-12-30 21:00:00,-0.56,NA,990.86,0,11,NA
1855-12-31 07:00:00,-5.56,315,1021,-8.33,2,",br"
1855-12-31 12:00:00,NA,315,NA,NA,NA,NA
1855-12-31 14:00:00,-5.56,NA,1024.04,-7.22,2,NA
1855-12-31 21:00:00,-4.44,NA,1024.72,-2.78,0,NA
1856-01-01 07:00:00,-1.11,45,1023.37,-5,2,NA
1856-01-01 12:00:00,NA,22.5,NA,NA,NA,NA
1856-01-01 14:00:00,-1.11,NA,1021,-1.11,1,NA
1856-01-01 21:00:00,0.56,NA,1023.37,1.11,0,NA
1856-01-02 07:00:00,-5,315,1037.25,-11.11,1,NA
1856-01-02 12:00:00,NA,180,NA,NA,NA,NA
1856-01-02 14:00:00,-4.44,NA,1038.27,-8.89,1,NA
1856-01-02 21:00:00,-2.22,315,1038.27,-7.78,1,NA
1856-01-03 07:00:00,-6.67,225,1028.45,-7.22,5,",sn"
1856-01-03 12:00:00,NA,112.5,NA,NA,NA,NA
1856-01-03 14:00:00,-6.67,NA,1019.64,-6.67,5,",sn"
1856-01-03 21:00:00,-5,112.5,1010.5,-4.44,5,",ra"
1856-01-04 07:00:00,-2.22,315,1010.84,-3.33,2,NA
1856-01-04 12:00:00,NA,270,NA,NA,NA,NA
1856-01-04 14:00:00,-2.22,NA,1013.88,-4.44,16,NA
1856-01-04 21:00:00,-3.33,292.5,1019.98,-5.56,16,NA
1856-01-05 07:00:00,-9.44,315,1033.19,-15.56,5,",skc"
1856-01-05 12:00:00,NA,315,NA,NA,NA,NA
1856-01-05 14:00:00,-8.89,NA,1033.86,-12.22,11,",skc"
1856-01-05 21:00:00,-8.89,0,1033.86,-12.22,11,NA
1856-01-06 07:00:00,-10,45,1014.22,-12.22,5,",sn"
1856-01-06 12:00:00,NA,45,NA,NA,NA,NA
1856-01-06 14:00:00,-7.22,NA,1001.69,-6.67,16,",sn"
1856-01-06 21:00:00,-5.56,22.5,1000.68,-5.56,20,",sn"
1856-01-07 07:00:00,-7.78,337.5,1022.01,-12.78,11,NA
1856-01-07 12:00:00,NA,337.5,NA,NA,NA,NA
1856-01-07 14:00:00,-6.67,NA,1025.06,-10,5,NA
1856-01-07 21:00:00,-5.56,337.5,1024.04,-9.44,2,NA
1856-01-08 07:00:00,-8.89,45,1021.33,-12.22,1,NA
1856-01-08 12:00:00,NA,45,NA,NA,NA,NA
1856-01-08 14:00:00,-8.89,NA,1017.95,-10,1,",br"
1856-01-08 21:00:00,-5.56,180,1014.56,-4.44,2,",sn"
1856-01-09 07:00:00,-1.67,292.5,1007.79,-3.89,5,",sn"
1856-01-09 12:00:00,NA,292.5,NA,NA,NA,NA
1856-01-09 14:00:00,-3.33,NA,1009.14,-9.44,5,",skc"
1856-01-09 21:00:00,-5,337.5,1012.87,-10,2,NA
1856-01-10,NA,NA,NA,NA,NA,NA
1856-01-10 07:00:00,-11.11,NA,1008.47,-12.78,0,NA
1856-01-10 12:00:00,NA,NA,NA,NA,NA,NA
1856-01-10 14:00:00,-10,NA,1006.77,-10,0,",skc"
1856-01-10 21:00:00,-7.78,0,1006.77,-10,1,",skc"
1856-01-11,NA,NA,NA,NA,NA,NA
1856-01-11 07:00:00,-8.89,337.5,1012.87,-10,2,",skc"
1856-01-11 12:00:00,NA,337.5,NA,NA,NA,NA
1856-01-11 14:00:00,-5.56,NA,1013.55,-6.67,2,",skc"
1856-01-11 21:00:00,-3.89,337.5,1014.56,-4.44,2,NA
1856-01-12,NA,NA,NA,NA,NA,NA
1856-01-12 07:00:00,-8.89,337.5,1029.8,-12.78,1,NA
1856-01-12 12:00:00,NA,315,NA,NA,NA,NA
1856-01-12 14:00:00,-6.67,NA,1031.16,-11.11,1,",skc"
1856-01-12 21:00:00,-3.33,NA,1031.83,-9.44,0,",skc"
1856-01-13,NA,NA,NA,NA,NA,NA
1856-01-13 07:00:00,-8.89,22.5,1032.85,-12.22,2,",br"
1856-01-13 12:00:00,NA,135,NA,NA,NA,NA
1856-01-13 14:00:00,-7.78,NA,1026.41,-6.67,11,",br"
1856-01-13 21:00:00,-6.11,157.5,1024.04,-4.44,20,",br"
1856-01-14,NA,NA,NA,NA,NA,NA
1856-01-14 07:00:00,-1.11,157.5,999.32,0,16,",ra"
1856-01-14 12:00:00,NA,202.5,NA,NA,NA,NA
1856-01-14 14:00:00,0,NA,996.28,0.56,5,NA
1856-01-14 21:00:00,0,225,995.6,1.11,1,",fg"
1856-01-15,NA,NA,NA,NA,NA,NA
1856-01-15 07:00:00,-1.11,22.5,995.94,-1.11,2,",sn"
1856-01-15 12:00:00,NA,22.5,NA,NA,NA,NA
1856-01-15 14:00:00,-1.11,NA,997.29,-2.22,16,",br"
1856-01-15 21:00:00,-2.22,45,999.66,-3.33,16,",sn"
1856-01-16,NA,NA,NA,NA,NA,NA
1856-01-16 07:00:00,-3.89,22.5,1004.4,-3.89,2,NA
1856-01-16 12:00:00,NA,22.5,NA,NA,NA,NA
1856-01-16 14:00:00,-2.22,NA,1003.39,-2.22,2,",br"
1856-01-16 21:00:00,-1.11,337.5,1003.73,-1.67,1,NA
1856-01-17,NA,NA,NA,NA,NA,NA
1856-01-17 07:00:00,-4.44,NA,1003.73,-4.44,0,",br"
1856-01-17 12:00:00,NA,180,NA,NA,NA,NA
1856-01-17 14:00:00,-3.33,NA,1001.69,-2.78,2,",br"
1856-01-17 21:00:00,-1.11,180,1001.69,-1.11,1,",sn"
1856-01-18,NA,NA,NA,NA,NA,NA
1856-01-18 07:00:00,-1.11,315,1004.74,-3.33,2,NA
1856-01-18 12:00:00,NA,22.5,NA,NA,NA,NA
1856-01-18 14:00:00,-1.11,NA,1005.08,-3.89,2,NA
1856-01-18 21:00:00,-1.11,0,1007.11,-0.56,1,NA
1856-01-19,NA,NA,NA,NA,NA,NA
1856-01-19 07:00:00,-3.89,337.5,1011.85,-6.67,1,",br"
1856-01-19 12:00:00,NA,337.5,NA,NA,NA,NA
1856-01-19 14:00:00,-2.22,NA,1010.16,-3.89,1,",sn"
1856-01-19 21:00:00,-2.22,337.5,1007.11,-3.89,1,",sn"
1856-01-20,NA,NA,NA,NA,NA,NA
1856-01-20 07:00:00,-8.89,337.5,1007.45,-12.22,2,",skc"
1856-01-20 12:00:00,NA,0,NA,NA,NA,NA
1856-01-20 14:00:00,-6.67,NA,1004.4,-9.44,2,",skc"
1856-01-20 21:00:00,-4.44,337.5,1005.08,-7.78,2,",br"
1856-01-21,NA,NA,NA,NA,NA,NA
1856-01-21 07:00:00,-8.89,337.5,1003.05,-13.33,1,",br"
1856-01-21 12:00:00,NA,337.5,NA,NA,NA,NA
1856-01-21 14:00:00,-8.33,NA,1001.36,-9.44,2,",br"
1856-01-21 21:00:00,-6.67,0,1002.03,-7.78,1,",sn"
1856-01-22,NA,NA,NA,NA,NA,NA
1856-01-22 07:00:00,-7.78,315,1006.77,-8.89,1,",br"
1856-01-22 12:00:00,NA,315,NA,NA,NA,NA
1856-01-22 14:00:00,-6.11,NA,1003.73,-7.78,2,",skc"
1856-01-22 21:00:00,-3.89,315,1004.74,-5,5,NA
1856-01-23,NA,NA,NA,NA,NA,NA
1856-01-23 07:00:00,-7.78,NA,996.61,-10.56,0,NA
1856-01-23 12:00:00,NA,337.5,NA,NA,NA,NA
1856-01-23 14:00:00,-6.11,NA,1007.11,-9.44,2,",br"
1856-01-23 21:00:00,-2.78,337.5,1008.13,-7.22,1,",sn"
1856-01-24,NA,NA,NA,NA,NA,NA
1856-01-24 07:00:00,-6.67,337.5,1013.21,-10,2,NA
1856-01-24 12:00:00,NA,337.5,NA,NA,NA,NA
1856-01-24 14:00:00,-3.33,NA,1014.56,-6.11,2,",skc"
1856-01-24 21:00:00,0,337.5,1013.55,-1.11,2,",skc"
1856-01-25,NA,NA,NA,NA,NA,NA
1856-01-25 07:00:00,-1.67,337.5,1003.39,-4.44,5,",sn"
1856-01-25 12:00:00,NA,337.5,NA,NA,NA,NA
1856-01-25 14:00:00,-3.33,NA,1003.05,-10,11,",sn"
1856-01-25 21:00:00,-6.67,337.5,1002.03,-12.22,11,NA
1856-01-26,NA,NA,NA,NA,NA,NA
1856-01-26 07:00:00,-12.22,NA,1007.79,-16.11,34,",skc"
1856-01-26 12:00:00,NA,0,NA,NA,NA,NA
1856-01-26 14:00:00,-11.11,NA,1007.45,-13.89,20,",skc"
1856-01-26 21:00:00,-8.89,0,1008.81,-11.67,20,",skc"
1856-01-27,NA,NA,NA,NA,NA,NA
1856-01-27 07:00:00,-10,0,1007.11,-12.22,11,",skc"
1856-01-27 12:00:00,NA,0,NA,NA,NA,NA
1856-01-27 14:00:00,-6.67,NA,1007.11,-7.78,16,",skc"
1856-01-27 21:00:00,-5.56,22.5,1007.79,-7.22,11,",skc"
1856-01-28,NA,NA,NA,NA,NA,NA
1856-01-28 07:00:00,-10,22.5,1010.5,-13.89,2,",skc"
1856-01-28 12:00:00,NA,22.5,NA,NA,NA,NA
1856-01-28 14:00:00,-8.89,NA,1008.47,-12.22,5,",skc"
1856-01-28 21:00:00,-7.78,22.5,1006.77,-10,2,NA
1856-01-29,NA,NA,NA,NA,NA,NA
1856-01-29 07:00:00,-12.22,0,1015.24,-16.67,2,",br"
1856-01-29 12:00:00,NA,45,NA,NA,NA,NA
1856-01-29 14:00:00,-9.44,NA,1016.59,-12.22,2,",skc"
1856-01-29 21:00:00,-6.67,135,1016.26,-10,1,NA
1856-01-30,NA,NA,NA,NA,NA,NA
1856-01-30 07:00:00,-5.56,180,1006.43,-6.67,1,",sn"
1856-01-30 12:00:00,NA,202.5,NA,NA,NA,NA
1856-01-30 14:00:00,-2.22,NA,1000,-2.78,2,",sn"
1856-01-30 21:00:00,-1.67,315,999.66,-2.22,5,",sn"
1856-01-31,NA,NA,NA,NA,NA,NA
1856-01-31 07:00:00,-7.22,315,1006.43,-10,2,",br"
1856-01-31 12:00:00,NA,315,NA,NA,NA,NA
1856-01-31 14:00:00,-6.67,NA,1007.45,-8.33,2,",skc"
1856-01-31 21:00:00,-4.44,0,1009.82,-6.67,2,NA
1856-02-01,NA,NA,NA,NA,NA,NA
1856-02-01 07:00:00,-8.33,270,1014.56,-11.11,1,",br"
1856-02-01 12:00:00,NA,315,NA,NA,NA,NA
1856-02-01 14:00:00,-6.67,NA,1013.88,-9.44,2,",skc"
1856-02-01 21:00:00,-3.33,315,1012.87,-8.89,1,",br"
1856-02-02,NA,NA,NA,NA,NA,NA
1856-02-02 07:00:00,-6.67,180,1001.36,-5.56,2,",br"
1856-02-02 12:00:00,NA,225,NA,NA,NA,NA
1856-02-02 14:00:00,-3.33,NA,992.21,-4.44,2,",sn"
1856-02-02 21:00:00,-2.22,292.5,991.53,-3.33,5,NA
1856-02-03,NA,NA,NA,NA,NA,NA
1856-02-03 07:00:00,-8.89,315,994.24,-12.22,2,",skc"
1856-02-03 12:00:00,NA,315,NA,NA,NA,NA
1856-02-03 14:00:00,-7.78,NA,992.89,-11.11,2,NA
1856-02-03 21:00:00,-6.67,315,992.21,-9.44,5,NA
1856-02-04,NA,NA,NA,NA,NA,NA
1856-02-04 07:00:00,-10,315,996.61,-12.78,2,",br"
1856-02-04 12:00:00,NA,337.5,NA,NA,NA,NA
1856-02-04 14:00:00,-8.89,NA,998.98,-10.56,5,NA
1856-02-04 21:00:00,-7.78,0,999.32,-10,5,NA
1856-02-05,NA,NA,NA,NA,NA,NA
1856-02-05 07:00:00,-10,0,1001.02,-11.67,5,",br"
1856-02-05 12:00:00,NA,0,NA,NA,NA,NA
1856-02-05 14:00:00,-9.44,NA,1001.69,-10,5,NA
1856-02-05 21:00:00,-6.67,0,1003.05,-10,11,NA
1856-02-06,NA,NA,NA,NA,NA,NA
1856-02-06 07:00:00,-8.89,0,1015.24,-9.44,5,NA
1856-02-06 12:00:00,NA,0,NA,NA,NA,NA
1856-02-06 14:00:00,-6.67,NA,1018.63,-6.67,11,",skc"
1856-02-06 21:00:00,-4.44,315,1021,-5,5,",skc"
1856-02-07,NA,NA,NA,NA,NA,NA
1856-02-07 07:00:00,-8.89,NA,1028.45,-11.11,0,",br"
1856-02-07 12:00:00,NA,NA,NA,NA,NA,NA
1856-02-07 14:00:00,-8.89,NA,1027.09,-10,0,NA
1856-02-07 21:00:00,-6.67,315,1023.37,-7.78,2,",sn"
1856-02-08,NA,NA,NA,NA,NA,NA
1856-02-08 07:00:00,-1.67,315,1006.43,-0.56,2,NA
1856-02-08 12:00:00,NA,315,NA,NA,NA,NA
1856-02-08 14:00:00,0,NA,1010.16,-1.11,5,NA
1856-02-08 21:00:00,0,22.5,1011.18,-0.56,5,",skc"
1856-02-09,NA,NA,NA,NA,NA,NA
1856-02-09 07:00:00,-3.89,NA,1014.56,-7.78,0,NA
1856-02-09 12:00:00,NA,315,NA,NA,NA,NA
1856-02-09 14:00:00,-3.33,NA,1011.51,-5,1,",br"
1856-02-09 21:00:00,-2.22,0,1008.13,-3.89,2,NA
1856-02-10,NA,NA,NA,NA,NA,NA
1856-02-10 07:00:00,-6.67,337.5,1014.9,-10,2,NA
1856-02-10 12:00:00,NA,0,NA,NA,NA,NA
1856-02-10 14:00:00,-6.11,NA,1016.93,-7.22,2,NA
1856-02-10 21:00:00,-4.44,0,1017.95,-7.78,1,NA
1856-02-11,NA,NA,NA,NA,NA,NA
1856-02-11 07:00:00,-8.89,337.5,1020.66,-10,1,",br"
1856-02-11 12:00:00,NA,247.5,NA,NA,NA,NA
1856-02-11 14:00:00,-5.56,NA,1020.32,-5,2,NA
1856-02-11 21:00:00,-2.22,180,1018.29,-3.33,2,NA
1856-02-12,NA,NA,NA,NA,NA,NA
1856-02-12 07:00:00,-1.11,180,1006.43,-3.89,5,",ra"
1856-02-12 12:00:00,NA,180,NA,NA,NA,NA
1856-02-12 14:00:00,1.11,NA,993.91,-0.56,11,",ra"
1856-02-12 21:00:00,2.22,180,989.5,0.56,11,",ra"
1856-02-13,NA,NA,NA,NA,NA,NA
1856-02-13 07:00:00,-3.33,315,999.32,-6.67,5,",sn"
1856-02-13 12:00:00,NA,315,NA,NA,NA,NA
1856-02-13 14:00:00,-4.44,NA,1001.36,-10,16,NA
1856-02-13 21:00:00,-5,315,1006.43,-10,11,NA
1856-02-14,NA,NA,NA,NA,NA,NA
1856-02-14 07:00:00,-11.67,337.5,1014.22,-15,1,NA
1856-02-14 12:00:00,NA,337.5,NA,NA,NA,NA
1856-02-14 14:00:00,-10,NA,1013.88,-13.33,2,",skc"
1856-02-14 21:00:00,-8.89,315,1013.55,-10.56,2,",skc"
1856-02-15,NA,NA,NA,NA,NA,NA
1856-02-15 07:00:00,-12.22,NA,1018.29,-13.33,0,NA
1856-02-15 12:00:00,NA,225,NA,NA,NA,NA
1856-02-15 14:00:00,-11.67,NA,1018.63,-9.44,2,",br"
1856-02-15 21:00:00,-9.44,225,1016.26,-7.78,2,",sn"
1856-02-16,NA,NA,NA,NA,NA,NA
1856-02-16 07:00:00,-5,225,1010.5,-5.56,2,",sn"
1856-02-16 12:00:00,NA,135,NA,NA,NA,NA
1856-02-16 14:00:00,-3.33,NA,1004.74,-2.22,5,",sn"
1856-02-16 21:00:00,-2.22,135,999.32,-0.56,5,",ra"
1856-02-17,NA,NA,NA,NA,NA,NA
1856-02-17 07:00:00,-0.56,247.5,999.66,-1.11,1,",br"
1856-02-17 12:00:00,NA,180,NA,NA,NA,NA
1856-02-17 14:00:00,0,NA,996.95,1.11,2,",br"
1856-02-17 21:00:00,0,135,986.46,1.11,16,",ra"
1856-02-18,NA,NA,NA,NA,NA,NA
1856-02-18 07:00:00,-2.78,292.5,977.99,-2.78,20,NA
1856-02-18 12:00:00,NA,315,NA,NA,NA,NA
1856-02-18 14:00:00,-2.22,NA,984.42,-2.22,16,NA
1856-02-18 21:00:00,-1.67,315,986.12,-2.22,11,",sn"
1856-02-19,NA,NA,NA,NA,NA,NA
1856-02-19 07:00:00,-5.56,270,995.94,-6.67,1,NA
1856-02-19 12:00:00,NA,315,NA,NA,NA,NA
1856-02-19 14:00:00,-5.56,NA,996.95,-5.56,2,NA
1856-02-19 21:00:00,-5.56,0,999.32,-7.22,5,NA
1856-02-20,NA,NA,NA,NA,NA,NA
1856-02-20 07:00:00,-7.78,315,1003.05,-9.44,2,NA
1856-02-20 12:00:00,NA,315,NA,NA,NA,NA
1856-02-20 14:00:00,-5.56,NA,1001.36,-4.44,2,NA
1856-02-20 21:00:00,-3.33,315,1000,-2.22,2,NA
1856-02-21,NA,NA,NA,NA,NA,NA
1856-02-21 07:00:00,-4.44,270,998.31,-5,2,",br"
1856-02-21 12:00:00,NA,315,NA,NA,NA,NA
1856-02-21 14:00:00,-3.33,NA,997.97,-4.44,2,NA
1856-02-21 21:00:00,-2.22,315,996.95,-3.33,2,",br"
1856-02-22,NA,NA,NA,NA,NA,NA
1856-02-22 07:00:00,-3.33,315,1001.02,-3.33,2,NA
1856-02-22 12:00:00,NA,337.5,NA,NA,NA,NA
1856-02-22 14:00:00,-1.11,NA,1001.02,-0.56,5,NA
1856-02-22 21:00:00,0,0,1001.02,0,5,NA
1856-02-23,NA,NA,NA,NA,NA,NA
1856-02-23 07:00:00,-3.33,315,1007.11,-5.56,1,",br"
1856-02-23 12:00:00,NA,315,NA,NA,NA,NA
1856-02-23 14:00:00,0,NA,1006.1,-0.56,1,",skc"
1856-02-23 21:00:00,2.78,315,1004.4,1.11,1,",skc"
1856-02-24,NA,NA,NA,NA,NA,NA
1856-02-24 07:00:00,-1.11,45,996.61,-2.22,2,",br"
1856-02-24 12:00:00,NA,45,NA,NA,NA,NA
1856-02-24 14:00:00,-0.56,NA,993.23,-1.11,5,",sn"
1856-02-24 21:00:00,0,0,992.21,-1.11,5,NA
1856-02-25,NA,NA,NA,NA,NA,NA
1856-02-25 07:00:00,-4.44,0,995.94,-6.67,2,NA
1856-02-25 12:00:00,NA,337.5,NA,NA,NA,NA
1856-02-25 14:00:00,-3.33,NA,994.92,-4.44,2,NA
1856-02-25 21:00:00,-2.78,337.5,993.91,-4.44,5,",br"
1856-02-26,NA,NA,NA,NA,NA,NA
1856-02-26 07:00:00,-4.44,0,993.57,-5,2,",bkn"
1856-02-26 12:00:00,NA,0,NA,NA,NA,NA
1856-02-26 14:00:00,-3.89,NA,993.57,-2.22,5,NA
1856-02-26 21:00:00,-1.11,337.5,993.57,-0.56,5,",skc"
1856-02-27,NA,NA,NA,NA,NA,NA
1856-02-27 07:00:00,-5.56,22.5,999.66,-7.22,11,",skc"
1856-02-27 12:00:00,NA,0,NA,NA,NA,NA
1856-02-27 14:00:00,-3.89,NA,1001.36,-1.11,5,",skc"
1856-02-27 21:00:00,-2.78,0,1002.71,-2.78,5,",skc"
1856-02-28,NA,NA,NA,NA,NA,NA
1856-02-28 07:00:00,-4.44,22.5,1006.77,-7.78,1,",skc"
1856-02-28 12:00:00,NA,22.5,NA,NA,NA,NA
1856-02-28 14:00:00,-3.33,NA,1007.45,-4.44,2,",skc"
1856-02-28 21:00:00,-1.11,22.5,1010.16,-3.89,5,NA
1856-02-29,NA,NA,NA,NA,NA,NA
1856-02-29 07:00:00,-6.67,337.5,1013.21,-8.89,1,NA
1856-02-29 12:00:00,NA,0,NA,NA,NA,NA
1856-02-29 14:00:00,-2.78,NA,1012.87,-4.44,1,",skc"
1856-02-29 21:00:00,-1.11,0,1013.21,-3.33,2,",skc"
1856-03-01,NA,NA,NA,NA,NA,NA
1856-03-01 07:00:00,-5.56,337.5,1018.63,-8.89,5,",skc"
1856-03-01 12:00:00,NA,22.5,NA,NA,NA,NA
1856-03-01 14:00:00,-4.44,NA,1019.3,-5,11,",skc"
1856-03-01 21:00:00,-3.33,22.5,1018.63,-4.44,11,",skc"
1856-03-02,NA,NA,NA,NA,NA,NA
1856-03-02 07:00:00,-7.78,0,1020.32,-9.44,1,",br"
1856-03-02 12:00:00,NA,180,NA,NA,NA,NA
1856-03-02 14:00:00,-5.56,NA,1008.47,-3.89,20,",sn"
1856-03-02 21:00:00,-3.89,180,996.28,-2.22,27,",ra"
1856-03-03,NA,NA,NA,NA,NA,NA
1856-03-03 07:00:00,-2.22,315,996.61,-5,5,NA
1856-03-03 12:00:00,NA,337.5,NA,NA,NA,NA
1856-03-03 14:00:00,-2.22,NA,1000,-3.89,20,NA
1856-03-03 21:00:00,-2.22,337.5,1001.36,-3.89,11,NA
1856-03-04,NA,NA,NA,NA,NA,NA
1856-03-04 07:00:00,-6.67,315,1018.29,-8.89,2,",skc"
1856-03-04 12:00:00,NA,315,NA,NA,NA,NA
1856-03-04 14:00:00,-4.44,NA,1019.64,-5,2,",skc"
1856-03-04 21:00:00,-2.22,315,1019.64,-3.89,2,",skc"
1856-03-05,NA,NA,NA,NA,NA,NA
1856-03-05 07:00:00,-1.67,315,1002.37,-3.33,11,NA
1856-03-05 12:00:00,NA,315,NA,NA,NA,NA
1856-03-05 14:00:00,-0.56,NA,1004.4,-1.67,5,",br"
1856-03-05 21:00:00,0,337.5,1007.11,-1.11,2,NA
1856-03-06,NA,NA,NA,NA,NA,NA
1856-03-06 07:00:00,-3.33,270,1013.88,-2.22,2,NA
1856-03-06 12:00:00,NA,225,NA,NA,NA,NA
1856-03-06 14:00:00,-1.67,NA,1011.51,-1.11,1,",br"
1856-03-06 21:00:00,-1.11,225,1010.5,-1.11,2,",sn"
1856-03-07,NA,NA,NA,NA,NA,NA
1856-03-07 07:00:00,-1.67,0,996.95,-1.67,2,NA
1856-03-07 12:00:00,NA,0,NA,NA,NA,NA
1856-03-07 14:00:00,0,NA,1000,0,5,",br"
1856-03-07 21:00:00,0,0,1004.4,-0.56,2,NA
1856-03-08,NA,NA,NA,NA,NA,NA
1856-03-08 07:00:00,-4.44,315,1011.85,-6.67,1,NA
1856-03-08 12:00:00,NA,270,NA,NA,NA,NA
1856-03-08 14:00:00,-1.67,NA,1011.51,-2.22,1,",skc"
1856-03-08 21:00:00,0.56,270,1009.82,-0.56,2,",sn"
1856-03-09,NA,NA,NA,NA,NA,NA
1856-03-09 07:00:00,-2.22,0,1006.43,-8.89,11,NA
1856-03-09 12:00:00,NA,337.5,NA,NA,NA,NA
1856-03-09 14:00:00,-3.33,NA,1008.47,-7.22,11,NA
1856-03-09 21:00:00,-2.78,337.5,1010.16,-6.67,5,",skc"
1856-03-10,NA,NA,NA,NA,NA,NA
1856-03-10 07:00:00,-8.89,NA,1011.85,-11.67,2,",br"
1856-03-10 12:00:00,NA,337.5,NA,NA,NA,NA
1856-03-10 14:00:00,-7.78,NA,1009.82,-6.67,1,",br"
1856-03-10 21:00:00,-6.67,337.5,1001.02,-7.22,5,",sn"
1856-03-11,NA,NA,NA,NA,NA,NA
1856-03-11 07:00:00,-10,315,1000.34,-12.22,5,NA
1856-03-11 12:00:00,NA,315,NA,NA,NA,NA
1856-03-11 14:00:00,-8.33,NA,998.31,-8.33,11,NA
1856-03-11 21:00:00,-6.67,315,995.94,-7.78,11,NA
1856-03-12,NA,NA,NA,NA,NA,NA
1856-03-12 07:00:00,-9.44,337.5,992.89,-11.11,5,",br"
1856-03-12 12:00:00,NA,337.5,NA,NA,NA,NA
1856-03-12 14:00:00,-7.22,NA,992.89,-7.22,5,",sn"
1856-03-12 21:00:00,-6.67,337.5,993.91,-7.22,16,NA
1856-03-13,NA,NA,NA,NA,NA,NA
1856-03-13 07:00:00,-11.11,337.5,990.52,-12.78,5,NA
1856-03-13 12:00:00,NA,337.5,NA,NA,NA,NA
1856-03-13 14:00:00,-8.89,NA,989.84,-6.67,11,",bkn"
1856-03-13 21:00:00,-3.33,0,996.28,-2.22,11,NA
1856-03-14,NA,NA,NA,NA,NA,NA
1856-03-14 07:00:00,-1.67,NA,1014.9,-2.78,1,",skc"
1856-03-14 12:00:00,NA,0,NA,NA,NA,NA
1856-03-14 14:00:00,3.33,NA,1016.26,2.22,2,",skc"
1856-03-14 21:00:00,5,0,1015.92,4.44,2,",skc"
1856-03-15,NA,NA,NA,NA,NA,NA
1856-03-15 07:00:00,-1.11,NA,1016.26,1.11,0,NA
1856-03-15 12:00:00,NA,315,NA,NA,NA,NA
1856-03-15 14:00:00,3.33,NA,1014.22,2.78,2,",skc"
1856-03-15 21:00:00,5,270,1011.85,3.33,1,NA
1856-03-16,NA,NA,NA,NA,NA,NA
1856-03-16 07:00:00,-1.11,315,1010.84,-2.22,2,NA
1856-03-16 12:00:00,NA,337.5,NA,NA,NA,NA
1856-03-16 14:00:00,0,NA,1008.47,0.56,5,NA
1856-03-16 21:00:00,0.56,337.5,1008.13,1.11,5,NA
1856-03-17,NA,NA,NA,NA,NA,NA
1856-03-17 07:00:00,-2.78,337.5,1009.48,-2.22,11,",br"
1856-03-17 12:00:00,NA,NA,NA,NA,NA,NA
1856-03-17 14:00:00,-1.67,NA,1009.48,0,11,NA
1856-03-17 21:00:00,-1.11,0,1009.82,-0.56,11,",br"
1856-03-18,NA,NA,NA,NA,NA,NA
1856-03-18 07:00:00,-3.33,337.5,1016.26,-4.44,5,",skc"
1856-03-18 12:00:00,NA,315,NA,NA,NA,NA
1856-03-18 14:00:00,-1.67,NA,1015.92,-1.11,5,",skc"
1856-03-18 21:00:00,-1.11,315,1015.92,-1.67,11,",skc"
1856-03-19,NA,NA,NA,NA,NA,NA
1856-03-19 07:00:00,-3.33,270,1020.66,-6.67,2,",skc"
1856-03-19 12:00:00,NA,0,NA,NA,NA,NA
1856-03-19 14:00:00,-1.11,NA,1017.95,-1.67,5,",skc"
1856-03-19 21:00:00,0.56,0,1014.9,0.56,2,",skc"
1856-03-20,NA,NA,NA,NA,NA,NA
1856-03-20 07:00:00,-2.78,0,1010.16,-3.33,2,",br"
1856-03-20 12:00:00,NA,135,NA,NA,NA,NA
1856-03-20 14:00:00,-0.56,NA,1010.84,0,1,",br"
1856-03-20 21:00:00,1.11,NA,1010.16,0,0,",br"
1856-03-21,NA,NA,NA,NA,NA,NA
1856-03-21 07:00:00,1.11,315,1011.85,0.56,1,",br"
1856-03-21 12:00:00,NA,NA,NA,NA,NA,NA
1856-03-21 14:00:00,2.22,NA,1012.19,3.33,0,NA
1856-03-21 21:00:00,4.44,225,1013.55,3.89,2,",br"
1856-03-22,NA,NA,NA,NA,NA,NA
1856-03-22 07:00:00,1.11,180,1016.26,0.56,2,NA
1856-03-22 12:00:00,NA,180,NA,NA,NA,NA
1856-03-22 14:00:00,2.22,NA,1016.26,2.22,2,",br"
1856-03-22 21:00:00,2.22,157.5,1015.92,2.22,5,NA
1856-03-23,NA,NA,NA,NA,NA,NA
1856-03-23 07:00:00,-1.67,45,1011.18,-2.22,5,NA
1856-03-23 12:00:00,NA,67.5,NA,NA,NA,NA
1856-03-23 14:00:00,-0.56,NA,1006.77,0.56,16,NA
1856-03-23 21:00:00,-0.56,67.5,1004.4,0,16,",sn"
1856-03-24,NA,NA,NA,NA,NA,NA
1856-03-24 07:00:00,-2.22,0,1007.11,-3.33,20,",br"
1856-03-24 12:00:00,NA,0,NA,NA,NA,NA
1856-03-24 14:00:00,-1.11,NA,1008.13,-1.11,16,",skc"
1856-03-24 21:00:00,0,0,1008.47,0,11,",skc"
1856-03-25,NA,NA,NA,NA,NA,NA
1856-03-25 07:00:00,-2.22,45,1009.14,-1.11,1,",skc"
1856-03-25 12:00:00,NA,337.5,NA,NA,NA,NA
1856-03-25 14:00:00,0.56,NA,1006.43,0,2,",skc"
1856-03-25 21:00:00,1.67,22.5,1003.73,0.56,11,",skc"
1856-03-26,NA,NA,NA,NA,NA,NA
1856-03-26 07:00:00,-1.11,0,998.98,-3.89,2,",skc"
1856-03-26 12:00:00,NA,0,NA,NA,NA,NA
1856-03-26 14:00:00,-0.56,NA,996.28,0,5,NA
1856-03-26 21:00:00,2.22,315,994.58,0.56,2,",skc"
1856-03-27,NA,NA,NA,NA,NA,NA
1856-03-27 07:00:00,1.11,315,996.95,-1.11,2,NA
1856-03-27 12:00:00,NA,337.5,NA,NA,NA,NA
1856-03-27 14:00:00,0,NA,998.31,0,11,",skc"
1856-03-27 21:00:00,2.78,315,998.98,0,11,",skc"
1856-03-28,NA,NA,NA,NA,NA,NA
1856-03-28 07:00:00,-2.22,0,998.31,-2.22,1,",br"
1856-03-28 12:00:00,NA,270,NA,NA,NA,NA
1856-03-28 14:00:00,0,NA,994.24,0.56,5,",skc"
1856-03-28 21:00:00,2.78,270,993.23,1.67,11,NA
1856-03-29,NA,NA,NA,NA,NA,NA
1856-03-29 07:00:00,-2.78,247.5,994.58,-3.33,2,NA
1856-03-29 12:00:00,NA,270,NA,NA,NA,NA
1856-03-29 14:00:00,-1.11,NA,995.26,0.56,5,NA
1856-03-29 21:00:00,1.11,315,995.6,0.56,2,NA
1856-03-30,NA,NA,NA,NA,NA,NA
1856-03-30 07:00:00,-1.67,315,1003.73,-0.56,2,",br"
1856-03-30 12:00:00,NA,NA,NA,NA,NA,NA
1856-03-30 14:00:00,1.67,NA,1004.74,3.33,0,",skc"
1856-03-30 21:00:00,4.44,0,1006.43,3.33,1,",skc"
1856-03-31,NA,NA,NA,NA,NA,NA
1856-03-31 07:00:00,-0.56,45,1016.26,-0.56,5,",br"
1856-03-31 12:00:00,NA,45,NA,NA,NA,NA
1856-03-31 14:00:00,1.11,NA,1018.29,1.11,5,",br"
1856-03-31 21:00:00,2.22,45,1018.96,2.78,11,",skc"
1856-04-01,NA,NA,NA,NA,NA,NA
1856-04-01 07:00:00,-0.56,45,1025.06,-1.67,1,",skc"
1856-04-01 12:00:00,NA,292.5,NA,NA,NA,NA
1856-04-01 14:00:00,1.11,NA,1027.43,0.56,2,",skc"
1856-04-01 21:00:00,3.33,22.5,1022.69,3.33,2,",skc"
1856-04-02,NA,NA,NA,NA,NA,NA
1856-04-02 07:00:00,1.11,315,1025.06,-0.56,2,",skc"
1856-04-02 12:00:00,NA,270,NA,NA,NA,NA
1856-04-02 14:00:00,5,NA,1025.06,1.11,2,",skc"
1856-04-02 21:00:00,7.78,270,1023.03,3.33,2,",skc"
1856-04-03,NA,NA,NA,NA,NA,NA
1856-04-03 07:00:00,2.22,225,1021.33,0.56,1,",br"
1856-04-03 12:00:00,NA,225,NA,NA,NA,NA
1856-04-03 14:00:00,3.33,NA,1020.66,2.78,2,",br"
1856-04-03 21:00:00,6.67,247.5,1019.98,5.56,2,",br"
1856-04-04,NA,NA,NA,NA,NA,NA
1856-04-04 07:00:00,5.56,202.5,1014.9,4.44,5,",ra"
1856-04-04 12:00:00,NA,225,NA,NA,NA,NA
1856-04-04 14:00:00,6.11,NA,1014.56,5.56,5,",ra"
1856-04-04 21:00:00,5.56,225,1013.21,5.56,2,",fg"
1856-04-05,NA,NA,NA,NA,NA,NA
1856-04-05 07:00:00,2.78,45,1012.87,2.22,2,",fg"
1856-04-05 12:00:00,NA,157.5,NA,NA,NA,NA
1856-04-05 14:00:00,4.44,NA,1013.21,3.89,2,",fg"
1856-04-05 21:00:00,4.44,157.5,1011.85,4.44,5,",ra"
1856-04-06,NA,NA,NA,NA,NA,NA
1856-04-06 07:00:00,2.22,NA,1012.53,2.22,0,NA
1856-04-06 12:00:00,NA,45,NA,NA,NA,NA
1856-04-06 14:00:00,2.78,NA,1011.51,2.78,1,",bkn"
1856-04-06 21:00:00,3.33,45,1007.45,2.78,5,",ra"
1856-04-07,NA,NA,NA,NA,NA,NA
1856-04-07 07:00:00,1.11,22.5,1006.77,1.67,20,NA
1856-04-07 12:00:00,NA,0,NA,NA,NA,NA
1856-04-07 14:00:00,2.78,NA,1010.5,2.78,20,NA
1856-04-07 21:00:00,3.89,337.5,1014.22,3.89,11,",skc"
1856-04-08,NA,NA,NA,NA,NA,NA
1856-04-08 07:00:00,3.89,337.5,1021,2.78,1,",skc"
1856-04-08 12:00:00,NA,315,NA,NA,NA,NA
1856-04-08 14:00:00,7.78,NA,1021,6.67,2,",skc"
1856-04-08 21:00:00,11.11,315,1020.66,10,5,",skc"
1856-04-09,NA,NA,NA,NA,NA,NA
1856-04-09 07:00:00,7.78,0,1029.46,7.78,2,",skc"
1856-04-09 12:00:00,NA,337.5,NA,NA,NA,NA
1856-04-09 14:00:00,10,NA,1029.46,8.33,1,",skc"
1856-04-09 21:00:00,10,225,1028.11,7.78,2,",skc"
1856-04-10,NA,NA,NA,NA,NA,NA
1856-04-10 07:00:00,5.56,135,1017.95,4.44,1,NA
1856-04-10 12:00:00,NA,225,NA,NA,NA,NA
1856-04-10 14:00:00,5,NA,1012.53,2.22,5,",ra"
1856-04-10 21:00:00,5,315,1008.13,2.78,5,NA
1856-04-11,NA,NA,NA,NA,NA,NA
1856-04-11 07:00:00,-0.56,22.5,1015.92,-1.11,20,NA
1856-04-11 12:00:00,NA,337.5,NA,NA,NA,NA
1856-04-11 14:00:00,0,NA,1015.92,1.67,16,",skc"
1856-04-11 21:00:00,3.33,337.5,1015.24,3.33,16,",skc"
1856-04-12,NA,NA,NA,NA,NA,NA
1856-04-12 07:00:00,3.33,270,1013.21,3.33,2,",skc"
1856-04-12 12:00:00,NA,180,NA,NA,NA,NA
1856-04-12 14:00:00,6.67,NA,1009.48,5,16,",skc"
1856-04-12 21:00:00,6.11,202.5,1002.71,4.44,2,NA
1856-04-13,NA,NA,NA,NA,NA,NA
1856-04-13 07:00:00,0,22.5,1013.55,-3.89,16,NA
1856-04-13 12:00:00,NA,22.5,NA,NA,NA,NA
1856-04-13 14:00:00,0.56,NA,1014.22,-0.56,5,",skc"
1856-04-13 21:00:00,2.22,270,1013.88,1.67,5,",skc"
1856-04-14,NA,NA,NA,NA,NA,NA
1856-04-14 07:00:00,0,337.5,1020.66,-1.11,5,",skc"
1856-04-14 12:00:00,NA,247.5,NA,NA,NA,NA
1856-04-14 14:00:00,5.56,NA,1019.64,3.33,11,",skc"
1856-04-14 21:00:00,5.56,225,1018.63,4.44,16,",skc"
1856-04-15,NA,NA,NA,NA,NA,NA
1856-04-15 07:00:00,2.22,NA,1014.9,1.67,0,",skc"
1856-04-15 12:00:00,NA,247.5,NA,NA,NA,NA
1856-04-15 14:00:00,5.56,NA,1013.55,6.67,1,",skc"
1856-04-15 21:00:00,7.78,135,1012.87,8.89,1,",skc"
1856-04-16,NA,NA,NA,NA,NA,NA
1856-04-16 07:00:00,2.22,0,1024.38,-2.22,11,",skc"
1856-04-16 12:00:00,NA,45,NA,NA,NA,NA
1856-04-16 14:00:00,4.44,NA,1025.4,1.67,5,",skc"
1856-04-16 21:00:00,6.11,225,1024.38,4.44,11,",skc"
1856-04-17,NA,NA,NA,NA,NA,NA
1856-04-17 07:00:00,3.33,225,1018.63,1.67,5,",br"
1856-04-17 12:00:00,NA,225,NA,NA,NA,NA
1856-04-17 14:00:00,4.44,NA,1014.22,4.44,5,",bkn"
1856-04-17 21:00:00,4.44,225,1009.82,4.44,5,NA
1856-04-18,NA,NA,NA,NA,NA,NA
1856-04-18 07:00:00,2.22,45,1003.73,1.67,2,",sn"
1856-04-18 12:00:00,NA,45,NA,NA,NA,NA
1856-04-18 14:00:00,2.22,NA,1004.74,2.22,2,",sn"
1856-04-18 21:00:00,2.78,337.5,1006.77,3.33,1,",bkn"
1856-04-19,NA,NA,NA,NA,NA,NA
1856-04-19 07:00:00,2.22,22.5,1015.92,1.67,2,NA
1856-04-19 12:00:00,NA,225,NA,NA,NA,NA
1856-04-19 14:00:00,7.78,NA,1016.93,7.22,5,",skc"
1856-04-19 21:00:00,9.44,337.5,1016.93,9.44,11,",br"
1856-04-20,NA,NA,NA,NA,NA,NA
1856-04-20 07:00:00,3.33,45,1021.67,1.11,1,",br"
1856-04-20 12:00:00,NA,135,NA,NA,NA,NA
1856-04-20 14:00:00,5,NA,1023.37,4.44,2,",br"
1856-04-20 21:00:00,6.67,247.5,1024.04,5.56,2,",br"
1856-04-21,NA,NA,NA,NA,NA,NA
1856-04-21 07:00:00,3.33,45,1026.08,1.67,2,",br"
1856-04-21 12:00:00,NA,90,NA,NA,NA,NA
1856-04-21 14:00:00,3.89,NA,1024.72,3.89,11,",br"
1856-04-21 21:00:00,5,135,1023.37,3.89,5,",ra"
1856-04-22,NA,NA,NA,NA,NA,NA
1856-04-22 07:00:00,3.89,135,1017.95,3.89,2,",fg"
1856-04-22 12:00:00,NA,180,NA,NA,NA,NA
1856-04-22 14:00:00,4.44,NA,1017.95,4.44,5,",fg"
1856-04-22 21:00:00,4.44,180,1017.95,4.44,5,",fg"
1856-04-23,NA,NA,NA,NA,NA,NA
1856-04-23 07:00:00,6.11,247.5,1014.56,5.56,2,NA
1856-04-23 12:00:00,NA,270,NA,NA,NA,NA
1856-04-23 14:00:00,8.89,NA,1014.22,10,2,",skc"
1856-04-23 21:00:00,11.11,292.5,1014.56,10.56,2,",skc"
1856-04-24,NA,NA,NA,NA,NA,NA
1856-04-24 07:00:00,8.33,NA,1019.64,8.89,0,",skc"
1856-04-24 12:00:00,NA,NA,NA,NA,NA,NA
1856-04-24 14:00:00,10,NA,1019.64,12.22,0,",skc"
1856-04-24 21:00:00,13.89,135,1019.64,14.44,1,NA
1856-04-25,NA,NA,NA,NA,NA,NA
1856-04-25 07:00:00,7.78,135,1021,7.78,5,",br"
1856-04-25 12:00:00,NA,45,NA,NA,NA,NA
1856-04-25 14:00:00,8.89,NA,1023.03,9.44,5,NA
1856-04-25 21:00:00,8.33,45,1023.71,7.78,5,NA
1856-04-26,NA,NA,NA,NA,NA,NA
1856-04-26 07:00:00,3.89,22.5,1028.78,3.89,5,NA
1856-04-26 12:00:00,NA,22.5,NA,NA,NA,NA
1856-04-26 14:00:00,7.78,NA,1028.78,8.89,11,",skc"
1856-04-26 21:00:00,8.89,202.5,1029.8,10.56,2,",skc"
1856-04-27,NA,NA,NA,NA,NA,NA
1856-04-27 07:00:00,3.89,247.5,1026.08,3.33,2,",skc"
1856-04-27 12:00:00,NA,270,NA,NA,NA,NA
1856-04-27 14:00:00,10,NA,1025.06,10,5,",skc"
1856-04-27 21:00:00,10,NA,1022.69,10,11,",skc"
1856-04-28,NA,NA,NA,NA,NA,NA
1856-04-28 07:00:00,6.11,45,1021.67,7.22,2,NA
1856-04-28 12:00:00,NA,45,NA,NA,NA,NA
1856-04-28 14:00:00,6.67,NA,1022.01,7.78,5,NA
1856-04-28 21:00:00,7.78,180,1023.03,7.22,1,",bkn"
1856-04-29,NA,NA,NA,NA,NA,NA
1856-04-29 07:00:00,2.78,247.5,1024.04,2.78,2,",ra"
1856-04-29 12:00:00,NA,135,NA,NA,NA,NA
1856-04-29 14:00:00,3.33,NA,1020.32,3.33,5,",ra"
1856-04-29 21:00:00,2.22,135,1017.27,1.67,5,",ra"
1856-04-30,NA,NA,NA,NA,NA,NA
1856-04-30 07:00:00,2.22,45,1021.33,1.67,16,NA
1856-04-30 12:00:00,NA,45,NA,NA,NA,NA
1856-04-30 14:00:00,3.33,NA,1023.71,1.67,16,NA
1856-04-30 21:00:00,3.33,45,1024.72,2.78,16,NA
1856-05-01,NA,NA,NA,NA,NA,NA
1856-05-01 07:00:00,3.33,22.5,1023.03,2.22,5,",skc"
1856-05-01 12:00:00,NA,0,NA,NA,NA,NA
1856-05-01 14:00:00,6.67,NA,1020.32,9.44,16,",skc"
1856-05-01 21:00:00,8.33,0,1017.61,10,20,",skc"
1856-05-02,NA,NA,NA,NA,NA,NA
1856-05-02 07:00:00,3.33,337.5,1023.37,1.67,2,",skc"
1856-05-02 12:00:00,NA,0,NA,NA,NA,NA
1856-05-02 14:00:00,5.56,NA,1021.67,5.56,2,",br"
1856-05-02 21:00:00,6.11,0,1019.98,7.22,2,",br"
1856-05-03,NA,NA,NA,NA,NA,NA
1856-05-03 07:00:00,4.44,0,1014.56,3.89,2,",skc"
1856-05-03 12:00:00,NA,337.5,NA,NA,NA,NA
1856-05-03 14:00:00,6.67,NA,1013.55,7.22,2,",skc"
1856-05-03 21:00:00,7.22,337.5,1013.21,7.78,1,NA
1856-05-04,NA,NA,NA,NA,NA,NA
1856-05-04 07:00:00,4.44,225,1012.53,6.11,2,",skc"
1856-05-04 12:00:00,NA,180,NA,NA,NA,NA
1856-05-04 14:00:00,7.78,NA,1012.53,8.89,2,",skc"
1856-05-04 21:00:00,9.44,315,1013.55,10,2,",skc"
1856-05-05,NA,NA,NA,NA,NA,NA
1856-05-05 07:00:00,3.89,0,1014.22,1.67,5,",sn"
1856-05-05 12:00:00,NA,22.5,NA,NA,NA,NA
1856-05-05 14:00:00,3.33,NA,1014.22,3.89,5,",ra"
1856-05-05 21:00:00,4.44,45,1016.26,3.33,5,",ra"
1856-05-06,NA,NA,NA,NA,NA,NA
1856-05-06 07:00:00,3.33,22.5,1019.3,3.89,16,",skc"
1856-05-06 12:00:00,NA,45,NA,NA,NA,NA
1856-05-06 14:00:00,4.44,NA,1019.3,6.11,20,",skc"
1856-05-06 21:00:00,5.56,22.5,1019.98,7.22,16,NA
1856-05-07,NA,NA,NA,NA,NA,NA
1856-05-07 07:00:00,5,22.5,1019.98,7.22,16,",skc"
1856-05-07 12:00:00,NA,22.5,NA,NA,NA,NA
1856-05-07 14:00:00,7.22,NA,1019.98,10,16,",skc"
1856-05-07 21:00:00,8.89,22.5,1020.32,11.11,5,",skc"
1856-05-08,NA,NA,NA,NA,NA,NA
1856-05-08 07:00:00,6.11,45,1023.37,7.22,1,",skc"
1856-05-08 12:00:00,NA,225,NA,NA,NA,NA
1856-05-08 14:00:00,9.44,NA,1023.03,10,5,",skc"
1856-05-08 21:00:00,8.89,270,1023.37,10,2,",skc"
1856-05-09,NA,NA,NA,NA,NA,NA
1856-05-09 07:00:00,4.44,180,1024.04,4.44,5,",br"
1856-05-09 12:00:00,NA,135,NA,NA,NA,NA
1856-05-09 14:00:00,6.67,NA,1023.03,9.44,5,",skc"
1856-05-09 21:00:00,5.56,180,1021.67,7.22,5,NA
1856-05-10,NA,NA,NA,NA,NA,NA
1856-05-10 07:00:00,6.67,180,1013.55,5.56,11,",ra"
1856-05-10 12:00:00,NA,202.5,NA,NA,NA,NA
1856-05-10 14:00:00,6.11,NA,1012.87,6.11,5,NA
1856-05-10 21:00:00,6.11,225,1013.21,6.11,2,",fg"
1856-05-11,NA,NA,NA,NA,NA,NA
1856-05-11 07:00:00,7.22,157.5,1003.39,7.78,2,",fg"
1856-05-11 12:00:00,NA,225,NA,NA,NA,NA
1856-05-11 14:00:00,8.33,NA,1006.1,10.56,2,",skc"
1856-05-11 21:00:00,10,247.5,1006.77,10,5,",skc"
1856-05-12,NA,NA,NA,NA,NA,NA
1856-05-12 07:00:00,5.56,NA,1008.47,4.44,0,",bkn"
1856-05-12 12:00:00,NA,315,NA,NA,NA,NA
1856-05-12 14:00:00,8.33,NA,1009.82,11.67,5,NA
1856-05-12 21:00:00,10,270,1011.18,12.78,5,NA
1856-05-13,NA,NA,NA,NA,NA,NA
1856-05-13 07:00:00,6.67,45,1021,7.22,5,NA
1856-05-13 12:00:00,NA,45,NA,NA,NA,NA
1856-05-13 14:00:00,8.89,NA,1024.04,10,5,NA
1856-05-13 21:00:00,11.11,0,1025.06,12.78,2,",skc"
1856-05-14,NA,NA,NA,NA,NA,NA
1856-05-14 07:00:00,8.33,247.5,1033.53,12.22,2,",skc"
1856-05-14 12:00:00,NA,247.5,NA,NA,NA,NA
1856-05-14 14:00:00,11.11,NA,1034.2,12.78,2,",skc"
1856-05-14 21:00:00,13.33,247.5,1033.53,13.33,11,",skc"
1856-05-15,NA,NA,NA,NA,NA,NA
1856-05-15 07:00:00,8.89,225,1032.85,8.89,2,",skc"
1856-05-15 12:00:00,NA,225,NA,NA,NA,NA
1856-05-15 14:00:00,12.22,NA,1031.49,13.33,5,",skc"
1856-05-15 21:00:00,13.89,247.5,1030.48,15,11,",skc"
1856-05-16,NA,NA,NA,NA,NA,NA
1856-05-16 07:00:00,10,225,1024.72,10,1,",skc"
1856-05-16 12:00:00,NA,225,NA,NA,NA,NA
1856-05-16 14:00:00,14.44,NA,1023.03,17.78,2,",skc"
1856-05-16 21:00:00,17.22,270,1021.67,18.89,11,",skc"
1856-05-17,NA,NA,NA,NA,NA,NA
1856-05-17 07:00:00,11.11,22.5,1023.71,10.56,2,",bkn"
1856-05-17 12:00:00,NA,225,NA,NA,NA,NA
1856-05-17 14:00:00,12.22,NA,1024.38,12.22,1,",ra"
1856-05-17 21:00:00,12.22,180,1024.72,12.22,2,",bkn"
1856-05-18,NA,NA,NA,NA,NA,NA
1856-05-18 07:00:00,6.67,180,1024.38,6.67,5,NA
1856-05-18 12:00:00,NA,202.5,NA,NA,NA,NA
1856-05-18 14:00:00,7.22,NA,1024.04,8.33,5,",fg"
1856-05-18 21:00:00,8.89,180,1022.69,9.44,2,",fg"
1856-05-19,NA,NA,NA,NA,NA,NA
1856-05-19 07:00:00,8.89,180,1016.93,10.56,1,",fg"
1856-05-19 12:00:00,NA,135,NA,NA,NA,NA
1856-05-19 14:00:00,11.11,NA,1014.22,13.33,2,",ra"
1856-05-19 21:00:00,12.78,135,1011.51,12.22,2,",ra"
1856-05-20,NA,NA,NA,NA,NA,NA
1856-05-20 07:00:00,11.67,315,1009.14,13.33,2,NA
1856-05-20 12:00:00,NA,225,NA,NA,NA,NA
1856-05-20 14:00:00,14.44,NA,1009.48,15.56,1,NA
1856-05-20 21:00:00,13.33,157.5,1008.47,13.33,5,",ra"
1856-05-21,NA,NA,NA,NA,NA,NA
1856-05-21 07:00:00,9.44,22.5,1006.43,10.56,1,NA
1856-05-21 12:00:00,NA,315,NA,NA,NA,NA
1856-05-21 14:00:00,11.11,NA,1006.77,12.22,1,",ra"
1856-05-21 21:00:00,11.67,22.5,1007.11,10.56,5,",bkn"
1856-05-22,NA,NA,NA,NA,NA,NA
1856-05-22 07:00:00,6.67,22.5,1012.53,7.22,5,NA
1856-05-22 12:00:00,NA,0,NA,NA,NA,NA
1856-05-22 14:00:00,6.67,NA,1012.87,7.78,11,NA
1856-05-22 21:00:00,7.22,0,1013.55,7.78,16,",skc"
1856-05-23,NA,NA,NA,NA,NA,NA
1856-05-23 07:00:00,7.78,0,1015.92,11.67,11,",skc"
1856-05-23 12:00:00,NA,337.5,NA,NA,NA,NA
1856-05-23 14:00:00,10.56,NA,1017.95,14.44,5,",skc"
1856-05-23 21:00:00,12.78,337.5,1018.63,12.22,2,",skc"
1856-05-24,NA,NA,NA,NA,NA,NA
1856-05-24 07:00:00,7.78,135,1022.69,10,11,NA
1856-05-24 12:00:00,NA,180,NA,NA,NA,NA
1856-05-24 14:00:00,8.89,NA,1022.69,11.11,11,",bkn"
1856-05-24 21:00:00,8.89,180,1021.33,10,11,NA
1856-05-25,NA,NA,NA,NA,NA,NA
1856-05-25 07:00:00,5.56,157.5,1012.53,6.11,16,",dz"
1856-05-25 12:00:00,NA,157.5,NA,NA,NA,NA
1856-05-25 14:00:00,5,NA,1010.5,5,16,",ra"
1856-05-25 21:00:00,5.56,157.5,1009.14,6.11,11,",ra"
1856-05-26,NA,NA,NA,NA,NA,NA
1856-05-26 07:00:00,4.44,157.5,1007.11,4.44,11,",ra"
1856-05-26 12:00:00,NA,157.5,NA,NA,NA,NA
1856-05-26 14:00:00,5,NA,1007.11,5.56,2,",ra"
1856-05-26 21:00:00,5.56,135,1005.76,5.56,2,",ra"
1856-05-27,NA,NA,NA,NA,NA,NA
1856-05-27 07:00:00,3.33,0,1002.37,3.89,5,",ra"
1856-05-27 12:00:00,NA,0,NA,NA,NA,NA
1856-05-27 14:00:00,4.44,NA,1005.08,6.67,20,NA
1856-05-27 21:00:00,7.78,0,1007.45,9.44,16,",skc"
1856-05-28,NA,NA,NA,NA,NA,NA
1856-05-28 07:00:00,7.78,270,1013.21,10,2,",skc"
1856-05-28 12:00:00,NA,270,NA,NA,NA,NA
1856-05-28 14:00:00,12.22,NA,1013.55,13.89,11,",skc"
1856-05-28 21:00:00,13.33,247.5,1011.85,14.44,5,",skc"
1856-05-29,NA,NA,NA,NA,NA,NA
1856-05-29 07:00:00,10,225,1002.37,10,1,NA
1856-05-29 12:00:00,NA,315,NA,NA,NA,NA
1856-05-29 14:00:00,13.89,NA,1006.77,17.22,5,",skc"
1856-05-29 21:00:00,15.56,292.5,1009.82,18.33,5,",skc"
1856-05-30,NA,NA,NA,NA,NA,NA
1856-05-30 07:00:00,8.89,225,1009.14,8.89,1,",ra"
1856-05-30 12:00:00,NA,135,NA,NA,NA,NA
1856-05-30 14:00:00,9.44,NA,1007.11,10,2,",ra"
1856-05-30 21:00:00,10.56,NA,1004.74,12.22,0,",bkn"
1856-05-31,NA,NA,NA,NA,NA,NA
1856-05-31 07:00:00,8.33,315,1008.13,9.44,2,NA
1856-05-31 12:00:00,NA,315,NA,NA,NA,NA
1856-05-31 14:00:00,9.44,NA,1009.82,10.56,11,",skc"
1856-05-31 21:00:00,11.11,315,1011.85,10.56,5,",skc"
1856-06-01,NA,NA,NA,NA,NA,NA
1856-06-01 07:00:00,9.44,0,1017.95,12.22,11,",skc"
1856-06-01 12:00:00,NA,337.5,NA,NA,NA,NA
1856-06-01 14:00:00,11.67,NA,1019.64,11.67,11,",skc"
1856-06-01 21:00:00,14.44,315,1020.66,15.56,2,",skc"
1856-06-02,NA,NA,NA,NA,NA,NA
1856-06-02 07:00:00,10,247.5,1025.4,13.33,2,NA
1856-06-02 12:00:00,NA,247.5,NA,NA,NA,NA
1856-06-02 14:00:00,13.89,NA,1025.4,16.11,5,NA
1856-06-02 21:00:00,15.56,270,1024.72,17.78,16,NA
1856-06-03,NA,NA,NA,NA,NA,NA
1856-06-03 07:00:00,11.67,270,1017.27,13.33,1,",br"
1856-06-03 12:00:00,NA,NA,NA,NA,NA,NA
1856-06-03 14:00:00,12.22,NA,1016.93,13.33,0,",br"
1856-06-03 21:00:00,14.44,270,1016.26,16.67,1,",skc"
1856-06-04,NA,NA,NA,NA,NA,NA
1856-06-04 07:00:00,12.22,225,1020.32,13.33,1,",skc"
1856-06-04 12:00:00,NA,225,NA,NA,NA,NA
1856-06-04 14:00:00,13.33,NA,1020.66,13.33,2,",skc"
1856-06-04 21:00:00,13.33,225,1020.66,12.78,2,",skc"
1856-06-05,NA,NA,NA,NA,NA,NA
1856-06-05 07:00:00,8.89,NA,1021.33,9.44,0,NA
1856-06-05 12:00:00,NA,45,NA,NA,NA,NA
1856-06-05 14:00:00,11.67,NA,1026.41,13.33,2,NA
1856-06-05 21:00:00,12.22,45,1027.43,12.78,5,",skc"
1856-06-06,NA,NA,NA,NA,NA,NA
1856-06-06 07:00:00,10,225,1035.22,10,1,",skc"
1856-06-06 12:00:00,NA,247.5,NA,NA,NA,NA
1856-06-06 14:00:00,12.22,NA,1034.88,12.78,2,",skc"
1856-06-06 21:00:00,12.22,247.5,1034.54,13.33,2,",skc"
1856-06-07,NA,NA,NA,NA,NA,NA
1856-06-07 07:00:00,8.89,180,1029.12,8.89,1,NA
1856-06-07 12:00:00,NA,45,NA,NA,NA,NA
1856-06-07 14:00:00,9.44,NA,1026.75,10,2,",ra"
1856-06-07 21:00:00,10,22.5,1022.69,9.44,5,",ra"
1856-06-08,NA,NA,NA,NA,NA,NA
1856-06-08 07:00:00,10.56,22.5,1016.93,12.22,2,NA
1856-06-08 12:00:00,NA,0,NA,NA,NA,NA
1856-06-08 14:00:00,15.56,NA,1018.29,19.44,2,",skc"
1856-06-08 21:00:00,18.33,0,1018.29,21.11,1,",skc"
1856-06-09,NA,NA,NA,NA,NA,NA
1856-06-09 07:00:00,13.33,180,1016.59,11.11,1,NA
1856-06-09 12:00:00,NA,180,NA,NA,NA,NA
1856-06-09 14:00:00,13.33,NA,1014.9,12.78,1,",fg"
1856-06-09 21:00:00,13.33,180,1011.85,11.11,1,",fg"
1856-06-10,NA,NA,NA,NA,NA,NA
1856-06-10 07:00:00,13.33,270,1011.85,15.56,1,",skc"
1856-06-10 12:00:00,NA,225,NA,NA,NA,NA
1856-06-10 14:00:00,17.78,NA,1012.53,20.56,1,",skc"
1856-06-10 21:00:00,19.44,225,1012.53,20.56,5,",skc"
1856-06-11,NA,NA,NA,NA,NA,NA
1856-06-11 07:00:00,15.56,NA,1020.66,20,0,",skc"
1856-06-11 12:00:00,NA,180,NA,NA,NA,NA
1856-06-11 14:00:00,16.67,NA,1021,19.44,5,",br"
1856-06-11 21:00:00,17.78,247.5,1021,20.56,2,",skc"
1856-06-12,NA,NA,NA,NA,NA,NA
1856-06-12 07:00:00,15.56,180,1023.37,17.22,2,",br"
1856-06-12 12:00:00,NA,225,NA,NA,NA,NA
1856-06-12 14:00:00,20,NA,1023.37,22.22,5,",skc"
1856-06-12 21:00:00,21.67,225,1023.37,22.78,5,",skc"
1856-06-13,NA,NA,NA,NA,NA,NA
1856-06-13 07:00:00,13.33,180,1023.03,12.78,2,",fg"
1856-06-13 12:00:00,NA,180,NA,NA,NA,NA
1856-06-13 14:00:00,14.44,NA,1021.67,15.56,2,NA
1856-06-13 21:00:00,14.44,180,1019.3,12.22,2,",ra"
1856-06-14,NA,NA,NA,NA,NA,NA
1856-06-14 07:00:00,15,180,1016.93,17.22,1,",br"
1856-06-14 12:00:00,NA,202.5,NA,NA,NA,NA
1856-06-14 14:00:00,18.89,NA,1017.61,21.11,1,",skc"
1856-06-14 21:00:00,21.11,292.5,1017.27,22.22,1,",skc"
1856-06-15,NA,NA,NA,NA,NA,NA
1856-06-15 07:00:00,15.56,225,1016.59,13.89,1,",fg"
1856-06-15 12:00:00,NA,180,NA,NA,NA,NA
1856-06-15 14:00:00,15.56,NA,1015.24,13.89,5,",ra"
1856-06-15 21:00:00,16.67,292.5,1014.56,17.78,1,NA
1856-06-16,NA,NA,NA,NA,NA,NA
1856-06-16 07:00:00,14.44,NA,1015.92,14.44,0,",fg"
1856-06-16 12:00:00,NA,225,NA,NA,NA,NA
1856-06-16 14:00:00,18.33,NA,1016.93,21.11,2,",skc"
1856-06-16 21:00:00,20.56,247.5,1017.27,21.11,2,",skc"
1856-06-17,NA,NA,NA,NA,NA,NA
1856-06-17 07:00:00,17.78,270,1023.03,18.89,1,",skc"
1856-06-17 12:00:00,NA,225,NA,NA,NA,NA
1856-06-17 14:00:00,20,NA,1023.37,21.11,2,",skc"
1856-06-17 21:00:00,19.44,247.5,1023.03,21.11,11,",skc"
1856-06-18,NA,NA,NA,NA,NA,NA
1856-06-18 07:00:00,18.33,NA,1021.67,21.67,0,",skc"
1856-06-18 12:00:00,NA,NA,NA,NA,NA,NA
1856-06-18 14:00:00,20,NA,1021.67,22.78,0,",skc"
1856-06-18 21:00:00,20.56,247.5,1022.01,23.89,2,",skc"
1856-06-19,NA,NA,NA,NA,NA,NA
1856-06-19 07:00:00,16.67,NA,1022.69,17.22,0,",skc"
1856-06-19 12:00:00,NA,225,NA,NA,NA,NA
1856-06-19 14:00:00,18.89,NA,1022.69,20.56,1,NA
1856-06-19 21:00:00,19.44,225,1022.69,18.89,1,",br"
1856-06-20,NA,NA,NA,NA,NA,NA
1856-06-20 07:00:00,16.67,180,1019.3,17.22,1,",br"
1856-06-20 12:00:00,NA,225,NA,NA,NA,NA
1856-06-20 14:00:00,20,NA,1019.3,21.67,2,",fg"
1856-06-20 21:00:00,21.11,247.5,1018.29,20.56,2,",fg"
1856-06-21,NA,NA,NA,NA,NA,NA
1856-06-21 07:00:00,17.78,225,1018.29,20.56,1,",br"
1856-06-21 12:00:00,NA,225,NA,NA,NA,NA
1856-06-21 14:00:00,21.11,NA,1018.63,23.89,2,",br"
1856-06-21 21:00:00,25,225,1018.63,22.78,1,",br"
1856-06-22,NA,NA,NA,NA,NA,NA
1856-06-22 07:00:00,22.22,270,1014.9,24.44,1,",skc"
1856-06-22 12:00:00,NA,315,NA,NA,NA,NA
1856-06-22 14:00:00,26.67,NA,1013.55,27.22,5,",skc"
1856-06-22 21:00:00,26.67,0,1012.87,26.11,5,",skc"
1856-06-23,NA,NA,NA,NA,NA,NA
1856-06-23 07:00:00,20,337.5,1016.59,20,5,",br"
1856-06-23 12:00:00,NA,0,NA,NA,NA,NA
1856-06-23 14:00:00,20.56,NA,1016.93,21.67,11,NA
1856-06-23 21:00:00,20,0,1018.63,20.56,11,",skc"
1856-06-24,NA,NA,NA,NA,NA,NA
1856-06-24 07:00:00,15,0,1022.01,15.56,2,",skc"
1856-06-24 12:00:00,NA,0,NA,NA,NA,NA
1856-06-24 14:00:00,17.78,NA,1022.69,18.89,5,",skc"
1856-06-24 21:00:00,17.22,315,1023.03,20,2,",skc"
1856-06-25,NA,NA,NA,NA,NA,NA
1856-06-25 07:00:00,15.56,157.5,1024.38,18.33,5,",skc"
1856-06-25 12:00:00,NA,157.5,NA,NA,NA,NA
1856-06-25 14:00:00,16.67,NA,1024.04,17.22,2,NA
1856-06-25 21:00:00,16.67,157.5,1024.04,17.22,5,",ra"
1856-06-26,NA,NA,NA,NA,NA,NA
1856-06-26 07:00:00,13.89,157.5,1020.32,13.89,1,NA
1856-06-26 12:00:00,NA,135,NA,NA,NA,NA
1856-06-26 14:00:00,15.56,NA,1018.29,17.22,2,NA
1856-06-26 21:00:00,16.11,135,1016.26,17.78,2,",ra"
1856-06-27,NA,NA,NA,NA,NA,NA
1856-06-27 07:00:00,14.44,315,1010.5,14.44,2,",ra"
1856-06-27 12:00:00,NA,NA,NA,NA,NA,NA
1856-06-27 14:00:00,15.56,NA,1010.5,17.22,0,",skc"
1856-06-27 21:00:00,19.44,337.5,1010.16,19.44,5,NA
1856-06-28,NA,NA,NA,NA,NA,NA
1856-06-28 07:00:00,16.67,0,1014.22,15.56,11,",skc"
1856-06-28 12:00:00,NA,0,NA,NA,NA,NA
1856-06-28 14:00:00,16.67,NA,1014.9,20.56,16,",br"
1856-06-28 21:00:00,18.33,0,1013.88,19.44,11,",br"
1856-06-29,NA,NA,NA,NA,NA,NA
1856-06-29 07:00:00,13.89,0,1006.77,12.78,1,",br"
1856-06-29 12:00:00,NA,337.5,NA,NA,NA,NA
1856-06-29 14:00:00,15.56,NA,1007.79,15.56,1,",ra"
1856-06-29 21:00:00,15.56,45,1009.48,15,1,",ra"
1856-06-30,NA,NA,NA,NA,NA,NA
1856-06-30 07:00:00,12.78,NA,1009.48,12.78,0,",fg"
1856-06-30 12:00:00,NA,180,NA,NA,NA,NA
1856-06-30 14:00:00,13.33,NA,1010.5,13.33,1,",fg"
1856-06-30 21:00:00,15,180,1011.18,13.89,2,NA
1856-07-01,NA,NA,NA,NA,NA,NA
1856-07-01 07:00:00,13.33,180,1001.02,13.33,2,",fg"
1856-07-01 12:00:00,NA,315,NA,NA,NA,NA
1856-07-01 14:00:00,15.56,NA,1000.68,17.22,16,NA
1856-07-01 21:00:00,15.56,0,1003.39,17.22,20,NA
1856-07-02,NA,NA,NA,NA,NA,NA
1856-07-02 07:00:00,14.44,0,1016.26,15.56,16,",skc"
1856-07-02 12:00:00,NA,337.5,NA,NA,NA,NA
1856-07-02 14:00:00,14.44,NA,1017.61,18.33,11,",skc"
1856-07-02 21:00:00,16.67,337.5,1019.98,21.11,5,",skc"
1856-07-03,NA,NA,NA,NA,NA,NA
1856-07-03 07:00:00,16.11,315,1023.03,19.44,1,",skc"
1856-07-03 12:00:00,NA,315,NA,NA,NA,NA
1856-07-03 14:00:00,19.44,NA,1023.03,21.11,2,",skc"
1856-07-03 21:00:00,18.89,270,1020.66,20.56,2,",skc"
1856-07-04,NA,NA,NA,NA,NA,NA
1856-07-04 07:00:00,16.11,225,1015.92,16.11,2,",ra"
1856-07-04 12:00:00,NA,225,NA,NA,NA,NA
1856-07-04 14:00:00,17.78,NA,1013.21,19.44,2,",bkn"
1856-07-04 21:00:00,17.22,NA,1011.51,17.22,0,",fg"
1856-07-05,NA,NA,NA,NA,NA,NA
1856-07-05 07:00:00,15.56,315,1014.9,16.67,2,",skc"
1856-07-05 12:00:00,NA,225,NA,NA,NA,NA
1856-07-05 14:00:00,18.89,NA,1017.27,21.11,2,",skc"
1856-07-05 21:00:00,20,225,1017.61,21.67,2,",skc"
1856-07-06,NA,NA,NA,NA,NA,NA
1856-07-06 07:00:00,16.67,225,1017.27,15.56,1,",fg"
1856-07-06 12:00:00,NA,225,NA,NA,NA,NA
1856-07-06 14:00:00,17.78,NA,1017.61,20.56,2,",skc"
1856-07-06 21:00:00,18.33,225,1018.63,21.11,2,",skc"
1856-07-07,NA,NA,NA,NA,NA,NA
1856-07-07 07:00:00,13.33,225,1021.33,12.78,2,",fg"
1856-07-07 12:00:00,NA,225,NA,NA,NA,NA
1856-07-07 14:00:00,13.89,NA,1022.69,17.22,2,",br"
1856-07-07 21:00:00,16.67,225,1023.37,18.33,2,NA
1856-07-08,NA,NA,NA,NA,NA,NA
1856-07-08 07:00:00,16.67,0,1027.43,18.89,1,",skc"
1856-07-08 12:00:00,NA,NA,NA,NA,NA,NA
1856-07-08 14:00:00,19.44,NA,1027.77,20.56,0,NA
1856-07-08 21:00:00,20,225,1027.77,21.67,2,",skc"
1856-07-09,NA,NA,NA,NA,NA,NA
1856-07-09 07:00:00,17.78,180,1030.82,18.33,1,NA
1856-07-09 12:00:00,NA,202.5,NA,NA,NA,NA
1856-07-09 14:00:00,20.56,NA,1030.82,21.11,2,",skc"
1856-07-09 21:00:00,20.56,225,1030.48,21.11,2,",skc"
1856-07-10,NA,NA,NA,NA,NA,NA
1856-07-10 07:00:00,15.56,225,1025.4,14.44,2,",fg"
1856-07-10 12:00:00,NA,157.5,NA,NA,NA,NA
1856-07-10 14:00:00,15.56,NA,1021.67,17.22,5,",br"
1856-07-10 21:00:00,16.67,157.5,1020.32,17.22,2,",fg"
1856-07-11,NA,NA,NA,NA,NA,NA
1856-07-11 07:00:00,14.44,22.5,1017.95,14.44,5,",br"
1856-07-11 12:00:00,NA,0,NA,NA,NA,NA
1856-07-11 14:00:00,16.67,NA,1018.63,20.56,5,",skc"
1856-07-11 21:00:00,21.11,337.5,1019.3,22.78,5,",skc"
1856-07-12,NA,NA,NA,NA,NA,NA
1856-07-12 07:00:00,19.44,315,1021.67,20.56,1,",skc"
1856-07-12 12:00:00,NA,315,NA,NA,NA,NA
1856-07-12 14:00:00,23.89,NA,1023.03,25.56,2,",skc"
1856-07-12 21:00:00,24.44,315,1023.37,21.11,1,",br"
1856-07-13,NA,NA,NA,NA,NA,NA
1856-07-13 07:00:00,16.67,225,1018.96,15,1,",fg"
1856-07-13 12:00:00,NA,225,NA,NA,NA,NA
1856-07-13 14:00:00,17.22,NA,1018.29,18.89,1,",bkn"
1856-07-13 21:00:00,18.89,225,1017.61,20,1,",fg"
1856-07-14,NA,NA,NA,NA,NA,NA
1856-07-14 07:00:00,18.89,NA,1018.96,20,0,",br"
1856-07-14 12:00:00,NA,202.5,NA,NA,NA,NA
1856-07-14 14:00:00,21.11,NA,1018.63,21.11,2,",br"
1856-07-14 21:00:00,21.11,225,1017.27,21.11,2,",skc"
1856-07-15,NA,NA,NA,NA,NA,NA
1856-07-15 07:00:00,20.56,NA,1016.26,21.11,0,",br"
1856-07-15 12:00:00,NA,NA,NA,NA,NA,NA
1856-07-15 14:00:00,22.22,NA,1014.22,22.22,0,",ra"
1856-07-15 21:00:00,21.11,NA,1012.19,18.33,0,",ra"
1856-07-16,NA,NA,NA,NA,NA,NA
1856-07-16 07:00:00,20,0,1014.22,20,2,",skc"
1856-07-16 12:00:00,NA,0,NA,NA,NA,NA
1856-07-16 14:00:00,20.56,NA,1015.24,25,11,",skc"
1856-07-16 21:00:00,22.78,0,1019.98,25.56,2,",skc"
1856-07-17,NA,NA,NA,NA,NA,NA
1856-07-17 07:00:00,20,22.5,1014.22,20.56,11,NA
1856-07-17 12:00:00,NA,22.5,NA,NA,NA,NA
1856-07-17 14:00:00,20,NA,1015.24,21.67,11,NA
1856-07-17 21:00:00,21.11,NA,1017.27,20.56,0,NA
1856-07-18,NA,NA,NA,NA,NA,NA
1856-07-18 07:00:00,15.56,180,1019.98,16.67,2,NA
1856-07-18 12:00:00,NA,180,NA,NA,NA,NA
1856-07-18 14:00:00,17.22,NA,1019.98,18.33,2,",br"
1856-07-18 21:00:00,17.78,180,1017.95,17.78,2,",br"
1856-07-19,NA,NA,NA,NA,NA,NA
1856-07-19 07:00:00,18.33,157.5,1008.81,18.89,1,NA
1856-07-19 12:00:00,NA,157.5,NA,NA,NA,NA
1856-07-19 14:00:00,20,NA,1008.47,22.78,2,",skc"
1856-07-19 21:00:00,22.22,202.5,1008.47,24.44,2,",skc"
1856-07-20,NA,NA,NA,NA,NA,NA
1856-07-20 07:00:00,19.44,270,1011.85,22.78,2,",skc"
1856-07-20 12:00:00,NA,225,NA,NA,NA,NA
1856-07-20 14:00:00,22.78,NA,1013.88,23.33,2,",skc"
1856-07-20 21:00:00,22.22,225,1014.22,22.22,2,",skc"
1856-07-21,NA,NA,NA,NA,NA,NA
1856-07-21 07:00:00,17.22,315,1021.33,17.22,1,NA
1856-07-21 12:00:00,NA,202.5,NA,NA,NA,NA
1856-07-21 14:00:00,18.89,NA,1022.69,21.11,5,",skc"
1856-07-21 21:00:00,21.11,202.5,1023.71,21.11,2,",skc"
1856-07-22,NA,NA,NA,NA,NA,NA
1856-07-22 07:00:00,20,NA,1028.45,18.33,0,",skc"
1856-07-22 12:00:00,NA,180,NA,NA,NA,NA
1856-07-22 14:00:00,22.22,NA,1028.45,22.22,1,",skc"
1856-07-22 21:00:00,23.33,225,1028.45,22.22,5,",skc"
1856-07-23,NA,NA,NA,NA,NA,NA
1856-07-23 07:00:00,20,NA,1027.77,17.78,0,",br"
1856-07-23 12:00:00,NA,315,NA,NA,NA,NA
1856-07-23 14:00:00,22.78,NA,1027.09,23.89,1,",skc"
1856-07-23 21:00:00,22.78,225,1026.41,23.89,1,",skc"
1856-07-24,NA,NA,NA,NA,NA,NA
1856-07-24 07:00:00,18.89,NA,1024.72,19.44,0,",br"
1856-07-24 12:00:00,NA,315,NA,NA,NA,NA
1856-07-24 14:00:00,22.22,NA,1023.71,22.78,1,",skc"
1856-07-24 21:00:00,24.44,225,1021.67,23.89,1,",skc"
1856-07-25,NA,NA,NA,NA,NA,NA
1856-07-25 07:00:00,21.67,NA,1016.59,21.11,0,",skc"
1856-07-25 12:00:00,NA,315,NA,NA,NA,NA
1856-07-25 14:00:00,27.78,NA,1015.58,29.44,1,",skc"
1856-07-25 21:00:00,27.78,315,1014.56,29.44,2,",skc"
1856-07-26,NA,NA,NA,NA,NA,NA
1856-07-26 07:00:00,24.44,315,1017.61,24.44,1,",skc"
1856-07-26 12:00:00,NA,22.5,NA,NA,NA,NA
1856-07-26 14:00:00,26.67,NA,1019.3,27.78,2,",skc"
1856-07-26 21:00:00,25.56,225,1021.33,25,1,",br"
1856-07-27,NA,NA,NA,NA,NA,NA
1856-07-27 07:00:00,20.56,292.5,1018.29,20.56,1,",ra"
1856-07-27 12:00:00,NA,292.5,NA,NA,NA,NA
1856-07-27 14:00:00,25,NA,1017.27,25,2,",skc"
1856-07-27 21:00:00,25.56,NA,1016.59,25.56,0,",skc"
1856-07-28,NA,NA,NA,NA,NA,NA
1856-07-28 07:00:00,22.22,NA,1018.29,20.56,0,",skc"
1856-07-28 12:00:00,NA,180,NA,NA,NA,NA
1856-07-28 14:00:00,23.89,NA,1019.3,23.89,1,",skc"
1856-07-28 21:00:00,23.33,180,1019.64,22.78,2,",skc"
1856-07-29,NA,NA,NA,NA,NA,NA
1856-07-29 07:00:00,21.11,180,1021.67,20.56,1,",br"
1856-07-29 12:00:00,NA,180,NA,NA,NA,NA
1856-07-29 14:00:00,23.33,NA,1022.01,22.78,2,",skc"
1856-07-29 21:00:00,23.33,180,1020.66,23.89,2,",br"
1856-07-30,NA,NA,NA,NA,NA,NA
1856-07-30 07:00:00,19.44,270,1019.64,17.22,1,",fg"
1856-07-30 12:00:00,NA,180,NA,NA,NA,NA
1856-07-30 14:00:00,21.11,NA,1019.98,21.11,5,",br"
1856-07-30 21:00:00,21.11,180,1019.64,22.22,2,",fg"
1856-07-31,NA,NA,NA,NA,NA,NA
1856-07-31 07:00:00,17.78,180,1021,17.22,1,",fg"
1856-07-31 12:00:00,NA,180,NA,NA,NA,NA
1856-07-31 14:00:00,18.89,NA,1022.01,20,2,",fg"
1856-07-31 21:00:00,19.44,180,1022.01,21.11,1,",fg"
1856-08-01,NA,NA,NA,NA,NA,NA
1856-08-01 07:00:00,18.33,NA,1026.41,18.33,0,",fg"
1856-08-01 12:00:00,NA,180,NA,NA,NA,NA
1856-08-01 14:00:00,20,NA,1026.75,22.22,2,",fg"
1856-08-01 21:00:00,22.22,180,1027.09,21.67,2,",fg"
1856-08-02,NA,NA,NA,NA,NA,NA
1856-08-02 07:00:00,19.44,NA,1026.75,17.78,0,",fg"
1856-08-02 12:00:00,NA,NA,NA,NA,NA,NA
1856-08-02 14:00:00,20.56,NA,1026.41,22.22,0,",br"
1856-08-02 21:00:00,22.22,180,1026.08,22.22,1,",br"
1856-08-03,NA,NA,NA,NA,NA,NA
1856-08-03 07:00:00,20.56,135,1023.37,20,2,",br"
1856-08-03 12:00:00,NA,180,NA,NA,NA,NA
1856-08-03 14:00:00,21.11,NA,1023.37,22.78,1,",br"
1856-08-03 21:00:00,22.22,180,1022.69,21.67,1,",br"
1856-08-04,NA,NA,NA,NA,NA,NA
1856-08-04 07:00:00,20.56,NA,1022.69,21.11,0,",br"
1856-08-04 12:00:00,NA,180,NA,NA,NA,NA
1856-08-04 14:00:00,23.89,NA,1022.01,23.89,2,",skc"
1856-08-04 21:00:00,24.44,180,1022.69,24.44,2,",skc"
1856-08-05,NA,NA,NA,NA,NA,NA
1856-08-05 07:00:00,22.78,NA,1021,23.89,0,NA
1856-08-05 12:00:00,NA,157.5,NA,NA,NA,NA
1856-08-05 14:00:00,25,NA,1022.69,30.56,5,",br"
1856-08-05 21:00:00,26.67,180,1021.67,27.22,11,",br"
1856-08-06,NA,NA,NA,NA,NA,NA
1856-08-06 07:00:00,20,180,1025.4,18.33,5,",skc"
1856-08-06 12:00:00,NA,180,NA,NA,NA,NA
1856-08-06 14:00:00,22.22,NA,1025.06,21.11,5,",skc"
1856-08-06 21:00:00,22.22,180,1025.06,21.11,5,",skc"
1856-08-07,NA,NA,NA,NA,NA,NA
1856-08-07 07:00:00,18.89,180,1025.06,18.33,16,",br"
1856-08-07 12:00:00,NA,180,NA,NA,NA,NA
1856-08-07 14:00:00,20,NA,1025.4,19.44,20,NA
1856-08-07 21:00:00,19.44,180,1024.38,18.33,16,NA
1856-08-08,NA,NA,NA,NA,NA,NA
1856-08-08 07:00:00,18.33,180,1026.41,17.78,2,",ra"
1856-08-08 12:00:00,NA,157.5,NA,NA,NA,NA
1856-08-08 14:00:00,18.89,NA,1027.09,19.44,2,NA
1856-08-08 21:00:00,19.44,180,1027.09,18.33,2,",skc"
1856-08-09,NA,NA,NA,NA,NA,NA
1856-08-09 07:00:00,18.89,180,1027.43,18.33,1,",ra"
1856-08-09 12:00:00,NA,180,NA,NA,NA,NA
1856-08-09 14:00:00,18.89,NA,1027.43,18.89,2,",ra"
1856-08-09 21:00:00,19.44,157.5,1027.09,20.56,11,NA
1856-08-10,NA,NA,NA,NA,NA,NA
1856-08-10 07:00:00,18.89,180,1023.71,18.33,1,",fg"
1856-08-10 12:00:00,NA,180,NA,NA,NA,NA
1856-08-10 14:00:00,19.44,NA,1023.03,20,1,",fg"
1856-08-10 21:00:00,20,180,1021.67,20,1,",fg"
1856-08-11,NA,NA,NA,NA,NA,NA
1856-08-11 07:00:00,19.44,225,1018.29,19.44,1,",br"
1856-08-11 12:00:00,NA,270,NA,NA,NA,NA
1856-08-11 14:00:00,22.78,NA,1017.27,23.89,2,NA
1856-08-11 21:00:00,24.44,225,1017.27,23.33,11,",skc"
1856-08-12,NA,NA,NA,NA,NA,NA
1856-08-12 07:00:00,21.11,225,1015.92,20.56,1,",br"
1856-08-12 12:00:00,NA,225,NA,NA,NA,NA
1856-08-12 14:00:00,22.22,NA,1015.92,22.78,1,NA
1856-08-12 21:00:00,23.89,225,1014.22,22.22,1,",bkn"
1856-08-13,NA,NA,NA,NA,NA,NA
1856-08-13 07:00:00,21.11,NA,1011.51,19.44,0,",br"
1856-08-13 12:00:00,NA,270,NA,NA,NA,NA
1856-08-13 14:00:00,23.33,NA,1011.51,24.44,2,",skc"
1856-08-13 21:00:00,25.56,270,1011.51,23.89,1,",skc"
1856-08-14,NA,NA,NA,NA,NA,NA
1856-08-14 07:00:00,21.11,270,1014.22,20,2,",skc"
1856-08-14 12:00:00,NA,315,NA,NA,NA,NA
1856-08-14 14:00:00,23.33,NA,1014.56,23.89,5,",skc"
1856-08-14 21:00:00,25,315,1014.56,25,2,",skc"
1856-08-15,NA,NA,NA,NA,NA,NA
1856-08-15 07:00:00,19.44,225,1016.26,18.89,1,",fg"
1856-08-15 12:00:00,NA,180,NA,NA,NA,NA
1856-08-15 14:00:00,22.22,NA,1016.26,21.67,2,",skc"
1856-08-15 21:00:00,24.44,315,1016.59,20,2,NA
1856-08-16,NA,NA,NA,NA,NA,NA
1856-08-16 07:00:00,21.11,180,1017.61,20,1,",br"
1856-08-16 12:00:00,NA,180,NA,NA,NA,NA
1856-08-16 14:00:00,22.22,NA,1017.95,21.11,5,",br"
1856-08-16 21:00:00,22.22,180,1018.63,21.67,1,",skc"
1856-08-17,NA,NA,NA,NA,NA,NA
1856-08-17 07:00:00,20,NA,1020.66,18.89,0,",skc"
1856-08-17 12:00:00,NA,NA,NA,NA,NA,NA
1856-08-17 14:00:00,22.78,NA,1021.33,22.78,0,",skc"
1856-08-17 21:00:00,23.33,NA,1023.03,20,0,",skc"
1856-08-18,NA,NA,NA,NA,NA,NA
1856-08-18 07:00:00,20.56,135,1024.38,19.44,2,",br"
1856-08-18 12:00:00,NA,180,NA,NA,NA,NA
1856-08-18 14:00:00,20.56,NA,1024.38,18.33,2,NA
1856-08-18 21:00:00,20.56,135,1024.04,20,5,NA
1856-08-19,NA,NA,NA,NA,NA,NA
1856-08-19 07:00:00,18.33,90,1024.04,17.78,1,NA
1856-08-19 12:00:00,NA,45,NA,NA,NA,NA
1856-08-19 14:00:00,20,NA,1024.04,18.89,2,NA
1856-08-19 21:00:00,20,157.5,1024.04,20,2,NA
1856-08-20,NA,NA,NA,NA,NA,NA
1856-08-20 07:00:00,18.33,0,1022.01,16.67,1,",br"
1856-08-20 12:00:00,NA,180,NA,NA,NA,NA
1856-08-20 14:00:00,21.11,NA,1021,23.33,1,",skc"
1856-08-20 21:00:00,22.22,157.5,1018.63,23.89,2,",skc"
1856-08-21,NA,NA,NA,NA,NA,NA
1856-08-21 07:00:00,16.67,135,1012.87,15,11,",ra"
1856-08-21 12:00:00,NA,135,NA,NA,NA,NA
1856-08-21 14:00:00,16.67,NA,1011.18,15,11,",ra"
1856-08-21 21:00:00,16.11,135,1010.5,14.44,5,",ra"
1856-08-22,NA,NA,NA,NA,NA,NA
1856-08-22 07:00:00,16.67,135,1006.43,15.56,2,",ra"
1856-08-22 12:00:00,NA,315,NA,NA,NA,NA
1856-08-22 14:00:00,16.67,NA,1006.1,16.11,2,",ra"
1856-08-22 21:00:00,17.22,315,1006.43,17.22,1,NA
1856-08-23,NA,NA,NA,NA,NA,NA
1856-08-23 07:00:00,15.56,337.5,1012.87,14.44,11,NA
1856-08-23 12:00:00,NA,0,NA,NA,NA,NA
1856-08-23 14:00:00,16.67,NA,1013.88,16.67,11,NA
1856-08-23 21:00:00,17.22,0,1015.24,17.78,5,NA
1856-08-24,NA,NA,NA,NA,NA,NA
1856-08-24 07:00:00,14.44,180,1016.93,14.44,2,",br"
1856-08-24 12:00:00,NA,180,NA,NA,NA,NA
1856-08-24 14:00:00,15.56,NA,1014.9,15.56,2,",ra"
1856-08-24 21:00:00,15.56,180,1012.87,14.44,11,",ra"
1856-08-25,NA,NA,NA,NA,NA,NA
1856-08-25 07:00:00,15.56,180,1004.4,15,1,",fg"
1856-08-25 12:00:00,NA,337.5,NA,NA,NA,NA
1856-08-25 14:00:00,16.11,NA,1005.08,16.11,1,",ra"
1856-08-25 21:00:00,17.78,337.5,1006.1,16.67,1,",ra"
1856-08-26,NA,NA,NA,NA,NA,NA
1856-08-26 07:00:00,16.11,0,1011.85,13.89,2,",skc"
1856-08-26 12:00:00,NA,315,NA,NA,NA,NA
1856-08-26 14:00:00,18.33,NA,1013.88,17.78,2,",skc"
1856-08-26 21:00:00,18.89,315,1015.92,18.33,16,",skc"
1856-08-27,NA,NA,NA,NA,NA,NA
1856-08-27 07:00:00,14.44,337.5,1023.71,12.22,2,",skc"
1856-08-27 12:00:00,NA,315,NA,NA,NA,NA
1856-08-27 14:00:00,16.11,NA,1024.38,15.56,2,NA
1856-08-27 21:00:00,16.67,315,1024.72,13.89,1,",skc"
1856-08-28,NA,NA,NA,NA,NA,NA
1856-08-28 07:00:00,15.56,NA,1029.12,13.33,0,",skc"
1856-08-28 12:00:00,NA,225,NA,NA,NA,NA
1856-08-28 14:00:00,17.78,NA,1029.46,16.67,2,NA
1856-08-28 21:00:00,20,225,1028.11,18.89,2,NA
1856-08-29,NA,NA,NA,NA,NA,NA
1856-08-29 07:00:00,15.56,225,1026.41,13.89,2,",br"
1856-08-29 12:00:00,NA,225,NA,NA,NA,NA
1856-08-29 14:00:00,17.78,NA,1025.74,16.11,5,",br"
1856-08-29 21:00:00,18.89,225,1023.37,18.33,5,",br"
1856-08-30,NA,NA,NA,NA,NA,NA
1856-08-30 07:00:00,18.33,225,1018.63,16.11,2,",ra"
1856-08-30 12:00:00,NA,225,NA,NA,NA,NA
1856-08-30 14:00:00,18.89,NA,1018.29,18.89,1,",br"
1856-08-30 21:00:00,18.33,247.5,1017.61,19.44,2,",ra"
1856-08-31,NA,NA,NA,NA,NA,NA
1856-08-31 07:00:00,15.56,315,1018.63,14.44,2,NA
1856-08-31 12:00:00,NA,0,NA,NA,NA,NA
1856-08-31 14:00:00,17.78,NA,1019.3,18.89,5,",skc"
1856-08-31 21:00:00,20,0,1019.64,20,5,",skc"
1856-09-01,NA,NA,NA,NA,NA,NA
1856-09-01 07:00:00,15.56,337.5,1025.4,12.78,11,",skc"
1856-09-01 12:00:00,NA,337.5,NA,NA,NA,NA
1856-09-01 14:00:00,16.67,NA,1025.06,18.33,5,",skc"
1856-09-01 21:00:00,17.78,337.5,1025.06,18.89,5,",skc"
1856-09-02,NA,NA,NA,NA,NA,NA
1856-09-02 07:00:00,13.89,337.5,1025.74,13.33,1,",br"
1856-09-02 12:00:00,NA,315,NA,NA,NA,NA
1856-09-02 14:00:00,16.67,NA,1025.4,18.33,2,",br"
1856-09-02 21:00:00,18.89,NA,1025.4,19.44,2,NA
1856-09-03,NA,NA,NA,NA,NA,NA
1856-09-03 07:00:00,13.89,45,1027.43,13.33,2,NA
1856-09-03 12:00:00,NA,22.5,NA,NA,NA,NA
1856-09-03 14:00:00,15.56,NA,1027.43,17.78,1,NA
1856-09-03 21:00:00,17.78,247.5,1027.09,17.78,2,NA
1856-09-04,NA,NA,NA,NA,NA,NA
1856-09-04 07:00:00,15.56,NA,1024.04,12.22,0,",br"
1856-09-04 12:00:00,NA,270,NA,NA,NA,NA
1856-09-04 14:00:00,20.56,NA,1026.08,20,2,",skc"
1856-09-04 21:00:00,22.78,247.5,1025.06,21.67,5,",skc"
1856-09-05,NA,NA,NA,NA,NA,NA
1856-09-05 07:00:00,18.89,0,1025.06,19.44,2,",br"
1856-09-05 12:00:00,NA,0,NA,NA,NA,NA
1856-09-05 14:00:00,21.67,NA,1026.08,25,5,",skc"
1856-09-05 21:00:00,22.22,0,1026.08,23.89,5,",skc"
1856-09-06,NA,NA,NA,NA,NA,NA
1856-09-06 07:00:00,18.89,315,1027.09,21.67,1,",br"
1856-09-06 12:00:00,NA,292.5,NA,NA,NA,NA
1856-09-06 14:00:00,21.11,NA,1026.75,23.89,1,",br"
1856-09-06 21:00:00,24.44,NA,1024.72,24.44,2,NA
1856-09-07,NA,NA,NA,NA,NA,NA
1856-09-07 07:00:00,18.33,337.5,1024.04,17.22,2,",sh"
1856-09-07 12:00:00,NA,0,NA,NA,NA,NA
1856-09-07 14:00:00,18.33,NA,1026.08,16.67,2,NA
1856-09-07 21:00:00,17.78,22.5,1028.45,15,2,NA
1856-09-08,NA,NA,NA,NA,NA,NA
1856-09-08 07:00:00,13.33,135,1030.82,12.78,2,NA
1856-09-08 12:00:00,NA,135,NA,NA,NA,NA
1856-09-08 14:00:00,15.56,NA,1030.14,17.22,11,NA
1856-09-08 21:00:00,16.67,135,1028.45,15.56,5,NA
1856-09-09,NA,NA,NA,NA,NA,NA
1856-09-09 07:00:00,16.67,247.5,1021.67,16.11,1,",ra"
1856-09-09 12:00:00,NA,337.5,NA,NA,NA,NA
1856-09-09 14:00:00,18.89,NA,1021,20,2,NA
1856-09-09 21:00:00,19.44,292.5,1021.33,17.22,5,NA
1856-09-10,NA,NA,NA,NA,NA,NA
1856-09-10 07:00:00,15.56,315,1025.4,11.67,1,",skc"
1856-09-10 12:00:00,NA,NA,NA,NA,NA,NA
1856-09-10 14:00:00,19.44,NA,1025.4,18.33,0,",skc"
1856-09-10 21:00:00,22.22,225,1025.06,18.33,2,NA
1856-09-11,NA,NA,NA,NA,NA,NA
1856-09-11 07:00:00,17.78,225,1018.63,17.78,11,",br"
1856-09-11 12:00:00,NA,225,NA,NA,NA,NA
1856-09-11 14:00:00,18.89,NA,1015.92,20,16,",br"
1856-09-11 21:00:00,20.56,292.5,1015.24,21.11,11,NA
1856-09-12,NA,NA,NA,NA,NA,NA
1856-09-12 07:00:00,20,292.5,1017.27,18.33,2,",skc"
1856-09-12 12:00:00,NA,0,NA,NA,NA,NA
1856-09-12 14:00:00,21.11,NA,1018.29,21.11,2,",skc"
1856-09-12 21:00:00,24.44,0,1018.63,23.33,2,",skc"
1856-09-13,NA,NA,NA,NA,NA,NA
1856-09-13 07:00:00,17.22,180,1021,15.56,1,",br"
1856-09-13 12:00:00,NA,315,NA,NA,NA,NA
1856-09-13 14:00:00,17.78,NA,1020.66,21.11,1,",br"
1856-09-13 21:00:00,20,225,1021,22.78,2,NA
1856-09-14,NA,NA,NA,NA,NA,NA
1856-09-14 07:00:00,17.22,NA,1017.61,15.56,0,",br"
1856-09-14 12:00:00,NA,180,NA,NA,NA,NA
1856-09-14 14:00:00,18.33,NA,1018.29,18.89,1,NA
1856-09-14 21:00:00,20.56,225,1019.64,18.89,1,",skc"
1856-09-15,NA,NA,NA,NA,NA,NA
1856-09-15 07:00:00,15.56,157.5,1023.37,14.44,1,",fg"
1856-09-15 12:00:00,NA,135,NA,NA,NA,NA
1856-09-15 14:00:00,15.56,NA,1023.71,16.11,2,",br"
1856-09-15 21:00:00,16.67,157.5,1023.37,17.22,2,",br"
1856-09-16,NA,NA,NA,NA,NA,NA
1856-09-16 07:00:00,15.56,247.5,1018.63,13.33,5,NA
1856-09-16 12:00:00,NA,247.5,NA,NA,NA,NA
1856-09-16 14:00:00,18.33,NA,1016.26,18.33,11,NA
1856-09-16 21:00:00,18.89,225,1014.56,19.44,2,NA
1856-09-17,NA,NA,NA,NA,NA,NA
1856-09-17 07:00:00,15,337.5,1018.63,9.44,5,",skc"
1856-09-17 12:00:00,NA,337.5,NA,NA,NA,NA
1856-09-17 14:00:00,15.56,NA,1018.63,15.56,5,",skc"
1856-09-17 21:00:00,16.67,337.5,1018.29,14.44,11,NA
1856-09-18 07:00:00,13.33,315,1021.33,12.22,1,",skc"
1856-09-18 12:00:00,NA,315,NA,NA,NA,NA
1856-09-18 14:00:00,15.56,NA,1021.33,15.56,2,",skc"
1856-09-18 21:00:00,18.33,315,1021.33,16.67,5,",skc"
1856-09-19 07:00:00,15.56,225,1025.74,12.22,2,",br"
1856-09-19 12:00:00,NA,202.5,NA,NA,NA,NA
1856-09-19 14:00:00,17.78,NA,1026.41,17.22,11,",br"
1856-09-19 21:00:00,17.78,225,1026.41,16.67,5,",br"
1856-09-20 07:00:00,16.67,NA,1029.46,15,0,",fg"
1856-09-20 12:00:00,NA,180,NA,NA,NA,NA
1856-09-20 14:00:00,17.22,NA,1029.46,15.56,2,",fg"
1856-09-20 21:00:00,17.78,180,1029.46,17.78,2,NA
1856-09-21 07:00:00,15.56,135,1026.75,13.33,2,NA
1856-09-21 12:00:00,NA,180,NA,NA,NA,NA
1856-09-21 14:00:00,17.22,NA,1024.38,17.78,1,NA
1856-09-21 21:00:00,17.78,NA,1023.37,15.56,0,",fg"
1856-09-22 07:00:00,17.22,337.5,1019.98,17.22,1,",br"
1856-09-22 12:00:00,NA,337.5,NA,NA,NA,NA
1856-09-22 14:00:00,20,NA,1018.63,20.56,1,",br"
1856-09-22 21:00:00,21.11,337.5,1018.63,21.11,2,NA
1856-09-23 07:00:00,17.22,180,1021.67,16.67,2,",fg"
1856-09-23 12:00:00,NA,180,NA,NA,NA,NA
1856-09-23 14:00:00,17.78,NA,1021.67,17.78,11,",fg"
1856-09-23 21:00:00,17.78,180,1021,17.22,11,",ra"
1856-09-24 07:00:00,17.78,180,1017.27,17.78,1,",fg"
1856-09-24 12:00:00,NA,202.5,NA,NA,NA,NA
1856-09-24 14:00:00,18.89,NA,1015.24,20,16,",sh"
1856-09-24 21:00:00,18.89,180,1014.56,17.78,5,",ra"
1856-09-25 07:00:00,16.67,NA,1015.92,13.89,0,NA
1856-09-25 12:00:00,NA,337.5,NA,NA,NA,NA
1856-09-25 14:00:00,17.78,NA,1016.59,18.89,2,NA
1856-09-25 21:00:00,18.33,337.5,1020.32,19.44,5,",skc"
1856-09-26 07:00:00,13.33,270,1024.04,11.11,2,NA
1856-09-26 12:00:00,NA,225,NA,NA,NA,NA
1856-09-26 14:00:00,16.11,NA,1024.04,17.78,5,NA
1856-09-26 21:00:00,17.78,247.5,1024.04,16.67,5,",skc"
1856-09-27 07:00:00,13.33,NA,1023.37,13.33,0,NA
1856-09-27 12:00:00,NA,180,NA,NA,NA,NA
1856-09-27 14:00:00,15.56,NA,1023.03,17.78,5,",br"
1856-09-27 21:00:00,16.67,135,1021.67,15.56,5,",br"
1856-09-28 07:00:00,13.33,0,1021.33,11.67,5,",bkn"
1856-09-28 12:00:00,NA,22.5,NA,NA,NA,NA
1856-09-28 14:00:00,15.56,NA,1022.01,15.56,5,NA
1856-09-28 21:00:00,16.11,0,1023.37,14.44,2,NA
1856-09-29 07:00:00,13.33,NA,1030.14,10.56,2,",br"
1856-09-29 12:00:00,NA,135,NA,NA,NA,NA
1856-09-29 14:00:00,16.11,NA,1030.48,16.11,2,NA
1856-09-29 21:00:00,17.22,135,1030.48,18.33,2,NA
1856-09-30 07:00:00,13.89,112.5,1030.14,12.22,11,",br"
1856-09-30 12:00:00,NA,135,NA,NA,NA,NA
1856-09-30 14:00:00,16.11,NA,1029.46,16.11,20,NA
1856-09-30 21:00:00,15.56,135,1028.78,14.44,20,NA
1856-10-01 07:00:00,14.44,112.5,1024.04,14.44,20,",br"
1856-10-01 12:00:00,NA,112.5,NA,NA,NA,NA
1856-10-01 14:00:00,15,NA,1021.67,16.67,16,",br"
1856-10-01 21:00:00,15,112.5,1020.32,16.11,16,",br"
1856-10-02 07:00:00,15.56,225,1021,15.56,1,NA
1856-10-02 12:00:00,NA,270,NA,NA,NA,NA
1856-10-02 14:00:00,18.33,NA,1021.67,17.22,2,NA
1856-10-02 21:00:00,18.89,247.5,1022.69,13.89,2,NA
1856-10-03 07:00:00,12.78,292.5,1024.38,8.89,1,NA
1856-10-03 12:00:00,NA,292.5,NA,NA,NA,NA
1856-10-03 14:00:00,16.67,NA,1023.37,13.89,2,NA
1856-10-03 21:00:00,16.67,270,1023.03,14.44,2,",br"
1856-10-04 07:00:00,11.67,315,1023.71,8.33,1,",fg"
1856-10-04 12:00:00,NA,0,NA,NA,NA,NA
1856-10-04 14:00:00,13.33,NA,1023.03,12.78,1,",skc"
1856-10-04 21:00:00,15,0,1023.03,15,1,NA
1856-10-05 07:00:00,11.11,0,1023.71,8.33,5,",skc"
1856-10-05 12:00:00,NA,0,NA,NA,NA,NA
1856-10-05 14:00:00,12.22,NA,1027.43,13.33,2,",skc"
1856-10-05 21:00:00,14.44,0,1026.75,14.44,2,",skc"
1856-10-06 07:00:00,8.89,NA,1024.04,5.56,0,NA
1856-10-06 12:00:00,NA,225,NA,NA,NA,NA
1856-10-06 14:00:00,12.22,NA,1023.03,12.78,1,",ra"
1856-10-06 21:00:00,12.22,247.5,1021,12.78,1,",ra"
1856-10-07 07:00:00,12.78,337.5,1020.32,11.67,1,",ra"
1856-10-07 12:00:00,NA,0,NA,NA,NA,NA
1856-10-07 14:00:00,13.33,NA,1021.67,13.33,2,NA
1856-10-07 21:00:00,14.44,22.5,1024.04,13.89,11,NA
1856-10-08 07:00:00,11.11,0,1030.82,8.33,1,",skc"
1856-10-08 12:00:00,NA,NA,NA,NA,NA,NA
1856-10-08 14:00:00,13.33,NA,1031.16,13.33,0,",skc"
1856-10-08 21:00:00,15.56,247.5,1030.48,14.44,2,NA
1856-10-09 07:00:00,13.33,315,1024.38,12.22,5,NA
1856-10-09 12:00:00,NA,315,NA,NA,NA,NA
1856-10-09 14:00:00,16.67,NA,1022.01,19.44,5,",skc"
1856-10-09 21:00:00,18.33,315,1022.35,20.56,1,",skc"
1856-10-10 07:00:00,16.11,NA,1025.4,16.67,0,NA
1856-10-10 12:00:00,NA,225,NA,NA,NA,NA
1856-10-10 14:00:00,17.22,NA,1025.4,17.22,2,",br"
1856-10-10 21:00:00,18.33,225,1025.06,18.33,1,",br"
1856-10-11 07:00:00,14.44,NA,1020.66,13.33,0,",br"
1856-10-11 12:00:00,NA,270,NA,NA,NA,NA
1856-10-11 14:00:00,19.44,NA,1017.61,20,2,",skc"
1856-10-11 21:00:00,21.11,247.5,1014.56,18.89,2,",skc"
1856-10-12 07:00:00,13.33,0,1024.38,8.33,11,NA
1856-10-12 12:00:00,NA,0,NA,NA,NA,NA
1856-10-12 14:00:00,13.89,NA,1025.74,12.22,5,NA
1856-10-12 21:00:00,15.56,337.5,1025.74,8.89,2,",skc"
1856-10-13 07:00:00,11.11,292.5,1020.66,8.89,2,NA
1856-10-13 12:00:00,NA,247.5,NA,NA,NA,NA
1856-10-13 14:00:00,12.22,NA,1017.61,14.44,11,NA
1856-10-13 21:00:00,14.44,247.5,1015.92,15,2,",br"
1856-10-14 07:00:00,12.78,0,1014.9,7.22,5,",ra"
1856-10-14 12:00:00,NA,22.5,NA,NA,NA,NA
1856-10-14 14:00:00,11.11,NA,1014.9,7.78,5,",ra"
1856-10-14 21:00:00,10,0,1017.27,5.56,11,NA
1856-10-15 07:00:00,5.56,0,1025.4,0,16,",skc"
1856-10-15 12:00:00,NA,0,NA,NA,NA,NA
1856-10-15 14:00:00,7.22,NA,1027.09,4.44,11,NA
1856-10-15 21:00:00,7.78,0,1027.43,5.56,5,",skc"
1856-10-16 07:00:00,5.56,292.5,1024.72,2.22,2,",skc"
1856-10-16 12:00:00,NA,292.5,NA,NA,NA,NA
1856-10-16 14:00:00,8.33,NA,1023.37,7.78,5,",skc"
1856-10-16 21:00:00,11.11,292.5,1021.67,9.44,5,",skc"
1856-10-17 07:00:00,6.67,0,1030.48,3.89,2,",skc"
1856-10-17 12:00:00,NA,0,NA,NA,NA,NA
1856-10-17 14:00:00,10.56,NA,1031.83,8.89,2,",skc"
1856-10-17 21:00:00,12.22,225,1032.51,6.67,2,",skc"
1856-10-18 07:00:00,6.67,337.5,1034.54,1.67,2,",skc"
1856-10-18 12:00:00,NA,225,NA,NA,NA,NA
1856-10-18 14:00:00,10,NA,1034.2,9.44,2,",skc"
1856-10-18 21:00:00,12.22,180,1033.53,8.89,5,NA
1856-10-19 07:00:00,13.33,225,1023.37,12.22,2,NA
1856-10-19 12:00:00,NA,270,NA,NA,NA,NA
1856-10-19 14:00:00,15.56,NA,1023.37,15,1,NA
1856-10-19 21:00:00,15.56,247.5,1021.33,13.33,2,NA
1856-10-20 07:00:00,11.11,0,1020.66,11.11,11,NA
1856-10-20 12:00:00,NA,22.5,NA,NA,NA,NA
1856-10-20 14:00:00,12.22,NA,1021.67,13.33,16,NA
1856-10-20 21:00:00,12.78,22.5,1023.37,12.78,11,NA
1856-10-21 07:00:00,11.11,NA,1023.71,7.22,0,",fg"
1856-10-21 12:00:00,NA,337.5,NA,NA,NA,NA
1856-10-21 14:00:00,12.22,NA,1021.33,13.89,2,",skc"
1856-10-21 21:00:00,14.44,337.5,1020.32,15.56,1,",fg"
1856-10-22 07:00:00,10,22.5,1019.64,8.89,2,",fg"
1856-10-22 12:00:00,NA,0,NA,NA,NA,NA
1856-10-22 14:00:00,10,NA,1019.64,10,1,NA
1856-10-22 21:00:00,10,0,1017.95,8.89,1,",fg"
1856-10-23 07:00:00,10,NA,1009.14,8.89,0,",fg"
1856-10-23 12:00:00,NA,315,NA,NA,NA,NA
1856-10-23 14:00:00,11.11,NA,1006.77,11.67,2,",bkn"
1856-10-23 21:00:00,11.11,315,1006.77,10,1,NA
1856-10-24 07:00:00,5,0,1010.16,1.67,16,",skc"
1856-10-24 12:00:00,NA,0,NA,NA,NA,NA
1856-10-24 14:00:00,5.56,NA,1010.16,3.89,16,",skc"
1856-10-24 21:00:00,4.44,0,1010.16,1.67,11,",skc"
1856-10-25 07:00:00,3.33,0,1011.18,0.56,20,NA
1856-10-25 12:00:00,NA,0,NA,NA,NA,NA
1856-10-25 14:00:00,6.67,NA,1010.84,7.22,11,NA
1856-10-25 21:00:00,5.56,0,1010.84,5,11,NA
1856-10-26 07:00:00,4.44,0,1012.87,4.44,20,NA
1856-10-26 12:00:00,NA,0,NA,NA,NA,NA
1856-10-26 14:00:00,5.56,NA,1013.21,7.22,20,NA
1856-10-26 21:00:00,7.78,292.5,1013.55,8.33,11,NA
1856-10-27 07:00:00,5,0,1019.64,3.33,2,",skc"
1856-10-27 12:00:00,NA,0,NA,NA,NA,NA
1856-10-27 14:00:00,7.78,NA,1019.98,4.44,2,",skc"
1856-10-27 21:00:00,10,22.5,1020.66,8.89,2,",skc"
1856-10-28 07:00:00,7.22,180,1019.64,7.22,5,",br"
1856-10-28 12:00:00,NA,180,NA,NA,NA,NA
1856-10-28 14:00:00,6.67,NA,1016.59,7.22,5,",br"
1856-10-28 21:00:00,8.89,157.5,1010.16,8.89,16,",ra"
1856-10-29 07:00:00,8.33,315,1003.05,6.11,11,NA
1856-10-29 12:00:00,NA,315,NA,NA,NA,NA
1856-10-29 14:00:00,8.89,NA,1003.05,7.22,16,",ra"
1856-10-29 21:00:00,7.78,337.5,1004.06,6.11,16,NA
1856-10-30 07:00:00,6.67,337.5,1014.22,3.89,2,NA
1856-10-30 12:00:00,NA,337.5,NA,NA,NA,NA
1856-10-30 14:00:00,8.33,NA,1016.26,7.22,2,NA
1856-10-30 21:00:00,10,292.5,1016.93,8.89,1,",skc"
1856-10-31 07:00:00,10,247.5,1004.06,10.56,5,",ra"
1856-10-31 12:00:00,NA,180,NA,NA,NA,NA
1856-10-31 14:00:00,10,NA,1000,11.67,2,NA
1856-10-31 21:00:00,12.22,315,997.97,11.11,5,NA
1856-11-01 07:00:00,5,315,1009.48,1.11,5,",skc"
1856-11-01 12:00:00,NA,337.5,NA,NA,NA,NA
1856-11-01 14:00:00,6.67,NA,1013.21,6.11,11,",skc"
1856-11-01 21:00:00,6.67,247.5,1013.88,5.56,2,NA
1856-11-02 07:00:00,7.78,270,1015.92,7.78,2,",skc"
1856-11-02 12:00:00,NA,270,NA,NA,NA,NA
1856-11-02 14:00:00,12.22,NA,1018.29,13.33,5,",skc"
1856-11-02 21:00:00,13.89,225,1021,12.78,2,NA
1856-11-03 07:00:00,8.89,225,1024.38,8.33,1,",skc"
1856-11-03 12:00:00,NA,225,NA,NA,NA,NA
1856-11-03 14:00:00,11.11,NA,1025.06,12.78,2,",skc"
1856-11-03 21:00:00,13.33,45,1026.41,13.89,1,",skc"
1856-11-04 07:00:00,9.44,135,1019.64,8.89,16,",ra"
1856-11-04 12:00:00,NA,135,NA,NA,NA,NA
1856-11-04 14:00:00,10,NA,1013.55,10,16,",ra"
1856-11-04 21:00:00,10,NA,1012.19,11.11,0,",fg"
1856-11-05 07:00:00,13.33,135,1003.39,14.44,2,",skc"
1856-11-05 12:00:00,NA,247.5,NA,NA,NA,NA
1856-11-05 14:00:00,13.33,NA,1002.71,14.44,11,",br"
1856-11-05 21:00:00,12.78,337.5,1004.4,10,5,NA
1856-11-06 07:00:00,3.33,0,1024.04,-0.56,11,NA
1856-11-06 12:00:00,NA,NA,NA,NA,NA,NA
1856-11-06 14:00:00,3.33,NA,1028.11,1.11,11,",skc"
1856-11-06 21:00:00,3.33,0,1032.17,0.56,11,",skc"
1856-11-07 07:00:00,0.56,315,1040.3,-0.56,1,",skc"
1856-11-07 12:00:00,NA,225,NA,NA,NA,NA
1856-11-07 14:00:00,3.89,NA,1040.64,4.44,1,",skc"
1856-11-07 21:00:00,6.67,225,1039.96,4.44,1,",skc"
1856-11-08 07:00:00,4.44,NA,1034.88,4.44,0,NA
1856-11-08 12:00:00,NA,225,NA,NA,NA,NA
1856-11-08 14:00:00,5.56,NA,1033.86,7.22,1,NA
1856-11-08 21:00:00,7.78,225,1032.51,6.11,1,NA
1856-11-09 07:00:00,7.22,NA,1026.75,7.22,0,NA
1856-11-09 12:00:00,NA,180,NA,NA,NA,NA
1856-11-09 14:00:00,8.89,NA,1024.04,8.33,1,NA
1856-11-09 21:00:00,10.56,225,1023.71,7.78,1,NA
1856-11-10 07:00:00,7.78,157.5,1019.98,7.22,1,",fg"
1856-11-10 12:00:00,NA,157.5,NA,NA,NA,NA
1856-11-10 14:00:00,8.89,NA,1019.3,9.44,1,",fg"
1856-11-10 21:00:00,9.44,157.5,1017.95,9.44,1,NA
1856-11-11 07:00:00,6.67,22.5,1017.95,5.56,5,NA
1856-11-11 12:00:00,NA,22.5,NA,NA,NA,NA
1856-11-11 14:00:00,7.22,NA,1017.95,5.56,5,",bkn"
1856-11-11 21:00:00,7.22,22.5,1018.29,5.56,5,",ra"
1856-11-12 07:00:00,4.44,NA,1020.32,2.78,5,NA
1856-11-12 12:00:00,NA,0,NA,NA,NA,NA
1856-11-12 14:00:00,5.56,NA,1020.66,3.33,5,",skc"
1856-11-12 21:00:00,7.22,0,1020.32,4.44,5,",skc"
1856-11-13,NA,NA,NA,NA,NA,NA
1856-11-13 07:00:00,1.11,337.5,1021.33,-1.67,1,",skc"
1856-11-13 12:00:00,NA,337.5,NA,NA,NA,NA
1856-11-13 14:00:00,4.44,NA,1021.33,-3.33,5,",skc"
1856-11-13 21:00:00,5.56,337.5,1021,1.11,5,NA
1856-11-14,NA,NA,NA,NA,NA,NA
1856-11-14 07:00:00,1.11,292.5,1021.33,-2.22,1,",skc"
1856-11-14 12:00:00,NA,337.5,NA,NA,NA,NA
1856-11-14 14:00:00,3.33,NA,1019.98,1.11,5,",skc"
1856-11-14 21:00:00,4.44,337.5,1019.3,0,11,",skc"
1856-11-15,NA,NA,NA,NA,NA,NA
1856-11-15 07:00:00,-0.56,292.5,1013.88,-3.33,2,NA
1856-11-15 12:00:00,NA,22.5,NA,NA,NA,NA
1856-11-15 14:00:00,0,NA,1008.47,0.56,5,",br"
1856-11-15 21:00:00,0.56,22.5,1004.74,0,5,",br"
1856-11-16,NA,NA,NA,NA,NA,NA
1856-11-16 07:00:00,-1.11,337.5,1004.4,-1.67,5,NA
1856-11-16 12:00:00,NA,337.5,NA,NA,NA,NA
1856-11-16 14:00:00,1.11,NA,1005.76,3.33,11,",skc"
1856-11-16 21:00:00,3.33,315,1008.13,1.11,1,",br"
1856-11-17,NA,NA,NA,NA,NA,NA
1856-11-17 07:00:00,4.44,315,1009.82,5.56,1,",br"
1856-11-17 12:00:00,NA,247.5,NA,NA,NA,NA
1856-11-17 14:00:00,8.89,NA,1008.47,9.44,2,NA
1856-11-17 21:00:00,8.89,292.5,1007.11,7.78,5,NA
1856-11-18,NA,NA,NA,NA,NA,NA
1856-11-18 07:00:00,3.33,22.5,1007.79,1.67,5,NA
1856-11-18 12:00:00,NA,NA,NA,NA,NA,NA
1856-11-18 14:00:00,4.44,NA,1007.79,3.33,5,NA
1856-11-18 21:00:00,5,22.5,1007.79,1.67,5,NA
1856-11-19,NA,NA,NA,NA,NA,NA
1856-11-19 07:00:00,1.11,0,1011.51,-0.56,5,NA
1856-11-19 12:00:00,NA,0,NA,NA,NA,NA
1856-11-19 14:00:00,2.22,NA,1012.87,1.67,16,NA
1856-11-19 21:00:00,2.22,22.5,1014.22,1.11,16,NA
1856-11-20,NA,NA,NA,NA,NA,NA
1856-11-20 07:00:00,0,0,1023.37,-1.11,16,NA
1856-11-20 12:00:00,NA,0,NA,NA,NA,NA
1856-11-20 14:00:00,2.22,NA,1023.37,0.56,16,NA
1856-11-20 21:00:00,2.78,NA,1023.37,1.11,11,NA
1856-11-21,NA,NA,NA,NA,NA,NA
1856-11-21 07:00:00,1.11,0,1026.08,0.56,11,",skc"
1856-11-21 12:00:00,NA,0,NA,NA,NA,NA
1856-11-21 14:00:00,5,NA,1027.09,3.33,5,",skc"
1856-11-21 21:00:00,5.56,45,1027.77,3.33,5,",skc"
1856-11-22,NA,NA,NA,NA,NA,NA
1856-11-22 07:00:00,2.22,45,1031.49,1.11,1,",br"
1856-11-22 12:00:00,NA,112.5,NA,NA,NA,NA
1856-11-22 14:00:00,6.67,NA,1029.8,4.44,2,NA
1856-11-22 21:00:00,3.33,180,1028.45,3.33,2,",br"
1856-11-23,NA,NA,NA,NA,NA,NA
1856-11-23 07:00:00,5.56,90,1022.01,6.67,2,",fg"
1856-11-23 12:00:00,NA,45,NA,NA,NA,NA
1856-11-23 14:00:00,6.11,NA,1021.67,7.22,5,",ra"
1856-11-23 21:00:00,6.11,22.5,1022.01,6.67,5,NA
1856-11-24,NA,NA,NA,NA,NA,NA
1856-11-24 07:00:00,2.22,337.5,1020.66,1.67,2,NA
1856-11-24 12:00:00,NA,337.5,NA,NA,NA,NA
1856-11-24 14:00:00,3.89,NA,1018.96,5,1,NA
1856-11-24 21:00:00,5,315,1019.3,3.89,1,NA
1856-11-25,NA,NA,NA,NA,NA,NA
1856-11-25 07:00:00,3.33,22.5,1023.71,1.67,2,NA
1856-11-25 12:00:00,NA,22.5,NA,NA,NA,NA
1856-11-25 14:00:00,4.44,NA,1024.04,4.44,2,",sn"
1856-11-25 21:00:00,4.44,22.5,1025.4,2.78,5,NA
1856-11-26,NA,NA,NA,NA,NA,NA
1856-11-26 07:00:00,0.56,112.5,1021.67,0.56,2,",sn"
1856-11-26 12:00:00,NA,135,NA,NA,NA,NA
1856-11-26 14:00:00,1.11,NA,1020.32,2.22,11,",ra"
1856-11-26 21:00:00,2.22,135,1010.5,1.67,16,",ra"
1856-11-27 07:00:00,2.78,45,1006.1,1.67,11,NA
1856-11-27 12:00:00,NA,22.5,NA,NA,NA,NA
1856-11-27 14:00:00,2.22,NA,1007.79,1.67,5,NA
1856-11-27 21:00:00,2.78,22.5,1008.13,1.67,2,NA
1856-11-28 07:00:00,1.11,0,1007.79,-0.56,11,NA
1856-11-28 12:00:00,NA,0,NA,NA,NA,NA
1856-11-28 14:00:00,0.56,NA,1006.1,-0.56,16,NA
1856-11-28 21:00:00,0,0,1006.1,-0.56,20,NA
1856-11-29 07:00:00,-3.33,337.5,1009.14,-6.11,5,NA
1856-11-29 12:00:00,NA,337.5,NA,NA,NA,NA
1856-11-29 14:00:00,-2.22,NA,1008.47,-2.22,2,NA
1856-11-29 21:00:00,-1.11,315,1006.43,-1.11,1,NA
1856-11-30 07:00:00,-1.11,0,997.29,-3.33,16,",sn"
1856-11-30 12:00:00,NA,0,NA,NA,NA,NA
1856-11-30 14:00:00,-0.56,NA,998.98,-2.22,16,",sn"
1856-11-30 21:00:00,0,0,1000.34,-2.22,16,NA
1856-12-01 07:00:00,-3.89,45,1010.16,-7.78,16,",sn"
1856-12-01 12:00:00,NA,45,NA,NA,NA,NA
1856-12-01 14:00:00,-4.44,NA,1009.14,-6.67,16,",sn"
1856-12-01 21:00:00,-3.89,45,1008.47,-6.67,11,",sn"
1856-12-02 07:00:00,-4.44,45,1009.82,-7.78,11,NA
1856-12-02 12:00:00,NA,337.5,NA,NA,NA,NA
1856-12-02 14:00:00,-2.78,NA,1008.47,-2.22,11,NA
1856-12-02 21:00:00,-1.11,337.5,1008.13,-2.78,11,NA
1856-12-03 07:00:00,-3.89,337.5,1006.43,-7.22,5,NA
1856-12-03 12:00:00,NA,315,NA,NA,NA,NA
1856-12-03 14:00:00,-1.11,NA,1003.39,-2.78,2,",skc"
1856-12-03 21:00:00,0,NA,1000.34,-1.11,0,",br"
1856-12-04 07:00:00,0,337.5,980.7,-3.89,16,",sn"
1856-12-04 12:00:00,NA,315,NA,NA,NA,NA
1856-12-04 14:00:00,0,NA,986.46,-3.33,20,NA
1856-12-04 21:00:00,-1.11,315,990.18,-3.89,16,NA
1856-12-05 07:00:00,-2.78,315,1001.02,-4.44,11,NA
1856-12-05 12:00:00,NA,315,NA,NA,NA,NA
1856-12-05 14:00:00,-2.22,NA,1002.71,-3.33,5,NA
1856-12-05 21:00:00,-2.22,337.5,1005.08,-2.78,5,NA
1856-12-06 07:00:00,-2.78,0,1011.85,-4.44,11,NA
1856-12-06 12:00:00,NA,0,NA,NA,NA,NA
1856-12-06 14:00:00,-2.78,NA,1012.87,-3.33,5,",br"
1856-12-06 21:00:00,-2.78,0,1012.87,-3.33,5,",br"
1856-12-07 07:00:00,-2.22,315,1010.84,-3.89,5,NA
1856-12-07 12:00:00,NA,292.5,NA,NA,NA,NA
1856-12-07 14:00:00,-2.22,NA,1009.82,-3.33,5,NA
1856-12-07 21:00:00,-2.78,0,1010.16,-3.33,11,NA
1856-12-08 07:00:00,-2.22,315,1013.55,-2.22,5,NA
1856-12-08 12:00:00,NA,0,NA,NA,NA,NA
1856-12-08 14:00:00,0,NA,1013.55,1.11,2,",skc"
1856-12-08 21:00:00,1.11,22.5,1014.22,1.11,5,NA
1856-12-09 07:00:00,-0.56,0,1020.32,-2.78,2,NA
1856-12-09 12:00:00,NA,0,NA,NA,NA,NA
1856-12-09 14:00:00,0,NA,1022.01,-0.56,5,NA
1856-12-09 21:00:00,-0.56,0,1023.03,-1.11,5,NA
1856-12-10 07:00:00,-1.11,0,1028.11,-3.33,11,NA
1856-12-10 12:00:00,NA,0,NA,NA,NA,NA
1856-12-10 14:00:00,0,NA,1028.78,0.56,11,NA
1856-12-10 21:00:00,1.11,0,1030.14,-1.11,5,NA
1856-12-11,NA,NA,NA,NA,NA,NA
1856-12-11 07:00:00,-3.89,NA,1032.85,-5,0,",br"
1856-12-11 12:00:00,NA,NA,NA,NA,NA,NA
1856-12-11 14:00:00,0,NA,1031.49,-4.44,0,",br"
1856-12-11 21:00:00,3.33,270,1030.48,-2.78,2,NA
1856-12-12,NA,NA,NA,NA,NA,NA
1856-12-12 07:00:00,3.33,202.5,1010.84,0,11,",ra"
1856-12-12 12:00:00,NA,315,NA,NA,NA,NA
1856-12-12 14:00:00,3.89,NA,1008.47,3.89,2,NA
1856-12-12 21:00:00,3.89,315,1007.79,4.44,1,NA
1856-12-13,NA,NA,NA,NA,NA,NA
1856-12-13 07:00:00,1.11,337.5,1010.16,-0.56,11,NA
1856-12-13 12:00:00,NA,0,NA,NA,NA,NA
1856-12-13 14:00:00,2.22,NA,1011.18,0.56,16,",sq"
1856-12-13 21:00:00,2.22,0,1012.53,1.11,11,NA
1856-12-14,NA,NA,NA,NA,NA,NA
1856-12-14 07:00:00,-3.89,0,1021.67,-5.56,5,",skc"
1856-12-14 12:00:00,NA,270,NA,NA,NA,NA
1856-12-14 14:00:00,-2.22,NA,1023.03,-2.22,2,",skc"
1856-12-14 21:00:00,-0.56,180,1018.29,-3.33,11,",br"
1856-12-15,NA,NA,NA,NA,NA,NA
1856-12-15 07:00:00,3.33,270,990.86,-6.67,16,",sq"
1856-12-15 12:00:00,NA,292.5,NA,NA,NA,NA
1856-12-15 14:00:00,2.22,NA,996.61,0,20,",sq"
1856-12-15 21:00:00,1.11,292.5,1001.02,0.56,20,NA
1856-12-16,NA,NA,NA,NA,NA,NA
1856-12-16 07:00:00,-3.89,337.5,1022.69,-8.89,2,NA
1856-12-16 12:00:00,NA,337.5,NA,NA,NA,NA
1856-12-16 14:00:00,-3.89,NA,1023.37,-6.11,1,NA
1856-12-16 21:00:00,-3.33,45,1021.67,-5,1,NA
1856-12-17,NA,NA,NA,NA,NA,NA
1856-12-17 07:00:00,-5.56,22.5,1010.5,-9.44,11,",sn"
1856-12-17 12:00:00,NA,0,NA,NA,NA,NA
1856-12-17 14:00:00,-5.56,NA,1011.85,-8.89,11,NA
1856-12-17 21:00:00,-5.56,337.5,1014.56,-10,5,NA
1856-12-18,NA,NA,NA,NA,NA,NA
1856-12-18 07:00:00,-11.11,337.5,1023.37,-20,11,NA
1856-12-18 12:00:00,NA,315,NA,NA,NA,NA
1856-12-18 14:00:00,-11.67,NA,1023.37,-15.56,16,NA
1856-12-18 21:00:00,-11.11,315,1024.04,-15.56,16,NA
1856-12-19,NA,NA,NA,NA,NA,NA
1856-12-19 07:00:00,-12.22,337.5,1033.53,-16.67,20,NA
1856-12-19 12:00:00,NA,0,NA,NA,NA,NA
1856-12-19 14:00:00,-11.11,NA,1033.53,-13.33,16,NA
1856-12-19 21:00:00,-8.89,0,1034.2,-11.67,11,NA
1856-12-20,NA,NA,NA,NA,NA,NA
1856-12-20 07:00:00,-11.67,0,1036.57,-12.22,2,NA
1856-12-20 12:00:00,NA,NA,NA,NA,NA,NA
1856-12-20 14:00:00,-10.56,NA,1037.59,-10,0,NA
1856-12-20 21:00:00,-9.44,180,1035.22,-5.56,1,NA
1856-12-21,NA,NA,NA,NA,NA,NA
1856-12-21 07:00:00,1.67,225,1019.98,3.33,11,",ra"
1856-12-21 12:00:00,NA,225,NA,NA,NA,NA
1856-12-21 14:00:00,2.22,NA,1017.27,4.44,11,",ra"
1856-12-21 21:00:00,3.33,225,1015.24,4.44,2,",ra"
1856-12-22,NA,NA,NA,NA,NA,NA
1856-12-22 07:00:00,-0.56,45,1019.64,-2.78,11,",sn"
1856-12-22 12:00:00,NA,22.5,NA,NA,NA,NA
1856-12-22 14:00:00,0,NA,1015.24,0,5,NA
1856-12-22 21:00:00,-0.56,0,1020.66,-1.11,2,NA
1856-12-23,NA,NA,NA,NA,NA,NA
1856-12-23 07:00:00,0,NA,1016.26,-1.11,0,",br"
1856-12-23 12:00:00,NA,45,NA,NA,NA,NA
1856-12-23 14:00:00,0,NA,1011.51,-1.11,5,",ra"
1856-12-23 21:00:00,-0.56,45,1011.51,-1.11,2,",ra"
1856-12-24,NA,NA,NA,NA,NA,NA
1856-12-24 07:00:00,4.44,180,1001.69,3.33,11,",ra"
1856-12-24 12:00:00,NA,157.5,NA,NA,NA,NA
1856-12-24 14:00:00,4.44,NA,1000.68,4.44,5,",ra"
1856-12-24 21:00:00,5.56,157.5,1003.39,6.11,5,",ra"
1856-12-25 07:00:00,5,202.5,998.98,3.33,2,",br"
1856-12-25 12:00:00,NA,202.5,NA,NA,NA,NA
1856-12-25 14:00:00,4.44,NA,1000.34,5.56,2,",br"
1856-12-25 21:00:00,3.89,225,1001.36,4.44,2,",sn"
1856-12-26 07:00:00,0,NA,998.98,-1.67,0,",sn"
1856-12-26 12:00:00,NA,315,NA,NA,NA,NA
1856-12-26 14:00:00,0,NA,998.98,-2.22,2,",sn"
1856-12-26 21:00:00,-0.56,315,999.32,-4.44,2,NA
1856-12-27 07:00:00,-4.44,0,1001.69,-7.78,2,",sn"
1856-12-27 12:00:00,NA,0,NA,NA,NA,NA
1856-12-27 14:00:00,-4.44,NA,1002.03,-5.56,2,NA
1856-12-27 21:00:00,-3.33,0,1003.05,-3.33,2,NA
1856-12-28 07:00:00,-2.78,0,1005.76,-2.78,5,",br"
1856-12-28 12:00:00,NA,22.5,NA,NA,NA,NA
1856-12-28 14:00:00,-1.67,NA,1006.1,-1.67,5,",br"
1856-12-28 21:00:00,-1.11,NA,1009.14,-1.11,0,NA
1856-12-29 07:00:00,-1.11,0,1012.53,-1.11,2,NA
1856-12-29 12:00:00,NA,337.5,NA,NA,NA,NA
1856-12-29 14:00:00,0,NA,1013.88,1.11,2,",br"
1856-12-29 21:00:00,0.56,0,1014.56,1.67,1,NA
1856-12-30 07:00:00,-0.56,315,1014.9,-1.11,1,",br"
1856-12-30 12:00:00,NA,0,NA,NA,NA,NA
1856-12-30 14:00:00,0,NA,1014.9,-0.56,11,",br"
1856-12-30 21:00:00,0,0,1016.93,-0.56,5,",sn"
1856-12-31 07:00:00,-3.33,0,1025.4,-6.67,5,NA
1856-12-31 12:00:00,NA,22.5,NA,NA,NA,NA
1856-12-31 14:00:00,-2.78,NA,1026.41,-1.67,2,NA
1856-12-31 21:00:00,-2.78,22.5,1026.75,-2.78,2,NA
1857-01-01 07:00:00,-3.33,45,1027.77,-3.33,2,",bkn"
1857-01-01 12:00:00,NA,90,NA,NA,NA,NA
1857-01-01 14:00:00,-2.78,NA,1027.09,-2.22,5,",sn"
1857-01-01 21:00:00,-2.22,45,1026.75,-2.22,5,NA
1857-01-02 07:00:00,-2.22,45,1026.08,-2.78,11,NA
1857-01-02 12:00:00,NA,45,NA,NA,NA,NA
1857-01-02 14:00:00,-1.67,NA,1025.06,-1.67,11,NA
1857-01-02 21:00:00,-1.67,45,1024.38,-1.67,5,NA
1857-01-03 07:00:00,-3.89,45,1021,-6.11,5,NA
1857-01-03 12:00:00,NA,45,NA,NA,NA,NA
1857-01-03 14:00:00,-2.78,NA,1017.95,-2.22,2,NA
1857-01-03 21:00:00,-2.78,45,1017.27,-1.67,2,NA
1857-01-04 07:00:00,-2.22,45,997.29,-2.22,11,",sn"
1857-01-04 12:00:00,NA,45,NA,NA,NA,NA
1857-01-04 14:00:00,-1.67,NA,996.95,-1.67,16,",sn"
1857-01-04 21:00:00,-1.11,45,996.61,-1.11,16,",sn"
1857-01-05 07:00:00,-2.22,0,1003.39,-4.44,16,NA
1857-01-05 12:00:00,NA,0,NA,NA,NA,NA
1857-01-05 14:00:00,-2.22,NA,1003.05,-3.33,16,NA
1857-01-05 21:00:00,-3.33,0,1001.36,-5.56,20,NA
1857-01-06 07:00:00,-5.56,0,998.31,-8.89,16,",sn"
1857-01-06 12:00:00,NA,0,NA,NA,NA,NA
1857-01-06 14:00:00,-4.44,NA,996.61,-6.11,11,NA
1857-01-06 21:00:00,-4.44,0,996.61,-6.11,11,NA
1857-01-07 07:00:00,-6.67,0,996.61,-9.44,11,NA
1857-01-07 12:00:00,NA,0,NA,NA,NA,NA
1857-01-07 14:00:00,-5.56,NA,995.26,-6.67,5,",br"
1857-01-07 21:00:00,-4.44,337.5,995.6,-6.11,11,",br"
1857-01-08,NA,NA,NA,NA,NA,NA
1857-01-08 07:00:00,-4.44,315,999.32,-6.67,11,NA
1857-01-08 12:00:00,NA,315,NA,NA,NA,NA
1857-01-08 14:00:00,-3.89,NA,999.66,-4.44,16,NA
1857-01-08 21:00:00,-3.89,0,1001.69,-3.33,11,",br"
1857-01-09,NA,NA,NA,NA,NA,NA
1857-01-09 07:00:00,-4.44,315,1007.45,-8.89,2,NA
1857-01-09 12:00:00,NA,315,NA,NA,NA,NA
1857-01-09 14:00:00,-4.44,NA,1007.79,-6.11,2,NA
1857-01-09 21:00:00,-3.89,315,1007.11,-5.56,2,NA
1857-01-10,NA,NA,NA,NA,NA,NA
1857-01-10 07:00:00,-5,315,1009.82,-11.11,1,NA
1857-01-10 12:00:00,NA,337.5,NA,NA,NA,NA
1857-01-10 14:00:00,-4.44,NA,1010.16,-6.11,2,NA
1857-01-10 21:00:00,-3.89,337.5,1011.18,-5,5,NA
1857-01-11,NA,NA,NA,NA,NA,NA
1857-01-11 07:00:00,-3.33,135,1004.74,-4.44,5,",sn"
1857-01-11 12:00:00,NA,45,NA,NA,NA,NA
1857-01-11 14:00:00,-2.78,NA,998.98,-1.67,2,",sn"
1857-01-11 21:00:00,-2.22,45,995.94,-1.11,2,",sn"
1857-01-12,NA,NA,NA,NA,NA,NA
1857-01-12 07:00:00,-4.44,315,1002.37,-7.78,2,NA
1857-01-12 12:00:00,NA,315,NA,NA,NA,NA
1857-01-12 14:00:00,-3.33,NA,1003.39,-5.56,11,NA
1857-01-12 21:00:00,-2.78,315,1005.76,-6.67,5,NA
1857-01-13,NA,NA,NA,NA,NA,NA
1857-01-13 07:00:00,-6.67,NA,1014.22,-11.11,0,NA
1857-01-13 12:00:00,NA,315,NA,NA,NA,NA
1857-01-13 14:00:00,-3.89,NA,1016.26,-5,1,NA
1857-01-13 21:00:00,-2.22,315,1016.26,-4.44,1,NA
1857-01-14,NA,NA,NA,NA,NA,NA
1857-01-14 07:00:00,-2.78,NA,1013.55,-1.11,0,NA
1857-01-14 12:00:00,NA,315,NA,NA,NA,NA
1857-01-14 14:00:00,-2.22,NA,1010.16,-1.11,1,",sn"
1857-01-14 21:00:00,-1.11,315,1008.47,-1.11,1,",sn"
1857-01-15,NA,NA,NA,NA,NA,NA
1857-01-15 07:00:00,-2.22,NA,1008.13,-3.33,0,NA
1857-01-15 12:00:00,NA,315,NA,NA,NA,NA
1857-01-15 14:00:00,-0.56,NA,1008.13,-1.11,1,NA
1857-01-15 21:00:00,0,337.5,1008.47,-2.22,1,",br"
1857-01-16,NA,NA,NA,NA,NA,NA
1857-01-16 07:00:00,-5,0,1021.67,-12.22,5,NA
1857-01-16 12:00:00,NA,0,NA,NA,NA,NA
1857-01-16 14:00:00,-5,NA,1022.01,-8.33,2,",skc"
1857-01-16 21:00:00,-5,315,1019.3,-6.67,2,NA
1857-01-17,NA,NA,NA,NA,NA,NA
1857-01-17 07:00:00,-5,225,1013.88,-2.22,2,",sn"
1857-01-17 12:00:00,NA,315,NA,NA,NA,NA
1857-01-17 14:00:00,-1.11,NA,1009.48,-1.11,2,",sn"
1857-01-17 21:00:00,-1.11,315,1011.85,-2.22,1,NA
1857-01-18,NA,NA,NA,NA,NA,NA
1857-01-18 07:00:00,-10,315,1028.45,-12.22,5,NA
1857-01-18 12:00:00,NA,315,NA,NA,NA,NA
1857-01-18 14:00:00,-10,NA,1030.14,-15,5,NA
1857-01-18 21:00:00,-12.22,315,1033.86,-16.11,5,NA
1857-01-19,NA,NA,NA,NA,NA,NA
1857-01-19 07:00:00,-8.89,135,1019.64,-8.33,16,",sn"
1857-01-19 12:00:00,NA,135,NA,NA,NA,NA
1857-01-19 14:00:00,-3.89,NA,1001.69,0,20,",ra"
1857-01-19 21:00:00,0,180,999.66,4.44,11,",ra"
1857-01-20,NA,NA,NA,NA,NA,NA
1857-01-20 07:00:00,0.56,135,1004.4,0,5,NA
1857-01-20 12:00:00,NA,202.5,NA,NA,NA,NA
1857-01-20 14:00:00,0.56,NA,1006.77,-0.56,2,NA
1857-01-20 21:00:00,-0.56,225,1012.53,-3.33,2,NA
1857-01-21,NA,NA,NA,NA,NA,NA
1857-01-21 07:00:00,-4.44,225,1024.04,-8.89,2,",br"
1857-01-21 12:00:00,NA,180,NA,NA,NA,NA
1857-01-21 14:00:00,-3.89,NA,1024.72,-0.56,2,",sn"
1857-01-21 21:00:00,-2.22,180,1023.71,0,2,",sn"
1857-01-22 07:00:00,1.11,180,1006.1,3.33,16,",ra"
1857-01-22 12:00:00,NA,180,NA,NA,NA,NA
1857-01-22 14:00:00,2.22,NA,998.98,4.44,16,",ra"
1857-01-22 21:00:00,0,180,992.89,3.33,16,",ra"
1857-01-23 07:00:00,-1.11,0,1006.1,-8.89,16,NA
1857-01-23 12:00:00,NA,247.5,NA,NA,NA,NA
1857-01-23 14:00:00,-3.33,NA,1007.11,-8.33,11,NA
1857-01-23 21:00:00,-6.67,315,1009.14,-8.89,5,NA
1857-01-24 07:00:00,-12.22,315,1034.88,-20,2,NA
1857-01-24 12:00:00,NA,247.5,NA,NA,NA,NA
1857-01-24 14:00:00,-12.22,NA,1036.24,-14.44,2,NA
1857-01-24 21:00:00,-12.22,247.5,1036.24,-14.44,2,NA
1857-01-25 07:00:00,-3.33,315,1011.85,-4.44,16,",sq"
1857-01-25 12:00:00,NA,0,NA,NA,NA,NA
1857-01-25 14:00:00,-3.89,NA,1015.92,-3.89,16,",sq"
1857-01-25 21:00:00,-2.22,0,1019.3,-2.78,1,NA
1857-01-26 07:00:00,-7.78,315,1035.9,-15,1,NA
1857-01-26 12:00:00,NA,315,NA,NA,NA,NA
1857-01-26 14:00:00,-7.22,NA,1038.27,-9.44,2,NA
1857-01-26 21:00:00,-6.11,315,1039.62,-9.44,1,NA
1857-01-27 07:00:00,-6.67,NA,1042.33,-10.56,0,NA
1857-01-27 12:00:00,NA,225,NA,NA,NA,NA
1857-01-27 14:00:00,-5.56,NA,1040.64,-7.78,2,NA
1857-01-27 21:00:00,-1.11,225,1036.24,-5.56,2,NA
1857-01-28 07:00:00,0.56,180,1032.17,1.67,1,",ra"
1857-01-28 12:00:00,NA,NA,NA,NA,NA,NA
1857-01-28 14:00:00,2.22,NA,1032.85,3.33,0,",ra"
1857-01-28 21:00:00,1.11,NA,1033.19,2.78,0,",ra"
1857-01-29 07:00:00,0,NA,1028.78,0,0,",br"
1857-01-29 12:00:00,NA,NA,NA,NA,NA,NA
1857-01-29 14:00:00,0,NA,1027.09,1.11,0,",br"
1857-01-29 21:00:00,1.11,180,1023.37,1.67,1,",ra"
1857-01-30 07:00:00,0,0,1019.64,-1.67,5,NA
1857-01-30 12:00:00,NA,22.5,NA,NA,NA,NA
1857-01-30 14:00:00,-0.56,NA,1022.01,-2.22,11,NA
1857-01-30 21:00:00,-1.67,22.5,1025.4,-3.33,11,NA
1857-01-31 07:00:00,-7.78,0,1038.61,-14.44,5,NA
1857-01-31 12:00:00,NA,90,NA,NA,NA,NA
1857-01-31 14:00:00,-7.78,NA,1041.65,-7.78,1,NA
1857-01-31 21:00:00,-7.78,112.5,1040.3,-7.78,2,NA
1857-02-01 07:00:00,2.22,135,1019.64,1.11,5,",fg"
1857-02-01 12:00:00,NA,135,NA,NA,NA,NA
1857-02-01 14:00:00,3.33,NA,1017.95,2.22,5,",fg"
1857-02-01 21:00:00,6.11,225,1017.27,5.56,5,",ra"
1857-02-02 07:00:00,2.22,0,1007.11,1.67,1,",ra"
1857-02-02 12:00:00,NA,0,NA,NA,NA,NA
1857-02-02 14:00:00,1.11,NA,1005.76,0,2,",sn"
1857-02-02 21:00:00,0,22.5,1007.11,-2.22,5,NA
1857-02-03 07:00:00,-3.33,337.5,1020.66,-8.33,2,",sn"
1857-02-03 12:00:00,NA,337.5,NA,NA,NA,NA
1857-02-03 14:00:00,-3.89,NA,1023.71,-7.78,5,NA
1857-02-03 21:00:00,-3.89,337.5,1028.78,-7.78,2,NA
1857-02-04 07:00:00,-10.56,NA,1035.22,-15.56,0,NA
1857-02-04 12:00:00,NA,180,NA,NA,NA,NA
1857-02-04 14:00:00,-4.44,NA,1031.49,-7.78,11,",br"
1857-02-04 21:00:00,-2.22,180,1028.78,-3.33,11,",br"
1857-02-05,NA,NA,NA,NA,NA,NA
1857-02-05 07:00:00,-2.22,0,1038.27,-8.89,2,NA
1857-02-05 12:00:00,NA,45,NA,NA,NA,NA
1857-02-05 14:00:00,-2.22,NA,1039.96,-3.89,2,",skc"
1857-02-05 21:00:00,-1.11,135,1040.3,-3.89,2,NA
1857-02-06,NA,NA,NA,NA,NA,NA
1857-02-06 07:00:00,-2.22,135,1033.19,0,1,",br"
1857-02-06 12:00:00,NA,135,NA,NA,NA,NA
1857-02-06 14:00:00,-0.56,NA,1032.85,0,1,",bkn"
1857-02-06 21:00:00,1.11,202.5,1031.49,2.22,1,",br"
1857-02-07,NA,NA,NA,NA,NA,NA
1857-02-07 07:00:00,1.11,NA,1035.9,1.67,0,",fg"
1857-02-07 12:00:00,NA,NA,NA,NA,NA,NA
1857-02-07 14:00:00,1.11,NA,1037.59,2.78,0,",fg"
1857-02-07 21:00:00,2.78,315,1038.61,7.22,2,NA
1857-02-08,NA,NA,NA,NA,NA,NA
1857-02-08 07:00:00,6.67,180,1034.2,9.44,1,NA
1857-02-08 12:00:00,NA,225,NA,NA,NA,NA
1857-02-08 14:00:00,8.89,NA,1031.16,11.11,2,NA
1857-02-08 21:00:00,8.89,180,1030.14,10,2,",ra"
1857-02-09,NA,NA,NA,NA,NA,NA
1857-02-09 07:00:00,8.33,180,1021,10,11,",ra"
1857-02-09 12:00:00,NA,270,NA,NA,NA,NA
1857-02-09 14:00:00,7.78,NA,1019.64,7.78,2,",ra"
1857-02-09 21:00:00,5.56,0,1021.67,3.33,5,",sn"
1857-02-10,NA,NA,NA,NA,NA,NA
1857-02-10 07:00:00,-3.33,0,1032.51,-10,2,NA
1857-02-10 12:00:00,NA,NA,NA,NA,NA,NA
1857-02-10 14:00:00,-2.22,NA,1029.46,-1.11,2,NA
1857-02-10 21:00:00,-1.11,NA,1026.75,-2.22,1,",skc"
1857-02-11,NA,NA,NA,NA,NA,NA
1857-02-11 07:00:00,-6.67,337.5,1021.67,-16.11,11,NA
1857-02-11 12:00:00,NA,337.5,NA,NA,NA,NA
1857-02-11 14:00:00,-7.78,NA,1024.72,-16.67,11,NA
1857-02-11 21:00:00,-11.11,0,1027.43,-17.78,16,NA
1857-02-12,NA,NA,NA,NA,NA,NA
1857-02-12 07:00:00,-15.56,22.5,1048.43,-21.11,5,",skc"
1857-02-12 12:00:00,NA,22.5,NA,NA,NA,NA
1857-02-12 14:00:00,-15,NA,1048.43,-16.67,1,NA
1857-02-12 21:00:00,-12.22,0,1048.43,-15,2,",skc"
1857-02-13,NA,NA,NA,NA,NA,NA
1857-02-13 07:00:00,-9.44,180,1040.3,-11.11,1,NA
1857-02-13 12:00:00,NA,180,NA,NA,NA,NA
1857-02-13 14:00:00,-6.67,NA,1035.56,-1.11,2,NA
1857-02-13 21:00:00,-4.44,180,1030.82,-3.33,2,",sn"
1857-02-14,NA,NA,NA,NA,NA,NA
1857-02-14 07:00:00,0,0,1027.09,1.67,2,NA
1857-02-14 12:00:00,NA,0,NA,NA,NA,NA
1857-02-14 14:00:00,1.67,NA,1030.82,1.67,2,NA
1857-02-14 21:00:00,1.67,0,1035.56,0.56,2,NA
1857-02-15,NA,NA,NA,NA,NA,NA
1857-02-15 07:00:00,-2.22,180,1030.82,-1.11,2,",bkn"
1857-02-15 12:00:00,NA,202.5,NA,NA,NA,NA
1857-02-15 14:00:00,0,NA,1025.74,0.56,2,",ra"
1857-02-15 21:00:00,2.22,NA,1023.37,3.33,0,",fg"
1857-02-16,NA,NA,NA,NA,NA,NA
1857-02-16 07:00:00,0.56,NA,1028.11,0.56,0,",ra"
1857-02-16 12:00:00,NA,180,NA,NA,NA,NA
1857-02-16 14:00:00,1.11,NA,1028.78,1.11,1,",fg"
1857-02-16 21:00:00,2.22,202.5,1026.08,2.22,1,",fg"
1857-02-17,NA,NA,NA,NA,NA,NA
1857-02-17 07:00:00,4.44,270,1021.67,5.56,1,",fg"
1857-02-17 12:00:00,NA,270,NA,NA,NA,NA
1857-02-17 14:00:00,6.67,NA,1020.66,8.89,2,",skc"
1857-02-17 21:00:00,10,270,1020.66,10,2,",skc"
1857-02-18,NA,NA,NA,NA,NA,NA
1857-02-18 07:00:00,4.44,270,1014.56,5.56,1,",fg"
1857-02-18 12:00:00,NA,270,NA,NA,NA,NA
1857-02-18 14:00:00,8.89,NA,1014.9,10.56,1,NA
1857-02-18 21:00:00,11.11,292.5,1016.26,11.11,2,NA
1857-02-19,NA,NA,NA,NA,NA,NA
1857-02-19 07:00:00,1.11,135,1021.33,-0.56,2,",gr"
1857-02-19 12:00:00,NA,45,NA,NA,NA,NA
1857-02-19 14:00:00,0,NA,1021.67,-2.22,5,",sn"
1857-02-19 21:00:00,0,22.5,1022.01,-3.89,5,",sn"
1857-02-20,NA,NA,NA,NA,NA,NA
1857-02-20 07:00:00,-5.56,0,1033.86,-15,2,NA
1857-02-20 12:00:00,NA,0,NA,NA,NA,NA
1857-02-20 14:00:00,-6.67,NA,1034.54,-4.44,2,NA
1857-02-20 21:00:00,-2.78,0,1033.86,-3.33,2,NA
1857-02-21,NA,NA,NA,NA,NA,NA
1857-02-21 07:00:00,-5.56,180,1020.66,-4.44,5,",sn"
1857-02-21 12:00:00,NA,45,NA,NA,NA,NA
1857-02-21 14:00:00,-2.22,NA,1007.11,0,2,",sn"
1857-02-21 21:00:00,0,45,1004.4,1.67,2,",fg"
1857-02-22,NA,NA,NA,NA,NA,NA
1857-02-22 07:00:00,-3.33,0,1019.3,-8.33,5,NA
1857-02-22 12:00:00,NA,315,NA,NA,NA,NA
1857-02-22 14:00:00,0,NA,1019.98,0.56,2,",skc"
1857-02-22 21:00:00,1.11,315,1020.32,1.11,2,",skc"
1857-02-23,NA,NA,NA,NA,NA,NA
1857-02-23 07:00:00,-1.11,225,1017.95,-1.11,1,",bkn"
1857-02-23 12:00:00,NA,225,NA,NA,NA,NA
1857-02-23 14:00:00,-1.11,NA,1013.55,0.56,2,",sn"
1857-02-23 21:00:00,0,180,1011.18,0,2,",sn"
1857-02-24,NA,NA,NA,NA,NA,NA
1857-02-24 07:00:00,-1.11,0,1019.3,-1.11,1,NA
1857-02-24 12:00:00,NA,0,NA,NA,NA,NA
1857-02-24 14:00:00,-2.22,NA,1019.98,-2.22,1,",skc"
1857-02-24 21:00:00,-1.67,0,1023.03,6.67,1,",skc"
1857-02-25,NA,NA,NA,NA,NA,NA
1857-02-25 07:00:00,3.33,225,1006.1,3.33,2,",ra"
1857-02-25 12:00:00,NA,270,NA,NA,NA,NA
1857-02-25 14:00:00,7.78,NA,1003.39,8.89,1,NA
1857-02-25 21:00:00,8.89,270,1001.69,7.78,1,NA
1857-02-26,NA,NA,NA,NA,NA,NA
1857-02-26 07:00:00,3.33,0,1005.08,-1.11,5,NA
1857-02-26 12:00:00,NA,0,NA,NA,NA,NA
1857-02-26 14:00:00,0.56,NA,1006.43,0,5,NA
1857-02-26 21:00:00,0.56,0,1007.11,-1.11,5,NA
1857-02-27,NA,NA,NA,NA,NA,NA
1857-02-27 07:00:00,-7.78,0,1022.35,-17.78,11,NA
1857-02-27 12:00:00,NA,22.5,NA,NA,NA,NA
1857-02-27 14:00:00,-9.44,NA,1017.27,-16.11,11,NA
1857-02-27 21:00:00,-8.89,0,1016.26,-15,11,NA
1857-02-28,NA,NA,NA,NA,NA,NA
1857-02-28 07:00:00,-11.11,135,1011.85,-15,1,NA
1857-02-28 12:00:00,NA,135,NA,NA,NA,NA
1857-02-28 14:00:00,-8.89,NA,1009.14,-10,2,NA
1857-02-28 21:00:00,-8.89,135,1008.13,-8.89,2,NA
1857-03-01,NA,NA,NA,NA,NA,NA
1857-03-01 07:00:00,-7.22,NA,1006.1,-7.22,0,NA
1857-03-01 12:00:00,NA,22.5,NA,NA,NA,NA
1857-03-01 14:00:00,-2.78,NA,1007.11,-3.89,2,",sn"
1857-03-01 21:00:00,-2.22,22.5,1008.47,-3.33,2,NA
1857-03-02,NA,NA,NA,NA,NA,NA
1857-03-02 07:00:00,-5.56,90,1013.55,-7.22,2,",sn"
1857-03-02 12:00:00,NA,45,NA,NA,NA,NA
1857-03-02 14:00:00,-5.56,NA,1009.48,-6.11,11,",sn"
1857-03-02 21:00:00,-4.44,45,1003.73,-5.56,20,",sn"
1857-03-03,NA,NA,NA,NA,NA,NA
1857-03-03 07:00:00,-4.44,45,986.79,-5.56,20,",sn"
1857-03-03 12:00:00,NA,22.5,NA,NA,NA,NA
1857-03-03 14:00:00,-4.44,NA,991.87,-5.56,20,",sn"
1857-03-03 21:00:00,-3.89,315,1002.37,-5.56,5,",sn"
1857-03-04,NA,NA,NA,NA,NA,NA
1857-03-04 07:00:00,-6.67,225,1020.66,-11.11,2,",br"
1857-03-04 12:00:00,NA,225,NA,NA,NA,NA
1857-03-04 14:00:00,-2.22,NA,1022.01,1.11,2,NA
1857-03-04 21:00:00,0,225,1023.37,0.56,2,NA
1857-03-05,NA,NA,NA,NA,NA,NA
1857-03-05 07:00:00,-3.33,0,1027.77,-5,2,",skc"
1857-03-05 12:00:00,NA,180,NA,NA,NA,NA
1857-03-05 14:00:00,0,NA,1027.77,0.56,1,NA
1857-03-05 21:00:00,1.11,225,1027.43,1.67,1,NA
1857-03-06,NA,NA,NA,NA,NA,NA
1857-03-06 07:00:00,0,NA,1019.98,-0.56,5,NA
1857-03-06 12:00:00,NA,180,NA,NA,NA,NA
1857-03-06 14:00:00,0,NA,1016.26,2.22,5,",ra"
1857-03-06 21:00:00,0.56,180,1006.77,2.22,11,",ra"
1857-03-07,NA,NA,NA,NA,NA,NA
1857-03-07 07:00:00,-0.56,315,1004.4,-2.78,11,",sn"
1857-03-07 12:00:00,NA,315,NA,NA,NA,NA
1857-03-07 14:00:00,0,NA,1004.74,-2.22,11,NA
1857-03-07 21:00:00,-0.56,270,1006.43,-3.33,5,NA
1857-03-08,NA,NA,NA,NA,NA,NA
1857-03-08 07:00:00,-5,0,1023.71,-12.78,11,NA
1857-03-08 12:00:00,NA,0,NA,NA,NA,NA
1857-03-08 14:00:00,-4.44,NA,1026.75,-8.33,11,NA
1857-03-08 21:00:00,-4.44,315,1027.77,2.78,11,NA
1857-03-09,NA,NA,NA,NA,NA,NA
1857-03-09 07:00:00,-8.33,0,1032.85,-13.33,5,NA
1857-03-09 12:00:00,NA,225,NA,NA,NA,NA
1857-03-09 14:00:00,-6.67,NA,1028.78,-7.78,5,NA
1857-03-09 21:00:00,-4.44,135,1026.41,-7.22,5,NA
1857-03-10,NA,NA,NA,NA,NA,NA
1857-03-10 07:00:00,0.56,135,995.26,1.67,11,",ra"
1857-03-10 12:00:00,NA,270,NA,NA,NA,NA
1857-03-10 14:00:00,0.56,NA,994.92,1.67,11,",br"
1857-03-10 21:00:00,1.11,270,999.32,2.22,11,NA
1857-03-11,NA,NA,NA,NA,NA,NA
1857-03-11 07:00:00,-4.44,315,1023.71,-12.22,11,NA
1857-03-11 12:00:00,NA,315,NA,NA,NA,NA
1857-03-11 14:00:00,-3.33,NA,1024.72,-3.89,5,NA
1857-03-11 21:00:00,-2.22,315,1025.06,-4.44,2,NA
1857-03-12,NA,NA,NA,NA,NA,NA
1857-03-12 07:00:00,-4.44,135,1015.92,-6.67,2,",sn"
1857-03-12 12:00:00,NA,90,NA,NA,NA,NA
1857-03-12 14:00:00,-3.89,NA,1011.85,-0.56,2,",sn"
1857-03-12 21:00:00,-2.22,NA,1011.18,0,0,NA
1857-03-13,NA,NA,NA,NA,NA,NA
1857-03-13 07:00:00,-4.44,0,1021.67,-6.67,16,NA
1857-03-13 12:00:00,NA,337.5,NA,NA,NA,NA
1857-03-13 14:00:00,-3.89,NA,1027.43,-0.56,11,NA
1857-03-13 21:00:00,-2.22,0,1027.09,-3.89,5,",skc"
1857-03-14,NA,NA,NA,NA,NA,NA
1857-03-14 07:00:00,-4.44,225,1019.3,-3.33,11,NA
1857-03-14 12:00:00,NA,270,NA,NA,NA,NA
1857-03-14 14:00:00,-1.67,NA,1016.93,1.11,11,",br"
1857-03-14 21:00:00,-1.11,270,1012.87,0.56,1,NA
1857-03-15,NA,NA,NA,NA,NA,NA
1857-03-15 07:00:00,-2.22,0,1015.92,0,5,NA
1857-03-15 12:00:00,NA,315,NA,NA,NA,NA
1857-03-15 14:00:00,0,NA,1019.3,1.67,5,NA
1857-03-15 21:00:00,1.11,315,1021.67,2.22,5,NA
1857-03-16,NA,NA,NA,NA,NA,NA
1857-03-16 07:00:00,-3.33,225,1027.09,-1.67,2,NA
1857-03-16 12:00:00,NA,225,NA,NA,NA,NA
1857-03-16 14:00:00,-0.56,NA,1026.41,2.22,2,",br"
1857-03-16 21:00:00,-4.44,225,1024.38,-3.33,1,NA
1857-03-17,NA,NA,NA,NA,NA,NA
1857-03-17 07:00:00,0,NA,1006.1,2.22,0,",fg"
1857-03-17 12:00:00,NA,315,NA,NA,NA,NA
1857-03-17 14:00:00,4.44,NA,1005.76,7.78,2,NA
1857-03-17 21:00:00,3.89,315,1009.14,6.11,5,NA
1857-03-18,NA,NA,NA,NA,NA,NA
1857-03-18 07:00:00,0.56,315,1027.77,-1.11,5,NA
1857-03-18 12:00:00,NA,NA,NA,NA,NA,NA
1857-03-18 14:00:00,3.33,NA,1029.46,3.33,0,NA
1857-03-18 21:00:00,4.44,225,1030.48,5,2,NA
1857-03-19,NA,NA,NA,NA,NA,NA
1857-03-19 07:00:00,1.11,225,1023.37,1.67,2,NA
1857-03-19 12:00:00,NA,180,NA,NA,NA,NA
1857-03-19 14:00:00,3.33,NA,1021.33,2.22,2,",ra"
1857-03-19 21:00:00,4.44,180,1015.58,5.56,2,NA
1857-03-20,NA,NA,NA,NA,NA,NA
1857-03-20 07:00:00,4.44,315,1003.05,6.67,2,NA
1857-03-20 12:00:00,NA,292.5,NA,NA,NA,NA
1857-03-20 14:00:00,4.44,NA,1004.06,4.44,2,NA
1857-03-20 21:00:00,4.44,315,1004.06,3.33,2,NA
1857-03-21,NA,NA,NA,NA,NA,NA
1857-03-21 07:00:00,-1.11,0,1010.5,-3.33,16,NA
1857-03-21 12:00:00,NA,337.5,NA,NA,NA,NA
1857-03-21 14:00:00,-0.56,NA,1014.56,0,11,NA
1857-03-21 21:00:00,0,337.5,1016.93,-1.11,5,",br"
1857-03-22,NA,NA,NA,NA,NA,NA
1857-03-22 07:00:00,-2.22,45,1021.33,-3.33,2,",sn"
1857-03-22 12:00:00,NA,45,NA,NA,NA,NA
1857-03-22 14:00:00,-1.11,NA,1023.03,0,5,",sn"
1857-03-22 21:00:00,-1.11,45,1024.72,-0.56,5,NA
1857-03-23,NA,NA,NA,NA,NA,NA
1857-03-23 07:00:00,-3.33,0,1030.82,-3.33,1,NA
1857-03-23 12:00:00,NA,315,NA,NA,NA,NA
1857-03-23 14:00:00,0,NA,1031.16,0.56,1,NA
1857-03-23 21:00:00,2.78,0,1028.45,3.33,2,NA
1857-03-24,NA,NA,NA,NA,NA,NA
1857-03-24 07:00:00,0,NA,1022.69,-0.56,0,",sn"
1857-03-24 12:00:00,NA,225,NA,NA,NA,NA
1857-03-24 14:00:00,0,NA,1017.95,-1.11,1,",sn"
1857-03-24 21:00:00,0.56,135,1016.26,0,1,NA
1857-03-25,NA,NA,NA,NA,NA,NA
1857-03-25 07:00:00,0,180,1008.13,-0.56,1,",br"
1857-03-25 12:00:00,NA,180,NA,NA,NA,NA
1857-03-25 14:00:00,0.56,NA,1005.42,-0.56,1,",br"
1857-03-25 21:00:00,0.56,180,1003.05,-0.56,2,",sn"
1857-03-26,NA,NA,NA,NA,NA,NA
1857-03-26 07:00:00,-0.56,0,996.61,-0.56,2,",sn"
1857-03-26 12:00:00,NA,0,NA,NA,NA,NA
1857-03-26 14:00:00,1.67,NA,996.61,3.33,2,NA
1857-03-26 21:00:00,2.78,0,997.29,3.89,2,",sn"
1857-03-27,NA,NA,NA,NA,NA,NA
1857-03-27 07:00:00,1.11,22.5,1000.34,1.67,16,NA
1857-03-27 12:00:00,NA,22.5,NA,NA,NA,NA
1857-03-27 14:00:00,3.33,NA,1001.02,4.44,11,NA
1857-03-27 21:00:00,3.33,315,1002.03,2.78,1,NA
1857-03-28,NA,NA,NA,NA,NA,NA
1857-03-28 07:00:00,3.89,NA,1005.76,3.89,0,NA
1857-03-28 12:00:00,NA,0,NA,NA,NA,NA
1857-03-28 14:00:00,6.67,NA,1006.1,7.22,1,NA
1857-03-28 21:00:00,6.67,337.5,1007.45,7.22,1,NA
1857-03-29,NA,NA,NA,NA,NA,NA
1857-03-29 07:00:00,1.11,337.5,1010.5,2.78,2,NA
1857-03-29 12:00:00,NA,22.5,NA,NA,NA,NA
1857-03-29 14:00:00,2.78,NA,1011.18,6.67,2,NA
1857-03-29 21:00:00,4.44,22.5,1012.53,4.44,2,",br"
1857-03-30,NA,NA,NA,NA,NA,NA
1857-03-30 07:00:00,1.11,45,1017.61,2.22,2,NA
1857-03-30 12:00:00,NA,45,NA,NA,NA,NA
1857-03-30 14:00:00,2.22,NA,1017.95,4.44,11,NA
1857-03-30 21:00:00,3.33,45,1018.29,3.89,11,NA
1857-03-31,NA,NA,NA,NA,NA,NA
1857-03-31 07:00:00,-0.56,180,1018.96,0.56,1,NA
1857-03-31 12:00:00,NA,180,NA,NA,NA,NA
1857-03-31 14:00:00,1.11,NA,1018.96,3.33,5,NA
1857-03-31 21:00:00,2.78,180,1017.27,3.33,2,NA
1857-04-01,NA,NA,NA,NA,NA,NA
1857-04-01 07:00:00,1.11,180,1010.16,0,1,NA
1857-04-01 12:00:00,NA,202.5,NA,NA,NA,NA
1857-04-01 14:00:00,6.11,NA,1008.81,8.89,2,NA
1857-04-01 21:00:00,7.78,225,1007.11,9.44,5,NA
1857-04-02 07:00:00,3.33,180,994.24,1.67,2,",ra"
1857-04-02 12:00:00,NA,0,NA,NA,NA,NA
1857-04-02 14:00:00,1.11,NA,995.6,-2.22,20,",sq"
1857-04-02 21:00:00,-0.56,0,1002.37,-3.89,20,",sn"
1857-04-03 07:00:00,-4.44,0,1020.32,-7.78,20,NA
1857-04-03 12:00:00,NA,0,NA,NA,NA,NA
1857-04-03 14:00:00,-3.33,NA,1021.33,-3.89,11,NA
1857-04-03 21:00:00,-2.22,0,1024.04,-2.22,11,NA
1857-04-04 07:00:00,-4.44,180,1028.78,-0.56,2,NA
1857-04-04 12:00:00,NA,180,NA,NA,NA,NA
1857-04-04 14:00:00,0.56,NA,1027.09,7.78,2,",br"
1857-04-04 21:00:00,1.11,225,1025.4,2.22,5,",br"
1857-04-05 07:00:00,0,315,1027.77,2.78,1,NA
1857-04-05 12:00:00,NA,270,NA,NA,NA,NA
1857-04-05 14:00:00,3.33,NA,1027.77,5.56,2,NA
1857-04-05 21:00:00,5.56,270,1028.11,3.33,2,NA
1857-04-06 07:00:00,-1.11,180,1026.08,3.33,2,",ovc"
1857-04-06 12:00:00,NA,202.5,NA,NA,NA,NA
1857-04-06 14:00:00,8.89,NA,1025.74,13.33,11,NA
1857-04-06 21:00:00,11.11,202.5,1024.38,14.44,11,NA
1857-04-07 07:00:00,6.67,180,1019.98,7.78,16,",fg"
1857-04-07 12:00:00,NA,180,NA,NA,NA,NA
1857-04-07 14:00:00,7.78,NA,1019.98,8.89,11,",ra"
1857-04-07 21:00:00,7.22,225,1021,8.89,5,",br"
1857-04-08 07:00:00,2.22,NA,1032.85,2.78,0,NA
1857-04-08 12:00:00,NA,180,NA,NA,NA,NA
1857-04-08 14:00:00,4.44,NA,1033.53,7.22,5,NA
1857-04-08 21:00:00,5.56,202.5,1033.53,7.22,5,NA
1857-04-09 07:00:00,1.67,180,1029.8,1.67,1,",ra"
1857-04-09 12:00:00,NA,180,NA,NA,NA,NA
1857-04-09 14:00:00,2.78,NA,1028.11,5.56,2,",ra"
1857-04-09 21:00:00,4.44,180,1026.75,6.67,2,",ra"
1857-04-10 07:00:00,4.44,180,1024.38,7.22,2,",fg"
1857-04-10 12:00:00,NA,180,NA,NA,NA,NA
1857-04-10 14:00:00,6.11,NA,1024.04,11.11,1,",fg"
1857-04-10 21:00:00,7.78,180,1023.37,9.44,2,",fg"
1857-04-11 07:00:00,2.78,180,1017.27,1.67,5,",fg"
1857-04-11 12:00:00,NA,180,NA,NA,NA,NA
1857-04-11 14:00:00,4.44,NA,1015.58,5.56,5,NA
1857-04-11 21:00:00,4.44,180,1013.88,4.44,2,",ra"
1857-04-12 07:00:00,5,NA,1015.92,5,0,NA
1857-04-12 12:00:00,NA,225,NA,NA,NA,NA
1857-04-12 14:00:00,8.89,NA,1016.59,10.56,2,NA
1857-04-12 21:00:00,11.11,225,1018.29,12.22,1,NA
1857-04-13 07:00:00,3.33,225,1021.67,2.22,1,",fg"
1857-04-13 12:00:00,NA,225,NA,NA,NA,NA
1857-04-13 14:00:00,6.67,NA,1022.01,7.78,2,NA
1857-04-13 21:00:00,6.67,225,1023.37,8.33,2,NA
1857-04-14 07:00:00,4.44,180,1019.98,2.22,5,",ra"
1857-04-14 12:00:00,NA,135,NA,NA,NA,NA
1857-04-14 14:00:00,6.67,NA,1016.59,9.44,16,",ra"
1857-04-14 21:00:00,6.11,135,1012.53,7.78,16,",ra"
1857-04-15 07:00:00,4.44,135,1001.69,6.11,2,NA
1857-04-15 12:00:00,NA,202.5,NA,NA,NA,NA
1857-04-15 14:00:00,5.56,NA,1003.73,7.22,2,",br"
1857-04-15 21:00:00,5.56,180,1005.08,6.11,2,",ra"
1857-04-16 07:00:00,3.33,225,1011.85,4.44,5,",ra"
1857-04-16 12:00:00,NA,247.5,NA,NA,NA,NA
1857-04-16 14:00:00,6.11,NA,1014.9,7.22,11,NA
1857-04-16 21:00:00,6.67,247.5,1017.61,9.44,11,NA
1857-04-17 07:00:00,4.44,135,1011.18,3.89,16,",ra"
1857-04-17 12:00:00,NA,135,NA,NA,NA,NA
1857-04-17 14:00:00,5.56,NA,1010.5,6.67,27,",ra"
1857-04-17 21:00:00,5.56,135,1005.08,7.22,27,",ra"
1857-04-18 07:00:00,3.33,315,1010.5,4.44,2,",ra"
1857-04-18 12:00:00,NA,225,NA,NA,NA,NA
1857-04-18 14:00:00,3.33,NA,1013.21,3.33,11,",ra"
1857-04-18 21:00:00,3.33,225,1016.26,2.22,16,",ra"
1857-04-19 07:00:00,0.56,135,1026.08,0.56,16,NA
1857-04-19 12:00:00,NA,225,NA,NA,NA,NA
1857-04-19 14:00:00,5,NA,1026.08,7.22,5,NA
1857-04-19 21:00:00,5.56,225,1025.4,7.78,5,NA
1857-04-20 07:00:00,3.89,22.5,1021.33,6.11,2,NA
1857-04-20 12:00:00,NA,180,NA,NA,NA,NA
1857-04-20 14:00:00,6.11,NA,1020.66,9.44,2,",skc"
1857-04-20 21:00:00,6.67,180,1018.96,10.56,1,NA
1857-04-21 07:00:00,3.89,135,1015.24,0.56,11,NA
1857-04-21 12:00:00,NA,135,NA,NA,NA,NA
1857-04-21 14:00:00,5,NA,1013.55,6.67,16,NA
1857-04-21 21:00:00,4.44,135,1011.18,4.44,16,",br"
1857-04-22 07:00:00,2.22,0,1007.45,4.44,5,NA
1857-04-22 12:00:00,NA,45,NA,NA,NA,NA
1857-04-22 14:00:00,3.33,NA,1007.11,6.11,5,NA
1857-04-22 21:00:00,4.44,45,1006.77,5.56,5,NA
1857-04-23 07:00:00,1.67,315,994.92,1.11,16,NA
1857-04-23 12:00:00,NA,315,NA,NA,NA,NA
1857-04-23 14:00:00,6.67,NA,998.31,7.78,16,",sn"
1857-04-23 21:00:00,4.44,315,1000.68,4.44,11,",sn"
1857-04-24 07:00:00,3.33,270,1006.77,2.78,2,NA
1857-04-24 12:00:00,NA,202.5,NA,NA,NA,NA
1857-04-24 14:00:00,6.67,NA,1007.45,8.33,5,",ra"
1857-04-24 21:00:00,8.33,247.5,1008.13,9.44,5,NA
1857-04-25 07:00:00,7.22,292.5,1010.16,9.44,2,NA
1857-04-25 12:00:00,NA,292.5,NA,NA,NA,NA
1857-04-25 14:00:00,10,NA,1010.5,13.33,2,NA
1857-04-25 21:00:00,11.11,247.5,1009.82,12.78,11,NA
1857-04-26 07:00:00,5.56,45,1009.82,6.11,2,NA
1857-04-26 12:00:00,NA,45,NA,NA,NA,NA
1857-04-26 14:00:00,6.67,NA,1010.5,10,2,NA
1857-04-26 21:00:00,7.22,45,1011.51,8.89,5,",ra"
1857-04-27 07:00:00,5.56,0,1017.95,7.22,1,NA
1857-04-27 12:00:00,NA,225,NA,NA,NA,NA
1857-04-27 14:00:00,7.78,NA,1018.29,10,2,NA
1857-04-27 21:00:00,8.89,225,1018.63,7.78,2,NA
1857-04-28 07:00:00,6.11,247.5,1006.43,7.22,2,NA
1857-04-28 12:00:00,NA,247.5,NA,NA,NA,NA
1857-04-28 14:00:00,8.89,NA,1008.13,11.11,5,",br"
1857-04-28 21:00:00,10,247.5,1010.16,10,11,NA
1857-04-29 07:00:00,6.11,292.5,1019.64,8.33,5,NA
1857-04-29 12:00:00,NA,292.5,NA,NA,NA,NA
1857-04-29 14:00:00,8.33,NA,1021,12.22,11,",skc"
1857-04-29 21:00:00,8.89,270,1020.66,11.11,16,",skc"
1857-04-30 07:00:00,5,NA,1026.41,5.56,0,",br"
1857-04-30 12:00:00,NA,0,NA,NA,NA,NA
1857-04-30 14:00:00,7.78,NA,1027.43,11.11,11,NA
1857-04-30 21:00:00,7.78,0,1028.11,10,11,NA
1857-05-01 07:00:00,4.44,0,1037.25,0.56,1,NA
1857-05-01 12:00:00,NA,180,NA,NA,NA,NA
1857-05-01 14:00:00,7.78,NA,1036.57,7.78,5,NA
1857-05-01 21:00:00,8.89,270,1036.24,10,5,NA
1857-05-02 07:00:00,5.56,180,1032.17,7.78,5,NA
1857-05-02 12:00:00,NA,202.5,NA,NA,NA,NA
1857-05-02 14:00:00,7.78,NA,1031.16,8.89,11,NA
1857-05-02 21:00:00,8.33,225,1028.11,8.89,5,NA
1857-05-03 07:00:00,8.89,225,1023.37,10.56,2,NA
1857-05-03 12:00:00,NA,NA,NA,NA,NA,NA
1857-05-03 14:00:00,10,NA,1022.35,12.78,0,",ra"
1857-05-03 21:00:00,11.11,270,1022.01,12.78,2,",br"
1857-05-04 07:00:00,8.89,180,1024.04,9.44,1,",fg"
1857-05-04 12:00:00,NA,180,NA,NA,NA,NA
1857-05-04 14:00:00,10,NA,1025.06,11.67,2,",ra"
1857-05-04 21:00:00,10,180,1025.06,12.22,2,",ra"
1857-05-05 07:00:00,8.89,180,1022.35,10.56,1,",fg"
1857-05-05 12:00:00,NA,180,NA,NA,NA,NA
1857-05-05 14:00:00,10,NA,1021.33,14.44,1,",sh"
1857-05-05 21:00:00,11.11,180,1020.32,15.56,1,",fg"
1857-05-06 07:00:00,11.11,202.5,1017.61,12.22,1,NA
1857-05-06 12:00:00,NA,180,NA,NA,NA,NA
1857-05-06 14:00:00,13.89,NA,1017.61,21.11,2,NA
1857-05-06 21:00:00,15.56,180,1017.95,21.67,2,NA
1857-05-07 07:00:00,10,180,1020.32,12.78,2,",fg"
1857-05-07 12:00:00,NA,180,NA,NA,NA,NA
1857-05-07 14:00:00,12.22,NA,1020.66,14.44,5,",br"
1857-05-07 21:00:00,14.44,270,1020.66,17.78,5,NA
1857-05-08 07:00:00,10,180,1020.32,8.33,5,",ra"
1857-05-08 12:00:00,NA,225,NA,NA,NA,NA
1857-05-08 14:00:00,10,NA,1019.3,13.33,1,NA
1857-05-08 21:00:00,12.22,0,1019.64,12.78,2,NA
1857-05-09 07:00:00,11.11,337.5,1026.75,12.22,2,NA
1857-05-09 12:00:00,NA,270,NA,NA,NA,NA
1857-05-09 14:00:00,14.44,NA,1027.09,18.33,5,NA
1857-05-09 21:00:00,15.56,337.5,1026.08,20,5,NA
1857-05-10 07:00:00,13.33,292.5,1016.26,13.33,2,",skc"
1857-05-10 12:00:00,NA,292.5,NA,NA,NA,NA
1857-05-10 14:00:00,14.44,NA,1012.87,18.33,11,NA
1857-05-10 21:00:00,17.78,292.5,1010.16,18.89,16,NA
1857-05-11 07:00:00,11.11,337.5,1005.76,12.22,2,",br"
1857-05-11 12:00:00,NA,22.5,NA,NA,NA,NA
1857-05-11 14:00:00,10,NA,1007.11,10,11,",br"
1857-05-11 21:00:00,7.78,22.5,1009.14,7.78,11,",br"
1857-05-12 07:00:00,2.22,337.5,1018.29,0.56,11,NA
1857-05-12 12:00:00,NA,337.5,NA,NA,NA,NA
1857-05-12 14:00:00,4.44,NA,1018.29,6.11,5,NA
1857-05-12 21:00:00,5.56,337.5,1017.95,10,11,NA
1857-05-13 07:00:00,5.56,315,1017.95,3.33,2,NA
1857-05-13 12:00:00,NA,337.5,NA,NA,NA,NA
1857-05-13 14:00:00,8.33,NA,1014.22,12.22,5,NA
1857-05-13 21:00:00,9.44,337.5,1013.55,13.33,16,NA
1857-05-14 07:00:00,8.89,0,1012.53,10,2,NA
1857-05-14 12:00:00,NA,337.5,NA,NA,NA,NA
1857-05-14 14:00:00,10,NA,1010.16,12.78,16,",skc"
1857-05-14 21:00:00,11.11,337.5,1010.5,11.11,11,NA
1857-05-15 07:00:00,7.22,135,1011.51,7.22,2,NA
1857-05-15 12:00:00,NA,135,NA,NA,NA,NA
1857-05-15 14:00:00,10,NA,1011.18,12.22,16,",br"
1857-05-15 21:00:00,11.11,180,1010.5,11.11,5,",br"
1857-05-16 07:00:00,6.67,90,1013.21,7.22,5,",ovc"
1857-05-16 12:00:00,NA,90,NA,NA,NA,NA
1857-05-16 14:00:00,6.67,NA,1013.55,8.33,11,",ra"
1857-05-16 21:00:00,6.11,90,1014.22,6.11,5,",ra"
1857-05-17 07:00:00,4.44,22.5,1019.98,6.11,5,",br"
1857-05-17 12:00:00,NA,0,NA,NA,NA,NA
1857-05-17 14:00:00,8.33,NA,1020.32,9.44,1,NA
1857-05-17 21:00:00,10,270,1022.01,12.78,2,NA
1857-05-18 07:00:00,8.33,315,1027.09,8.89,1,NA
1857-05-18 12:00:00,NA,180,NA,NA,NA,NA
1857-05-18 14:00:00,11.11,NA,1027.43,12.78,5,",br"
1857-05-18 21:00:00,11.11,180,1027.43,13.33,5,",skc"
1857-05-19 07:00:00,8.33,202.5,1027.43,9.44,5,NA
1857-05-19 12:00:00,NA,180,NA,NA,NA,NA
1857-05-19 14:00:00,10,NA,1026.41,12.78,11,NA
1857-05-19 21:00:00,10,180,1025.06,12.22,11,NA
1857-05-20 07:00:00,7.22,157.5,1020.66,11.11,11,",ra"
1857-05-20 12:00:00,NA,157.5,NA,NA,NA,NA
1857-05-20 14:00:00,8.89,NA,1019.3,12.22,16,NA
1857-05-20 21:00:00,8.33,112.5,1015.92,11.67,11,NA
1857-05-21 07:00:00,6.67,112.5,1010.16,7.22,11,",fg"
1857-05-21 12:00:00,NA,157.5,NA,NA,NA,NA
1857-05-21 14:00:00,7.78,NA,1010.5,11.11,5,NA
1857-05-21 21:00:00,8.89,180,1011.18,12.22,5,NA
1857-05-22 07:00:00,6.67,180,1010.84,7.78,2,",ra"
1857-05-22 12:00:00,NA,292.5,NA,NA,NA,NA
1857-05-22 14:00:00,9.44,NA,1011.51,12.22,2,NA
1857-05-22 21:00:00,11.67,337.5,1012.87,14.44,5,NA
1857-05-23 07:00:00,10.56,225,1019.64,12.22,2,NA
1857-05-23 12:00:00,NA,247.5,NA,NA,NA,NA
1857-05-23 14:00:00,12.78,NA,1019.98,14.44,1,NA
1857-05-23 21:00:00,13.33,247.5,1019.64,14.44,5,NA
1857-05-24 07:00:00,8.89,NA,1017.95,10,0,",fg"
1857-05-24 12:00:00,NA,225,NA,NA,NA,NA
1857-05-24 14:00:00,14.44,NA,1018.29,20,1,",skc"
1857-05-24 21:00:00,15.56,247.5,1018.29,20,1,",skc"
1857-05-25 07:00:00,12.22,180,1020.66,12.22,1,",br"
1857-05-25 12:00:00,NA,180,NA,NA,NA,NA
1857-05-25 14:00:00,14.44,NA,1019.64,18.33,2,",br"
1857-05-25 21:00:00,17.78,202.5,1017.95,20.56,11,",br"
1857-05-26 07:00:00,12.22,22.5,1018.29,10.56,16,NA
1857-05-26 12:00:00,NA,22.5,NA,NA,NA,NA
1857-05-26 14:00:00,12.22,NA,1021,15,5,NA
1857-05-26 21:00:00,13.33,247.5,1023.37,17.22,5,NA
1857-05-27 07:00:00,9.44,180,1031.49,7.22,2,",br"
1857-05-27 12:00:00,NA,180,NA,NA,NA,NA
1857-05-27 14:00:00,10,NA,1031.49,14.44,5,NA
1857-05-27 21:00:00,10,157.5,1030.82,13.33,11,NA
1857-05-28,NA,NA,NA,NA,NA,NA
1857-05-28 07:00:00,8.89,180,1026.75,13.33,1,",fg"
1857-05-28 12:00:00,NA,225,NA,NA,NA,NA
1857-05-28 14:00:00,14.44,NA,1026.08,16.67,5,",br"
1857-05-28 21:00:00,13.89,225,1024.72,16.67,2,",br"
1857-05-29,NA,NA,NA,NA,NA,NA
1857-05-29 07:00:00,11.67,247.5,1020.66,13.33,1,",fg"
1857-05-29 12:00:00,NA,225,NA,NA,NA,NA
1857-05-29 14:00:00,13.33,NA,1019.64,17.22,5,",fg"
1857-05-29 21:00:00,16.11,225,1017.95,18.33,5,",br"
1857-05-30,NA,NA,NA,NA,NA,NA
1857-05-30 07:00:00,13.33,NA,1010.16,14.44,0,",fg"
1857-05-30 12:00:00,NA,292.5,NA,NA,NA,NA
1857-05-30 14:00:00,17.22,NA,1010.5,20.56,2,NA
1857-05-30 21:00:00,17.78,NA,1011.51,20.56,0,NA
1857-05-31,NA,NA,NA,NA,NA,NA
1857-05-31 07:00:00,14.44,337.5,1016.59,16.67,2,NA
1857-05-31 12:00:00,NA,270,NA,NA,NA,NA
1857-05-31 14:00:00,16.11,NA,1016.93,19.44,5,NA
1857-05-31 21:00:00,17.78,337.5,1016.93,20.56,5,NA
1857-06-01,NA,NA,NA,NA,NA,NA
1857-06-01 07:00:00,13.33,315,1018.63,15,1,NA
1857-06-01 12:00:00,NA,270,NA,NA,NA,NA
1857-06-01 14:00:00,17.78,NA,1018.63,21.11,1,NA
1857-06-01 21:00:00,18.33,270,1018.63,21.67,2,NA
1857-06-02,NA,NA,NA,NA,NA,NA
1857-06-02 07:00:00,13.33,180,1014.9,10,2,",ra"
1857-06-02 12:00:00,NA,180,NA,NA,NA,NA
1857-06-02 14:00:00,13.33,NA,1012.53,12.78,2,",ra"
1857-06-02 21:00:00,12.78,180,1010.5,12.22,2,",ra"
1857-06-03,NA,NA,NA,NA,NA,NA
1857-06-03 07:00:00,12.22,180,1006.77,13.33,1,",br"
1857-06-03 12:00:00,NA,292.5,NA,NA,NA,NA
1857-06-03 14:00:00,17.22,NA,1006.77,21.11,1,",skc"
1857-06-03 21:00:00,20,292.5,1007.45,21.11,2,",skc"
1857-06-04,NA,NA,NA,NA,NA,NA
1857-06-04 07:00:00,17.22,157.5,1010.5,18.33,5,NA
1857-06-04 12:00:00,NA,225,NA,NA,NA,NA
1857-06-04 14:00:00,15.56,NA,1009.48,18.89,2,",sh"
1857-06-04 21:00:00,17.78,315,1008.47,20.56,5,NA
1857-06-05,NA,NA,NA,NA,NA,NA
1857-06-05 07:00:00,13.89,0,1010.5,15.56,5,NA
1857-06-05 12:00:00,NA,337.5,NA,NA,NA,NA
1857-06-05 14:00:00,14.44,NA,1010.5,18.33,11,NA
1857-06-05 21:00:00,15.56,337.5,1010.16,20,11,NA
1857-06-06,NA,NA,NA,NA,NA,NA
1857-06-06 07:00:00,11.67,22.5,1010.84,14.44,1,NA
1857-06-06 12:00:00,NA,22.5,NA,NA,NA,NA
1857-06-06 14:00:00,13.33,NA,1010.16,17.22,1,NA
1857-06-06 21:00:00,14.44,337.5,1009.14,18.89,5,NA
1857-06-07,NA,NA,NA,NA,NA,NA
1857-06-07 07:00:00,12.78,135,1009.48,14.44,1,NA
1857-06-07 12:00:00,NA,135,NA,NA,NA,NA
1857-06-07 14:00:00,13.33,NA,1009.48,17.78,5,NA
1857-06-07 21:00:00,14.44,270,1008.81,15.56,11,",bkn"
1857-06-08,NA,NA,NA,NA,NA,NA
1857-06-08 07:00:00,12.22,315,1015.24,15,2,NA
1857-06-08 12:00:00,NA,337.5,NA,NA,NA,NA
1857-06-08 14:00:00,14.44,NA,1015.92,17.78,11,NA
1857-06-08 21:00:00,15,337.5,1015.92,20,11,NA
1857-06-09,NA,NA,NA,NA,NA,NA
1857-06-09 07:00:00,12.22,0,1019.3,13.33,5,NA
1857-06-09 12:00:00,NA,0,NA,NA,NA,NA
1857-06-09 14:00:00,14.44,NA,1019.3,18.33,11,NA
1857-06-09 21:00:00,15.56,0,1019.64,18.89,11,NA
1857-06-10,NA,NA,NA,NA,NA,NA
1857-06-10 07:00:00,15,315,1021.33,12.78,1,NA
1857-06-10 12:00:00,NA,225,NA,NA,NA,NA
1857-06-10 14:00:00,17.78,NA,1020.32,20.56,11,NA
1857-06-10 21:00:00,18.33,337.5,1019.98,21.11,2,NA
1857-06-25,NA,NA,NA,NA,NA,NA
1857-06-25 07:00:00,15.56,315,1006.77,18.89,2,",br"
1857-06-25 12:00:00,NA,315,NA,NA,NA,NA
1857-06-25 14:00:00,17.78,NA,1005.08,20.56,5,",br"
1857-06-25 21:00:00,17.78,337.5,1005.08,17.78,5,NA
1857-06-26,NA,NA,NA,NA,NA,NA
1857-06-26 07:00:00,14.44,270,1007.45,13.89,2,NA
1857-06-26 12:00:00,NA,337.5,NA,NA,NA,NA
1857-06-26 14:00:00,17.78,NA,1007.45,21.11,5,NA
1857-06-26 21:00:00,18.33,0,1008.47,21.11,2,",sh"
1857-06-27,NA,NA,NA,NA,NA,NA
1857-06-27 07:00:00,14.44,0,1013.55,15.56,5,",br"
1857-06-27 12:00:00,NA,0,NA,NA,NA,NA
1857-06-27 14:00:00,17.22,NA,1013.88,18.33,5,",sh"
1857-06-27 21:00:00,17.78,0,1014.56,20,5,",sh"
1857-06-28,NA,NA,NA,NA,NA,NA
1857-06-28 07:00:00,14.44,0,1015.92,14.44,11,NA
1857-06-28 12:00:00,NA,0,NA,NA,NA,NA
1857-06-28 14:00:00,16.67,NA,1013.88,17.78,11,",sh"
1857-06-28 21:00:00,16.67,22.5,1013.88,17.78,11,NA
1857-06-29,NA,NA,NA,NA,NA,NA
1857-06-29 07:00:00,13.33,90,1015.24,12.78,2,",sh"
1857-06-29 12:00:00,NA,135,NA,NA,NA,NA
1857-06-29 14:00:00,15.56,NA,1017.27,17.78,5,NA
1857-06-29 21:00:00,16.67,135,1017.61,18.33,2,NA
1857-06-30,NA,NA,NA,NA,NA,NA
1857-06-30 07:00:00,14.44,180,1019.64,13.33,5,",dz"
1857-06-30 12:00:00,NA,157.5,NA,NA,NA,NA
1857-06-30 14:00:00,14.44,NA,1020.66,16.67,11,",br"
1857-06-30 21:00:00,13.33,157.5,1019.98,16.67,16,NA
1857-07-01,NA,NA,NA,NA,NA,NA
1857-07-01 07:00:00,14.44,157.5,1023.03,11.67,5,NA
1857-07-01 12:00:00,NA,157.5,NA,NA,NA,NA
1857-07-01 14:00:00,16.67,NA,1022.69,18.33,5,NA
1857-07-01 21:00:00,16.11,135,1021.67,17.22,5,NA
1857-07-02,NA,NA,NA,NA,NA,NA
1857-07-02 07:00:00,15.56,180,1024.04,14.44,1,NA
1857-07-02 12:00:00,NA,180,NA,NA,NA,NA
1857-07-02 14:00:00,17.78,NA,1024.04,18.33,5,NA
1857-07-02 21:00:00,17.78,202.5,1024.72,20.56,2,NA
1857-07-03,NA,NA,NA,NA,NA,NA
1857-07-03 07:00:00,16.67,135,1025.4,15.56,1,NA
1857-07-03 12:00:00,NA,180,NA,NA,NA,NA
1857-07-03 14:00:00,18.89,NA,1025.06,21.11,5,NA
1857-07-03 21:00:00,18.33,180,1024.72,20,2,NA
1857-07-04,NA,NA,NA,NA,NA,NA
1857-07-04 07:00:00,14.44,NA,1020.66,15.56,0,",ra"
1857-07-04 12:00:00,NA,180,NA,NA,NA,NA
1857-07-04 14:00:00,17.22,NA,1020.32,20.56,2,",br"
1857-07-04 21:00:00,18.33,180,1019.98,21.11,5,NA
1857-07-05,NA,NA,NA,NA,NA,NA
1857-07-05 07:00:00,17.78,0,1022.69,19.44,2,NA
1857-07-05 12:00:00,NA,0,NA,NA,NA,NA
1857-07-05 14:00:00,18.89,NA,1023.37,22.78,5,NA
1857-07-05 21:00:00,19.44,0,1024.38,23.89,2,NA
1857-07-06,NA,NA,NA,NA,NA,NA
1857-07-06 07:00:00,15.56,337.5,1027.77,13.33,2,NA
1857-07-06 12:00:00,NA,270,NA,NA,NA,NA
1857-07-06 14:00:00,21.11,NA,1027.09,25.56,5,",skc"
1857-07-06 21:00:00,22.22,270,1025.06,25.56,5,",skc"
1857-07-07,NA,NA,NA,NA,NA,NA
1857-07-07 07:00:00,20,315,1017.61,20.56,2,NA
1857-07-07 12:00:00,NA,292.5,NA,NA,NA,NA
1857-07-07 14:00:00,22.78,NA,1015.58,26.11,5,NA
1857-07-07 21:00:00,23.33,270,1013.55,25.56,5,NA
1857-07-08,NA,NA,NA,NA,NA,NA
1857-07-08 07:00:00,18.89,22.5,1011.18,16.67,2,NA
1857-07-08 12:00:00,NA,22.5,NA,NA,NA,NA
1857-07-08 14:00:00,20,NA,1013.55,20,5,NA
1857-07-08 21:00:00,20.56,0,1014.56,21.11,2,NA
1857-07-09,NA,NA,NA,NA,NA,NA
1857-07-09 07:00:00,16.67,337.5,1021.33,16.67,5,",skc"
1857-07-09 12:00:00,NA,0,NA,NA,NA,NA
1857-07-09 14:00:00,16.67,NA,1023.03,18.89,16,",skc"
1857-07-09 21:00:00,17.78,22.5,1024.04,20,11,NA
1857-07-10,NA,NA,NA,NA,NA,NA
1857-07-10 07:00:00,16.67,NA,1031.49,18.89,0,",skc"
1857-07-10 12:00:00,NA,157.5,NA,NA,NA,NA
1857-07-10 14:00:00,18.89,NA,1031.49,21.67,2,NA
1857-07-10 21:00:00,20,315,1031.16,22.22,2,",skc"
1857-07-11,NA,NA,NA,NA,NA,NA
1857-07-11 07:00:00,18.33,315,1027.09,20.56,1,NA
1857-07-11 12:00:00,NA,247.5,NA,NA,NA,NA
1857-07-11 14:00:00,21.11,NA,1024.72,25,2,",skc"
1857-07-11 21:00:00,22.22,292.5,1023.37,25,5,",br"
1857-07-12,NA,NA,NA,NA,NA,NA
1857-07-12 07:00:00,18.89,0,1021.33,24.44,2,NA
1857-07-12 12:00:00,NA,0,NA,NA,NA,NA
1857-07-12 14:00:00,24.44,NA,1021.33,28.33,2,",skc"
1857-07-12 21:00:00,25.56,22.5,1021.67,26.67,5,",skc"
1857-07-13,NA,NA,NA,NA,NA,NA
1857-07-13 07:00:00,17.22,180,1026.75,13.89,2,",fg"
1857-07-13 12:00:00,NA,202.5,NA,NA,NA,NA
1857-07-13 14:00:00,18.33,NA,1026.08,20.56,5,NA
1857-07-13 21:00:00,18.33,180,1025.4,18.89,2,",br"
1857-07-14,NA,NA,NA,NA,NA,NA
1857-07-14 07:00:00,15.56,180,1024.72,13.33,1,",fg"
1857-07-14 12:00:00,NA,225,NA,NA,NA,NA
1857-07-14 14:00:00,16.67,NA,1024.72,17.78,1,",br"
1857-07-14 21:00:00,18.33,225,1024.04,20,2,NA
1857-07-15,NA,NA,NA,NA,NA,NA
1857-07-15 07:00:00,16.67,NA,1023.71,15.56,0,",fg"
1857-07-15 12:00:00,NA,225,NA,NA,NA,NA
1857-07-15 14:00:00,19.44,NA,1023.37,20.56,2,NA
1857-07-15 21:00:00,21.11,270,1023.37,23.33,5,NA
1857-07-16,NA,NA,NA,NA,NA,NA
1857-07-16 07:00:00,17.78,NA,1023.71,16.67,0,",fg"
1857-07-16 12:00:00,NA,180,NA,NA,NA,NA
1857-07-16 14:00:00,20.56,NA,1023.71,21.11,2,",br"
1857-07-16 21:00:00,22.78,247.5,1024.04,23.33,1,",br"
1857-07-17,NA,NA,NA,NA,NA,NA
1857-07-17 07:00:00,21.11,NA,1026.75,18.33,0,",fg"
1857-07-17 12:00:00,NA,225,NA,NA,NA,NA
1857-07-17 14:00:00,23.89,NA,1027.09,25.56,2,",br"
1857-07-17 21:00:00,25.56,225,1027.09,26.67,2,",br"
1857-07-18,NA,NA,NA,NA,NA,NA
1857-07-18 07:00:00,20,180,1024.72,20,2,",fg"
1857-07-18 12:00:00,NA,180,NA,NA,NA,NA
1857-07-18 14:00:00,21.11,NA,1024.04,23.33,1,",fg"
1857-07-18 21:00:00,22.22,180,1022.69,24.44,2,",fg"
1857-07-19,NA,NA,NA,NA,NA,NA
1857-07-19 07:00:00,19.44,180,1018.29,18.89,1,",fg"
1857-07-19 12:00:00,NA,157.5,NA,NA,NA,NA
1857-07-19 14:00:00,22.78,NA,1017.61,24.44,2,NA
1857-07-19 21:00:00,23.33,157.5,1016.93,25.56,2,NA
1857-07-20,NA,NA,NA,NA,NA,NA
1857-07-20 07:00:00,21.67,202.5,1017.61,22.78,1,NA
1857-07-20 12:00:00,NA,180,NA,NA,NA,NA
1857-07-20 14:00:00,25,NA,1017.95,27.22,1,NA
1857-07-20 21:00:00,25.56,202.5,1018.29,26.67,1,NA
1857-07-21,NA,NA,NA,NA,NA,NA
1857-07-21 07:00:00,23.33,225,1018.63,23.89,1,NA
1857-07-21 12:00:00,NA,225,NA,NA,NA,NA
1857-07-21 14:00:00,25.56,NA,1018.63,27.78,1,NA
1857-07-21 21:00:00,25.56,225,1018.63,28.89,2,NA
1857-07-22,NA,NA,NA,NA,NA,NA
1857-07-22 07:00:00,21.11,225,1016.59,21.11,2,",ra"
1857-07-22 12:00:00,NA,270,NA,NA,NA,NA
1857-07-22 14:00:00,22.22,NA,1015.24,23.33,2,NA
1857-07-22 21:00:00,23.33,292.5,1016.93,25.56,11,",ra"
1857-07-23,NA,NA,NA,NA,NA,NA
1857-07-23 07:00:00,17.78,22.5,1027.43,16.11,2,",br"
1857-07-23 12:00:00,NA,22.5,NA,NA,NA,NA
1857-07-23 14:00:00,17.78,NA,1029.46,16.67,2,NA
1857-07-23 21:00:00,17.78,135,1032.17,17.22,5,NA
1857-07-24,NA,NA,NA,NA,NA,NA
1857-07-24 07:00:00,16.67,180,1031.49,15.56,11,",ra"
1857-07-24 12:00:00,NA,180,NA,NA,NA,NA
1857-07-24 14:00:00,17.22,NA,1030.82,17.78,2,",fg"
1857-07-24 21:00:00,17.78,180,1030.48,18.33,2,",fg"
1857-07-25,NA,NA,NA,NA,NA,NA
1857-07-25 07:00:00,17.78,270,1031.16,18.89,1,",fg"
1857-07-25 12:00:00,NA,225,NA,NA,NA,NA
1857-07-25 14:00:00,23.33,NA,1031.16,23.33,2,NA
1857-07-25 21:00:00,24.44,270,1030.82,25.56,2,NA
1857-07-26,NA,NA,NA,NA,NA,NA
1857-07-26 07:00:00,20,270,1027.43,20.56,2,NA
1857-07-26 12:00:00,NA,270,NA,NA,NA,NA
1857-07-26 14:00:00,23.33,NA,1027.09,23.89,5,NA
1857-07-26 21:00:00,24.44,270,1025.4,25.56,5,",skc"
1857-07-27,NA,NA,NA,NA,NA,NA
1857-07-27 07:00:00,21.11,270,1025.4,23.89,2,NA
1857-07-27 12:00:00,NA,270,NA,NA,NA,NA
1857-07-27 14:00:00,26.11,NA,1024.04,28.89,5,NA
1857-07-27 21:00:00,26.67,270,1023.71,28.33,5,NA
1857-07-28,NA,NA,NA,NA,NA,NA
1857-07-28 07:00:00,21.11,270,1023.37,21.67,1,",br"
1857-07-28 12:00:00,NA,270,NA,NA,NA,NA
1857-07-28 14:00:00,23.89,NA,1022.01,25,5,NA
1857-07-28 21:00:00,24.44,270,1021,24.44,2,NA
1857-07-29,NA,NA,NA,NA,NA,NA
1857-07-29 07:00:00,20,270,1019.98,19.44,2,",br"
1857-07-29 12:00:00,NA,270,NA,NA,NA,NA
1857-07-29 14:00:00,21.67,NA,1020.32,23.33,2,",br"
1857-07-29 21:00:00,21.67,270,1020.66,22.78,2,",ra"
1857-07-30,NA,NA,NA,NA,NA,NA
1857-07-30 07:00:00,19.44,292.5,1027.09,18.33,1,",br"
1857-07-30 12:00:00,NA,225,NA,NA,NA,NA
1857-07-30 14:00:00,21.67,NA,1027.43,23.89,1,NA
1857-07-30 21:00:00,22.22,180,1027.43,24.44,2,NA
1857-07-31,NA,NA,NA,NA,NA,NA
1857-07-31 07:00:00,16.67,135,1025.4,15,5,",br"
1857-07-31 12:00:00,NA,135,NA,NA,NA,NA
1857-07-31 14:00:00,16.67,NA,1020.66,18.89,5,",ra"
1857-07-31 21:00:00,16.67,135,1018.29,14.44,5,",ra"
1857-08-01,NA,NA,NA,NA,NA,NA
1857-08-01 07:00:00,16.67,22.5,1017.95,17.22,2,NA
1857-08-01 12:00:00,NA,22.5,NA,NA,NA,NA
1857-08-01 14:00:00,18.33,NA,1018.63,20.56,2,",br"
1857-08-01 21:00:00,20,22.5,1019.3,20.56,2,NA
1857-08-02,NA,NA,NA,NA,NA,NA
1857-08-02 07:00:00,17.78,135,1020.32,18.33,1,",fg"
1857-08-02 12:00:00,NA,135,NA,NA,NA,NA
1857-08-02 14:00:00,18.89,NA,1020.66,18.33,2,",br"
1857-08-02 21:00:00,21.11,135,1020.66,18.89,2,NA
1857-08-03,NA,NA,NA,NA,NA,NA
1857-08-03 07:00:00,18.33,NA,1020.66,18.33,0,",fg"
1857-08-03 12:00:00,NA,NA,NA,NA,NA,NA
1857-08-03 14:00:00,19.44,NA,1020.32,22.22,0,NA
1857-08-03 21:00:00,21.11,NA,1020.32,20.56,0,",ra"
1857-08-04,NA,NA,NA,NA,NA,NA
1857-08-04 07:00:00,18.33,45,1023.71,17.78,1,NA
1857-08-04 12:00:00,NA,NA,NA,NA,NA,NA
1857-08-04 14:00:00,21.67,NA,1023.71,23.89,0,NA
1857-08-04 21:00:00,22.78,180,1023.71,24.44,2,NA
1857-08-05,NA,NA,NA,NA,NA,NA
1857-08-05 07:00:00,17.78,NA,1022.69,18.89,0,NA
1857-08-05 12:00:00,NA,247.5,NA,NA,NA,NA
1857-08-05 14:00:00,20,NA,1022.35,21.11,2,NA
1857-08-05 21:00:00,20,247.5,1019.98,21.11,2,",ra"
1857-08-06 07:00:00,16.67,22.5,1017.95,17.22,2,NA
1857-08-06 12:00:00,NA,22.5,NA,NA,NA,NA
1857-08-06 14:00:00,18.33,NA,1018.63,20.56,2,",br"
1857-08-06 21:00:00,20,22.5,1019.3,20.56,2,NA
1857-08-07 07:00:00,19.44,NA,1027.43,20,0,NA
1857-08-07 12:00:00,NA,0,NA,NA,NA,NA
1857-08-07 14:00:00,24.44,NA,1027.77,24.44,1,NA
1857-08-07 21:00:00,25.56,337.5,1027.77,26.67,5,NA
1857-08-08 07:00:00,20,NA,1027.77,20.56,0,NA
1857-08-08 12:00:00,NA,337.5,NA,NA,NA,NA
1857-08-08 14:00:00,23.33,NA,1027.09,26.11,2,",skc"
1857-08-08 21:00:00,23.33,337.5,1025.06,26.11,5,",skc"
1857-08-09 07:00:00,17.78,NA,1020.32,17.22,0,",br"
1857-08-09 12:00:00,NA,22.5,NA,NA,NA,NA
1857-08-09 14:00:00,19.44,NA,1020.32,20.56,5,NA
1857-08-09 21:00:00,21.67,22.5,1019.98,22.78,5,NA
1857-08-10 07:00:00,17.78,135,1022.69,15.56,1,",skc"
1857-08-10 12:00:00,NA,180,NA,NA,NA,NA
1857-08-10 14:00:00,19.44,NA,1022.35,21.11,5,",skc"
1857-08-10 21:00:00,21.11,180,1021.33,21.67,5,",skc"
1857-08-11 07:00:00,17.22,180,1015.58,16.11,5,NA
1857-08-11 12:00:00,NA,180,NA,NA,NA,NA
1857-08-11 14:00:00,18.33,NA,1011.85,18.33,5,",ra"
1857-08-11 21:00:00,18.89,225,1005.08,18.89,5,",ra"
1857-08-12 07:00:00,16.67,337.5,1013.88,17.78,16,NA
1857-08-12 12:00:00,NA,0,NA,NA,NA,NA
1857-08-12 14:00:00,17.78,NA,1016.26,20.56,16,NA
1857-08-12 21:00:00,18.89,0,1017.61,21.11,16,",skc"
1857-08-13 07:00:00,17.22,0,1023.37,16.67,1,",skc"
1857-08-13 12:00:00,NA,0,NA,NA,NA,NA
1857-08-13 14:00:00,21.11,NA,1023.03,23.33,2,",skc"
1857-08-13 21:00:00,21.67,315,1022.01,23.89,5,",skc"
1857-08-14 07:00:00,18.89,180,1016.93,17.78,5,",ra"
1857-08-14 12:00:00,NA,180,NA,NA,NA,NA
1857-08-14 14:00:00,18.89,NA,1014.56,18.89,2,NA
1857-08-14 21:00:00,19.44,NA,1012.53,20.56,0,",bkn"
1857-08-15 07:00:00,18.89,NA,1010.84,18.89,0,NA
1857-08-15 12:00:00,NA,225,NA,NA,NA,NA
1857-08-15 14:00:00,22.22,NA,1011.85,25.56,1,",skc"
1857-08-15 21:00:00,23.33,202.5,1011.85,23.33,2,NA
1857-08-16 07:00:00,17.78,0,1015.58,14.44,2,NA
1857-08-16 12:00:00,NA,0,NA,NA,NA,NA
1857-08-16 14:00:00,17.78,NA,1016.59,19.44,16,NA
1857-08-16 21:00:00,17.78,0,1017.95,19.44,11,NA
1857-08-17 07:00:00,16.11,0,1025.06,16.11,1,",skc"
1857-08-17 12:00:00,NA,0,NA,NA,NA,NA
1857-08-17 14:00:00,18.89,NA,1024.72,20,1,",br"
1857-08-17 21:00:00,20,0,1024.04,20.56,5,",br"
1857-08-18 07:00:00,16.67,NA,1021.33,16.67,0,",br"
1857-08-18 12:00:00,NA,225,NA,NA,NA,NA
1857-08-18 14:00:00,17.78,NA,1020.66,19.44,2,NA
1857-08-18 21:00:00,20,225,1019.64,20,2,NA
1857-08-19 07:00:00,16.67,22.5,1021.33,14.44,5,NA
1857-08-19 12:00:00,NA,315,NA,NA,NA,NA
1857-08-19 14:00:00,18.89,NA,1022.01,20,2,NA
1857-08-19 21:00:00,18.89,315,1022.69,20,1,NA
1857-08-20,NA,NA,NA,NA,NA,NA
1857-08-20 07:00:00,15.56,NA,1027.77,14.44,0,NA
1857-08-20 12:00:00,NA,157.5,NA,NA,NA,NA
1857-08-20 14:00:00,18.89,NA,1028.45,19.44,5,NA
1857-08-20 21:00:00,19.44,180,1029.46,20,2,NA
1857-08-21,NA,NA,NA,NA,NA,NA
1857-08-21 07:00:00,17.78,157.5,1030.14,19.44,2,NA
1857-08-21 12:00:00,NA,180,NA,NA,NA,NA
1857-08-21 14:00:00,18.89,NA,1030.14,18.89,2,NA
1857-08-21 21:00:00,19.44,180,1030.48,19.44,1,NA
1857-08-22,NA,NA,NA,NA,NA,NA
1857-08-22 07:00:00,16.67,NA,1030.14,13.33,0,NA
1857-08-22 12:00:00,NA,225,NA,NA,NA,NA
1857-08-22 14:00:00,18.33,NA,1030.14,19.44,2,NA
1857-08-22 21:00:00,19.44,180,1029.8,20,5,NA
1857-08-23,NA,NA,NA,NA,NA,NA
1857-08-23 07:00:00,17.22,180,1022.01,13.33,16,",br"
1857-08-23 12:00:00,NA,180,NA,NA,NA,NA
1857-08-23 14:00:00,17.22,NA,1015.24,18.33,16,",ra"
1857-08-23 21:00:00,17.78,180,1011.85,18.89,16,",ra"
1857-08-24,NA,NA,NA,NA,NA,NA
1857-08-24 07:00:00,17.78,270,1011.51,18.33,2,NA
1857-08-24 12:00:00,NA,292.5,NA,NA,NA,NA
1857-08-24 14:00:00,21.11,NA,1011.85,22.78,2,NA
1857-08-24 21:00:00,23.33,292.5,1012.53,23.89,11,NA
1857-08-25,NA,NA,NA,NA,NA,NA
1857-08-25 07:00:00,17.22,315,1019.98,16.11,2,NA
1857-08-25 12:00:00,NA,315,NA,NA,NA,NA
1857-08-25 14:00:00,17.78,NA,1020.66,18.33,1,NA
1857-08-25 21:00:00,19.44,315,1022.69,19.44,1,NA
1857-08-26,NA,NA,NA,NA,NA,NA
1857-08-26 07:00:00,17.78,0,1028.78,17.78,2,",br"
1857-08-26 12:00:00,NA,NA,NA,NA,NA,NA
1857-08-26 14:00:00,21.11,NA,1029.8,23.33,0,",skc"
1857-08-26 21:00:00,22.22,270,1028.78,23.33,2,NA
1857-08-27,NA,NA,NA,NA,NA,NA
1857-08-27 07:00:00,20,315,1028.11,18.33,2,",br"
1857-08-27 12:00:00,NA,315,NA,NA,NA,NA
1857-08-27 14:00:00,22.22,NA,1027.43,24.44,2,NA
1857-08-27 21:00:00,24.44,292.5,1027.09,24.44,2,NA
1857-08-28,NA,NA,NA,NA,NA,NA
1857-08-28 07:00:00,18.89,135,1027.43,13.33,2,",br"
1857-08-28 12:00:00,NA,180,NA,NA,NA,NA
1857-08-28 14:00:00,21.11,NA,1028.45,24.44,2,NA
1857-08-28 21:00:00,21.11,180,1027.09,21.11,2,NA
1857-08-29,NA,NA,NA,NA,NA,NA
1857-08-29 07:00:00,19.44,180,1025.06,19.44,11,",skc"
1857-08-29 12:00:00,NA,180,NA,NA,NA,NA
1857-08-29 14:00:00,20.56,NA,1024.72,23.33,5,",skc"
1857-08-29 21:00:00,21.11,180,1023.71,22.78,5,",skc"
1857-08-30,NA,NA,NA,NA,NA,NA
1857-08-30 07:00:00,19.44,135,1019.64,18.89,2,",dz"
1857-08-30 12:00:00,NA,NA,NA,NA,NA,NA
1857-08-30 14:00:00,20.56,NA,1017.27,20.56,0,",ra"
1857-08-30 21:00:00,21.11,270,1017.27,21.11,2,NA
1857-08-31,NA,NA,NA,NA,NA,NA
1857-08-31 07:00:00,20,315,1021.67,19.44,1,NA
1857-08-31 12:00:00,NA,315,NA,NA,NA,NA
1857-08-31 14:00:00,21.11,NA,1022.01,22.78,2,",skc"
1857-08-31 21:00:00,23.33,315,1022.69,23.89,2,NA
1857-09-01,NA,NA,NA,NA,NA,NA
1857-09-01 07:00:00,18.33,45,1032.17,15,2,NA
1857-09-01 12:00:00,NA,NA,NA,NA,NA,NA
1857-09-01 14:00:00,20,NA,1032.17,19.44,0,",skc"
1857-09-01 21:00:00,21.11,270,1031.83,20.56,1,",skc"
1857-09-02,NA,NA,NA,NA,NA,NA
1857-09-02 07:00:00,17.78,NA,1033.53,13.89,0,NA
1857-09-02 12:00:00,NA,180,NA,NA,NA,NA
1857-09-02 14:00:00,21.11,NA,1033.19,20,2,NA
1857-09-02 21:00:00,22.22,90,1031.49,23.33,1,NA
1857-09-03 07:00:00,20,315,1031.49,18.89,1,NA
1857-09-03 12:00:00,NA,315,NA,NA,NA,NA
1857-09-03 14:00:00,25.56,NA,1030.14,25.56,1,NA
1857-09-03 21:00:00,27.22,NA,1030.14,27.78,0,NA
1857-09-04 07:00:00,22.22,315,1031.16,20,1,",skc"
1857-09-04 12:00:00,NA,NA,NA,NA,NA,NA
1857-09-04 14:00:00,26.11,NA,1031.16,28.33,0,",skc"
1857-09-04 21:00:00,26.67,225,1031.49,26.11,1,",skc"
1857-09-05 07:00:00,20,225,1030.48,20.56,1,NA
1857-09-05 12:00:00,NA,180,NA,NA,NA,NA
1857-09-05 14:00:00,21.11,NA,1028.78,23.33,5,",br"
1857-09-05 21:00:00,22.22,180,1027.09,22.78,2,NA
1857-09-06 07:00:00,18.89,247.5,1017.27,17.78,5,NA
1857-09-06 12:00:00,NA,315,NA,NA,NA,NA
1857-09-06 14:00:00,20,NA,1016.59,18.89,5,",ra"
1857-09-06 21:00:00,20,0,1016.93,19.44,16,NA
1857-09-07 07:00:00,15,0,1026.41,13.33,16,NA
1857-09-07 12:00:00,NA,337.5,NA,NA,NA,NA
1857-09-07 14:00:00,16.11,NA,1026.08,15.56,16,NA
1857-09-07 21:00:00,16.67,337.5,1026.75,14.44,16,NA
1857-09-08 07:00:00,13.33,0,1031.83,12.22,16,NA
1857-09-08 12:00:00,NA,337.5,NA,NA,NA,NA
1857-09-08 14:00:00,14.44,NA,1031.16,15,11,NA
1857-09-08 21:00:00,15.56,337.5,1030.82,14.44,5,NA
1857-09-09 07:00:00,12.22,270,1023.71,13.33,2,",ra"
1857-09-09 12:00:00,NA,315,NA,NA,NA,NA
1857-09-09 14:00:00,13.33,NA,1022.69,15,2,",br"
1857-09-09 21:00:00,15.56,337.5,1022.69,16.11,2,NA
1857-09-10 07:00:00,12.78,157.5,1028.11,11.11,5,",br"
1857-09-10 12:00:00,NA,180,NA,NA,NA,NA
1857-09-10 14:00:00,13.89,NA,1027.43,15.56,5,",br"
1857-09-10 21:00:00,15.56,270,1023.71,16.67,16,",sq"
1857-09-11 07:00:00,18.33,292.5,1015.92,18.33,11,NA
1857-09-11 12:00:00,NA,292.5,NA,NA,NA,NA
1857-09-11 14:00:00,22.22,NA,1015.24,27.22,16,NA
1857-09-11 21:00:00,22.22,337.5,1015.92,25.56,20,",sq"
1857-09-12 07:00:00,15,0,1027.43,13.33,11,",skc"
1857-09-12 12:00:00,NA,0,NA,NA,NA,NA
1857-09-12 14:00:00,15.56,NA,1027.43,16.67,5,",skc"
1857-09-12 21:00:00,17.22,0,1027.43,18.33,5,",skc"
1857-09-13 07:00:00,14.44,NA,1028.78,11.11,0,NA
1857-09-13 12:00:00,NA,157.5,NA,NA,NA,NA
1857-09-13 14:00:00,15.56,NA,1027.09,16.67,1,NA
1857-09-13 21:00:00,16.67,180,1026.08,15.56,2,",br"
1857-09-14 07:00:00,15.56,NA,1023.71,15.56,0,",br"
1857-09-14 12:00:00,NA,180,NA,NA,NA,NA
1857-09-14 14:00:00,17.78,NA,1023.03,17.78,1,NA
1857-09-14 21:00:00,18.89,180,1022.01,19.44,1,",ra"
1857-09-15 07:00:00,17.78,225,1015.24,17.78,2,",ra"
1857-09-15 12:00:00,NA,315,NA,NA,NA,NA
1857-09-15 14:00:00,18.89,NA,1013.88,19.44,2,NA
1857-09-15 21:00:00,20,247.5,1011.85,21.11,2,",fg"
1857-09-16 07:00:00,16.67,0,1011.85,13.89,20,NA
1857-09-16 12:00:00,NA,NA,NA,NA,NA,NA
1857-09-16 14:00:00,14.44,NA,1011.51,15.56,20,NA
1857-09-16 21:00:00,15.56,NA,1012.53,16.67,16,NA
1857-09-17 07:00:00,11.11,315,1019.64,10,11,",br"
1857-09-17 12:00:00,NA,315,NA,NA,NA,NA
1857-09-17 14:00:00,14.44,NA,1018.29,15.56,5,NA
1857-09-17 21:00:00,15.56,315,1017.27,15.56,5,NA
1857-09-18 07:00:00,13.89,315,1004.74,13.33,2,",br"
1857-09-18 12:00:00,NA,0,NA,NA,NA,NA
1857-09-18 14:00:00,15.56,NA,1005.08,16.11,16,NA
1857-09-18 21:00:00,15.56,0,1008.13,13.33,16,NA
1857-09-19 07:00:00,11.11,0,1020.66,11.67,16,NA
1857-09-19 12:00:00,NA,0,NA,NA,NA,NA
1857-09-19 14:00:00,12.22,NA,1021.33,13.33,11,NA
1857-09-19 21:00:00,13.33,0,1023.03,15.56,5,NA
1857-09-20 07:00:00,10,0,1024.72,9.44,1,NA
1857-09-20 12:00:00,NA,180,NA,NA,NA,NA
1857-09-20 14:00:00,11.11,NA,1022.01,12.22,2,",ra"
1857-09-20 21:00:00,12.22,180,1020.32,12.22,5,",br"
1857-09-21 07:00:00,12.22,0,1020.32,12.22,5,NA
1857-09-21 12:00:00,NA,0,NA,NA,NA,NA
1857-09-21 14:00:00,13.33,NA,1022.01,15,5,NA
1857-09-21 21:00:00,15,NA,1024.38,16.11,11,",sq"
1857-09-22 07:00:00,11.11,135,1030.82,10.56,5,NA
1857-09-22 12:00:00,NA,135,NA,NA,NA,NA
1857-09-22 14:00:00,12.22,NA,1030.14,12.22,16,",ra"
1857-09-22 21:00:00,12.78,135,1027.43,12.22,16,NA
1857-09-23 07:00:00,14.44,180,1011.18,15,2,",fg"
1857-09-23 12:00:00,NA,NA,NA,NA,NA,NA
1857-09-23 14:00:00,16.67,NA,1006.1,17.78,5,",ra"
1857-09-23 21:00:00,16.67,225,1005.76,17.78,1,NA
1857-09-24 07:00:00,11.11,315,1015.58,9.44,11,NA
1857-09-24 12:00:00,NA,315,NA,NA,NA,NA
1857-09-24 14:00:00,12.78,NA,1016.26,13.33,11,",skc"
1857-09-24 21:00:00,14.44,315,1016.26,15,5,",skc"
1857-09-25 07:00:00,13.33,NA,1026.08,12.22,0,",skc"
1857-09-25 12:00:00,NA,225,NA,NA,NA,NA
1857-09-25 14:00:00,17.78,NA,1027.43,18.33,1,",skc"
1857-09-25 21:00:00,18.89,225,1027.09,18.89,2,",skc"
1857-09-26 07:00:00,14.44,NA,1023.71,15,0,",br"
1857-09-26 12:00:00,NA,225,NA,NA,NA,NA
1857-09-26 14:00:00,17.22,NA,1021.67,18.33,1,NA
1857-09-26 21:00:00,18.89,225,1020.32,20,2,NA
1857-09-27 07:00:00,15.56,337.5,1024.72,18.89,1,NA
1857-09-27 12:00:00,NA,0,NA,NA,NA,NA
1857-09-27 14:00:00,17.78,NA,1025.06,21.67,5,NA
1857-09-27 21:00:00,19.44,0,1024.72,22.22,2,NA
1857-09-28 07:00:00,16.67,225,1020.32,17.22,1,NA
1857-09-28 12:00:00,NA,225,NA,NA,NA,NA
1857-09-28 14:00:00,19.44,NA,1018.29,20.56,5,NA
1857-09-28 21:00:00,21.11,225,1015.92,21.67,5,NA
1857-09-29 07:00:00,16.67,315,1010.84,13.33,5,NA
1857-09-29 12:00:00,NA,315,NA,NA,NA,NA
1857-09-29 14:00:00,16.67,NA,1011.18,18.33,2,NA
1857-09-29 21:00:00,17.78,315,1011.85,17.78,2,NA
1857-09-30 07:00:00,11.11,315,1020.32,7.22,5,",skc"
1857-09-30 12:00:00,NA,337.5,NA,NA,NA,NA
1857-09-30 14:00:00,12.22,NA,1020.66,12.78,2,NA
1857-09-30 21:00:00,12.22,337.5,1021,12.78,2,",skc"
1857-10-01 07:00:00,8.89,315,1028.11,8.33,1,NA
1857-10-01 12:00:00,NA,315,NA,NA,NA,NA
1857-10-01 14:00:00,11.11,NA,1028.78,12.78,1,NA
1857-10-01 21:00:00,13.33,315,1029.8,15.56,2,",skc"
1857-10-02 07:00:00,10.56,225,1033.53,10.56,5,",br"
1857-10-02 12:00:00,NA,202.5,NA,NA,NA,NA
1857-10-02 14:00:00,11.67,NA,1033.53,12.78,5,NA
1857-10-02 21:00:00,12.22,180,1033.19,12.22,5,NA
1857-10-03 07:00:00,12.22,NA,1032.85,10,0,NA
1857-10-03 12:00:00,NA,157.5,NA,NA,NA,NA
1857-10-03 14:00:00,13.33,NA,1032.51,14.44,1,NA
1857-10-03 21:00:00,13.89,157.5,1031.16,14.44,1,NA
1857-10-04 07:00:00,11.11,45,1030.82,10,5,NA
1857-10-04 12:00:00,NA,247.5,NA,NA,NA,NA
1857-10-04 14:00:00,14.44,NA,1029.46,13.33,5,NA
1857-10-04 21:00:00,15.56,225,1028.78,15.56,2,NA
1857-10-05 07:00:00,11.11,0,1026.75,8.89,1,NA
1857-10-05 12:00:00,NA,22.5,NA,NA,NA,NA
1857-10-05 14:00:00,14.44,NA,1026.41,10.56,1,NA
1857-10-05 21:00:00,15.56,22.5,1026.08,14.44,1,NA
1857-10-06 07:00:00,8.89,0,1023.03,8.89,5,NA
1857-10-06 12:00:00,NA,180,NA,NA,NA,NA
1857-10-06 14:00:00,13.33,NA,1020.32,14.44,2,NA
1857-10-06 21:00:00,13.89,180,1017.95,15,2,NA
1857-10-07 07:00:00,11.11,0,1015.24,9.44,2,NA
1857-10-07 12:00:00,NA,0,NA,NA,NA,NA
1857-10-07 14:00:00,14.44,NA,1015.24,15,5,",skc"
1857-10-07 21:00:00,14.44,45,1015.92,15.56,5,NA
1857-10-08 07:00:00,11.11,NA,1015.92,9.44,0,NA
1857-10-08 12:00:00,NA,315,NA,NA,NA,NA
1857-10-08 14:00:00,14.44,NA,1013.88,16.11,2,NA
1857-10-08 21:00:00,16.67,315,1010.5,17.78,1,NA
1857-10-09 07:00:00,11.11,0,1010.5,9.44,27,NA
1857-10-09 12:00:00,NA,0,NA,NA,NA,NA
1857-10-09 14:00:00,11.67,NA,1011.18,12.78,20,NA
1857-10-09 21:00:00,12.22,0,1014.56,11.67,20,NA
1857-10-10 07:00:00,10,0,1027.09,5,2,NA
1857-10-10 12:00:00,NA,0,NA,NA,NA,NA
1857-10-10 14:00:00,11.11,NA,1028.11,10,2,NA
1857-10-10 21:00:00,11.11,0,1029.46,10,2,NA
1857-10-11 07:00:00,7.78,315,1030.82,8.33,1,NA
1857-10-11 12:00:00,NA,292.5,NA,NA,NA,NA
1857-10-11 14:00:00,11.67,NA,1029.46,12.22,2,NA
1857-10-11 21:00:00,12.22,292.5,1028.78,12.78,2,NA
1857-10-12 07:00:00,10,NA,1027.77,9.44,0,",skc"
1857-10-12 12:00:00,NA,225,NA,NA,NA,NA
1857-10-12 14:00:00,14.44,NA,1028.11,15.56,1,",skc"
1857-10-12 21:00:00,18.89,225,1028.11,18.89,2,",skc"
1857-10-13 07:00:00,12.22,315,1028.11,10,1,NA
1857-10-13 12:00:00,NA,315,NA,NA,NA,NA
1857-10-13 14:00:00,18.33,NA,1027.43,17.22,2,NA
1857-10-13 21:00:00,20.56,270,1026.75,20.56,5,NA
1857-10-14 07:00:00,16.67,NA,1026.41,15.56,0,NA
1857-10-14 12:00:00,NA,315,NA,NA,NA,NA
1857-10-14 14:00:00,18.89,NA,1026.08,20,1,NA
1857-10-14 21:00:00,20,NA,1025.4,21.11,0,",br"
1857-10-29 07:00:00,10,NA,1007.79,10,0,NA
1857-10-29 12:00:00,NA,225,NA,NA,NA,NA
1857-10-29 14:00:00,11.11,NA,1008.47,12.22,2,",bkn"
1857-10-29 21:00:00,11.11,225,1009.82,12.22,2,",bkn"
1857-10-30 07:00:00,8.89,292.5,997.97,7.78,16,",ra"
1857-10-30 12:00:00,NA,315,NA,NA,NA,NA
1857-10-30 14:00:00,8.89,NA,1002.37,7.78,2,",ra"
1857-10-30 21:00:00,7.78,0,1006.77,7.22,16,NA
1857-10-31 07:00:00,6.67,0,1022.01,7.78,2,NA
1857-10-31 12:00:00,NA,0,NA,NA,NA,NA
1857-10-31 14:00:00,6.67,NA,1022.01,10,1,NA
1857-10-31 21:00:00,7.78,NA,1022.69,9.44,0,NA
1857-11-01 07:00:00,6.67,45,1013.55,7.22,2,",ra"
1857-11-01 12:00:00,NA,22.5,NA,NA,NA,NA
1857-11-01 14:00:00,8.89,NA,1009.82,8.89,5,",bkn"
1857-11-01 21:00:00,7.78,22.5,1007.79,8.89,2,",ra"
1857-11-02 07:00:00,5.56,315,1011.85,3.33,1,NA
1857-11-02 12:00:00,NA,270,NA,NA,NA,NA
1857-11-02 14:00:00,7.22,NA,1011.51,4.44,1,NA
1857-11-02 21:00:00,8.89,270,1011.51,10,1,NA
1857-11-03 07:00:00,7.22,0,1008.81,7.22,1,NA
1857-11-03 12:00:00,NA,315,NA,NA,NA,NA
1857-11-03 14:00:00,10,NA,1008.47,9.44,1,NA
1857-11-03 21:00:00,10,270,1008.47,10,1,",ra"
1857-11-04 07:00:00,5.56,315,1013.55,4.44,5,NA
1857-11-04 12:00:00,NA,337.5,NA,NA,NA,NA
1857-11-04 14:00:00,6.67,NA,1015.58,6.67,5,NA
1857-11-04 21:00:00,6.67,337.5,1017.27,5.56,5,NA
1857-11-05 07:00:00,3.33,337.5,1027.43,1.11,1,NA
1857-11-05 12:00:00,NA,337.5,NA,NA,NA,NA
1857-11-05 14:00:00,6.67,NA,1027.77,8.89,1,",skc"
1857-11-05 21:00:00,8.89,337.5,1027.77,7.78,1,",skc"
1857-11-06 07:00:00,5.56,180,1021.33,5.56,5,",ra"
1857-11-06 12:00:00,NA,180,NA,NA,NA,NA
1857-11-06 14:00:00,6.67,NA,1015.92,8.89,11,",ra"
1857-11-06 21:00:00,9.44,247.5,1012.19,10,11,",ra"
1857-11-07 07:00:00,10,315,1008.13,10,2,NA
1857-11-07 12:00:00,NA,337.5,NA,NA,NA,NA
1857-11-07 14:00:00,10.56,NA,1011.18,11.11,11,NA
1857-11-07 21:00:00,11.11,337.5,1013.55,12.22,2,NA
1857-11-08 07:00:00,6.11,45,1030.82,2.78,5,",bkn"
1857-11-08 12:00:00,NA,22.5,NA,NA,NA,NA
1857-11-08 14:00:00,5.56,NA,1031.83,4.44,5,",bkn"
1857-11-08 21:00:00,5,45,1033.53,5.56,5,NA
1857-11-09 07:00:00,5.56,135,1030.82,4.44,5,",ra"
1857-11-09 12:00:00,NA,135,NA,NA,NA,NA
1857-11-09 14:00:00,7.22,NA,1028.78,7.22,2,",ra"
1857-11-09 21:00:00,6.11,180,1028.45,7.22,2,",ra"
1857-11-10 07:00:00,7.22,225,1026.75,9.44,1,",fg"
1857-11-10 12:00:00,NA,225,NA,NA,NA,NA
1857-11-10 14:00:00,12.78,NA,1025.4,12.22,1,NA
1857-11-10 21:00:00,11.67,315,1025.74,12.22,1,NA
1857-11-11 07:00:00,11.67,0,1025.4,10,11,NA
1857-11-11 12:00:00,NA,0,NA,NA,NA,NA
1857-11-11 14:00:00,10,NA,1026.41,7.78,16,",skc"
1857-11-11 21:00:00,10,0,1026.75,8.89,16,",skc"
1857-11-12 07:00:00,4.44,0,1028.45,1.11,2,",skc"
1857-11-12 12:00:00,NA,0,NA,NA,NA,NA
1857-11-12 14:00:00,5.56,NA,1028.45,4.44,2,",skc"
1857-11-12 21:00:00,7.78,0,1027.43,5,2,NA
1857-11-13 07:00:00,7.78,180,1017.27,7.78,2,",skc"
1857-11-13 12:00:00,NA,270,NA,NA,NA,NA
1857-11-13 14:00:00,8.89,NA,1016.26,9.44,1,NA
1857-11-13 21:00:00,10,180,1014.9,11.11,1,",br"
1857-11-14 07:00:00,7.22,0,1010.16,7.78,2,NA
1857-11-14 12:00:00,NA,0,NA,NA,NA,NA
1857-11-14 14:00:00,9.44,NA,1010.16,10,5,NA
1857-11-14 21:00:00,9.44,0,1010.5,9.44,5,NA
1857-11-15 07:00:00,0,0,1021.67,-1.67,11,",sn"
1857-11-15 12:00:00,NA,0,NA,NA,NA,NA
1857-11-15 14:00:00,1.11,NA,1022.01,-0.56,11,",skc"
1857-11-15 21:00:00,3.33,0,1021.33,-0.56,5,NA
1857-11-16 07:00:00,1.11,0,1025.4,0,1,NA
1857-11-16 12:00:00,NA,337.5,NA,NA,NA,NA
1857-11-16 14:00:00,2.78,NA,1026.75,0.56,1,NA
1857-11-16 21:00:00,2.22,NA,1026.41,1.11,0,NA
1857-11-17 07:00:00,3.33,180,1014.9,4.44,11,",ra"
1857-11-17 12:00:00,NA,180,NA,NA,NA,NA
1857-11-17 14:00:00,5.56,NA,1010.16,7.22,11,",ra"
1857-11-17 21:00:00,5.56,225,1005.76,7.78,5,",ra"
1857-11-18 07:00:00,6.67,315,1002.37,3.89,2,NA
1857-11-18 12:00:00,NA,315,NA,NA,NA,NA
1857-11-18 14:00:00,5.56,NA,1003.05,7.78,2,NA
1857-11-18 21:00:00,7.22,270,1003.73,8.89,2,NA
1857-11-19 07:00:00,4.44,NA,1010.84,2.78,0,NA
1857-11-19 12:00:00,NA,135,NA,NA,NA,NA
1857-11-19 14:00:00,6.11,NA,1010.16,6.67,2,NA
1857-11-19 21:00:00,6.67,135,1011.18,6.67,5,NA
1857-11-20 07:00:00,8.33,157.5,1006.77,8.89,5,",ra"
1857-11-20 12:00:00,NA,180,NA,NA,NA,NA
1857-11-20 14:00:00,10,NA,1006.43,11.67,5,",br"
1857-11-20 21:00:00,6.67,270,1005.76,4.44,5,NA
1857-11-21 07:00:00,5.56,315,1007.45,2.22,5,NA
1857-11-21 12:00:00,NA,292.5,NA,NA,NA,NA
1857-11-21 14:00:00,4.44,NA,1010.84,2.78,5,NA
1857-11-21 21:00:00,6.67,292.5,1012.87,4.44,5,NA
1857-11-22 07:00:00,4.44,180,1019.64,6.67,5,",ra"
1857-11-22 12:00:00,NA,247.5,NA,NA,NA,NA
1857-11-22 14:00:00,7.78,NA,1022.01,9.44,5,NA
1857-11-22 21:00:00,7.22,NA,1024.38,8.33,0,NA
1857-11-23 07:00:00,4.44,NA,1027.43,1.67,0,NA
1857-11-23 12:00:00,NA,180,NA,NA,NA,NA
1857-11-23 14:00:00,6.67,NA,1027.09,7.22,2,",br"
1857-11-23 21:00:00,8.33,180,1024.72,8.89,2,",br"
1857-11-24 07:00:00,11.11,135,1003.05,12.22,2,",br"
1857-11-24 12:00:00,NA,225,NA,NA,NA,NA
1857-11-24 14:00:00,11.67,NA,1004.4,12.78,5,NA
1857-11-24 21:00:00,10,270,1010.16,9.44,11,NA
1857-11-25 07:00:00,3.33,NA,1015.24,0,0,",sn"
1857-11-25 12:00:00,NA,270,NA,NA,NA,NA
1857-11-25 14:00:00,3.33,NA,1013.88,2.78,2,",bkn"
1857-11-25 21:00:00,4.44,0,1014.9,0,11,",sn"
1857-11-26 07:00:00,-3.33,0,1030.82,-8.89,2,NA
1857-11-26 12:00:00,NA,337.5,NA,NA,NA,NA
1857-11-26 14:00:00,-2.22,NA,1031.49,-6.67,5,NA
1857-11-26 21:00:00,-1.11,337.5,1031.49,-6.67,2,NA
1857-11-27 07:00:00,-5.56,0,1031.16,-7.22,1,NA
1857-11-27 12:00:00,NA,292.5,NA,NA,NA,NA
1857-11-27 14:00:00,-3.89,NA,1029.46,-2.22,2,NA
1857-11-27 21:00:00,-2.78,292.5,1028.11,-0.56,2,",sn"
1857-11-28 07:00:00,0,NA,1031.16,-0.56,0,",br"
1857-11-28 12:00:00,NA,315,NA,NA,NA,NA
1857-11-28 14:00:00,1.11,NA,1031.49,0.56,1,NA
1857-11-28 21:00:00,1.67,292.5,1030.48,1.67,2,",ra"
1857-11-29 07:00:00,3.33,0,1029.8,2.78,2,NA
1857-11-29 12:00:00,NA,22.5,NA,NA,NA,NA
1857-11-29 14:00:00,3.33,NA,1032.17,2.78,5,NA
1857-11-29 21:00:00,3.33,22.5,1034.54,0.56,5,NA
1857-11-30 07:00:00,0,0,1040.64,0,5,NA
1857-11-30 12:00:00,NA,22.5,NA,NA,NA,NA
1857-11-30 14:00:00,0,NA,1040.98,0.56,5,NA
1857-11-30 21:00:00,0.56,22.5,1040.64,0.56,5,NA
1857-12-01 07:00:00,-0.56,180,1035.9,0,2,NA
1857-12-01 12:00:00,NA,180,NA,NA,NA,NA
1857-12-01 14:00:00,2.22,NA,1032.17,2.78,2,NA
1857-12-01 21:00:00,3.89,180,1028.11,3.33,2,NA
1857-12-02 07:00:00,6.67,337.5,1017.95,3.89,5,",br"
1857-12-02 12:00:00,NA,315,NA,NA,NA,NA
1857-12-02 14:00:00,6.11,NA,1019.98,3.89,2,",br"
1857-12-02 21:00:00,5.56,315,1020.66,3.89,2,",br"
1857-12-03 07:00:00,3.89,NA,1015.24,2.22,0,",ovc"
1857-12-03 12:00:00,NA,225,NA,NA,NA,NA
1857-12-03 14:00:00,3.33,NA,1010.84,3.33,1,",ra"
1857-12-03 21:00:00,4.44,315,1008.47,3.89,5,",ovc"
1857-12-04 07:00:00,2.22,315,1004.74,0.56,11,NA
1857-12-04 12:00:00,NA,315,NA,NA,NA,NA
1857-12-04 14:00:00,2.22,NA,1007.45,1.11,11,NA
1857-12-04 21:00:00,0,315,1010.5,-1.11,11,NA
1857-12-05 07:00:00,-2.22,315,1019.3,-3.89,5,NA
1857-12-05 12:00:00,NA,315,NA,NA,NA,NA
1857-12-05 14:00:00,-3.33,NA,1021,-5,5,NA
1857-12-05 21:00:00,-4.44,315,1021.67,-5.56,2,NA
1857-12-06 07:00:00,-3.89,315,1028.78,-7.22,5,NA
1857-12-06 12:00:00,NA,22.5,NA,NA,NA,NA
1857-12-06 14:00:00,-3.33,NA,1030.48,-7.22,1,NA
1857-12-06 21:00:00,-2.22,22.5,1031.16,-5,1,NA
1857-12-07 07:00:00,0,135,1006.77,0,11,",ra"
1857-12-07 12:00:00,NA,180,NA,NA,NA,NA
1857-12-07 14:00:00,0,NA,1006.43,0,20,",ra"
1857-12-07 21:00:00,0,337.5,1008.13,0,20,NA
1857-12-08 07:00:00,2.22,NA,1021.33,0.56,0,",br"
1857-12-08 12:00:00,NA,NA,NA,NA,NA,NA
1857-12-08 14:00:00,2.78,NA,1020.32,3.33,0,",br"
1857-12-08 21:00:00,3.33,225,1024.04,1.11,2,NA
1857-12-09 07:00:00,2.22,0,1027.43,0,2,NA
1857-12-09 12:00:00,NA,NA,NA,NA,NA,NA
1857-12-09 14:00:00,3.33,NA,1028.78,3.33,2,NA
1857-12-09 21:00:00,2.22,45,1028.11,1.67,1,",bkn"
1857-12-10,NA,NA,NA,NA,NA,NA
1857-12-10 07:00:00,4.44,225,1003.73,3.89,5,",ra"
1857-12-10 12:00:00,NA,315,NA,NA,NA,NA
1857-12-10 14:00:00,7.78,NA,1001.69,8.33,2,",ra"
1857-12-10 21:00:00,8.33,315,1003.39,7.78,1,",ra"
1857-12-11,NA,NA,NA,NA,NA,NA
1857-12-11 07:00:00,3.33,0,1004.74,0.56,5,NA
1857-12-11 12:00:00,NA,0,NA,NA,NA,NA
1857-12-11 14:00:00,1.67,NA,1006.77,-1.11,5,NA
1857-12-11 21:00:00,0,0,1009.48,-2.22,11,NA
1857-12-12,NA,NA,NA,NA,NA,NA
1857-12-12 07:00:00,-5.56,0,1022.69,-10,11,NA
1857-12-12 12:00:00,NA,NA,NA,NA,NA,NA
1857-12-12 14:00:00,-5,NA,1023.71,-8.89,20,NA
1857-12-12 21:00:00,-4.44,NA,1025.4,-7.22,16,",sn"
1857-12-13,NA,NA,NA,NA,NA,NA
1857-12-13 07:00:00,-6.67,315,1026.41,-4.44,1,",br"
1857-12-13 12:00:00,NA,337.5,NA,NA,NA,NA
1857-12-13 14:00:00,-2.22,NA,1023.37,-2.22,16,NA
1857-12-13 21:00:00,-0.56,315,1021.33,0.56,5,NA
1857-12-14,NA,NA,NA,NA,NA,NA
1857-12-14 07:00:00,0,202.5,1016.26,0,1,",br"
1857-12-14 12:00:00,NA,315,NA,NA,NA,NA
1857-12-14 14:00:00,0.56,NA,1015.24,1.67,5,",br"
1857-12-14 21:00:00,2.22,315,1015.92,2.78,1,",br"
1857-12-15,NA,NA,NA,NA,NA,NA
1857-12-15 07:00:00,1.11,22.5,1024.04,-0.56,16,NA
1857-12-15 12:00:00,NA,45,NA,NA,NA,NA
1857-12-15 14:00:00,0,NA,1027.43,-0.56,16,NA
1857-12-15 21:00:00,0,45,1030.82,-2.22,16,NA
1857-12-16,NA,NA,NA,NA,NA,NA
1857-12-16 07:00:00,-4.44,NA,1032.51,-5.56,0,NA
1857-12-16 12:00:00,NA,0,NA,NA,NA,NA
1857-12-16 14:00:00,-3.89,NA,1031.49,-3.89,1,NA
1857-12-16 21:00:00,-3.33,0,1031.49,-1.11,1,",br"
1857-12-17,NA,NA,NA,NA,NA,NA
1857-12-17 07:00:00,-4.44,NA,1032.17,-4.44,0,NA
1857-12-17 12:00:00,NA,270,NA,NA,NA,NA
1857-12-17 14:00:00,-3.33,NA,1032.17,-0.56,2,NA
1857-12-17 21:00:00,-1.11,270,1031.49,0,1,NA
1857-12-18,NA,NA,NA,NA,NA,NA
1857-12-18 07:00:00,1.11,NA,1024.04,-0.56,0,NA
1857-12-18 12:00:00,NA,NA,NA,NA,NA,NA
1857-12-18 14:00:00,1.67,NA,1020.32,2.22,0,",fg"
1857-12-18 21:00:00,2.22,NA,1016.26,2.78,0,",ra"
1857-12-19,NA,NA,NA,NA,NA,NA
1857-12-19 07:00:00,5.56,270,1006.43,8.89,2,NA
1857-12-19 12:00:00,NA,270,NA,NA,NA,NA
1857-12-19 14:00:00,7.22,NA,1007.79,9.44,1,NA
1857-12-19 21:00:00,7.22,22.5,1012.87,8.89,2,",sn"
1857-12-20,NA,NA,NA,NA,NA,NA
1857-12-20 07:00:00,0,0,1024.72,-2.22,2,",bkn"
1857-12-20 12:00:00,NA,22.5,NA,NA,NA,NA
1857-12-20 14:00:00,-1.11,NA,1024.04,-1.11,2,NA
1857-12-20 21:00:00,-1.11,22.5,1025.4,-2.22,2,",sn"
1857-12-21,NA,NA,NA,NA,NA,NA
1857-12-21 07:00:00,-4.44,0,1030.14,-2.78,11,NA
1857-12-21 12:00:00,NA,0,NA,NA,NA,NA
1857-12-21 14:00:00,-3.89,NA,1030.48,-2.22,5,NA
1857-12-21 21:00:00,-3.89,0,1030.14,-2.78,1,NA
1857-12-22,NA,NA,NA,NA,NA,NA
1857-12-22 07:00:00,-4.44,0,1022.35,-4.44,1,NA
1857-12-22 12:00:00,NA,180,NA,NA,NA,NA
1857-12-22 14:00:00,-3.89,NA,1018.29,-2.78,2,NA
1857-12-22 21:00:00,-2.78,225,1011.85,-1.11,5,",sn"
1857-12-23,NA,NA,NA,NA,NA,NA
1857-12-23 07:00:00,2.22,270,986.79,1.11,5,NA
1857-12-23 12:00:00,NA,22.5,NA,NA,NA,NA
1857-12-23 14:00:00,2.22,NA,988.83,0.56,16,NA
1857-12-23 21:00:00,1.11,337.5,992.21,-0.56,16,NA
1857-12-24,NA,NA,NA,NA,NA,NA
1857-12-24 07:00:00,-1.11,270,997.97,-1.67,2,NA
1857-12-24 12:00:00,NA,315,NA,NA,NA,NA
1857-12-24 14:00:00,0,NA,997.97,-1.11,2,NA
1857-12-24 21:00:00,0,315,998.98,0,1,NA
1857-12-25,NA,NA,NA,NA,NA,NA
1857-12-25 07:00:00,-5,315,1021.67,-8.89,5,NA
1857-12-25 12:00:00,NA,0,NA,NA,NA,NA
1857-12-25 14:00:00,-5.56,NA,1018.29,-8.89,11,NA
1857-12-25 21:00:00,-5.56,0,1016.93,-10.56,5,NA
1857-12-26,NA,NA,NA,NA,NA,NA
1857-12-26 07:00:00,-7.78,0,1010.84,-12.22,11,NA
1857-12-26 12:00:00,NA,337.5,NA,NA,NA,NA
1857-12-26 14:00:00,-6.67,NA,1009.82,-11.11,5,NA
1857-12-26 21:00:00,-6.11,0,1010.84,-11.11,11,NA
1857-12-27,NA,NA,NA,NA,NA,NA
1857-12-27 07:00:00,-8.89,45,1015.92,-12.22,1,NA
1857-12-27 12:00:00,NA,315,NA,NA,NA,NA
1857-12-27 14:00:00,-8.33,NA,1016.26,-11.67,11,NA
1857-12-27 21:00:00,-9.44,22.5,1017.95,-11.67,11,NA
1857-12-28,NA,NA,NA,NA,NA,NA
1857-12-28 07:00:00,-10,NA,1022.01,-10,0,",ovc"
1857-12-28 12:00:00,NA,NA,NA,NA,NA,NA
1857-12-28 14:00:00,-10,NA,1019.64,-7.78,0,NA
1857-12-28 21:00:00,-8.89,225,1016.26,-7.22,2,",sn"
1857-12-29,NA,NA,NA,NA,NA,NA
1857-12-29 07:00:00,-3.33,315,1016.93,-3.33,1,NA
1857-12-29 12:00:00,NA,0,NA,NA,NA,NA
1857-12-29 14:00:00,-2.78,NA,1017.27,-2.78,1,NA
1857-12-29 21:00:00,0,315,1017.27,-0.56,1,NA
1857-12-30,NA,NA,NA,NA,NA,NA
1857-12-30 07:00:00,-3.33,22.5,1021,-5.56,2,NA
1857-12-30 12:00:00,NA,45,NA,NA,NA,NA
1857-12-30 14:00:00,-2.22,NA,1023.37,-2.22,2,NA
1857-12-30 21:00:00,-2.22,45,1022.69,-2.22,1,NA
1857-12-31,NA,NA,NA,NA,NA,NA
1857-12-31 07:00:00,-3.33,135,1010.5,-2.78,16,",sn"
1857-12-31 12:00:00,NA,135,NA,NA,NA,NA
1857-12-31 14:00:00,-1.67,NA,1002.03,-0.56,16,",ra"
1857-12-31 21:00:00,-1.67,112.5,994.58,0,16,NA
1858-01-01,NA,NA,NA,NA,NA,NA
1858-01-01 07:00:00,-1.11,292.5,1005.08,-1.11,20,NA
1858-01-01 12:00:00,NA,292.5,NA,NA,NA,NA
1858-01-01 14:00:00,1.11,NA,1011.18,1.11,5,NA
1858-01-01 21:00:00,4.44,0,1013.21,0,2,NA
1858-01-02,NA,NA,NA,NA,NA,NA
1858-01-02 07:00:00,0,315,1021.33,-0.56,2,NA
1858-01-02 12:00:00,NA,315,NA,NA,NA,NA
1858-01-02 14:00:00,0.56,NA,1026.08,0,1,NA
1858-01-02 21:00:00,0,315,1024.04,0,1,NA
1858-01-03,NA,NA,NA,NA,NA,NA
1858-01-03 07:00:00,1.11,315,1006.77,0,5,",br"
1858-01-03 12:00:00,NA,22.5,NA,NA,NA,NA
1858-01-03 14:00:00,0,NA,1005.42,-1.67,11,",skc"
1858-01-03 21:00:00,-1.11,22.5,1006.43,-2.78,11,",skc"
1858-01-04,NA,NA,NA,NA,NA,NA
1858-01-04 07:00:00,-5.56,NA,1007.11,-7.22,0,NA
1858-01-04 12:00:00,NA,315,NA,NA,NA,NA
1858-01-04 14:00:00,-4.44,NA,1004.06,-5,1,NA
1858-01-04 21:00:00,-2.78,202.5,1000,-2.78,5,",br"
1858-01-05,NA,NA,NA,NA,NA,NA
1858-01-05 07:00:00,0,315,1001.02,0.56,1,",br"
1858-01-05 12:00:00,NA,315,NA,NA,NA,NA
1858-01-05 14:00:00,2.22,NA,1003.05,1.11,2,NA
1858-01-05 21:00:00,2.78,0,1008.47,0.56,5,NA
1858-01-06,NA,NA,NA,NA,NA,NA
1858-01-06 07:00:00,-7.78,45,1021.67,-12.22,2,",br"
1858-01-06 12:00:00,NA,22.5,NA,NA,NA,NA
1858-01-06 14:00:00,-7.78,NA,1018.96,-11.11,5,NA
1858-01-06 21:00:00,-8.33,67.5,1014.56,-11.67,5,NA
1858-01-07,NA,NA,NA,NA,NA,NA
1858-01-07 07:00:00,-8.33,67.5,1018.29,-13.33,2,NA
1858-01-07 12:00:00,NA,0,NA,NA,NA,NA
1858-01-07 14:00:00,-6.67,NA,1018.29,-10,2,",skc"
1858-01-07 21:00:00,-5,45,1017.95,-10,5,NA
1858-01-08,NA,NA,NA,NA,NA,NA
1858-01-08 07:00:00,-8.33,0,1028.45,-15.56,16,NA
1858-01-08 12:00:00,NA,0,NA,NA,NA,NA
1858-01-08 14:00:00,-8.33,NA,1028.78,-13.33,16,NA
1858-01-08 21:00:00,-7.78,0,1030.48,-12.22,16,",skc"
1858-01-09,NA,NA,NA,NA,NA,NA
1858-01-09 07:00:00,-11.11,0,1034.54,-13.33,1,NA
1858-01-09 12:00:00,NA,337.5,NA,NA,NA,NA
1858-01-09 14:00:00,-7.78,NA,1032.85,-6.67,1,NA
1858-01-09 21:00:00,-5.56,225,1029.46,-5.56,5,",br"
1858-01-10,NA,NA,NA,NA,NA,NA
1858-01-10 07:00:00,0.56,315,1018.29,-0.56,2,NA
1858-01-10 12:00:00,NA,315,NA,NA,NA,NA
1858-01-10 14:00:00,0,NA,1021,-1.11,5,NA
1858-01-10 21:00:00,0,22.5,1027.09,-2.78,5,NA
1858-01-11,NA,NA,NA,NA,NA,NA
1858-01-11 07:00:00,-5,NA,1035.56,-7.78,0,",skc"
1858-01-11 12:00:00,NA,180,NA,NA,NA,NA
1858-01-11 14:00:00,-3.33,NA,1034.54,-5.56,2,NA
1858-01-11 21:00:00,-3.33,135,1030.48,-3.89,5,",br"
1858-01-12,NA,NA,NA,NA,NA,NA
1858-01-12 07:00:00,5.56,180,1005.76,5.56,16,",ra"
1858-01-12 12:00:00,NA,180,NA,NA,NA,NA
1858-01-12 14:00:00,6.11,NA,1006.77,7.22,11,NA
1858-01-12 21:00:00,7.22,315,1009.48,7.78,2,NA
1858-01-13,NA,NA,NA,NA,NA,NA
1858-01-13 07:00:00,-1.67,0,1024.72,-5.56,5,NA
1858-01-13 12:00:00,NA,0,NA,NA,NA,NA
1858-01-13 14:00:00,-2.78,NA,1025.74,-3.33,16,NA
1858-01-13 21:00:00,-2.78,22.5,1026.75,-3.89,5,NA
1858-01-14,NA,NA,NA,NA,NA,NA
1858-01-14 07:00:00,-3.33,NA,1023.37,-1.11,0,",sn"
1858-01-14 12:00:00,NA,315,NA,NA,NA,NA
1858-01-14 14:00:00,-1.11,NA,1022.01,0,2,NA
1858-01-14 21:00:00,0,315,1022.01,-0.56,1,NA
1858-01-15,NA,NA,NA,NA,NA,NA
1858-01-15 07:00:00,-3.33,0,1032.85,-7.22,2,NA
1858-01-15 12:00:00,NA,0,NA,NA,NA,NA
1858-01-15 14:00:00,-3.33,NA,1033.19,-5.56,2,NA
1858-01-15 21:00:00,-2.22,0,1033.53,-3.89,1,NA
1858-01-16,NA,NA,NA,NA,NA,NA
1858-01-16 07:00:00,-5,135,1026.08,-7.78,5,",sn"
1858-01-16 12:00:00,NA,135,NA,NA,NA,NA
1858-01-16 14:00:00,-2.78,NA,1021.67,-4.44,16,",sn"
1858-01-16 21:00:00,-0.56,135,1013.55,0,16,",ra"
1858-01-17,NA,NA,NA,NA,NA,NA
1858-01-17 07:00:00,3.33,0,1001.02,3.33,2,",bkn"
1858-01-17 12:00:00,NA,0,NA,NA,NA,NA
1858-01-17 14:00:00,2.22,NA,1004.06,2.22,2,NA
1858-01-17 21:00:00,1.67,0,1007.79,1.11,2,",sn"
1858-01-18,NA,NA,NA,NA,NA,NA
1858-01-18 07:00:00,-2.22,0,1016.59,-2.78,2,",bkn"
1858-01-18 12:00:00,NA,22.5,NA,NA,NA,NA
1858-01-18 14:00:00,-2.78,NA,1015.24,-2.78,2,NA
1858-01-18 21:00:00,-2.78,45,1014.56,-3.33,5,NA
1858-01-19,NA,NA,NA,NA,NA,NA
1858-01-19 07:00:00,-3.89,315,1013.88,-6.67,2,",sn"
1858-01-19 12:00:00,NA,22.5,NA,NA,NA,NA
1858-01-19 14:00:00,-3.33,NA,1013.88,-3.89,5,",sn"
1858-01-19 21:00:00,-3.33,315,1013.88,-4.44,5,NA
1858-01-20,NA,NA,NA,NA,NA,NA
1858-01-20 07:00:00,-5.56,270,1017.27,-11.11,1,NA
1858-01-20 12:00:00,NA,270,NA,NA,NA,NA
1858-01-20 14:00:00,-3.33,NA,1016.93,-6.67,2,NA
1858-01-20 21:00:00,-1.67,337.5,1017.27,-3.33,2,NA
1858-01-21 07:00:00,-7.22,NA,1024.04,-10.56,0,NA
1858-01-21 12:00:00,NA,225,NA,NA,NA,NA
1858-01-21 14:00:00,-3.89,NA,1021.33,-5.56,2,",br"
1858-01-21 21:00:00,-1.67,225,1017.61,-1.67,1,",br"
1858-01-22 07:00:00,-4.44,0,1023.71,-11.67,11,NA
1858-01-22 12:00:00,NA,337.5,NA,NA,NA,NA
1858-01-22 14:00:00,-7.22,NA,1026.75,-12.78,16,",sq"
1858-01-22 21:00:00,-8.89,0,1028.45,-13.33,16,",br"
1858-01-23 07:00:00,-12.22,0,1036.24,-18.89,5,NA
1858-01-23 12:00:00,NA,0,NA,NA,NA,NA
1858-01-23 14:00:00,-12.22,NA,1037.93,-13.33,2,NA
1858-01-23 21:00:00,-10.56,0,1038.61,-10.56,2,NA
1858-01-24 07:00:00,-5,315,1033.53,-7.78,2,NA
1858-01-24 12:00:00,NA,315,NA,NA,NA,NA
1858-01-24 14:00:00,-0.56,NA,1032.51,0,2,NA
1858-01-24 21:00:00,1.67,315,1033.19,0,2,NA
1858-01-25 07:00:00,-1.11,NA,1030.14,-1.11,0,NA
1858-01-25 12:00:00,NA,315,NA,NA,NA,NA
1858-01-25 14:00:00,0.56,NA,1027.77,2.22,1,NA
1858-01-25 21:00:00,2.22,NA,1026.08,2.78,0,NA
1858-01-26 07:00:00,-1.11,NA,1023.71,-3.33,0,NA
1858-01-26 12:00:00,NA,315,NA,NA,NA,NA
1858-01-26 14:00:00,0,NA,1021.67,1.11,1,NA
1858-01-26 21:00:00,0.56,225,1016.93,1.67,1,NA
1858-01-27 07:00:00,2.78,NA,1007.45,3.33,0,NA
1858-01-27 12:00:00,NA,337.5,NA,NA,NA,NA
1858-01-27 14:00:00,4.44,NA,1007.45,5.56,1,",br"
1858-01-27 21:00:00,6.11,315,1007.11,7.22,1,NA
1858-01-28 07:00:00,-2.78,45,1008.13,-6.67,16,NA
1858-01-28 12:00:00,NA,22.5,NA,NA,NA,NA
1858-01-28 14:00:00,-3.33,NA,1007.11,-6.11,16,NA
1858-01-28 21:00:00,-3.33,0,1006.43,-5,11,NA
1858-01-29 07:00:00,-3.33,0,1002.71,-3.89,16,",sn"
1858-01-29 12:00:00,NA,0,NA,NA,NA,NA
1858-01-29 14:00:00,-1.11,NA,1000.68,-1.11,11,NA
1858-01-29 21:00:00,-0.56,0,998.65,0,2,",br"
1858-01-30 07:00:00,0,0,980.02,-0.56,16,",br"
1858-01-30 12:00:00,NA,337.5,NA,NA,NA,NA
1858-01-30 14:00:00,1.67,NA,982.05,0.56,11,",br"
1858-01-30 21:00:00,-0.56,337.5,988.15,-1.11,5,NA
1858-01-31 07:00:00,-1.11,315,1001.36,-2.22,2,",br"
1858-01-31 12:00:00,NA,315,NA,NA,NA,NA
1858-01-31 14:00:00,-1.11,NA,1003.73,-2.22,2,NA
1858-01-31 21:00:00,-1.67,337.5,1005.42,-3.33,5,NA
1858-02-01 07:00:00,-6.67,315,1020.66,-14.44,5,NA
1858-02-01 12:00:00,NA,315,NA,NA,NA,NA
1858-02-01 14:00:00,-6.67,NA,1022.69,-11.67,5,NA
1858-02-01 21:00:00,-5.56,0,1025.74,-7.78,11,NA
1858-02-02 07:00:00,-7.78,90,1021.67,-10,2,",ovc"
1858-02-02 12:00:00,NA,135,NA,NA,NA,NA
1858-02-02 14:00:00,-6.67,NA,1024.04,-6.67,11,NA
1858-02-02 21:00:00,-6.11,157.5,1015.24,-5.56,20,",ra"
1858-02-03 07:00:00,0,315,1001.36,-1.11,5,NA
1858-02-03 12:00:00,NA,337.5,NA,NA,NA,NA
1858-02-03 14:00:00,0,NA,1002.37,1.11,5,NA
1858-02-03 21:00:00,0,315,1004.06,1.11,5,NA
1858-02-04,NA,NA,NA,NA,NA,NA
1858-02-04 07:00:00,-2.22,315,1013.55,-3.33,11,NA
1858-02-04 12:00:00,NA,337.5,NA,NA,NA,NA
1858-02-04 14:00:00,-1.67,NA,1014.22,3.89,11,NA
1858-02-04 21:00:00,-1.11,337.5,1014.56,0,5,NA
1858-02-05,NA,NA,NA,NA,NA,NA
1858-02-05 07:00:00,-3.33,0,1011.51,-4.44,5,",bkn"
1858-02-05 12:00:00,NA,0,NA,NA,NA,NA
1858-02-05 14:00:00,-2.22,NA,1008.13,-1.11,5,NA
1858-02-05 21:00:00,-1.11,0,1006.77,-0.56,5,NA
1858-02-06,NA,NA,NA,NA,NA,NA
1858-02-06 07:00:00,-5.56,0,1008.13,-10,11,",sn"
1858-02-06 12:00:00,NA,0,NA,NA,NA,NA
1858-02-06 14:00:00,-5,NA,1009.14,-8.89,11,NA
1858-02-06 21:00:00,-4.44,0,1011.51,-8.33,11,NA
1858-02-07,NA,NA,NA,NA,NA,NA
1858-02-07 07:00:00,-8.33,315,1017.61,-11.11,1,NA
1858-02-07 12:00:00,NA,315,NA,NA,NA,NA
1858-02-07 14:00:00,-4.44,NA,1016.93,-3.89,1,",skc"
1858-02-07 21:00:00,-3.33,315,1015.92,-4.44,1,NA
1858-02-08,NA,NA,NA,NA,NA,NA
1858-02-08 07:00:00,-2.22,0,1011.51,-2.22,2,",br"
1858-02-08 12:00:00,NA,22.5,NA,NA,NA,NA
1858-02-08 14:00:00,-1.11,NA,1010.16,0,2,",sn"
1858-02-08 21:00:00,-1.11,22.5,1010.16,-1.11,5,",br"
1858-02-09,NA,NA,NA,NA,NA,NA
1858-02-09 07:00:00,-7.78,315,1020.32,-14.44,11,NA
1858-02-09 12:00:00,NA,315,NA,NA,NA,NA
1858-02-09 14:00:00,-7.78,NA,1021,-8.33,5,NA
1858-02-09 21:00:00,-6.67,315,1019.98,-5.56,2,NA
1858-02-10,NA,NA,NA,NA,NA,NA
1858-02-10 07:00:00,-4.44,135,998.31,-2.22,11,",sn"
1858-02-10 12:00:00,NA,180,NA,NA,NA,NA
1858-02-10 14:00:00,-3.33,NA,994.58,0,2,",ra"
1858-02-10 21:00:00,-1.67,NA,993.91,1.11,0,NA
1858-02-11,NA,NA,NA,NA,NA,NA
1858-02-11 07:00:00,-4.44,0,1001.36,-10,16,NA
1858-02-11 12:00:00,NA,337.5,NA,NA,NA,NA
1858-02-11 14:00:00,-6.67,NA,1002.03,-11.11,11,NA
1858-02-11 21:00:00,-6.67,337.5,1003.05,-12.22,11,NA
1858-02-12,NA,NA,NA,NA,NA,NA
1858-02-12 07:00:00,-13.33,315,1012.87,-17.78,5,NA
1858-02-12 12:00:00,NA,315,NA,NA,NA,NA
1858-02-12 14:00:00,-9.44,NA,1009.48,-12.22,16,NA
1858-02-12 21:00:00,-9.44,315,1008.47,-11.67,11,NA
1858-02-13,NA,NA,NA,NA,NA,NA
1858-02-13 07:00:00,-11.11,337.5,1013.88,-16.67,11,NA
1858-02-13 12:00:00,NA,337.5,NA,NA,NA,NA
1858-02-13 14:00:00,-10.56,NA,1013.88,-12.22,5,NA
1858-02-13 21:00:00,-7.78,337.5,1014.9,-11.11,5,NA
1858-02-14,NA,NA,NA,NA,NA,NA
1858-02-14 07:00:00,-11.67,315,1017.27,-17.78,2,NA
1858-02-14 12:00:00,NA,337.5,NA,NA,NA,NA
1858-02-14 14:00:00,-3.89,NA,1015.58,-10,1,NA
1858-02-14 21:00:00,-3.89,0,1012.53,-11.67,1,NA
1858-02-15,NA,NA,NA,NA,NA,NA
1858-02-15 07:00:00,-7.78,292.5,1006.43,-11.11,5,NA
1858-02-15 12:00:00,NA,292.5,NA,NA,NA,NA
1858-02-15 14:00:00,-4.44,NA,1004.06,-8.33,5,NA
1858-02-15 21:00:00,-3.33,292.5,1002.03,-8.89,11,NA
1858-02-16,NA,NA,NA,NA,NA,NA
1858-02-16 07:00:00,-10,270,1000,-13.33,5,NA
1858-02-16 12:00:00,NA,315,NA,NA,NA,NA
1858-02-16 14:00:00,-7.78,NA,997.63,-11.11,5,NA
1858-02-16 21:00:00,-7.78,315,996.61,-10.56,5,NA
1858-02-17,NA,NA,NA,NA,NA,NA
1858-02-17 07:00:00,-10,0,996.61,-13.33,11,NA
1858-02-17 12:00:00,NA,0,NA,NA,NA,NA
1858-02-17 14:00:00,-9.44,NA,997.29,-12.78,11,NA
1858-02-17 21:00:00,-10,0,997.29,-12.78,5,NA
1858-02-18,NA,NA,NA,NA,NA,NA
1858-02-18 07:00:00,-11.11,0,1006.43,-13.33,5,NA
1858-02-18 12:00:00,NA,0,NA,NA,NA,NA
1858-02-18 14:00:00,-8.89,NA,1005.08,-8.33,2,NA
1858-02-18 21:00:00,-10.56,0,1006.77,-8.89,2,NA
1858-02-19,NA,NA,NA,NA,NA,NA
1858-02-19 07:00:00,-12.78,315,1012.53,-16.67,1,NA
1858-02-19 12:00:00,NA,315,NA,NA,NA,NA
1858-02-19 14:00:00,-7.78,NA,1015.92,-7.78,1,NA
1858-02-19 21:00:00,-4.44,315,1017.27,-7.78,5,NA
1858-02-20,NA,NA,NA,NA,NA,NA
1858-02-20 07:00:00,-10.56,315,1022.01,-17.22,1,NA
1858-02-20 12:00:00,NA,135,NA,NA,NA,NA
1858-02-20 14:00:00,-10.56,NA,1021.33,-11.11,5,NA
1858-02-20 21:00:00,-10.56,135,1018.63,-10.56,5,NA
1858-02-21,NA,NA,NA,NA,NA,NA
1858-02-21 07:00:00,-4.44,0,995.6,-3.33,11,",sn"
1858-02-21 12:00:00,NA,0,NA,NA,NA,NA
1858-02-21 14:00:00,-2.22,NA,997.63,-2.22,11,NA
1858-02-21 21:00:00,-2.22,0,1001.36,-3.89,11,NA
1858-02-22,NA,NA,NA,NA,NA,NA
1858-02-22 07:00:00,-3.33,315,1005.76,-4.44,2,NA
1858-02-22 12:00:00,NA,315,NA,NA,NA,NA
1858-02-22 14:00:00,-1.67,NA,1007.11,-1.11,1,NA
1858-02-22 21:00:00,-1.11,315,1009.14,-2.22,2,NA
1858-02-23,NA,NA,NA,NA,NA,NA
1858-02-23 07:00:00,-7.78,0,1015.24,-16.67,5,NA
1858-02-23 12:00:00,NA,0,NA,NA,NA,NA
1858-02-23 14:00:00,-7.78,NA,1015.24,-12.22,5,NA
1858-02-23 21:00:00,-11.11,0,1015.24,-14.44,5,NA
1858-02-24,NA,NA,NA,NA,NA,NA
1858-02-24 07:00:00,-11.11,0,1021.67,-13.33,5,NA
1858-02-24 12:00:00,NA,315,NA,NA,NA,NA
1858-02-24 14:00:00,-6.67,NA,1022.35,-6.11,2,NA
1858-02-24 21:00:00,-4.44,315,1021.67,-5,2,NA
1858-02-25,NA,NA,NA,NA,NA,NA
1858-02-25 07:00:00,-6.67,202.5,1017.61,-6.11,2,",br"
1858-02-25 12:00:00,NA,202.5,NA,NA,NA,NA
1858-02-25 14:00:00,-3.33,NA,1014.22,-1.67,2,",br"
1858-02-25 21:00:00,-2.22,202.5,1011.85,-1.11,2,",br"
1858-02-26,NA,NA,NA,NA,NA,NA
1858-02-26 07:00:00,-1.11,0,1007.11,-3.33,11,",bkn"
1858-02-26 12:00:00,NA,0,NA,NA,NA,NA
1858-02-26 14:00:00,-1.11,NA,1007.79,-1.11,5,NA
1858-02-26 21:00:00,0,0,1009.82,-1.67,5,NA
1858-02-27,NA,NA,NA,NA,NA,NA
1858-02-27 07:00:00,-5.56,NA,1016.93,-12.22,0,",fg"
1858-02-27 12:00:00,NA,225,NA,NA,NA,NA
1858-02-27 14:00:00,-0.56,NA,1017.27,-2.22,1,",skc"
1858-02-27 21:00:00,2.22,225,1017.27,0,1,",skc"
1858-02-28,NA,NA,NA,NA,NA,NA
1858-02-28 07:00:00,-1.11,225,1017.95,-0.56,2,NA
1858-02-28 12:00:00,NA,225,NA,NA,NA,NA
1858-02-28 14:00:00,4.44,NA,1017.27,3.33,2,NA
1858-02-28 21:00:00,5.56,225,1016.59,1.67,2,NA
1858-03-01,NA,NA,NA,NA,NA,NA
1858-03-01 07:00:00,1.11,135,1012.53,0,1,",br"
1858-03-01 12:00:00,NA,180,NA,NA,NA,NA
1858-03-01 14:00:00,3.89,NA,1011.18,2.22,2,",br"
1858-03-01 21:00:00,4.44,180,1011.18,2.78,2,",br"
1858-03-02,NA,NA,NA,NA,NA,NA
1858-03-02 07:00:00,2.22,180,1004.4,3.33,5,",bkn"
1858-03-02 12:00:00,NA,180,NA,NA,NA,NA
1858-03-02 14:00:00,2.22,NA,1002.71,3.33,5,",fg"
1858-03-02 21:00:00,2.78,180,998.31,3.33,5,",fg"
1858-03-03,NA,NA,NA,NA,NA,NA
1858-03-03 07:00:00,0.56,NA,1013.88,0,0,",br"
1858-03-03 12:00:00,NA,270,NA,NA,NA,NA
1858-03-03 14:00:00,2.78,NA,1015.58,3.33,2,NA
1858-03-03 21:00:00,3.33,225,1015.92,3.33,5,NA
1858-03-04,NA,NA,NA,NA,NA,NA
1858-03-04 07:00:00,0,315,1013.88,-0.56,5,",br"
1858-03-04 12:00:00,NA,292.5,NA,NA,NA,NA
1858-03-04 14:00:00,0,NA,1011.18,-0.56,11,",sn"
1858-03-04 21:00:00,0,0,1010.84,0,2,",sn"
1858-03-05,NA,NA,NA,NA,NA,NA
1858-03-05 07:00:00,-2.22,0,1007.11,-2.78,2,",br"
1858-03-05 12:00:00,NA,0,NA,NA,NA,NA
1858-03-05 14:00:00,-2.22,NA,1003.73,-1.11,2,",sn"
1858-03-05 21:00:00,-1.11,0,1004.06,-1.11,2,",bkn"
1858-03-06,NA,NA,NA,NA,NA,NA
1858-03-06 07:00:00,-4.44,0,1002.37,-7.78,16,",sn"
1858-03-06 12:00:00,NA,0,NA,NA,NA,NA
1858-03-06 14:00:00,-3.33,NA,994.24,-5.56,20,",sn"
1858-03-06 21:00:00,-2.78,0,989.5,-3.33,16,",sn"
1858-03-07,NA,NA,NA,NA,NA,NA
1858-03-07 07:00:00,-2.22,0,991.2,-2.22,1,",sn"
1858-03-07 12:00:00,NA,270,NA,NA,NA,NA
1858-03-07 14:00:00,-2.78,NA,992.21,-2.78,2,",bkn"
1858-03-07 21:00:00,-1.11,270,994.24,-1.11,2,NA
1858-03-08,NA,NA,NA,NA,NA,NA
1858-03-08 07:00:00,-4.44,0,1001.36,-7.78,5,",sn"
1858-03-08 12:00:00,NA,337.5,NA,NA,NA,NA
1858-03-08 14:00:00,-4.44,NA,1003.39,-1.11,2,",bkn"
1858-03-08 21:00:00,-1.11,292.5,1003.39,-1.11,1,",skc"
1858-03-09,NA,NA,NA,NA,NA,NA
1858-03-09 07:00:00,-1.11,135,980.36,-0.56,16,",ra"
1858-03-09 12:00:00,NA,202.5,NA,NA,NA,NA
1858-03-09 14:00:00,1.11,NA,979.01,2.78,2,",br"
1858-03-09 21:00:00,2.22,270,979.68,1.11,2,",sq"
1858-03-10,NA,NA,NA,NA,NA,NA
1858-03-10 07:00:00,-2.22,315,993.57,-2.78,2,NA
1858-03-10 12:00:00,NA,315,NA,NA,NA,NA
1858-03-10 14:00:00,-1.11,NA,996.95,0,5,NA
1858-03-10 21:00:00,-0.56,315,999.32,-1.11,2,NA
1858-03-11,NA,NA,NA,NA,NA,NA
1858-03-11 07:00:00,-2.78,NA,1011.18,-2.22,0,NA
1858-03-11 12:00:00,NA,270,NA,NA,NA,NA
1858-03-11 14:00:00,0.56,NA,1011.85,2.78,2,NA
1858-03-11 21:00:00,2.22,225,1010.84,2.22,2,NA
1858-03-12,NA,NA,NA,NA,NA,NA
1858-03-12 07:00:00,0,0,999.66,0.56,5,NA
1858-03-12 12:00:00,NA,0,NA,NA,NA,NA
1858-03-12 14:00:00,1.11,NA,1003.73,-1.11,11,NA
1858-03-12 21:00:00,0,0,1007.45,-2.78,11,",sn"
1858-03-13,NA,NA,NA,NA,NA,NA
1858-03-13 07:00:00,-4.44,315,1021.33,-6.67,1,NA
1858-03-13 12:00:00,NA,0,NA,NA,NA,NA
1858-03-13 14:00:00,-1.11,NA,1021.33,-3.89,5,NA
1858-03-13 21:00:00,-1.11,0,1021.33,-4.44,11,NA
1858-03-14,NA,NA,NA,NA,NA,NA
1858-03-14 07:00:00,-5.56,NA,1030.82,-6.67,0,NA
1858-03-14 12:00:00,NA,315,NA,NA,NA,NA
1858-03-14 14:00:00,-2.78,NA,1028.11,-5.56,2,NA
1858-03-14 21:00:00,-1.11,270,1027.77,-2.22,2,",sn"
1858-03-15,NA,NA,NA,NA,NA,NA
1858-03-15 07:00:00,-1.11,0,1021.67,-1.11,5,NA
1858-03-15 12:00:00,NA,0,NA,NA,NA,NA
1858-03-15 14:00:00,0,NA,1019.98,0.56,5,NA
1858-03-15 21:00:00,0,0,1020.66,-0.56,11,NA
1858-03-16,NA,NA,NA,NA,NA,NA
1858-03-16 07:00:00,0.56,NA,1026.08,-5.56,0,NA
1858-03-16 12:00:00,NA,0,NA,NA,NA,NA
1858-03-16 14:00:00,1.11,NA,1027.09,1.67,1,",skc"
1858-03-16 21:00:00,5.56,180,1026.75,2.22,1,NA
1858-03-17,NA,NA,NA,NA,NA,NA
1858-03-17 07:00:00,-1.11,180,1018.29,0,2,",ra"
1858-03-17 12:00:00,NA,180,NA,NA,NA,NA
1858-03-17 14:00:00,0,NA,1013.88,0,1,",fg"
1858-03-17 21:00:00,1.11,NA,1008.47,0.56,0,",fg"
1858-03-18,NA,NA,NA,NA,NA,NA
1858-03-18 07:00:00,2.22,NA,1000,3.33,0,",fg"
1858-03-18 12:00:00,NA,NA,NA,NA,NA,NA
1858-03-18 14:00:00,3.33,NA,998.31,4.44,0,",fg"
1858-03-18 21:00:00,3.33,NA,993.91,5.56,0,",fg"
1858-03-19,NA,NA,NA,NA,NA,NA
1858-03-19 07:00:00,-1.67,0,1011.85,-3.89,16,",sn"
1858-03-19 12:00:00,NA,0,NA,NA,NA,NA
1858-03-19 14:00:00,-1.67,NA,1015.58,-2.22,16,NA
1858-03-19 21:00:00,-1.11,0,1016.93,-2.22,11,NA
1858-03-20,NA,NA,NA,NA,NA,NA
1858-03-20 07:00:00,-2.22,0,1023.71,-3.33,11,NA
1858-03-20 12:00:00,NA,0,NA,NA,NA,NA
1858-03-20 14:00:00,-2.22,NA,1022.69,-1.67,11,NA
1858-03-20 21:00:00,0,0,1020.32,-1.11,2,NA
1858-03-21,NA,NA,NA,NA,NA,NA
1858-03-21 07:00:00,-2.22,180,1016.59,1.67,1,",br"
1858-03-21 12:00:00,NA,180,NA,NA,NA,NA
1858-03-21 14:00:00,0.56,NA,1014.22,1.67,2,NA
1858-03-21 21:00:00,7.78,180,1010.5,3.89,5,",ovc"
1858-03-22,NA,NA,NA,NA,NA,NA
1858-03-22 07:00:00,3.89,225,993.23,6.11,2,",br"
1858-03-22 12:00:00,NA,225,NA,NA,NA,NA
1858-03-22 14:00:00,6.11,NA,993.57,6.67,2,NA
1858-03-22 21:00:00,6.67,292.5,994.92,6.11,5,NA
1858-03-23,NA,NA,NA,NA,NA,NA
1858-03-23 07:00:00,-3.33,0,1008.13,-5.56,16,NA
1858-03-23 12:00:00,NA,0,NA,NA,NA,NA
1858-03-23 14:00:00,-3.33,NA,1008.13,-2.22,11,NA
1858-03-23 21:00:00,-2.22,0,1008.13,-1.11,11,NA
1858-03-24,NA,NA,NA,NA,NA,NA
1858-03-24 07:00:00,-3.89,315,1007.79,-8.89,11,NA
1858-03-24 12:00:00,NA,315,NA,NA,NA,NA
1858-03-24 14:00:00,-3.33,NA,1004.06,-2.22,11,NA
1858-03-24 21:00:00,-2.22,315,1002.03,-2.22,11,NA
1858-03-25,NA,NA,NA,NA,NA,NA
1858-03-25 07:00:00,-3.89,45,996.95,-6.11,11,",sn"
1858-03-25 12:00:00,NA,0,NA,NA,NA,NA
1858-03-25 14:00:00,-2.22,NA,995.94,-2.22,2,NA
1858-03-25 21:00:00,-2.22,0,995.94,-1.67,2,NA
1858-03-26,NA,NA,NA,NA,NA,NA
1858-03-26 07:00:00,-2.78,0,999.66,-4.44,5,NA
1858-03-26 12:00:00,NA,0,NA,NA,NA,NA
1858-03-26 14:00:00,-2.22,NA,998.31,-1.11,11,NA
1858-03-26 21:00:00,-1.11,0,995.6,-1.11,11,NA
1858-03-27,NA,NA,NA,NA,NA,NA
1858-03-27 07:00:00,0,0,993.57,1.11,5,NA
1858-03-27 12:00:00,NA,22.5,NA,NA,NA,NA
1858-03-27 14:00:00,1.67,NA,994.24,2.78,11,",bkn"
1858-03-27 21:00:00,2.78,315,994.92,4.44,11,NA
1858-03-28,NA,NA,NA,NA,NA,NA
1858-03-28 07:00:00,1.67,0,1004.06,2.22,11,NA
1858-03-28 12:00:00,NA,0,NA,NA,NA,NA
1858-03-28 14:00:00,2.22,NA,1004.74,4.44,11,NA
1858-03-28 21:00:00,3.33,0,1005.76,3.89,11,",br"
1858-03-29,NA,NA,NA,NA,NA,NA
1858-03-29 07:00:00,0.56,337.5,1006.77,1.11,2,",br"
1858-03-29 12:00:00,NA,337.5,NA,NA,NA,NA
1858-03-29 14:00:00,1.67,NA,1006.77,4.44,11,NA
1858-03-29 21:00:00,3.33,0,1008.13,3.89,16,",sn"
1858-03-30,NA,NA,NA,NA,NA,NA
1858-03-30 07:00:00,0,0,1013.55,1.11,11,",sn"
1858-03-30 12:00:00,NA,0,NA,NA,NA,NA
1858-03-30 14:00:00,1.11,NA,1014.22,1.67,16,",sn"
1858-03-30 21:00:00,1.11,0,1014.56,1.11,11,",sq"
1858-03-31,NA,NA,NA,NA,NA,NA
1858-03-31 07:00:00,0,0,1017.27,0.56,20,",br"
1858-03-31 12:00:00,NA,22.5,NA,NA,NA,NA
1858-03-31 14:00:00,1.11,NA,1018.63,1.11,11,",br"
1858-03-31 21:00:00,2.22,22.5,1018.96,3.33,5,NA
1858-04-01,NA,NA,NA,NA,NA,NA
1858-04-01 07:00:00,1.11,0,1027.43,-2.22,5,NA
1858-04-01 12:00:00,NA,0,NA,NA,NA,NA
1858-04-01 14:00:00,2.22,NA,1025.06,2.22,5,NA
1858-04-01 21:00:00,4.44,0,1026.75,5.56,2,NA
1858-04-02,NA,NA,NA,NA,NA,NA
1858-04-02 07:00:00,1.11,NA,1028.11,0.56,0,NA
1858-04-02 12:00:00,NA,270,NA,NA,NA,NA
1858-04-02 14:00:00,3.89,NA,1027.43,2.22,5,NA
1858-04-02 21:00:00,5,225,1023.71,2.78,11,",br"
1858-04-03,NA,NA,NA,NA,NA,NA
1858-04-03 07:00:00,2.22,270,1012.19,1.11,2,NA
1858-04-03 12:00:00,NA,270,NA,NA,NA,NA
1858-04-03 14:00:00,9.44,NA,1010.84,7.22,2,NA
1858-04-03 21:00:00,11.11,337.5,1009.82,10,2,NA
1858-04-04,NA,NA,NA,NA,NA,NA
1858-04-04 07:00:00,4.44,0,1020.66,4.44,2,NA
1858-04-04 12:00:00,NA,22.5,NA,NA,NA,NA
1858-04-04 14:00:00,8.33,NA,1020.66,10,2,NA
1858-04-04 21:00:00,8.33,270,1022.01,10,2,NA
1858-04-05,NA,NA,NA,NA,NA,NA
1858-04-05 07:00:00,4.44,180,1025.74,2.22,2,NA
1858-04-05 12:00:00,NA,180,NA,NA,NA,NA
1858-04-05 14:00:00,5,NA,1024.38,6.67,2,NA
1858-04-05 21:00:00,4.44,180,1023.71,4.44,5,NA
1858-04-06,NA,NA,NA,NA,NA,NA
1858-04-06 07:00:00,2.22,135,1015.58,2.78,2,",ra"
1858-04-06 12:00:00,NA,135,NA,NA,NA,NA
1858-04-06 14:00:00,2.78,NA,1011.51,4.44,2,",ra"
1858-04-06 21:00:00,3.89,157.5,1008.81,5.56,2,",ra"
1858-04-07,NA,NA,NA,NA,NA,NA
1858-04-07 07:00:00,3.89,315,1005.42,3.89,2,NA
1858-04-07 12:00:00,NA,NA,NA,NA,NA,NA
1858-04-07 14:00:00,3.33,NA,1004.06,3.89,11,NA
1858-04-07 21:00:00,3.33,NA,1003.73,3.33,16,NA
1858-04-08,NA,NA,NA,NA,NA,NA
1858-04-08 07:00:00,0,0,1011.18,-3.33,16,NA
1858-04-08 12:00:00,NA,0,NA,NA,NA,NA
1858-04-08 14:00:00,1.11,NA,1011.85,2.22,16,NA
1858-04-08 21:00:00,1.11,0,1012.53,2.22,11,NA
1858-04-09,NA,NA,NA,NA,NA,NA
1858-04-09 07:00:00,-1.11,337.5,1017.61,0.56,5,NA
1858-04-09 12:00:00,NA,0,NA,NA,NA,NA
1858-04-09 14:00:00,3.33,NA,1014.9,6.11,2,NA
1858-04-09 21:00:00,5,0,1013.88,6.11,1,NA
1858-04-10,NA,NA,NA,NA,NA,NA
1858-04-10 07:00:00,1.11,135,1009.82,1.67,2,",br"
1858-04-10 12:00:00,NA,135,NA,NA,NA,NA
1858-04-10 14:00:00,1.11,NA,1008.81,2.22,1,",sn"
1858-04-10 21:00:00,1.11,135,1007.79,2.22,1,",sn"
1858-04-11,NA,NA,NA,NA,NA,NA
1858-04-11 07:00:00,0,315,1010.5,0,2,",br"
1858-04-11 12:00:00,NA,315,NA,NA,NA,NA
1858-04-11 14:00:00,0.56,NA,1008.47,0.56,11,NA
1858-04-11 21:00:00,1.11,22.5,1008.81,-0.56,11,NA
1858-04-12,NA,NA,NA,NA,NA,NA
1858-04-12 07:00:00,0,0,1013.88,0,2,NA
1858-04-12 12:00:00,NA,0,NA,NA,NA,NA
1858-04-12 14:00:00,3.89,NA,1014.22,5,2,NA
1858-04-12 21:00:00,5.56,0,1014.9,7.22,2,NA
1858-04-13,NA,NA,NA,NA,NA,NA
1858-04-13 07:00:00,3.33,0,1019.98,1.11,1,NA
1858-04-13 12:00:00,NA,180,NA,NA,NA,NA
1858-04-13 14:00:00,3.33,NA,1019.98,1.67,1,",br"
1858-04-13 21:00:00,3.89,225,1018.96,3.89,5,",br"
1858-04-14,NA,NA,NA,NA,NA,NA
1858-04-14 07:00:00,1.67,225,1007.11,3.89,16,",ra"
1858-04-14 12:00:00,NA,225,NA,NA,NA,NA
1858-04-14 14:00:00,3.33,NA,1001.36,4.44,11,",ra"
1858-04-14 21:00:00,4.44,NA,999.66,7.78,0,",fg"
1858-04-15 07:00:00,3.33,315,999.66,3.89,1,",br"
1858-04-15 12:00:00,NA,0,NA,NA,NA,NA
1858-04-15 14:00:00,5.56,NA,998.31,7.22,2,NA
1858-04-15 21:00:00,7.22,0,997.29,8.33,11,NA
1858-04-16 07:00:00,2.22,NA,1004.06,5,0,NA
1858-04-16 12:00:00,NA,0,NA,NA,NA,NA
1858-04-16 14:00:00,4.44,NA,1005.08,9.44,2,NA
1858-04-16 21:00:00,5,0,1005.76,8.89,2,NA
1858-04-17 07:00:00,2.22,NA,1008.81,5,0,",br"
1858-04-17 12:00:00,NA,0,NA,NA,NA,NA
1858-04-17 14:00:00,6.67,NA,1008.13,9.44,2,NA
1858-04-17 21:00:00,7.22,0,1007.45,7.22,2,",br"
1858-04-18 07:00:00,4.44,315,1012.53,7.78,5,NA
1858-04-18 12:00:00,NA,315,NA,NA,NA,NA
1858-04-18 14:00:00,4.44,NA,1012.53,7.78,11,NA
1858-04-18 21:00:00,3.89,315,1012.53,4.44,11,NA
1858-04-19 07:00:00,0.56,0,1021,0.56,16,NA
1858-04-19 12:00:00,NA,0,NA,NA,NA,NA
1858-04-19 14:00:00,1.67,NA,1020.32,2.78,16,NA
1858-04-19 21:00:00,3.33,0,1020.32,5.56,11,NA
1858-04-20 07:00:00,0,0,1022.69,-1.11,11,NA
1858-04-20 12:00:00,NA,0,NA,NA,NA,NA
1858-04-20 14:00:00,1.67,NA,1021.67,5,11,",skc"
1858-04-20 21:00:00,2.78,0,1020.66,5.56,5,",skc"
1858-04-21 07:00:00,-0.56,180,1012.87,0,11,",br"
1858-04-21 12:00:00,NA,135,NA,NA,NA,NA
1858-04-21 14:00:00,-1.11,NA,1009.14,-1.11,16,",sn"
1858-04-21 21:00:00,-1.11,135,1000.68,0.56,16,",ra"
1858-04-22 07:00:00,-1.11,22.5,1010.16,0.56,11,",sn"
1858-04-22 12:00:00,NA,22.5,NA,NA,NA,NA
1858-04-22 14:00:00,1.67,NA,1014.22,4.44,5,NA
1858-04-22 21:00:00,3.33,0,1017.61,4.44,2,NA
1858-04-23 07:00:00,2.78,225,1023.71,5,2,NA
1858-04-23 12:00:00,NA,225,NA,NA,NA,NA
1858-04-23 14:00:00,6.11,NA,1023.03,7.78,2,NA
1858-04-23 21:00:00,6.67,180,1021.67,8.33,5,NA
1858-04-24 07:00:00,3.89,202.5,1007.45,4.44,16,",ra"
1858-04-24 12:00:00,NA,225,NA,NA,NA,NA
1858-04-24 14:00:00,5.56,NA,1004.74,10,11,",ra"
1858-04-24 21:00:00,6.11,NA,1005.08,11.11,1,",br"
1858-04-25 07:00:00,4.44,270,1021,1.11,5,NA
1858-04-25 12:00:00,NA,315,NA,NA,NA,NA
1858-04-25 14:00:00,7.78,NA,1022.69,10,11,NA
1858-04-25 21:00:00,8.89,270,1024.38,10.56,11,",skc"
1858-04-26 07:00:00,3.33,180,1021,7.78,16,",br"
1858-04-26 12:00:00,NA,135,NA,NA,NA,NA
1858-04-26 14:00:00,3.33,NA,1018.96,6.11,11,",ra"
1858-04-26 21:00:00,3.33,135,1017.61,5,5,",ra"
1858-04-27 07:00:00,2.22,180,1022.69,4.44,1,",br"
1858-04-27 12:00:00,NA,180,NA,NA,NA,NA
1858-04-27 14:00:00,3.33,NA,1021.67,6.11,2,",br"
1858-04-27 21:00:00,3.89,180,1017.95,6.67,2,",br"
1858-04-28 07:00:00,5.56,180,1006.77,6.11,11,",br"
1858-04-28 12:00:00,NA,225,NA,NA,NA,NA
1858-04-28 14:00:00,6.11,NA,1007.79,7.78,16,NA
1858-04-28 21:00:00,7.22,270,1007.79,8.89,20,NA
1858-04-29 07:00:00,5,315,1009.82,7.22,2,",skc"
1858-04-29 12:00:00,NA,315,NA,NA,NA,NA
1858-04-29 14:00:00,8.33,NA,1009.82,11.11,2,",skc"
1858-04-29 21:00:00,8.33,315,1010.16,11.11,11,",skc"
1858-04-30 07:00:00,1.11,180,1015.58,4.44,2,",fg"
1858-04-30 12:00:00,NA,180,NA,NA,NA,NA
1858-04-30 14:00:00,5.56,NA,1016.59,10,5,",br"
1858-04-30 21:00:00,6.67,180,1019.64,10,5,",br"
1858-05-01 07:00:00,4.44,180,1016.59,4.44,5,",ra"
1858-05-01 12:00:00,NA,180,NA,NA,NA,NA
1858-05-01 14:00:00,4.44,NA,1016.26,5.56,5,",ra"
1858-05-01 21:00:00,4.44,180,1016.26,6.11,2,",br"
1858-05-02 07:00:00,4.44,315,1023.37,7.22,2,NA
1858-05-02 12:00:00,NA,0,NA,NA,NA,NA
1858-05-02 14:00:00,7.78,NA,1023.37,12.22,11,NA
1858-05-02 21:00:00,8.89,0,1023.37,12.22,5,NA
1858-05-03 07:00:00,4.44,0,1026.41,1.67,11,NA
1858-05-03 12:00:00,NA,0,NA,NA,NA,NA
1858-05-03 14:00:00,4.44,NA,1024.72,5.56,16,NA
1858-05-03 21:00:00,4.44,0,1024.04,5.56,5,NA
1858-05-04 07:00:00,2.78,0,1020.66,5,2,NA
1858-05-04 12:00:00,NA,0,NA,NA,NA,NA
1858-05-04 14:00:00,4.44,NA,1017.27,9.44,5,NA
1858-05-04 21:00:00,7.78,0,1016.26,10,11,NA
1858-05-05 07:00:00,8.89,0,1015.92,14.44,5,NA
1858-05-05 12:00:00,NA,0,NA,NA,NA,NA
1858-05-05 14:00:00,10,NA,1015.24,15.56,11,",skc"
1858-05-05 21:00:00,13.33,0,1015.58,17.78,5,NA
1858-05-06 07:00:00,7.78,270,1018.29,8.33,2,NA
1858-05-06 12:00:00,NA,270,NA,NA,NA,NA
1858-05-06 14:00:00,11.11,NA,1017.95,13.89,2,",ra"
1858-05-06 21:00:00,12.22,270,1017.95,15,5,NA
1858-05-07 07:00:00,8.89,67.5,1010.5,13.89,2,",br"
1858-05-07 12:00:00,NA,22.5,NA,NA,NA,NA
1858-05-07 14:00:00,11.67,NA,1010.84,16.67,2,",ra"
1858-05-07 21:00:00,12.22,22.5,1012.53,15,2,NA
1858-05-08 07:00:00,7.22,90,1023.37,8.33,2,NA
1858-05-08 12:00:00,NA,112.5,NA,NA,NA,NA
1858-05-08 14:00:00,7.78,NA,1023.71,11.11,2,NA
1858-05-08 21:00:00,7.78,180,1023.71,11.67,2,NA
1858-05-09 07:00:00,4.44,180,1021.67,6.11,5,",br"
1858-05-09 12:00:00,NA,180,NA,NA,NA,NA
1858-05-09 14:00:00,6.67,NA,1020.32,6.67,2,NA
1858-05-09 21:00:00,7.78,180,1018.29,7.22,5,NA
1858-05-10 07:00:00,3.33,180,1013.88,2.22,2,",br"
1858-05-10 12:00:00,NA,202.5,NA,NA,NA,NA
1858-05-10 14:00:00,10,NA,1013.88,12.22,2,NA
1858-05-10 21:00:00,12.22,315,1014.22,13.33,1,NA
1858-05-11 07:00:00,8.89,315,1019.64,9.44,1,NA
1858-05-11 12:00:00,NA,315,NA,NA,NA,NA
1858-05-11 14:00:00,11.11,NA,1019.98,13.33,2,NA
1858-05-11 21:00:00,12.22,315,1020.66,14.44,1,NA
1858-05-12 07:00:00,13.33,180,1022.35,14.44,5,",ra"
1858-05-12 12:00:00,NA,180,NA,NA,NA,NA
1858-05-12 14:00:00,8.33,NA,1019.3,8.33,5,",ra"
1858-05-12 21:00:00,6.67,157.5,1017.27,5,5,",ra"
1858-05-13,NA,NA,NA,NA,NA,NA
1858-05-13 07:00:00,7.78,225,1008.13,8.89,1,NA
1858-05-13 12:00:00,NA,270,NA,NA,NA,NA
1858-05-13 14:00:00,10,NA,1007.45,13.33,1,",br"
1858-05-13 21:00:00,11.11,270,1007.11,13.89,1,",ra"
1858-05-14,NA,NA,NA,NA,NA,NA
1858-05-14 07:00:00,5.56,0,1011.85,6.67,16,NA
1858-05-14 12:00:00,NA,0,NA,NA,NA,NA
1858-05-14 14:00:00,6.11,NA,1012.19,7.78,11,NA
1858-05-14 21:00:00,6.67,0,1012.53,7.22,11,NA
1858-05-15,NA,NA,NA,NA,NA,NA
1858-05-15 07:00:00,6.11,0,1015.58,7.22,16,NA
1858-05-15 12:00:00,NA,0,NA,NA,NA,NA
1858-05-15 14:00:00,10,NA,1015.92,11.11,5,NA
1858-05-15 21:00:00,10,0,1015.92,12.22,5,NA
1858-05-16,NA,NA,NA,NA,NA,NA
1858-05-16 07:00:00,6.67,180,1015.92,7.22,2,NA
1858-05-16 12:00:00,NA,202.5,NA,NA,NA,NA
1858-05-16 14:00:00,7.78,NA,1015.24,8.33,2,",ra"
1858-05-16 21:00:00,7.22,202.5,1014.22,8.89,1,NA
1858-05-17,NA,NA,NA,NA,NA,NA
1858-05-17 07:00:00,4.44,0,1016.26,7.22,11,NA
1858-05-17 12:00:00,NA,0,NA,NA,NA,NA
1858-05-17 14:00:00,5,NA,1016.26,7.78,11,NA
1858-05-17 21:00:00,5.56,0,1016.59,7.22,11,NA
1858-05-18,NA,NA,NA,NA,NA,NA
1858-05-18 07:00:00,4.44,22.5,1022.35,7.78,2,NA
1858-05-18 12:00:00,NA,180,NA,NA,NA,NA
1858-05-18 14:00:00,8.33,NA,1022.35,8.89,2,NA
1858-05-18 21:00:00,8.33,180,1022.69,7.78,5,NA
1858-05-19,NA,NA,NA,NA,NA,NA
1858-05-19 07:00:00,6.67,180,1023.71,11.11,1,NA
1858-05-19 12:00:00,NA,180,NA,NA,NA,NA
1858-05-19 14:00:00,10,NA,1024.72,11.11,2,NA
1858-05-19 21:00:00,8.89,180,1024.72,9.44,5,NA
1858-05-20,NA,NA,NA,NA,NA,NA
1858-05-20 07:00:00,6.67,180,1023.37,4.44,2,NA
1858-05-20 12:00:00,NA,180,NA,NA,NA,NA
1858-05-20 14:00:00,5.56,NA,1022.01,3.33,5,NA
1858-05-20 21:00:00,8.33,180,1020.32,9.44,5,",br"
1858-05-21,NA,NA,NA,NA,NA,NA
1858-05-21 07:00:00,5.56,135,1013.21,6.67,2,",fg"
1858-05-21 12:00:00,NA,135,NA,NA,NA,NA
1858-05-21 14:00:00,5.56,NA,1011.18,7.78,11,",ra"
1858-05-21 21:00:00,6.11,67.5,1009.48,7.22,11,",ra"
1858-05-22,NA,NA,NA,NA,NA,NA
1858-05-22 07:00:00,3.89,0,1012.87,4.44,5,",ra"
1858-05-22 12:00:00,NA,0,NA,NA,NA,NA
1858-05-22 14:00:00,6.67,NA,1014.22,7.78,11,",sh"
1858-05-22 21:00:00,6.67,45,1015.24,7.78,16,NA
1858-05-23,NA,NA,NA,NA,NA,NA
1858-05-23 07:00:00,5.56,NA,1021.33,6.67,5,",br"
1858-05-23 12:00:00,NA,0,NA,NA,NA,NA
1858-05-23 14:00:00,7.78,NA,1021.67,7.78,2,NA
1858-05-23 21:00:00,10,0,1021.67,13.33,2,NA
1858-05-24,NA,NA,NA,NA,NA,NA
1858-05-24 07:00:00,6.67,180,1017.61,6.67,5,",bkn"
1858-05-24 12:00:00,NA,180,NA,NA,NA,NA
1858-05-24 14:00:00,5.56,NA,1015.58,7.22,5,",ra"
1858-05-24 21:00:00,5.56,135,1006.43,6.67,20,",ra"
1858-05-25,NA,NA,NA,NA,NA,NA
1858-05-25 07:00:00,3.33,0,1004.4,2.22,11,",sn"
1858-05-25 12:00:00,NA,0,NA,NA,NA,NA
1858-05-25 14:00:00,4.44,NA,1009.82,7.22,27,NA
1858-05-25 21:00:00,5,22.5,1011.18,7.78,20,NA
1858-05-26,NA,NA,NA,NA,NA,NA
1858-05-26 07:00:00,5.56,0,1018.63,5.56,5,NA
1858-05-26 12:00:00,NA,0,NA,NA,NA,NA
1858-05-26 14:00:00,8.33,NA,1018.29,12.78,11,NA
1858-05-26 21:00:00,10.56,0,1017.95,15.56,5,",skc"
1858-05-27 07:00:00,8.89,45,1023.37,17.78,1,NA
1858-05-27 12:00:00,NA,225,NA,NA,NA,NA
1858-05-27 14:00:00,12.22,NA,1022.35,17.78,2,NA
1858-05-27 21:00:00,13.33,225,1023.71,14.44,2,NA
1858-05-28 07:00:00,8.33,45,1027.77,11.11,11,NA
1858-05-28 12:00:00,NA,180,NA,NA,NA,NA
1858-05-28 14:00:00,10,NA,1028.11,13.89,5,",skc"
1858-05-28 21:00:00,10,180,1028.45,11.11,5,NA
1858-05-29 07:00:00,7.78,NA,1029.46,8.89,0,",skc"
1858-05-29 12:00:00,NA,225,NA,NA,NA,NA
1858-05-29 14:00:00,10,NA,1028.45,13.33,5,",skc"
1858-05-29 21:00:00,10,180,1027.77,13.89,5,",skc"
1858-05-30 07:00:00,4.44,NA,1025.06,6.11,0,",skc"
1858-05-30 12:00:00,NA,180,NA,NA,NA,NA
1858-05-30 14:00:00,11.11,NA,1024.04,13.33,5,NA
1858-05-30 21:00:00,14.44,135,1022.69,18.33,2,NA
1858-05-31 07:00:00,12.78,270,1022.69,10,2,",skc"
1858-05-31 12:00:00,NA,247.5,NA,NA,NA,NA
1858-05-31 14:00:00,15.56,NA,1023.71,19.44,2,",skc"
1858-05-31 21:00:00,16.67,180,1023.71,20,2,",skc"
1858-06-01 07:00:00,11.11,NA,1025.06,10,0,",skc"
1858-06-01 12:00:00,NA,225,NA,NA,NA,NA
1858-06-01 14:00:00,14.44,NA,1026.08,18.33,5,",skc"
1858-06-01 21:00:00,13.89,225,1026.08,15.56,5,",skc"
1858-06-02 07:00:00,8.33,135,1025.06,8.89,2,",br"
1858-06-02 12:00:00,NA,180,NA,NA,NA,NA
1858-06-02 14:00:00,8.89,NA,1025.4,13.89,5,",br"
1858-06-02 21:00:00,10,135,1024.04,14.44,2,",br"
1858-06-03 07:00:00,9.44,NA,1020.32,12.22,0,",ra"
1858-06-03 12:00:00,NA,315,NA,NA,NA,NA
1858-06-03 14:00:00,11.67,NA,1018.63,15.56,1,",br"
1858-06-03 21:00:00,13.89,0,1019.98,16.67,11,",br"
1858-06-04 07:00:00,12.22,0,1019.98,12.78,20,NA
1858-06-04 12:00:00,NA,0,NA,NA,NA,NA
1858-06-04 14:00:00,13.33,NA,1020.66,15.56,20,NA
1858-06-04 21:00:00,15,0,1021.33,17.78,11,",br"
1858-06-05 07:00:00,10,180,1019.3,12.78,2,",ra"
1858-06-05 12:00:00,NA,247.5,NA,NA,NA,NA
1858-06-05 14:00:00,11.67,NA,1016.26,13.89,5,NA
1858-06-05 21:00:00,12.22,270,1014.9,13.33,2,",br"
1858-06-06 07:00:00,11.11,135,1024.04,12.78,1,",fg"
1858-06-06 12:00:00,NA,225,NA,NA,NA,NA
1858-06-06 14:00:00,13.89,NA,1025.06,16.67,1,",br"
1858-06-06 21:00:00,13.33,180,1024.38,12.78,11,",br"
1858-06-07 07:00:00,12.22,225,1024.72,12.22,2,",br"
1858-06-07 12:00:00,NA,270,NA,NA,NA,NA
1858-06-07 14:00:00,17.22,NA,1025.06,20.56,2,NA
1858-06-07 21:00:00,18.33,270,1023.71,21.11,11,NA
1858-06-08 07:00:00,13.33,225,1021.33,15.56,1,",fg"
1858-06-08 12:00:00,NA,247.5,NA,NA,NA,NA
1858-06-08 14:00:00,18.89,NA,1019.64,22.22,2,NA
1858-06-08 21:00:00,21.11,270,1014.9,25,11,",skc"
1858-06-09 07:00:00,17.78,NA,1025.4,18.89,0,",br"
1858-06-09 12:00:00,NA,225,NA,NA,NA,NA
1858-06-09 14:00:00,17.78,NA,1025.74,19.44,1,",sh"
1858-06-09 21:00:00,16.67,180,1025.06,18.33,5,",ra"
1858-06-10,NA,NA,NA,NA,NA,NA
1858-06-10 07:00:00,14.44,NA,1023.37,17.78,0,",br"
1858-06-10 12:00:00,NA,225,NA,NA,NA,NA
1858-06-10 14:00:00,15.56,NA,1022.69,19.44,1,",sh"
1858-06-10 21:00:00,15.56,180,1020.32,18.33,5,",ra"
1858-06-11,NA,NA,NA,NA,NA,NA
1858-06-11 07:00:00,14.44,270,1008.13,17.78,2,",br"
1858-06-11 12:00:00,NA,NA,NA,NA,NA,NA
1858-06-11 14:00:00,18.89,NA,1008.81,19.44,5,NA
1858-06-11 21:00:00,21.11,337.5,1027.77,21.11,11,NA
1858-06-12,NA,NA,NA,NA,NA,NA
1858-06-12 07:00:00,16.67,0,1019.98,18.33,2,NA
1858-06-12 12:00:00,NA,0,NA,NA,NA,NA
1858-06-12 14:00:00,17.78,NA,1020.32,22.22,1,NA
1858-06-12 21:00:00,18.89,NA,1020.32,23.33,2,NA
1858-06-13,NA,NA,NA,NA,NA,NA
1858-06-13 07:00:00,11.11,180,1024.38,8.33,11,",ra"
1858-06-13 12:00:00,NA,180,NA,NA,NA,NA
1858-06-13 14:00:00,8.89,NA,1018.63,8.89,16,",ra"
1858-06-13 21:00:00,8.33,135,1016.93,7.78,16,",ra"
1858-06-14,NA,NA,NA,NA,NA,NA
1858-06-14 07:00:00,7.22,45,1018.29,8.33,1,",br"
1858-06-14 12:00:00,NA,135,NA,NA,NA,NA
1858-06-14 14:00:00,8.89,NA,1019.64,12.22,2,",br"
1858-06-14 21:00:00,10,135,1020.32,12.22,2,",br"
1858-06-15,NA,NA,NA,NA,NA,NA
1858-06-15 07:00:00,7.78,135,1023.03,9.44,1,",br"
1858-06-15 12:00:00,NA,135,NA,NA,NA,NA
1858-06-15 14:00:00,8.89,NA,1023.37,12.22,11,",br"
1858-06-15 21:00:00,10,180,1022.69,10,5,",ra"
1858-06-16,NA,NA,NA,NA,NA,NA
1858-06-16 07:00:00,7.78,225,1021.33,9.44,1,",br"
1858-06-16 12:00:00,NA,225,NA,NA,NA,NA
1858-06-16 14:00:00,11.11,NA,1021.67,15.56,1,NA
1858-06-16 21:00:00,13.33,202.5,1022.69,15.56,1,NA
1858-06-17,NA,NA,NA,NA,NA,NA
1858-06-17 07:00:00,11.67,NA,1023.71,15,0,",br"
1858-06-17 12:00:00,NA,135,NA,NA,NA,NA
1858-06-17 14:00:00,15,NA,1023.37,20,1,NA
1858-06-17 21:00:00,19.44,225,1022.01,23.33,2,NA
1858-06-18,NA,NA,NA,NA,NA,NA
1858-06-18 07:00:00,17.22,NA,1015.58,16.67,0,",br"
1858-06-18 12:00:00,NA,315,NA,NA,NA,NA
1858-06-18 14:00:00,18.89,NA,1013.55,21.11,5,NA
1858-06-18 21:00:00,21.11,315,1011.85,22.22,2,",ra"
1858-06-19,NA,NA,NA,NA,NA,NA
1858-06-19 07:00:00,14.44,0,1014.56,16.67,5,NA
1858-06-19 12:00:00,NA,0,NA,NA,NA,NA
1858-06-19 14:00:00,17.22,NA,998.65,18.89,5,NA
1858-06-19 21:00:00,18.33,22.5,1017.27,20.56,2,NA
1858-06-20,NA,NA,NA,NA,NA,NA
1858-06-20 07:00:00,14.44,180,1018.96,20.56,1,NA
1858-06-20 12:00:00,NA,225,NA,NA,NA,NA
1858-06-20 14:00:00,17.22,NA,1018.29,22.22,5,NA
1858-06-20 21:00:00,16.67,157.5,1017.61,19.44,2,NA
1858-06-21,NA,NA,NA,NA,NA,NA
1858-06-21 07:00:00,15.56,NA,1016.93,15.56,0,NA
1858-06-21 12:00:00,NA,225,NA,NA,NA,NA
1858-06-21 14:00:00,18.33,NA,1016.93,21.11,2,NA
1858-06-21 21:00:00,20.56,225,1016.93,23.33,2,",skc"
1858-06-22,NA,NA,NA,NA,NA,NA
1858-06-22 07:00:00,15.56,135,1021.67,18.33,1,",skc"
1858-06-22 12:00:00,NA,225,NA,NA,NA,NA
1858-06-22 14:00:00,17.22,NA,1023.37,20.56,1,",skc"
1858-06-22 21:00:00,17.78,225,1023.71,23.33,2,",skc"
1858-06-23,NA,NA,NA,NA,NA,NA
1858-06-23 07:00:00,14.44,NA,1027.09,11.67,0,",skc"
1858-06-23 12:00:00,NA,180,NA,NA,NA,NA
1858-06-23 14:00:00,18.89,NA,1026.75,20,5,NA
1858-06-23 21:00:00,21.67,225,1025.4,23.33,2,NA
1858-06-24,NA,NA,NA,NA,NA,NA
1858-06-24 07:00:00,14.44,157.5,1022.35,13.89,1,",br"
1858-06-24 12:00:00,NA,157.5,NA,NA,NA,NA
1858-06-24 14:00:00,15,NA,1021.33,16.67,2,",br"
1858-06-24 21:00:00,14.44,157.5,1020.66,15,2,",br"
1858-06-25,NA,NA,NA,NA,NA,NA
1858-06-25 07:00:00,13.33,NA,1020.32,16.67,0,",br"
1858-06-25 12:00:00,NA,180,NA,NA,NA,NA
1858-06-25 14:00:00,16.67,NA,1020.32,20.56,2,",fg"
1858-06-25 21:00:00,17.22,180,1020.32,20.56,2,",br"
1858-06-26,NA,NA,NA,NA,NA,NA
1858-06-26 07:00:00,14.44,157.5,1019.3,15,2,",br"
1858-06-26 12:00:00,NA,180,NA,NA,NA,NA
1858-06-26 14:00:00,17.22,NA,1018.63,18.89,2,",br"
1858-06-26 21:00:00,17.78,180,1018.29,19.44,2,",br"
1858-06-27,NA,NA,NA,NA,NA,NA
1858-06-27 07:00:00,15.56,22.5,1018.29,16.67,1,",br"
1858-06-27 12:00:00,NA,NA,NA,NA,NA,NA
1858-06-27 14:00:00,18.89,NA,1019.3,21.11,0,NA
1858-06-27 21:00:00,20.56,NA,1019.98,23.89,0,NA
1858-06-28,NA,NA,NA,NA,NA,NA
1858-06-28 07:00:00,17.22,180,1016.93,20,1,",fg"
1858-06-28 12:00:00,NA,202.5,NA,NA,NA,NA
1858-06-28 14:00:00,18.89,NA,1015.92,20.56,2,",br"
1858-06-28 21:00:00,20,225,1014.56,18.89,2,NA
1858-06-29,NA,NA,NA,NA,NA,NA
1858-06-29 07:00:00,17.78,0,1012.53,18.89,5,",skc"
1858-06-29 12:00:00,NA,0,NA,NA,NA,NA
1858-06-29 14:00:00,18.89,NA,1011.51,21.11,5,NA
1858-06-29 21:00:00,18.89,0,1011.51,21.11,5,NA
1858-06-30,NA,NA,NA,NA,NA,NA
1858-06-30 07:00:00,16.67,315,1009.82,20.56,5,NA
1858-06-30 12:00:00,NA,0,NA,NA,NA,NA
1858-06-30 14:00:00,17.78,NA,1007.11,21.11,11,NA
1858-06-30 21:00:00,17.22,0,1006.77,20,5,",sq"
1858-07-01,NA,NA,NA,NA,NA,NA
1858-07-01 07:00:00,11.11,0,1005.76,12.78,5,",br"
1858-07-01 12:00:00,NA,0,NA,NA,NA,NA
1858-07-01 14:00:00,13.33,NA,1003.39,14.44,5,NA
1858-07-01 21:00:00,13.89,0,1006.43,14.44,5,",br"
1858-07-02,NA,NA,NA,NA,NA,NA
1858-07-02 07:00:00,11.11,0,1010.84,11.67,2,",br"
1858-07-02 12:00:00,NA,315,NA,NA,NA,NA
1858-07-02 14:00:00,14.44,NA,1017.61,16.67,2,NA
1858-07-02 21:00:00,15,315,1018.96,17.78,2,",skc"
1858-07-03,NA,NA,NA,NA,NA,NA
1858-07-03 07:00:00,10,180,1021.67,15.56,1,NA
1858-07-03 12:00:00,NA,180,NA,NA,NA,NA
1858-07-03 14:00:00,14.44,NA,1024.72,15.56,5,NA
1858-07-03 21:00:00,14.44,180,1024.72,15,11,NA
1858-07-04,NA,NA,NA,NA,NA,NA
1858-07-04 07:00:00,11.67,180,1018.63,11.67,11,",ra"
1858-07-04 12:00:00,NA,180,NA,NA,NA,NA
1858-07-04 14:00:00,11.67,NA,1017.27,11.67,16,",ra"
1858-07-04 21:00:00,11.67,135,1014.9,12.22,20,",ra"
1858-07-05,NA,NA,NA,NA,NA,NA
1858-07-05 07:00:00,11.11,135,1017.27,10,5,",ra"
1858-07-05 12:00:00,NA,337.5,NA,NA,NA,NA
1858-07-05 14:00:00,12.78,NA,1018.29,14.44,11,NA
1858-07-05 21:00:00,13.33,0,1019.98,15,11,NA
1858-07-06,NA,NA,NA,NA,NA,NA
1858-07-06 07:00:00,12.22,0,1024.72,13.33,5,NA
1858-07-06 12:00:00,NA,337.5,NA,NA,NA,NA
1858-07-06 14:00:00,15.56,NA,1024.72,22.78,5,NA
1858-07-06 21:00:00,20,337.5,1023.37,26.11,5,NA
1858-07-07,NA,NA,NA,NA,NA,NA
1858-07-07 07:00:00,18.89,315,1019.3,26.67,1,NA
1858-07-07 12:00:00,NA,315,NA,NA,NA,NA
1858-07-07 14:00:00,23.33,NA,1018.96,29.44,1,",skc"
1858-07-07 21:00:00,25,292.5,1017.27,30.56,2,",skc"
1858-07-08,NA,NA,NA,NA,NA,NA
1858-07-08 07:00:00,18.89,NA,1015.24,21.11,0,NA
1858-07-08 12:00:00,NA,270,NA,NA,NA,NA
1858-07-08 14:00:00,25,NA,1016.59,28.89,1,",skc"
1858-07-08 21:00:00,25.56,270,1016.93,26.67,2,NA
1858-07-09,NA,NA,NA,NA,NA,NA
1858-07-09 07:00:00,20,180,1024.38,18.33,2,",br"
1858-07-09 12:00:00,NA,135,NA,NA,NA,NA
1858-07-09 14:00:00,17.22,NA,1026.41,17.22,2,NA
1858-07-09 21:00:00,17.78,135,1026.75,18.33,2,",br"
1858-07-10,NA,NA,NA,NA,NA,NA
1858-07-10 07:00:00,13.33,180,1027.43,13.33,1,",br"
1858-07-10 12:00:00,NA,180,NA,NA,NA,NA
1858-07-10 14:00:00,13.89,NA,1027.09,18.89,1,",br"
1858-07-10 21:00:00,17.78,225,1023.71,18.33,2,NA
1858-07-11,NA,NA,NA,NA,NA,NA
1858-07-11 07:00:00,16.67,NA,1019.64,21.11,0,",fg"
1858-07-11 12:00:00,NA,0,NA,NA,NA,NA
1858-07-11 14:00:00,20,NA,1019.98,21.67,2,NA
1858-07-11 21:00:00,21.11,22.5,1020.66,23.89,2,",ra"
1858-07-12,NA,NA,NA,NA,NA,NA
1858-07-12 07:00:00,15.56,45,1027.77,19.44,1,",br"
1858-07-12 12:00:00,NA,157.5,NA,NA,NA,NA
1858-07-12 14:00:00,15.56,NA,1028.78,20.56,2,NA
1858-07-12 21:00:00,15.56,135,1030.14,20.56,2,NA
1858-07-13,NA,NA,NA,NA,NA,NA
1858-07-13 07:00:00,12.22,180,1030.14,11.67,2,",ra"
1858-07-13 12:00:00,NA,180,NA,NA,NA,NA
1858-07-13 14:00:00,12.78,NA,1029.12,13.33,2,",ra"
1858-07-13 21:00:00,12.78,180,1027.43,14.44,2,",ra"
1858-07-14,NA,NA,NA,NA,NA,NA
1858-07-14 07:00:00,16.67,270,1027.43,20.56,1,",fg"
1858-07-14 12:00:00,NA,247.5,NA,NA,NA,NA
1858-07-14 14:00:00,21.11,NA,1027.77,22.78,2,",skc"
1858-07-14 21:00:00,23.33,247.5,1027.77,26.67,5,",skc"
1858-07-15,NA,NA,NA,NA,NA,NA
1858-07-15 07:00:00,18.89,NA,1029.8,17.78,0,",fg"
1858-07-15 12:00:00,NA,180,NA,NA,NA,NA
1858-07-15 14:00:00,20.56,NA,1029.12,22.78,1,",skc"
1858-07-15 21:00:00,21.11,180,1028.45,23.33,1,",br"
1858-07-16,NA,NA,NA,NA,NA,NA
1858-07-16 07:00:00,17.78,135,1026.08,19.44,1,",fg"
1858-07-16 12:00:00,NA,135,NA,NA,NA,NA
1858-07-16 14:00:00,20,NA,1025.4,23.33,2,NA
1858-07-16 21:00:00,21.11,180,1025.4,23.89,2,",skc"
1858-07-17,NA,NA,NA,NA,NA,NA
1858-07-17 07:00:00,18.33,NA,1025.06,23.89,0,",fg"
1858-07-17 12:00:00,NA,180,NA,NA,NA,NA
1858-07-17 14:00:00,21.67,NA,1024.72,23.89,1,",skc"
1858-07-17 21:00:00,22.78,180,1024.38,21.11,2,",skc"
1858-07-18,NA,NA,NA,NA,NA,NA
1858-07-18 07:00:00,18.89,180,1021,17.78,1,",ra"
1858-07-18 12:00:00,NA,225,NA,NA,NA,NA
1858-07-18 14:00:00,20,NA,1019.64,21.11,1,NA
1858-07-18 21:00:00,20.56,270,1018.96,20.56,1,",skc"
1858-07-19,NA,NA,NA,NA,NA,NA
1858-07-19 07:00:00,18.89,0,1020.66,18.33,2,NA
1858-07-19 12:00:00,NA,0,NA,NA,NA,NA
1858-07-19 14:00:00,18.89,NA,1020.32,20.56,5,",skc"
1858-07-19 21:00:00,19.44,0,1019.98,20,5,",skc"
1858-07-20,NA,NA,NA,NA,NA,NA
1858-07-20 07:00:00,15.56,315,1019.3,15.56,2,",skc"
1858-07-20 12:00:00,NA,315,NA,NA,NA,NA
1858-07-20 14:00:00,17.78,NA,1017.27,20,5,",skc"
1858-07-20 21:00:00,20,315,1015.24,23.89,5,",skc"
1858-07-21,NA,NA,NA,NA,NA,NA
1858-07-21 07:00:00,17.78,NA,1017.61,20,0,",skc"
1858-07-21 12:00:00,NA,180,NA,NA,NA,NA
1858-07-21 14:00:00,21.11,NA,1017.95,23.89,2,NA
1858-07-21 21:00:00,20,180,1017.27,22.78,5,NA
1858-07-22,NA,NA,NA,NA,NA,NA
1858-07-22 07:00:00,16.67,180,1019.98,17.78,5,NA
1858-07-22 12:00:00,NA,180,NA,NA,NA,NA
1858-07-22 14:00:00,17.78,NA,1019.98,17.78,11,NA
1858-07-22 21:00:00,17.22,180,1019.3,15.56,11,NA
1858-07-23,NA,NA,NA,NA,NA,NA
1858-07-23 07:00:00,14.44,180,1021.33,15,5,NA
1858-07-23 12:00:00,NA,180,NA,NA,NA,NA
1858-07-23 14:00:00,15,NA,1021.67,17.78,5,NA
1858-07-23 21:00:00,15.56,180,1021.67,17.22,5,NA
1858-07-24,NA,NA,NA,NA,NA,NA
1858-07-24 07:00:00,13.33,112.5,1025.06,12.22,5,NA
1858-07-24 12:00:00,NA,112.5,NA,NA,NA,NA
1858-07-24 14:00:00,15,NA,1025.4,16.11,5,NA
1858-07-24 21:00:00,14.44,112.5,1025.74,15.56,11,NA
1858-07-25,NA,NA,NA,NA,NA,NA
1858-07-25 07:00:00,12.22,45,1023.03,12.78,5,",br"
1858-07-25 12:00:00,NA,45,NA,NA,NA,NA
1858-07-25 14:00:00,13.33,NA,1022.69,15,2,",br"
1858-07-25 21:00:00,13.89,45,1022.35,15,5,",br"
1858-07-26,NA,NA,NA,NA,NA,NA
1858-07-26 07:00:00,13.33,NA,1025.4,14.44,0,NA
1858-07-26 12:00:00,NA,112.5,NA,NA,NA,NA
1858-07-26 14:00:00,17.78,NA,1025.4,20,2,NA
1858-07-26 21:00:00,21.11,180,1025.06,21.11,2,NA
1858-07-27,NA,NA,NA,NA,NA,NA
1858-07-27 07:00:00,14.44,270,1022.01,17.22,2,",br"
1858-07-27 12:00:00,NA,315,NA,NA,NA,NA
1858-07-27 14:00:00,16.67,NA,1020.66,20,11,",br"
1858-07-27 21:00:00,17.78,247.5,1018.63,20,11,NA
1858-07-28,NA,NA,NA,NA,NA,NA
1858-07-28 07:00:00,16.67,292.5,1011.18,15.56,5,",br"
1858-07-28 12:00:00,NA,315,NA,NA,NA,NA
1858-07-28 14:00:00,18.89,NA,1011.18,21.11,2,NA
1858-07-28 21:00:00,19.44,337.5,1011.18,20,2,",br"
1858-07-29,NA,NA,NA,NA,NA,NA
1858-07-29 07:00:00,16.67,NA,1014.56,18.89,5,",skc"
1858-07-29 12:00:00,NA,NA,NA,NA,NA,NA
1858-07-29 14:00:00,18.33,NA,1014.56,20.56,5,",skc"
1858-07-29 21:00:00,19.44,NA,1014.22,21.11,5,NA
1858-07-30,NA,NA,NA,NA,NA,NA
1858-07-30 07:00:00,16.11,337.5,1012.19,16.67,2,",skc"
1858-07-30 12:00:00,NA,337.5,NA,NA,NA,NA
1858-07-30 14:00:00,18.89,NA,1011.85,21.11,2,",skc"
1858-07-30 21:00:00,21.11,337.5,1011.51,22.22,2,",skc"
1858-07-31,NA,NA,NA,NA,NA,NA
1858-07-31 07:00:00,18.33,NA,1012.53,20.56,0,NA
1858-07-31 12:00:00,NA,225,NA,NA,NA,NA
1858-07-31 14:00:00,21.11,NA,1012.87,23.33,2,NA
1858-07-31 21:00:00,21.67,225,1013.88,22.22,2,NA
1858-08-01,NA,NA,NA,NA,NA,NA
1858-08-01 07:00:00,17.78,0,1017.61,17.78,1,",bkn"
1858-08-01 12:00:00,NA,315,NA,NA,NA,NA
1858-08-01 14:00:00,19.44,NA,1019.3,20,1,",br"
1858-08-01 21:00:00,20,315,1019.98,18.89,2,",br"
1858-08-02,NA,NA,NA,NA,NA,NA
1858-08-02 07:00:00,14.44,0,1024.04,15,2,NA
1858-08-02 12:00:00,NA,0,NA,NA,NA,NA
1858-08-02 14:00:00,16.67,NA,1024.38,18.89,2,NA
1858-08-02 21:00:00,17.78,180,1025.06,18.89,2,",ra"
1858-08-03,NA,NA,NA,NA,NA,NA
1858-08-03 07:00:00,15.56,135,1029.46,15,5,NA
1858-08-03 12:00:00,NA,135,NA,NA,NA,NA
1858-08-03 14:00:00,17.22,NA,1029.46,18.33,5,NA
1858-08-03 21:00:00,17.78,180,1029.46,18.33,5,NA
1858-08-04,NA,NA,NA,NA,NA,NA
1858-08-04 07:00:00,15.56,180,1030.48,15.56,1,NA
1858-08-04 12:00:00,NA,180,NA,NA,NA,NA
1858-08-04 14:00:00,17.78,NA,1030.82,19.44,5,NA
1858-08-04 21:00:00,17.78,180,1030.14,19.44,5,NA
1858-08-05,NA,NA,NA,NA,NA,NA
1858-08-05 07:00:00,15.56,180,1024.04,17.22,2,",ra"
1858-08-05 12:00:00,NA,180,NA,NA,NA,NA
1858-08-05 14:00:00,15.56,NA,1021.33,17.78,5,",ra"
1858-08-05 21:00:00,16.67,180,1016.93,18.33,2,",ra"
1858-08-06,NA,NA,NA,NA,NA,NA
1858-08-06 07:00:00,16.67,0,1013.88,17.78,1,",br"
1858-08-06 12:00:00,NA,NA,NA,NA,NA,NA
1858-08-06 14:00:00,20,NA,1013.88,21.11,0,NA
1858-08-06 21:00:00,20.56,NA,1013.88,21.67,0,NA
1858-08-07,NA,NA,NA,NA,NA,NA
1858-08-07 07:00:00,16.67,0,1014.22,16.67,5,",br"
1858-08-07 12:00:00,NA,0,NA,NA,NA,NA
1858-08-07 14:00:00,18.33,NA,1016.93,19.44,5,",sq"
1858-08-07 21:00:00,17.78,22.5,1017.95,19.44,16,NA
1858-08-08,NA,NA,NA,NA,NA,NA
1858-08-08 07:00:00,15.56,0,1022.69,14.44,5,",br"
1858-08-08 12:00:00,NA,22.5,NA,NA,NA,NA
1858-08-08 14:00:00,16.67,NA,1024.04,18.89,5,NA
1858-08-08 21:00:00,18.33,135,1025.06,20,2,NA
1858-08-09,NA,NA,NA,NA,NA,NA
1858-08-09 07:00:00,16.67,135,1027.09,15,2,",br"
1858-08-09 12:00:00,NA,157.5,NA,NA,NA,NA
1858-08-09 14:00:00,18.89,NA,1027.09,20,2,",br"
1858-08-09 21:00:00,20,157.5,1025.74,20.56,2,NA
1858-08-10,NA,NA,NA,NA,NA,NA
1858-08-10 07:00:00,17.78,135,1025.4,18.89,2,",dz"
1858-08-10 12:00:00,NA,180,NA,NA,NA,NA
1858-08-10 14:00:00,19.44,NA,1025.06,20.56,1,",br"
1858-08-10 21:00:00,20,180,1024.72,20.56,2,",br"
1858-08-11,NA,NA,NA,NA,NA,NA
1858-08-11 07:00:00,17.78,180,1024.04,16.67,1,",fg"
1858-08-11 12:00:00,NA,180,NA,NA,NA,NA
1858-08-11 14:00:00,20,NA,1024.04,21.11,2,",br"
1858-08-11 21:00:00,21.11,180,1023.03,22.22,1,",br"
1858-08-12,NA,NA,NA,NA,NA,NA
1858-08-12 07:00:00,20,270,1024.38,20,1,",br"
1858-08-12 12:00:00,NA,270,NA,NA,NA,NA
1858-08-12 14:00:00,21.67,NA,1024.72,23.33,1,NA
1858-08-12 21:00:00,23.33,247.5,1025.06,23.89,1,NA
1858-08-13,NA,NA,NA,NA,NA,NA
1858-08-13 07:00:00,20,45,1027.43,20,2,",br"
1858-08-13 12:00:00,NA,135,NA,NA,NA,NA
1858-08-13 14:00:00,19.44,NA,1027.77,20.56,1,",br"
1858-08-13 21:00:00,22.22,135,1030.82,21.11,5,",br"
1858-08-14,NA,NA,NA,NA,NA,NA
1858-08-14 07:00:00,17.78,0,1031.49,22.78,1,",br"
1858-08-14 12:00:00,NA,180,NA,NA,NA,NA
1858-08-14 14:00:00,22.22,NA,1031.16,23.89,2,NA
1858-08-14 21:00:00,22.22,180,1030.14,21.11,2,",ovc"
1858-08-15,NA,NA,NA,NA,NA,NA
1858-08-15 07:00:00,18.89,NA,1025.06,19.44,0,",fg"
1858-08-15 12:00:00,NA,202.5,NA,NA,NA,NA
1858-08-15 14:00:00,21.67,NA,1023.37,22.78,2,",ra"
1858-08-15 21:00:00,21.11,202.5,1021.67,21.11,2,",ra"
1858-08-16,NA,NA,NA,NA,NA,NA
1858-08-16 07:00:00,19.44,NA,1019.64,20,0,",fg"
1858-08-16 12:00:00,NA,225,NA,NA,NA,NA
1858-08-16 14:00:00,22.78,NA,1019.64,24.44,1,",br"
1858-08-16 21:00:00,23.33,225,1021,20.56,2,",ra"
1858-08-17,NA,NA,NA,NA,NA,NA
1858-08-17 07:00:00,18.33,337.5,1027.43,17.78,1,NA
1858-08-17 12:00:00,NA,225,NA,NA,NA,NA
1858-08-17 14:00:00,20.56,NA,1027.43,21.11,1,NA
1858-08-17 21:00:00,21.11,180,1027.09,22.78,2,NA
1858-08-18,NA,NA,NA,NA,NA,NA
1858-08-18 07:00:00,17.78,180,1023.37,18.33,2,",fg"
1858-08-18 12:00:00,NA,202.5,NA,NA,NA,NA
1858-08-18 14:00:00,20,NA,1022.35,21.11,2,NA
1858-08-18 21:00:00,22.22,225,1019.98,22.78,2,NA
1858-08-19,NA,NA,NA,NA,NA,NA
1858-08-19 07:00:00,21.11,225,1012.53,23.33,5,NA
1858-08-19 12:00:00,NA,225,NA,NA,NA,NA
1858-08-19 14:00:00,22.22,NA,1011.18,23.89,5,",br"
1858-08-19 21:00:00,23.33,225,1009.82,23.33,2,",ra"
1858-08-20,NA,NA,NA,NA,NA,NA
1858-08-20 07:00:00,18.89,0,1015.92,13.33,2,NA
1858-08-20 12:00:00,NA,0,NA,NA,NA,NA
1858-08-20 14:00:00,20,NA,1015.92,19.44,5,",skc"
1858-08-20 21:00:00,21.11,0,1015.92,21.11,2,",skc"
1858-08-21,NA,NA,NA,NA,NA,NA
1858-08-21 07:00:00,16.67,315,1021,14.44,2,",br"
1858-08-21 12:00:00,NA,270,NA,NA,NA,NA
1858-08-21 14:00:00,17.22,NA,1020.66,17.22,2,",ra"
1858-08-21 21:00:00,16.11,225,1020.32,17.22,1,",br"
1858-08-22,NA,NA,NA,NA,NA,NA
1858-08-22 07:00:00,17.78,135,1018.63,15.56,2,NA
1858-08-22 12:00:00,NA,180,NA,NA,NA,NA
1858-08-22 14:00:00,19.44,NA,1017.61,20,5,NA
1858-08-22 21:00:00,20,202.5,1015.92,18.89,2,NA
1858-08-23,NA,NA,NA,NA,NA,NA
1858-08-23 07:00:00,16.67,315,1011.18,15,2,NA
1858-08-23 12:00:00,NA,315,NA,NA,NA,NA
1858-08-23 14:00:00,18.33,NA,1010.84,19.44,5,NA
1858-08-23 21:00:00,18.89,315,1011.85,18.89,11,",skc"
1858-08-24,NA,NA,NA,NA,NA,NA
1858-08-24 07:00:00,16.67,315,1019.98,8.89,5,NA
1858-08-24 12:00:00,NA,315,NA,NA,NA,NA
1858-08-24 14:00:00,17.78,NA,1019.98,18.89,5,NA
1858-08-24 21:00:00,17.78,315,1019.98,20,5,NA
1858-08-25,NA,NA,NA,NA,NA,NA
1858-08-25 07:00:00,15.56,315,1024.72,18.33,1,NA
1858-08-25 12:00:00,NA,315,NA,NA,NA,NA
1858-08-25 14:00:00,19.44,NA,1025.06,20.56,2,NA
1858-08-25 21:00:00,20,315,1027.43,21.11,5,NA
1858-08-26,NA,NA,NA,NA,NA,NA
1858-08-26 07:00:00,16.67,NA,1033.86,8.89,0,NA
1858-08-26 12:00:00,NA,135,NA,NA,NA,NA
1858-08-26 14:00:00,17.78,NA,1033.86,18.89,5,NA
1858-08-26 21:00:00,17.78,270,1032.85,20.56,5,NA
1858-08-27,NA,NA,NA,NA,NA,NA
1858-08-27 07:00:00,14.44,NA,1031.49,14.44,0,",fg"
1858-08-27 12:00:00,NA,157.5,NA,NA,NA,NA
1858-08-27 14:00:00,17.22,NA,1031.16,20.56,2,NA
1858-08-27 21:00:00,17.78,157.5,1031.16,20.56,2,NA
1858-08-28,NA,NA,NA,NA,NA,NA
1858-08-28 07:00:00,14.44,270,1028.45,11.11,1,",br"
1858-08-28 12:00:00,NA,180,NA,NA,NA,NA
1858-08-28 14:00:00,17.78,NA,1028.78,20.56,5,NA
1858-08-28 21:00:00,18.89,180,1028.78,20.56,5,NA
1858-08-29,NA,NA,NA,NA,NA,NA
1858-08-29 07:00:00,17.22,180,1021.67,17.78,5,",br"
1858-08-29 12:00:00,NA,180,NA,NA,NA,NA
1858-08-29 14:00:00,18.89,NA,1019.3,19.44,2,",ra"
1858-08-29 21:00:00,18.33,180,1017.95,18.89,2,",br"
1858-08-30,NA,NA,NA,NA,NA,NA
1858-08-30 07:00:00,17.78,180,1015.24,17.78,1,",fg"
1858-08-30 12:00:00,NA,180,NA,NA,NA,NA
1858-08-30 14:00:00,21.11,NA,1016.26,21.11,2,",skc"
1858-08-30 21:00:00,21.11,180,1017.27,20.56,2,",br"
1858-08-31,NA,NA,NA,NA,NA,NA
1858-08-31 07:00:00,18.89,225,1018.29,22.22,1,NA
1858-08-31 12:00:00,NA,225,NA,NA,NA,NA
1858-08-31 14:00:00,23.33,NA,1018.29,24.44,2,",skc"
1858-08-31 21:00:00,23.89,270,1018.29,23.89,5,",skc"
1858-09-01,NA,NA,NA,NA,NA,NA
1858-09-01 07:00:00,16.67,NA,1020.66,16.67,0,",fg"
1858-09-01 12:00:00,NA,225,NA,NA,NA,NA
1858-09-01 14:00:00,21.11,NA,1020.66,22.22,2,NA
1858-09-01 21:00:00,22.22,270,1020.66,21.11,2,NA
1858-09-02 07:00:00,17.22,NA,1023.37,14.44,0,",fg"
1858-09-02 12:00:00,NA,225,NA,NA,NA,NA
1858-09-02 14:00:00,20,NA,1023.03,21.11,2,",fg"
1858-09-02 21:00:00,20,202.5,1022.69,18.33,2,",fg"
1858-09-03 07:00:00,16.67,NA,1022.69,15.56,0,",fg"
1858-09-03 12:00:00,NA,225,NA,NA,NA,NA
1858-09-03 14:00:00,18.33,NA,1023.37,18.89,2,",br"
1858-09-03 21:00:00,20,270,1023.37,15.56,1,",br"
1858-09-04 07:00:00,18.89,225,1022.35,20,5,NA
1858-09-04 12:00:00,NA,225,NA,NA,NA,NA
1858-09-04 14:00:00,21.11,NA,1022.01,22.78,5,NA
1858-09-04 21:00:00,23.33,225,1021.33,24.44,11,NA
1858-09-05 07:00:00,21.11,225,1018.29,20.56,2,",ra"
1858-09-05 12:00:00,NA,247.5,NA,NA,NA,NA
1858-09-05 14:00:00,21.67,NA,1017.27,22.22,2,NA
1858-09-05 21:00:00,22.78,337.5,1016.93,23.33,1,",skc"
1858-09-06 07:00:00,17.22,NA,1018.63,17.78,0,",fg"
1858-09-06 12:00:00,NA,292.5,NA,NA,NA,NA
1858-09-06 14:00:00,21.11,NA,1018.29,22.78,2,",skc"
1858-09-06 21:00:00,23.33,292.5,1017.61,23.89,2,",skc"
1858-09-07 07:00:00,18.89,315,1022.69,17.78,11,NA
1858-09-07 12:00:00,NA,0,NA,NA,NA,NA
1858-09-07 14:00:00,20,NA,1024.04,21.11,5,",skc"
1858-09-07 21:00:00,21.11,0,1025.06,22.78,1,",skc"
1858-09-08 07:00:00,18.89,315,1024.72,17.22,2,",skc"
1858-09-08 12:00:00,NA,315,NA,NA,NA,NA
1858-09-08 14:00:00,23.33,NA,1024.04,21.11,2,",skc"
1858-09-08 21:00:00,25.56,315,1023.03,26.11,2,",skc"
1858-09-09 07:00:00,20,315,1021.33,21.11,1,NA
1858-09-09 12:00:00,NA,315,NA,NA,NA,NA
1858-09-09 14:00:00,25.56,NA,1021.33,26.67,1,",skc"
1858-09-09 21:00:00,27.22,0,1021.33,28.89,2,NA
1858-09-10 07:00:00,20,180,1027.09,18.89,1,",br"
1858-09-10 12:00:00,NA,225,NA,NA,NA,NA
1858-09-10 14:00:00,18.89,NA,1026.41,18.89,1,",bkn"
1858-09-10 21:00:00,18.89,225,1025.4,18.33,2,NA
1858-09-11 07:00:00,17.22,270,1023.37,18.33,1,",fg"
1858-09-11 12:00:00,NA,270,NA,NA,NA,NA
1858-09-11 14:00:00,17.78,NA,1023.37,20,1,",bkn"
1858-09-11 21:00:00,20,270,1021.67,20,1,",bkn"
1858-09-12 07:00:00,19.44,NA,1018.29,20,0,",fg"
1858-09-12 12:00:00,NA,225,NA,NA,NA,NA
1858-09-12 14:00:00,21.11,NA,1017.61,22.22,1,NA
1858-09-12 21:00:00,22.22,270,1017.27,22.22,1,NA
1858-09-13 07:00:00,18.89,0,1023.71,13.33,1,NA
1858-09-13 12:00:00,NA,0,NA,NA,NA,NA
1858-09-13 14:00:00,19.44,NA,1023.71,20.56,2,",skc"
1858-09-13 21:00:00,20,0,1024.04,21.11,5,",skc"
1858-09-14 07:00:00,14.44,0,1033.53,14.44,2,",skc"
1858-09-14 12:00:00,NA,0,NA,NA,NA,NA
1858-09-14 14:00:00,17.22,NA,1033.86,18.33,1,",skc"
1858-09-14 21:00:00,17.78,0,1033.86,18.89,2,",skc"
1858-09-15 07:00:00,13.89,NA,1033.86,10,0,",fg"
1858-09-15 12:00:00,NA,225,NA,NA,NA,NA
1858-09-15 14:00:00,17.22,NA,1033.19,19.44,1,NA
1858-09-15 21:00:00,18.33,225,1031.83,19.44,1,NA
1858-09-16,NA,NA,NA,NA,NA,NA
1858-09-16 07:00:00,16.67,135,1026.75,12.78,16,NA
1858-09-16 12:00:00,NA,135,NA,NA,NA,NA
1858-09-16 14:00:00,17.78,NA,1024.38,18.89,16,",br"
1858-09-16 21:00:00,17.22,135,1021.33,19.44,16,",br"
1858-09-17,NA,NA,NA,NA,NA,NA
1858-09-17 07:00:00,20,225,1013.88,14.44,2,NA
1858-09-17 12:00:00,NA,225,NA,NA,NA,NA
1858-09-17 14:00:00,21.11,NA,1013.88,20,2,NA
1858-09-17 21:00:00,22.22,225,1014.22,23.33,2,NA
1858-09-18,NA,NA,NA,NA,NA,NA
1858-09-18 07:00:00,17.78,45,1023.03,16.11,1,",skc"
1858-09-18 12:00:00,NA,45,NA,NA,NA,NA
1858-09-18 14:00:00,18.89,NA,1023.37,20.56,2,",skc"
1858-09-18 21:00:00,18.89,0,1023.71,20.56,5,",skc"
1858-09-19,NA,NA,NA,NA,NA,NA
1858-09-19 07:00:00,13.89,0,1032.51,13.89,1,NA
1858-09-19 12:00:00,NA,0,NA,NA,NA,NA
1858-09-19 14:00:00,15.56,NA,1033.19,16.67,2,",skc"
1858-09-19 21:00:00,16.67,22.5,1033.19,16.67,1,",skc"
1858-09-20,NA,NA,NA,NA,NA,NA
1858-09-20 07:00:00,11.11,270,1033.86,8.89,1,",skc"
1858-09-20 12:00:00,NA,247.5,NA,NA,NA,NA
1858-09-20 14:00:00,14.44,NA,1030.82,15.56,5,",br"
1858-09-20 21:00:00,16.67,247.5,1027.77,16.67,5,",br"
1858-09-21,NA,NA,NA,NA,NA,NA
1858-09-21 07:00:00,16.11,315,1019.64,17.78,2,NA
1858-09-21 12:00:00,NA,315,NA,NA,NA,NA
1858-09-21 14:00:00,21.67,NA,1019.64,22.22,2,NA
1858-09-21 21:00:00,22.22,315,1019.3,22.78,1,NA
1858-09-22,NA,NA,NA,NA,NA,NA
1858-09-22 07:00:00,17.78,270,1014.22,16.11,2,",ra"
1858-09-22 12:00:00,NA,270,NA,NA,NA,NA
1858-09-22 14:00:00,17.78,NA,1011.85,16.67,5,",ra"
1858-09-22 21:00:00,17.78,315,1010.16,16.67,5,",ra"
1858-09-23,NA,NA,NA,NA,NA,NA
1858-09-23 07:00:00,11.11,337.5,1013.55,8.89,5,NA
1858-09-23 12:00:00,NA,337.5,NA,NA,NA,NA
1858-09-23 14:00:00,11.67,NA,1014.56,12.22,11,NA
1858-09-23 21:00:00,11.11,315,1016.93,9.44,2,",skc"
1858-09-24,NA,NA,NA,NA,NA,NA
1858-09-24 07:00:00,8.89,315,1021.33,9.44,1,",skc"
1858-09-24 12:00:00,NA,225,NA,NA,NA,NA
1858-09-24 14:00:00,11.67,NA,1021.33,13.89,5,",skc"
1858-09-24 21:00:00,11.11,225,1020.32,12.78,5,NA
1858-09-25,NA,NA,NA,NA,NA,NA
1858-09-25 07:00:00,11.11,0,1021.33,10,5,NA
1858-09-25 12:00:00,NA,22.5,NA,NA,NA,NA
1858-09-25 14:00:00,12.78,NA,1022.35,13.33,5,NA
1858-09-25 21:00:00,14.44,45,1025.06,15,2,NA
1858-09-26,NA,NA,NA,NA,NA,NA
1858-09-26 07:00:00,10,315,1030.48,8.89,2,NA
1858-09-26 12:00:00,NA,0,NA,NA,NA,NA
1858-09-26 14:00:00,12.22,NA,1031.16,12.78,1,",skc"
1858-09-26 21:00:00,15.56,225,1031.49,13.33,1,",skc"
1858-09-27,NA,NA,NA,NA,NA,NA
1858-09-27 07:00:00,11.11,45,1034.88,8.33,5,NA
1858-09-27 12:00:00,NA,45,NA,NA,NA,NA
1858-09-27 14:00:00,13.33,NA,1034.54,14.44,5,NA
1858-09-27 21:00:00,13.33,0,1034.54,11.11,2,NA
1858-09-28,NA,NA,NA,NA,NA,NA
1858-09-28 07:00:00,11.11,0,1030.48,11.67,5,NA
1858-09-28 12:00:00,NA,112.5,NA,NA,NA,NA
1858-09-28 14:00:00,11.67,NA,1028.45,12.78,11,",ra"
1858-09-28 21:00:00,11.11,67.5,1027.09,11.11,5,",ra"
1858-09-29,NA,NA,NA,NA,NA,NA
1858-09-29 07:00:00,11.11,0,1015.58,11.11,11,",ra"
1858-09-29 12:00:00,NA,22.5,NA,NA,NA,NA
1858-09-29 14:00:00,12.22,NA,1013.55,12.78,16,",ra"
1858-09-29 21:00:00,12.22,NA,1013.21,13.33,16,NA
1858-09-30,NA,NA,NA,NA,NA,NA
1858-09-30 07:00:00,12.22,292.5,1015.92,11.67,1,",skc"
1858-09-30 12:00:00,NA,292.5,NA,NA,NA,NA
1858-09-30 14:00:00,15,NA,1014.56,14.44,1,NA
1858-09-30 21:00:00,17.22,202.5,1014.22,17.22,1,NA
1858-10-01,NA,NA,NA,NA,NA,NA
1858-10-01 07:00:00,13.33,180,1014.56,11.11,1,",fg"
1858-10-01 12:00:00,NA,315,NA,NA,NA,NA
1858-10-01 14:00:00,13.33,NA,1013.55,14.44,1,",ra"
1858-10-01 21:00:00,14.44,22.5,1013.21,15.56,1,",br"
1858-10-02,NA,NA,NA,NA,NA,NA
1858-10-02 07:00:00,15.56,225,1001.02,14.44,2,",ra"
1858-10-02 12:00:00,NA,225,NA,NA,NA,NA
1858-10-02 14:00:00,14.44,NA,999.66,15.56,2,",br"
1858-10-02 21:00:00,13.33,0,997.97,12.78,2,",ra"
1858-10-03,NA,NA,NA,NA,NA,NA
1858-10-03 07:00:00,8.89,0,1004.4,8.89,34,NA
1858-10-03 12:00:00,NA,0,NA,NA,NA,NA
1858-10-03 14:00:00,10.56,NA,1004.74,11.67,20,NA
1858-10-03 21:00:00,12.22,22.5,1004.74,13.33,2,NA
1858-10-04,NA,NA,NA,NA,NA,NA
1858-10-04 07:00:00,10,NA,1000.68,11.11,0,",skc"
1858-10-04 12:00:00,NA,225,NA,NA,NA,NA
1858-10-04 14:00:00,12.22,NA,1000.34,16.67,2,",br"
1858-10-04 21:00:00,15.56,270,1001.02,14.44,2,NA
1858-10-05,NA,NA,NA,NA,NA,NA
1858-10-05 07:00:00,10,0,1009.14,9.44,2,NA
1858-10-05 12:00:00,NA,315,NA,NA,NA,NA
1858-10-05 14:00:00,17.78,NA,1008.47,18.33,5,NA
1858-10-05 21:00:00,14.44,0,1009.14,14.44,16,NA
1858-10-06,NA,NA,NA,NA,NA,NA
1858-10-06 07:00:00,10,0,1014.9,5.56,5,NA
1858-10-06 12:00:00,NA,0,NA,NA,NA,NA
1858-10-06 14:00:00,10.56,NA,1014.9,11.67,5,NA
1858-10-06 21:00:00,12.22,0,1014.22,12.78,11,NA
1858-10-07,NA,NA,NA,NA,NA,NA
1858-10-07 07:00:00,8.89,0,1013.88,7.22,1,",skc"
1858-10-07 12:00:00,NA,315,NA,NA,NA,NA
1858-10-07 14:00:00,11.11,NA,1012.87,12.78,2,",skc"
1858-10-07 21:00:00,12.22,270,1011.51,12.78,1,NA
1858-10-08,NA,NA,NA,NA,NA,NA
1858-10-08 07:00:00,10,225,1003.39,8.89,2,",ra"
1858-10-08 12:00:00,NA,225,NA,NA,NA,NA
1858-10-08 14:00:00,11.11,NA,1000.68,11.11,2,",ra"
1858-10-08 21:00:00,12.22,225,1001.36,13.89,2,NA
1858-10-09,NA,NA,NA,NA,NA,NA
1858-10-09 07:00:00,6.11,315,1010.16,3.33,1,",ra"
1858-10-09 12:00:00,NA,315,NA,NA,NA,NA
1858-10-09 14:00:00,10.56,NA,1010.16,11.11,2,",br"
1858-10-09 21:00:00,11.11,315,1008.81,11.11,2,",ra"
1858-10-10,NA,NA,NA,NA,NA,NA
1858-10-10 07:00:00,7.78,270,1011.18,7.78,2,NA
1858-10-10 12:00:00,NA,315,NA,NA,NA,NA
1858-10-10 14:00:00,9.44,NA,1012.53,10.56,5,NA
1858-10-10 21:00:00,10,315,1015.24,10,5,NA
1858-10-11,NA,NA,NA,NA,NA,NA
1858-10-11 07:00:00,7.78,315,1020.66,4.44,2,NA
1858-10-11 12:00:00,NA,315,NA,NA,NA,NA
1858-10-11 14:00:00,9.44,NA,1021,9.44,2,NA
1858-10-11 21:00:00,10,315,1021.33,10,2,NA
1858-10-12,NA,NA,NA,NA,NA,NA
1858-10-12 07:00:00,5.56,0,1030.48,5,2,",skc"
1858-10-12 12:00:00,NA,0,NA,NA,NA,NA
1858-10-12 14:00:00,9.44,NA,1030.82,9.44,5,NA
1858-10-12 21:00:00,12.22,0,1031.16,11.67,2,",skc"
1858-10-13,NA,NA,NA,NA,NA,NA
1858-10-13 07:00:00,5.56,NA,1033.53,1.11,0,",br"
1858-10-13 12:00:00,NA,225,NA,NA,NA,NA
1858-10-13 14:00:00,10,NA,1033.19,10,2,NA
1858-10-13 21:00:00,10.56,225,1032.17,11.11,2,",skc"
1858-10-14,NA,NA,NA,NA,NA,NA
1858-10-14 07:00:00,11.11,180,1024.04,11.11,11,",ra"
1858-10-14 12:00:00,NA,135,NA,NA,NA,NA
1858-10-14 14:00:00,11.11,NA,1019.64,12.22,5,",ra"
1858-10-14 21:00:00,12.22,135,1017.61,12.78,5,",ra"
1858-10-15,NA,NA,NA,NA,NA,NA
1858-10-15 07:00:00,12.78,270,1012.53,12.78,1,",ra"
1858-10-15 12:00:00,NA,292.5,NA,NA,NA,NA
1858-10-15 14:00:00,13.33,NA,1012.19,14.44,2,",br"
1858-10-15 21:00:00,13.33,292.5,1013.21,12.78,5,NA
1858-10-16,NA,NA,NA,NA,NA,NA
1858-10-16 07:00:00,8.89,0,1027.09,8.33,2,",skc"
1858-10-16 12:00:00,NA,0,NA,NA,NA,NA
1858-10-16 14:00:00,10,NA,1028.11,10.56,2,",skc"
1858-10-16 21:00:00,10.56,0,1028.45,11.11,2,",skc"
1858-10-17,NA,NA,NA,NA,NA,NA
1858-10-17 07:00:00,4.44,315,1038.61,1.11,5,NA
1858-10-17 12:00:00,NA,22.5,NA,NA,NA,NA
1858-10-17 14:00:00,8.89,NA,1039.28,8.89,5,",skc"
1858-10-17 21:00:00,10,22.5,1039.28,6.11,1,",skc"
1858-10-18,NA,NA,NA,NA,NA,NA
1858-10-18 07:00:00,3.89,315,1037.93,-0.56,2,",skc"
1858-10-18 12:00:00,NA,270,NA,NA,NA,NA
1858-10-18 14:00:00,5.56,NA,1035.9,8.89,2,NA
1858-10-18 21:00:00,13.33,270,1032.85,12.78,2,NA
1858-10-19,NA,NA,NA,NA,NA,NA
1858-10-19 07:00:00,9.44,270,1026.75,11.67,1,",skc"
1858-10-19 12:00:00,NA,0,NA,NA,NA,NA
1858-10-19 14:00:00,13.89,NA,1025.4,12.22,2,",skc"
1858-10-19 21:00:00,17.22,0,1024.38,18.89,1,",skc"
1858-10-20,NA,NA,NA,NA,NA,NA
1858-10-20 07:00:00,11.67,0,1023.71,12.78,2,",skc"
1858-10-20 12:00:00,NA,0,NA,NA,NA,NA
1858-10-20 14:00:00,16.67,NA,1023.37,18.33,2,",skc"
1858-10-20 21:00:00,17.78,0,1023.03,18.89,2,",skc"
1858-10-21,NA,NA,NA,NA,NA,NA
1858-10-21 07:00:00,11.11,0,1032.17,8.89,2,",skc"
1858-10-21 12:00:00,NA,0,NA,NA,NA,NA
1858-10-21 14:00:00,12.22,NA,1031.49,8.89,2,",skc"
1858-10-21 21:00:00,12.78,0,1031.49,8.89,2,",skc"
1858-10-22,NA,NA,NA,NA,NA,NA
1858-10-22 07:00:00,6.11,45,1030.82,6.67,1,NA
1858-10-22 12:00:00,NA,0,NA,NA,NA,NA
1858-10-22 14:00:00,7.22,NA,1030.14,8.89,1,NA
1858-10-22 21:00:00,9.44,180,1027.43,13.33,2,",skc"
1858-10-23,NA,NA,NA,NA,NA,NA
1858-10-23 07:00:00,7.78,NA,1024.38,13.33,0,",skc"
1858-10-23 12:00:00,NA,NA,NA,NA,NA,NA
1858-10-23 14:00:00,11.11,NA,1023.37,14.44,0,",br"
1858-10-23 21:00:00,13.33,NA,1022.69,13.89,0,",br"
1858-10-24,NA,NA,NA,NA,NA,NA
1858-10-24 07:00:00,8.89,45,1023.71,7.22,5,",br"
1858-10-24 12:00:00,NA,45,NA,NA,NA,NA
1858-10-24 14:00:00,8.89,NA,1025.06,7.78,11,",br"
1858-10-24 21:00:00,7.78,45,1022.01,4.44,16,",br"
1858-10-25,NA,NA,NA,NA,NA,NA
1858-10-25 07:00:00,3.33,45,1020.32,3.89,27,NA
1858-10-25 12:00:00,NA,45,NA,NA,NA,NA
1858-10-25 14:00:00,4.44,NA,1019.98,5.56,27,NA
1858-10-25 21:00:00,4.44,45,1019.98,3.33,27,NA
1858-10-26,NA,NA,NA,NA,NA,NA
1858-10-26 07:00:00,3.33,45,1019.98,2.78,16,NA
1858-10-26 12:00:00,NA,45,NA,NA,NA,NA
1858-10-26 14:00:00,5.56,NA,1019.3,5.56,20,NA
1858-10-26 21:00:00,5.56,45,1018.29,4.44,20,",skc"
1858-10-27,NA,NA,NA,NA,NA,NA
1858-10-27 07:00:00,4.44,45,1013.88,4.44,20,NA
1858-10-27 12:00:00,NA,45,NA,NA,NA,NA
1858-10-27 14:00:00,7.22,NA,1013.88,8.89,20,NA
1858-10-27 21:00:00,8.33,22.5,1014.22,8.89,16,NA
1858-10-28,NA,NA,NA,NA,NA,NA
1858-10-28 07:00:00,6.67,315,1019.64,7.22,11,NA
1858-10-28 12:00:00,NA,0,NA,NA,NA,NA
1858-10-28 14:00:00,10,NA,1019.98,15.56,11,",skc"
1858-10-28 21:00:00,8.33,0,1024.38,7.78,11,",br"
1858-10-29,NA,NA,NA,NA,NA,NA
1858-10-29 07:00:00,2.22,0,1033.53,-1.11,1,",skc"
1858-10-29 12:00:00,NA,0,NA,NA,NA,NA
1858-10-29 14:00:00,5.56,NA,1033.53,7.22,1,",skc"
1858-10-29 21:00:00,7.78,0,1033.19,8.33,1,",skc"
1858-10-30,NA,NA,NA,NA,NA,NA
1858-10-30 07:00:00,3.33,45,1030.82,-2.22,1,",br"
1858-10-30 12:00:00,NA,45,NA,NA,NA,NA
1858-10-30 14:00:00,8.33,NA,1029.8,3.33,1,",br"
1858-10-30 21:00:00,8.33,135,1028.78,8.89,2,",br"
1858-10-31,NA,NA,NA,NA,NA,NA
1858-10-31 07:00:00,11.11,135,1023.37,12.22,5,",ra"
1858-10-31 12:00:00,NA,225,NA,NA,NA,NA
1858-10-31 14:00:00,12.22,NA,1020.32,13.33,2,",br"
1858-10-31 21:00:00,12.22,225,1018.96,13.33,1,",fg"
1858-11-01,NA,NA,NA,NA,NA,NA
1858-11-01 07:00:00,11.11,22.5,1021.33,11.67,1,",br"
1858-11-01 12:00:00,NA,22.5,NA,NA,NA,NA
1858-11-01 14:00:00,12.22,NA,1021.33,12.78,5,NA
1858-11-01 21:00:00,13.33,NA,1025.74,13.33,0,NA
1858-11-02,NA,NA,NA,NA,NA,NA
1858-11-02 07:00:00,8.89,0,1031.16,4.44,5,NA
1858-11-02 12:00:00,NA,0,NA,NA,NA,NA
1858-11-02 14:00:00,7.78,NA,1031.49,7.78,5,NA
1858-11-02 21:00:00,6.67,0,1031.49,5.56,5,NA
1858-11-03,NA,NA,NA,NA,NA,NA
1858-11-03 07:00:00,3.33,45,1033.86,2.22,2,",br"
1858-11-03 12:00:00,NA,45,NA,NA,NA,NA
1858-11-03 14:00:00,4.44,NA,1032.85,6.11,5,",bkn"
1858-11-03 21:00:00,3.89,45,1032.85,4.44,5,",bkn"
1858-11-04,NA,NA,NA,NA,NA,NA
1858-11-04 07:00:00,1.11,45,1031.49,1.11,5,",bkn"
1858-11-04 12:00:00,NA,45,NA,NA,NA,NA
1858-11-04 14:00:00,1.11,NA,1031.49,2.22,2,",bkn"
1858-11-04 21:00:00,3.33,180,1029.8,3.89,5,",bkn"
1858-11-05,NA,NA,NA,NA,NA,NA
1858-11-05 07:00:00,5.56,180,1022.01,8.89,5,NA
1858-11-05 12:00:00,NA,180,NA,NA,NA,NA
1858-11-05 14:00:00,8.33,NA,1021.33,9.44,5,",ra"
1858-11-05 21:00:00,7.22,180,1015.92,7.22,5,",ra"
1858-11-06,NA,NA,NA,NA,NA,NA
1858-11-06 07:00:00,7.78,45,1019.98,6.67,5,",br"
1858-11-06 12:00:00,NA,45,NA,NA,NA,NA
1858-11-06 14:00:00,6.67,NA,1019.64,7.78,5,",br"
1858-11-06 21:00:00,6.67,45,1018.96,7.22,5,",br"
1858-11-07,NA,NA,NA,NA,NA,NA
1858-11-07 07:00:00,6.67,135,1008.81,6.67,20,",ra"
1858-11-07 12:00:00,NA,247.5,NA,NA,NA,NA
1858-11-07 14:00:00,7.78,NA,1005.08,8.89,5,",br"
1858-11-07 21:00:00,7.78,270,1005.76,8.89,5,",br"
1858-11-08,NA,NA,NA,NA,NA,NA
1858-11-08 07:00:00,7.22,247.5,1010.5,9.44,2,",br"
1858-11-08 12:00:00,NA,247.5,NA,NA,NA,NA
1858-11-08 14:00:00,8.89,NA,1010.5,10,2,NA
1858-11-08 21:00:00,8.89,225,1010.5,8.89,1,NA
1858-11-09,NA,NA,NA,NA,NA,NA
1858-11-09 07:00:00,5.56,270,1011.18,5,1,NA
1858-11-09 12:00:00,NA,315,NA,NA,NA,NA
1858-11-09 14:00:00,6.67,NA,1011.85,7.78,1,NA
1858-11-09 21:00:00,5.56,0,1013.88,5.56,1,NA
1858-11-10,NA,NA,NA,NA,NA,NA
1858-11-10 07:00:00,2.78,315,1010.84,1.11,2,",br"
1858-11-10 12:00:00,NA,315,NA,NA,NA,NA
1858-11-10 14:00:00,3.89,NA,1011.18,3.89,2,",br"
1858-11-10 21:00:00,3.89,315,1011.51,4.44,2,",br"
1858-11-11,NA,NA,NA,NA,NA,NA
1858-11-11 07:00:00,3.33,315,1015.92,0.56,2,NA
1858-11-11 12:00:00,NA,0,NA,NA,NA,NA
1858-11-11 14:00:00,3.33,NA,1016.59,1.67,5,NA
1858-11-11 21:00:00,3.89,0,1017.61,2.22,5,",skc"
1858-11-12,NA,NA,NA,NA,NA,NA
1858-11-12 07:00:00,0.56,0,1017.27,-3.33,1,",skc"
1858-11-12 12:00:00,NA,0,NA,NA,NA,NA
1858-11-12 14:00:00,1.67,NA,1016.93,-1.67,1,",skc"
1858-11-12 21:00:00,0,315,1015.24,-1.67,2,NA
1858-11-13,NA,NA,NA,NA,NA,NA
1858-11-13 07:00:00,-0.56,0,1018.63,-3.33,5,",skc"
1858-11-13 12:00:00,NA,NA,NA,NA,NA,NA
1858-11-13 14:00:00,3.33,NA,1019.64,0,0,",skc"
1858-11-13 21:00:00,3.33,270,1016.26,0,2,",br"
1858-11-14,NA,NA,NA,NA,NA,NA
1858-11-14 07:00:00,1.11,22.5,1005.76,0.56,5,",sn"
1858-11-14 12:00:00,NA,22.5,NA,NA,NA,NA
1858-11-14 14:00:00,1.67,NA,1004.06,1.67,5,",sn"
1858-11-14 21:00:00,1.11,22.5,1003.73,2.22,5,NA
1858-11-15,NA,NA,NA,NA,NA,NA
1858-11-15 07:00:00,-1.11,0,1012.87,-3.89,11,NA
1858-11-15 12:00:00,NA,315,NA,NA,NA,NA
1858-11-15 14:00:00,0,NA,1013.21,-3.33,11,NA
1858-11-15 21:00:00,1.11,315,1012.53,-2.22,2,",skc"
1858-11-16,NA,NA,NA,NA,NA,NA
1858-11-16 07:00:00,-1.11,0,1004.06,-2.78,1,NA
1858-11-16 12:00:00,NA,315,NA,NA,NA,NA
1858-11-16 14:00:00,2.22,NA,1003.05,-0.56,1,NA
1858-11-16 21:00:00,3.33,315,1002.03,-1.11,2,NA
1858-11-17,NA,NA,NA,NA,NA,NA
1858-11-17 07:00:00,0,315,996.95,-3.33,1,",br"
1858-11-17 12:00:00,NA,0,NA,NA,NA,NA
1858-11-17 14:00:00,0,NA,995.6,-0.56,5,",sn"
1858-11-17 21:00:00,1.11,315,998.98,0,5,NA
1858-11-18,NA,NA,NA,NA,NA,NA
1858-11-18 07:00:00,0.56,0,1003.05,-0.56,5,NA
1858-11-18 12:00:00,NA,0,NA,NA,NA,NA
1858-11-18 14:00:00,1.11,NA,1001.69,1.67,5,NA
1858-11-18 21:00:00,2.22,0,1000.34,1.67,11,NA
1858-11-19,NA,NA,NA,NA,NA,NA
1858-11-19 07:00:00,1.67,0,998.31,1.67,11,NA
1858-11-19 12:00:00,NA,315,NA,NA,NA,NA
1858-11-19 14:00:00,2.22,NA,997.97,2.78,11,",br"
1858-11-19 21:00:00,0.56,315,998.65,-1.11,11,NA
1858-11-20,NA,NA,NA,NA,NA,NA
1858-11-20 07:00:00,-1.11,315,1000.34,-4.44,11,NA
1858-11-20 12:00:00,NA,315,NA,NA,NA,NA
1858-11-20 14:00:00,1.11,NA,1000.34,-1.11,11,NA
1858-11-20 21:00:00,-1.11,0,1003.39,-3.33,2,",skc"
1858-11-21,NA,NA,NA,NA,NA,NA
1858-11-21 07:00:00,0,0,1008.13,-2.78,5,",skc"
1858-11-21 12:00:00,NA,0,NA,NA,NA,NA
1858-11-21 14:00:00,2.78,NA,1007.79,2.78,2,",skc"
1858-11-21 21:00:00,3.89,0,1008.47,2.22,2,",skc"
1858-11-22,NA,NA,NA,NA,NA,NA
1858-11-22 07:00:00,0,0,1011.85,-1.11,2,",br"
1858-11-22 12:00:00,NA,45,NA,NA,NA,NA
1858-11-22 14:00:00,0.56,NA,1013.88,3.33,5,",br"
1858-11-22 21:00:00,1.11,0,1016.26,0.56,5,NA
1858-11-23,NA,NA,NA,NA,NA,NA
1858-11-23 07:00:00,0,0,1018.63,-3.33,2,",skc"
1858-11-23 12:00:00,NA,112.5,NA,NA,NA,NA
1858-11-23 14:00:00,1.11,NA,1016.59,1.11,2,",br"
1858-11-23 21:00:00,1.11,NA,1013.88,1.67,0,",br"
1858-11-24,NA,NA,NA,NA,NA,NA
1858-11-24 07:00:00,1.11,0,1003.39,0.56,5,",sn"
1858-11-24 12:00:00,NA,45,NA,NA,NA,NA
1858-11-24 14:00:00,1.11,NA,1001.69,1.67,2,",br"
1858-11-24 21:00:00,2.78,45,1000.68,3.33,2,",br"
1858-11-25,NA,NA,NA,NA,NA,NA
1858-11-25 07:00:00,1.11,0,996.28,0,2,",br"
1858-11-25 12:00:00,NA,0,NA,NA,NA,NA
1858-11-25 14:00:00,2.22,NA,995.6,2.78,2,",br"
1858-11-25 21:00:00,3.33,0,996.95,2.22,11,",br"
1858-11-26,NA,NA,NA,NA,NA,NA
1858-11-26 07:00:00,1.11,0,1001.69,2.22,11,NA
1858-11-26 12:00:00,NA,0,NA,NA,NA,NA
1858-11-26 14:00:00,2.78,NA,1003.05,3.33,5,NA
1858-11-26 21:00:00,2.78,337.5,1004.4,3.33,2,NA
1858-11-27,NA,NA,NA,NA,NA,NA
1858-11-27 07:00:00,2.22,0,1014.22,1.11,5,NA
1858-11-27 12:00:00,NA,22.5,NA,NA,NA,NA
1858-11-27 14:00:00,2.22,NA,1014.9,2.78,11,NA
1858-11-27 21:00:00,2.22,22.5,1016.26,2.22,5,NA
1858-11-28,NA,NA,NA,NA,NA,NA
1858-11-28 07:00:00,0,NA,1015.24,0.56,1,NA
1858-11-28 12:00:00,NA,225,NA,NA,NA,NA
1858-11-28 14:00:00,0.56,NA,1012.87,1.11,1,NA
1858-11-28 21:00:00,0,225,1010.5,-1.11,1,",sn"
1858-11-29,NA,NA,NA,NA,NA,NA
1858-11-29 07:00:00,0,0,1004.74,-2.22,5,",br"
1858-11-29 12:00:00,NA,0,NA,NA,NA,NA
1858-11-29 14:00:00,0.56,NA,1004.4,-1.11,5,NA
1858-11-29 21:00:00,1.11,0,1004.74,-0.56,11,NA
1858-11-30,NA,NA,NA,NA,NA,NA
1858-11-30 07:00:00,-1.67,NA,1013.55,-2.78,0,NA
1858-11-30 12:00:00,NA,NA,NA,NA,NA,NA
1858-11-30 14:00:00,-1.11,NA,1012.19,-1.11,0,NA
1858-11-30 21:00:00,-0.56,NA,1011.51,0.56,0,NA
1858-12-01,NA,NA,NA,NA,NA,NA
1858-12-01 07:00:00,0,315,1009.14,-1.67,5,",sn"
1858-12-01 12:00:00,NA,315,NA,NA,NA,NA
1858-12-01 14:00:00,0,NA,1014.22,-1.67,11,",sn"
1858-12-01 21:00:00,0,0,1019.3,0,20,NA
1858-12-02,NA,NA,NA,NA,NA,NA
1858-12-02 07:00:00,-4.44,0,1030.82,-8.33,2,NA
1858-12-02 12:00:00,NA,0,NA,NA,NA,NA
1858-12-02 14:00:00,-3.89,NA,1030.14,-7.22,1,NA
1858-12-02 21:00:00,-2.22,270,1029.8,-2.22,1,NA
1858-12-03,NA,NA,NA,NA,NA,NA
1858-12-03 07:00:00,0,270,1017.61,0.56,2,",br"
1858-12-03 12:00:00,NA,315,NA,NA,NA,NA
1858-12-03 14:00:00,2.22,NA,1017.61,3.33,2,",br"
1858-12-03 21:00:00,3.33,270,1016.26,2.22,2,",br"
1858-12-04,NA,NA,NA,NA,NA,NA
1858-12-04 07:00:00,0,0,1021,-3.33,5,NA
1858-12-04 12:00:00,NA,0,NA,NA,NA,NA
1858-12-04 14:00:00,-1.11,NA,1023.37,-3.33,11,NA
1858-12-04 21:00:00,-1.11,0,1024.38,-6.67,5,NA
1858-12-05,NA,NA,NA,NA,NA,NA
1858-12-05 07:00:00,-4.44,0,1031.16,-9.44,1,NA
1858-12-05 12:00:00,NA,45,NA,NA,NA,NA
1858-12-05 14:00:00,-3.33,NA,1031.83,-4.44,2,NA
1858-12-05 21:00:00,-2.22,135,1027.09,-2.78,2,NA
1858-12-06,NA,NA,NA,NA,NA,NA
1858-12-06 07:00:00,0,135,1013.88,0.56,1,",fg"
1858-12-06 12:00:00,NA,292.5,NA,NA,NA,NA
1858-12-06 14:00:00,0.56,NA,1013.88,1.11,2,NA
1858-12-06 21:00:00,1.11,315,1014.22,1.11,2,NA
1858-12-07,NA,NA,NA,NA,NA,NA
1858-12-07 07:00:00,-1.11,0,1027.09,-8.89,11,NA
1858-12-07 12:00:00,NA,0,NA,NA,NA,NA
1858-12-07 14:00:00,-1.11,NA,1027.77,-7.78,5,NA
1858-12-07 21:00:00,-1.11,0,1028.78,-5.56,5,NA
1858-12-08,NA,NA,NA,NA,NA,NA
1858-12-08 07:00:00,-0.56,135,1018.29,1.11,5,",ra"
1858-12-08 12:00:00,NA,135,NA,NA,NA,NA
1858-12-08 14:00:00,1.11,NA,1010.84,1.67,5,",ra"
1858-12-08 21:00:00,1.67,315,1007.79,1.67,1,",ra"
1858-12-09,NA,NA,NA,NA,NA,NA
1858-12-09 07:00:00,0,0,1010.16,-3.89,11,",sn"
1858-12-09 12:00:00,NA,0,NA,NA,NA,NA
1858-12-09 14:00:00,-0.56,NA,1010.84,-0.56,16,NA
1858-12-09 21:00:00,-1.11,0,1011.18,-2.22,16,NA
1858-12-10,NA,NA,NA,NA,NA,NA
1858-12-10 07:00:00,-5.56,315,1020.32,-12.22,5,NA
1858-12-10 12:00:00,NA,315,NA,NA,NA,NA
1858-12-10 14:00:00,-5.56,NA,1021.33,-11.11,11,NA
1858-12-10 21:00:00,-4.44,315,1022.69,-9.44,11,NA
1858-12-11,NA,NA,NA,NA,NA,NA
1858-12-11 07:00:00,-6.67,NA,1019.64,-5,0,",sn"
1858-12-11 12:00:00,NA,270,NA,NA,NA,NA
1858-12-11 14:00:00,-2.78,NA,1017.27,-3.33,5,NA
1858-12-11 21:00:00,-1.11,270,1016.93,-0.56,1,",br"
1858-12-12,NA,NA,NA,NA,NA,NA
1858-12-12 07:00:00,-3.33,0,1027.09,-10.56,11,NA
1858-12-12 12:00:00,NA,0,NA,NA,NA,NA
1858-12-12 14:00:00,-3.89,NA,1028.45,-10,11,NA
1858-12-12 21:00:00,-4.44,0,1029.46,-10,11,NA
1858-12-13,NA,NA,NA,NA,NA,NA
1858-12-13 07:00:00,-11.11,45,1038.27,-14.44,5,NA
1858-12-13 12:00:00,NA,0,NA,NA,NA,NA
1858-12-13 14:00:00,-1.11,NA,1036.24,-2.22,2,NA
1858-12-13 21:00:00,-1.11,0,1034.88,-1.11,1,NA
1858-12-14,NA,NA,NA,NA,NA,NA
1858-12-14 07:00:00,0,270,1016.93,0.56,2,",fg"
1858-12-14 12:00:00,NA,292.5,NA,NA,NA,NA
1858-12-14 14:00:00,0.56,NA,1015.58,1.67,2,NA
1858-12-14 21:00:00,1.11,NA,1014.9,1.67,0,NA
1858-12-15,NA,NA,NA,NA,NA,NA
1858-12-15 07:00:00,2.22,NA,1005.42,5.56,0,",ra"
1858-12-15 12:00:00,NA,NA,NA,NA,NA,NA
1858-12-15 14:00:00,3.33,NA,1004.4,7.22,0,",ra"
1858-12-15 21:00:00,3.33,NA,1004.06,7.22,0,",ra"
1858-12-16,NA,NA,NA,NA,NA,NA
1858-12-16 07:00:00,2.78,0,1012.19,1.67,5,NA
1858-12-16 12:00:00,NA,0,NA,NA,NA,NA
1858-12-16 14:00:00,1.67,NA,1015.92,0,5,NA
1858-12-16 21:00:00,0.56,0,1017.27,-0.56,5,NA
1858-12-17,NA,NA,NA,NA,NA,NA
1858-12-17 07:00:00,-2.22,45,1019.98,-5.56,2,NA
1858-12-17 12:00:00,NA,45,NA,NA,NA,NA
1858-12-17 14:00:00,-3.33,NA,1021,-4.44,5,NA
1858-12-17 21:00:00,-2.78,0,1022.35,-3.89,5,NA
1858-12-18,NA,NA,NA,NA,NA,NA
1858-12-18 07:00:00,-7.22,0,1025.06,-15,5,NA
1858-12-18 12:00:00,NA,0,NA,NA,NA,NA
1858-12-18 14:00:00,-6.67,NA,1025.4,-11.11,5,NA
1858-12-18 21:00:00,-5.56,0,1027.09,-3.89,5,NA
1858-12-19,NA,NA,NA,NA,NA,NA
1858-12-19 07:00:00,-7.22,0,1030.48,-13.33,11,NA
1858-12-19 12:00:00,NA,0,NA,NA,NA,NA
1858-12-19 14:00:00,-5.56,NA,1029.8,-7.78,5,NA
1858-12-19 21:00:00,-4.44,0,1028.11,-8.89,5,NA
1858-12-20,NA,NA,NA,NA,NA,NA
1858-12-20 07:00:00,-5.56,180,1016.26,-2.22,5,",sn"
1858-12-20 12:00:00,NA,270,NA,NA,NA,NA
1858-12-20 14:00:00,-5.56,NA,1013.55,0,2,",ra"
1858-12-20 21:00:00,-2.22,0,1013.21,1.11,2,NA
1858-12-21,NA,NA,NA,NA,NA,NA
1858-12-21 07:00:00,-3.89,NA,1019.98,-8.33,0,NA
1858-12-21 12:00:00,NA,315,NA,NA,NA,NA
1858-12-21 14:00:00,-3.33,NA,1019.98,-5,1,NA
1858-12-21 21:00:00,-3.33,135,1020.32,-5.56,5,",sn"
1858-12-22,NA,NA,NA,NA,NA,NA
1858-12-22 07:00:00,1.11,135,985.44,3.33,2,",ra"
1858-12-22 12:00:00,NA,225,NA,NA,NA,NA
1858-12-22 14:00:00,1.11,NA,977.31,6.67,16,",sn"
1858-12-22 21:00:00,3.33,315,980.02,2.78,20,",sq"
1858-12-23,NA,NA,NA,NA,NA,NA
1858-12-23 07:00:00,-3.33,337.5,1000.68,-8.33,20,",sq"
1858-12-23 12:00:00,NA,337.5,NA,NA,NA,NA
1858-12-23 14:00:00,-3.33,NA,1002.71,-3.89,16,NA
1858-12-23 21:00:00,-2.22,315,1005.42,-3.89,11,NA
1858-12-24,NA,NA,NA,NA,NA,NA
1858-12-24 07:00:00,-5.56,22.5,1010.16,-8.33,2,NA
1858-12-24 12:00:00,NA,315,NA,NA,NA,NA
1858-12-24 14:00:00,-6.67,NA,1010.5,-7.22,5,NA
1858-12-24 21:00:00,-7.22,0,1014.9,-7.78,5,NA
1858-12-25,NA,NA,NA,NA,NA,NA
1858-12-25 07:00:00,-4.44,0,1025.4,-12.22,5,NA
1858-12-25 12:00:00,NA,0,NA,NA,NA,NA
1858-12-25 14:00:00,-5.56,NA,1027.43,-6.67,5,NA
1858-12-25 21:00:00,-4.44,0,1030.48,-6.11,11,",br"
1858-12-26,NA,NA,NA,NA,NA,NA
1858-12-26 07:00:00,-4.44,NA,1032.51,-12.22,0,NA
1858-12-26 12:00:00,NA,270,NA,NA,NA,NA
1858-12-26 14:00:00,-2.22,NA,1030.14,-1.67,2,NA
1858-12-26 21:00:00,-5,270,1029.46,-5.56,2,NA
1858-12-27,NA,NA,NA,NA,NA,NA
1858-12-27 07:00:00,-6.67,NA,1016.59,-1.11,0,",fg"
1858-12-27 12:00:00,NA,180,NA,NA,NA,NA
1858-12-27 14:00:00,4.44,NA,1012.53,2.78,5,",ra"
1858-12-27 21:00:00,4.44,270,1009.14,3.89,2,",ra"
1858-12-28,NA,NA,NA,NA,NA,NA
1858-12-28 07:00:00,4.44,270,1004.06,0,2,",br"
1858-12-28 12:00:00,NA,0,NA,NA,NA,NA
1858-12-28 14:00:00,-0.56,NA,998.65,-2.22,11,",sn"
1858-12-28 21:00:00,-1.11,0,997.29,-2.78,11,",sn"
1858-12-29,NA,NA,NA,NA,NA,NA
1858-12-29 07:00:00,-4.44,0,1010.16,-7.22,5,",sn"
1858-12-29 12:00:00,NA,0,NA,NA,NA,NA
1858-12-29 14:00:00,-3.89,NA,1013.21,-7.22,11,NA
1858-12-29 21:00:00,-5.56,0,1017.95,-7.78,11,NA
1858-12-30,NA,NA,NA,NA,NA,NA
1858-12-30 07:00:00,-7.78,0,1026.75,-15.56,5,NA
1858-12-30 12:00:00,NA,0,NA,NA,NA,NA
1858-12-30 14:00:00,-6.67,NA,1027.43,-11.11,16,NA
1858-12-30 21:00:00,-7.78,45,1030.14,-12.22,11,NA
1858-12-31,NA,NA,NA,NA,NA,NA
1858-12-31 07:00:00,-10,45,1037.93,-15,1,NA
1858-12-31 12:00:00,NA,180,NA,NA,NA,NA
1858-12-31 14:00:00,-7.22,NA,1035.22,-6.11,11,NA
1858-12-31 21:00:00,0,180,1015.58,-1.67,1,",ra"
1859-01-01,NA,NA,NA,NA,NA,NA
1859-01-01 07:00:00,1.11,180,1007.45,1.67,1,",ra"
1859-01-01 12:00:00,NA,270,NA,NA,NA,NA
1859-01-01 14:00:00,0,NA,1004.74,5,1,",br"
1859-01-01 21:00:00,1.11,270,1004.74,3.33,5,",br"
1859-01-02,NA,NA,NA,NA,NA,NA
1859-01-02 07:00:00,0,315,1017.27,-2.78,11,NA
1859-01-02 12:00:00,NA,22.5,NA,NA,NA,NA
1859-01-02 14:00:00,-1.11,NA,1019.3,-1.11,11,NA
1859-01-02 21:00:00,-2.22,0,1023.71,-7.78,11,NA
1859-01-03,NA,NA,NA,NA,NA,NA
1859-01-03 07:00:00,-14.44,0,1035.56,-16.11,5,NA
1859-01-03 12:00:00,NA,0,NA,NA,NA,NA
1859-01-03 14:00:00,-6.67,NA,1035.9,-8.89,2,NA
1859-01-03 21:00:00,-6.11,0,1036.57,-7.22,2,NA
1859-01-04,NA,NA,NA,NA,NA,NA
1859-01-04 07:00:00,-7.78,135,1030.48,-7.22,11,",br"
1859-01-04 12:00:00,NA,135,NA,NA,NA,NA
1859-01-04 14:00:00,-4.44,NA,1021,-3.89,16,",br"
1859-01-04 21:00:00,-3.33,135,1010.5,-4.44,20,",sq"
1859-01-05,NA,NA,NA,NA,NA,NA
1859-01-05 07:00:00,0,315,995.6,3.33,16,",sn"
1859-01-05 12:00:00,NA,315,NA,NA,NA,NA
1859-01-05 14:00:00,-1.11,NA,1005.76,-1.67,11,",br"
1859-01-05 21:00:00,-2.22,315,1010.5,-2.78,11,",br"
1859-01-06,NA,NA,NA,NA,NA,NA
1859-01-06 07:00:00,-2.78,NA,1022.01,-0.56,0,NA
1859-01-06 12:00:00,NA,NA,NA,NA,NA,NA
1859-01-06 14:00:00,0,NA,1025.74,0.56,0,NA
1859-01-06 21:00:00,-0.56,NA,1030.14,-0.56,0,NA
1859-01-07,NA,NA,NA,NA,NA,NA
1859-01-07 07:00:00,1.11,180,1027.43,1.11,2,",fg"
1859-01-07 12:00:00,NA,90,NA,NA,NA,NA
1859-01-07 14:00:00,1.11,NA,1023.37,1.11,2,",ra"
1859-01-07 21:00:00,1.11,135,1015.24,1.11,5,",ra"
1859-01-08,NA,NA,NA,NA,NA,NA
1859-01-08 07:00:00,7.78,180,994.58,8.33,16,",ra"
1859-01-08 12:00:00,NA,315,NA,NA,NA,NA
1859-01-08 14:00:00,4.44,NA,997.97,7.22,11,NA
1859-01-08 21:00:00,2.22,337.5,1001.36,0.56,5,NA
1859-01-09,NA,NA,NA,NA,NA,NA
1859-01-09 07:00:00,-4.44,0,1020.66,-9.44,5,NA
1859-01-09 12:00:00,NA,0,NA,NA,NA,NA
1859-01-09 14:00:00,-5.56,NA,1023.37,-6.67,1,NA
1859-01-09 21:00:00,-4.44,0,1024.04,-7.78,1,NA
1859-01-10,NA,NA,NA,NA,NA,NA
1859-01-10 07:00:00,-7.78,135,1022.01,-11.11,5,",sn"
1859-01-10 12:00:00,NA,45,NA,NA,NA,NA
1859-01-10 14:00:00,-7.78,NA,1020.32,-10.56,11,",sn"
1859-01-10 21:00:00,-7.78,45,1020.32,-11.11,11,",sn"
1859-01-11,NA,NA,NA,NA,NA,NA
1859-01-11 07:00:00,-10,0,1022.69,-15,16,NA
1859-01-11 12:00:00,NA,0,NA,NA,NA,NA
1859-01-11 14:00:00,-10,NA,1022.35,-17.78,2,NA
1859-01-11 21:00:00,-10,0,1022.01,-13.33,1,NA
1859-01-12,NA,NA,NA,NA,NA,NA
1859-01-12 07:00:00,-11.11,NA,1020.32,-20.56,0,",br"
1859-01-12 12:00:00,NA,45,NA,NA,NA,NA
1859-01-12 14:00:00,-11.11,NA,1019.3,-12.22,1,",br"
1859-01-12 21:00:00,-10,67.5,1018.63,-11.11,2,",br"
1859-01-13,NA,NA,NA,NA,NA,NA
1859-01-13 07:00:00,-12.22,NA,1023.71,-17.78,0,NA
1859-01-13 12:00:00,NA,180,NA,NA,NA,NA
1859-01-13 14:00:00,-11.67,NA,1021,-10,1,",sn"
1859-01-13 21:00:00,-11.11,90,1020.66,-10,2,",sn"
1859-01-14,NA,NA,NA,NA,NA,NA
1859-01-14 07:00:00,-10.56,NA,1022.69,-8.89,0,NA
1859-01-14 12:00:00,NA,NA,NA,NA,NA,NA
1859-01-14 14:00:00,-10,NA,1024.04,-7.22,0,NA
1859-01-14 21:00:00,-7.22,NA,1026.08,-6.67,0,NA
1859-01-15,NA,NA,NA,NA,NA,NA
1859-01-15 07:00:00,-4.44,NA,1010.5,-5,0,",br"
1859-01-15 12:00:00,NA,180,NA,NA,NA,NA
1859-01-15 14:00:00,1.67,NA,1005.76,-3.33,2,",ra"
1859-01-15 21:00:00,1.67,135,1003.73,-3.33,2,",ra"
1859-01-16,NA,NA,NA,NA,NA,NA
1859-01-16 07:00:00,2.22,315,999.66,1.67,1,",br"
1859-01-16 12:00:00,NA,NA,NA,NA,NA,NA
1859-01-16 14:00:00,1.11,NA,1000,2.78,0,",br"
1859-01-16 21:00:00,0,315,1008.13,-6.67,11,NA
1859-01-17,NA,NA,NA,NA,NA,NA
1859-01-17 07:00:00,-3.33,0,1020.66,-3.89,1,",br"
1859-01-17 12:00:00,NA,270,NA,NA,NA,NA
1859-01-17 14:00:00,-2.22,NA,1020.66,-1.11,2,",br"
1859-01-17 21:00:00,-2.22,225,1019.98,-0.56,2,",br"
1859-01-18,NA,NA,NA,NA,NA,NA
1859-01-18 07:00:00,-5.56,0,1017.61,-11.11,5,",br"
1859-01-18 12:00:00,NA,0,NA,NA,NA,NA
1859-01-18 14:00:00,-4.44,NA,1018.29,-11.11,11,NA
1859-01-18 21:00:00,-5,22.5,1018.96,-10,5,",skc"
1859-01-19,NA,NA,NA,NA,NA,NA
1859-01-19 07:00:00,-6.67,0,1023.03,-8.33,2,NA
1859-01-19 12:00:00,NA,0,NA,NA,NA,NA
1859-01-19 14:00:00,-5.56,NA,1023.71,-5.56,5,NA
1859-01-19 21:00:00,-4.44,NA,1028.45,-4.44,0,NA
1859-01-20,NA,NA,NA,NA,NA,NA
1859-01-20 07:00:00,-9.44,NA,1034.88,-11.11,0,NA
1859-01-20 12:00:00,NA,180,NA,NA,NA,NA
1859-01-20 14:00:00,-7.78,NA,1032.51,-1.67,5,",br"
1859-01-20 21:00:00,-5,180,1031.83,0,5,",br"
1859-01-21,NA,NA,NA,NA,NA,NA
1859-01-21 07:00:00,-1.11,225,1023.71,4.44,5,",br"
1859-01-21 12:00:00,NA,225,NA,NA,NA,NA
1859-01-21 14:00:00,1.11,NA,1021.67,6.67,5,",ra"
1859-01-21 21:00:00,1.11,270,1021.67,7.22,11,",ra"
1859-01-22,NA,NA,NA,NA,NA,NA
1859-01-22 07:00:00,2.22,225,1015.92,4.44,2,",ra"
1859-01-22 12:00:00,NA,225,NA,NA,NA,NA
1859-01-22 14:00:00,4.44,NA,1015.92,5,1,",ra"
1859-01-22 21:00:00,4.44,225,1015.58,-2.22,2,",ra"
1859-01-23,NA,NA,NA,NA,NA,NA
1859-01-23 07:00:00,-1.11,0,1023.37,-1.67,11,",sn"
1859-01-23 12:00:00,NA,0,NA,NA,NA,NA
1859-01-23 14:00:00,-1.11,NA,1024.04,0,2,",sn"
1859-01-23 21:00:00,-1.67,0,1026.08,-2.22,16,",sn"
1859-01-24,NA,NA,NA,NA,NA,NA
1859-01-24 07:00:00,-7.22,NA,1038.27,-17.78,0,NA
1859-01-24 12:00:00,NA,22.5,NA,NA,NA,NA
1859-01-24 14:00:00,-4.44,NA,1039.62,-11.11,1,NA
1859-01-24 21:00:00,-4.44,NA,1040.3,-5.56,0,",skc"
1859-01-25,NA,NA,NA,NA,NA,NA
1859-01-25 07:00:00,-10,NA,1037.93,-17.78,0,NA
1859-01-25 12:00:00,NA,NA,NA,NA,NA,NA
1859-01-25 14:00:00,-6.67,NA,1037.25,-6.67,0,NA
1859-01-25 21:00:00,-4.44,NA,1034.2,-3.33,0,NA
1859-01-26,NA,NA,NA,NA,NA,NA
1859-01-26 07:00:00,-3.33,NA,1027.43,-2.22,0,",br"
1859-01-26 12:00:00,NA,NA,NA,NA,NA,NA
1859-01-26 14:00:00,-1.11,NA,1026.75,3.33,0,NA
1859-01-26 21:00:00,-0.56,NA,1026.08,3.89,0,NA
1859-01-27,NA,NA,NA,NA,NA,NA
1859-01-27 07:00:00,-3.33,270,1029.12,-2.22,1,NA
1859-01-27 12:00:00,NA,NA,NA,NA,NA,NA
1859-01-27 14:00:00,0.56,NA,1030.48,3.33,0,NA
1859-01-27 21:00:00,1.11,22.5,1030.82,2.22,2,NA
1859-01-28,NA,NA,NA,NA,NA,NA
1859-01-28 07:00:00,-4.44,45,1038.27,-3.89,2,",sn"
1859-01-28 12:00:00,NA,67.5,NA,NA,NA,NA
1859-01-28 14:00:00,-5.56,NA,1036.24,-3.33,2,",sn"
1859-01-28 21:00:00,-6.11,90,1033.53,-2.78,5,",sn"
1859-01-29,NA,NA,NA,NA,NA,NA
1859-01-29 07:00:00,-1.11,135,1022.69,1.11,2,",ra"
1859-01-29 12:00:00,NA,135,NA,NA,NA,NA
1859-01-29 14:00:00,0,NA,1021,2.22,2,",ra"
1859-01-29 21:00:00,4.44,NA,1018.63,4.44,0,",fg"
1859-01-30,NA,NA,NA,NA,NA,NA
1859-01-30 07:00:00,0,22.5,1012.53,-1.11,2,NA
1859-01-30 12:00:00,NA,22.5,NA,NA,NA,NA
1859-01-30 14:00:00,1.11,NA,1014.22,0,2,NA
1859-01-30 21:00:00,2.22,315,1016.59,0,5,NA
1859-01-31,NA,NA,NA,NA,NA,NA
1859-01-31 07:00:00,-3.33,315,1025.4,-3.33,2,NA
1859-01-31 12:00:00,NA,315,NA,NA,NA,NA
1859-01-31 14:00:00,-3.33,NA,1027.09,-2.78,2,NA
1859-01-31 21:00:00,-1.11,315,1026.41,-6.11,2,NA
1859-02-01,NA,NA,NA,NA,NA,NA
1859-02-01 07:00:00,-7.22,0,1025.06,-12.22,2,NA
1859-02-01 12:00:00,NA,0,NA,NA,NA,NA
1859-02-01 14:00:00,-5.56,NA,1022.35,-5.56,1,NA
1859-02-01 21:00:00,-3.33,0,1021.67,-7.78,5,NA
1859-02-02,NA,NA,NA,NA,NA,NA
1859-02-02 07:00:00,-8.89,0,1019.98,-14.44,2,NA
1859-02-02 12:00:00,NA,0,NA,NA,NA,NA
1859-02-02 14:00:00,-6.67,NA,1018.63,-10.56,1,NA
1859-02-02 21:00:00,-4.44,NA,1018.63,-10,0,",skc"
1859-02-03,NA,NA,NA,NA,NA,NA
1859-02-03 07:00:00,-7.78,45,1023.71,-10,2,",sn"
1859-02-03 12:00:00,NA,135,NA,NA,NA,NA
1859-02-03 14:00:00,-7.78,NA,1023.71,-6.67,5,",sn"
1859-02-03 21:00:00,-6.67,157.5,1022.69,-5.56,5,",sn"
1859-02-04,NA,NA,NA,NA,NA,NA
1859-02-04 07:00:00,2.78,180,1011.18,3.89,11,",ra"
1859-02-04 12:00:00,NA,180,NA,NA,NA,NA
1859-02-04 14:00:00,3.33,NA,1011.85,1.67,5,NA
1859-02-04 21:00:00,3.33,270,1015.24,0,2,",fg"
1859-02-05,NA,NA,NA,NA,NA,NA
1859-02-05 07:00:00,0,NA,1018.63,-0.56,0,",ra"
1859-02-05 12:00:00,NA,NA,NA,NA,NA,NA
1859-02-05 14:00:00,0,NA,1019.64,0.56,0,",ra"
1859-02-05 21:00:00,0,NA,1019.98,1.11,0,NA
1859-02-06,NA,NA,NA,NA,NA,NA
1859-02-06 07:00:00,-2.78,NA,1031.16,-2.22,0,",br"
1859-02-06 12:00:00,NA,180,NA,NA,NA,NA
1859-02-06 14:00:00,-1.11,NA,1031.49,-1.11,2,NA
1859-02-06 21:00:00,0,270,1029.8,0,2,NA
1859-02-07,NA,NA,NA,NA,NA,NA
1859-02-07 07:00:00,-2.22,45,1014.56,-4.44,11,",sn"
1859-02-07 12:00:00,NA,45,NA,NA,NA,NA
1859-02-07 14:00:00,-2.78,NA,1018.96,-2.78,11,",sn"
1859-02-07 21:00:00,-2.22,45,1022.69,-3.33,5,",sn"
1859-02-08,NA,NA,NA,NA,NA,NA
1859-02-08 07:00:00,-9.44,NA,1034.2,-20.56,0,NA
1859-02-08 12:00:00,NA,180,NA,NA,NA,NA
1859-02-08 14:00:00,-6.67,NA,1034.2,-7.78,5,NA
1859-02-08 21:00:00,-5,180,1033.53,-6.67,2,NA
1859-02-09,NA,NA,NA,NA,NA,NA
1859-02-09 07:00:00,-3.33,135,1023.71,-0.56,1,",br"
1859-02-09 12:00:00,NA,135,NA,NA,NA,NA
1859-02-09 14:00:00,-1.11,NA,1022.01,2.22,1,",br"
1859-02-09 21:00:00,0.56,NA,1015.92,3.33,0,",fg"
1859-02-10,NA,NA,NA,NA,NA,NA
1859-02-10 07:00:00,4.44,315,991.2,5.56,5,",ra"
1859-02-10 12:00:00,NA,0,NA,NA,NA,NA
1859-02-10 14:00:00,3.33,NA,991.53,5.56,5,",ra"
1859-02-10 21:00:00,3.33,0,994.24,1.67,5,NA
1859-02-11,NA,NA,NA,NA,NA,NA
1859-02-11 07:00:00,-5.56,0,1022.35,-13.33,11,NA
1859-02-11 12:00:00,NA,0,NA,NA,NA,NA
1859-02-11 14:00:00,-5.56,NA,1021.67,-10,11,NA
1859-02-11 21:00:00,-5,0,1023.71,-8.89,5,NA
1859-02-12,NA,NA,NA,NA,NA,NA
1859-02-12 07:00:00,-8.89,NA,1026.08,-7.78,0,",br"
1859-02-12 12:00:00,NA,337.5,NA,NA,NA,NA
1859-02-12 14:00:00,-6.67,NA,1024.72,-5.56,2,",br"
1859-02-12 21:00:00,-3.89,337.5,1022.01,-2.78,2,NA
1859-02-13,NA,NA,NA,NA,NA,NA
1859-02-13 07:00:00,-6.67,45,1021.67,-13.33,1,NA
1859-02-13 12:00:00,NA,45,NA,NA,NA,NA
1859-02-13 14:00:00,-5,NA,1019.64,-6.67,2,NA
1859-02-13 21:00:00,-3.33,NA,1018.29,-6.11,0,",skc"
1859-02-14,NA,NA,NA,NA,NA,NA
1859-02-14 07:00:00,-8.89,NA,1016.26,-12.22,0,NA
1859-02-14 12:00:00,NA,NA,NA,NA,NA,NA
1859-02-14 14:00:00,-8.89,NA,1014.22,-8.33,0,",sn"
1859-02-14 21:00:00,-5,0,1011.85,-10,2,NA
1859-02-15,NA,NA,NA,NA,NA,NA
1859-02-15 07:00:00,-5.56,NA,1021,-7.78,0,NA
1859-02-15 12:00:00,NA,225,NA,NA,NA,NA
1859-02-15 14:00:00,-1.11,NA,1021.33,-0.56,2,NA
1859-02-15 21:00:00,-1.11,315,1021,-2.22,1,NA
1859-02-16,NA,NA,NA,NA,NA,NA
1859-02-16 07:00:00,-1.11,225,1009.14,-2.78,2,",sn"
1859-02-16 12:00:00,NA,NA,NA,NA,NA,NA
1859-02-16 14:00:00,0.56,NA,1007.45,5,0,",br"
1859-02-16 21:00:00,1.67,NA,1007.11,6.11,0,",br"
1859-02-17,NA,NA,NA,NA,NA,NA
1859-02-17 07:00:00,-1.11,0,1017.95,-3.89,11,NA
1859-02-17 12:00:00,NA,0,NA,NA,NA,NA
1859-02-17 14:00:00,-1.11,NA,1019.64,-3.33,5,NA
1859-02-17 21:00:00,-1.11,0,1021.33,-3.89,5,NA
1859-02-18,NA,NA,NA,NA,NA,NA
1859-02-18 07:00:00,-6.67,0,1029.12,-12.22,1,",skc"
1859-02-18 12:00:00,NA,NA,NA,NA,NA,NA
1859-02-18 14:00:00,-3.89,NA,1027.77,-3.89,0,NA
1859-02-18 21:00:00,-3.33,225,1025.06,-3.33,2,NA
1859-02-19,NA,NA,NA,NA,NA,NA
1859-02-19 07:00:00,-4.44,NA,1022.35,-2.78,0,",br"
1859-02-19 12:00:00,NA,225,NA,NA,NA,NA
1859-02-19 14:00:00,-1.67,NA,1023.37,1.11,1,NA
1859-02-19 21:00:00,2.22,NA,1023.37,2.22,0,",skc"
1859-02-20,NA,NA,NA,NA,NA,NA
1859-02-20 07:00:00,-0.56,180,1012.87,-0.56,5,NA
1859-02-20 12:00:00,NA,180,NA,NA,NA,NA
1859-02-20 14:00:00,0,NA,1008.47,1.11,5,",ra"
1859-02-20 21:00:00,1.11,180,1000,6.67,11,",ra"
1859-02-21,NA,NA,NA,NA,NA,NA
1859-02-21 07:00:00,1.67,270,988.15,0,5,",br"
1859-02-21 12:00:00,NA,315,NA,NA,NA,NA
1859-02-21 14:00:00,1.67,NA,988.15,0.56,11,NA
1859-02-21 21:00:00,0,337.5,989.84,0,11,NA
1859-02-22,NA,NA,NA,NA,NA,NA
1859-02-22 07:00:00,-3.89,315,1001.36,-7.22,5,NA
1859-02-22 12:00:00,NA,337.5,NA,NA,NA,NA
1859-02-22 14:00:00,-3.89,NA,1001.36,-3.89,11,NA
1859-02-22 21:00:00,-3.33,315,1003.39,-4.44,11,NA
1859-02-23,NA,NA,NA,NA,NA,NA
1859-02-23 07:00:00,-3.33,315,1010.5,-5.56,2,NA
1859-02-23 12:00:00,NA,0,NA,NA,NA,NA
1859-02-23 14:00:00,-2.22,NA,1009.82,0.56,5,NA
1859-02-23 21:00:00,-1.11,0,1010.16,0.56,11,NA
1859-02-24,NA,NA,NA,NA,NA,NA
1859-02-24 07:00:00,-3.33,NA,1012.87,-6.67,0,NA
1859-02-24 12:00:00,NA,180,NA,NA,NA,NA
1859-02-24 14:00:00,-2.22,NA,1011.18,0,2,",br"
1859-02-24 21:00:00,0,270,1009.82,1.11,2,NA
1859-02-25,NA,NA,NA,NA,NA,NA
1859-02-25 07:00:00,-2.78,0,1015.92,-6.67,11,NA
1859-02-25 12:00:00,NA,0,NA,NA,NA,NA
1859-02-25 14:00:00,-3.89,NA,1017.61,-4.44,11,",skc"
1859-02-25 21:00:00,-4.44,0,1018.29,-8.89,16,NA
1859-02-26,NA,NA,NA,NA,NA,NA
1859-02-26 07:00:00,-7.78,0,1025.74,-15,5,NA
1859-02-26 12:00:00,NA,NA,NA,NA,NA,NA
1859-02-26 14:00:00,-5.56,NA,1024.04,-8.89,0,NA
1859-02-26 21:00:00,-5.56,135,1024.04,-8.33,1,NA
1859-02-27,NA,NA,NA,NA,NA,NA
1859-02-27 07:00:00,-6.67,45,1011.51,-8.89,1,",sn"
1859-02-27 12:00:00,NA,0,NA,NA,NA,NA
1859-02-27 14:00:00,-3.33,NA,1012.87,-5.56,5,NA
1859-02-27 21:00:00,-3.33,22.5,1014.22,-2.22,2,NA
1859-02-28,NA,NA,NA,NA,NA,NA
1859-02-28 07:00:00,-2.22,180,1007.11,-0.56,11,",sn"
1859-02-28 12:00:00,NA,180,NA,NA,NA,NA
1859-02-28 14:00:00,-2.22,NA,1000.34,1.11,11,",sn"
1859-02-28 21:00:00,0.56,157.5,991.2,0.56,11,",sn"
1859-03-01,NA,NA,NA,NA,NA,NA
1859-03-01 07:00:00,-3.33,0,1004.4,-7.78,16,NA
1859-03-01 12:00:00,NA,0,NA,NA,NA,NA
1859-03-01 14:00:00,-3.89,NA,1004.74,-6.67,16,",sn"
1859-03-01 21:00:00,-3.89,0,1007.45,-8.89,5,NA
1859-03-02,NA,NA,NA,NA,NA,NA
1859-03-02 07:00:00,-8.33,0,1017.95,-18.89,20,",skc"
1859-03-02 12:00:00,NA,0,NA,NA,NA,NA
1859-03-02 14:00:00,-8.33,NA,1019.98,-12.22,16,",skc"
1859-03-02 21:00:00,-6.67,0,1021,-10,16,",skc"
1859-03-03,NA,NA,NA,NA,NA,NA
1859-03-03 07:00:00,-11.11,0,1024.72,-17.78,2,",skc"
1859-03-03 12:00:00,NA,0,NA,NA,NA,NA
1859-03-03 14:00:00,-9.44,NA,1026.41,-13.33,1,",skc"
1859-03-03 21:00:00,-7.22,0,1027.43,-6.67,5,",skc"
1859-03-04,NA,NA,NA,NA,NA,NA
1859-03-04 07:00:00,-6.67,180,1018.63,-1.11,11,",br"
1859-03-04 12:00:00,NA,180,NA,NA,NA,NA
1859-03-04 14:00:00,-6.67,NA,1017.95,-1.11,11,",br"
1859-03-04 21:00:00,-3.33,135,1013.21,-1.11,16,",sn"
1859-03-05,NA,NA,NA,NA,NA,NA
1859-03-05 07:00:00,1.11,270,1008.13,2.22,1,NA
1859-03-05 12:00:00,NA,270,NA,NA,NA,NA
1859-03-05 14:00:00,2.78,NA,1003.73,2.78,1,NA
1859-03-05 21:00:00,5.56,270,1004.74,4.44,1,NA
1859-03-06,NA,NA,NA,NA,NA,NA
1859-03-06 07:00:00,1.11,270,1008.47,-1.11,5,",sn"
1859-03-06 12:00:00,NA,0,NA,NA,NA,NA
1859-03-06 14:00:00,1.11,NA,1010.5,2.22,5,",sn"
1859-03-06 21:00:00,0.56,0,1015.24,1.11,5,NA
1859-03-07,NA,NA,NA,NA,NA,NA
1859-03-07 07:00:00,-1.11,315,1017.27,-2.78,5,",skc"
1859-03-07 12:00:00,NA,315,NA,NA,NA,NA
1859-03-07 14:00:00,1.11,NA,1016.93,4.44,5,NA
1859-03-07 21:00:00,2.78,315,1015.24,2.22,2,NA
1859-03-08,NA,NA,NA,NA,NA,NA
1859-03-08 07:00:00,-2.78,270,1015.24,4.44,2,NA
1859-03-08 12:00:00,NA,270,NA,NA,NA,NA
1859-03-08 14:00:00,-7.22,NA,1009.14,1.11,2,NA
1859-03-08 21:00:00,-6.67,247.5,1003.05,-0.56,2,NA
1859-03-09,NA,NA,NA,NA,NA,NA
1859-03-09 07:00:00,-3.33,225,1000.68,-1.11,2,",br"
1859-03-09 12:00:00,NA,202.5,NA,NA,NA,NA
1859-03-09 14:00:00,-2.22,NA,1001.69,-1.11,2,",br"
1859-03-09 21:00:00,-1.11,202.5,1002.71,-0.56,2,",br"
1859-03-10,NA,NA,NA,NA,NA,NA
1859-03-10 07:00:00,-1.11,225,1008.47,-0.56,1,NA
1859-03-10 12:00:00,NA,225,NA,NA,NA,NA
1859-03-10 14:00:00,-1.67,NA,1009.82,-1.11,2,NA
1859-03-10 21:00:00,-1.11,225,1011.51,-0.56,5,",br"
1859-03-11,NA,NA,NA,NA,NA,NA
1859-03-11 07:00:00,-2.22,202.5,1026.08,-1.67,5,",br"
1859-03-11 12:00:00,NA,202.5,NA,NA,NA,NA
1859-03-11 14:00:00,-1.67,NA,1027.77,-1.67,5,",br"
1859-03-11 21:00:00,-2.22,NA,1029.8,-1.67,2,NA
1859-03-12,NA,NA,NA,NA,NA,NA
1859-03-12 07:00:00,-3.33,NA,1031.16,-2.22,2,NA
1859-03-12 12:00:00,NA,225,NA,NA,NA,NA
1859-03-12 14:00:00,-3.33,NA,1032.17,-2.78,2,NA
1859-03-12 21:00:00,0.56,225,1031.83,2.78,1,NA
1859-03-13,NA,NA,NA,NA,NA,NA
1859-03-13 07:00:00,3.33,247.5,1018.63,1.67,2,NA
1859-03-13 12:00:00,NA,247.5,NA,NA,NA,NA
1859-03-13 14:00:00,2.78,NA,1018.96,2.22,2,",br"
1859-03-13 21:00:00,2.22,225,1018.63,1.67,1,NA
1859-03-14,NA,NA,NA,NA,NA,NA
1859-03-14 07:00:00,0.56,NA,1026.41,2.78,0,NA
1859-03-14 12:00:00,NA,0,NA,NA,NA,NA
1859-03-14 14:00:00,2.22,NA,1027.09,3.89,5,NA
1859-03-14 21:00:00,5.56,0,1029.12,5.56,5,",skc"
1859-03-15,NA,NA,NA,NA,NA,NA
1859-03-15 07:00:00,0.56,180,1028.45,-0.56,5,NA
1859-03-15 12:00:00,NA,180,NA,NA,NA,NA
1859-03-15 14:00:00,0.56,NA,1031.49,0,5,",br"
1859-03-15 21:00:00,0.56,180,1024.38,-0.56,16,NA
1859-03-16,NA,NA,NA,NA,NA,NA
1859-03-16 07:00:00,3.33,225,1003.73,3.89,5,NA
1859-03-16 12:00:00,NA,292.5,NA,NA,NA,NA
1859-03-16 14:00:00,4.44,NA,1005.08,8.33,5,NA
1859-03-16 21:00:00,5,292.5,1006.43,8.89,2,NA
1859-03-17,NA,NA,NA,NA,NA,NA
1859-03-17 07:00:00,1.11,NA,1016.93,0,5,NA
1859-03-17 12:00:00,NA,NA,NA,NA,NA,NA
1859-03-17 14:00:00,6.67,NA,1017.27,5.56,2,NA
1859-03-17 21:00:00,4.44,NA,1017.95,3.89,2,",skc"
1859-03-18,NA,NA,NA,NA,NA,NA
1859-03-18 07:00:00,1.11,225,1024.38,1.11,1,NA
1859-03-18 12:00:00,NA,225,NA,NA,NA,NA
1859-03-18 14:00:00,3.33,NA,1024.04,6.67,1,NA
1859-03-18 21:00:00,5,225,1019.64,6.67,2,",bkn"
1859-03-19,NA,NA,NA,NA,NA,NA
1859-03-19 07:00:00,2.78,202.5,1005.76,4.44,2,",ra"
1859-03-19 12:00:00,NA,225,NA,NA,NA,NA
1859-03-19 14:00:00,4.44,NA,1002.37,4.44,2,",ra"
1859-03-19 21:00:00,4.44,225,1000.34,5,5,",ra"
1859-03-20,NA,NA,NA,NA,NA,NA
1859-03-20 07:00:00,3.33,315,998.31,3.33,2,NA
1859-03-20 12:00:00,NA,315,NA,NA,NA,NA
1859-03-20 14:00:00,3.33,NA,997.29,3.33,2,NA
1859-03-20 21:00:00,3.33,315,997.63,1.67,2,NA
1859-03-21,NA,NA,NA,NA,NA,NA
1859-03-21 07:00:00,-1.67,315,1005.08,-2.22,5,",sn"
1859-03-21 12:00:00,NA,0,NA,NA,NA,NA
1859-03-21 14:00:00,-1.11,NA,1007.11,-2.22,5,NA
1859-03-21 21:00:00,-1.11,0,1008.47,-2.22,5,NA
1859-03-22,NA,NA,NA,NA,NA,NA
1859-03-22 07:00:00,-0.56,0,1018.63,-2.78,5,NA
1859-03-22 12:00:00,NA,0,NA,NA,NA,NA
1859-03-22 14:00:00,-0.56,NA,1018.63,-1.11,5,",skc"
1859-03-22 21:00:00,2.22,337.5,1019.64,1.67,2,",skc"
1859-03-23,NA,NA,NA,NA,NA,NA
1859-03-23 07:00:00,0,180,1019.64,-1.11,1,",br"
1859-03-23 12:00:00,NA,NA,NA,NA,NA,NA
1859-03-23 14:00:00,1.11,NA,1017.27,1.67,2,",br"
1859-03-23 21:00:00,0,NA,1015.58,0,2,",sn"
1859-03-24,NA,NA,NA,NA,NA,NA
1859-03-24 07:00:00,-0.56,0,1012.87,-1.67,5,NA
1859-03-24 12:00:00,NA,0,NA,NA,NA,NA
1859-03-24 14:00:00,0,NA,1015.24,1.67,5,NA
1859-03-24 21:00:00,-3.33,45,1015.92,-3.33,5,NA
1859-03-25,NA,NA,NA,NA,NA,NA
1859-03-25 07:00:00,-1.11,22.5,1017.61,-1.67,2,NA
1859-03-25 12:00:00,NA,135,NA,NA,NA,NA
1859-03-25 14:00:00,1.11,NA,1015.92,3.33,11,NA
1859-03-25 21:00:00,2.22,135,1013.88,1.11,11,",fg"
1859-03-26,NA,NA,NA,NA,NA,NA
1859-03-26 07:00:00,1.11,180,1008.13,2.78,2,",ra"
1859-03-26 12:00:00,NA,180,NA,NA,NA,NA
1859-03-26 14:00:00,2.22,NA,1007.11,7.22,1,",fg"
1859-03-26 21:00:00,3.33,180,1003.39,6.67,1,",fg"
1859-03-27,NA,NA,NA,NA,NA,NA
1859-03-27 07:00:00,2.78,180,996.95,2.22,1,",fg"
1859-03-27 12:00:00,NA,225,NA,NA,NA,NA
1859-03-27 14:00:00,3.33,NA,998.65,5,1,NA
1859-03-27 21:00:00,4.44,202.5,1003.39,6.67,2,",bkn"
1859-03-28,NA,NA,NA,NA,NA,NA
1859-03-28 07:00:00,3.89,292.5,1015.92,3.33,1,NA
1859-03-28 12:00:00,NA,NA,NA,NA,NA,NA
1859-03-28 14:00:00,5.56,NA,1016.93,8.33,0,",skc"
1859-03-28 21:00:00,8.33,225,1018.29,9.44,2,",skc"
1859-03-29,NA,NA,NA,NA,NA,NA
1859-03-29 07:00:00,2.22,157.5,1019.98,1.11,1,NA
1859-03-29 12:00:00,NA,157.5,NA,NA,NA,NA
1859-03-29 14:00:00,2.22,NA,1019.64,5,2,",br"
1859-03-29 21:00:00,2.78,157.5,1016.26,4.44,5,NA
1859-03-30,NA,NA,NA,NA,NA,NA
1859-03-30 07:00:00,4.44,270,997.97,6.67,2,",ra"
1859-03-30 12:00:00,NA,315,NA,NA,NA,NA
1859-03-30 14:00:00,5,NA,1000,8.89,2,",skc"
1859-03-30 21:00:00,6.11,315,1002.37,8.89,5,",skc"
1859-03-31,NA,NA,NA,NA,NA,NA
1859-03-31 07:00:00,3.89,337.5,1004.06,-0.56,2,",sn"
1859-03-31 12:00:00,NA,337.5,NA,NA,NA,NA
1859-03-31 14:00:00,2.22,NA,1003.73,1.11,5,",sq"
1859-03-31 21:00:00,2.22,337.5,1001.69,2.22,5,NA
1859-04-01,NA,NA,NA,NA,NA,NA
1859-04-01 07:00:00,-1.11,337.5,996.95,-1.67,16,",br"
1859-04-01 12:00:00,NA,337.5,NA,NA,NA,NA
1859-04-01 14:00:00,-1.11,NA,994.92,-0.56,16,",br"
1859-04-01 21:00:00,0,0,994.92,1.11,16,",skc"
1859-04-02,NA,NA,NA,NA,NA,NA
1859-04-02 07:00:00,1.11,0,1003.39,0.56,20,NA
1859-04-02 12:00:00,NA,0,NA,NA,NA,NA
1859-04-02 14:00:00,3.33,NA,1004.4,3.33,16,NA
1859-04-02 21:00:00,1.67,0,1006.43,3.33,16,NA
1859-04-03,NA,NA,NA,NA,NA,NA
1859-04-03 07:00:00,2.22,337.5,1015.58,2.22,5,",skc"
1859-04-03 12:00:00,NA,337.5,NA,NA,NA,NA
1859-04-03 14:00:00,3.33,NA,1012.53,3.89,1,",skc"
1859-04-03 21:00:00,6.11,225,1011.85,7.78,5,NA
1859-04-04,NA,NA,NA,NA,NA,NA
1859-04-04 07:00:00,0,202.5,996.95,1.67,1,NA
1859-04-04 12:00:00,NA,225,NA,NA,NA,NA
1859-04-04 14:00:00,4.44,NA,995.26,2.22,2,NA
1859-04-04 21:00:00,1.11,292.5,994.24,5.56,2,",br"
1859-04-05,NA,NA,NA,NA,NA,NA
1859-04-05 07:00:00,1.11,337.5,991.2,1.67,5,NA
1859-04-05 12:00:00,NA,337.5,NA,NA,NA,NA
1859-04-05 14:00:00,1.11,NA,990.52,1.11,11,NA
1859-04-05 21:00:00,1.11,NA,990.18,1.11,11,NA
1859-04-06,NA,NA,NA,NA,NA,NA
1859-04-06 07:00:00,-1.11,337.5,990.18,0,2,NA
1859-04-06 12:00:00,NA,337.5,NA,NA,NA,NA
1859-04-06 14:00:00,-0.56,NA,988.83,0.56,5,NA
1859-04-06 21:00:00,0,315,988.15,0.56,5,NA
1859-04-07,NA,NA,NA,NA,NA,NA
1859-04-07 07:00:00,0,315,999.66,1.11,2,",sn"
1859-04-07 12:00:00,NA,315,NA,NA,NA,NA
1859-04-07 14:00:00,1.67,NA,1000.68,2.22,2,",sn"
1859-04-07 21:00:00,2.22,315,1000.68,2.78,2,",bkn"
1859-04-08,NA,NA,NA,NA,NA,NA
1859-04-08 07:00:00,1.67,292.5,1006.1,2.78,2,NA
1859-04-08 12:00:00,NA,292.5,NA,NA,NA,NA
1859-04-08 14:00:00,4.44,NA,1005.76,5.56,2,NA
1859-04-08 21:00:00,4.44,NA,1010.16,5,2,NA
1859-04-09,NA,NA,NA,NA,NA,NA
1859-04-09 07:00:00,0,45,1017.27,1.11,27,",bkn"
1859-04-09 12:00:00,NA,45,NA,NA,NA,NA
1859-04-09 14:00:00,1.11,NA,1017.95,2.78,20,NA
1859-04-09 21:00:00,1.67,45,1018.29,3.33,20,NA
1859-04-10,NA,NA,NA,NA,NA,NA
1859-04-10 07:00:00,0.56,22.5,1020.32,1.11,11,NA
1859-04-10 12:00:00,NA,22.5,NA,NA,NA,NA
1859-04-10 14:00:00,0.56,NA,1020.32,2.22,5,NA
1859-04-10 21:00:00,0.56,22.5,1019.98,5,2,NA
1859-04-11,NA,NA,NA,NA,NA,NA
1859-04-11 07:00:00,0.56,225,1020.66,1.67,2,NA
1859-04-11 12:00:00,NA,157.5,NA,NA,NA,NA
1859-04-11 14:00:00,2.22,NA,1020.32,3.33,5,NA
1859-04-11 21:00:00,3.33,202.5,1019.98,5.56,5,NA
1859-04-12,NA,NA,NA,NA,NA,NA
1859-04-12 07:00:00,1.11,NA,1019.98,2.22,0,NA
1859-04-12 12:00:00,NA,157.5,NA,NA,NA,NA
1859-04-12 14:00:00,2.22,NA,1020.32,3.33,5,NA
1859-04-12 21:00:00,3.33,202.5,1019.98,5.56,5,NA
1859-04-13,NA,NA,NA,NA,NA,NA
1859-04-13 07:00:00,1.67,157.5,1020.66,1.67,2,",sn"
1859-04-13 12:00:00,NA,180,NA,NA,NA,NA
1859-04-13 14:00:00,2.22,NA,1021.33,2.22,1,",bkn"
1859-04-13 21:00:00,3.33,157.5,1021.67,4.44,2,",bkn"
1859-04-14,NA,NA,NA,NA,NA,NA
1859-04-14 07:00:00,1.67,135,1015.92,1.67,11,NA
1859-04-14 12:00:00,NA,112.5,NA,NA,NA,NA
1859-04-14 14:00:00,3.33,NA,1014.9,3.89,5,NA
1859-04-14 21:00:00,4.44,112.5,1013.88,5,11,NA
1859-04-15,NA,NA,NA,NA,NA,NA
1859-04-15 07:00:00,0.56,112.5,1012.53,0.56,5,",sn"
1859-04-15 12:00:00,NA,112.5,NA,NA,NA,NA
1859-04-15 14:00:00,0.56,NA,1012.19,0.56,16,",sn"
1859-04-15 21:00:00,0,112.5,1011.85,0,11,",sn"
1859-04-16,NA,NA,NA,NA,NA,NA
1859-04-16 07:00:00,1.11,180,1008.13,1.11,5,NA
1859-04-16 12:00:00,NA,180,NA,NA,NA,NA
1859-04-16 14:00:00,1.67,NA,1010.16,1.67,5,NA
1859-04-16 21:00:00,1.67,180,1010.84,1.67,5,NA
1859-04-17,NA,NA,NA,NA,NA,NA
1859-04-17 07:00:00,1.67,0,1006.43,1.11,5,NA
1859-04-17 12:00:00,NA,22.5,NA,NA,NA,NA
1859-04-17 14:00:00,4.44,NA,1005.76,5.56,5,NA
1859-04-17 21:00:00,4.44,22.5,1007.11,5.56,5,NA
1859-04-18,NA,NA,NA,NA,NA,NA
1859-04-18 07:00:00,1.11,NA,1011.51,-1.11,2,NA
1859-04-18 12:00:00,NA,337.5,NA,NA,NA,NA
1859-04-18 14:00:00,3.89,NA,1011.85,4.44,5,NA
1859-04-18 21:00:00,3.33,337.5,1011.18,5,11,NA
1859-04-19,NA,NA,NA,NA,NA,NA
1859-04-19 07:00:00,2.78,337.5,1004.74,3.33,11,NA
1859-04-19 12:00:00,NA,337.5,NA,NA,NA,NA
1859-04-19 14:00:00,4.44,NA,1003.39,5.56,11,NA
1859-04-19 21:00:00,3.89,315,1002.03,4.44,5,NA
1859-04-20,NA,NA,NA,NA,NA,NA
1859-04-20 07:00:00,2.22,337.5,1000,3.33,11,",ra"
1859-04-20 12:00:00,NA,337.5,NA,NA,NA,NA
1859-04-20 14:00:00,3.33,NA,1000,5,5,",ra"
1859-04-20 21:00:00,4.44,337.5,1000.68,6.11,2,NA
1859-04-21,NA,NA,NA,NA,NA,NA
1859-04-21 07:00:00,3.33,337.5,1004.4,4.44,2,NA
1859-04-21 12:00:00,NA,337.5,NA,NA,NA,NA
1859-04-21 14:00:00,5.56,NA,1006.1,7.22,2,NA
1859-04-21 21:00:00,8.33,337.5,1007.11,9.44,2,NA
1859-04-22,NA,NA,NA,NA,NA,NA
1859-04-22 07:00:00,7.22,337.5,1013.88,7.22,2,NA
1859-04-22 12:00:00,NA,NA,NA,NA,NA,NA
1859-04-22 14:00:00,9.44,NA,1015.24,11.11,2,NA
1859-04-22 21:00:00,10.56,270,1016.26,12.22,2,NA
1859-04-23,NA,NA,NA,NA,NA,NA
1859-04-23 07:00:00,4.44,157.5,1016.59,5,16,",ra"
1859-04-23 12:00:00,NA,135,NA,NA,NA,NA
1859-04-23 14:00:00,3.89,NA,1013.88,4.44,16,",ra"
1859-04-23 21:00:00,3.33,135,1011.85,4.44,16,",ra"
1859-04-24,NA,NA,NA,NA,NA,NA
1859-04-24 07:00:00,5.56,135,1006.43,6.11,11,",fg"
1859-04-24 12:00:00,NA,225,NA,NA,NA,NA
1859-04-24 14:00:00,6.67,NA,1007.11,6.67,11,NA
1859-04-24 21:00:00,7.22,292.5,1007.45,8.33,11,NA
1859-04-25,NA,NA,NA,NA,NA,NA
1859-04-25 07:00:00,5,247.5,1014.9,5,5,NA
1859-04-25 12:00:00,NA,247.5,NA,NA,NA,NA
1859-04-25 14:00:00,7.78,NA,1016.26,8.33,5,NA
1859-04-25 21:00:00,8.89,247.5,1016.93,10.56,5,NA
1859-04-26,NA,NA,NA,NA,NA,NA
1859-04-26 07:00:00,3.33,NA,1023.37,4.44,0,NA
1859-04-26 12:00:00,NA,135,NA,NA,NA,NA
1859-04-26 14:00:00,3.33,NA,1022.69,4.44,2,",sn"
1859-04-26 21:00:00,2.22,135,1019.98,3.33,5,",ra"
1859-04-27,NA,NA,NA,NA,NA,NA
1859-04-27 07:00:00,2.22,NA,1006.43,3.33,0,",ra"
1859-04-27 12:00:00,NA,NA,NA,NA,NA,NA
1859-04-27 14:00:00,3.89,NA,1009.14,4.44,2,NA
1859-04-27 21:00:00,6.67,315,1011.18,7.78,2,NA
1859-04-28,NA,NA,NA,NA,NA,NA
1859-04-28 07:00:00,4.44,337.5,1021.67,5,2,NA
1859-04-28 12:00:00,NA,337.5,NA,NA,NA,NA
1859-04-28 14:00:00,5.56,NA,1023.37,6.67,2,NA
1859-04-28 21:00:00,6.67,337.5,1023.71,8.89,2,NA
1859-04-29,NA,NA,NA,NA,NA,NA
1859-04-29 07:00:00,3.33,337.5,1026.75,4.44,1,",br"
1859-04-29 12:00:00,NA,225,NA,NA,NA,NA
1859-04-29 14:00:00,6.11,NA,1026.08,7.78,5,",br"
1859-04-29 21:00:00,8.33,225,1024.04,9.44,5,NA
1859-04-30,NA,NA,NA,NA,NA,NA
1859-04-30 07:00:00,5,315,1011.85,6.11,1,NA
1859-04-30 12:00:00,NA,315,NA,NA,NA,NA
1859-04-30 14:00:00,8.89,NA,1010.16,10,2,NA
1859-04-30 21:00:00,10,45,1011.18,11.11,16,NA
1859-05-01,NA,NA,NA,NA,NA,NA
1859-05-01 07:00:00,5.56,45,1019.64,7.22,16,NA
1859-05-01 12:00:00,NA,22.5,NA,NA,NA,NA
1859-05-01 14:00:00,8.89,NA,1019.98,9.44,16,NA
1859-05-01 21:00:00,10,0,1021,11.11,2,",skc"
1859-05-02,NA,NA,NA,NA,NA,NA
1859-05-02 07:00:00,7.22,225,1020.32,7.22,16,NA
1859-05-02 12:00:00,NA,225,NA,NA,NA,NA
1859-05-02 14:00:00,9.44,NA,1019.64,10,16,NA
1859-05-02 21:00:00,10,247.5,1020.32,11.11,11,NA
1859-05-03,NA,NA,NA,NA,NA,NA
1859-05-03 07:00:00,7.22,247.5,1026.75,8.33,11,NA
1859-05-03 12:00:00,NA,247.5,NA,NA,NA,NA
1859-05-03 14:00:00,8.89,NA,1027.77,9.44,5,NA
1859-05-03 21:00:00,9.44,247.5,1028.11,9.44,2,NA
1859-05-04,NA,NA,NA,NA,NA,NA
1859-05-04 07:00:00,7.78,337.5,1028.45,8.89,2,NA
1859-05-04 12:00:00,NA,337.5,NA,NA,NA,NA
1859-05-04 14:00:00,11.11,NA,1027.43,12.22,5,NA
1859-05-04 21:00:00,10.56,337.5,1027.43,11.67,11,NA
1859-05-05,NA,NA,NA,NA,NA,NA
1859-05-05 07:00:00,11.11,337.5,1028.78,12.22,1,NA
1859-05-05 12:00:00,NA,225,NA,NA,NA,NA
1859-05-05 14:00:00,11.67,NA,1028.45,12.78,2,NA
1859-05-05 21:00:00,12.22,225,1026.41,13.33,5,",br"
1859-05-06,NA,NA,NA,NA,NA,NA
1859-05-06 07:00:00,11.67,NA,1023.71,12.78,0,",br"
1859-05-06 12:00:00,NA,292.5,NA,NA,NA,NA
1859-05-06 14:00:00,13.33,NA,1022.01,14.44,2,NA
1859-05-06 21:00:00,16.67,292.5,1019.98,17.22,2,NA
1859-05-07,NA,NA,NA,NA,NA,NA
1859-05-07 07:00:00,13.89,292.5,1019.3,13.89,2,NA
1859-05-07 12:00:00,NA,270,NA,NA,NA,NA
1859-05-07 14:00:00,16.67,NA,1018.63,16.67,2,NA
1859-05-07 21:00:00,18.33,292.5,1017.61,18.89,1,NA
1859-05-08,NA,NA,NA,NA,NA,NA
1859-05-08 07:00:00,13.89,NA,1014.22,15.56,0,NA
1859-05-08 12:00:00,NA,292.5,NA,NA,NA,NA
1859-05-08 14:00:00,15,NA,1013.21,15.56,2,NA
1859-05-08 21:00:00,16.67,NA,1011.85,18.33,0,",skc"
1859-05-09,NA,NA,NA,NA,NA,NA
1859-05-09 07:00:00,10,22.5,1011.51,10.56,2,",br"
1859-05-09 12:00:00,NA,22.5,NA,NA,NA,NA
1859-05-09 14:00:00,10.56,NA,1013.21,11.67,2,",br"
1859-05-09 21:00:00,11.11,22.5,1014.56,12.22,2,",br"
1859-05-10,NA,NA,NA,NA,NA,NA
1859-05-10 07:00:00,5.56,135,1020.66,6.67,2,",br"
1859-05-10 12:00:00,NA,157.5,NA,NA,NA,NA
1859-05-10 14:00:00,6.11,NA,1021.33,7.78,2,",sn"
1859-05-10 21:00:00,6.67,157.5,1021.67,8.33,5,",br"
1859-05-11,NA,NA,NA,NA,NA,NA
1859-05-11 07:00:00,5,NA,1030.82,5.56,0,NA
1859-05-11 12:00:00,NA,225,NA,NA,NA,NA
1859-05-11 14:00:00,10,NA,1032.85,10,5,NA
1859-05-11 21:00:00,10,225,1032.85,11.11,5,NA
1859-05-12,NA,NA,NA,NA,NA,NA
1859-05-12 07:00:00,6.11,180,1035.22,6.67,5,NA
1859-05-12 12:00:00,NA,180,NA,NA,NA,NA
1859-05-12 14:00:00,6.67,NA,1034.54,7.22,5,NA
1859-05-12 21:00:00,7.22,180,1034.88,7.22,5,",ra"
1859-05-13,NA,NA,NA,NA,NA,NA
1859-05-13 07:00:00,6.67,NA,1027.77,7.22,0,",ra"
1859-05-13 12:00:00,NA,NA,NA,NA,NA,NA
1859-05-13 14:00:00,8.33,NA,1026.41,9.44,0,",ra"
1859-05-13 21:00:00,8.89,NA,1025.06,10,0,",fg"
1859-05-14,NA,NA,NA,NA,NA,NA
1859-05-14 07:00:00,8.89,315,1022.69,10,1,",fg"
1859-05-14 12:00:00,NA,315,NA,NA,NA,NA
1859-05-14 14:00:00,11.11,NA,1023.37,12.22,2,",fg"
1859-05-14 21:00:00,11.67,0,1024.04,12.22,2,",ra"
1859-05-15,NA,NA,NA,NA,NA,NA
1859-05-15 07:00:00,8.89,45,1030.14,9.44,5,NA
1859-05-15 12:00:00,NA,67.5,NA,NA,NA,NA
1859-05-15 14:00:00,10.56,NA,1029.46,11.11,5,NA
1859-05-15 21:00:00,11.11,67.5,1029.12,12.22,5,NA
1859-05-16,NA,NA,NA,NA,NA,NA
1859-05-16 07:00:00,7.78,225,1031.16,8.33,2,NA
1859-05-16 12:00:00,NA,225,NA,NA,NA,NA
1859-05-16 14:00:00,10,NA,1030.48,10.56,5,NA
1859-05-16 21:00:00,8.89,180,1029.46,10,5,NA
1859-05-17,NA,NA,NA,NA,NA,NA
1859-05-17 07:00:00,8.33,180,1028.45,8.89,5,",br"
1859-05-17 12:00:00,NA,180,NA,NA,NA,NA
1859-05-17 14:00:00,8.89,NA,1028.11,10,5,NA
1859-05-17 21:00:00,8.89,180,1027.43,10,5,NA
1859-05-18,NA,NA,NA,NA,NA,NA
1859-05-18 07:00:00,5.56,157.5,1025.06,6.67,11,",ra"
1859-05-18 12:00:00,NA,180,NA,NA,NA,NA
1859-05-18 14:00:00,7.78,NA,1025.06,8.33,5,",br"
1859-05-18 21:00:00,7.78,225,1025.06,8.89,5,",br"
1859-05-19,NA,NA,NA,NA,NA,NA
1859-05-19 07:00:00,6.11,180,1023.71,7.22,1,",fg"
1859-05-19 12:00:00,NA,NA,NA,NA,NA,NA
1859-05-19 14:00:00,9.44,NA,1023.37,10,0,",fg"
1859-05-19 21:00:00,10,225,1023.37,11.11,2,",br"
1859-05-20,NA,NA,NA,NA,NA,NA
1859-05-20 07:00:00,7.78,157.5,1023.37,8.33,2,",ra"
1859-05-20 12:00:00,NA,157.5,NA,NA,NA,NA
1859-05-20 14:00:00,10,NA,1024.04,11.11,2,",ra"
1859-05-20 21:00:00,11.11,157.5,1024.38,12.22,2,",br"
1859-05-21,NA,NA,NA,NA,NA,NA
1859-05-21 07:00:00,8.89,135,1027.43,9.44,2,",br"
1859-05-21 12:00:00,NA,202.5,NA,NA,NA,NA
1859-05-21 14:00:00,11.11,NA,1027.43,12.22,5,NA
1859-05-21 21:00:00,11.11,202.5,1027.43,11.67,2,",br"
1859-05-22,NA,NA,NA,NA,NA,NA
1859-05-22 07:00:00,6.67,180,1023.37,7.78,5,",ra"
1859-05-22 12:00:00,NA,157.5,NA,NA,NA,NA
1859-05-22 14:00:00,7.78,NA,1021.67,8.89,5,",ra"
1859-05-22 21:00:00,8.89,157.5,1020.66,9.44,5,",ra"
1859-05-23,NA,NA,NA,NA,NA,NA
1859-05-23 07:00:00,10,180,1016.59,11.11,5,",ra"
1859-05-23 12:00:00,NA,270,NA,NA,NA,NA
1859-05-23 14:00:00,11.11,NA,1018.63,11.67,1,",ra"
1859-05-23 21:00:00,11.67,292.5,1019.64,14.44,2,NA
1859-05-24,NA,NA,NA,NA,NA,NA
1859-05-24 07:00:00,12.22,180,1027.09,12.22,2,",fg"
1859-05-24 12:00:00,NA,180,NA,NA,NA,NA
1859-05-24 14:00:00,15.56,NA,1028.78,17.22,5,NA
1859-05-24 21:00:00,18.33,270,1030.82,19.44,5,NA
1859-05-25,NA,NA,NA,NA,NA,NA
1859-05-25 07:00:00,15.56,315,1033.53,15.56,5,NA
1859-05-25 12:00:00,NA,225,NA,NA,NA,NA
1859-05-25 14:00:00,14.44,NA,1033.19,15,5,NA
1859-05-25 21:00:00,14.44,225,1032.85,15,5,NA
1859-05-26,NA,NA,NA,NA,NA,NA
1859-05-26 07:00:00,13.33,180,1027.77,13.89,2,",fg"
1859-05-26 12:00:00,NA,180,NA,NA,NA,NA
1859-05-26 14:00:00,15.56,NA,1027.43,16.11,2,",br"
1859-05-26 21:00:00,15.56,202.5,1026.75,15.56,2,",br"
1859-05-27 07:00:00,14.44,202.5,1025.06,14.44,2,",br"
1859-05-27 12:00:00,NA,202.5,NA,NA,NA,NA
1859-05-27 14:00:00,15,NA,1024.72,15.56,2,",ra"
1859-05-27 21:00:00,15.56,202.5,1024.38,15.56,2,",ra"
1859-05-28 07:00:00,13.33,180,1021.33,14.44,2,",ra"
1859-05-28 12:00:00,NA,180,NA,NA,NA,NA
1859-05-28 14:00:00,13.89,NA,1019.98,13.89,2,",fg"
1859-05-28 21:00:00,14.44,180,1019.3,14.44,2,",fg"
1859-05-29 07:00:00,12.22,202.5,1019.3,13.33,2,",fg"
1859-05-29 12:00:00,NA,225,NA,NA,NA,NA
1859-05-29 14:00:00,15.56,NA,1019.98,16.67,2,NA
1859-05-29 21:00:00,15.56,247.5,1020.32,16.67,11,NA
1859-05-30 07:00:00,14.44,247.5,1021.33,15,1,NA
1859-05-30 12:00:00,NA,247.5,NA,NA,NA,NA
1859-05-30 14:00:00,18.89,NA,1022.01,20,11,NA
1859-05-30 21:00:00,16.67,247.5,1023.71,17.78,11,NA
1859-05-31 07:00:00,12.22,292.5,1027.09,13.33,2,NA
1859-05-31 12:00:00,NA,0,NA,NA,NA,NA
1859-05-31 14:00:00,13.33,NA,1026.75,14.44,11,NA
1859-05-31 21:00:00,14.44,0,1027.43,15.56,5,NA
1859-06-01 07:00:00,11.11,0,1030.82,12.22,2,NA
1859-06-01 12:00:00,NA,315,NA,NA,NA,NA
1859-06-01 14:00:00,13.33,NA,1031.16,13.89,5,NA
1859-06-01 21:00:00,14.44,315,1031.49,15.56,5,NA
1859-06-02 07:00:00,11.11,225,1028.45,12.22,2,",fg"
1859-06-02 12:00:00,NA,270,NA,NA,NA,NA
1859-06-02 14:00:00,12.78,NA,1028.11,13.33,5,NA
1859-06-02 21:00:00,13.33,292.5,1027.43,14.44,5,NA
1859-06-03 07:00:00,13.89,292.5,1025.74,15,5,",ra"
1859-06-03 12:00:00,NA,292.5,NA,NA,NA,NA
1859-06-03 14:00:00,15.56,NA,1024.72,16.67,11,",br"
1859-06-03 21:00:00,16.67,292.5,1024.72,17.78,5,NA
1859-06-04 07:00:00,15,270,1019.3,15.56,2,",fg"
1859-06-04 12:00:00,NA,292.5,NA,NA,NA,NA
1859-06-04 14:00:00,17.22,NA,1019.3,17.78,2,",fg"
1859-06-04 21:00:00,17.78,292.5,1019.3,18.33,2,",fg"
1859-06-05 07:00:00,14.44,157.5,1020.32,15,5,",fg"
1859-06-05 12:00:00,NA,157.5,NA,NA,NA,NA
1859-06-05 14:00:00,15,NA,1018.63,15.56,11,",br"
1859-06-05 21:00:00,15.56,180,1017.95,15.56,2,",ra"
1859-06-06 07:00:00,11.11,337.5,1023.37,11.11,5,NA
1859-06-06 12:00:00,NA,337.5,NA,NA,NA,NA
1859-06-06 14:00:00,12.22,NA,1024.72,12.78,5,NA
1859-06-06 21:00:00,12.78,337.5,1026.75,13.89,5,NA
1859-06-07 07:00:00,12.22,315,1028.78,12.78,2,NA
1859-06-07 12:00:00,NA,225,NA,NA,NA,NA
1859-06-07 14:00:00,16.67,NA,1029.12,17.78,5,NA
1859-06-07 21:00:00,16.11,225,1028.78,17.22,5,NA
1859-06-08 07:00:00,18.33,180,1028.45,17.22,2,",fg"
1859-06-08 12:00:00,NA,180,NA,NA,NA,NA
1859-06-08 14:00:00,18.33,NA,1027.09,18.33,2,NA
1859-06-08 21:00:00,20,180,1025.4,20,2,NA
1859-06-09 07:00:00,11.11,180,1017.61,11.11,2,",ra"
1859-06-09 12:00:00,NA,180,NA,NA,NA,NA
1859-06-09 14:00:00,11.11,NA,1016.93,10,5,",ra"
1859-06-09 21:00:00,11.11,225,1016.59,9.44,2,",ra"
1859-06-10 07:00:00,12.22,22.5,1020.66,13.33,2,NA
1859-06-10 12:00:00,NA,337.5,NA,NA,NA,NA
1859-06-10 14:00:00,16.67,NA,1020.66,17.22,5,NA
1859-06-10 21:00:00,16.67,270,1021,17.22,5,NA
1859-06-11 07:00:00,12.22,225,1022.01,13.33,2,",br"
1859-06-11 12:00:00,NA,225,NA,NA,NA,NA
1859-06-11 14:00:00,11.11,NA,1021,12.22,2,",ra"
1859-06-11 21:00:00,11.11,315,1020.32,11.67,5,",bkn"
1859-06-12 07:00:00,10.56,337.5,1027.77,11.11,5,NA
1859-06-12 12:00:00,NA,315,NA,NA,NA,NA
1859-06-12 14:00:00,13.33,NA,1028.11,14.44,5,NA
1859-06-12 21:00:00,13.89,292.5,1028.45,15,11,NA
1859-06-13 07:00:00,12.22,247.5,1031.83,12.22,5,NA
1859-06-13 12:00:00,NA,247.5,NA,NA,NA,NA
1859-06-13 14:00:00,14.44,NA,1031.16,15.56,11,NA
1859-06-13 21:00:00,13.89,247.5,1030.82,15,16,NA
1859-06-14 07:00:00,11.67,225,1023.71,12.78,2,",br"
1859-06-14 12:00:00,NA,225,NA,NA,NA,NA
1859-06-14 14:00:00,15.56,NA,1023.71,16.11,2,",bkn"
1859-06-14 21:00:00,17.78,180,1023.71,17.78,2,NA
1859-06-15 07:00:00,13.89,NA,1023.71,14.44,0,",fg"
1859-06-15 12:00:00,NA,180,NA,NA,NA,NA
1859-06-15 14:00:00,15.56,NA,1022.69,16.11,5,NA
1859-06-15 21:00:00,16.11,180,1021.33,17.22,5,",fg"
1859-06-16 07:00:00,14.44,225,1015.58,15,11,",fg"
1859-06-16 12:00:00,NA,247.5,NA,NA,NA,NA
1859-06-16 14:00:00,16.11,NA,1015.58,17.22,16,",br"
1859-06-16 21:00:00,17.22,270,1015.92,18.33,11,",br"
1859-06-17 07:00:00,13.33,225,1018.63,13.89,2,",ra"
1859-06-17 12:00:00,NA,270,NA,NA,NA,NA
1859-06-17 14:00:00,15,NA,1019.3,16.11,2,",ra"
1859-06-17 21:00:00,15.56,270,1020.66,16.67,2,",br"
1859-06-18 07:00:00,15.56,225,1017.27,16.67,20,",fg"
1859-06-18 12:00:00,NA,202.5,NA,NA,NA,NA
1859-06-18 14:00:00,17.78,NA,1015.92,18.33,20,NA
1859-06-18 21:00:00,13.33,225,1015.92,13.89,2,",fg"
1859-06-19 07:00:00,15.56,270,1018.29,16.67,2,NA
1859-06-19 12:00:00,NA,270,NA,NA,NA,NA
1859-06-19 14:00:00,17.22,NA,1018.96,18.33,5,NA
1859-06-19 21:00:00,17.78,270,1020.32,18.89,5,NA
1859-06-20 07:00:00,16.67,NA,1022.35,16.67,0,NA
1859-06-20 12:00:00,NA,247.5,NA,NA,NA,NA
1859-06-20 14:00:00,19.44,NA,1023.03,20.56,2,NA
1859-06-20 21:00:00,20,247.5,1023.37,21.11,2,NA
1859-06-21 07:00:00,17.78,202.5,1022.35,18.33,2,",br"
1859-06-21 12:00:00,NA,202.5,NA,NA,NA,NA
1859-06-21 14:00:00,15.56,NA,1021,16.67,2,",br"
1859-06-21 21:00:00,15,202.5,1019.98,15.56,2,",br"
1859-06-22 07:00:00,13.33,202.5,1017.27,13.89,2,",fg"
1859-06-22 12:00:00,NA,202.5,NA,NA,NA,NA
1859-06-22 14:00:00,15.56,NA,1016.59,16.11,2,",ra"
1859-06-22 21:00:00,15.56,202.5,1017.27,15.56,2,",ra"
1859-06-23 07:00:00,13.33,NA,1022.69,13.89,0,",fg"
1859-06-23 12:00:00,NA,225,NA,NA,NA,NA
1859-06-23 14:00:00,16.11,NA,1024.72,16.11,2,",br"
1859-06-23 21:00:00,16.67,225,1025.06,16.67,2,",br"
1859-06-24 07:00:00,15,135,1027.43,15.56,1,",fg"
1859-06-24 12:00:00,NA,135,NA,NA,NA,NA
1859-06-24 14:00:00,17.78,NA,1027.43,17.22,2,",br"
1859-06-24 21:00:00,17.78,135,1027.43,17.78,2,",br"
1859-06-25 07:00:00,15.56,NA,1019.64,16.67,0,",fg"
1859-06-25 12:00:00,NA,225,NA,NA,NA,NA
1859-06-25 14:00:00,17.78,NA,1017.95,18.33,2,",br"
1859-06-25 21:00:00,17.78,225,1016.59,18.33,2,",br"
1859-06-26 07:00:00,16.67,0,1015.92,17.22,16,NA
1859-06-26 12:00:00,NA,0,NA,NA,NA,NA
1859-06-26 14:00:00,18.33,NA,1017.27,19.44,11,NA
1859-06-26 21:00:00,18.89,0,1017.95,20,11,NA
1859-06-27 07:00:00,17.78,0,1028.11,18.89,2,NA
1859-06-27 12:00:00,NA,0,NA,NA,NA,NA
1859-06-27 14:00:00,18.89,NA,1028.45,20,2,NA
1859-06-27 21:00:00,19.44,0,1028.78,20,2,NA
1859-06-28 07:00:00,19.44,292.5,1028.11,20,2,NA
1859-06-28 12:00:00,NA,292.5,NA,NA,NA,NA
1859-06-28 14:00:00,20.56,NA,1027.77,21.67,5,NA
1859-06-28 21:00:00,21.11,292.5,1027.43,22.22,5,NA
1859-06-29 07:00:00,15.56,225,1023.37,16.67,2,NA
1859-06-29 12:00:00,NA,225,NA,NA,NA,NA
1859-06-29 14:00:00,15.56,NA,1022.35,16.67,2,NA
1859-06-29 21:00:00,15.56,225,1020.66,16.67,2,",ra"
1859-06-30 07:00:00,13.33,202.5,1011.85,14.44,1,",fg"
1859-06-30 12:00:00,NA,202.5,NA,NA,NA,NA
1859-06-30 14:00:00,19.44,NA,1009.14,20,1,",ra"
1859-06-30 21:00:00,20.56,202.5,1008.47,21.11,2,NA
1859-07-01 07:00:00,17.22,247.5,1021,17.78,5,NA
1859-07-01 12:00:00,NA,247.5,NA,NA,NA,NA
1859-07-01 14:00:00,17.22,NA,1022.69,17.78,2,NA
1859-07-01 21:00:00,18.33,247.5,1022.35,18.89,2,NA
1859-07-02 07:00:00,15.56,292.5,1023.37,16.67,11,NA
1859-07-02 12:00:00,NA,270,NA,NA,NA,NA
1859-07-02 14:00:00,17.78,NA,1023.03,18.89,16,NA
1859-07-02 21:00:00,17.78,270,1022.01,18.89,11,",fg"
1859-07-03 07:00:00,17.22,270,1017.27,17.78,16,",fg"
1859-07-03 12:00:00,NA,270,NA,NA,NA,NA
1859-07-03 14:00:00,18.33,NA,1016.59,18.89,11,",ra"
1859-07-03 21:00:00,18.33,270,1017.61,18.89,11,NA
1859-07-04 07:00:00,16.11,270,1018.96,16.67,2,",ra"
1859-07-04 12:00:00,NA,247.5,NA,NA,NA,NA
1859-07-04 14:00:00,16.67,NA,1020.32,17.22,2,",ra"
1859-07-04 21:00:00,16.67,0,1021.67,17.22,5,",ra"
1859-07-05 07:00:00,15,22.5,1031.83,15.56,11,NA
1859-07-05 12:00:00,NA,135,NA,NA,NA,NA
1859-07-05 14:00:00,17.78,NA,1029.46,18.33,5,",br"
1859-07-05 21:00:00,17.78,157.5,1034.54,18.89,5,",ra"
1859-07-06 07:00:00,15.56,180,1032.85,15.56,2,",ra"
1859-07-06 12:00:00,NA,180,NA,NA,NA,NA
1859-07-06 14:00:00,18.33,NA,1032.17,18.89,2,",ra"
1859-07-06 21:00:00,18.89,180,1032.17,19.44,2,",br"
1859-07-07 07:00:00,17.78,225,1028.45,17.78,2,NA
1859-07-07 12:00:00,NA,315,NA,NA,NA,NA
1859-07-07 14:00:00,20.56,NA,1027.43,21.11,5,NA
1859-07-07 21:00:00,21.11,315,1027.09,21.67,5,NA
1859-07-08 07:00:00,17.22,315,1026.41,17.78,2,NA
1859-07-08 12:00:00,NA,315,NA,NA,NA,NA
1859-07-08 14:00:00,21.11,NA,1025.74,22.22,2,NA
1859-07-08 21:00:00,22.22,337.5,1024.72,23.33,2,NA
1859-07-09 07:00:00,18.33,0,1022.01,18.89,2,",bkn"
1859-07-09 12:00:00,NA,0,NA,NA,NA,NA
1859-07-09 14:00:00,19.44,NA,1022.01,20.56,2,NA
1859-07-09 21:00:00,20.56,22.5,1023.37,21.11,5,NA
1859-07-10 07:00:00,17.78,337.5,1026.08,16.67,2,",br"
1859-07-10 12:00:00,NA,337.5,NA,NA,NA,NA
1859-07-10 14:00:00,22.22,NA,1026.41,22.22,2,NA
1859-07-10 21:00:00,23.33,315,1026.41,23.89,1,NA
1859-07-11 07:00:00,20,315,1024.72,20.56,2,NA
1859-07-11 12:00:00,NA,315,NA,NA,NA,NA
1859-07-11 14:00:00,22.22,NA,1024.38,22.78,2,NA
1859-07-11 21:00:00,21.11,315,1024.38,21.67,2,NA
1859-07-12 07:00:00,20.56,315,1024.72,21.11,2,NA
1859-07-12 12:00:00,NA,315,NA,NA,NA,NA
1859-07-12 14:00:00,23.89,NA,1024.72,24.44,5,NA
1859-07-12 21:00:00,23.89,315,1024.72,24.44,5,NA
1859-07-13 07:00:00,18.89,292.5,1021.33,19.44,2,NA
1859-07-13 12:00:00,NA,292.5,NA,NA,NA,NA
1859-07-13 14:00:00,19.44,NA,1021,20,2,NA
1859-07-13 21:00:00,17.78,292.5,1021.67,17.78,2,NA
1859-07-14 07:00:00,18.33,247.5,1022.69,18.89,2,NA
1859-07-14 12:00:00,NA,225,NA,NA,NA,NA
1859-07-14 14:00:00,20.56,NA,1023.71,21.11,2,NA
1859-07-14 21:00:00,21.11,225,1024.04,22.22,2,NA
1859-07-15 07:00:00,18.33,315,1028.78,18.89,2,NA
1859-07-15 12:00:00,NA,270,NA,NA,NA,NA
1859-07-15 14:00:00,19.44,NA,1028.45,20.56,2,NA
1859-07-15 21:00:00,19.44,225,1027.43,21.11,2,NA
1859-07-16 07:00:00,17.78,0,1023.71,18.33,2,",skc"
1859-07-16 12:00:00,NA,0,NA,NA,NA,NA
1859-07-16 14:00:00,20.56,NA,1022.35,20,5,",skc"
1859-07-16 21:00:00,22.22,0,1019.3,22.78,5,",skc"
1859-07-17 07:00:00,18.33,337.5,1016.26,18.89,1,NA
1859-07-17 12:00:00,NA,NA,NA,NA,NA,NA
1859-07-17 14:00:00,20,NA,1015.24,20.56,0,NA
1859-07-17 21:00:00,20.56,315,1014.9,21.11,2,",bkn"
1859-07-18 07:00:00,17.78,22.5,1017.27,18.33,5,NA
1859-07-18 12:00:00,NA,22.5,NA,NA,NA,NA
1859-07-18 14:00:00,20,NA,1017.61,20.56,5,NA
1859-07-18 21:00:00,20.56,22.5,1017.27,21.11,5,NA
1859-07-19 07:00:00,17.78,NA,1016.26,18.33,11,NA
1859-07-19 12:00:00,NA,0,NA,NA,NA,NA
1859-07-19 14:00:00,18.89,NA,1015.24,20,11,NA
1859-07-19 21:00:00,21.67,337.5,1014.56,22.22,5,NA
1859-07-20 07:00:00,18.89,315,1012.87,18.89,5,NA
1859-07-20 12:00:00,NA,225,NA,NA,NA,NA
1859-07-20 14:00:00,21.11,NA,1011.18,22.22,16,NA
1859-07-20 21:00:00,21.67,225,1010.5,22.22,5,",bkn"
1859-07-21 07:00:00,17.78,0,1007.79,18.33,16,NA
1859-07-21 12:00:00,NA,NA,NA,NA,NA,NA
1859-07-21 14:00:00,17.78,NA,1007.79,17.78,16,NA
1859-07-21 21:00:00,17.78,NA,1008.13,18.33,11,NA
1859-07-22,NA,NA,NA,NA,NA,NA
1859-07-22 07:00:00,16.67,0,1012.53,16.67,5,",skc"
1859-07-22 12:00:00,NA,225,NA,NA,NA,NA
1859-07-22 14:00:00,20.56,NA,1012.53,21.67,5,NA
1859-07-22 21:00:00,20.56,225,1010.5,21.11,2,NA
1859-07-23,NA,NA,NA,NA,NA,NA
1859-07-23 07:00:00,20.56,225,1006.77,18.89,5,NA
1859-07-23 12:00:00,NA,225,NA,NA,NA,NA
1859-07-23 14:00:00,20.56,NA,1006.77,20,5,NA
1859-07-23 21:00:00,21.11,225,1006.43,20.56,5,NA
1859-07-24,NA,NA,NA,NA,NA,NA
1859-07-24 07:00:00,16.67,315,1011.85,16.67,11,NA
1859-07-24 12:00:00,NA,315,NA,NA,NA,NA
1859-07-24 14:00:00,17.22,NA,1012.87,17.78,11,NA
1859-07-24 21:00:00,18.89,315,1014.56,19.44,2,NA
1859-07-25,NA,NA,NA,NA,NA,NA
1859-07-25 07:00:00,16.67,0,1017.27,17.22,2,NA
1859-07-25 12:00:00,NA,315,NA,NA,NA,NA
1859-07-25 14:00:00,19.44,NA,1016.93,20.56,5,NA
1859-07-25 21:00:00,20,315,1016.93,21.11,5,NA
1859-07-26,NA,NA,NA,NA,NA,NA
1859-07-26 07:00:00,18.89,315,1017.61,19.44,2,NA
1859-07-26 12:00:00,NA,315,NA,NA,NA,NA
1859-07-26 14:00:00,22.22,NA,1017.61,23.33,2,NA
1859-07-26 21:00:00,23.33,315,1017.27,23.89,2,NA
1859-07-27,NA,NA,NA,NA,NA,NA
1859-07-27 07:00:00,21.11,315,1015.24,21.67,2,NA
1859-07-27 12:00:00,NA,315,NA,NA,NA,NA
1859-07-27 14:00:00,23.89,NA,1013.55,24.44,1,NA
1859-07-27 21:00:00,21.11,315,1012.53,21.67,1,",ra"
1859-07-28,NA,NA,NA,NA,NA,NA
1859-07-28 07:00:00,12.22,225,1006.1,13.33,2,",sh"
1859-07-28 12:00:00,NA,315,NA,NA,NA,NA
1859-07-28 14:00:00,17.78,NA,1010.84,18.33,2,NA
1859-07-28 21:00:00,18.89,NA,1012.53,19.44,0,NA
1859-07-29,NA,NA,NA,NA,NA,NA
1859-07-29 07:00:00,18.89,225,1023.37,19.44,2,NA
1859-07-29 12:00:00,NA,225,NA,NA,NA,NA
1859-07-29 14:00:00,19.44,NA,1024.38,20,2,NA
1859-07-29 21:00:00,20,202.5,1025.06,21.11,5,NA
1859-07-30,NA,NA,NA,NA,NA,NA
1859-07-30 07:00:00,16.67,NA,1028.78,17.22,0,",fg"
1859-07-30 12:00:00,NA,202.5,NA,NA,NA,NA
1859-07-30 14:00:00,18.89,NA,1028.78,19.44,2,",br"
1859-07-30 21:00:00,18.89,202.5,1028.78,21.11,1,NA
1859-07-31,NA,NA,NA,NA,NA,NA
1859-07-31 07:00:00,14.44,NA,1028.78,15,0,",fg"
1859-07-31 12:00:00,NA,180,NA,NA,NA,NA
1859-07-31 14:00:00,17.22,NA,1028.11,17.78,1,NA
1859-07-31 21:00:00,18.33,180,1027.77,18.89,1,",ra"
1859-08-01,NA,NA,NA,NA,NA,NA
1859-08-01 07:00:00,16.67,157.5,1022.69,17.22,2,",fg"
1859-08-01 12:00:00,NA,202.5,NA,NA,NA,NA
1859-08-01 14:00:00,18.89,NA,1021.33,20,5,NA
1859-08-01 21:00:00,20.56,225,1021.33,21.67,5,NA
1859-08-02,NA,NA,NA,NA,NA,NA
1859-08-02 07:00:00,17.22,NA,1025.4,17.22,0,",br"
1859-08-02 12:00:00,NA,292.5,NA,NA,NA,NA
1859-08-02 14:00:00,21.67,NA,1026.41,22.22,2,NA
1859-08-02 21:00:00,21.11,270,1025.74,21.67,1,NA
1859-08-03,NA,NA,NA,NA,NA,NA
1859-08-03 07:00:00,17.78,270,1024.04,17.78,1,",ra"
1859-08-03 12:00:00,NA,225,NA,NA,NA,NA
1859-08-03 14:00:00,19.44,NA,1022.69,20,5,NA
1859-08-03 21:00:00,21.11,225,1022.01,22.22,2,NA
1859-08-04,NA,NA,NA,NA,NA,NA
1859-08-04 07:00:00,18.89,NA,1023.71,19.44,0,",fg"
1859-08-04 12:00:00,NA,225,NA,NA,NA,NA
1859-08-04 14:00:00,22.78,NA,1023.37,23.89,2,NA
1859-08-04 21:00:00,23.33,270,1022.01,24.44,2,NA
1859-08-05,NA,NA,NA,NA,NA,NA
1859-08-05 07:00:00,17.78,270,1016.59,18.33,1,NA
1859-08-05 12:00:00,NA,292.5,NA,NA,NA,NA
1859-08-05 14:00:00,23.33,NA,1016.26,23.33,1,NA
1859-08-05 21:00:00,23.89,292.5,1015.92,24.44,1,NA
1859-08-06,NA,NA,NA,NA,NA,NA
1859-08-06 07:00:00,18.33,292.5,1011.85,18.33,5,NA
1859-08-06 12:00:00,NA,292.5,NA,NA,NA,NA
1859-08-06 14:00:00,22.22,NA,1012.53,22.78,2,NA
1859-08-06 21:00:00,23.33,292.5,1012.87,23.89,2,NA
1859-08-07,NA,NA,NA,NA,NA,NA
1859-08-07 07:00:00,19.44,225,1017.95,20,2,NA
1859-08-07 12:00:00,NA,270,NA,NA,NA,NA
1859-08-07 14:00:00,21.11,NA,1017.27,22.22,5,NA
1859-08-07 21:00:00,22.22,270,1016.59,23.33,5,NA
1859-08-08,NA,NA,NA,NA,NA,NA
1859-08-08 07:00:00,17.22,NA,1014.56,17.78,0,",br"
1859-08-08 12:00:00,NA,225,NA,NA,NA,NA
1859-08-08 14:00:00,18.33,NA,1016.26,18.89,1,",br"
1859-08-08 21:00:00,20,225,1017.27,21.11,2,NA
1859-08-09,NA,NA,NA,NA,NA,NA
1859-08-09 07:00:00,18.89,315,1025.4,18.89,1,NA
1859-08-09 12:00:00,NA,315,NA,NA,NA,NA
1859-08-09 14:00:00,24.44,NA,1027.09,25.56,2,NA
1859-08-09 21:00:00,24.44,315,1027.43,25,2,NA
1859-08-10,NA,NA,NA,NA,NA,NA
1859-08-10 07:00:00,21.11,NA,1027.77,21.67,0,",br"
1859-08-10 12:00:00,NA,247.5,NA,NA,NA,NA
1859-08-10 14:00:00,25.56,NA,1027.43,26.11,1,NA
1859-08-10 21:00:00,25.56,NA,1027.43,26.11,0,",skc"
1859-08-11,NA,NA,NA,NA,NA,NA
1859-08-11 07:00:00,21.11,NA,1027.43,22.22,0,",skc"
1859-08-11 12:00:00,NA,225,NA,NA,NA,NA
1859-08-11 14:00:00,26.67,NA,1027.09,27.22,2,NA
1859-08-11 21:00:00,26.67,225,1027.09,27.22,5,NA
1859-08-12,NA,NA,NA,NA,NA,NA
1859-08-12 07:00:00,21.11,247.5,1027.09,21.67,2,NA
1859-08-12 12:00:00,NA,270,NA,NA,NA,NA
1859-08-12 14:00:00,23.33,NA,1027.09,24.44,2,NA
1859-08-12 21:00:00,25,225,1026.41,25.56,2,NA
1859-08-13,NA,NA,NA,NA,NA,NA
1859-08-13 07:00:00,21.11,NA,1023.71,22.22,0,",br"
1859-08-13 12:00:00,NA,180,NA,NA,NA,NA
1859-08-13 14:00:00,22.78,NA,1022.35,23.33,2,NA
1859-08-13 21:00:00,23.33,180,1020.66,22.78,2,NA
1859-08-14,NA,NA,NA,NA,NA,NA
1859-08-14 07:00:00,18.89,NA,1015.24,19.44,0,",fg"
1859-08-14 12:00:00,NA,202.5,NA,NA,NA,NA
1859-08-14 14:00:00,20,NA,1015.58,20.56,1,NA
1859-08-14 21:00:00,22.22,NA,1015.58,23.33,0,NA
1859-08-15,NA,NA,NA,NA,NA,NA
1859-08-15 07:00:00,17.22,22.5,1022.35,17.78,16,NA
1859-08-15 12:00:00,NA,45,NA,NA,NA,NA
1859-08-15 14:00:00,18.89,NA,1023.37,18.89,16,NA
1859-08-15 21:00:00,18.89,45,1023.37,19.44,11,NA
1859-08-16,NA,NA,NA,NA,NA,NA
1859-08-16 07:00:00,17.22,45,1026.08,17.78,2,NA
1859-08-16 12:00:00,NA,67.5,NA,NA,NA,NA
1859-08-16 14:00:00,18.89,NA,1026.41,19.44,11,NA
1859-08-16 21:00:00,17.78,112.5,1026.75,18.33,2,NA
1859-08-17,NA,NA,NA,NA,NA,NA
1859-08-17 07:00:00,16.11,180,1026.08,16.67,2,NA
1859-08-17 12:00:00,NA,90,NA,NA,NA,NA
1859-08-17 14:00:00,20,NA,1025.74,20.56,2,NA
1859-08-17 21:00:00,20.56,135,1026.41,21.11,16,NA
1859-08-18,NA,NA,NA,NA,NA,NA
1859-08-18 07:00:00,15.56,90,1019.3,16.11,5,",ra"
1859-08-18 12:00:00,NA,112.5,NA,NA,NA,NA
1859-08-18 14:00:00,17.22,NA,1017.27,17.78,11,",ra"
1859-08-18 21:00:00,16.67,45,1015.24,17.22,11,NA
1859-08-19,NA,NA,NA,NA,NA,NA
1859-08-19 07:00:00,17.78,315,1010.5,18.33,2,NA
1859-08-19 12:00:00,NA,315,NA,NA,NA,NA
1859-08-19 14:00:00,22.22,NA,1011.18,23.33,2,NA
1859-08-19 21:00:00,23.33,315,1011.51,24.44,2,NA
1859-08-20,NA,NA,NA,NA,NA,NA
1859-08-20 07:00:00,16.67,NA,1018.63,17.78,0,",br"
1859-08-20 12:00:00,NA,NA,NA,NA,NA,NA
1859-08-20 14:00:00,19.44,NA,1020.66,20,0,",br"
1859-08-20 21:00:00,20,NA,1021,20.56,0,",br"
1859-08-21,NA,NA,NA,NA,NA,NA
1859-08-21 07:00:00,19.44,NA,1026.08,20,0,NA
1859-08-21 12:00:00,NA,225,NA,NA,NA,NA
1859-08-21 14:00:00,22.22,NA,1026.41,22.78,2,NA
1859-08-21 21:00:00,22.22,NA,1026.41,23.33,0,NA
1859-08-22,NA,NA,NA,NA,NA,NA
1859-08-22 07:00:00,18.89,NA,1026.75,19.44,0,",ra"
1859-08-22 12:00:00,NA,135,NA,NA,NA,NA
1859-08-22 14:00:00,17.78,NA,1026.41,18.89,1,",dz"
1859-08-22 21:00:00,20,112.5,1026.08,20.56,5,NA
1859-08-23,NA,NA,NA,NA,NA,NA
1859-08-23 07:00:00,18.89,157.5,1027.09,18.89,2,",ra"
1859-08-23 12:00:00,NA,135,NA,NA,NA,NA
1859-08-23 14:00:00,19.44,NA,1026.75,20,2,",ra"
1859-08-23 21:00:00,20,135,1026.41,20.56,1,",bkn"
1859-08-24,NA,NA,NA,NA,NA,NA
1859-08-24 07:00:00,17.22,NA,1027.43,17.78,2,NA
1859-08-24 12:00:00,NA,22.5,NA,NA,NA,NA
1859-08-24 14:00:00,21.11,NA,1027.43,22.22,2,NA
1859-08-24 21:00:00,21.11,NA,1026.75,21.67,0,NA
1859-08-25,NA,NA,NA,NA,NA,NA
1859-08-25 07:00:00,18.33,180,1024.38,19.44,2,",br"
1859-08-25 12:00:00,NA,180,NA,NA,NA,NA
1859-08-25 14:00:00,20,NA,1022.69,20,5,",fg"
1859-08-25 21:00:00,20,180,1020.66,20,5,",ra"
1859-08-26,NA,NA,NA,NA,NA,NA
1859-08-26 07:00:00,19.44,270,1015.92,20,2,",br"
1859-08-26 12:00:00,NA,270,NA,NA,NA,NA
1859-08-26 14:00:00,19.44,NA,1017.27,20,2,",br"
1859-08-26 21:00:00,20,292.5,1017.61,20.56,2,NA
1859-08-27,NA,NA,NA,NA,NA,NA
1859-08-27 07:00:00,18.89,315,1019.3,20,2,",br"
1859-08-27 12:00:00,NA,315,NA,NA,NA,NA
1859-08-27 14:00:00,21.11,NA,1018.63,22.22,2,NA
1859-08-27 21:00:00,21.67,315,1017.27,22.22,2,NA
1859-08-28,NA,NA,NA,NA,NA,NA
1859-08-28 07:00:00,20.56,315,1014.22,21.11,2,NA
1859-08-28 12:00:00,NA,270,NA,NA,NA,NA
1859-08-28 14:00:00,23.33,NA,1013.88,24.44,2,NA
1859-08-28 21:00:00,24.44,270,1013.88,25.56,5,NA
1859-08-29,NA,NA,NA,NA,NA,NA
1859-08-29 07:00:00,17.78,292.5,1012.53,17.78,5,NA
1859-08-29 12:00:00,NA,292.5,NA,NA,NA,NA
1859-08-29 14:00:00,17.78,NA,1012.19,17.78,11,NA
1859-08-29 21:00:00,18.33,292.5,1011.18,19.44,5,NA
1859-08-30,NA,NA,NA,NA,NA,NA
1859-08-30 07:00:00,15.56,292.5,1016.93,15.56,2,NA
1859-08-30 12:00:00,NA,270,NA,NA,NA,NA
1859-08-30 14:00:00,17.78,NA,1017.27,18.89,11,NA
1859-08-30 21:00:00,18.89,292.5,1016.59,19.44,5,NA
1859-08-31,NA,NA,NA,NA,NA,NA
1859-08-31 07:00:00,16.67,292.5,1019.64,17.22,2,NA
1859-08-31 12:00:00,NA,247.5,NA,NA,NA,NA
1859-08-31 14:00:00,18.89,NA,1020.32,20,5,NA
1859-08-31 21:00:00,20,247.5,1022.69,20.56,5,NA
1859-09-01,NA,NA,NA,NA,NA,NA
1859-09-01 07:00:00,16.67,225,1013.88,17.22,2,",ra"
1859-09-01 12:00:00,NA,292.5,NA,NA,NA,NA
1859-09-01 14:00:00,20.56,NA,1013.88,20,2,NA
1859-09-01 21:00:00,20.56,292.5,1014.22,20.56,2,NA
1859-09-02,NA,NA,NA,NA,NA,NA
1859-09-02 07:00:00,17.78,292.5,1015.24,18.89,2,NA
1859-09-02 12:00:00,NA,247.5,NA,NA,NA,NA
1859-09-02 14:00:00,19.44,NA,1014.22,21.11,2,NA
1859-09-02 21:00:00,20,225,1011.18,20.56,5,",ra"
1859-09-03,NA,NA,NA,NA,NA,NA
1859-09-03 07:00:00,15.56,292.5,1013.88,16.11,2,NA
1859-09-03 12:00:00,NA,292.5,NA,NA,NA,NA
1859-09-03 14:00:00,17.22,NA,1015.92,17.78,2,NA
1859-09-03 21:00:00,17.78,337.5,1017.61,18.33,2,NA
1859-09-04,NA,NA,NA,NA,NA,NA
1859-09-04 07:00:00,13.33,225,1021,13.89,5,",br"
1859-09-04 12:00:00,NA,225,NA,NA,NA,NA
1859-09-04 14:00:00,16.67,NA,1019.3,17.22,16,",br"
1859-09-04 21:00:00,17.22,225,1018.29,17.78,11,",br"
1859-09-05,NA,NA,NA,NA,NA,NA
1859-09-05 07:00:00,15.56,315,1021.67,15.56,11,",br"
1859-09-05 12:00:00,NA,315,NA,NA,NA,NA
1859-09-05 14:00:00,17.78,NA,1022.01,18.89,5,NA
1859-09-05 21:00:00,18.89,315,1022.69,20,2,NA
1859-09-06,NA,NA,NA,NA,NA,NA
1859-09-06 07:00:00,14.44,NA,1024.04,15,0,",br"
1859-09-06 12:00:00,NA,337.5,NA,NA,NA,NA
1859-09-06 14:00:00,15,NA,1023.03,15.56,2,NA
1859-09-06 21:00:00,15.56,337.5,1022.69,16.67,2,NA
1859-09-07,NA,NA,NA,NA,NA,NA
1859-09-07 07:00:00,13.89,337.5,1027.77,14.44,2,NA
1859-09-07 12:00:00,NA,NA,NA,NA,NA,NA
1859-09-07 14:00:00,15.56,NA,1027.77,16.11,0,NA
1859-09-07 21:00:00,15.56,315,1027.77,16.11,2,NA
1859-09-08,NA,NA,NA,NA,NA,NA
1859-09-08 07:00:00,14.44,NA,1027.09,15,0,",skc"
1859-09-08 12:00:00,NA,315,NA,NA,NA,NA
1859-09-08 14:00:00,17.78,NA,1027.09,18.33,1,",skc"
1859-09-08 21:00:00,18.33,NA,1027.43,18.89,2,",skc"
1859-09-09,NA,NA,NA,NA,NA,NA
1859-09-09 07:00:00,16.11,NA,1027.77,16.11,0,",skc"
1859-09-09 12:00:00,NA,337.5,NA,NA,NA,NA
1859-09-09 14:00:00,18.33,NA,1028.11,18.89,5,NA
1859-09-09 21:00:00,18.89,337.5,1027.77,20,5,NA
1859-09-10,NA,NA,NA,NA,NA,NA
1859-09-10 07:00:00,14.44,NA,1030.14,14.44,0,",skc"
1859-09-10 12:00:00,NA,157.5,NA,NA,NA,NA
1859-09-10 14:00:00,17.78,NA,1030.48,18.33,5,NA
1859-09-10 21:00:00,20,157.5,1030.14,21.11,2,NA
1859-09-11,NA,NA,NA,NA,NA,NA
1859-09-11 07:00:00,15,270,1023.71,15.56,2,NA
1859-09-11 12:00:00,NA,247.5,NA,NA,NA,NA
1859-09-11 14:00:00,16.67,NA,1020.32,17.78,5,NA
1859-09-11 21:00:00,16.67,247.5,1019.3,17.78,5,NA
1859-09-12,NA,NA,NA,NA,NA,NA
1859-09-12 07:00:00,16.67,225,1004.74,16.67,2,",dz"
1859-09-12 12:00:00,NA,247.5,NA,NA,NA,NA
1859-09-12 14:00:00,18.89,NA,1003.39,19.44,2,NA
1859-09-12 21:00:00,19.44,270,1003.05,20,2,NA
1859-09-13,NA,NA,NA,NA,NA,NA
1859-09-13 07:00:00,15,270,1007.11,15.56,2,",br"
1859-09-13 12:00:00,NA,247.5,NA,NA,NA,NA
1859-09-13 14:00:00,18.89,NA,1007.45,19.44,5,NA
1859-09-13 21:00:00,18.89,247.5,1007.45,19.44,5,",br"
1859-09-14,NA,NA,NA,NA,NA,NA
1859-09-14 07:00:00,17.22,270,1002.37,17.78,11,NA
1859-09-14 12:00:00,NA,270,NA,NA,NA,NA
1859-09-14 14:00:00,16.67,NA,1001.36,17.22,16,NA
1859-09-14 21:00:00,15,292.5,1001.02,15.56,20,",sq"
1859-09-15,NA,NA,NA,NA,NA,NA
1859-09-15 07:00:00,10,315,1021,10.56,16,NA
1859-09-15 12:00:00,NA,315,NA,NA,NA,NA
1859-09-15 14:00:00,11.11,NA,1021.67,11.67,16,NA
1859-09-15 21:00:00,12.22,315,1023.37,12.78,5,NA
1859-09-16,NA,NA,NA,NA,NA,NA
1859-09-16 07:00:00,8.89,315,1030.82,9.44,5,NA
1859-09-16 12:00:00,NA,45,NA,NA,NA,NA
1859-09-16 14:00:00,11.11,NA,1029.46,12.22,2,NA
1859-09-16 21:00:00,12.22,315,1029.46,13.33,2,NA
1859-09-17,NA,NA,NA,NA,NA,NA
1859-09-17 07:00:00,8.33,NA,1029.46,8.89,0,",br"
1859-09-17 12:00:00,NA,270,NA,NA,NA,NA
1859-09-17 14:00:00,11.11,NA,1027.43,11.67,2,",br"
1859-09-17 21:00:00,12.22,225,1025.4,13.33,2,",br"
1859-09-18,NA,NA,NA,NA,NA,NA
1859-09-18 07:00:00,10,90,1016.93,11.11,5,",ra"
1859-09-18 12:00:00,NA,45,NA,NA,NA,NA
1859-09-18 14:00:00,12.78,NA,1015.92,13.33,5,",ra"
1859-09-18 21:00:00,13.33,45,1015.24,13.89,5,",ra"
1859-09-19,NA,NA,NA,NA,NA,NA
1859-09-19 07:00:00,13.33,22.5,1013.88,13.89,5,",br"
1859-09-19 12:00:00,NA,NA,NA,NA,NA,NA
1859-09-19 14:00:00,14.44,NA,1014.56,15.56,11,NA
1859-09-19 21:00:00,15.56,0,1015.58,16.11,5,NA
1859-09-20,NA,NA,NA,NA,NA,NA
1859-09-20 07:00:00,11.11,270,1017.95,12.22,1,NA
1859-09-20 12:00:00,NA,270,NA,NA,NA,NA
1859-09-20 14:00:00,13.33,NA,1018.29,14.44,2,NA
1859-09-20 21:00:00,12.78,NA,1019.3,13.89,2,NA
1859-09-21,NA,NA,NA,NA,NA,NA
1859-09-21 07:00:00,10,45,1030.82,11.11,5,NA
1859-09-21 12:00:00,NA,135,NA,NA,NA,NA
1859-09-21 14:00:00,11.11,NA,1029.46,12.22,2,",br"
1859-09-21 21:00:00,11.11,135,1031.83,12.22,1,",br"
1859-09-22,NA,NA,NA,NA,NA,NA
1859-09-22 07:00:00,8.89,135,1032.85,9.44,2,",ra"
1859-09-22 12:00:00,NA,135,NA,NA,NA,NA
1859-09-22 14:00:00,9.44,NA,1032.85,10.56,5,",ra"
1859-09-22 21:00:00,9.44,135,1032.17,10.56,11,",ra"
1859-09-23,NA,NA,NA,NA,NA,NA
1859-09-23 07:00:00,10,NA,1024.04,11.11,0,",ra"
1859-09-23 12:00:00,NA,135,NA,NA,NA,NA
1859-09-23 14:00:00,8.89,NA,1023.71,9.44,2,",ra"
1859-09-23 21:00:00,8.89,135,1023.71,9.44,2,",fg"
1859-09-24,NA,NA,NA,NA,NA,NA
1859-09-24 07:00:00,12.22,135,1023.37,13.33,2,",br"
1859-09-24 12:00:00,NA,135,NA,NA,NA,NA
1859-09-24 14:00:00,12.78,NA,1022.69,13.89,5,",br"
1859-09-24 21:00:00,13.33,135,1022.01,13.89,5,",br"
1859-09-25,NA,NA,NA,NA,NA,NA
1859-09-25 07:00:00,13.33,NA,1019.98,13.89,0,",fg"
1859-09-25 12:00:00,NA,NA,NA,NA,NA,NA
1859-09-25 14:00:00,18.33,NA,1019.98,19.44,0,NA
1859-09-25 21:00:00,18.89,NA,1019.98,20,0,NA
1859-09-26,NA,NA,NA,NA,NA,NA
1859-09-26 07:00:00,13.89,NA,1021.33,14.44,0,",fg"
1859-09-26 12:00:00,NA,NA,NA,NA,NA,NA
1859-09-26 14:00:00,15,NA,1020.66,15.56,0,",ra"
1859-09-26 21:00:00,15.56,NA,1019.64,16.67,0,",fg"
1859-09-27,NA,NA,NA,NA,NA,NA
1859-09-27 07:00:00,15.56,315,1018.63,16.11,1,",br"
1859-09-27 12:00:00,NA,315,NA,NA,NA,NA
1859-09-27 14:00:00,18.33,NA,1018.63,19.44,2,NA
1859-09-27 21:00:00,20,NA,1018.63,21.11,0,NA
1859-09-28,NA,NA,NA,NA,NA,NA
1859-09-28 07:00:00,15,315,1021,15.56,1,NA
1859-09-28 12:00:00,NA,315,NA,NA,NA,NA
1859-09-28 14:00:00,20,NA,1021.67,21.11,2,NA
1859-09-28 21:00:00,20,247.5,1021.67,21.11,1,NA
1859-09-29,NA,NA,NA,NA,NA,NA
1859-09-29 07:00:00,13.89,22.5,1027.09,14.44,5,",br"
1859-09-29 12:00:00,NA,45,NA,NA,NA,NA
1859-09-29 14:00:00,14.44,NA,1028.78,15,11,NA
1859-09-29 21:00:00,13.33,45,1029.46,14.44,11,NA
1859-09-30,NA,NA,NA,NA,NA,NA
1859-09-30 07:00:00,11.11,22.5,1032.17,11.11,2,NA
1859-09-30 12:00:00,NA,225,NA,NA,NA,NA
1859-09-30 14:00:00,14.44,NA,1031.16,15,5,NA
1859-09-30 21:00:00,15.56,225,1030.48,16.67,2,NA
1859-10-01,NA,NA,NA,NA,NA,NA
1859-10-01 07:00:00,12.22,315,1031.49,12.78,1,NA
1859-10-01 12:00:00,NA,315,NA,NA,NA,NA
1859-10-01 14:00:00,14.44,NA,1030.82,15,2,NA
1859-10-01 21:00:00,15,315,1029.46,16.11,2,NA
1859-10-02,NA,NA,NA,NA,NA,NA
1859-10-02 07:00:00,15.56,315,1021.33,16.11,2,",br"
1859-10-02 12:00:00,NA,315,NA,NA,NA,NA
1859-10-02 14:00:00,17.22,NA,1021,17.78,2,",br"
1859-10-02 21:00:00,17.78,247.5,1018.63,18.89,2,",ra"
1859-10-03,NA,NA,NA,NA,NA,NA
1859-10-03 07:00:00,15,315,1013.88,15,11,NA
1859-10-03 12:00:00,NA,337.5,NA,NA,NA,NA
1859-10-03 14:00:00,15,NA,1013.55,15.56,16,NA
1859-10-03 21:00:00,15,315,1013.21,15.56,16,NA
1859-10-04,NA,NA,NA,NA,NA,NA
1859-10-04 07:00:00,13.33,270,1014.56,13.89,11,",br"
1859-10-04 12:00:00,NA,315,NA,NA,NA,NA
1859-10-04 14:00:00,18.89,NA,1015.58,20,11,NA
1859-10-04 21:00:00,20,292.5,1017.95,20.56,5,NA
1859-10-05,NA,NA,NA,NA,NA,NA
1859-10-05 07:00:00,13.89,225,1027.09,14.44,2,NA
1859-10-05 12:00:00,NA,180,NA,NA,NA,NA
1859-10-05 14:00:00,14.44,NA,1026.75,15.56,2,",br"
1859-10-05 21:00:00,14.44,157.5,1026.08,15.56,11,",br"
1859-10-06,NA,NA,NA,NA,NA,NA
1859-10-06 07:00:00,14.44,NA,992.89,15.56,16,",ra"
1859-10-06 12:00:00,NA,22.5,NA,NA,NA,NA
1859-10-06 14:00:00,14.44,NA,983.75,15,27,",ra"
1859-10-06 21:00:00,13.33,337.5,985.78,13.89,20,",ra"
1859-10-07,NA,NA,NA,NA,NA,NA
1859-10-07 07:00:00,9.44,315,1012.87,10,11,NA
1859-10-07 12:00:00,NA,315,NA,NA,NA,NA
1859-10-07 14:00:00,9.44,NA,1014.9,10,11,NA
1859-10-07 21:00:00,9.44,315,1014.9,10,11,NA
1859-10-08,NA,NA,NA,NA,NA,NA
1859-10-08 07:00:00,7.78,315,1019.64,8.89,5,",br"
1859-10-08 12:00:00,NA,292.5,NA,NA,NA,NA
1859-10-08 14:00:00,10,NA,1020.66,10.56,5,",br"
1859-10-08 21:00:00,10.56,292.5,1021.67,11.67,2,",br"
1859-10-09,NA,NA,NA,NA,NA,NA
1859-10-09 07:00:00,8.89,225,1020.66,10,2,",ra"
1859-10-09 12:00:00,NA,247.5,NA,NA,NA,NA
1859-10-09 14:00:00,12.22,NA,1017.27,12.22,2,",br"
1859-10-09 21:00:00,13.33,225,1016.93,13.89,11,",ra"
1859-10-10,NA,NA,NA,NA,NA,NA
1859-10-10 07:00:00,6.67,22.5,1023.37,7.78,5,NA
1859-10-10 12:00:00,NA,45,NA,NA,NA,NA
1859-10-10 14:00:00,10,NA,1022.69,11.11,5,NA
1859-10-10 21:00:00,9.44,45,1022.01,10.56,5,NA
1859-10-11,NA,NA,NA,NA,NA,NA
1859-10-11 07:00:00,7.22,22.5,1020.32,8.33,5,NA
1859-10-11 12:00:00,NA,0,NA,NA,NA,NA
1859-10-11 14:00:00,9.44,NA,1019.98,10.56,5,NA
1859-10-11 21:00:00,11.11,337.5,1019.98,12.22,5,",skc"
1859-10-12,NA,NA,NA,NA,NA,NA
1859-10-12 07:00:00,8.33,337.5,1024.72,8.89,11,",skc"
1859-10-12 12:00:00,NA,0,NA,NA,NA,NA
1859-10-12 14:00:00,10,NA,1026.08,11.11,5,",skc"
1859-10-12 21:00:00,11.11,0,1026.08,12.22,5,",skc"
1859-10-13,NA,NA,NA,NA,NA,NA
1859-10-13 07:00:00,6.67,NA,1027.43,7.78,0,",skc"
1859-10-13 12:00:00,NA,247.5,NA,NA,NA,NA
1859-10-13 14:00:00,12.22,NA,1026.75,13.33,2,NA
1859-10-13 21:00:00,11.67,225,1025.06,12.78,5,NA
1859-10-14,NA,NA,NA,NA,NA,NA
1859-10-14 07:00:00,11.67,225,1017.27,12.22,5,",br"
1859-10-14 12:00:00,NA,270,NA,NA,NA,NA
1859-10-14 14:00:00,17.78,NA,1013.55,18.89,5,NA
1859-10-14 21:00:00,17.78,225,1013.55,18.89,11,NA
1859-10-15,NA,NA,NA,NA,NA,NA
1859-10-15 07:00:00,12.22,315,1011.18,13.33,5,",br"
1859-10-15 12:00:00,NA,315,NA,NA,NA,NA
1859-10-15 14:00:00,13.33,NA,1010.5,14.44,2,NA
1859-10-15 21:00:00,13.33,315,1010.84,14.44,2,NA
1859-10-16,NA,NA,NA,NA,NA,NA
1859-10-16 07:00:00,6.67,22.5,1019.64,7.78,20,NA
1859-10-16 12:00:00,NA,22.5,NA,NA,NA,NA
1859-10-16 14:00:00,6.67,NA,1020.32,7.78,16,NA
1859-10-16 21:00:00,6.67,0,1024.04,7.78,16,NA
1859-10-17,NA,NA,NA,NA,NA,NA
1859-10-17 07:00:00,3.33,315,1029.46,4.44,2,",br"
1859-10-17 12:00:00,NA,270,NA,NA,NA,NA
1859-10-17 14:00:00,4.44,NA,1029.12,5.56,2,",br"
1859-10-17 21:00:00,4.44,NA,1028.45,5.56,0,",sn"
1859-10-18,NA,NA,NA,NA,NA,NA
1859-10-18 07:00:00,4.44,157.5,1021.67,6.11,11,",br"
1859-10-18 12:00:00,NA,157.5,NA,NA,NA,NA
1859-10-18 14:00:00,5.56,NA,1018.63,6.67,11,",bkn"
1859-10-18 21:00:00,5.56,135,1016.59,6.67,11,",bkn"
1859-10-19,NA,NA,NA,NA,NA,NA
1859-10-19 07:00:00,7.78,180,997.63,8.33,5,",ra"
1859-10-19 12:00:00,NA,225,NA,NA,NA,NA
1859-10-19 14:00:00,8.89,NA,997.97,9.44,5,NA
1859-10-19 21:00:00,7.78,270,998.31,8.89,5,NA
1859-10-20,NA,NA,NA,NA,NA,NA
1859-10-20 07:00:00,4.44,247.5,1000.34,5.56,5,",bkn"
1859-10-20 12:00:00,NA,270,NA,NA,NA,NA
1859-10-20 14:00:00,4.44,NA,1000.34,5.56,11,NA
1859-10-20 21:00:00,5.56,247.5,1000.34,6.11,5,NA
1859-10-21,NA,NA,NA,NA,NA,NA
1859-10-21 07:00:00,3.89,247.5,1002.71,5,1,NA
1859-10-21 12:00:00,NA,225,NA,NA,NA,NA
1859-10-21 14:00:00,4.44,NA,1001.69,6.11,2,NA
1859-10-21 21:00:00,4.44,225,1001.69,6.11,2,NA
1859-10-22,NA,NA,NA,NA,NA,NA
1859-10-22 07:00:00,2.22,270,1010.5,3.33,2,NA
1859-10-22 12:00:00,NA,270,NA,NA,NA,NA
1859-10-22 14:00:00,3.89,NA,1011.51,5,2,NA
1859-10-22 21:00:00,5,270,1015.92,6.11,1,NA
1859-10-23,NA,NA,NA,NA,NA,NA
1859-10-23 07:00:00,4.44,NA,1019.98,5.56,0,",bkn"
1859-10-23 12:00:00,NA,NA,NA,NA,NA,NA
1859-10-23 14:00:00,4.44,NA,1019.98,5.56,0,",br"
1859-10-23 21:00:00,5.56,NA,1019.64,6.67,0,",ra"
1859-10-24,NA,NA,NA,NA,NA,NA
1859-10-24 07:00:00,5.56,315,1019.98,6.67,5,NA
1859-10-24 12:00:00,NA,337.5,NA,NA,NA,NA
1859-10-24 14:00:00,7.22,NA,1017.27,8.89,5,NA
1859-10-24 21:00:00,8.89,225,1016.93,10,2,NA
1859-10-25,NA,NA,NA,NA,NA,NA
1859-10-25 07:00:00,5.56,315,1010.16,6.67,2,NA
1859-10-25 12:00:00,NA,315,NA,NA,NA,NA
1859-10-25 14:00:00,6.11,NA,1008.81,7.22,1,NA
1859-10-25 21:00:00,6.11,NA,1006.77,7.22,0,",ra"
1859-10-26,NA,NA,NA,NA,NA,NA
1859-10-26 07:00:00,2.22,315,1000,3.33,5,NA
1859-10-26 12:00:00,NA,315,NA,NA,NA,NA
1859-10-26 14:00:00,3.33,NA,998.31,4.44,2,NA
1859-10-26 21:00:00,3.89,315,995.6,5,5,NA
1859-10-27,NA,NA,NA,NA,NA,NA
1859-10-27 07:00:00,2.22,315,997.97,3.33,2,NA
1859-10-27 12:00:00,NA,315,NA,NA,NA,NA
1859-10-27 14:00:00,3.33,NA,998.98,4.44,2,NA
1859-10-27 21:00:00,4.44,315,999.66,5.56,2,NA
1859-10-28 07:00:00,3.33,315,999.66,4.44,2,NA
1859-10-28 12:00:00,NA,247.5,NA,NA,NA,NA
1859-10-28 14:00:00,3.89,NA,1003.05,5,5,NA
1859-10-28 21:00:00,3.89,247.5,1003.39,5,5,NA
1859-10-29 07:00:00,3.89,315,1005.08,5,5,NA
1859-10-29 12:00:00,NA,315,NA,NA,NA,NA
1859-10-29 14:00:00,5,NA,1006.43,6.11,11,NA
1859-10-29 21:00:00,5,315,1008.47,6.11,11,NA
1859-10-30 07:00:00,5,337.5,1014.22,5.56,5,NA
1859-10-30 12:00:00,NA,22.5,NA,NA,NA,NA
1859-10-30 14:00:00,5.56,NA,1015.92,6.67,11,NA
1859-10-30 21:00:00,6.67,22.5,1017.27,7.22,5,NA
1859-10-31 07:00:00,4.44,NA,1021.67,5.56,0,NA
1859-10-31 12:00:00,NA,NA,NA,NA,NA,NA
1859-10-31 14:00:00,5,NA,1021,6.11,0,NA
1859-10-31 21:00:00,5.56,225,1019.3,6.11,2,NA
1859-11-01 07:00:00,4.44,NA,1020.32,5,0,",br"
1859-11-01 12:00:00,NA,315,NA,NA,NA,NA
1859-11-01 14:00:00,5,NA,1019.64,6.11,2,NA
1859-11-01 21:00:00,5.56,292.5,1019.3,6.11,2,",br"
1859-11-02 07:00:00,5,NA,1018.63,5.56,0,NA
1859-11-02 12:00:00,NA,NA,NA,NA,NA,NA
1859-11-02 14:00:00,5,NA,1018.63,5.56,0,NA
1859-11-02 21:00:00,3.89,NA,1018.29,5,0,NA
1859-11-03 07:00:00,2.78,45,1018.63,4.44,1,",gr"
1859-11-03 12:00:00,NA,22.5,NA,NA,NA,NA
1859-11-03 14:00:00,5.56,NA,1019.64,6.11,5,",br"
1859-11-03 21:00:00,6.11,292.5,1021.33,7.22,16,NA
1859-11-04 07:00:00,3.89,NA,1032.17,3.89,11,NA
1859-11-04 12:00:00,NA,0,NA,NA,NA,NA
1859-11-04 14:00:00,3.89,NA,1030.82,4.44,2,",br"
1859-11-04 21:00:00,3.89,337.5,1029.12,4.44,1,",bkn"
1859-11-05 07:00:00,1.11,NA,1025.74,1.67,0,",sn"
1859-11-05 12:00:00,NA,NA,NA,NA,NA,NA
1859-11-05 14:00:00,1.11,NA,1025.74,2.22,0,",ra"
1859-11-05 21:00:00,1.11,135,1022.69,2.22,2,",ra"
1859-11-06 07:00:00,5,22.5,1023.71,6.11,20,NA
1859-11-06 12:00:00,NA,22.5,NA,NA,NA,NA
1859-11-06 14:00:00,4.44,NA,1025.4,5,20,NA
1859-11-06 21:00:00,3.33,0,1027.43,4.44,20,NA
1859-11-07 07:00:00,0,0,1036.24,1.11,11,NA
1859-11-07 12:00:00,NA,0,NA,NA,NA,NA
1859-11-07 14:00:00,1.67,NA,1036.24,2.22,5,NA
1859-11-07 21:00:00,2.22,0,1035.56,2.78,5,NA
1859-11-08 07:00:00,0,NA,1035.22,1.11,0,",br"
1859-11-08 12:00:00,NA,315,NA,NA,NA,NA
1859-11-08 14:00:00,1.67,NA,1033.86,2.22,1,",br"
1859-11-08 21:00:00,1.67,315,1032.85,2.22,1,",br"
1859-11-09 07:00:00,2.22,315,1024.38,3.33,1,",br"
1859-11-09 12:00:00,NA,315,NA,NA,NA,NA
1859-11-09 14:00:00,2.78,NA,1023.03,3.33,2,NA
1859-11-09 21:00:00,8.33,315,1022.01,8.89,2,NA
1859-11-10 07:00:00,6.67,NA,1018.63,7.78,0,",br"
1859-11-10 12:00:00,NA,NA,NA,NA,NA,NA
1859-11-10 14:00:00,7.22,NA,1017.27,8.33,0,NA
1859-11-10 21:00:00,7.78,225,1015.92,8.89,2,",br"
1859-11-11 07:00:00,5.56,225,1001.02,6.67,2,",ra"
1859-11-11 12:00:00,NA,225,NA,NA,NA,NA
1859-11-11 14:00:00,7.22,NA,1001.02,8.33,2,",br"
1859-11-11 21:00:00,7.22,337.5,999.32,7.78,5,",br"
1859-11-12 07:00:00,6.11,337.5,1000,7.22,5,",br"
1859-11-12 12:00:00,NA,337.5,NA,NA,NA,NA
1859-11-12 14:00:00,6.11,NA,1003.05,7.22,5,",br"
1859-11-12 21:00:00,6.11,337.5,1007.45,7.22,5,",br"
1859-11-13 07:00:00,6.67,225,1017.61,7.78,11,",br"
1859-11-13 12:00:00,NA,225,NA,NA,NA,NA
1859-11-13 14:00:00,6.67,NA,1013.55,7.22,16,NA
1859-11-13 21:00:00,6.11,225,1011.18,6.67,16,NA
1859-11-14 07:00:00,5.56,315,1001.69,6.67,11,",br"
1859-11-14 12:00:00,NA,315,NA,NA,NA,NA
1859-11-14 14:00:00,6.67,NA,1005.42,6.67,5,",br"
1859-11-14 21:00:00,6.11,315,1014.56,7.22,5,",br"
1859-11-15 07:00:00,0.56,315,1022.69,0.56,1,NA
1859-11-15 12:00:00,NA,315,NA,NA,NA,NA
1859-11-15 14:00:00,0,NA,1028.78,0.56,1,",sn"
1859-11-15 21:00:00,4.44,315,1028.78,3.33,1,",br"
1859-11-16 07:00:00,0,NA,1037.25,1.11,0,NA
1859-11-16 12:00:00,NA,225,NA,NA,NA,NA
1859-11-16 14:00:00,1.67,NA,1037.93,3.33,2,NA
1859-11-16 21:00:00,2.22,202.5,1038.94,3.33,2,NA
1859-11-17 07:00:00,2.22,202.5,1039.62,3.33,2,",br"
1859-11-17 12:00:00,NA,202.5,NA,NA,NA,NA
1859-11-17 14:00:00,3.33,NA,1038.61,4.44,5,",bkn"
1859-11-17 21:00:00,4.44,180,1037.25,4.44,2,",br"
1859-11-18 07:00:00,6.67,270,1033.86,7.78,2,",fg"
1859-11-18 12:00:00,NA,225,NA,NA,NA,NA
1859-11-18 14:00:00,12.22,NA,1033.53,13.89,2,NA
1859-11-18 21:00:00,11.67,225,1033.19,12.78,2,",br"
1859-11-19 07:00:00,6.11,225,1026.08,6.67,2,",fg"
1859-11-19 12:00:00,NA,202.5,NA,NA,NA,NA
1859-11-19 14:00:00,7.78,NA,1022.01,8.33,2,",fg"
1859-11-19 21:00:00,7.78,180,1018.63,8.89,2,",fg"
1859-11-20 07:00:00,9.44,NA,1005.08,10.56,0,",br"
1859-11-20 12:00:00,NA,225,NA,NA,NA,NA
1859-11-20 14:00:00,14.44,NA,1004.74,15,2,",br"
1859-11-20 21:00:00,14.44,225,1004.74,15,2,",br"
1859-11-21 07:00:00,0,22.5,1030.14,1.11,16,",br"
1859-11-21 12:00:00,NA,22.5,NA,NA,NA,NA
1859-11-21 14:00:00,1.11,NA,1032.17,2.22,16,NA
1859-11-21 21:00:00,0,22.5,1033.53,0.56,11,NA
1859-11-22 07:00:00,-0.56,NA,1036.24,0,0,",br"
1859-11-22 12:00:00,NA,135,NA,NA,NA,NA
1859-11-22 14:00:00,-0.56,NA,1031.16,0.56,5,",bkn"
1859-11-22 21:00:00,-0.56,135,1028.78,0,11,",sn"
1859-11-23 07:00:00,1.11,45,1007.11,2.22,11,",sn"
1859-11-23 12:00:00,NA,22.5,NA,NA,NA,NA
1859-11-23 14:00:00,1.67,NA,1009.14,2.78,5,",sn"
1859-11-23 21:00:00,2.22,22.5,1011.85,3.33,5,",sn"
1859-11-24 07:00:00,0,22.5,1020.66,1.11,5,",br"
1859-11-24 12:00:00,NA,22.5,NA,NA,NA,NA
1859-11-24 14:00:00,1.11,NA,1021.33,2.22,2,NA
1859-11-24 21:00:00,1.67,22.5,1022.01,2.78,2,NA
1859-11-25 07:00:00,-2.22,22.5,1026.75,-1.11,2,NA
1859-11-25 12:00:00,NA,22.5,NA,NA,NA,NA
1859-11-25 14:00:00,-2.22,NA,1024.72,-1.11,2,NA
1859-11-25 21:00:00,-2.22,22.5,1024.72,-1.11,2,NA
1859-11-26 07:00:00,-3.33,NA,1021,-2.22,0,",bkn"
1859-11-26 12:00:00,NA,180,NA,NA,NA,NA
1859-11-26 14:00:00,-1.11,NA,1015.92,0,5,",sn"
1859-11-26 21:00:00,0,180,1012.19,1.11,11,",ra"
1859-11-27 07:00:00,-3.89,315,1005.08,2.78,2,NA
1859-11-27 12:00:00,NA,315,NA,NA,NA,NA
1859-11-27 14:00:00,2.22,NA,1005.76,2.78,2,NA
1859-11-27 21:00:00,1.11,315,1006.77,2.22,2,NA
1859-11-28 07:00:00,0,315,1009.82,1.11,2,NA
1859-11-28 12:00:00,NA,315,NA,NA,NA,NA
1859-11-28 14:00:00,0,NA,1008.13,1.11,2,NA
1859-11-28 21:00:00,0,NA,1008.13,1.11,0,",sn"
1859-11-29 07:00:00,-2.78,NA,1016.26,-1.67,0,",sn"
1859-11-29 12:00:00,NA,NA,NA,NA,NA,NA
1859-11-29 14:00:00,-3.89,NA,1021.33,-2.78,0,NA
1859-11-29 21:00:00,-3.89,NA,1021.33,-2.78,0,NA
1859-11-30 07:00:00,-3.33,135,1023.03,-2.22,1,",sn"
1859-11-30 12:00:00,NA,315,NA,NA,NA,NA
1859-11-30 14:00:00,-2.22,NA,1026.08,-1.11,2,NA
1859-11-30 21:00:00,-0.56,225,1027.43,0,2,NA
1859-12-01 07:00:00,3.33,225,1026.08,4.44,2,",bkn"
1859-12-01 12:00:00,NA,247.5,NA,NA,NA,NA
1859-12-01 14:00:00,6.11,NA,1023.37,7.22,2,NA
1859-12-01 21:00:00,6.67,292.5,1022.01,7.78,2,",br"
1859-12-02 07:00:00,7.78,NA,1022.01,8.89,0,",fg"
1859-12-02 12:00:00,NA,292.5,NA,NA,NA,NA
1859-12-02 14:00:00,7.78,NA,1022.69,8.33,2,NA
1859-12-02 21:00:00,9.44,247.5,1023.71,9.44,2,NA
1859-12-03 07:00:00,7.22,0,1028.78,8.33,2,",bkn"
1859-12-03 12:00:00,NA,67.5,NA,NA,NA,NA
1859-12-03 14:00:00,6.11,NA,1030.48,6.67,11,NA
1859-12-03 21:00:00,4.44,67.5,1031.16,5.56,11,NA
1859-12-04 07:00:00,3.33,0,1032.51,4.44,2,",bkn"
1859-12-04 12:00:00,NA,67.5,NA,NA,NA,NA
1859-12-04 14:00:00,1.67,NA,1032.17,2.22,11,",bkn"
1859-12-04 21:00:00,0.56,67.5,1032.17,1.67,11,",bkn"
1859-12-05 07:00:00,-1.11,135,1032.17,0,2,",ra"
1859-12-05 12:00:00,NA,135,NA,NA,NA,NA
1859-12-05 14:00:00,-0.56,NA,1031.49,0.56,2,",ra"
1859-12-05 21:00:00,-0.56,135,1031.16,0.56,2,",ra"
1859-12-06 07:00:00,1.11,135,1032.85,2.78,2,",ra"
1859-12-06 12:00:00,NA,135,NA,NA,NA,NA
1859-12-06 14:00:00,1.67,NA,1032.85,2.78,2,",ra"
1859-12-06 21:00:00,1.67,135,1032.85,2.78,2,",ra"
1859-12-07 07:00:00,4.44,NA,1024.72,5.56,0,",fg"
1859-12-07 12:00:00,NA,NA,NA,NA,NA,NA
1859-12-07 14:00:00,4.44,NA,1023.03,6.67,0,",fg"
1859-12-07 21:00:00,4.44,NA,1021.67,6.67,0,",fg"
1859-12-08 07:00:00,8.89,0,1020.32,10,5,",bkn"
1859-12-08 12:00:00,NA,0,NA,NA,NA,NA
1859-12-08 14:00:00,9.44,NA,1022.69,10.56,5,",bkn"
1859-12-08 21:00:00,9.44,225,1024.04,10.56,2,",bkn"
1859-12-09 07:00:00,-4.44,0,1024.04,-3.89,2,",bkn"
1859-12-09 12:00:00,NA,225,NA,NA,NA,NA
1859-12-09 14:00:00,-5.56,NA,1026.08,-4.44,2,",bkn"
1859-12-09 21:00:00,-6.67,225,1026.75,-5.56,2,",bkn"
1859-12-10 07:00:00,-6.67,0,1023.37,-5,2,",bkn"
1859-12-10 12:00:00,NA,225,NA,NA,NA,NA
1859-12-10 14:00:00,-4.44,NA,1018.96,-3.89,2,",bkn"
1859-12-10 21:00:00,-3.89,225,1016.93,-3.33,2,",bkn"
1859-12-11 07:00:00,-4.44,337.5,1012.87,-3.89,1,",bkn"
1859-12-11 12:00:00,NA,337.5,NA,NA,NA,NA
1859-12-11 14:00:00,-2.22,NA,1011.18,-1.11,2,",bkn"
1859-12-11 21:00:00,-1.11,315,1009.14,0,2,",bkn"
1859-12-12 07:00:00,0,180,1008.13,0,5,",br"
1859-12-12 12:00:00,NA,202.5,NA,NA,NA,NA
1859-12-12 14:00:00,0,NA,1006.43,1.11,2,",bkn"
1859-12-12 21:00:00,2.22,247.5,1004.06,3.33,5,NA
1859-12-13 07:00:00,-2.22,315,1026.08,-1.11,11,NA
1859-12-13 12:00:00,NA,315,NA,NA,NA,NA
1859-12-13 14:00:00,-1.11,NA,1028.45,0,5,NA
1859-12-13 21:00:00,-1.11,315,1030.14,0,5,NA
1859-12-14 07:00:00,-6.11,315,1036.57,-5,5,",bkn"
1859-12-14 12:00:00,NA,45,NA,NA,NA,NA
1859-12-14 14:00:00,0,NA,1035.9,0.56,5,",bkn"
1859-12-14 21:00:00,1.11,90,1032.17,1.67,11,",br"
1859-12-15 07:00:00,3.33,225,1009.14,4.44,11,",bkn"
1859-12-15 12:00:00,NA,225,NA,NA,NA,NA
1859-12-15 14:00:00,3.33,NA,1011.85,4.44,11,",bkn"
1859-12-15 21:00:00,1.11,225,1014.22,2.22,5,NA
1859-12-16 07:00:00,-1.11,315,1022.01,0,5,NA
1859-12-16 12:00:00,NA,337.5,NA,NA,NA,NA
1859-12-16 14:00:00,0,NA,1023.03,0.56,5,NA
1859-12-16 21:00:00,0.56,337.5,1023.71,1.11,5,NA
1859-12-17 07:00:00,-3.33,0,1028.78,-2.22,5,NA
1859-12-17 12:00:00,NA,22.5,NA,NA,NA,NA
1859-12-17 14:00:00,-1.67,NA,1029.12,0,5,",br"
1859-12-17 21:00:00,-1.11,22.5,1029.46,1.11,5,",br"
1859-12-18 07:00:00,-3.33,112.5,1028.78,-2.22,5,",br"
1859-12-18 12:00:00,NA,112.5,NA,NA,NA,NA
1859-12-18 14:00:00,-2.22,NA,1025.4,-1.11,2,",br"
1859-12-18 21:00:00,-1.67,112.5,1022.69,-0.56,2,",br"
1859-12-19 07:00:00,-0.56,NA,1020.66,0.56,0,",ra"
1859-12-19 12:00:00,NA,NA,NA,NA,NA,NA
1859-12-19 14:00:00,1.11,NA,1019.64,2.22,0,NA
1859-12-19 21:00:00,1.11,NA,1016.59,2.22,0,NA
1859-12-20 07:00:00,1.11,NA,1016.93,2.22,0,",br"
1859-12-20 12:00:00,NA,NA,NA,NA,NA,NA
1859-12-20 14:00:00,3.33,NA,1016.93,3.89,0,",br"
1859-12-20 21:00:00,4.44,NA,1016.26,5.56,0,NA
1859-12-21 07:00:00,3.33,225,1010.84,4.44,11,",fg"
1859-12-21 12:00:00,NA,292.5,NA,NA,NA,NA
1859-12-21 14:00:00,2.78,NA,996.95,3.89,2,NA
1859-12-21 21:00:00,2.22,292.5,1001.69,3.33,2,NA
1859-12-22 07:00:00,0.56,315,1010.84,1.67,2,NA
1859-12-22 12:00:00,NA,315,NA,NA,NA,NA
1859-12-22 14:00:00,0,NA,1011.51,1.11,2,NA
1859-12-22 21:00:00,0,315,1011.85,1.11,5,NA
1859-12-23,NA,NA,NA,NA,NA,NA
1859-12-23 07:00:00,-2.78,0,1011.85,-2.22,2,NA
1859-12-23 12:00:00,NA,0,NA,NA,NA,NA
1859-12-23 14:00:00,-2.78,NA,1008.81,-2.22,2,NA
1859-12-23 21:00:00,-3.33,0,1006.77,-2.22,2,NA
1859-12-24,NA,NA,NA,NA,NA,NA
1859-12-24 07:00:00,-4.44,135,1003.73,-3.89,5,",sn"
1859-12-24 12:00:00,NA,247.5,NA,NA,NA,NA
1859-12-24 14:00:00,-3.89,NA,1002.37,-2.22,2,NA
1859-12-24 21:00:00,-6.11,270,1002.37,-5.56,2,NA
1859-12-25,NA,NA,NA,NA,NA,NA
1859-12-25 07:00:00,-7.22,315,1006.77,-5.56,11,NA
1859-12-25 12:00:00,NA,315,NA,NA,NA,NA
1859-12-25 14:00:00,-7.22,NA,1006.77,-5.56,11,NA
1859-12-25 21:00:00,-7.22,315,1006.77,-5.56,5,NA
1859-12-26,NA,NA,NA,NA,NA,NA
1859-12-26 07:00:00,-7.78,NA,1007.79,-6.67,0,",bkn"
1859-12-26 12:00:00,NA,202.5,NA,NA,NA,NA
1859-12-26 14:00:00,-6.67,NA,1008.13,-5.56,2,NA
1859-12-26 21:00:00,-5.56,22.5,1008.47,-4.44,2,NA
1859-12-27,NA,NA,NA,NA,NA,NA
1859-12-27 07:00:00,-6.67,0,1001.02,-5.56,27,",sn"
1859-12-27 12:00:00,NA,0,NA,NA,NA,NA
1859-12-27 14:00:00,-6.11,NA,1003.39,-5,27,",sn"
1859-12-27 21:00:00,-6.11,0,1005.76,-4.44,27,",sn"
1859-12-28,NA,NA,NA,NA,NA,NA
1859-12-28 07:00:00,-9.44,0,1006.43,-8.89,20,",bkn"
1859-12-28 12:00:00,NA,0,NA,NA,NA,NA
1859-12-28 14:00:00,-8.89,NA,1012.53,-8.33,16,",bkn"
1859-12-28 21:00:00,-8.89,0,1015.92,-7.78,16,",bkn"
1859-12-29,NA,NA,NA,NA,NA,NA
1859-12-29 07:00:00,-10,0,1014.22,-8.89,16,",bkn"
1859-12-29 12:00:00,NA,0,NA,NA,NA,NA
1859-12-29 14:00:00,-8.89,NA,1015.92,-8.33,16,",bkn"
1859-12-29 21:00:00,-8.89,0,1019.3,-8.33,11,",bkn"
1859-12-30,NA,NA,NA,NA,NA,NA
1859-12-30 07:00:00,-11.11,45,1022.69,-10.56,2,NA
1859-12-30 12:00:00,NA,45,NA,NA,NA,NA
1859-12-30 14:00:00,-8.33,NA,1015.92,-7.78,2,",sn"
1859-12-30 21:00:00,-7.78,45,1013.21,-7.22,2,",sn"
1859-12-31,NA,NA,NA,NA,NA,NA
1859-12-31 07:00:00,-6.11,45,1014.22,-5,1,",bkn"
1859-12-31 12:00:00,NA,NA,NA,NA,NA,NA
1859-12-31 14:00:00,-3.89,NA,1010.84,-3.33,0,",br"
1859-12-31 21:00:00,-1.11,NA,1010.16,0,0,NA
1860-01-01,NA,NA,NA,NA,NA,NA
1860-01-01 07:00:00,-6.67,315,1015.92,-5.56,2,",bkn"
1860-01-01 12:00:00,NA,315,NA,NA,NA,NA
1860-01-01 14:00:00,-6.67,NA,1014.56,-5.56,5,",bkn"
1860-01-01 21:00:00,-10,315,1012.53,-9.44,5,NA
1860-01-02,NA,NA,NA,NA,NA,NA
1860-01-02 07:00:00,-11.11,315,1011.18,-10,11,NA
1860-01-02 12:00:00,NA,315,NA,NA,NA,NA
1860-01-02 14:00:00,-10,NA,1011.85,-9.44,11,NA
1860-01-02 21:00:00,-10.56,315,1014.22,-9.44,5,NA
1860-01-03,NA,NA,NA,NA,NA,NA
1860-01-03 07:00:00,-8.89,337.5,1018.29,-8.89,2,NA
1860-01-03 12:00:00,NA,315,NA,NA,NA,NA
1860-01-03 14:00:00,-8.33,NA,1021,-7.78,2,NA
1860-01-03 21:00:00,-8.33,225,1022.01,-7.22,2,NA
1860-01-04,NA,NA,NA,NA,NA,NA
1860-01-04 07:00:00,-6.67,202.5,1019.98,-5.56,2,",sn"
1860-01-04 12:00:00,NA,202.5,NA,NA,NA,NA
1860-01-04 14:00:00,-6.11,NA,1019.98,-5,2,",sn"
1860-01-04 21:00:00,-4.44,315,1019.3,-3.33,2,",bkn"
1860-01-05,NA,NA,NA,NA,NA,NA
1860-01-05 07:00:00,-5.56,0,1016.26,-4.44,11,NA
1860-01-05 12:00:00,NA,0,NA,NA,NA,NA
1860-01-05 14:00:00,-5.56,NA,1018.63,-4.44,11,NA
1860-01-05 21:00:00,-6.11,0,1022.35,-5,11,NA
1860-01-06,NA,NA,NA,NA,NA,NA
1860-01-06 07:00:00,-8.89,315,1027.43,-7.78,2,NA
1860-01-06 12:00:00,NA,315,NA,NA,NA,NA
1860-01-06 14:00:00,-5.56,NA,1028.11,-3.89,2,NA
1860-01-06 21:00:00,-4.44,247.5,1027.43,-2.78,2,NA
1860-01-07,NA,NA,NA,NA,NA,NA
1860-01-07 07:00:00,-2.22,247.5,1026.08,-1.11,2,NA
1860-01-07 12:00:00,NA,247.5,NA,NA,NA,NA
1860-01-07 14:00:00,-0.56,NA,1026.41,0.56,2,NA
1860-01-07 21:00:00,1.11,247.5,1027.09,2.22,1,NA
1860-01-08,NA,NA,NA,NA,NA,NA
1860-01-08 07:00:00,3.33,225,1015.92,4.44,2,",skc"
1860-01-08 12:00:00,NA,247.5,NA,NA,NA,NA
1860-01-08 14:00:00,4.44,NA,1013.88,6.11,2,",ra"
1860-01-08 21:00:00,4.44,NA,1014.56,6.11,0,",ra"
1860-01-09,NA,NA,NA,NA,NA,NA
1860-01-09 07:00:00,2.78,315,1016.59,4.44,2,NA
1860-01-09 12:00:00,NA,315,NA,NA,NA,NA
1860-01-09 14:00:00,3.33,NA,1022.35,3.89,2,NA
1860-01-09 21:00:00,4.44,337.5,1025.74,5.56,2,NA
1860-01-10,NA,NA,NA,NA,NA,NA
1860-01-10 07:00:00,1.11,157.5,1027.77,2.22,2,",br"
1860-01-10 12:00:00,NA,157.5,NA,NA,NA,NA
1860-01-10 14:00:00,0,NA,1027.09,1.11,2,",ra"
1860-01-10 21:00:00,0.56,157.5,1026.08,1.67,2,",ra"
1860-01-11,NA,NA,NA,NA,NA,NA
1860-01-11 07:00:00,1.11,247.5,1019.3,2.22,2,",br"
1860-01-11 12:00:00,NA,247.5,NA,NA,NA,NA
1860-01-11 14:00:00,2.22,NA,1010.5,3.33,5,",ra"
1860-01-11 21:00:00,2.22,247.5,1010.5,3.33,5,",ra"
1860-01-12,NA,NA,NA,NA,NA,NA
1860-01-12 07:00:00,-1.67,0,1015.92,0,2,",br"
1860-01-12 12:00:00,NA,22.5,NA,NA,NA,NA
1860-01-12 14:00:00,-2.78,NA,1019.3,-1.67,5,",sn"
1860-01-12 21:00:00,-2.78,22.5,1020.32,-1.67,5,",sn"
1860-01-13,NA,NA,NA,NA,NA,NA
1860-01-13 07:00:00,-6.67,337.5,1018.29,-5,5,",br"
1860-01-13 12:00:00,NA,337.5,NA,NA,NA,NA
1860-01-13 14:00:00,-5,NA,1024.38,-3.89,20,",br"
1860-01-13 21:00:00,-4.44,337.5,1024.72,-3.33,20,",br"
1860-01-14,NA,NA,NA,NA,NA,NA
1860-01-14 07:00:00,-7.22,22.5,1027.09,-6.11,5,",sn"
1860-01-14 12:00:00,NA,337.5,NA,NA,NA,NA
1860-01-14 14:00:00,-6.11,NA,1027.09,-5,1,",br"
1860-01-14 21:00:00,-3.33,337.5,1020.66,-2.22,2,",br"
1860-01-15,NA,NA,NA,NA,NA,NA
1860-01-15 07:00:00,-2.78,225,1002.71,-1.67,1,",br"
1860-01-15 12:00:00,NA,157.5,NA,NA,NA,NA
1860-01-15 14:00:00,-2.22,NA,1001.36,-1.11,2,",br"
1860-01-15 21:00:00,-1.11,22.5,1000.68,0,2,",br"
1860-01-16,NA,NA,NA,NA,NA,NA
1860-01-16 07:00:00,-0.56,315,1009.14,0.56,2,NA
1860-01-16 12:00:00,NA,292.5,NA,NA,NA,NA
1860-01-16 14:00:00,2.22,NA,1009.82,3.33,2,NA
1860-01-16 21:00:00,3.33,225,1010.5,3.89,5,NA
1860-01-17,NA,NA,NA,NA,NA,NA
1860-01-17 07:00:00,0.56,180,1005.76,1.11,1,",ra"
1860-01-17 12:00:00,NA,NA,NA,NA,NA,NA
1860-01-17 14:00:00,0.56,NA,1004.74,1.67,0,",ra"
1860-01-17 21:00:00,1.11,22.5,1001.36,2.22,2,",br"
1860-01-18,NA,NA,NA,NA,NA,NA
1860-01-18 07:00:00,-1.11,NA,1009.48,0,5,NA
1860-01-18 12:00:00,NA,NA,NA,NA,NA,NA
1860-01-18 14:00:00,-2.22,NA,1013.21,-1.11,5,NA
1860-01-18 21:00:00,-1.67,NA,1014.9,0,2,NA
1860-01-19,NA,NA,NA,NA,NA,NA
1860-01-19 07:00:00,-6.11,247.5,1013.55,-4.44,2,",br"
1860-01-19 12:00:00,NA,225,NA,NA,NA,NA
1860-01-19 14:00:00,-5.56,NA,1012.53,-3.89,2,NA
1860-01-19 21:00:00,-3.33,225,1010.5,-1.67,2,NA
1860-01-20 07:00:00,-2.78,315,1014.22,-1.11,2,",br"
1860-01-20 12:00:00,NA,NA,NA,NA,NA,NA
1860-01-20 14:00:00,-1.11,NA,1012.87,0,0,",bkn"
1860-01-20 21:00:00,-1.11,247.5,1012.87,0,2,",sn"
1860-01-21 07:00:00,-0.56,247.5,1003.05,0.56,2,NA
1860-01-21 12:00:00,NA,225,NA,NA,NA,NA
1860-01-21 14:00:00,0,NA,1001.69,1.11,2,NA
1860-01-21 21:00:00,1.11,225,1003.05,2.22,2,NA
1860-01-22 07:00:00,0.56,0,1015.92,1.67,2,NA
1860-01-22 12:00:00,NA,45,NA,NA,NA,NA
1860-01-22 14:00:00,1.11,NA,1021,2.22,2,NA
1860-01-22 21:00:00,1.67,45,1020.32,2.78,5,",br"
1860-01-23 07:00:00,-1.11,NA,1008.13,0,11,",sn"
1860-01-23 12:00:00,NA,NA,NA,NA,NA,NA
1860-01-23 14:00:00,-2.78,NA,1012.53,-1.67,20,",sn"
1860-01-23 21:00:00,-2.78,NA,1014.9,-1.67,20,",sn"
1860-01-24 07:00:00,-3.33,0,1022.69,-2.22,11,NA
1860-01-24 12:00:00,NA,0,NA,NA,NA,NA
1860-01-24 14:00:00,-1.67,NA,1022.69,-1.11,5,NA
1860-01-24 21:00:00,-1.11,NA,1022.69,0,0,NA
1860-01-25 07:00:00,0.56,247.5,1000,2.22,2,",ra"
1860-01-25 12:00:00,NA,270,NA,NA,NA,NA
1860-01-25 14:00:00,1.67,NA,996.61,2.78,1,",bkn"
1860-01-25 21:00:00,2.22,NA,994.92,3.33,0,",br"
1860-01-26 07:00:00,-6.11,0,1002.37,-5,20,NA
1860-01-26 12:00:00,NA,0,NA,NA,NA,NA
1860-01-26 14:00:00,-4.44,NA,1003.73,-3.33,20,NA
1860-01-26 21:00:00,-5,0,1004.06,-3.89,11,NA
1860-01-27 07:00:00,-6.67,315,1009.82,-5,5,NA
1860-01-27 12:00:00,NA,315,NA,NA,NA,NA
1860-01-27 14:00:00,-5.56,NA,1009.14,-3.89,2,NA
1860-01-27 21:00:00,-5.56,315,1009.14,-3.89,2,NA
1860-01-28 07:00:00,-5.56,315,1009.14,-3.89,2,NA
1860-01-28 12:00:00,NA,315,NA,NA,NA,NA
1860-01-28 14:00:00,-5,NA,1008.81,-3.89,2,NA
1860-01-28 21:00:00,-4.44,315,1008.13,-2.78,2,NA
1860-01-29 07:00:00,-5.56,0,1015.92,-4.44,2,",br"
1860-01-29 12:00:00,NA,0,NA,NA,NA,NA
1860-01-29 14:00:00,-5,NA,1019.64,-3.89,2,NA
1860-01-29 21:00:00,-5,0,1023.03,-3.89,2,NA
1860-01-30 07:00:00,-4.44,225,1019.98,-3.33,5,",br"
1860-01-30 12:00:00,NA,225,NA,NA,NA,NA
1860-01-30 14:00:00,-1.11,NA,1018.63,0,11,",ra"
1860-01-30 21:00:00,0,225,1017.61,1.11,16,",bkn"
1860-01-31 07:00:00,1.11,247.5,1015.24,2.22,5,NA
1860-01-31 12:00:00,NA,247.5,NA,NA,NA,NA
1860-01-31 14:00:00,6.11,NA,1014.9,7.78,5,NA
1860-01-31 21:00:00,5.56,247.5,1014.56,7.22,5,NA
1860-02-01 07:00:00,-4.44,0,1020.32,-3.33,20,",sn"
1860-02-01 12:00:00,NA,45,NA,NA,NA,NA
1860-02-01 14:00:00,-6.11,NA,1018.96,-5,20,",sn"
1860-02-01 21:00:00,-6.67,45,1017.27,-5.56,20,",sn"
1860-02-02 07:00:00,-11.11,22.5,1028.78,-10,16,NA
1860-02-02 12:00:00,NA,22.5,NA,NA,NA,NA
1860-02-02 14:00:00,-10.56,NA,1030.48,-8.89,16,NA
1860-02-02 21:00:00,-8.89,45,1031.83,-6.67,5,NA
1860-02-03,NA,NA,NA,NA,NA,NA
1860-02-03 07:00:00,-12.22,45,1033.86,-11.11,2,NA
1860-02-03 12:00:00,NA,45,NA,NA,NA,NA
1860-02-03 14:00:00,-9.44,NA,1033.86,-7.78,2,",skc"
1860-02-03 21:00:00,-8.89,45,1033.53,-7.22,2,",skc"
1860-02-04,NA,NA,NA,NA,NA,NA
1860-02-04 07:00:00,-10.56,45,1032.51,-9.44,2,",skc"
1860-02-04 12:00:00,NA,45,NA,NA,NA,NA
1860-02-04 14:00:00,-10,NA,1032.17,-8.89,2,NA
1860-02-04 21:00:00,-9.44,45,1031.16,-8.33,2,NA
1860-02-05,NA,NA,NA,NA,NA,NA
1860-02-05 07:00:00,-5.56,45,1032.85,-3.89,2,NA
1860-02-05 12:00:00,NA,45,NA,NA,NA,NA
1860-02-05 14:00:00,-4.44,NA,1033.86,-3.33,2,NA
1860-02-05 21:00:00,-4.44,45,1034.54,-2.78,2,NA
1860-02-06,NA,NA,NA,NA,NA,NA
1860-02-06 07:00:00,-5,157.5,1032.51,-4.44,2,",sn"
1860-02-06 12:00:00,NA,135,NA,NA,NA,NA
1860-02-06 14:00:00,-2.22,NA,1029.46,-1.67,5,",sn"
1860-02-06 21:00:00,1.67,135,1020.66,2.22,5,",ra"
1860-02-07,NA,NA,NA,NA,NA,NA
1860-02-07 07:00:00,2.22,NA,1006.43,3.33,0,",fg"
1860-02-07 12:00:00,NA,225,NA,NA,NA,NA
1860-02-07 14:00:00,3.89,NA,1005.08,5,2,NA
1860-02-07 21:00:00,4.44,270,1004.74,5.56,2,NA
1860-02-08,NA,NA,NA,NA,NA,NA
1860-02-08 07:00:00,0,315,1018.29,1.11,5,NA
1860-02-08 12:00:00,NA,315,NA,NA,NA,NA
1860-02-08 14:00:00,1.67,NA,1017.61,2.78,2,NA
1860-02-08 21:00:00,3.33,315,1017.27,4.44,2,NA
1860-02-09,NA,NA,NA,NA,NA,NA
1860-02-09 07:00:00,-1.67,292.5,1015.92,-0.56,2,NA
1860-02-09 12:00:00,NA,0,NA,NA,NA,NA
1860-02-09 14:00:00,1.11,NA,1013.21,2.22,2,NA
1860-02-09 21:00:00,1.11,22.5,1010.5,2.78,5,NA
1860-02-10,NA,NA,NA,NA,NA,NA
1860-02-10 07:00:00,0.56,135,988.83,1.67,2,",br"
1860-02-10 12:00:00,NA,135,NA,NA,NA,NA
1860-02-10 14:00:00,0,NA,987.13,1.11,5,",br"
1860-02-10 21:00:00,0,225,981.04,1.11,2,NA
1860-02-11,NA,NA,NA,NA,NA,NA
1860-02-11 07:00:00,-6.67,315,1001.02,-5.56,16,NA
1860-02-11 12:00:00,NA,315,NA,NA,NA,NA
1860-02-11 14:00:00,-6.67,NA,1004.06,-5.56,20,NA
1860-02-11 21:00:00,-6.11,337.5,1005.76,-5,11,NA
1860-02-12,NA,NA,NA,NA,NA,NA
1860-02-12 07:00:00,-8.89,315,1012.53,-7.78,2,NA
1860-02-12 12:00:00,NA,0,NA,NA,NA,NA
1860-02-12 14:00:00,-7.22,NA,1012.87,-6.67,5,NA
1860-02-12 21:00:00,-5.56,22.5,1013.21,-4.44,2,NA
1860-02-13,NA,NA,NA,NA,NA,NA
1860-02-13 07:00:00,-13.33,22.5,1017.95,-12.22,16,NA
1860-02-13 12:00:00,NA,22.5,NA,NA,NA,NA
1860-02-13 14:00:00,-6.67,NA,1016.93,-5.56,11,NA
1860-02-13 21:00:00,-6.67,22.5,1016.26,-5.56,5,NA
1860-02-14,NA,NA,NA,NA,NA,NA
1860-02-14 07:00:00,-6.67,0,1011.51,-5.56,5,",sn"
1860-02-14 12:00:00,NA,0,NA,NA,NA,NA
1860-02-14 14:00:00,-5.56,NA,1012.87,-4.44,11,",sn"
1860-02-14 21:00:00,-5,0,1014.56,-3.89,5,NA
1860-02-15,NA,NA,NA,NA,NA,NA
1860-02-15 07:00:00,-10,45,1027.43,-8.89,2,NA
1860-02-15 12:00:00,NA,0,NA,NA,NA,NA
1860-02-15 14:00:00,-9.44,NA,1027.77,-8.89,5,NA
1860-02-15 21:00:00,-8.89,0,1028.11,-7.78,5,NA
1860-02-16,NA,NA,NA,NA,NA,NA
1860-02-16 07:00:00,-10,22.5,1013.21,-9.44,5,NA
1860-02-16 12:00:00,NA,112.5,NA,NA,NA,NA
1860-02-16 14:00:00,-6.67,NA,1011.51,-6.11,11,NA
1860-02-16 21:00:00,-6.67,112.5,1011.51,-6.11,11,NA
1860-02-17,NA,NA,NA,NA,NA,NA
1860-02-17 07:00:00,-8.89,45,996.61,-7.78,20,",sn"
1860-02-17 12:00:00,NA,22.5,NA,NA,NA,NA
1860-02-17 14:00:00,-6.67,NA,992.21,-5.56,20,",sn"
1860-02-17 21:00:00,-5.56,0,990.52,-4.44,20,",sn"
1860-02-18,NA,NA,NA,NA,NA,NA
1860-02-18 07:00:00,-2.22,0,998.31,-1.67,5,",bkn"
1860-02-18 12:00:00,NA,337.5,NA,NA,NA,NA
1860-02-18 14:00:00,-2.22,NA,1002.37,-1.67,2,NA
1860-02-18 21:00:00,-1.67,315,1005.76,-1.11,2,",br"
1860-02-19,NA,NA,NA,NA,NA,NA
1860-02-19 07:00:00,1.11,225,988.15,2.22,5,",ra"
1860-02-19 12:00:00,NA,225,NA,NA,NA,NA
1860-02-19 14:00:00,2.22,NA,986.12,3.33,11,",br"
1860-02-19 21:00:00,2.22,225,989.5,3.33,11,",br"
1860-02-20,NA,NA,NA,NA,NA,NA
1860-02-20 07:00:00,-3.89,0,1010.16,-2.78,11,NA
1860-02-20 12:00:00,NA,0,NA,NA,NA,NA
1860-02-20 14:00:00,-2.78,NA,1013.21,-1.67,5,NA
1860-02-20 21:00:00,-1.67,337.5,1015.92,0,5,",skc"
1860-02-21,NA,NA,NA,NA,NA,NA
1860-02-21 07:00:00,-0.56,337.5,1020.66,0.56,2,NA
1860-02-21 12:00:00,NA,337.5,NA,NA,NA,NA
1860-02-21 14:00:00,0.56,NA,1021.67,1.67,2,NA
1860-02-21 21:00:00,2.22,292.5,1023.37,3.33,2,NA
1860-02-22,NA,NA,NA,NA,NA,NA
1860-02-22 07:00:00,-1.11,NA,1031.83,0,0,",br"
1860-02-22 12:00:00,NA,NA,NA,NA,NA,NA
1860-02-22 14:00:00,1.67,NA,1031.49,3.33,0,",br"
1860-02-22 21:00:00,2.22,225,1031.16,3.89,2,",br"
1860-02-23,NA,NA,NA,NA,NA,NA
1860-02-23 07:00:00,4.44,247.5,1008.13,5.56,5,",ra"
1860-02-23 12:00:00,NA,225,NA,NA,NA,NA
1860-02-23 14:00:00,5.56,NA,1004.74,6.67,11,",dz"
1860-02-23 21:00:00,3.33,NA,1005.76,4.44,0,NA
1860-02-24,NA,NA,NA,NA,NA,NA
1860-02-24 07:00:00,3.89,315,1007.79,5,2,NA
1860-02-24 12:00:00,NA,315,NA,NA,NA,NA
1860-02-24 14:00:00,6.11,NA,1007.45,7.22,2,NA
1860-02-24 21:00:00,7.22,315,1007.45,8.33,2,NA
1860-02-25,NA,NA,NA,NA,NA,NA
1860-02-25 07:00:00,0.56,337.5,1010.5,1.67,1,",br"
1860-02-25 12:00:00,NA,NA,NA,NA,NA,NA
1860-02-25 14:00:00,1.11,NA,1010.5,2.22,0,NA
1860-02-25 21:00:00,0,315,1011.51,1.67,2,NA
1860-02-26,NA,NA,NA,NA,NA,NA
1860-02-26 07:00:00,-4.44,315,1023.71,-3.33,2,NA
1860-02-26 12:00:00,NA,315,NA,NA,NA,NA
1860-02-26 14:00:00,-2.78,NA,1024.38,-1.67,5,NA
1860-02-26 21:00:00,-2.22,315,1027.09,-1.11,5,NA
1860-02-27,NA,NA,NA,NA,NA,NA
1860-02-27 07:00:00,-1.11,315,1031.83,0.56,5,NA
1860-02-27 12:00:00,NA,315,NA,NA,NA,NA
1860-02-27 14:00:00,-0.56,NA,1031.16,1.11,5,NA
1860-02-27 21:00:00,0,225,1030.48,2.22,5,NA
1860-02-28,NA,NA,NA,NA,NA,NA
1860-02-28 07:00:00,-1.11,337.5,1031.49,0,5,NA
1860-02-28 12:00:00,NA,0,NA,NA,NA,NA
1860-02-28 14:00:00,3.33,NA,1033.19,4.44,5,NA
1860-02-28 21:00:00,4.44,22.5,1034.2,5.56,2,NA
1860-02-29,NA,NA,NA,NA,NA,NA
1860-02-29 07:00:00,-1.67,180,1038.94,-0.56,5,",bkn"
1860-02-29 12:00:00,NA,135,NA,NA,NA,NA
1860-02-29 14:00:00,-1.11,NA,1038.94,0,11,",bkn"
1860-02-29 21:00:00,-1.11,135,1038.27,0,11,",bkn"
1860-03-01,NA,NA,NA,NA,NA,NA
1860-03-01 07:00:00,-0.56,135,1027.43,0.56,5,",ra"
1860-03-01 12:00:00,NA,202.5,NA,NA,NA,NA
1860-03-01 14:00:00,1.67,NA,1025.4,2.78,2,",ra"
1860-03-01 21:00:00,2.78,225,1022.69,3.89,2,",br"
1860-03-02,NA,NA,NA,NA,NA,NA
1860-03-02 07:00:00,3.89,225,1005.08,5,2,",ra"
1860-03-02 12:00:00,NA,247.5,NA,NA,NA,NA
1860-03-02 14:00:00,6.67,NA,1005.08,7.22,2,NA
1860-03-02 21:00:00,7.78,247.5,1004.74,8.33,2,NA
1860-03-03,NA,NA,NA,NA,NA,NA
1860-03-03 07:00:00,1.11,0,1019.64,2.22,16,NA
1860-03-03 12:00:00,NA,0,NA,NA,NA,NA
1860-03-03 14:00:00,3.33,NA,1019.98,4.44,2,NA
1860-03-03 21:00:00,3.33,0,1019.98,4.44,2,NA
1860-03-04,NA,NA,NA,NA,NA,NA
1860-03-04 07:00:00,2.78,135,1009.82,3.89,2,",ra"
1860-03-04 12:00:00,NA,225,NA,NA,NA,NA
1860-03-04 14:00:00,3.33,NA,997.63,4.44,2,NA
1860-03-04 21:00:00,5,315,997.29,6.11,5,NA
1860-03-05,NA,NA,NA,NA,NA,NA
1860-03-05 07:00:00,-1.11,315,1006.77,-0.56,16,NA
1860-03-05 12:00:00,NA,315,NA,NA,NA,NA
1860-03-05 14:00:00,-1.11,NA,1006.77,-0.56,11,NA
1860-03-05 21:00:00,-1.11,315,1006.43,0,11,NA
1860-03-06,NA,NA,NA,NA,NA,NA
1860-03-06 07:00:00,-2.78,45,1012.53,-1.11,2,",sn"
1860-03-06 12:00:00,NA,45,NA,NA,NA,NA
1860-03-06 14:00:00,-1.11,NA,1014.22,0,2,",sn"
1860-03-06 21:00:00,-1.11,22.5,1015.92,0,1,NA
1860-03-07,NA,NA,NA,NA,NA,NA
1860-03-07 07:00:00,0,0,1026.08,0,2,NA
1860-03-07 12:00:00,NA,270,NA,NA,NA,NA
1860-03-07 14:00:00,-1.11,NA,1024.72,0,5,NA
1860-03-07 21:00:00,-1.11,270,1022.69,0,5,NA
1860-03-08,NA,NA,NA,NA,NA,NA
1860-03-08 07:00:00,-1.11,225,1015.92,0,2,",sn"
1860-03-08 12:00:00,NA,225,NA,NA,NA,NA
1860-03-08 14:00:00,0,NA,1014.22,1.11,1,",bkn"
1860-03-08 21:00:00,0,225,1012.53,1.11,1,",bkn"
1860-03-09,NA,NA,NA,NA,NA,NA
1860-03-09 07:00:00,0.56,135,994.92,1.11,11,",ra"
1860-03-09 12:00:00,NA,135,NA,NA,NA,NA
1860-03-09 14:00:00,0,NA,990.86,1.11,27,",ra"
1860-03-09 21:00:00,0,135,990.86,1.11,27,",ra"
1860-03-10,NA,NA,NA,NA,NA,NA
1860-03-10 07:00:00,1.11,270,998.98,2.22,16,NA
1860-03-10 12:00:00,NA,270,NA,NA,NA,NA
1860-03-10 14:00:00,2.22,NA,1000.34,3.33,16,NA
1860-03-10 21:00:00,2.78,225,1001.36,3.89,16,NA
1860-03-11,NA,NA,NA,NA,NA,NA
1860-03-11 07:00:00,-1.67,247.5,1003.39,0,5,NA
1860-03-11 12:00:00,NA,247.5,NA,NA,NA,NA
1860-03-11 14:00:00,-1.11,NA,1007.11,0,5,NA
1860-03-11 21:00:00,0,247.5,1007.79,1.11,2,NA
1860-03-12,NA,NA,NA,NA,NA,NA
1860-03-12 07:00:00,0,247.5,1020.32,1.11,1,",br"
1860-03-12 12:00:00,NA,247.5,NA,NA,NA,NA
1860-03-12 14:00:00,2.22,NA,1021,4.44,5,NA
1860-03-12 21:00:00,3.33,247.5,1021.33,5,5,NA
1860-03-13,NA,NA,NA,NA,NA,NA
1860-03-13 07:00:00,2.22,202.5,1017.27,2.22,5,",bkn"
1860-03-13 12:00:00,NA,202.5,NA,NA,NA,NA
1860-03-13 14:00:00,2.22,NA,1017.95,3.33,2,",bkn"
1860-03-13 21:00:00,2.22,202.5,1018.63,3.33,2,",bkn"
1860-03-14,NA,NA,NA,NA,NA,NA
1860-03-14 07:00:00,2.78,202.5,1016.93,3.89,2,",bkn"
1860-03-14 12:00:00,NA,NA,NA,NA,NA,NA
1860-03-14 14:00:00,3.33,NA,1015.92,4.44,5,",bkn"
1860-03-14 21:00:00,3.89,180,1015.24,5,5,",bkn"
1860-03-15,NA,NA,NA,NA,NA,NA
1860-03-15 07:00:00,0,315,1019.3,0.56,16,NA
1860-03-15 12:00:00,NA,22.5,NA,NA,NA,NA
1860-03-15 14:00:00,0,NA,1024.72,1.11,11,NA
1860-03-15 21:00:00,0,315,1026.08,1.11,16,NA
1860-03-16,NA,NA,NA,NA,NA,NA
1860-03-16 07:00:00,-1.67,337.5,1033.86,-0.56,2,NA
1860-03-16 12:00:00,NA,315,NA,NA,NA,NA
1860-03-16 14:00:00,-1.67,NA,1034.54,0,2,NA
1860-03-16 21:00:00,-0.56,315,1034.88,0.56,2,NA
1860-03-17,NA,NA,NA,NA,NA,NA
1860-03-17 07:00:00,3.89,315,1033.86,5,2,",skc"
1860-03-17 12:00:00,NA,315,NA,NA,NA,NA
1860-03-17 14:00:00,3.89,NA,1033.86,5,2,",skc"
1860-03-17 21:00:00,2.22,315,1033.86,3.89,2,NA
1860-03-18,NA,NA,NA,NA,NA,NA
1860-03-18 07:00:00,0.56,315,1033.19,1.67,2,NA
1860-03-18 12:00:00,NA,NA,NA,NA,NA,NA
1860-03-18 14:00:00,5.56,NA,1032.85,6.67,0,",skc"
1860-03-18 21:00:00,6.67,225,1031.83,7.22,1,",skc"
1860-03-19,NA,NA,NA,NA,NA,NA
1860-03-19 07:00:00,6.67,NA,1028.78,5.56,0,NA
1860-03-19 12:00:00,NA,315,NA,NA,NA,NA
1860-03-19 14:00:00,6.67,NA,1027.09,8.89,5,NA
1860-03-19 21:00:00,4.44,315,1024.72,6.11,2,NA
1860-03-20,NA,NA,NA,NA,NA,NA
1860-03-20 07:00:00,2.78,225,1019.3,4.44,11,NA
1860-03-20 12:00:00,NA,292.5,NA,NA,NA,NA
1860-03-20 14:00:00,4.44,NA,1017.27,5.56,2,NA
1860-03-20 21:00:00,5.56,315,1015.58,6.67,2,NA
1860-03-21,NA,NA,NA,NA,NA,NA
1860-03-21 07:00:00,3.89,225,1009.14,5,2,NA
1860-03-21 12:00:00,NA,202.5,NA,NA,NA,NA
1860-03-21 14:00:00,3.89,NA,1007.79,5,11,",br"
1860-03-21 21:00:00,3.33,135,1005.42,4.44,16,",br"
1860-03-22,NA,NA,NA,NA,NA,NA
1860-03-22 07:00:00,3.89,157.5,1006.43,4.44,11,NA
1860-03-22 12:00:00,NA,135,NA,NA,NA,NA
1860-03-22 14:00:00,4.44,NA,1006.77,5.56,11,NA
1860-03-22 21:00:00,4.44,135,1005.76,5.56,2,",ra"
1860-03-23,NA,NA,NA,NA,NA,NA
1860-03-23 07:00:00,2.22,180,999.32,3.33,2,",br"
1860-03-23 12:00:00,NA,180,NA,NA,NA,NA
1860-03-23 14:00:00,2.22,NA,998.98,3.33,2,",br"
1860-03-23 21:00:00,1.67,135,998.65,3.33,2,",ra"
1860-03-24,NA,NA,NA,NA,NA,NA
1860-03-24 07:00:00,3.89,157.5,998.31,5,2,",ra"
1860-03-24 12:00:00,NA,135,NA,NA,NA,NA
1860-03-24 14:00:00,3.33,NA,998.31,4.44,2,",ra"
1860-03-24 21:00:00,2.22,135,997.63,3.33,2,",sn"
1860-03-25,NA,NA,NA,NA,NA,NA
1860-03-25 07:00:00,1.11,225,1002.37,1.67,5,",br"
1860-03-25 12:00:00,NA,225,NA,NA,NA,NA
1860-03-25 14:00:00,1.67,NA,1002.71,2.78,5,",br"
1860-03-25 21:00:00,2.22,225,1006.43,3.33,11,",br"
1860-03-26,NA,NA,NA,NA,NA,NA
1860-03-26 07:00:00,1.11,225,1012.53,2.22,2,NA
1860-03-26 12:00:00,NA,225,NA,NA,NA,NA
1860-03-26 14:00:00,2.22,NA,1012.87,3.89,1,NA
1860-03-26 21:00:00,3.33,NA,1013.55,5,0,NA
1860-03-27,NA,NA,NA,NA,NA,NA
1860-03-27 07:00:00,2.22,225,1014.56,2.78,2,NA
1860-03-27 12:00:00,NA,225,NA,NA,NA,NA
1860-03-27 14:00:00,2.22,NA,1015.24,3.33,2,NA
1860-03-27 21:00:00,3.33,247.5,1013.88,4.44,2,NA
1860-03-28,NA,NA,NA,NA,NA,NA
1860-03-28 07:00:00,4.44,315,1013.88,5.56,2,NA
1860-03-28 12:00:00,NA,315,NA,NA,NA,NA
1860-03-28 14:00:00,5.56,NA,1013.55,6.67,5,NA
1860-03-28 21:00:00,5.56,315,1012.87,6.67,11,NA
1860-03-29,NA,NA,NA,NA,NA,NA
1860-03-29 07:00:00,1.11,337.5,1006.43,2.22,5,NA
1860-03-29 12:00:00,NA,337.5,NA,NA,NA,NA
1860-03-29 14:00:00,1.11,NA,1005.76,2.22,5,NA
1860-03-29 21:00:00,2.78,337.5,1005.08,3.89,2,NA
1860-03-30 07:00:00,2.78,292.5,1012.53,1.11,5,NA
1860-03-30 12:00:00,NA,292.5,NA,NA,NA,NA
1860-03-30 14:00:00,5.56,NA,1012.53,6.67,5,NA
1860-03-30 21:00:00,6.11,292.5,1013.55,7.22,5,NA
1860-03-31 07:00:00,5,337.5,1009.14,6.11,2,NA
1860-03-31 12:00:00,NA,270,NA,NA,NA,NA
1860-03-31 14:00:00,8.89,NA,1006.77,10.56,11,NA
1860-03-31 21:00:00,9.44,270,1005.76,11.11,11,NA
1860-04-01 07:00:00,7.78,247.5,1002.37,8.33,2,",br"
1860-04-01 12:00:00,NA,225,NA,NA,NA,NA
1860-04-01 14:00:00,7.78,NA,1003.05,8.89,5,NA
1860-04-01 21:00:00,7.22,225,1001.02,8.33,5,NA
1860-04-02 07:00:00,5.56,180,999.32,6.67,5,",ra"
1860-04-02 12:00:00,NA,0,NA,NA,NA,NA
1860-04-02 14:00:00,4.44,NA,998.98,5,16,",gr"
1860-04-02 21:00:00,1.11,45,998.65,2.22,16,",sn"
1860-04-03 07:00:00,-4.44,0,1010.5,-3.33,5,NA
1860-04-03 12:00:00,NA,337.5,NA,NA,NA,NA
1860-04-03 14:00:00,-1.11,NA,1011.18,0,2,NA
1860-04-03 21:00:00,-0.56,315,1011.85,0.56,2,NA
1860-04-04 07:00:00,0,202.5,1013.55,1.11,2,",ra"
1860-04-04 12:00:00,NA,225,NA,NA,NA,NA
1860-04-04 14:00:00,1.67,NA,1012.87,2.78,2,",ra"
1860-04-04 21:00:00,2.22,225,1011.85,3.33,2,",ra"
1860-04-05 07:00:00,3.33,225,1003.73,4.44,2,",ra"
1860-04-05 12:00:00,NA,225,NA,NA,NA,NA
1860-04-05 14:00:00,4.44,NA,1000.68,5.56,2,",br"
1860-04-05 21:00:00,4.44,270,1000.34,5.56,5,",br"
1860-04-06 07:00:00,3.33,0,1012.53,4.44,2,NA
1860-04-06 12:00:00,NA,0,NA,NA,NA,NA
1860-04-06 14:00:00,3.33,NA,1012.87,4.44,5,NA
1860-04-06 21:00:00,2.78,22.5,1013.55,3.33,11,NA
1860-04-07 07:00:00,0,22.5,1021,1.11,11,NA
1860-04-07 12:00:00,NA,22.5,NA,NA,NA,NA
1860-04-07 14:00:00,0,NA,1022.35,1.11,11,NA
1860-04-07 21:00:00,0.56,45,1023.37,1.67,5,NA
1860-04-08 07:00:00,0.56,292.5,1025.74,1.67,2,NA
1860-04-08 12:00:00,NA,292.5,NA,NA,NA,NA
1860-04-08 14:00:00,4.44,NA,1026.75,5.56,2,NA
1860-04-08 21:00:00,5,337.5,1026.08,6.11,5,NA
1860-04-09 07:00:00,7.22,180,1015.92,8.33,5,",ra"
1860-04-09 12:00:00,NA,NA,NA,NA,NA,NA
1860-04-09 14:00:00,8.89,NA,1015.92,10,0,",br"
1860-04-09 21:00:00,9.44,22.5,1016.59,10,2,",br"
1860-04-10 07:00:00,1.67,45,1025.4,2.22,2,NA
1860-04-10 12:00:00,NA,45,NA,NA,NA,NA
1860-04-10 14:00:00,3.89,NA,1027.43,4.44,5,NA
1860-04-10 21:00:00,4.44,45,1026.08,5.56,11,NA
1860-04-11 07:00:00,3.89,180,1005.08,5.56,5,",ra"
1860-04-11 12:00:00,NA,90,NA,NA,NA,NA
1860-04-11 14:00:00,3.33,NA,1002.37,4.44,5,",br"
1860-04-11 21:00:00,3.33,22.5,1002.37,4.44,5,",br"
1860-04-12 07:00:00,2.22,22.5,1013.88,3.33,5,NA
1860-04-12 12:00:00,NA,22.5,NA,NA,NA,NA
1860-04-12 14:00:00,3.33,NA,1014.22,4.44,2,NA
1860-04-12 21:00:00,3.89,22.5,1014.22,4.44,2,NA
1860-04-13 07:00:00,3.89,157.5,1009.14,4.44,5,",ra"
1860-04-13 12:00:00,NA,157.5,NA,NA,NA,NA
1860-04-13 14:00:00,2.78,NA,1007.79,3.89,5,",sn"
1860-04-13 21:00:00,2.22,157.5,1008.47,3.33,5,",sn"
1860-04-14 07:00:00,2.78,0,1007.45,3.89,5,NA
1860-04-14 12:00:00,NA,315,NA,NA,NA,NA
1860-04-14 14:00:00,-2.22,NA,1007.11,-1.11,11,NA
1860-04-14 21:00:00,-2.22,315,1007.11,-1.11,11,NA
1860-04-15 07:00:00,-3.33,337.5,1006.77,-2.22,11,NA
1860-04-15 12:00:00,NA,337.5,NA,NA,NA,NA
1860-04-15 14:00:00,-3.33,NA,1007.79,-2.22,16,NA
1860-04-15 21:00:00,-3.33,337.5,1007.79,-2.22,16,NA
1860-04-16 07:00:00,-1.67,0,1023.37,0,5,",skc"
1860-04-16 12:00:00,NA,0,NA,NA,NA,NA
1860-04-16 14:00:00,3.33,NA,1024.04,5,2,",ra"
1860-04-16 21:00:00,3.33,225,1024.72,3.89,2,",br"
1860-04-17 07:00:00,2.22,135,1014.56,3.33,11,",ra"
1860-04-17 12:00:00,NA,135,NA,NA,NA,NA
1860-04-17 14:00:00,2.78,NA,1014.22,3.89,5,",ra"
1860-04-17 21:00:00,3.33,225,1011.18,4.44,2,",br"
1860-04-18 07:00:00,2.22,0,1015.24,3.33,11,",bkn"
1860-04-18 12:00:00,NA,0,NA,NA,NA,NA
1860-04-18 14:00:00,2.22,NA,1016.59,2.78,16,NA
1860-04-18 21:00:00,2.22,0,1017.61,2.78,16,NA
1860-04-19 07:00:00,0.56,0,1018.63,1.67,20,",skc"
1860-04-19 12:00:00,NA,0,NA,NA,NA,NA
1860-04-19 14:00:00,2.22,NA,1017.61,3.33,20,",skc"
1860-04-19 21:00:00,3.33,0,1014.9,4.44,20,",skc"
1860-04-20 07:00:00,2.22,0,1014.56,3.89,16,NA
1860-04-20 12:00:00,NA,45,NA,NA,NA,NA
1860-04-20 14:00:00,3.33,NA,1014.56,4.44,16,NA
1860-04-20 21:00:00,3.89,45,1014.22,5,11,NA
1860-04-21 07:00:00,3.33,22.5,1013.55,4.44,5,NA
1860-04-21 12:00:00,NA,22.5,NA,NA,NA,NA
1860-04-21 14:00:00,3.33,NA,1021,4.44,11,NA
1860-04-21 21:00:00,3.33,22.5,1014.22,4.44,11,NA
1860-04-22 07:00:00,3.89,22.5,1011.85,4.44,2,NA
1860-04-22 12:00:00,NA,22.5,NA,NA,NA,NA
1860-04-22 14:00:00,5.56,NA,1010.16,5.56,11,NA
1860-04-22 21:00:00,5.56,22.5,1009.48,6.11,11,NA
1860-04-23 07:00:00,5.56,45,992.21,6.11,2,NA
1860-04-23 12:00:00,NA,22.5,NA,NA,NA,NA
1860-04-23 14:00:00,3.33,NA,1007.79,4.44,5,NA
1860-04-23 21:00:00,2.78,22.5,1006.77,3.33,2,NA
1860-04-24 07:00:00,6.11,0,1004.06,7.22,2,NA
1860-04-24 12:00:00,NA,NA,NA,NA,NA,NA
1860-04-24 14:00:00,11.11,NA,1003.73,12.22,2,NA
1860-04-24 21:00:00,13.33,NA,1003.73,14.44,2,",skc"
1860-04-25 07:00:00,12.78,90,1005.08,12.22,2,",ra"
1860-04-25 12:00:00,NA,135,NA,NA,NA,NA
1860-04-25 14:00:00,11.11,NA,1005.76,11.67,5,",ra"
1860-04-25 21:00:00,10,202.5,1005.76,11.11,2,NA
1860-04-26 07:00:00,7.78,315,1007.11,8.89,5,NA
1860-04-26 12:00:00,NA,0,NA,NA,NA,NA
1860-04-26 14:00:00,8.33,NA,1007.79,8.89,2,NA
1860-04-26 21:00:00,6.11,22.5,1008.47,8.33,11,NA
1860-04-27 07:00:00,6.67,337.5,1016.59,7.78,2,NA
1860-04-27 12:00:00,NA,337.5,NA,NA,NA,NA
1860-04-27 14:00:00,7.78,NA,1017.95,8.33,2,NA
1860-04-27 21:00:00,8.33,337.5,1019.3,8.89,5,NA
1860-04-28 07:00:00,7.22,337.5,1025.06,6.67,5,NA
1860-04-28 12:00:00,NA,337.5,NA,NA,NA,NA
1860-04-28 14:00:00,7.78,NA,1024.72,8.89,11,NA
1860-04-28 21:00:00,7.22,22.5,1024.38,8.89,20,NA
1860-04-29 07:00:00,5.56,22.5,1029.46,6.67,11,NA
1860-04-29 12:00:00,NA,22.5,NA,NA,NA,NA
1860-04-29 14:00:00,7.78,NA,1030.14,8.89,11,NA
1860-04-29 21:00:00,7.78,22.5,1030.48,8.89,11,NA
1860-04-30 07:00:00,5.56,225,1030.82,6.11,11,",skc"
1860-04-30 12:00:00,NA,225,NA,NA,NA,NA
1860-04-30 14:00:00,6.11,NA,1028.45,7.22,5,NA
1860-04-30 21:00:00,5.56,247.5,1028.11,6.67,5,NA
1860-05-01 07:00:00,6.11,225,1028.11,7.22,2,",fg"
1860-05-01 12:00:00,NA,225,NA,NA,NA,NA
1860-05-01 14:00:00,24.44,NA,1028.45,25.56,1,NA
1860-05-01 21:00:00,23.89,225,1028.11,25,1,NA
1860-05-02 07:00:00,1.67,225,1027.43,2.22,2,NA
1860-05-02 12:00:00,NA,225,NA,NA,NA,NA
1860-05-02 14:00:00,9.44,NA,1027.09,11.67,2,NA
1860-05-02 21:00:00,11.11,225,1026.75,13.33,2,NA
1860-05-03 07:00:00,10,247.5,1024.72,11.11,5,NA
1860-05-03 12:00:00,NA,247.5,NA,NA,NA,NA
1860-05-03 14:00:00,11.11,NA,1022.69,12.22,5,NA
1860-05-03 21:00:00,12.22,270,1019.3,13.33,2,NA
1860-05-04 07:00:00,11.11,247.5,1020.66,12.22,2,NA
1860-05-04 12:00:00,NA,225,NA,NA,NA,NA
1860-05-04 14:00:00,12.22,NA,1020.32,13.33,2,NA
1860-05-04 21:00:00,12.22,202.5,1019.64,13.33,2,NA
1860-05-05 07:00:00,9.44,225,1016.93,10,2,NA
1860-05-05 12:00:00,NA,225,NA,NA,NA,NA
1860-05-05 14:00:00,11.67,NA,1015.92,12.22,2,NA
1860-05-05 21:00:00,14.44,45,1014.9,15.56,11,NA
1860-05-06 07:00:00,9.44,45,1015.58,10,11,NA
1860-05-06 12:00:00,NA,45,NA,NA,NA,NA
1860-05-06 14:00:00,9.44,NA,1015.58,10,16,NA
1860-05-06 21:00:00,8.89,22.5,1016.26,10,16,NA
1860-05-07 07:00:00,6.67,22.5,1018.63,7.78,16,NA
1860-05-07 12:00:00,NA,45,NA,NA,NA,NA
1860-05-07 14:00:00,9.44,NA,1019.3,10.56,16,NA
1860-05-07 21:00:00,8.89,45,1019.98,10,11,NA
1860-05-08 07:00:00,6.67,45,1021.33,7.78,16,NA
1860-05-08 12:00:00,NA,45,NA,NA,NA,NA
1860-05-08 14:00:00,10,NA,1021.33,11.11,11,NA
1860-05-08 21:00:00,10,45,1022.01,11.11,11,NA
1860-05-09 07:00:00,11.11,45,1022.69,12.22,11,NA
1860-05-09 12:00:00,NA,22.5,NA,NA,NA,NA
1860-05-09 14:00:00,11.67,NA,1026.08,12.78,5,NA
1860-05-09 21:00:00,12.22,45,1026.75,13.33,5,NA
1860-05-10 07:00:00,8.89,45,1029.46,10,2,NA
1860-05-10 12:00:00,NA,45,NA,NA,NA,NA
1860-05-10 14:00:00,9.44,NA,1037.25,11.11,2,NA
1860-05-10 21:00:00,8.89,202.5,1030.82,10,11,NA
1860-05-11 07:00:00,9.44,135,1030.82,9.44,2,",fg"
1860-05-11 12:00:00,NA,180,NA,NA,NA,NA
1860-05-11 14:00:00,11.67,NA,1030.82,12.78,2,",br"
1860-05-11 21:00:00,12.22,180,1029.46,12.78,2,",br"
1860-05-12 07:00:00,15.56,202.5,1026.08,16.11,2,NA
1860-05-12 12:00:00,NA,225,NA,NA,NA,NA
1860-05-12 14:00:00,18.89,NA,1024.72,21.11,2,NA
1860-05-12 21:00:00,20,270,1022.69,20.56,2,NA
1860-05-13 07:00:00,16.11,0,1017.61,17.22,5,NA
1860-05-13 12:00:00,NA,0,NA,NA,NA,NA
1860-05-13 14:00:00,16.11,NA,1017.61,17.22,5,NA
1860-05-13 21:00:00,10,0,1018.29,11.11,2,NA
1860-05-14 07:00:00,10,0,1018.29,11.11,2,NA
1860-05-14 12:00:00,NA,0,NA,NA,NA,NA
1860-05-14 14:00:00,10,NA,1018.63,11.11,2,NA
1860-05-14 21:00:00,10,22.5,1019.3,11.11,11,NA
1860-05-15 07:00:00,8.33,22.5,1020.66,9.44,5,NA
1860-05-15 12:00:00,NA,22.5,NA,NA,NA,NA
1860-05-15 14:00:00,8.33,NA,1020.66,9.44,5,NA
1860-05-15 21:00:00,8.33,22.5,1020.32,9.44,5,NA
1860-05-16 07:00:00,8.33,135,1020.66,9.44,5,NA
1860-05-16 12:00:00,NA,45,NA,NA,NA,NA
1860-05-16 14:00:00,8.33,NA,1019.98,9.44,11,NA
1860-05-16 21:00:00,7.78,45,1019.3,8.89,5,",ra"
1860-05-17 07:00:00,5.56,45,1020.32,6.67,11,NA
1860-05-17 12:00:00,NA,45,NA,NA,NA,NA
1860-05-17 14:00:00,8.89,NA,1021,10,16,NA
1860-05-17 21:00:00,9.44,45,1021.67,10,16,NA
1860-05-18 07:00:00,15,0,1022.35,15,2,NA
1860-05-18 12:00:00,NA,0,NA,NA,NA,NA
1860-05-18 14:00:00,15,NA,1022.35,15,2,NA
1860-05-18 21:00:00,14.44,NA,1019.98,15,2,NA
1860-05-19 07:00:00,11.11,202.5,1017.95,12.22,2,NA
1860-05-19 12:00:00,NA,202.5,NA,NA,NA,NA
1860-05-19 14:00:00,12.22,NA,1017.27,13.33,5,",bkn"
1860-05-19 21:00:00,12.22,202.5,1016.59,13.33,5,",ra"
1860-05-20 07:00:00,10.56,247.5,1001.36,16.67,1,",bkn"
1860-05-20 12:00:00,NA,247.5,NA,NA,NA,NA
1860-05-20 14:00:00,14.44,NA,1001.36,15.56,2,NA
1860-05-20 21:00:00,13.33,270,1001.02,14.44,2,NA
1860-05-21 07:00:00,10,315,1018.96,11.11,5,NA
1860-05-21 12:00:00,NA,292.5,NA,NA,NA,NA
1860-05-21 14:00:00,8.89,NA,1021,10,11,NA
1860-05-21 21:00:00,7.22,292.5,1019.3,8.33,11,NA
1860-05-22 07:00:00,8.33,NA,1020.32,9.44,0,",bkn"
1860-05-22 12:00:00,NA,225,NA,NA,NA,NA
1860-05-22 14:00:00,11.11,NA,1019.98,12.22,2,NA
1860-05-22 21:00:00,11.11,225,1019.3,12.22,2,NA
1860-05-23 07:00:00,10,202.5,1020.32,10.56,5,NA
1860-05-23 12:00:00,NA,202.5,NA,NA,NA,NA
1860-05-23 14:00:00,11.11,NA,1019.3,12.22,11,NA
1860-05-23 21:00:00,10,157.5,1018.63,11.11,2,NA
1860-05-24 07:00:00,8.33,22.5,1014.56,9.44,5,NA
1860-05-24 12:00:00,NA,22.5,NA,NA,NA,NA
1860-05-24 14:00:00,10,NA,1015.24,11.11,2,NA
1860-05-24 21:00:00,6.11,22.5,1016.59,7.22,2,NA
1860-05-25,NA,NA,NA,NA,NA,NA
1860-05-25 07:00:00,10,22.5,1017.27,11.11,11,NA
1860-05-25 12:00:00,NA,22.5,NA,NA,NA,NA
1860-05-25 14:00:00,14.44,NA,1015.92,15.56,11,NA
1860-05-25 21:00:00,13.89,22.5,1015.92,15,11,NA
1860-05-26,NA,NA,NA,NA,NA,NA
1860-05-26 07:00:00,8.89,22.5,1017.95,10,16,NA
1860-05-26 12:00:00,NA,0,NA,NA,NA,NA
1860-05-26 14:00:00,9.44,NA,1017.27,10.56,16,NA
1860-05-26 21:00:00,10,0,1016.93,11.11,16,NA
1860-05-27,NA,NA,NA,NA,NA,NA
1860-05-27 07:00:00,7.22,45,1017.95,8.89,5,NA
1860-05-27 12:00:00,NA,22.5,NA,NA,NA,NA
1860-05-27 14:00:00,11.67,NA,1017.27,12.78,11,NA
1860-05-27 21:00:00,12.22,22.5,1016.93,13.33,5,NA
1860-05-28,NA,NA,NA,NA,NA,NA
1860-05-28 07:00:00,8.89,NA,1016.59,10,0,",skc"
1860-05-28 12:00:00,NA,225,NA,NA,NA,NA
1860-05-28 14:00:00,13.33,NA,1016.59,14.44,2,NA
1860-05-28 21:00:00,13.33,225,1016.59,14.44,2,NA
1860-05-29,NA,NA,NA,NA,NA,NA
1860-05-29 07:00:00,11.11,45,1019.3,12.78,1,NA
1860-05-29 12:00:00,NA,45,NA,NA,NA,NA
1860-05-29 14:00:00,13.89,NA,1020.66,15,2,NA
1860-05-29 21:00:00,14.44,225,1022.69,15.56,2,NA
1860-05-30,NA,NA,NA,NA,NA,NA
1860-05-30 07:00:00,11.67,225,1025.4,12.78,2,",fg"
1860-05-30 12:00:00,NA,225,NA,NA,NA,NA
1860-05-30 14:00:00,11.67,NA,1025.06,12.78,2,",br"
1860-05-30 21:00:00,9.44,225,1024.38,10.56,5,",br"
1860-05-31,NA,NA,NA,NA,NA,NA
1860-05-31 07:00:00,6.67,180,1023.71,7.78,2,",br"
1860-05-31 12:00:00,NA,180,NA,NA,NA,NA
1860-05-31 14:00:00,7.78,NA,1022.35,8.89,5,",br"
1860-05-31 21:00:00,7.78,180,1022.01,8.89,5,",ra"
1860-06-01,NA,NA,NA,NA,NA,NA
1860-06-01 07:00:00,7.78,180,1015.92,8.89,5,",fg"
1860-06-01 12:00:00,NA,180,NA,NA,NA,NA
1860-06-01 14:00:00,7.78,NA,1013.88,8.89,2,",fg"
1860-06-01 21:00:00,7.78,180,1012.53,8.89,2,",fg"
1860-06-02,NA,NA,NA,NA,NA,NA
1860-06-02 07:00:00,10,202.5,1010.16,11.11,2,",ra"
1860-06-02 12:00:00,NA,202.5,NA,NA,NA,NA
1860-06-02 14:00:00,10.56,NA,1009.14,11.67,1,",ra"
1860-06-02 21:00:00,10.56,202.5,1008.47,11.67,1,",ra"
1860-06-03,NA,NA,NA,NA,NA,NA
1860-06-03 07:00:00,10,NA,1007.11,11.11,0,",fg"
1860-06-03 12:00:00,NA,135,NA,NA,NA,NA
1860-06-03 14:00:00,11.11,NA,1006.77,11.67,2,",br"
1860-06-03 21:00:00,11.11,45,1005.76,12.22,2,",br"
1860-06-04,NA,NA,NA,NA,NA,NA
1860-06-04 07:00:00,12.78,22.5,1006.43,13.89,2,NA
1860-06-04 12:00:00,NA,22.5,NA,NA,NA,NA
1860-06-04 14:00:00,12.78,NA,1006.43,13.89,2,NA
1860-06-04 21:00:00,13.33,0,1007.11,14.44,2,NA
1860-06-05,NA,NA,NA,NA,NA,NA
1860-06-05 07:00:00,12.22,NA,1008.47,13.33,0,",br"
1860-06-05 12:00:00,NA,NA,NA,NA,NA,NA
1860-06-05 14:00:00,12.22,NA,1008.47,13.33,0,",br"
1860-06-05 21:00:00,12.78,135,1009.14,13.33,2,",br"
1860-06-06,NA,NA,NA,NA,NA,NA
1860-06-06 07:00:00,9.44,135,1006.43,11.11,2,",br"
1860-06-06 12:00:00,NA,157.5,NA,NA,NA,NA
1860-06-06 14:00:00,11.11,NA,1004.4,12.22,2,",br"
1860-06-06 21:00:00,13.33,180,1002.37,14.44,2,",br"
1860-06-07,NA,NA,NA,NA,NA,NA
1860-06-07 07:00:00,11.11,202.5,1002.71,12.22,2,",br"
1860-06-07 12:00:00,NA,202.5,NA,NA,NA,NA
1860-06-07 14:00:00,11.11,NA,1003.39,12.22,2,",br"
1860-06-07 21:00:00,11.11,270,1004.06,12.22,2,NA
1860-06-08,NA,NA,NA,NA,NA,NA
1860-06-08 07:00:00,10,180,1005.42,11.11,2,",br"
1860-06-08 12:00:00,NA,225,NA,NA,NA,NA
1860-06-08 14:00:00,11.11,NA,1006.43,12.78,2,NA
1860-06-08 21:00:00,11.67,225,1007.11,12.78,1,",br"
1860-06-09,NA,NA,NA,NA,NA,NA
1860-06-09 07:00:00,10,135,1006.43,11.11,5,",ra"
1860-06-09 12:00:00,NA,135,NA,NA,NA,NA
1860-06-09 14:00:00,10.56,NA,1005.76,11.67,11,",ra"
1860-06-09 21:00:00,10,135,1005.08,11.11,16,",ra"
1860-06-10,NA,NA,NA,NA,NA,NA
1860-06-10 07:00:00,10,135,1003.39,10.56,20,",ra"
1860-06-10 12:00:00,NA,135,NA,NA,NA,NA
1860-06-10 14:00:00,10,NA,1002.37,10.56,11,",ra"
1860-06-10 21:00:00,10,135,999.32,10.56,5,",ra"
1860-06-11,NA,NA,NA,NA,NA,NA
1860-06-11 07:00:00,11.11,135,997.63,12.22,5,",ra"
1860-06-11 12:00:00,NA,135,NA,NA,NA,NA
1860-06-11 14:00:00,11.11,NA,997.97,12.22,2,",ra"
1860-06-11 21:00:00,11.11,135,998.98,12.22,5,",ra"
1860-06-12,NA,NA,NA,NA,NA,NA
1860-06-12 07:00:00,12.22,135,1001.02,13.33,5,",ra"
1860-06-12 12:00:00,NA,157.5,NA,NA,NA,NA
1860-06-12 14:00:00,15,NA,1003.05,16.11,5,",ra"
1860-06-12 21:00:00,15,157.5,1003.73,16.11,5,",ra"
1860-06-13,NA,NA,NA,NA,NA,NA
1860-06-13 07:00:00,15,180,1006.1,16.11,5,",br"
1860-06-13 12:00:00,NA,180,NA,NA,NA,NA
1860-06-13 14:00:00,15,NA,1007.45,16.67,11,",br"
1860-06-13 21:00:00,15,180,1009.14,16.67,11,",br"
1860-06-14,NA,NA,NA,NA,NA,NA
1860-06-14 07:00:00,20.56,225,1013.88,22.22,2,",br"
1860-06-14 12:00:00,NA,247.5,NA,NA,NA,NA
1860-06-14 14:00:00,20.56,NA,1015.92,20.56,2,NA
1860-06-14 21:00:00,18.89,270,1019.3,20,2,NA
1860-06-15,NA,NA,NA,NA,NA,NA
1860-06-15 07:00:00,18.33,315,1021.33,19.44,2,NA
1860-06-15 12:00:00,NA,315,NA,NA,NA,NA
1860-06-15 14:00:00,17.78,NA,1021.67,18.33,2,NA
1860-06-15 21:00:00,18.89,315,1022.35,19.44,2,NA
1860-06-16,NA,NA,NA,NA,NA,NA
1860-06-16 07:00:00,17.78,22.5,1024.04,18.89,2,",ra"
1860-06-16 12:00:00,NA,22.5,NA,NA,NA,NA
1860-06-16 14:00:00,17.78,NA,1024.04,18.89,2,",ra"
1860-06-16 21:00:00,17.78,22.5,1023.71,18.89,2,",br"
1860-06-17,NA,NA,NA,NA,NA,NA
1860-06-17 07:00:00,16.67,337.5,1021.33,17.22,5,NA
1860-06-17 12:00:00,NA,337.5,NA,NA,NA,NA
1860-06-17 14:00:00,17.22,NA,1020.66,17.78,2,NA
1860-06-17 21:00:00,17.22,315,1019.98,18.33,1,NA
1860-06-18,NA,NA,NA,NA,NA,NA
1860-06-18 07:00:00,17.22,315,1015.92,17.78,1,NA
1860-06-18 12:00:00,NA,337.5,NA,NA,NA,NA
1860-06-18 14:00:00,19.44,NA,1015.24,20.56,2,NA
1860-06-18 21:00:00,18.33,337.5,1014.9,19.44,2,NA
1860-06-19,NA,NA,NA,NA,NA,NA
1860-06-19 07:00:00,18.33,0,1014.56,19.44,5,NA
1860-06-19 12:00:00,NA,0,NA,NA,NA,NA
1860-06-19 14:00:00,17.78,NA,1014.56,18.89,2,",br"
1860-06-19 21:00:00,17.78,0,1014.56,18.89,2,",br"
1860-06-20,NA,NA,NA,NA,NA,NA
1860-06-20 07:00:00,16.11,0,1015.92,16.67,2,NA
1860-06-20 12:00:00,NA,0,NA,NA,NA,NA
1860-06-20 14:00:00,14.44,NA,1016.26,14.44,2,NA
1860-06-20 21:00:00,12.78,0,1016.93,13.33,2,NA
1860-06-21,NA,NA,NA,NA,NA,NA
1860-06-21 07:00:00,13.33,45,1021.67,15,11,NA
1860-06-21 12:00:00,NA,45,NA,NA,NA,NA
1860-06-21 14:00:00,15.56,NA,1021.33,16.67,5,NA
1860-06-21 21:00:00,15.56,45,1021.33,16.67,5,NA
1860-06-22,NA,NA,NA,NA,NA,NA
1860-06-22 07:00:00,14.44,45,1020.66,15,2,NA
1860-06-22 12:00:00,NA,22.5,NA,NA,NA,NA
1860-06-22 14:00:00,15,NA,1019.98,15.56,2,NA
1860-06-22 21:00:00,15.56,22.5,1019.64,16.67,2,NA
1860-06-23,NA,NA,NA,NA,NA,NA
1860-06-23 07:00:00,16.11,157.5,1018.63,17.22,2,NA
1860-06-23 12:00:00,NA,157.5,NA,NA,NA,NA
1860-06-23 14:00:00,16.67,NA,1019.3,17.22,2,NA
1860-06-23 21:00:00,16.67,157.5,1019.3,17.22,2,NA
1860-06-24,NA,NA,NA,NA,NA,NA
1860-06-24 07:00:00,18.33,135,1023.37,18.89,5,",br"
1860-06-24 12:00:00,NA,225,NA,NA,NA,NA
1860-06-24 14:00:00,20,NA,1032.85,18.89,2,NA
1860-06-24 21:00:00,19.44,225,1030.48,20,2,NA
1860-06-25,NA,NA,NA,NA,NA,NA
1860-06-25 07:00:00,17.78,225,1024.04,18.89,2,NA
1860-06-25 12:00:00,NA,202.5,NA,NA,NA,NA
1860-06-25 14:00:00,16.67,NA,1022.69,17.22,2,NA
1860-06-25 21:00:00,16.11,202.5,1021,16.67,2,NA
1860-06-26,NA,NA,NA,NA,NA,NA
1860-06-26 07:00:00,14.44,202.5,1018.63,15.56,2,NA
1860-06-26 12:00:00,NA,22.5,NA,NA,NA,NA
1860-06-26 14:00:00,15,NA,1017.61,15.56,2,",br"
1860-06-26 21:00:00,15,22.5,1016.93,15.56,2,",br"
1860-06-27,NA,NA,NA,NA,NA,NA
1860-06-27 07:00:00,16.67,0,1014.9,17.78,2,",ra"
1860-06-27 12:00:00,NA,NA,NA,NA,NA,NA
1860-06-27 14:00:00,18.33,NA,1012.53,19.44,2,",br"
1860-06-27 21:00:00,18.89,NA,1012.53,20,2,",br"
1860-06-28,NA,NA,NA,NA,NA,NA
1860-06-28 07:00:00,21.11,315,1013.88,22.22,2,NA
1860-06-28 12:00:00,NA,315,NA,NA,NA,NA
1860-06-28 14:00:00,21.67,NA,1013.21,22.78,2,NA
1860-06-28 21:00:00,21.67,315,1012.53,22.78,2,",skc"
1860-06-29,NA,NA,NA,NA,NA,NA
1860-06-29 07:00:00,19.44,315,1011.18,20.56,1,NA
1860-06-29 12:00:00,NA,NA,NA,NA,NA,NA
1860-06-29 14:00:00,18.89,NA,1010.5,19.44,0,NA
1860-06-29 21:00:00,22.22,292.5,1008.47,23.33,1,NA
1860-06-30,NA,NA,NA,NA,NA,NA
1860-06-30 07:00:00,16.67,315,1003.73,17.78,2,NA
1860-06-30 12:00:00,NA,247.5,NA,NA,NA,NA
1860-06-30 14:00:00,17.22,NA,1004.74,18.33,1,",ra"
1860-06-30 21:00:00,17.78,315,1005.76,18.33,2,",br"
1860-07-01,NA,NA,NA,NA,NA,NA
1860-07-01 07:00:00,19.44,0,1010.84,20,2,NA
1860-07-01 12:00:00,NA,0,NA,NA,NA,NA
1860-07-01 14:00:00,20,NA,1012.53,20,5,NA
1860-07-01 21:00:00,21.11,0,1014.56,21.67,5,NA
1860-07-02,NA,NA,NA,NA,NA,NA
1860-07-02 07:00:00,17.78,22.5,1017.95,18.89,5,NA
1860-07-02 12:00:00,NA,22.5,NA,NA,NA,NA
1860-07-02 14:00:00,19.44,NA,1018.29,20,5,NA
1860-07-02 21:00:00,20,22.5,1018.63,20.56,5,NA
1860-07-03,NA,NA,NA,NA,NA,NA
1860-07-03 07:00:00,20,45,1019.3,21.11,1,NA
1860-07-03 12:00:00,NA,45,NA,NA,NA,NA
1860-07-03 14:00:00,21.11,NA,1019.3,22.22,2,NA
1860-07-03 21:00:00,20,45,1019.3,21.11,2,NA
1860-07-04,NA,NA,NA,NA,NA,NA
1860-07-04 07:00:00,15,22.5,1019.64,15.56,5,",bkn"
1860-07-04 12:00:00,NA,22.5,NA,NA,NA,NA
1860-07-04 14:00:00,16.67,NA,1019.3,17.22,5,",bkn"
1860-07-04 21:00:00,15.56,45,1018.63,16.11,11,NA
1860-07-05,NA,NA,NA,NA,NA,NA
1860-07-05 07:00:00,14.44,0,1012.87,15,11,NA
1860-07-05 12:00:00,NA,22.5,NA,NA,NA,NA
1860-07-05 14:00:00,16.67,NA,1010.84,17.22,5,NA
1860-07-05 21:00:00,17.22,22.5,1009.14,17.78,5,NA
1860-07-06,NA,NA,NA,NA,NA,NA
1860-07-06 07:00:00,17.78,225,1014.22,18.33,11,NA
1860-07-06 12:00:00,NA,202.5,NA,NA,NA,NA
1860-07-06 14:00:00,20.56,NA,1017.95,21.11,5,NA
1860-07-06 21:00:00,20,225,1018.96,21.11,5,NA
1860-07-07,NA,NA,NA,NA,NA,NA
1860-07-07 07:00:00,18.89,135,1103.96,18.89,5,",skc"
1860-07-07 12:00:00,NA,225,NA,NA,NA,NA
1860-07-07 14:00:00,20.56,NA,1118.19,21.11,11,",skc"
1860-07-07 21:00:00,21.11,315,1144.6,21.67,11,",skc"
1860-07-08,NA,NA,NA,NA,NA,NA
1860-07-08 07:00:00,16.67,315,1134.44,17.22,2,",bkn"
1860-07-08 12:00:00,NA,225,NA,NA,NA,NA
1860-07-08 14:00:00,17.78,NA,1117.51,18.89,5,",br"
1860-07-08 21:00:00,17.78,202.5,1021,18.89,11,",ra"
1860-07-09,NA,NA,NA,NA,NA,NA
1860-07-09 07:00:00,16.67,225,1019.3,17.22,2,",ra"
1860-07-09 12:00:00,NA,225,NA,NA,NA,NA
1860-07-09 14:00:00,18.33,NA,1018.63,19.44,2,NA
1860-07-09 21:00:00,18.89,225,1017.61,20,2,",ra"
1860-07-10,NA,NA,NA,NA,NA,NA
1860-07-10 07:00:00,20.56,247.5,1015.92,20.56,2,NA
1860-07-10 12:00:00,NA,247.5,NA,NA,NA,NA
1860-07-10 14:00:00,22.78,NA,1013.55,23.33,2,NA
1860-07-10 21:00:00,23.33,247.5,1014.22,23.89,2,",br"
1860-07-11,NA,NA,NA,NA,NA,NA
1860-07-11 07:00:00,20,292.5,1014.22,20,2,NA
1860-07-11 12:00:00,NA,292.5,NA,NA,NA,NA
1860-07-11 14:00:00,21.11,NA,1012.53,21.11,5,NA
1860-07-11 21:00:00,21.11,292.5,1012.53,21.67,11,NA
1860-07-12,NA,NA,NA,NA,NA,NA
1860-07-12 07:00:00,15.56,337.5,1049.78,16.11,5,NA
1860-07-12 12:00:00,NA,337.5,NA,NA,NA,NA
1860-07-12 14:00:00,17.78,NA,1049.78,18.33,5,NA
1860-07-12 21:00:00,19.44,337.5,1049.78,20,2,NA
1860-07-13,NA,NA,NA,NA,NA,NA
1860-07-13 07:00:00,18.33,225,1117.51,18.89,5,",br"
1860-07-13 12:00:00,NA,202.5,NA,NA,NA,NA
1860-07-13 14:00:00,20,NA,1127.67,20.56,2,",br"
1860-07-13 21:00:00,20,202.5,1127.67,21.67,1,",br"
1860-07-14,NA,NA,NA,NA,NA,NA
1860-07-14 07:00:00,16.11,315,1083.64,16.67,1,",br"
1860-07-14 12:00:00,NA,202.5,NA,NA,NA,NA
1860-07-14 14:00:00,18.89,NA,1093.8,19.44,2,NA
1860-07-14 21:00:00,20,247.5,1083.64,21.11,5,NA
1860-07-15,NA,NA,NA,NA,NA,NA
1860-07-15 07:00:00,18.33,225,1092.11,18.89,2,NA
1860-07-15 12:00:00,NA,225,NA,NA,NA,NA
1860-07-15 14:00:00,18.89,NA,1092.79,20,2,NA
1860-07-15 21:00:00,18.33,225,1083.64,19.44,2,NA
1860-07-16,NA,NA,NA,NA,NA,NA
1860-07-16 07:00:00,17.78,157.5,1076.87,17.78,2,NA
1860-07-16 12:00:00,NA,225,NA,NA,NA,NA
1860-07-16 14:00:00,20,NA,1070.1,21.11,2,NA
1860-07-16 21:00:00,20,225,1056.55,21.11,5,NA
1860-07-17,NA,NA,NA,NA,NA,NA
1860-07-17 07:00:00,17.78,247.5,992.21,18.33,2,",br"
1860-07-17 12:00:00,NA,247.5,NA,NA,NA,NA
1860-07-17 14:00:00,21.11,NA,1002.37,22.22,2,NA
1860-07-17 21:00:00,22.78,247.5,1015.92,23.33,2,NA
1860-07-18,NA,NA,NA,NA,NA,NA
1860-07-18 07:00:00,20,315,1117.51,19.44,2,NA
1860-07-18 12:00:00,NA,315,NA,NA,NA,NA
1860-07-18 14:00:00,21.67,NA,1127.67,22.78,2,",skc"
1860-07-18 21:00:00,22.22,292.5,1127.67,23.33,2,",skc"
1860-07-19 07:00:00,16.11,225,1137.83,16.67,2,NA
1860-07-19 12:00:00,NA,225,NA,NA,NA,NA
1860-07-19 14:00:00,20,NA,1117.51,20.56,2,NA
1860-07-19 21:00:00,21.11,225,1100.58,21.67,5,NA
1860-07-20 07:00:00,19.44,270,1032.85,20,1,NA
1860-07-20 12:00:00,NA,292.5,NA,NA,NA,NA
1860-07-20 14:00:00,21.67,NA,1039.62,22.22,1,NA
1860-07-20 21:00:00,22.22,112.5,1039.62,22.78,1,NA
1860-07-21 07:00:00,17.78,112.5,1015.92,18.33,1,",br"
1860-07-21 12:00:00,NA,202.5,NA,NA,NA,NA
1860-07-21 14:00:00,20,NA,1011.18,20.56,2,NA
1860-07-21 21:00:00,19.44,202.5,1010.16,20.56,2,NA
1860-07-22 07:00:00,16.67,22.5,1010.16,17.78,5,NA
1860-07-22 12:00:00,NA,0,NA,NA,NA,NA
1860-07-22 14:00:00,18.33,NA,1012.53,17.78,5,NA
1860-07-22 21:00:00,18.33,22.5,1013.21,18.89,11,NA
1860-07-23 07:00:00,17.22,112.5,1019.3,17.78,2,",skc"
1860-07-23 12:00:00,NA,225,NA,NA,NA,NA
1860-07-23 14:00:00,19.44,NA,1017.27,20,5,NA
1860-07-23 21:00:00,17.78,225,1015.92,18.89,5,NA
1860-07-24 07:00:00,18.33,292.5,1014.56,18.89,5,NA
1860-07-24 12:00:00,NA,292.5,NA,NA,NA,NA
1860-07-24 14:00:00,18.33,NA,1016.93,19.44,2,NA
1860-07-24 21:00:00,20,315,1017.61,20.56,2,NA
1860-07-25 07:00:00,15.56,315,1023.71,16.11,2,",skc"
1860-07-25 12:00:00,NA,225,NA,NA,NA,NA
1860-07-25 14:00:00,20,NA,1025.4,21.11,2,NA
1860-07-25 21:00:00,21.11,225,1026.08,22.22,2,NA
1860-07-26 07:00:00,16.67,135,1028.11,16.67,2,",skc"
1860-07-26 12:00:00,NA,225,NA,NA,NA,NA
1860-07-26 14:00:00,21.11,NA,1026.08,21.67,2,NA
1860-07-26 21:00:00,21.11,225,1026.08,21.67,5,NA
1860-07-27 07:00:00,16.67,247.5,1015.92,17.22,2,",br"
1860-07-27 12:00:00,NA,225,NA,NA,NA,NA
1860-07-27 14:00:00,18.89,NA,1014.56,18.89,2,NA
1860-07-27 21:00:00,20,292.5,1015.92,21.11,2,NA
1860-07-28 07:00:00,15.56,0,1024.72,15.56,2,",skc"
1860-07-28 12:00:00,NA,0,NA,NA,NA,NA
1860-07-28 14:00:00,18.33,NA,1025.4,18.89,2,NA
1860-07-28 21:00:00,18.33,0,1025.4,18.89,2,NA
1860-07-29 07:00:00,18.89,315,1025.74,19.44,2,NA
1860-07-29 12:00:00,NA,337.5,NA,NA,NA,NA
1860-07-29 14:00:00,19.44,NA,1025.74,20,2,NA
1860-07-29 21:00:00,20.56,337.5,1025.4,20,2,NA
1860-07-30 07:00:00,17.78,315,1025.06,18.89,2,NA
1860-07-30 12:00:00,NA,315,NA,NA,NA,NA
1860-07-30 14:00:00,18.89,NA,1024.72,18.89,2,NA
1860-07-30 21:00:00,20,337.5,1024.38,19.44,1,NA
1860-07-31 07:00:00,15.56,NA,1024.38,16.11,0,",bkn"
1860-07-31 12:00:00,NA,270,NA,NA,NA,NA
1860-07-31 14:00:00,20,NA,1025.4,19.44,1,",missing"
1860-07-31 21:00:00,20,270,1026.08,20,1,",missing"
1860-08-01 07:00:00,18.89,337.5,1026.08,19.44,2,NA
1860-08-01 12:00:00,NA,112.5,NA,NA,NA,NA
1860-08-01 14:00:00,19.44,NA,1026.08,20.56,2,NA
1860-08-01 21:00:00,20.56,292.5,1026.41,21.67,2,NA
1860-08-02 07:00:00,20.56,135,1028.11,21.11,2,NA
1860-08-02 12:00:00,NA,225,NA,NA,NA,NA
1860-08-02 14:00:00,21.11,NA,1028.45,22.22,2,NA
1860-08-02 21:00:00,21.11,225,1028.78,22.22,2,NA
1860-08-03 07:00:00,18.89,180,1029.46,18.89,2,NA
1860-08-03 12:00:00,NA,180,NA,NA,NA,NA
1860-08-03 14:00:00,19.44,NA,1029.12,18.89,2,NA
1860-08-03 21:00:00,18.89,180,1028.78,18.89,2,NA
1860-08-04 07:00:00,17.78,225,1027.09,18.89,2,NA
1860-08-04 12:00:00,NA,225,NA,NA,NA,NA
1860-08-04 14:00:00,20,NA,1023.71,21.11,5,NA
1860-08-04 21:00:00,16.67,225,1022.35,17.78,2,",fg"
1860-08-05 07:00:00,16.67,NA,1015.58,17.78,0,",br"
1860-08-05 12:00:00,NA,NA,NA,NA,NA,NA
1860-08-05 14:00:00,17.78,NA,1014.9,18.89,0,NA
1860-08-05 21:00:00,17.78,NA,1014.9,18.89,0,NA
1860-08-06 07:00:00,18.33,22.5,1022.69,18.89,2,NA
1860-08-06 12:00:00,NA,337.5,NA,NA,NA,NA
1860-08-06 14:00:00,18.89,NA,1021,19.44,5,NA
1860-08-06 21:00:00,19.44,337.5,1021.33,20,5,NA
1860-08-07 07:00:00,17.22,22.5,1021.33,17.78,1,NA
1860-08-07 12:00:00,NA,135,NA,NA,NA,NA
1860-08-07 14:00:00,20.56,NA,1021.33,21.11,2,NA
1860-08-07 21:00:00,21.11,157.5,1021.33,21.67,2,NA
1860-08-08 07:00:00,16.67,157.5,1021.33,17.22,2,NA
1860-08-08 12:00:00,NA,157.5,NA,NA,NA,NA
1860-08-08 14:00:00,17.78,NA,1021.33,18.33,2,NA
1860-08-08 21:00:00,17.78,157.5,1021,18.33,2,NA
1860-08-09 07:00:00,17.22,180,1020.66,17.78,2,NA
1860-08-09 12:00:00,NA,180,NA,NA,NA,NA
1860-08-09 14:00:00,18.89,NA,1019.98,19.44,2,NA
1860-08-09 21:00:00,18.89,202.5,1019.98,19.44,2,NA
1860-08-10 07:00:00,18.89,225,1023.03,18.89,2,NA
1860-08-10 12:00:00,NA,180,NA,NA,NA,NA
1860-08-10 14:00:00,21.11,NA,1022.69,22.22,2,NA
1860-08-10 21:00:00,21.11,180,1024.38,21.67,2,NA
1860-08-11 07:00:00,19.44,180,1025.06,20,2,",br"
1860-08-11 12:00:00,NA,247.5,NA,NA,NA,NA
1860-08-11 14:00:00,21.11,NA,1022.69,21.67,5,NA
1860-08-11 21:00:00,21.11,247.5,1023.37,21.67,5,",br"
1860-08-12 07:00:00,20,225,1024.04,21.67,2,",ra"
1860-08-12 12:00:00,NA,NA,NA,NA,NA,NA
1860-08-12 14:00:00,20,NA,1024.38,21.11,0,",br"
1860-08-12 21:00:00,20,NA,1025.06,20.56,0,",br"
1860-08-13 07:00:00,18.33,225,1029.46,18.89,1,",br"
1860-08-13 12:00:00,NA,202.5,NA,NA,NA,NA
1860-08-13 14:00:00,20.56,NA,1028.11,21.11,1,",br"
1860-08-13 21:00:00,20.56,202.5,1028.11,21.11,1,",br"
1860-08-14 07:00:00,21.67,225,1029.46,22.22,2,NA
1860-08-14 12:00:00,NA,225,NA,NA,NA,NA
1860-08-14 14:00:00,23.33,NA,1029.46,23.89,2,NA
1860-08-14 21:00:00,23.89,225,1029.46,24.44,2,NA
1860-08-15 07:00:00,21.67,180,1024.72,22.22,5,NA
1860-08-15 12:00:00,NA,180,NA,NA,NA,NA
1860-08-15 14:00:00,22.22,NA,1024.38,22.78,5,NA
1860-08-15 21:00:00,23.33,180,1023.71,24.44,5,NA
1860-08-16 07:00:00,17.78,337.5,1023.37,18.33,2,NA
1860-08-16 12:00:00,NA,315,NA,NA,NA,NA
1860-08-16 14:00:00,19.44,NA,1023.03,20,2,",skc"
1860-08-16 21:00:00,20.56,315,1023.71,21.11,5,NA
1860-08-17 07:00:00,18.33,157.5,1023.37,18.89,2,NA
1860-08-17 12:00:00,NA,157.5,NA,NA,NA,NA
1860-08-17 14:00:00,20.56,NA,1023.71,21.11,2,NA
1860-08-17 21:00:00,21.11,157.5,1023.71,22.22,2,NA
1860-08-18 07:00:00,18.89,202.5,1020.32,19.44,2,NA
1860-08-18 12:00:00,NA,225,NA,NA,NA,NA
1860-08-18 14:00:00,22.22,NA,1019.3,23.33,2,NA
1860-08-18 21:00:00,22.22,225,1019.98,22.78,2,NA
1860-08-19 07:00:00,21.67,135,1021,22.22,2,",br"
1860-08-19 12:00:00,NA,112.5,NA,NA,NA,NA
1860-08-19 14:00:00,21.67,NA,1021,22.78,2,",br"
1860-08-19 21:00:00,21.67,112.5,1021.33,22.78,2,",br"
1860-08-20 07:00:00,16.11,67.5,1029.46,16.67,1,",br"
1860-08-20 12:00:00,NA,45,NA,NA,NA,NA
1860-08-20 14:00:00,16.67,NA,1029.46,17.22,1,",br"
1860-08-20 21:00:00,17.22,45,1029.46,17.78,1,",br"
1860-08-21 07:00:00,17.78,270,1030.14,18.33,1,NA
1860-08-21 12:00:00,NA,225,NA,NA,NA,NA
1860-08-21 14:00:00,20.56,NA,1030.14,21.11,1,NA
1860-08-21 21:00:00,20.56,225,1030.14,21.11,1,NA
1860-08-22 07:00:00,20,225,1027.43,20.56,2,NA
1860-08-22 12:00:00,NA,225,NA,NA,NA,NA
1860-08-22 14:00:00,21.11,NA,1027.43,22.22,2,NA
1860-08-22 21:00:00,23.33,225,1027.43,23.89,2,NA
1860-08-23 07:00:00,18.89,225,1026.08,20,2,",br"
1860-08-23 12:00:00,NA,157.5,NA,NA,NA,NA
1860-08-23 14:00:00,21.11,NA,1026.08,22.22,5,",br"
1860-08-23 21:00:00,21.11,157.5,1026.08,22.22,5,",br"
1860-08-24 07:00:00,18.89,157.5,1026.08,20,2,NA
1860-08-24 12:00:00,NA,157.5,NA,NA,NA,NA
1860-08-24 14:00:00,22.22,NA,1024.04,22.78,2,NA
1860-08-24 21:00:00,22.22,157.5,1023.37,23.33,2,NA
1860-08-25 07:00:00,20,157.5,1019.3,21.11,2,",br"
1860-08-25 12:00:00,NA,157.5,NA,NA,NA,NA
1860-08-25 14:00:00,21.11,NA,1017.61,22.22,2,",br"
1860-08-25 21:00:00,22.22,157.5,1012.53,23.33,5,",br"
1860-08-26 07:00:00,18.89,225,1013.88,20,5,NA
1860-08-26 12:00:00,NA,225,NA,NA,NA,NA
1860-08-26 14:00:00,20.56,NA,1014.56,21.11,5,NA
1860-08-26 21:00:00,21.11,225,1014.56,21.67,5,NA
1860-08-27 07:00:00,18.89,270,1021.67,19.44,1,NA
1860-08-27 12:00:00,NA,270,NA,NA,NA,NA
1860-08-27 14:00:00,21.11,NA,1021.67,22.22,2,NA
1860-08-27 21:00:00,23.89,270,1021.67,24.44,2,NA
1860-08-28 07:00:00,18.89,225,1022.01,19.44,2,NA
1860-08-28 12:00:00,NA,225,NA,NA,NA,NA
1860-08-28 14:00:00,22.22,NA,1021.33,22.78,2,NA
1860-08-28 21:00:00,22.22,225,1021,22.78,2,NA
1860-08-29 07:00:00,18.89,202.5,1017.95,19.44,2,",ra"
1860-08-29 12:00:00,NA,202.5,NA,NA,NA,NA
1860-08-29 14:00:00,18.89,NA,1015.92,19.44,2,",ra"
1860-08-29 21:00:00,18.89,202.5,1014.9,19.44,2,",ra"
1860-08-30,NA,NA,NA,NA,NA,NA
1860-08-30 07:00:00,17.78,315,1015.92,18.33,2,NA
1860-08-30 12:00:00,NA,315,NA,NA,NA,NA
1860-08-30 14:00:00,20,NA,1015.92,20.56,2,NA
1860-08-30 21:00:00,21.11,315,1015.92,22.22,2,NA
1860-08-31,NA,NA,NA,NA,NA,NA
1860-08-31 07:00:00,17.78,225,1015.92,18.33,5,NA
1860-08-31 12:00:00,NA,225,NA,NA,NA,NA
1860-08-31 14:00:00,21.11,NA,1014.22,21.67,5,NA
1860-08-31 21:00:00,22.22,225,1013.55,23.33,5,NA
1860-09-01,NA,NA,NA,NA,NA,NA
1860-09-01 07:00:00,17.78,225,1014.9,18.33,2,",ra"
1860-09-01 12:00:00,NA,225,NA,NA,NA,NA
1860-09-01 14:00:00,18.33,NA,1014.9,18.89,2,NA
1860-09-01 21:00:00,20,225,1014.9,21.11,2,NA
1860-09-02,NA,NA,NA,NA,NA,NA
1860-09-02 07:00:00,18.89,0,1014.9,19.44,5,NA
1860-09-02 12:00:00,NA,0,NA,NA,NA,NA
1860-09-02 14:00:00,16.67,NA,1015.58,18.89,5,NA
1860-09-02 21:00:00,14.44,0,1020.66,15,11,NA
1860-09-03,NA,NA,NA,NA,NA,NA
1860-09-03 07:00:00,12.22,0,1022.69,13.89,5,NA
1860-09-03 12:00:00,NA,0,NA,NA,NA,NA
1860-09-03 14:00:00,16.11,NA,1026.41,16.67,2,NA
1860-09-03 21:00:00,16.67,0,1026.75,17.78,5,NA
1860-09-04,NA,NA,NA,NA,NA,NA
1860-09-04 07:00:00,14.44,0,1032.85,15.56,2,NA
1860-09-04 12:00:00,NA,0,NA,NA,NA,NA
1860-09-04 14:00:00,18.33,NA,1032.17,18.89,2,NA
1860-09-04 21:00:00,18.89,0,1030.48,20,2,NA
1860-09-05,NA,NA,NA,NA,NA,NA
1860-09-05 07:00:00,15,247.5,1028.78,16.11,2,NA
1860-09-05 12:00:00,NA,247.5,NA,NA,NA,NA
1860-09-05 14:00:00,16.67,NA,1026.75,17.22,2,NA
1860-09-05 21:00:00,16.67,247.5,1025.06,17.22,2,NA
1860-09-06,NA,NA,NA,NA,NA,NA
1860-09-06 07:00:00,16.67,247.5,1025.06,17.22,2,",br"
1860-09-06 12:00:00,NA,247.5,NA,NA,NA,NA
1860-09-06 14:00:00,18.33,NA,1024.38,18.89,5,NA
1860-09-06 21:00:00,20,247.5,1024.04,20.56,5,NA
1860-09-07,NA,NA,NA,NA,NA,NA
1860-09-07 07:00:00,18.33,247.5,1023.71,19.44,2,NA
1860-09-07 12:00:00,NA,247.5,NA,NA,NA,NA
1860-09-07 14:00:00,18.33,NA,1023.71,19.44,2,NA
1860-09-07 21:00:00,21.11,247.5,1023.71,22.22,2,NA
1860-09-08,NA,NA,NA,NA,NA,NA
1860-09-08 07:00:00,17.78,225,1019.98,18.33,2,",br"
1860-09-08 12:00:00,NA,225,NA,NA,NA,NA
1860-09-08 14:00:00,17.78,NA,1019.98,18.33,2,",ra"
1860-09-08 21:00:00,16.67,225,1019.98,17.22,2,",ra"
1860-09-09,NA,NA,NA,NA,NA,NA
1860-09-09 07:00:00,12.78,22.5,1018.29,13.89,5,",ra"
1860-09-09 12:00:00,NA,22.5,NA,NA,NA,NA
1860-09-09 14:00:00,12.78,NA,1017.95,13.89,2,",ra"
1860-09-09 21:00:00,12.78,22.5,1017.27,13.89,2,",br"
1860-09-10,NA,NA,NA,NA,NA,NA
1860-09-10 07:00:00,13.89,0,1017.61,14.44,5,NA
1860-09-10 12:00:00,NA,0,NA,NA,NA,NA
1860-09-10 14:00:00,16.67,NA,1017.61,17.78,2,NA
1860-09-10 21:00:00,17.78,0,1017.61,18.89,2,NA
1860-09-11,NA,NA,NA,NA,NA,NA
1860-09-11 07:00:00,15.56,292.5,1019.3,15.56,2,NA
1860-09-11 12:00:00,NA,247.5,NA,NA,NA,NA
1860-09-11 14:00:00,17.78,NA,1019.3,18.89,5,NA
1860-09-11 21:00:00,17.78,247.5,1019.98,18.89,5,NA
1860-09-12,NA,NA,NA,NA,NA,NA
1860-09-12 07:00:00,16.67,135,1020.32,17.22,2,NA
1860-09-12 12:00:00,NA,135,NA,NA,NA,NA
1860-09-12 14:00:00,16.67,NA,1019.3,17.22,2,NA
1860-09-12 21:00:00,16.67,135,1014.22,17.22,5,",ra"
1860-09-13 07:00:00,13.33,315,1004.06,14.44,2,",ra"
1860-09-13 12:00:00,NA,292.5,NA,NA,NA,NA
1860-09-13 14:00:00,15.56,NA,1004.06,16.67,5,NA
1860-09-13 21:00:00,16.67,292.5,1005.76,17.78,5,NA
1860-09-14 07:00:00,14.44,337.5,1021.67,15,5,NA
1860-09-14 12:00:00,NA,337.5,NA,NA,NA,NA
1860-09-14 14:00:00,16.67,NA,1023.37,17.78,5,NA
1860-09-14 21:00:00,17.22,337.5,1026.08,18.33,5,NA
1860-09-15 07:00:00,13.89,292.5,1033.86,14.44,2,NA
1860-09-15 12:00:00,NA,292.5,NA,NA,NA,NA
1860-09-15 14:00:00,19.44,NA,1033.86,20.56,5,NA
1860-09-15 21:00:00,20.56,292.5,1032.17,21.67,2,NA
1860-09-16 07:00:00,17.78,247.5,1030.82,18.33,5,",skc"
1860-09-16 12:00:00,NA,247.5,NA,NA,NA,NA
1860-09-16 14:00:00,19.44,NA,1031.16,20.56,2,",skc"
1860-09-16 21:00:00,21.11,247.5,1031.49,22.22,2,",skc"
1860-09-17 07:00:00,17.78,225,1024.72,18.33,2,NA
1860-09-17 12:00:00,NA,225,NA,NA,NA,NA
1860-09-17 14:00:00,20,NA,1022.69,21.11,5,NA
1860-09-17 21:00:00,22.22,225,1022.69,23.89,5,NA
1860-09-18 07:00:00,17.78,315,1021,18.33,2,NA
1860-09-18 12:00:00,NA,315,NA,NA,NA,NA
1860-09-18 14:00:00,20,NA,1022.01,21.11,5,NA
1860-09-18 21:00:00,22.22,315,1022.01,22.78,2,NA
1860-09-19 07:00:00,17.22,270,1029.46,17.78,5,NA
1860-09-19 12:00:00,NA,180,NA,NA,NA,NA
1860-09-19 14:00:00,20,NA,1029.46,21.11,2,NA
1860-09-19 21:00:00,22.22,180,1029.8,23.33,2,NA
1860-09-20 07:00:00,18.89,157.5,1029.46,20,2,NA
1860-09-20 12:00:00,NA,157.5,NA,NA,NA,NA
1860-09-20 14:00:00,19.44,NA,1027.77,20.56,2,NA
1860-09-20 21:00:00,19.44,157.5,1027.77,20.56,2,NA
1860-09-21 07:00:00,20,180,1019.3,20.56,5,",ra"
1860-09-21 12:00:00,NA,180,NA,NA,NA,NA
1860-09-21 14:00:00,20.56,NA,1015.92,21.11,5,",br"
1860-09-21 21:00:00,20.56,180,1012.53,21.11,5,",br"
1860-09-22 07:00:00,16.67,0,1026.08,17.22,2,NA
1860-09-22 12:00:00,NA,0,NA,NA,NA,NA
1860-09-22 14:00:00,18.89,NA,1027.09,20,2,NA
1860-09-22 21:00:00,18.89,270,1027.09,20,5,NA
1860-09-23 07:00:00,15.56,247.5,1025.4,16.67,5,",skc"
1860-09-23 12:00:00,NA,247.5,NA,NA,NA,NA
1860-09-23 14:00:00,18.89,NA,1025.4,20,5,",skc"
1860-09-23 21:00:00,18.89,247.5,1025.4,20,5,",skc"
1860-09-24 07:00:00,15,135,1030.14,15.56,5,NA
1860-09-24 12:00:00,NA,135,NA,NA,NA,NA
1860-09-24 14:00:00,16.11,NA,1029.46,16.67,5,NA
1860-09-24 21:00:00,16.67,135,1029.46,17.78,5,NA
1860-09-25 07:00:00,15,135,1022.69,15.56,2,NA
1860-09-25 12:00:00,NA,135,NA,NA,NA,NA
1860-09-25 14:00:00,16.67,NA,1020.66,17.78,5,NA
1860-09-25 21:00:00,17.78,225,1019.3,18.89,5,NA
1860-09-26 07:00:00,16.67,225,1010.16,17.78,5,NA
1860-09-26 12:00:00,NA,225,NA,NA,NA,NA
1860-09-26 14:00:00,17.78,NA,1010.16,18.89,5,NA
1860-09-26 21:00:00,17.78,225,1010.16,18.89,11,NA
1860-09-27,NA,NA,NA,NA,NA,NA
1860-09-27 07:00:00,12.22,315,1020.32,12.78,11,NA
1860-09-27 12:00:00,NA,315,NA,NA,NA,NA
1860-09-27 14:00:00,12.78,NA,1020.32,13.89,5,NA
1860-09-27 21:00:00,12.78,315,1020.32,13.89,5,NA
1860-09-28,NA,NA,NA,NA,NA,NA
1860-09-28 07:00:00,10,135,1022.69,11.11,5,NA
1860-09-28 12:00:00,NA,135,NA,NA,NA,NA
1860-09-28 14:00:00,12.22,NA,1019.3,13.33,2,NA
1860-09-28 21:00:00,12.22,135,1019.3,13.33,2,NA
1860-09-29,NA,NA,NA,NA,NA,NA
1860-09-29 07:00:00,9.44,315,1021.33,10,5,NA
1860-09-29 12:00:00,NA,315,NA,NA,NA,NA
1860-09-29 14:00:00,10,NA,1022.69,11.11,5,NA
1860-09-29 21:00:00,10,315,1022.69,11.11,5,NA
1860-09-30,NA,NA,NA,NA,NA,NA
1860-09-30 07:00:00,7.78,315,1026.08,8.89,5,NA
1860-09-30 12:00:00,NA,337.5,NA,NA,NA,NA
1860-09-30 14:00:00,8.89,NA,1027.77,9.44,5,NA
1860-09-30 21:00:00,10,337.5,1027.77,11.11,5,NA
1860-10-01,NA,NA,NA,NA,NA,NA
1860-10-01 07:00:00,9.44,315,1036.24,10,2,NA
1860-10-01 12:00:00,NA,112.5,NA,NA,NA,NA
1860-10-01 14:00:00,10,NA,1036.24,11.67,2,NA
1860-10-01 21:00:00,11.11,225,1034.88,12.22,5,NA
1860-10-02,NA,NA,NA,NA,NA,NA
1860-10-02 07:00:00,8.89,157.5,1024.38,10,5,",ra"
1860-10-02 12:00:00,NA,225,NA,NA,NA,NA
1860-10-02 14:00:00,11.11,NA,1017.61,12.22,5,",br"
1860-10-02 21:00:00,11.67,225,1017.95,12.78,2,NA
1860-10-03,NA,NA,NA,NA,NA,NA
1860-10-03 07:00:00,11.67,0,1024.38,12.22,2,NA
1860-10-03 12:00:00,NA,0,NA,NA,NA,NA
1860-10-03 14:00:00,12.22,NA,1025.4,12.78,2,NA
1860-10-03 21:00:00,12.22,0,1026.08,13.33,2,NA
1860-10-04,NA,NA,NA,NA,NA,NA
1860-10-04 07:00:00,10,292.5,1032.85,11.11,2,NA
1860-10-04 12:00:00,NA,202.5,NA,NA,NA,NA
1860-10-04 14:00:00,11.11,NA,1032.85,12.22,2,NA
1860-10-04 21:00:00,12.22,202.5,1032.85,13.33,2,NA
1860-10-05,NA,NA,NA,NA,NA,NA
1860-10-05 07:00:00,8.89,135,1024.72,10,2,NA
1860-10-05 12:00:00,NA,135,NA,NA,NA,NA
1860-10-05 14:00:00,10,NA,1022.69,11.11,2,",ra"
1860-10-05 21:00:00,10,135,1021.67,11.11,2,",br"
1860-10-06,NA,NA,NA,NA,NA,NA
1860-10-06 07:00:00,10.56,315,1005.76,11.67,5,NA
1860-10-06 12:00:00,NA,315,NA,NA,NA,NA
1860-10-06 14:00:00,10,NA,1004.06,11.11,5,NA
1860-10-06 21:00:00,9.44,315,1003.73,9.44,5,NA
1860-10-07,NA,NA,NA,NA,NA,NA
1860-10-07 07:00:00,7.22,315,999.66,8.33,20,",ra"
1860-10-07 12:00:00,NA,315,NA,NA,NA,NA
1860-10-07 14:00:00,6.67,NA,999.32,7.78,20,",ra"
1860-10-07 21:00:00,6.67,0,998.98,7.78,20,",ra"
1860-10-08,NA,NA,NA,NA,NA,NA
1860-10-08 07:00:00,6.11,337.5,997.63,6.67,5,",br"
1860-10-08 12:00:00,NA,315,NA,NA,NA,NA
1860-10-08 14:00:00,8.89,NA,995.26,9.44,2,",ra"
1860-10-08 21:00:00,10,315,1002.37,11.11,2,",br"
1860-10-09,NA,NA,NA,NA,NA,NA
1860-10-09 07:00:00,7.22,337.5,996.28,8.33,2,",br"
1860-10-09 12:00:00,NA,315,NA,NA,NA,NA
1860-10-09 14:00:00,8.33,NA,1002.37,9.44,11,NA
1860-10-09 21:00:00,10,315,1011.51,9.44,5,NA
1860-10-10,NA,NA,NA,NA,NA,NA
1860-10-10 07:00:00,8.33,315,1013.21,8.89,2,NA
1860-10-10 12:00:00,NA,315,NA,NA,NA,NA
1860-10-10 14:00:00,9.44,NA,1018.63,10.56,5,NA
1860-10-10 21:00:00,11.11,270,1019.3,12.22,2,NA
1860-10-11,NA,NA,NA,NA,NA,NA
1860-10-11 07:00:00,11.11,202.5,1024.72,12.22,5,NA
1860-10-11 12:00:00,NA,202.5,NA,NA,NA,NA
1860-10-11 14:00:00,15.56,NA,1024.72,16.67,5,NA
1860-10-11 21:00:00,15.56,202.5,1022.69,16.67,5,NA
1860-10-12,NA,NA,NA,NA,NA,NA
1860-10-12 07:00:00,13.33,180,1017.61,14.44,2,",ra"
1860-10-12 12:00:00,NA,225,NA,NA,NA,NA
1860-10-12 14:00:00,13.89,NA,1016.93,15,2,",ra"
1860-10-12 21:00:00,13.89,225,1016.93,15,2,",br"
1860-10-13,NA,NA,NA,NA,NA,NA
1860-10-13 07:00:00,9.44,247.5,1020.66,10.56,2,NA
1860-10-13 12:00:00,NA,270,NA,NA,NA,NA
1860-10-13 14:00:00,11.11,NA,1022.69,12.78,2,NA
1860-10-13 21:00:00,10.56,270,1024.04,11.67,2,NA
1860-10-14,NA,NA,NA,NA,NA,NA
1860-10-14 07:00:00,10,270,1030.82,11.67,2,NA
1860-10-14 12:00:00,NA,270,NA,NA,NA,NA
1860-10-14 14:00:00,11.11,NA,1030.82,12.78,2,NA
1860-10-14 21:00:00,11.67,247.5,1032.17,12.78,2,NA
1860-10-15,NA,NA,NA,NA,NA,NA
1860-10-15 07:00:00,15.56,135,1021.67,16.11,20,",ra"
1860-10-15 12:00:00,NA,135,NA,NA,NA,NA
1860-10-15 14:00:00,13.33,NA,1020.66,11.67,20,",ra"
1860-10-15 21:00:00,9.44,135,1020.66,11.11,20,",ra"
1860-10-16,NA,NA,NA,NA,NA,NA
1860-10-16 07:00:00,7.78,135,1019.64,8.33,11,",br"
1860-10-16 12:00:00,NA,45,NA,NA,NA,NA
1860-10-16 14:00:00,8.89,NA,1019.3,10,2,",bkn"
1860-10-16 21:00:00,9.44,45,1019.98,10,2,",bkn"
1860-10-17,NA,NA,NA,NA,NA,NA
1860-10-17 07:00:00,8.89,315,1023.37,10,2,NA
1860-10-17 12:00:00,NA,315,NA,NA,NA,NA
1860-10-17 14:00:00,10.56,NA,1024.04,11.11,2,NA
1860-10-17 21:00:00,10.56,315,1024.72,11.67,2,NA
1860-10-18,NA,NA,NA,NA,NA,NA
1860-10-18 07:00:00,8.33,315,1030.14,8.89,1,NA
1860-10-18 12:00:00,NA,315,NA,NA,NA,NA
1860-10-18 14:00:00,12.22,NA,1032.85,13.33,1,NA
1860-10-18 21:00:00,11.11,315,1032.17,11.67,1,NA
1860-10-19,NA,NA,NA,NA,NA,NA
1860-10-19 07:00:00,4.44,NA,1025.06,5.56,0,NA
1860-10-19 12:00:00,NA,225,NA,NA,NA,NA
1860-10-19 14:00:00,13.33,NA,1024.04,15,2,NA
1860-10-19 21:00:00,15,225,1024.04,16.67,5,NA
1860-10-20,NA,NA,NA,NA,NA,NA
1860-10-20 07:00:00,8.89,22.5,1026.75,9.44,5,NA
1860-10-20 12:00:00,NA,45,NA,NA,NA,NA
1860-10-20 14:00:00,10.56,NA,1029.46,11.67,5,NA
1860-10-20 21:00:00,11.11,45,1034.2,11.11,5,NA
1860-10-21,NA,NA,NA,NA,NA,NA
1860-10-21 07:00:00,8.89,22.5,1030.82,9.44,2,NA
1860-10-21 12:00:00,NA,NA,NA,NA,NA,NA
1860-10-21 14:00:00,12.22,NA,1028.11,12.78,5,NA
1860-10-21 21:00:00,11.67,NA,1027.43,12.22,5,NA
1860-10-22,NA,NA,NA,NA,NA,NA
1860-10-22 07:00:00,10.56,315,1023.71,11.67,2,NA
1860-10-22 12:00:00,NA,112.5,NA,NA,NA,NA
1860-10-22 14:00:00,12.22,NA,1024.38,13.33,2,NA
1860-10-22 21:00:00,13.33,112.5,1025.06,14.44,2,NA
1860-10-23,NA,NA,NA,NA,NA,NA
1860-10-23 07:00:00,8.33,112.5,1026.08,9.44,2,NA
1860-10-23 12:00:00,NA,112.5,NA,NA,NA,NA
1860-10-23 14:00:00,8.89,NA,1024.38,10,2,NA
1860-10-23 21:00:00,8.89,112.5,1023.71,10.56,2,NA
1860-10-24,NA,NA,NA,NA,NA,NA
1860-10-24 07:00:00,10,157.5,1023.37,11.11,2,",ra"
1860-10-24 12:00:00,NA,225,NA,NA,NA,NA
1860-10-24 14:00:00,13.33,NA,1023.71,14.44,2,",ra"
1860-10-24 21:00:00,13.89,247.5,1023.71,14.44,2,",ra"
1860-10-25 07:00:00,10,270,1023.71,10.56,2,",br"
1860-10-25 12:00:00,NA,270,NA,NA,NA,NA
1860-10-25 14:00:00,13.89,NA,1024.04,14.44,2,NA
1860-10-25 21:00:00,14.44,315,1024.38,15.56,2,NA
1860-10-26 07:00:00,10,315,1026.75,11.11,2,",br"
1860-10-26 12:00:00,NA,315,NA,NA,NA,NA
1860-10-26 14:00:00,10,NA,1025.06,11.11,2,",br"
1860-10-26 21:00:00,10,315,1022.69,11.11,1,",br"
1860-10-27 07:00:00,10,315,1016.93,11.11,5,NA
1860-10-27 12:00:00,NA,22.5,NA,NA,NA,NA
1860-10-27 14:00:00,10,NA,1020.66,11.11,11,",br"
1860-10-27 21:00:00,7.78,22.5,1023.71,8.89,11,NA
1860-10-28 07:00:00,4.44,22.5,1036.24,5.56,11,NA
1860-10-28 12:00:00,NA,22.5,NA,NA,NA,NA
1860-10-28 14:00:00,6.11,NA,1039.62,6.11,11,NA
1860-10-28 21:00:00,6.11,45,1040.64,6.67,2,NA
1860-10-29 07:00:00,3.33,112.5,1041.65,4.44,2,NA
1860-10-29 12:00:00,NA,225,NA,NA,NA,NA
1860-10-29 14:00:00,5.56,NA,1039.62,6.67,2,NA
1860-10-29 21:00:00,7.78,202.5,1037.25,8.89,2,NA
1860-10-30 07:00:00,10,270,1031.83,11.11,2,NA
1860-10-30 12:00:00,NA,0,NA,NA,NA,NA
1860-10-30 14:00:00,14.44,NA,1031.83,15.56,2,NA
1860-10-30 21:00:00,15,0,1032.51,15.56,1,NA
1860-10-31 07:00:00,13.33,0,1034.2,14.44,1,",br"
1860-10-31 12:00:00,NA,292.5,NA,NA,NA,NA
1860-10-31 14:00:00,14.44,NA,1035.56,15.56,2,NA
1860-10-31 21:00:00,15.56,225,1035.56,16.67,2,NA
1860-11-01 07:00:00,11.11,NA,1036.24,12.22,0,NA
1860-11-01 12:00:00,NA,315,NA,NA,NA,NA
1860-11-01 14:00:00,18.89,NA,1035.9,20,2,NA
1860-11-01 21:00:00,17.78,315,1036.24,18.89,2,NA
1860-11-02 07:00:00,12.78,315,1038.61,13.89,2,NA
1860-11-02 12:00:00,NA,292.5,NA,NA,NA,NA
1860-11-02 14:00:00,12.78,NA,1037.59,13.89,2,NA
1860-11-02 21:00:00,12.78,292.5,1037.59,13.89,2,NA
1860-11-03 07:00:00,8.33,247.5,1035.22,8.89,1,NA
1860-11-03 12:00:00,NA,225,NA,NA,NA,NA
1860-11-03 14:00:00,9.44,NA,1032.85,10.56,2,NA
1860-11-03 21:00:00,8.89,225,1031.16,10,11,NA
1860-11-04 07:00:00,9.44,247.5,1023.37,10,2,NA
1860-11-04 12:00:00,NA,202.5,NA,NA,NA,NA
1860-11-04 14:00:00,11.67,NA,1022.01,12.78,11,NA
1860-11-04 21:00:00,11.11,202.5,1021.33,10.56,5,NA
1860-11-05 07:00:00,10.56,225,1018.96,10,2,",br"
1860-11-05 12:00:00,NA,315,NA,NA,NA,NA
1860-11-05 14:00:00,15,NA,1018.96,15.56,2,NA
1860-11-05 21:00:00,15,315,1018.96,15.56,2,NA
1860-11-06 07:00:00,9.44,315,1020.66,8.89,1,NA
1860-11-06 12:00:00,NA,270,NA,NA,NA,NA
1860-11-06 14:00:00,11.11,NA,1021.67,12.78,2,NA
1860-11-06 21:00:00,12.22,225,1021.33,13.33,2,NA
1860-11-07 07:00:00,12.22,180,1016.59,12.78,2,NA
1860-11-07 12:00:00,NA,180,NA,NA,NA,NA
1860-11-07 14:00:00,11.67,NA,1016.59,12.78,2,NA
1860-11-07 21:00:00,11.11,157.5,1016.59,12.22,2,",br"
1860-11-08,NA,NA,NA,NA,NA,NA
1860-11-08 07:00:00,8.33,22.5,999.66,9.44,16,",ra"
1860-11-08 12:00:00,NA,22.5,NA,NA,NA,NA
1860-11-08 14:00:00,8.33,NA,999.32,9.44,16,",ra"
1860-11-08 21:00:00,8.89,45,997.97,9.44,11,",ra"
1860-11-09,NA,NA,NA,NA,NA,NA
1860-11-09 07:00:00,6.11,22.5,1003.39,6.67,11,",ra"
1860-11-09 12:00:00,NA,45,NA,NA,NA,NA
1860-11-09 14:00:00,6.11,NA,1007.79,6.67,5,",ra"
1860-11-09 21:00:00,7.78,45,1011.85,6.11,11,",ra"
1860-11-10,NA,NA,NA,NA,NA,NA
1860-11-10 07:00:00,7.22,45,1002.37,7.22,2,",br"
1860-11-10 12:00:00,NA,22.5,NA,NA,NA,NA
1860-11-10 14:00:00,7.78,NA,997.63,7.22,2,",br"
1860-11-10 21:00:00,7.78,22.5,997.63,7.22,2,",fg"
1860-11-11,NA,NA,NA,NA,NA,NA
1860-11-11 07:00:00,7.78,90,998.98,7.22,2,",br"
1860-11-11 12:00:00,NA,135,NA,NA,NA,NA
1860-11-11 14:00:00,8.89,NA,999.66,8.33,2,",br"
1860-11-11 21:00:00,10,112.5,1000.34,11.11,2,",br"
1860-11-12,NA,NA,NA,NA,NA,NA
1860-11-12 07:00:00,7.78,22.5,1005.76,8.89,2,",bkn"
1860-11-12 12:00:00,NA,45,NA,NA,NA,NA
1860-11-12 14:00:00,9.44,NA,1010.84,10.56,2,",bkn"
1860-11-12 21:00:00,10,45,1015.24,11.11,2,",bkn"
1860-11-13,NA,NA,NA,NA,NA,NA
1860-11-13 07:00:00,6.67,45,1017.61,7.78,20,",bkn"
1860-11-13 12:00:00,NA,45,NA,NA,NA,NA
1860-11-13 14:00:00,7.22,NA,1015.58,7.78,20,",bkn"
1860-11-13 21:00:00,7.22,45,1013.88,7.78,20,",ra"
1860-11-14,NA,NA,NA,NA,NA,NA
1860-11-14 07:00:00,6.11,22.5,1007.79,7.22,16,",bkn"
1860-11-14 12:00:00,NA,22.5,NA,NA,NA,NA
1860-11-14 14:00:00,7.78,NA,1008.47,8.89,16,",bkn"
1860-11-14 21:00:00,7.78,22.5,1009.14,8.89,20,",bkn"
1860-11-15,NA,NA,NA,NA,NA,NA
1860-11-15 07:00:00,5.56,NA,1013.88,6.67,16,",bkn"
1860-11-15 12:00:00,NA,45,NA,NA,NA,NA
1860-11-15 14:00:00,6.67,NA,1013.21,8.33,16,",bkn"
1860-11-15 21:00:00,7.22,45,1013.21,8.33,16,",bkn"
1860-11-16,NA,NA,NA,NA,NA,NA
1860-11-16 07:00:00,5,0,1016.93,6.11,5,NA
1860-11-16 12:00:00,NA,22.5,NA,NA,NA,NA
1860-11-16 14:00:00,5,NA,1016.93,6.11,16,NA
1860-11-16 21:00:00,4.44,22.5,1016.93,5.56,11,NA
1860-11-17,NA,NA,NA,NA,NA,NA
1860-11-17 07:00:00,1.11,22.5,1016.93,2.22,5,NA
1860-11-17 12:00:00,NA,0,NA,NA,NA,NA
1860-11-17 14:00:00,4.44,NA,1014.56,5.56,5,NA
1860-11-17 21:00:00,3.33,22.5,1013.55,4.44,5,NA
1860-11-18,NA,NA,NA,NA,NA,NA
1860-11-18 07:00:00,-0.56,22.5,1012.19,0.56,2,NA
1860-11-18 12:00:00,NA,67.5,NA,NA,NA,NA
1860-11-18 14:00:00,0.56,NA,1011.18,2.22,2,NA
1860-11-18 21:00:00,1.67,67.5,1009.14,2.78,2,",ra"
1860-11-19,NA,NA,NA,NA,NA,NA
1860-11-19 07:00:00,5,22.5,1003.73,6.11,2,",bkn"
1860-11-19 12:00:00,NA,0,NA,NA,NA,NA
1860-11-19 14:00:00,7.22,NA,1004.4,7.78,2,",br"
1860-11-19 21:00:00,7.22,315,1004.4,7.78,2,NA
1860-11-20,NA,NA,NA,NA,NA,NA
1860-11-20 07:00:00,6.67,225,1004.74,7.78,2,",ra"
1860-11-20 12:00:00,NA,225,NA,NA,NA,NA
1860-11-20 14:00:00,6.67,NA,1003.39,7.78,2,",ra"
1860-11-20 21:00:00,6.67,225,1002.71,7.78,2,NA
1860-11-21,NA,NA,NA,NA,NA,NA
1860-11-21 07:00:00,3.33,247.5,1005.76,4.44,2,NA
1860-11-21 12:00:00,NA,292.5,NA,NA,NA,NA
1860-11-21 14:00:00,5,NA,1006.43,6.11,2,",br"
1860-11-21 21:00:00,4.44,292.5,1006.77,5.56,2,NA
1860-11-22 07:00:00,2.78,337.5,1018.63,3.89,2,",skc"
1860-11-22 12:00:00,NA,0,NA,NA,NA,NA
1860-11-22 14:00:00,1.11,NA,1022.69,1.67,2,NA
1860-11-22 21:00:00,0.56,0,1025.06,1.67,2,NA
1860-11-23 07:00:00,1.11,0,1030.14,2.22,2,NA
1860-11-23 12:00:00,NA,0,NA,NA,NA,NA
1860-11-23 14:00:00,3.33,NA,1030.82,4.44,2,NA
1860-11-23 21:00:00,4.44,0,1031.16,5.56,2,",bkn"
1860-11-24 07:00:00,1.67,67.5,1026.08,2.78,5,",br"
1860-11-24 12:00:00,NA,NA,NA,NA,NA,NA
1860-11-24 14:00:00,3.33,NA,1024.38,4.44,5,",ra"
1860-11-24 21:00:00,3.89,NA,1022.69,5,5,",ra"
1860-11-25 07:00:00,4.44,270,1016.59,5.56,5,NA
1860-11-25 12:00:00,NA,270,NA,NA,NA,NA
1860-11-25 14:00:00,4.44,NA,1016.59,5.56,5,NA
1860-11-25 21:00:00,3.33,292.5,1021.33,3.89,5,NA
1860-11-26 07:00:00,1.67,0,1031.49,2.78,5,NA
1860-11-26 12:00:00,NA,0,NA,NA,NA,NA
1860-11-26 14:00:00,3.33,NA,1033.53,4.44,5,NA
1860-11-26 21:00:00,2.78,0,1034.2,3.89,5,NA
1860-11-27 07:00:00,1.11,180,1034.2,2.22,2,",br"
1860-11-27 12:00:00,NA,180,NA,NA,NA,NA
1860-11-27 14:00:00,1.67,NA,1032.85,2.78,5,",ra"
1860-11-27 21:00:00,2.22,202.5,1030.82,3.33,5,",ra"
1860-11-28 07:00:00,5.56,337.5,1015.92,6.67,2,",br"
1860-11-28 12:00:00,NA,315,NA,NA,NA,NA
1860-11-28 14:00:00,6.11,NA,1015.92,7.22,2,",ra"
1860-11-28 21:00:00,1.67,315,1015.24,2.78,5,",ra"
1860-11-29 07:00:00,0.56,315,1012.87,1.67,2,NA
1860-11-29 12:00:00,NA,315,NA,NA,NA,NA
1860-11-29 14:00:00,1.67,NA,1012.53,2.22,2,NA
1860-11-29 21:00:00,2.78,0,1011.85,3.89,5,NA
1860-11-30 07:00:00,-0.56,45,1010.16,0.56,5,NA
1860-11-30 12:00:00,NA,45,NA,NA,NA,NA
1860-11-30 14:00:00,0,NA,1009.14,1.11,2,NA
1860-11-30 21:00:00,0,45,1007.79,1.11,2,NA
1860-12-01 07:00:00,4.44,135,997.97,5.56,20,NA
1860-12-01 12:00:00,NA,157.5,NA,NA,NA,NA
1860-12-01 14:00:00,5.56,NA,997.97,6.67,11,NA
1860-12-01 21:00:00,6.11,225,996.61,7.22,5,NA
1860-12-02 07:00:00,5.56,225,992.21,6.67,2,NA
1860-12-02 12:00:00,NA,225,NA,NA,NA,NA
1860-12-02 14:00:00,4.44,NA,989.84,5.56,5,",ra"
1860-12-02 21:00:00,4.44,225,989.84,5.56,5,",ra"
1860-12-03 07:00:00,0,270,995.6,1.11,5,",bkn"
1860-12-03 12:00:00,NA,315,NA,NA,NA,NA
1860-12-03 14:00:00,1.11,NA,996.95,2.22,11,NA
1860-12-03 21:00:00,3.33,0,1001.69,4.44,11,NA
1860-12-04 07:00:00,0.56,0,1009.14,1.67,11,NA
1860-12-04 12:00:00,NA,0,NA,NA,NA,NA
1860-12-04 14:00:00,1.67,NA,1017.61,2.78,2,NA
1860-12-04 21:00:00,1.67,0,1017.61,2.78,2,NA
1860-12-05 07:00:00,2.22,135,1014.9,2.78,16,",ra"
1860-12-05 12:00:00,NA,135,NA,NA,NA,NA
1860-12-05 14:00:00,3.89,NA,1003.05,4.44,16,",ra"
1860-12-05 21:00:00,4.44,135,992.21,5.56,16,",ra"
1860-12-06 07:00:00,0.56,337.5,1008.13,2.22,11,",bkn"
1860-12-06 12:00:00,NA,315,NA,NA,NA,NA
1860-12-06 14:00:00,0.56,NA,1010.5,2.22,5,NA
1860-12-06 21:00:00,-0.56,315,1012.53,0,5,NA
1860-12-07 07:00:00,-1.11,315,1014.9,0,5,NA
1860-12-07 12:00:00,NA,315,NA,NA,NA,NA
1860-12-07 14:00:00,0,NA,1015.92,1.11,5,NA
1860-12-07 21:00:00,0,315,1017.27,0.56,5,NA
1860-12-08 07:00:00,-1.67,0,1018.96,-0.56,5,",bkn"
1860-12-08 12:00:00,NA,0,NA,NA,NA,NA
1860-12-08 14:00:00,-1.67,NA,1019.3,-0.56,5,",bkn"
1860-12-08 21:00:00,-0.56,315,1020.32,0,5,",bkn"
1860-12-09 07:00:00,-1.11,0,1021,0,2,NA
1860-12-09 12:00:00,NA,337.5,NA,NA,NA,NA
1860-12-09 14:00:00,0,NA,1021.33,1.11,5,NA
1860-12-09 21:00:00,0,337.5,1021.33,1.11,2,NA
1860-12-10 07:00:00,-2.78,315,1022.01,-1.67,5,NA
1860-12-10 12:00:00,NA,315,NA,NA,NA,NA
1860-12-10 14:00:00,-2.22,NA,1021.33,-1.11,5,NA
1860-12-10 21:00:00,0,225,1020.32,1.11,5,",bkn"
1860-12-11 07:00:00,3.33,135,994.24,4.44,20,",sn"
1860-12-11 12:00:00,NA,135,NA,NA,NA,NA
1860-12-11 14:00:00,2.78,NA,993.91,3.33,20,",bkn"
1860-12-11 21:00:00,1.67,45,996.28,2.78,16,",bkn"
1860-12-12 07:00:00,-1.11,315,1010.84,0,5,NA
1860-12-12 12:00:00,NA,337.5,NA,NA,NA,NA
1860-12-12 14:00:00,-1.11,NA,1010.5,0,2,NA
1860-12-12 21:00:00,-1.11,337.5,1010.5,0,2,NA
1860-12-13 07:00:00,-1.11,315,1005.76,0,2,",br"
1860-12-13 12:00:00,NA,315,NA,NA,NA,NA
1860-12-13 14:00:00,0,NA,1004.4,0.56,1,",sn"
1860-12-13 21:00:00,-1.11,315,1005.76,0,1,",sn"
1860-12-14 07:00:00,-4.44,315,1009.82,-3.33,5,",sn"
1860-12-14 12:00:00,NA,315,NA,NA,NA,NA
1860-12-14 14:00:00,-3.33,NA,1010.84,-2.78,11,NA
1860-12-14 21:00:00,-3.89,315,1012.87,-3.33,11,NA
1860-12-15 07:00:00,-6.67,337.5,1027.43,-5.56,2,NA
1860-12-15 12:00:00,NA,337.5,NA,NA,NA,NA
1860-12-15 14:00:00,-5.56,NA,1026.41,-4.44,2,NA
1860-12-15 21:00:00,-5,337.5,1026.08,-3.89,2,NA
1860-12-16 07:00:00,-1.11,22.5,1027.09,0,2,NA
1860-12-16 12:00:00,NA,0,NA,NA,NA,NA
1860-12-16 14:00:00,-1.11,NA,1026.75,0.56,5,NA
1860-12-16 21:00:00,-1.11,22.5,1026.08,0,5,NA
1860-12-17 07:00:00,-3.33,45,1025.06,-1.67,2,NA
1860-12-17 12:00:00,NA,45,NA,NA,NA,NA
1860-12-17 14:00:00,-4.44,NA,1026.08,-3.33,2,NA
1860-12-17 21:00:00,-4.44,22.5,1026.08,-3.33,5,NA
1860-12-18 07:00:00,-5.56,22.5,1033.53,-4.44,5,NA
1860-12-18 12:00:00,NA,22.5,NA,NA,NA,NA
1860-12-18 14:00:00,-3.89,NA,1031.83,-3.33,5,NA
1860-12-18 21:00:00,-4.44,0,1031.16,-3.89,2,",br"
1860-12-19 07:00:00,-6.67,337.5,1033.86,-5.56,2,NA
1860-12-19 12:00:00,NA,0,NA,NA,NA,NA
1860-12-19 14:00:00,-5.56,NA,1033.86,-4.44,2,NA
1860-12-19 21:00:00,-5,0,1033.53,-4.44,2,NA
1860-12-20,NA,NA,NA,NA,NA,NA
1860-12-20 07:00:00,-5.56,45,1023.71,-4.44,2,",bkn"
1860-12-20 12:00:00,NA,135,NA,NA,NA,NA
1860-12-20 14:00:00,-4.44,NA,1017.95,-3.33,5,",sn"
1860-12-20 21:00:00,-4.44,135,1016.59,-3.33,5,",sn"
1860-12-21,NA,NA,NA,NA,NA,NA
1860-12-21 07:00:00,0,45,1020.32,1.11,2,",br"
1860-12-21 12:00:00,NA,45,NA,NA,NA,NA
1860-12-21 14:00:00,0.56,NA,1021.33,1.67,2,",br"
1860-12-21 21:00:00,0,45,1022.01,1.67,2,",br"
1860-12-22,NA,NA,NA,NA,NA,NA
1860-12-22 07:00:00,1.11,45,1013.88,2.22,2,",bkn"
1860-12-22 12:00:00,NA,45,NA,NA,NA,NA
1860-12-22 14:00:00,2.22,NA,1013.55,3.33,2,",br"
1860-12-22 21:00:00,1.67,135,1012.53,2.22,2,",br"
1860-12-23,NA,NA,NA,NA,NA,NA
1860-12-23 07:00:00,2.22,135,1004.06,3.33,2,",ra"
1860-12-23 12:00:00,NA,135,NA,NA,NA,NA
1860-12-23 14:00:00,1.67,NA,1002.37,2.78,2,",ra"
1860-12-23 21:00:00,1.67,135,1001.36,1.67,2,",ra"
1860-12-24,NA,NA,NA,NA,NA,NA
1860-12-24 07:00:00,1.11,45,998.98,2.22,2,",sn"
1860-12-24 12:00:00,NA,135,NA,NA,NA,NA
1860-12-24 14:00:00,1.67,NA,1003.73,2.78,2,",sn"
1860-12-24 21:00:00,1.67,135,1005.76,2.22,2,",sn"
1860-12-25,NA,NA,NA,NA,NA,NA
1860-12-25 07:00:00,1.11,45,1008.13,2.22,2,",br"
1860-12-25 12:00:00,NA,45,NA,NA,NA,NA
1860-12-25 14:00:00,1.11,NA,1008.81,2.22,2,",br"
1860-12-25 21:00:00,1.11,67.5,1009.48,1.67,2,",br"
1860-12-26,NA,NA,NA,NA,NA,NA
1860-12-26 07:00:00,0,45,1014.9,1.67,5,",sn"
1860-12-26 12:00:00,NA,45,NA,NA,NA,NA
1860-12-26 14:00:00,0.56,NA,1014.9,1.67,5,",sn"
1860-12-26 21:00:00,1.11,45,1015.58,1.67,5,",sn"
1860-12-27,NA,NA,NA,NA,NA,NA
1860-12-27 07:00:00,0.56,45,1022.69,1.67,16,",bkn"
1860-12-27 12:00:00,NA,0,NA,NA,NA,NA
1860-12-27 14:00:00,1.11,NA,1023.03,2.78,11,",bkn"
1860-12-27 21:00:00,1.67,45,1024.38,1.67,16,",bkn"
1860-12-28,NA,NA,NA,NA,NA,NA
1860-12-28 07:00:00,0,45,1028.45,1.11,11,",bkn"
1860-12-28 12:00:00,NA,45,NA,NA,NA,NA
1860-12-28 14:00:00,0.56,NA,1028.78,1.11,11,",bkn"
1860-12-28 21:00:00,0,45,1028.45,0,11,",bkn"
1860-12-29,NA,NA,NA,NA,NA,NA
1860-12-29 07:00:00,-1.11,0,1034.2,0,5,NA
1860-12-29 12:00:00,NA,0,NA,NA,NA,NA
1860-12-29 14:00:00,-1.11,NA,1036.24,0,5,NA
1860-12-29 21:00:00,-1.11,0,1036.24,0,5,NA
1860-12-30,NA,NA,NA,NA,NA,NA
1860-12-30 07:00:00,-2.78,45,1036.24,-1.67,1,NA
1860-12-30 12:00:00,NA,NA,NA,NA,NA,NA
1860-12-30 14:00:00,-2.22,NA,1036.57,-1.11,0,NA
1860-12-30 21:00:00,-1.67,NA,1036.24,-1.67,0,NA
1860-12-31,NA,NA,NA,NA,NA,NA
1860-12-31 07:00:00,-1.11,225,1027.43,0,2,",ra"
1860-12-31 12:00:00,NA,45,NA,NA,NA,NA
1860-12-31 14:00:00,-2.78,NA,1021.33,-1.67,2,",br"
1860-12-31 21:00:00,-2.22,45,1018.63,-3.33,2,",ra"
1861-01-01,NA,NA,NA,NA,NA,NA
1861-01-01 07:00:00,-4.44,0,1024.38,-3.33,2,NA
1861-01-01 12:00:00,NA,0,NA,NA,NA,NA
1861-01-01 14:00:00,-2.78,NA,1026.08,-3.33,2,NA
1861-01-01 21:00:00,-3.33,0,1027.09,-3.89,2,NA
1861-01-02,NA,NA,NA,NA,NA,NA
1861-01-02 07:00:00,-2.22,225,1022.69,-1.11,2,NA
1861-01-02 12:00:00,NA,225,NA,NA,NA,NA
1861-01-02 14:00:00,-2.22,NA,1020.66,-2.22,2,NA
1861-01-02 21:00:00,-2.22,225,1017.27,-1.11,5,",bkn"
1861-01-17,NA,NA,NA,NA,NA,NA
1861-01-17 07:00:00,-5.56,45,1007.79,-3.89,11,",sn"
1861-01-17 12:00:00,NA,45,NA,NA,NA,NA
1861-01-17 14:00:00,-5.56,NA,1007.79,-3.89,16,",sn"
1861-01-17 21:00:00,-5.56,45,1009.48,-3.89,16,",sn"
1861-01-18,NA,NA,NA,NA,NA,NA
1861-01-18 07:00:00,-6.67,22.5,1024.04,-5.56,5,NA
1861-01-18 12:00:00,NA,22.5,NA,NA,NA,NA
1861-01-18 14:00:00,-5.56,NA,1039.62,-4.44,5,NA
1861-01-18 21:00:00,-5,22.5,1049.78,-3.89,5,NA
1861-01-19,NA,NA,NA,NA,NA,NA
1861-01-19 07:00:00,-6.11,45,1003.73,-5,1,NA
1861-01-19 12:00:00,NA,45,NA,NA,NA,NA
1861-01-19 14:00:00,-5,NA,1002.37,-3.89,1,NA
1861-01-19 21:00:00,-4.44,67.5,1001.69,-3.33,1,NA
1861-01-20,NA,NA,NA,NA,NA,NA
1861-01-20 07:00:00,-5,315,999.66,-3.89,2,NA
1861-01-20 12:00:00,NA,315,NA,NA,NA,NA
1861-01-20 14:00:00,-4.44,NA,998.98,-3.33,2,NA
1861-01-20 21:00:00,-3.89,315,998.98,-2.78,2,NA
1861-01-21,NA,NA,NA,NA,NA,NA
1861-01-21 07:00:00,-6.67,315,1004.4,-5.56,2,",sn"
1861-01-21 12:00:00,NA,315,NA,NA,NA,NA
1861-01-21 14:00:00,-3.89,NA,1006.43,-2.78,2,NA
1861-01-21 21:00:00,-2.78,315,1009.82,-2.22,2,NA
1861-01-22,NA,NA,NA,NA,NA,NA
1861-01-22 07:00:00,-8.89,315,1015.92,-7.78,2,",bkn"
1861-01-22 12:00:00,NA,315,NA,NA,NA,NA
1861-01-22 14:00:00,-6.67,NA,1018.63,-5.56,2,NA
1861-01-22 21:00:00,-5.56,315,1022.69,-3.89,2,NA
1861-01-23,NA,NA,NA,NA,NA,NA
1861-01-23 07:00:00,-6.11,337.5,1027.43,-5,5,NA
1861-01-23 12:00:00,NA,315,NA,NA,NA,NA
1861-01-23 14:00:00,-6.11,NA,1027.43,-5,5,NA
1861-01-23 21:00:00,-5.56,315,1029.12,-4.44,5,NA
1861-01-24,NA,NA,NA,NA,NA,NA
1861-01-24 07:00:00,-8.89,0,1039.62,-7.78,2,NA
1861-01-24 12:00:00,NA,0,NA,NA,NA,NA
1861-01-24 14:00:00,-7.78,NA,1039.62,-6.67,2,NA
1861-01-24 21:00:00,-6.67,0,1040.3,-5.56,2,NA
1861-01-25,NA,NA,NA,NA,NA,NA
1861-01-25 07:00:00,0,135,1006.77,1.11,2,",ra"
1861-01-25 12:00:00,NA,135,NA,NA,NA,NA
1861-01-25 14:00:00,0,NA,1006.77,1.11,2,",ra"
1861-01-25 21:00:00,0,135,1010.16,1.11,2,",ra"
1861-01-26,NA,NA,NA,NA,NA,NA
1861-01-26 07:00:00,-2.22,180,1020.32,-1.67,5,",bkn"
1861-01-26 12:00:00,NA,180,NA,NA,NA,NA
1861-01-26 14:00:00,-0.56,NA,1022.69,0,5,",bkn"
1861-01-26 21:00:00,-0.56,180,1022.69,0,5,",bkn"
1861-01-27,NA,NA,NA,NA,NA,NA
1861-01-27 07:00:00,-3.33,45,1015.92,-2.22,5,",bkn"
1861-01-27 12:00:00,NA,45,NA,NA,NA,NA
1861-01-27 14:00:00,-3.89,NA,1016.93,-2.78,5,NA
1861-01-27 21:00:00,-3.89,45,1016.93,-1.67,5,NA
1861-01-28,NA,NA,NA,NA,NA,NA
1861-01-28 07:00:00,-5.56,45,1017.61,-4.44,2,NA
1861-01-28 12:00:00,NA,0,NA,NA,NA,NA
1861-01-28 14:00:00,-3.89,NA,1016.93,-2.78,2,NA
1861-01-28 21:00:00,-3.89,0,1016.93,-2.78,2,NA
1861-01-29,NA,NA,NA,NA,NA,NA
1861-01-29 07:00:00,-6.67,315,1020.32,-5.56,2,NA
1861-01-29 12:00:00,NA,315,NA,NA,NA,NA
1861-01-29 14:00:00,-3.33,NA,1019.3,-3.33,2,NA
1861-01-29 21:00:00,-2.22,315,1019.3,-2.22,2,NA
1861-01-30,NA,NA,NA,NA,NA,NA
1861-01-30 07:00:00,-1.11,135,1005.76,0,5,",ra"
1861-01-30 12:00:00,NA,135,NA,NA,NA,NA
1861-01-30 14:00:00,0,NA,998.98,1.11,2,",ra"
1861-01-30 21:00:00,0,135,998.98,1.11,2,",ra"
1861-01-31,NA,NA,NA,NA,NA,NA
1861-01-31 07:00:00,-2.22,270,998.98,-1.11,11,NA
1861-01-31 12:00:00,NA,270,NA,NA,NA,NA
1861-01-31 14:00:00,-2.22,NA,1002.37,-1.11,11,NA
1861-01-31 21:00:00,-2.22,270,1003.39,-1.11,11,NA
1861-02-01,NA,NA,NA,NA,NA,NA
1861-02-01 07:00:00,-3.89,337.5,1019.98,-2.78,2,NA
1861-02-01 12:00:00,NA,292.5,NA,NA,NA,NA
1861-02-01 14:00:00,-2.78,NA,1020.66,-1.67,2,NA
1861-02-01 21:00:00,-2.78,292.5,1020.66,-1.67,5,NA
1861-02-02,NA,NA,NA,NA,NA,NA
1861-02-02 07:00:00,-3.33,135,1023.37,-2.22,5,",sn"
1861-02-02 12:00:00,NA,135,NA,NA,NA,NA
1861-02-02 14:00:00,-2.78,NA,1015.92,-1.67,5,",ra"
1861-02-02 21:00:00,-2.22,135,1013.88,-1.11,5,",bkn"
1861-02-03,NA,NA,NA,NA,NA,NA
1861-02-03 07:00:00,1.11,0,1015.92,2.78,2,",bkn"
1861-02-03 12:00:00,NA,0,NA,NA,NA,NA
1861-02-03 14:00:00,2.22,NA,1015.92,3.33,2,",bkn"
1861-02-03 21:00:00,2.78,0,1024.72,3.89,2,",bkn"
1861-02-04,NA,NA,NA,NA,NA,NA
1861-02-04 07:00:00,-6.67,0,1033.86,-5.56,2,NA
1861-02-04 12:00:00,NA,0,NA,NA,NA,NA
1861-02-04 14:00:00,-6.67,NA,1032.51,-5.56,2,",bkn"
1861-02-04 21:00:00,-6.67,0,1029.46,-5.56,2,",bkn"
1861-02-05,NA,NA,NA,NA,NA,NA
1861-02-05 07:00:00,-5.56,315,1024.04,-4.44,2,NA
1861-02-05 12:00:00,NA,337.5,NA,NA,NA,NA
1861-02-05 14:00:00,-3.89,NA,1023.71,-2.78,2,NA
1861-02-05 21:00:00,-2.22,45,1023.37,-1.11,2,",bkn"
1861-02-06,NA,NA,NA,NA,NA,NA
1861-02-06 07:00:00,-2.22,135,1012.53,-1.11,2,",sn"
1861-02-06 12:00:00,NA,135,NA,NA,NA,NA
1861-02-06 14:00:00,-2.22,NA,1007.11,-1.11,1,",sn"
1861-02-06 21:00:00,-2.22,NA,1005.76,-1.11,0,",sn"
1861-02-07,NA,NA,NA,NA,NA,NA
1861-02-07 07:00:00,0,180,1009.14,1.11,2,NA
1861-02-07 12:00:00,NA,202.5,NA,NA,NA,NA
1861-02-07 14:00:00,1.67,NA,1004.74,2.78,5,NA
1861-02-07 21:00:00,1.67,202.5,1005.76,2.78,5,NA
1861-02-08,NA,NA,NA,NA,NA,NA
1861-02-08 07:00:00,-6.67,315,1009.14,-5.56,11,",sn"
1861-02-08 12:00:00,NA,315,NA,NA,NA,NA
1861-02-08 14:00:00,-11.11,NA,1017.95,-10,11,NA
1861-02-08 21:00:00,-11.11,315,1017.95,-10,11,NA
1861-02-09,NA,NA,NA,NA,NA,NA
1861-02-09 07:00:00,-13.33,315,1026.08,-12.78,11,NA
1861-02-09 12:00:00,NA,315,NA,NA,NA,NA
1861-02-09 14:00:00,-10.56,NA,1026.08,-9.44,11,NA
1861-02-09 21:00:00,-9.44,315,1029.46,-8.33,5,NA
1861-02-10,NA,NA,NA,NA,NA,NA
1861-02-10 07:00:00,-6.11,225,1033.86,-5,2,",bkn"
1861-02-10 12:00:00,NA,225,NA,NA,NA,NA
1861-02-10 14:00:00,-6.11,NA,1034.88,-5,2,",bkn"
1861-02-10 21:00:00,-5.56,225,1034.2,-4.44,2,",bkn"
1861-02-11,NA,NA,NA,NA,NA,NA
1861-02-11 07:00:00,-2.22,225,1033.19,-0.56,2,NA
1861-02-11 12:00:00,NA,225,NA,NA,NA,NA
1861-02-11 14:00:00,-2.22,NA,1032.85,-0.56,2,NA
1861-02-11 21:00:00,-1.11,225,1032.51,0,2,NA
1861-02-12,NA,NA,NA,NA,NA,NA
1861-02-12 07:00:00,1.11,202.5,1027.77,2.22,2,",fg"
1861-02-12 12:00:00,NA,225,NA,NA,NA,NA
1861-02-12 14:00:00,2.22,NA,1025.06,3.33,2,NA
1861-02-12 21:00:00,2.78,225,1022.01,3.33,2,NA
1861-02-13,NA,NA,NA,NA,NA,NA
1861-02-13 07:00:00,5,270,1011.18,5.56,5,NA
1861-02-13 12:00:00,NA,270,NA,NA,NA,NA
1861-02-13 14:00:00,5,NA,1011.18,5.56,5,NA
1861-02-13 21:00:00,5.56,270,1012.53,6.67,5,NA
1861-02-14,NA,NA,NA,NA,NA,NA
1861-02-14 07:00:00,-1.11,315,1022.69,0,5,NA
1861-02-14 12:00:00,NA,315,NA,NA,NA,NA
1861-02-14 14:00:00,0,NA,1022.69,1.11,2,NA
1861-02-14 21:00:00,0,315,1024.72,1.11,2,NA
1861-02-15,NA,NA,NA,NA,NA,NA
1861-02-15 07:00:00,-3.33,45,1031.16,-2.22,2,NA
1861-02-15 12:00:00,NA,45,NA,NA,NA,NA
1861-02-15 14:00:00,-2.78,NA,1026.08,-1.67,2,NA
1861-02-15 21:00:00,-1.67,67.5,1021.33,-0.56,5,NA
1861-02-16,NA,NA,NA,NA,NA,NA
1861-02-16 07:00:00,-1.11,270,1005.76,0,5,",br"
1861-02-16 12:00:00,NA,270,NA,NA,NA,NA
1861-02-16 14:00:00,1.67,NA,1011.18,2.78,5,",br"
1861-02-16 21:00:00,3.33,315,1014.22,4.44,2,NA
1861-02-17,NA,NA,NA,NA,NA,NA
1861-02-17 07:00:00,-2.22,180,1012.53,-1.11,5,",sn"
1861-02-17 12:00:00,NA,180,NA,NA,NA,NA
1861-02-17 14:00:00,-1.11,NA,1007.79,0,5,NA
1861-02-17 21:00:00,-0.56,225,1000.68,0.56,2,NA
1861-02-18,NA,NA,NA,NA,NA,NA
1861-02-18 07:00:00,-1.11,225,1001.36,0,2,NA
1861-02-18 12:00:00,NA,225,NA,NA,NA,NA
1861-02-18 14:00:00,0,NA,1001.36,1.11,2,",sn"
1861-02-18 21:00:00,0,225,1002.37,1.11,5,NA
1861-02-19,NA,NA,NA,NA,NA,NA
1861-02-19 07:00:00,-3.33,315,1012.53,-2.22,2,NA
1861-02-19 12:00:00,NA,315,NA,NA,NA,NA
1861-02-19 14:00:00,-2.22,NA,1013.21,-1.11,2,NA
1861-02-19 21:00:00,-2.22,315,1014.9,-1.11,2,NA
1861-02-20,NA,NA,NA,NA,NA,NA
1861-02-20 07:00:00,-4.44,45,1021,-3.33,2,NA
1861-02-20 12:00:00,NA,135,NA,NA,NA,NA
1861-02-20 14:00:00,-2.22,NA,1019.3,-1.11,2,NA
1861-02-20 21:00:00,-2.22,135,1014.22,0,2,NA
1861-02-21,NA,NA,NA,NA,NA,NA
1861-02-21 07:00:00,0.56,225,997.97,1.67,5,NA
1861-02-21 12:00:00,NA,225,NA,NA,NA,NA
1861-02-21 14:00:00,2.78,NA,997.97,3.89,5,NA
1861-02-21 21:00:00,2.78,225,997.97,3.89,5,NA
1861-02-22,NA,NA,NA,NA,NA,NA
1861-02-22 07:00:00,-2.22,337.5,1002.37,-1.11,5,",sn"
1861-02-22 12:00:00,NA,315,NA,NA,NA,NA
1861-02-22 14:00:00,-2.78,NA,1002.37,-1.67,5,NA
1861-02-22 21:00:00,-3.33,315,1003.05,-2.22,5,NA
1861-02-23,NA,NA,NA,NA,NA,NA
1861-02-23 07:00:00,-6.67,337.5,1012.53,-5.56,5,NA
1861-02-23 12:00:00,NA,337.5,NA,NA,NA,NA
1861-02-23 14:00:00,-5,NA,1013.88,-3.89,2,NA
1861-02-23 21:00:00,-3.33,337.5,1013.88,-2.22,2,NA
1861-02-24,NA,NA,NA,NA,NA,NA
1861-02-24 07:00:00,1.67,225,997.63,2.78,2,",ra"
1861-02-24 12:00:00,NA,225,NA,NA,NA,NA
1861-02-24 14:00:00,3.33,NA,996.28,4.44,2,",ra"
1861-02-24 21:00:00,3.89,247.5,994.24,5,5,",sn"
1861-02-25,NA,NA,NA,NA,NA,NA
1861-02-25 07:00:00,-6.67,315,1021.67,-5.56,5,NA
1861-02-25 12:00:00,NA,315,NA,NA,NA,NA
1861-02-25 14:00:00,-3.33,NA,1022.69,-1.67,2,NA
1861-02-25 21:00:00,-3.33,315,1022.69,-1.67,2,NA
1861-02-26,NA,NA,NA,NA,NA,NA
1861-02-26 07:00:00,-1.67,225,1022.69,-0.56,2,NA
1861-02-26 12:00:00,NA,225,NA,NA,NA,NA
1861-02-26 14:00:00,-0.56,NA,1019.3,1.11,5,NA
1861-02-26 21:00:00,0.56,225,1019.3,2.22,5,NA
1861-02-27,NA,NA,NA,NA,NA,NA
1861-02-27 07:00:00,0,292.5,1029.46,1.11,2,NA
1861-02-27 12:00:00,NA,292.5,NA,NA,NA,NA
1861-02-27 14:00:00,2.78,NA,1030.14,3.89,2,NA
1861-02-27 21:00:00,4.44,270,1031.83,5.56,2,",skc"
1861-02-28,NA,NA,NA,NA,NA,NA
1861-02-28 07:00:00,2.22,270,1017.27,3.33,2,",skc"
1861-02-28 12:00:00,NA,270,NA,NA,NA,NA
1861-02-28 14:00:00,3.89,NA,1015.92,5,2,",skc"
1861-02-28 21:00:00,5,225,1014.56,6.11,2,NA
1861-03-01,NA,NA,NA,NA,NA,NA
1861-03-01 07:00:00,1.11,225,1014.56,2.22,2,",br"
1861-03-01 12:00:00,NA,225,NA,NA,NA,NA
1861-03-01 14:00:00,1.11,NA,1012.53,2.22,2,",bkn"
1861-03-01 21:00:00,1.11,225,1011.51,2.22,2,NA
1861-03-02,NA,NA,NA,NA,NA,NA
1861-03-02 07:00:00,-1.67,225,1017.95,-0.56,2,NA
1861-03-02 12:00:00,NA,270,NA,NA,NA,NA
1861-03-02 14:00:00,2.22,NA,1016.93,3.33,2,NA
1861-03-02 21:00:00,2.22,270,1016.93,3.33,2,NA
1861-03-03,NA,NA,NA,NA,NA,NA
1861-03-03 07:00:00,0,225,1009.82,1.67,2,",sn"
1861-03-03 12:00:00,NA,225,NA,NA,NA,NA
1861-03-03 14:00:00,0.56,NA,1007.11,1.67,2,",ra"
1861-03-03 21:00:00,1.67,225,1003.05,2.78,2,",ra"
1861-03-04,NA,NA,NA,NA,NA,NA
1861-03-04 07:00:00,1.67,225,996.95,2.78,2,",ra"
1861-03-04 12:00:00,NA,315,NA,NA,NA,NA
1861-03-04 14:00:00,3.89,NA,998.98,5,2,NA
1861-03-04 21:00:00,5.56,315,1002.37,6.67,2,NA
1861-03-05,NA,NA,NA,NA,NA,NA
1861-03-05 07:00:00,2.22,270,1006.77,3.89,5,NA
1861-03-05 12:00:00,NA,270,NA,NA,NA,NA
1861-03-05 14:00:00,3.33,NA,1007.11,5,2,NA
1861-03-05 21:00:00,3.89,270,1007.11,5,2,NA
1861-03-06,NA,NA,NA,NA,NA,NA
1861-03-06 07:00:00,-2.22,315,1013.55,-1.11,5,NA
1861-03-06 12:00:00,NA,315,NA,NA,NA,NA
1861-03-06 14:00:00,-1.11,NA,1013.21,0,2,NA
1861-03-06 21:00:00,-1.11,315,1013.21,0,2,NA
1861-03-07,NA,NA,NA,NA,NA,NA
1861-03-07 07:00:00,-2.22,315,1005.08,-0.56,2,NA
1861-03-07 12:00:00,NA,0,NA,NA,NA,NA
1861-03-07 14:00:00,-1.11,NA,1005.76,0,5,NA
1861-03-07 21:00:00,-1.11,0,1007.11,0,5,NA
1861-03-08,NA,NA,NA,NA,NA,NA
1861-03-08 07:00:00,-6.67,337.5,1031.83,-5.56,5,NA
1861-03-08 12:00:00,NA,337.5,NA,NA,NA,NA
1861-03-08 14:00:00,-4.44,NA,1032.85,-3.33,2,NA
1861-03-08 21:00:00,-4.44,337.5,1032.85,-2.78,2,NA
1861-03-09,NA,NA,NA,NA,NA,NA
1861-03-09 07:00:00,-3.33,225,1029.46,-1.67,5,",bkn"
1861-03-09 12:00:00,NA,180,NA,NA,NA,NA
1861-03-09 14:00:00,-3.33,NA,1025.4,-2.22,5,NA
1861-03-09 21:00:00,-3.33,180,1024.04,-2.22,5,NA
1861-03-10,NA,NA,NA,NA,NA,NA
1861-03-10 07:00:00,1.67,225,1015.24,2.78,5,NA
1861-03-10 12:00:00,NA,225,NA,NA,NA,NA
1861-03-10 14:00:00,5,NA,1013.55,6.67,5,NA
1861-03-10 21:00:00,5.56,270,1013.55,6.67,5,NA
1861-03-11,NA,NA,NA,NA,NA,NA
1861-03-11 07:00:00,0,315,1017.27,1.11,5,NA
1861-03-11 12:00:00,NA,0,NA,NA,NA,NA
1861-03-11 14:00:00,0,NA,1017.27,1.67,2,",sn"
1861-03-11 21:00:00,0,0,1017.27,1.67,2,",sn"
1861-03-12,NA,NA,NA,NA,NA,NA
1861-03-12 07:00:00,-2.22,225,1019.3,-0.56,2,NA
1861-03-12 12:00:00,NA,225,NA,NA,NA,NA
1861-03-12 14:00:00,-1.11,NA,1012.53,0.56,2,",sn"
1861-03-12 21:00:00,0,225,1012.53,1.67,2,NA
1861-03-13,NA,NA,NA,NA,NA,NA
1861-03-13 07:00:00,-2.22,315,1027.09,-1.11,1,NA
1861-03-13 12:00:00,NA,180,NA,NA,NA,NA
1861-03-13 14:00:00,-1.11,NA,1023.37,-1.11,5,NA
1861-03-13 21:00:00,0.56,180,1022.69,0.56,5,NA
1861-03-14,NA,NA,NA,NA,NA,NA
1861-03-14 07:00:00,-1.11,0,1027.09,0,2,NA
1861-03-14 12:00:00,NA,45,NA,NA,NA,NA
1861-03-14 14:00:00,-1.11,NA,1028.45,0,2,",bkn"
1861-03-14 21:00:00,-1.11,45,1029.46,0,2,",bkn"
1861-03-15,NA,NA,NA,NA,NA,NA
1861-03-15 07:00:00,-0.56,135,1019.3,0.56,5,",ra"
1861-03-15 12:00:00,NA,225,NA,NA,NA,NA
1861-03-15 14:00:00,0.56,NA,1016.93,2.22,2,",ra"
1861-03-15 21:00:00,0.56,292.5,1016.93,2.22,2,",br"
1861-03-16,NA,NA,NA,NA,NA,NA
1861-03-16 07:00:00,1.11,67.5,993.91,2.22,16,",ra"
1861-03-16 12:00:00,NA,135,NA,NA,NA,NA
1861-03-16 14:00:00,2.22,NA,991.2,4.44,11,",ra"
1861-03-16 21:00:00,3.33,157.5,988.83,4.44,2,",ra"
1861-03-17,NA,NA,NA,NA,NA,NA
1861-03-17 07:00:00,1.11,225,1006.43,2.22,5,NA
1861-03-17 12:00:00,NA,225,NA,NA,NA,NA
1861-03-17 14:00:00,2.22,NA,1011.18,3.89,5,NA
1861-03-17 21:00:00,4.44,225,1015.24,5,5,NA
1861-03-18,NA,NA,NA,NA,NA,NA
1861-03-18 07:00:00,-1.11,337.5,1025.06,0,5,NA
1861-03-18 12:00:00,NA,337.5,NA,NA,NA,NA
1861-03-18 14:00:00,-1.67,NA,1026.75,-0.56,5,NA
1861-03-18 21:00:00,-2.22,0,1027.77,-1.11,5,NA
1861-03-19,NA,NA,NA,NA,NA,NA
1861-03-19 07:00:00,-5.56,45,1028.45,-4.44,5,",sn"
1861-03-19 12:00:00,NA,45,NA,NA,NA,NA
1861-03-19 14:00:00,-4.44,NA,1026.75,-3.33,5,",sn"
1861-03-19 21:00:00,-4.44,45,1026.75,-3.33,11,",sn"
1861-03-20,NA,NA,NA,NA,NA,NA
1861-03-20 07:00:00,-3.89,45,1007.45,-3.89,40,",sn"
1861-03-20 12:00:00,NA,45,NA,NA,NA,NA
1861-03-20 14:00:00,-3.89,NA,1011.18,-3.89,40,",sn"
1861-03-20 21:00:00,-3.89,0,1015.92,-2.22,40,",sn"
1861-03-21,NA,NA,NA,NA,NA,NA
1861-03-21 07:00:00,-5.56,45,1031.83,-4.44,1,",skc"
1861-03-21 12:00:00,NA,135,NA,NA,NA,NA
1861-03-21 14:00:00,-3.33,NA,1031.83,-1.67,2,NA
1861-03-21 21:00:00,-2.22,135,1027.09,-0.56,2,NA
1861-03-22,NA,NA,NA,NA,NA,NA
1861-03-22 07:00:00,-2.78,112.5,1012.53,-1.11,20,",sn"
1861-03-22 12:00:00,NA,112.5,NA,NA,NA,NA
1861-03-22 14:00:00,-2.78,NA,1005.76,0,20,",sn"
1861-03-22 21:00:00,-1.67,45,1002.37,0,20,",sn"
1861-03-23,NA,NA,NA,NA,NA,NA
1861-03-23 07:00:00,-2.22,22.5,1009.14,-0.56,16,NA
1861-03-23 12:00:00,NA,22.5,NA,NA,NA,NA
1861-03-23 14:00:00,-1.11,NA,1012.53,0.56,11,NA
1861-03-23 21:00:00,0,22.5,1015.92,1.11,11,NA
1861-03-24,NA,NA,NA,NA,NA,NA
1861-03-24 07:00:00,-0.56,225,1029.46,0.56,5,",br"
1861-03-24 12:00:00,NA,225,NA,NA,NA,NA
1861-03-24 14:00:00,0,NA,1011.51,1.11,5,",br"
1861-03-24 21:00:00,0.56,225,1011.51,1.11,5,",ra"
1861-03-25,NA,NA,NA,NA,NA,NA
1861-03-25 07:00:00,1.11,0,1015.92,2.22,11,NA
1861-03-25 12:00:00,NA,315,NA,NA,NA,NA
1861-03-25 14:00:00,1.67,NA,1017.61,2.78,5,NA
1861-03-25 21:00:00,1.67,315,1019.3,3.33,2,NA
1861-03-26,NA,NA,NA,NA,NA,NA
1861-03-26 07:00:00,0.56,225,1027.43,1.67,2,NA
1861-03-26 12:00:00,NA,225,NA,NA,NA,NA
1861-03-26 14:00:00,2.78,NA,1027.09,3.89,2,NA
1861-03-26 21:00:00,3.33,225,1026.41,4.44,2,",bkn"
1861-03-27,NA,NA,NA,NA,NA,NA
1861-03-27 07:00:00,1.67,NA,1020.66,3.33,0,",fg"
1861-03-27 12:00:00,NA,NA,NA,NA,NA,NA
1861-03-27 14:00:00,3.33,NA,1021.67,4.44,0,",br"
1861-03-27 21:00:00,4.44,225,1021.67,6.11,5,NA
1861-03-28 07:00:00,5,225,1013.88,6.11,5,NA
1861-03-28 12:00:00,NA,225,NA,NA,NA,NA
1861-03-28 14:00:00,6.67,NA,1013.88,7.78,5,NA
1861-03-28 21:00:00,7.22,247.5,1013.55,8.89,5,NA
1861-03-29 07:00:00,1.11,315,1019.64,2.22,2,NA
1861-03-29 12:00:00,NA,315,NA,NA,NA,NA
1861-03-29 14:00:00,3.89,NA,1020.66,5.56,2,NA
1861-03-29 21:00:00,4.44,292.5,1021.67,5.56,2,NA
1861-03-30 07:00:00,2.22,225,1023.37,3.33,5,NA
1861-03-30 12:00:00,NA,225,NA,NA,NA,NA
1861-03-30 14:00:00,5.56,NA,1022.01,6.67,5,NA
1861-03-30 21:00:00,6.67,202.5,1018.29,8.33,5,NA
1861-03-31 07:00:00,2.22,22.5,1023.37,3.33,16,NA
1861-03-31 12:00:00,NA,22.5,NA,NA,NA,NA
1861-03-31 14:00:00,2.22,NA,1025.4,3.33,16,NA
1861-03-31 21:00:00,1.67,22.5,1024.04,3.33,16,NA
1861-04-01 07:00:00,-2.78,45,1037.59,-1.67,5,",skc"
1861-04-01 12:00:00,NA,45,NA,NA,NA,NA
1861-04-01 14:00:00,-1.67,NA,1037.59,-0.56,11,NA
1861-04-01 21:00:00,-1.67,45,1037.59,-0.56,11,NA
1861-04-02 07:00:00,-3.33,67.5,1036.24,-1.67,5,NA
1861-04-02 12:00:00,NA,157.5,NA,NA,NA,NA
1861-04-02 14:00:00,-0.56,NA,1034.2,0.56,5,NA
1861-04-02 21:00:00,-0.56,135,1032.85,0.56,5,NA
1861-04-03 07:00:00,-2.22,45,1028.45,-0.56,5,NA
1861-04-03 12:00:00,NA,45,NA,NA,NA,NA
1861-04-03 14:00:00,-0.56,NA,1026.08,1.11,5,NA
1861-04-03 21:00:00,0,45,1026.08,1.67,5,NA
1861-04-04 07:00:00,-1.11,22.5,1014.9,0.56,20,",bkn"
1861-04-04 12:00:00,NA,22.5,NA,NA,NA,NA
1861-04-04 14:00:00,0,NA,1014.22,1.67,20,NA
1861-04-04 21:00:00,0,22.5,1014.22,1.67,20,",sn"
1861-04-05 07:00:00,-1.67,22.5,1012.53,0,11,",bkn"
1861-04-05 12:00:00,NA,22.5,NA,NA,NA,NA
1861-04-05 14:00:00,0,NA,1014.22,1.67,16,",bkn"
1861-04-05 21:00:00,0.56,22.5,1015.24,2.22,16,",bkn"
1861-04-06 07:00:00,-1.11,22.5,1026.08,0,11,",bkn"
1861-04-06 12:00:00,NA,22.5,NA,NA,NA,NA
1861-04-06 14:00:00,-0.56,NA,1026.08,0.56,11,NA
1861-04-06 21:00:00,-0.56,22.5,1026.08,0.56,11,NA
1861-04-07 07:00:00,-7.22,22.5,1025.4,-6.11,16,",bkn"
1861-04-07 12:00:00,NA,22.5,NA,NA,NA,NA
1861-04-07 14:00:00,-2.78,NA,1025.06,-2.22,16,NA
1861-04-07 21:00:00,-3.33,22.5,1022.69,-2.22,11,NA
1861-04-08 07:00:00,-3.33,0,1023.71,-1.67,11,NA
1861-04-08 12:00:00,NA,0,NA,NA,NA,NA
1861-04-08 14:00:00,-1.67,NA,1022.69,-0.56,11,NA
1861-04-08 21:00:00,-1.11,0,1021.33,0,11,NA
1861-04-09 07:00:00,-1.11,22.5,1022.69,0,5,NA
1861-04-09 12:00:00,NA,22.5,NA,NA,NA,NA
1861-04-09 14:00:00,1.11,NA,1022.01,2.22,11,NA
1861-04-09 21:00:00,1.67,22.5,1020.66,3.33,11,NA
1861-04-10 07:00:00,2.22,315,1022.01,3.33,1,NA
1861-04-10 12:00:00,NA,315,NA,NA,NA,NA
1861-04-10 14:00:00,6.67,NA,1019.3,8.33,2,NA
1861-04-10 21:00:00,7.78,270,1019.3,9.44,5,",bkn"
1861-04-11 07:00:00,2.22,22.5,1022.69,4.44,5,",bkn"
1861-04-11 12:00:00,NA,22.5,NA,NA,NA,NA
1861-04-11 14:00:00,2.78,NA,1023.37,4.44,11,",bkn"
1861-04-11 21:00:00,3.33,22.5,1024.04,5,11,NA
1861-04-12 07:00:00,1.11,112.5,1035.22,2.22,2,NA
1861-04-12 12:00:00,NA,135,NA,NA,NA,NA
1861-04-12 14:00:00,1.67,NA,1036.24,3.33,5,NA
1861-04-12 21:00:00,3.33,135,1036.24,5,5,NA
1861-04-13 07:00:00,2.22,135,1033.86,3.33,5,NA
1861-04-13 12:00:00,NA,135,NA,NA,NA,NA
1861-04-13 14:00:00,4.44,NA,1031.16,6.11,5,NA
1861-04-13 21:00:00,4.44,135,1031.16,6.11,5,NA
1861-04-14 07:00:00,8.89,225,1013.55,9.44,11,",ra"
1861-04-14 12:00:00,NA,225,NA,NA,NA,NA
1861-04-14 14:00:00,9.44,NA,1009.82,10,11,",ra"
1861-04-14 21:00:00,7.78,247.5,1009.14,8.89,16,",br"
1861-04-15 07:00:00,3.89,225,1011.51,5,2,NA
1861-04-15 12:00:00,NA,225,NA,NA,NA,NA
1861-04-15 14:00:00,10,NA,1011.85,11.11,2,NA
1861-04-15 21:00:00,11.11,225,1012.87,12.78,2,NA
1861-04-16 07:00:00,4.44,NA,1022.69,5.56,0,",br"
1861-04-16 12:00:00,NA,225,NA,NA,NA,NA
1861-04-16 14:00:00,6.67,NA,1023.71,6.67,5,",ra"
1861-04-16 21:00:00,5.56,225,1023.71,6.67,5,",ra"
1861-04-17 07:00:00,5.56,180,1002.37,6.67,11,",ra"
1861-04-17 12:00:00,NA,180,NA,NA,NA,NA
1861-04-17 14:00:00,6.67,NA,1001.36,8.33,20,",ra"
1861-04-17 21:00:00,7.22,180,1000.68,8.89,16,",ra"
1861-04-18 07:00:00,0,225,1003.05,1.11,5,NA
1861-04-18 12:00:00,NA,225,NA,NA,NA,NA
1861-04-18 14:00:00,1.11,NA,1005.76,2.78,5,NA
1861-04-18 21:00:00,2.22,225,1007.45,3.89,5,NA
1861-04-19 07:00:00,1.11,225,1005.76,2.22,5,NA
1861-04-19 12:00:00,NA,225,NA,NA,NA,NA
1861-04-19 14:00:00,1.67,NA,1006.43,2.78,5,NA
1861-04-19 21:00:00,2.78,225,1006.77,3.89,5,NA
1861-04-20 07:00:00,1.11,337.5,1010.84,2.22,5,NA
1861-04-20 12:00:00,NA,337.5,NA,NA,NA,NA
1861-04-20 14:00:00,1.67,NA,1011.18,2.78,5,NA
1861-04-20 21:00:00,2.78,337.5,1012.53,3.89,5,NA
1861-04-21 07:00:00,2.22,337.5,1014.56,3.89,5,NA
1861-04-21 12:00:00,NA,337.5,NA,NA,NA,NA
1861-04-21 14:00:00,6.11,NA,1022.69,7.22,5,NA
1861-04-21 21:00:00,7.22,337.5,1030.14,8.89,11,NA
1861-04-22 07:00:00,4.44,315,1022.69,5.56,2,",br"
1861-04-22 12:00:00,NA,315,NA,NA,NA,NA
1861-04-22 14:00:00,7.22,NA,1026.08,8.33,2,NA
1861-04-22 21:00:00,7.78,NA,1022.69,8.89,5,NA
1861-04-23 07:00:00,3.33,135,1024.38,4.44,11,",bkn"
1861-04-23 12:00:00,NA,135,NA,NA,NA,NA
1861-04-23 14:00:00,3.33,NA,1002.37,4.44,11,",bkn"
1861-04-23 21:00:00,2.78,135,988.49,3.89,11,",bkn"
1861-04-24 07:00:00,2.22,135,988.83,3.33,2,",fg"
1861-04-24 12:00:00,NA,135,NA,NA,NA,NA
1861-04-24 14:00:00,2.22,NA,1009.82,3.33,2,",br"
1861-04-24 21:00:00,2.22,135,1022.69,3.33,5,NA
1861-04-25 07:00:00,2.78,292.5,1014.56,3.89,2,",bkn"
1861-04-25 12:00:00,NA,292.5,NA,NA,NA,NA
1861-04-25 14:00:00,3.89,NA,1012.53,4.44,2,NA
1861-04-25 21:00:00,3.89,292.5,1009.82,5,2,NA
1861-04-26 07:00:00,4.44,270,1011.85,6.11,5,NA
1861-04-26 12:00:00,NA,270,NA,NA,NA,NA
1861-04-26 14:00:00,8.89,NA,1011.85,7.22,5,NA
1861-04-26 21:00:00,10,292.5,1012.19,11.11,5,NA
1861-04-27 07:00:00,7.22,315,1016.59,8.33,11,NA
1861-04-27 12:00:00,NA,315,NA,NA,NA,NA
1861-04-27 14:00:00,7.22,NA,1014.56,8.33,11,NA
1861-04-27 21:00:00,7.78,315,1012.53,9.44,5,NA
1861-04-28 07:00:00,5.56,225,1013.21,6.67,2,",bkn"
1861-04-28 12:00:00,NA,180,NA,NA,NA,NA
1861-04-28 14:00:00,5.56,NA,1015.92,6.67,2,NA
1861-04-28 21:00:00,6.11,135,1019.3,7.22,5,NA
1861-04-29 07:00:00,4.44,135,1015.92,6.11,2,",br"
1861-04-29 12:00:00,NA,135,NA,NA,NA,NA
1861-04-29 14:00:00,4.44,NA,1014.56,5.56,2,NA
1861-04-29 21:00:00,4.44,135,1013.88,5.56,5,NA
1861-04-30 07:00:00,7.78,NA,1012.53,8.89,0,NA
1861-04-30 12:00:00,NA,180,NA,NA,NA,NA
1861-04-30 14:00:00,8.33,NA,1009.14,9.44,1,NA
1861-04-30 21:00:00,8.33,135,1009.14,10,2,NA
1861-05-01 07:00:00,3.33,135,1004.06,4.44,5,",ra"
1861-05-01 12:00:00,NA,225,NA,NA,NA,NA
1861-05-01 14:00:00,7.78,NA,1003.73,9.44,16,NA
1861-05-01 21:00:00,7.78,225,1003.73,9.44,16,NA
1861-05-02 07:00:00,2.22,315,1011.18,3.33,5,",sn"
1861-05-02 12:00:00,NA,315,NA,NA,NA,NA
1861-05-02 14:00:00,1.67,NA,1011.18,3.33,5,NA
1861-05-02 21:00:00,1.67,315,1011.18,3.33,5,NA
1861-05-03 07:00:00,-0.56,315,1015.24,0.56,5,NA
1861-05-03 12:00:00,NA,315,NA,NA,NA,NA
1861-05-03 14:00:00,2.22,NA,1015.92,3.89,5,NA
1861-05-03 21:00:00,2.22,315,1015.92,3.89,5,NA
1861-05-04 07:00:00,1.67,315,1021.33,2.78,5,NA
1861-05-04 12:00:00,NA,315,NA,NA,NA,NA
1861-05-04 14:00:00,2.78,NA,1019.98,3.89,5,NA
1861-05-04 21:00:00,2.22,315,1019.3,3.33,5,NA
1861-05-05 07:00:00,1.11,22.5,1013.55,2.22,16,NA
1861-05-05 12:00:00,NA,22.5,NA,NA,NA,NA
1861-05-05 14:00:00,3.89,NA,1014.22,5,11,NA
1861-05-05 21:00:00,4.44,22.5,1015.58,6.11,5,NA
1861-05-06 07:00:00,3.33,337.5,1017.27,4.44,2,",br"
1861-05-06 12:00:00,NA,315,NA,NA,NA,NA
1861-05-06 14:00:00,8.89,NA,1017.95,11.11,2,NA
1861-05-06 21:00:00,11.11,247.5,1018.63,12.78,5,NA
1861-05-07 07:00:00,6.67,135,1010.84,8.33,11,",ra"
1861-05-07 12:00:00,NA,135,NA,NA,NA,NA
1861-05-07 14:00:00,7.78,NA,1006.43,8.89,11,",ra"
1861-05-07 21:00:00,8.33,135,1004.06,9.44,11,",ra"
1861-05-08 07:00:00,7.78,225,1010.16,8.89,2,NA
1861-05-08 12:00:00,NA,202.5,NA,NA,NA,NA
1861-05-08 14:00:00,12.22,NA,1011.18,13.33,2,NA
1861-05-08 21:00:00,13.89,135,1011.85,15.56,2,",br"
1861-05-09 07:00:00,7.22,135,1013.21,8.33,2,",fg"
1861-05-09 12:00:00,NA,135,NA,NA,NA,NA
1861-05-09 14:00:00,8.89,NA,1013.21,10,2,NA
1861-05-09 21:00:00,9.44,135,1013.21,10.56,2,NA
1861-05-10 07:00:00,8.33,315,1013.55,9.44,1,NA
1861-05-10 12:00:00,NA,315,NA,NA,NA,NA
1861-05-10 14:00:00,11.11,NA,1013.55,12.22,2,NA
1861-05-10 21:00:00,12.22,315,1013.55,13.33,2,",ra"
1861-05-11 07:00:00,7.22,315,1013.55,8.33,1,NA
1861-05-11 12:00:00,NA,135,NA,NA,NA,NA
1861-05-11 14:00:00,10,NA,1012.53,11.67,2,NA
1861-05-11 21:00:00,10,135,1012.53,11.67,2,NA
1861-05-12 07:00:00,6.11,45,1015.92,7.22,2,",br"
1861-05-12 12:00:00,NA,45,NA,NA,NA,NA
1861-05-12 14:00:00,7.22,NA,1016.93,8.33,2,NA
1861-05-12 21:00:00,7.78,0,1017.61,9.44,5,NA
1861-05-13 07:00:00,5.56,22.5,1024.38,6.67,5,",bkn"
1861-05-13 12:00:00,NA,315,NA,NA,NA,NA
1861-05-13 14:00:00,7.78,NA,1024.38,8.89,2,NA
1861-05-13 21:00:00,8.89,315,1024.38,10,2,NA
1861-05-14 07:00:00,6.67,225,1026.75,7.78,2,",bkn"
1861-05-14 12:00:00,NA,135,NA,NA,NA,NA
1861-05-14 14:00:00,7.78,NA,1025.4,8.89,5,NA
1861-05-14 21:00:00,7.78,157.5,1023.37,8.89,5,NA
1861-05-15 07:00:00,6.11,315,1012.53,7.22,1,",br"
1861-05-15 12:00:00,NA,315,NA,NA,NA,NA
1861-05-15 14:00:00,11.11,NA,1012.87,11.67,1,NA
1861-05-15 21:00:00,11.11,315,1013.21,12.22,1,NA
1861-05-16 07:00:00,8.33,135,1015.92,9.44,2,NA
1861-05-16 12:00:00,NA,135,NA,NA,NA,NA
1861-05-16 14:00:00,9.44,NA,1015.24,10.56,2,NA
1861-05-16 21:00:00,9.44,135,1014.9,11.11,2,NA
1861-05-17 07:00:00,4.44,135,1011.85,6.11,2,",br"
1861-05-17 12:00:00,NA,135,NA,NA,NA,NA
1861-05-17 14:00:00,5.56,NA,1011.51,6.67,2,",br"
1861-05-17 21:00:00,5.56,135,1011.51,6.67,2,",br"
1861-05-18 07:00:00,6.11,315,1013.55,7.22,2,NA
1861-05-18 12:00:00,NA,315,NA,NA,NA,NA
1861-05-18 14:00:00,7.22,NA,1015.24,8.33,2,NA
1861-05-18 21:00:00,7.78,315,1015.24,8.89,5,NA
1861-05-19 07:00:00,7.78,0,1016.59,8.89,2,NA
1861-05-19 12:00:00,NA,22.5,NA,NA,NA,NA
1861-05-19 14:00:00,10,NA,1016.93,11.11,11,",br"
1861-05-19 21:00:00,11.11,22.5,1018.29,12.22,11,",br"
1861-05-20 07:00:00,10,225,1019.98,11.11,2,NA
1861-05-20 12:00:00,NA,225,NA,NA,NA,NA
1861-05-20 14:00:00,12.78,NA,1019.98,13.89,2,NA
1861-05-20 21:00:00,13.33,225,1020.32,15,2,NA
1861-05-21 07:00:00,6.11,135,1020.32,7.22,5,",ra"
1861-05-21 12:00:00,NA,90,NA,NA,NA,NA
1861-05-21 14:00:00,4.44,NA,1015.92,6.11,11,",ra"
1861-05-21 21:00:00,3.89,90,1009.82,5.56,11,",ra"
1861-05-22 07:00:00,5.56,315,984.76,6.67,11,NA
1861-05-22 12:00:00,NA,315,NA,NA,NA,NA
1861-05-22 14:00:00,9.44,NA,1020.66,10.56,11,NA
1861-05-22 21:00:00,10,0,1023.37,11.11,5,NA
1861-05-23 07:00:00,8.89,315,1030.48,10,1,NA
1861-05-23 12:00:00,NA,315,NA,NA,NA,NA
1861-05-23 14:00:00,11.11,NA,1030.48,12.78,2,NA
1861-05-23 21:00:00,12.78,180,1030.48,13.89,2,NA
1861-05-24 07:00:00,10,225,1031.49,11.11,2,",skc"
1861-05-24 12:00:00,NA,225,NA,NA,NA,NA
1861-05-24 14:00:00,14.44,NA,1031.16,15.56,5,",skc"
1861-05-24 21:00:00,15,225,1028.78,16.11,5,",skc"
1861-05-25 07:00:00,11.11,180,1020.66,11.67,5,NA
1861-05-25 12:00:00,NA,225,NA,NA,NA,NA
1861-05-25 14:00:00,12.78,NA,1018.63,13.89,5,NA
1861-05-25 21:00:00,13.89,225,1014.56,15,5,NA
1861-05-26 07:00:00,10,225,1009.14,11.11,1,",br"
1861-05-26 12:00:00,NA,225,NA,NA,NA,NA
1861-05-26 14:00:00,11.11,NA,1007.79,12.22,2,NA
1861-05-26 21:00:00,11.11,225,1007.45,12.22,2,NA
1861-05-27 07:00:00,11.67,135,1008.47,12.78,2,NA
1861-05-27 12:00:00,NA,135,NA,NA,NA,NA
1861-05-27 14:00:00,11.67,NA,1005.76,12.78,2,",br"
1861-05-27 21:00:00,13.89,135,1004.4,11.67,5,",ra"
1861-05-28 07:00:00,9.44,225,993.57,10.56,5,NA
1861-05-28 12:00:00,NA,225,NA,NA,NA,NA
1861-05-28 14:00:00,10,NA,994.92,11.11,11,",ra"
1861-05-28 21:00:00,10.56,225,995.6,11.67,5,",ra"
1861-05-29 07:00:00,10,270,1016.93,11.11,2,NA
1861-05-29 12:00:00,NA,270,NA,NA,NA,NA
1861-05-29 14:00:00,13.33,NA,1017.61,14.44,2,NA
1861-05-29 21:00:00,14.44,270,1017.95,15.56,5,NA
1861-05-30 07:00:00,12.78,225,1020.32,13.89,1,NA
1861-05-30 12:00:00,NA,315,NA,NA,NA,NA
1861-05-30 14:00:00,14.44,NA,1020.32,15.56,2,NA
1861-05-30 21:00:00,16.11,315,1021,17.22,2,NA
1861-05-31 07:00:00,15,315,1028.45,15.56,1,",skc"
1861-05-31 12:00:00,NA,315,NA,NA,NA,NA
1861-05-31 14:00:00,19.44,NA,1028.45,21.11,11,",skc"
1861-05-31 21:00:00,19.44,315,1027.43,21.11,11,",skc"
1861-06-01 07:00:00,13.89,247.5,1026.08,14.44,2,",bkn"
1861-06-01 12:00:00,NA,247.5,NA,NA,NA,NA
1861-06-01 14:00:00,17.78,NA,1024.72,19.44,2,",br"
1861-06-01 21:00:00,17.78,225,1024.72,19.44,5,NA
1861-06-02 07:00:00,11.67,22.5,1029.46,12.78,5,NA
1861-06-02 12:00:00,NA,22.5,NA,NA,NA,NA
1861-06-02 14:00:00,12.78,NA,1030.14,13.89,5,NA
1861-06-02 21:00:00,14.44,22.5,1030.82,15,5,NA
1861-06-03 07:00:00,8.33,135,1029.46,9.44,5,NA
1861-06-03 12:00:00,NA,135,NA,NA,NA,NA
1861-06-03 14:00:00,7.78,NA,1023.71,9.44,5,",ra"
1861-06-03 21:00:00,7.78,135,1022.69,8.89,5,",ra"
1861-06-04 07:00:00,12.78,225,1010.16,13.89,2,NA
1861-06-04 12:00:00,NA,315,NA,NA,NA,NA
1861-06-04 14:00:00,14.44,NA,1010.84,16.11,2,NA
1861-06-04 21:00:00,15,315,1011.51,16.11,5,NA
1861-06-05 07:00:00,12.22,315,1027.09,13.33,2,NA
1861-06-05 12:00:00,NA,315,NA,NA,NA,NA
1861-06-05 14:00:00,13.89,NA,1027.09,15,2,NA
1861-06-05 21:00:00,15,315,1029.46,16.67,2,NA
1861-06-06,NA,NA,NA,NA,NA,NA
1861-06-06 07:00:00,12.78,NA,1032.85,13.89,0,NA
1861-06-06 12:00:00,NA,225,NA,NA,NA,NA
1861-06-06 14:00:00,17.78,NA,1032.85,18.89,5,",br"
1861-06-06 21:00:00,18.33,225,1032.85,19.44,5,",br"
1861-06-07,NA,NA,NA,NA,NA,NA
1861-06-07 07:00:00,11.67,225,1026.75,12.78,2,NA
1861-06-07 12:00:00,NA,180,NA,NA,NA,NA
1861-06-07 14:00:00,14.44,NA,1025.06,15.56,5,",ra"
1861-06-07 21:00:00,14.44,180,1023.71,15.56,5,",ra"
1861-06-08,NA,NA,NA,NA,NA,NA
1861-06-08 07:00:00,15,135,1019.98,16.11,2,NA
1861-06-08 12:00:00,NA,135,NA,NA,NA,NA
1861-06-08 14:00:00,17.22,NA,1019.98,18.89,5,NA
1861-06-08 21:00:00,14.44,135,1020.32,15.56,2,NA
1861-06-09,NA,NA,NA,NA,NA,NA
1861-06-09 07:00:00,15,157.5,1022.69,16.11,5,NA
1861-06-09 12:00:00,NA,157.5,NA,NA,NA,NA
1861-06-09 14:00:00,16.67,NA,1022.01,17.78,5,NA
1861-06-09 21:00:00,17.22,135,1021.33,18.33,5,NA
1861-06-10,NA,NA,NA,NA,NA,NA
1861-06-10 07:00:00,16.11,225,1019.64,17.22,5,NA
1861-06-10 12:00:00,NA,225,NA,NA,NA,NA
1861-06-10 14:00:00,16.11,NA,1019.64,17.22,5,NA
1861-06-10 21:00:00,17.22,225,1019.64,18.89,5,NA
1861-06-11,NA,NA,NA,NA,NA,NA
1861-06-11 07:00:00,16.67,225,1019.3,17.22,5,NA
1861-06-11 12:00:00,NA,225,NA,NA,NA,NA
1861-06-11 14:00:00,20,NA,1019.3,21.11,5,NA
1861-06-11 21:00:00,20,225,1021.67,21.11,2,NA
1861-06-12,NA,NA,NA,NA,NA,NA
1861-06-12 07:00:00,15.56,225,1012.53,16.67,5,NA
1861-06-12 12:00:00,NA,225,NA,NA,NA,NA
1861-06-12 14:00:00,19.44,NA,1010.16,20.56,5,NA
1861-06-12 21:00:00,19.44,225,1009.14,20.56,11,NA
1861-06-13,NA,NA,NA,NA,NA,NA
1861-06-13 07:00:00,16.67,337.5,1012.53,17.78,2,NA
1861-06-13 12:00:00,NA,337.5,NA,NA,NA,NA
1861-06-13 14:00:00,18.33,NA,1013.55,19.44,2,NA
1861-06-13 21:00:00,18.89,315,1013.55,20,2,NA
1861-06-14,NA,NA,NA,NA,NA,NA
1861-06-14 07:00:00,15.56,315,1022.01,16.11,5,NA
1861-06-14 12:00:00,NA,315,NA,NA,NA,NA
1861-06-14 14:00:00,16.11,NA,1022.01,16.67,5,NA
1861-06-14 21:00:00,16.67,270,1022.01,17.78,5,NA
1861-06-15,NA,NA,NA,NA,NA,NA
1861-06-15 07:00:00,14.44,270,1019.98,15.56,5,",bkn"
1861-06-15 12:00:00,NA,270,NA,NA,NA,NA
1861-06-15 14:00:00,15.56,NA,1018.29,16.11,2,",ra"
1861-06-15 21:00:00,16.67,270,1010.84,17.78,2,",ra"
1861-06-16,NA,NA,NA,NA,NA,NA
1861-06-16 07:00:00,14.44,225,1006.77,15.56,5,",bkn"
1861-06-16 12:00:00,NA,225,NA,NA,NA,NA
1861-06-16 14:00:00,17.22,NA,1006.43,18.33,2,",bkn"
1861-06-16 21:00:00,17.78,225,1006.43,18.89,2,",bkn"
1861-06-17,NA,NA,NA,NA,NA,NA
1861-06-17 07:00:00,13.89,0,1015.92,15,5,NA
1861-06-17 12:00:00,NA,135,NA,NA,NA,NA
1861-06-17 14:00:00,15.56,NA,1015.92,16.67,5,NA
1861-06-17 21:00:00,16.11,225,1017.27,17.22,5,NA
1861-06-18,NA,NA,NA,NA,NA,NA
1861-06-18 07:00:00,12.22,NA,1024.38,13.33,0,NA
1861-06-18 12:00:00,NA,135,NA,NA,NA,NA
1861-06-18 14:00:00,14.44,NA,1024.38,15.56,5,NA
1861-06-18 21:00:00,14.44,135,1024.04,15.56,5,NA
1861-06-19,NA,NA,NA,NA,NA,NA
1861-06-19 07:00:00,10,0,1019.98,11.11,2,",bkn"
1861-06-19 12:00:00,NA,NA,NA,NA,NA,NA
1861-06-19 14:00:00,15,NA,1019.3,16.11,0,NA
1861-06-19 21:00:00,16.67,225,1019.3,17.78,2,NA
1861-06-20,NA,NA,NA,NA,NA,NA
1861-06-20 07:00:00,14.44,225,1016.59,15.56,2,NA
1861-06-20 12:00:00,NA,225,NA,NA,NA,NA
1861-06-20 14:00:00,17.22,NA,1015.92,18.33,5,NA
1861-06-20 21:00:00,17.78,225,1015.92,18.89,11,",bkn"
1861-06-21,NA,NA,NA,NA,NA,NA
1861-06-21 07:00:00,13.89,315,1017.95,15,2,NA
1861-06-21 12:00:00,NA,315,NA,NA,NA,NA
1861-06-21 14:00:00,16.11,NA,1017.27,17.22,2,NA
1861-06-21 21:00:00,17.22,315,1016.93,18.33,2,",bkn"
1861-06-22,NA,NA,NA,NA,NA,NA
1861-06-22 07:00:00,12.78,112.5,1015.92,13.89,2,",bkn"
1861-06-22 12:00:00,NA,112.5,NA,NA,NA,NA
1861-06-22 14:00:00,12.78,NA,1011.85,13.89,2,",ra"
1861-06-22 21:00:00,12.78,225,1009.14,14.44,2,",ra"
1861-06-23,NA,NA,NA,NA,NA,NA
1861-06-23 07:00:00,15.56,225,1010.84,16.11,5,NA
1861-06-23 12:00:00,NA,225,NA,NA,NA,NA
1861-06-23 14:00:00,16.67,NA,1010.84,17.78,5,NA
1861-06-23 21:00:00,18.33,247.5,1010.5,18.89,5,NA
1861-06-24,NA,NA,NA,NA,NA,NA
1861-06-24 07:00:00,15,315,1009.48,16.11,2,NA
1861-06-24 12:00:00,NA,315,NA,NA,NA,NA
1861-06-24 14:00:00,17.78,NA,1008.47,18.89,2,NA
1861-06-24 21:00:00,18.33,315,1007.11,18.89,5,NA
1861-06-25,NA,NA,NA,NA,NA,NA
1861-06-25 07:00:00,13.33,337.5,1014.56,14.44,5,",ra"
1861-06-25 12:00:00,NA,337.5,NA,NA,NA,NA
1861-06-25 14:00:00,15.56,NA,1016.59,16.67,5,NA
1861-06-25 21:00:00,16.11,315,1019.3,17.22,5,NA
1861-06-26,NA,NA,NA,NA,NA,NA
1861-06-26 07:00:00,17.22,315,1022.69,17.78,1,NA
1861-06-26 12:00:00,NA,225,NA,NA,NA,NA
1861-06-26 14:00:00,20.56,NA,1022.69,21.67,5,NA
1861-06-26 21:00:00,20.56,225,1022.01,21.67,5,NA
1861-06-27,NA,NA,NA,NA,NA,NA
1861-06-27 07:00:00,14.44,247.5,1015.58,15.56,11,",ra"
1861-06-27 12:00:00,NA,247.5,NA,NA,NA,NA
1861-06-27 14:00:00,17.78,NA,1015.58,18.33,2,",ra"
1861-06-27 21:00:00,16.67,247.5,1012.87,17.78,2,",ra"
1861-06-28,NA,NA,NA,NA,NA,NA
1861-06-28 07:00:00,18.89,225,1015.24,20,2,NA
1861-06-28 12:00:00,NA,247.5,NA,NA,NA,NA
1861-06-28 14:00:00,20,NA,1014.56,21.11,2,NA
1861-06-28 21:00:00,21.11,337.5,1013.88,22.22,2,NA
1861-06-29,NA,NA,NA,NA,NA,NA
1861-06-29 07:00:00,18.33,112.5,1017.95,19.44,1,NA
1861-06-29 12:00:00,NA,135,NA,NA,NA,NA
1861-06-29 14:00:00,21.11,NA,1017.95,22.22,2,NA
1861-06-29 21:00:00,21.67,270,1017.95,23.33,2,NA
1861-06-30,NA,NA,NA,NA,NA,NA
1861-06-30 07:00:00,18.33,225,1020.66,20,2,NA
1861-06-30 12:00:00,NA,225,NA,NA,NA,NA
1861-06-30 14:00:00,20,NA,1024.72,20.56,2,NA
1861-06-30 21:00:00,20,225,1027.43,21.11,2,NA
1861-07-01,NA,NA,NA,NA,NA,NA
1861-07-01 07:00:00,17.78,NA,1019.3,18.33,0,NA
1861-07-01 12:00:00,NA,135,NA,NA,NA,NA
1861-07-01 14:00:00,18.89,NA,1019.3,20,5,NA
1861-07-01 21:00:00,19.44,135,1019.3,20.56,2,NA
1861-07-02,NA,NA,NA,NA,NA,NA
1861-07-02 07:00:00,14.44,135,1024.04,15.56,1,",bkn"
1861-07-02 12:00:00,NA,135,NA,NA,NA,NA
1861-07-02 14:00:00,15.56,NA,1022.69,16.11,2,",ra"
1861-07-02 21:00:00,15.56,135,1022.01,16.67,5,",ra"
1861-07-03,NA,NA,NA,NA,NA,NA
1861-07-03 07:00:00,12.78,135,1022.69,13.89,1,NA
1861-07-03 12:00:00,NA,135,NA,NA,NA,NA
1861-07-03 14:00:00,17.22,NA,1023.37,18.33,2,NA
1861-07-03 21:00:00,17.22,45,1023.71,18.33,5,NA
1862-01-02,NA,NA,NA,NA,NA,NA
1862-01-02 07:00:00,-1.11,315,1008.47,0,16,",sn"
1862-01-02 12:00:00,NA,315,NA,NA,NA,NA
1862-01-02 14:00:00,-1.11,NA,1006.43,0,16,",sn"
1862-01-02 21:00:00,-1.11,315,1011.18,0,34,",sn"
1862-01-03,NA,NA,NA,NA,NA,NA
1862-01-03 07:00:00,-3.89,0,989.5,-3.33,20,",bkn"
1862-01-03 12:00:00,NA,0,NA,NA,NA,NA
1862-01-03 14:00:00,-4.44,NA,992.21,-3.33,20,",bkn"
1862-01-03 21:00:00,-4.44,0,993.23,-3.33,27,",bkn"
1862-01-04,NA,NA,NA,NA,NA,NA
1862-01-04 07:00:00,-6.67,0,996.61,-5.56,11,",bkn"
1862-01-04 12:00:00,NA,0,NA,NA,NA,NA
1862-01-04 14:00:00,-6.67,NA,996.61,-5.56,5,",bkn"
1862-01-04 21:00:00,-7.78,0,996.61,-6.67,5,",bkn"
1862-01-05,NA,NA,NA,NA,NA,NA
1862-01-05 07:00:00,-11.11,0,1002.37,-10,5,",bkn"
1862-01-05 12:00:00,NA,0,NA,NA,NA,NA
1862-01-05 14:00:00,-11.11,NA,1002.37,-10,5,",bkn"
1862-01-05 21:00:00,-11.11,0,1002.37,-10,2,NA
1862-01-06,NA,NA,NA,NA,NA,NA
1862-01-06 07:00:00,-10,315,1012.53,-8.89,2,NA
1862-01-06 12:00:00,NA,315,NA,NA,NA,NA
1862-01-06 14:00:00,-7.78,NA,1012.53,-6.67,2,NA
1862-01-06 21:00:00,-7.78,NA,1012.53,-6.67,0,NA
1862-01-07,NA,NA,NA,NA,NA,NA
1862-01-07 07:00:00,-7.22,0,1014.22,-6.11,1,",bkn"
1862-01-07 12:00:00,NA,0,NA,NA,NA,NA
1862-01-07 14:00:00,-5.56,NA,1012.53,-4.44,2,",bkn"
1862-01-07 21:00:00,-5.56,0,1015.92,-4.44,5,",bkn"
1862-01-08,NA,NA,NA,NA,NA,NA
1862-01-08 07:00:00,-4.44,0,1029.46,-2.78,16,",skc"
1862-01-08 12:00:00,NA,0,NA,NA,NA,NA
1862-01-08 14:00:00,-3.89,NA,1030.82,-2.22,20,",skc"
1862-01-08 21:00:00,-3.89,0,1030.82,-2.22,20,",skc"
1862-01-09,NA,NA,NA,NA,NA,NA
1862-01-09 07:00:00,-4.44,225,1023.37,-3.33,5,",sn"
1862-01-09 12:00:00,NA,225,NA,NA,NA,NA
1862-01-09 14:00:00,-3.89,NA,1019.3,-2.78,5,",sn"
1862-01-09 21:00:00,-2.22,NA,1014.9,-1.11,0,",ovc"
1862-01-10,NA,NA,NA,NA,NA,NA
1862-01-10 07:00:00,-1.67,270,1021.33,-0.56,1,NA
1862-01-10 12:00:00,NA,315,NA,NA,NA,NA
1862-01-10 14:00:00,-1.11,NA,1021.67,0.56,2,NA
1862-01-10 21:00:00,-1.11,180,1020.32,1.11,1,NA
1862-01-11,NA,NA,NA,NA,NA,NA
1862-01-11 07:00:00,0.56,315,1002.37,2.22,20,NA
1862-01-11 12:00:00,NA,337.5,NA,NA,NA,NA
1862-01-11 14:00:00,-1.67,NA,1015.92,0,27,",skc"
1862-01-11 21:00:00,-1.67,337.5,1015.92,0,34,",skc"
1862-01-12,NA,NA,NA,NA,NA,NA
1862-01-12 07:00:00,-7.22,225,1021,-5.56,1,",ovc"
1862-01-12 12:00:00,NA,225,NA,NA,NA,NA
1862-01-12 14:00:00,-5.56,NA,1016.59,-3.89,16,",sn"
1862-01-12 21:00:00,-5.56,225,1016.59,-3.89,16,",ra"
1862-01-13,NA,NA,NA,NA,NA,NA
1862-01-13 07:00:00,-6.67,315,1001.02,-5.56,11,NA
1862-01-13 12:00:00,NA,315,NA,NA,NA,NA
1862-01-13 14:00:00,-5.56,NA,1006.77,-4.44,16,",skc"
1862-01-13 21:00:00,-5,315,1006.77,-3.33,16,NA
1862-01-14,NA,NA,NA,NA,NA,NA
1862-01-14 07:00:00,-7.78,0,1040.64,-6.11,2,",skc"
1862-01-14 12:00:00,NA,0,NA,NA,NA,NA
1862-01-14 14:00:00,-6.67,NA,1043.01,-5.56,5,",skc"
1862-01-14 21:00:00,-6.67,0,1043.69,-5,2,",skc"
1862-01-15,NA,NA,NA,NA,NA,NA
1862-01-15 07:00:00,-7.22,90,1040.64,-6.11,5,NA
1862-01-15 12:00:00,NA,90,NA,NA,NA,NA
1862-01-15 14:00:00,-7.78,NA,1032.85,-6.11,20,",ovc"
1862-01-15 21:00:00,-7.78,135,1027.09,-6.11,20,",sn"
1862-01-16,NA,NA,NA,NA,NA,NA
1862-01-16 07:00:00,0.56,337.5,1004.4,2.22,16,",bkn"
1862-01-16 12:00:00,NA,337.5,NA,NA,NA,NA
1862-01-16 14:00:00,0,NA,1004.4,1.67,20,",bkn"
1862-01-16 21:00:00,0,337.5,990.86,1.67,20,",bkn"
1862-01-17,NA,NA,NA,NA,NA,NA
1862-01-17 07:00:00,-3.89,0,1036.24,-2.78,5,",skc"
1862-01-17 12:00:00,NA,0,NA,NA,NA,NA
1862-01-17 14:00:00,-3.33,NA,1036.24,-1.67,2,NA
1862-01-17 21:00:00,-3.33,0,1036.24,-1.67,1,NA
1862-01-18 07:00:00,-5.56,0,1031.83,-3.89,1,",bkn"
1862-01-18 12:00:00,NA,0,NA,NA,NA,NA
1862-01-18 14:00:00,-5,NA,1031.83,-3.33,1,",bkn"
1862-01-18 21:00:00,-5,0,1024.04,-3.33,1,",bkn"
1862-01-19,NA,NA,NA,NA,NA,NA
1862-01-19 07:00:00,-3.33,NA,1024.38,-1.67,0,",bkn"
1862-01-19 12:00:00,NA,45,NA,NA,NA,NA
1862-01-19 14:00:00,-3.33,NA,1024.38,-1.67,1,",bkn"
1862-01-19 21:00:00,-3.33,45,1024.38,-1.67,1,",sn"
1862-01-20,NA,NA,NA,NA,NA,NA
1862-01-20 07:00:00,-6.67,45,1021.67,-5.56,1,",bkn"
1862-01-20 12:00:00,NA,45,NA,NA,NA,NA
1862-01-20 14:00:00,-5.56,NA,1019.3,-4.44,1,",bkn"
1862-01-20 21:00:00,-4.44,45,1019.3,-3.33,1,",sn"
1862-01-21,NA,NA,NA,NA,NA,NA
1862-01-21 07:00:00,-3.33,22.5,1023.03,-1.67,11,NA
1862-01-21 12:00:00,NA,22.5,NA,NA,NA,NA
1862-01-21 14:00:00,-3.33,NA,1023.71,-1.67,11,NA
1862-01-21 21:00:00,-3.33,45,1025.06,-1.67,11,NA
1862-01-22,NA,NA,NA,NA,NA,NA
1862-01-22 07:00:00,-6.67,45,1029.46,-5.56,11,",bkn"
1862-01-22 12:00:00,NA,90,NA,NA,NA,NA
1862-01-22 14:00:00,-5.56,NA,1029.46,-4.44,11,",bkn"
1862-01-22 21:00:00,-4.44,90,1027.09,-3.33,5,",bkn"
1862-01-23,NA,NA,NA,NA,NA,NA
1862-01-23 07:00:00,-2.22,90,1019.98,-1.11,2,",sn"
1862-01-23 12:00:00,NA,135,NA,NA,NA,NA
1862-01-23 14:00:00,-2.22,NA,1018.96,-0.56,2,",bkn"
1862-01-23 21:00:00,-1.11,NA,1017.95,0.56,0,",bkn"
1862-01-24,NA,NA,NA,NA,NA,NA
1862-01-24 07:00:00,-1.11,22.5,1020.66,0.56,2,NA
1862-01-24 12:00:00,NA,0,NA,NA,NA,NA
1862-01-24 14:00:00,-0.56,NA,1021.33,0.56,11,NA
1862-01-24 21:00:00,0,0,1024.38,1.67,11,NA
1862-01-25,NA,NA,NA,NA,NA,NA
1862-01-25 07:00:00,-3.89,NA,1031.83,-2.78,0,",bkn"
1862-01-25 12:00:00,NA,112.5,NA,NA,NA,NA
1862-01-25 14:00:00,-3.33,NA,1029.46,-1.67,11,",bkn"
1862-01-25 21:00:00,-3.33,135,1026.75,-1.67,20,",ovc"
1862-01-26,NA,NA,NA,NA,NA,NA
1862-01-26 07:00:00,0,180,1003.05,1.11,20,",ra"
1862-01-26 12:00:00,NA,225,NA,NA,NA,NA
1862-01-26 14:00:00,1.11,NA,1002.03,2.22,11,",bkn"
1862-01-26 21:00:00,1.11,225,1001.36,2.22,11,",bkn"
1862-01-27,NA,NA,NA,NA,NA,NA
1862-01-27 07:00:00,-1.67,315,1001.02,-0.56,20,",bkn"
1862-01-27 12:00:00,NA,315,NA,NA,NA,NA
1862-01-27 14:00:00,-1.67,NA,1001.02,-0.56,20,",bkn"
1862-01-27 21:00:00,-1.67,315,1001.69,-0.56,20,",bkn"
1862-01-28,NA,NA,NA,NA,NA,NA
1862-01-28 07:00:00,-2.78,0,1017.61,-1.67,34,",bkn"
1862-01-28 12:00:00,NA,0,NA,NA,NA,NA
1862-01-28 14:00:00,-2.22,NA,1018.29,-1.11,27,",bkn"
1862-01-28 21:00:00,-2.22,0,1019.3,-0.56,27,",bkn"
1862-01-29,NA,NA,NA,NA,NA,NA
1862-01-29 07:00:00,-4.44,0,1024.38,-3.33,16,NA
1862-01-29 12:00:00,NA,22.5,NA,NA,NA,NA
1862-01-29 14:00:00,-3.33,NA,1020.32,-1.67,1,NA
1862-01-29 21:00:00,-2.78,0,1022.69,-1.11,1,NA
1862-01-30 07:00:00,-3.89,NA,1021,-2.78,0,",sn"
1862-01-30 12:00:00,NA,NA,NA,NA,NA,NA
1862-01-30 14:00:00,-3.33,NA,1019.3,-2.22,0,",bkn"
1862-01-30 21:00:00,-2.78,NA,1018.29,-1.11,0,",bkn"
1862-01-31 07:00:00,-3.33,22.5,1017.95,-1.67,20,",bkn"
1862-01-31 12:00:00,NA,0,NA,NA,NA,NA
1862-01-31 14:00:00,-3.33,NA,1019.3,-1.67,20,NA
1862-01-31 21:00:00,-3.89,0,1024.38,-2.22,20,NA
1862-02-01 07:00:00,-5.56,0,1026.08,-4.44,11,",skc"
1862-02-01 12:00:00,NA,0,NA,NA,NA,NA
1862-02-01 14:00:00,-3.89,NA,1029.12,-2.78,11,",skc"
1862-02-01 21:00:00,-3.89,0,1027.77,-2.78,5,",skc"
1862-02-02 07:00:00,-7.78,NA,1023.03,-6.67,0,",bkn"
1862-02-02 12:00:00,NA,NA,NA,NA,NA,NA
1862-02-02 14:00:00,-6.67,NA,1022.69,-5.56,0,",bkn"
1862-02-02 21:00:00,-5,0,1019.98,-3.89,0,",bkn"
1862-02-03 07:00:00,-4.44,315,1024.72,-3.33,20,NA
1862-02-03 12:00:00,NA,315,NA,NA,NA,NA
1862-02-03 14:00:00,-3.89,NA,1024.72,-2.78,16,",skc"
1862-02-03 21:00:00,-3.89,315,1025.4,-2.78,16,",skc"
1862-02-04 07:00:00,-8.33,NA,1024.72,-7.22,0,NA
1862-02-04 12:00:00,NA,0,NA,NA,NA,NA
1862-02-04 14:00:00,-5,NA,1022.01,-3.33,1,NA
1862-02-04 21:00:00,-4.44,0,1022.01,-2.22,2,NA
1862-02-05 07:00:00,-6.67,0,1022.01,-5.56,2,",skc"
1862-02-05 12:00:00,NA,0,NA,NA,NA,NA
1862-02-05 14:00:00,-3.89,NA,1021.33,-2.78,5,",skc"
1862-02-05 21:00:00,-3.89,0,1021.33,-2.78,11,",skc"
1862-02-06 07:00:00,-7.22,0,1017.95,-6.11,1,",skc"
1862-02-06 12:00:00,NA,0,NA,NA,NA,NA
1862-02-06 14:00:00,-3.89,NA,1015.92,-2.78,2,",skc"
1862-02-06 21:00:00,-3.33,0,1013.88,-2.22,2,",skc"
1862-02-07 07:00:00,-4.44,NA,1004.4,-3.33,0,NA
1862-02-07 12:00:00,NA,0,NA,NA,NA,NA
1862-02-07 14:00:00,-3.89,NA,1003.73,-2.22,1,",bkn"
1862-02-07 21:00:00,-2.78,0,1004.4,-1.11,1,",sn"
1862-02-08 07:00:00,-3.33,315,1009.14,-2.22,2,",bkn"
1862-02-08 12:00:00,NA,315,NA,NA,NA,NA
1862-02-08 14:00:00,-2.78,NA,1009.14,-1.67,2,",bkn"
1862-02-08 21:00:00,-2.78,315,1009.14,-1.67,2,",bkn"
1862-02-09 07:00:00,-5,0,1009.14,-3.89,1,",skc"
1862-02-09 12:00:00,NA,0,NA,NA,NA,NA
1862-02-09 14:00:00,-5,NA,1009.14,-3.89,1,",skc"
1862-02-09 21:00:00,-5,0,1004.06,-3.89,1,NA
1862-02-10 07:00:00,-6.67,337.5,1012.53,-5.56,5,",skc"
1862-02-10 12:00:00,NA,0,NA,NA,NA,NA
1862-02-10 14:00:00,-4.44,NA,1012.53,-2.78,5,",skc"
1862-02-10 21:00:00,-4.44,0,1014.22,-2.78,5,NA
1862-02-11 07:00:00,-8.89,NA,1017.61,-7.78,0,NA
1862-02-11 12:00:00,NA,0,NA,NA,NA,NA
1862-02-11 14:00:00,-7.78,NA,1017.61,-6.11,1,",skc"
1862-02-11 21:00:00,-5,45,1017.61,-3.33,2,NA
1862-02-12 07:00:00,-8.89,NA,1016.93,-7.78,0,NA
1862-02-12 12:00:00,NA,180,NA,NA,NA,NA
1862-02-12 14:00:00,-7.78,NA,1019.3,-6.67,1,",bkn"
1862-02-12 21:00:00,-6.67,180,1019.98,-5.56,1,",bkn"
1862-02-13 07:00:00,-3.33,NA,1020.32,-2.22,0,",sn"
1862-02-13 12:00:00,NA,180,NA,NA,NA,NA
1862-02-13 14:00:00,-3.33,NA,1020.66,-2.22,1,",bkn"
1862-02-13 21:00:00,-1.67,180,1021.33,0,2,",bkn"
1862-02-14 07:00:00,-1.67,135,1019.3,-0.56,2,",bkn"
1862-02-14 12:00:00,NA,135,NA,NA,NA,NA
1862-02-14 14:00:00,-1.11,NA,1017.27,0,11,",bkn"
1862-02-14 21:00:00,-1.11,135,1011.51,0.56,11,",ra"
1862-02-15 07:00:00,-1.11,0,1019.3,0,1,NA
1862-02-15 12:00:00,NA,0,NA,NA,NA,NA
1862-02-15 14:00:00,2.22,NA,1019.3,3.33,1,NA
1862-02-15 21:00:00,2.22,315,1019.3,3.33,1,NA
1862-02-16 07:00:00,-2.22,0,1019.3,-1.11,5,NA
1862-02-16 12:00:00,NA,0,NA,NA,NA,NA
1862-02-16 14:00:00,-1.11,NA,1019.3,0.56,11,NA
1862-02-16 21:00:00,-1.11,0,1022.69,0.56,16,NA
1862-02-17 07:00:00,-5,0,1033.86,-3.89,2,NA
1862-02-17 12:00:00,NA,0,NA,NA,NA,NA
1862-02-17 14:00:00,-2.78,NA,1031.49,-1.11,5,NA
1862-02-17 21:00:00,-2.22,0,1031.49,-0.56,5,NA
1862-02-18 07:00:00,-7.78,315,1022.69,-6.67,5,",bkn"
1862-02-18 12:00:00,NA,90,NA,NA,NA,NA
1862-02-18 14:00:00,-7.78,NA,1022.69,-6.67,11,",sn"
1862-02-18 21:00:00,-6.67,135,1016.93,-5.56,16,",sn"
1862-02-19 07:00:00,-6.67,337.5,1024.72,-5.56,20,",skc"
1862-02-19 12:00:00,NA,0,NA,NA,NA,NA
1862-02-19 14:00:00,-4.44,NA,1024.72,-2.78,11,",skc"
1862-02-19 21:00:00,-4.44,0,1026.08,-2.78,11,",skc"
1862-02-20 07:00:00,-5.56,67.5,1008.13,-5,27,",sn"
1862-02-20 12:00:00,NA,45,NA,NA,NA,NA
1862-02-20 14:00:00,-5,NA,1000.34,-3.89,27,",sn"
1862-02-20 21:00:00,-5,45,999.66,-3.89,34,",sn"
1862-02-21 07:00:00,-7.78,315,1017.27,-6.67,20,NA
1862-02-21 12:00:00,NA,315,NA,NA,NA,NA
1862-02-21 14:00:00,-4.44,NA,1019.3,-3.33,20,NA
1862-02-21 21:00:00,-4.44,315,1019.64,-3.33,20,NA
1862-02-22 07:00:00,-8.89,180,1019.3,-7.78,5,",bkn"
1862-02-22 12:00:00,NA,180,NA,NA,NA,NA
1862-02-22 14:00:00,-6.67,NA,1019.3,-5.56,5,",bkn"
1862-02-22 21:00:00,-6.67,180,1019.3,-5.56,11,",sn"
1862-02-23 07:00:00,-4.44,180,1012.53,-3.33,2,",bkn"
1862-02-23 12:00:00,NA,180,NA,NA,NA,NA
1862-02-23 14:00:00,-2.78,NA,1012.53,-1.11,5,",bkn"
1862-02-23 21:00:00,-2.78,180,1014.9,-1.11,5,",bkn"
1862-02-24 07:00:00,-1.11,180,1010.16,0,2,",bkn"
1862-02-24 12:00:00,NA,180,NA,NA,NA,NA
1862-02-24 14:00:00,-1.11,NA,1010.16,0,5,",bkn"
1862-02-24 21:00:00,-1.11,180,992.21,0,11,",ra"
1862-02-25 07:00:00,0,0,969.18,1.67,40,",sn"
1862-02-25 12:00:00,NA,337.5,NA,NA,NA,NA
1862-02-25 14:00:00,-1.67,NA,981.04,-0.56,45,",sn"
1862-02-25 21:00:00,-1.67,337.5,984.42,-0.56,45,",sn"
1862-02-26 07:00:00,-6.11,0,1001.02,-5,34,NA
1862-02-26 12:00:00,NA,0,NA,NA,NA,NA
1862-02-26 14:00:00,-4.44,NA,1003.73,-3.33,20,NA
1862-02-26 21:00:00,-4.44,0,1003.73,-3.33,20,",bkn"
1862-02-27 07:00:00,-3.89,0,1009.14,-2.78,1,",bkn"
1862-02-27 12:00:00,NA,NA,NA,NA,NA,NA
1862-02-27 14:00:00,0,NA,1009.14,2.22,0,",bkn"
1862-02-27 21:00:00,0,NA,1005.76,2.22,0,",bkn"
1862-02-28 07:00:00,-0.56,90,982.05,0.56,45,",ra"
1862-02-28 12:00:00,NA,90,NA,NA,NA,NA
1862-02-28 14:00:00,-0.56,NA,981.04,1.11,27,",bkn"
1862-02-28 21:00:00,-0.56,90,981.04,1.11,20,",sn"
1862-03-01 07:00:00,-1.11,135,995.6,0,20,",bkn"
1862-03-01 12:00:00,NA,135,NA,NA,NA,NA
1862-03-01 14:00:00,0.56,NA,995.6,2.22,16,",bkn"
1862-03-01 21:00:00,0.56,90,995.94,2.22,16,",bkn"
1862-03-02 07:00:00,0,0,996.28,1.11,27,",bkn"
1862-03-02 12:00:00,NA,0,NA,NA,NA,NA
1862-03-02 14:00:00,0.56,NA,998.98,2.22,27,",bkn"
1862-03-02 21:00:00,0.56,0,1000,2.22,20,",bkn"
1862-03-03 07:00:00,1.11,0,1006.77,2.22,11,",bkn"
1862-03-03 12:00:00,NA,0,NA,NA,NA,NA
1862-03-03 14:00:00,2.22,NA,1007.79,3.33,11,NA
1862-03-03 21:00:00,3.33,0,1011.85,5,11,NA
1862-03-04 07:00:00,1.11,90,1012.53,2.22,1,",bkn"
1862-03-04 12:00:00,NA,90,NA,NA,NA,NA
1862-03-04 14:00:00,1.11,NA,1009.14,2.78,2,",bkn"
1862-03-04 21:00:00,1.11,180,1005.76,2.78,2,",bkn"
1862-03-05 07:00:00,0,180,1001.02,1.11,2,",sn"
1862-03-05 12:00:00,NA,180,NA,NA,NA,NA
1862-03-05 14:00:00,0.56,NA,1000.68,1.67,2,",bkn"
1862-03-05 21:00:00,0.56,180,1000.68,1.67,2,",bkn"
1862-03-06 07:00:00,-1.11,NA,1001.69,0,0,",bkn"
1862-03-06 12:00:00,NA,NA,NA,NA,NA,NA
1862-03-06 14:00:00,1.11,NA,1000.68,2.78,0,",bkn"
1862-03-06 21:00:00,1.11,NA,1001.69,2.78,0,",bkn"
1862-03-07 07:00:00,-0.56,NA,1003.39,0.56,0,",fg"
1862-03-07 12:00:00,NA,NA,NA,NA,NA,NA
1862-03-07 14:00:00,5,NA,1006.1,6.67,0,NA
1862-03-07 21:00:00,5,0,1006.1,6.67,1,",bkn"
1862-03-08 07:00:00,0,0,1005.76,1.67,2,",sn"
1862-03-08 12:00:00,NA,0,NA,NA,NA,NA
1862-03-08 14:00:00,0.56,NA,1005.76,1.67,11,",bkn"
1862-03-08 21:00:00,0.56,0,1009.14,1.67,20,",bkn"
1862-03-09 07:00:00,-0.56,0,1020.32,0.56,40,",bkn"
1862-03-09 12:00:00,NA,0,NA,NA,NA,NA
1862-03-09 14:00:00,-0.56,NA,1021.33,0.56,40,",bkn"
1862-03-09 21:00:00,-0.56,0,1024.04,0.56,34,NA
1862-03-10 07:00:00,-1.11,NA,1024.04,0,0,",skc"
1862-03-10 12:00:00,NA,135,NA,NA,NA,NA
1862-03-10 14:00:00,-1.11,NA,1027.77,0,2,",skc"
1862-03-10 21:00:00,-1.11,180,1027.77,0,2,NA
1862-03-11 07:00:00,1.11,202.5,1004.4,2.22,2,",ra"
1862-03-11 12:00:00,NA,247.5,NA,NA,NA,NA
1862-03-11 14:00:00,1.11,NA,1004.4,2.22,2,",bkn"
1862-03-11 21:00:00,2.22,270,1015.92,3.33,2,NA
1862-03-12 07:00:00,2.22,270,1019.3,3.33,1,",skc"
1862-03-12 12:00:00,NA,0,NA,NA,NA,NA
1862-03-12 14:00:00,5.56,NA,1019.98,6.67,1,NA
1862-03-12 21:00:00,5.56,0,1019.98,6.67,2,",bkn"
1862-03-27 07:00:00,2.78,315,1010.5,3.89,1,NA
1862-03-27 12:00:00,NA,315,NA,NA,NA,NA
1862-03-27 14:00:00,5.56,NA,1009.14,6.67,1,NA
1862-03-27 21:00:00,6.67,0,1007.79,8.33,2,",bkn"
1862-03-28 07:00:00,1.67,NA,1007.79,2.78,0,",bkn"
1862-03-28 12:00:00,NA,0,NA,NA,NA,NA
1862-03-28 14:00:00,3.89,NA,1005.76,5,2,",bkn"
1862-03-28 21:00:00,5.56,0,1005.76,6.67,2,",bkn"
1862-03-29 07:00:00,1.11,0,1010.5,2.22,11,NA
1862-03-29 12:00:00,NA,0,NA,NA,NA,NA
1862-03-29 14:00:00,2.78,NA,1010.5,3.89,5,NA
1862-03-29 21:00:00,3.33,0,1010.5,4.44,2,NA
1862-03-30 07:00:00,0,0,1015.24,1.11,11,",bkn"
1862-03-30 12:00:00,NA,0,NA,NA,NA,NA
1862-03-30 14:00:00,1.11,NA,1015.24,2.22,16,NA
1862-03-30 21:00:00,1.11,0,1015.92,2.22,20,NA
1862-03-31 07:00:00,2.22,NA,1019.98,3.33,0,",skc"
1862-03-31 12:00:00,NA,180,NA,NA,NA,NA
1862-03-31 14:00:00,5.56,NA,1017.95,6.67,2,NA
1862-03-31 21:00:00,5.56,180,1017.95,6.67,5,NA
1862-04-01 07:00:00,1.11,0,1022.69,2.22,5,",skc"
1862-04-01 12:00:00,NA,0,NA,NA,NA,NA
1862-04-01 14:00:00,5.56,NA,1022.69,6.11,2,NA
1862-04-01 21:00:00,5.56,0,1024.72,6.11,2,NA
1862-04-02 07:00:00,1.11,0,1030.82,2.22,1,",skc"
1862-04-02 12:00:00,NA,NA,NA,NA,NA,NA
1862-04-02 14:00:00,3.33,NA,1030.82,4.44,0,",skc"
1862-04-02 21:00:00,6.67,225,1030.82,8.33,2,",skc"
1862-04-03 07:00:00,0,247.5,1029.46,1.67,1,NA
1862-04-03 12:00:00,NA,225,NA,NA,NA,NA
1862-04-03 14:00:00,3.33,NA,1029.46,4.44,2,NA
1862-04-03 21:00:00,5.56,225,1019.3,6.67,2,",bkn"
1862-04-04 07:00:00,0,180,1013.88,1.11,1,",sn"
1862-04-04 12:00:00,NA,180,NA,NA,NA,NA
1862-04-04 14:00:00,2.22,NA,1013.88,3.33,1,",sn"
1862-04-04 21:00:00,2.22,180,1013.88,3.33,1,",sn"
1862-04-05 07:00:00,0,0,1020.66,1.11,5,",bkn"
1862-04-05 12:00:00,NA,0,NA,NA,NA,NA
1862-04-05 14:00:00,2.22,NA,1020.66,3.33,2,",bkn"
1862-04-05 21:00:00,2.22,0,1020.66,3.33,2,",bkn"
1862-04-06 07:00:00,0,135,1017.61,1.11,2,",sn"
1862-04-06 12:00:00,NA,135,NA,NA,NA,NA
1862-04-06 14:00:00,0,NA,1017.61,1.11,5,",sn"
1862-04-06 21:00:00,0,135,1015.92,1.11,2,",sn"
1862-04-07 07:00:00,0.56,0,1011.18,1.67,2,",bkn"
1862-04-07 12:00:00,NA,0,NA,NA,NA,NA
1862-04-07 14:00:00,2.22,NA,1010.16,3.33,11,",bkn"
1862-04-07 21:00:00,3.33,0,1010.16,4.44,16,",sn"
1862-04-08 07:00:00,0,0,1012.53,1.11,20,",bkn"
1862-04-08 12:00:00,NA,0,NA,NA,NA,NA
1862-04-08 14:00:00,0.56,NA,1013.55,1.67,20,",bkn"
1862-04-08 21:00:00,0.56,0,1013.55,1.67,27,NA
1862-04-09 07:00:00,-1.11,0,1015.92,0,11,",bkn"
1862-04-09 12:00:00,NA,0,NA,NA,NA,NA
1862-04-09 14:00:00,1.11,NA,1015.92,2.22,11,",bkn"
1862-04-09 21:00:00,1.11,0,1015.92,2.22,16,",bkn"
1862-04-10 07:00:00,0.56,315,1015.92,1.67,5,",bkn"
1862-04-10 12:00:00,NA,0,NA,NA,NA,NA
1862-04-10 14:00:00,2.22,NA,1015.92,3.33,11,",bkn"
1862-04-10 21:00:00,2.22,0,1015.92,3.33,16,",bkn"
1862-04-11 07:00:00,0.56,0,1015.92,1.67,16,",bkn"
1862-04-11 12:00:00,NA,0,NA,NA,NA,NA
1862-04-11 14:00:00,2.78,NA,1017.27,3.33,16,",bkn"
1862-04-11 21:00:00,2.78,0,1017.27,3.33,16,",bkn"
1862-04-12 07:00:00,0.56,22.5,1017.27,1.67,16,",bkn"
1862-04-12 12:00:00,NA,0,NA,NA,NA,NA
1862-04-12 14:00:00,2.22,NA,1017.61,3.33,16,",bkn"
1862-04-12 21:00:00,2.22,0,1017.61,3.33,16,",bkn"
1862-04-13 07:00:00,1.67,0,1017.95,2.78,16,",bkn"
1862-04-13 12:00:00,NA,0,NA,NA,NA,NA
1862-04-13 14:00:00,2.78,NA,1017.95,3.89,16,NA
1862-04-13 21:00:00,2.78,0,1019.3,3.89,16,NA
1862-04-14 07:00:00,1.11,0,1026.08,1.67,1,NA
1862-04-14 12:00:00,NA,0,NA,NA,NA,NA
1862-04-14 14:00:00,2.78,NA,1027.43,3.33,1,NA
1862-04-14 21:00:00,3.33,0,1028.11,3.89,1,NA
1862-04-15 07:00:00,4.44,NA,1033.53,5,0,",skc"
1862-04-15 12:00:00,NA,NA,NA,NA,NA,NA
1862-04-15 14:00:00,6.67,NA,1032.85,7.22,0,NA
1862-04-15 21:00:00,7.78,NA,1032.85,8.33,0,NA
1862-04-16 07:00:00,5,NA,1032.85,6.11,0,NA
1862-04-16 12:00:00,NA,NA,NA,NA,NA,NA
1862-04-16 14:00:00,13.33,NA,1027.77,13.89,0,NA
1862-04-16 21:00:00,13.89,NA,1024.04,14.44,0,NA
1862-04-17 07:00:00,8.33,NA,1024.04,8.89,0,NA
1862-04-17 12:00:00,NA,337.5,NA,NA,NA,NA
1862-04-17 14:00:00,14.44,NA,1022.69,15,2,NA
1862-04-17 21:00:00,14.44,337.5,1015.92,15,5,NA
1862-04-18 07:00:00,8.33,337.5,1013.55,8.89,1,NA
1862-04-18 12:00:00,NA,270,NA,NA,NA,NA
1862-04-18 14:00:00,15,NA,1011.51,15.56,1,NA
1862-04-18 21:00:00,15,270,1007.11,15.56,1,NA
1862-04-19 07:00:00,7.22,45,1005.76,7.78,1,",ra"
1862-04-19 12:00:00,NA,45,NA,NA,NA,NA
1862-04-19 14:00:00,8.89,NA,1007.11,9.44,2,NA
1862-04-19 21:00:00,10,45,1009.14,10.56,2,",skc"
1862-04-20 07:00:00,5,0,1014.22,5.56,2,",bkn"
1862-04-20 12:00:00,NA,0,NA,NA,NA,NA
1862-04-20 14:00:00,7.78,NA,1015.92,8.89,2,",skc"
1862-04-20 21:00:00,10,0,1015.92,10.56,1,",skc"
1862-04-21 07:00:00,5,NA,1023.71,5.56,0,",skc"
1862-04-21 12:00:00,NA,315,NA,NA,NA,NA
1862-04-21 14:00:00,8.89,NA,1022.69,10,1,NA
1862-04-21 21:00:00,8.89,315,1022.01,10,1,NA
1862-04-22 07:00:00,2.78,180,1024.38,3.89,5,",ovc"
1862-04-22 12:00:00,NA,180,NA,NA,NA,NA
1862-04-22 14:00:00,6.67,NA,1024.38,7.22,11,",ovc"
1862-04-22 21:00:00,7.78,180,1019.98,8.33,11,",ovc"
1862-04-23 07:00:00,6.67,180,1010.5,7.22,1,",ra"
1862-04-23 12:00:00,NA,180,NA,NA,NA,NA
1862-04-23 14:00:00,10,NA,1009.14,10.56,1,",bkn"
1862-04-23 21:00:00,11.11,180,1009.14,11.67,1,",bkn"
1862-04-24 07:00:00,5.56,247.5,1009.14,6.11,5,",bkn"
1862-04-24 12:00:00,NA,270,NA,NA,NA,NA
1862-04-24 14:00:00,8.89,NA,1011.51,9.44,5,NA
1862-04-24 21:00:00,10,270,1015.92,10.56,5,NA
1862-04-25 07:00:00,2.22,270,1021.33,2.78,2,NA
1862-04-25 12:00:00,NA,225,NA,NA,NA,NA
1862-04-25 14:00:00,4.44,NA,1024.04,5,2,NA
1862-04-25 21:00:00,6.67,225,1027.43,7.22,1,NA
1862-04-26 07:00:00,2.78,NA,1027.43,3.33,0,NA
1862-04-26 12:00:00,NA,247.5,NA,NA,NA,NA
1862-04-26 14:00:00,5.56,NA,1027.43,6.67,1,NA
1862-04-26 21:00:00,5.56,247.5,1026.75,6.67,1,NA
1862-04-27 07:00:00,6.67,315,1029.46,7.22,2,NA
1862-04-27 12:00:00,NA,315,NA,NA,NA,NA
1862-04-27 14:00:00,8.89,NA,1029.46,9.44,2,NA
1862-04-27 21:00:00,11.11,315,1026.75,12.22,5,NA
1862-04-28 07:00:00,3.89,315,1033.86,5,1,NA
1862-04-28 12:00:00,NA,270,NA,NA,NA,NA
1862-04-28 14:00:00,5.56,NA,1033.86,6.67,1,NA
1862-04-28 21:00:00,5.56,270,1033.86,6.67,2,NA
1862-04-29 07:00:00,1.67,135,1029.46,2.78,2,",ovc"
1862-04-29 12:00:00,NA,157.5,NA,NA,NA,NA
1862-04-29 14:00:00,2.22,NA,1026.41,3.33,2,",ra"
1862-04-29 21:00:00,2.22,157.5,1023.71,3.33,5,",ra"
1862-04-30 07:00:00,6.67,270,1015.92,7.78,1,NA
1862-04-30 12:00:00,NA,337.5,NA,NA,NA,NA
1862-04-30 14:00:00,8.33,NA,1014.9,9.44,1,NA
1862-04-30 21:00:00,10,0,1015.24,11.11,2,NA
1862-05-01 07:00:00,7.78,225,1026.08,8.89,1,NA
1862-05-01 12:00:00,NA,180,NA,NA,NA,NA
1862-05-01 14:00:00,8.89,NA,1026.08,10,1,NA
1862-05-01 21:00:00,10,180,1026.08,11.11,2,NA
1862-05-02 07:00:00,5,135,1026.41,6.11,2,",ra"
1862-05-02 12:00:00,NA,157.5,NA,NA,NA,NA
1862-05-02 14:00:00,5,NA,1026.08,6.11,5,",ra"
1862-05-02 21:00:00,5,157.5,1026.08,6.11,11,",ra"
1862-05-03 07:00:00,5.56,180,1015.92,6.11,2,",ra"
1862-05-03 12:00:00,NA,180,NA,NA,NA,NA
1862-05-03 14:00:00,6.11,NA,1015.92,6.67,2,",ra"
1862-05-03 21:00:00,6.11,180,1015.92,6.67,1,",fg"
1862-05-04 07:00:00,6.67,202.5,1010.84,7.22,1,",fg"
1862-05-04 12:00:00,NA,202.5,NA,NA,NA,NA
1862-05-04 14:00:00,6.67,NA,1010.84,7.22,1,",bkn"
1862-05-04 21:00:00,6.67,202.5,1007.79,7.22,1,",bkn"
1862-05-05 07:00:00,9.44,315,1006.43,10,1,",skc"
1862-05-05 12:00:00,NA,270,NA,NA,NA,NA
1862-05-05 14:00:00,13.33,NA,1005.76,14.44,1,NA
1862-05-05 21:00:00,13.33,270,1005.76,14.44,1,NA
1862-05-06 07:00:00,7.78,157.5,1002.37,8.89,1,",ovc"
1862-05-06 12:00:00,NA,135,NA,NA,NA,NA
1862-05-06 14:00:00,9.44,NA,998.98,10,1,",ra"
1862-05-06 21:00:00,9.44,135,996.28,10,1,",ra"
1862-05-07 07:00:00,8.89,270,996.28,9.44,1,",bkn"
1862-05-07 12:00:00,NA,315,NA,NA,NA,NA
1862-05-07 14:00:00,12.22,NA,997.63,12.78,1,",bkn"
1862-05-07 21:00:00,12.22,315,998.98,12.78,1,NA
1862-05-08,NA,NA,NA,NA,NA,NA
1862-05-08 07:00:00,10,0,1002.37,10.56,1,",bkn"
1862-05-08 12:00:00,NA,0,NA,NA,NA,NA
1862-05-08 14:00:00,10,NA,1002.37,10.56,1,",sn"
1862-05-08 21:00:00,10,0,1002.37,10.56,1,",bkn"
1862-05-09,NA,NA,NA,NA,NA,NA
1862-05-09 07:00:00,6.67,315,1003.39,7.22,1,NA
1862-05-09 12:00:00,NA,270,NA,NA,NA,NA
1862-05-09 14:00:00,8.89,NA,1003.39,9.44,1,NA
1862-05-09 21:00:00,10,270,1002.37,10.56,1,NA
1862-05-10,NA,NA,NA,NA,NA,NA
1862-05-10 07:00:00,7.22,NA,996.28,7.78,0,",ra"
1862-05-10 12:00:00,NA,NA,NA,NA,NA,NA
1862-05-10 14:00:00,8.33,NA,995.6,8.89,0,",ra"
1862-05-10 21:00:00,8.33,NA,995.6,8.89,0,",ra"
1862-05-11,NA,NA,NA,NA,NA,NA
1862-05-11 07:00:00,6.11,0,1004.4,7.22,2,NA
1862-05-11 12:00:00,NA,0,NA,NA,NA,NA
1862-05-11 14:00:00,8.33,NA,1007.11,9.44,11,",bkn"
1862-05-11 21:00:00,8.33,0,1007.11,9.44,16,",bkn"
1862-05-12,NA,NA,NA,NA,NA,NA
1862-05-12 07:00:00,6.67,NA,1019.3,7.22,0,",skc"
1862-05-12 12:00:00,NA,270,NA,NA,NA,NA
1862-05-12 14:00:00,13.89,NA,1013.88,13.89,2,",skc"
1862-05-12 21:00:00,12.78,247.5,1013.21,13.33,11,",skc"
1862-05-13,NA,NA,NA,NA,NA,NA
1862-05-13 07:00:00,8.33,NA,1007.79,8.33,0,NA
1862-05-13 12:00:00,NA,NA,NA,NA,NA,NA
1862-05-13 14:00:00,11.11,NA,1005.08,11.11,0,",bkn"
1862-05-13 21:00:00,12.78,22.5,1004.4,13.33,1,NA
1862-05-14,NA,NA,NA,NA,NA,NA
1862-05-14 07:00:00,9.44,180,1014.6,10,2,NA
1862-05-14 12:00:00,NA,270,NA,NA,NA,NA
1862-05-14 14:00:00,11.67,NA,1013.21,11.11,2,NA
1862-05-14 21:00:00,12.78,225,1012.53,13.89,1,",skc"
1862-05-15,NA,NA,NA,NA,NA,NA
1862-05-15 07:00:00,9.44,315,1015.92,9.44,1,NA
1862-05-15 12:00:00,NA,270,NA,NA,NA,NA
1862-05-15 14:00:00,16.11,NA,1013.88,16.67,1,NA
1862-05-15 21:00:00,16.67,270,1009.82,17.22,1,NA
1862-05-16,NA,NA,NA,NA,NA,NA
1862-05-16 07:00:00,13.89,NA,1013.21,13.89,0,NA
1862-05-16 12:00:00,NA,270,NA,NA,NA,NA
1862-05-16 14:00:00,16.67,NA,1010.5,16.67,1,NA
1862-05-16 21:00:00,19.44,247.5,1005.76,20,5,NA
1862-05-17,NA,NA,NA,NA,NA,NA
1862-05-17 07:00:00,16.11,NA,1007.45,15.56,0,",skc"
1862-05-17 12:00:00,NA,270,NA,NA,NA,NA
1862-05-17 14:00:00,20,NA,1002.37,20.56,1,",skc"
1862-05-17 21:00:00,21.11,247.5,1002.37,21.67,2,",skc"
1862-05-18,NA,NA,NA,NA,NA,NA
1862-05-18 07:00:00,15.56,270,1006.77,15.56,1,",skc"
1862-05-18 12:00:00,NA,270,NA,NA,NA,NA
1862-05-18 14:00:00,18.33,NA,1005.76,18.89,1,",skc"
1862-05-18 21:00:00,20.56,270,1003.39,20,2,",skc"
1862-05-19,NA,NA,NA,NA,NA,NA
1862-05-19 07:00:00,12.78,225,1004.4,13.33,1,",fg"
1862-05-19 12:00:00,NA,225,NA,NA,NA,NA
1862-05-19 14:00:00,14.44,NA,1005.08,15,1,NA
1862-05-19 21:00:00,16.67,225,1005.08,17.22,1,NA
1862-05-20,NA,NA,NA,NA,NA,NA
1862-05-20 07:00:00,12.22,NA,1005.76,12.78,0,NA
1862-05-20 12:00:00,NA,202.5,NA,NA,NA,NA
1862-05-20 14:00:00,14.44,NA,1005.76,15,1,NA
1862-05-20 21:00:00,14.44,202.5,1005.76,15,1,NA
1862-05-21,NA,NA,NA,NA,NA,NA
1862-05-21 07:00:00,16.11,180,1015.92,16.11,2,NA
1862-05-21 12:00:00,NA,NA,NA,NA,NA,NA
1862-05-21 14:00:00,16.67,NA,1016.93,17.22,0,NA
1862-05-21 21:00:00,16.67,NA,1016.93,17.22,0,NA
1862-05-22 07:00:00,11.11,180,1019.98,11.67,1,",bkn"
1862-05-22 12:00:00,NA,180,NA,NA,NA,NA
1862-05-22 14:00:00,14.44,NA,1019.98,15,1,",br"
1862-05-22 21:00:00,15.56,180,1017.27,16.11,1,",bkn"
1862-05-23 07:00:00,13.89,315,1006.43,13.89,5,",skc"
1862-05-23 12:00:00,NA,247.5,NA,NA,NA,NA
1862-05-23 14:00:00,16.67,NA,1002.37,17.22,11,",skc"
1862-05-23 21:00:00,17.78,247.5,1002.37,18.33,11,NA
1862-05-24 07:00:00,11.11,315,1006.43,11.11,16,",skc"
1862-05-24 12:00:00,NA,315,NA,NA,NA,NA
1862-05-24 14:00:00,14.44,NA,1005.76,15,16,",skc"
1862-05-24 21:00:00,16.11,315,1005.76,16.11,16,",skc"
1862-05-25 07:00:00,13.33,315,1010.5,13.33,5,NA
1862-05-25 12:00:00,NA,315,NA,NA,NA,NA
1862-05-25 14:00:00,14.44,NA,1012.53,15,11,NA
1862-05-25 21:00:00,16.67,315,1012.53,17.22,11,NA
1862-05-26 07:00:00,10.56,0,1014.56,10.56,5,NA
1862-05-26 12:00:00,NA,0,NA,NA,NA,NA
1862-05-26 14:00:00,13.33,NA,1015.92,13.89,5,NA
1862-05-26 21:00:00,15.56,0,1017.95,16.11,2,NA
1862-05-27 07:00:00,9.44,225,1019.64,9.44,1,NA
1862-05-27 12:00:00,NA,180,NA,NA,NA,NA
1862-05-27 14:00:00,11.11,NA,1018.29,11.67,1,NA
1862-05-27 21:00:00,11.11,180,1016.26,11.67,1,",ra"
1862-05-28 07:00:00,12.22,NA,998.98,12.22,0,",ra"
1862-05-28 12:00:00,NA,NA,NA,NA,NA,NA
1862-05-28 14:00:00,14.44,NA,993.23,15,0,",ra"
1862-05-28 21:00:00,16.11,NA,993.23,16.67,0,NA
1862-05-29 07:00:00,11.11,315,998.98,12.22,11,NA
1862-05-29 12:00:00,NA,315,NA,NA,NA,NA
1862-05-29 14:00:00,13.33,NA,996.28,13.89,11,NA
1862-05-29 21:00:00,14.44,315,995.6,15,11,NA
1862-05-30 07:00:00,9.44,0,1003.73,10,2,NA
1862-05-30 12:00:00,NA,0,NA,NA,NA,NA
1862-05-30 14:00:00,12.22,NA,1004.4,12.78,2,NA
1862-05-30 21:00:00,12.78,0,1002.37,13.33,5,NA
1862-05-31 07:00:00,11.67,67.5,1005.76,12.22,1,",skc"
1862-05-31 12:00:00,NA,45,NA,NA,NA,NA
1862-05-31 14:00:00,14.44,NA,1003.73,15,1,",skc"
1862-05-31 21:00:00,15.56,45,1002.37,16.67,1,",skc"
1862-06-01 07:00:00,13.33,270,1005.76,14.44,1,",skc"
1862-06-01 12:00:00,NA,270,NA,NA,NA,NA
1862-06-01 14:00:00,15.56,NA,1002.37,16.67,1,",skc"
1862-06-01 21:00:00,17.78,270,1002.37,18.89,2,",skc"
1862-06-02 07:00:00,11.67,225,1005.76,12.22,1,",bkn"
1862-06-02 12:00:00,NA,NA,NA,NA,NA,NA
1862-06-02 14:00:00,12.22,NA,1004.06,12.78,0,",ra"
1862-06-02 21:00:00,12.78,NA,1005.76,13.33,0,",fg"
1862-06-03 07:00:00,11.11,NA,1007.11,11.67,0,",bkn"
1862-06-03 12:00:00,NA,NA,NA,NA,NA,NA
1862-06-03 14:00:00,14.44,NA,1004.4,15,0,NA
1862-06-03 21:00:00,15.56,NA,1004.4,16.11,0,NA
1862-06-04 07:00:00,13.33,NA,1015.92,13.89,0,NA
1862-06-04 12:00:00,NA,225,NA,NA,NA,NA
1862-06-04 14:00:00,15,NA,1015.92,15.56,1,NA
1862-06-04 21:00:00,16.11,NA,1015.92,16.67,0,NA
1862-06-05,NA,NA,NA,NA,NA,NA
1862-06-05 07:00:00,13.89,NA,1015.92,13.89,0,NA
1862-06-05 12:00:00,NA,NA,NA,NA,NA,NA
1862-06-05 14:00:00,15,NA,1015.92,15.56,0,NA
1862-06-05 21:00:00,16.67,NA,1015.92,16.67,0,NA
1862-06-06,NA,NA,NA,NA,NA,NA
1862-06-06 07:00:00,11.67,202.5,1013.88,11.67,1,",bkn"
1862-06-06 12:00:00,NA,202.5,NA,NA,NA,NA
1862-06-06 14:00:00,13.33,NA,1013.88,13.89,1,",bkn"
1862-06-06 21:00:00,15,202.5,1011.51,15.56,1,NA
1862-06-07,NA,NA,NA,NA,NA,NA
1862-06-07 07:00:00,10.56,NA,1007.45,11.11,0,",bkn"
1862-06-07 12:00:00,NA,157.5,NA,NA,NA,NA
1862-06-07 14:00:00,14.44,NA,1003.39,15,1,",bkn"
1862-06-07 21:00:00,14.44,135,1003.39,15,2,",bkn"
1862-06-08,NA,NA,NA,NA,NA,NA
1862-06-08 07:00:00,10,45,1013.88,10.56,2,NA
1862-06-08 12:00:00,NA,45,NA,NA,NA,NA
1862-06-08 14:00:00,11.11,NA,1015.92,11.67,5,NA
1862-06-08 21:00:00,13.33,45,1015.92,13.89,11,NA
1862-06-09,NA,NA,NA,NA,NA,NA
1862-06-09 07:00:00,11.67,135,1014.22,12.22,1,",skc"
1862-06-09 12:00:00,NA,135,NA,NA,NA,NA
1862-06-09 14:00:00,16.67,NA,1011.18,17.22,5,",skc"
1862-06-09 21:00:00,20,135,1011.18,21.11,11,",skc"
1862-06-10,NA,NA,NA,NA,NA,NA
1862-06-10 07:00:00,11.67,NA,1010.84,12.22,0,NA
1862-06-10 12:00:00,NA,NA,NA,NA,NA,NA
1862-06-10 14:00:00,17.78,NA,1005.76,18.33,0,",skc"
1862-06-10 21:00:00,19.44,315,1004.4,20,1,",skc"
1862-06-11,NA,NA,NA,NA,NA,NA
1862-06-11 07:00:00,16.67,225,1005.76,16.67,1,NA
1862-06-11 12:00:00,NA,270,NA,NA,NA,NA
1862-06-11 14:00:00,21.11,NA,998.98,21.67,1,NA
1862-06-11 21:00:00,21.11,270,998.98,21.67,1,NA
1862-06-12,NA,NA,NA,NA,NA,NA
1862-06-12 07:00:00,16.67,270,995.6,17.22,1,",skc"
1862-06-12 12:00:00,NA,225,NA,NA,NA,NA
1862-06-12 14:00:00,18.89,NA,995.6,19.44,1,NA
1862-06-12 21:00:00,18.89,225,995.6,19.44,1,NA
1862-06-13,NA,NA,NA,NA,NA,NA
1862-06-13 07:00:00,13.89,NA,998.98,14.44,0,",ra"
1862-06-13 12:00:00,NA,NA,NA,NA,NA,NA
1862-06-13 14:00:00,15,NA,998.98,15.56,0,NA
1862-06-13 21:00:00,15.56,NA,998.98,16.11,0,NA
1862-06-14,NA,NA,NA,NA,NA,NA
1862-06-14 07:00:00,12.78,225,1003.73,13.33,1,NA
1862-06-14 12:00:00,NA,225,NA,NA,NA,NA
1862-06-14 14:00:00,13.89,NA,1003.73,14.44,1,NA
1862-06-14 21:00:00,15,225,1005.76,15.56,1,NA
1862-06-15,NA,NA,NA,NA,NA,NA
1862-06-15 07:00:00,10,0,1012.53,11.11,2,NA
1862-06-15 12:00:00,NA,0,NA,NA,NA,NA
1862-06-15 14:00:00,10,NA,1012.53,11.11,5,",ra"
1862-06-15 21:00:00,11.67,0,1012.53,12.22,20,NA
1862-06-16,NA,NA,NA,NA,NA,NA
1862-06-16 07:00:00,9.44,0,1012.53,10,1,NA
1862-06-16 12:00:00,NA,NA,NA,NA,NA,NA
1862-06-16 14:00:00,15.56,NA,1009.14,16.11,0,NA
1862-06-16 21:00:00,18.33,NA,1002.37,18.89,0,NA
1862-06-17,NA,NA,NA,NA,NA,NA
1862-06-17 07:00:00,11.11,0,1002.37,11.67,5,NA
1862-06-17 12:00:00,NA,0,NA,NA,NA,NA
1862-06-17 14:00:00,13.33,NA,1000.34,13.89,11,NA
1862-06-17 21:00:00,13.89,0,998.98,14.44,16,NA
1862-06-18,NA,NA,NA,NA,NA,NA
1862-06-18 07:00:00,13.33,247.5,1002.37,14.44,5,NA
1862-06-18 12:00:00,NA,270,NA,NA,NA,NA
1862-06-18 14:00:00,17.78,NA,998.98,18.89,5,NA
1862-06-18 21:00:00,17.78,270,998.98,18.89,2,NA
1862-06-19 07:00:00,15.56,202.5,1001.02,16.11,5,",bkn"
1862-06-19 12:00:00,NA,180,NA,NA,NA,NA
1862-06-19 14:00:00,16.67,NA,998.98,16.67,2,",bkn"
1862-06-19 21:00:00,16.67,180,998.98,16.67,2,",ra"
1862-06-20 07:00:00,11.11,180,1002.37,12.22,1,",fg"
1862-06-20 12:00:00,NA,180,NA,NA,NA,NA
1862-06-20 14:00:00,12.22,NA,1005.76,13.33,1,",fg"
1862-06-20 21:00:00,13.33,180,1005.76,13.89,1,",ra"
1862-06-21 07:00:00,12.22,NA,1009.14,13.33,0,",fg"
1862-06-21 12:00:00,NA,NA,NA,NA,NA,NA
1862-06-21 14:00:00,15.56,NA,1009.14,16.11,0,NA
1862-06-21 21:00:00,16.67,NA,1009.14,17.22,0,NA
1862-06-22 07:00:00,14.44,NA,1008.47,15,0,",bkn"
1862-06-22 12:00:00,NA,315,NA,NA,NA,NA
1862-06-22 14:00:00,15.56,NA,1009.14,16.11,1,NA
1862-06-22 21:00:00,16.67,315,1009.14,17.22,2,NA
1862-06-23 07:00:00,15.56,NA,1009.14,16.11,0,",skc"
1862-06-23 12:00:00,NA,270,NA,NA,NA,NA
1862-06-23 14:00:00,18.89,NA,1007.79,19.44,1,NA
1862-06-23 21:00:00,20,247.5,1006.1,20.56,1,NA
1862-06-24 07:00:00,17.78,225,1011.51,18.33,1,",skc"
1862-06-24 12:00:00,NA,225,NA,NA,NA,NA
1862-06-24 14:00:00,18.89,NA,1009.14,19.44,1,",skc"
1862-06-24 21:00:00,21.11,225,1009.14,22.22,2,NA
1862-06-25 07:00:00,15,180,1011.51,15.56,2,",ra"
1862-06-25 12:00:00,NA,180,NA,NA,NA,NA
1862-06-25 14:00:00,15,NA,1011.51,15.56,5,",ra"
1862-06-25 21:00:00,13.89,180,1009.82,14.44,5,",ra"
1862-06-26 07:00:00,13.33,NA,1005.76,14.44,0,",fg"
1862-06-26 12:00:00,NA,NA,NA,NA,NA,NA
1862-06-26 14:00:00,15.56,NA,1005.76,16.11,0,",fg"
1862-06-26 21:00:00,15.56,NA,1005.08,16.11,0,",fg"
1862-06-27 07:00:00,16.11,NA,1005.08,16.67,0,NA
1862-06-27 12:00:00,NA,225,NA,NA,NA,NA
1862-06-27 14:00:00,17.78,NA,1002.37,18.33,1,NA
1862-06-27 21:00:00,17.78,225,1002.37,18.33,2,NA
1862-06-28 07:00:00,15.56,NA,1001.02,16.11,0,NA
1862-06-28 12:00:00,NA,NA,NA,NA,NA,NA
1862-06-28 14:00:00,16.67,NA,998.98,17.22,0,NA
1862-06-28 21:00:00,17.22,NA,998.98,17.78,0,NA
1862-06-29 07:00:00,12.22,0,993.57,12.78,2,",bkn"
1862-06-29 12:00:00,NA,0,NA,NA,NA,NA
1862-06-29 14:00:00,14.44,NA,993.57,15,5,",bkn"
1862-06-29 21:00:00,16.11,0,998.98,16.67,5,",bkn"
1862-06-30 07:00:00,13.89,45,1007.45,14.44,2,NA
1862-06-30 12:00:00,NA,45,NA,NA,NA,NA
1862-06-30 14:00:00,14.44,NA,1007.45,15,2,NA
1862-06-30 21:00:00,15.56,45,1009.14,16.11,2,",bkn"
1862-07-01 07:00:00,12.22,NA,1000.34,12.78,0,",ra"
1862-07-01 12:00:00,NA,NA,NA,NA,NA,NA
1862-07-01 14:00:00,14.44,NA,1000.34,15,0,",bkn"
1862-07-01 21:00:00,14.44,315,1002.37,15,2,",bkn"
1862-07-02 07:00:00,13.89,0,1007.45,14.44,2,NA
1862-07-02 12:00:00,NA,0,NA,NA,NA,NA
1862-07-02 14:00:00,14.44,NA,1007.45,15,2,NA
1862-07-02 21:00:00,15.56,0,1009.14,16.11,2,NA
1862-12-06,NA,NA,NA,NA,NA,NA
1862-12-06 07:00:00,0,135,992.21,1.11,40,",sn"
1862-12-06 12:00:00,NA,135,NA,NA,NA,NA
1862-12-06 14:00:00,0.56,NA,973.59,1.67,27,",ra"
1862-12-06 21:00:00,2.22,247.5,972.91,3.33,40,NA
1862-12-07,NA,NA,NA,NA,NA,NA
1862-12-07 07:00:00,-1.11,270,988.83,0,34,NA
1862-12-07 12:00:00,NA,270,NA,NA,NA,NA
1862-12-07 14:00:00,-1.11,NA,991.53,0,20,NA
1862-12-07 21:00:00,-1.67,270,992.21,-0.56,20,NA
1862-12-08,NA,NA,NA,NA,NA,NA
1862-12-08 07:00:00,-3.89,270,1008.13,-2.22,5,",bkn"
1862-12-08 12:00:00,NA,270,NA,NA,NA,NA
1862-12-08 14:00:00,-3.33,NA,1012.53,-2.22,11,",bkn"
1862-12-08 21:00:00,-2.78,270,1015.92,-1.67,5,",bkn"
1862-12-09,NA,NA,NA,NA,NA,NA
1862-12-09 07:00:00,-5.56,292.5,1026.08,-4.44,2,",bkn"
1862-12-09 12:00:00,NA,315,NA,NA,NA,NA
1862-12-09 14:00:00,-5,NA,1026.75,-3.89,1,NA
1862-12-09 21:00:00,-2.78,315,1026.08,-1.67,1,NA
1862-12-10,NA,NA,NA,NA,NA,NA
1862-12-10 07:00:00,-3.89,270,1017.95,-2.78,2,",bkn"
1862-12-10 12:00:00,NA,270,NA,NA,NA,NA
1862-12-10 14:00:00,-2.22,NA,1015.92,-1.11,2,",sn"
1862-12-10 21:00:00,-1.67,270,1012.53,-0.56,2,",bkn"
1862-12-11,NA,NA,NA,NA,NA,NA
1862-12-11 07:00:00,-2.22,270,1016.59,-1.11,1,",bkn"
1862-12-11 12:00:00,NA,270,NA,NA,NA,NA
1862-12-11 14:00:00,-1.67,NA,1013.55,-0.56,2,",bkn"
1862-12-11 21:00:00,-0.56,270,1012.53,0.56,2,",bkn"
1862-12-12,NA,NA,NA,NA,NA,NA
1862-12-12 07:00:00,0,270,1009.14,1.11,1,",bkn"
1862-12-12 12:00:00,NA,270,NA,NA,NA,NA
1862-12-12 14:00:00,1.11,NA,1007.45,2.22,2,NA
1862-12-12 21:00:00,1.11,270,1009.14,2.22,2,NA
1862-12-13,NA,NA,NA,NA,NA,NA
1862-12-13 07:00:00,-0.56,315,1026.75,0.56,11,NA
1862-12-13 12:00:00,NA,315,NA,NA,NA,NA
1862-12-13 14:00:00,-1.11,NA,1028.78,0,11,NA
1862-12-13 21:00:00,-0.56,315,1029.46,0.56,5,NA
1862-12-14,NA,NA,NA,NA,NA,NA
1862-12-14 07:00:00,-5,90,1030.48,-4.44,1,",sn"
1862-12-14 12:00:00,NA,NA,NA,NA,NA,NA
1862-12-14 14:00:00,-4.44,NA,1027.43,-3.33,0,",sn"
1862-12-14 21:00:00,-3.89,90,1022.69,-2.78,1,",bkn"
1862-12-15,NA,NA,NA,NA,NA,NA
1862-12-15 07:00:00,1.11,180,1014.56,2.22,1,",fg"
1862-12-15 12:00:00,NA,NA,NA,NA,NA,NA
1862-12-15 14:00:00,1.67,NA,1012.53,2.78,0,",fg"
1862-12-15 21:00:00,2.22,90,1009.14,3.33,1,",fg"
1862-12-16,NA,NA,NA,NA,NA,NA
1862-12-16 07:00:00,3.89,225,1002.37,5,20,",ra"
1862-12-16 12:00:00,NA,225,NA,NA,NA,NA
1862-12-16 14:00:00,5.56,NA,999.66,6.67,20,",ra"
1862-12-16 21:00:00,6.67,225,996.28,7.78,20,",ra"
1862-12-17,NA,NA,NA,NA,NA,NA
1862-12-17 07:00:00,3.33,270,1007.11,4.44,2,NA
1862-12-17 12:00:00,NA,270,NA,NA,NA,NA
1862-12-17 14:00:00,3.89,NA,1009.14,5,2,NA
1862-12-17 21:00:00,4.44,270,1011.85,5.56,2,NA
1862-12-18,NA,NA,NA,NA,NA,NA
1862-12-18 07:00:00,-1.11,315,1027.77,0,2,",bkn"
1862-12-18 12:00:00,NA,315,NA,NA,NA,NA
1862-12-18 14:00:00,-2.22,NA,1029.46,-0.56,2,",bkn"
1862-12-18 21:00:00,-1.67,315,1028.11,5,5,NA
1862-12-19,NA,NA,NA,NA,NA,NA
1862-12-19 07:00:00,-2.78,315,1019.3,-1.67,1,NA
1862-12-19 12:00:00,NA,315,NA,NA,NA,NA
1862-12-19 14:00:00,-1.11,NA,1014.9,0,1,NA
1862-12-19 21:00:00,-0.56,315,1010.5,0.56,1,NA
1862-12-20,NA,NA,NA,NA,NA,NA
1862-12-20 07:00:00,-2.22,315,1010.5,0,16,",bkn"
1862-12-20 12:00:00,NA,315,NA,NA,NA,NA
1862-12-20 14:00:00,-3.33,NA,1013.21,-2.22,34,",bkn"
1862-12-20 21:00:00,-4.44,315,1015.92,-3.33,34,",bkn"
1862-12-21,NA,NA,NA,NA,NA,NA
1862-12-21 07:00:00,-8.89,0,1024.72,-7.78,34,NA
1862-12-21 12:00:00,NA,315,NA,NA,NA,NA
1862-12-21 14:00:00,-7.78,NA,1025.06,-6.67,27,NA
1862-12-21 21:00:00,-8.89,315,1023.71,-7.78,27,NA
1862-12-22,NA,NA,NA,NA,NA,NA
1862-12-22 07:00:00,-10.56,315,1025.06,-9.44,20,",bkn"
1862-12-22 12:00:00,NA,315,NA,NA,NA,NA
1862-12-22 14:00:00,-2.22,NA,1022.69,-0.56,2,NA
1862-12-22 21:00:00,-2.22,315,1019.3,-1.11,1,NA
1862-12-23,NA,NA,NA,NA,NA,NA
1862-12-23 07:00:00,-3.33,270,1012.53,-2.22,1,",sn"
1862-12-23 12:00:00,NA,270,NA,NA,NA,NA
1862-12-23 14:00:00,-2.22,NA,1009.82,-1.11,1,",bkn"
1862-12-23 21:00:00,-1.11,270,1012.19,0,1,",bkn"
1862-12-24,NA,NA,NA,NA,NA,NA
1862-12-24 07:00:00,-2.78,270,1019.3,-1.67,2,",bkn"
1862-12-24 12:00:00,NA,270,NA,NA,NA,NA
1862-12-24 14:00:00,-3.89,NA,1022.69,-2.78,16,NA
1862-12-24 21:00:00,-4.44,315,1022.69,-3.33,16,",bkn"
1862-12-25,NA,NA,NA,NA,NA,NA
1862-12-25 07:00:00,-8.89,315,1026.75,-7.78,1,NA
1862-12-25 12:00:00,NA,270,NA,NA,NA,NA
1862-12-25 14:00:00,-7.22,NA,1025.74,-6.67,1,",bkn"
1862-12-25 21:00:00,-6.67,315,1022.69,-5.56,1,",bkn"
1862-12-26,NA,NA,NA,NA,NA,NA
1862-12-26 07:00:00,-1.67,NA,1010.5,-0.56,0,",fg"
1862-12-26 12:00:00,NA,NA,NA,NA,NA,NA
1862-12-26 14:00:00,-1.67,NA,1005.76,-0.56,0,",bkn"
1862-12-26 21:00:00,0,270,1007.79,1.11,1,",bkn"
1862-12-27,NA,NA,NA,NA,NA,NA
1862-12-27 07:00:00,1.11,135,1005.76,2.22,16,",ra"
1862-12-27 12:00:00,NA,135,NA,NA,NA,NA
1862-12-27 14:00:00,1.67,NA,1002.37,2.78,1,",fg"
1862-12-27 21:00:00,5.56,NA,1002.37,6.67,0,",fg"
1862-12-28,NA,NA,NA,NA,NA,NA
1862-12-28 07:00:00,2.22,315,1004.06,3.33,2,",bkn"
1862-12-28 12:00:00,NA,315,NA,NA,NA,NA
1862-12-28 14:00:00,2.22,NA,1004.06,3.33,2,",bkn"
1862-12-28 21:00:00,2.22,315,1004.06,3.33,1,",bkn"
1862-12-29,NA,NA,NA,NA,NA,NA
1862-12-29 07:00:00,-1.11,315,1005.76,0,20,NA
1862-12-29 12:00:00,NA,0,NA,NA,NA,NA
1862-12-29 14:00:00,-1.11,NA,1005.76,0.56,16,NA
1862-12-29 21:00:00,0,0,1005.76,1.11,5,",bkn"
1862-12-30,NA,NA,NA,NA,NA,NA
1862-12-30 07:00:00,-0.56,270,1007.79,0.56,1,",skc"
1862-12-30 12:00:00,NA,270,NA,NA,NA,NA
1862-12-30 14:00:00,0.56,NA,1007.79,1.67,5,NA
1862-12-30 21:00:00,-0.56,270,1009.14,2.78,5,NA
1862-12-31,NA,NA,NA,NA,NA,NA
1862-12-31 07:00:00,-2.78,0,1020.66,-1.67,2,NA
1862-12-31 12:00:00,NA,0,NA,NA,NA,NA
1862-12-31 14:00:00,-3.89,NA,1020.66,-2.78,5,NA
1862-12-31 21:00:00,-2.22,45,1021,-1.11,5,NA
1863-01-01,NA,NA,NA,NA,NA,NA
1863-01-01 07:00:00,-3.89,45,1024.04,-2.78,2,NA
1863-01-01 12:00:00,NA,45,NA,NA,NA,NA
1863-01-01 14:00:00,-3.33,NA,1022.69,-2.22,2,NA
1863-01-01 21:00:00,-2.22,45,1020.66,-1.67,1,NA
1863-01-02,NA,NA,NA,NA,NA,NA
1863-01-02 07:00:00,-2.22,45,1022.01,-1.11,2,NA
1863-01-02 12:00:00,NA,45,NA,NA,NA,NA
1863-01-02 14:00:00,-1.11,NA,1022.01,0,2,NA
1863-01-02 21:00:00,4.44,45,1019.3,5.56,1,NA
1863-01-03,NA,NA,NA,NA,NA,NA
1863-01-03 07:00:00,1.11,0,1022.69,2.22,2,",ovc"
1863-01-03 12:00:00,NA,45,NA,NA,NA,NA
1863-01-03 14:00:00,1.11,NA,1019.3,2.22,2,",fg"
1863-01-03 21:00:00,4.44,45,1019.3,5.56,1,",fg"
1863-01-04,NA,NA,NA,NA,NA,NA
1863-01-04 07:00:00,2.22,0,1019.3,3.33,2,",fg"
1863-01-04 12:00:00,NA,315,NA,NA,NA,NA
1863-01-04 14:00:00,3.33,NA,1013.55,4.44,2,",fg"
1863-01-04 21:00:00,4.44,135,1011.85,5,1,",fg"
1863-01-05,NA,NA,NA,NA,NA,NA
1863-01-05 07:00:00,2.22,NA,1003.73,3.33,0,",fg"
1863-01-05 12:00:00,NA,315,NA,NA,NA,NA
1863-01-05 14:00:00,2.22,NA,1003.73,3.33,1,",ra"
1863-01-05 21:00:00,4.44,315,1003.73,5.56,2,NA
1863-01-06,NA,NA,NA,NA,NA,NA
1863-01-06 07:00:00,0.56,270,1011.85,1.67,1,NA
1863-01-06 12:00:00,NA,225,NA,NA,NA,NA
1863-01-06 14:00:00,2.22,NA,1007.79,3.33,1,NA
1863-01-06 21:00:00,4.44,225,1005.76,5.56,2,NA
1863-01-07,NA,NA,NA,NA,NA,NA
1863-01-07 07:00:00,5.56,225,985.44,6.67,27,",dz"
1863-01-07 12:00:00,NA,225,NA,NA,NA,NA
1863-01-07 14:00:00,4.44,NA,985.44,5.56,40,NA
1863-01-07 21:00:00,2.22,315,995.6,3.33,34,",bkn"
1863-01-08,NA,NA,NA,NA,NA,NA
1863-01-08 07:00:00,-4.44,315,1022.01,-3.33,11,NA
1863-01-08 12:00:00,NA,0,NA,NA,NA,NA
1863-01-08 14:00:00,-5.56,NA,1023.37,-4.44,2,NA
1863-01-08 21:00:00,-4.44,0,1026.08,-3.33,2,NA
1863-01-09,NA,NA,NA,NA,NA,NA
1863-01-09 07:00:00,-7.78,315,1034.54,-6.67,5,NA
1863-01-09 12:00:00,NA,315,NA,NA,NA,NA
1863-01-09 14:00:00,-6.67,NA,1034.54,-5.56,5,",skc"
1863-01-09 21:00:00,-5.56,315,1032.85,-4.44,2,",skc"
1863-01-10,NA,NA,NA,NA,NA,NA
1863-01-10 07:00:00,-10,315,1033.53,-8.89,1,",ovc"
1863-01-10 12:00:00,NA,135,NA,NA,NA,NA
1863-01-10 14:00:00,-4.44,NA,1033.86,-3.33,1,NA
1863-01-10 21:00:00,-2.22,135,1029.46,-1.11,2,",bkn"
1863-01-11,NA,NA,NA,NA,NA,NA
1863-01-11 07:00:00,0.56,135,1005.76,1.67,16,",ra"
1863-01-11 12:00:00,NA,225,NA,NA,NA,NA
1863-01-11 14:00:00,4.44,NA,1001.02,5,16,",ra"
1863-01-11 21:00:00,5,225,1002.37,6.11,16,",ra"
1863-01-12,NA,NA,NA,NA,NA,NA
1863-01-12 07:00:00,0,45,1002.37,1.11,2,",bkn"
1863-01-12 12:00:00,NA,315,NA,NA,NA,NA
1863-01-12 14:00:00,0,NA,1005.76,1.11,11,",bkn"
1863-01-12 21:00:00,-1.11,315,1010.84,0,11,",bkn"
1863-01-13,NA,NA,NA,NA,NA,NA
1863-01-13 07:00:00,-5.56,0,1024.38,-4.44,1,NA
1863-01-13 12:00:00,NA,0,NA,NA,NA,NA
1863-01-13 14:00:00,-5,NA,1026.08,-3.89,2,NA
1863-01-13 21:00:00,-4.44,0,1028.45,-3.33,5,NA
1863-01-14,NA,NA,NA,NA,NA,NA
1863-01-14 07:00:00,-8.89,0,1036.24,-7.78,1,",bkn"
1863-01-14 12:00:00,NA,90,NA,NA,NA,NA
1863-01-14 14:00:00,-7.78,NA,1032.85,-6.67,2,",bkn"
1863-01-14 21:00:00,-6.67,135,1027.43,-5.56,11,",bkn"
1863-01-15,NA,NA,NA,NA,NA,NA
1863-01-15 07:00:00,1.11,180,1004.06,2.22,16,",ra"
1863-01-15 12:00:00,NA,270,NA,NA,NA,NA
1863-01-15 14:00:00,2.22,NA,1002.37,3.33,2,",bkn"
1863-01-15 21:00:00,2.78,270,1002.37,3.89,1,",bkn"
1863-01-16,NA,NA,NA,NA,NA,NA
1863-01-16 07:00:00,2.22,270,1004.06,3.33,5,",ra"
1863-01-16 12:00:00,NA,270,NA,NA,NA,NA
1863-01-16 14:00:00,5.56,NA,1004.06,6.67,11,NA
1863-01-16 21:00:00,6.67,270,1002.37,7.78,16,",bkn"
1863-01-17,NA,NA,NA,NA,NA,NA
1863-01-17 07:00:00,5.56,270,1004.74,6.67,27,",bkn"
1863-01-17 12:00:00,NA,270,NA,NA,NA,NA
1863-01-17 14:00:00,4.44,NA,1012.53,5.56,16,",bkn"
1863-01-17 21:00:00,2.22,270,1015.92,3.33,16,",bkn"
1863-01-18,NA,NA,NA,NA,NA,NA
1863-01-18 07:00:00,-5.56,22.5,1035.22,-4.44,16,",bkn"
1863-01-18 12:00:00,NA,22.5,NA,NA,NA,NA
1863-01-18 14:00:00,-5.56,NA,1036.24,-4.44,16,NA
1863-01-18 21:00:00,-5.56,22.5,1038.27,-3.33,11,NA
1863-01-19,NA,NA,NA,NA,NA,NA
1863-01-19 07:00:00,-7.78,22.5,1040.64,-6.67,1,NA
1863-01-19 12:00:00,NA,45,NA,NA,NA,NA
1863-01-19 14:00:00,-6.67,NA,1037.93,-5.56,1,NA
1863-01-19 21:00:00,-3.33,45,1034.88,-2.22,1,NA
1863-01-20,NA,NA,NA,NA,NA,NA
1863-01-20 07:00:00,-5.56,NA,1029.46,-4.44,0,",bkn"
1863-01-20 12:00:00,NA,22.5,NA,NA,NA,NA
1863-01-20 14:00:00,-2.78,NA,1029.46,-1.67,11,NA
1863-01-20 21:00:00,-2.22,22.5,1029.46,-1.11,11,NA
1863-01-21,NA,NA,NA,NA,NA,NA
1863-01-21 07:00:00,-7.22,45,1037.25,-6.11,2,NA
1863-01-21 12:00:00,NA,45,NA,NA,NA,NA
1863-01-21 14:00:00,-6.67,NA,1037.25,-5.56,2,NA
1863-01-21 21:00:00,-6.11,45,1036.24,-5,2,NA
1863-01-22,NA,NA,NA,NA,NA,NA
1863-01-22 07:00:00,-6.67,0,1032.85,-5.56,2,",bkn"
1863-01-22 12:00:00,NA,NA,NA,NA,NA,NA
1863-01-22 14:00:00,-6.11,NA,1031.49,-5,0,",bkn"
1863-01-22 21:00:00,-1.11,135,1030.14,0,1,",bkn"
1863-01-23,NA,NA,NA,NA,NA,NA
1863-01-23 07:00:00,0,135,1015.92,1.11,2,",ra"
1863-01-23 12:00:00,NA,180,NA,NA,NA,NA
1863-01-23 14:00:00,1.67,NA,1009.82,2.78,16,",ra"
1863-01-23 21:00:00,2.22,45,1009.14,3.33,11,",ra"
1863-01-24,NA,NA,NA,NA,NA,NA
1863-01-24 07:00:00,-2.78,45,1026.08,-1.67,11,NA
1863-01-24 12:00:00,NA,45,NA,NA,NA,NA
1863-01-24 14:00:00,-2.78,NA,1027.77,-1.67,11,NA
1863-01-24 21:00:00,-2.78,45,1029.46,-1.67,11,NA
1863-01-25,NA,NA,NA,NA,NA,NA
1863-01-25 07:00:00,-6.67,NA,1032.85,-5.56,0,NA
1863-01-25 12:00:00,NA,225,NA,NA,NA,NA
1863-01-25 14:00:00,-4.44,NA,1028.11,-3.89,2,",bkn"
1863-01-25 21:00:00,-3.33,225,1024.04,-2.22,2,",bkn"
1863-01-26,NA,NA,NA,NA,NA,NA
1863-01-26 07:00:00,0,270,1014.9,1.11,2,",bkn"
1863-01-26 12:00:00,NA,315,NA,NA,NA,NA
1863-01-26 14:00:00,1.11,NA,1014.9,2.22,2,NA
1863-01-26 21:00:00,4.44,315,1014.9,5.56,5,NA
1863-01-27,NA,NA,NA,NA,NA,NA
1863-01-27 07:00:00,0,135,1009.14,1.11,2,",sn"
1863-01-27 12:00:00,NA,135,NA,NA,NA,NA
1863-01-27 14:00:00,0,NA,1007.45,1.11,2,",sn"
1863-01-27 21:00:00,0,45,1004.06,1.11,5,",sn"
1863-01-28,NA,NA,NA,NA,NA,NA
1863-01-28 07:00:00,-2.22,315,1012.53,-1.11,5,NA
1863-01-28 12:00:00,NA,0,NA,NA,NA,NA
1863-01-28 14:00:00,-2.22,NA,1015.92,-1.11,2,NA
1863-01-28 21:00:00,-2.22,NA,1015.92,-1.11,0,NA
1863-01-29,NA,NA,NA,NA,NA,NA
1863-01-29 07:00:00,-3.33,112.5,1006.43,-2.22,20,",ra"
1863-01-29 12:00:00,NA,112.5,NA,NA,NA,NA
1863-01-29 14:00:00,-1.11,NA,1002.37,0,16,",ra"
1863-01-29 21:00:00,1.11,180,992.21,2.22,16,",fg"
1863-01-30,NA,NA,NA,NA,NA,NA
1863-01-30 07:00:00,0,315,1003.39,1.11,5,",bkn"
1863-01-30 12:00:00,NA,315,NA,NA,NA,NA
1863-01-30 14:00:00,1.11,NA,1005.76,2.22,2,NA
1863-01-30 21:00:00,4.44,NA,1009.14,5.56,0,NA
1863-01-31,NA,NA,NA,NA,NA,NA
1863-01-31 07:00:00,0,315,1002.37,1.11,5,",bkn"
1863-01-31 12:00:00,NA,315,NA,NA,NA,NA
1863-01-31 14:00:00,1.11,NA,1005.76,2.22,2,",sn"
1863-01-31 21:00:00,4.44,315,1009.14,5.56,5,NA
1863-02-01,NA,NA,NA,NA,NA,NA
1863-02-01 07:00:00,-0.56,315,1015.92,0.56,2,",ovc"
1863-02-01 12:00:00,NA,315,NA,NA,NA,NA
1863-02-01 14:00:00,1.67,NA,1017.27,2.78,2,NA
1863-02-01 21:00:00,1.67,315,1017.27,2.78,5,NA
1863-02-02,NA,NA,NA,NA,NA,NA
1863-02-02 07:00:00,1.67,225,1005.76,2.78,27,",ra"
1863-02-02 12:00:00,NA,225,NA,NA,NA,NA
1863-02-02 14:00:00,2.78,NA,1002.37,3.89,27,",ra"
1863-02-02 21:00:00,3.33,270,1002.37,4.44,2,",bkn"
1863-02-03,NA,NA,NA,NA,NA,NA
1863-02-03 07:00:00,-3.33,315,1016.93,-2.22,11,NA
1863-02-03 12:00:00,NA,315,NA,NA,NA,NA
1863-02-03 14:00:00,-3.89,NA,1016.93,-2.78,11,NA
1863-02-03 21:00:00,-3.33,315,1012.53,-2.22,5,NA
1863-02-04,NA,NA,NA,NA,NA,NA
1863-02-04 07:00:00,-8.33,315,1013.55,-7.22,40,",bkn"
1863-02-04 12:00:00,NA,315,NA,NA,NA,NA
1863-02-04 14:00:00,-7.22,NA,1021.33,-6.11,40,",sn"
1863-02-04 21:00:00,-7.22,315,1025.06,-6.11,40,",bkn"
1863-02-05,NA,NA,NA,NA,NA,NA
1863-02-05 07:00:00,-12.78,315,1045.38,-11.67,2,NA
1863-02-05 12:00:00,NA,0,NA,NA,NA,NA
1863-02-05 14:00:00,-11.67,NA,1047.75,-10.56,2,",skc"
1863-02-05 21:00:00,-8.33,0,1047.07,-7.22,1,",skc"
1863-02-06,NA,NA,NA,NA,NA,NA
1863-02-06 07:00:00,-8.33,180,1039.62,-7.22,27,",ovc"
1863-02-06 12:00:00,NA,180,NA,NA,NA,NA
1863-02-06 14:00:00,-4.44,NA,1032.85,-3.33,27,",ovc"
1863-02-06 21:00:00,-2.22,180,1026.08,-1.11,27,",ovc"
1863-02-07,NA,NA,NA,NA,NA,NA
1863-02-07 07:00:00,2.22,270,1002.37,3.33,16,",ovc"
1863-02-07 12:00:00,NA,315,NA,NA,NA,NA
1863-02-07 14:00:00,1.11,NA,1010.16,2.22,16,NA
1863-02-07 21:00:00,1.11,315,1015.92,2.22,5,",skc"
1863-02-08,NA,NA,NA,NA,NA,NA
1863-02-08 07:00:00,-2.22,315,1026.08,-1.11,1,NA
1863-02-08 12:00:00,NA,315,NA,NA,NA,NA
1863-02-08 14:00:00,0,NA,1023.71,1.11,2,NA
1863-02-08 21:00:00,2.22,270,1022.01,3.33,2,NA
1863-02-09,NA,NA,NA,NA,NA,NA
1863-02-09 07:00:00,-1.11,0,1028.11,0,2,",bkn"
1863-02-09 12:00:00,NA,0,NA,NA,NA,NA
1863-02-09 14:00:00,-1.11,NA,1029.46,0,2,NA
1863-02-09 21:00:00,-0.56,45,1030.14,0.56,2,NA
1863-02-10,NA,NA,NA,NA,NA,NA
1863-02-10 07:00:00,-4.44,135,1017.95,-3.33,20,",sn"
1863-02-10 12:00:00,NA,135,NA,NA,NA,NA
1863-02-10 14:00:00,-2.22,NA,1007.11,-1.11,16,",ra"
1863-02-10 21:00:00,-1.11,270,1002.37,0,5,",ovc"
1863-02-11,NA,NA,NA,NA,NA,NA
1863-02-11 07:00:00,-6.11,337.5,1021,-5,16,NA
1863-02-11 12:00:00,NA,337.5,NA,NA,NA,NA
1863-02-11 14:00:00,-6.11,NA,1026.08,-5,16,NA
1863-02-11 21:00:00,-5.56,337.5,1026.08,-5.56,16,NA
1863-02-12,NA,NA,NA,NA,NA,NA
1863-02-12 07:00:00,-8.33,0,1023.37,-7.22,1,",sn"
1863-02-12 12:00:00,NA,135,NA,NA,NA,NA
1863-02-12 14:00:00,-7.22,NA,1022.69,-6.11,5,",sn"
1863-02-12 21:00:00,-4.44,135,1013.55,-3.33,5,",sn"
1863-02-13,NA,NA,NA,NA,NA,NA
1863-02-13 07:00:00,-2.22,45,1007.79,-1.11,20,",sn"
1863-02-13 12:00:00,NA,45,NA,NA,NA,NA
1863-02-13 14:00:00,-1.11,NA,1009.14,0,16,",bkn"
1863-02-13 21:00:00,0,45,1015.24,1.11,20,",bkn"
1863-02-14,NA,NA,NA,NA,NA,NA
1863-02-14 07:00:00,-7.78,0,1029.46,-6.67,1,",skc"
1863-02-14 12:00:00,NA,0,NA,NA,NA,NA
1863-02-14 14:00:00,-6.67,NA,1030.48,-5.56,5,",skc"
1863-02-14 21:00:00,-4.44,45,1030.48,-3.33,2,",skc"
1863-02-15,NA,NA,NA,NA,NA,NA
1863-02-15 07:00:00,-8.89,0,1028.11,-7.78,1,",ovc"
1863-02-15 12:00:00,NA,225,NA,NA,NA,NA
1863-02-15 14:00:00,-6.67,NA,1023.71,-5.56,5,",ovc"
1863-02-15 21:00:00,-4.44,225,1018.96,-2.78,5,",sn"
1863-02-16,NA,NA,NA,NA,NA,NA
1863-02-16 07:00:00,-0.56,270,1008.13,0.56,2,NA
1863-02-16 12:00:00,NA,315,NA,NA,NA,NA
1863-02-16 14:00:00,0.56,NA,1006.77,1.67,16,NA
1863-02-16 21:00:00,1.11,315,1009.14,2.22,16,NA
1863-02-17,NA,NA,NA,NA,NA,NA
1863-02-17 07:00:00,-5.56,315,1026.08,-4.44,11,",skc"
1863-02-17 12:00:00,NA,315,NA,NA,NA,NA
1863-02-17 14:00:00,-5.56,NA,1025.74,-4.44,11,",skc"
1863-02-17 21:00:00,-4.44,315,1025.74,-3.33,5,",skc"
1863-02-18,NA,NA,NA,NA,NA,NA
1863-02-18 07:00:00,-7.78,315,1029.46,-6.67,1,NA
1863-02-18 12:00:00,NA,315,NA,NA,NA,NA
1863-02-18 14:00:00,-5.56,NA,1029.46,-4.44,1,",skc"
1863-02-18 21:00:00,-2.22,315,1029.46,-1.11,2,",skc"
1863-02-19,NA,NA,NA,NA,NA,NA
1863-02-19 07:00:00,-6.11,135,1029.46,-5,11,",bkn"
1863-02-19 12:00:00,NA,135,NA,NA,NA,NA
1863-02-19 14:00:00,-3.89,NA,1026.75,-2.78,20,",bkn"
1863-02-19 21:00:00,-2.22,135,1022.69,-1.11,16,",ovc"
1863-02-20,NA,NA,NA,NA,NA,NA
1863-02-20 07:00:00,1.67,135,1000.34,2.78,20,",ra"
1863-02-20 12:00:00,NA,225,NA,NA,NA,NA
1863-02-20 14:00:00,2.78,NA,990.52,3.89,16,",br"
1863-02-20 21:00:00,3.89,225,990.52,5,16,",br"
1863-02-21,NA,NA,NA,NA,NA,NA
1863-02-21 07:00:00,0.56,315,995.6,1.67,5,",bkn"
1863-02-21 12:00:00,NA,315,NA,NA,NA,NA
1863-02-21 14:00:00,-1.11,NA,997.97,0,16,",bkn"
1863-02-21 21:00:00,-3.33,315,1002.37,-2.22,16,",sn"
1863-02-22,NA,NA,NA,NA,NA,NA
1863-02-22 07:00:00,-7.78,337.5,1028.11,-6.67,20,NA
1863-02-22 12:00:00,NA,337.5,NA,NA,NA,NA
1863-02-22 14:00:00,-6.67,NA,1025.74,-5.56,5,NA
1863-02-22 21:00:00,-6.11,337.5,1028.11,-5,5,",skc"
1863-02-23,NA,NA,NA,NA,NA,NA
1863-02-23 07:00:00,-12.22,90,1029.46,-11.11,5,NA
1863-02-23 12:00:00,NA,45,NA,NA,NA,NA
1863-02-23 14:00:00,-9.44,NA,1029.46,-8.33,11,NA
1863-02-23 21:00:00,-7.78,45,1024.04,-6.67,11,NA
1863-02-24,NA,NA,NA,NA,NA,NA
1863-02-24 07:00:00,-8.89,0,1026.08,-7.78,1,",ovc"
1863-02-24 12:00:00,NA,0,NA,NA,NA,NA
1863-02-24 14:00:00,-5,NA,1024.04,-3.89,1,NA
1863-02-24 21:00:00,-1.67,225,1021,-0.56,16,",ovc"
1863-02-25,NA,NA,NA,NA,NA,NA
1863-02-25 07:00:00,-2.78,247.5,1021,-1.67,1,",skc"
1863-02-25 12:00:00,NA,270,NA,NA,NA,NA
1863-02-25 14:00:00,0,NA,1020.32,1.11,1,NA
1863-02-25 21:00:00,2.78,270,1017.27,3.89,5,NA
1863-02-26,NA,NA,NA,NA,NA,NA
1863-02-26 07:00:00,-1.11,NA,1022.69,0,0,NA
1863-02-26 12:00:00,NA,270,NA,NA,NA,NA
1863-02-26 14:00:00,2.22,NA,1021,3.33,2,NA
1863-02-26 21:00:00,3.33,270,1019.3,5,5,NA
1863-02-27,NA,NA,NA,NA,NA,NA
1863-02-27 07:00:00,0,225,1007.11,1.11,2,",br"
1863-02-27 12:00:00,NA,225,NA,NA,NA,NA
1863-02-27 14:00:00,0.56,NA,1004.06,1.67,2,",fg"
1863-02-27 21:00:00,1.11,225,1000.68,2.22,5,",ra"
1863-02-28,NA,NA,NA,NA,NA,NA
1863-02-28 07:00:00,-2.22,315,1014.22,-1.11,16,",sn"
1863-02-28 12:00:00,NA,0,NA,NA,NA,NA
1863-02-28 14:00:00,-3.33,NA,1019.3,-2.22,16,",sn"
1863-02-28 21:00:00,-3.33,0,1022.69,-2.22,16,",bkn"
