"stationName","latitude","longitude","elevation","timeZone","UTCoffset","WMOID","MSCID"
"HarbourGrace","47.53","-52.57","6","America/Goose_Bay","3.5","71250",NA
"Short_Name","What","Material","Error","Units","Seasonality","Data_Type","Detail","Method","Data_Format","Additional_Information"
"atb","temperature","atmospheric material",NA,"C","sub-daily","instrumental","original_observation","field method","n",NA
"cd","wind direction","atmospheric material",NA,"degrees","sub-daily","historical","original_observation","field method","n",NA
"cv","wind speed","atmospheric material",NA,"okta","sub-daily","historical","original_observation","field method","n",NA
"dd","wind direction","atmospheric material",NA,"degrees","sub-daily","historical","original_observation","field method","n",NA
"hd","wind direction","atmospheric material",NA,"degrees","sub-daily","historical","original_observation","field method","n",NA
"p","surface pressure","atmospheric material",NA,"hPa","sub-daily","instrumental","original_observation","field method","n",NA
"pr","precipitation","precipitation",NA,"mm","sub-daily","instrumental","original_observation","field method","n",NA
"ptb","hour","precipitation",NA,"hh:mm","sub-daily","historical","original_observation","field method","n",NA
"pte","hour","precipitation",NA,"hh:mm","sub-daily","historical","original_observation","field method","n",NA
"sd","snowfall","precipitation",NA,"cm","sub-daily","instrumental","original_observation","field method","n",NA
"ta","air temperature","atmospheric material",NA,"C","sub-daily","instrumental","original_observation","field method","n",NA
"ta_mean","air temperature","atmospheric material",NA,"C","daily","instrumental","mean","computational method","n",NA
"w","wind speed","atmospheric material",NA,"mps","sub-daily","instrumental","original_observation","field method","n",NA
"ww","weather","atmospheric material",NA,"synop","sub-daily","historical","original_observation","field method","c",NA
"ObservationDate","atb","cd","cv","dd","hd","p","pr","ptb","pte","sd","ta","ta_mean","w","ww"
1871-11-01,NA,NA,NA,NA,NA,NA,NA,NA,NA,NA,NA,6.67,NA,NA
1871-11-01 07:00:00,NA,NA,NA,NA,NA,NA,NA,NA,NA,NA,3.33,NA,NA,NA
1871-11-01 14:00:00,NA,NA,NA,NA,NA,NA,NA,NA,NA,NA,4.44,NA,NA,NA
1871-11-01 21:00:00,NA,NA,NA,NA,NA,NA,NA,NA,NA,NA,6.67,NA,NA,NA
1871-11-02,NA,NA,NA,NA,NA,NA,NA,"6am","11 am",NA,NA,7.22,NA,"rain"
1871-11-02 07:00:00,NA,NA,NA,NA,NA,NA,NA,NA,NA,NA,7.78,NA,NA,NA
1871-11-02 14:00:00,NA,NA,NA,NA,NA,NA,NA,NA,NA,NA,10,NA,NA,NA
1871-11-02 21:00:00,NA,NA,NA,NA,NA,NA,NA,NA,NA,NA,7.22,NA,NA,NA
1871-11-03,NA,NA,NA,NA,NA,NA,NA,NA,NA,NA,NA,2.22,NA,NA
1871-11-03 07:00:00,NA,NA,NA,NA,NA,NA,NA,NA,NA,NA,5.56,NA,NA,NA
1871-11-03 14:00:00,NA,NA,NA,NA,NA,NA,NA,NA,NA,NA,6.67,NA,NA,NA
1871-11-03 21:00:00,NA,NA,NA,NA,NA,NA,NA,NA,NA,NA,2.22,NA,NA,NA
1871-11-04,NA,NA,NA,NA,NA,NA,NA,NA,NA,NA,NA,4.44,NA,NA
1871-11-04 07:00:00,NA,NA,NA,NA,NA,NA,NA,NA,NA,NA,3.33,NA,NA,NA
1871-11-04 14:00:00,NA,NA,NA,NA,NA,NA,NA,NA,NA,NA,4.44,NA,NA,NA
1871-11-04 21:00:00,NA,NA,NA,NA,NA,NA,NA,NA,NA,NA,4.44,NA,NA,NA
1871-11-05,NA,NA,NA,NA,NA,NA,NA,NA,NA,NA,NA,4.44,NA,NA
1871-11-05 07:00:00,NA,NA,NA,NA,NA,NA,NA,NA,NA,NA,1.11,NA,NA,NA
1871-11-05 14:00:00,NA,NA,NA,NA,NA,NA,NA,NA,NA,NA,3.89,NA,NA,NA
1871-11-05 21:00:00,NA,NA,NA,NA,NA,NA,NA,NA,NA,NA,4.44,NA,NA,NA
1871-11-06,NA,NA,NA,NA,NA,NA,NA,NA,NA,NA,NA,5.56,NA,NA
1871-11-06 07:00:00,NA,NA,NA,NA,NA,NA,NA,NA,NA,NA,2.78,NA,NA,NA
1871-11-06 14:00:00,NA,NA,NA,NA,NA,NA,NA,NA,NA,NA,3.89,NA,NA,NA
1871-11-06 21:00:00,NA,NA,NA,NA,NA,NA,NA,NA,NA,NA,5.56,NA,NA,NA
1871-11-07,NA,NA,NA,NA,NA,NA,NA,NA,NA,NA,NA,5.56,NA,NA
1871-11-07 07:00:00,NA,NA,NA,NA,NA,NA,NA,NA,NA,NA,1.67,NA,NA,NA
1871-11-07 14:00:00,NA,NA,NA,NA,NA,NA,NA,NA,NA,NA,9.44,NA,NA,NA
1871-11-07 21:00:00,NA,NA,NA,NA,NA,NA,NA,NA,NA,NA,5.56,NA,NA,NA
1871-11-08,NA,NA,NA,NA,NA,NA,NA,NA,NA,NA,NA,6.67,NA,",sn,"
1871-11-08 07:00:00,NA,NA,NA,NA,NA,NA,NA,NA,NA,NA,5.56,NA,NA,NA
1871-11-08 14:00:00,NA,NA,NA,NA,NA,NA,NA,NA,NA,NA,9.44,NA,NA,NA
1871-11-08 21:00:00,NA,NA,NA,NA,NA,NA,NA,NA,NA,NA,7.78,NA,NA,NA
1871-11-09,NA,NA,NA,NA,NA,NA,NA,NA,NA,NA,NA,4.44,NA,NA
1871-11-09 07:00:00,NA,NA,NA,NA,NA,NA,NA,NA,NA,NA,3.33,NA,NA,NA
1871-11-09 14:00:00,NA,NA,NA,NA,NA,NA,NA,NA,NA,NA,8.89,NA,NA,NA
1871-11-09 21:00:00,NA,NA,NA,NA,NA,NA,NA,NA,NA,NA,7.78,NA,NA,NA
1871-11-10,NA,NA,NA,NA,NA,NA,NA,NA,NA,NA,NA,1.67,NA,NA
1871-11-10 07:00:00,NA,NA,NA,NA,NA,NA,NA,NA,NA,NA,2.78,NA,NA,NA
1871-11-10 14:00:00,NA,NA,NA,NA,NA,NA,NA,NA,NA,NA,3.33,NA,NA,NA
1871-11-10 21:00:00,NA,NA,NA,NA,NA,NA,NA,NA,NA,NA,0,NA,NA,NA
1871-11-11,NA,NA,NA,NA,NA,NA,NA,NA,NA,NA,NA,3.33,NA,NA
1871-11-11 07:00:00,NA,NA,NA,NA,NA,NA,NA,NA,NA,NA,1.11,NA,NA,NA
1871-11-11 14:00:00,NA,NA,NA,NA,NA,NA,NA,NA,NA,NA,5,NA,NA,NA
1871-11-11 21:00:00,NA,NA,NA,NA,NA,NA,NA,NA,NA,NA,4.44,NA,NA,NA
1871-11-12,NA,NA,NA,NA,NA,NA,NA,NA,NA,NA,NA,4.44,NA,NA
1871-11-12 07:00:00,NA,NA,NA,NA,NA,NA,NA,NA,NA,NA,2.22,NA,NA,NA
1871-11-12 14:00:00,NA,NA,NA,NA,NA,NA,NA,NA,NA,NA,7.78,NA,NA,NA
1871-11-12 21:00:00,NA,NA,NA,NA,NA,NA,NA,NA,NA,NA,4.44,NA,NA,NA
1871-11-13,NA,NA,NA,NA,NA,NA,NA,NA,NA,NA,NA,5,NA,NA
1871-11-13 07:00:00,NA,NA,NA,NA,NA,NA,NA,NA,NA,NA,5,NA,NA,NA
1871-11-13 14:00:00,NA,NA,NA,NA,NA,NA,NA,NA,NA,NA,6.67,NA,NA,NA
1871-11-13 21:00:00,NA,NA,NA,NA,NA,NA,NA,NA,NA,NA,4.44,NA,NA,NA
1871-11-14,NA,NA,NA,NA,NA,NA,NA,NA,NA,NA,NA,4.44,NA,NA
1871-11-14 07:00:00,NA,NA,NA,NA,NA,NA,NA,NA,NA,NA,6.11,NA,NA,NA
1871-11-14 14:00:00,NA,NA,NA,NA,NA,NA,NA,NA,NA,NA,5,NA,NA,NA
1871-11-14 21:00:00,NA,NA,NA,NA,NA,NA,NA,NA,NA,NA,8.89,NA,NA,NA
1871-11-15,NA,NA,NA,NA,NA,NA,NA,NA,NA,NA,NA,3.89,NA,NA
1871-11-15 07:00:00,NA,NA,NA,NA,NA,NA,NA,NA,NA,NA,2.22,NA,NA,NA
1871-11-15 14:00:00,NA,NA,NA,NA,NA,NA,NA,NA,NA,NA,5.56,NA,NA,NA
1871-11-15 21:00:00,NA,NA,NA,NA,NA,NA,NA,NA,NA,NA,4.44,NA,NA,NA
1871-11-16,NA,NA,NA,NA,NA,NA,NA,NA,NA,NA,NA,4.44,NA,NA
1871-11-16 07:00:00,NA,NA,NA,NA,NA,NA,NA,NA,NA,NA,3.89,NA,NA,NA
1871-11-16 14:00:00,NA,NA,NA,NA,NA,NA,NA,NA,NA,NA,5.56,NA,NA,NA
1871-11-16 21:00:00,NA,NA,NA,NA,NA,NA,NA,NA,NA,NA,4.44,NA,NA,NA
1871-11-17,NA,NA,NA,NA,NA,NA,NA,NA,NA,NA,NA,6.11,NA,NA
1871-11-17 07:00:00,NA,NA,NA,NA,NA,NA,NA,NA,NA,NA,5.56,NA,NA,NA
1871-11-17 14:00:00,NA,NA,NA,NA,NA,NA,NA,NA,NA,NA,8.89,NA,NA,NA
1871-11-17 21:00:00,NA,NA,NA,NA,NA,NA,NA,NA,NA,NA,4.44,NA,NA,NA
1871-11-18,NA,NA,NA,NA,NA,NA,NA,NA,NA,NA,NA,4.44,NA,NA
1871-11-18 07:00:00,NA,NA,NA,NA,NA,NA,NA,NA,NA,NA,4.44,NA,NA,NA
1871-11-18 14:00:00,NA,NA,NA,NA,NA,NA,NA,NA,NA,NA,4.44,NA,NA,NA
1871-11-18 21:00:00,NA,NA,NA,NA,NA,NA,NA,NA,NA,NA,4.44,NA,NA,NA
1871-11-19,NA,NA,NA,NA,NA,NA,NA,NA,NA,NA,NA,2.22,NA,NA
1871-11-19 07:00:00,NA,NA,NA,NA,NA,NA,NA,NA,NA,NA,0,NA,NA,NA
1871-11-19 14:00:00,NA,NA,NA,NA,NA,NA,NA,NA,NA,NA,8.89,NA,NA,NA
1871-11-19 21:00:00,NA,NA,NA,NA,NA,NA,NA,NA,NA,NA,-1.11,NA,NA,NA
1871-11-20,NA,NA,NA,NA,NA,NA,NA,NA,NA,NA,NA,2.22,NA,NA
1871-11-20 07:00:00,NA,NA,NA,NA,NA,NA,NA,NA,NA,NA,0,NA,NA,NA
1871-11-20 14:00:00,NA,NA,NA,NA,NA,NA,NA,NA,NA,NA,10,NA,NA,NA
1871-11-20 21:00:00,NA,NA,NA,NA,NA,NA,NA,NA,NA,NA,2.22,NA,NA,NA
1871-11-21,NA,NA,NA,NA,NA,NA,NA,NA,NA,NA,NA,4.44,NA,NA
1871-11-21 07:00:00,NA,NA,NA,NA,NA,NA,NA,NA,NA,NA,3.33,NA,NA,NA
1871-11-21 14:00:00,NA,NA,NA,NA,NA,NA,NA,NA,NA,NA,3.89,NA,NA,NA
1871-11-21 21:00:00,NA,NA,NA,NA,NA,NA,NA,NA,NA,NA,6.67,NA,NA,NA
1871-11-22,NA,NA,NA,NA,NA,NA,NA,NA,NA,NA,NA,8.89,NA,NA
1871-11-22 07:00:00,NA,NA,NA,NA,NA,NA,NA,NA,NA,NA,7.78,NA,NA,NA
1871-11-22 14:00:00,NA,NA,NA,NA,NA,NA,NA,NA,NA,NA,10,NA,NA,NA
1871-11-22 21:00:00,NA,NA,NA,NA,NA,NA,NA,NA,NA,NA,10,NA,NA,NA
1871-11-23,NA,NA,NA,NA,NA,NA,NA,NA,NA,NA,NA,8.89,NA,NA
1871-11-23 07:00:00,NA,NA,NA,NA,NA,NA,NA,NA,NA,NA,10,NA,NA,NA
1871-11-23 14:00:00,NA,NA,NA,NA,NA,NA,NA,NA,NA,NA,9.44,NA,NA,NA
1871-11-23 21:00:00,NA,NA,NA,NA,NA,NA,NA,NA,NA,NA,7.78,NA,NA,NA
1871-11-24,NA,NA,NA,NA,NA,NA,NA,NA,NA,NA,NA,-1.67,NA,NA
1871-11-24 07:00:00,NA,NA,NA,NA,NA,NA,NA,NA,NA,NA,-3.33,NA,NA,NA
1871-11-24 14:00:00,NA,NA,NA,NA,NA,NA,NA,NA,NA,NA,1.11,NA,NA,NA
1871-11-24 21:00:00,NA,NA,NA,NA,NA,NA,NA,NA,NA,NA,-2.22,NA,NA,NA
1871-11-25,NA,NA,NA,NA,NA,NA,NA,NA,NA,NA,NA,0,NA,",sn,"
1871-11-25 07:00:00,NA,NA,NA,NA,NA,NA,NA,NA,NA,NA,-2.22,NA,NA,NA
1871-11-25 14:00:00,NA,NA,NA,NA,NA,NA,NA,NA,NA,NA,-1.11,NA,NA,NA
1871-11-25 21:00:00,NA,NA,NA,NA,NA,NA,NA,NA,NA,NA,4.44,NA,NA,NA
1871-11-26,NA,NA,NA,NA,NA,NA,NA,"10:30pm","11pm",NA,NA,4.44,NA,"rain"
1871-11-26 07:00:00,NA,NA,NA,NA,NA,NA,NA,NA,NA,NA,4.44,NA,NA,NA
1871-11-26 14:00:00,NA,NA,NA,NA,NA,NA,NA,NA,NA,NA,5.56,NA,NA,NA
1871-11-26 21:00:00,NA,NA,NA,NA,NA,NA,NA,NA,NA,NA,3.89,NA,NA,NA
1871-11-27,NA,NA,NA,NA,NA,NA,NA,NA,NA,NA,NA,3.33,NA,NA
1871-11-27 07:00:00,NA,NA,NA,NA,NA,NA,NA,NA,NA,NA,3.33,NA,NA,NA
1871-11-27 14:00:00,NA,NA,NA,NA,NA,NA,NA,NA,NA,NA,4.44,NA,NA,NA
1871-11-27 21:00:00,NA,NA,NA,NA,NA,NA,NA,NA,NA,NA,2.78,NA,NA,NA
1871-11-28,NA,NA,NA,NA,NA,NA,NA,NA,NA,NA,NA,6.67,NA,"s"
1871-11-28 07:00:00,NA,NA,NA,NA,NA,NA,NA,NA,NA,NA,8.33,NA,NA,NA
1871-11-28 14:00:00,NA,NA,NA,NA,NA,NA,NA,NA,NA,NA,6.67,NA,NA,NA
1871-11-28 21:00:00,NA,NA,NA,NA,NA,NA,NA,NA,NA,NA,6.11,NA,NA,NA
1871-11-29,NA,NA,NA,NA,NA,NA,NA,NA,NA,NA,NA,-1.11,NA,"s"
1871-11-29 07:00:00,NA,NA,NA,NA,NA,NA,NA,NA,NA,NA,-2.22,NA,NA,NA
1871-11-29 14:00:00,NA,NA,NA,NA,NA,NA,NA,NA,NA,NA,1.11,NA,NA,NA
1871-11-29 21:00:00,NA,NA,NA,NA,NA,NA,NA,NA,NA,NA,-1.11,NA,NA,NA
1871-11-30,NA,NA,NA,NA,NA,NA,NA,NA,NA,NA,NA,-1.11,NA,",sn,"
1871-11-30 07:00:00,NA,NA,NA,NA,NA,NA,NA,NA,NA,NA,0,NA,NA,NA
1871-11-30 14:00:00,NA,NA,NA,NA,NA,NA,NA,NA,NA,NA,-2.22,NA,NA,NA
1871-11-30 21:00:00,NA,NA,NA,NA,NA,NA,NA,NA,NA,NA,-1.11,NA,NA,NA
1871-12-01,NA,NA,NA,NA,NA,NA,NA,NA,NA,NA,NA,-3.33,NA,NA
1871-12-01 07:00:00,NA,NA,NA,NA,NA,NA,NA,NA,NA,NA,0,NA,NA,NA
1871-12-01 14:00:00,NA,NA,NA,NA,NA,NA,NA,NA,NA,NA,1.11,NA,NA,NA
1871-12-01 21:00:00,NA,NA,NA,NA,NA,NA,NA,NA,NA,NA,-2.22,NA,NA,NA
1871-12-02,NA,NA,NA,NA,NA,NA,NA,NA,NA,NA,NA,0,NA,NA
1871-12-02 07:00:00,NA,NA,NA,NA,NA,NA,NA,NA,NA,NA,-1.11,NA,NA,NA
1871-12-02 14:00:00,NA,NA,NA,NA,NA,NA,NA,NA,NA,NA,1.11,NA,NA,NA
1871-12-02 21:00:00,NA,NA,NA,NA,NA,NA,NA,NA,NA,NA,1.11,NA,NA,NA
1871-12-03,NA,NA,NA,NA,NA,NA,NA,NA,NA,NA,NA,-2.78,NA,",sq,"
1871-12-03 07:00:00,NA,NA,NA,NA,NA,NA,NA,NA,NA,NA,1.11,NA,NA,NA
1871-12-03 14:00:00,NA,NA,NA,NA,NA,NA,NA,NA,NA,NA,-6.67,NA,NA,NA
1871-12-03 21:00:00,NA,NA,NA,NA,NA,NA,NA,NA,NA,NA,-2.78,NA,NA,NA
1871-12-04,NA,NA,NA,NA,NA,NA,NA,NA,NA,NA,NA,0,NA,NA
1871-12-04 07:00:00,NA,NA,NA,NA,NA,NA,NA,NA,NA,NA,-1.11,NA,NA,NA
1871-12-04 14:00:00,NA,NA,NA,NA,NA,NA,NA,NA,NA,NA,1.11,NA,NA,NA
1871-12-04 21:00:00,NA,NA,NA,NA,NA,NA,NA,NA,NA,NA,1.11,NA,NA,NA
1871-12-05,NA,NA,NA,NA,NA,NA,NA,NA,NA,NA,NA,3.33,NA,NA
1871-12-05 07:00:00,NA,NA,NA,NA,NA,NA,NA,NA,NA,NA,1.11,NA,NA,NA
1871-12-05 14:00:00,NA,NA,NA,NA,NA,NA,NA,NA,NA,NA,3.33,NA,NA,NA
1871-12-05 21:00:00,NA,NA,NA,NA,NA,NA,NA,NA,NA,NA,5.56,NA,NA,NA
1871-12-06,NA,NA,NA,NA,NA,NA,NA,NA,NA,NA,NA,1.11,NA,NA
1871-12-06 07:00:00,NA,NA,NA,NA,NA,NA,NA,NA,NA,NA,0,NA,NA,NA
1871-12-06 14:00:00,NA,NA,NA,NA,NA,NA,NA,NA,NA,NA,3.33,NA,NA,NA
1871-12-06 21:00:00,NA,NA,NA,NA,NA,NA,NA,NA,NA,NA,0,NA,NA,NA
1871-12-07,NA,NA,NA,NA,NA,NA,NA,NA,NA,NA,NA,-1.67,NA,",ra,"
1871-12-07 07:00:00,NA,NA,NA,NA,NA,NA,NA,NA,NA,NA,-1.11,NA,NA,NA
1871-12-07 14:00:00,NA,NA,NA,NA,NA,NA,NA,NA,NA,NA,-1.11,NA,NA,NA
1871-12-07 21:00:00,NA,NA,NA,NA,NA,NA,NA,NA,NA,NA,-2.22,NA,NA,NA
1871-12-08,NA,NA,NA,NA,NA,NA,NA,NA,NA,NA,NA,2.78,NA,",ra,"
1871-12-08 07:00:00,NA,NA,NA,NA,NA,NA,NA,NA,NA,NA,3.33,NA,NA,NA
1871-12-08 14:00:00,NA,NA,NA,NA,NA,NA,NA,NA,NA,NA,5.56,NA,NA,NA
1871-12-08 21:00:00,NA,NA,NA,NA,NA,NA,NA,NA,NA,NA,0,NA,NA,NA
1871-12-09,NA,NA,NA,NA,NA,NA,NA,NA,NA,NA,NA,0.56,NA,NA
1871-12-09 07:00:00,NA,NA,NA,NA,NA,NA,NA,NA,NA,NA,1.11,NA,NA,NA
1871-12-09 14:00:00,NA,NA,NA,NA,NA,NA,NA,NA,NA,NA,4.44,NA,NA,NA
1871-12-09 21:00:00,NA,NA,NA,NA,NA,NA,NA,NA,NA,NA,-3.33,NA,NA,NA
1871-12-10,NA,NA,NA,NA,NA,NA,NA,NA,NA,NA,NA,-1.11,NA,",ra,"
1871-12-10 07:00:00,NA,NA,NA,NA,NA,NA,NA,NA,NA,NA,-2.22,NA,NA,NA
1871-12-10 14:00:00,NA,NA,NA,NA,NA,NA,NA,NA,NA,NA,0,NA,NA,NA
1871-12-10 21:00:00,NA,NA,NA,NA,NA,NA,NA,NA,NA,NA,-1.11,NA,NA,NA
1871-12-11,NA,NA,NA,NA,NA,NA,NA,NA,NA,NA,NA,-1.11,NA,NA
1871-12-11 07:00:00,NA,NA,NA,NA,NA,NA,NA,NA,NA,NA,-2.22,NA,NA,NA
1871-12-11 14:00:00,NA,NA,NA,NA,NA,NA,NA,NA,NA,NA,1.11,NA,NA,NA
1871-12-11 21:00:00,NA,NA,NA,NA,NA,NA,NA,NA,NA,NA,0,NA,NA,NA
1871-12-12,NA,NA,NA,NA,NA,NA,NA,NA,NA,NA,NA,-1.11,NA,NA
1871-12-12 07:00:00,NA,NA,NA,NA,NA,NA,NA,NA,NA,NA,2.22,NA,NA,NA
1871-12-12 14:00:00,NA,NA,NA,NA,NA,NA,NA,NA,NA,NA,3.33,NA,NA,NA
1871-12-12 21:00:00,NA,NA,NA,NA,NA,NA,NA,NA,NA,NA,-2.22,NA,NA,NA
1871-12-13,NA,NA,NA,NA,NA,NA,NA,NA,NA,NA,NA,-4.44,NA,",sn,"
1871-12-13 07:00:00,NA,NA,NA,NA,NA,NA,NA,NA,NA,NA,-1.11,NA,NA,NA
1871-12-13 14:00:00,NA,NA,NA,NA,NA,NA,NA,NA,NA,NA,-4.44,NA,NA,NA
1871-12-13 21:00:00,NA,NA,NA,NA,NA,NA,NA,NA,NA,NA,-8.89,NA,NA,NA
1871-12-14,NA,NA,NA,NA,NA,NA,NA,NA,NA,NA,NA,-3.33,NA,NA
1871-12-14 07:00:00,NA,NA,NA,NA,NA,NA,NA,NA,NA,NA,-8.89,NA,NA,NA
1871-12-14 14:00:00,NA,NA,NA,NA,NA,NA,NA,NA,NA,NA,-1.11,NA,NA,NA
1871-12-14 21:00:00,NA,NA,NA,NA,NA,NA,NA,NA,NA,NA,-1.11,NA,NA,NA
1871-12-15,NA,NA,NA,NA,NA,NA,NA,NA,NA,NA,NA,-1.67,NA,NA
1871-12-15 07:00:00,NA,NA,NA,NA,NA,NA,NA,NA,NA,NA,2.22,NA,NA,NA
1871-12-15 14:00:00,NA,NA,NA,NA,NA,NA,NA,NA,NA,NA,-2.22,NA,NA,NA
1871-12-15 21:00:00,NA,NA,NA,NA,NA,NA,NA,NA,NA,NA,-4.44,NA,NA,NA
1871-12-16,NA,NA,NA,NA,NA,NA,NA,NA,NA,NA,NA,-1.11,NA,NA
1871-12-16 07:00:00,NA,NA,NA,NA,NA,NA,NA,NA,NA,NA,-2.22,NA,NA,NA
1871-12-16 14:00:00,NA,NA,NA,NA,NA,NA,NA,NA,NA,NA,-1.11,NA,NA,NA
1871-12-16 21:00:00,NA,NA,NA,NA,NA,NA,NA,NA,NA,NA,1.11,NA,NA,NA
1871-12-17,NA,NA,NA,NA,NA,NA,NA,NA,NA,NA,NA,0,NA,NA
1871-12-17 07:00:00,NA,NA,NA,NA,NA,NA,NA,NA,NA,NA,-1.67,NA,NA,NA
1871-12-17 14:00:00,NA,NA,NA,NA,NA,NA,NA,NA,NA,NA,0,NA,NA,NA
1871-12-17 21:00:00,NA,NA,NA,NA,NA,NA,NA,NA,NA,NA,-1.11,NA,NA,NA
1871-12-18,NA,NA,NA,NA,NA,NA,NA,NA,NA,NA,NA,0,NA,NA
1871-12-18 07:00:00,NA,NA,NA,NA,NA,NA,NA,NA,NA,NA,-1.11,NA,NA,NA
1871-12-18 14:00:00,NA,NA,NA,NA,NA,NA,NA,NA,NA,NA,3.33,NA,NA,NA
1871-12-18 21:00:00,NA,NA,NA,NA,NA,NA,NA,NA,NA,NA,-2.22,NA,NA,NA
1871-12-19,NA,NA,NA,NA,NA,NA,NA,NA,NA,NA,NA,0,NA,NA
1871-12-19 07:00:00,NA,NA,NA,NA,NA,NA,NA,NA,NA,NA,-1.11,NA,NA,NA
1871-12-19 14:00:00,NA,NA,NA,NA,NA,NA,NA,NA,NA,NA,1.11,NA,NA,NA
1871-12-19 21:00:00,NA,NA,NA,NA,NA,NA,NA,NA,NA,NA,0,NA,NA,NA
1871-12-20,NA,NA,NA,NA,NA,NA,NA,NA,NA,NA,NA,2.22,NA,NA
1871-12-20 07:00:00,NA,NA,NA,NA,NA,NA,NA,NA,NA,NA,1.11,NA,NA,NA
1871-12-20 14:00:00,NA,NA,NA,NA,NA,NA,NA,NA,NA,NA,3.33,NA,NA,NA
1871-12-20 21:00:00,NA,NA,NA,NA,NA,NA,NA,NA,NA,NA,2.22,NA,NA,NA
1871-12-21,NA,NA,NA,NA,NA,NA,NA,NA,NA,NA,NA,2.22,NA,NA
1871-12-21 07:00:00,NA,NA,NA,NA,NA,NA,NA,NA,NA,NA,3.33,NA,NA,NA
1871-12-21 14:00:00,NA,NA,NA,NA,NA,NA,NA,NA,NA,NA,6.67,NA,NA,NA
1871-12-21 21:00:00,NA,NA,NA,NA,NA,NA,NA,NA,NA,NA,-3.33,NA,NA,NA
1871-12-22,NA,NA,NA,NA,NA,NA,NA,NA,NA,NA,NA,-7.78,NA,NA
1871-12-22 07:00:00,NA,NA,NA,NA,NA,NA,NA,NA,NA,NA,-10,NA,NA,NA
1871-12-22 14:00:00,NA,NA,NA,NA,NA,NA,NA,NA,NA,NA,-6.67,NA,NA,NA
1871-12-22 21:00:00,NA,NA,NA,NA,NA,NA,NA,NA,NA,NA,-6.67,NA,NA,NA
1871-12-23,NA,NA,NA,NA,NA,NA,NA,NA,NA,NA,NA,-7.78,NA,NA
1871-12-23 07:00:00,NA,NA,NA,NA,NA,NA,NA,NA,NA,NA,-12.22,NA,NA,NA
1871-12-23 14:00:00,NA,NA,NA,NA,NA,NA,NA,NA,NA,NA,-6.67,NA,NA,NA
1871-12-23 21:00:00,NA,NA,NA,NA,NA,NA,NA,NA,NA,NA,-4.44,NA,NA,NA
1871-12-24,NA,NA,NA,NA,NA,NA,NA,NA,NA,NA,NA,1.11,NA,NA
1871-12-24 07:00:00,NA,NA,NA,NA,NA,NA,NA,NA,NA,NA,1.11,NA,NA,NA
1871-12-24 14:00:00,NA,NA,NA,NA,NA,NA,NA,NA,NA,NA,3.33,NA,NA,NA
1871-12-24 21:00:00,NA,NA,NA,NA,NA,NA,NA,NA,NA,NA,0,NA,NA,NA
1871-12-25,NA,NA,NA,NA,NA,NA,NA,NA,NA,NA,NA,-0.56,NA,NA
1871-12-25 07:00:00,NA,NA,NA,NA,NA,NA,NA,NA,NA,NA,-1.11,NA,NA,NA
1871-12-25 14:00:00,NA,NA,NA,NA,NA,NA,NA,NA,NA,NA,1.11,NA,NA,NA
1871-12-25 21:00:00,NA,NA,NA,NA,NA,NA,NA,NA,NA,NA,-1.11,NA,NA,NA
1871-12-26,NA,NA,NA,NA,NA,NA,NA,NA,NA,NA,NA,3.33,NA,NA
1871-12-26 07:00:00,NA,NA,NA,NA,NA,NA,NA,NA,NA,NA,3.33,NA,NA,NA
1871-12-26 14:00:00,NA,NA,NA,NA,NA,NA,NA,NA,NA,NA,4.44,NA,NA,NA
1871-12-26 21:00:00,NA,NA,NA,NA,NA,NA,NA,NA,NA,NA,3.33,NA,NA,NA
1871-12-27,NA,NA,NA,NA,NA,NA,NA,NA,NA,NA,NA,0,NA,NA
1871-12-27 07:00:00,NA,NA,NA,NA,NA,NA,NA,NA,NA,NA,-1.11,NA,NA,NA
1871-12-27 14:00:00,NA,NA,NA,NA,NA,NA,NA,NA,NA,NA,0,NA,NA,NA
1871-12-27 21:00:00,NA,NA,NA,NA,NA,NA,NA,NA,NA,NA,1.11,NA,NA,NA
1871-12-28,NA,NA,NA,NA,NA,NA,NA,NA,NA,NA,NA,-4.44,NA,NA
1871-12-28 07:00:00,NA,NA,NA,NA,NA,NA,NA,NA,NA,NA,-3.33,NA,NA,NA
1871-12-28 14:00:00,NA,NA,NA,NA,NA,NA,NA,NA,NA,NA,-2.22,NA,NA,NA
1871-12-28 21:00:00,NA,NA,NA,NA,NA,NA,NA,NA,NA,NA,-6.67,NA,NA,NA
1871-12-29,NA,NA,NA,NA,NA,NA,NA,NA,NA,NA,NA,-11.67,NA,NA
1871-12-29 07:00:00,NA,NA,NA,NA,NA,NA,NA,NA,NA,NA,-18.89,NA,NA,NA
1871-12-29 14:00:00,NA,NA,NA,NA,NA,NA,NA,NA,NA,NA,-8.89,NA,NA,NA
1871-12-29 21:00:00,NA,NA,NA,NA,NA,NA,NA,NA,NA,NA,-6.67,NA,NA,NA
1871-12-30,NA,NA,NA,NA,NA,NA,NA,NA,NA,NA,NA,-12.22,NA,NA
1871-12-30 07:00:00,NA,NA,NA,NA,NA,NA,NA,NA,NA,NA,-6.67,NA,NA,NA
1871-12-30 14:00:00,NA,NA,NA,NA,NA,NA,NA,NA,NA,NA,-10,NA,NA,NA
1871-12-30 21:00:00,NA,NA,NA,NA,NA,NA,NA,NA,NA,NA,-20,NA,NA,NA
1871-12-31,NA,NA,NA,NA,NA,NA,NA,NA,NA,NA,NA,-12.78,NA,NA
1871-12-31 07:00:00,NA,NA,NA,NA,NA,NA,NA,NA,NA,NA,-20,NA,NA,NA
1871-12-31 14:00:00,NA,NA,NA,NA,NA,NA,NA,NA,NA,NA,-10,NA,NA,NA
1871-12-31 21:00:00,NA,NA,NA,NA,NA,NA,NA,NA,NA,NA,-7.78,NA,NA,NA
1872-07-01,NA,NA,NA,NA,NA,NA,0.23,"11:00 am","noon",NA,NA,18.33,NA,"rain"
1872-07-01 07:00:00,NA,NA,NA,247.5,NA,NA,NA,NA,NA,NA,15.56,NA,5,NA
1872-07-01 14:00:00,NA,NA,2,247.5,NA,NA,NA,NA,NA,NA,23.89,NA,5,NA
1872-07-01 21:00:00,NA,NA,NA,45,NA,NA,NA,NA,NA,NA,15.56,NA,2,NA
1872-07-02,NA,NA,NA,NA,NA,NA,0,"empty","empty",NA,NA,12.94,NA,NA
1872-07-02 07:00:00,NA,NA,NA,45,NA,NA,NA,NA,NA,NA,10.56,NA,2,NA
1872-07-02 14:00:00,NA,NA,NA,45,NA,NA,NA,NA,NA,NA,18.33,NA,2,NA
1872-07-02 21:00:00,NA,NA,NA,135,NA,NA,NA,NA,NA,NA,10,NA,1,NA
1872-07-03,NA,NA,NA,NA,NA,NA,0,"empty","empty",NA,NA,14.39,NA,NA
1872-07-03 07:00:00,NA,NA,NA,247.5,NA,NA,NA,NA,NA,NA,8.89,NA,5,NA
1872-07-03 14:00:00,NA,NA,NA,247.5,NA,NA,NA,NA,NA,NA,18.89,NA,5,NA
1872-07-03 21:00:00,NA,NA,NA,247.5,NA,NA,NA,NA,NA,NA,15,NA,2,NA
1872-07-04,NA,NA,NA,NA,NA,NA,7.37,"10:30 am","7:00 pm",NA,NA,10.94,NA,NA
1872-07-04 07:00:00,NA,NA,NA,247.5,NA,NA,NA,NA,NA,NA,10,NA,2,NA
1872-07-04 14:00:00,NA,NA,NA,247.5,NA,NA,NA,NA,NA,NA,11.67,NA,5,NA
1872-07-04 21:00:00,NA,NA,NA,247.5,NA,NA,NA,NA,NA,NA,11.11,NA,2,NA
1872-07-05,NA,NA,NA,NA,NA,NA,0,"12:30 pm","empty",NA,NA,14.28,NA,NA
1872-07-05 07:00:00,NA,NA,NA,247.5,NA,NA,NA,NA,NA,NA,15.56,NA,2,NA
1872-07-05 14:00:00,NA,NA,NA,90,NA,NA,NA,NA,NA,NA,13.89,NA,2,NA
1872-07-05 21:00:00,NA,NA,NA,90,NA,NA,NA,NA,NA,NA,13.33,NA,1,NA
1872-07-06,NA,NA,NA,NA,NA,NA,13.46,"empty","7:00 am",NA,NA,16.67,NA,NA
1872-07-06 07:00:00,NA,NA,NA,247.5,NA,NA,NA,NA,NA,NA,13.33,NA,1,NA
1872-07-06 14:00:00,NA,NA,NA,247.5,NA,NA,NA,NA,NA,NA,21.11,NA,2,NA
1872-07-06 21:00:00,NA,NA,NA,247.5,NA,NA,NA,NA,NA,NA,15,NA,1,NA
1872-07-07,NA,NA,NA,NA,NA,NA,0,"empty","empty",NA,NA,17.94,NA,"au"
1872-07-07 07:00:00,NA,NA,NA,225,NA,NA,NA,NA,NA,NA,13.89,NA,0,NA
1872-07-07 14:00:00,NA,NA,NA,90,NA,NA,NA,NA,NA,NA,21.11,NA,2,NA
1872-07-07 21:00:00,NA,NA,NA,90,NA,NA,NA,NA,NA,NA,18.33,NA,2,NA
1872-07-08,NA,NA,NA,NA,NA,NA,0,"empty","empty",NA,NA,19.28,NA,"au"
1872-07-08 07:00:00,NA,NA,NA,315,NA,NA,NA,NA,NA,NA,14.44,NA,2,NA
1872-07-08 14:00:00,NA,NA,NA,315,NA,NA,NA,NA,NA,NA,21.67,NA,5,NA
1872-07-08 21:00:00,NA,NA,NA,270,NA,NA,NA,NA,NA,NA,20,NA,1,NA
1872-07-09,NA,NA,NA,NA,NA,NA,0,"empty","empty",NA,NA,19.22,NA,NA
1872-07-09 07:00:00,NA,NA,NA,225,NA,NA,NA,NA,NA,NA,12.22,NA,1,NA
1872-07-09 14:00:00,NA,NA,NA,225,NA,NA,NA,NA,NA,NA,23.89,NA,2,NA
1872-07-09 21:00:00,NA,NA,NA,225,NA,NA,NA,NA,NA,NA,21.11,NA,1,NA
1872-07-10,NA,NA,NA,NA,NA,NA,0,"empty","empty",NA,NA,20.28,NA,NA
1872-07-10 07:00:00,NA,NA,NA,270,NA,NA,NA,NA,NA,NA,15,NA,1,NA
1872-07-10 14:00:00,NA,NA,NA,247.5,NA,NA,NA,NA,NA,NA,25.28,NA,5,NA
1872-07-10 21:00:00,NA,NA,NA,247.5,NA,NA,NA,NA,NA,NA,20.56,NA,5,NA
1872-07-11,NA,NA,NA,NA,NA,NA,0,"7:00 am","empty",NA,NA,16.83,NA,"rain"
1872-07-11 07:00:00,NA,NA,NA,225,NA,NA,NA,NA,NA,NA,15.56,NA,5,NA
1872-07-11 14:00:00,NA,NA,NA,247.5,NA,NA,NA,NA,NA,NA,17.78,NA,5,NA
1872-07-11 21:00:00,NA,NA,NA,247.5,NA,NA,NA,NA,NA,NA,17.22,NA,5,NA
1872-07-12,NA,NA,NA,NA,NA,NA,38.1,"empty","3:00 am",NA,NA,12.61,NA,"rain"
1872-07-12 07:00:00,NA,NA,NA,45,NA,NA,NA,NA,NA,NA,12.22,NA,11,NA
1872-07-12 14:00:00,NA,NA,NA,45,NA,NA,NA,NA,NA,NA,13.33,NA,5,NA
1872-07-12 21:00:00,NA,NA,NA,45,NA,NA,NA,NA,NA,NA,12.22,NA,1,NA
1872-07-13,NA,NA,NA,NA,NA,NA,0.25,"6:00 am","9:00 pm",NA,NA,15.56,NA,"rain"
1872-07-13 07:00:00,NA,NA,NA,225,NA,NA,NA,NA,NA,NA,11.11,NA,1,NA
1872-07-13 14:00:00,NA,NA,NA,90,NA,NA,NA,NA,NA,NA,17.78,NA,2,NA
1872-07-13 21:00:00,NA,NA,NA,225,NA,NA,NA,NA,NA,NA,17.78,NA,1,NA
1872-07-14,NA,NA,NA,NA,NA,NA,0,"empty","empty",NA,NA,15.11,NA,NA
1872-07-14 07:00:00,NA,NA,NA,270,NA,NA,NA,NA,NA,NA,14.44,NA,2,NA
1872-07-14 14:00:00,NA,NA,NA,45,NA,NA,NA,NA,NA,NA,17.78,NA,5,NA
1872-07-14 21:00:00,NA,NA,NA,135,NA,NA,NA,NA,NA,NA,13.33,NA,1,NA
1872-07-15,NA,NA,NA,NA,NA,NA,0,"empty","empty",NA,NA,17.22,NA,NA
1872-07-15 07:00:00,NA,NA,3,225,NA,NA,NA,NA,NA,NA,12.78,NA,2,NA
1872-07-15 14:00:00,NA,NA,NA,225,NA,NA,NA,NA,NA,NA,21.11,NA,5,NA
1872-07-15 21:00:00,NA,NA,NA,225,NA,NA,NA,NA,NA,NA,17.78,NA,5,NA
1872-07-16,NA,NA,NA,NA,NA,NA,0.51,"1:00 pm","4:00 pm",NA,NA,14.83,NA,NA
1872-07-16 07:00:00,NA,NA,NA,315,NA,NA,NA,NA,NA,NA,13.33,NA,5,NA
1872-07-16 14:00:00,NA,NA,NA,0,NA,NA,NA,NA,NA,NA,17.78,NA,11,NA
1872-07-16 21:00:00,NA,NA,NA,45,NA,NA,NA,NA,NA,NA,13.33,NA,5,NA
1872-07-17,NA,NA,NA,NA,NA,NA,0,"empty","empty",NA,NA,14.06,NA,NA
1872-07-17 07:00:00,NA,NA,0,315,NA,NA,NA,NA,NA,NA,10.56,NA,5,NA
1872-07-17 14:00:00,NA,NA,2,315,NA,NA,NA,NA,NA,NA,16.67,NA,5,NA
1872-07-17 21:00:00,NA,NA,4,45,"45",NA,NA,NA,NA,NA,15.56,NA,5,NA
1872-07-18,NA,NA,NA,NA,NA,NA,0.23,"7:00 am","9:00 am",NA,NA,12.94,NA,"rain"
1872-07-18 07:00:00,NA,270,1,45,NA,NA,NA,NA,NA,NA,12.22,NA,5,NA
1872-07-18 14:00:00,NA,270,2,135,NA,NA,NA,NA,NA,NA,15,NA,5,NA
1872-07-18 21:00:00,NA,NA,NA,225,NA,NA,NA,NA,NA,NA,11.67,NA,2,NA
1872-07-19,NA,NA,NA,NA,NA,NA,0.23,"6:00 pm","8:00 pm",NA,NA,17.61,NA,NA
1872-07-19 07:00:00,NA,270,4,225,NA,NA,NA,NA,NA,NA,12.22,NA,2,NA
1872-07-19 14:00:00,NA,315,NA,225,NA,NA,NA,NA,NA,NA,23.33,NA,2,NA
1872-07-19 21:00:00,NA,NA,NA,225,NA,NA,NA,NA,NA,NA,17.22,NA,2,NA
1872-07-20,NA,NA,NA,NA,NA,NA,0,"6:30am","empty",NA,NA,15.72,NA,NA
1872-07-20 07:00:00,NA,NA,NA,225,NA,NA,NA,NA,NA,NA,13.89,NA,2,NA
1872-07-20 14:00:00,NA,NA,NA,180,NA,NA,NA,NA,NA,NA,17.22,NA,1,NA
1872-07-20 21:00:00,NA,NA,NA,135,NA,NA,NA,NA,NA,NA,16.11,NA,2,NA
1872-07-21,NA,NA,NA,NA,NA,NA,10.41,"empty","6:00 am",NA,NA,15,NA,NA
1872-07-21 07:00:00,NA,NA,NA,45,NA,NA,NA,NA,NA,NA,14.17,NA,5,NA
1872-07-21 14:00:00,NA,315,2,45,NA,NA,NA,NA,NA,NA,16.39,NA,2,NA
1872-07-21 21:00:00,NA,NA,NA,90,NA,NA,NA,NA,NA,NA,14.44,NA,0,NA
1872-07-22,NA,NA,NA,NA,NA,NA,13.97,"9 pm","11:30 pm",NA,NA,17.94,NA,"rain"
1872-07-22 07:00:00,NA,315,3,270,NA,NA,NA,NA,NA,NA,13.61,NA,5,NA
1872-07-22 14:00:00,NA,315,2,225,NA,NA,NA,NA,NA,NA,23.06,NA,5,NA
1872-07-22 21:00:00,NA,NA,NA,225,NA,NA,NA,NA,NA,NA,17.22,NA,2,NA
1872-07-23,NA,NA,NA,NA,NA,NA,5.33,"8:30 am","2:30 pm",NA,NA,16.83,NA,"rain"
1872-07-23 07:00:00,NA,NA,NA,225,NA,NA,NA,NA,NA,NA,14.44,NA,11,NA
1872-07-23 14:00:00,NA,NA,NA,225,NA,NA,NA,NA,NA,NA,18.89,NA,2,NA
1872-07-23 21:00:00,NA,NA,2,225,"315",NA,NA,NA,NA,NA,17.22,NA,5,NA
1872-07-24,NA,NA,NA,NA,NA,NA,0,"empty","empty",NA,NA,17.22,NA,NA
1872-07-24 07:00:00,NA,NA,NA,270,NA,NA,NA,NA,NA,NA,13.89,NA,2,NA
1872-07-24 14:00:00,NA,315,2,270,NA,NA,NA,NA,NA,NA,20,NA,5,NA
1872-07-24 21:00:00,NA,NA,1,225,"270",NA,NA,NA,NA,NA,17.78,NA,1,NA
1872-07-25,NA,NA,NA,NA,NA,NA,0.76,"8:00 am","5:00 pm",NA,NA,13.5,NA,"rain"
1872-07-25 07:00:00,NA,NA,NA,135,NA,NA,NA,NA,NA,NA,14.44,NA,1,NA
1872-07-25 14:00:00,NA,NA,NA,180,NA,NA,NA,NA,NA,NA,13.33,NA,5,NA
1872-07-25 21:00:00,NA,NA,NA,90,NA,NA,NA,NA,NA,NA,12.78,NA,1,NA
1872-07-26,NA,NA,NA,NA,NA,NA,13.21,"1:30 pm","7:00 pm",NA,NA,15.72,NA,"empty"
1872-07-26 07:00:00,NA,270,3,225,NA,NA,NA,NA,NA,NA,14.44,NA,5,NA
1872-07-26 14:00:00,NA,270,3,270,NA,NA,NA,NA,NA,NA,19.17,NA,5,NA
1872-07-26 21:00:00,NA,NA,3,270,"270",NA,NA,NA,NA,NA,13.61,NA,2,NA
1872-07-27,NA,NA,NA,NA,NA,NA,8.13,"11:00 pm","12:00 pm",0,NA,14.89,NA,"rain"
1872-07-27 07:00:00,NA,315,3,270,NA,NA,NA,NA,NA,NA,12.22,NA,2,NA
1872-07-27 14:00:00,NA,135,2,135,NA,NA,NA,NA,NA,NA,18.33,NA,5,NA
1872-07-27 21:00:00,NA,NA,NA,90,NA,NA,NA,NA,NA,NA,13.89,NA,5,NA
1872-07-28,NA,NA,NA,NA,NA,NA,0.76,"8:45 am","10:00 pm",NA,NA,13.33,NA,"rain"
1872-07-28 07:00:00,NA,225,4,225,NA,NA,NA,NA,NA,NA,15,NA,11,NA
1872-07-28 14:00:00,NA,225,6,247.5,NA,NA,NA,NA,NA,NA,12.78,NA,20,NA
1872-07-28 21:00:00,NA,NA,NA,247.5,NA,NA,NA,NA,NA,NA,12.22,NA,16,NA
1872-07-29,NA,NA,NA,NA,NA,NA,0,"empty","empty",NA,NA,15.17,NA,"empty"
1872-07-29 07:00:00,NA,315,2,270,NA,NA,NA,NA,NA,NA,11.11,NA,11,NA
1872-07-29 14:00:00,NA,NA,2,315,NA,NA,NA,NA,NA,NA,19.44,NA,2,NA
1872-07-29 21:00:00,NA,NA,NA,247.5,NA,NA,NA,NA,NA,NA,15,NA,2,NA
1872-07-30,NA,NA,NA,NA,NA,NA,0.23,"7:00 am","7:15 am",0,NA,14.28,NA,"rain"
1872-07-30 07:00:00,NA,270,2,225,NA,NA,NA,NA,NA,NA,12.22,NA,1,NA
1872-07-30 14:00:00,NA,270,NA,225,NA,NA,NA,NA,NA,NA,17.78,NA,5,NA
1872-07-30 21:00:00,NA,NA,3,225,"270",NA,NA,NA,NA,NA,12.78,NA,5,NA
1872-07-31,NA,NA,NA,NA,NA,NA,14.73,"7:00 am","9:00 am",0,NA,15,NA,"rain"
1872-07-31 07:00:00,NA,NA,NA,180,NA,NA,NA,NA,NA,NA,12.22,NA,2,NA
1872-07-31 14:00:00,NA,270,4,247.5,NA,NA,NA,NA,NA,NA,17.78,NA,11,NA
1872-07-31 21:00:00,NA,NA,1,225,"225",NA,NA,NA,NA,NA,14.72,NA,5,NA
1872-08-01,NA,NA,NA,NA,NA,NA,1.02,"9:00 am","10:00 am",NA,NA,16,NA,"rain"
1872-08-01 07:00:00,16.11,NA,NA,247.5,NA,995.6,NA,NA,NA,NA,12.22,NA,5,NA
1872-08-01 14:00:00,17.78,247.5,3,247.5,NA,994.92,NA,NA,NA,NA,19.72,NA,16,NA
1872-08-01 21:00:00,21.11,NA,NA,270,NA,995.6,NA,NA,NA,NA,16.11,NA,5,NA
1872-08-02,NA,NA,NA,NA,NA,NA,0,"empty","empty",NA,NA,15,NA,NA
1872-08-02 07:00:00,16.67,270,4,270,NA,996.28,NA,NA,NA,NA,11.67,NA,11,NA
1872-08-02 14:00:00,17.78,270,4,270,NA,997.29,NA,NA,NA,NA,19.44,NA,11,NA
1872-08-02 21:00:00,17.22,NA,3,247.5,"270",998.98,NA,NA,NA,NA,13.89,NA,2,NA
1872-08-03,NA,NA,NA,NA,NA,NA,0,"empty","empty",NA,NA,15.17,NA,NA
1872-08-03 07:00:00,15,NA,NA,270,NA,1006.77,NA,NA,NA,NA,11.11,NA,2,NA
1872-08-03 14:00:00,18.89,NA,1,247.5,NA,1010.16,NA,NA,NA,NA,21.11,NA,2,",hz"
1872-08-03 21:00:00,16.11,NA,2,45,"315",1014.22,NA,NA,NA,NA,12.78,NA,5,NA
1872-08-04,NA,NA,NA,NA,NA,NA,0,"empty","empty",NA,NA,13.44,NA,NA
1872-08-04 07:00:00,14.44,NA,NA,135,NA,1009.14,NA,NA,NA,NA,10.83,NA,1,",hz"
1872-08-04 14:00:00,17.78,315,2,90,NA,1013.88,NA,NA,NA,NA,15.56,NA,5,NA
1872-08-04 21:00:00,12.78,NA,2,45,"315",1015.92,NA,NA,NA,NA,12.22,NA,1,NA
1872-08-05,NA,NA,NA,NA,NA,NA,18.8,"11:30 am","12:00 pm",NA,NA,12.33,NA,"rain"
1872-08-05 07:00:00,15,NA,NA,135,NA,1018.96,NA,NA,NA,NA,11.94,NA,2,",hz"
1872-08-05 14:00:00,15.56,NA,NA,90,NA,1018.96,NA,NA,NA,NA,13.33,NA,5,NA
1872-08-05 21:00:00,14.44,NA,NA,90,NA,1015.24,NA,NA,NA,NA,11.67,NA,5,",fg"
1872-08-06,NA,NA,NA,NA,NA,NA,1.27,"9:00 am","2:00 pm",NA,NA,10.39,NA,"rain"
1872-08-06 07:00:00,14.72,NA,NA,45,NA,1014.22,NA,NA,NA,NA,10,NA,11,",hz"
1872-08-06 14:00:00,15.56,315,2,90,NA,1014.22,NA,NA,NA,NA,11.11,NA,5,NA
1872-08-06 21:00:00,15.83,NA,NA,90,NA,1014.56,NA,NA,NA,NA,10,NA,2,NA
1872-08-07,NA,NA,NA,NA,NA,NA,0,"empty","empty",NA,NA,10.78,NA,NA
1872-08-07 07:00:00,14.17,0,2,90,NA,1017.61,NA,NA,NA,NA,8.89,NA,2,NA
1872-08-07 14:00:00,14.44,NA,NA,135,NA,1017.95,NA,NA,NA,NA,12.22,NA,2,",hz"
1872-08-07 21:00:00,14.44,NA,NA,NA,NA,1018.29,NA,NA,NA,NA,11.39,NA,NA,",hz"
1872-08-08,NA,NA,NA,NA,NA,NA,NA,"8:45 pm",NA,NA,NA,16.22,NA,"rain"
1872-08-08 07:00:00,15.56,NA,NA,225,NA,1017.95,NA,NA,NA,NA,13.33,NA,2,NA
1872-08-08 14:00:00,16.67,NA,NA,247.5,NA,1016.93,NA,NA,NA,NA,19.44,NA,5,",fg"
1872-08-08 21:00:00,16.67,NA,NA,247.5,NA,1016.59,NA,NA,NA,NA,15.83,NA,5,NA
1872-08-09,NA,NA,NA,NA,NA,NA,24.13,"empty","2:00 am",NA,NA,18.17,NA,NA
1872-08-09 07:00:00,17.78,NA,NA,NA,NA,1008.81,NA,NA,NA,NA,10.83,NA,NA,",hz"
1872-08-09 14:00:00,18.33,315,NA,135,NA,1009.82,NA,NA,NA,NA,23.33,NA,2,NA
1872-08-09 21:00:00,18.89,NA,2,90,"315",1010.84,NA,NA,NA,NA,20.83,NA,1,NA
1872-08-10,NA,NA,NA,NA,NA,NA,0,"empty","empty",NA,NA,17.94,NA,NA
1872-08-10 07:00:00,18.06,315,1,225,NA,1010.16,NA,NA,NA,NA,16.67,NA,2,NA
1872-08-10 14:00:00,20.56,0,2,225,NA,1006.77,NA,NA,NA,NA,21.67,NA,5,NA
1872-08-10 21:00:00,22.22,NA,NA,247.5,NA,1006.77,NA,NA,NA,NA,16.11,NA,2,NA
1872-08-11,NA,NA,NA,NA,NA,NA,1.52,"11:30 pm","12:00 pm",NA,NA,17.61,NA,"rain"
1872-08-11 07:00:00,17.22,247.5,2,247.5,NA,1009.14,NA,NA,NA,NA,15,NA,11,NA
1872-08-11 14:00:00,19.44,NA,NA,45,NA,1006.1,NA,NA,NA,NA,21.11,NA,5,",hz"
1872-08-11 21:00:00,20.56,NA,2,225,"315",1006.43,NA,NA,NA,NA,16.67,NA,1,NA
1872-08-12,NA,NA,NA,NA,NA,NA,0,"empty","empty",NA,NA,13.61,NA,NA
1872-08-12 07:00:00,18.89,NA,NA,225,NA,1011.51,NA,NA,NA,NA,11.11,NA,5,",hz"
1872-08-12 14:00:00,20,NA,NA,270,NA,1011.18,NA,NA,NA,NA,15.83,NA,5,",hz"
1872-08-12 21:00:00,19.72,NA,2,270,"270",1011.18,NA,NA,NA,NA,13.89,NA,2,NA
1872-08-13,NA,NA,NA,NA,NA,NA,0,"empty","empty",NA,NA,16.67,NA,NA
1872-08-13 07:00:00,19.72,NA,NA,225,NA,1010.84,NA,NA,NA,NA,12.78,NA,1,NA
1872-08-13 14:00:00,20,NA,NA,135,NA,1011.51,NA,NA,NA,NA,22.22,NA,2,NA
1872-08-13 21:00:00,19.44,NA,2,45,"315",1011.85,NA,NA,NA,NA,15,NA,2,NA
1872-08-14,NA,NA,NA,NA,NA,NA,1.27,"3:45 pm","10:00 pm",NA,NA,15.94,NA,"rain"
1872-08-14 07:00:00,19.44,315,1,247.5,NA,1008.47,NA,NA,NA,NA,14.17,NA,5,NA
1872-08-14 14:00:00,21.11,270,1,315,NA,1009.82,NA,NA,NA,NA,22.22,NA,5,NA
1872-08-14 21:00:00,23.33,NA,NA,45,NA,1011.51,NA,NA,NA,NA,11.39,NA,11,",fg"
1872-08-15,NA,NA,NA,NA,NA,NA,11.68,"6:00 pm","9:00 pm",NA,NA,13.78,NA,"rain"
1872-08-15 07:00:00,16.11,NA,NA,45,NA,1021,NA,NA,NA,NA,9.72,NA,5,NA
1872-08-15 14:00:00,17.22,NA,NA,45,NA,1021.67,NA,NA,NA,NA,17.78,NA,2,NA
1872-08-15 21:00:00,18.06,NA,2,225,"315",1021.67,NA,NA,NA,NA,13.89,NA,1,NA
1872-08-16,NA,NA,NA,NA,NA,NA,11.43,"9:30 am","4:00 pm",NA,NA,12.06,NA,"rain"
1872-08-16 07:00:00,15.28,NA,NA,NA,NA,1014.22,NA,NA,NA,NA,10,NA,0,",hz"
1872-08-16 14:00:00,15.56,NA,NA,225,NA,1010.16,NA,NA,NA,NA,12.78,NA,2,",hz"
1872-08-16 21:00:00,16.39,NA,NA,45,NA,1009.82,NA,NA,NA,NA,12.22,NA,1,NA
1872-08-17,NA,NA,NA,NA,NA,NA,0,"empty","empty",NA,NA,15.83,NA,NA
1872-08-17 07:00:00,16.94,NA,NA,NA,NA,1017.61,NA,NA,NA,NA,10.56,NA,0,NA
1872-08-17 14:00:00,18.33,315,2,315,NA,1017.61,NA,NA,NA,NA,9.72,NA,2,NA
1872-08-17 21:00:00,19.17,NA,1,270,"0",1017.95,NA,NA,NA,NA,16.11,NA,5,NA
1872-08-18,NA,NA,NA,NA,NA,NA,0.76,"8:00 am","3:00 pm",NA,NA,14.72,NA,"rain"
1872-08-18 07:00:00,16.67,NA,NA,225,NA,1012.53,NA,NA,NA,NA,12.22,NA,2,",hz"
1872-08-18 14:00:00,17.78,NA,NA,180,NA,1014.22,NA,NA,NA,NA,19.72,NA,5,",hz"
1872-08-18 21:00:00,18.33,NA,NA,225,NA,1014.56,NA,NA,NA,NA,12.22,NA,2,",hz"
1872-08-19,NA,NA,NA,NA,NA,NA,NA,"8:45 am",NA,NA,NA,13.44,NA,"rain"
1872-08-19 07:00:00,15.83,NA,NA,180,NA,1014.22,NA,NA,NA,NA,12.22,NA,5,",fg"
1872-08-19 14:00:00,16.39,NA,NA,90,NA,1014.9,NA,NA,NA,NA,14.72,NA,5,",fg"
1872-08-19 21:00:00,16.67,NA,NA,45,NA,1013.21,NA,NA,NA,NA,10.56,NA,2,",fg"
1872-08-20,NA,NA,NA,NA,NA,NA,9.91,"empty","3:00 am",NA,NA,11.83,NA,"rain"
1872-08-20 07:00:00,16.11,NA,NA,NA,NA,1011.18,NA,NA,NA,NA,11.11,NA,NA,",fg"
1872-08-20 14:00:00,16.67,NA,NA,45,NA,1012.87,NA,NA,NA,NA,10.56,NA,2,NA
1872-08-20 21:00:00,16.67,NA,1,45,"45",1013.88,NA,NA,NA,NA,11.11,NA,5,NA
1872-08-21,NA,NA,NA,NA,NA,NA,0,"empty","empty",NA,NA,13.5,NA,NA
1872-08-21 07:00:00,16.39,NA,NA,NA,NA,1017.61,NA,NA,NA,NA,8.89,NA,NA,NA
1872-08-21 14:00:00,18.06,NA,NA,247.5,NA,1016.59,NA,NA,NA,NA,17.22,NA,2,",hz"
1872-08-21 21:00:00,17.78,NA,NA,247.5,NA,1016.26,NA,NA,NA,NA,14.44,NA,2,",hz"
1872-08-22,NA,NA,NA,NA,NA,NA,0,"empty","empty",NA,NA,16,NA,NA
1872-08-22 07:00:00,17.22,0,2,247.5,NA,1013.88,NA,NA,NA,NA,12.5,NA,5,NA
1872-08-22 14:00:00,18.89,45,2,247.5,NA,1012.87,NA,NA,NA,NA,20,NA,5,NA
1872-08-22 21:00:00,18.89,NA,NA,270,NA,1010.5,NA,NA,NA,NA,15.56,NA,5,",hz"
1872-08-23,NA,NA,NA,NA,NA,NA,2.79,"7:00 am","12:00 pm",NA,NA,17.39,NA,"rain"
1872-08-23 07:00:00,18.89,247.5,4,247.5,NA,1006.77,NA,NA,NA,NA,15.56,NA,11,NA
1872-08-23 14:00:00,20,247.5,4,247.5,NA,1004.74,NA,NA,NA,NA,22.22,NA,11,NA
1872-08-23 21:00:00,19.72,NA,2,225,"247.5",1004.74,NA,NA,NA,NA,20,NA,5,NA
1872-08-24,NA,NA,NA,NA,NA,NA,0,"empty","empty",NA,NA,18.06,NA,"empty"
1872-08-24 07:00:00,18.33,NA,NA,225,NA,1001.69,NA,NA,NA,NA,16.11,NA,2,",hz"
1872-08-24 14:00:00,20.56,315,2,270,NA,1001.69,NA,NA,NA,NA,21.94,NA,2,NA
1872-08-24 21:00:00,20,NA,NA,45,NA,1001.69,NA,NA,NA,NA,16.11,NA,5,",hz"
1872-08-25,NA,NA,NA,NA,NA,NA,3.81,"2:00 pm","8:00 pm",NA,NA,16.28,NA,"rain"
1872-08-25 07:00:00,17.22,NA,NA,225,NA,1006.43,NA,NA,NA,NA,12.22,NA,2,NA
1872-08-25 14:00:00,18.89,270,2,247.5,NA,1002.71,NA,NA,NA,NA,20,NA,5,NA
1872-08-25 21:00:00,18.33,NA,NA,247.5,NA,1003.73,NA,NA,NA,NA,16.67,NA,2,",hz"
1872-08-26,NA,NA,NA,NA,NA,NA,0.23,"10:30 am","10:45 am",NA,NA,14.44,NA,"rain"
1872-08-26 07:00:00,17.22,NA,NA,225,NA,1007.11,NA,NA,NA,NA,11.67,NA,5,",hz"
1872-08-26 14:00:00,18.89,315,2,225,NA,1008.81,NA,NA,NA,NA,17.78,NA,11,NA
1872-08-26 21:00:00,17.78,NA,NA,0,NA,1009.82,NA,NA,NA,NA,13.89,NA,2,",hz"
1872-08-27,NA,NA,NA,NA,NA,NA,0,"empty","empty",NA,NA,14.06,NA,NA
1872-08-27 07:00:00,17.22,NA,NA,225,NA,1013.21,NA,NA,NA,NA,8.33,NA,1,NA
1872-08-27 14:00:00,18.33,315,1,135,NA,1013.21,NA,NA,NA,NA,19.44,NA,5,NA
1872-08-27 21:00:00,17.78,NA,NA,225,NA,1013.21,NA,NA,NA,NA,14.44,NA,5,NA
1872-08-28,NA,NA,NA,NA,NA,NA,0,"empty","empty",NA,NA,12.61,NA,"empty"
1872-08-28 07:00:00,16.39,135,3,135,NA,1010.5,NA,NA,NA,NA,12.22,NA,2,",hz"
1872-08-28 14:00:00,16.67,NA,NA,135,NA,1008.47,NA,NA,NA,NA,13.89,NA,11,NA
1872-08-28 21:00:00,16.39,NA,NA,135,NA,1007.45,NA,NA,NA,NA,11.67,NA,5,",hz"
1872-08-29,NA,NA,NA,NA,NA,NA,25.15,"4:00 am","5:00 pm",NA,NA,12.67,NA,"rain"
1872-08-29 07:00:00,15.28,NA,NA,45,NA,997.97,NA,NA,NA,NA,11.39,NA,20,NA
1872-08-29 14:00:00,16.94,NA,NA,45,NA,997.63,NA,NA,NA,NA,12.78,NA,11,",fg"
1872-08-29 21:00:00,16.94,NA,NA,0,NA,998.65,NA,NA,NA,NA,13.89,NA,5,",hz"
1872-08-30,NA,NA,NA,NA,NA,NA,0,"empty","empty",NA,NA,13.72,NA,"empty"
1872-08-30 07:00:00,16.39,270,2,270,NA,1006.77,NA,NA,NA,NA,11.11,NA,5,NA
1872-08-30 14:00:00,17.22,315,2,0,NA,1008.13,NA,NA,NA,NA,16.67,NA,5,NA
1872-08-30 21:00:00,17.22,NA,NA,45,NA,1009.48,NA,NA,NA,NA,13.33,NA,1,NA
1872-08-31,NA,NA,NA,NA,NA,NA,3.56,"2:00 pm","6:00 pm",NA,NA,11.39,NA,"rain"
1872-08-31 07:00:00,16.67,NA,NA,135,NA,1015.24,NA,NA,NA,NA,9.17,NA,1,NA
1872-08-31 14:00:00,15.83,NA,NA,90,NA,1014.9,NA,NA,NA,NA,13.89,NA,5,",ra"
1872-08-31 21:00:00,15.56,NA,NA,135,NA,1014.9,NA,NA,NA,NA,11.11,NA,5,",fg"
1872-09-01,NA,NA,NA,NA,NA,NA,27.94,"4:30 am","10:00 am",NA,NA,16.11,NA,"rain"
1872-09-01 07:00:00,NA,NA,NA,90,NA,NA,NA,NA,NA,NA,14.44,NA,20,",fg"
1872-09-01 14:00:00,NA,0,2,315,NA,NA,NA,NA,NA,NA,19.44,NA,16,NA
1872-09-01 21:00:00,NA,NA,2,270,"0",NA,NA,NA,NA,NA,14.44,NA,11,NA
1872-09-02,NA,NA,NA,NA,NA,NA,0,"empty","empty",NA,NA,16.78,NA,NA
1872-09-02 07:00:00,17.78,270,5,270,NA,1000.68,NA,NA,NA,NA,16.67,NA,16,NA
1872-09-02 14:00:00,18.61,270,5,270,NA,1002.37,NA,NA,NA,NA,20.28,NA,16,NA
1872-09-02 21:00:00,19.17,NA,2,270,"270",1003.73,NA,NA,NA,NA,13.33,NA,11,NA
1872-09-03,NA,NA,NA,NA,NA,NA,0,"empty","empty",NA,NA,18.5,NA,NA
1872-09-03 07:00:00,18.06,270,2,270,NA,1005.76,NA,NA,NA,NA,20.56,NA,11,NA
1872-09-03 14:00:00,19.44,270,2,270,NA,1004.74,NA,NA,NA,NA,21.11,NA,5,NA
1872-09-03 21:00:00,19.17,NA,1,180,"270",1004.06,NA,NA,NA,NA,13.33,NA,1,NA
1872-09-04,NA,NA,NA,NA,NA,NA,11.68,"9:00 am","10:30 am",NA,NA,19.28,NA,"rain"
1872-09-04 07:00:00,18.06,NA,NA,225,NA,996.28,NA,NA,NA,NA,20.56,NA,2,",hz"
1872-09-04 14:00:00,19.17,NA,NA,247.5,NA,995.26,NA,NA,NA,NA,21.11,NA,11,NA
1872-09-04 21:00:00,19.44,NA,2,247.5,"247.5",995.6,NA,NA,NA,NA,15.56,NA,11,NA
1872-09-05,NA,NA,NA,NA,NA,NA,0.23,"2:00 pm","2:30 pm",NA,NA,15.56,NA,"rain"
1872-09-05 07:00:00,17.5,270,3,247.5,NA,1001.69,NA,NA,NA,NA,16.67,NA,2,NA
1872-09-05 14:00:00,17.5,270,3,247.5,NA,1001.69,NA,NA,NA,NA,17.78,NA,11,NA
1872-09-05 21:00:00,17.78,NA,NA,247.5,NA,1001.36,NA,NA,NA,NA,12.22,NA,5,NA
1872-09-06,NA,NA,NA,NA,NA,NA,0,"empty","empty",NA,NA,14.61,NA,NA
1872-09-06 07:00:00,17.22,270,1,270,NA,1006.43,NA,NA,NA,NA,12.22,NA,5,NA
1872-09-06 14:00:00,17.78,270,3,270,NA,1006.43,NA,NA,NA,NA,19.17,NA,11,NA
1872-09-06 21:00:00,18.33,NA,1,270,"315",1006.43,NA,NA,NA,NA,12.5,NA,5,NA
1872-09-07,NA,NA,NA,NA,NA,NA,0,"empty","empty",NA,NA,15.67,NA,NA
1872-09-07 07:00:00,16.67,NA,NA,225,NA,1010.5,NA,NA,NA,NA,14.44,NA,5,NA
1872-09-07 14:00:00,19.44,0,2,270,NA,1011.18,NA,NA,NA,NA,20.28,NA,5,NA
1872-09-07 21:00:00,19.17,NA,NA,270,NA,1011.85,NA,NA,NA,NA,12.22,NA,2,NA
1872-09-08,NA,NA,NA,NA,NA,NA,1.52,"7:00 am","11:00 am",NA,NA,15.72,NA,"rain"
1872-09-08 07:00:00,NA,NA,NA,225,NA,NA,NA,NA,NA,NA,15,NA,11,",fg"
1872-09-08 14:00:00,NA,NA,NA,225,NA,NA,NA,NA,NA,NA,16.67,NA,5,",fg"
1872-09-08 21:00:00,NA,NA,NA,247.5,NA,NA,NA,NA,NA,NA,15.56,NA,2,",fg"
1872-09-09,NA,NA,NA,NA,NA,NA,0.23,"empty","empty",NA,NA,12.94,NA,"au"
1872-09-09 07:00:00,16.67,270,2,270,NA,1003.39,NA,NA,NA,NA,14.44,NA,2,NA
1872-09-09 14:00:00,16.67,270,2,0,NA,1005.42,NA,NA,NA,NA,14.44,NA,5,NA
1872-09-09 21:00:00,16.39,NA,NA,0,NA,1007.11,NA,NA,NA,NA,10,NA,5,NA
1872-09-10,NA,NA,NA,NA,NA,NA,1.27,"6:00 pm","11:00 pm",NA,NA,11.28,NA,"rain"
1872-09-10 07:00:00,15,NA,NA,0,NA,1013.55,NA,NA,NA,NA,12.22,NA,5,NA
1872-09-10 14:00:00,15.56,NA,NA,0,NA,1013.55,NA,NA,NA,NA,14.44,NA,5,NA
1872-09-10 21:00:00,15,NA,NA,0,NA,1013.88,NA,NA,NA,NA,12.78,NA,5,NA
1872-09-11,NA,NA,NA,NA,NA,NA,0.23,"10:00 am","10:30 am",NA,NA,9.83,NA,"rain"
1872-09-11 07:00:00,13.61,NA,NA,0,NA,1017.27,NA,NA,NA,NA,10.56,NA,5,",hz"
1872-09-11 14:00:00,14.17,NA,NA,0,NA,1017.61,NA,NA,NA,NA,12.22,NA,11,",hz"
1872-09-11 21:00:00,14.17,NA,NA,45,NA,1018.29,NA,NA,NA,NA,6.67,NA,5,NA
1872-09-12,NA,NA,NA,NA,NA,NA,0,"empty","empty",NA,NA,11.83,NA,NA
1872-09-12 07:00:00,13.06,NA,NA,135,NA,1021,NA,NA,NA,NA,12.22,NA,1,NA
1872-09-12 14:00:00,14.44,NA,NA,45,NA,1021.33,NA,NA,NA,NA,14.44,NA,2,NA
1872-09-12 21:00:00,14.44,NA,NA,135,NA,1021,NA,NA,NA,NA,8.89,NA,1,NA
1872-09-13,NA,NA,NA,NA,NA,NA,0,"empty","empty",NA,NA,15.39,NA,NA
1872-09-13 07:00:00,14.72,NA,NA,225,NA,1021.33,NA,NA,NA,NA,12.78,NA,1,NA
1872-09-13 14:00:00,16.67,270,1,315,NA,1021.33,NA,NA,NA,NA,22.22,NA,2,NA
1872-09-13 21:00:00,17.22,NA,1,315,"270",1021.33,NA,NA,NA,NA,11.11,NA,1,NA
1872-09-14,NA,NA,NA,NA,NA,NA,0,"empty","empty",NA,NA,14.06,NA,NA
1872-09-14 07:00:00,16.11,NA,NA,225,NA,1018.29,NA,NA,NA,NA,12.22,NA,2,",hz"
1872-09-14 14:00:00,17.22,315,1,247.5,NA,1016.93,NA,NA,NA,NA,16.67,NA,5,NA
1872-09-14 21:00:00,17.22,NA,1,292.5,"315",1015.92,NA,NA,NA,NA,13.33,NA,1,NA
1872-09-15,NA,NA,NA,NA,NA,NA,0,"empty","empty",NA,NA,18.17,NA,NA
1872-09-15 07:00:00,NA,NA,NA,247.5,NA,NA,NA,NA,NA,NA,13.33,NA,5,NA
1872-09-15 14:00:00,NA,315,1,247.5,NA,NA,NA,NA,NA,NA,23.33,NA,5,NA
1872-09-15 21:00:00,NA,NA,2,247.5,"315",NA,NA,NA,NA,NA,17.78,NA,5,NA
1872-09-16,NA,NA,NA,NA,NA,NA,0.51,"4:30 am","6:00 am",NA,NA,15.56,NA,"rain"
1872-09-16 07:00:00,17.78,NA,NA,225,NA,1014.56,NA,NA,NA,NA,15.56,NA,5,",hz"
1872-09-16 14:00:00,18.33,315,2,247.5,NA,1014.22,NA,NA,NA,NA,18.89,NA,5,NA
1872-09-16 21:00:00,18.33,NA,NA,90,NA,1013.88,NA,NA,NA,NA,12.22,NA,5,NA
1872-09-17,NA,NA,NA,NA,NA,NA,0.76,"empty","empty",NA,NA,11.11,NA,NA
1872-09-17 07:00:00,15,NA,NA,90,NA,1013.88,NA,NA,NA,NA,10,NA,5,",hz"
1872-09-17 14:00:00,15.56,NA,NA,90,NA,1013.88,NA,NA,NA,NA,12.22,NA,5,NA
1872-09-17 21:00:00,15,NA,NA,90,NA,1013.88,NA,NA,NA,NA,11.11,NA,5,",hz"
1872-09-18,NA,NA,NA,NA,NA,NA,0,"empty","empty",NA,NA,14.28,NA,NA
1872-09-18 07:00:00,15,NA,NA,45,NA,1010.5,NA,NA,NA,NA,12.22,NA,5,",hz"
1872-09-18 14:00:00,16.94,0,2,90,NA,1012.53,NA,NA,NA,NA,17.78,NA,5,NA
1872-09-18 21:00:00,16.67,NA,NA,135,NA,1009.14,NA,NA,NA,NA,12.78,NA,11,",hz"
1872-09-19,NA,NA,NA,NA,NA,NA,8.13,"4:30 am","5:00 pm",NA,NA,14.89,NA,"rain"
1872-09-19 07:00:00,16.11,NA,NA,45,NA,1001.02,NA,NA,NA,NA,13.33,NA,11,",fg"
1872-09-19 14:00:00,16.67,NA,NA,45,NA,998.98,NA,NA,NA,NA,16.11,NA,11,",fg"
1872-09-19 21:00:00,15.56,NA,NA,90,NA,997.63,NA,NA,NA,NA,15.28,NA,5,",fg"
1872-09-20,NA,NA,NA,NA,NA,NA,3.05,"11:30 am","5:00 pm",NA,NA,15.56,NA,"rain"
1872-09-20 07:00:00,16.67,NA,NA,135,NA,989.16,NA,NA,NA,NA,14.44,NA,11,",ra"
1872-09-20 14:00:00,18.33,NA,NA,270,NA,993.57,NA,NA,NA,NA,18.89,NA,11,",fg"
1872-09-20 21:00:00,18.33,NA,NA,247.5,NA,994.92,NA,NA,NA,NA,13.33,NA,5,",fg"
1872-09-21,NA,NA,NA,NA,NA,NA,26.92,"2:30 am","9:00 am",NA,NA,15.39,NA,"rain"
1872-09-21 07:00:00,16.67,NA,NA,225,NA,1003.73,NA,NA,NA,NA,14.44,NA,5,",ra"
1872-09-21 14:00:00,18.33,270,2,247.5,NA,1004.4,NA,NA,NA,NA,18.89,NA,2,NA
1872-09-21 21:00:00,18.33,NA,NA,0,NA,1004.4,NA,NA,NA,NA,12.78,NA,2,",fg"
1872-09-22,NA,NA,NA,NA,NA,NA,9.14,"7:00 am","9:30 am",NA,NA,13.17,NA,"rain"
1872-09-22 07:00:00,NA,NA,NA,270,NA,NA,NA,NA,NA,NA,12.22,NA,5,",ra"
1872-09-22 14:00:00,NA,270,2,270,NA,NA,NA,NA,NA,NA,15.56,NA,2,NA
1872-09-22 21:00:00,NA,NA,NA,225,NA,NA,NA,NA,NA,NA,11.67,NA,2,NA
1872-09-23,NA,NA,NA,NA,NA,NA,NA,"7:00 pm","inap",NA,NA,15.17,NA,NA
1872-09-23 07:00:00,17.22,270,2,225,NA,1006.1,NA,NA,NA,NA,12.78,NA,2,NA
1872-09-23 14:00:00,17.78,270,2,270,NA,1006.43,NA,NA,NA,NA,19.44,NA,5,NA
1872-09-23 21:00:00,17.78,NA,2,315,"270",1006.77,NA,NA,NA,NA,13.33,NA,5,NA
1872-09-24,NA,NA,NA,NA,NA,NA,0,"empty","empty",NA,NA,11.11,NA,"frst"
1872-09-24 07:00:00,15.56,45,1,45,NA,1020.32,NA,NA,NA,NA,11.11,NA,5,NA
1872-09-24 14:00:00,16.11,0,2,45,NA,1022.01,NA,NA,NA,NA,15.56,NA,5,NA
1872-09-24 21:00:00,16.11,NA,NA,45,NA,1023.03,NA,NA,NA,NA,6.67,NA,2,NA
1872-09-25,NA,NA,NA,NA,NA,NA,0,"empty","empty",NA,NA,12.78,NA,NA
1872-09-25 07:00:00,14.72,NA,NA,225,NA,1024.04,NA,NA,NA,NA,7.78,NA,2,",hz"
1872-09-25 14:00:00,16.11,0,2,270,NA,1021.67,NA,NA,NA,NA,18.33,NA,11,NA
1872-09-25 21:00:00,15.83,NA,NA,247.5,NA,1021,NA,NA,NA,NA,12.22,NA,5,",hz"
1872-09-26,NA,NA,NA,NA,NA,NA,0,"empty","empty",NA,NA,16.83,NA,NA
1872-09-26 07:00:00,17.22,NA,NA,225,NA,1017.95,NA,NA,NA,NA,13.89,NA,2,NA
1872-09-26 14:00:00,18.06,NA,NA,247.5,NA,1015.92,NA,NA,NA,NA,22.22,NA,5,NA
1872-09-26 21:00:00,18.33,NA,NA,247.5,NA,1015.58,NA,NA,NA,NA,14.44,NA,2,NA
1872-09-27,NA,NA,NA,NA,NA,NA,0,"empty","empty",NA,NA,19.44,NA,"missing"
1872-09-27 07:00:00,18.61,NA,NA,225,NA,1021.67,NA,NA,NA,NA,15.56,NA,2,NA
1872-09-27 14:00:00,20,NA,NA,225,NA,1021.33,NA,NA,NA,NA,26.11,NA,2,NA
1872-09-27 21:00:00,20.56,NA,NA,225,NA,1021,NA,NA,NA,NA,16.67,NA,2,NA
1872-09-28,NA,NA,NA,NA,NA,NA,5.33,"5:00 pm","9:00 pm",NA,NA,18.72,NA,"rain"
1872-09-28 07:00:00,19.17,225,1,225,NA,1021.67,NA,NA,NA,NA,15.56,NA,2,NA
1872-09-28 14:00:00,20.56,225,1,247.5,NA,1021,NA,NA,NA,NA,25,NA,5,NA
1872-09-28 21:00:00,20,NA,1,225,"225",1020.32,NA,NA,NA,NA,15.56,NA,2,NA
1872-09-29,NA,NA,NA,NA,NA,NA,0.25,"9:00 pm","noon",NA,NA,16.11,NA,"rain"
1872-09-29 07:00:00,NA,NA,NA,225,NA,NA,NA,NA,NA,NA,15.56,NA,11,",ra"
1872-09-29 14:00:00,NA,225,1,247.5,NA,NA,NA,NA,NA,NA,18.89,NA,11,NA
1872-09-29 21:00:00,NA,NA,1,270,"270",NA,NA,NA,NA,NA,13.89,NA,2,NA
1872-09-30,NA,NA,NA,NA,NA,NA,0,"empty","empty",NA,NA,12.94,NA,"empty"
1872-09-30 07:00:00,16.67,NA,0,180,NA,1017.95,NA,NA,NA,NA,11.11,NA,1,NA
1872-09-30 14:00:00,16.67,90,1,90,NA,1018.29,NA,NA,NA,NA,16.67,NA,2,NA
1872-09-30 21:00:00,16.11,NA,NA,90,NA,1018.29,NA,NA,NA,NA,11.11,NA,2,",hz"
1872-10-01,NA,NA,NA,NA,NA,NA,0.023,"7:30 pm",NA,0.23,NA,12.94,NA,"rain"
1872-10-01 07:00:00,15.56,NA,NA,135,NA,1017.95,NA,NA,NA,NA,11.67,NA,1,NA
1872-10-01 14:00:00,16.39,NA,NA,135,NA,1017.27,NA,NA,NA,NA,13.89,NA,2,NA
1872-10-01 21:00:00,16.11,NA,NA,90,NA,1016.93,NA,NA,NA,NA,13.33,NA,1,NA
1872-10-02,NA,NA,NA,NA,NA,NA,NA,"11:30 pm",NA,NA,NA,17.22,NA,"rain"
1872-10-02 07:00:00,15,NA,NA,225,NA,1010.5,NA,NA,NA,NA,12.78,NA,2,",fg"
1872-10-02 14:00:00,16.11,NA,NA,180,NA,1007.11,NA,NA,NA,NA,21.11,NA,2,",fg"
1872-10-02 21:00:00,15.56,NA,4,225,"225",1005.76,NA,NA,NA,NA,17.78,NA,16,NA
1872-10-03,NA,NA,NA,NA,NA,NA,0.432,"empty","3:00 am",4.32,NA,14.33,NA,NA
1872-10-03 07:00:00,18.06,225,2,225,NA,999.66,NA,NA,NA,NA,13.89,NA,11,NA
1872-10-03 14:00:00,17.78,225,5,225,NA,999.66,NA,NA,NA,NA,16.94,NA,16,NA
1872-10-03 21:00:00,17.22,NA,2,247.5,"247.5",1000,NA,NA,NA,NA,12.22,NA,16,NA
1872-10-04,NA,NA,NA,NA,NA,NA,2.108,"2:00 pm","10:00 pm",21.08,NA,12.39,NA,"rain"
1872-10-04 07:00:00,16.39,NA,NA,270,NA,1002.71,NA,NA,NA,NA,10,NA,1,",hz"
1872-10-04 14:00:00,16.67,NA,NA,45,NA,999.66,NA,NA,NA,NA,16.67,NA,5,",hz"
1872-10-04 21:00:00,16.11,NA,1,225,"225",990.86,NA,NA,NA,NA,10.56,NA,5,NA
1872-10-05,NA,NA,NA,NA,NA,NA,0,"empty","empty",NA,NA,7.94,NA,NA
1872-10-05 07:00:00,13.61,315,2,225,NA,1007.11,NA,NA,NA,NA,8.33,NA,5,NA
1872-10-05 14:00:00,13.61,315,2,315,NA,1011.85,NA,NA,NA,NA,12.78,NA,11,NA
1872-10-05 21:00:00,12.78,NA,NA,NA,NA,1015.92,NA,NA,NA,NA,2.78,NA,0,NA
1872-10-06,NA,NA,NA,NA,NA,NA,0,"empty","empty",NA,NA,10,NA,NA
1872-10-06 07:00:00,NA,NA,NA,NA,NA,NA,NA,NA,NA,NA,6.11,NA,0,NA
1872-10-06 14:00:00,NA,315,2,270,NA,NA,NA,NA,NA,NA,15.56,NA,5,NA
1872-10-06 21:00:00,NA,NA,NA,270,NA,NA,NA,NA,NA,NA,8.33,NA,5,NA
1872-10-07,NA,NA,NA,NA,NA,NA,0,"empty","empty",NA,NA,13.33,NA,NA
1872-10-07 07:00:00,12.78,NA,NA,225,NA,1021,NA,NA,NA,NA,10,NA,5,",hz"
1872-10-07 14:00:00,15,NA,NA,225,NA,1021,NA,NA,NA,NA,19.44,NA,5,NA
1872-10-07 21:00:00,15,NA,NA,225,NA,1020.66,NA,NA,NA,NA,10.56,NA,2,NA
1872-10-08,NA,NA,NA,NA,NA,NA,0,"empty","empty",NA,NA,15.83,NA,NA
1872-10-08 07:00:00,15.56,247.5,3,225,NA,1022.01,NA,NA,NA,NA,11.39,NA,5,NA
1872-10-08 14:00:00,16.67,NA,NA,180,NA,1021.67,NA,NA,NA,NA,23.33,NA,11,NA
1872-10-08 21:00:00,16.11,NA,NA,225,NA,1021.33,NA,NA,NA,NA,12.78,NA,2,NA
1872-10-09,NA,NA,NA,NA,NA,NA,0.023,"10:00 pm",NA,0.23,NA,15.39,NA,"rain"
1872-10-09 07:00:00,16.11,270,1,225,NA,1018.63,NA,NA,NA,NA,12.78,NA,5,NA
1872-10-09 14:00:00,17.5,270,2,225,NA,1016.26,NA,NA,NA,NA,17.78,NA,5,NA
1872-10-09 21:00:00,16.94,NA,NA,225,NA,1014.56,NA,NA,NA,NA,15.56,NA,2,",hz"
1872-10-10,NA,NA,NA,NA,NA,NA,4.496,"11:00 pm","10:30 am",44.96,NA,17.33,NA,"rain"
1872-10-10 07:00:00,16.94,NA,NA,247.5,NA,1004.06,NA,NA,NA,NA,15.83,NA,2,",fg"
1872-10-10 14:00:00,17.78,270,1,45,NA,1004.4,NA,NA,NA,NA,23.89,NA,2,NA
1872-10-10 21:00:00,17.5,NA,NA,45,NA,1006.43,NA,NA,NA,NA,12.22,NA,2,",hz"
1872-10-11,NA,NA,NA,NA,NA,NA,1.651,"2:00 am","10:00 am",16.51,NA,12.94,NA,"rain"
1872-10-11 07:00:00,16.67,NA,NA,45,NA,997.29,NA,NA,NA,NA,11.11,NA,11,",fg"
1872-10-11 14:00:00,16.94,NA,NA,45,NA,1000.34,NA,NA,NA,NA,16.67,NA,5,",fg"
1872-10-11 21:00:00,16.67,NA,NA,247.5,NA,1004.4,NA,NA,NA,NA,11.11,NA,5,NA
1872-10-12,NA,NA,NA,NA,NA,NA,1.219,"2:00 pm","11:00 pm",12.19,NA,12.22,NA,"rain"
1872-10-12 07:00:00,16.11,NA,NA,225,NA,1011.51,NA,NA,NA,NA,10,NA,1,",fg"
1872-10-12 14:00:00,16.11,NA,NA,180,NA,1011.51,NA,NA,NA,NA,15.56,NA,1,",fg"
1872-10-12 21:00:00,16.11,NA,NA,135,NA,1011.18,NA,NA,NA,NA,11.11,NA,5,",fg"
1872-10-13,NA,NA,NA,NA,NA,NA,0,"empty","empty",NA,NA,10,NA,NA
1872-10-13 07:00:00,NA,NA,NA,135,NA,NA,NA,NA,NA,NA,10,NA,5,",fg"
1872-10-13 14:00:00,NA,NA,NA,135,NA,NA,NA,NA,NA,NA,11.11,NA,2,",fg"
1872-10-13 21:00:00,NA,NA,NA,90,NA,NA,NA,NA,NA,NA,8.89,NA,11,",fg"
1872-10-14,NA,NA,NA,NA,NA,NA,0,"empty","empty",NA,NA,12.39,NA,NA
1872-10-14 07:00:00,14.72,NA,NA,135,NA,1014.22,NA,NA,NA,NA,10,NA,1,",fg"
1872-10-14 14:00:00,15,NA,NA,90,NA,1013.55,NA,NA,NA,NA,15,NA,1,",fg"
1872-10-14 21:00:00,15,NA,NA,180,NA,1013.21,NA,NA,NA,NA,12.22,NA,2,",fg"
1872-10-15,NA,NA,NA,NA,NA,NA,1.778,"1:00 pm","11:30 pm",17.78,NA,16.28,NA,"rain"
1872-10-15 07:00:00,16.94,NA,NA,180,NA,1010.84,NA,NA,NA,NA,15.28,NA,5,",fg"
1872-10-15 14:00:00,18.33,NA,NA,180,NA,1007.45,NA,NA,NA,NA,21.11,NA,5,",fg"
1872-10-15 21:00:00,18.33,NA,NA,225,NA,1006.77,NA,NA,NA,NA,12.22,NA,16,",fg"
1872-10-16,NA,NA,NA,NA,NA,NA,0.381,"9:00 am","10:00 am",3.81,NA,12.94,NA,"rain"
1872-10-16 07:00:00,16.67,NA,NA,225,NA,1012.53,NA,NA,NA,NA,12.22,NA,1,",hz"
1872-10-16 14:00:00,16.67,315,2,247.5,NA,1016.26,NA,NA,NA,NA,17.78,NA,5,NA
1872-10-16 21:00:00,16.11,NA,NA,270,NA,1020.66,NA,NA,NA,NA,8.89,NA,2,",fg"
1872-10-17,NA,NA,NA,NA,NA,NA,0.025,"1:45 pm","2:00 pm",0.25,NA,11.67,NA,"rain"
1872-10-17 07:00:00,15,315,2,270,NA,1018.29,NA,NA,NA,NA,5.83,NA,1,NA
1872-10-17 14:00:00,15.28,NA,NA,247.5,NA,1015.58,NA,NA,NA,NA,17.78,NA,16,NA
1872-10-17 21:00:00,14.44,NA,NA,270,NA,1016.26,NA,NA,NA,NA,8.06,NA,2,NA
1872-10-18,NA,NA,NA,NA,NA,NA,0,"empty","empty",NA,NA,9.44,NA,NA
1872-10-18 07:00:00,12.78,NA,NA,90,NA,1024.38,NA,NA,NA,NA,8.33,NA,2,NA
1872-10-18 14:00:00,13.33,270,1,90,NA,1024.04,NA,NA,NA,NA,10.56,NA,2,NA
1872-10-18 21:00:00,13.06,NA,1,90,"270",1023.37,NA,NA,NA,NA,9.44,NA,2,NA
1872-10-19,NA,NA,NA,NA,NA,NA,2.083,"1:00 pm","11:30 pm",20.83,NA,10.83,NA,"rain"
1872-10-19 07:00:00,12.78,NA,NA,NA,NA,1017.27,NA,NA,NA,NA,5.83,NA,0,",hz"
1872-10-19 14:00:00,12.78,NA,NA,180,NA,1012.87,NA,NA,NA,NA,11.11,NA,2,NA
1872-10-19 21:00:00,12.78,NA,NA,225,NA,1010.16,NA,NA,NA,NA,15.56,NA,11,",hz"
1872-10-20,NA,NA,NA,NA,NA,NA,0.254,"9:00 am","9:00 pm",2.54,NA,15.56,NA,"rain"
1872-10-20 07:00:00,NA,NA,NA,225,NA,NA,NA,NA,NA,NA,15.56,NA,1,",fg"
1872-10-20 14:00:00,NA,NA,NA,225,NA,NA,NA,NA,NA,NA,17.78,NA,5,",fg"
1872-10-20 21:00:00,NA,NA,NA,225,NA,NA,NA,NA,NA,NA,13.33,NA,5,",hz"
1872-10-21,NA,NA,NA,NA,NA,NA,0.025,"1:30 pm","2:00 pm",0.25,NA,9.28,NA,"rain"
1872-10-21 07:00:00,14.44,NA,NA,225,NA,1001.02,NA,NA,NA,NA,8.89,NA,1,",hz"
1872-10-21 14:00:00,14.44,270,2,247.5,NA,1001.36,NA,NA,NA,NA,12.22,NA,11,NA
1872-10-21 21:00:00,13.89,NA,2,270,"270",1003.05,NA,NA,NA,NA,6.67,NA,2,NA
1872-10-22,NA,NA,NA,NA,NA,NA,0,"empty","empty",0,NA,8.44,NA,NA
1872-10-22 07:00:00,12.22,NA,NA,315,NA,1014.9,NA,NA,NA,NA,6.39,NA,5,NA
1872-10-22 14:00:00,12.22,315,1,315,NA,1016.93,NA,NA,NA,NA,13.33,NA,5,NA
1872-10-22 21:00:00,11.94,NA,NA,315,NA,1019.3,NA,NA,NA,NA,5.56,NA,5,NA
1872-10-23,NA,NA,NA,NA,NA,NA,0,"empty","empty",NA,NA,8.61,NA,NA
1872-10-23 07:00:00,11.94,NA,NA,NA,NA,1024.04,NA,NA,NA,NA,3.33,NA,0,NA
1872-10-23 14:00:00,13.89,NA,NA,NA,NA,1023.37,NA,NA,NA,NA,15.56,NA,0,NA
1872-10-23 21:00:00,13.89,NA,NA,NA,NA,1023.03,NA,NA,NA,NA,6.94,NA,0,NA
1872-10-24,NA,NA,NA,NA,NA,NA,0.025,"1:30 pm","3:30 pm",0.25,NA,8.22,NA,"rain"
1872-10-24 07:00:00,13.33,NA,NA,NA,NA,1017.61,NA,NA,NA,NA,6.94,NA,0,",hz"
1872-10-24 14:00:00,13.06,NA,NA,315,NA,1016.26,NA,NA,NA,NA,12.22,NA,5,",hz"
1872-10-24 21:00:00,13.06,NA,NA,0,NA,1016.93,NA,NA,NA,NA,5.56,NA,2,NA
1872-10-25,NA,NA,NA,NA,NA,NA,NA,NA,NA,NA,NA,6.56,NA,"rain"
1872-10-25 07:00:00,11.11,NA,NA,NA,NA,1018.29,NA,NA,NA,NA,0,NA,0,NA
1872-10-25 14:00:00,12.78,315,2,315,NA,1015.24,NA,NA,NA,NA,12.78,NA,11,NA
1872-10-25 21:00:00,12.78,NA,NA,270,NA,1014.9,NA,NA,NA,NA,6.94,NA,2,NA
1872-10-26,NA,NA,NA,NA,NA,NA,0,"empty","empty",NA,NA,10.56,NA,NA
1872-10-26 07:00:00,12.22,247.5,1,247.5,NA,1011.85,NA,NA,NA,NA,6.67,NA,5,NA
1872-10-26 14:00:00,13.89,NA,NA,270,NA,1010.5,NA,NA,NA,NA,17.22,NA,11,NA
1872-10-26 21:00:00,13.06,NA,NA,247.5,NA,1009.82,NA,NA,NA,NA,7.78,NA,5,NA
1872-10-27,NA,NA,NA,NA,NA,NA,0.025,"1:00 pm","11:30 pm",0.25,NA,7.22,NA,"rain"
1872-10-27 07:00:00,NA,NA,NA,NA,NA,NA,NA,NA,NA,NA,7.22,NA,0,NA
1872-10-27 14:00:00,NA,NA,NA,45,NA,NA,NA,NA,NA,NA,8.89,NA,5,",fg"
1872-10-27 21:00:00,NA,NA,NA,22.5,NA,NA,NA,NA,NA,NA,5.56,NA,27,",fg"
1872-10-28,NA,NA,NA,NA,NA,NA,0.127,"10:00 am","10:00 pm",1.27,NA,2.5,NA,"rain"
1872-10-28 07:00:00,10,NA,NA,45,NA,1003.05,NA,NA,NA,NA,1.39,NA,5,",hz"
1872-10-28 14:00:00,11.67,45,2,45,NA,1006.43,NA,NA,NA,NA,4.44,NA,11,NA
1872-10-28 21:00:00,13.89,NA,NA,45,NA,1007.45,NA,NA,NA,NA,1.67,NA,5,",ra"
1872-10-29,NA,NA,NA,NA,NA,NA,0,"empty","empty",NA,NA,1.5,NA,NA
1872-10-29 07:00:00,8.89,NA,NA,315,NA,1016.93,NA,NA,NA,NA,-0.56,NA,5,NA
1872-10-29 14:00:00,13.33,45,1,45,NA,1019.64,NA,NA,NA,NA,3.89,NA,5,NA
1872-10-29 21:00:00,14.44,NA,NA,315,NA,1021.33,NA,NA,NA,NA,1.11,NA,2,NA
1872-10-30,NA,NA,NA,NA,NA,NA,0,"empty","empty",NA,NA,2.67,NA,NA
1872-10-30 07:00:00,11.11,NA,NA,NA,NA,1024.72,NA,NA,NA,NA,-2.22,NA,0,NA
1872-10-30 14:00:00,17.78,NA,NA,315,NA,1024.38,NA,NA,NA,NA,7.78,NA,5,NA
1872-10-30 21:00:00,17.22,NA,NA,315,NA,1024.38,NA,NA,NA,NA,2.5,NA,2,NA
1872-10-31,NA,NA,NA,NA,NA,NA,0,"empty","empty",NA,NA,6.67,NA,NA
1872-10-31 07:00:00,15,NA,NA,NA,NA,1019.98,NA,NA,NA,NA,1.67,NA,0,NA
1872-10-31 14:00:00,19.44,NA,NA,NA,NA,1019.64,NA,NA,NA,NA,12.78,NA,0,NA
1872-10-31 21:00:00,19.44,NA,NA,90,NA,1019.3,NA,NA,NA,NA,5.56,NA,5,NA
1872-11-01,NA,NA,NA,NA,NA,NA,14.99,"12:00 pm","9:00 pm",NA,NA,5.94,NA,"rain"
1872-11-01 07:00:00,11.11,NA,NA,90,NA,1013.55,NA,NA,NA,NA,6.67,NA,11,",fg"
1872-11-01 14:00:00,10.56,NA,NA,90,NA,1008.47,NA,NA,NA,NA,5.56,NA,11,",fg"
1872-11-01 21:00:00,10,NA,NA,90,NA,1006.43,NA,NA,NA,NA,5.56,NA,16,",fg"
1872-11-02,NA,NA,NA,NA,NA,NA,10.41,"9:00 am","11:00 pm",NA,NA,5.56,NA,"empty"
1872-11-02 07:00:00,10.56,NA,NA,90,NA,993.57,NA,NA,NA,NA,6.11,NA,11,",fg"
1872-11-02 14:00:00,11.11,NA,NA,45,NA,990.52,NA,NA,NA,NA,6.11,NA,16,",fg"
1872-11-02 21:00:00,10.56,NA,NA,45,NA,990.18,NA,NA,NA,NA,4.44,NA,20,",fg"
1872-11-03,NA,NA,NA,NA,NA,NA,0.023,NA,NA,0.23,NA,2.22,NA,NA
1872-11-03 07:00:00,NA,NA,NA,45,NA,NA,NA,NA,NA,NA,1.67,NA,5,NA
1872-11-03 14:00:00,NA,0,2,0,NA,NA,NA,NA,NA,NA,3.33,NA,5,NA
1872-11-03 21:00:00,NA,NA,NA,0,NA,NA,NA,NA,NA,NA,1.67,NA,5,NA
1872-11-04,NA,NA,NA,NA,NA,NA,0.076,NA,NA,0.76,NA,2.94,NA,NA
1872-11-04 07:00:00,6.67,NA,NA,0,NA,996.61,NA,NA,NA,NA,1.67,NA,5,NA
1872-11-04 14:00:00,6.94,45,3,45,NA,995.94,NA,NA,NA,NA,5,NA,11,NA
1872-11-04 21:00:00,7.22,NA,NA,45,NA,997.29,NA,NA,NA,NA,2.22,NA,11,NA
1872-11-05,NA,NA,NA,NA,NA,NA,0.051,NA,NA,0.51,NA,1.78,NA,NA
1872-11-05 07:00:00,8.06,45,2,0,NA,1004.06,NA,NA,NA,NA,0,NA,5,NA
1872-11-05 14:00:00,8.33,270,2,315,NA,1006.77,NA,NA,NA,NA,4.72,NA,5,NA
1872-11-05 21:00:00,8.89,NA,NA,315,NA,1009.82,NA,NA,NA,NA,0.56,NA,1,",hz"
1872-11-06,NA,NA,NA,NA,NA,NA,0,"empty","empty",NA,NA,0.39,NA,NA
1872-11-06 07:00:00,7.22,45,3,247.5,NA,1017.61,NA,NA,NA,NA,-2.22,NA,1,NA
1872-11-06 14:00:00,7.78,315,2,315,NA,1017.61,NA,NA,NA,NA,4.44,NA,5,NA
1872-11-06 21:00:00,7.22,NA,NA,315,NA,1017.95,NA,NA,NA,NA,-1.11,NA,1,NA
1872-11-07,NA,NA,NA,NA,NA,NA,0.23,"2:00 pm","2:10 pm",NA,NA,3.89,NA,"rain"
1872-11-07 07:00:00,6.11,NA,NA,NA,NA,1017.61,NA,NA,NA,NA,-0.56,NA,0,NA
1872-11-07 14:00:00,8.89,NA,NA,225,NA,1015.24,NA,NA,NA,NA,6.67,NA,2,NA
1872-11-07 21:00:00,9.44,NA,NA,180,NA,1014.9,NA,NA,NA,NA,5.56,NA,1,",fg"
1872-11-08,NA,NA,NA,NA,NA,NA,6.86,"11:30 pm","12:00 am",NA,NA,8.33,NA,NA
1872-11-08 07:00:00,10,NA,NA,135,NA,992.21,NA,NA,NA,NA,8.89,NA,16,",hz"
1872-11-08 14:00:00,13.33,NA,NA,225,NA,992.21,NA,NA,NA,NA,8.33,NA,20,",ra"
1872-11-08 21:00:00,13.33,NA,2,225,"225",992.21,NA,NA,NA,NA,7.78,NA,5,NA
1872-11-09,NA,NA,NA,NA,NA,NA,0.25,"fleet",NA,NA,NA,6.28,NA,NA
1872-11-09 07:00:00,11.11,NA,NA,270,NA,990.18,NA,NA,NA,NA,5.56,NA,2,",hz"
1872-11-09 14:00:00,11.11,270,3,247.5,NA,995.6,NA,NA,NA,NA,10,NA,5,NA
1872-11-09 21:00:00,11.67,NA,NA,270,NA,996.28,NA,NA,NA,NA,3.33,NA,2,NA
1872-11-10,NA,NA,NA,NA,NA,NA,0.025,NA,NA,0.25,NA,5,NA,NA
1872-11-10 07:00:00,NA,NA,NA,270,NA,NA,NA,NA,NA,NA,2.78,NA,1,NA
1872-11-10 14:00:00,NA,225,2,270,NA,NA,NA,NA,NA,NA,8.89,NA,5,NA
1872-11-10 21:00:00,NA,NA,NA,270,NA,NA,NA,NA,NA,NA,3.33,NA,2,NA
1872-11-11,NA,NA,NA,NA,NA,NA,0,"empty","empty",NA,NA,4.06,NA,NA
1872-11-11 07:00:00,8.33,270,1,225,NA,999.32,NA,NA,NA,NA,2.22,NA,1,NA
1872-11-11 14:00:00,9.17,315,3,0,NA,1000.34,NA,NA,NA,NA,8.33,NA,5,NA
1872-11-11 21:00:00,9.44,NA,1,0,"0",1002.37,NA,NA,NA,NA,1.67,NA,1,NA
1872-11-12,NA,NA,NA,NA,NA,NA,0,"empty","empty",NA,NA,3.72,NA,NA
1872-11-12 07:00:00,8.89,0,2,0,NA,1013.88,NA,NA,NA,NA,2.78,NA,5,NA
1872-11-12 14:00:00,8.89,0,2,45,NA,1016.93,NA,NA,NA,NA,6.11,NA,2,NA
1872-11-12 21:00:00,10,NA,NA,0,NA,1018.63,NA,NA,NA,NA,2.22,NA,1,",hz"
1872-11-13,NA,NA,NA,NA,NA,NA,2.79,"9:30 pm","11:00 pm",NA,NA,4.06,NA,NA
1872-11-13 07:00:00,8.33,NA,NA,NA,NA,1019.3,NA,NA,NA,NA,-1.11,NA,0,",hz"
1872-11-13 14:00:00,8.89,NA,NA,225,NA,1015.58,NA,NA,NA,NA,6.67,NA,5,",hz"
1872-11-13 21:00:00,8.89,NA,NA,225,NA,1012.87,NA,NA,NA,NA,6.67,NA,5,",hz"
1872-11-14,NA,NA,NA,NA,NA,NA,0,"empty","empty",NA,NA,5,NA,"empty"
1872-11-14 07:00:00,10.56,225,2,270,NA,1005.76,NA,NA,NA,NA,4.44,NA,1,NA
1872-11-14 14:00:00,10.56,NA,NA,315,NA,1006.77,NA,NA,NA,NA,8.89,NA,2,NA
1872-11-14 21:00:00,10.56,NA,2,270,"270",1008.13,NA,NA,NA,NA,1.67,NA,2,NA
1872-11-15,NA,NA,NA,NA,NA,NA,11.94,"1:00pm","3:00 pm",NA,NA,6.5,NA,"rain"
1872-11-15 07:00:00,8.33,NA,NA,45,NA,1011.51,NA,NA,NA,NA,0.56,NA,1,NA
1872-11-15 14:00:00,9.44,NA,NA,135,NA,1008.47,NA,NA,NA,NA,7.78,NA,2,",fg"
1872-11-15 21:00:00,11.11,NA,NA,225,NA,1004.74,NA,NA,NA,NA,11.11,NA,2,",fg"
1872-11-16,NA,NA,NA,NA,NA,NA,11.94,"11:00 am","8:00 am",NA,NA,7.78,NA,"rain"
1872-11-16 07:00:00,11.11,NA,NA,270,NA,1004.74,NA,NA,NA,NA,10,NA,5,",fg"
1872-11-16 14:00:00,11.67,270,1,270,NA,1007.79,NA,NA,NA,NA,8.89,NA,2,NA
1872-11-16 21:00:00,12.78,NA,NA,270,NA,1010.16,NA,NA,NA,NA,4.44,NA,2,",hz"
1872-11-17,NA,NA,NA,NA,NA,NA,14.73,"10:30 am","5:00 pm",0.76,NA,1.83,NA,"rain"
1872-11-17 07:00:00,NA,NA,NA,NA,NA,975.28,NA,NA,NA,NA,1.67,NA,0,",hz"
1872-11-17 14:00:00,NA,NA,NA,135,NA,NA,NA,NA,NA,NA,2.22,NA,5,",hz"
1872-11-17 21:00:00,NA,NA,NA,315,NA,NA,NA,NA,NA,NA,1.67,NA,20,",hz"
1872-11-18,NA,NA,NA,NA,NA,NA,0.076,NA,NA,0.76,NA,0.17,NA,NA
1872-11-18 07:00:00,7.22,315,2,315,NA,1018.29,NA,NA,NA,NA,-1.11,NA,11,NA
1872-11-18 14:00:00,7.22,315,2,315,NA,1020.66,NA,NA,NA,NA,1.67,NA,5,NA
1872-11-18 21:00:00,6.67,NA,NA,315,NA,1021.33,NA,NA,NA,NA,0,NA,2,",hz"
1872-11-19,NA,NA,NA,NA,NA,NA,1.78,"5:30 pm","11:00 pm",NA,NA,2.39,NA,"rain"
1872-11-19 07:00:00,8.06,NA,NA,315,NA,1012.19,NA,NA,NA,NA,1.11,NA,1,",sn"
1872-11-19 14:00:00,8.61,NA,NA,NA,NA,1012.87,NA,NA,NA,NA,3.89,NA,0,",fg"
1872-11-19 21:00:00,8.89,NA,NA,270,NA,987.81,NA,NA,NA,NA,2.22,NA,1,",hz"
1872-11-20,NA,NA,NA,NA,NA,NA,4.06,"5:30 am","10:00 am",NA,NA,2.61,NA,NA
1872-11-20 07:00:00,8.61,270,1,NA,NA,1007.45,NA,NA,NA,NA,0,NA,0,NA
1872-11-20 14:00:00,9.44,270,1,270,NA,1007.45,NA,NA,NA,NA,5,NA,1,NA
1872-11-20 21:00:00,8.89,NA,NA,225,NA,1006.43,NA,NA,NA,NA,2.78,NA,1,",hz"
1872-11-21,NA,NA,NA,NA,NA,NA,0,"empty","empty",0.23,NA,1.83,NA,NA
1872-11-21 07:00:00,8.06,NA,NA,225,NA,1002.37,NA,NA,NA,NA,4.44,NA,1,",fg"
1872-11-21 14:00:00,7.78,315,3,315,NA,993.91,NA,NA,NA,NA,2.22,NA,16,NA
1872-11-21 21:00:00,7.22,NA,NA,0,NA,992.21,NA,NA,NA,NA,-1.11,NA,5,NA
1872-11-22,NA,NA,NA,NA,NA,NA,0,"empty","empty",NA,NA,2.22,NA,NA
1872-11-22 07:00:00,5.83,NA,NA,247.5,NA,1011.18,NA,NA,NA,NA,-2.78,NA,1,",hz"
1872-11-22 14:00:00,6.11,270,2,247.5,NA,1008.81,NA,NA,NA,NA,5.56,NA,11,NA
1872-11-22 21:00:00,6.11,NA,NA,247.5,NA,1008.13,NA,NA,NA,NA,3.89,NA,11,",hz"
1872-11-23,NA,NA,NA,NA,NA,NA,0,"empty","empty",15.24,NA,-2.06,NA,NA
1872-11-23 07:00:00,6.67,NA,NA,135,NA,1009.82,NA,NA,NA,NA,0.56,NA,5,",sn"
1872-11-23 14:00:00,5,NA,NA,45,NA,992.55,NA,NA,NA,NA,-2.78,NA,20,",sn"
1872-11-23 21:00:00,5.56,NA,NA,0,NA,994.24,NA,NA,NA,NA,-3.89,NA,5,NA
1872-11-24,NA,NA,NA,NA,NA,NA,0,"empty","empty",0,NA,-3.72,NA,NA
1872-11-24 07:00:00,NA,270,1,315,NA,NA,NA,NA,NA,NA,-7.22,NA,5,NA
1872-11-24 14:00:00,NA,270,1,315,NA,NA,NA,NA,NA,NA,0.56,NA,5,NA
1872-11-24 21:00:00,NA,NA,1,315,"270",NA,NA,NA,NA,NA,-4.44,NA,5,NA
1872-11-25,NA,NA,NA,NA,NA,NA,0.102,NA,NA,1.02,NA,-1.56,NA,NA
1872-11-25 07:00:00,1.11,315,3,315,NA,1012.87,NA,NA,NA,NA,-4.17,NA,5,NA
1872-11-25 14:00:00,1.67,0,3,0,NA,1013.21,NA,NA,NA,NA,0.56,NA,5,NA
1872-11-25 21:00:00,1.94,NA,NA,270,NA,1013.21,NA,NA,NA,NA,-2.22,NA,1,NA
1872-11-26,NA,NA,NA,NA,NA,NA,1.27,"9:00 am","11:00 am",0,NA,1.28,NA,"empty"
1872-11-26 07:00:00,3.61,NA,NA,135,NA,994.92,NA,NA,NA,NA,-0.56,NA,5,",sn"
1872-11-26 14:00:00,5,NA,NA,247.5,NA,994.58,NA,NA,NA,NA,3.33,NA,1,NA
1872-11-26 21:00:00,5,NA,NA,270,NA,998.98,NA,NA,NA,NA,1.11,NA,1,NA
1872-11-27,NA,NA,NA,NA,NA,NA,0,"empty","empty",0.51,NA,0.94,NA,"empty"
1872-11-27 07:00:00,6.11,NA,NA,247.5,NA,999.66,NA,NA,NA,NA,0.56,NA,1,NA
1872-11-27 14:00:00,7.22,315,1,247.5,NA,998.98,NA,NA,NA,NA,2.78,NA,1,NA
1872-11-27 21:00:00,7.78,NA,NA,270,NA,999.32,NA,NA,NA,NA,-0.56,NA,11,NA
1872-11-28,NA,NA,NA,NA,NA,NA,0,"empty","empty",0.25,NA,0,NA,"empty"
1872-11-28 07:00:00,4.72,NA,NA,270,NA,1005.08,NA,NA,NA,NA,-2.78,NA,11,NA
1872-11-28 14:00:00,4.44,NA,NA,270,NA,1009.14,NA,NA,NA,NA,3.89,NA,5,NA
1872-11-28 21:00:00,5.56,NA,NA,0,NA,1012.53,NA,NA,NA,NA,-1.11,NA,5,NA
1872-11-29,NA,NA,NA,NA,NA,NA,0,"empty","empty",NA,NA,1,NA,NA
1872-11-29 07:00:00,4.72,NA,NA,0,NA,1021,NA,NA,NA,NA,-1.11,NA,1,",sn"
1872-11-29 14:00:00,5,NA,NA,45,NA,1019.98,NA,NA,NA,NA,1.39,NA,1,NA
1872-11-29 21:00:00,5,NA,NA,135,NA,1019.3,NA,NA,NA,NA,2.78,NA,1,NA
1872-11-30,NA,NA,NA,NA,NA,NA,14.99,"11:45 am","8:45 pm",NA,NA,4.44,NA,"rain"
1872-11-30 07:00:00,5,NA,NA,90,NA,1009.82,NA,NA,NA,NA,2.22,NA,11,",fg"
1872-11-30 14:00:00,6.11,NA,NA,135,NA,1003.05,NA,NA,NA,NA,4.44,NA,5,",fg"
1872-11-30 21:00:00,8.33,NA,NA,225,NA,1000.68,NA,NA,NA,NA,6.67,NA,1,",fg"
1872-12-01,NA,NA,NA,NA,NA,NA,12.45,"9:00 am","6:00 pm",2.03,NA,1.78,NA,NA
1872-12-01 07:00:00,4.44,NA,NA,135,NA,1012.53,NA,NA,NA,NA,2.22,NA,5,NA
1872-12-01 14:00:00,5.56,NA,NA,315,NA,1013.55,NA,NA,NA,NA,2.22,NA,2,NA
1872-12-01 21:00:00,6.11,NA,NA,315,NA,1013.55,NA,NA,NA,NA,-0.28,NA,5,NA
1872-12-02,NA,NA,NA,NA,NA,NA,16.51,"8:00 pm","11:00 am",NA,NA,1.28,NA,NA
1872-12-02 07:00:00,7.22,NA,NA,247.5,NA,1000.34,NA,NA,NA,NA,0,NA,5,NA
1872-12-02 14:00:00,8.33,NA,NA,225,NA,997.97,NA,NA,NA,NA,1.67,NA,2,",fg"
1872-12-02 21:00:00,8.61,NA,NA,225,NA,996.95,NA,NA,NA,NA,2.22,NA,5,",hz"
1872-12-03,NA,NA,NA,NA,NA,NA,0.23,"8:00 pm","empty",NA,NA,6.67,NA,"s"
1872-12-03 07:00:00,7.78,NA,NA,225,NA,1000,NA,NA,NA,NA,6.11,NA,1,NA
1872-12-03 14:00:00,8.89,NA,NA,225,NA,1001.36,NA,NA,NA,NA,8.33,NA,5,NA
1872-12-03 21:00:00,8.89,NA,NA,270,NA,1001.69,NA,NA,NA,NA,5.56,NA,20,",sn"
1872-12-04,NA,NA,NA,NA,NA,NA,0.76,"3:30 pm","7:00 pm",NA,NA,4.89,NA,NA
1872-12-04 07:00:00,6.11,315,3,270,NA,1002.03,NA,NA,NA,NA,4.44,NA,11,NA
1872-12-04 14:00:00,6.67,315,3,225,NA,1002.37,NA,NA,NA,NA,6.94,NA,5,NA
1872-12-04 21:00:00,6.67,NA,NA,225,NA,1003.05,NA,NA,NA,NA,3.33,NA,16,NA
1872-12-05,NA,NA,NA,NA,NA,NA,0.051,"10:00 am","empty",0.51,NA,-1.78,NA,"s"
1872-12-05 07:00:00,3.33,270,2,270,NA,1010.5,NA,NA,NA,NA,-1.11,NA,1,NA
1872-12-05 14:00:00,4.17,NA,NA,270,NA,1010.84,NA,NA,NA,NA,0,NA,5,",sn"
1872-12-05 21:00:00,4.17,NA,NA,315,NA,1010.84,NA,NA,NA,NA,-4.17,NA,16,NA
1872-12-06,NA,NA,NA,NA,NA,NA,0,"empty","empty",NA,NA,-4.44,NA,NA
1872-12-06 07:00:00,3.06,NA,NA,270,NA,1010.5,NA,NA,NA,NA,-4.44,NA,1,",hz"
1872-12-06 14:00:00,4.44,NA,NA,315,NA,1010.16,NA,NA,NA,NA,-2.5,NA,5,",hz"
1872-12-06 21:00:00,5,NA,NA,NA,NA,1010.5,NA,NA,NA,NA,-6.39,NA,0,",hz"
1872-12-07,NA,NA,NA,NA,NA,NA,0.457,"8:00 am","2:30 pm",4.57,NA,-3.44,NA,NA
1872-12-07 07:00:00,NA,NA,NA,NA,NA,NA,NA,NA,NA,NA,-4.44,NA,0,NA
1872-12-07 14:00:00,NA,NA,NA,45,NA,NA,NA,NA,NA,NA,-2.5,NA,1,",fg"
1872-12-07 21:00:00,NA,NA,NA,NA,NA,NA,NA,NA,NA,NA,-3.33,NA,0,",hz"
1872-12-08,NA,NA,NA,NA,NA,NA,0,"empty","empty",NA,NA,-3.72,NA,NA
1872-12-08 07:00:00,NA,NA,NA,NA,NA,NA,NA,NA,NA,NA,-4.44,NA,0,NA
1872-12-08 14:00:00,NA,NA,NA,0,NA,NA,NA,NA,NA,NA,1.11,NA,1,",hz"
1872-12-08 21:00:00,NA,NA,NA,315,NA,NA,NA,NA,NA,NA,-7.78,NA,1,NA
1872-12-09,NA,NA,NA,NA,NA,NA,0.51,NA,NA,NA,NA,-0.39,NA,"light mist"
1872-12-09 07:00:00,1.67,NA,NA,135,NA,1014.22,NA,NA,NA,NA,-2.78,NA,5,",hz"
1872-12-09 14:00:00,2.22,NA,NA,135,NA,1011.18,NA,NA,NA,NA,0,NA,5,NA
1872-12-09 21:00:00,2.78,NA,NA,135,NA,1009.48,NA,NA,NA,NA,1.67,NA,11,NA
1872-12-10,NA,NA,NA,NA,NA,NA,1.27,"10:30 am","0.30",0.23,NA,6.5,NA,NA
1872-12-10 07:00:00,7.78,NA,NA,180,NA,982.73,NA,NA,NA,NA,6.67,NA,2,",fg"
1872-12-10 14:00:00,8.33,225,2,225,NA,981.04,NA,NA,NA,NA,10,NA,11,NA
1872-12-10 21:00:00,7.78,NA,NA,315,NA,982.39,NA,NA,NA,NA,2.78,NA,20,NA
1872-12-11,NA,NA,NA,NA,NA,NA,0.051,"7 pm",NA,0.51,NA,0,NA,"flurries"
1872-12-11 07:00:00,3.33,315,3,270,NA,987.47,NA,NA,NA,NA,-1.11,NA,11,NA
1872-12-11 14:00:00,4.44,NA,NA,225,NA,989.5,NA,NA,NA,NA,1.11,NA,20,",hz"
1872-12-11 21:00:00,4.44,NA,3,225,"270",991.2,NA,NA,NA,NA,0,NA,20,NA
1872-12-12,NA,NA,NA,NA,NA,NA,0,"empty","empty",NA,NA,-2.78,NA,NA
1872-12-12 07:00:00,4.44,270,2,270,NA,1004.4,NA,NA,NA,NA,-3.33,NA,5,NA
1872-12-12 14:00:00,4.44,NA,NA,315,NA,1006.43,NA,NA,NA,NA,1.67,NA,5,NA
1872-12-12 21:00:00,3.61,NA,NA,270,NA,1009.82,NA,NA,NA,NA,-6.67,NA,1,NA
1872-12-13,NA,NA,NA,NA,NA,NA,11.68,"7:00 pm","empty",9.4,NA,-1.83,NA,NA
1872-12-13 07:00:00,1.11,NA,NA,90,NA,1003.05,NA,NA,NA,NA,-5.56,NA,5,NA
1872-12-13 14:00:00,2.22,NA,NA,135,NA,984.76,NA,NA,NA,NA,-1.11,NA,20,NA
1872-12-13 21:00:00,2.22,NA,NA,45,NA,977.31,NA,NA,NA,NA,1.11,NA,11,NA
1872-12-14,NA,NA,NA,NA,NA,NA,0,"empty","empty",NA,NA,-2.39,NA,NA
1872-12-14 07:00:00,2.78,315,2,315,NA,993.91,NA,NA,NA,NA,-4.44,NA,5,NA
1872-12-14 14:00:00,3.33,315,2,315,NA,999.32,NA,NA,NA,NA,1.67,NA,5,NA
1872-12-14 21:00:00,3.33,NA,1,225,"225",1001.69,NA,NA,NA,NA,-4.44,NA,1,NA
1872-12-15,NA,NA,NA,NA,NA,NA,0.051,"7:00 am","9:30 am",0.51,NA,-1.5,NA,NA
1872-12-15 07:00:00,NA,NA,NA,NA,NA,NA,NA,NA,NA,NA,-3.89,NA,0,",hz"
1872-12-15 14:00:00,NA,NA,NA,NA,NA,NA,NA,NA,NA,NA,0.56,NA,0,",hz"
1872-12-15 21:00:00,NA,NA,NA,225,NA,NA,NA,NA,NA,NA,-1.11,NA,2,",hz"
1872-12-16,NA,NA,NA,NA,NA,NA,2.03,"1:00 am","7:00 pm",NA,NA,-0.39,NA,NA
1872-12-16 07:00:00,3.33,NA,NA,225,NA,993.23,NA,NA,NA,NA,2.22,NA,2,",hz"
1872-12-16 14:00:00,3.33,270,3,270,NA,1000.68,NA,NA,NA,NA,0.56,NA,5,NA
1872-12-16 21:00:00,3.33,NA,NA,315,NA,1004.4,NA,NA,NA,NA,-3.89,NA,2,NA
1872-12-17,NA,NA,NA,NA,NA,NA,NA,"8:00 am",NA,NA,NA,-2.06,NA,"s"
1872-12-17 07:00:00,3.89,NA,NA,NA,NA,1013.55,NA,NA,NA,NA,-6.11,NA,0,",hz"
1872-12-17 14:00:00,3.61,NA,NA,135,NA,1010.84,NA,NA,NA,NA,0,NA,5,",hz"
1872-12-17 21:00:00,3.33,NA,NA,135,NA,1008.81,NA,NA,NA,NA,0,NA,5,",sn"
1872-12-18,NA,NA,NA,NA,NA,NA,0.864,NA,"6:00 am",8.64,NA,-4.44,NA,NA
1872-12-18 07:00:00,4.17,NA,NA,315,NA,1011.51,NA,NA,NA,NA,-4.44,NA,2,NA
1872-12-18 14:00:00,4.17,NA,NA,315,NA,1015.24,NA,NA,NA,NA,-1.67,NA,5,NA
1872-12-18 21:00:00,3.89,NA,NA,270,NA,1018.29,NA,NA,NA,NA,-7.22,NA,2,",hz"
1872-12-19,NA,NA,NA,NA,NA,NA,2.21,"7:00 am","10:00 pm",22.1,NA,-1.83,NA,NA
1872-12-19 07:00:00,3.33,NA,NA,135,NA,999.32,NA,NA,NA,NA,-2.78,NA,5,NA
1872-12-19 14:00:00,4.44,NA,NA,135,NA,985.44,NA,NA,NA,NA,-1.11,NA,20,",drsn"
1872-12-19 21:00:00,4.44,NA,NA,315,NA,976.97,NA,NA,NA,NA,-1.67,NA,27,NA
1872-12-20,NA,NA,NA,NA,NA,NA,0,"empty","empty",NA,NA,-4.83,NA,NA
1872-12-20 07:00:00,2.22,270,1,225,NA,999.32,NA,NA,NA,NA,-3.89,NA,2,NA
1872-12-20 14:00:00,1.67,0,2,0,NA,1018.29,NA,NA,NA,NA,-2.22,NA,5,NA
1872-12-20 21:00:00,1.67,NA,NA,NA,NA,1018.96,NA,NA,NA,NA,-8.33,NA,0,NA
1872-12-21,NA,NA,NA,NA,NA,NA,0.432,"5:00 am","10:00 pm",4.32,NA,-1.11,NA,"s"
1872-12-21 07:00:00,1.67,NA,NA,135,NA,1001.69,NA,NA,NA,NA,-3.33,NA,5,NA
1872-12-21 14:00:00,2.78,NA,NA,180,NA,992.21,NA,NA,NA,NA,0,NA,5,",sn"
1872-12-21 21:00:00,5,NA,NA,225,NA,990.86,NA,NA,NA,NA,0,NA,5,",sn"
1872-12-22,NA,NA,NA,NA,NA,NA,0.533,"11:30 am","7:00 am",5.33,NA,-4.06,NA,NA
1872-12-22 07:00:00,NA,NA,NA,315,NA,NA,NA,NA,NA,NA,-6.67,NA,11,NA
1872-12-22 14:00:00,NA,NA,NA,NA,NA,NA,NA,NA,NA,NA,-3.33,NA,0,",hz"
1872-12-22 21:00:00,NA,NA,NA,90,NA,NA,NA,NA,NA,NA,-2.22,NA,5,NA
1872-12-23,NA,NA,NA,NA,NA,NA,0.025,"9:30 am",NA,0.25,NA,-0.56,NA,"s"
1872-12-23 07:00:00,1.67,0,2,315,NA,973.93,NA,NA,NA,NA,0,NA,5,NA
1872-12-23 14:00:00,3.33,NA,NA,315,NA,987.47,NA,NA,NA,NA,0,NA,20,",sn"
1872-12-23 21:00:00,3.89,NA,NA,315,NA,994.24,NA,NA,NA,NA,-1.67,NA,11,",sn"
1872-12-24,NA,NA,NA,NA,NA,NA,NA,"9:30 am",NA,NA,NA,-4.61,NA,"s"
1872-12-24 07:00:00,2.22,NA,NA,225,NA,987.47,NA,NA,NA,NA,-1.67,NA,5,",sn"
1872-12-24 14:00:00,2.22,270,3,270,NA,987.81,NA,NA,NA,NA,-5,NA,27,NA
1872-12-24 21:00:00,1.11,NA,NA,315,NA,987.81,NA,NA,NA,NA,-7.22,NA,27,",sn"
1872-12-25,NA,NA,NA,NA,NA,NA,1.651,NA,"1:00 am",16.51,NA,-9.06,NA,"s"
1872-12-25 07:00:00,-1.67,NA,NA,315,NA,978.67,NA,NA,NA,NA,-10.56,NA,20,",sn"
1872-12-25 14:00:00,-1.67,NA,NA,315,NA,978.67,NA,NA,NA,NA,-9.44,NA,20,",sn"
1872-12-25 21:00:00,-1.67,NA,NA,315,NA,977.65,NA,NA,NA,NA,-7.22,NA,27,",sn"
1872-12-26,NA,NA,NA,NA,NA,NA,0.023,"10:00 pm",NA,0.23,NA,0.17,NA,NA
1872-12-26 07:00:00,-0.56,0,2,315,NA,1001.02,NA,NA,NA,NA,-1.11,NA,2,NA
1872-12-26 14:00:00,0.56,0,2,0,NA,1005.42,NA,NA,NA,NA,2.22,NA,1,NA
1872-12-26 21:00:00,1.67,NA,NA,NA,NA,1008.13,NA,NA,NA,NA,-0.56,NA,0,NA
1872-12-27,NA,NA,NA,NA,NA,NA,2.032,"11:30 am","9:30 am",20.32,NA,0.94,NA,NA
1872-12-27 07:00:00,2.22,NA,NA,135,NA,995.6,NA,NA,NA,NA,0,NA,11,NA
1872-12-27 14:00:00,2.78,NA,NA,180,NA,982.05,NA,NA,NA,NA,1.67,NA,20,",hz"
1872-12-27 21:00:00,3.33,NA,NA,225,NA,980.7,NA,NA,NA,NA,1.11,NA,11,NA
1872-12-28,NA,NA,NA,NA,NA,NA,0.254,"9:00 am",NA,2.54,NA,-2.22,NA,"s"
1872-12-28 07:00:00,4.44,270,2,225,NA,973.93,NA,NA,NA,NA,0,NA,11,NA
1872-12-28 14:00:00,4.44,NA,NA,270,NA,978.67,NA,NA,NA,NA,0,NA,11,NA
1872-12-28 21:00:00,3.89,NA,NA,315,NA,982.05,NA,NA,NA,NA,-6.67,NA,27,NA
1872-12-29,NA,NA,NA,NA,NA,NA,0.483,"empty",NA,4.83,NA,-7.94,NA,"s"
1872-12-29 07:00:00,NA,NA,NA,315,NA,NA,NA,NA,NA,NA,-8.33,NA,20,",sn"
1872-12-29 14:00:00,NA,NA,NA,315,NA,NA,NA,NA,NA,NA,-7.78,NA,27,",sn"
1872-12-29 21:00:00,NA,NA,NA,315,NA,NA,NA,NA,NA,NA,-7.78,NA,20,",sn"
1872-12-30,NA,NA,NA,NA,NA,NA,0.203,"9:00 am","11:00 pm",2.03,NA,-4.61,NA,NA
1872-12-30 07:00:00,-1.39,NA,NA,270,NA,1001.69,NA,NA,NA,NA,-5.56,NA,1,NA
1872-12-30 14:00:00,0,NA,NA,270,NA,1002.03,NA,NA,NA,NA,-3.33,NA,2,",hz"
1872-12-30 21:00:00,0,NA,NA,225,NA,1002.37,NA,NA,NA,NA,-5,NA,1,NA
1872-12-31,NA,NA,NA,NA,NA,NA,0,"empty","empty",NA,NA,-5.39,NA,NA
1872-12-31 07:00:00,0.56,NA,NA,270,NA,1005.08,NA,NA,NA,NA,-5.56,NA,1,NA
1872-12-31 14:00:00,2.78,NA,NA,270,NA,1005.08,NA,NA,NA,NA,-0.56,NA,2,NA
1872-12-31 21:00:00,2.5,NA,NA,225,NA,1005.76,NA,NA,NA,NA,-10,NA,1,NA
1873-01-01,NA,NA,NA,NA,NA,NA,0.102,"8:30 am","2:00 pm",1.02,NA,-7.61,NA,"snow"
1873-01-01 07:00:00,1.11,270,1,225,NA,1004.4,NA,NA,NA,NA,-10,NA,1,NA
1873-01-01 14:00:00,0.56,270,1,315,NA,1001.36,NA,NA,NA,NA,-2.78,NA,1,NA
1873-01-01 21:00:00,0.56,NA,NA,315,NA,1001.36,NA,NA,NA,NA,-10,NA,1,NA
1873-01-02,NA,NA,NA,NA,NA,NA,0,"empty","empty",NA,NA,-7.61,NA,NA
1873-01-02 07:00:00,-0.83,270,2,270,NA,1007.79,NA,NA,NA,NA,-8.33,NA,1,NA
1873-01-02 14:00:00,0,270,2,315,NA,1011.18,NA,NA,NA,NA,-3.33,NA,5,NA
1873-01-02 21:00:00,0,NA,NA,0,NA,1013.88,NA,NA,NA,NA,-11.11,NA,1,NA
1873-01-03,NA,NA,NA,NA,NA,NA,1.549,"7:00 pm","8:00 am",15.49,NA,-8.5,NA,NA
1873-01-03 07:00:00,-2.22,NA,NA,0,NA,1018.63,NA,NA,NA,NA,-14.44,NA,1,NA
1873-01-03 14:00:00,-1.94,NA,NA,0,NA,1014.9,NA,NA,NA,NA,-4.44,NA,2,NA
1873-01-03 21:00:00,-1.67,NA,NA,NA,NA,1014.22,NA,NA,NA,NA,-6.67,NA,0,NA
1873-01-04,NA,NA,NA,NA,NA,NA,0.23,"8:00 am","empty",4.32,NA,0.94,NA,"hail"
1873-01-04 07:00:00,0,NA,NA,NA,NA,990.18,NA,NA,NA,NA,-0.56,NA,0,",fg"
1873-01-04 14:00:00,1.11,NA,NA,NA,NA,985.1,NA,NA,NA,NA,2.22,NA,0,",fg"
1873-01-04 21:00:00,2.78,NA,NA,225,NA,982.73,NA,NA,NA,NA,1.11,NA,5,NA
1873-01-05,NA,NA,NA,NA,NA,NA,0.23,"9:00 am","empty",NA,NA,-7.06,NA,NA
1873-01-05 07:00:00,NA,0,2,0,NA,NA,NA,NA,NA,NA,-6.11,NA,1,NA
1873-01-05 14:00:00,NA,315,2,0,NA,NA,NA,NA,NA,NA,-2.78,NA,5,NA
1873-01-05 21:00:00,NA,NA,NA,315,NA,NA,NA,NA,NA,NA,-12.22,NA,1,NA
1873-01-06,NA,NA,NA,NA,NA,NA,0.23,"6:00 am","3:30 pm",12.7,NA,-2.61,NA,"hail"
1873-01-06 07:00:00,-0.83,NA,NA,135,NA,1011.18,NA,NA,NA,NA,-7.78,NA,5,NA
1873-01-06 14:00:00,-0.56,NA,NA,135,NA,996.28,NA,NA,NA,NA,-2.22,NA,5,NA
1873-01-06 21:00:00,0,NA,NA,270,NA,989.5,NA,NA,NA,NA,2.22,NA,11,NA
1873-01-07,NA,NA,NA,NA,NA,NA,0.254,NA,NA,2.54,NA,-5.39,NA,"snow + drift"
1873-01-07 07:00:00,1.11,270,2,315,NA,991.2,NA,NA,NA,NA,-4.44,NA,11,NA
1873-01-07 14:00:00,-1.39,315,3,315,NA,990.18,NA,NA,NA,NA,-4.44,NA,27,NA
1873-01-07 21:00:00,-1.39,NA,NA,0,NA,991.2,NA,NA,NA,NA,-7.22,NA,27,NA
1873-01-08,NA,NA,NA,NA,NA,NA,0,"empty","empty",NA,NA,-4.28,NA,NA
1873-01-08 07:00:00,0,NA,NA,315,NA,1006.77,NA,NA,NA,NA,-6.67,NA,5,NA
1873-01-08 14:00:00,0.28,270,2,315,NA,1007.79,NA,NA,NA,NA,0.56,NA,5,NA
1873-01-08 21:00:00,0.56,NA,NA,315,NA,1008.81,NA,NA,NA,NA,-6.67,NA,1,NA
1873-01-09,NA,NA,NA,NA,NA,NA,0,"empty","empty",NA,NA,-5.94,NA,NA
1873-01-09 07:00:00,0,315,1,0,NA,1018.96,NA,NA,NA,NA,-10.56,NA,1,NA
1873-01-09 14:00:00,0.83,NA,NA,135,NA,1017.61,NA,NA,NA,NA,-3.33,NA,1,NA
1873-01-09 21:00:00,0.56,NA,NA,135,NA,1017.27,NA,NA,NA,NA,-3.89,NA,1,NA
1873-01-10,NA,NA,NA,NA,NA,NA,0.23,"8:00 am","empty",NA,NA,0.72,NA,"hail"
1873-01-10 07:00:00,1.67,NA,NA,180,NA,1004.74,NA,NA,NA,NA,1.11,NA,2,NA
1873-01-10 14:00:00,3.89,NA,NA,270,NA,1007.11,NA,NA,NA,NA,3.89,NA,2,NA
1873-01-10 21:00:00,3.89,NA,2,225,"270",1008.13,NA,NA,NA,NA,-2.78,NA,1,NA
1873-01-11,NA,NA,NA,NA,NA,NA,0.991,"8:30 am","10:00 pm",9.91,NA,-1.67,NA,"s"
1873-01-11 07:00:00,2.78,NA,NA,90,NA,1001.69,NA,NA,NA,NA,-2.78,NA,1,NA
1873-01-11 14:00:00,3.33,NA,NA,135,NA,1001.02,NA,NA,NA,NA,-0.56,NA,1,NA
1873-01-11 21:00:00,3.33,NA,NA,135,NA,1000,NA,NA,NA,NA,-1.67,NA,1,",sn"
1873-01-12,NA,NA,NA,NA,NA,NA,0,"empty","empty",NA,NA,-8.17,NA,NA
1873-01-12 07:00:00,NA,315,2,315,NA,NA,NA,NA,NA,NA,-6.67,NA,11,NA
1873-01-12 14:00:00,NA,315,2,315,NA,NA,NA,NA,NA,NA,-3.33,NA,5,NA
1873-01-12 21:00:00,NA,NA,NA,315,NA,NA,NA,NA,NA,NA,-14.44,NA,1,NA
1873-01-13,NA,NA,NA,NA,NA,NA,0,"empty","empty",NA,NA,-9.83,NA,NA
1873-01-13 07:00:00,-3.89,315,2,315,NA,1007.79,NA,NA,NA,NA,-11.67,NA,2,NA
1873-01-13 14:00:00,-3.33,315,2,270,NA,993.91,NA,NA,NA,NA,-6.11,NA,5,NA
1873-01-13 21:00:00,-2.22,NA,NA,270,NA,1013.88,NA,NA,NA,NA,-11.67,NA,1,NA
1873-01-14,NA,NA,NA,NA,NA,NA,6.6,"6:30 pm","11:00 pm",NA,NA,-2.06,NA,"s"
1873-01-14 07:00:00,-2.78,NA,NA,225,NA,1013.55,NA,NA,NA,NA,-7.78,NA,2,NA
1873-01-14 14:00:00,-1.67,315,1,225,NA,1007.11,NA,NA,NA,NA,0.56,NA,5,NA
1873-01-14 21:00:00,-1.39,NA,NA,225,NA,1004.74,NA,NA,NA,NA,1.11,NA,11,",hz"
1873-01-15,NA,NA,NA,NA,NA,NA,0,"empty","empty",NA,NA,-10.94,NA,NA
1873-01-15 07:00:00,1.67,NA,NA,315,NA,1016.26,NA,NA,NA,NA,-6.11,NA,5,NA
1873-01-15 14:00:00,0,NA,NA,315,NA,1021.33,NA,NA,NA,NA,-11.67,NA,5,NA
1873-01-15 21:00:00,-0.56,NA,NA,315,NA,1024.38,NA,NA,NA,NA,-15,NA,5,NA
1873-01-16,NA,NA,NA,NA,NA,NA,0,"empty","empty",NA,NA,-6.5,NA,NA
1873-01-16 07:00:00,-1.39,NA,NA,315,NA,1030.48,NA,NA,NA,NA,-16.11,NA,1,NA
1873-01-16 14:00:00,-2.22,NA,NA,225,NA,1023.37,NA,NA,NA,NA,-3.33,NA,5,NA
1873-01-16 21:00:00,-2.22,NA,NA,225,NA,1020.66,NA,NA,NA,NA,0,NA,11,NA
1873-01-17,NA,NA,NA,NA,NA,NA,NA,"7:00 am",NA,NA,NA,7.39,NA,"r"
1873-01-17 07:00:00,5,NA,NA,225,NA,1006.43,NA,NA,NA,NA,5.56,NA,20,",ra"
1873-01-17 14:00:00,5.56,NA,NA,225,NA,1004.4,NA,NA,NA,NA,8.33,NA,11,",fg"
1873-01-17 21:00:00,6.67,NA,NA,225,NA,1003.73,NA,NA,NA,NA,8.33,NA,20,",fg"
1873-01-18,NA,NA,NA,NA,NA,NA,33.27,NA,"9:00 am",15.24,NA,-3.61,NA,"s"
1873-01-18 07:00:00,6.67,NA,NA,45,NA,1010.5,NA,NA,NA,NA,-3.06,NA,5,",gr"
1873-01-18 14:00:00,6.11,NA,NA,45,NA,1014.56,NA,NA,NA,NA,-5,NA,5,",gr"
1873-01-18 21:00:00,5.56,NA,NA,45,NA,1019.98,NA,NA,NA,NA,-2.78,NA,11,NA
1873-01-19,NA,NA,NA,NA,NA,NA,2.616,"9:00 am","11:00 pm",26.16,NA,-2.22,NA,"r"
1873-01-19 07:00:00,NA,NA,NA,90,NA,NA,NA,NA,NA,NA,-5,NA,5,",gr"
1873-01-19 14:00:00,NA,NA,NA,90,NA,NA,NA,NA,NA,NA,-1.67,NA,2,",gr"
1873-01-19 21:00:00,NA,NA,NA,225,NA,NA,NA,NA,NA,NA,0,NA,1,",ra"
1873-01-20,NA,NA,NA,NA,NA,NA,0,"empty","empty",NA,NA,1.94,NA,NA
1873-01-20 07:00:00,3.89,315,3,225,NA,1003.05,NA,NA,NA,NA,2.22,NA,2,NA
1873-01-20 14:00:00,4.44,NA,NA,225,NA,1005.08,NA,NA,NA,NA,3.61,NA,2,NA
1873-01-20 21:00:00,5,NA,NA,225,NA,1007.11,NA,NA,NA,NA,0,NA,2,NA
1873-01-21,NA,NA,NA,NA,NA,NA,0.025,"5:00 pm","8:30 pm",0.25,NA,-0.39,NA,"empty"
1873-01-21 07:00:00,5,NA,NA,225,NA,1010.16,NA,NA,NA,NA,-1.11,NA,1,",fg"
1873-01-21 14:00:00,4.44,NA,NA,225,NA,1007.11,NA,NA,NA,NA,0.56,NA,1,",fg"
1873-01-21 21:00:00,4.44,NA,NA,225,NA,1006.43,NA,NA,NA,NA,-0.56,NA,1,",fg"
1873-01-22,NA,NA,NA,NA,NA,NA,0.432,"7:30pm","empty",4.32,NA,-1.5,NA,"hail"
1873-01-22 07:00:00,4.44,NA,NA,45,NA,1005.08,NA,NA,NA,NA,-5,NA,1,NA
1873-01-22 14:00:00,5,NA,NA,45,NA,1003.39,NA,NA,NA,NA,0.56,NA,1,",gr"
1873-01-22 21:00:00,5.56,NA,NA,135,NA,1000,NA,NA,NA,NA,0,NA,5,",hz"
1873-01-23,NA,NA,NA,NA,NA,NA,0.152,"11:00 am","3:00 pm",1.52,NA,-2.61,NA,"r"
1873-01-23 07:00:00,3.89,NA,NA,270,NA,981.04,NA,NA,NA,NA,-0.56,NA,5,NA
1873-01-23 14:00:00,3.89,NA,NA,225,NA,980.36,NA,NA,NA,NA,-1.67,NA,11,",sn"
1873-01-23 21:00:00,2.78,NA,NA,270,NA,983.75,NA,NA,NA,NA,-5.56,NA,16,",hz"
1873-01-24,NA,NA,NA,NA,NA,NA,0,"empty","empty",NA,NA,-5,NA,NA
1873-01-24 07:00:00,2.22,315,2,315,NA,995.94,NA,NA,NA,NA,-6.11,NA,5,NA
1873-01-24 14:00:00,2.78,315,1,270,NA,1007.11,NA,NA,NA,NA,-1.67,NA,2,NA
1873-01-24 21:00:00,2.78,NA,NA,180,NA,1009.82,NA,NA,NA,NA,-7.22,NA,1,NA
1873-01-25,NA,NA,NA,NA,NA,NA,1.346,"11:45 am","7:30 pm",13.46,NA,-2.06,NA,"hail"
1873-01-25 07:00:00,2.22,NA,NA,135,NA,1003.73,NA,NA,NA,NA,-3.33,NA,5,NA
1873-01-25 14:00:00,1.94,NA,NA,135,NA,993.57,NA,NA,NA,NA,-2.22,NA,11,NA
1873-01-25 21:00:00,1.39,NA,NA,45,NA,987.47,NA,NA,NA,NA,-0.56,NA,1,NA
1873-01-26,NA,NA,NA,NA,NA,NA,0.127,"7:00 am","3:00 pm",1.27,NA,-3.5,NA,"empty"
1873-01-26 07:00:00,NA,NA,NA,315,NA,NA,NA,NA,NA,NA,-2.22,NA,2,",hz"
1873-01-26 14:00:00,NA,0,3,0,NA,NA,NA,NA,NA,NA,-0.56,NA,5,NA
1873-01-26 21:00:00,NA,NA,NA,0,NA,NA,NA,NA,NA,NA,-7.78,NA,1,NA
1873-01-27,NA,NA,NA,NA,NA,NA,1.067,"5:30 pm","9:00 am",10.67,NA,-5.83,NA,"snow"
1873-01-27 07:00:00,2.22,NA,NA,NA,NA,1017.27,NA,NA,NA,NA,-13.89,NA,0,NA
1873-01-27 14:00:00,2.22,NA,NA,225,NA,1015.24,NA,NA,NA,NA,0,NA,1,NA
1873-01-27 21:00:00,1.67,NA,NA,225,NA,1014.22,NA,NA,NA,NA,-3.61,NA,1,NA
1873-01-28,NA,NA,NA,NA,NA,NA,0.432,"9:00 am","7:00 pm",4.32,NA,-2.06,NA,"rain & snow"
1873-01-28 07:00:00,2.22,NA,NA,135,NA,961.73,NA,NA,NA,NA,-1.11,NA,2,",ra"
1873-01-28 14:00:00,3.33,NA,NA,315,NA,950.56,NA,NA,NA,NA,1.11,NA,5,NA
1873-01-28 21:00:00,2.78,NA,NA,0,NA,962.41,NA,NA,NA,NA,-6.11,NA,27,",sn"
1873-01-29,NA,NA,NA,NA,NA,NA,0,"empty","empty",NA,NA,-9.56,NA,NA
1873-01-29 07:00:00,1.11,NA,NA,315,NA,988.15,NA,NA,NA,NA,-10,NA,1,",hz"
1873-01-29 14:00:00,1.11,NA,NA,315,NA,983.75,NA,NA,NA,NA,-5.28,NA,2,",sn"
1873-01-29 21:00:00,1.67,NA,NA,315,NA,986.12,NA,NA,NA,NA,-13.33,NA,16,NA
1873-01-30,NA,NA,NA,NA,NA,NA,0,"empty","empty",NA,NA,-12.39,NA,NA
1873-01-30 07:00:00,-0.56,0,5,315,NA,997.29,NA,NA,NA,NA,-14.44,NA,11,NA
1873-01-30 14:00:00,-1.11,315,3,315,NA,1000.34,NA,NA,NA,NA,-7.78,NA,5,NA
1873-01-30 21:00:00,-2.22,NA,NA,315,NA,1002.37,NA,NA,NA,NA,-15,NA,2,NA
1873-01-31,NA,NA,NA,NA,NA,NA,0.025,"7:00 pm","empty",0.25,NA,-9.94,NA,NA
1873-01-31 07:00:00,-3.33,NA,NA,0,NA,1001.36,NA,NA,NA,NA,-18.33,NA,0,NA
1873-01-31 14:00:00,-2.5,270,2,247.5,NA,997.63,NA,NA,NA,NA,-4.17,NA,2,NA
1873-01-31 21:00:00,-2.22,NA,NA,247.5,NA,996.28,NA,NA,NA,NA,-7.22,NA,2,NA
1873-02-01,NA,NA,NA,NA,NA,NA,0,"5:00 pm","7:00 am",0.23,NA,-11.78,NA,"s"
1873-02-01 07:00:00,-1.11,NA,NA,315,NA,996.61,NA,NA,NA,NA,-13.33,NA,2,NA
1873-02-01 14:00:00,0,270,2,315,NA,996.61,NA,NA,NA,NA,-6.67,NA,5,NA
1873-02-01 21:00:00,-1.11,NA,NA,315,NA,997.29,NA,NA,NA,NA,-15.28,NA,11,NA
1873-02-02,NA,NA,NA,NA,NA,NA,0.023,"7:00 pm",NA,0.23,NA,-16.83,NA,"snow"
1873-02-02 07:00:00,NA,0,1,0,NA,NA,NA,NA,NA,NA,-20,NA,0,NA
1873-02-02 14:00:00,NA,NA,NA,45,NA,NA,NA,NA,NA,NA,-13.89,NA,5,NA
1873-02-02 21:00:00,NA,NA,NA,45,NA,NA,NA,NA,NA,NA,-16.67,NA,5,NA
1873-02-03,NA,NA,NA,NA,NA,NA,NA,NA,NA,NA,NA,-16.11,NA,NA
1873-02-03 07:00:00,-6.67,NA,NA,315,NA,1004.4,NA,NA,NA,NA,-23.89,NA,0,NA
1873-02-03 14:00:00,-6.11,270,3,315,NA,1005.42,NA,NA,NA,NA,-13.33,NA,5,NA
1873-02-03 21:00:00,-5.56,NA,NA,315,NA,1006.1,NA,NA,NA,NA,-11.11,NA,1,NA
1873-02-04,NA,NA,NA,NA,NA,NA,0.51,"1:30 am; 5:00 pm rain",NA,0.23,NA,-2.06,NA,"snow and rain"
1873-02-04 07:00:00,-3.33,NA,NA,270,NA,1006.43,NA,NA,NA,NA,-9.44,NA,1,NA
1873-02-04 14:00:00,-1.67,NA,NA,225,NA,1006.1,NA,NA,NA,NA,1.11,NA,5,NA
1873-02-04 21:00:00,-0.83,NA,NA,225,NA,1003.73,NA,NA,NA,NA,2.22,NA,1,NA
1873-02-05,NA,NA,NA,NA,NA,NA,NA,NA,NA,NA,NA,1.67,NA,"r"
1873-02-05 07:00:00,1.67,NA,NA,270,NA,989.16,NA,NA,NA,NA,1.67,NA,1,",ra"
1873-02-05 14:00:00,4.44,NA,NA,225,NA,989.16,NA,NA,NA,NA,4.44,NA,1,NA
1873-02-05 21:00:00,4.44,NA,NA,45,NA,991.53,NA,NA,NA,NA,-1.11,NA,1,",fg"
1873-02-06,NA,NA,NA,NA,NA,NA,NA,NA,NA,NA,NA,-5.17,NA,NA
1873-02-06 07:00:00,2.78,NA,NA,45,NA,1012.87,NA,NA,NA,NA,-9.44,NA,0,NA
1873-02-06 14:00:00,3.33,NA,NA,45,NA,1013.21,NA,NA,NA,NA,-0.56,NA,0,NA
1873-02-06 21:00:00,3.33,NA,NA,315,NA,1013.21,NA,NA,NA,NA,-5.56,NA,1,NA
1873-02-07,NA,NA,NA,NA,NA,NA,0.023,"11:00 am",NA,0.23,NA,-2.94,NA,"snow"
1873-02-07 07:00:00,2.78,NA,NA,225,NA,1011.51,NA,NA,NA,NA,-4.44,NA,1,NA
1873-02-07 14:00:00,3.89,NA,NA,225,NA,1011.18,NA,NA,NA,NA,1.11,NA,5,NA
1873-02-07 21:00:00,4.44,NA,2,45,"315",1013.21,NA,NA,NA,NA,-5.56,NA,2,NA
1873-02-08,NA,NA,NA,NA,NA,NA,NA,NA,NA,NA,NA,-2.06,NA,"r"
1873-02-08 07:00:00,3.33,NA,NA,90,NA,1018.29,NA,NA,NA,NA,-5,NA,2,NA
1873-02-08 14:00:00,3.06,NA,NA,135,NA,1010.16,NA,NA,NA,NA,-1.11,NA,5,NA
1873-02-08 21:00:00,2.5,NA,NA,135,NA,1004.74,NA,NA,NA,NA,0,NA,16,",ra"
1873-02-09,NA,NA,NA,NA,NA,NA,4.06,"5:30 pm","11:00 pm",NA,NA,0.72,NA,"rain"
1873-02-09 07:00:00,NA,NA,NA,225,NA,NA,NA,NA,NA,NA,0.83,NA,1,NA
1873-02-09 14:00:00,NA,270,3,225,NA,NA,NA,NA,NA,NA,2.78,NA,2,NA
1873-02-09 21:00:00,NA,NA,NA,90,NA,NA,NA,NA,NA,NA,-0.83,NA,1,NA
1873-02-10,NA,NA,NA,NA,NA,NA,6.6,NA,NA,NA,NA,1.83,NA,"rain"
1873-02-10 07:00:00,3.89,NA,NA,135,NA,986.46,NA,NA,NA,NA,2.22,NA,5,",ra"
1873-02-10 14:00:00,4.44,NA,NA,225,NA,986.46,NA,NA,NA,NA,5,NA,5,NA
1873-02-10 21:00:00,4.44,NA,NA,315,NA,988.49,NA,NA,NA,NA,-1.67,NA,1,NA
1873-02-11,NA,NA,NA,NA,NA,NA,0.025,"9:00 pm","empty",0.25,NA,-2.22,NA,NA
1873-02-11 07:00:00,4.44,NA,NA,0,NA,994.92,NA,NA,NA,NA,-3.89,NA,0,NA
1873-02-11 14:00:00,5,NA,NA,0,NA,994.92,NA,NA,NA,NA,1.67,NA,1,NA
1873-02-11 21:00:00,4.17,NA,NA,315,NA,997.97,NA,NA,NA,NA,-4.44,NA,1,NA
1873-02-12,NA,NA,NA,NA,NA,NA,0.254,"5:00 pm","10:00 pm",2.54,NA,-9.61,NA,"s"
1873-02-12 07:00:00,2.78,NA,NA,225,NA,1003.73,NA,NA,NA,NA,-13.33,NA,1,NA
1873-02-12 14:00:00,3.61,NA,NA,135,NA,1003.73,NA,NA,NA,NA,-3.33,NA,1,NA
1873-02-12 21:00:00,4.44,NA,NA,45,NA,1003.39,NA,NA,NA,NA,-6.67,NA,2,",sn"
1873-02-13,NA,NA,NA,NA,NA,NA,0.178,"10:00 am","12:00 pm",1.78,NA,-4.83,NA,"s"
1873-02-13 07:00:00,3.89,NA,NA,45,NA,1000.68,NA,NA,NA,NA,-6.11,NA,1,NA
1873-02-13 14:00:00,3.89,NA,NA,45,NA,997.97,NA,NA,NA,NA,-3.89,NA,1,",sn"
1873-02-13 21:00:00,3.33,NA,NA,45,NA,996.61,NA,NA,NA,NA,-4.44,NA,5,",sn"
1873-02-14,NA,NA,NA,NA,NA,NA,NA,NA,NA,NA,NA,-9.06,NA,NA
1873-02-14 07:00:00,2.22,NA,NA,45,NA,1003.73,NA,NA,NA,NA,-8.89,NA,1,",hz"
1873-02-14 14:00:00,1.67,NA,NA,45,NA,1005.08,NA,NA,NA,NA,-5.56,NA,1,NA
1873-02-14 21:00:00,1.11,NA,NA,45,NA,1006.77,NA,NA,NA,NA,-12.78,NA,1,NA
1873-02-15,NA,NA,NA,NA,NA,NA,NA,NA,NA,NA,NA,-10.94,NA,NA
1873-02-15 07:00:00,0.56,NA,NA,0,NA,1015.92,NA,NA,NA,NA,-16.11,NA,0,NA
1873-02-15 14:00:00,1.67,NA,NA,0,NA,1015.92,NA,NA,NA,NA,-3.33,NA,1,NA
1873-02-15 21:00:00,1.67,NA,NA,225,NA,1016.59,NA,NA,NA,NA,-13.33,NA,1,NA
1873-02-16,NA,NA,NA,NA,NA,NA,NA,NA,NA,NA,NA,-9.06,NA,NA
1873-02-16 07:00:00,NA,NA,NA,225,NA,NA,NA,NA,NA,NA,-16.11,NA,0,NA
1873-02-16 14:00:00,NA,NA,NA,270,NA,NA,NA,NA,NA,NA,0,NA,1,NA
1873-02-16 21:00:00,NA,NA,NA,270,NA,NA,NA,NA,NA,NA,-11.11,NA,1,NA
1873-02-17,NA,NA,NA,NA,NA,NA,NA,NA,NA,NA,NA,-4.44,NA,NA
1873-02-17 07:00:00,0,225,1,225,NA,1010.5,NA,NA,NA,NA,-12.78,NA,0,NA
1873-02-17 14:00:00,2.22,315,1,225,NA,1008.13,NA,NA,NA,NA,3.33,NA,1,NA
1873-02-17 21:00:00,2.78,NA,NA,225,NA,1008.13,NA,NA,NA,NA,-3.89,NA,1,NA
1873-02-18,NA,NA,NA,NA,NA,NA,NA,"6:30 am",NA,NA,NA,-4.61,NA,"snow"
1873-02-18 07:00:00,2.78,NA,NA,45,NA,1006.77,NA,NA,NA,NA,-3.89,NA,2,NA
1873-02-18 14:00:00,3.33,NA,NA,45,NA,1005.08,NA,NA,NA,NA,-4.44,NA,27,",sn"
1873-02-18 21:00:00,3.06,NA,NA,45,NA,1004.74,NA,NA,NA,NA,-5.56,NA,27,",sn"
1873-02-19,NA,NA,NA,NA,NA,NA,NA,NA,NA,NA,NA,-6.28,NA,"s"
1873-02-19 07:00:00,-0.56,NA,NA,45,NA,999.32,NA,NA,NA,NA,-5.56,NA,27,",sn"
1873-02-19 14:00:00,-0.28,NA,NA,45,NA,997.63,NA,NA,NA,NA,-6.67,NA,27,",sn"
1873-02-19 21:00:00,-0.56,NA,NA,45,NA,997.97,NA,NA,NA,NA,-6.67,NA,27,",sn"
1873-02-20,NA,NA,NA,NA,NA,NA,7.37,"6:00 am","5:00 pm",38.1,NA,1.28,NA,"rain"
1873-02-20 07:00:00,1.11,NA,NA,90,NA,983.75,NA,NA,NA,NA,2.78,NA,11,",ra"
1873-02-20 14:00:00,2.78,NA,NA,90,NA,1011.18,NA,NA,NA,NA,0.56,NA,11,",ra"
1873-02-20 21:00:00,3.33,NA,NA,135,NA,1010.84,NA,NA,NA,NA,0.56,NA,2,",ra"
1873-02-21,NA,NA,NA,NA,NA,NA,0.508,"11:00 am","4:00 pm",5.08,NA,-0.67,NA,"snow"
1873-02-21 07:00:00,4.44,NA,NA,225,NA,969.52,NA,NA,NA,NA,0.28,NA,1,NA
1873-02-21 14:00:00,5.56,NA,NA,180,NA,973.93,NA,NA,NA,NA,0,NA,5,",ra"
1873-02-21 21:00:00,5.56,NA,NA,90,NA,976.97,NA,NA,NA,NA,-2.22,NA,5,NA
1873-02-22,NA,NA,NA,NA,NA,NA,NA,"7:00 pm",NA,NA,NA,-0.94,NA,"snow"
1873-02-22 07:00:00,5.56,NA,NA,225,NA,985.78,NA,NA,NA,NA,-2.78,NA,1,",hz"
1873-02-22 14:00:00,6.11,NA,NA,225,NA,983.41,NA,NA,NA,NA,1.11,NA,5,",sn"
1873-02-22 21:00:00,6.11,NA,NA,135,NA,982.39,NA,NA,NA,NA,-1.11,NA,5,",sn"
1873-02-23,NA,NA,NA,NA,NA,NA,0.229,NA,"10:00 am",2.29,NA,-0.39,NA,"s"
1873-02-23 07:00:00,NA,NA,NA,180,NA,NA,NA,NA,NA,NA,-1.67,NA,1,",sn"
1873-02-23 14:00:00,NA,270,2,225,NA,NA,NA,NA,NA,NA,2.22,NA,2,NA
1873-02-23 21:00:00,NA,NA,NA,247.5,NA,NA,NA,NA,NA,NA,-1.67,NA,2,NA
1873-02-24,NA,NA,NA,NA,NA,NA,NA,"8:00 pm",NA,NA,NA,-0.17,NA,NA
1873-02-24 07:00:00,4.44,NA,NA,225,NA,987.13,NA,NA,NA,NA,-2.78,NA,1,NA
1873-02-24 14:00:00,5,225,2,225,NA,987.47,NA,NA,NA,NA,3.33,NA,5,NA
1873-02-24 21:00:00,5,NA,NA,225,NA,987.13,NA,NA,NA,NA,-1.11,NA,1,NA
1873-02-25,NA,NA,NA,NA,NA,NA,2.032,NA,"10:00 am",20.32,NA,-2.78,NA,"s"
1873-02-25 07:00:00,5.56,NA,NA,247.5,NA,986.79,NA,NA,NA,NA,-1.67,NA,2,",sn"
1873-02-25 14:00:00,6.67,NA,NA,315,NA,988.49,NA,NA,NA,NA,1.11,NA,11,NA
1873-02-25 21:00:00,6.11,NA,NA,270,NA,990.52,NA,NA,NA,NA,-7.78,NA,5,NA
1873-02-26,NA,NA,NA,NA,NA,NA,NA,NA,NA,NA,NA,-3.33,NA,NA
1873-02-26 07:00:00,5,NA,NA,NA,NA,997.63,NA,NA,NA,NA,-10,NA,0,NA
1873-02-26 14:00:00,6.11,270,2,270,NA,997.97,NA,NA,NA,NA,3.33,NA,2,NA
1873-02-26 21:00:00,5.56,NA,NA,225,NA,999.32,NA,NA,NA,NA,-3.33,NA,1,NA
1873-02-27,NA,NA,NA,NA,NA,NA,NA,NA,NA,NA,NA,-6.28,NA,NA
1873-02-27 07:00:00,5,NA,NA,NA,NA,1000,NA,NA,NA,NA,-11.11,NA,0,NA
1873-02-27 14:00:00,6.11,NA,NA,45,NA,998.65,NA,NA,NA,NA,0,NA,1,NA
1873-02-27 21:00:00,6.11,NA,NA,45,NA,997.97,NA,NA,NA,NA,-7.78,NA,1,NA
1873-02-28,NA,NA,NA,NA,NA,NA,NA,"4:00 pm",NA,NA,NA,-0.72,NA,"s"
1873-02-28 07:00:00,5,45,2,45,NA,1002.03,NA,NA,NA,NA,-1.11,NA,5,NA
1873-02-28 14:00:00,5,NA,NA,45,NA,1000.34,NA,NA,NA,NA,-0.56,NA,5,NA
1873-02-28 21:00:00,5,NA,NA,45,NA,999.66,NA,NA,NA,NA,-0.56,NA,20,",sn"
1873-03-01,NA,NA,NA,NA,NA,NA,NA,"empty",NA,NA,NA,-0.72,NA,NA
1873-03-01 07:00:00,4.44,NA,NA,45,NA,994.24,NA,NA,NA,NA,-1.11,NA,27,",sn"
1873-03-01 14:00:00,6.11,NA,NA,45,NA,988.15,NA,NA,NA,NA,-0.56,NA,27,",sn"
1873-03-01 21:00:00,3.33,NA,NA,45,NA,987.13,NA,NA,NA,NA,-0.56,NA,20,",sn"
1873-03-02,NA,NA,NA,NA,NA,NA,0,"empty","empty",NA,NA,0.56,NA,"s"
1873-03-02 07:00:00,3.89,NA,NA,315,NA,989.5,NA,NA,NA,NA,0.56,NA,5,",sn"
1873-03-02 14:00:00,8.06,NA,NA,45,NA,995.6,NA,NA,NA,NA,3.89,NA,20,",sn"
1873-03-02 21:00:00,3.89,NA,NA,45,NA,1005.08,NA,NA,NA,NA,-2.78,NA,20,",sn"
1873-03-03,NA,NA,NA,NA,NA,NA,2.159,NA,"5:00 am",21.59,NA,-1.11,NA,"snow"
1873-03-03 07:00:00,1.67,NA,NA,0,NA,1012.53,NA,NA,NA,NA,-4.44,NA,1,NA
1873-03-03 14:00:00,7.22,NA,NA,135,NA,1015.58,NA,NA,NA,NA,3.33,NA,1,",hz"
1873-03-03 21:00:00,7.22,NA,NA,135,NA,1015.92,NA,NA,NA,NA,-2.22,NA,1,",sn"
1873-03-04,NA,NA,NA,NA,NA,NA,0.838,NA,"7:00 am",8.38,NA,1,NA,"r"
1873-03-04 07:00:00,5,NA,NA,225,NA,983.41,NA,NA,NA,NA,-2.22,NA,5,",ra"
1873-03-04 14:00:00,8.89,NA,NA,247.5,NA,983.41,NA,NA,NA,NA,3.89,NA,11,NA
1873-03-04 21:00:00,5,NA,NA,247.5,NA,984.42,NA,NA,NA,NA,-0.28,NA,11,NA
1873-03-05,NA,NA,NA,NA,NA,NA,0.152,"empty",NA,1.52,NA,-4,NA,"flurries"
1873-03-05 07:00:00,2.22,315,2,315,NA,1005.08,NA,NA,NA,NA,-6.67,NA,5,NA
1873-03-05 14:00:00,8.89,NA,NA,315,NA,1015.92,NA,NA,NA,NA,2.5,NA,5,NA
1873-03-05 21:00:00,3.33,NA,NA,315,NA,1017.27,NA,NA,NA,NA,-7.78,NA,1,NA
1873-03-06,NA,NA,NA,NA,NA,NA,0,"empty","empty",NA,NA,-3.72,NA,NA
1873-03-06 07:00:00,-2.5,NA,NA,225,NA,1021.67,NA,NA,NA,NA,-8.89,NA,1,NA
1873-03-06 14:00:00,7.22,NA,NA,315,NA,1023.71,NA,NA,NA,NA,2.22,NA,5,NA
1873-03-06 21:00:00,2.78,NA,NA,315,NA,1019.98,NA,NA,NA,NA,-4.44,NA,11,NA
1873-03-07,NA,NA,NA,NA,NA,NA,0,"empty","empty",NA,NA,0,NA,NA
1873-03-07 07:00:00,0.56,315,2,315,NA,1016.59,NA,NA,NA,NA,-1.67,NA,5,NA
1873-03-07 14:00:00,9.44,NA,NA,315,NA,1017.27,NA,NA,NA,NA,3.89,NA,5,NA
1873-03-07 21:00:00,6.11,NA,NA,315,NA,1018.29,NA,NA,NA,NA,-2.22,NA,11,NA
1873-03-08,NA,NA,NA,NA,NA,NA,0,"empty","empty",NA,NA,1.28,NA,NA
1873-03-08 07:00:00,2.78,270,1,270,NA,1014.56,NA,NA,NA,NA,-2.22,NA,1,NA
1873-03-08 14:00:00,11.67,NA,NA,270,NA,1013.88,NA,NA,NA,NA,6.67,NA,5,NA
1873-03-08 21:00:00,7.78,NA,NA,270,NA,1013.88,NA,NA,NA,NA,-0.56,NA,1,NA
1873-03-09,NA,NA,NA,NA,NA,NA,0,"empty","empty",NA,NA,1.39,NA,NA
1873-03-09 07:00:00,3.89,NA,NA,225,NA,1007.11,NA,NA,NA,NA,-0.56,NA,1,NA
1873-03-09 14:00:00,9.44,NA,NA,270,NA,1001.69,NA,NA,NA,NA,5,NA,2,NA
1873-03-09 21:00:00,6.11,NA,NA,270,NA,1000.34,NA,NA,NA,NA,-0.28,NA,2,NA
1873-03-10,NA,NA,NA,NA,NA,NA,0.381,NA,NA,3.81,NA,0.11,NA,"hail"
1873-03-10 07:00:00,3.33,270,3,0,NA,1000.34,NA,NA,NA,NA,0.28,NA,11,NA
1873-03-10 14:00:00,11.67,NA,NA,315,NA,1010.84,NA,NA,NA,NA,2.22,NA,11,",hz"
1873-03-10 21:00:00,3.89,NA,NA,315,NA,1015.24,NA,NA,NA,NA,-2.22,NA,2,NA
1873-03-11,NA,NA,NA,NA,NA,NA,0.23,"9:00 am","1:00 pm",NA,NA,-0.83,NA,"snow"
1873-03-11 07:00:00,2.78,225,3,225,NA,1002.37,NA,NA,NA,NA,0,NA,1,NA
1873-03-11 14:00:00,5.56,NA,NA,247.5,NA,1000.34,NA,NA,NA,NA,1.67,NA,11,NA
1873-03-11 21:00:00,2.78,NA,4,315,"315",1013.55,NA,NA,NA,NA,-4.17,NA,16,NA
1873-03-12,NA,NA,NA,NA,NA,NA,11.43,"6:30 pm","7:00 am",NA,NA,-0.72,NA,"rain"
1873-03-12 07:00:00,2.78,NA,NA,225,NA,1025.4,NA,NA,NA,NA,-5.56,NA,2,",hz"
1873-03-12 14:00:00,3.89,NA,NA,135,NA,1023.37,NA,NA,NA,NA,1.67,NA,1,NA
1873-03-12 21:00:00,3.89,NA,NA,135,NA,1016.93,NA,NA,NA,NA,1.67,NA,11,NA
1873-03-13,NA,NA,NA,NA,NA,NA,4.57,NA,"7:00 am",NA,NA,4.44,NA,"misty rain"
1873-03-13 07:00:00,4.44,NA,NA,45,NA,1009.14,NA,NA,NA,NA,3.89,NA,5,",fg"
1873-03-13 14:00:00,8.33,NA,NA,225,NA,1004.06,NA,NA,NA,NA,7.22,NA,11,NA
1873-03-13 21:00:00,7.22,NA,NA,225,NA,1004.74,NA,NA,NA,NA,2.22,NA,2,",hz"
1873-03-14,NA,NA,NA,NA,NA,NA,0,"empty","empty",NA,NA,-0.56,NA,NA
1873-03-14 07:00:00,4.44,NA,NA,225,NA,1011.51,NA,NA,NA,NA,-1.67,NA,1,NA
1873-03-14 14:00:00,6.67,0,1,45,NA,1013.88,NA,NA,NA,NA,2.22,NA,5,NA
1873-03-14 21:00:00,7.22,NA,1,45,"315",1017.95,NA,NA,NA,NA,-2.22,NA,2,NA
1873-03-15,NA,NA,NA,NA,NA,NA,0.23,"11:00 am",NA,NA,NA,-1.22,NA,NA
1873-03-15 07:00:00,3.89,NA,NA,45,NA,1018.63,NA,NA,NA,NA,-1.67,NA,2,NA
1873-03-15 14:00:00,6.11,NA,NA,135,NA,1018.96,NA,NA,NA,NA,0.83,NA,2,NA
1873-03-15 21:00:00,5,NA,NA,45,NA,1017.95,NA,NA,NA,NA,-2.78,NA,1,NA
1873-03-16,NA,NA,NA,NA,NA,NA,0,"empty","empty",NA,NA,-3.44,NA,NA
1873-03-16 07:00:00,1.67,45,1,135,NA,1015.92,NA,NA,NA,NA,-4.72,NA,2,NA
1873-03-16 14:00:00,8.89,NA,NA,45,NA,1015.92,NA,NA,NA,NA,-1.67,NA,2,NA
1873-03-16 21:00:00,5.56,NA,NA,135,NA,1015.24,NA,NA,NA,NA,-3.89,NA,5,NA
1873-03-17,NA,NA,NA,NA,NA,NA,0.279,"7:00 am","2:00 pm",2.79,NA,-1.39,NA,"snow"
1873-03-17 07:00:00,2.78,NA,NA,135,NA,1007.79,NA,NA,NA,NA,-2.5,NA,5,NA
1873-03-17 14:00:00,3.89,NA,NA,135,NA,1002.71,NA,NA,NA,NA,0,NA,2,NA
1873-03-17 21:00:00,5,NA,NA,225,NA,1001.69,NA,NA,NA,NA,-1.67,NA,5,NA
1873-03-18,NA,NA,NA,NA,NA,NA,0.023,"empty",NA,0.23,NA,-0.72,NA,"snow flurries"
1873-03-18 07:00:00,1.67,NA,NA,225,NA,1000.68,NA,NA,NA,NA,-2.78,NA,2,",sn"
1873-03-18 14:00:00,7.22,NA,NA,225,NA,1001.02,NA,NA,NA,NA,2.22,NA,2,NA
1873-03-18 21:00:00,5.56,NA,NA,225,NA,1001.69,NA,NA,NA,NA,-1.67,NA,2,NA
1873-03-19,NA,NA,NA,NA,NA,NA,0,"empty","empty",NA,NA,-1.94,NA,NA
1873-03-19 07:00:00,2.78,225,1,225,NA,1007.11,NA,NA,NA,NA,-2.22,NA,1,NA
1873-03-19 14:00:00,9.72,NA,NA,315,NA,1011.51,NA,NA,NA,NA,0.28,NA,5,NA
1873-03-19 21:00:00,6.11,NA,NA,270,NA,1012.53,NA,NA,NA,NA,-3.89,NA,1,NA
1873-03-20,NA,NA,NA,NA,NA,NA,0.023,"empty",NA,0.23,NA,-1.5,NA,"flurries"
1873-03-20 07:00:00,2.22,NA,NA,45,NA,1013.21,NA,NA,NA,NA,-3.33,NA,1,NA
1873-03-20 14:00:00,9.44,315,2,315,NA,1015.92,NA,NA,NA,NA,1.67,NA,5,NA
1873-03-20 21:00:00,6.11,NA,NA,NA,NA,1023.03,NA,NA,NA,NA,-2.78,NA,0,NA
1873-03-21,NA,NA,NA,NA,NA,NA,1.905,"4:00 pm","12:00 pm",19.05,NA,-2.61,NA,"snow"
1873-03-21 07:00:00,2.22,NA,NA,90,NA,1025.74,NA,NA,NA,NA,-3.33,NA,2,NA
1873-03-21 14:00:00,3.89,NA,NA,90,NA,1024.04,NA,NA,NA,NA,-2.22,NA,11,",sn"
1873-03-21 21:00:00,3.89,NA,NA,90,NA,1013.88,NA,NA,NA,NA,-2.22,NA,20,",sn"
1873-03-22,NA,NA,NA,NA,NA,NA,0.023,"1:00 pm",NA,0.23,NA,-0.56,NA,NA
1873-03-22 07:00:00,-2.78,NA,NA,225,NA,1003.73,NA,NA,NA,NA,0,NA,2,NA
1873-03-22 14:00:00,6.11,NA,NA,247.5,NA,1003.05,NA,NA,NA,NA,1.67,NA,5,",sn"
1873-03-22 21:00:00,4.44,NA,NA,247.5,NA,1002.37,NA,NA,NA,NA,-1.67,NA,5,NA
1873-03-23,NA,NA,NA,NA,NA,NA,0.203,"9:00 am","9:00 pm",2.03,NA,-0.11,NA,"snow"
1873-03-23 07:00:00,2.22,NA,NA,225,NA,1000.68,NA,NA,NA,NA,-1.67,NA,1,NA
1873-03-23 14:00:00,6.11,NA,NA,247.5,NA,998.31,NA,NA,NA,NA,4.17,NA,5,",sn"
1873-03-23 21:00:00,3.33,NA,NA,270,NA,997.63,NA,NA,NA,NA,-2.78,NA,11,NA
1873-03-24,NA,NA,NA,NA,NA,NA,0,"empty","empty",NA,NA,-1.78,NA,NA
1873-03-24 07:00:00,-0.56,270,3,270,NA,1001.02,NA,NA,NA,NA,-3.89,NA,5,NA
1873-03-24 14:00:00,7.78,0,2,247.5,NA,1001.69,NA,NA,NA,NA,1.11,NA,1,NA
1873-03-24 21:00:00,7.22,NA,NA,45,NA,995.6,NA,NA,NA,NA,-2.5,NA,11,NA
1873-03-25,NA,NA,NA,NA,NA,NA,0,"empty","empty",NA,NA,-2.39,NA,NA
1873-03-25 07:00:00,1.67,NA,NA,315,NA,1009.14,NA,NA,NA,NA,-5,NA,5,NA
1873-03-25 14:00:00,7.22,315,2,315,NA,1015.24,NA,NA,NA,NA,0,NA,5,NA
1873-03-25 21:00:00,6.11,NA,NA,45,NA,1020.66,NA,NA,NA,NA,-2.22,NA,1,NA
1873-03-26,NA,NA,NA,NA,NA,NA,0,"empty","empty",NA,NA,-1.22,NA,NA
1873-03-26 07:00:00,0.56,NA,NA,315,NA,1020.66,NA,NA,NA,NA,-5.56,NA,1,NA
1873-03-26 14:00:00,6.67,NA,NA,315,NA,1021,NA,NA,NA,NA,2.22,NA,2,NA
1873-03-26 21:00:00,5.56,NA,NA,180,NA,1018.29,NA,NA,NA,NA,-0.28,NA,2,NA
1873-03-27,NA,NA,NA,NA,NA,NA,5.59,"6:00 am","4:00 pm",NA,NA,2.33,NA,"rain"
1873-03-27 07:00:00,3.33,NA,NA,135,NA,1002.37,NA,NA,NA,NA,0,NA,5,",ra"
1873-03-27 14:00:00,6.67,NA,NA,225,NA,992.21,NA,NA,NA,NA,5.56,NA,5,",ra"
1873-03-27 21:00:00,6.11,NA,NA,315,NA,992.21,NA,NA,NA,NA,1.39,NA,11,NA
1873-03-28,NA,NA,NA,NA,NA,NA,0,"empty","empty",NA,NA,-4.06,NA,NA
1873-03-28 07:00:00,2.22,NA,NA,315,NA,1004.06,NA,NA,NA,NA,-4.44,NA,11,NA
1873-03-28 14:00:00,7.22,NA,NA,315,NA,1014.22,NA,NA,NA,NA,-2.22,NA,11,NA
1873-03-28 21:00:00,2.78,NA,NA,315,NA,1019.3,NA,NA,NA,NA,-5.56,NA,1,NA
1873-03-29,NA,NA,NA,NA,NA,NA,0,"empty","empty",NA,NA,-1.83,NA,NA
1873-03-29 07:00:00,-2.22,NA,NA,270,NA,1022.69,NA,NA,NA,NA,-8.89,NA,1,NA
1873-03-29 14:00:00,5.56,NA,NA,270,NA,1022.01,NA,NA,NA,NA,2.22,NA,5,",hz"
1873-03-29 21:00:00,5.56,NA,NA,247.5,NA,1022.01,NA,NA,NA,NA,1.11,NA,5,NA
1873-03-30,NA,NA,NA,NA,NA,NA,7.87,"2:00 pm","11:00 pm",NA,NA,4.06,NA,"rain"
1873-03-30 07:00:00,4.44,315,2,247.5,NA,1022.01,NA,NA,NA,NA,2.22,NA,5,NA
1873-03-30 14:00:00,7.22,NA,NA,135,NA,1016.59,NA,NA,NA,NA,5.56,NA,2,NA
1873-03-30 21:00:00,5.56,NA,NA,225,NA,1000,NA,NA,NA,NA,4.44,NA,11,NA
1873-03-31,NA,NA,NA,NA,NA,NA,0,"empty","empty",NA,NA,2.22,NA,"rain"
1873-03-31 07:00:00,5.83,NA,NA,225,NA,997.97,NA,NA,NA,NA,2.22,NA,2,",ra"
1873-03-31 14:00:00,7.22,NA,NA,247.5,NA,996.95,NA,NA,NA,NA,3.33,NA,5,",ra"
1873-03-31 21:00:00,5.28,NA,NA,315,NA,1005.08,NA,NA,NA,NA,1.11,NA,11,NA
1873-04-01,NA,NA,NA,NA,NA,NA,NA,"4:00 am",NA,NA,NA,0.39,NA,"snow"
1873-04-01 07:00:00,NA,NA,NA,45,NA,NA,NA,NA,NA,NA,-1.11,NA,2,",sn"
1873-04-01 14:00:00,NA,NA,NA,90,NA,NA,NA,NA,NA,NA,2.22,NA,5,",sn"
1873-04-01 21:00:00,NA,NA,NA,180,NA,NA,NA,NA,NA,NA,0,NA,1,",sn"
1873-04-02,NA,NA,NA,NA,NA,NA,9.14,NA,"11:30 pm",NA,NA,0.44,NA,"snow"
1873-04-02 07:00:00,4.44,NA,NA,45,NA,1004.4,NA,NA,NA,NA,0,NA,2,NA
1873-04-02 14:00:00,7.78,NA,NA,45,NA,1013.21,NA,NA,NA,NA,1.11,NA,11,",hz"
1873-04-02 21:00:00,6.11,NA,NA,0,NA,1019.98,NA,NA,NA,NA,0.28,NA,5,",hz"
1873-04-03,NA,NA,NA,NA,NA,NA,9.14,"6:00 pm","11:00 pm",NA,NA,1.56,NA,"rain"
1873-04-03 07:00:00,4.44,NA,NA,135,NA,1019.64,NA,NA,NA,NA,1.11,NA,1,NA
1873-04-03 14:00:00,8.89,NA,NA,45,NA,1019.3,NA,NA,NA,NA,2.22,NA,2,NA
1873-04-03 21:00:00,8.33,NA,NA,135,NA,1014.56,NA,NA,NA,NA,1.11,NA,1,NA
1873-04-04,NA,NA,NA,NA,NA,NA,NA,NA,NA,NA,NA,3.17,NA,NA
1873-04-04 07:00:00,5.56,NA,NA,225,NA,1009.14,NA,NA,NA,NA,2.22,NA,1,",hz"
1873-04-04 14:00:00,8.89,NA,NA,270,NA,1007.79,NA,NA,NA,NA,5,NA,5,NA
1873-04-04 21:00:00,6.67,NA,NA,270,NA,1010.16,NA,NA,NA,NA,1.67,NA,5,NA
1873-04-05,NA,NA,NA,NA,NA,NA,NA,NA,NA,NA,NA,2.5,NA,NA
1873-04-05 07:00:00,4.44,NA,NA,315,NA,1010.5,NA,NA,NA,NA,0.56,NA,1,",hz"
1873-04-05 14:00:00,3.89,NA,NA,315,NA,1010.16,NA,NA,NA,NA,6.11,NA,2,NA
1873-04-05 21:00:00,8.06,NA,NA,270,NA,1010.16,NA,NA,NA,NA,0.83,NA,1,NA
1873-04-06,NA,NA,NA,NA,NA,NA,0.23,NA,NA,NA,NA,-0.94,NA,"rain, snow"
1873-04-06 07:00:00,5.56,NA,NA,45,NA,1009.14,NA,NA,NA,NA,-0.56,NA,5,",hz"
1873-04-06 14:00:00,6.39,NA,NA,45,NA,1007.11,NA,NA,NA,NA,-0.56,NA,11,",sh"
1873-04-06 21:00:00,3.89,NA,NA,45,NA,1005.42,NA,NA,NA,NA,-1.67,NA,16,NA
1873-04-07,NA,NA,NA,NA,NA,NA,0.23,NA,NA,NA,NA,0.17,NA,"light snow during night"
1873-04-07 07:00:00,2.22,NA,NA,45,NA,1002.37,NA,NA,NA,NA,-2.78,NA,5,",hz"
1873-04-07 14:00:00,5.56,NA,NA,45,NA,1002.37,NA,NA,NA,NA,2.78,NA,5,",hz"
1873-04-07 21:00:00,4.17,NA,NA,315,NA,1001.69,NA,NA,NA,NA,0.56,NA,5,",sh"
1873-04-08,NA,NA,NA,NA,NA,NA,2.03,NA,NA,NA,NA,0.39,NA,"light snow during night"
1873-04-08 07:00:00,1.94,NA,NA,315,NA,1004.4,NA,NA,NA,NA,-1.11,NA,5,NA
1873-04-08 14:00:00,8.33,NA,NA,270,NA,1005.76,NA,NA,NA,NA,0.56,NA,2,NA
1873-04-08 21:00:00,1.39,NA,NA,270,NA,1009.82,NA,NA,NA,NA,1.67,NA,1,NA
1873-04-09,NA,NA,NA,NA,NA,NA,NA,NA,NA,NA,NA,-0.94,NA,NA
1873-04-09 07:00:00,4.44,NA,NA,45,NA,1007.79,NA,NA,NA,NA,-0.56,NA,1,",fg"
1873-04-09 14:00:00,5,NA,NA,45,NA,1012.53,NA,NA,NA,NA,0.56,NA,11,NA
1873-04-09 21:00:00,2.22,NA,NA,45,NA,1020.66,NA,NA,NA,NA,-2.78,NA,5,NA
1873-04-10,NA,NA,NA,NA,NA,NA,NA,NA,NA,NA,NA,-0.94,NA,NA
1873-04-10 07:00:00,2.78,NA,NA,45,NA,1022.01,NA,NA,NA,NA,-3.33,NA,5,NA
1873-04-10 14:00:00,5.56,NA,NA,45,NA,1022.69,NA,NA,NA,NA,2.22,NA,5,NA
1873-04-10 21:00:00,2.78,NA,2,45,"45",1021.33,NA,NA,NA,NA,-1.67,NA,5,NA
1873-04-11,NA,NA,NA,NA,NA,NA,NA,NA,NA,NA,NA,1.22,NA,NA
1873-04-11 07:00:00,2.78,NA,NA,45,NA,1018.29,NA,NA,NA,NA,-1.67,NA,1,NA
1873-04-11 14:00:00,5.28,NA,NA,270,NA,1017.61,NA,NA,NA,NA,4.17,NA,5,NA
1873-04-11 21:00:00,4.44,NA,2,270,"270",1017.61,NA,NA,NA,NA,1.11,NA,2,NA
1873-04-12,NA,NA,NA,NA,NA,NA,NA,NA,NA,NA,NA,2.22,NA,NA
1873-04-12 07:00:00,4.44,270,1,0,NA,1020.66,NA,NA,NA,NA,0.56,NA,2,NA
1873-04-12 14:00:00,10,NA,NA,0,NA,1023.37,NA,NA,NA,NA,5.56,NA,2,NA
1873-04-12 21:00:00,10,NA,NA,0,NA,1026.75,NA,NA,NA,NA,0.56,NA,2,NA
1873-04-13,NA,NA,NA,NA,NA,NA,NA,NA,NA,NA,NA,1.78,NA,NA
1873-04-13 07:00:00,6.11,NA,NA,45,NA,1027.43,NA,NA,NA,NA,0.56,NA,2,NA
1873-04-13 14:00:00,9.44,NA,NA,45,NA,1028.45,NA,NA,NA,NA,3.33,NA,2,NA
1873-04-13 21:00:00,7.22,NA,NA,135,NA,1028.45,NA,NA,NA,NA,1.39,NA,2,",fg"
1873-04-14,NA,NA,NA,NA,NA,NA,NA,NA,NA,NA,NA,0.56,NA,NA
1873-04-14 07:00:00,5.56,NA,NA,135,NA,1024.72,NA,NA,NA,NA,0,NA,2,",fg"
1873-04-14 14:00:00,5.28,NA,NA,135,NA,1024.04,NA,NA,NA,NA,1.11,NA,2,NA
1873-04-14 21:00:00,7.78,NA,NA,135,NA,1020.66,NA,NA,NA,NA,0.56,NA,2,NA
1873-04-15,NA,NA,NA,NA,NA,NA,NA,"6:00 am",NA,NA,NA,1.28,NA,"snow"
1873-04-15 07:00:00,5.56,NA,NA,45,NA,1015.24,NA,NA,NA,NA,0.56,NA,5,",sn"
1873-04-15 14:00:00,6.67,NA,NA,45,NA,1011.85,NA,NA,NA,NA,2.78,NA,11,",sn"
1873-04-15 21:00:00,5.56,NA,NA,45,NA,1009.14,NA,NA,NA,NA,0.56,NA,16,",sn"
1873-04-16,NA,NA,NA,NA,NA,NA,12.19,NA,"6:00 am",NA,NA,1.28,NA,"snow"
1873-04-16 07:00:00,4.72,NA,NA,45,NA,1008.13,NA,NA,NA,NA,0.56,NA,11,NA
1873-04-16 14:00:00,10,NA,NA,45,NA,1008.47,NA,NA,NA,NA,2.22,NA,11,NA
1873-04-16 21:00:00,4.72,NA,NA,45,NA,1008.47,NA,NA,NA,NA,1.11,NA,11,",hz"
1873-04-17,NA,NA,NA,NA,NA,NA,NA,NA,NA,NA,NA,1.28,NA,NA
1873-04-17 07:00:00,5,NA,NA,45,NA,1008.13,NA,NA,NA,NA,1.11,NA,11,NA
1873-04-17 14:00:00,7.22,NA,NA,45,NA,1008.47,NA,NA,NA,NA,3.89,NA,11,NA
1873-04-17 21:00:00,8.33,NA,NA,45,NA,1011.51,NA,NA,NA,NA,-1.11,NA,5,NA
1873-04-18,NA,NA,NA,NA,NA,NA,NA,NA,NA,NA,NA,0.56,NA,NA
1873-04-18 07:00:00,5,NA,NA,45,NA,1011.85,NA,NA,NA,NA,0.56,NA,11,NA
1873-04-18 14:00:00,7.78,NA,NA,45,NA,1012.53,NA,NA,NA,NA,3.33,NA,5,NA
1873-04-18 21:00:00,5,NA,NA,45,NA,1015.92,NA,NA,NA,NA,-2.22,NA,5,NA
1873-04-19,NA,NA,NA,NA,NA,NA,NA,NA,NA,NA,NA,1.39,NA,NA
1873-04-19 07:00:00,7.22,NA,NA,135,NA,1016.59,NA,NA,NA,NA,1.67,NA,11,NA
1873-04-19 14:00:00,10.56,NA,NA,135,NA,1016.59,NA,NA,NA,NA,3.33,NA,2,NA
1873-04-19 21:00:00,9.44,NA,NA,135,NA,1017.27,NA,NA,NA,NA,-0.83,NA,2,NA
1873-04-20,NA,NA,NA,NA,NA,NA,2.79,"6:00 pm","11:00 pm",NA,NA,2.39,NA,"rain"
1873-04-20 07:00:00,8.89,NA,NA,135,NA,1011.85,NA,NA,NA,NA,2.22,NA,11,NA
1873-04-20 14:00:00,8.89,NA,NA,135,NA,1011.51,NA,NA,NA,NA,3.33,NA,11,NA
1873-04-20 21:00:00,6.67,NA,NA,135,NA,1007.45,NA,NA,NA,NA,1.67,NA,11,",ra"
1873-04-21,NA,NA,NA,NA,NA,NA,NA,NA,NA,NA,NA,2.94,NA,NA
1873-04-21 07:00:00,7.78,NA,NA,225,NA,1005.76,NA,NA,NA,NA,2.78,NA,5,NA
1873-04-21 14:00:00,7.78,NA,NA,225,NA,1005.76,NA,NA,NA,NA,4.44,NA,5,NA
1873-04-21 21:00:00,7.78,NA,NA,225,NA,1009.82,NA,NA,NA,NA,1.67,NA,1,",hz"
1873-04-22,NA,NA,NA,NA,NA,NA,5.33,"11:00 am","2:00 pm",NA,NA,1.67,NA,"rain"
1873-04-22 07:00:00,5.56,NA,NA,135,NA,1000.34,NA,NA,NA,NA,0.83,NA,1,",hz"
1873-04-22 14:00:00,6.67,NA,NA,135,NA,991.2,NA,NA,NA,NA,2.5,NA,1,",fg"
1873-04-22 21:00:00,5.56,NA,NA,225,NA,991.2,NA,NA,NA,NA,1.67,NA,1,NA
1873-04-23,NA,NA,NA,NA,NA,NA,4.57,NA,NA,NA,NA,1.94,NA,"continuous snow"
1873-04-23 07:00:00,5,NA,NA,135,NA,987.47,NA,NA,NA,NA,-0.28,NA,1,",fg"
1873-04-23 14:00:00,9.44,NA,NA,225,NA,987.47,NA,NA,NA,NA,5,NA,1,NA
1873-04-23 21:00:00,9.17,NA,NA,225,NA,990.52,NA,NA,NA,NA,1.11,NA,1,NA
1873-04-24,NA,NA,NA,NA,NA,NA,5.08,"7:00 am","4:00 pm",NA,NA,1.5,NA,"snow"
1873-04-24 07:00:00,5.56,NA,NA,225,NA,986.12,NA,NA,NA,NA,1.11,NA,1,",sn"
1873-04-24 14:00:00,9.44,NA,NA,90,NA,988.83,NA,NA,NA,NA,2.78,NA,5,NA
1873-04-24 21:00:00,8.33,NA,NA,270,NA,990.52,NA,NA,NA,NA,0.56,NA,1,NA
1873-04-25,NA,NA,NA,NA,NA,NA,3.81,"1:00 pm","11:00 pm",NA,NA,3.44,NA,"rain"
1873-04-25 07:00:00,5.83,NA,NA,270,NA,991.53,NA,NA,NA,NA,3.33,NA,1,",hz"
1873-04-25 14:00:00,9.44,NA,NA,225,NA,995.6,NA,NA,NA,NA,6.11,NA,1,NA
1873-04-25 21:00:00,8.89,NA,NA,225,NA,1001.69,NA,NA,NA,NA,4.17,NA,1,",hz"
1873-04-26,NA,NA,NA,NA,NA,NA,0.23,NA,NA,NA,NA,3.5,NA,"light rain"
1873-04-26 07:00:00,7.22,NA,NA,225,NA,1007.11,NA,NA,NA,NA,2.5,NA,1,",ra"
1873-04-26 14:00:00,10,NA,NA,135,NA,998.31,NA,NA,NA,NA,5.28,NA,5,",ra"
1873-04-26 21:00:00,9.44,NA,NA,135,NA,994.92,NA,NA,NA,NA,2.78,NA,1,",ra"
1873-04-27,NA,NA,NA,NA,NA,NA,NA,NA,NA,NA,NA,2.94,NA,NA
1873-04-27 07:00:00,5.56,NA,NA,247.5,NA,990.18,NA,NA,NA,NA,1.67,NA,11,",hz"
1873-04-27 14:00:00,6.39,NA,NA,247.5,NA,990.18,NA,NA,NA,NA,4.44,NA,11,",hz"
1873-04-27 21:00:00,4.44,NA,NA,247.5,NA,998.98,NA,NA,NA,NA,2.78,NA,11,",hz"
1873-04-28,NA,NA,NA,NA,NA,NA,NA,NA,NA,NA,NA,5.56,NA,NA
1873-04-28 07:00:00,3.89,NA,NA,247.5,NA,1008.47,NA,NA,NA,NA,3.33,NA,1,",hz"
1873-04-28 14:00:00,11.11,NA,NA,225,NA,1010.84,NA,NA,NA,NA,10,NA,1,NA
1873-04-28 21:00:00,11.67,NA,NA,225,NA,992.21,NA,NA,NA,NA,3.33,NA,1,NA
1873-04-29,NA,NA,NA,NA,NA,NA,NA,NA,NA,NA,NA,2.94,NA,NA
1873-04-29 07:00:00,7.78,NA,NA,90,NA,1015.92,NA,NA,NA,NA,2.78,NA,1,",hz"
1873-04-29 14:00:00,8.33,NA,NA,90,NA,1015.92,NA,NA,NA,NA,3.33,NA,1,",hz"
1873-04-29 21:00:00,9.44,NA,NA,225,NA,1015.92,NA,NA,NA,NA,2.78,NA,1,",hz"
1873-04-30,NA,NA,NA,NA,NA,NA,NA,NA,NA,NA,NA,NA,NA,NA
1873-04-30 07:00:00,6.67,NA,NA,45,NA,1018.29,NA,NA,NA,NA,6.11,NA,1,",hz"
1873-04-30 14:00:00,9.44,NA,NA,135,NA,1020.32,NA,NA,NA,NA,10,NA,1,",hz"
1873-04-30 21:00:00,9.44,NA,NA,135,NA,1020.32,NA,NA,NA,NA,5.56,NA,1,",hz"
1873-05-01,NA,NA,NA,NA,NA,NA,NA,NA,NA,NA,NA,2.94,NA,NA
1873-05-01 07:00:00,7.22,NA,NA,45,NA,1014.9,NA,NA,NA,NA,1.67,NA,5,NA
1873-05-01 14:00:00,12.22,NA,NA,45,NA,1012.53,NA,NA,NA,NA,4.44,NA,2,NA
1873-05-01 21:00:00,8.89,NA,NA,45,NA,1008.13,NA,NA,NA,NA,2.78,NA,1,NA
1873-05-02,NA,NA,NA,NA,NA,NA,0.023,"2:00 pm",NA,0.23,NA,4.33,NA,"empty"
1873-05-02 07:00:00,6.67,315,2,315,NA,1001.69,NA,NA,NA,NA,4.44,NA,5,NA
1873-05-02 14:00:00,9.44,315,3,315,NA,998.98,NA,NA,NA,NA,6.94,NA,11,NA
1873-05-02 21:00:00,6.94,NA,NA,315,NA,1000.68,NA,NA,NA,NA,1.67,NA,11,NA
1873-05-03,NA,NA,NA,NA,NA,NA,NA,NA,NA,NA,NA,5.72,NA,NA
1873-05-03 07:00:00,5.56,NA,NA,315,NA,1006.77,NA,NA,NA,NA,6.11,NA,11,NA
1873-05-03 14:00:00,8.89,270,1,270,NA,1008.13,NA,NA,NA,NA,7.78,NA,2,NA
1873-05-03 21:00:00,9.44,NA,NA,270,NA,1006.77,NA,NA,NA,NA,3.33,NA,2,NA
1873-05-04,NA,NA,NA,NA,NA,NA,0.33,"3:30 pm","9:00 pm",3.3,NA,-1.1,NA,"snow"
1873-05-04 07:00:00,6.11,NA,NA,135,NA,1007.79,NA,NA,NA,NA,1.94,NA,1,NA
1873-05-04 14:00:00,7.78,NA,NA,45,NA,1005.76,NA,NA,NA,NA,0.56,NA,5,NA
1873-05-04 21:00:00,5.56,NA,NA,0,NA,1004.06,NA,NA,NA,NA,-2.22,NA,1,",sn"
1873-05-05,NA,NA,NA,NA,NA,NA,NA,NA,NA,NA,NA,5,NA,NA
1873-05-05 07:00:00,3.89,NA,NA,225,NA,1007.45,NA,NA,NA,NA,6.67,NA,1,NA
1873-05-05 14:00:00,9.44,NA,NA,315,NA,1009.14,NA,NA,NA,NA,6.67,NA,5,NA
1873-05-05 21:00:00,8.06,NA,NA,315,NA,1011.51,NA,NA,NA,NA,1.67,NA,5,NA
1873-05-06,NA,NA,NA,NA,NA,NA,NA,NA,NA,NA,NA,3.44,NA,NA
1873-05-06 07:00:00,5.56,315,2,315,NA,1011.51,NA,NA,NA,NA,4.17,NA,2,NA
1873-05-06 14:00:00,10,NA,NA,315,NA,1015.92,NA,NA,NA,NA,4.44,NA,2,NA
1873-05-06 21:00:00,8.89,NA,NA,45,NA,1017.27,NA,NA,NA,NA,1.67,NA,5,NA
1873-05-07,NA,NA,NA,NA,NA,NA,0.305,"8:30 pm",NA,3.05,NA,5.72,NA,"snow"
1873-05-07 07:00:00,6.67,NA,NA,NA,NA,1018.63,NA,NA,NA,NA,6.67,NA,0,NA
1873-05-07 14:00:00,7.22,NA,NA,90,NA,1017.95,NA,NA,NA,NA,7.78,NA,2,NA
1873-05-07 21:00:00,10.56,NA,NA,270,NA,1017.95,NA,NA,NA,NA,2.78,NA,1,",hz"
1873-05-08,NA,NA,NA,NA,NA,NA,NA,NA,NA,NA,NA,1.67,NA,NA
1873-05-08 07:00:00,6.67,NA,NA,45,NA,1018.29,NA,NA,NA,NA,1.11,NA,11,NA
1873-05-08 14:00:00,8.89,NA,NA,45,NA,1019.3,NA,NA,NA,NA,3.89,NA,5,NA
1873-05-08 21:00:00,8.33,NA,NA,0,NA,1019.98,NA,NA,NA,NA,0,NA,2,NA
1873-05-09,NA,NA,NA,NA,NA,NA,0.229,"10:30 pm",NA,2.29,NA,3.61,NA,"snow"
1873-05-09 07:00:00,5.56,NA,NA,45,NA,1015.92,NA,NA,NA,NA,1.67,NA,5,NA
1873-05-09 14:00:00,8.33,NA,NA,45,NA,1019.3,NA,NA,NA,NA,6.11,NA,5,NA
1873-05-09 21:00:00,8.89,NA,NA,0,NA,1019.98,NA,NA,NA,NA,3.06,NA,2,",hz"
1873-05-10,NA,NA,NA,NA,NA,NA,0.023,"7:00 am",NA,0.23,NA,4.28,NA,"light flurry snow"
1873-05-10 07:00:00,6.11,NA,NA,45,NA,1024.38,NA,NA,NA,NA,1.67,NA,5,NA
1873-05-10 14:00:00,10,NA,NA,45,NA,1025.4,NA,NA,NA,NA,9.17,NA,5,NA
1873-05-10 21:00:00,11.11,NA,NA,NA,NA,1026.08,NA,NA,NA,NA,1.94,NA,0,NA
1873-05-11,NA,NA,NA,NA,NA,NA,NA,NA,NA,NA,NA,10.56,NA,NA
1873-05-11 07:00:00,8.33,NA,NA,225,NA,1023.37,NA,NA,NA,NA,8.33,NA,1,NA
1873-05-11 14:00:00,13.89,225,1,225,NA,1022.69,NA,NA,NA,NA,15,NA,1,NA
1873-05-11 21:00:00,12.78,NA,NA,225,NA,1022.69,NA,NA,NA,NA,8.33,NA,1,",hz"
1873-05-12,NA,NA,NA,NA,NA,NA,NA,NA,NA,NA,NA,6.28,NA,NA
1873-05-12 07:00:00,9.44,NA,NA,135,NA,1023.37,NA,NA,NA,NA,7.78,NA,1,NA
1873-05-12 14:00:00,13.89,225,1,135,NA,1023.37,NA,NA,NA,NA,8.33,NA,1,NA
1873-05-12 21:00:00,11.67,NA,NA,45,NA,1023.37,NA,NA,NA,NA,2.78,NA,1,NA
1873-05-13,NA,NA,NA,NA,NA,NA,0.023,NA,NA,0.23,NA,7.94,NA,"light shower and rain"
1873-05-13 07:00:00,8.33,NA,NA,90,NA,1016.93,NA,NA,NA,NA,2.5,NA,1,",ra"
1873-05-13 14:00:00,9.44,NA,NA,90,NA,1013.21,NA,NA,NA,NA,3.33,NA,1,",fg"
1873-05-13 21:00:00,5,NA,NA,90,NA,1005.76,NA,NA,NA,NA,1.39,NA,5,",ra"
1873-05-14,NA,NA,NA,NA,NA,NA,3.404,"empty","9:00 am",34.04,NA,4,NA,"rain"
1873-05-14 07:00:00,6.67,NA,NA,135,NA,998.98,NA,NA,NA,NA,2.22,NA,1,NA
1873-05-14 14:00:00,8.61,NA,NA,135,NA,997.29,NA,NA,NA,NA,5,NA,1,",fg"
1873-05-14 21:00:00,7.78,NA,NA,45,NA,997.29,NA,NA,NA,NA,4.72,NA,1,NA
1873-05-15,NA,NA,NA,NA,NA,NA,0.381,"9:00 am","12:00 pm",3.81,NA,7.06,NA,"rain"
1873-05-15 07:00:00,6.11,270,1,247.5,NA,1002.37,NA,NA,NA,NA,6.11,NA,1,NA
1873-05-15 14:00:00,11.67,NA,NA,225,NA,1004.06,NA,NA,NA,NA,11.11,NA,1,NA
1873-05-15 21:00:00,10.56,NA,NA,225,NA,1005.08,NA,NA,NA,NA,3.89,NA,1,NA
1873-05-16,NA,NA,NA,NA,NA,NA,0.051,NA,NA,0.51,NA,6.39,NA,"light shower and rain"
1873-05-16 07:00:00,7.78,NA,NA,315,NA,1003.73,NA,NA,NA,NA,5.56,NA,1,NA
1873-05-16 14:00:00,12.22,NA,NA,315,NA,1007.79,NA,NA,NA,NA,10,NA,2,NA
1873-05-16 21:00:00,9.44,NA,NA,270,NA,1009.14,NA,NA,NA,NA,3.61,NA,1,NA
1873-05-17,NA,NA,NA,NA,NA,NA,0,NA,NA,0.23,NA,5.17,NA,"misty and rain"
1873-05-17 07:00:00,7.22,NA,NA,225,NA,1008.13,NA,NA,NA,NA,4.44,NA,1,NA
1873-05-17 14:00:00,10,NA,NA,90,NA,1006.77,NA,NA,NA,NA,7.78,NA,2,NA
1873-05-17 21:00:00,8.33,NA,NA,NA,NA,1006.43,NA,NA,NA,NA,3.33,NA,0,NA
1873-05-18,NA,NA,NA,NA,NA,NA,NA,NA,NA,NA,NA,5.67,NA,NA
1873-05-18 07:00:00,8.33,NA,NA,225,NA,1006.43,NA,NA,NA,NA,6.67,NA,1,NA
1873-05-18 14:00:00,12.22,NA,NA,90,NA,1006.43,NA,NA,NA,NA,6.67,NA,2,NA
1873-05-18 21:00:00,11.11,NA,NA,225,NA,1008.47,NA,NA,NA,NA,3.61,NA,1,",hz"
1873-05-19,NA,NA,NA,NA,NA,NA,NA,NA,NA,NA,NA,5.11,NA,NA
1873-05-19 07:00:00,7.22,NA,NA,225,NA,1010.16,NA,NA,NA,NA,2.78,NA,1,NA
1873-05-19 14:00:00,10.56,NA,NA,90,NA,1011.18,NA,NA,NA,NA,8.33,NA,2,NA
1873-05-19 21:00:00,9.44,NA,NA,315,NA,1014.22,NA,NA,NA,NA,4.17,NA,1,NA
1873-05-20,NA,NA,NA,NA,NA,NA,NA,NA,NA,NA,NA,3.5,NA,NA
1873-05-20 07:00:00,6.67,NA,NA,90,NA,1018.63,NA,NA,NA,NA,1.94,NA,1,NA
1873-05-20 14:00:00,9.44,NA,NA,90,NA,1019.3,NA,NA,NA,NA,5.56,NA,1,",hz"
1873-05-20 21:00:00,8.33,NA,NA,90,NA,1020.32,NA,NA,NA,NA,3.06,NA,1,",hz"
1873-05-21,NA,NA,NA,NA,NA,NA,NA,NA,NA,NA,NA,5,NA,NA
1873-05-21 07:00:00,6.67,45,2,90,NA,1021.33,NA,NA,NA,NA,5,NA,1,NA
1873-05-21 14:00:00,10.56,NA,NA,90,NA,1022.69,NA,NA,NA,NA,8.33,NA,1,NA
1873-05-21 21:00:00,9.44,NA,NA,225,NA,1024.38,NA,NA,NA,NA,1.67,NA,1,NA
1873-05-22,NA,NA,NA,NA,NA,NA,NA,NA,NA,NA,NA,11.28,NA,NA
1873-05-22 07:00:00,6.11,225,1,225,NA,1023.03,NA,NA,NA,NA,11.11,NA,1,NA
1873-05-22 14:00:00,14.44,NA,NA,225,NA,1022.69,NA,NA,NA,NA,15.56,NA,1,NA
1873-05-22 21:00:00,12.78,NA,NA,315,NA,1021.67,NA,NA,NA,NA,7.22,NA,2,NA
1873-05-23,NA,NA,NA,NA,NA,NA,NA,NA,NA,NA,NA,10.17,NA,NA
1873-05-23 07:00:00,9.44,NA,NA,315,NA,1018.96,NA,NA,NA,NA,7.22,NA,5,NA
1873-05-23 14:00:00,13.89,270,2,270,NA,1018.29,NA,NA,NA,NA,13.89,NA,2,NA
1873-05-23 21:00:00,13.89,NA,NA,315,NA,1016.93,NA,NA,NA,NA,9.44,NA,2,",hz"
1873-05-24,NA,NA,NA,NA,NA,NA,0.864,"4:00 pm","11:00 pm",8.64,NA,9.06,NA,"rain"
1873-05-24 07:00:00,12.22,NA,NA,225,NA,1016.59,NA,NA,NA,NA,8.89,NA,1,",hz"
1873-05-24 14:00:00,15.56,NA,NA,90,NA,1014.22,NA,NA,NA,NA,11.11,NA,5,NA
1873-05-24 21:00:00,12.22,NA,NA,90,NA,1002.37,NA,NA,NA,NA,7.22,NA,1,",ra"
1873-05-25,NA,NA,NA,NA,NA,NA,NA,NA,NA,NA,NA,9.06,NA,NA
1873-05-25 07:00:00,11.11,NA,NA,NA,NA,1002.37,NA,NA,NA,NA,6.67,NA,0,NA
1873-05-25 14:00:00,15,NA,NA,225,NA,996.28,NA,NA,NA,NA,13.33,NA,5,",ra"
1873-05-25 21:00:00,12.22,NA,NA,225,NA,992.21,NA,NA,NA,NA,7.22,NA,5,",fg"
1873-05-26,NA,NA,NA,NA,NA,NA,0.254,"6:00 pm",NA,2.54,NA,7.06,NA,"shower and rain"
1873-05-26 07:00:00,10,NA,NA,0,NA,1009.14,NA,NA,NA,NA,5.56,NA,5,NA
1873-05-26 14:00:00,13.33,NA,NA,45,NA,993.91,NA,NA,NA,NA,14.44,NA,2,NA
1873-05-26 21:00:00,10,NA,NA,225,NA,1015.92,NA,NA,NA,NA,4.44,NA,1,NA
1873-05-27,NA,NA,NA,NA,NA,NA,0.076,"7:00 am","9:28 am",0.76,NA,13.72,NA,"rain"
1873-05-27 07:00:00,8.89,NA,NA,270,NA,1017.95,NA,NA,NA,NA,14.44,NA,1,NA
1873-05-27 14:00:00,15.56,NA,NA,315,NA,1017.95,NA,NA,NA,NA,16.67,NA,2,NA
1873-05-27 21:00:00,13.89,NA,NA,315,NA,1017.95,NA,NA,NA,NA,10,NA,2,NA
1873-05-28,NA,NA,NA,NA,NA,NA,0.023,NA,NA,0.23,NA,9.61,NA,"light shower rain"
1873-05-28 07:00:00,11.11,NA,NA,225,NA,1016.59,NA,NA,NA,NA,7.78,NA,5,NA
1873-05-28 14:00:00,14.44,NA,NA,225,NA,1013.88,NA,NA,NA,NA,11.11,NA,5,",ra"
1873-05-28 21:00:00,13.33,NA,NA,270,NA,1009.48,NA,NA,NA,NA,10,NA,2,",hz"
1873-05-29,NA,NA,NA,NA,NA,NA,NA,NA,NA,NA,NA,11.5,NA,NA
1873-05-29 07:00:00,12.22,NA,NA,270,NA,1005.76,NA,NA,NA,NA,10,NA,2,NA
1873-05-29 14:00:00,17.78,NA,NA,225,NA,1007.45,NA,NA,NA,NA,18.33,NA,2,NA
1873-05-29 21:00:00,15.56,NA,NA,45,NA,1014.56,NA,NA,NA,NA,5.83,NA,1,NA
1873-05-30,NA,NA,NA,NA,NA,NA,NA,NA,NA,NA,NA,7.67,NA,NA
1873-05-30 07:00:00,12.22,NA,NA,90,NA,1018.63,NA,NA,NA,NA,3.33,NA,2,",hz"
1873-05-30 14:00:00,14.44,NA,NA,90,NA,1015.92,NA,NA,NA,NA,10.56,NA,2,NA
1873-05-30 21:00:00,13.33,NA,NA,225,NA,1010.16,NA,NA,NA,NA,9.17,NA,1,NA
1873-05-31,NA,NA,NA,NA,NA,NA,NA,NA,NA,NA,NA,11.11,NA,NA
1873-05-31 07:00:00,10.56,270,2,315,NA,1010.16,NA,NA,NA,NA,12.22,NA,5,NA
1873-05-31 14:00:00,14.17,270,2,315,NA,1013.55,NA,NA,NA,NA,15.56,NA,5,NA
1873-05-31 21:00:00,11.67,NA,NA,225,NA,1018.29,NA,NA,NA,NA,5.56,NA,2,NA
1873-06-01,NA,NA,NA,NA,NA,NA,NA,NA,NA,NA,NA,12.94,NA,NA
1873-06-01 07:00:00,8.89,NA,NA,270,NA,1018.63,NA,NA,NA,NA,15,NA,11,NA
1873-06-01 14:00:00,15.28,NA,NA,270,NA,1016.59,NA,NA,NA,NA,15.56,NA,16,NA
1873-06-01 21:00:00,10.56,NA,NA,270,NA,1012.53,NA,NA,NA,NA,8.33,NA,5,NA
1873-06-02,NA,NA,NA,NA,NA,NA,3.81,"1:00 pm","12:00 pm",NA,NA,9.44,NA,"rain"
1873-06-02 07:00:00,10.56,NA,NA,270,NA,1012.53,NA,NA,NA,NA,8.33,NA,5,NA
1873-06-02 14:00:00,13.33,NA,NA,270,NA,1011.18,NA,NA,NA,NA,12.22,NA,5,NA
1873-06-02 21:00:00,10,NA,NA,180,NA,1010.16,NA,NA,NA,NA,7.78,NA,1,",ra"
1873-06-03,NA,NA,NA,NA,NA,NA,5.59,NA,NA,NA,NA,3.72,NA,"misty rain"
1873-06-03 07:00:00,9.44,NA,NA,45,NA,1007.11,NA,NA,NA,NA,1.67,NA,5,",fg"
1873-06-03 14:00:00,9.44,NA,NA,90,NA,1004.74,NA,NA,NA,NA,5.56,NA,5,",ra"
1873-06-03 21:00:00,9.44,NA,NA,90,NA,1002.37,NA,NA,NA,NA,3.89,NA,5,",ra"
1873-06-04,NA,NA,NA,NA,NA,NA,3.56,"3:45 pm","11:00 pm",NA,NA,7.5,NA,"r"
1873-06-04 07:00:00,7.78,NA,NA,90,NA,1000,NA,NA,NA,NA,4.44,NA,1,",hz"
1873-06-04 14:00:00,11.67,NA,NA,45,NA,1000,NA,NA,NA,NA,8.89,NA,2,",ra"
1873-06-04 21:00:00,10.28,NA,NA,45,NA,997.97,NA,NA,NA,NA,9.17,NA,2,",ra"
1873-06-05,NA,NA,NA,NA,NA,NA,NA,NA,NA,NA,NA,7.39,NA,NA
1873-06-05 07:00:00,8.61,NA,NA,225,NA,998.98,NA,NA,NA,NA,5,NA,2,",hz"
1873-06-05 14:00:00,10.56,225,NA,225,NA,1001.69,NA,NA,NA,NA,10.56,NA,2,NA
1873-06-05 21:00:00,11.67,NA,1,225,"225",1006.77,NA,NA,NA,NA,6.67,NA,2,NA
1873-06-06,NA,NA,NA,NA,NA,NA,NA,NA,NA,NA,NA,9.83,NA,NA
1873-06-06 07:00:00,8.89,315,1,45,NA,1006.77,NA,NA,NA,NA,8.89,NA,1,NA
1873-06-06 14:00:00,13.33,315,1,90,NA,1009.14,NA,NA,NA,NA,12.78,NA,2,NA
1873-06-06 21:00:00,13.89,NA,NA,315,NA,1014.22,NA,NA,NA,NA,7.78,NA,1,NA
1873-06-07,NA,NA,NA,NA,NA,NA,NA,NA,NA,NA,NA,8.33,NA,NA
1873-06-07 07:00:00,8.89,315,1,315,NA,1017.27,NA,NA,NA,NA,6.11,NA,1,NA
1873-06-07 14:00:00,15.56,45,1,45,NA,1018.63,NA,NA,NA,NA,12.78,NA,2,NA
1873-06-07 21:00:00,13.89,NA,NA,45,NA,1019.3,NA,NA,NA,NA,6.11,NA,1,NA
1873-06-08,NA,NA,NA,NA,NA,NA,NA,NA,NA,NA,NA,5.94,NA,NA
1873-06-08 07:00:00,11.11,NA,NA,90,NA,1019.3,NA,NA,NA,NA,7.22,NA,1,NA
1873-06-08 14:00:00,15,NA,NA,45,NA,1022.01,NA,NA,NA,NA,7.78,NA,5,NA
1873-06-08 21:00:00,11.67,NA,NA,45,NA,1026.08,NA,NA,NA,NA,2.78,NA,5,NA
1873-06-09,NA,NA,NA,NA,NA,NA,NA,NA,NA,NA,NA,6,NA,NA
1873-06-09 07:00:00,9.17,135,2,45,NA,1028.78,NA,NA,NA,NA,3.06,NA,1,NA
1873-06-09 14:00:00,13.33,NA,NA,90,NA,1028.11,NA,NA,NA,NA,8.33,NA,2,NA
1873-06-09 21:00:00,7.78,NA,NA,90,NA,1027.09,NA,NA,NA,NA,6.67,NA,1,NA
1873-06-10,NA,NA,NA,NA,NA,NA,NA,NA,NA,NA,NA,15.28,NA,NA
1873-06-10 07:00:00,12.22,NA,NA,90,NA,1024.04,NA,NA,NA,NA,9.44,NA,1,",hz"
1873-06-10 14:00:00,17.78,225,3,225,NA,1023.03,NA,NA,NA,NA,21.67,NA,2,NA
1873-06-10 21:00:00,19.44,NA,NA,270,NA,1023.71,NA,NA,NA,NA,14.72,NA,2,NA
1873-06-11,NA,NA,NA,NA,NA,NA,2.79,NA,"11:00 am",NA,NA,13.5,NA,"snow"
1873-06-11 07:00:00,16.67,NA,NA,225,NA,1021.33,NA,NA,NA,NA,13.33,NA,1,",hz"
1873-06-11 14:00:00,18.89,NA,NA,225,NA,1017.61,NA,NA,NA,NA,17.22,NA,1,",hz"
1873-06-11 21:00:00,15.28,NA,NA,315,NA,1017.95,NA,NA,NA,NA,10,NA,5,",hz"
1873-06-12,NA,NA,NA,NA,NA,NA,2.03,NA,NA,NA,NA,12.67,NA,"misty rain"
1873-06-12 07:00:00,12.78,NA,NA,225,NA,1014.22,NA,NA,NA,NA,11.39,NA,1,NA
1873-06-12 14:00:00,17.22,NA,NA,247.5,NA,1012.53,NA,NA,NA,NA,15,NA,11,NA
1873-06-12 21:00:00,15.56,NA,NA,270,NA,1012.53,NA,NA,NA,NA,11.67,NA,5,",hz"
1873-06-13,NA,NA,NA,NA,NA,NA,0.23,"9:00 am",NA,NA,NA,8.33,NA,"misty rain"
1873-06-13 07:00:00,13.33,NA,NA,45,NA,1013.88,NA,NA,NA,NA,6.67,NA,1,",hz"
1873-06-13 14:00:00,16.11,45,2,45,NA,1017.27,NA,NA,NA,NA,10.56,NA,5,NA
1873-06-13 21:00:00,15.56,NA,NA,0,NA,1023.37,NA,NA,NA,NA,7.78,NA,1,NA
1873-06-14,NA,NA,NA,NA,NA,NA,NA,NA,NA,NA,NA,14.06,NA,NA
1873-06-14 07:00:00,13.33,NA,NA,270,NA,1023.37,NA,NA,NA,NA,15,NA,2,NA
1873-06-14 14:00:00,13.89,NA,NA,270,NA,1025.06,NA,NA,NA,NA,16.67,NA,11,NA
1873-06-14 21:00:00,10,NA,NA,315,NA,1026.08,NA,NA,NA,NA,10.56,NA,5,",hz"
1873-06-15,NA,NA,NA,NA,NA,NA,5.59,"8:30 pm","9:00 am",NA,NA,14.61,NA,NA
1873-06-15 07:00:00,12.22,NA,NA,270,NA,1027.77,NA,NA,NA,NA,14.44,NA,2,NA
1873-06-15 14:00:00,17.22,NA,NA,270,NA,1026.75,NA,NA,NA,NA,17.22,NA,1,NA
1873-06-15 21:00:00,19.17,NA,NA,NA,NA,1022.69,NA,NA,NA,NA,12.22,NA,0,NA
1873-06-16,NA,NA,NA,NA,NA,NA,0.23,"9:00 am",NA,NA,NA,11.78,NA,"misty rain"
1873-06-16 07:00:00,14.44,NA,NA,225,NA,1009.14,NA,NA,NA,NA,12.78,NA,5,NA
1873-06-16 14:00:00,15.83,NA,NA,315,NA,1004.74,NA,NA,NA,NA,12.78,NA,5,",fg"
1873-06-16 21:00:00,14.17,NA,NA,270,NA,1001.36,NA,NA,NA,NA,9.72,NA,1,NA
1873-06-17,NA,NA,NA,NA,NA,NA,3.56,"10:30 pm","12:00 pm",NA,NA,16.28,NA,"empty"
1873-06-17 07:00:00,12.78,NA,NA,247.5,NA,1000.34,NA,NA,NA,NA,15.56,NA,1,NA
1873-06-17 14:00:00,20.56,NA,NA,315,NA,1000,NA,NA,NA,NA,21.11,NA,11,NA
1873-06-17 21:00:00,18.89,NA,NA,270,NA,997.29,NA,NA,NA,NA,12.22,NA,2,",hz"
1873-06-18,NA,NA,NA,NA,NA,NA,1.02,"7:30 am",NA,NA,NA,9.89,NA,"misty"
1873-06-18 07:00:00,15,NA,NA,315,NA,987.81,NA,NA,NA,NA,10.28,NA,1,NA
1873-06-18 14:00:00,14.44,NA,NA,225,NA,984.76,NA,NA,NA,NA,12.78,NA,1,",hz"
1873-06-18 21:00:00,12.78,NA,NA,0,NA,989.84,NA,NA,NA,NA,6.67,NA,5,",hz"
1873-06-19,NA,NA,NA,NA,NA,NA,0.23,NA,NA,NA,NA,7.94,NA,"misty rain"
1873-06-19 07:00:00,12.22,NA,NA,45,NA,1000.68,NA,NA,NA,NA,7.22,NA,11,",hz"
1873-06-19 14:00:00,12.78,45,1,45,NA,1007.79,NA,NA,NA,NA,10,NA,5,NA
1873-06-19 21:00:00,11.67,NA,NA,45,NA,1012.53,NA,NA,NA,NA,6.67,NA,2,",hz"
1873-06-20,NA,NA,NA,NA,NA,NA,NA,NA,NA,NA,NA,7.61,NA,NA
1873-06-20 07:00:00,11.11,NA,NA,135,NA,1014.56,NA,NA,NA,NA,6.67,NA,2,",hz"
1873-06-20 14:00:00,12.78,NA,NA,90,NA,1014.56,NA,NA,NA,NA,10,NA,2,NA
1873-06-20 21:00:00,10.56,NA,NA,45,NA,1011.51,NA,NA,NA,NA,6.11,NA,2,",hz"
1873-06-21,NA,NA,NA,NA,NA,NA,0.23,NA,NA,NA,NA,7.61,NA,"misty rain"
1873-06-21 07:00:00,9.44,NA,NA,90,NA,1000.68,NA,NA,NA,NA,6.11,NA,2,",hz"
1873-06-21 14:00:00,11.67,NA,NA,90,NA,997.63,NA,NA,NA,NA,10.56,NA,1,",fg"
1873-06-21 21:00:00,11.11,NA,NA,315,NA,999.66,NA,NA,NA,NA,6.11,NA,1,NA
1873-06-22,NA,NA,NA,NA,NA,NA,2.29,"1:00 pm",NA,NA,NA,9.33,NA,"misty rain"
1873-06-22 07:00:00,10.56,NA,NA,315,NA,1000,NA,NA,NA,NA,10.83,NA,2,NA
1873-06-22 14:00:00,11.11,NA,NA,45,NA,1000,NA,NA,NA,NA,10.56,NA,2,",ra"
1873-06-22 21:00:00,11.11,NA,NA,315,NA,1011.85,NA,NA,NA,NA,6.67,NA,1,",hz"
1873-06-23,NA,NA,NA,NA,NA,NA,NA,NA,NA,NA,NA,8.89,NA,NA
1873-06-23 07:00:00,8.33,NA,NA,135,NA,1019.3,NA,NA,NA,NA,8.33,NA,1,",hz"
1873-06-23 14:00:00,12.78,NA,NA,90,NA,1021.33,NA,NA,NA,NA,11.11,NA,1,NA
1873-06-23 21:00:00,11.11,NA,2,90,"45",1021.67,NA,NA,NA,NA,7.22,NA,1,NA
1873-06-24,NA,NA,NA,NA,NA,NA,NA,NA,NA,NA,NA,8.61,NA,NA
1873-06-24 07:00:00,10,NA,NA,90,NA,1022.69,NA,NA,NA,NA,6.67,NA,1,",fg"
1873-06-24 14:00:00,14.44,45,1,90,NA,1023.03,NA,NA,NA,NA,10.56,NA,5,NA
1873-06-24 21:00:00,13.89,NA,NA,90,NA,1024.72,NA,NA,NA,NA,8.61,NA,1,NA
1873-06-25,NA,NA,NA,NA,NA,NA,NA,NA,NA,NA,NA,10.28,NA,NA
1873-06-25 07:00:00,11.11,NA,NA,90,NA,1026.08,NA,NA,NA,NA,10.28,NA,1,NA
1873-06-25 14:00:00,15,NA,NA,90,NA,1027.43,NA,NA,NA,NA,13.89,NA,2,NA
1873-06-25 21:00:00,12.78,NA,1,NA,"90",1027.43,NA,NA,NA,NA,6.67,NA,0,NA
1873-06-26,NA,NA,NA,NA,NA,NA,NA,NA,NA,NA,NA,15.17,NA,NA
1873-06-26 07:00:00,10.56,NA,NA,225,NA,1025.4,NA,NA,NA,NA,10,NA,5,NA
1873-06-26 14:00:00,20,NA,NA,270,NA,1021.33,NA,NA,NA,NA,21.11,NA,5,NA
1873-06-26 21:00:00,17.78,NA,NA,315,NA,1019.98,NA,NA,NA,NA,14.44,NA,5,NA
1873-06-27,NA,NA,NA,NA,NA,NA,NA,NA,NA,NA,NA,16.56,NA,NA
1873-06-27 07:00:00,14.44,270,1,225,NA,1015.92,NA,NA,NA,NA,15,NA,5,NA
1873-06-27 14:00:00,20.56,270,1,247.5,NA,1014.56,NA,NA,NA,NA,21.11,NA,5,NA
1873-06-27 21:00:00,18.89,NA,NA,247.5,NA,1014.9,NA,NA,NA,NA,13.61,NA,5,NA
1873-06-28,NA,NA,NA,NA,NA,NA,NA,NA,NA,NA,NA,17.22,NA,NA
1873-06-28 07:00:00,14.44,NA,NA,247.5,NA,1014.22,NA,NA,NA,NA,16.67,NA,2,NA
1873-06-28 14:00:00,20,NA,NA,247.5,NA,1011.85,NA,NA,NA,NA,20.56,NA,11,NA
1873-06-28 21:00:00,19.44,NA,NA,247.5,NA,1011.85,NA,NA,NA,NA,14.44,NA,2,NA
1873-06-29,NA,NA,NA,NA,NA,NA,3.81,"4:00 pm","12:00 pm",NA,NA,16.67,NA,NA
1873-06-29 07:00:00,16.67,270,1,247.5,NA,1012.19,NA,NA,NA,NA,16.67,NA,5,NA
1873-06-29 14:00:00,20.56,315,2,315,NA,1012.53,NA,NA,NA,NA,20,NA,2,NA
1873-06-29 21:00:00,17.22,NA,NA,315,NA,1014.56,NA,NA,NA,NA,13.33,NA,1,NA
1873-06-30,NA,NA,NA,NA,NA,NA,NA,NA,NA,NA,NA,19.61,NA,NA
1873-06-30 07:00:00,13.89,NA,NA,247.5,NA,1017.95,NA,NA,NA,NA,16.67,NA,5,NA
1873-06-30 14:00:00,23.89,NA,NA,247.5,NA,1023.03,NA,NA,NA,NA,23.89,NA,5,NA
1873-06-30 21:00:00,18.33,NA,NA,247.5,NA,1023.03,NA,NA,NA,NA,18.33,NA,5,NA
1873-07-01,NA,NA,NA,NA,NA,NA,NA,NA,NA,NA,NA,19.72,NA,NA
1873-07-01 07:00:00,17.78,270,2,247.5,NA,1026.75,NA,NA,NA,NA,17.22,NA,5,NA
1873-07-01 14:00:00,24.44,270,2,247.5,NA,1027.43,NA,NA,NA,NA,24.17,NA,11,NA
1873-07-01 21:00:00,18.89,NA,0,247.5,NA,1027.77,NA,NA,NA,NA,17.78,NA,5,NA
1873-07-02,NA,NA,NA,NA,NA,NA,NA,NA,NA,NA,NA,19.83,NA,NA
1873-07-02 07:00:00,20,NA,NA,247.5,NA,1026.75,NA,NA,NA,NA,18.89,NA,5,NA
1873-07-02 14:00:00,25,NA,NA,247.5,NA,1024.72,NA,NA,NA,NA,23.33,NA,11,NA
1873-07-02 21:00:00,21.11,NA,NA,247.5,NA,1023.71,NA,NA,NA,NA,17.22,NA,5,NA
1873-07-03,NA,NA,NA,NA,NA,NA,0.51,NA,NA,NA,NA,16.56,NA,"misty rain"
1873-07-03 07:00:00,18.89,NA,NA,225,NA,1018.63,NA,NA,NA,NA,17.5,NA,2,NA
1873-07-03 14:00:00,23.89,45,1,90,NA,1021,NA,NA,NA,NA,20.56,NA,5,NA
1873-07-03 21:00:00,12.78,NA,NA,225,NA,1023.71,NA,NA,NA,NA,11.67,NA,5,",hz"
1873-07-04,NA,NA,NA,NA,NA,NA,NA,NA,NA,NA,NA,16.83,NA,NA
1873-07-04 07:00:00,18.89,NA,NA,NA,NA,1024.04,NA,NA,NA,NA,13.33,NA,0,",hz"
1873-07-04 14:00:00,23.89,NA,NA,225,NA,1021.33,NA,NA,NA,NA,22.22,NA,2,NA
1873-07-04 21:00:00,15,NA,NA,135,NA,1017.61,NA,NA,NA,NA,15,NA,5,",hz"
1873-07-05,NA,NA,NA,NA,NA,NA,0.25,NA,NA,NA,NA,18.72,NA,"misty rain"
1873-07-05 07:00:00,20.56,NA,NA,225,NA,1012.53,NA,NA,NA,NA,16.67,NA,5,NA
1873-07-05 14:00:00,21.67,270,1,315,NA,1012.53,NA,NA,NA,NA,22.22,NA,2,NA
1873-07-05 21:00:00,18.33,NA,NA,NA,NA,1012.53,NA,NA,NA,NA,17.22,NA,NA,",hz"
1873-07-06 07:00:00,NA,NA,NA,NA,NA,NA,NA,NA,NA,NA,NA,NA,NA,NA
1873-07-06 14:00:00,NA,NA,NA,NA,NA,NA,NA,NA,NA,NA,NA,NA,NA,NA
1873-07-06 21:00:00,NA,NA,NA,NA,NA,NA,NA,NA,NA,NA,NA,NA,NA,NA
1873-07-07,NA,NA,NA,NA,NA,NA,7.62,NA,NA,NA,NA,15.83,NA,"misty rain"
1873-07-07 07:00:00,16.67,NA,NA,225,NA,1012.87,NA,NA,NA,NA,16.39,NA,2,NA
1873-07-07 14:00:00,23.33,NA,NA,270,NA,1012.87,NA,NA,NA,NA,19.44,NA,1,NA
1873-07-07 21:00:00,16.11,NA,NA,135,NA,1018.29,NA,NA,NA,NA,11.67,NA,1,NA
1873-07-08,NA,NA,NA,NA,NA,NA,0.23,"9:00 am",NA,NA,NA,10.17,NA,"misty rain"
1873-07-08 07:00:00,15.56,NA,NA,90,NA,1018.96,NA,NA,NA,NA,8.89,NA,5,",fg"
1873-07-08 14:00:00,16.67,NA,NA,90,NA,1018.96,NA,NA,NA,NA,11.11,NA,5,",hz"
1873-07-08 21:00:00,16.11,NA,NA,90,NA,1022.69,NA,NA,NA,NA,10.56,NA,2,",ra"
1873-07-09,NA,NA,NA,NA,NA,NA,0.51,NA,NA,NA,NA,11.5,NA,"misty rain"
1873-07-09 07:00:00,14.44,NA,NA,90,NA,1027.43,NA,NA,NA,NA,10,NA,2,",hz"
1873-07-09 14:00:00,16.11,NA,NA,90,NA,1027.43,NA,NA,NA,NA,14.17,NA,2,",hz"
1873-07-09 21:00:00,15.56,NA,NA,135,NA,1028.11,NA,NA,NA,NA,10.28,NA,2,",hz"
1873-07-10,NA,NA,NA,NA,NA,NA,NA,NA,NA,NA,NA,17.78,NA,NA
1873-07-10 07:00:00,15,NA,NA,135,NA,1025.4,NA,NA,NA,NA,14.44,NA,1,",hz"
1873-07-10 14:00:00,23.33,270,1,225,NA,1024.04,NA,NA,NA,NA,22.78,NA,16,NA
1873-07-10 21:00:00,16.11,NA,NA,225,NA,1020.66,NA,NA,NA,NA,16.11,NA,20,",hz"
1873-07-11,NA,NA,NA,NA,NA,NA,NA,NA,NA,NA,NA,20.17,NA,NA
1873-07-11 07:00:00,16.94,270,1,135,NA,1025.74,NA,NA,NA,NA,23.33,NA,1,NA
1873-07-11 14:00:00,21.11,NA,NA,45,NA,1027.77,NA,NA,NA,NA,18.33,NA,5,NA
1873-07-11 21:00:00,16.67,NA,NA,135,NA,1027.09,NA,NA,NA,NA,18.89,NA,1,NA
1873-07-12,NA,NA,NA,NA,NA,NA,2.29,"8:30 pm","12:00 pm",NA,NA,21.78,NA,"rain"
1873-07-12 07:00:00,19.44,270,1,225,NA,1024.72,NA,NA,NA,NA,22.78,NA,1,NA
1873-07-12 14:00:00,23.89,225,3,225,NA,1021.33,NA,NA,NA,NA,24.17,NA,5,NA
1873-07-12 21:00:00,20.56,NA,NA,180,NA,1016.93,NA,NA,NA,NA,18.33,NA,1,",ra"
1873-07-13,NA,NA,NA,NA,NA,NA,NA,NA,NA,NA,NA,14.28,NA,NA
1873-07-13 07:00:00,15,NA,NA,247.5,NA,1013.88,NA,NA,NA,NA,13.33,NA,11,",hz"
1873-07-13 14:00:00,17.78,270,1,270,NA,1013.21,NA,NA,NA,NA,17.22,NA,16,NA
1873-07-13 21:00:00,15,NA,NA,270,NA,1014.56,NA,NA,NA,NA,12.22,NA,5,",hz"
1873-07-14,NA,NA,NA,NA,NA,NA,0.25,"2:00 pm",NA,NA,NA,15.39,NA,"shower"
1873-07-14 07:00:00,13.89,NA,NA,247.5,NA,1011.18,NA,NA,NA,NA,17.22,NA,5,NA
1873-07-14 14:00:00,17.78,NA,NA,45,NA,1008.47,NA,NA,NA,NA,18.33,NA,5,",ra"
1873-07-14 21:00:00,14.44,NA,NA,315,NA,1010.5,NA,NA,NA,NA,10.56,NA,1,",hz"
1873-07-15,NA,NA,NA,NA,NA,NA,NA,NA,NA,NA,NA,10.56,NA,NA
1873-07-15 07:00:00,13.61,NA,NA,45,NA,1011.18,NA,NA,NA,NA,10.56,NA,2,NA
1873-07-15 14:00:00,15,NA,NA,45,NA,1011.18,NA,NA,NA,NA,11.67,NA,1,NA
1873-07-15 21:00:00,13.33,NA,NA,NA,NA,1011.18,NA,NA,NA,NA,9.44,NA,0,NA
1873-07-16,NA,NA,NA,NA,NA,NA,25.4,"8:30 am","continuous",NA,NA,10.44,NA,"rain"
1873-07-16 07:00:00,12.78,NA,NA,135,NA,1006.77,NA,NA,NA,NA,10,NA,2,NA
1873-07-16 14:00:00,13.89,NA,NA,135,NA,1003.39,NA,NA,NA,NA,8.61,NA,11,",ra"
1873-07-16 21:00:00,10,NA,NA,135,NA,998.98,NA,NA,NA,NA,12.78,NA,11,",hz"
1873-07-17,NA,NA,NA,NA,NA,NA,16.26,"9:00","continous",NA,NA,9,NA,"rain"
1873-07-17 07:00:00,12.78,NA,NA,45,NA,996.28,NA,NA,NA,NA,8.61,NA,11,",ra"
1873-07-17 14:00:00,10.28,NA,NA,90,NA,996.28,NA,NA,NA,NA,10,NA,5,",ra"
1873-07-17 21:00:00,12.22,NA,NA,45,NA,997.29,NA,NA,NA,NA,8.33,NA,11,",ra"
1873-07-18,NA,NA,NA,NA,NA,NA,NA,NA,NA,NA,NA,10.94,NA,NA
1873-07-18 07:00:00,12.22,270,2,247.5,NA,1005.08,NA,NA,NA,NA,10.56,NA,5,NA
1873-07-18 14:00:00,16.11,315,3,337.5,NA,1011.18,NA,NA,NA,NA,13.33,NA,11,NA
1873-07-18 21:00:00,13.33,NA,NA,337.5,NA,1017.61,NA,NA,NA,NA,8.89,NA,2,NA
1873-07-19,NA,NA,NA,NA,NA,NA,NA,NA,NA,NA,NA,13.78,NA,NA
1873-07-19 07:00:00,11.94,NA,NA,247.5,NA,1021.67,NA,NA,NA,NA,12.22,NA,1,NA
1873-07-19 14:00:00,17.22,315,1,90,NA,1021.67,NA,NA,NA,NA,17.5,NA,1,NA
1873-07-19 21:00:00,16.67,NA,NA,247.5,NA,1022.35,NA,NA,NA,NA,11.67,NA,2,NA
1873-07-20,NA,NA,NA,NA,NA,NA,8.13,"7:30 am","10:00 pm",NA,NA,16.11,NA,"heavy rain"
1873-07-20 07:00:00,13.89,270,1,247.5,NA,1022.01,NA,NA,NA,NA,16.94,NA,1,NA
1873-07-20 14:00:00,17.78,NA,NA,225,NA,1018.29,NA,NA,NA,NA,18.89,NA,2,",hz"
1873-07-20 21:00:00,15,NA,NA,135,NA,1014.22,NA,NA,NA,NA,12.5,NA,2,",fg"
1873-07-21,NA,NA,NA,NA,NA,NA,NA,NA,NA,NA,NA,16.94,NA,NA
1873-07-21 07:00:00,15,NA,NA,225,NA,1004.4,NA,NA,NA,NA,14.17,NA,11,NA
1873-07-21 14:00:00,19.44,NA,NA,247.5,NA,1006.43,NA,NA,NA,NA,19.44,NA,5,NA
1873-07-21 21:00:00,19.17,NA,NA,247.5,NA,1007.45,NA,NA,NA,NA,17.22,NA,1,NA
1873-07-22,NA,NA,NA,NA,NA,NA,3.81,"9:45 am","12:00 pm",NA,NA,12.39,NA,"rain"
1873-07-22 07:00:00,16.67,NA,NA,225,NA,1008.81,NA,NA,NA,NA,15.56,NA,1,NA
1873-07-22 14:00:00,16.94,NA,NA,90,NA,1009.48,NA,NA,NA,NA,10.56,NA,5,",ra"
1873-07-22 21:00:00,15,NA,NA,NA,NA,1011.85,NA,NA,NA,NA,11.11,NA,0,NA
1873-07-23,NA,NA,NA,NA,NA,NA,NA,NA,NA,NA,NA,15.67,NA,NA
1873-07-23 07:00:00,14.72,315,1,135,NA,1017.27,NA,NA,NA,NA,16.39,NA,1,NA
1873-07-23 14:00:00,18.33,NA,NA,90,NA,1017.27,NA,NA,NA,NA,19.44,NA,11,NA
1873-07-23 21:00:00,17.22,NA,NA,NA,NA,1016.59,NA,NA,NA,NA,11.11,NA,0,NA
1873-07-24,NA,NA,NA,NA,NA,NA,NA,NA,NA,NA,NA,18.78,NA,NA
1873-07-24 07:00:00,15.56,225,2,225,NA,1013.55,NA,NA,NA,NA,18.33,NA,2,NA
1873-07-24 14:00:00,22.22,NA,NA,247.5,NA,1011.51,NA,NA,NA,NA,22.78,NA,5,NA
1873-07-24 21:00:00,20,NA,NA,247.5,NA,1011.18,NA,NA,NA,NA,15.28,NA,2,NA
1873-07-25,NA,NA,NA,NA,NA,NA,6.35,"6:00 am","9:00 am",NA,NA,15.94,NA,NA
1873-07-25 07:00:00,18.06,NA,NA,247.5,NA,1008.47,NA,NA,NA,NA,15.56,NA,2,",fg"
1873-07-25 14:00:00,21.11,NA,NA,247.5,NA,1010.5,NA,NA,NA,NA,19.44,NA,5,NA
1873-07-25 21:00:00,18.89,NA,NA,315,NA,1015.24,NA,NA,NA,NA,18.33,NA,5,NA
1873-07-26,NA,NA,NA,NA,NA,NA,NA,NA,NA,NA,NA,17.11,NA,NA
1873-07-26 07:00:00,16.11,270,1,247.5,NA,1021,NA,NA,NA,NA,15,NA,2,NA
1873-07-26 14:00:00,20.28,270,2,270,NA,1022.01,NA,NA,NA,NA,20.83,NA,5,NA
1873-07-26 21:00:00,19.44,NA,NA,270,NA,1018.96,NA,NA,NA,NA,15.56,NA,2,",hz"
1873-07-27,NA,NA,NA,NA,NA,NA,NA,NA,NA,NA,NA,19.33,NA,NA
1873-07-27 07:00:00,18.89,NA,NA,270,NA,1021,NA,NA,NA,NA,17.22,NA,5,",hz"
1873-07-27 14:00:00,22.5,270,2,270,NA,1020.32,NA,NA,NA,NA,23.33,NA,5,NA
1873-07-27 21:00:00,21.11,NA,NA,315,NA,1020.66,NA,NA,NA,NA,17.5,NA,2,",hz"
1873-07-28,NA,NA,NA,NA,NA,NA,NA,NA,NA,NA,NA,16.5,NA,NA
1873-07-28 07:00:00,18.89,NA,NA,247.5,NA,1021.33,NA,NA,NA,NA,17.78,NA,2,",hz"
1873-07-28 14:00:00,21.67,NA,NA,NA,NA,1022.01,NA,NA,NA,NA,21.67,NA,0,",hz"
1873-07-28 21:00:00,17.78,NA,NA,45,NA,1025.06,NA,NA,NA,NA,10,NA,1,NA
1873-07-29,NA,NA,NA,NA,NA,NA,NA,NA,NA,NA,NA,15.56,NA,NA
1873-07-29 07:00:00,14.44,NA,NA,135,NA,1027.77,NA,NA,NA,NA,17.22,NA,1,NA
1873-07-29 14:00:00,19.72,NA,NA,135,NA,1028.45,NA,NA,NA,NA,17.78,NA,2,NA
1873-07-29 21:00:00,16.67,NA,NA,90,NA,1028.78,NA,NA,NA,NA,11.67,NA,1,NA
1873-07-30,NA,NA,NA,NA,NA,NA,NA,NA,NA,NA,NA,14.61,NA,NA
1873-07-30 07:00:00,14.44,NA,NA,180,NA,1028.11,NA,NA,NA,NA,11.11,NA,1,NA
1873-07-30 14:00:00,18.61,270,1,225,NA,1025.4,NA,NA,NA,NA,19.17,NA,5,NA
1873-07-30 21:00:00,16.67,NA,NA,225,NA,1024.04,NA,NA,NA,NA,13.61,NA,5,NA
1873-07-31,NA,NA,NA,NA,NA,NA,NA,NA,NA,NA,NA,18.89,NA,NA
1873-07-31 07:00:00,17.78,NA,NA,225,NA,1018.63,NA,NA,NA,NA,17.22,NA,2,NA
1873-07-31 14:00:00,23.33,NA,NA,247.5,NA,1019.3,NA,NA,NA,NA,23.61,NA,2,NA
1873-07-31 21:00:00,21.67,NA,NA,45,NA,1023.03,NA,NA,NA,NA,15.83,NA,5,",fg"
1873-08-01,NA,NA,NA,NA,NA,NA,6.86,"night",NA,NA,NA,15.39,NA,NA
1873-08-01 07:00:00,18.89,NA,NA,90,NA,1026.08,NA,NA,NA,NA,14.72,NA,1,NA
1873-08-01 14:00:00,20,NA,NA,135,NA,1026.08,NA,NA,NA,NA,19.17,NA,2,NA
1873-08-01 21:00:00,17.78,NA,NA,NA,NA,1026.08,NA,NA,NA,NA,12.22,NA,0,NA
1873-08-02,NA,NA,NA,NA,NA,NA,40.89,"9:00 am","8:00 am",NA,NA,16.11,NA,NA
1873-08-02 07:00:00,16.67,NA,NA,NA,NA,1018.96,NA,NA,NA,NA,12.78,NA,0,",fg"
1873-08-02 14:00:00,18.33,NA,NA,180,NA,1015.92,NA,NA,NA,NA,18.33,NA,1,NA
1873-08-02 21:00:00,20,NA,NA,270,NA,1015.92,NA,NA,NA,NA,17.22,NA,1,NA
1873-08-03,NA,NA,NA,NA,NA,NA,0.23,"9:00 am",NA,NA,NA,19.83,NA,NA
1873-08-03 07:00:00,18.89,NA,NA,270,NA,1016.93,NA,NA,NA,NA,17.22,NA,1,NA
1873-08-03 14:00:00,24.44,270,1,270,NA,1017.27,NA,NA,NA,NA,23.89,NA,5,NA
1873-08-03 21:00:00,22.22,NA,NA,270,NA,1015.92,NA,NA,NA,NA,18.33,NA,2,",hz"
1873-08-04,NA,NA,NA,NA,NA,NA,2.29,"4:00 pm","5:00 pm",NA,NA,18.61,NA,NA
1873-08-04 07:00:00,19.44,NA,NA,247.5,NA,1015.58,NA,NA,NA,NA,18.33,NA,2,NA
1873-08-04 14:00:00,23.33,NA,NA,247.5,NA,1014.56,NA,NA,NA,NA,23.33,NA,5,",hz"
1873-08-04 21:00:00,20.56,NA,NA,315,NA,1015.58,NA,NA,NA,NA,14.17,NA,11,NA
1873-08-05,NA,NA,NA,NA,NA,NA,NA,NA,NA,NA,NA,10.39,NA,NA
1873-08-05 07:00:00,15.83,NA,NA,45,NA,1019.3,NA,NA,NA,NA,10,NA,11,",hz"
1873-08-05 14:00:00,16.11,NA,NA,45,NA,1020.66,NA,NA,NA,NA,13.06,NA,5,",hz"
1873-08-05 21:00:00,15,NA,NA,45,NA,1022.01,NA,NA,NA,NA,8.06,NA,1,",hz"
1873-08-06,NA,NA,NA,NA,NA,NA,NA,NA,NA,NA,NA,13.33,NA,NA
1873-08-06 07:00:00,12.22,NA,NA,135,NA,1022.69,NA,NA,NA,NA,13.06,NA,1,NA
1873-08-06 14:00:00,16.67,NA,NA,135,NA,1023.71,NA,NA,NA,NA,16.11,NA,2,NA
1873-08-06 21:00:00,15,NA,NA,225,NA,1024.04,NA,NA,NA,NA,10.83,NA,1,NA
1873-08-07,NA,NA,NA,NA,NA,NA,NA,NA,NA,NA,NA,15.17,NA,NA
1873-08-07 07:00:00,13.61,NA,NA,135,NA,1024.04,NA,NA,NA,NA,16.11,NA,1,NA
1873-08-07 14:00:00,20,NA,NA,135,NA,1022.69,NA,NA,NA,NA,18.33,NA,2,NA
1873-08-07 21:00:00,15.56,NA,NA,135,NA,1019.64,NA,NA,NA,NA,11.11,NA,1,NA
1873-08-08,NA,NA,NA,NA,NA,NA,0.23,"7:00 pm",NA,NA,NA,15.72,NA,"misty rain"
1873-08-08 07:00:00,12.78,0,2,225,NA,1013.88,NA,NA,NA,NA,15,NA,1,NA
1873-08-08 14:00:00,16.67,NA,NA,315,NA,1013.55,NA,NA,NA,NA,17.22,NA,5,",hz"
1873-08-08 21:00:00,16.11,NA,NA,225,NA,1012.19,NA,NA,NA,NA,15,NA,5,",hz"
1873-08-09,NA,NA,NA,NA,NA,NA,0.23,"7:00 am",NA,NA,NA,17.33,NA,"empty"
1873-08-09 07:00:00,17.22,NA,NA,225,NA,1014.22,NA,NA,NA,NA,16.39,NA,1,NA
1873-08-09 14:00:00,19.44,NA,NA,225,NA,1014.56,NA,NA,NA,NA,20,NA,2,NA
1873-08-09 21:00:00,18.33,NA,NA,225,NA,1016.93,NA,NA,NA,NA,15.56,NA,2,NA
1873-08-10,NA,NA,NA,NA,NA,NA,NA,NA,NA,NA,NA,18.06,NA,NA
1873-08-10 07:00:00,18.06,NA,NA,247.5,NA,1014.56,NA,NA,NA,NA,17.5,NA,1,NA
1873-08-10 14:00:00,21.67,270,2,270,NA,1014.9,NA,NA,NA,NA,21.67,NA,5,NA
1873-08-10 21:00:00,18.06,NA,NA,270,NA,1015.58,NA,NA,NA,NA,13.89,NA,2,NA
1873-08-11,NA,NA,NA,NA,NA,NA,NA,NA,NA,NA,NA,16.83,NA,NA
1873-08-11 07:00:00,16.11,270,3,270,NA,1017.61,NA,NA,NA,NA,17.22,NA,5,NA
1873-08-11 14:00:00,20,315,3,315,NA,1018.29,NA,NA,NA,NA,19.44,NA,5,NA
1873-08-11 21:00:00,17.5,NA,NA,180,NA,1019.3,NA,NA,NA,NA,13.89,NA,1,NA
1873-08-12,NA,NA,NA,NA,NA,NA,NA,NA,NA,NA,NA,15.72,NA,NA
1873-08-12 07:00:00,15.28,NA,NA,180,NA,1020.66,NA,NA,NA,NA,16.67,NA,1,NA
1873-08-12 14:00:00,19.72,225,1,90,NA,1022.69,NA,NA,NA,NA,17.78,NA,2,NA
1873-08-12 21:00:00,17.22,NA,NA,180,NA,1024.38,NA,NA,NA,NA,12.78,NA,1,NA
1873-08-13,NA,NA,NA,NA,NA,NA,NA,NA,NA,NA,NA,18.17,NA,NA
1873-08-13 07:00:00,15.56,NA,NA,225,NA,1026.08,NA,NA,NA,NA,17.22,NA,1,NA
1873-08-13 14:00:00,22.22,NA,NA,270,NA,1025.4,NA,NA,NA,NA,21.67,NA,5,NA
1873-08-13 21:00:00,18.89,NA,NA,270,NA,1024.72,NA,NA,NA,NA,15.56,NA,1,NA
1873-08-14,NA,NA,NA,NA,NA,NA,NA,NA,NA,NA,NA,18.44,NA,NA
1873-08-14 07:00:00,17.22,270,1,247.5,NA,1024.72,NA,NA,NA,NA,17.22,NA,2,NA
1873-08-14 14:00:00,25,NA,NA,247.5,NA,1024.72,NA,NA,NA,NA,20.56,NA,2,NA
1873-08-14 21:00:00,20.56,NA,NA,270,NA,1024.72,NA,NA,NA,NA,17.5,NA,1,NA
1873-08-15,NA,NA,NA,NA,NA,NA,NA,NA,NA,NA,NA,19.61,NA,NA
1873-08-15 07:00:00,18.33,NA,NA,270,NA,1024.72,NA,NA,NA,NA,19.17,NA,2,NA
1873-08-15 14:00:00,25,NA,NA,315,NA,1022.69,NA,NA,NA,NA,24.72,NA,5,NA
1873-08-15 21:00:00,21.11,NA,NA,315,NA,1022.69,NA,NA,NA,NA,15,NA,2,NA
1873-08-16,NA,NA,NA,NA,NA,NA,1.02,"8:00 am",NA,NA,NA,20.83,NA,"misty rain"
1873-08-16 07:00:00,21.11,NA,NA,247.5,NA,1023.71,NA,NA,NA,NA,19.44,NA,1,NA
1873-08-16 14:00:00,23.89,270,1,247.5,NA,1024.38,NA,NA,NA,NA,24.17,NA,11,NA
1873-08-16 21:00:00,23.89,NA,NA,270,NA,1023.03,NA,NA,NA,NA,18.89,NA,2,NA
1873-08-17,NA,NA,NA,NA,NA,NA,NA,NA,NA,NA,NA,20.94,NA,NA
1873-08-17 07:00:00,21.11,270,3,247.5,NA,1020.66,NA,NA,NA,NA,19.44,NA,5,NA
1873-08-17 14:00:00,23.89,270,3,270,NA,1020.66,NA,NA,NA,NA,24.44,NA,5,NA
1873-08-17 21:00:00,21.11,NA,NA,270,NA,1020.66,NA,NA,NA,NA,18.89,NA,2,NA
1873-08-18,NA,NA,NA,NA,NA,NA,NA,NA,NA,NA,NA,18.89,NA,NA
1873-08-18 07:00:00,18.06,NA,NA,247.5,NA,1024.04,NA,NA,NA,NA,18.89,NA,2,NA
1873-08-18 14:00:00,19.44,270,2,270,NA,1027.09,NA,NA,NA,NA,22.5,NA,2,NA
1873-08-18 21:00:00,18.06,NA,NA,45,NA,1031.49,NA,NA,NA,NA,15.28,NA,5,NA
1873-08-19,NA,NA,NA,NA,NA,NA,NA,NA,NA,NA,NA,13.89,NA,NA
1873-08-19 07:00:00,17.78,NA,NA,45,NA,1031.83,NA,NA,NA,NA,12.78,NA,2,",hz"
1873-08-19 14:00:00,18.06,270,1,90,NA,1031.49,NA,NA,NA,NA,15,NA,2,NA
1873-08-19 21:00:00,17.78,NA,NA,135,NA,1030.48,NA,NA,NA,NA,13.89,NA,1,",hz"
1873-08-20,NA,NA,NA,NA,NA,NA,5.59,"9:30 am",NA,NA,NA,14.83,NA,NA
1873-08-20 07:00:00,17.22,NA,NA,0,NA,1026.75,NA,NA,NA,NA,13.89,NA,11,",fg"
1873-08-20 14:00:00,17.22,NA,NA,45,NA,1024.04,NA,NA,NA,NA,15.56,NA,5,",fg"
1873-08-20 21:00:00,15,NA,NA,90,NA,1024.04,NA,NA,NA,NA,15,NA,5,",ra"
1873-08-21,NA,NA,NA,NA,NA,NA,0.25,NA,NA,NA,NA,13.17,NA,"misty rain"
1873-08-21 07:00:00,14.72,NA,NA,0,NA,1025.4,NA,NA,NA,NA,12.78,NA,5,",ra"
1873-08-21 14:00:00,16.11,NA,NA,45,NA,1025.4,NA,NA,NA,NA,14.44,NA,5,",fg"
1873-08-21 21:00:00,15,NA,NA,135,NA,1026.08,NA,NA,NA,NA,12.22,NA,1,",fg"
1873-08-22,NA,NA,NA,NA,NA,NA,NA,NA,NA,NA,NA,12.94,NA,NA
1873-08-22 07:00:00,14.72,NA,NA,135,NA,1025.06,NA,NA,NA,NA,12.78,NA,2,",ra"
1873-08-22 14:00:00,20.56,NA,NA,135,NA,1024.04,NA,NA,NA,NA,13.89,NA,2,",ra"
1873-08-22 21:00:00,17.78,NA,NA,225,NA,1022.69,NA,NA,NA,NA,12.22,NA,1,",fg"
1873-08-23,NA,NA,NA,NA,NA,NA,NA,NA,NA,NA,NA,13.89,NA,NA
1873-08-23 07:00:00,18.06,0,1,135,NA,1019.3,NA,NA,NA,NA,12.78,NA,2,NA
1873-08-23 14:00:00,16.67,NA,NA,90,NA,1017.95,NA,NA,NA,NA,15.56,NA,5,NA
1873-08-23 21:00:00,16.67,NA,NA,135,NA,1015.92,NA,NA,NA,NA,13.33,NA,11,NA
1873-08-24,NA,NA,NA,NA,NA,NA,2.54,"10:30 pm",NA,NA,NA,15.72,NA,NA
1873-08-24 07:00:00,16.11,NA,NA,135,NA,1014.56,NA,NA,NA,NA,17.78,NA,20,NA
1873-08-24 14:00:00,17.22,90,3,135,NA,1015.58,NA,NA,NA,NA,16.67,NA,20,NA
1873-08-24 21:00:00,16.11,NA,NA,135,NA,1015.58,NA,NA,NA,NA,12.78,NA,20,",fg"
1873-08-25,NA,NA,NA,NA,NA,NA,3.05,NA,NA,NA,NA,14.06,NA,"continuous showers"
1873-08-25 07:00:00,16.94,NA,NA,135,NA,1008.13,NA,NA,NA,NA,15,NA,11,NA
1873-08-25 14:00:00,17.22,NA,NA,225,NA,1002.37,NA,NA,NA,NA,15.56,NA,11,NA
1873-08-25 21:00:00,14.44,NA,NA,225,NA,1001.69,NA,NA,NA,NA,11.67,NA,5,",fg"
1873-08-26,NA,NA,NA,NA,NA,NA,0.25,"9:00 pm",NA,NA,NA,14.44,NA,"misty rain"
1873-08-26 07:00:00,15,NA,NA,247.5,NA,1001.36,NA,NA,NA,NA,15.28,NA,11,NA
1873-08-26 14:00:00,17.22,NA,NA,247.5,NA,1001.69,NA,NA,NA,NA,15.83,NA,11,",ra"
1873-08-26 21:00:00,15.56,NA,NA,247.5,NA,1004.4,NA,NA,NA,NA,12.22,NA,1,",ra"
1873-08-27,NA,NA,NA,NA,NA,NA,NA,NA,NA,NA,NA,13.22,NA,NA
1873-08-27 07:00:00,13.89,NA,NA,225,NA,1005.76,NA,NA,NA,NA,12.78,NA,5,",hz"
1873-08-27 14:00:00,20,NA,NA,247.5,NA,1007.45,NA,NA,NA,NA,15,NA,11,",hz"
1873-08-27 21:00:00,17.22,NA,NA,225,NA,1010.16,NA,NA,NA,NA,11.39,NA,2,",hz"
1873-08-28,NA,NA,NA,NA,NA,NA,NA,NA,NA,NA,NA,13.44,NA,NA
1873-08-28 07:00:00,13.33,NA,NA,315,NA,1015.58,NA,NA,NA,NA,12.78,NA,5,NA
1873-08-28 14:00:00,16.11,NA,NA,315,NA,1017.27,NA,NA,NA,NA,15.28,NA,5,",hz"
1873-08-28 21:00:00,14.44,NA,NA,NA,NA,1019.98,NA,NA,NA,NA,12.22,NA,0,NA
1873-08-29,NA,NA,NA,NA,NA,NA,NA,NA,NA,NA,NA,13.72,NA,NA
1873-08-29 07:00:00,13.33,NA,NA,247.5,NA,1019.98,NA,NA,NA,NA,10.56,NA,5,NA
1873-08-29 14:00:00,16.11,NA,NA,247.5,NA,1019.3,NA,NA,NA,NA,19.44,NA,5,NA
1873-08-29 21:00:00,14.44,NA,NA,45,NA,1021.67,NA,NA,NA,NA,11.11,NA,1,NA
1873-08-30,NA,NA,NA,NA,NA,NA,NA,NA,NA,NA,NA,14.89,NA,NA
1873-08-30 07:00:00,12.78,NA,NA,NA,NA,1021.67,NA,NA,NA,NA,10,NA,0,NA
1873-08-30 14:00:00,22.22,270,1,247.5,NA,1021,NA,NA,NA,NA,20,NA,5,NA
1873-08-30 21:00:00,18.33,NA,NA,270,NA,1017.61,NA,NA,NA,NA,14.72,NA,5,NA
1873-08-31,NA,NA,NA,NA,NA,NA,NA,NA,NA,NA,NA,17.06,NA,NA
1873-08-31 07:00:00,16.67,270,2,270,NA,1011.85,NA,NA,NA,NA,17.22,NA,5,NA
1873-08-31 14:00:00,20.56,270,1,247.5,NA,1010.5,NA,NA,NA,NA,19.44,NA,5,NA
1873-08-31 21:00:00,16.67,NA,NA,247.5,NA,1009.14,NA,NA,NA,NA,14.44,NA,5,NA
1873-09-01,NA,NA,NA,NA,NA,NA,NA,NA,NA,NA,NA,14.56,NA,NA
1873-09-01 07:00:00,15,315,2,247.5,NA,1011.85,NA,NA,NA,NA,13.89,NA,2,NA
1873-09-01 14:00:00,21.11,315,2,45,NA,1014.22,NA,NA,NA,NA,18.89,NA,2,NA
1873-09-01 21:00:00,16.11,NA,NA,90,NA,1019.3,NA,NA,NA,NA,10.83,NA,1,NA
1873-09-02,NA,NA,NA,NA,NA,NA,11.68,"9:00 am",NA,NA,NA,14.83,NA,"shower"
1873-09-02 07:00:00,14.72,NA,NA,135,NA,1015.58,NA,NA,NA,NA,12.78,NA,2,NA
1873-09-02 14:00:00,16.11,NA,NA,247.5,NA,1007.79,NA,NA,NA,NA,16.94,NA,5,NA
1873-09-02 21:00:00,17.78,NA,NA,225,NA,1008.47,NA,NA,NA,NA,14.72,NA,2,NA
1873-09-03,NA,NA,NA,NA,NA,NA,NA,NA,NA,NA,NA,13.17,NA,NA
1873-09-03 07:00:00,15.83,270,1,270,NA,1007.11,NA,NA,NA,NA,12.22,NA,1,NA
1873-09-03 14:00:00,19.44,270,1,247.5,NA,1004.06,NA,NA,NA,NA,15,NA,5,NA
1873-09-03 21:00:00,16.11,NA,1,270,"270",1005.08,NA,NA,NA,NA,12.22,NA,2,NA
1873-09-04,NA,NA,NA,NA,NA,NA,NA,NA,NA,NA,NA,11.78,NA,NA
1873-09-04 07:00:00,13.33,270,2,315,NA,1010.16,NA,NA,NA,NA,11.11,NA,5,NA
1873-09-04 14:00:00,16.11,270,2,315,NA,1015.92,NA,NA,NA,NA,15,NA,11,NA
1873-09-04 21:00:00,14.44,NA,NA,0,NA,1023.37,NA,NA,NA,NA,9.17,NA,1,NA
1873-09-05,NA,NA,NA,NA,NA,NA,16.51,"9:00 am",NA,NA,NA,12.5,NA,"heavy rain"
1873-09-05 07:00:00,12.78,NA,NA,180,NA,1027.43,NA,NA,NA,NA,10,NA,1,NA
1873-09-05 14:00:00,14.44,NA,NA,225,NA,1025.06,NA,NA,NA,NA,12.78,NA,5,",ra"
1873-09-05 21:00:00,15.83,NA,1,225,"270",1020.66,NA,NA,NA,NA,14.72,NA,20,NA
1873-09-06,NA,NA,NA,NA,NA,NA,12.19,NA,NA,NA,NA,16.5,NA,"continuous shower"
1873-09-06 07:00:00,17.22,NA,NA,225,NA,1017.95,NA,NA,NA,NA,16.11,NA,16,NA
1873-09-06 14:00:00,18.33,NA,NA,225,NA,1014.22,NA,NA,NA,NA,18.89,NA,5,",ra"
1873-09-06 21:00:00,17.5,NA,NA,225,NA,1013.21,NA,NA,NA,NA,14.44,NA,1,NA
1873-09-07,NA,NA,NA,NA,NA,NA,0.23,NA,NA,NA,NA,12.67,NA,"misty rain"
1873-09-07 07:00:00,14.44,NA,NA,315,NA,1015.24,NA,NA,NA,NA,12.78,NA,5,",hz"
1873-09-07 14:00:00,17.22,315,2,315,NA,1017.95,NA,NA,NA,NA,15.56,NA,5,NA
1873-09-07 21:00:00,14.44,NA,NA,45,NA,1024.04,NA,NA,NA,NA,9.72,NA,2,",hz"
1873-09-08,NA,NA,NA,NA,NA,NA,0.25,NA,NA,NA,NA,12.22,NA,"misty rain"
1873-09-08 07:00:00,12.78,315,1,NA,NA,1026.75,NA,NA,NA,NA,10.56,NA,0,NA
1873-09-08 14:00:00,15.56,NA,NA,135,NA,1026.75,NA,NA,NA,NA,14.72,NA,1,",hz"
1873-09-08 21:00:00,13.33,NA,NA,247.5,NA,1025.06,NA,NA,NA,NA,11.39,NA,1,",hz"
1873-09-09,NA,NA,NA,NA,NA,NA,NA,NA,NA,NA,NA,12.11,NA,NA
1873-09-09 07:00:00,12.22,NA,NA,315,NA,1025.06,NA,NA,NA,NA,10.28,NA,1,NA
1873-09-09 14:00:00,15.56,0,1,45,NA,1028.11,NA,NA,NA,NA,14.44,NA,2,",hz"
1873-09-09 21:00:00,14.44,NA,NA,NA,NA,1030.48,NA,NA,NA,NA,11.67,NA,0,",hz"
1873-09-10,NA,NA,NA,NA,NA,NA,NA,NA,NA,NA,NA,11.78,NA,NA
1873-09-10 07:00:00,11.67,NA,NA,225,NA,1031.16,NA,NA,NA,NA,8.89,NA,1,NA
1873-09-10 14:00:00,18.89,NA,NA,247.5,NA,1031.49,NA,NA,NA,NA,15.28,NA,2,NA
1873-09-10 21:00:00,14.72,NA,NA,270,NA,1031.49,NA,NA,NA,NA,11.11,NA,2,NA
1873-09-11,NA,NA,NA,NA,NA,NA,NA,NA,NA,NA,NA,12.78,NA,NA
1873-09-11 07:00:00,12.22,270,1,270,NA,1030.48,NA,NA,NA,NA,11.11,NA,1,NA
1873-09-11 14:00:00,19.17,270,1,270,NA,1028.78,NA,NA,NA,NA,16.39,NA,5,NA
1873-09-11 21:00:00,14.44,NA,NA,270,NA,1026.08,NA,NA,NA,NA,10.83,NA,1,NA
1873-09-12,NA,NA,NA,NA,NA,NA,NA,NA,NA,NA,NA,14.83,NA,NA
1873-09-12 07:00:00,13.33,270,1,NA,NA,1021.67,NA,NA,NA,NA,11.11,NA,0,NA
1873-09-12 14:00:00,21.67,270,2,225,NA,1018.63,NA,NA,NA,NA,18.33,NA,2,NA
1873-09-12 21:00:00,17.78,NA,NA,270,NA,1017.95,NA,NA,NA,NA,15,NA,2,NA
1873-09-13,NA,NA,NA,NA,NA,NA,NA,NA,NA,NA,NA,15,NA,NA
1873-09-13 07:00:00,16.67,NA,NA,225,NA,1019.64,NA,NA,NA,NA,13.89,NA,1,",hz"
1873-09-13 14:00:00,20.56,NA,NA,90,NA,1019.64,NA,NA,NA,NA,16.67,NA,1,NA
1873-09-13 21:00:00,17.78,NA,NA,247.5,NA,1018.29,NA,NA,NA,NA,14.44,NA,2,",ra"
1873-09-14,NA,NA,NA,NA,NA,NA,0.23,NA,NA,NA,NA,18.61,NA,"misty rain"
1873-09-14 07:00:00,17.22,NA,NA,225,NA,1014.9,NA,NA,NA,NA,15.28,NA,2,",hz"
1873-09-14 14:00:00,25,NA,NA,225,NA,1012.19,NA,NA,NA,NA,22.22,NA,2,NA
1873-09-14 21:00:00,20.56,NA,NA,247.5,NA,1012.19,NA,NA,NA,NA,18.33,NA,2,",ra"
1873-09-15,NA,NA,NA,NA,NA,NA,0.23,NA,NA,NA,NA,17.11,NA,"misty rain"
1873-09-15 07:00:00,18.89,NA,NA,225,NA,1013.55,NA,NA,NA,NA,17.5,NA,2,",ra"
1873-09-15 14:00:00,19.44,NA,NA,225,NA,1014.22,NA,NA,NA,NA,18.89,NA,2,",hz"
1873-09-15 21:00:00,18.89,NA,NA,247.5,NA,1015.24,NA,NA,NA,NA,15,NA,1,",hz"
1873-09-16,NA,NA,NA,NA,NA,NA,0.25,NA,NA,NA,NA,9.61,NA,"misty rain"
1873-09-16 07:00:00,16.11,45,1,45,NA,1022.69,NA,NA,NA,NA,8.61,NA,5,NA
1873-09-16 14:00:00,15.83,NA,NA,45,NA,1023.71,NA,NA,NA,NA,11.39,NA,2,",hz"
1873-09-16 21:00:00,14.44,NA,NA,45,NA,1022.69,NA,NA,NA,NA,8.89,NA,5,",hz"
1873-09-17,NA,NA,NA,NA,NA,NA,4.83,"8:00 pm",NA,NA,NA,12.39,NA,"heavy rain"
1873-09-17 07:00:00,13.89,NA,NA,90,NA,1019.98,NA,NA,NA,NA,11.67,NA,1,",hz"
1873-09-17 14:00:00,16.11,NA,NA,270,NA,1016.93,NA,NA,NA,NA,13.89,NA,1,NA
1873-09-17 21:00:00,13.89,NA,NA,270,NA,1015.24,NA,NA,NA,NA,11.67,NA,1,",ra"
1873-09-18,NA,NA,NA,NA,NA,NA,2.29,"am","pm",NA,NA,10.67,NA,"rain"
1873-09-18 07:00:00,11.67,NA,NA,270,NA,1016.93,NA,NA,NA,NA,10.56,NA,1,NA
1873-09-18 14:00:00,15.56,NA,NA,315,NA,1019.3,NA,NA,NA,NA,12.78,NA,1,NA
1873-09-18 21:00:00,13.33,NA,NA,45,NA,1022.69,NA,NA,NA,NA,8.61,NA,2,",ra"
1873-09-19,NA,NA,NA,NA,NA,NA,NA,NA,NA,NA,NA,9.06,NA,NA
1873-09-19 07:00:00,13.33,NA,NA,NA,NA,1025.4,NA,NA,NA,NA,7.5,NA,0,",hz"
1873-09-19 14:00:00,14.17,NA,NA,135,NA,1026.75,NA,NA,NA,NA,10.56,NA,1,",hz"
1873-09-19 21:00:00,13.33,NA,NA,NA,NA,1026.75,NA,NA,NA,NA,9.17,NA,0,NA
1873-09-20,NA,NA,NA,NA,NA,NA,11.43,"2:30 pm",NA,NA,NA,13.17,NA,"shower"
1873-09-20 07:00:00,12.22,NA,NA,NA,NA,1023.71,NA,NA,NA,NA,8.33,NA,0,NA
1873-09-20 14:00:00,15.56,NA,NA,225,NA,1018.63,NA,NA,NA,NA,14.44,NA,5,",ra"
1873-09-20 21:00:00,17.78,NA,NA,225,NA,1010.16,NA,NA,NA,NA,16.67,NA,27,NA
1873-09-21,NA,NA,NA,NA,NA,NA,0.23,NA,NA,NA,NA,13.17,NA,"misty rain"
1873-09-21 07:00:00,25,NA,NA,225,NA,1003.05,NA,NA,NA,NA,16.67,NA,5,",ra"
1873-09-21 14:00:00,17.78,NA,NA,315,NA,1006.43,NA,NA,NA,NA,13.89,NA,11,NA
1873-09-21 21:00:00,15,NA,NA,315,NA,1012.87,NA,NA,NA,NA,8.89,NA,5,NA
1873-09-22,NA,NA,NA,NA,NA,NA,NA,NA,NA,NA,NA,6.39,NA,NA
1873-09-22 07:00:00,11.67,NA,NA,45,NA,1027.77,NA,NA,NA,NA,6.67,NA,1,NA
1873-09-22 14:00:00,12.78,NA,NA,90,NA,1032.51,NA,NA,NA,NA,9.17,NA,2,",hz"
1873-09-22 21:00:00,11.11,NA,NA,NA,NA,1032.85,NA,NA,NA,NA,3.33,NA,0,",hz"
1873-09-23,NA,NA,NA,NA,NA,NA,NA,NA,NA,NA,NA,7.78,NA,NA
1873-09-23 07:00:00,9.72,NA,NA,NA,NA,1033.53,NA,NA,NA,NA,5.56,NA,0,",hz"
1873-09-23 14:00:00,12.78,NA,NA,225,NA,1032.17,NA,NA,NA,NA,10.83,NA,1,",ra"
1873-09-23 21:00:00,11.94,NA,NA,270,NA,1030.82,NA,NA,NA,NA,6.94,NA,1,",hz"
1873-09-24,NA,NA,NA,NA,NA,NA,11.94,"12:00 pm",NA,NA,NA,10.44,NA,"rain"
1873-09-24 07:00:00,10.56,NA,NA,45,NA,1030.48,NA,NA,NA,NA,7.78,NA,2,",hz"
1873-09-24 14:00:00,12.78,NA,NA,135,NA,1029.46,NA,NA,NA,NA,13.33,NA,1,",ra"
1873-09-24 21:00:00,12.78,NA,NA,225,NA,1028.11,NA,NA,NA,NA,10.28,NA,1,NA
1873-09-25,NA,NA,NA,NA,NA,NA,1.52,"9:00 am",NA,NA,NA,8.72,NA,"shower"
1873-09-25 07:00:00,12.5,NA,NA,135,NA,1017.95,NA,NA,NA,NA,8.61,NA,2,NA
1873-09-25 14:00:00,13.33,NA,NA,90,NA,1016.93,NA,NA,NA,NA,10.28,NA,1,NA
1873-09-25 21:00:00,12.5,NA,NA,0,NA,1021.33,NA,NA,NA,NA,7.22,NA,5,",hz"
1873-09-26,NA,NA,NA,NA,NA,NA,2.29,NA,NA,NA,NA,10.39,NA,"continuous shower"
1873-09-26 07:00:00,11.67,NA,NA,45,NA,1025.06,NA,NA,NA,NA,8.33,NA,5,NA
1873-09-26 14:00:00,13.33,NA,NA,90,NA,1026.08,NA,NA,NA,NA,12.22,NA,5,",ra"
1873-09-26 21:00:00,13.89,NA,NA,135,NA,1025.74,NA,NA,NA,NA,10.56,NA,2,",ra"
1873-09-27,NA,NA,NA,NA,NA,NA,1.02,"9:00 am",NA,NA,NA,11.56,NA,"light shower"
1873-09-27 07:00:00,12.78,0,1,NA,NA,1020.66,NA,NA,NA,NA,10.56,NA,0,NA
1873-09-27 14:00:00,16.67,315,1,180,NA,1020.66,NA,NA,NA,NA,13.33,NA,1,NA
1873-09-27 21:00:00,13.89,NA,NA,NA,NA,1020.66,NA,NA,NA,NA,10.83,NA,0,",ra"
1873-09-28,NA,NA,NA,NA,NA,NA,3.81,"10:00 am",NA,NA,NA,11,NA,"shower"
1873-09-28 07:00:00,12.78,NA,NA,225,NA,1015.92,NA,NA,NA,NA,10.56,NA,2,",hz"
1873-09-28 14:00:00,12.78,NA,NA,180,NA,1011.85,NA,NA,NA,NA,11.11,NA,5,",hz"
1873-09-28 21:00:00,13.89,NA,NA,247.5,NA,1009.82,NA,NA,NA,NA,10.83,NA,2,",ra"
1873-09-29,NA,NA,NA,NA,NA,NA,2.79,NA,NA,NA,NA,10.44,NA,"shower"
1873-09-29 07:00:00,12.22,NA,NA,247.5,NA,1012.53,NA,NA,NA,NA,8.33,NA,2,NA
1873-09-29 14:00:00,13.89,NA,NA,225,NA,1013.21,NA,NA,NA,NA,13.06,NA,2,NA
1873-09-29 21:00:00,13.33,NA,NA,225,NA,1011.85,NA,NA,NA,NA,11.39,NA,1,",ra"
1873-09-30,NA,NA,NA,NA,NA,NA,0.23,NA,NA,NA,NA,10.17,NA,"misty rain"
1873-09-30 07:00:00,12.78,NA,NA,225,NA,1002.37,NA,NA,NA,NA,8.33,NA,2,",hz"
1873-09-30 14:00:00,16.67,NA,NA,225,NA,1002.37,NA,NA,NA,NA,12.78,NA,2,",hz"
1873-09-30 21:00:00,15.56,NA,NA,225,NA,1002.37,NA,NA,NA,NA,10.56,NA,2,",ra"
1873-10-01,NA,NA,NA,NA,NA,NA,0.25,"4:00 pm",NA,NA,NA,8.44,NA,"misty rain"
1873-10-01 07:00:00,14.44,45,1,45,NA,1016.93,NA,NA,NA,NA,8.61,NA,1,NA
1873-10-01 14:00:00,15,45,1,135,NA,1018.96,NA,NA,NA,NA,10,NA,2,NA
1873-10-01 21:00:00,12.22,NA,NA,135,NA,1021.33,NA,NA,NA,NA,6.67,NA,1,NA
1873-10-02,NA,NA,NA,NA,NA,NA,NA,NA,NA,NA,NA,9.83,NA,NA
1873-10-02 07:00:00,11.11,180,1,135,NA,1021,NA,NA,NA,NA,8.89,NA,2,NA
1873-10-02 14:00:00,13.33,NA,NA,135,NA,1022.01,NA,NA,NA,NA,12.78,NA,2,NA
1873-10-02 21:00:00,11.67,NA,NA,270,NA,1017.95,NA,NA,NA,NA,7.78,NA,1,NA
1873-10-03,NA,NA,NA,NA,NA,NA,0,"empty","empty",0,NA,7.94,NA,"empty"
1873-10-03 07:00:00,8.61,NA,NA,NA,NA,1022.01,NA,NA,NA,NA,7.78,NA,0,NA
1873-10-03 14:00:00,11.67,NA,NA,270,NA,1023.37,NA,NA,NA,NA,10.56,NA,2,NA
1873-10-03 21:00:00,10.56,NA,NA,NA,NA,1025.74,NA,NA,NA,NA,5.56,NA,0,NA
1873-10-04,NA,NA,NA,NA,NA,NA,NA,NA,NA,NA,NA,5.72,NA,NA
1873-10-04 07:00:00,8.89,NA,NA,NA,NA,1028.11,NA,NA,NA,NA,3.33,NA,0,NA
1873-10-04 14:00:00,13.33,NA,NA,90,NA,1029.12,NA,NA,NA,NA,8.89,NA,2,NA
1873-10-04 21:00:00,10,NA,NA,NA,NA,1030.48,NA,NA,NA,NA,5,NA,0,NA
1873-10-05,NA,NA,NA,NA,NA,NA,NA,NA,NA,NA,NA,7.5,NA,NA
1873-10-05 07:00:00,7.78,NA,NA,NA,NA,1030.82,NA,NA,NA,NA,3.89,NA,0,",fg"
1873-10-05 14:00:00,10.83,NA,NA,225,NA,1030.48,NA,NA,NA,NA,11.39,NA,1,NA
1873-10-05 21:00:00,11.39,NA,NA,NA,NA,1030.48,NA,NA,NA,NA,7.22,NA,0,NA
1873-10-06,NA,NA,NA,NA,NA,NA,NA,NA,NA,NA,NA,12.06,NA,NA
1873-10-06 07:00:00,9.72,NA,NA,225,NA,1028.11,NA,NA,NA,NA,8.61,NA,1,NA
1873-10-06 14:00:00,13.89,NA,NA,180,NA,1023.71,NA,NA,NA,NA,13.89,NA,5,",hz"
1873-10-06 21:00:00,15,NA,NA,225,NA,1023.37,NA,NA,NA,NA,13.61,NA,5,",hz"
1873-10-07,NA,NA,NA,NA,NA,NA,1.52,"3 pm","empty",0,NA,17.78,NA,"showery"
1873-10-07 07:00:00,16.11,NA,NA,225,NA,1021.33,NA,NA,NA,NA,16.11,NA,2,",hz"
1873-10-07 14:00:00,21.11,NA,NA,225,NA,1018.63,NA,NA,NA,NA,20,NA,16,",hz"
1873-10-07 21:00:00,18.89,NA,NA,247.5,NA,1016.26,NA,NA,NA,NA,17.22,NA,16,",ra"
1873-10-08,NA,NA,NA,NA,NA,NA,16.26,"9am","empty",0,NA,16.11,NA,"misty rain"
1873-10-08 07:00:00,18.61,NA,NA,247.5,NA,1007.79,NA,NA,NA,NA,17.22,NA,27,",ra"
1873-10-08 14:00:00,18.33,NA,NA,202.5,NA,1005.42,NA,NA,NA,NA,18.33,NA,5,",ra"
1873-10-08 21:00:00,17.78,NA,NA,247.5,NA,1011.51,NA,NA,NA,NA,12.78,NA,1,",hz"
1873-10-09,NA,NA,NA,NA,NA,NA,NA,NA,NA,NA,NA,4.89,NA,NA
1873-10-09 07:00:00,13.33,NA,NA,45,NA,1021,NA,NA,NA,NA,4.44,NA,5,NA
1873-10-09 14:00:00,16.39,NA,NA,90,NA,1022.35,NA,NA,NA,NA,7.22,NA,5,NA
1873-10-09 21:00:00,11.11,NA,NA,90,NA,1025.4,NA,NA,NA,NA,3.06,NA,1,NA
1873-10-10,NA,NA,NA,NA,NA,NA,NA,NA,NA,NA,NA,6.28,NA,NA
1873-10-10 07:00:00,10,NA,NA,45,NA,1027.77,NA,NA,NA,NA,4.44,NA,1,NA
1873-10-10 14:00:00,15,NA,NA,90,NA,1028.11,NA,NA,NA,NA,9.44,NA,2,NA
1873-10-10 21:00:00,12.22,NA,NA,225,NA,1028.11,NA,NA,NA,NA,5,NA,1,NA
1873-10-11,NA,NA,NA,NA,NA,NA,2.29,"empty","empty",0,NA,8.72,NA,"misty rain"
1873-10-11 07:00:00,10,NA,NA,NA,NA,1027.43,NA,NA,NA,NA,4.44,NA,0,NA
1873-10-11 14:00:00,17.22,NA,NA,180,NA,1026.08,NA,NA,NA,NA,12.78,NA,1,NA
1873-10-11 21:00:00,14.17,NA,NA,225,NA,1026.75,NA,NA,NA,NA,8.89,NA,1,NA
1873-10-12,NA,NA,NA,NA,NA,NA,34.04,"8 am","empty",0,NA,12.61,NA,"heavy rain"
1873-10-12 07:00:00,13.06,NA,NA,90,NA,1021.67,NA,NA,NA,NA,10.56,NA,1,",fg"
1873-10-12 14:00:00,14.44,NA,NA,90,NA,1017.27,NA,NA,NA,NA,13.33,NA,1,",ra"
1873-10-12 21:00:00,16.11,NA,NA,225,NA,1013.88,NA,NA,NA,NA,15,NA,1,",ra"
1873-10-13,NA,NA,NA,NA,NA,NA,0,"8:30","empty",0,NA,15.94,NA,"misty rain ipr."
1873-10-13 07:00:00,16.67,NA,NA,225,NA,1011.85,NA,NA,NA,NA,15,NA,1,",fg"
1873-10-13 14:00:00,21.39,NA,NA,225,NA,1012.53,NA,NA,NA,NA,18.89,NA,2,",ra"
1873-10-13 21:00:00,18.33,NA,NA,247.5,NA,1015.24,NA,NA,NA,NA,13.89,NA,2,",hz"
1873-10-14,NA,NA,NA,NA,NA,NA,0,"8 am","empty",0,NA,13.89,NA,"misty rain ipr."
1873-10-14 07:00:00,14.72,270,2,270,NA,1017.95,NA,NA,NA,NA,13.89,NA,2,NA
1873-10-14 14:00:00,15.56,270,2,270,NA,1019.64,NA,NA,NA,NA,12.22,NA,5,NA
1873-10-14 21:00:00,11.94,NA,NA,202.5,NA,1021.67,NA,NA,NA,NA,8.89,NA,1,NA
1873-10-15,NA,NA,NA,NA,NA,NA,NA,NA,NA,NA,NA,9.28,NA,NA
1873-10-15 07:00:00,11.11,NA,NA,202.5,NA,1020.66,NA,NA,NA,NA,9.44,NA,1,NA
1873-10-15 14:00:00,13.89,NA,NA,247.5,NA,1019.3,NA,NA,NA,NA,11.67,NA,1,NA
1873-10-15 21:00:00,11.39,NA,NA,45,NA,1021.67,NA,NA,NA,NA,6.67,NA,2,",hz"
1873-10-16,NA,NA,NA,NA,NA,NA,NA,NA,NA,NA,NA,4.83,NA,NA
1873-10-16 07:00:00,7.78,NA,NA,315,NA,1025.74,NA,NA,NA,NA,3.33,NA,1,NA
1873-10-16 14:00:00,10.56,270,1,315,NA,1023.03,NA,NA,NA,NA,7.78,NA,1,NA
1873-10-16 21:00:00,10,NA,NA,247.5,NA,1024.72,NA,NA,NA,NA,3.33,NA,1,",hz"
1873-10-17,NA,NA,NA,NA,NA,NA,18.8,"9:30 am","empty",0,NA,8.78,NA,"rain"
1873-10-17 07:00:00,9.17,NA,NA,225,NA,1013.21,NA,NA,NA,NA,8.06,NA,11,NA
1873-10-17 14:00:00,13.33,NA,NA,225,NA,1005.76,NA,NA,NA,NA,13.33,NA,16,",ra"
1873-10-17 21:00:00,11.67,NA,NA,45,NA,1006.77,NA,NA,NA,NA,5,NA,16,",ra"
1873-10-18,NA,NA,NA,NA,NA,NA,0,"8 am","empty",0,NA,2.5,NA,"hail (ipr)"
1873-10-18 07:00:00,8.33,0,2,0,NA,1018.63,NA,NA,NA,NA,2.22,NA,16,NA
1873-10-18 14:00:00,8.61,0,2,0,NA,1019.98,NA,NA,NA,NA,4.44,NA,11,NA
1873-10-18 21:00:00,7.22,NA,NA,45,NA,1022.69,NA,NA,NA,NA,0.83,NA,2,NA
1873-10-19,NA,NA,NA,NA,NA,NA,NA,NA,NA,NA,NA,4.61,NA,NA
1873-10-19 07:00:00,6.11,NA,NA,NA,NA,1024.04,NA,NA,NA,NA,0.56,NA,0,NA
1873-10-19 14:00:00,12.78,NA,NA,225,NA,1024.04,NA,NA,NA,NA,8.89,NA,1,NA
1873-10-19 21:00:00,10.83,NA,NA,270,NA,1024.04,NA,NA,NA,NA,4.44,NA,1,NA
1873-10-20,NA,NA,NA,NA,NA,NA,NA,NA,NA,NA,NA,6.67,NA,NA
1873-10-20 07:00:00,8.89,NA,NA,NA,NA,1026.75,NA,NA,NA,NA,4.44,NA,0,NA
1873-10-20 14:00:00,16.11,NA,NA,135,NA,1028.78,NA,NA,NA,NA,11.11,NA,1,NA
1873-10-20 21:00:00,11.67,NA,NA,NA,NA,1030.48,NA,NA,NA,NA,4.44,NA,0,NA
1873-10-21,NA,NA,NA,NA,NA,NA,0,"8 pm","empty",0,NA,5.83,NA,"m(isty) rain, ipr."
1873-10-21 07:00:00,8.89,NA,NA,45,NA,1031.16,NA,NA,NA,NA,6.11,NA,1,",fg"
1873-10-21 14:00:00,13.89,0,3,45,NA,1032.85,NA,NA,NA,NA,6.39,NA,5,NA
1873-10-21 21:00:00,10.56,NA,NA,45,NA,1033.19,NA,NA,NA,NA,5,NA,2,",fg"
1873-10-22,NA,NA,NA,NA,NA,NA,NA,NA,NA,NA,NA,6.28,NA,NA
1873-10-22 07:00:00,9.44,NA,NA,45,NA,1032.17,NA,NA,NA,NA,5,NA,1,",fg"
1873-10-22 14:00:00,12.78,NA,NA,90,NA,1030.48,NA,NA,NA,NA,7.78,NA,1,NA
1873-10-22 21:00:00,10.56,NA,NA,NA,NA,1029.46,NA,NA,NA,NA,6.11,NA,0,",fg"
1873-10-23,NA,NA,NA,NA,NA,NA,NA,NA,NA,NA,NA,9.61,NA,NA
1873-10-23 07:00:00,9.72,NA,NA,NA,NA,1028.11,NA,NA,NA,NA,6.11,NA,0,",fg"
1873-10-23 14:00:00,15,NA,NA,NA,NA,1026.75,NA,NA,NA,NA,12.22,NA,0,NA
1873-10-23 21:00:00,10.56,NA,NA,225,NA,1026.08,NA,NA,NA,NA,10.56,NA,1,",hz"
1873-10-24,NA,NA,NA,NA,NA,NA,NA,NA,NA,NA,NA,11.94,NA,NA
1873-10-24 07:00:00,11.67,NA,NA,NA,NA,1025.4,NA,NA,NA,NA,10.56,NA,0,",hz"
1873-10-24 14:00:00,15.28,270,1,NA,NA,1024.38,NA,NA,NA,NA,14.72,NA,0,NA
1873-10-24 21:00:00,14.44,NA,NA,NA,NA,1024.38,NA,NA,NA,NA,10.56,NA,0,",hz"
1873-10-25,NA,NA,NA,NA,NA,NA,6.35,"7 pm","12",0,NA,11.11,NA,"rain (in night)"
1873-10-25 07:00:00,12.78,NA,NA,NA,NA,1021,NA,NA,NA,NA,10,NA,0,",hz"
1873-10-25 14:00:00,13.33,NA,NA,NA,NA,1017.61,NA,NA,NA,NA,12.78,NA,0,",hz"
1873-10-25 21:00:00,14.17,NA,NA,0,NA,1014.56,NA,NA,NA,NA,10.56,NA,1,",ra"
1873-10-26,NA,NA,NA,NA,NA,NA,NA,NA,NA,NA,NA,6.5,NA,NA
1873-10-26 07:00:00,12.78,0,2,45,NA,1009.14,NA,NA,NA,NA,8.89,NA,1,NA
1873-10-26 14:00:00,16.11,0,2,45,NA,1009.14,NA,NA,NA,NA,8.61,NA,5,NA
1873-10-26 21:00:00,10.56,NA,NA,NA,NA,1013.88,NA,NA,NA,NA,1.94,NA,0,NA
1873-10-27,NA,NA,NA,NA,NA,NA,NA,NA,NA,NA,NA,3.78,NA,NA
1873-10-27 07:00:00,7.78,NA,NA,225,NA,1021,NA,NA,NA,NA,1.39,NA,1,NA
1873-10-27 14:00:00,10,NA,NA,225,NA,1024.04,NA,NA,NA,NA,7.22,NA,1,NA
1873-10-27 21:00:00,10,NA,NA,NA,NA,1025.74,NA,NA,NA,NA,2.78,NA,0,NA
1873-10-28,NA,NA,NA,NA,NA,NA,8.13,"9:30","5 am 29th",0,NA,11.94,NA,"rain"
1873-10-28 07:00:00,10,NA,NA,225,NA,1019.3,NA,NA,NA,NA,8.89,NA,5,",hz"
1873-10-28 14:00:00,13.33,NA,NA,225,NA,1015.24,NA,NA,NA,NA,13.33,NA,20,",ra"
1873-10-28 21:00:00,14.44,NA,NA,225,NA,1018.29,NA,NA,NA,NA,13.61,NA,5,",ra"
1873-10-29,NA,NA,NA,NA,NA,NA,1.78,"8 am","empty",0,NA,13.89,NA,"misty rain"
1873-10-29 07:00:00,15,NA,NA,225,NA,1020.32,NA,NA,NA,NA,14.44,NA,11,",hz"
1873-10-29 14:00:00,17.22,NA,NA,225,NA,1020.32,NA,NA,NA,NA,15,NA,16,",ra"
1873-10-29 21:00:00,16.11,NA,NA,225,NA,1023.37,NA,NA,NA,NA,13.89,NA,16,",ra"
1873-10-30,NA,NA,NA,NA,NA,NA,0,"empty","empty",0,NA,9.89,NA,"empty"
1873-10-30 07:00:00,15,NA,NA,225,NA,1026.08,NA,NA,NA,NA,9.44,NA,2,",hz"
1873-10-30 14:00:00,15.56,NA,NA,315,NA,1027.09,NA,NA,NA,NA,13.06,NA,5,",hz"
1873-10-30 21:00:00,12.78,NA,2,315,"270",1034.2,NA,NA,NA,NA,7.22,NA,2,NA
1873-10-31,NA,NA,NA,NA,NA,NA,6.35,"5 am","7 am",0,NA,4,NA,"rain?"
1873-10-31 07:00:00,11.11,0,1,45,NA,1040.64,NA,NA,NA,NA,5,NA,2,NA
1873-10-31 14:00:00,13.89,NA,NA,90,NA,1041.65,NA,NA,NA,NA,4.17,NA,2,NA
1873-10-31 21:00:00,13.33,NA,NA,135,NA,1037.93,NA,NA,NA,NA,2.78,NA,5,NA
1873-11-01,NA,NA,NA,NA,NA,NA,4.32,"3:00 pm","10:00 pm",NA,NA,13.5,NA,"rain"
1873-11-01 07:00:00,12.78,NA,NA,180,NA,1024.04,NA,NA,NA,NA,11.11,NA,1,NA
1873-11-01 14:00:00,16.11,NA,NA,180,NA,1015.58,NA,NA,NA,NA,15.56,NA,1,NA
1873-11-01 21:00:00,16.11,NA,NA,247.5,NA,1010.84,NA,NA,NA,NA,13.89,NA,1,NA
1873-11-02,NA,NA,NA,NA,NA,NA,NA,NA,NA,NA,NA,6.67,NA,NA
1873-11-02 07:00:00,12.22,NA,NA,0,NA,1011.85,NA,NA,NA,NA,5.83,NA,11,NA
1873-11-02 14:00:00,12.78,270,3,270,NA,1013.21,NA,NA,NA,NA,9.44,NA,11,NA
1873-11-02 21:00:00,9.44,NA,NA,315,NA,1017.61,NA,NA,NA,NA,4.72,NA,1,NA
1873-11-03,NA,NA,NA,NA,NA,NA,10.67,"6:00 pm","10:00 pm",NA,NA,9.06,NA,"rain"
1873-11-03 07:00:00,8.33,NA,NA,225,NA,1017.95,NA,NA,NA,NA,5.83,NA,1,NA
1873-11-03 14:00:00,11.11,NA,NA,225,NA,1014.22,NA,NA,NA,NA,10.28,NA,5,",hz"
1873-11-03 21:00:00,11.67,NA,NA,247.5,NA,1008.13,NA,NA,NA,NA,11.11,NA,11,",hz"
1873-11-04,NA,NA,NA,NA,NA,NA,0.25,"10:00 am",NA,NA,NA,5,NA,"misty rain"
1873-11-04 07:00:00,9.72,NA,NA,270,NA,999.32,NA,NA,NA,NA,5,NA,16,NA
1873-11-04 14:00:00,10.56,270,3,270,NA,1005.08,NA,NA,NA,NA,7.22,NA,5,NA
1873-11-04 21:00:00,7.78,NA,2,315,"270",1013.55,NA,NA,NA,NA,3.33,NA,2,NA
1873-11-05,NA,NA,NA,NA,NA,NA,0.23,"3:00 pm",NA,NA,NA,6.56,NA,"light rain"
1873-11-05 07:00:00,5.56,270,2,225,NA,1013.88,NA,NA,NA,NA,3.06,NA,1,NA
1873-11-05 14:00:00,10,NA,NA,247.5,NA,1010.5,NA,NA,NA,NA,9.44,NA,5,",hz"
1873-11-05 21:00:00,9.72,NA,NA,270,NA,1010.5,NA,NA,NA,NA,7.22,NA,1,",hz"
1873-11-06,NA,NA,NA,NA,NA,NA,0.25,NA,NA,NA,NA,-1.5,NA,"light flurries"
1873-11-06 07:00:00,5,NA,NA,NA,NA,1021.33,NA,NA,NA,NA,-1.67,NA,0,NA
1873-11-06 14:00:00,5.28,NA,NA,NA,NA,1021.33,NA,NA,NA,NA,0.56,NA,0,NA
1873-11-06 21:00:00,4.44,NA,NA,NA,NA,1021.67,NA,NA,NA,NA,-3.33,NA,0,NA
1873-11-07,NA,NA,NA,NA,NA,NA,0.23,NA,NA,NA,NA,-1.67,NA,"light flurry"
1873-11-07 07:00:00,3.33,NA,NA,315,NA,1022.01,NA,NA,NA,NA,-2.22,NA,1,NA
1873-11-07 14:00:00,6.11,NA,NA,315,NA,1023.37,NA,NA,NA,NA,0.28,NA,1,NA
1873-11-07 21:00:00,5,NA,NA,270,NA,1028.78,NA,NA,NA,NA,-3.06,NA,1,NA
1873-11-08,NA,NA,NA,NA,NA,NA,9.65,"12:00 pm","8:00 am",NA,NA,1,NA,"rain"
1873-11-08 07:00:00,1.39,NA,NA,225,NA,1030.48,NA,NA,NA,NA,-2.78,NA,1,NA
1873-11-08 14:00:00,6.11,NA,NA,180,NA,1028.78,NA,NA,NA,NA,2.22,NA,1,",hz"
1873-11-08 21:00:00,5,NA,NA,135,NA,1023.71,NA,NA,NA,NA,3.61,NA,5,",hz"
1873-11-09,NA,NA,NA,NA,NA,NA,1.02,NA,NA,NA,NA,7.78,NA,"misty rain"
1873-11-09 07:00:00,6.67,NA,NA,135,NA,997.29,NA,NA,NA,NA,6.67,NA,16,",ra"
1873-11-09 14:00:00,10,NA,NA,247.5,NA,996.95,NA,NA,NA,NA,8.89,NA,11,",fg"
1873-11-09 21:00:00,10,NA,NA,247.5,NA,998.65,NA,NA,NA,NA,7.78,NA,5,",hz"
1873-11-10,NA,NA,NA,NA,NA,NA,15.24,"8:00 pm","12:00 pm",NA,NA,6.83,NA,"rain"
1873-11-10 07:00:00,9.17,225,2,225,NA,1002.37,NA,NA,NA,NA,6.11,NA,1,NA
1873-11-10 14:00:00,11.67,225,3,225,NA,1004.4,NA,NA,NA,NA,8.33,NA,5,NA
1873-11-10 21:00:00,10,NA,NA,135,NA,1002.37,NA,NA,NA,NA,6.11,NA,1,",ra"
1873-11-11,NA,NA,NA,NA,NA,NA,0.25,NA,NA,NA,NA,3.78,NA,"sleet"
1873-11-11 07:00:00,8.89,315,2,225,NA,1002.37,NA,NA,NA,NA,3.89,NA,1,NA
1873-11-11 14:00:00,9.44,NA,NA,247.5,NA,1003.05,NA,NA,NA,NA,5.28,NA,2,NA
1873-11-11 21:00:00,8.06,NA,NA,247.5,NA,1005.08,NA,NA,NA,NA,2.22,NA,1,",hz"
1873-11-12,NA,NA,NA,NA,NA,NA,6.86,"5:00 pm","10:30 pm",NA,NA,0.44,NA,"empty"
1873-11-12 07:00:00,5.28,270,2,247.5,NA,1013.21,NA,NA,NA,NA,-0.56,NA,2,NA
1873-11-12 14:00:00,9.44,270,2,247.5,NA,1019.3,NA,NA,NA,NA,1.67,NA,5,NA
1873-11-12 21:00:00,7.22,NA,NA,NA,NA,1026.08,NA,NA,NA,NA,0.28,NA,0,",hz"
1873-11-13,NA,NA,NA,NA,NA,NA,17.53,"10:00 am","night",NA,NA,7.78,NA,"rain"
1873-11-13 07:00:00,6.11,225,2,225,NA,1020.66,NA,NA,NA,NA,4.44,NA,11,NA
1873-11-13 14:00:00,10,NA,NA,225,NA,1013.88,NA,NA,NA,NA,8.33,NA,11,",ra"
1873-11-13 21:00:00,11.11,NA,NA,180,NA,1004.74,NA,NA,NA,NA,10.56,NA,20,",ra"
1873-11-14,NA,NA,NA,NA,NA,NA,NA,NA,NA,NA,NA,6.78,NA,NA
1873-11-14 07:00:00,9.44,NA,NA,NA,NA,1009.14,NA,NA,NA,NA,7.5,NA,0,",hz"
1873-11-14 14:00:00,10.56,NA,NA,NA,NA,1009.82,NA,NA,NA,NA,7.5,NA,0,",ra"
1873-11-14 21:00:00,9.72,NA,NA,45,NA,1003.39,NA,NA,NA,NA,5.28,NA,1,",fg"
1873-11-15,NA,NA,NA,NA,NA,NA,0.25,"1:00 pm",NA,NA,NA,1.28,NA,"flurries"
1873-11-15 07:00:00,7.5,NA,NA,NA,NA,998.98,NA,NA,NA,NA,2.78,NA,0,NA
1873-11-15 14:00:00,9.44,270,1,270,NA,999.32,NA,NA,NA,NA,2.78,NA,5,NA
1873-11-15 21:00:00,6.67,NA,NA,270,NA,1002.37,NA,NA,NA,NA,-1.67,NA,1,NA
1873-11-16,NA,NA,NA,NA,NA,NA,2.29,"4:30 pm","6:30 pm",NA,NA,-1,NA,"snow"
1873-11-16 07:00:00,3.89,0,1,NA,NA,1003.05,NA,NA,NA,NA,-2.22,NA,0,NA
1873-11-16 14:00:00,6.67,NA,NA,NA,NA,1003.05,NA,NA,NA,NA,1.67,NA,0,NA
1873-11-16 21:00:00,5,NA,NA,0,NA,1003.05,NA,NA,NA,NA,-2.5,NA,1,NA
1873-11-17,NA,NA,NA,NA,NA,NA,NA,NA,NA,NA,NA,-0.94,NA,NA
1873-11-17 07:00:00,2.78,270,1,NA,NA,1007.11,NA,NA,NA,NA,-3.33,NA,0,NA
1873-11-17 14:00:00,5.56,NA,NA,45,NA,1006.43,NA,NA,NA,NA,0.56,NA,2,NA
1873-11-17 21:00:00,5,NA,NA,45,NA,1008.81,NA,NA,NA,NA,0,NA,5,NA
1873-11-18,NA,NA,NA,NA,NA,NA,8.64,"4:30 pm","1:00 am",NA,NA,2.89,NA,"rain"
1873-11-18 07:00:00,3.89,NA,NA,135,NA,1017.27,NA,NA,NA,NA,-0.83,NA,1,NA
1873-11-18 14:00:00,6.11,NA,NA,135,NA,1016.59,NA,NA,NA,NA,2.78,NA,11,",fg"
1873-11-18 21:00:00,6.67,NA,NA,135,NA,1010.16,NA,NA,NA,NA,6.67,NA,5,",ra"
1873-11-19,NA,NA,NA,NA,NA,NA,0.76,"10:30 pm",NA,NA,NA,12.39,NA,NA
1873-11-19 07:00:00,10.56,NA,NA,135,NA,1005.08,NA,NA,NA,NA,11.67,NA,1,NA
1873-11-19 14:00:00,17.78,NA,NA,225,NA,1006.43,NA,NA,NA,NA,14.44,NA,16,",fg"
1873-11-19 21:00:00,15,NA,NA,NA,NA,1008.47,NA,NA,NA,NA,11.11,NA,0,",ra"
1873-11-20,NA,NA,NA,NA,NA,NA,0,"6:30 am | 8:30 am","2pm",0,NA,14.83,NA,"empty"
1873-11-20 07:00:00,17.22,NA,NA,247.5,NA,1007.79,NA,NA,NA,NA,16.67,NA,16,",hz"
1873-11-20 14:00:00,17.22,NA,NA,247.5,NA,1007.11,NA,NA,NA,NA,15.28,NA,20,",ra"
1873-11-20 21:00:00,17.22,NA,NA,225,NA,1011.51,NA,NA,NA,NA,12.5,NA,1,",ra"
1873-11-21,NA,NA,NA,NA,NA,NA,8.64,"8:00 am",NA,NA,NA,3.5,NA,"shower"
1873-11-21 07:00:00,14.44,NA,NA,45,NA,1005.08,NA,NA,NA,NA,5.28,NA,1,",ra"
1873-11-21 14:00:00,12.78,NA,NA,45,NA,1003.05,NA,NA,NA,NA,3.89,NA,2,",fg"
1873-11-21 21:00:00,10,NA,NA,315,NA,1019.3,NA,NA,NA,NA,1.39,NA,5,NA
1873-11-22,NA,NA,NA,NA,NA,NA,NA,NA,NA,NA,NA,0.39,NA,NA
1873-11-22 07:00:00,4.44,NA,NA,225,NA,1031.16,NA,NA,NA,NA,0,NA,2,NA
1873-11-22 14:00:00,8.89,NA,NA,225,NA,1030.82,NA,NA,NA,NA,2.78,NA,1,NA
1873-11-22 21:00:00,5.56,NA,NA,NA,NA,1031.83,NA,NA,NA,NA,-1.67,NA,0,NA
1873-11-23,NA,NA,NA,NA,NA,NA,9.65,"9:30 am","6:00 pm",NA,NA,2.33,NA,"rain"
1873-11-23 07:00:00,5.56,NA,NA,135,NA,1022.69,NA,NA,NA,NA,2.5,NA,5,",hz"
1873-11-23 14:00:00,6.11,NA,NA,135,NA,1013.21,NA,NA,NA,NA,2.78,NA,11,",ra"
1873-11-23 21:00:00,6.11,NA,NA,315,NA,1007.45,NA,NA,NA,NA,1.67,NA,1,",hz"
1873-11-24,NA,NA,NA,NA,NA,NA,NA,NA,NA,NA,NA,-0.72,NA,NA
1873-11-24 07:00:00,2.78,NA,NA,270,NA,1000,NA,NA,NA,NA,-1.11,NA,16,NA
1873-11-24 14:00:00,3.89,315,3,270,NA,1005.76,NA,NA,NA,NA,0,NA,11,NA
1873-11-24 21:00:00,3.89,NA,NA,315,NA,1012.53,NA,NA,NA,NA,-1.11,NA,2,",hz"
1873-11-25,NA,NA,NA,NA,NA,NA,NA,"8:00 am","8:00 am",NA,NA,1.11,NA,"rain"
1873-11-25 07:00:00,3.33,NA,NA,135,NA,1007.45,NA,NA,NA,NA,0,NA,5,",hz"
1873-11-25 14:00:00,3.89,NA,NA,90,NA,992.21,NA,NA,NA,NA,0.56,NA,27,",sn"
1873-11-25 21:00:00,4.44,NA,NA,NA,NA,982.05,NA,NA,NA,NA,2.78,NA,0,",ra"
1873-11-26,NA,NA,NA,NA,NA,NA,0.51,"1:00 pm",NA,NA,NA,2.39,NA,"snow flurries"
1873-11-26 07:00:00,5,270,3,270,NA,977.99,NA,NA,NA,NA,2.78,NA,1,NA
1873-11-26 14:00:00,7.78,270,3,225,NA,977.99,NA,NA,NA,NA,2.78,NA,20,NA
1873-11-26 21:00:00,5.83,NA,NA,315,NA,982.05,NA,NA,NA,NA,1.67,NA,5,NA
1873-11-27,NA,NA,NA,NA,NA,NA,0.51,"12:00 pm",NA,NA,NA,1.56,NA,"snow flurries"
1873-11-27 07:00:00,3.89,NA,NA,270,NA,990.52,NA,NA,NA,NA,0.83,NA,5,NA
1873-11-27 14:00:00,5.83,270,1,247.5,NA,996.28,NA,NA,NA,NA,2.78,NA,1,NA
1873-11-27 21:00:00,6.11,NA,NA,315,NA,1011.18,NA,NA,NA,NA,1.11,NA,1,NA
1873-11-28,NA,NA,NA,NA,NA,NA,2.79,"11:00 am","5:00 pm",NA,NA,0.17,NA,"snow"
1873-11-28 07:00:00,2.22,NA,NA,NA,NA,1019.3,NA,NA,NA,NA,-2.78,NA,0,",fg"
1873-11-28 14:00:00,3.33,NA,NA,135,NA,1014.9,NA,NA,NA,NA,0,NA,5,",sn"
1873-11-28 21:00:00,3.89,NA,NA,NA,NA,1006.77,NA,NA,NA,NA,3.33,NA,0,",ra"
1873-11-29,NA,NA,NA,NA,NA,NA,1.52,"11:00 am",NA,NA,NA,-1.67,NA,"snow flurries"
1873-11-29 07:00:00,3.89,NA,NA,NA,NA,1002.03,NA,NA,NA,NA,-1.11,NA,0,",fg"
1873-11-29 14:00:00,4.44,NA,NA,315,NA,996.61,NA,NA,NA,NA,-2.22,NA,11,",sn"
1873-11-29 21:00:00,3.33,NA,4,315,"270",997.29,NA,NA,NA,NA,-1.67,NA,20,NA
1873-11-30,NA,NA,NA,NA,NA,NA,2.29,NA,NA,NA,NA,0.44,NA,"snow flurries"
1873-11-30 07:00:00,1.11,NA,NA,270,NA,1007.11,NA,NA,NA,NA,0.56,NA,2,NA
1873-11-30 14:00:00,2.78,270,3,247.5,NA,1008.81,NA,NA,NA,NA,1.11,NA,5,NA
1873-11-30 21:00:00,-0.28,NA,NA,270,NA,1009.82,NA,NA,NA,NA,-0.28,NA,2,",sn"
1873-12-01,NA,NA,NA,NA,NA,NA,0.25,"empty","empty",NA,NA,-5.56,NA,"flurry snow"
1873-12-01 07:00:00,-2.78,NA,NA,NA,NA,1011.51,NA,NA,NA,NA,-8.89,NA,0,NA
1873-12-01 14:00:00,-1.11,NA,NA,315,NA,1011.85,NA,NA,NA,NA,-3.89,NA,5,NA
1873-12-01 21:00:00,1.67,NA,1,0,"0",1016.26,NA,NA,NA,NA,-3.89,NA,2,NA
1873-12-02,NA,NA,NA,NA,NA,NA,0.23,"empty","empty",NA,NA,-4.28,NA,"flurry snow"
1873-12-02 07:00:00,0,0,1,45,NA,1028.11,NA,NA,NA,NA,-4.44,NA,1,NA
1873-12-02 14:00:00,3.89,315,1,315,NA,1031.49,NA,NA,NA,NA,-2.22,NA,1,NA
1873-12-02 21:00:00,1.67,NA,NA,0,NA,1034.88,NA,NA,NA,NA,-6.11,NA,5,NA
1873-12-03,NA,NA,NA,NA,NA,NA,2.79,"night","empty",NA,NA,-8.33,NA,"snow"
1873-12-03 07:00:00,-3.89,NA,NA,NA,NA,1037.25,NA,NA,NA,NA,-11.67,NA,0,NA
1873-12-03 14:00:00,1.11,NA,NA,315,NA,1037.93,NA,NA,NA,NA,-6.67,NA,2,NA
1873-12-03 21:00:00,-0.56,NA,NA,315,NA,1036.24,NA,NA,NA,NA,-6.67,NA,1,NA
1873-12-04,NA,NA,NA,NA,NA,NA,4.57,"8 am","empty",NA,NA,4.56,NA,"misty rain"
1873-12-04 07:00:00,0.56,NA,NA,225,NA,1019.3,NA,NA,NA,NA,2.5,NA,5,NA
1873-12-04 14:00:00,6.67,NA,NA,225,NA,1017.61,NA,NA,NA,NA,5,NA,1,NA
1873-12-04 21:00:00,6.67,NA,NA,225,NA,1018.63,NA,NA,NA,NA,6.11,NA,1,",ra"
1873-12-05,NA,NA,NA,NA,NA,NA,0.25,"empty","empty",NA,NA,7.67,NA,"light rain showers"
1873-12-05 07:00:00,10,NA,NA,225,NA,1013.55,NA,NA,NA,NA,10.56,NA,11,NA
1873-12-05 14:00:00,13.89,270,1,225,NA,1008.47,NA,NA,NA,NA,10.28,NA,16,NA
1873-12-05 21:00:00,8.89,NA,NA,270,NA,1015.24,NA,NA,NA,NA,2.22,NA,11,NA
1873-12-06,NA,NA,NA,NA,NA,NA,NA,NA,NA,NA,NA,-1,NA,NA
1873-12-06 07:00:00,5,NA,NA,NA,NA,1018.63,NA,NA,NA,NA,0.56,NA,0,NA
1873-12-06 14:00:00,4.44,NA,NA,270,NA,1018.29,NA,NA,NA,NA,-0.83,NA,2,NA
1873-12-06 21:00:00,3.06,NA,NA,270,NA,1019.3,NA,NA,NA,NA,-2.78,NA,1,NA
1873-12-07,NA,NA,NA,NA,NA,NA,NA,NA,NA,NA,NA,-5.94,NA,NA
1873-12-07 07:00:00,0,NA,NA,NA,NA,1021.33,NA,NA,NA,NA,-8.33,NA,0,NA
1873-12-07 14:00:00,6.67,NA,NA,315,NA,1021.67,NA,NA,NA,NA,-5,NA,1,NA
1873-12-07 21:00:00,1.11,NA,NA,315,NA,1021,NA,NA,NA,NA,-4.44,NA,1,NA
1873-12-08,NA,NA,NA,NA,NA,NA,NA,NA,NA,NA,NA,-7.22,NA,NA
1873-12-08 07:00:00,-1.11,NA,NA,45,NA,1024.72,NA,NA,NA,NA,-8.33,NA,5,NA
1873-12-08 14:00:00,1.11,NA,NA,315,NA,1027.09,NA,NA,NA,NA,-6.67,NA,5,NA
1873-12-08 21:00:00,0,NA,NA,315,NA,1029.12,NA,NA,NA,NA,-6.67,NA,1,NA
1873-12-09,NA,NA,NA,NA,NA,NA,1.02,"6 am","empty",NA,NA,-4.89,NA,"snow showers"
1873-12-09 07:00:00,-2.78,NA,NA,270,NA,1026.41,NA,NA,NA,NA,-8.33,NA,1,NA
1873-12-09 14:00:00,2.22,315,2,315,NA,1019.3,NA,NA,NA,NA,-4.17,NA,2,NA
1873-12-09 21:00:00,1.11,NA,NA,270,NA,1012.53,NA,NA,NA,NA,-2.22,NA,2,NA
1873-12-10,NA,NA,NA,NA,NA,NA,3.3,"8 am","continuous",NA,NA,-0.39,NA,"snow"
1873-12-10 07:00:00,1.67,NA,NA,225,NA,990.18,NA,NA,NA,NA,1.11,NA,2,NA
1873-12-10 14:00:00,2.78,NA,NA,225,NA,983.41,NA,NA,NA,NA,1.11,NA,5,NA
1873-12-10 21:00:00,2.22,NA,NA,270,NA,983.07,NA,NA,NA,NA,-3.33,NA,11,NA
1873-12-11,NA,NA,NA,NA,NA,NA,1.78,"8 am","4:30 pm",NA,NA,-7.06,NA,"snow"
1873-12-11 07:00:00,-2.22,NA,NA,0,NA,992.89,NA,NA,NA,NA,-7.78,NA,2,",sn"
1873-12-11 14:00:00,-2.78,NA,NA,315,NA,996.28,NA,NA,NA,NA,-6.67,NA,5,",sn"
1873-12-11 21:00:00,-3.33,NA,NA,315,NA,1002.37,NA,NA,NA,NA,-6.67,NA,1,",hz"
1873-12-12,NA,NA,NA,NA,NA,NA,1.27,"1 pm","empty",NA,NA,-3.61,NA,"snow flurries"
1873-12-12 07:00:00,-4.44,NA,NA,247.5,NA,1005.76,NA,NA,NA,NA,-8.06,NA,1,",hz"
1873-12-12 14:00:00,0.56,NA,NA,247.5,NA,1004.4,NA,NA,NA,NA,-1.67,NA,1,",sn"
1873-12-12 21:00:00,1.67,NA,NA,247.5,NA,1001.02,NA,NA,NA,NA,-1.11,NA,5,",hz"
1873-12-13,NA,NA,NA,NA,NA,NA,0,"empty","empty",0,NA,-6,NA,"empty"
1873-12-13 07:00:00,1.11,315,1,315,NA,1000,NA,NA,NA,NA,-4.17,NA,2,NA
1873-12-13 14:00:00,3.33,315,2,315,NA,1004.06,NA,NA,NA,NA,-5,NA,5,NA
1873-12-13 21:00:00,-0.56,NA,NA,315,NA,1008.81,NA,NA,NA,NA,-8.89,NA,5,NA
1873-12-14,NA,NA,NA,NA,NA,NA,12.7,"7 am","5 pm",NA,NA,-3.06,NA,"snow"
1873-12-14 07:00:00,-2.5,NA,NA,45,NA,992.21,NA,NA,NA,NA,-3.33,NA,11,",sn"
1873-12-14 14:00:00,-0.56,NA,NA,90,NA,976.63,NA,NA,NA,NA,-0.83,NA,20,",sn"
1873-12-14 21:00:00,0,NA,NA,315,NA,987.47,NA,NA,NA,NA,-5,NA,11,NA
1873-12-15,NA,NA,NA,NA,NA,NA,1.52,"1:30 pm","empty",NA,NA,-8.06,NA,"snow"
1873-12-15 07:00:00,-2.78,270,1,225,NA,1000.34,NA,NA,NA,NA,-8.61,NA,1,NA
1873-12-15 14:00:00,-1.67,NA,NA,45,NA,1001.02,NA,NA,NA,NA,-6.39,NA,1,",sn"
1873-12-15 21:00:00,-2.5,NA,NA,45,NA,1002.71,NA,NA,NA,NA,-8.61,NA,1,",sn"
1873-12-16,NA,NA,NA,NA,NA,NA,NA,NA,NA,NA,NA,-11.11,NA,NA
1873-12-16 07:00:00,-5.56,NA,NA,NA,NA,1013.55,NA,NA,NA,NA,-12.78,NA,0,NA
1873-12-16 14:00:00,3.33,NA,NA,315,NA,1018.29,NA,NA,NA,NA,-7.78,NA,2,NA
1873-12-16 21:00:00,-3.89,NA,NA,270,NA,1021.67,NA,NA,NA,NA,-12.78,NA,1,NA
1873-12-17,NA,NA,NA,NA,NA,NA,0.51,"7 am","empty",NA,NA,-1.28,NA,"snow flurry"
1873-12-17 07:00:00,-3.33,NA,NA,NA,NA,1019.3,NA,NA,NA,NA,-3.33,NA,0,",sn"
1873-12-17 14:00:00,0.56,NA,NA,247.5,NA,1020.32,NA,NA,NA,NA,-1.11,NA,1,NA
1873-12-17 21:00:00,1.11,NA,NA,270,NA,1020.66,NA,NA,NA,NA,0.56,NA,1,NA
1873-12-18,NA,NA,NA,NA,NA,NA,0,"10 am","empty",0,NA,2.06,NA,"rain"
1873-12-18 07:00:00,1.67,NA,NA,NA,NA,1020.32,NA,NA,NA,NA,0.56,NA,0,",fg"
1873-12-18 14:00:00,3.89,NA,NA,NA,NA,1018.29,NA,NA,NA,NA,2.22,NA,0,",ra"
1873-12-18 21:00:00,5,NA,NA,270,NA,1015.24,NA,NA,NA,NA,3.33,NA,1,",ra"
1873-12-19,NA,NA,NA,NA,NA,NA,59.18,"empty","10 pm",0,NA,1.67,NA,"rain snow"
1873-12-19 07:00:00,4.17,NA,NA,45,NA,1009.48,NA,NA,NA,NA,1.67,NA,1,",fg"
1873-12-19 14:00:00,5.56,NA,NA,NA,NA,999.66,NA,NA,NA,NA,3.33,NA,0,",ra"
1873-12-19 21:00:00,4.44,NA,NA,0,NA,1005.42,NA,NA,NA,NA,0,NA,5,",sn"
1873-12-20,NA,NA,NA,NA,NA,NA,1.78,"6:30 pm","empty",NA,NA,-0.94,NA,"snow"
1873-12-20 07:00:00,2.22,NA,NA,NA,NA,1016.59,NA,NA,NA,NA,-2.78,NA,0,NA
1873-12-20 14:00:00,3.33,NA,NA,135,NA,1015.58,NA,NA,NA,NA,-0.56,NA,1,",fg"
1873-12-20 21:00:00,3.33,NA,NA,135,NA,1010.5,NA,NA,NA,NA,0.56,NA,20,",sn"
1873-12-21,NA,NA,NA,NA,NA,NA,0.23,"8 am","empty",NA,NA,-0.11,NA,"misty rain"
1873-12-21 07:00:00,3.33,NA,NA,225,NA,998.31,NA,NA,NA,NA,1.11,NA,5,",hz"
1873-12-21 14:00:00,4.44,NA,NA,270,NA,998.98,NA,NA,NA,NA,1.67,NA,11,",hz"
1873-12-21 21:00:00,1.67,NA,NA,270,NA,1004.06,NA,NA,NA,NA,-3.06,NA,16,NA
1873-12-22,NA,NA,NA,NA,NA,NA,1.02,NA,NA,0,NA,-7.78,NA,"flurries"
1873-12-22 07:00:00,-1.39,315,1,315,NA,1008.13,NA,NA,NA,NA,-6.67,NA,11,NA
1873-12-22 14:00:00,0.56,NA,NA,315,NA,1008.13,NA,NA,NA,NA,-7.22,NA,11,NA
1873-12-22 21:00:00,-2.78,NA,NA,315,NA,1007.45,NA,NA,NA,NA,-9.44,NA,5,NA
1873-12-23,NA,NA,NA,NA,NA,NA,NA,NA,NA,NA,NA,-6.56,NA,NA
1873-12-23 07:00:00,-5.56,NA,NA,247.5,NA,1012.19,NA,NA,NA,NA,-9.44,NA,5,NA
1873-12-23 14:00:00,2.78,NA,NA,315,NA,1016.59,NA,NA,NA,NA,-4.17,NA,5,NA
1873-12-23 21:00:00,-1.67,NA,NA,315,NA,1019.98,NA,NA,NA,NA,-6.11,NA,5,NA
1873-12-24,NA,NA,NA,NA,NA,NA,NA,NA,NA,NA,NA,-3.5,NA,NA
1873-12-24 07:00:00,-3.89,270,1,NA,NA,1021.33,NA,NA,NA,NA,-6.67,NA,0,NA
1873-12-24 14:00:00,0,315,1,315,NA,1021,NA,NA,NA,NA,-1.67,NA,1,NA
1873-12-24 21:00:00,0,NA,NA,NA,NA,1020.32,NA,NA,NA,NA,-2.22,NA,0,NA
1873-12-25,NA,NA,NA,NA,NA,NA,24.13,"7 am","10 pm",NA,NA,-1.67,NA,"snow & drift"
1873-12-25 07:00:00,0,NA,NA,90,NA,1005.42,NA,NA,NA,NA,-0.56,NA,5,",sn"
1873-12-25 14:00:00,2.22,NA,NA,45,NA,992.21,NA,NA,NA,NA,-0.56,NA,20,",sn"
1873-12-25 21:00:00,1.11,NA,NA,45,NA,989.5,NA,NA,NA,NA,-3.89,NA,27,",sn"
1873-12-26,NA,NA,NA,NA,NA,NA,NA,NA,NA,NA,NA,-6,NA,NA
1873-12-26 07:00:00,-1.11,NA,NA,315,NA,1005.08,NA,NA,NA,NA,-8.06,NA,11,NA
1873-12-26 14:00:00,3.89,NA,NA,270,NA,1014.22,NA,NA,NA,NA,-3.33,NA,5,NA
1873-12-26 21:00:00,-1.67,NA,NA,NA,NA,1019.3,NA,NA,NA,NA,-6.67,NA,0,NA
1873-12-27,NA,NA,NA,NA,NA,NA,21.59,"8:30 am","8 pm",NA,NA,-6.28,NA,"snow & drift"
1873-12-27 07:00:00,-5,NA,NA,45,NA,1009.14,NA,NA,NA,NA,-7.78,NA,11,",sn"
1873-12-27 14:00:00,-2.78,NA,NA,45,NA,991.53,NA,NA,NA,NA,-3.89,NA,27,",sn"
1873-12-27 21:00:00,-1.94,NA,NA,45,NA,1000,NA,NA,NA,NA,-7.22,NA,20,NA
1873-12-28,NA,NA,NA,NA,NA,NA,2.54,"4:30 pm","empty",NA,NA,-5.17,NA,"rain showers"
1873-12-28 07:00:00,-3.33,225,1,NA,NA,1016.26,NA,NA,NA,NA,-9.44,NA,0,NA
1873-12-28 14:00:00,1.11,NA,NA,90,NA,1011.85,NA,NA,NA,NA,-3.33,NA,1,",hz"
1873-12-28 21:00:00,2.22,NA,NA,135,NA,988.83,NA,NA,NA,NA,-2.78,NA,16,",sn"
1873-12-29,NA,NA,NA,NA,NA,NA,0.23,"9:30 am","empty",NA,NA,-0.94,NA,"hail"
1873-12-29 07:00:00,2.78,270,3,270,NA,985.44,NA,NA,NA,NA,0.56,NA,27,NA
1873-12-29 14:00:00,1.67,NA,NA,315,NA,995.6,NA,NA,NA,NA,-1.11,NA,16,",hz"
1873-12-29 21:00:00,1.11,NA,2,315,"315",1004.74,NA,NA,NA,NA,-2.22,NA,11,NA
1873-12-30,NA,NA,NA,NA,NA,NA,1.78,"9:30 pm","empty",NA,NA,1,NA,"snow"
1873-12-30 07:00:00,0,NA,NA,NA,NA,1007.45,NA,NA,NA,NA,-2.5,NA,0,NA
1873-12-30 14:00:00,3.61,NA,NA,225,NA,1000.68,NA,NA,NA,NA,4.44,NA,1,NA
1873-12-30 21:00:00,3.89,NA,NA,270,NA,996.28,NA,NA,NA,NA,1.11,NA,1,",sn"
1873-12-31,NA,NA,NA,NA,NA,NA,10.41,"11 am","4 pm",NA,NA,-6.39,NA,"snow"
1873-12-31 07:00:00,0.56,270,2,270,NA,997.29,NA,NA,NA,NA,-3.33,NA,11,NA
1873-12-31 14:00:00,0,NA,NA,225,NA,1001.69,NA,NA,NA,NA,-6.39,NA,16,",sn"
1873-12-31 21:00:00,-1.11,NA,NA,315,NA,1012.53,NA,NA,NA,NA,-9.44,NA,16,NA
1874-01-01,NA,NA,NA,NA,NA,NA,NA,NA,NA,NA,NA,-6.67,NA,NA
1874-01-01 07:00:00,-5,NA,NA,315,NA,1025.4,NA,NA,NA,NA,-7.78,NA,5,NA
1874-01-01 14:00:00,3.89,270,2,315,NA,1028.78,NA,NA,NA,NA,-5,NA,5,",hz"
1874-01-01 21:00:00,-1.11,NA,NA,NA,NA,1033.86,NA,NA,NA,NA,-7.22,NA,0,",sn"
1874-01-02,NA,NA,NA,NA,NA,NA,0.051,"7:00 pm",NA,0.51,NA,-3.44,NA,"snow"
1874-01-02 07:00:00,-6.11,NA,NA,NA,NA,1037.59,NA,NA,NA,NA,-6.39,NA,0,NA
1874-01-02 14:00:00,1.67,NA,NA,NA,NA,1037.93,NA,NA,NA,NA,-4.44,NA,0,NA
1874-01-02 21:00:00,1.11,NA,NA,225,NA,1035.9,NA,NA,NA,NA,0.56,NA,1,NA
1874-01-03,NA,NA,NA,NA,NA,NA,0.025,"9:00 am",NA,0.25,NA,1.17,NA,"rain"
1874-01-03 07:00:00,0,NA,NA,225,NA,1030.14,NA,NA,NA,NA,0.28,NA,1,",sn"
1874-01-03 14:00:00,5,NA,NA,225,NA,1026.75,NA,NA,NA,NA,3.06,NA,1,",ra"
1874-01-03 21:00:00,3.89,NA,NA,225,NA,1027.43,NA,NA,NA,NA,1.39,NA,1,",ra"
1874-01-04,NA,NA,NA,NA,NA,NA,0.127,"2:30 pm","8:00 pm",1.27,NA,1.22,NA,"rain"
1874-01-04 07:00:00,2.22,NA,NA,247.5,NA,1027.77,NA,NA,NA,NA,0,NA,1,",fg"
1874-01-04 14:00:00,3.33,NA,NA,247.5,NA,1026.08,NA,NA,NA,NA,1.11,NA,2,",fg"
1874-01-04 21:00:00,5,NA,NA,247.5,NA,1023.71,NA,NA,NA,NA,2.5,NA,1,NA
1874-01-05,NA,NA,NA,NA,NA,NA,NA,NA,NA,NA,NA,4.89,NA,NA
1874-01-05 07:00:00,5,NA,NA,247.5,NA,1018.29,NA,NA,NA,NA,3.89,NA,1,NA
1874-01-05 14:00:00,8.33,NA,NA,247.5,NA,1015.92,NA,NA,NA,NA,5.83,NA,5,",fg"
1874-01-05 21:00:00,7.22,NA,1,247.5,"270",1020.66,NA,NA,NA,NA,3.89,NA,1,NA
1874-01-06,NA,NA,NA,NA,NA,NA,NA,NA,NA,NA,NA,-4.89,NA,NA
1874-01-06 07:00:00,3.61,NA,NA,NA,NA,1032.17,NA,NA,NA,NA,-3.33,NA,0,NA
1874-01-06 14:00:00,10,NA,NA,0,NA,1036.24,NA,NA,NA,NA,-3.89,NA,1,NA
1874-01-06 21:00:00,-1.39,NA,NA,NA,NA,1037.93,NA,NA,NA,NA,-7.5,NA,0,NA
1874-01-07,NA,NA,NA,NA,NA,NA,0.432,"7:45 pm",NA,4.32,NA,-2.11,NA,"rain"
1874-01-07 07:00:00,-1.39,NA,NA,247.5,NA,1036.91,NA,NA,NA,NA,-7.5,NA,1,NA
1874-01-07 14:00:00,0,NA,NA,225,NA,1029.8,NA,NA,NA,NA,-1.11,NA,1,NA
1874-01-07 21:00:00,2.22,NA,NA,247.5,NA,1022.69,NA,NA,NA,NA,2.22,NA,5,",ra"
1874-01-08,NA,NA,NA,NA,NA,NA,0.381,"8:00 am",NA,3.81,NA,-0.56,NA,NA
1874-01-08 07:00:00,3.89,NA,NA,90,NA,1025.4,NA,NA,NA,NA,0,NA,1,",ra"
1874-01-08 14:00:00,4.44,NA,NA,90,NA,1027.43,NA,NA,NA,NA,-1.11,NA,1,",ra"
1874-01-08 21:00:00,3.33,NA,NA,90,NA,1027.77,NA,NA,NA,NA,-0.56,NA,1,",ra"
1874-01-09,NA,NA,NA,NA,NA,NA,1.778,NA,NA,17.78,NA,5.94,NA,"rain"
1874-01-09 07:00:00,3.33,NA,NA,225,NA,1018.63,NA,NA,NA,NA,3.33,NA,1,NA
1874-01-09 14:00:00,9.44,270,2,225,NA,1014.56,NA,NA,NA,NA,7.22,NA,1,NA
1874-01-09 21:00:00,8.33,NA,NA,225,NA,1011.51,NA,NA,NA,NA,7.22,NA,11,",sn"
1874-01-10,NA,NA,NA,NA,NA,NA,0.94,"8:00 am",NA,9.4,NA,6.83,NA,NA
1874-01-10 07:00:00,8.89,NA,NA,225,NA,1008.47,NA,NA,NA,NA,7.22,NA,1,",fg"
1874-01-10 14:00:00,10.28,NA,NA,225,NA,1008.13,NA,NA,NA,NA,8.89,NA,1,",ra"
1874-01-10 21:00:00,9.17,NA,NA,NA,NA,1008.81,NA,NA,NA,NA,4.44,NA,0,",ra"
1874-01-11,NA,NA,NA,NA,NA,NA,0.152,"6:00 pm",NA,1.52,NA,3.17,NA,"rain"
1874-01-11 07:00:00,7.78,270,1,NA,NA,1010.84,NA,NA,NA,NA,2.78,NA,0,NA
1874-01-11 14:00:00,6.67,NA,NA,247.5,NA,1008.47,NA,NA,NA,NA,3.06,NA,1,",fg"
1874-01-11 21:00:00,6.11,NA,NA,225,NA,1005.76,NA,NA,NA,NA,3.61,NA,5,",ra"
1874-01-12,NA,NA,NA,NA,NA,NA,0.023,"8:00 am",NA,0.23,NA,0.72,NA,"flurries"
1874-01-12 07:00:00,4.44,NA,NA,247.5,NA,1009.14,NA,NA,NA,NA,1.11,NA,1,NA
1874-01-12 14:00:00,5,270,3,247.5,NA,1011.51,NA,NA,NA,NA,2.22,NA,5,NA
1874-01-12 21:00:00,3.89,NA,NA,NA,NA,1016.59,NA,NA,NA,NA,-1.11,NA,0,NA
1874-01-13,NA,NA,NA,NA,NA,NA,0.051,"8:00 am",NA,0.51,NA,-2.39,NA,NA
1874-01-13 07:00:00,2.22,270,1,315,NA,1018.96,NA,NA,NA,NA,-1.11,NA,1,NA
1874-01-13 14:00:00,3.33,NA,NA,315,NA,1019.3,NA,NA,NA,NA,-1.11,NA,2,",sn"
1874-01-13 21:00:00,1.67,NA,NA,NA,NA,1022.01,NA,NA,NA,NA,-5,NA,0,",fg"
1874-01-14,NA,NA,NA,NA,NA,NA,1.93,NA,NA,19.3,NA,-4.28,NA,"rain and snow"
1874-01-14 07:00:00,0,270,1,315,NA,1024.04,NA,NA,NA,NA,-4.72,NA,1,NA
1874-01-14 14:00:00,4.72,NA,NA,315,NA,1023.03,NA,NA,NA,NA,-3.06,NA,2,NA
1874-01-14 21:00:00,0,NA,NA,NA,NA,1023.37,NA,NA,NA,NA,-5,NA,0,NA
1874-01-15,NA,NA,NA,NA,NA,NA,1.981,"8:00 am",NA,19.81,NA,0.72,NA,"rain"
1874-01-15 07:00:00,1.11,NA,NA,135,NA,1003.73,NA,NA,NA,NA,-1.11,NA,1,",fg"
1874-01-15 14:00:00,2.78,NA,NA,NA,NA,1000.68,NA,NA,NA,NA,1.11,NA,0,",ra"
1874-01-15 21:00:00,3.33,NA,NA,NA,NA,997.29,NA,NA,NA,NA,2.22,NA,0,",ra"
1874-01-16,NA,NA,NA,NA,NA,NA,0.152,"8:00 am","11:30 am",1.52,NA,-1.39,NA,NA
1874-01-16 07:00:00,3.61,NA,NA,247.5,NA,991.53,NA,NA,NA,NA,0.28,NA,5,",fg"
1874-01-16 14:00:00,7.22,NA,NA,270,NA,993.91,NA,NA,NA,NA,-0.56,NA,5,NA
1874-01-16 21:00:00,2.22,NA,NA,NA,NA,997.97,NA,NA,NA,NA,-3.89,NA,0,NA
1874-01-17,NA,NA,NA,NA,NA,NA,0.102,NA,NA,1.02,NA,-5.67,NA,"flurries"
1874-01-17 07:00:00,0,NA,NA,270,NA,998.98,NA,NA,NA,NA,-5.56,NA,1,",sn"
1874-01-17 14:00:00,2.22,270,1,315,NA,1002.37,NA,NA,NA,NA,-5.83,NA,5,NA
1874-01-17 21:00:00,-0.56,NA,NA,315,NA,1003.39,NA,NA,NA,NA,-5.56,NA,5,",sn"
1874-01-18,NA,NA,NA,NA,NA,NA,NA,NA,NA,NA,NA,-3.44,NA,NA
1874-01-18 07:00:00,-1.11,NA,NA,315,NA,1019.3,NA,NA,NA,NA,-2.5,NA,1,NA
1874-01-18 14:00:00,7.78,315,1,315,NA,1024.38,NA,NA,NA,NA,-2.5,NA,5,NA
1874-01-18 21:00:00,1.67,NA,NA,NA,NA,1024.72,NA,NA,NA,NA,-5.28,NA,0,NA
1874-01-19,NA,NA,NA,NA,NA,NA,NA,NA,NA,NA,NA,-0.94,NA,NA
1874-01-19 07:00:00,-0.56,NA,NA,315,NA,1023.71,NA,NA,NA,NA,-4.44,NA,1,NA
1874-01-19 14:00:00,7.5,NA,NA,270,NA,1022.01,NA,NA,NA,NA,1.94,NA,5,NA
1874-01-19 21:00:00,3.89,NA,NA,270,NA,1019.64,NA,NA,NA,NA,0,NA,5,",sn"
1874-01-20,NA,NA,NA,NA,NA,NA,1.676,"2:00 pm","10:30 pm",16.76,NA,-1,NA,NA
1874-01-20 07:00:00,2.78,247.5,1,247.5,NA,1011.85,NA,NA,NA,NA,1.11,NA,1,NA
1874-01-20 14:00:00,5.56,NA,NA,45,NA,1005.08,NA,NA,NA,NA,4.17,NA,20,",fg"
1874-01-20 21:00:00,2.22,NA,NA,45,NA,1008.47,NA,NA,NA,NA,-8.33,NA,27,",sn"
1874-01-21,NA,NA,NA,NA,NA,NA,NA,NA,NA,NA,NA,-12.94,NA,NA
1874-01-21 07:00:00,-3.33,0,2,45,NA,1018.63,NA,NA,NA,NA,-13.89,NA,5,NA
1874-01-21 14:00:00,0.28,315,1,315,NA,1025.06,NA,NA,NA,NA,-11.67,NA,2,NA
1874-01-21 21:00:00,-3.89,NA,NA,315,NA,1028.45,NA,NA,NA,NA,-13.33,NA,1,NA
1874-01-22,NA,NA,NA,NA,NA,NA,NA,NA,NA,NA,NA,-4.56,NA,NA
1874-01-22 07:00:00,-5.56,NA,NA,NA,NA,1028.78,NA,NA,NA,NA,-9.44,NA,0,",hz"
1874-01-22 14:00:00,0,NA,NA,225,NA,1028.11,NA,NA,NA,NA,-1.67,NA,1,",hz"
1874-01-22 21:00:00,0,NA,NA,NA,NA,1028.78,NA,NA,NA,NA,-2.5,NA,0,",hz"
1874-01-23,NA,NA,NA,NA,NA,NA,0.229,"6:00 pm",NA,2.29,NA,2.06,NA,"rain"
1874-01-23 07:00:00,-0.28,NA,NA,225,NA,1023.03,NA,NA,NA,NA,-0.83,NA,1,",hz"
1874-01-23 14:00:00,1.67,NA,NA,225,NA,1015.92,NA,NA,NA,NA,2.5,NA,11,",ra"
1874-01-23 21:00:00,4.72,NA,NA,225,NA,1013.55,NA,NA,NA,NA,4.44,NA,16,",ra"
1874-01-24,NA,NA,NA,NA,NA,NA,0.203,"8:00 am",NA,2.03,NA,1.78,NA,"rain"
1874-01-24 07:00:00,7.22,NA,NA,225,NA,1005.42,NA,NA,NA,NA,5.83,NA,16,",ra"
1874-01-24 14:00:00,7.22,NA,NA,270,NA,1008.13,NA,NA,NA,NA,2.22,NA,2,",hz"
1874-01-24 21:00:00,3.33,NA,NA,315,NA,1015.92,NA,NA,NA,NA,-2.78,NA,2,",hz"
1874-01-25,NA,NA,NA,NA,NA,NA,0.686,"7:30 pm",NA,6.86,NA,-6,NA,NA
1874-01-25 07:00:00,-1.39,NA,NA,NA,NA,1019.98,NA,NA,NA,NA,-9.44,NA,0,NA
1874-01-25 14:00:00,6.39,NA,NA,45,NA,1021.67,NA,NA,NA,NA,-5.28,NA,2,",fg"
1874-01-25 21:00:00,1.67,NA,NA,45,NA,1006.77,NA,NA,NA,NA,-3.33,NA,20,",sn"
1874-01-26,NA,NA,NA,NA,NA,NA,0.279,NA,NA,2.79,NA,-6.83,NA,"flurries"
1874-01-26 07:00:00,0.83,NA,NA,247.5,NA,987.47,NA,NA,NA,NA,-5,NA,2,NA
1874-01-26 14:00:00,1.11,NA,NA,270,NA,992.55,NA,NA,NA,NA,-6.11,NA,5,NA
1874-01-26 21:00:00,-2.22,NA,NA,315,NA,996.61,NA,NA,NA,NA,-8.33,NA,5,",sn"
1874-01-27,NA,NA,NA,NA,NA,NA,0.051,"8:00 am","12:00 pm",0.51,NA,-12.22,NA,"snow"
1874-01-27 07:00:00,-7.78,NA,NA,270,NA,1005.76,NA,NA,NA,NA,-11.67,NA,2,",sn"
1874-01-27 14:00:00,-3.33,0,1,270,NA,1012.53,NA,NA,NA,NA,-11.11,NA,2,NA
1874-01-27 21:00:00,-6.67,NA,NA,0,NA,1022.35,NA,NA,NA,NA,-13.89,NA,2,NA
1874-01-28,NA,NA,NA,NA,NA,NA,0.533,"2:00 pm",NA,5.33,NA,-7.11,NA,"hail & rain"
1874-01-28 07:00:00,-8.06,NA,NA,NA,NA,1029.46,NA,NA,NA,NA,-13.89,NA,0,NA
1874-01-28 14:00:00,1.11,NA,NA,135,NA,1029.8,NA,NA,NA,NA,-7.22,NA,1,NA
1874-01-28 21:00:00,-1.67,NA,NA,135,NA,1021,NA,NA,NA,NA,-0.28,NA,11,",sn"
1874-01-29,NA,NA,NA,NA,NA,NA,0.864,"8:00 am","3:00 pm",8.64,NA,4.44,NA,"rain"
1874-01-29 07:00:00,4.17,NA,NA,225,NA,1006.77,NA,NA,NA,NA,6.11,NA,20,",ra"
1874-01-29 14:00:00,10.56,NA,NA,225,NA,1003.73,NA,NA,NA,NA,6.67,NA,27,",fg"
1874-01-29 21:00:00,6.11,NA,NA,270,NA,1007.45,NA,NA,NA,NA,0.56,NA,5,",hz"
1874-01-30,NA,NA,NA,NA,NA,NA,0.203,"8:30 pm",NA,2.03,NA,-5.67,NA,"snow"
1874-01-30 07:00:00,2.78,NA,NA,NA,NA,1010.5,NA,NA,NA,NA,-5,NA,0,NA
1874-01-30 14:00:00,1.67,NA,NA,NA,NA,1011.85,NA,NA,NA,NA,-4.44,NA,0,NA
1874-01-30 21:00:00,0.56,NA,NA,0,NA,1011.51,NA,NA,NA,NA,-7.5,NA,1,NA
1874-01-31,NA,NA,NA,NA,NA,NA,NA,NA,NA,NA,NA,-13.5,NA,NA
1874-01-31 07:00:00,NA,NA,NA,NA,NA,1023.03,NA,NA,NA,NA,-15,NA,0,NA
1874-01-31 14:00:00,NA,NA,NA,315,NA,1027.77,NA,NA,NA,NA,-12.22,NA,1,NA
1874-01-31 21:00:00,NA,NA,NA,315,NA,1029.46,NA,NA,NA,NA,-13.33,NA,1,NA
1874-02-01,NA,NA,NA,NA,NA,NA,10.41,"8:00 am","10:00 pm",177.8,NA,-7.22,NA,"snow"
1874-02-01 07:00:00,-5.56,NA,NA,90,NA,1019.3,NA,NA,NA,NA,-7.78,NA,1,NA
1874-02-01 14:00:00,-3.89,NA,NA,45,NA,1005.76,NA,NA,NA,NA,-3.89,NA,16,",sn"
1874-02-01 21:00:00,-3.33,NA,NA,45,NA,1006.77,NA,NA,NA,NA,-10,NA,20,",sn"
1874-02-02,NA,NA,NA,NA,NA,NA,0.23,NA,NA,NA,NA,-16.22,NA,"flurries"
1874-02-02 07:00:00,-8.33,315,1,45,NA,1017.61,NA,NA,NA,NA,-18,NA,1,NA
1874-02-02 14:00:00,-1.11,315,1,45,NA,1017.95,NA,NA,NA,NA,-14.72,NA,1,NA
1874-02-02 21:00:00,-5.56,NA,1,45,"315",1021.33,NA,NA,NA,NA,-13.89,NA,1,NA
1874-02-03,NA,NA,NA,NA,NA,NA,2.54,"1:00 pm","10:30 pm",25.4,NA,-13.33,NA,"snow"
1874-02-03 07:00:00,-11.11,NA,NA,NA,NA,1027.43,NA,NA,NA,NA,-17.78,NA,0,NA
1874-02-03 14:00:00,1.94,NA,NA,315,NA,1028.45,NA,NA,NA,NA,-9.44,NA,2,NA
1874-02-03 21:00:00,-3.89,NA,NA,NA,NA,1028.45,NA,NA,NA,NA,-12.78,NA,0,NA
1874-02-04,NA,NA,NA,NA,NA,NA,NA,NA,NA,NA,NA,-3.89,NA,"snow"
1874-02-04 07:00:00,-8.06,NA,NA,135,NA,1018.63,NA,NA,NA,NA,-7.22,NA,2,",fg"
1874-02-04 14:00:00,-1.67,NA,NA,135,NA,1006.43,NA,NA,NA,NA,-3.89,NA,20,",sn"
1874-02-04 21:00:00,-1.67,NA,NA,135,NA,990.86,NA,NA,NA,NA,-0.56,NA,20,",sn"
1874-02-05,NA,NA,NA,NA,NA,NA,0.23,NA,NA,NA,NA,-3.78,NA,"light flurry snow"
1874-02-05 07:00:00,-0.28,270,2,270,NA,976.63,NA,NA,NA,NA,-1.11,NA,2,NA
1874-02-05 14:00:00,1.11,NA,NA,315,NA,982.73,NA,NA,NA,NA,-2.78,NA,5,",hz"
1874-02-05 21:00:00,-1.94,NA,NA,315,NA,985.44,NA,NA,NA,NA,-7.5,NA,11,NA
1874-02-06,NA,NA,NA,NA,NA,NA,0.51,NA,NA,NA,NA,-13.17,NA,"light flurry snow"
1874-02-06 07:00:00,-6.67,270,1,270,NA,989.16,NA,NA,NA,NA,-12.22,NA,2,NA
1874-02-06 14:00:00,-2.78,315,2,315,NA,990.18,NA,NA,NA,NA,-11.11,NA,5,NA
1874-02-06 21:00:00,-7.22,NA,NA,315,NA,992.21,NA,NA,NA,NA,-16.11,NA,1,",frst"
1874-02-07,NA,NA,NA,NA,NA,NA,0.25,"frost",NA,NA,NA,-16.67,NA,"vapor"
1874-02-07 07:00:00,-11.67,NA,NA,NA,NA,996.61,NA,NA,NA,NA,-18.89,NA,0,NA
1874-02-07 14:00:00,-11.39,NA,NA,315,NA,996.95,NA,NA,NA,NA,-15,NA,1,NA
1874-02-07 21:00:00,-8.33,NA,NA,NA,NA,996.61,NA,NA,NA,NA,-16.11,NA,0,",frst"
1874-02-08,NA,NA,NA,NA,NA,NA,1.27,NA,NA,NA,NA,-14,NA,"flurries"
1874-02-08 07:00:00,-11.39,270,1,NA,NA,993.57,NA,NA,NA,NA,-17.75,NA,0,NA
1874-02-08 14:00:00,-2.22,135,1,315,NA,992.55,NA,NA,NA,NA,-12.78,NA,2,NA
1874-02-08 21:00:00,-7.5,NA,NA,315,NA,990.18,NA,NA,NA,NA,-11.67,NA,1,",hz"
1874-02-09,NA,NA,NA,NA,NA,NA,0.23,"8:00 am",NA,NA,NA,-5.67,NA,"snow"
1874-02-09 07:00:00,-7.22,NA,NA,247.5,NA,989.84,NA,NA,NA,NA,-7.5,NA,1,",sn"
1874-02-09 14:00:00,-0.28,NA,NA,0,NA,993.91,NA,NA,NA,NA,-3.33,NA,2,NA
1874-02-09 21:00:00,-2.78,NA,NA,247.5,NA,998.31,NA,NA,NA,NA,-6.11,NA,1,",hz"
1874-02-10,NA,NA,NA,NA,NA,NA,NA,NA,NA,NA,NA,-5.39,NA,"empty"
1874-02-10 07:00:00,-5,NA,NA,NA,NA,1000.68,NA,NA,NA,NA,-8.89,NA,0,NA
1874-02-10 14:00:00,5.56,270,1,247.5,NA,1001.69,NA,NA,NA,NA,-1.67,NA,1,NA
1874-02-10 21:00:00,1.67,NA,NA,135,NA,1000.34,NA,NA,NA,NA,-5.56,NA,1,NA
1874-02-11,NA,NA,NA,NA,NA,NA,7.87,"7:00 am","11:00 pm",NA,NA,-0.67,NA,"snow"
1874-02-11 07:00:00,-1.67,NA,NA,135,NA,986.12,NA,NA,NA,NA,-2.22,NA,5,",sn"
1874-02-11 14:00:00,3.33,NA,NA,135,NA,976.3,NA,NA,NA,NA,-0.83,NA,11,",ra"
1874-02-11 21:00:00,1.67,NA,NA,NA,NA,973.25,NA,NA,NA,NA,1.11,NA,0,",ra"
1874-02-12,NA,NA,NA,NA,NA,NA,2.29,NA,NA,NA,NA,-0.72,NA,"flurries snow"
1874-02-12 07:00:00,1.11,NA,NA,225,NA,979.68,NA,NA,NA,NA,-1.39,NA,11,NA
1874-02-12 14:00:00,2.78,NA,NA,225,NA,986.46,NA,NA,NA,NA,0,NA,16,",sn"
1874-02-12 21:00:00,3.33,NA,NA,315,NA,1000.34,NA,NA,NA,NA,-0.83,NA,2,",sn"
1874-02-13,NA,NA,NA,NA,NA,NA,NA,NA,NA,NA,NA,-2.89,NA,NA
1874-02-13 07:00:00,1.11,NA,NA,315,NA,1024.04,NA,NA,NA,NA,-1.94,NA,1,NA
1874-02-13 14:00:00,7.78,NA,NA,NA,NA,1024.38,NA,NA,NA,NA,-0.83,NA,0,NA
1874-02-13 21:00:00,3.89,NA,NA,315,NA,1027.77,NA,NA,NA,NA,-5.83,NA,1,NA
1874-02-14,NA,NA,NA,NA,NA,NA,6.6,"8:00 pm","6:00 am",NA,NA,0.44,NA,"rain"
1874-02-14 07:00:00,0,NA,NA,225,NA,1025.74,NA,NA,NA,NA,-3.33,NA,2,NA
1874-02-14 14:00:00,2.78,NA,NA,225,NA,1020.66,NA,NA,NA,NA,1.67,NA,11,NA
1874-02-14 21:00:00,4.44,NA,NA,225,NA,1015.92,NA,NA,NA,NA,3.06,NA,20,",ra"
1874-02-15,NA,NA,NA,NA,NA,NA,NA,NA,NA,NA,NA,-1.5,NA,NA
1874-02-15 07:00:00,5,NA,NA,NA,NA,1013.88,NA,NA,NA,NA,1.94,NA,0,NA
1874-02-15 14:00:00,5.56,NA,NA,315,NA,1020.66,NA,NA,NA,NA,-0.56,NA,11,",hz"
1874-02-15 21:00:00,2.5,NA,NA,315,NA,1029.12,NA,NA,NA,NA,-5.83,NA,1,NA
1874-02-16,NA,NA,NA,NA,NA,NA,2.79,"1:30 pm",NA,NA,NA,-2.22,NA,"snow rain"
1874-02-16 07:00:00,-0.28,NA,NA,90,NA,1027.09,NA,NA,NA,NA,-3.89,NA,2,NA
1874-02-16 14:00:00,2.22,NA,NA,90,NA,1017.27,NA,NA,NA,NA,-2.78,NA,16,",sn"
1874-02-16 21:00:00,1.67,NA,NA,135,NA,1002.37,NA,NA,NA,NA,0,NA,20,",ra"
1874-02-17,NA,NA,NA,NA,NA,NA,0.23,"8:00 am",NA,NA,NA,0.94,NA,"rain"
1874-02-17 07:00:00,2.22,NA,NA,315,NA,993.57,NA,NA,NA,NA,1.39,NA,1,",hz"
1874-02-17 14:00:00,6.94,270,3,270,NA,993.57,NA,NA,NA,NA,1.39,NA,11,NA
1874-02-17 21:00:00,4.44,NA,NA,270,NA,993.57,NA,NA,NA,NA,0,NA,5,NA
1874-02-18,NA,NA,NA,NA,NA,NA,0.23,"9:30 am",NA,NA,NA,-1.83,NA,"snow"
1874-02-18 07:00:00,2.22,315,1,315,NA,992.21,NA,NA,NA,NA,-1.11,NA,2,NA
1874-02-18 14:00:00,5,315,4,315,NA,992.21,NA,NA,NA,NA,0,NA,11,NA
1874-02-18 21:00:00,2.22,NA,NA,315,NA,1004.4,NA,NA,NA,NA,-4.44,NA,1,NA
1874-02-19,NA,NA,NA,NA,NA,NA,NA,NA,NA,NA,NA,-4,NA,NA
1874-02-19 07:00:00,-1.11,NA,NA,315,NA,1019.3,NA,NA,NA,NA,-6.39,NA,1,NA
1874-02-19 14:00:00,7.78,NA,NA,315,NA,1026.08,NA,NA,NA,NA,-1.67,NA,5,NA
1874-02-19 21:00:00,2.78,NA,NA,315,NA,1028.78,NA,NA,NA,NA,-3.89,NA,1,NA
1874-02-20,NA,NA,NA,NA,NA,NA,7.37,"3:00 pm",NA,NA,NA,1,NA,"rain"
1874-02-20 07:00:00,-0.83,NA,NA,225,NA,1025.4,NA,NA,NA,NA,-2.78,NA,5,",hz"
1874-02-20 14:00:00,3.61,270,2,225,NA,1020.66,NA,NA,NA,NA,3.06,NA,5,NA
1874-02-20 21:00:00,5,NA,NA,225,NA,1014.9,NA,NA,NA,NA,2.78,NA,20,",ra"
1874-02-21,NA,NA,NA,NA,NA,NA,NA,NA,NA,NA,NA,-0.83,NA,NA
1874-02-21 07:00:00,5,NA,NA,270,NA,1016.26,NA,NA,NA,NA,0.83,NA,1,NA
1874-02-21 14:00:00,9.17,0,2,45,NA,1023.03,NA,NA,NA,NA,-1.11,NA,1,NA
1874-02-21 21:00:00,4.44,NA,NA,90,NA,1026.08,NA,NA,NA,NA,-2.22,NA,1,NA
1874-02-22,NA,NA,NA,NA,NA,NA,NA,NA,NA,NA,NA,-1.11,NA,NA
1874-02-22 07:00:00,1.11,NA,NA,225,NA,1021,NA,NA,NA,NA,-1.11,NA,1,",hz"
1874-02-22 14:00:00,3.33,NA,NA,247.5,NA,1018.29,NA,NA,NA,NA,1.11,NA,1,NA
1874-02-22 21:00:00,2.22,NA,NA,90,NA,1019.64,NA,NA,NA,NA,-3.33,NA,2,NA
1874-02-23,NA,NA,NA,NA,NA,NA,3.05,"5:50 pm",NA,NA,NA,-7.06,NA,"snow"
1874-02-23 07:00:00,-2.78,NA,NA,315,NA,1024.04,NA,NA,NA,NA,-8.61,NA,1,NA
1874-02-23 14:00:00,3.33,NA,NA,315,NA,1021,NA,NA,NA,NA,-5,NA,1,",hz"
1874-02-23 21:00:00,1.11,NA,NA,315,NA,1015.58,NA,NA,NA,NA,-7.5,NA,1,",sn"
1874-02-24,NA,NA,NA,NA,NA,NA,0.23,"8:00 am",NA,NA,NA,-3.5,NA,"flurries"
1874-02-24 07:00:00,0.56,270,2,270,NA,990.86,NA,NA,NA,NA,-0.56,NA,5,NA
1874-02-24 14:00:00,4.44,315,2,315,NA,1011.85,NA,NA,NA,NA,-0.56,NA,2,NA
1874-02-24 21:00:00,2.22,NA,2,315,"315",1010.16,NA,NA,NA,NA,-9.44,NA,1,NA
1874-02-25,NA,NA,NA,NA,NA,NA,NA,NA,NA,NA,NA,-10.83,NA,NA
1874-02-25 07:00:00,-5,0,3,0,NA,1017.61,NA,NA,NA,NA,-11.11,NA,5,NA
1874-02-25 14:00:00,1.67,0,3,0,NA,1021.67,NA,NA,NA,NA,-9.17,NA,5,NA
1874-02-25 21:00:00,2.22,NA,NA,0,NA,1025.06,NA,NA,NA,NA,-12.22,NA,1,NA
1874-02-26,NA,NA,NA,NA,NA,NA,5.59,"2:00 pm",NA,NA,NA,-12.06,NA,"snow flurries"
1874-02-26 07:00:00,-5.56,NA,NA,112.5,NA,1021,NA,NA,NA,NA,-13.33,NA,1,",hz"
1874-02-26 14:00:00,0.56,NA,NA,112.5,NA,1015.92,NA,NA,NA,NA,-10,NA,20,",hz"
1874-02-26 21:00:00,0.56,NA,NA,112.5,NA,1001.02,NA,NA,NA,NA,-12.78,NA,27,",sn"
1874-02-27,NA,NA,NA,NA,NA,NA,0.51,"9:00 pm",NA,NA,NA,-10.44,NA,"flurries"
1874-02-27 07:00:00,-5.83,NA,NA,315,NA,1001.69,NA,NA,NA,NA,-15,NA,1,NA
1874-02-27 14:00:00,-0.56,315,2,315,NA,1003.73,NA,NA,NA,NA,-8.89,NA,2,NA
1874-02-27 21:00:00,-5,NA,NA,225,NA,1000.68,NA,NA,NA,NA,-7.5,NA,1,",sn"
1874-02-28,NA,NA,NA,NA,NA,NA,NA,NA,NA,NA,NA,-8.89,NA,NA
1874-02-28 07:00:00,-5.83,270,1,315,NA,997.97,NA,NA,NA,NA,-12.78,NA,2,NA
1874-02-28 14:00:00,2.22,NA,NA,315,NA,996.61,NA,NA,NA,NA,-6.11,NA,2,NA
1874-02-28 21:00:00,-5,NA,NA,315,NA,995.6,NA,NA,NA,NA,-7.78,NA,2,NA
1874-03-01,NA,NA,NA,NA,NA,NA,0.102,NA,NA,1.02,NA,-18.22,NA,"flurries"
1874-03-01 07:00:00,-10.56,NA,NA,315,NA,1007.79,NA,NA,NA,NA,-22.22,NA,5,",frst"
1874-03-01 14:00:00,-6.39,NA,NA,315,NA,1009.14,NA,NA,NA,NA,-15,NA,5,",hz"
1874-03-01 21:00:00,-8.33,NA,NA,315,NA,1012.19,NA,NA,NA,NA,-17.5,NA,1,NA
1874-03-02,NA,NA,NA,NA,NA,NA,0.406,NA,"10:00 am",4.06,NA,-8.06,NA,"snow"
1874-03-02 07:00:00,-10.56,NA,NA,NA,NA,1014.22,NA,NA,NA,NA,-14.72,NA,0,",frst"
1874-03-02 14:00:00,-5.56,NA,NA,90,NA,1011.85,NA,NA,NA,NA,-5,NA,1,",sn"
1874-03-02 21:00:00,-4.44,NA,NA,90,NA,1019.3,NA,NA,NA,NA,-4.44,NA,11,",sn"
1874-03-03,NA,NA,NA,NA,NA,NA,0.23,"8:00 am",NA,NA,NA,-3.61,NA,NA
1874-03-03 07:00:00,-3.33,NA,NA,247.5,NA,1030.14,NA,NA,NA,NA,-5,NA,5,",frst"
1874-03-03 14:00:00,-3.33,NA,NA,247.5,NA,1029.8,NA,NA,NA,NA,-3.33,NA,5,NA
1874-03-03 21:00:00,-1.67,NA,NA,225,NA,1030.48,NA,NA,NA,NA,-2.5,NA,2,",hz"
1874-03-04,NA,NA,NA,NA,NA,NA,NA,NA,NA,NA,NA,3.89,NA,NA
1874-03-04 07:00:00,1.67,270,1,225,NA,1032.51,NA,NA,NA,NA,2.22,NA,2,NA
1874-03-04 14:00:00,8.33,315,1,225,NA,1032.85,NA,NA,NA,NA,7.22,NA,1,NA
1874-03-04 21:00:00,6.67,NA,NA,225,NA,1032.51,NA,NA,NA,NA,2.22,NA,1,",hz"
1874-03-05,NA,NA,NA,NA,NA,NA,NA,NA,NA,NA,NA,4.17,NA,NA
1874-03-05 07:00:00,4.17,225,1,225,NA,1030.14,NA,NA,NA,NA,2.22,NA,5,NA
1874-03-05 14:00:00,11.11,225,2,225,NA,1027.77,NA,NA,NA,NA,6.11,NA,5,NA
1874-03-05 21:00:00,6.11,NA,NA,225,NA,1025.06,NA,NA,NA,NA,4.17,NA,11,",hz"
1874-03-06,NA,NA,NA,NA,NA,NA,2.03,"2:00 pm",NA,NA,NA,2.06,NA,NA
1874-03-06 07:00:00,5.56,NA,NA,135,NA,1020.32,NA,NA,NA,NA,3.89,NA,1,",hz"
1874-03-06 14:00:00,7.78,NA,NA,135,NA,1018.63,NA,NA,NA,NA,1.11,NA,5,",fg"
1874-03-06 21:00:00,5.56,NA,NA,135,NA,1017.95,NA,NA,NA,NA,1.11,NA,11,",fg"
1874-03-07,NA,NA,NA,NA,NA,NA,4.06,"1:00 pm",NA,NA,NA,1.94,NA,"empty"
1874-03-07 07:00:00,4.44,NA,NA,90,NA,1018.63,NA,NA,NA,NA,1.94,NA,2,",fg"
1874-03-07 14:00:00,6.11,NA,NA,90,NA,1018.96,NA,NA,NA,NA,2.22,NA,1,",fg"
1874-03-07 21:00:00,5,NA,NA,90,NA,1018.96,NA,NA,NA,NA,1.67,NA,2,",fg"
1874-03-08,NA,NA,NA,NA,NA,NA,5.33,"all day",NA,NA,NA,2.11,NA,NA
1874-03-08 07:00:00,4.44,NA,NA,90,NA,1015.92,NA,NA,NA,NA,1.67,NA,2,",fg"
1874-03-08 14:00:00,6.67,NA,NA,45,NA,1015.58,NA,NA,NA,NA,2.22,NA,2,",fg"
1874-03-08 21:00:00,5,NA,NA,45,NA,1008.47,NA,NA,NA,NA,2.5,NA,11,",fg"
1874-03-09,NA,NA,NA,NA,NA,NA,18.03,NA,NA,NA,NA,2.33,NA,"heavy rain"
1874-03-09 07:00:00,4.44,NA,NA,90,NA,993.23,NA,NA,NA,NA,2.22,NA,11,",fg"
1874-03-09 14:00:00,5.56,NA,NA,90,NA,993.23,NA,NA,NA,NA,2.78,NA,5,",fg"
1874-03-09 21:00:00,5,NA,NA,90,NA,990.18,NA,NA,NA,NA,1.94,NA,11,",fg"
1874-03-10,NA,NA,NA,NA,NA,NA,10.67,"9:00 pm",NA,NA,NA,3.5,NA,"rain"
1874-03-10 07:00:00,4.44,NA,NA,NA,NA,984.76,NA,NA,NA,NA,3.33,NA,0,",fg"
1874-03-10 14:00:00,6.67,NA,NA,247.5,NA,987.47,NA,NA,NA,NA,5.56,NA,1,NA
1874-03-10 21:00:00,5.56,NA,NA,NA,NA,991.2,NA,NA,NA,NA,1.67,NA,0,",ra"
1874-03-11,NA,NA,NA,NA,NA,NA,7.62,"8:00 am",NA,0.76,NA,0.67,NA,NA
1874-03-11 07:00:00,3.89,NA,NA,45,NA,984.08,NA,NA,NA,NA,0,NA,1,NA
1874-03-11 14:00:00,6.11,NA,NA,45,NA,982.05,NA,NA,NA,NA,1.11,NA,2,",ra"
1874-03-11 21:00:00,4.44,NA,NA,45,NA,981.38,NA,NA,NA,NA,0.83,NA,1,",ra"
1874-03-12,NA,NA,NA,NA,NA,NA,0.023,"10:00 am",NA,0.23,NA,0.56,NA,"flurries snow"
1874-03-12 07:00:00,4.44,NA,NA,NA,NA,974.26,NA,NA,NA,NA,0,NA,0,",fg"
1874-03-12 14:00:00,5,NA,NA,315,NA,977.99,NA,NA,NA,NA,1.67,NA,5,",sn"
1874-03-12 21:00:00,2.78,NA,NA,315,NA,981.38,NA,NA,NA,NA,0,NA,11,",sn"
1874-03-13,NA,NA,NA,NA,NA,NA,0.254,"8:00 pm",NA,2.54,NA,-0.17,NA,NA
1874-03-13 07:00:00,1.39,247.5,2,225,NA,990.18,NA,NA,NA,NA,-0.83,NA,5,NA
1874-03-13 14:00:00,3.33,NA,NA,225,NA,991.87,NA,NA,NA,NA,0.83,NA,11,",hz"
1874-03-13 21:00:00,1.67,NA,NA,225,NA,995.94,NA,NA,NA,NA,-0.56,NA,2,",hz"
1874-03-14,NA,NA,NA,NA,NA,NA,0.127,NA,NA,1.27,NA,0.28,NA,"flurries snow"
1874-03-14 07:00:00,1.67,NA,NA,225,NA,995.94,NA,NA,NA,NA,0.28,NA,1,NA
1874-03-14 14:00:00,2.22,NA,NA,225,NA,998.31,NA,NA,NA,NA,1.11,NA,1,",hz"
1874-03-14 21:00:00,2.22,NA,NA,225,NA,998.31,NA,NA,NA,NA,-0.56,NA,1,",sn"
1874-03-15,NA,NA,NA,NA,NA,NA,NA,"empty",NA,NA,NA,0.17,NA,"hoar frost"
1874-03-15 07:00:00,3.89,270,2,315,NA,1004.4,NA,NA,NA,NA,-0.56,NA,1,NA
1874-03-15 14:00:00,5,NA,NA,90,NA,1006.77,NA,NA,NA,NA,1.11,NA,1,NA
1874-03-15 21:00:00,3.89,NA,NA,270,NA,1012.87,NA,NA,NA,NA,0,NA,1,NA
1874-03-16,NA,NA,NA,NA,NA,NA,0.023,NA,NA,0.23,NA,-0.39,NA,"flurries"
1874-03-16 07:00:00,2.78,45,2,45,NA,1022.01,NA,NA,NA,NA,0,NA,2,NA
1874-03-16 14:00:00,6.67,NA,NA,45,NA,1024.04,NA,NA,NA,NA,1.67,NA,1,NA
1874-03-16 21:00:00,5.83,NA,NA,NA,NA,1027.43,NA,NA,NA,NA,-2.78,NA,0,NA
1874-03-17,NA,NA,NA,NA,NA,NA,NA,NA,NA,NA,NA,1.67,NA,NA
1874-03-17 07:00:00,2.22,NA,NA,315,NA,1026.41,NA,NA,NA,NA,-1.67,NA,1,NA
1874-03-17 14:00:00,8.89,NA,NA,225,NA,1022.69,NA,NA,NA,NA,4.44,NA,2,NA
1874-03-17 21:00:00,6.67,NA,NA,225,NA,1023.03,NA,NA,NA,NA,2.22,NA,1,NA
1874-03-18,NA,NA,NA,NA,NA,NA,NA,NA,NA,NA,NA,-1.5,NA,NA
1874-03-18 07:00:00,4.44,NA,NA,90,NA,1027.43,NA,NA,NA,NA,-2.5,NA,2,NA
1874-03-18 14:00:00,3.61,NA,2,90,NA,1026.75,NA,NA,NA,NA,1.11,NA,2,NA
1874-03-18 21:00:00,5.56,NA,NA,NA,NA,1025.4,NA,NA,NA,NA,-3.06,NA,0,NA
1874-03-19,NA,NA,NA,NA,NA,NA,NA,NA,NA,NA,NA,0.72,NA,NA
1874-03-19 07:00:00,1.67,NA,NA,225,NA,1015.58,NA,NA,NA,NA,-1.11,NA,1,",hz"
1874-03-19 14:00:00,3.89,NA,NA,225,NA,1010.5,NA,NA,NA,NA,2.22,NA,11,",hz"
1874-03-19 21:00:00,3.33,NA,NA,225,NA,1007.45,NA,NA,NA,NA,1.11,NA,1,",hz"
1874-03-20,NA,NA,NA,NA,NA,NA,NA,NA,NA,NA,NA,2.61,NA,"rain"
1874-03-20 07:00:00,3.89,NA,NA,0,NA,989.84,NA,NA,NA,NA,3.33,NA,0,",fg"
1874-03-20 14:00:00,5.56,NA,NA,225,NA,980.7,NA,NA,NA,NA,5.56,NA,5,",ra"
1874-03-20 21:00:00,5,NA,NA,247.5,NA,980.7,NA,NA,NA,NA,-1.11,NA,11,NA
1874-03-21,NA,NA,NA,NA,NA,NA,0.102,NA,NA,1.02,NA,-4.17,NA,"flurries"
1874-03-21 07:00:00,-1.11,315,3,315,NA,982.73,NA,NA,NA,NA,-3.89,NA,16,NA
1874-03-21 14:00:00,-1.11,NA,NA,315,NA,984.42,NA,NA,NA,NA,-3.33,NA,20,",hz"
1874-03-21 21:00:00,-2.22,NA,NA,315,NA,993.91,NA,NA,NA,NA,-5.28,NA,11,NA
1874-03-22,NA,NA,NA,NA,NA,NA,0.178,NA,"2:00 pm",1.78,NA,-0.72,NA,"snow"
1874-03-22 07:00:00,-0.56,315,2,315,NA,1000.34,NA,NA,NA,NA,-2.78,NA,5,NA
1874-03-22 14:00:00,2.5,NA,NA,225,NA,998.98,NA,NA,NA,NA,2.22,NA,1,",sn"
1874-03-22 21:00:00,1.11,NA,NA,90,NA,994.92,NA,NA,NA,NA,-1.67,NA,5,",sn"
1874-03-23,NA,NA,NA,NA,NA,NA,0.203,NA,"1:00 pm",2.03,NA,-1.11,NA,"snow"
1874-03-23 07:00:00,-2.78,NA,NA,45,NA,987.13,NA,NA,NA,NA,-0.56,NA,1,",hz"
1874-03-23 14:00:00,2.78,NA,NA,315,NA,987.13,NA,NA,NA,NA,1.39,NA,2,",sn"
1874-03-23 21:00:00,-3.33,NA,NA,315,NA,987.13,NA,NA,NA,NA,-4.17,NA,1,",sn"
1874-03-24,NA,NA,NA,NA,NA,NA,NA,NA,NA,NA,NA,-7.33,NA,NA
1874-03-24 07:00:00,-7.22,270,3,315,NA,986.79,NA,NA,NA,NA,-7.78,NA,2,NA
1874-03-24 14:00:00,-1.67,270,3,315,NA,987.13,NA,NA,NA,NA,-4.17,NA,16,NA
1874-03-24 21:00:00,-3.33,NA,NA,315,NA,993.23,NA,NA,NA,NA,-10,NA,16,NA
1874-03-25,NA,NA,NA,NA,NA,NA,0.025,NA,NA,0.25,NA,-8.44,NA,"flurries"
1874-03-25 07:00:00,-3.89,NA,NA,315,NA,1000,NA,NA,NA,NA,-10,NA,2,NA
1874-03-25 14:00:00,1.67,270,2,315,NA,1003.39,NA,NA,NA,NA,-6.11,NA,5,NA
1874-03-25 21:00:00,1.67,NA,NA,315,NA,1009.14,NA,NA,NA,NA,-9.17,NA,1,NA
1874-03-26,NA,NA,NA,NA,NA,NA,0.023,"empty","8:00 am",0.23,NA,-1.5,NA,"snow"
1874-03-26 07:00:00,-1.11,NA,NA,225,NA,1005.42,NA,NA,NA,NA,-2.78,NA,1,",sn"
1874-03-26 14:00:00,0,NA,NA,315,NA,1001.36,NA,NA,NA,NA,1.67,NA,11,",hz"
1874-03-26 21:00:00,0.83,NA,NA,315,NA,1008.13,NA,NA,NA,NA,-3.33,NA,11,NA
1874-03-27,NA,NA,NA,NA,NA,NA,0.356,"9:30 am","4:30 pm",3.56,NA,-2.5,NA,NA
1874-03-27 07:00:00,-2.78,NA,NA,135,NA,1008.13,NA,NA,NA,NA,-3.61,NA,1,",hz"
1874-03-27 14:00:00,1.67,NA,NA,180,NA,996.61,NA,NA,NA,NA,-0.56,NA,1,",sn"
1874-03-27 21:00:00,0,NA,NA,315,NA,996.95,NA,NA,NA,NA,-3.33,NA,5,NA
1874-03-28,NA,NA,NA,NA,NA,NA,0.254,NA,NA,2.54,NA,-4.83,NA,NA
1874-03-28 07:00:00,-1.67,NA,NA,315,NA,1011.85,NA,NA,NA,NA,-6.11,NA,5,NA
1874-03-28 14:00:00,3.89,315,1,315,NA,1013.21,NA,NA,NA,NA,-2.78,NA,5,NA
1874-03-28 21:00:00,1.11,NA,NA,270,NA,1015.24,NA,NA,NA,NA,-5.56,NA,1,",hz"
1874-03-29,NA,NA,NA,NA,NA,NA,0.051,NA,NA,0.51,NA,-4.28,NA,"flurries snow"
1874-03-29 07:00:00,-5,NA,NA,45,NA,1004.4,NA,NA,NA,NA,-6.11,NA,2,",sn"
1874-03-29 14:00:00,1.11,NA,NA,90,NA,1006.77,NA,NA,NA,NA,-1.67,NA,1,",sn"
1874-03-29 21:00:00,-2.22,NA,NA,315,NA,1009.14,NA,NA,NA,NA,-5,NA,1,NA
1874-03-30,NA,NA,NA,NA,NA,NA,NA,NA,NA,NA,NA,-7.39,NA,NA
1874-03-30 07:00:00,-5,NA,NA,315,NA,1015.92,NA,NA,NA,NA,-10.56,NA,2,NA
1874-03-30 14:00:00,-0.56,270,1,315,NA,1017.61,NA,NA,NA,NA,-3.89,NA,5,NA
1874-03-30 21:00:00,-0.56,NA,1,270,"270",1017.95,NA,NA,NA,NA,-7.78,NA,1,NA
1874-03-31,NA,NA,NA,NA,NA,NA,0.102,"8:30 am","2:00 pm",1.02,NA,-4.44,NA,"snow"
1874-03-31 07:00:00,-5.56,NA,NA,135,NA,1010.16,NA,NA,NA,NA,-6.67,NA,1,",sn"
1874-03-31 14:00:00,-1.11,NA,NA,225,NA,999.66,NA,NA,NA,NA,-0.56,NA,5,",sn"
1874-03-31 21:00:00,-1.67,NA,NA,0,NA,1001.69,NA,NA,NA,NA,-6.11,NA,1,NA
1874-04-01,NA,NA,NA,NA,NA,NA,NA,NA,NA,NA,NA,-7.06,NA,NA
1874-04-01 07:00:00,-2.78,0,0,315,NA,1006.43,NA,NA,NA,NA,-8.33,NA,2,NA
1874-04-01 14:00:00,2.78,0,1,315,NA,1014.22,NA,NA,NA,NA,-5,NA,5,NA
1874-04-01 21:00:00,0.44,NA,NA,NA,NA,1021.67,NA,NA,NA,NA,-7.78,NA,0,NA
1874-04-02,NA,NA,NA,NA,NA,NA,NA,NA,NA,NA,NA,-5.67,NA,NA
1874-04-02 07:00:00,-3.89,NA,NA,NA,NA,1025.4,NA,NA,NA,NA,-8.33,NA,0,NA
1874-04-02 14:00:00,1.11,NA,NA,135,NA,1023.71,NA,NA,NA,NA,-2.5,NA,1,",hz"
1874-04-02 21:00:00,0,NA,NA,NA,NA,1020.66,NA,NA,NA,NA,-6.11,NA,0,NA
1874-04-03,NA,NA,NA,NA,NA,NA,0.635,NA,"9:00 pm",6.35,NA,-1.28,NA,NA
1874-04-03 07:00:00,-1.67,135,1,135,NA,1016.59,NA,NA,NA,NA,-2.78,NA,1,NA
1874-04-03 14:00:00,3.33,NA,NA,135,NA,1014.56,NA,NA,NA,NA,0.56,NA,1,",hz"
1874-04-03 21:00:00,1.67,NA,NA,135,NA,1006.43,NA,NA,NA,NA,-1.67,NA,2,",sn"
1874-04-04,NA,NA,NA,NA,NA,NA,0.025,NA,NA,0.25,NA,0,NA,"flurries"
1874-04-04 07:00:00,1.67,NA,NA,225,NA,998.98,NA,NA,NA,NA,0.56,NA,2,",hz"
1874-04-04 14:00:00,6.67,NA,NA,315,NA,1005.08,NA,NA,NA,NA,1.67,NA,16,NA
1874-04-04 21:00:00,4.44,NA,NA,247.5,NA,1007.79,NA,NA,NA,NA,-2.22,NA,1,",hz"
1874-04-05,NA,NA,NA,NA,NA,NA,0.279,NA,"8:00 am",2.79,NA,-5.56,NA,"hail drift snow"
1874-04-05 07:00:00,1.67,NA,NA,315,NA,1008.13,NA,NA,NA,NA,-6.11,NA,20,",sn"
1874-04-05 14:00:00,1.11,NA,NA,315,NA,997.29,NA,NA,NA,NA,-5.56,NA,20,",sn"
1874-04-05 21:00:00,-1.11,NA,NA,315,NA,1004.74,NA,NA,NA,NA,-5,NA,27,NA
1874-04-06,NA,NA,NA,NA,NA,NA,0.432,NA,"6:00 pm",4.32,NA,-1.28,NA,"hail rain snow"
1874-04-06 07:00:00,-1.11,NA,NA,315,NA,1020.66,NA,NA,NA,NA,-2.78,NA,11,NA
1874-04-06 14:00:00,4.72,NA,NA,315,NA,1024.38,NA,NA,NA,NA,0.56,NA,16,NA
1874-04-06 21:00:00,2.22,NA,NA,135,NA,1016.93,NA,NA,NA,NA,-1.67,NA,5,",sn"
1874-04-07,NA,NA,NA,NA,NA,NA,NA,NA,NA,NA,NA,1.11,NA,NA
1874-04-07 07:00:00,2.78,NA,NA,247.5,NA,1009.48,NA,NA,NA,NA,0.56,NA,16,NA
1874-04-07 14:00:00,6.67,270,1,270,NA,1015.24,NA,NA,NA,NA,2.22,NA,2,NA
1874-04-07 21:00:00,4.44,NA,NA,225,NA,1018.96,NA,NA,NA,NA,0.56,NA,1,NA
1874-04-08,NA,NA,NA,NA,NA,NA,NA,NA,NA,NA,NA,2.78,NA,NA
1874-04-08 07:00:00,3.06,270,1,247.5,NA,1018.63,NA,NA,NA,NA,1.11,NA,1,NA
1874-04-08 14:00:00,9.44,270,1,135,NA,1021.33,NA,NA,NA,NA,5.56,NA,2,NA
1874-04-08 21:00:00,7.22,NA,NA,135,NA,1023.37,NA,NA,NA,NA,1.67,NA,2,NA
1874-04-09,NA,NA,NA,NA,NA,NA,0.457,"10:00 am","10:00 pm",4.57,NA,1.22,NA,"snow"
1874-04-09 07:00:00,3.89,NA,NA,135,NA,1018.96,NA,NA,NA,NA,0.83,NA,1,",hz"
1874-04-09 14:00:00,4.44,NA,NA,135,NA,1025.74,NA,NA,NA,NA,1.67,NA,1,",sn"
1874-04-09 21:00:00,3.89,NA,NA,135,NA,1012.53,NA,NA,NA,NA,1.11,NA,2,",hz"
1874-04-10,NA,NA,NA,NA,NA,NA,1.499,NA,"4:00 pm",14.99,NA,-5,NA,"snow rain"
1874-04-10 07:00:00,1.11,NA,NA,45,NA,1024.04,NA,NA,NA,NA,-6.11,NA,1,",hz"
1874-04-10 14:00:00,2.22,NA,NA,45,NA,1021,NA,NA,NA,NA,-3.89,NA,2,",hz"
1874-04-10 21:00:00,1.11,NA,NA,45,NA,1008.47,NA,NA,NA,NA,-5,NA,20,",sn"
1874-04-11,NA,NA,NA,NA,NA,NA,0.023,NA,NA,0.23,NA,-3.44,NA,NA
1874-04-11 07:00:00,1.11,NA,NA,45,NA,993.23,NA,NA,NA,NA,-2.22,NA,11,",hz"
1874-04-11 14:00:00,-1.11,NA,NA,45,NA,998.31,NA,NA,NA,NA,-3.89,NA,11,",hz"
1874-04-11 21:00:00,1.67,NA,NA,NA,NA,1010.5,NA,NA,NA,NA,-4.17,NA,0,",hz"
1874-04-12,NA,NA,NA,NA,NA,NA,0.203,"empty","12:00 pm",2.03,NA,-0.83,NA,"snow"
1874-04-12 07:00:00,1.11,NA,NA,135,NA,1014.22,NA,NA,NA,NA,-1.94,NA,1,",hz"
1874-04-12 14:00:00,3.33,NA,NA,135,NA,1011.51,NA,NA,NA,NA,0,NA,2,",fg"
1874-04-12 21:00:00,1.67,NA,NA,90,NA,1002.37,NA,NA,NA,NA,-0.56,NA,2,",sn"
1874-04-13,NA,NA,NA,NA,NA,NA,0.023,NA,NA,0.23,NA,-3.72,NA,"flurries"
1874-04-13 07:00:00,0.56,NA,NA,0,NA,1006.77,NA,NA,NA,NA,-4.17,NA,5,",hz"
1874-04-13 14:00:00,6.11,0,2,45,NA,1013.21,NA,NA,NA,NA,-2.5,NA,5,NA
1874-04-13 21:00:00,2.78,NA,NA,45,NA,1021,NA,NA,NA,NA,-4.44,NA,1,",hz"
1874-04-14,NA,NA,NA,NA,NA,NA,NA,NA,NA,NA,NA,-2.61,NA,NA
1874-04-14 07:00:00,-0.56,NA,NA,247.5,NA,1025.4,NA,NA,NA,NA,-5.56,NA,1,NA
1874-04-14 14:00:00,6.67,NA,NA,247.5,NA,1024.38,NA,NA,NA,NA,0.56,NA,2,NA
1874-04-14 21:00:00,3.33,NA,NA,247.5,NA,1024.04,NA,NA,NA,NA,-2.78,NA,1,NA
1874-04-15,NA,NA,NA,NA,NA,NA,NA,NA,NA,NA,NA,0.17,NA,NA
1874-04-15 07:00:00,1.11,NA,NA,NA,NA,1017.95,NA,NA,NA,NA,-1.11,NA,0,NA
1874-04-15 14:00:00,3.33,90,1,135,NA,1014.9,NA,NA,NA,NA,1.11,NA,1,NA
1874-04-15 21:00:00,0,NA,NA,225,NA,1010.16,NA,NA,NA,NA,0.56,NA,1,",hz"
1874-04-16,NA,NA,NA,NA,NA,NA,10.16,"10:00 am","6:00 pm",NA,NA,1.28,NA,"rain"
1874-04-16 07:00:00,3.33,270,1,270,NA,1001.02,NA,NA,NA,NA,0,NA,1,NA
1874-04-16 14:00:00,4.44,NA,NA,225,NA,995.6,NA,NA,NA,NA,2.22,NA,1,",fg"
1874-04-16 21:00:00,4.44,NA,NA,225,NA,989.84,NA,NA,NA,NA,1.67,NA,2,",hz"
1874-04-17,NA,NA,NA,NA,NA,NA,NA,NA,NA,NA,NA,2.11,NA,NA
1874-04-17 07:00:00,4.17,NA,NA,270,NA,998.98,NA,NA,NA,NA,1.94,NA,2,NA
1874-04-17 14:00:00,9.44,NA,NA,270,NA,1006.77,NA,NA,NA,NA,5.56,NA,11,NA
1874-04-17 21:00:00,6.11,NA,NA,270,NA,1015.24,NA,NA,NA,NA,-1.11,NA,1,NA
1874-04-18,NA,NA,NA,NA,NA,NA,NA,NA,NA,NA,NA,0.67,NA,NA
1874-04-18 07:00:00,2.22,NA,NA,247.5,NA,1017.61,NA,NA,NA,NA,-0.28,NA,1,NA
1874-04-18 14:00:00,6.11,NA,NA,225,NA,1015.24,NA,NA,NA,NA,3.33,NA,2,NA
1874-04-18 21:00:00,3.89,NA,NA,315,NA,1013.88,NA,NA,NA,NA,-1.11,NA,2,NA
1874-04-19,NA,NA,NA,NA,NA,NA,NA,NA,NA,NA,NA,1.94,NA,NA
1874-04-19 07:00:00,1.11,NA,NA,315,NA,1019.3,NA,NA,NA,NA,-0.28,NA,5,NA
1874-04-19 14:00:00,4.72,NA,NA,315,NA,1018.63,NA,NA,NA,NA,4.44,NA,5,NA
1874-04-19 21:00:00,3.89,NA,NA,247.5,NA,1014.22,NA,NA,NA,NA,1.67,NA,16,",hz"
1874-04-20,NA,NA,NA,NA,NA,NA,0.025,"8:00 pm",NA,0.25,NA,0,NA,"flurries snow"
1874-04-20 07:00:00,2.78,NA,NA,315,NA,1005.76,NA,NA,NA,NA,0.83,NA,5,",sn"
1874-04-20 14:00:00,6.11,NA,NA,45,NA,1011.18,NA,NA,NA,NA,1.67,NA,5,NA
1874-04-20 21:00:00,3.89,NA,NA,NA,NA,1015.92,NA,NA,NA,NA,-2.5,NA,0,NA
1874-04-21,NA,NA,NA,NA,NA,NA,0.051,NA,NA,0.51,NA,-2.33,NA,"flurries"
1874-04-21 07:00:00,0.56,NA,NA,45,NA,1014.56,NA,NA,NA,NA,-3.33,NA,1,NA
1874-04-21 14:00:00,6.11,NA,NA,45,NA,1011.18,NA,NA,NA,NA,-1.11,NA,5,NA
1874-04-21 21:00:00,4.44,NA,NA,45,NA,1007.79,NA,NA,NA,NA,-2.5,NA,5,",hz"
1874-04-22,NA,NA,NA,NA,NA,NA,0.178,NA,NA,1.78,NA,0.28,NA,"flurries in the night"
1874-04-22 07:00:00,3.61,NA,NA,45,NA,1001.69,NA,NA,NA,NA,-1.11,NA,5,",hz"
1874-04-22 14:00:00,5.56,NA,NA,45,NA,1001.69,NA,NA,NA,NA,1.94,NA,5,",hz"
1874-04-22 21:00:00,6.67,NA,NA,45,NA,1001.36,NA,NA,NA,NA,0,NA,2,",hz"
1874-04-23,NA,NA,NA,NA,NA,NA,NA,NA,NA,NA,NA,1.67,NA,NA
1874-04-23 07:00:00,5,NA,NA,0,NA,1004.4,NA,NA,NA,NA,0.56,NA,1,",hz"
1874-04-23 14:00:00,9.44,NA,NA,0,NA,1007.79,NA,NA,NA,NA,4.44,NA,1,",hz"
1874-04-23 21:00:00,6.39,NA,NA,0,NA,1010.5,NA,NA,NA,NA,0,NA,1,NA
1874-04-24,NA,NA,NA,NA,NA,NA,NA,NA,NA,NA,NA,2.61,NA,NA
1874-04-24 07:00:00,4.44,NA,NA,315,NA,1010.5,NA,NA,NA,NA,2.78,NA,1,",hz"
1874-04-24 14:00:00,9.44,315,1,315,NA,1008.47,NA,NA,NA,NA,3.89,NA,2,NA
1874-04-24 21:00:00,8.33,NA,NA,315,NA,1008.13,NA,NA,NA,NA,1.11,NA,1,NA
1874-04-25,NA,NA,NA,NA,NA,NA,NA,NA,NA,NA,NA,2.67,NA,NA
1874-04-25 07:00:00,6.67,NA,NA,0,NA,1010.5,NA,NA,NA,NA,2.22,NA,2,",hz"
1874-04-25 14:00:00,10,315,2,45,NA,1014.22,NA,NA,NA,NA,5.56,NA,5,NA
1874-04-25 21:00:00,6.11,NA,NA,45,NA,1017.27,NA,NA,NA,NA,0.28,NA,1,NA
1874-04-26,NA,NA,NA,NA,NA,NA,0.305,NA,NA,3.05,NA,1.28,NA,"continuous shower"
1874-04-26 07:00:00,3.89,NA,NA,45,NA,1017.27,NA,NA,NA,NA,2.78,NA,2,NA
1874-04-26 14:00:00,5.56,NA,NA,45,NA,1015.92,NA,NA,NA,NA,1.67,NA,2,NA
1874-04-26 21:00:00,3.89,NA,NA,45,NA,1012.19,NA,NA,NA,NA,-0.56,NA,2,",hz"
1874-04-27,NA,NA,NA,NA,NA,NA,0.102,NA,NA,1.02,NA,-0.72,NA,"lght showers snow"
1874-04-27 07:00:00,4.44,NA,NA,90,NA,996.95,NA,NA,NA,NA,-2.22,NA,5,",sn"
1874-04-27 14:00:00,8.33,NA,NA,90,NA,990.52,NA,NA,NA,NA,0.56,NA,5,",sn"
1874-04-27 21:00:00,7.78,NA,NA,NA,NA,987.47,NA,NA,NA,NA,-0.56,NA,0,",hz"
1874-04-28,NA,NA,NA,NA,NA,NA,NA,NA,NA,NA,NA,2.89,NA,NA
1874-04-28 07:00:00,5,270,1,315,NA,986.46,NA,NA,NA,NA,1.11,NA,2,NA
1874-04-28 14:00:00,11.67,270,1,315,NA,992.89,NA,NA,NA,NA,4.72,NA,11,NA
1874-04-28 21:00:00,10,NA,NA,270,NA,1000.68,NA,NA,NA,NA,2.78,NA,1,",hz"
1874-04-29,NA,NA,NA,NA,NA,NA,NA,NA,NA,NA,NA,6.22,NA,NA
1874-04-29 07:00:00,6.67,270,1,0,NA,1011.85,NA,NA,NA,NA,4.44,NA,1,NA
1874-04-29 14:00:00,10.56,270,1,247.5,NA,1018.29,NA,NA,NA,NA,10.83,NA,2,NA
1874-04-29 21:00:00,9.44,NA,NA,270,NA,1023.03,NA,NA,NA,NA,3.33,NA,5,NA
1874-04-30,NA,NA,NA,NA,NA,NA,10.41,"6:00 pm",NA,41.91,NA,6.67,NA,"rain"
1874-04-30 07:00:00,6.11,NA,NA,NA,NA,1024.04,NA,NA,NA,NA,6.67,NA,0,",hz"
1874-04-30 14:00:00,10,NA,NA,90,NA,1021,NA,NA,NA,NA,8.89,NA,1,NA
1874-04-30 21:00:00,8.33,NA,NA,90,NA,1013.21,NA,NA,NA,NA,4.44,NA,2,",ra"
1874-05-01,NA,NA,NA,NA,NA,NA,1.02,"8 am","empty",0,NA,2.94,NA,"s"
1874-05-01 07:00:00,6.94,NA,0,270,NA,1008.13,NA,NA,NA,NA,5,NA,1,NA
1874-05-01 14:00:00,10.56,270,1,270,NA,1008.13,NA,NA,NA,NA,2.78,NA,2,NA
1874-05-01 21:00:00,9.17,NA,NA,180,NA,1009.14,NA,NA,NA,NA,1.11,NA,1,NA
1874-05-02,NA,NA,NA,NA,NA,NA,4.32,"8.15 am","empty",0,NA,1,NA,"s"
1874-05-02 07:00:00,6.39,NA,NA,135,NA,1005.08,NA,NA,NA,NA,1.67,NA,1,",fg"
1874-05-02 14:00:00,7.22,NA,NA,135,NA,1004.06,NA,NA,NA,NA,1.39,NA,1,",sn"
1874-05-02 21:00:00,6.11,NA,NA,90,NA,1003.73,NA,NA,NA,NA,0,NA,2,",sn"
1874-05-03,NA,NA,NA,NA,NA,NA,20.32,"8 am","continuing",0,NA,0.17,NA,"s"
1874-05-03 07:00:00,5,NA,NA,45,NA,998.65,NA,NA,NA,NA,0,NA,5,",fg"
1874-05-03 14:00:00,5,NA,NA,45,NA,996.28,NA,NA,NA,NA,0.56,NA,5,",ra"
1874-05-03 21:00:00,3.89,NA,NA,45,NA,988.49,NA,NA,NA,NA,0,NA,16,",sn"
1874-05-04,NA,NA,NA,NA,NA,NA,3.3,"8 am","noon",0,NA,2.33,NA,"s"
1874-05-04 07:00:00,3.89,NA,NA,45,NA,982.05,NA,NA,NA,NA,1.11,NA,2,",sn"
1874-05-04 14:00:00,7.22,NA,NA,270,NA,986.12,NA,NA,NA,NA,3.33,NA,2,NA
1874-05-04 21:00:00,6.11,NA,NA,270,NA,992.21,NA,NA,NA,NA,2.5,NA,5,",hz"
1874-05-05,NA,NA,NA,NA,NA,NA,0,"empty","empty",0,NA,2.06,NA,"empty"
1874-05-05 07:00:00,3.33,270,2,270,NA,998.98,NA,NA,NA,NA,2.78,NA,11,NA
1874-05-05 14:00:00,6.39,270,2,270,NA,1004.06,NA,NA,NA,NA,3.89,NA,16,NA
1874-05-05 21:00:00,5,NA,NA,270,NA,1008.81,NA,NA,NA,NA,-0.56,NA,1,NA
1874-05-06,NA,NA,NA,NA,NA,NA,16.76,"7 am","empty",0,NA,2.22,NA,"rain, snow and haze"
1874-05-06 07:00:00,3.33,NA,NA,45,NA,1004.06,NA,NA,NA,NA,1.67,NA,11,",ra"
1874-05-06 14:00:00,4.44,NA,NA,45,NA,990.86,NA,NA,NA,NA,3.33,NA,1,",sn"
1874-05-06 21:00:00,5,NA,NA,NA,NA,1004.4,NA,NA,NA,NA,1.67,NA,0,",hz"
1874-05-07,NA,NA,NA,NA,NA,NA,0,"empty","empty",0,NA,4.17,NA,"empty"
1874-05-07 07:00:00,3.33,135,1,135,NA,1014.9,NA,NA,NA,NA,5.83,NA,1,NA
1874-05-07 14:00:00,8.33,NA,NA,135,NA,1016.59,NA,NA,NA,NA,4.72,NA,2,NA
1874-05-07 21:00:00,6.11,NA,NA,NA,NA,1017.61,NA,NA,NA,NA,1.94,NA,0,",hz"
1874-05-08,NA,NA,NA,NA,NA,NA,0,"empty","empty",0,NA,6.28,NA,"empty"
1874-05-08 07:00:00,4.44,NA,NA,NA,NA,1021.33,NA,NA,NA,NA,8.33,NA,0,NA
1874-05-08 14:00:00,9.72,NA,NA,90,NA,1020.32,NA,NA,NA,NA,6.67,NA,1,NA
1874-05-08 21:00:00,8.89,NA,NA,270,NA,1021,NA,NA,NA,NA,3.89,NA,1,NA
1874-05-09,NA,NA,NA,NA,NA,NA,1.02,"empty","empty",0,NA,3.22,NA,"flurry [snow]"
1874-05-09 07:00:00,5.28,NA,NA,135,NA,1015.92,NA,NA,NA,NA,3.06,NA,1,NA
1874-05-09 14:00:00,8.89,135,1,270,NA,1011.85,NA,NA,NA,NA,5.56,NA,1,NA
1874-05-09 21:00:00,7.78,NA,NA,270,NA,1010.5,NA,NA,NA,NA,1.11,NA,1,NA
1874-05-10,NA,NA,NA,NA,NA,NA,0.51,"empty","empty",0,NA,2.94,NA,"light"
1874-05-10 07:00:00,5.56,NA,NA,NA,NA,1007.11,NA,NA,NA,NA,3.89,NA,0,",fg"
1874-05-10 14:00:00,8.33,NA,NA,90,NA,1005.76,NA,NA,NA,NA,2.78,NA,1,NA
1874-05-10 21:00:00,7.22,NA,NA,225,NA,1008.47,NA,NA,NA,NA,2.22,NA,1,NA
1874-05-11,NA,NA,NA,NA,NA,NA,0.23,"empty","empty",0,NA,3.06,NA,"light"
1874-05-11 07:00:00,5.56,0,2,0,NA,1014.22,NA,NA,NA,NA,3.06,NA,2,NA
1874-05-11 14:00:00,7.22,NA,NA,0,NA,1014.22,NA,NA,NA,NA,3.89,NA,5,",hz"
1874-05-11 21:00:00,6.67,NA,NA,45,NA,1016.26,NA,NA,NA,NA,2.22,NA,1,",hz"
1874-05-12,NA,NA,NA,NA,NA,NA,0,"empty","empty",0,NA,2.11,NA,"s"
1874-05-12 07:00:00,4.44,NA,NA,315,NA,1015.24,NA,NA,NA,NA,1.39,NA,2,",sn"
1874-05-12 14:00:00,6.39,NA,NA,45,NA,1014.22,NA,NA,NA,NA,4.44,NA,2,",hz"
1874-05-12 21:00:00,6.11,NA,NA,270,NA,1014.56,NA,NA,NA,NA,0.56,NA,1,NA
1874-05-13,NA,NA,NA,NA,NA,NA,0,"empty","empty",0,NA,4.44,NA,"empty"
1874-05-13 07:00:00,3.89,NA,NA,225,NA,1010.84,NA,NA,NA,NA,8.33,NA,1,NA
1874-05-13 14:00:00,10,45,1,45,NA,1010.5,NA,NA,NA,NA,4.44,NA,2,NA
1874-05-13 21:00:00,7.22,NA,NA,NA,NA,1011.51,NA,NA,NA,NA,0.56,NA,0,NA
1874-05-14,NA,NA,NA,NA,NA,NA,0,"7.45 pm","empty",0.25,NA,4.89,NA,"r"
1874-05-14 07:00:00,5,NA,NA,135,NA,1009.14,NA,NA,NA,NA,2.78,NA,1,",ra"
1874-05-14 14:00:00,7.22,0,1,90,NA,1006.43,NA,NA,NA,NA,6.39,NA,1,NA
1874-05-14 21:00:00,7.22,NA,NA,NA,NA,1005.76,NA,NA,NA,NA,5.56,NA,0,NA
1874-05-15,NA,NA,NA,NA,NA,NA,0,"empty","empty",0,NA,5.83,NA,"empty"
1874-05-15 07:00:00,6.67,NA,NA,247.5,NA,1003.05,NA,NA,NA,NA,5.56,NA,5,",hz"
1874-05-15 14:00:00,9.44,NA,NA,247.5,NA,1003.05,NA,NA,NA,NA,9.44,NA,5,",hz"
1874-05-15 21:00:00,6.67,NA,2,45,"0",1014.9,NA,NA,NA,NA,2.5,NA,11,NA
1874-05-16,NA,NA,NA,NA,NA,NA,0,"empty","empty",0,NA,4.89,NA,"empty"
1874-05-16 07:00:00,3.33,0,2,45,NA,1021.67,NA,NA,NA,NA,3.89,NA,1,NA
1874-05-16 14:00:00,11.11,0,2,90,NA,1024.04,NA,NA,NA,NA,7.5,NA,1,NA
1874-05-16 21:00:00,8.61,NA,NA,NA,NA,1024.72,NA,NA,NA,NA,3.33,NA,0,NA
1874-05-17,NA,NA,NA,NA,NA,NA,13.97,"10.45 am","continuous",0,NA,3.72,NA,"r"
1874-05-17 07:00:00,7.22,NA,NA,135,NA,1025.06,NA,NA,NA,NA,4.44,NA,1,",hz"
1874-05-17 14:00:00,7.22,NA,NA,45,NA,1023.37,NA,NA,NA,NA,3.89,NA,1,",ra"
1874-05-17 21:00:00,6.67,NA,NA,225,NA,1017.61,NA,NA,NA,NA,2.78,NA,1,",ra"
1874-05-18,NA,NA,NA,NA,NA,NA,6.1,"8.30 pm","empty",0,NA,6.67,NA,"r"
1874-05-18 07:00:00,5.56,NA,NA,NA,NA,1014.22,NA,NA,NA,NA,4.44,NA,0,",fg"
1874-05-18 14:00:00,11.67,NA,NA,90,NA,1017.95,NA,NA,NA,NA,10,NA,1,NA
1874-05-18 21:00:00,9.44,NA,NA,90,NA,1021,NA,NA,NA,NA,5.56,NA,1,",fg"
1874-05-19,NA,NA,NA,NA,NA,NA,2.54,"8.45 am","empty",0,NA,6.5,NA,"r"
1874-05-19 07:00:00,3.89,NA,NA,135,NA,1021.33,NA,NA,NA,NA,5.83,NA,1,",ra"
1874-05-19 14:00:00,11.11,NA,NA,135,NA,1021.33,NA,NA,NA,NA,9.17,NA,1,",fg"
1874-05-19 21:00:00,8.89,NA,NA,90,NA,1022.69,NA,NA,NA,NA,4.44,NA,1,",ra"
1874-05-20,NA,NA,NA,NA,NA,NA,0.76,"8am","empty",0,NA,14.56,NA,"r"
1874-05-20 07:00:00,12.78,NA,NA,225,NA,1023.37,NA,NA,NA,NA,11.67,NA,1,",hz"
1874-05-20 14:00:00,19.44,NA,NA,225,NA,1024.04,NA,NA,NA,NA,19.44,NA,2,NA
1874-05-20 21:00:00,15.56,NA,NA,225,NA,1025.06,NA,NA,NA,NA,12.5,NA,1,",fg"
1874-05-21,NA,NA,NA,NA,NA,NA,0.51,"empty","empty",0,NA,11.5,NA,"r"
1874-05-21 07:00:00,14.44,NA,NA,225,NA,1022.01,NA,NA,NA,NA,13.33,NA,1,",ra"
1874-05-21 14:00:00,14.44,NA,NA,247.5,NA,1017.61,NA,NA,NA,NA,13.33,NA,5,NA
1874-05-21 21:00:00,12.22,NA,NA,270,NA,1018.63,NA,NA,NA,NA,7.78,NA,5,",hz"
1874-05-22,NA,NA,NA,NA,NA,NA,0.25,"8.10 am","empty",0,NA,8.5,NA,"r"
1874-05-22 07:00:00,10.56,NA,NA,135,NA,1017.95,NA,NA,NA,NA,8.33,NA,1,",ra"
1874-05-22 14:00:00,12.78,NA,NA,135,NA,1017.27,NA,NA,NA,NA,11.11,NA,1,",fg"
1874-05-22 21:00:00,12.22,NA,NA,NA,NA,1014.22,NA,NA,NA,NA,6.11,NA,0,NA
1874-05-23,NA,NA,NA,NA,NA,NA,0,"empty","empty",0,NA,10.56,NA,"empty"
1874-05-23 07:00:00,11.67,NA,NA,225,NA,1010.84,NA,NA,NA,NA,13.33,NA,1,NA
1874-05-23 14:00:00,13.89,NA,NA,270,NA,1009.14,NA,NA,NA,NA,12.22,NA,16,NA
1874-05-23 21:00:00,10.56,NA,NA,270,NA,1008.81,NA,NA,NA,NA,6.11,NA,5,NA
1874-05-24,NA,NA,NA,NA,NA,NA,0,"empty","empty",0,NA,9.17,NA,"empty"
1874-05-24 07:00:00,8.89,NA,NA,270,NA,1010.5,NA,NA,NA,NA,10.83,NA,11,NA
1874-05-24 14:00:00,11.67,270,4,247.5,NA,1012.53,NA,NA,NA,NA,11.67,NA,16,NA
1874-05-24 21:00:00,9.44,NA,NA,247.5,NA,1016.59,NA,NA,NA,NA,5,NA,1,NA
1874-05-25,NA,NA,NA,NA,NA,NA,0,"empty","empty",0,NA,9.44,NA,"empty"
1874-05-25 07:00:00,7.22,NA,NA,270,NA,1019.3,NA,NA,NA,NA,10.56,NA,2,NA
1874-05-25 14:00:00,11.67,NA,NA,270,NA,1019.64,NA,NA,NA,NA,11.67,NA,2,NA
1874-05-25 21:00:00,10.56,NA,NA,NA,NA,1022.01,NA,NA,NA,NA,6.11,NA,0,NA
1874-05-26,NA,NA,NA,NA,NA,NA,11.18,"8 pm","empty",0,NA,10.39,NA,"r"
1874-05-26 07:00:00,7.22,NA,NA,90,NA,1026.08,NA,NA,NA,NA,14.44,NA,1,NA
1874-05-26 14:00:00,6.67,NA,NA,90,NA,1027.77,NA,NA,NA,NA,9.44,NA,1,NA
1874-05-26 21:00:00,10,NA,NA,NA,NA,1027.77,NA,NA,NA,NA,7.22,NA,0,",ra"
1874-05-27,NA,NA,NA,NA,NA,NA,0.254,"8:00 am",NA,2.54,NA,9.28,NA,"light drizzle"
1874-05-27 07:00:00,7.78,NA,NA,180,NA,1016.59,NA,NA,NA,NA,6.11,NA,2,",ra"
1874-05-27 14:00:00,11.11,NA,NA,225,NA,1015.24,NA,NA,NA,NA,11.11,NA,1,",ra"
1874-05-27 21:00:00,11.67,NA,NA,270,NA,1014.56,NA,NA,NA,NA,10.56,NA,1,",hz"
1874-05-28,NA,NA,NA,NA,NA,NA,9.14,"8 pm","night",0,NA,12.11,NA,"r"
1874-05-28 07:00:00,11.67,247.5,4,247.5,NA,1014.22,NA,NA,NA,NA,12.22,NA,5,NA
1874-05-28 14:00:00,16.67,270,2,270,NA,1013.55,NA,NA,NA,NA,18.61,NA,11,NA
1874-05-28 21:00:00,12.78,NA,NA,247.5,NA,1010.84,NA,NA,NA,NA,5.56,NA,2,",hz"
1874-05-29,NA,NA,NA,NA,NA,NA,2.54,"7.30 am","8 pm",0,NA,3.17,NA,"r"
1874-05-29 07:00:00,10.28,NA,NA,0,NA,1018.29,NA,NA,NA,NA,1.67,NA,5,",ra"
1874-05-29 14:00:00,11.11,NA,NA,90,NA,1017.61,NA,NA,NA,NA,4.44,NA,1,",hz"
1874-05-29 21:00:00,9.44,NA,NA,45,NA,1016.93,NA,NA,NA,NA,3.33,NA,1,",ra"
1874-05-30,NA,NA,NA,NA,NA,NA,0,"empty","empty",0,NA,7.89,NA,"empty"
1874-05-30 07:00:00,6.67,315,1,270,NA,1015.24,NA,NA,NA,NA,7.78,NA,2,NA
1874-05-30 14:00:00,10.28,270,1,315,NA,1013.21,NA,NA,NA,NA,10.28,NA,5,NA
1874-05-30 21:00:00,9.72,NA,NA,247.5,NA,1015.92,NA,NA,NA,NA,5.56,NA,1,NA
1874-05-31,NA,NA,NA,NA,NA,NA,13.97,"night","empty",0,NA,8.33,NA,"9.30 pm"
1874-05-31 07:00:00,7.22,315,2,315,NA,1019.64,NA,NA,NA,NA,9.44,NA,1,NA
1874-05-31 14:00:00,11.11,NA,NA,135,NA,1018.63,NA,NA,NA,NA,15,NA,1,",hz"
1874-05-31 21:00:00,8.33,NA,NA,225,NA,1013.88,NA,NA,NA,NA,5.56,NA,1,",hz"
1874-06-01,NA,NA,NA,NA,NA,NA,30.23,"7:00 am",NA,NA,NA,2.94,NA,"rain"
1874-06-01 07:00:00,7.78,NA,NA,45,NA,997.97,NA,NA,NA,NA,3.89,NA,1,",ra"
1874-06-01 14:00:00,8.89,NA,NA,45,NA,997.97,NA,NA,NA,NA,2.78,NA,2,",ra"
1874-06-01 21:00:00,7.22,NA,NA,45,NA,998.98,NA,NA,NA,NA,2.22,NA,20,",sn"
1874-06-02,NA,NA,NA,NA,NA,NA,0.076,"8:00 am","10:30 am",0.76,NA,1.67,NA,"rain"
1874-06-02 07:00:00,6.11,NA,NA,45,NA,1000.34,NA,NA,NA,NA,1.67,NA,11,",hz"
1874-06-02 14:00:00,9.44,45,5,45,NA,1006.43,NA,NA,NA,NA,3.61,NA,11,NA
1874-06-02 21:00:00,6.11,NA,NA,45,NA,1012.53,NA,NA,NA,NA,-0.28,NA,1,NA
1874-06-03,NA,NA,NA,NA,NA,NA,NA,NA,NA,NA,NA,6.94,NA,NA
1874-06-03 07:00:00,4.44,NA,NA,315,NA,1021,NA,NA,NA,NA,7.5,NA,1,NA
1874-06-03 14:00:00,10.56,NA,NA,270,NA,1021.33,NA,NA,NA,NA,10.56,NA,5,NA
1874-06-03 21:00:00,7.22,NA,NA,270,NA,1022.69,NA,NA,NA,NA,2.78,NA,2,NA
1874-06-04,NA,NA,NA,NA,NA,NA,NA,NA,NA,NA,NA,11.78,NA,NA
1874-06-04 07:00:00,7.78,NA,NA,225,NA,1024.04,NA,NA,NA,NA,10.56,NA,1,NA
1874-06-04 14:00:00,15,NA,NA,270,NA,1025.74,NA,NA,NA,NA,15.83,NA,5,NA
1874-06-04 21:00:00,7.22,NA,NA,315,NA,1030.48,NA,NA,NA,NA,8.89,NA,5,",hz"
1874-06-05,NA,NA,NA,NA,NA,NA,NA,NA,NA,NA,NA,13.5,NA,NA
1874-06-05 07:00:00,12.22,NA,NA,247.5,NA,1030.48,NA,NA,NA,NA,13.33,NA,2,NA
1874-06-05 14:00:00,16.67,NA,NA,247.5,NA,1030.48,NA,NA,NA,NA,16.94,NA,5,NA
1874-06-05 21:00:00,14.17,NA,2,225,"225",1029.8,NA,NA,NA,NA,10.28,NA,2,NA
1874-06-06,NA,NA,NA,NA,NA,NA,1.52,"1:00 pm","7:00 pm",NA,NA,12.06,NA,"rain"
1874-06-06 07:00:00,11.67,NA,NA,247.5,NA,1024.38,NA,NA,NA,NA,15,NA,16,NA
1874-06-06 14:00:00,12.78,NA,NA,247.5,NA,1021.67,NA,NA,NA,NA,11.11,NA,16,",ra"
1874-06-06 21:00:00,11.67,NA,NA,225,NA,1021.33,NA,NA,NA,NA,10,NA,1,",hz"
1874-06-07,NA,NA,NA,NA,NA,NA,33.02,"8:00 am",NA,NA,NA,5.11,NA,"continuous rain"
1874-06-07 07:00:00,10,NA,NA,45,NA,1021.33,NA,NA,NA,NA,5,NA,1,",fg"
1874-06-07 14:00:00,10,NA,NA,90,NA,1020.32,NA,NA,NA,NA,5.56,NA,1,",ra"
1874-06-07 21:00:00,9.44,NA,NA,90,NA,1020.32,NA,NA,NA,NA,4.72,NA,1,",ra"
1874-06-08,NA,NA,NA,NA,NA,NA,32.26,"8:00 am",NA,NA,NA,8.06,NA,"continuous rain"
1874-06-08 07:00:00,7.78,NA,NA,90,NA,1017.61,NA,NA,NA,NA,2.78,NA,1,",fg"
1874-06-08 14:00:00,9.44,NA,NA,NA,NA,1012.19,NA,NA,NA,NA,8.61,NA,0,",ra"
1874-06-08 21:00:00,13.89,NA,NA,247.5,NA,1008.47,NA,NA,NA,NA,12.78,NA,5,",ra"
1874-06-09,NA,NA,NA,NA,NA,NA,5.59,"7:30 am",NA,NA,NA,6.83,NA,"empty"
1874-06-09 07:00:00,12.78,NA,NA,270,NA,1004.74,NA,NA,NA,NA,11.11,NA,1,",fg"
1874-06-09 14:00:00,12.22,NA,NA,135,NA,1003.73,NA,NA,NA,NA,5.56,NA,1,",ra"
1874-06-09 21:00:00,10,NA,NA,45,NA,1002.03,NA,NA,NA,NA,3.89,NA,1,",ra"
1874-06-10,NA,NA,NA,NA,NA,NA,7.87,NA,NA,NA,NA,6.11,NA,"misty rain"
1874-06-10 07:00:00,8.33,NA,NA,0,NA,1000,NA,NA,NA,NA,5.56,NA,1,",hz"
1874-06-10 14:00:00,11.11,NA,NA,0,NA,998.98,NA,NA,NA,NA,8.89,NA,2,",fg"
1874-06-10 21:00:00,8.89,NA,NA,270,NA,998.65,NA,NA,NA,NA,3.89,NA,2,",ra"
1874-06-11,NA,NA,NA,NA,NA,NA,0.23,NA,NA,NA,NA,8.17,NA,"light shower"
1874-06-11 07:00:00,6.67,NA,NA,270,NA,998.65,NA,NA,NA,NA,5.56,NA,2,NA
1874-06-11 14:00:00,10.56,NA,NA,315,NA,998.65,NA,NA,NA,NA,11.11,NA,1,",hz"
1874-06-11 21:00:00,10,NA,NA,225,NA,1001.36,NA,NA,NA,NA,7.78,NA,1,",hz"
1874-06-12,NA,NA,NA,NA,NA,NA,NA,NA,NA,NA,NA,7.94,NA,NA
1874-06-12 07:00:00,8.61,NA,NA,0,NA,1011.85,NA,NA,NA,NA,12.22,NA,2,NA
1874-06-12 14:00:00,11.94,315,1,135,NA,1014.9,NA,NA,NA,NA,7.78,NA,2,NA
1874-06-12 21:00:00,9.44,NA,NA,135,NA,1019.98,NA,NA,NA,NA,3.89,NA,2,NA
1874-06-13,NA,NA,NA,NA,NA,NA,4.06,"3:00 pm",NA,NA,NA,5.17,NA,"heavy shower"
1874-06-13 07:00:00,7.78,NA,NA,135,NA,1019.3,NA,NA,NA,NA,5.28,NA,1,",fg"
1874-06-13 14:00:00,9.44,NA,NA,135,NA,1016.93,NA,NA,NA,NA,6.11,NA,1,",hz"
1874-06-13 21:00:00,8.33,NA,NA,90,NA,1010.16,NA,NA,NA,NA,4.17,NA,5,",hz"
1874-06-14,NA,NA,NA,NA,NA,NA,NA,NA,NA,NA,NA,7.39,NA,NA
1874-06-14 07:00:00,9.44,NA,NA,270,NA,1004.74,NA,NA,NA,NA,6.67,NA,5,",hz"
1874-06-14 14:00:00,10,NA,NA,270,NA,1007.45,NA,NA,NA,NA,10,NA,5,",hz"
1874-06-14 21:00:00,9.44,NA,NA,270,NA,1011.85,NA,NA,NA,NA,5.56,NA,16,NA
1874-06-15,NA,NA,NA,NA,NA,NA,NA,NA,NA,NA,NA,8.33,NA,NA
1874-06-15 07:00:00,7.78,NA,NA,270,NA,1018.29,NA,NA,NA,NA,5,NA,1,NA
1874-06-15 14:00:00,11.11,315,2,225,NA,1018.96,NA,NA,NA,NA,11.11,NA,1,NA
1874-06-15 21:00:00,12.22,NA,NA,270,NA,1020.66,NA,NA,NA,NA,8.89,NA,1,NA
1874-06-16,NA,NA,NA,NA,NA,NA,NA,NA,NA,NA,NA,9.06,NA,NA
1874-06-16 07:00:00,8.89,45,1,45,NA,1027.43,NA,NA,NA,NA,10,NA,1,NA
1874-06-16 14:00:00,12.5,90,2,90,NA,1028.11,NA,NA,NA,NA,9.44,NA,2,NA
1874-06-16 21:00:00,12.22,NA,NA,225,NA,1029.46,NA,NA,NA,NA,7.78,NA,1,NA
1874-06-17,NA,NA,NA,NA,NA,NA,NA,NA,NA,NA,NA,8.78,NA,NA
1874-06-17 07:00:00,9.44,NA,NA,225,NA,1031.16,NA,NA,NA,NA,13.06,NA,1,NA
1874-06-17 14:00:00,13.33,NA,NA,90,NA,1030.82,NA,NA,NA,NA,8.89,NA,5,NA
1874-06-17 21:00:00,10.56,NA,NA,NA,NA,1031.49,NA,NA,NA,NA,4.44,NA,0,NA
1874-06-18,NA,NA,NA,NA,NA,NA,NA,NA,NA,NA,NA,4.89,NA,NA
1874-06-18 07:00:00,8.89,NA,NA,90,NA,1032.85,NA,NA,NA,NA,5,NA,1,NA
1874-06-18 14:00:00,13.89,NA,NA,90,NA,1032.51,NA,NA,NA,NA,9.44,NA,2,NA
1874-06-18 21:00:00,10.56,NA,NA,135,NA,1033.53,NA,NA,NA,NA,5.28,NA,5,",fg"
1874-06-19,NA,NA,NA,NA,NA,NA,1.52,"3:00 pm",NA,NA,NA,5.28,NA,"dense fog"
1874-06-19 07:00:00,9.44,NA,NA,90,NA,1034.54,NA,NA,NA,NA,5.83,NA,5,",hz"
1874-06-19 14:00:00,10,NA,NA,90,NA,1034.54,NA,NA,NA,NA,5.56,NA,5,",fg"
1874-06-19 21:00:00,8.89,NA,NA,90,NA,1033.53,NA,NA,NA,NA,4.44,NA,16,",fg"
1874-06-20,NA,NA,NA,NA,NA,NA,1.52,NA,NA,NA,NA,6.56,NA,"misty rain"
1874-06-20 07:00:00,8.89,NA,NA,135,NA,1031.83,NA,NA,NA,NA,6.67,NA,1,",fg"
1874-06-20 14:00:00,10,NA,NA,135,NA,1032.51,NA,NA,NA,NA,6.67,NA,1,",ra"
1874-06-20 21:00:00,9.44,NA,NA,135,NA,1031.49,NA,NA,NA,NA,5.83,NA,1,",ra"
1874-06-21,NA,NA,NA,NA,NA,NA,1.78,NA,NA,NA,NA,8.89,NA,"misty rain"
1874-06-21 07:00:00,9.44,NA,NA,90,NA,1027.43,NA,NA,NA,NA,6.67,NA,2,",ra"
1874-06-21 14:00:00,11.67,NA,NA,90,NA,1025.74,NA,NA,NA,NA,9.44,NA,2,",ra"
1874-06-21 21:00:00,12.22,NA,NA,NA,NA,1022.69,NA,NA,NA,NA,10.56,NA,0,",ra"
1874-06-22,NA,NA,NA,NA,NA,NA,2.03,"8:00 am",NA,NA,NA,10.94,NA,NA
1874-06-22 07:00:00,10.83,NA,NA,NA,NA,1016.59,NA,NA,NA,NA,8.89,NA,0,",ra"
1874-06-22 14:00:00,14.44,NA,NA,90,NA,1013.88,NA,NA,NA,NA,11.67,NA,1,",ra"
1874-06-22 21:00:00,13.33,NA,NA,225,NA,1013.21,NA,NA,NA,NA,12.22,NA,1,",ra"
1874-06-23,NA,NA,NA,NA,NA,NA,0.51,"12:00 pm",NA,NA,NA,16.28,NA,NA
1874-06-23 07:00:00,14.72,NA,NA,225,NA,1011.51,NA,NA,NA,NA,15,NA,1,NA
1874-06-23 14:00:00,19.44,NA,NA,225,NA,1009.48,NA,NA,NA,NA,20.56,NA,1,NA
1874-06-23 21:00:00,18.33,NA,NA,225,NA,1008.13,NA,NA,NA,NA,13.33,NA,1,NA
1874-06-24,NA,NA,NA,NA,NA,NA,1.78,"11:00 am",NA,NA,NA,14.06,NA,NA
1874-06-24 07:00:00,15,NA,NA,247.5,NA,1005.08,NA,NA,NA,NA,13.89,NA,2,NA
1874-06-24 14:00:00,11.67,NA,NA,225,NA,1001.02,NA,NA,NA,NA,16.67,NA,5,",hz"
1874-06-24 21:00:00,15,NA,NA,225,NA,997.29,NA,NA,NA,NA,11.67,NA,1,",hz"
1874-06-25,NA,NA,NA,NA,NA,NA,1.78,"night",NA,NA,NA,10,NA,NA
1874-06-25 07:00:00,12.5,NA,NA,225,NA,996.61,NA,NA,NA,NA,11.67,NA,1,NA
1874-06-25 14:00:00,13.89,270,3,270,NA,996.61,NA,NA,NA,NA,11.67,NA,11,NA
1874-06-25 21:00:00,10.56,NA,NA,270,NA,1002.71,NA,NA,NA,NA,6.67,NA,1,NA
1874-06-26,NA,NA,NA,NA,NA,NA,2.29,"3:00 pm","4:30 pm",NA,NA,9.83,NA,NA
1874-06-26 07:00:00,9.72,NA,NA,270,NA,1001.36,NA,NA,NA,NA,12.78,NA,1,NA
1874-06-26 14:00:00,12.78,NA,NA,135,NA,1001.69,NA,NA,NA,NA,10.56,NA,1,NA
1874-06-26 21:00:00,11.11,NA,3,270,"315",1003.39,NA,NA,NA,NA,6.11,NA,1,NA
1874-06-27,NA,NA,NA,NA,NA,NA,NA,NA,NA,NA,NA,12.78,NA,NA
1874-06-27 07:00:00,9.44,315,2,270,NA,1006.77,NA,NA,NA,NA,12.22,NA,1,NA
1874-06-27 14:00:00,14.44,NA,NA,270,NA,1007.11,NA,NA,NA,NA,15,NA,2,NA
1874-06-27 21:00:00,14.17,NA,NA,270,NA,1007.11,NA,NA,NA,NA,11.11,NA,1,NA
1874-06-28,NA,NA,NA,NA,NA,NA,NA,NA,NA,NA,NA,14.06,NA,NA
1874-06-28 07:00:00,12.22,270,1,270,NA,1008.13,NA,NA,NA,NA,17.78,NA,1,NA
1874-06-28 14:00:00,13.89,NA,NA,225,NA,1005.42,NA,NA,NA,NA,13.33,NA,1,NA
1874-06-28 21:00:00,13.89,NA,NA,225,NA,1002.71,NA,NA,NA,NA,11.11,NA,1,",hz"
1874-06-29,NA,NA,NA,NA,NA,NA,0.23,"9:30 am","empty",NA,NA,8.89,NA,NA
1874-06-29 07:00:00,12.22,45,3,45,NA,1006.1,NA,NA,NA,NA,10.56,NA,5,NA
1874-06-29 14:00:00,13.89,NA,NA,45,NA,1009.48,NA,NA,NA,NA,10,NA,5,NA
1874-06-29 21:00:00,11.11,NA,NA,45,NA,1013.88,NA,NA,NA,NA,6.11,NA,5,",hz"
1874-06-30,NA,NA,NA,NA,NA,NA,NA,NA,NA,NA,NA,10.72,NA,NA
1874-06-30 07:00:00,12.78,NA,NA,45,NA,1015.92,NA,NA,NA,NA,12.78,NA,1,NA
1874-06-30 14:00:00,13.89,NA,NA,45,NA,1018.63,NA,NA,NA,NA,13.33,NA,1,NA
1874-06-30 21:00:00,12.22,NA,NA,45,NA,1019.98,NA,NA,NA,NA,6.11,NA,1,",hz"
1874-07-01,NA,NA,NA,NA,NA,NA,0.25,NA,NA,NA,NA,7.39,NA,"misty rain"
1874-07-01 07:00:00,10.56,NA,NA,45,NA,1019.64,NA,NA,NA,NA,7.22,NA,1,",fg"
1874-07-01 14:00:00,12.22,NA,NA,45,NA,1020.32,NA,NA,NA,NA,8.33,NA,2,",fg"
1874-07-01 21:00:00,11.67,NA,NA,45,NA,1020.66,NA,NA,NA,NA,6.67,NA,2,",fg"
1874-07-02,NA,NA,NA,NA,NA,NA,0.23,NA,NA,NA,NA,6,NA,"misty rain"
1874-07-02 07:00:00,10,NA,NA,90,NA,1020.66,NA,NA,NA,NA,5.56,NA,1,",ra"
1874-07-02 14:00:00,12.22,NA,NA,90,NA,1021.33,NA,NA,NA,NA,8.06,NA,1,",hz"
1874-07-02 21:00:00,11.11,NA,NA,90,NA,1022.01,NA,NA,NA,NA,4.44,NA,1,",fg"
1874-07-03,NA,NA,NA,NA,NA,NA,NA,NA,NA,NA,NA,11.28,NA,NA
1874-07-03 07:00:00,10,NA,NA,90,NA,1023.71,NA,NA,NA,NA,12.78,NA,1,NA
1874-07-03 14:00:00,13.89,225,1,90,NA,1024.04,NA,NA,NA,NA,11.67,NA,2,NA
1874-07-03 21:00:00,13.33,NA,NA,NA,NA,1025.06,NA,NA,NA,NA,9.44,NA,0,",hz"
1874-07-04,NA,NA,NA,NA,NA,NA,6.86,"7:00 pm",NA,NA,NA,13.06,NA,"rain"
1874-07-04 07:00:00,12.78,NA,NA,90,NA,1025.06,NA,NA,NA,NA,18.33,NA,1,NA
1874-07-04 14:00:00,16.11,NA,NA,90,NA,1024.38,NA,NA,NA,NA,13.06,NA,1,",fg"
1874-07-04 21:00:00,13.33,NA,NA,90,NA,1021.67,NA,NA,NA,NA,7.78,NA,1,",ra"
1874-07-05,NA,NA,NA,NA,NA,NA,0.51,"7:00 pm",NA,NA,NA,9.72,NA,"rain"
1874-07-05 07:00:00,11.94,NA,NA,135,NA,1017.27,NA,NA,NA,NA,8.61,NA,1,",ra"
1874-07-05 14:00:00,13.61,NA,NA,90,NA,1020.32,NA,NA,NA,NA,11.67,NA,1,",ra"
1874-07-05 21:00:00,13.33,NA,NA,45,NA,1023.37,NA,NA,NA,NA,8.89,NA,1,",ra"
1874-07-06,NA,NA,NA,NA,NA,NA,18.8,"7:30 am",NA,NA,NA,7.89,NA,"continuous"
1874-07-06 07:00:00,12.22,NA,NA,90,NA,1023.71,NA,NA,NA,NA,8.06,NA,1,",ra"
1874-07-06 14:00:00,12.78,NA,NA,90,NA,1019.64,NA,NA,NA,NA,8.33,NA,1,",ra"
1874-07-06 21:00:00,11.67,NA,NA,45,NA,1015.24,NA,NA,NA,NA,7.22,NA,20,",ra"
1874-07-07,NA,NA,NA,NA,NA,NA,NA,NA,NA,NA,NA,12.5,NA,NA
1874-07-07 07:00:00,11.11,NA,NA,225,NA,1021.33,NA,NA,NA,NA,10,NA,1,NA
1874-07-07 14:00:00,16.11,270,2,225,NA,1021.67,NA,NA,NA,NA,16.39,NA,1,NA
1874-07-07 21:00:00,15.56,NA,NA,225,NA,1021.67,NA,NA,NA,NA,11.11,NA,1,NA
1874-07-08,NA,NA,NA,NA,NA,NA,5.33,"7:30 pm",NA,NA,NA,14,NA,"rain"
1874-07-08 07:00:00,12.78,270,1,225,NA,1021,NA,NA,NA,NA,12.78,NA,2,NA
1874-07-08 14:00:00,16.67,270,1,247.5,NA,1012.87,NA,NA,NA,NA,16.67,NA,5,NA
1874-07-08 21:00:00,15.28,NA,NA,247.5,NA,1007.45,NA,NA,NA,NA,12.5,NA,2,",ra"
1874-07-09,NA,NA,NA,NA,NA,NA,NA,NA,NA,NA,NA,13.5,NA,NA
1874-07-09 07:00:00,14.72,NA,NA,225,NA,1004.4,NA,NA,NA,NA,13.33,NA,1,",hz"
1874-07-09 14:00:00,20.28,NA,NA,225,NA,1004.4,NA,NA,NA,NA,15,NA,1,NA
1874-07-09 21:00:00,17.78,NA,NA,247.5,NA,1004.4,NA,NA,NA,NA,12.22,NA,2,",hz"
1874-07-10,NA,NA,NA,NA,NA,NA,0.23,NA,NA,NA,NA,15.11,NA,"light shower"
1874-07-10 07:00:00,15,270,1,247.5,NA,1007.11,NA,NA,NA,NA,15,NA,2,NA
1874-07-10 14:00:00,18.33,0,2,315,NA,1011.85,NA,NA,NA,NA,17.78,NA,2,NA
1874-07-10 21:00:00,15.56,NA,2,315,"0",1017.61,NA,NA,NA,NA,12.5,NA,1,NA
1874-07-11,NA,NA,NA,NA,NA,NA,0.25,"3:00 pm","4:00 pm",NA,NA,16.28,NA,"rain"
1874-07-11 07:00:00,14.44,NA,NA,135,NA,1021.33,NA,NA,NA,NA,15,NA,1,",hz"
1874-07-11 14:00:00,18.33,NA,NA,45,NA,1020.66,NA,NA,NA,NA,17.78,NA,1,",ra"
1874-07-11 21:00:00,17.22,NA,NA,225,NA,1018.63,NA,NA,NA,NA,16.11,NA,1,",hz"
1874-07-12,NA,NA,NA,NA,NA,NA,NA,NA,NA,NA,NA,17.94,NA,NA
1874-07-12 07:00:00,16.67,270,6,247.5,NA,1014.9,NA,NA,NA,NA,16.11,NA,11,NA
1874-07-12 14:00:00,21.67,NA,NA,247.5,NA,1015.58,NA,NA,NA,NA,22.22,NA,5,NA
1874-07-12 21:00:00,19.44,NA,2,0,"315",1019.3,NA,NA,NA,NA,15.56,NA,1,NA
1874-07-13,NA,NA,NA,NA,NA,NA,NA,NA,NA,NA,NA,18.22,NA,NA
1874-07-13 07:00:00,16.67,270,1,315,NA,1023.37,NA,NA,NA,NA,18.33,NA,2,NA
1874-07-13 14:00:00,21.11,NA,NA,315,NA,1023.37,NA,NA,NA,NA,21.94,NA,5,NA
1874-07-13 21:00:00,18.33,NA,NA,270,NA,1023.03,NA,NA,NA,NA,14.44,NA,1,",hz"
1874-07-14,NA,NA,NA,NA,NA,NA,13.21,"night",NA,NA,NA,19.17,NA,NA
1874-07-14 07:00:00,16.67,315,1,270,NA,1022.01,NA,NA,NA,NA,17.78,NA,1,NA
1874-07-14 14:00:00,22.22,NA,NA,247.5,NA,1021,NA,NA,NA,NA,23.33,NA,1,",fg"
1874-07-14 21:00:00,18.89,NA,NA,270,NA,1017.27,NA,NA,NA,NA,16.11,NA,1,NA
1874-07-15,NA,NA,NA,NA,NA,NA,10.41,"11:30 am","2:00 pm",NA,NA,16.5,NA,NA
1874-07-15 07:00:00,16.94,NA,NA,247.5,NA,1007.11,NA,NA,NA,NA,13.89,NA,2,NA
1874-07-15 14:00:00,19.72,315,3,270,NA,1006.77,NA,NA,NA,NA,19.44,NA,2,NA
1874-07-15 21:00:00,20,NA,1,270,"270",1009.14,NA,NA,NA,NA,16.11,NA,1,NA
1874-07-16,NA,NA,NA,NA,NA,NA,5.33,"7:30 am",NA,NA,NA,17.11,NA,"rain"
1874-07-16 07:00:00,17.22,NA,NA,225,NA,1009.82,NA,NA,NA,NA,15.56,NA,1,",ra"
1874-07-16 14:00:00,18.89,NA,NA,225,NA,1011.51,NA,NA,NA,NA,19.72,NA,1,NA
1874-07-16 21:00:00,19.44,NA,NA,225,NA,1008.81,NA,NA,NA,NA,16.11,NA,1,NA
1874-07-17,NA,NA,NA,NA,NA,NA,NA,NA,NA,NA,NA,20.72,NA,NA
1874-07-17 07:00:00,19.44,NA,NA,135,NA,1011.51,NA,NA,NA,NA,23.33,NA,1,NA
1874-07-17 14:00:00,22.78,270,1,247.5,NA,1013.55,NA,NA,NA,NA,22.78,NA,2,NA
1874-07-17 21:00:00,19.44,NA,NA,247.5,NA,1015.92,NA,NA,NA,NA,16.11,NA,2,",hz"
1874-07-18,NA,NA,NA,NA,NA,NA,NA,NA,NA,NA,NA,14.61,NA,NA
1874-07-18 07:00:00,17.78,NA,NA,135,NA,1020.66,NA,NA,NA,NA,16.67,NA,1,",fg"
1874-07-18 14:00:00,17.78,90,3,135,NA,1021.67,NA,NA,NA,NA,14.72,NA,1,NA
1874-07-18 21:00:00,15.56,NA,NA,NA,NA,1023.71,NA,NA,NA,NA,12.5,NA,0,",hz"
1874-07-19,NA,NA,NA,NA,NA,NA,0.23,"8:00 am",NA,NA,NA,15.56,NA,"misty rain"
1874-07-19 07:00:00,16.11,NA,NA,90,NA,1026.08,NA,NA,NA,NA,13.89,NA,1,",fg"
1874-07-19 14:00:00,18.89,NA,NA,90,NA,1026.08,NA,NA,NA,NA,18.89,NA,1,NA
1874-07-19 21:00:00,16.67,NA,NA,NA,NA,1026.75,NA,NA,NA,NA,13.89,NA,0,",ra"
1874-07-20,NA,NA,NA,NA,NA,NA,NA,NA,NA,NA,NA,20,NA,NA
1874-07-20 07:00:00,16.11,NA,NA,315,NA,1026.08,NA,NA,NA,NA,22.22,NA,2,NA
1874-07-20 14:00:00,22.22,NA,NA,270,NA,1024.72,NA,NA,NA,NA,22.22,NA,2,NA
1874-07-20 21:00:00,19.44,NA,NA,270,NA,1024.04,NA,NA,NA,NA,15.56,NA,1,NA
1874-07-21,NA,NA,NA,NA,NA,NA,NA,NA,NA,NA,NA,18.44,NA,NA
1874-07-21 07:00:00,17.5,NA,NA,225,NA,1019.3,NA,NA,NA,NA,17.5,NA,1,",hz"
1874-07-21 14:00:00,21.11,NA,NA,225,NA,1021,NA,NA,NA,NA,21.67,NA,2,NA
1874-07-21 21:00:00,18.89,NA,NA,270,NA,1017.27,NA,NA,NA,NA,16.11,NA,1,NA
1874-07-22,NA,NA,NA,NA,NA,NA,5.33,NA,NA,NA,NA,17.61,NA,"showers"
1874-07-22 07:00:00,18.89,NA,NA,NA,NA,1013.21,NA,NA,NA,NA,16.39,NA,0,",fg"
1874-07-22 14:00:00,20.56,NA,NA,247.5,NA,1011.85,NA,NA,NA,NA,20.83,NA,2,",ra"
1874-07-22 21:00:00,19.44,NA,NA,247.5,NA,1011.85,NA,NA,NA,NA,15.56,NA,1,",hz"
1874-07-23,NA,NA,NA,NA,NA,NA,0.51,"empty",NA,NA,NA,14.61,NA,"light misty rain"
1874-07-23 07:00:00,17.22,NA,NA,90,NA,1015.24,NA,NA,NA,NA,15.56,NA,1,",fg"
1874-07-23 14:00:00,18.61,45,1,90,NA,1015.92,NA,NA,NA,NA,16.11,NA,2,NA
1874-07-23 21:00:00,16.67,NA,NA,45,NA,1018.96,NA,NA,NA,NA,12.22,NA,5,",hz"
1874-07-24,NA,NA,NA,NA,NA,NA,NA,NA,NA,NA,NA,14.83,NA,NA
1874-07-24 07:00:00,15.56,NA,NA,90,NA,1023.03,NA,NA,NA,NA,14.44,NA,1,",fg"
1874-07-24 14:00:00,18.89,NA,NA,90,NA,1024.04,NA,NA,NA,NA,17.22,NA,2,NA
1874-07-24 21:00:00,16.67,NA,NA,225,NA,1025.74,NA,NA,NA,NA,12.78,NA,1,NA
1874-07-25,NA,NA,NA,NA,NA,NA,NA,NA,NA,NA,NA,14.89,NA,NA
1874-07-25 07:00:00,13.89,NA,NA,135,NA,1025.4,NA,NA,NA,NA,16.67,NA,1,NA
1874-07-25 14:00:00,17.22,NA,NA,90,NA,1024.38,NA,NA,NA,NA,16.39,NA,1,NA
1874-07-25 21:00:00,16.67,NA,NA,NA,NA,1023.37,NA,NA,NA,NA,11.67,NA,0,NA
1874-07-26,NA,NA,NA,NA,NA,NA,NA,NA,NA,NA,NA,22.06,NA,NA
1874-07-26 07:00:00,17.78,NA,NA,247.5,NA,1023.71,NA,NA,NA,NA,21.67,NA,1,NA
1874-07-26 14:00:00,23.33,NA,NA,247.5,NA,1024.38,NA,NA,NA,NA,25.83,NA,2,NA
1874-07-26 21:00:00,21.67,NA,NA,247.5,NA,1025.06,NA,NA,NA,NA,18.61,NA,1,NA
1874-07-27,NA,NA,NA,NA,NA,NA,NA,NA,NA,NA,NA,20.28,NA,NA
1874-07-27 07:00:00,18.89,NA,NA,270,NA,1025.06,NA,NA,NA,NA,22.22,NA,5,NA
1874-07-27 14:00:00,22.5,NA,NA,247.5,NA,1025.06,NA,NA,NA,NA,23.06,NA,11,NA
1874-07-27 21:00:00,19.17,NA,NA,270,NA,1025.4,NA,NA,NA,NA,15.56,NA,1,NA
1874-07-28,NA,NA,NA,NA,NA,NA,19.05,"5:00 am",NA,NA,NA,21.5,NA,"heavy shower"
1874-07-28 07:00:00,19.72,NA,NA,225,NA,1025.06,NA,NA,NA,NA,20,NA,1,",hz"
1874-07-28 14:00:00,23.89,NA,NA,225,NA,1023.71,NA,NA,NA,NA,23.89,NA,1,",ra"
1874-07-28 21:00:00,22.5,NA,NA,225,NA,1023.71,NA,NA,NA,NA,20.56,NA,1,",hz"
1874-07-29,NA,NA,NA,NA,NA,NA,1.27,"8:00 am",NA,NA,NA,21.39,NA,"rain"
1874-07-29 07:00:00,21.11,NA,NA,225,NA,1020.66,NA,NA,NA,NA,20.28,NA,1,",ra"
1874-07-29 14:00:00,25,NA,NA,225,NA,1018.96,NA,NA,NA,NA,24.44,NA,2,",ra"
1874-07-29 21:00:00,22.22,NA,NA,225,NA,1017.95,NA,NA,NA,NA,19.44,NA,2,",ra"
1874-07-30,NA,NA,NA,NA,NA,NA,6.86,NA,NA,NA,NA,20.67,NA,"continuous"
1874-07-30 07:00:00,20.28,270,2,270,NA,1014.22,NA,NA,NA,NA,18.89,NA,5,NA
1874-07-30 14:00:00,24.44,225,2,225,NA,1015.24,NA,NA,NA,NA,24.17,NA,2,NA
1874-07-30 21:00:00,21.67,NA,NA,225,NA,1010.5,NA,NA,NA,NA,18.89,NA,2,",ra"
1874-07-31,NA,NA,NA,NA,NA,NA,NA,NA,NA,NA,NA,18.5,NA,NA
1874-07-31 07:00:00,20.56,NA,NA,270,NA,1003.73,NA,NA,NA,NA,19.72,NA,11,NA
1874-07-31 14:00:00,21.67,NA,NA,270,NA,1010.5,NA,NA,NA,NA,21.67,NA,2,",hz"
1874-07-31 21:00:00,23.33,NA,NA,270,NA,1018.29,NA,NA,NA,NA,14.17,NA,2,NA
1874-08-01,NA,NA,NA,NA,NA,NA,17.02,"night",NA,NA,NA,18.89,NA,"rain"
1874-08-01 07:00:00,18.33,NA,NA,270,NA,1020.66,NA,NA,NA,NA,18.89,NA,2,",hz"
1874-08-01 14:00:00,20.56,NA,NA,135,NA,1018.63,NA,NA,NA,NA,21.67,NA,1,",hz"
1874-08-01 21:00:00,20,NA,NA,135,NA,1009.14,NA,NA,NA,NA,16.11,NA,1,",ra"
1874-08-02,NA,NA,NA,NA,NA,NA,5.33,"night",NA,NA,NA,18.89,NA,"rain"
1874-08-02 07:00:00,20,270,3,270,NA,1010.5,NA,NA,NA,NA,18.89,NA,11,NA
1874-08-02 14:00:00,21.11,270,3,270,NA,1012.87,NA,NA,NA,NA,20.56,NA,16,NA
1874-08-02 21:00:00,20,NA,NA,270,NA,1015.58,NA,NA,NA,NA,17.22,NA,2,",hz"
1874-08-03,NA,NA,NA,NA,NA,NA,4.32,"8:00 am",NA,NA,NA,19.44,NA,"rain showers"
1874-08-03 07:00:00,20,NA,NA,225,NA,1010.16,NA,NA,NA,NA,17.78,NA,1,",hz"
1874-08-03 14:00:00,23.89,270,3,270,NA,1009.14,NA,NA,NA,NA,22.22,NA,5,NA
1874-08-03 21:00:00,19.44,NA,NA,225,NA,1009.14,NA,NA,NA,NA,18.33,NA,1,",ra"
1874-08-04,NA,NA,NA,NA,NA,NA,0.23,"7:30 am",NA,NA,NA,19.17,NA,"rain"
1874-08-04 07:00:00,20,NA,NA,225,NA,1011.85,NA,NA,NA,NA,18.61,NA,2,",ra"
1874-08-04 14:00:00,22.22,270,1,225,NA,1015.92,NA,NA,NA,NA,21.11,NA,2,NA
1874-08-04 21:00:00,18.89,NA,NA,225,NA,1017.95,NA,NA,NA,NA,17.78,NA,1,",hz"
1874-08-05,NA,NA,NA,NA,NA,NA,NA,NA,NA,NA,NA,18.17,NA,NA
1874-08-05 07:00:00,17.5,NA,NA,225,NA,1020.32,NA,NA,NA,NA,18.33,NA,2,NA
1874-08-05 14:00:00,21.11,270,1,225,NA,1020.66,NA,NA,NA,NA,20.56,NA,2,NA
1874-08-05 21:00:00,19.72,NA,NA,270,NA,1021.67,NA,NA,NA,NA,15.56,NA,1,",hz"
1874-08-06,NA,NA,NA,NA,NA,NA,30.48,"7:30 am",NA,NA,NA,11.67,NA,"continuous rain"
1874-08-06 07:00:00,15.56,NA,NA,45,NA,1022.35,NA,NA,NA,NA,11.94,NA,5,",ra"
1874-08-06 14:00:00,15.56,NA,NA,45,NA,1022.01,NA,NA,NA,NA,11.39,NA,2,",ra"
1874-08-06 21:00:00,14.44,NA,NA,90,NA,1018.63,NA,NA,NA,NA,11.67,NA,2,",ra"
1874-08-07,NA,NA,NA,NA,NA,NA,0.23,"7:00 am",NA,NA,NA,13.89,NA,"light rain"
1874-08-07 07:00:00,15.56,NA,NA,225,NA,1010.16,NA,NA,NA,NA,13.61,NA,20,",ra"
1874-08-07 14:00:00,16.94,NA,NA,225,NA,1008.47,NA,NA,NA,NA,15.83,NA,20,",hz"
1874-08-07 21:00:00,15,NA,NA,270,NA,1011.85,NA,NA,NA,NA,12.22,NA,16,NA
1874-08-08,NA,NA,NA,NA,NA,NA,NA,NA,NA,NA,NA,17.33,NA,NA
1874-08-08 07:00:00,14.44,NA,NA,225,NA,1022.35,NA,NA,NA,NA,16.67,NA,1,NA
1874-08-08 14:00:00,21.11,NA,NA,270,NA,1024.72,NA,NA,NA,NA,21.11,NA,2,NA
1874-08-08 21:00:00,18.33,NA,NA,270,NA,1026.75,NA,NA,NA,NA,14.17,NA,1,NA
1874-08-09,NA,NA,NA,NA,NA,NA,0.76,"night",NA,NA,NA,17.78,NA,"rain"
1874-08-09 07:00:00,17.22,NA,NA,225,NA,1027.77,NA,NA,NA,NA,17.22,NA,1,NA
1874-08-09 14:00:00,20.56,NA,NA,225,NA,1028.45,NA,NA,NA,NA,20.56,NA,2,",hz"
1874-08-09 21:00:00,20.56,NA,NA,270,NA,1026.41,NA,NA,NA,NA,15.56,NA,1,",hz"
1874-08-10,NA,NA,NA,NA,NA,NA,30.73,"11:00 am",NA,NA,NA,18.22,NA,"continuous rain"
1874-08-10 07:00:00,20,NA,NA,45,NA,1022.35,NA,NA,NA,NA,15.56,NA,1,",fg"
1874-08-10 14:00:00,23.89,NA,NA,225,NA,1020.32,NA,NA,NA,NA,21.11,NA,1,NA
1874-08-10 21:00:00,21.11,NA,NA,225,NA,1019.98,NA,NA,NA,NA,18.06,NA,1,",ra"
1874-08-11,NA,NA,NA,NA,NA,NA,1.52,"9:00 am",NA,NA,NA,19.61,NA,"rain showers"
1874-08-11 07:00:00,18.61,NA,NA,225,NA,1019.3,NA,NA,NA,NA,18.89,NA,1,",hz"
1874-08-11 14:00:00,22.78,NA,NA,225,NA,1019.3,NA,NA,NA,NA,23.89,NA,2,NA
1874-08-11 21:00:00,21.11,NA,NA,225,NA,1018.29,NA,NA,NA,NA,16.11,NA,5,",hz"
1874-08-12,NA,NA,NA,NA,NA,NA,NA,NA,NA,NA,NA,19.28,NA,NA
1874-08-12 07:00:00,18.89,225,3,225,NA,1019.98,NA,NA,NA,NA,17.78,NA,2,NA
1874-08-12 14:00:00,22.22,NA,NA,225,NA,1020.32,NA,NA,NA,NA,22.78,NA,5,NA
1874-08-12 21:00:00,19.72,NA,NA,225,NA,1020.32,NA,NA,NA,NA,17.22,NA,2,NA
1874-08-13,NA,NA,NA,NA,NA,NA,NA,NA,NA,NA,NA,19.33,NA,NA
1874-08-13 07:00:00,16.67,NA,NA,225,NA,1017.95,NA,NA,NA,NA,18.89,NA,5,NA
1874-08-13 14:00:00,18.33,225,3,225,NA,1016.93,NA,NA,NA,NA,22.22,NA,2,NA
1874-08-13 21:00:00,16.67,NA,NA,225,NA,1017.61,NA,NA,NA,NA,16.94,NA,2,NA
1874-08-14,NA,NA,NA,NA,NA,NA,0.76,"5:30 pm","night",NA,NA,14.28,NA,"rain"
1874-08-14 07:00:00,17.22,NA,NA,135,NA,1025.06,NA,NA,NA,NA,13.89,NA,2,NA
1874-08-14 14:00:00,19.44,NA,NA,135,NA,1026.08,NA,NA,NA,NA,15.56,NA,1,",hz"
1874-08-14 21:00:00,16.67,NA,NA,225,NA,1026.08,NA,NA,NA,NA,13.33,NA,1,",ra"
1874-08-15,NA,NA,NA,NA,NA,NA,75.44,"1:25 pm",NA,NA,NA,14.44,NA,"continuous rain"
1874-08-15 07:00:00,17.22,NA,NA,135,NA,1015.92,NA,NA,NA,NA,13.33,NA,1,",fg"
1874-08-15 14:00:00,16.67,NA,NA,135,NA,1012.53,NA,NA,NA,NA,16.11,NA,1,",ra"
1874-08-15 21:00:00,15.56,NA,NA,225,NA,1014.22,NA,NA,NA,NA,13.89,NA,5,",ra"
1874-08-16,NA,NA,NA,NA,NA,NA,23.37,"10:30 am","night",NA,NA,11.28,NA,"rain"
1874-08-16 07:00:00,12.78,NA,NA,45,NA,1010.84,NA,NA,NA,NA,13.89,NA,1,",fg"
1874-08-16 14:00:00,12.5,NA,NA,45,NA,1011.85,NA,NA,NA,NA,10.56,NA,5,",ra"
1874-08-16 21:00:00,15.83,NA,NA,45,NA,1017.27,NA,NA,NA,NA,9.44,NA,5,",ra"
1874-08-17,NA,NA,NA,NA,NA,NA,NA,NA,NA,NA,NA,11.67,NA,NA
1874-08-17 07:00:00,15,0,2,0,NA,1026.75,NA,NA,NA,NA,10,NA,1,NA
1874-08-17 14:00:00,20.56,NA,NA,225,NA,1028.11,NA,NA,NA,NA,15,NA,2,NA
1874-08-17 21:00:00,18.33,NA,NA,225,NA,1028.11,NA,NA,NA,NA,10,NA,1,NA
1874-08-18,NA,NA,NA,NA,NA,NA,23.62,"7:30 pm",NA,NA,NA,16.5,NA,"continuous rain"
1874-08-18 07:00:00,17.5,225,3,225,NA,1025.74,NA,NA,NA,NA,15,NA,5,NA
1874-08-18 14:00:00,21.67,NA,NA,225,NA,1023.37,NA,NA,NA,NA,18.33,NA,11,NA
1874-08-18 21:00:00,18.89,NA,NA,225,NA,1020.32,NA,NA,NA,NA,16.11,NA,16,",ra"
1874-08-19,NA,NA,NA,NA,NA,NA,0.25,NA,"am",NA,NA,16.78,NA,"light shower"
1874-08-19 07:00:00,15.56,NA,NA,225,NA,1012.19,NA,NA,NA,NA,15.56,NA,1,",hz"
1874-08-19 14:00:00,21.67,0,1,225,NA,1011.51,NA,NA,NA,NA,20.83,NA,1,NA
1874-08-19 21:00:00,17.78,NA,NA,90,NA,1015.58,NA,NA,NA,NA,13.89,NA,1,NA
1874-08-20,NA,NA,NA,NA,NA,NA,NA,NA,NA,NA,NA,16.56,NA,NA
1874-08-20 07:00:00,16.11,NA,NA,NA,NA,1018.96,NA,NA,NA,NA,18.33,NA,0,NA
1874-08-20 14:00:00,18.89,NA,NA,225,NA,1019.3,NA,NA,NA,NA,17.5,NA,1,NA
1874-08-20 21:00:00,17.78,NA,NA,NA,NA,1019.3,NA,NA,NA,NA,13.89,NA,0,NA
1874-08-21,NA,NA,NA,NA,NA,NA,NA,NA,NA,NA,NA,15.44,NA,NA
1874-08-21 07:00:00,17.22,NA,NA,225,NA,1015.24,NA,NA,NA,NA,13.61,NA,1,",hz"
1874-08-21 14:00:00,21.11,NA,NA,180,NA,1012.19,NA,NA,NA,NA,18.33,NA,1,",hz"
1874-08-21 21:00:00,18.33,NA,NA,225,NA,1009.14,NA,NA,NA,NA,14.44,NA,1,",hz"
1874-08-22,NA,NA,NA,NA,NA,NA,NA,NA,NA,NA,NA,17.06,NA,NA
1874-08-22 07:00:00,16.67,270,1,270,NA,1008.81,NA,NA,NA,NA,16.67,NA,2,NA
1874-08-22 14:00:00,17.78,270,2,270,NA,1009.14,NA,NA,NA,NA,19.44,NA,5,NA
1874-08-22 21:00:00,16.11,NA,2,225,"270",1008.13,NA,NA,NA,NA,15,NA,2,NA
1874-08-23,NA,NA,NA,NA,NA,NA,NA,NA,NA,NA,NA,13.89,NA,NA
1874-08-23 07:00:00,14.44,270,1,270,NA,1007.11,NA,NA,NA,NA,13.33,NA,5,NA
1874-08-23 14:00:00,17.78,270,2,270,NA,1008.13,NA,NA,NA,NA,16.67,NA,5,NA
1874-08-23 21:00:00,16.67,NA,2,270,"270",1014.22,NA,NA,NA,NA,11.67,NA,2,NA
1874-08-24,NA,NA,NA,NA,NA,NA,2.29,"9:00 pm","night",NA,NA,15.11,NA,"rain"
1874-08-24 07:00:00,15,270,3,270,NA,1018.63,NA,NA,NA,NA,13.89,NA,2,NA
1874-08-24 14:00:00,18.89,NA,NA,225,NA,1018.96,NA,NA,NA,NA,17.5,NA,2,",hz"
1874-08-24 21:00:00,15.56,NA,NA,NA,NA,1017.27,NA,NA,NA,NA,13.89,NA,0,",ra"
1874-08-25,NA,NA,NA,NA,NA,NA,NA,NA,NA,NA,NA,14.56,NA,NA
1874-08-25 07:00:00,15,NA,NA,270,NA,1016.26,NA,NA,NA,NA,12.78,NA,1,NA
1874-08-25 14:00:00,20,0,1,315,NA,1020.66,NA,NA,NA,NA,18.33,NA,2,NA
1874-08-25 21:00:00,17.22,NA,NA,45,NA,1026.75,NA,NA,NA,NA,12.5,NA,2,NA
1874-08-26,NA,NA,NA,NA,NA,NA,0.25,"night","empty",NA,NA,15.17,NA,"empty"
1874-08-26 07:00:00,14.72,NA,NA,135,NA,1030.48,NA,NA,NA,NA,13.89,NA,1,",fg"
1874-08-26 14:00:00,19.72,NA,NA,135,NA,1031.16,NA,NA,NA,NA,18.89,NA,1,",fg"
1874-08-26 21:00:00,16.67,NA,NA,NA,NA,1030.48,NA,NA,NA,NA,12.78,NA,0,",fg"
1874-08-27,NA,NA,NA,NA,NA,NA,0.76,"7:30 am",NA,NA,NA,11.39,NA,"rain"
1874-08-27 07:00:00,14.72,NA,NA,90,NA,1026.08,NA,NA,NA,NA,11.67,NA,2,",fg"
1874-08-27 14:00:00,16.39,NA,NA,90,NA,1023.03,NA,NA,NA,NA,10.83,NA,5,",ra"
1874-08-27 21:00:00,14.44,NA,NA,90,NA,1022.35,NA,NA,NA,NA,11.94,NA,5,",ra"
1874-08-28,NA,NA,NA,NA,NA,NA,NA,NA,NA,NA,NA,14.17,NA,NA
1874-08-28 07:00:00,13.89,NA,NA,90,NA,1023.03,NA,NA,NA,NA,12.5,NA,2,",hz"
1874-08-28 14:00:00,16.67,NA,NA,90,NA,1023.03,NA,NA,NA,NA,16.67,NA,1,",hz"
1874-08-28 21:00:00,16.94,NA,3,225,"270",1023.37,NA,NA,NA,NA,13.33,NA,5,NA
1874-08-29,NA,NA,NA,NA,NA,NA,6.1,"night",NA,NA,NA,17.5,NA,NA
1874-08-29 07:00:00,15.56,270,1,225,NA,1024.38,NA,NA,NA,NA,15.56,NA,1,NA
1874-08-29 14:00:00,22.22,270,1,225,NA,1025.4,NA,NA,NA,NA,21.67,NA,2,NA
1874-08-29 21:00:00,19.44,NA,NA,NA,NA,1025.06,NA,NA,NA,NA,15.28,NA,0,NA
1874-08-30,NA,NA,NA,NA,NA,NA,3.81,"7:25 am","night",NA,NA,17.5,NA,NA
1874-08-30 07:00:00,18.61,NA,NA,225,NA,1024.38,NA,NA,NA,NA,17.78,NA,1,NA
1874-08-30 14:00:00,22.5,NA,NA,135,NA,1024.72,NA,NA,NA,NA,20.28,NA,2,",hz"
1874-08-30 21:00:00,18.89,NA,NA,90,NA,1025.4,NA,NA,NA,NA,14.44,NA,5,",hz"
1874-08-31,NA,NA,NA,NA,NA,NA,7.62,"7:15 am","night",NA,NA,13.61,NA,"rain"
1874-08-31 07:00:00,16.67,NA,NA,NA,NA,1020.32,NA,NA,NA,NA,12.78,NA,0,",fg"
1874-08-31 14:00:00,18.89,NA,NA,90,NA,1017.27,NA,NA,NA,NA,14.72,NA,1,",ra"
1874-08-31 21:00:00,16.67,NA,NA,90,NA,1017.61,NA,NA,NA,NA,13.33,NA,1,",ra"
1874-09-01,NA,NA,NA,NA,NA,NA,0.76,NA,NA,NA,NA,15.83,NA,"misty rain"
1874-09-01 07:00:00,17.22,NA,NA,NA,NA,1013.21,NA,NA,NA,NA,16.39,NA,0,",fg"
1874-09-01 14:00:00,18.33,NA,NA,90,NA,1012.53,NA,NA,NA,NA,17.5,NA,1,",fg"
1874-09-01 21:00:00,17.78,NA,NA,90,NA,1012.19,NA,NA,NA,NA,13.61,NA,5,",fg"
1874-09-02,NA,NA,NA,NA,NA,NA,2.54,"6:15 am","night",NA,NA,12.78,NA,"rain"
1874-09-02 07:00:00,16.11,NA,NA,90,NA,1009.14,NA,NA,NA,NA,12.22,NA,2,",fg"
1874-09-02 14:00:00,17.78,NA,NA,90,NA,1008.81,NA,NA,NA,NA,13.61,NA,2,",ra"
1874-09-02 21:00:00,15.56,NA,NA,90,NA,1009.14,NA,NA,NA,NA,12.5,NA,5,NA
1874-09-03,NA,NA,NA,NA,NA,NA,7.87,"10:30 am","night",NA,NA,12.78,NA,"rain"
1874-09-03 07:00:00,15.56,NA,NA,NA,NA,1008.13,NA,NA,NA,NA,12.78,NA,0,",fg"
1874-09-03 14:00:00,16.11,NA,NA,90,NA,1008.13,NA,NA,NA,NA,13.89,NA,1,",fg"
1874-09-03 21:00:00,15.83,NA,NA,NA,NA,1011.51,NA,NA,NA,NA,11.67,NA,0,NA
1874-09-04,NA,NA,NA,NA,NA,NA,2.29,"11:10 am","1:30 pm",NA,NA,16.28,NA,"rain"
1874-09-04 07:00:00,15.56,NA,NA,225,NA,1011.51,NA,NA,NA,NA,14.44,NA,5,",fg"
1874-09-04 14:00:00,17.22,270,3,225,NA,1011.85,NA,NA,NA,NA,16.67,NA,5,NA
1874-09-04 21:00:00,15.56,NA,NA,45,NA,1022.01,NA,NA,NA,NA,9.44,NA,1,NA
1874-09-05,NA,NA,NA,NA,NA,NA,NA,NA,NA,NA,NA,13.5,NA,NA
1874-09-05 07:00:00,13.33,NA,NA,270,NA,1027.09,NA,NA,NA,NA,11.11,NA,2,NA
1874-09-05 14:00:00,18.89,NA,NA,315,NA,1026.75,NA,NA,NA,NA,16.67,NA,11,NA
1874-09-05 21:00:00,16.67,NA,NA,270,NA,1026.08,NA,NA,NA,NA,12.78,NA,5,NA
1874-09-06,NA,NA,NA,NA,NA,NA,NA,NA,NA,NA,NA,16,NA,NA
1874-09-06 07:00:00,16.67,270,1,270,NA,1027.09,NA,NA,NA,NA,15.56,NA,2,NA
1874-09-06 14:00:00,20.56,270,1,270,NA,1027.09,NA,NA,NA,NA,19.44,NA,2,NA
1874-09-06 21:00:00,17.78,NA,NA,270,NA,1024.04,NA,NA,NA,NA,13.06,NA,5,NA
1874-09-07,NA,NA,NA,NA,NA,NA,6.1,"8:00 am","night",NA,NA,16.39,NA,"rain"
1874-09-07 07:00:00,16.11,NA,NA,225,NA,1021.33,NA,NA,NA,NA,14.72,NA,20,",ra"
1874-09-07 14:00:00,18.61,NA,NA,NA,NA,1020.32,NA,NA,NA,NA,18.33,NA,0,",ra"
1874-09-07 21:00:00,17.78,NA,NA,135,NA,1012.87,NA,NA,NA,NA,16.11,NA,5,",ra"
1874-09-08,NA,NA,NA,NA,NA,NA,0.23,"7:45 am",NA,NA,NA,13.72,NA,"rain"
1874-09-08 07:00:00,16.94,NA,NA,225,NA,1004.06,NA,NA,NA,NA,15,NA,20,",fg"
1874-09-08 14:00:00,16.67,225,5,225,NA,1003.73,NA,NA,NA,NA,15.56,NA,20,NA
1874-09-08 21:00:00,14.44,NA,NA,225,NA,1005.08,NA,NA,NA,NA,10.56,NA,16,",hz"
1874-09-09,NA,NA,NA,NA,NA,NA,NA,NA,NA,NA,NA,10.67,NA,NA
1874-09-09 07:00:00,12.22,NA,NA,270,NA,1011.18,NA,NA,NA,NA,10,NA,2,",hz"
1874-09-09 14:00:00,15,NA,NA,225,NA,1012.53,NA,NA,NA,NA,12.22,NA,5,",hz"
1874-09-09 21:00:00,13.33,NA,NA,0,NA,1013.21,NA,NA,NA,NA,8.06,NA,1,NA
1874-09-10,NA,NA,NA,NA,NA,NA,2.54,"1:00 pm","night",NA,NA,11.67,NA,"rain"
1874-09-10 07:00:00,12.22,315,1,270,NA,1007.79,NA,NA,NA,NA,10,NA,5,NA
1874-09-10 14:00:00,14.44,NA,NA,225,NA,1004.06,NA,NA,NA,NA,12.78,NA,5,",ra"
1874-09-10 21:00:00,14.44,NA,NA,225,NA,1000,NA,NA,NA,NA,12.22,NA,5,",ra"
1874-09-11,NA,NA,NA,NA,NA,NA,1.02,"9:00 pm","night",NA,NA,11.83,NA,"rain"
1874-09-11 07:00:00,13.89,270,2,315,NA,998.31,NA,NA,NA,NA,11.11,NA,5,NA
1874-09-11 14:00:00,16.67,NA,NA,270,NA,1000.68,NA,NA,NA,NA,13.89,NA,5,NA
1874-09-11 21:00:00,13.33,NA,NA,NA,NA,1001.02,NA,NA,NA,NA,10.56,NA,0,",hz"
1874-09-12,NA,NA,NA,NA,NA,NA,1.52,NA,NA,NA,NA,10.11,NA,"rain shower"
1874-09-12 07:00:00,11.67,315,2,315,NA,1002.71,NA,NA,NA,NA,9.44,NA,1,NA
1874-09-12 14:00:00,13.89,NA,NA,0,NA,1004.74,NA,NA,NA,NA,11.94,NA,2,NA
1874-09-12 21:00:00,12.22,NA,NA,45,NA,1008.81,NA,NA,NA,NA,8.89,NA,11,",ra"
1874-09-13,NA,NA,NA,NA,NA,NA,NA,NA,NA,NA,NA,7.06,NA,NA
1874-09-13 07:00:00,10,NA,NA,45,NA,1014.56,NA,NA,NA,NA,7.22,NA,16,NA
1874-09-13 14:00:00,11.67,NA,NA,45,NA,1016.93,NA,NA,NA,NA,8.61,NA,5,NA
1874-09-13 21:00:00,10,NA,NA,NA,NA,1020.66,NA,NA,NA,NA,5.28,NA,0,NA
1874-09-14,NA,NA,NA,NA,NA,NA,NA,NA,NA,NA,NA,11.78,NA,NA
1874-09-14 07:00:00,8.89,NA,NA,315,NA,1024.04,NA,NA,NA,NA,7.78,NA,2,NA
1874-09-14 14:00:00,17.78,315,1,270,NA,1025.06,NA,NA,NA,NA,15,NA,1,NA
1874-09-14 21:00:00,13.89,NA,NA,270,NA,1026.08,NA,NA,NA,NA,12.5,NA,1,NA
1874-09-15,NA,NA,NA,NA,NA,NA,NA,NA,NA,NA,NA,12.89,NA,NA
1874-09-15 07:00:00,13.33,NA,NA,NA,NA,1028.78,NA,NA,NA,NA,12.5,NA,0,NA
1874-09-15 14:00:00,16.67,NA,NA,135,NA,1029.12,NA,NA,NA,NA,16.11,NA,1,NA
1874-09-15 21:00:00,13.89,NA,NA,NA,NA,1029.12,NA,NA,NA,NA,10,NA,0,NA
1874-09-16,NA,NA,NA,NA,NA,NA,NA,NA,NA,NA,NA,13.22,NA,NA
1874-09-16 07:00:00,12.78,NA,NA,225,NA,1029.8,NA,NA,NA,NA,11.11,NA,1,NA
1874-09-16 14:00:00,19.44,NA,NA,225,NA,1029.12,NA,NA,NA,NA,16.94,NA,1,NA
1874-09-16 21:00:00,15.56,NA,NA,225,NA,1029.12,NA,NA,NA,NA,11.67,NA,1,NA
1874-09-17,NA,NA,NA,NA,NA,NA,NA,NA,NA,NA,NA,11.11,NA,NA
1874-09-17 07:00:00,13.89,NA,NA,NA,NA,1028.11,NA,NA,NA,NA,12.78,NA,0,NA
1874-09-17 14:00:00,15.56,NA,NA,45,NA,1028.45,NA,NA,NA,NA,11.67,NA,5,",hz"
1874-09-17 21:00:00,12.22,NA,NA,45,NA,1033.19,NA,NA,NA,NA,8.89,NA,11,",hz"
1874-09-18,NA,NA,NA,NA,NA,NA,NA,NA,NA,NA,NA,7.61,NA,NA
1874-09-18 07:00:00,10.56,45,3,45,NA,1038.61,NA,NA,NA,NA,7.22,NA,11,NA
1874-09-18 14:00:00,12.78,45,3,45,NA,1040.98,NA,NA,NA,NA,8.89,NA,11,NA
1874-09-18 21:00:00,11.11,NA,NA,45,NA,1041.65,NA,NA,NA,NA,6.67,NA,5,",hz"
1874-09-19,NA,NA,NA,NA,NA,NA,NA,NA,NA,NA,NA,10.39,NA,NA
1874-09-19 07:00:00,10.56,NA,NA,180,NA,1041.65,NA,NA,NA,NA,7.78,NA,1,",hz"
1874-09-19 14:00:00,14.44,NA,NA,225,NA,1039.96,NA,NA,NA,NA,13.33,NA,1,NA
1874-09-19 21:00:00,12.78,NA,NA,225,NA,1037.93,NA,NA,NA,NA,10,NA,1,",hz"
1874-09-20,NA,NA,NA,NA,NA,NA,NA,NA,NA,NA,NA,14.61,NA,NA
1874-09-20 07:00:00,13.33,NA,NA,225,NA,1035.56,NA,NA,NA,NA,11.11,NA,1,NA
1874-09-20 14:00:00,20.56,NA,NA,225,NA,1034.54,NA,NA,NA,NA,19.44,NA,1,NA
1874-09-20 21:00:00,17.22,NA,NA,NA,NA,1033.86,NA,NA,NA,NA,13.33,NA,0,NA
1874-09-21,NA,NA,NA,NA,NA,NA,10.41,"10:00 pm","night",NA,NA,18.89,NA,"rain"
1874-09-21 07:00:00,16.67,NA,NA,225,NA,1029.46,NA,NA,NA,NA,15.56,NA,1,NA
1874-09-21 14:00:00,22.22,225,1,225,NA,1026.75,NA,NA,NA,NA,22.22,NA,2,NA
1874-09-21 21:00:00,20.56,NA,NA,225,NA,1024.38,NA,NA,NA,NA,20.56,NA,1,",hz"
1874-09-22,NA,NA,NA,NA,NA,NA,22.35,"8:00 am","night",NA,NA,17.11,NA,"rain"
1874-09-22 07:00:00,18.89,NA,NA,225,NA,1020.66,NA,NA,NA,NA,17.22,NA,1,",ra"
1874-09-22 14:00:00,19.44,NA,NA,225,NA,1019.3,NA,NA,NA,NA,18.33,NA,1,",ra"
1874-09-22 21:00:00,18.89,NA,NA,225,NA,1019.3,NA,NA,NA,NA,15.83,NA,1,",hz"
1874-09-23,NA,NA,NA,NA,NA,NA,NA,NA,NA,NA,NA,11.11,NA,NA
1874-09-23 07:00:00,16.39,NA,NA,90,NA,1024.38,NA,NA,NA,NA,12.22,NA,1,NA
1874-09-23 14:00:00,15.56,NA,NA,90,NA,1025.06,NA,NA,NA,NA,11.67,NA,2,",fg"
1874-09-23 21:00:00,14.72,NA,NA,135,NA,1026.08,NA,NA,NA,NA,9.44,NA,1,",fg"
1874-09-24,NA,NA,NA,NA,NA,NA,4.83,"5:30 pm","night",NA,NA,8.89,NA,"rain"
1874-09-24 07:00:00,12.78,NA,NA,45,NA,1026.08,NA,NA,NA,NA,8.89,NA,5,",fg"
1874-09-24 14:00:00,12.78,NA,NA,45,NA,1026.08,NA,NA,NA,NA,8.89,NA,11,",fg"
1874-09-24 21:00:00,12.78,NA,NA,45,NA,1024.72,NA,NA,NA,NA,8.89,NA,11,",ra"
1874-09-25,NA,NA,NA,NA,NA,NA,NA,NA,NA,NA,NA,9.17,NA,NA
1874-09-25 07:00:00,12.78,NA,NA,0,NA,1025.06,NA,NA,NA,NA,10,NA,1,NA
1874-09-25 14:00:00,18.33,45,1,135,NA,1026.08,NA,NA,NA,NA,11.67,NA,1,NA
1874-09-25 21:00:00,11.67,NA,NA,NA,NA,1026.08,NA,NA,NA,NA,5.83,NA,0,",fg"
1874-09-26,NA,NA,NA,NA,NA,NA,NA,NA,NA,NA,NA,9.44,NA,NA
1874-09-26 07:00:00,10,NA,NA,NA,NA,1024.04,NA,NA,NA,NA,7.22,NA,0,",fg"
1874-09-26 14:00:00,16.11,NA,NA,135,NA,1023.71,NA,NA,NA,NA,12.22,NA,1,NA
1874-09-26 21:00:00,12.78,NA,NA,NA,NA,1023.71,NA,NA,NA,NA,8.89,NA,0,NA
1874-09-27,NA,NA,NA,NA,NA,NA,NA,NA,NA,NA,NA,12.39,NA,NA
1874-09-27 07:00:00,13.89,NA,NA,225,NA,1026.41,NA,NA,NA,NA,11.67,NA,1,NA
1874-09-27 14:00:00,19.44,NA,NA,225,NA,1027.43,NA,NA,NA,NA,15.56,NA,1,NA
1874-09-27 21:00:00,13.89,NA,NA,NA,NA,1028.11,NA,NA,NA,NA,10,NA,0,NA
1874-09-28,NA,NA,NA,NA,NA,NA,NA,NA,NA,NA,NA,12.89,NA,NA
1874-09-28 07:00:00,13.33,45,1,NA,NA,1028.78,NA,NA,NA,NA,10.56,NA,0,NA
1874-09-28 14:00:00,20,45,1,135,NA,1027.77,NA,NA,NA,NA,17.5,NA,1,NA
1874-09-28 21:00:00,13.89,NA,NA,180,NA,1027.09,NA,NA,NA,NA,10.56,NA,1,NA
1874-09-30 21:00:00,NA,NA,NA,NA,NA,NA,NA,NA,NA,NA,NA,NA,0,NA
1874-10-01,NA,NA,NA,NA,NA,NA,3.05,"2 pm","night",0,NA,18.67,NA,"rain"
1874-10-01 07:00:00,20,NA,NA,225,NA,1013.55,NA,NA,NA,NA,19.44,NA,1,",hz"
1874-10-01 14:00:00,20.56,NA,NA,225,NA,1013.21,NA,NA,NA,NA,20.56,NA,1,",hz"
1874-10-01 21:00:00,18.33,NA,NA,NA,NA,1010.5,NA,NA,NA,NA,15.83,NA,0,",hz"
1874-10-02,NA,NA,NA,NA,NA,NA,0,"empty","empty",0,NA,11.94,NA,"empty"
1874-10-02 07:00:00,15.56,270,3,225,NA,1014.22,NA,NA,NA,NA,11.94,NA,11,NA
1874-10-02 14:00:00,16.67,270,3,270,NA,1018.29,NA,NA,NA,NA,13.89,NA,11,NA
1874-10-02 21:00:00,13.06,NA,NA,225,NA,1023.03,NA,NA,NA,NA,10,NA,1,NA
1874-10-03,NA,NA,NA,NA,NA,NA,2.03,"empty","night",NA,NA,14.22,NA,"rain showers"
1874-10-03 07:00:00,13.33,225,3,225,NA,1023.37,NA,NA,NA,NA,10,NA,1,NA
1874-10-03 14:00:00,18.33,225,3,225,NA,1020.32,NA,NA,NA,NA,17.22,NA,11,NA
1874-10-03 21:00:00,17.22,NA,NA,225,NA,1017.27,NA,NA,NA,NA,15.56,NA,5,NA
1874-10-04,NA,NA,NA,NA,NA,NA,0,"empty","empty",0,NA,12.56,NA,"empty"
1874-10-04 07:00:00,14.72,225,2,225,NA,1017.27,NA,NA,NA,NA,12.22,NA,5,NA
1874-10-04 14:00:00,16.11,270,2,270,NA,1017.27,NA,NA,NA,NA,15,NA,1,NA
1874-10-04 21:00:00,15,NA,NA,225,NA,1016.93,NA,NA,NA,NA,10.56,NA,1,NA
1874-10-05,NA,NA,NA,NA,NA,NA,0.23,"1:50 pm","empty",NA,NA,8.89,NA,"snow"
1874-10-05 07:00:00,12.22,NA,NA,135,NA,1019.98,NA,NA,NA,NA,8.89,NA,2,NA
1874-10-05 14:00:00,12.22,NA,NA,135,NA,1020.66,NA,NA,NA,NA,10,NA,2,",hz"
1874-10-05 21:00:00,12.22,NA,NA,90,NA,1024.38,NA,NA,NA,NA,7.78,NA,2,",hz"
1874-10-06,NA,NA,NA,NA,NA,NA,16,"1 pm","night",NA,NA,6.22,NA,"rain"
1874-10-06 07:00:00,11.11,NA,NA,90,NA,1024.04,NA,NA,NA,NA,7.22,NA,5,NA
1874-10-06 14:00:00,11.67,NA,NA,45,NA,1021.33,NA,NA,NA,NA,6.94,NA,11,",hz"
1874-10-06 21:00:00,10.56,NA,NA,0,NA,1016.93,NA,NA,NA,NA,4.44,NA,5,",hz"
1874-10-07,NA,NA,NA,NA,NA,NA,NA,NA,NA,NA,NA,9.33,NA,NA
1874-10-07 07:00:00,11.67,NA,NA,315,NA,1021.33,NA,NA,NA,NA,6.67,NA,5,NA
1874-10-07 14:00:00,15.56,NA,NA,315,NA,1023.37,NA,NA,NA,NA,12.5,NA,5,NA
1874-10-07 21:00:00,13.89,NA,NA,270,NA,1024.04,NA,NA,NA,NA,8.89,NA,5,NA
1874-10-08,NA,NA,NA,NA,NA,NA,NA,NA,NA,NA,NA,11.67,NA,NA
1874-10-08 07:00:00,13.33,NA,NA,270,NA,1022.01,NA,NA,NA,NA,10,NA,5,NA
1874-10-08 14:00:00,18.33,NA,NA,270,NA,1020.32,NA,NA,NA,NA,14.44,NA,5,NA
1874-10-08 21:00:00,15.56,NA,NA,270,NA,1019.64,NA,NA,NA,NA,10.56,NA,2,NA
1874-10-09,NA,NA,NA,NA,NA,NA,2.79,"9 pm","night",NA,NA,11.28,NA,"rain"
1874-10-09 07:00:00,13.33,NA,NA,225,NA,1019.64,NA,NA,NA,NA,10,NA,1,",hz"
1874-10-09 14:00:00,15,NA,NA,225,NA,1015.92,NA,NA,NA,NA,12.78,NA,1,",fg"
1874-10-09 21:00:00,14.44,NA,NA,135,NA,1009.82,NA,NA,NA,NA,11.11,NA,1,",hz"
1874-10-10,NA,NA,NA,NA,NA,NA,2.29,"night","night",NA,NA,12.06,NA,"rain"
1874-10-10 07:00:00,14.44,NA,NA,270,NA,1006.77,NA,NA,NA,NA,12.78,NA,2,",hz"
1874-10-10 14:00:00,15.56,NA,NA,270,NA,1008.81,NA,NA,NA,NA,13.33,NA,2,",hz"
1874-10-10 21:00:00,14.44,NA,NA,315,NA,1014.9,NA,NA,NA,NA,10,NA,1,NA
1874-10-11,NA,NA,NA,NA,NA,NA,0.51,"empty","empty",NA,NA,12.67,NA,"misty"
1874-10-11 07:00:00,12.78,NA,NA,NA,NA,1014.22,NA,NA,NA,NA,10.83,NA,0,NA
1874-10-11 14:00:00,15,NA,NA,225,NA,1008.81,NA,NA,NA,NA,15,NA,1,NA
1874-10-11 21:00:00,15.56,NA,NA,270,NA,1008.81,NA,NA,NA,NA,12.22,NA,1,NA
1874-10-12,NA,NA,NA,NA,NA,NA,NA,NA,NA,NA,NA,12.39,NA,NA
1874-10-12 07:00:00,13.89,NA,NA,225,NA,1010.5,NA,NA,NA,NA,12.78,NA,5,",hz"
1874-10-12 14:00:00,18.33,225,5,225,NA,1011.18,NA,NA,NA,NA,14.17,NA,11,NA
1874-10-12 21:00:00,15.56,NA,NA,NA,NA,1013.88,NA,NA,NA,NA,10.28,NA,0,NA
1874-10-13,NA,NA,NA,NA,NA,NA,5.08,"night","night",NA,NA,9.89,NA,"rain"
1874-10-13 07:00:00,13.33,NA,NA,270,NA,1017.61,NA,NA,NA,NA,8.61,NA,1,NA
1874-10-13 14:00:00,15.56,NA,NA,225,NA,1021,NA,NA,NA,NA,12.22,NA,1,",hz"
1874-10-13 21:00:00,13.33,NA,NA,90,NA,1025.06,NA,NA,NA,NA,8.89,NA,2,",hz"
1874-10-14,NA,NA,NA,NA,NA,NA,8.64,"8 am","night",NA,NA,9.44,NA,"rain"
1874-10-14 07:00:00,12.5,NA,NA,135,NA,1019.64,NA,NA,NA,NA,8.89,NA,2,",ra"
1874-10-14 14:00:00,12.78,NA,NA,180,NA,1017.27,NA,NA,NA,NA,9.44,NA,1,",hz"
1874-10-14 21:00:00,12.78,NA,NA,180,NA,1008.81,NA,NA,NA,NA,10,NA,2,",hz"
1874-10-15,NA,NA,NA,NA,NA,NA,3.05,"night","night",NA,NA,9.28,NA,"rain"
1874-10-15 07:00:00,13.33,NA,NA,45,NA,998.98,NA,NA,NA,NA,10,NA,1,",hz"
1874-10-15 14:00:00,13.33,NA,NA,45,NA,998.98,NA,NA,NA,NA,10,NA,5,",hz"
1874-10-15 21:00:00,12.22,NA,NA,270,NA,1003.05,NA,NA,NA,NA,7.78,NA,2,",hz"
1874-10-16,NA,NA,NA,NA,NA,NA,0.23,"8 am","empty",NA,NA,9.44,NA,"rain"
1874-10-16 07:00:00,11.11,NA,NA,315,NA,1003.73,NA,NA,NA,NA,9.44,NA,5,NA
1874-10-16 14:00:00,11.67,NA,NA,315,NA,1005.08,NA,NA,NA,NA,10,NA,1,",hz"
1874-10-16 21:00:00,12.22,NA,NA,315,NA,1007.79,NA,NA,NA,NA,8.89,NA,2,",hz"
1874-10-17,NA,NA,NA,NA,NA,NA,NA,NA,NA,NA,NA,9.06,NA,NA
1874-10-17 07:00:00,11.11,NA,NA,315,NA,1014.22,NA,NA,NA,NA,7.78,NA,1,NA
1874-10-17 14:00:00,17.22,315,1,315,NA,1016.93,NA,NA,NA,NA,12.22,NA,1,NA
1874-10-17 21:00:00,11.67,NA,NA,315,NA,1018.29,NA,NA,NA,NA,7.22,NA,1,NA
1874-10-18,NA,NA,NA,NA,NA,NA,NA,NA,NA,NA,NA,13.5,NA,NA
1874-10-18 07:00:00,12.78,225,2,225,NA,1018.29,NA,NA,NA,NA,11.11,NA,1,NA
1874-10-18 14:00:00,18.33,NA,NA,225,NA,1018.63,NA,NA,NA,NA,15.56,NA,5,NA
1874-10-18 21:00:00,16.94,NA,NA,180,NA,1017.27,NA,NA,NA,NA,13.89,NA,1,NA
1874-10-19,NA,NA,NA,NA,NA,NA,4.57,"9 am","night",NA,NA,15.44,NA,"rain"
1874-10-19 07:00:00,15.56,NA,NA,180,NA,1005.08,NA,NA,NA,NA,14.44,NA,16,",hz"
1874-10-19 14:00:00,17.78,NA,NA,225,NA,998.65,NA,NA,NA,NA,16.94,NA,11,",ra"
1874-10-19 21:00:00,17.22,NA,NA,225,NA,996.95,NA,NA,NA,NA,15,NA,5,NA
1874-10-20,NA,NA,NA,NA,NA,NA,1.27,"night","empty",NA,NA,10,NA,"rain"
1874-10-20 07:00:00,12.78,NA,NA,225,NA,1008.13,NA,NA,NA,NA,9.44,NA,1,NA
1874-10-20 14:00:00,13.61,225,3,225,NA,1008.47,NA,NA,NA,NA,12.22,NA,5,NA
1874-10-20 21:00:00,11.67,NA,NA,225,NA,1008.47,NA,NA,NA,NA,8.33,NA,5,",ra"
1874-10-21,NA,NA,NA,NA,NA,NA,0.25,"night","empty",NA,NA,8.72,NA,"rain showers"
1874-10-21 07:00:00,9.72,NA,NA,225,NA,1016.59,NA,NA,NA,NA,7.78,NA,1,",hz"
1874-10-21 14:00:00,11.67,NA,NA,225,NA,1016.59,NA,NA,NA,NA,10.56,NA,2,",hz"
1874-10-21 21:00:00,11.94,NA,NA,270,NA,1018.63,NA,NA,NA,NA,7.78,NA,1,NA
1874-10-22,NA,NA,NA,NA,NA,NA,1.27,"empty","empty",NA,NA,6.83,NA,"showers"
1874-10-22 07:00:00,3.89,NA,NA,NA,NA,1019.64,NA,NA,NA,NA,4.44,NA,0,NA
1874-10-22 14:00:00,12.22,225,3,225,NA,1015.24,NA,NA,NA,NA,10,NA,11,NA
1874-10-22 21:00:00,10.56,NA,2,225,"225",1013.21,NA,NA,NA,NA,6.11,NA,2,NA
1874-10-23,NA,NA,NA,NA,NA,NA,NA,NA,NA,NA,NA,4.28,NA,NA
1874-10-23 07:00:00,7.78,NA,NA,270,NA,1018.29,NA,NA,NA,NA,3.33,NA,1,NA
1874-10-23 14:00:00,11.11,NA,NA,270,NA,1019.64,NA,NA,NA,NA,6.67,NA,2,NA
1874-10-23 21:00:00,7.22,NA,NA,270,NA,1025.4,NA,NA,NA,NA,2.22,NA,1,NA
1874-10-24,NA,NA,NA,NA,NA,NA,0.51,"empty","night",NA,NA,5.67,NA,"hail"
1874-10-24 07:00:00,5.28,NA,NA,315,NA,1026.75,NA,NA,NA,NA,2.22,NA,1,NA
1874-10-24 14:00:00,10.56,NA,NA,315,NA,1023.71,NA,NA,NA,NA,8.06,NA,11,NA
1874-10-24 21:00:00,9.44,NA,NA,315,NA,1020.32,NA,NA,NA,NA,6.67,NA,11,NA
1874-10-25,NA,NA,NA,NA,NA,NA,NA,NA,NA,NA,NA,7.67,NA,NA
1874-10-25 07:00:00,8.33,NA,NA,270,NA,1022.01,NA,NA,NA,NA,6.11,NA,1,",hz"
1874-10-25 14:00:00,11.11,NA,NA,270,NA,1022.01,NA,NA,NA,NA,10.83,NA,1,",hz"
1874-10-25 21:00:00,8.33,NA,NA,NA,NA,1021,NA,NA,NA,NA,6.11,NA,0,NA
1874-10-26,NA,NA,NA,NA,NA,NA,NA,NA,NA,NA,NA,9.56,NA,NA
1874-10-26 07:00:00,8.33,NA,NA,NA,NA,1021.67,NA,NA,NA,NA,6.67,NA,0,NA
1874-10-26 14:00:00,15,NA,NA,225,NA,1021.33,NA,NA,NA,NA,12.78,NA,1,NA
1874-10-26 21:00:00,12.78,NA,NA,270,NA,1020.66,NA,NA,NA,NA,9.17,NA,2,NA
1874-10-27,NA,NA,NA,NA,NA,NA,NA,NA,NA,NA,NA,9.33,NA,NA
1874-10-27 07:00:00,9.44,NA,NA,270,NA,1018.96,NA,NA,NA,NA,8.33,NA,5,",hz"
1874-10-27 14:00:00,13.33,225,4,225,NA,1018.96,NA,NA,NA,NA,11.11,NA,5,NA
1874-10-27 21:00:00,12.78,NA,NA,270,NA,1018.63,NA,NA,NA,NA,8.61,NA,2,",hz"
1874-10-28,NA,NA,NA,NA,NA,NA,NA,NA,NA,NA,NA,9.28,NA,NA
1874-10-28 07:00:00,11.11,NA,NA,225,NA,1018.96,NA,NA,NA,NA,7.22,NA,1,",fg"
1874-10-28 14:00:00,11.11,NA,NA,180,NA,1017.27,NA,NA,NA,NA,12.22,NA,0,",ra"
1874-10-28 21:00:00,8.33,NA,NA,NA,NA,1013.88,NA,NA,NA,NA,8.33,NA,0,",fg"
1874-10-29,NA,NA,NA,NA,NA,NA,0.25,"3 pm","night",NA,NA,6.94,NA,"rain"
1874-10-29 07:00:00,10.56,NA,NA,45,NA,1006.77,NA,NA,NA,NA,8.06,NA,11,",fg"
1874-10-29 14:00:00,11.11,NA,NA,45,NA,1003.73,NA,NA,NA,NA,7.78,NA,20,",fg"
1874-10-29 21:00:00,8.33,NA,NA,45,NA,1010.5,NA,NA,NA,NA,5,NA,16,",fg"
1874-10-30,NA,NA,NA,NA,NA,NA,1.02,"8:30 pm","night",NA,NA,4.83,NA,"rain"
1874-10-30 07:00:00,6.94,45,1,45,NA,1015.92,NA,NA,NA,NA,3.33,NA,1,NA
1874-10-30 14:00:00,10,NA,NA,NA,NA,1015.92,NA,NA,NA,NA,6.11,NA,0,NA
1874-10-30 21:00:00,8.33,NA,NA,225,NA,1011.51,NA,NA,NA,NA,5,NA,1,",ra"
1874-10-31,NA,NA,NA,NA,NA,NA,4.57,"1 am","8 am",NA,NA,9.61,NA,"rain"
1874-10-31 07:00:00,10,NA,NA,225,NA,1008.13,NA,NA,NA,NA,10,NA,1,NA
1874-10-31 14:00:00,16.67,NA,NA,315,NA,1009.82,NA,NA,NA,NA,11.67,NA,2,NA
1874-10-31 21:00:00,12.78,NA,NA,225,NA,1012.53,NA,NA,NA,NA,7.22,NA,1,NA
1874-11-01,NA,NA,NA,NA,NA,NA,3.81,"8 am","night",0,NA,9.44,NA,NA
1874-11-01 07:00:00,10.83,NA,NA,NA,NA,1013.88,NA,NA,NA,NA,8.33,NA,0,",fg"
1874-11-01 14:00:00,12.22,NA,NA,225,NA,1013.21,NA,NA,NA,NA,10.56,NA,1,",ra"
1874-11-01 21:00:00,12.22,NA,NA,225,NA,1012.19,NA,NA,NA,NA,9.44,NA,5,",ra"
1874-11-02,NA,NA,NA,NA,NA,NA,NA,NA,NA,NA,NA,4.72,NA,NA
1874-11-02 07:00:00,8.89,NA,NA,315,NA,1017.95,NA,NA,NA,NA,5,NA,1,NA
1874-11-02 14:00:00,10,315,1,315,NA,1016.93,NA,NA,NA,NA,6.11,NA,1,NA
1874-11-02 21:00:00,8.89,NA,NA,NA,NA,1015.92,NA,NA,NA,NA,3.06,NA,0,NA
1874-11-03,NA,NA,NA,NA,NA,NA,0,"10 am","empty",0.51,NA,1.39,NA,"flurries"
1874-11-03 07:00:00,7.22,315,2,315,NA,1022.01,NA,NA,NA,NA,1.94,NA,2,NA
1874-11-03 14:00:00,6.67,315,2,315,NA,1027.77,NA,NA,NA,NA,2.22,NA,2,NA
1874-11-03 21:00:00,6.11,NA,NA,NA,NA,1030.82,NA,NA,NA,NA,0,NA,0,",hz"
1874-11-04,NA,NA,NA,NA,NA,NA,NA,NA,NA,NA,NA,5.83,NA,NA
1874-11-04 07:00:00,5.28,315,1,315,NA,1029.12,NA,NA,NA,NA,2.78,NA,1,NA
1874-11-04 14:00:00,10.56,270,3,315,NA,1025.74,NA,NA,NA,NA,8.33,NA,11,NA
1874-11-04 21:00:00,10,NA,NA,270,NA,1025.06,NA,NA,NA,NA,6.39,NA,1,NA
1874-11-05,NA,NA,NA,NA,NA,NA,0.23,"9pm","empty",0,NA,8.22,NA,"empty"
1874-11-05 07:00:00,8.33,NA,NA,NA,NA,1025.06,NA,NA,NA,NA,5.28,NA,0,NA
1874-11-05 14:00:00,12.78,NA,NA,315,NA,1022.35,NA,NA,NA,NA,10,NA,2,",hz"
1874-11-05 21:00:00,11.67,NA,NA,315,NA,1019.3,NA,NA,NA,NA,9.44,NA,2,",ra"
1874-11-06,NA,NA,NA,NA,NA,NA,6.86,"8:30 pm","night",0,NA,10.94,NA,"rain"
1874-11-06 07:00:00,13.89,NA,NA,270,NA,1009.14,NA,NA,NA,NA,11.11,NA,16,NA
1874-11-06 14:00:00,13.89,NA,NA,270,NA,1008.13,NA,NA,NA,NA,11.67,NA,1,",hz"
1874-11-06 21:00:00,13.33,NA,NA,45,NA,1008.13,NA,NA,NA,NA,10,NA,1,",ra"
1874-11-07,NA,NA,NA,NA,NA,NA,22.35,"night","8 am",4.06,NA,1.67,NA,NA
1874-11-07 07:00:00,10,NA,NA,45,NA,1011.51,NA,NA,NA,NA,2.78,NA,20,",ra"
1874-11-07 14:00:00,8.89,NA,NA,45,NA,1014.22,NA,NA,NA,NA,1.11,NA,20,",sn"
1874-11-07 21:00:00,7.22,NA,NA,45,NA,1017.95,NA,NA,NA,NA,1.11,NA,20,NA
1874-11-08,NA,NA,NA,NA,NA,NA,0,"empty","empty",0,NA,2.11,NA,"night"
1874-11-08 07:00:00,6.11,45,4,45,NA,1021,NA,NA,NA,NA,1.67,NA,20,NA
1874-11-08 14:00:00,6.11,45,4,45,NA,1020.66,NA,NA,NA,NA,2.22,NA,20,NA
1874-11-08 21:00:00,5.56,NA,NA,45,NA,1017.61,NA,NA,NA,NA,2.5,NA,20,",hz"
1874-11-09,NA,NA,NA,NA,NA,NA,47.75,"8 am","continuous",0,NA,6.5,NA,"empty"
1874-11-09 07:00:00,6.11,NA,NA,45,NA,1006.77,NA,NA,NA,NA,5,NA,5,",ra"
1874-11-09 14:00:00,8.89,NA,NA,45,NA,1004.06,NA,NA,NA,NA,6.67,NA,16,",ra"
1874-11-09 21:00:00,5.56,NA,NA,45,NA,1003.05,NA,NA,NA,NA,7.78,NA,16,",ra"
1874-11-10,NA,NA,NA,NA,NA,NA,3.56,"8 am","empty",0,NA,7.61,NA,"showers"
1874-11-10 07:00:00,10,NA,NA,45,NA,990.86,NA,NA,NA,NA,7.78,NA,5,",ra"
1874-11-10 14:00:00,12.78,NA,NA,45,NA,983.07,NA,NA,NA,NA,7.78,NA,2,",ra"
1874-11-10 21:00:00,12.22,NA,NA,270,NA,983.75,NA,NA,NA,NA,7.22,NA,2,",ra"
1874-11-11,NA,NA,NA,NA,NA,NA,6.86,"9:30 am","3 pm",0,NA,5.17,NA,"rain"
1874-11-11 07:00:00,14.44,NA,NA,225,NA,1007.79,NA,NA,NA,NA,5.83,NA,1,",hz"
1874-11-11 14:00:00,9.44,NA,NA,270,NA,995.26,NA,NA,NA,NA,6.39,NA,2,NA
1874-11-11 21:00:00,8.89,NA,NA,225,NA,1001.69,NA,NA,NA,NA,3.33,NA,2,NA
1874-11-12,NA,NA,NA,NA,NA,NA,0.76,"1 pm","night",NA,NA,5.17,NA,"rain"
1874-11-12 07:00:00,9.72,NA,NA,225,NA,996.95,NA,NA,NA,NA,6.94,NA,5,NA
1874-11-12 14:00:00,12.78,225,2,225,NA,1001.02,NA,NA,NA,NA,6.11,NA,11,NA
1874-11-12 21:00:00,7.78,NA,3,225,"225",1006.43,NA,NA,NA,NA,2.5,NA,16,NA
1874-11-13,NA,NA,NA,NA,NA,NA,NA,NA,NA,NA,NA,3.44,NA,NA
1874-11-13 07:00:00,6.11,NA,NA,225,NA,1014.22,NA,NA,NA,NA,3.06,NA,1,",hz"
1874-11-13 14:00:00,7.22,NA,NA,270,NA,1015.92,NA,NA,NA,NA,4.44,NA,2,NA
1874-11-13 21:00:00,6.67,NA,NA,270,NA,1020.32,NA,NA,NA,NA,2.78,NA,1,NA
1874-11-14,NA,NA,NA,NA,NA,NA,0,"8:40 am","night",21.59,NA,1,NA,"snow?"
1874-11-14 07:00:00,6.11,NA,NA,NA,NA,1024.72,NA,NA,NA,NA,1.67,NA,0,",fg"
1874-11-14 14:00:00,6.11,NA,NA,135,NA,1020.66,NA,NA,NA,NA,1.11,NA,11,",sn"
1874-11-14 21:00:00,5,NA,NA,45,NA,1013.55,NA,NA,NA,NA,0.28,NA,20,",sn"
1874-11-15,NA,NA,NA,NA,NA,NA,0,"8 am","night",3.81,NA,0.44,NA,"snow"
1874-11-15 07:00:00,4.44,NA,NA,270,NA,1012.87,NA,NA,NA,NA,0,NA,2,",fg"
1874-11-15 14:00:00,5.28,NA,NA,270,NA,1010.16,NA,NA,NA,NA,0.83,NA,5,",hz"
1874-11-15 21:00:00,3.89,NA,NA,315,NA,1008.47,NA,NA,NA,NA,0.56,NA,11,",sn"
1874-11-16,NA,NA,NA,NA,NA,NA,NA,NA,NA,NA,NA,-0.72,NA,NA
1874-11-16 07:00:00,2.22,315,2,315,NA,1012.19,NA,NA,NA,NA,-1.11,NA,5,NA
1874-11-16 14:00:00,7.78,315,2,315,NA,1012.19,NA,NA,NA,NA,0,NA,5,NA
1874-11-16 21:00:00,3.89,NA,NA,0,NA,1015.24,NA,NA,NA,NA,-1.11,NA,1,NA
1874-11-17,NA,NA,NA,NA,NA,NA,NA,NA,NA,NA,NA,-1.5,NA,NA
1874-11-17 07:00:00,2.22,NA,NA,315,NA,1022.01,NA,NA,NA,NA,-1.67,NA,1,NA
1874-11-17 14:00:00,3.33,NA,NA,45,NA,1024.72,NA,NA,NA,NA,-1.11,NA,1,NA
1874-11-17 21:00:00,3.33,NA,NA,45,NA,1030.14,NA,NA,NA,NA,-1.67,NA,1,NA
1874-11-18,NA,NA,NA,NA,NA,NA,0,"night","night",12.7,NA,-0.56,NA,"snow"
1874-11-18 07:00:00,2.22,NA,NA,NA,NA,1027.77,NA,NA,NA,NA,-1.11,NA,0,",hz"
1874-11-18 14:00:00,5.56,NA,NA,NA,NA,1023.37,NA,NA,NA,NA,1.11,NA,0,",hz"
1874-11-18 21:00:00,8.33,NA,NA,NA,NA,1018.63,NA,NA,NA,NA,-1.67,NA,0,NA
1874-11-19,NA,NA,NA,NA,NA,NA,NA,NA,NA,NA,NA,-2.22,NA,NA
1874-11-19 07:00:00,4.44,NA,NA,315,NA,1002.37,NA,NA,NA,NA,0.83,NA,1,NA
1874-11-19 14:00:00,7.78,NA,NA,0,NA,1003.39,NA,NA,NA,NA,-1.67,NA,2,NA
1874-11-19 21:00:00,3.33,NA,NA,0,NA,1007.79,NA,NA,NA,NA,-5.83,NA,1,NA
1874-11-20,NA,NA,NA,NA,NA,NA,NA,NA,NA,NA,NA,-4.61,NA,NA
1874-11-20 07:00:00,0,NA,NA,315,NA,1009.48,NA,NA,NA,NA,-6.11,NA,5,NA
1874-11-20 14:00:00,5.56,NA,NA,315,NA,1011.51,NA,NA,NA,NA,-3.33,NA,5,NA
1874-11-20 21:00:00,8.33,NA,NA,315,NA,1014.56,NA,NA,NA,NA,-4.44,NA,1,NA
1874-11-21,NA,NA,NA,NA,NA,NA,0,"8.45 am","night",8.89,NA,-1.39,NA,"snow"
1874-11-21 07:00:00,1.67,NA,NA,90,NA,1004.4,NA,NA,NA,NA,-4.44,NA,11,",hz"
1874-11-21 14:00:00,3.06,NA,NA,90,NA,992.89,NA,NA,NA,NA,0,NA,16,",sn"
1874-11-21 21:00:00,3.33,NA,NA,90,NA,995.94,NA,NA,NA,NA,0.28,NA,1,",hz"
1874-11-22,NA,NA,NA,NA,NA,NA,0,"1:30 pm","night",8.13,NA,0.56,NA,"snow"
1874-11-22 07:00:00,2.78,NA,NA,NA,NA,1001.69,NA,NA,NA,NA,0,NA,0,NA
1874-11-22 14:00:00,4.44,NA,NA,135,NA,999.32,NA,NA,NA,NA,0.56,NA,2,",sn"
1874-11-22 21:00:00,4.44,NA,NA,225,NA,993.23,NA,NA,NA,NA,1.11,NA,1,NA
1874-11-23,NA,NA,NA,NA,NA,NA,0,"empty","empty",2.29,NA,0.56,NA,"snow flurries"
1874-11-23 07:00:00,3.89,NA,NA,315,NA,1004.06,NA,NA,NA,NA,1.11,NA,2,NA
1874-11-23 14:00:00,7.78,0,1,315,NA,1012.53,NA,NA,NA,NA,1.11,NA,2,NA
1874-11-23 21:00:00,5.56,NA,NA,90,NA,1019.3,NA,NA,NA,NA,-0.56,NA,1,NA
1874-11-24,NA,NA,NA,NA,NA,NA,0,"10 am","pm",4.06,NA,2.33,NA,"hail and rain"
1874-11-24 07:00:00,4.17,NA,NA,135,NA,1017.27,NA,NA,NA,NA,0.28,NA,2,",hz"
1874-11-24 14:00:00,4.17,NA,NA,180,NA,1004.4,NA,NA,NA,NA,2.22,NA,16,",ra"
1874-11-24 21:00:00,5.83,NA,2,225,"225",997.29,NA,NA,NA,NA,4.44,NA,2,NA
1874-11-25,NA,NA,NA,NA,NA,NA,2.54,"night","8 am",0,NA,4.44,NA,"rain"
1874-11-25 07:00:00,5,225,2,225,NA,1003.05,NA,NA,NA,NA,3.33,NA,5,NA
1874-11-25 14:00:00,10,225,2,225,NA,1006.1,NA,NA,NA,NA,6.11,NA,5,NA
1874-11-25 21:00:00,10,NA,NA,225,NA,1010.5,NA,NA,NA,NA,3.89,NA,2,",hz"
1874-11-26,NA,NA,NA,NA,NA,NA,8.64,"8 am","4 pm",0,NA,2.78,NA,"rain and snow"
1874-11-26 07:00:00,7.22,NA,NA,NA,NA,1013.88,NA,NA,NA,NA,3.33,NA,0,",ra"
1874-11-26 14:00:00,6.11,NA,NA,NA,NA,1011.18,NA,NA,NA,NA,3.33,NA,0,",ra"
1874-11-26 21:00:00,7.5,NA,NA,270,NA,1016.59,NA,NA,NA,NA,1.67,NA,1,",hz"
1874-11-27,NA,NA,NA,NA,NA,NA,NA,NA,NA,NA,NA,-1.5,NA,NA
1874-11-27 07:00:00,4.44,315,1,315,NA,1026.75,NA,NA,NA,NA,-1.67,NA,1,NA
1874-11-27 14:00:00,3.89,315,1,315,NA,1030.82,NA,NA,NA,NA,-0.56,NA,1,NA
1874-11-27 21:00:00,3.89,NA,NA,0,NA,1034.2,NA,NA,NA,NA,-2.22,NA,1,NA
1874-11-28,NA,NA,NA,NA,NA,NA,NA,NA,NA,NA,NA,3.06,NA,NA
1874-11-28 07:00:00,3.33,NA,NA,225,NA,1027.43,NA,NA,NA,NA,2.22,NA,2,NA
1874-11-28 14:00:00,5.56,NA,NA,225,NA,1025.4,NA,NA,NA,NA,3.61,NA,1,",hz"
1874-11-28 21:00:00,8.33,NA,NA,225,NA,1026.41,NA,NA,NA,NA,3.33,NA,1,",hz"
1874-11-29,NA,NA,NA,NA,NA,NA,0.76,"9 pm","empty",0,NA,2.78,NA,"showers"
1874-11-29 07:00:00,6.11,NA,NA,225,NA,1031.16,NA,NA,NA,NA,1.39,NA,1,NA
1874-11-29 14:00:00,8.33,NA,NA,135,NA,1030.82,NA,NA,NA,NA,3.33,NA,1,",hz"
1874-11-29 21:00:00,7.22,NA,NA,180,NA,1028.78,NA,NA,NA,NA,4.17,NA,2,",ra"
1874-11-30,NA,NA,NA,NA,NA,NA,1.78,"8 am","empty",0,NA,8.89,NA,"showers"
1874-11-30 07:00:00,7.78,NA,NA,135,NA,1021,NA,NA,NA,NA,7.78,NA,5,",hz"
1874-11-30 14:00:00,11.11,NA,NA,225,NA,1017.27,NA,NA,NA,NA,11.11,NA,11,",ra"
1874-11-30 21:00:00,10,NA,NA,225,NA,1012.87,NA,NA,NA,NA,7.78,NA,5,",ra"
1874-12-01,NA,NA,NA,NA,NA,NA,0.023,NA,NA,0.23,NA,0.94,NA,"snow flurry"
1874-12-01 07:00:00,9.44,NA,NA,0,NA,1026.08,NA,NA,NA,NA,1.67,NA,1,NA
1874-12-01 14:00:00,9.44,315,1,315,NA,1031.83,NA,NA,NA,NA,2.22,NA,1,NA
1874-12-01 21:00:00,6.67,NA,NA,NA,NA,1036.57,NA,NA,NA,NA,-1.11,NA,0,NA
1874-12-02,NA,NA,NA,NA,NA,NA,NA,NA,NA,NA,NA,0.94,NA,NA
1874-12-02 07:00:00,5.56,NA,NA,135,NA,1034.54,NA,NA,NA,NA,0.56,NA,1,NA
1874-12-02 14:00:00,6.67,NA,NA,135,NA,1028.78,NA,NA,NA,NA,0.83,NA,2,",hz"
1874-12-02 21:00:00,6.67,NA,NA,NA,NA,1022.69,NA,NA,NA,NA,0,NA,0,",hz"
1874-12-03,NA,NA,NA,NA,NA,NA,4.32,"night","8:00 am",NA,NA,2.5,NA,NA
1874-12-03 07:00:00,4.44,315,2,225,NA,1020.66,NA,NA,NA,NA,-0.56,NA,2,NA
1874-12-03 14:00:00,5.56,NA,NA,225,NA,1019.64,NA,NA,NA,NA,3.06,NA,2,NA
1874-12-03 21:00:00,6.67,NA,NA,225,NA,1019.3,NA,NA,NA,NA,5,NA,11,NA
1874-12-04,NA,NA,NA,NA,NA,NA,4.83,"8:00 am","night",NA,NA,7.39,NA,"rain"
1874-12-04 07:00:00,7.78,NA,NA,225,NA,1015.24,NA,NA,NA,NA,7.22,NA,2,",ra"
1874-12-04 14:00:00,10,NA,NA,225,NA,1014.9,NA,NA,NA,NA,8.33,NA,2,",hz"
1874-12-04 21:00:00,10,NA,NA,NA,NA,1018.29,NA,NA,NA,NA,6.67,NA,0,",ra"
1874-12-05,NA,NA,NA,NA,NA,NA,0.023,"9:00 pm",NA,0.23,NA,-0.56,NA,"flurry snow"
1874-12-05 07:00:00,7.22,NA,NA,45,NA,1025.4,NA,NA,NA,NA,0,NA,5,NA
1874-12-05 14:00:00,6.11,NA,NA,45,NA,1026.08,NA,NA,NA,NA,-1.11,NA,2,",hz"
1874-12-05 21:00:00,6.11,NA,NA,45,NA,1025.4,NA,NA,NA,NA,-0.56,NA,5,",sn"
1874-12-06,NA,NA,NA,NA,NA,NA,0.025,NA,NA,0.25,NA,-0.17,NA,"misty rain & snow"
1874-12-06 07:00:00,4.44,NA,NA,45,NA,1017.61,NA,NA,NA,NA,0,NA,1,",hz"
1874-12-06 14:00:00,5,NA,NA,45,NA,1017.61,NA,NA,NA,NA,0,NA,1,",sn"
1874-12-06 21:00:00,3.89,NA,NA,NA,NA,1017.27,NA,NA,NA,NA,-0.56,NA,0,",sn"
1874-12-07,NA,NA,NA,NA,NA,NA,NA,NA,NA,NA,NA,1.83,NA,NA
1874-12-07 07:00:00,2.22,NA,NA,225,NA,1021,NA,NA,NA,NA,-1.11,NA,1,NA
1874-12-07 14:00:00,5,NA,NA,225,NA,1020.32,NA,NA,NA,NA,2.78,NA,1,NA
1874-12-07 21:00:00,6.11,NA,NA,225,NA,1018.63,NA,NA,NA,NA,3.89,NA,11,",hz"
1874-12-08,NA,NA,NA,NA,NA,NA,6.1,"10:00 am","night",NA,NA,11.83,NA,"rain"
1874-12-08 07:00:00,10,NA,NA,225,NA,1008.47,NA,NA,NA,NA,11.11,NA,20,",hz"
1874-12-08 14:00:00,12.78,NA,NA,225,NA,1007.79,NA,NA,NA,NA,11.67,NA,16,",ra"
1874-12-08 21:00:00,12.78,NA,NA,225,NA,1004.06,NA,NA,NA,NA,12.78,NA,11,",ra"
1874-12-09,NA,NA,NA,NA,NA,NA,0.023,"11:00 am",NA,0.23,NA,3.33,NA,"shower snow flurries"
1874-12-09 07:00:00,11.67,NA,NA,225,NA,998.65,NA,NA,NA,NA,8.33,NA,1,",hz"
1874-12-09 14:00:00,7.22,NA,NA,225,NA,997.63,NA,NA,NA,NA,1.67,NA,20,",sn"
1874-12-09 21:00:00,3.89,NA,NA,270,NA,1016.26,NA,NA,NA,NA,0,NA,5,NA
1874-12-10,NA,NA,NA,NA,NA,NA,4.57,"3:30 pm","night",NA,NA,3.5,NA,"rain"
1874-12-10 07:00:00,2.78,NA,NA,225,NA,1025.06,NA,NA,NA,NA,0,NA,1,NA
1874-12-10 14:00:00,8.33,NA,NA,225,NA,1022.69,NA,NA,NA,NA,4.44,NA,2,NA
1874-12-10 21:00:00,8.33,NA,NA,225,NA,1019.64,NA,NA,NA,NA,6.11,NA,5,NA
1874-12-11,NA,NA,NA,NA,NA,NA,14.22,"night","night",NA,NA,0.11,NA,NA
1874-12-11 07:00:00,5.56,NA,NA,NA,NA,1026.08,NA,NA,NA,NA,-1.11,NA,0,NA
1874-12-11 14:00:00,6.67,NA,NA,90,NA,1024.04,NA,NA,NA,NA,0.28,NA,2,NA
1874-12-11 21:00:00,6.67,NA,NA,135,NA,1023.37,NA,NA,NA,NA,1.11,NA,2,",hz"
1874-12-12,NA,NA,NA,NA,NA,NA,0.254,"10:30 pm","night",2.54,NA,1.11,NA,NA
1874-12-12 07:00:00,5.56,NA,NA,NA,NA,1007.45,NA,NA,NA,NA,1.67,NA,0,",fg"
1874-12-12 14:00:00,6.67,NA,NA,225,NA,1008.13,NA,NA,NA,NA,2.22,NA,1,NA
1874-12-12 21:00:00,5.56,NA,NA,315,NA,1011.18,NA,NA,NA,NA,-0.56,NA,5,NA
1874-12-13,NA,NA,NA,NA,NA,NA,0.023,NA,NA,0.23,NA,-5.44,NA,"flurries"
1874-12-13 07:00:00,1.67,315,2,315,NA,1015.92,NA,NA,NA,NA,-4.44,NA,2,NA
1874-12-13 14:00:00,1.67,NA,NA,315,NA,1016.26,NA,NA,NA,NA,-4.72,NA,2,NA
1874-12-13 21:00:00,-0.28,NA,NA,315,NA,1018.96,NA,NA,NA,NA,-7.22,NA,2,NA
1874-12-14,NA,NA,NA,NA,NA,NA,12.45,"7:30 pm","8:00 am",NA,NA,-2.67,NA,NA
1874-12-14 07:00:00,-3.33,NA,NA,315,NA,1025.06,NA,NA,NA,NA,-8.33,NA,1,NA
1874-12-14 14:00:00,0.56,NA,NA,225,NA,1022.35,NA,NA,NA,NA,-1.11,NA,2,",hz"
1874-12-14 21:00:00,2.22,NA,NA,135,NA,1013.55,NA,NA,NA,NA,1.39,NA,20,",hz"
1874-12-15,NA,NA,NA,NA,NA,NA,5.84,"8:00 am","6:00 pm",7.62,NA,4.61,NA,"snow"
1874-12-15 07:00:00,7.22,NA,NA,225,NA,995.6,NA,NA,NA,NA,7.78,NA,16,",ra"
1874-12-15 14:00:00,8.33,NA,NA,225,NA,996.61,NA,NA,NA,NA,5,NA,2,",hz"
1874-12-15 21:00:00,5.56,NA,NA,NA,NA,1002.37,NA,NA,NA,NA,1.11,NA,0,",sn"
1874-12-16,NA,NA,NA,NA,NA,NA,0.584,"night",NA,5.84,NA,-0.44,NA,NA
1874-12-16 07:00:00,3.89,NA,NA,45,NA,1007.79,NA,NA,NA,NA,-1.67,NA,1,",hz"
1874-12-16 14:00:00,5,NA,NA,45,NA,1008.47,NA,NA,NA,NA,0.28,NA,5,",hz"
1874-12-16 21:00:00,5,NA,NA,45,NA,1010.16,NA,NA,NA,NA,0,NA,16,",hz"
1874-12-17,NA,NA,NA,NA,NA,NA,0.25,NA,NA,NA,NA,3.17,NA,"misty rain"
1874-12-17 07:00:00,4.44,NA,NA,45,NA,1002.03,NA,NA,NA,NA,1.11,NA,11,",hz"
1874-12-17 14:00:00,6.67,NA,NA,135,NA,997.29,NA,NA,NA,NA,3.33,NA,1,",ra"
1874-12-17 21:00:00,6.67,NA,NA,135,NA,991.53,NA,NA,NA,NA,5,NA,1,",ra"
1874-12-18,NA,NA,NA,NA,NA,NA,13.21,"8:45 pm","night",NA,NA,1.56,NA,"rain"
1874-12-18 07:00:00,5,270,2,270,NA,991.2,NA,NA,NA,NA,0.83,NA,2,NA
1874-12-18 14:00:00,6.67,NA,NA,315,NA,992.21,NA,NA,NA,NA,2.22,NA,2,",hz"
1874-12-18 21:00:00,6.67,NA,NA,135,NA,992.89,NA,NA,NA,NA,1.67,NA,5,",ra"
1874-12-19,NA,NA,NA,NA,NA,NA,0.025,"9:00 am",NA,0.25,NA,0.17,NA,"flurry"
1874-12-19 07:00:00,4.44,225,2,225,NA,987.13,NA,NA,NA,NA,0.83,NA,2,NA
1874-12-19 14:00:00,5.56,NA,NA,315,NA,995.94,NA,NA,NA,NA,1.11,NA,5,NA
1874-12-19 21:00:00,3.33,NA,NA,315,NA,1003.73,NA,NA,NA,NA,-1.39,NA,5,",sn"
1874-12-20,NA,NA,NA,NA,NA,NA,0.023,NA,NA,0.23,NA,-2.06,NA,"flurries"
1874-12-20 07:00:00,1.67,NA,NA,315,NA,1008.13,NA,NA,NA,NA,-1.11,NA,1,",sn"
1874-12-20 14:00:00,3.33,NA,NA,315,NA,1009.82,NA,NA,NA,NA,-1.11,NA,1,NA
1874-12-20 21:00:00,0.56,NA,NA,315,NA,1014.56,NA,NA,NA,NA,-3.89,NA,5,",hz"
1874-12-21,NA,NA,NA,NA,NA,NA,2.134,"8:00 am",NA,21.34,NA,-3.33,NA,"snow"
1874-12-21 07:00:00,0.83,NA,NA,NA,NA,1014.22,NA,NA,NA,NA,-1.11,NA,0,",sn"
1874-12-21 14:00:00,2.78,NA,NA,45,NA,1012.87,NA,NA,NA,NA,-2.22,NA,16,",sn"
1874-12-21 21:00:00,0.56,NA,NA,45,NA,1009.14,NA,NA,NA,NA,-6.67,NA,20,",sn"
1874-12-22,NA,NA,NA,NA,NA,NA,NA,NA,NA,NA,NA,-7.61,NA,NA
1874-12-22 07:00:00,-1.11,45,3,45,NA,1013.21,NA,NA,NA,NA,-7.22,NA,1,NA
1874-12-22 14:00:00,0,45,1,45,NA,1016.59,NA,NA,NA,NA,-6.11,NA,1,NA
1874-12-22 21:00:00,-0.56,NA,NA,NA,NA,1020.32,NA,NA,NA,NA,-9.44,NA,0,NA
1874-12-23,NA,NA,NA,NA,NA,NA,2.03,"10:30 pm","night",NA,NA,-3.44,NA,"rain"
1874-12-23 07:00:00,-2.78,NA,NA,NA,NA,1021.33,NA,NA,NA,NA,-8.33,NA,0,NA
1874-12-23 14:00:00,3.33,NA,NA,225,NA,1020.66,NA,NA,NA,NA,-1.94,NA,1,NA
1874-12-23 21:00:00,2.78,NA,NA,135,NA,1015.92,NA,NA,NA,NA,0,NA,2,",hz"
1874-12-24,NA,NA,NA,NA,NA,NA,5.33,"night","night",NA,NA,0.67,NA,"rain"
1874-12-24 07:00:00,2.78,225,2,225,NA,1004.4,NA,NA,NA,NA,0.56,NA,2,NA
1874-12-24 14:00:00,6.67,NA,NA,225,NA,1010.5,NA,NA,NA,NA,1.11,NA,1,NA
1874-12-24 21:00:00,5,NA,NA,225,NA,1009.14,NA,NA,NA,NA,0.28,NA,1,NA
1874-12-25,NA,NA,NA,NA,NA,NA,0.102,NA,NA,1.02,NA,-0.44,NA,"rain + hail"
1874-12-25 07:00:00,3.89,225,2,225,NA,978.67,NA,NA,NA,NA,1.67,NA,5,NA
1874-12-25 14:00:00,3.89,NA,NA,270,NA,967.49,NA,NA,NA,NA,0.28,NA,20,",sn"
1874-12-25 21:00:00,1.11,NA,NA,270,NA,979.34,NA,NA,NA,NA,-3.33,NA,20,",sn"
1874-12-26,NA,NA,NA,NA,NA,NA,NA,NA,NA,NA,NA,-3.06,NA,NA
1874-12-26 07:00:00,-1.11,315,5,315,NA,994.92,NA,NA,NA,NA,-3.61,NA,20,NA
1874-12-26 14:00:00,5,315,3,315,NA,1003.05,NA,NA,NA,NA,-1.67,NA,11,NA
1874-12-26 21:00:00,2.5,NA,NA,315,NA,1010.5,NA,NA,NA,NA,-3.89,NA,5,NA
1874-12-27,NA,NA,NA,NA,NA,NA,0.203,"4:00 pm","night",2.03,NA,-2.06,NA,"snow"
1874-12-27 07:00:00,0.56,270,2,270,NA,1015.92,NA,NA,NA,NA,-3.33,NA,2,NA
1874-12-27 14:00:00,0.83,NA,NA,270,NA,1015.24,NA,NA,NA,NA,-1.11,NA,1,NA
1874-12-27 21:00:00,0.56,NA,NA,NA,NA,1015.24,NA,NA,NA,NA,-1.67,NA,0,",sn"
1874-12-28,NA,NA,NA,NA,NA,NA,0.152,"empty","8:00 am",1.52,NA,-5.28,NA,"night"
1874-12-28 07:00:00,0,270,2,315,NA,1018.63,NA,NA,NA,NA,-5.56,NA,1,NA
1874-12-28 14:00:00,1.11,270,1,270,NA,1018.63,NA,NA,NA,NA,-3.33,NA,1,NA
1874-12-28 21:00:00,1.11,NA,NA,NA,NA,1018.96,NA,NA,NA,NA,-7.5,NA,0,",hz"
1874-12-29,NA,NA,NA,NA,NA,NA,0.254,NA,NA,2.54,NA,0.56,NA,"flurries"
1874-12-29 07:00:00,0,NA,NA,180,NA,993.91,NA,NA,NA,NA,-0.56,NA,16,",sn"
1874-12-29 14:00:00,2.78,NA,NA,225,NA,988.83,NA,NA,NA,NA,1.67,NA,2,",hz"
1874-12-29 21:00:00,3.33,NA,NA,270,NA,985.44,NA,NA,NA,NA,0.56,NA,2,",hz"
1874-12-30,NA,NA,NA,NA,NA,NA,0.381,NA,NA,3.81,NA,-12.61,NA,"snow showers"
1874-12-30 07:00:00,-1.67,315,5,315,NA,984.08,NA,NA,NA,NA,-10,NA,20,NA
1874-12-30 14:00:00,0.56,NA,NA,315,NA,984.76,NA,NA,NA,NA,-12.78,NA,20,",sn"
1874-12-30 21:00:00,-1.67,NA,NA,315,NA,988.49,NA,NA,NA,NA,-15,NA,20,NA
1874-12-31,NA,NA,NA,NA,NA,NA,NA,NA,NA,NA,NA,-10,NA,NA
1874-12-31 07:00:00,-8.89,315,3,315,NA,983.75,NA,NA,NA,NA,-12.22,NA,20,NA
1874-12-31 14:00:00,-6.11,NA,NA,315,NA,983.41,NA,NA,NA,NA,-9.44,NA,16,NA
1874-12-31 21:00:00,-6.67,NA,NA,315,NA,985.44,NA,NA,NA,NA,-8.33,NA,20,NA
1875-01-01,NA,NA,NA,NA,NA,NA,4.06,"night","night",NA,NA,-9.44,NA,NA
1875-01-01 07:00:00,-6.67,315,2,315,NA,989.84,NA,NA,NA,NA,-9.44,NA,5,NA
1875-01-01 14:00:00,-6.11,NA,NA,315,NA,990.86,NA,NA,NA,NA,-9.44,NA,11,NA
1875-01-01 21:00:00,-6.94,NA,NA,315,NA,995.6,NA,NA,NA,NA,-9.44,NA,5,NA
1875-01-02,NA,NA,NA,NA,NA,NA,6.35,"night",NA,NA,NA,-9,NA,NA
1875-01-02 07:00:00,-6.67,NA,NA,270,NA,999.66,NA,NA,NA,NA,-10.56,NA,2,NA
1875-01-02 14:00:00,1.67,NA,NA,270,NA,1003.73,NA,NA,NA,NA,-7.5,NA,2,NA
1875-01-02 21:00:00,-3.89,NA,NA,225,NA,1008.47,NA,NA,NA,NA,-8.89,NA,1,NA
1875-01-03,NA,NA,NA,NA,NA,NA,0.25,NA,NA,NA,NA,-1.5,NA,"flurry"
1875-01-03 07:00:00,-3.89,NA,NA,135,NA,989.5,NA,NA,NA,NA,-2.22,NA,11,",sn"
1875-01-03 14:00:00,-1.67,NA,NA,90,NA,979.68,NA,NA,NA,NA,-0.56,NA,20,",sn"
1875-01-03 21:00:00,-1.11,NA,NA,45,NA,990.52,NA,NA,NA,NA,-1.67,NA,20,",sn"
1875-01-04,NA,NA,NA,NA,NA,NA,0.25,"8:45 pm",NA,NA,NA,-4.83,NA,"flurry snow"
1875-01-04 07:00:00,-2.22,NA,NA,270,NA,1008.13,NA,NA,NA,NA,-5.28,NA,1,NA
1875-01-04 14:00:00,2.22,315,4,315,NA,1010.5,NA,NA,NA,NA,-2.5,NA,2,NA
1875-01-04 21:00:00,0.56,NA,NA,315,NA,1013.21,NA,NA,NA,NA,-6.67,NA,11,NA
1875-01-05,NA,NA,NA,NA,NA,NA,0.25,NA,NA,NA,NA,-6.28,NA,"snow flurry"
1875-01-05 07:00:00,-2.78,270,2,225,NA,1013.55,NA,NA,NA,NA,-6.11,NA,1,NA
1875-01-05 14:00:00,0,NA,NA,315,NA,1013.21,NA,NA,NA,NA,-4.44,NA,2,",sn"
1875-01-05 21:00:00,-1.67,NA,NA,315,NA,1013.55,NA,NA,NA,NA,-8.33,NA,2,",sn"
1875-01-06,NA,NA,NA,NA,NA,NA,NA,NA,NA,NA,NA,-10.56,NA,NA
1875-01-06 07:00:00,-5.56,270,2,270,NA,1004.4,NA,NA,NA,NA,-11.11,NA,5,NA
1875-01-06 14:00:00,-2.22,315,3,315,NA,1002.71,NA,NA,NA,NA,-10,NA,11,NA
1875-01-06 21:00:00,-5.28,NA,NA,315,NA,1012.19,NA,NA,NA,NA,-10.56,NA,11,NA
1875-01-07,NA,NA,NA,NA,NA,NA,12.19,"2:45 pm","night",NA,NA,-10.72,NA,"snow and drift"
1875-01-07 07:00:00,-7.22,NA,NA,315,NA,1022.01,NA,NA,NA,NA,-11.67,NA,5,NA
1875-01-07 14:00:00,0,NA,NA,315,NA,1023.37,NA,NA,NA,NA,-9.44,NA,2,NA
1875-01-07 21:00:00,-3.33,NA,NA,315,NA,1024.04,NA,NA,NA,NA,-11.11,NA,1,NA
1875-01-08,NA,NA,NA,NA,NA,NA,NA,NA,NA,NA,NA,-8.72,NA,"snow"
1875-01-08 07:00:00,-7.78,NA,NA,NA,NA,1018.96,NA,NA,NA,NA,-12.78,NA,0,",fu"
1875-01-08 14:00:00,-5.56,NA,NA,135,NA,1010.5,NA,NA,NA,NA,-7.22,NA,2,NA
1875-01-08 21:00:00,-4.44,NA,NA,135,NA,999.66,NA,NA,NA,NA,-6.11,NA,27,",sn"
1875-01-09,NA,NA,NA,NA,NA,NA,8.13,"8:30 am","night",NA,NA,-9.44,NA,NA
1875-01-09 07:00:00,-4.44,315,2,315,NA,1014.22,NA,NA,NA,NA,-8.33,NA,5,NA
1875-01-09 14:00:00,0.56,45,2,45,NA,1018.63,NA,NA,NA,NA,-7.78,NA,5,NA
1875-01-09 21:00:00,-2.22,NA,NA,NA,NA,1022.01,NA,NA,NA,NA,-12.22,NA,0,NA
1875-01-10,NA,NA,NA,NA,NA,NA,NA,NA,NA,NA,NA,-5.28,NA,"light snow drift"
1875-01-10 07:00:00,-5.28,NA,NA,135,NA,996.95,NA,NA,NA,NA,-5.28,NA,20,",sn"
1875-01-10 14:00:00,-1.11,NA,NA,270,NA,985.44,NA,NA,NA,NA,-2.22,NA,20,",sn"
1875-01-10 21:00:00,-5,NA,NA,270,NA,985.78,NA,NA,NA,NA,-8.33,NA,20,",sn"
1875-01-11,NA,NA,NA,NA,NA,NA,0.25,"6:00 pm","night",NA,NA,-10.28,NA,NA
1875-01-11 07:00:00,-7.78,NA,NA,315,NA,986.79,NA,NA,NA,NA,-12.78,NA,27,NA
1875-01-11 14:00:00,-1.11,NA,NA,315,NA,990.18,NA,NA,NA,NA,-8.61,NA,20,",hz"
1875-01-11 21:00:00,-6.11,NA,NA,315,NA,991.2,NA,NA,NA,NA,-9.44,NA,20,",drsn"
1875-01-12,NA,NA,NA,NA,NA,NA,NA,NA,NA,NA,NA,-10,NA,NA
1875-01-12 07:00:00,-7.78,315,4,315,NA,995.94,NA,NA,NA,NA,-10,NA,16,NA
1875-01-12 14:00:00,-2.78,NA,NA,315,NA,995.6,NA,NA,NA,NA,-9.44,NA,16,NA
1875-01-12 21:00:00,-6.11,NA,NA,315,NA,998.65,NA,NA,NA,NA,-10.56,NA,11,NA
1875-01-13,NA,NA,NA,NA,NA,NA,3.81,"7:00 pm","night",NA,NA,-11.67,NA,NA
1875-01-13 07:00:00,-9.44,NA,NA,315,NA,1002.37,NA,NA,NA,NA,-12.22,NA,1,NA
1875-01-13 14:00:00,-0.56,NA,NA,315,NA,1004.74,NA,NA,NA,NA,-11.11,NA,1,NA
1875-01-13 21:00:00,-6.39,NA,NA,315,NA,1008.81,NA,NA,NA,NA,-11.67,NA,1,NA
1875-01-14,NA,NA,NA,NA,NA,NA,4.32,"8:00 am","night",NA,NA,-8.33,NA,"snow"
1875-01-14 07:00:00,-7.78,NA,NA,315,NA,1006.43,NA,NA,NA,NA,-11.67,NA,1,NA
1875-01-14 14:00:00,-6.94,NA,NA,90,NA,1000,NA,NA,NA,NA,-8.89,NA,1,NA
1875-01-14 21:00:00,-5,NA,NA,135,NA,988.15,NA,NA,NA,NA,-4.44,NA,2,",sn"
1875-01-15,NA,NA,NA,NA,NA,NA,NA,NA,NA,NA,NA,-9.28,NA,"snow"
1875-01-15 07:00:00,-4.44,NA,NA,315,NA,981.04,NA,NA,NA,NA,-7.78,NA,5,",sn"
1875-01-15 14:00:00,0,315,3,315,NA,981.71,NA,NA,NA,NA,-8.33,NA,5,NA
1875-01-15 21:00:00,-5.56,NA,NA,315,NA,984.08,NA,NA,NA,NA,-11.67,NA,5,NA
1875-01-16,NA,NA,NA,NA,NA,NA,NA,NA,NA,NA,NA,-3.5,NA,NA
1875-01-16 07:00:00,-6.67,NA,NA,315,NA,977.31,NA,NA,NA,NA,-7.78,NA,11,",sn"
1875-01-16 14:00:00,-3.33,0,3,315,NA,973.93,NA,NA,NA,NA,-2.78,NA,5,NA
1875-01-16 21:00:00,0,NA,NA,315,NA,983.07,NA,NA,NA,NA,0,NA,2,",sn"
1875-01-17,NA,NA,NA,NA,NA,NA,4.57,"8:00 am","night",NA,NA,-2.61,NA,"snow"
1875-01-17 07:00:00,-0.56,NA,NA,270,NA,987.13,NA,NA,NA,NA,-2.22,NA,5,NA
1875-01-17 14:00:00,0.83,NA,NA,225,NA,986.46,NA,NA,NA,NA,-2.22,NA,1,",sn"
1875-01-17 21:00:00,1.11,NA,NA,NA,NA,988.15,NA,NA,NA,NA,-3.33,NA,0,NA
1875-01-18,NA,NA,NA,NA,NA,NA,NA,NA,NA,NA,NA,-3.89,NA,NA
1875-01-18 07:00:00,-1.11,NA,NA,0,NA,994.24,NA,NA,NA,NA,-5,NA,5,NA
1875-01-18 14:00:00,7.22,315,3,0,NA,1000.34,NA,NA,NA,NA,-2.78,NA,5,NA
1875-01-18 21:00:00,3.33,NA,NA,0,NA,1007.45,NA,NA,NA,NA,-3.89,NA,1,",hz"
1875-01-19,NA,NA,NA,NA,NA,NA,0.23,NA,NA,NA,NA,-3.72,NA,"flurries"
1875-01-19 07:00:00,-1.11,270,1,270,NA,1009.48,NA,NA,NA,NA,-5,NA,1,NA
1875-01-19 14:00:00,2.78,270,1,270,NA,1006.43,NA,NA,NA,NA,-2.22,NA,1,NA
1875-01-19 21:00:00,2.78,NA,NA,315,NA,1005.08,NA,NA,NA,NA,-3.89,NA,1,NA
1875-01-20,NA,NA,NA,NA,NA,NA,0.23,NA,NA,NA,NA,-9.17,NA,"flurry"
1875-01-20 07:00:00,-3.89,315,1,315,NA,1009.82,NA,NA,NA,NA,-9.72,NA,5,NA
1875-01-20 14:00:00,-0.56,NA,NA,315,NA,1012.19,NA,NA,NA,NA,-8.33,NA,2,",hz"
1875-01-20 21:00:00,0,NA,NA,270,NA,1014.22,NA,NA,NA,NA,-9.44,NA,1,",hz"
1875-01-21,NA,NA,NA,NA,NA,NA,0.23,NA,NA,NA,NA,-13.44,NA,"snow & frost"
1875-01-21 07:00:00,-7.22,NA,NA,NA,NA,1012.19,NA,NA,NA,NA,-15,NA,0,NA
1875-01-21 14:00:00,-1.11,NA,NA,NA,NA,1009.82,NA,NA,NA,NA,-12.22,NA,0,NA
1875-01-21 21:00:00,-4.44,NA,NA,315,NA,1010.5,NA,NA,NA,NA,-13.06,NA,1,",sn"
1875-01-22,NA,NA,NA,NA,NA,NA,NA,NA,NA,NA,NA,-12.39,NA,NA
1875-01-22 07:00:00,-9.44,315,1,315,NA,1012.53,NA,NA,NA,NA,-15,NA,2,NA
1875-01-22 14:00:00,-4.44,315,3,315,NA,1014.9,NA,NA,NA,NA,-10.56,NA,5,NA
1875-01-22 21:00:00,-3.89,NA,NA,0,NA,1018.96,NA,NA,NA,NA,-11.67,NA,1,NA
1875-01-23,NA,NA,NA,NA,NA,NA,2.54,"11:10 am","night",2.54,NA,-4.06,NA,"snow rain"
1875-01-23 07:00:00,-5,NA,NA,90,NA,1010.5,NA,NA,NA,NA,-5.56,NA,2,NA
1875-01-23 14:00:00,0,NA,NA,135,NA,1003.73,NA,NA,NA,NA,-4.44,NA,5,",sn"
1875-01-23 21:00:00,1.11,NA,NA,135,NA,996.61,NA,NA,NA,NA,-2.22,NA,2,",ra"
1875-01-24,NA,NA,NA,NA,NA,NA,1.27,"8:00 am",NA,NA,NA,-1.83,NA,"snow showers"
1875-01-24 07:00:00,3.33,NA,NA,90,NA,999.66,NA,NA,NA,NA,-0.56,NA,20,",sn"
1875-01-24 14:00:00,3.89,NA,NA,135,NA,1008.13,NA,NA,NA,NA,-1.67,NA,20,",sn"
1875-01-24 21:00:00,1.39,NA,NA,135,NA,1019.3,NA,NA,NA,NA,-3.33,NA,2,NA
1875-01-25,NA,NA,NA,NA,NA,NA,1.27,"9:25 pm","night",NA,NA,-5.39,NA,"snow"
1875-01-25 07:00:00,-1.39,NA,NA,NA,NA,1022.35,NA,NA,NA,NA,-7.22,NA,0,",hz"
1875-01-25 14:00:00,1.11,NA,NA,135,NA,1017.61,NA,NA,NA,NA,-4.44,NA,1,",hz"
1875-01-25 21:00:00,0,NA,NA,135,NA,1006.77,NA,NA,NA,NA,-4.44,NA,5,",sn"
1875-01-26,NA,NA,NA,NA,NA,NA,2.03,NA,"night",NA,NA,-4.72,NA,"flurries"
1875-01-26 07:00:00,-0.28,NA,NA,180,NA,989.5,NA,NA,NA,NA,-3.61,NA,1,NA
1875-01-26 14:00:00,2.78,NA,NA,270,NA,988.15,NA,NA,NA,NA,-1.67,NA,11,",sn"
1875-01-26 21:00:00,-0.83,NA,NA,270,NA,991.2,NA,NA,NA,NA,-8.89,NA,5,",sn"
1875-01-27,NA,NA,NA,NA,NA,NA,0.76,"5:45 pm","night",NA,NA,-13.06,NA,NA
1875-01-27 07:00:00,-6.11,NA,NA,NA,NA,993.23,NA,NA,NA,NA,-15.83,NA,0,",frst"
1875-01-27 14:00:00,-2.22,315,1,45,NA,993.57,NA,NA,NA,NA,-11.11,NA,1,NA
1875-01-27 21:00:00,-2.22,NA,NA,45,NA,995.94,NA,NA,NA,NA,-12.22,NA,5,NA
1875-01-28,NA,NA,NA,NA,NA,NA,1.27,"noon","night",NA,NA,-7.22,NA,"snow"
1875-01-28 07:00:00,-5.56,NA,NA,315,NA,1001.02,NA,NA,NA,NA,-11.11,NA,2,NA
1875-01-28 14:00:00,-1.67,NA,NA,270,NA,1002.03,NA,NA,NA,NA,-6.11,NA,1,NA
1875-01-28 21:00:00,-1.11,NA,NA,270,NA,1005.08,NA,NA,NA,NA,-4.44,NA,1,",sn"
1875-01-29,NA,NA,NA,NA,NA,NA,NA,NA,NA,NA,NA,-3.72,NA,NA
1875-01-29 07:00:00,-1.67,315,1,315,NA,1011.18,NA,NA,NA,NA,-4.44,NA,1,NA
1875-01-29 14:00:00,6.11,NA,NA,0,NA,1012.19,NA,NA,NA,NA,-2.78,NA,1,NA
1875-01-29 21:00:00,3.89,NA,NA,NA,NA,1014.56,NA,NA,NA,NA,-3.89,NA,0,NA
1875-01-30,NA,NA,NA,NA,NA,NA,21.84,"2:30 pm","night",NA,NA,-3.89,NA,"continuous snow"
1875-01-30 07:00:00,0.56,NA,NA,135,NA,1013.21,NA,NA,NA,NA,-4.44,NA,1,",hz"
1875-01-30 14:00:00,2.22,NA,NA,135,NA,1010.16,NA,NA,NA,NA,-3.89,NA,2,",hz"
1875-01-30 21:00:00,2.22,NA,NA,90,NA,1007.79,NA,NA,NA,NA,-3.33,NA,16,",sn"
1875-01-31,NA,NA,NA,NA,NA,NA,NA,NA,NA,NA,NA,-0.94,NA,"empty"
1875-01-31 07:00:00,0.56,NA,NA,315,NA,1007.79,NA,NA,NA,NA,-1.67,NA,1,",hz"
1875-01-31 14:00:00,4.44,NA,NA,NA,NA,1011.51,NA,NA,NA,NA,0.56,NA,0,",hz"
1875-01-31 21:00:00,4.44,NA,NA,90,NA,1015.24,NA,NA,NA,NA,-1.67,NA,1,",hz"
1875-02-01,NA,NA,NA,NA,NA,NA,1.753,"1:00 pm","6:15 pm",17.53,NA,-2.39,NA,"snow"
1875-02-01 07:00:00,0.56,NA,NA,135,NA,1016.93,NA,NA,NA,NA,-3.33,NA,2,",hz"
1875-02-01 14:00:00,2.78,NA,NA,135,NA,1007.79,NA,NA,NA,NA,-3.33,NA,11,",sn"
1875-02-01 21:00:00,2.67,NA,NA,135,NA,982.05,NA,NA,NA,NA,-0.56,NA,2,",gr"
1875-02-02,NA,NA,NA,NA,NA,NA,NA,"empty","empty",NA,NA,-6.39,NA,"snow"
1875-02-02 07:00:00,0.56,NA,NA,315,NA,994.24,NA,NA,NA,NA,-3.89,NA,20,",sn"
1875-02-02 14:00:00,6.11,NA,NA,315,NA,1006.43,NA,NA,NA,NA,-6.67,NA,5,NA
1875-02-02 21:00:00,-0.56,NA,NA,315,NA,1013.21,NA,NA,NA,NA,-8.61,NA,5,NA
1875-02-03,NA,NA,NA,NA,NA,NA,NA,"empty","empty",NA,NA,-8.78,NA,NA
1875-02-03 07:00:00,-4.44,315,2,315,NA,1015.92,NA,NA,NA,NA,-8.89,NA,5,NA
1875-02-03 14:00:00,2.22,NA,NA,315,NA,1018.63,NA,NA,NA,NA,-7.5,NA,5,NA
1875-02-03 21:00:00,-1.67,NA,NA,270,NA,1021,NA,NA,NA,NA,-10,NA,1,NA
1875-02-04,NA,NA,NA,NA,NA,NA,8.38,"10:30 pm","night",8.38,NA,-1.22,NA,"rain"
1875-02-04 07:00:00,-5,NA,NA,270,NA,1017.27,NA,NA,NA,NA,-8.33,NA,1,",hz"
1875-02-04 14:00:00,-0.56,NA,NA,180,NA,1005.08,NA,NA,NA,NA,1.11,NA,5,",ra"
1875-02-04 21:00:00,3.89,NA,NA,225,NA,996.28,NA,NA,NA,NA,3.61,NA,2,",ra"
1875-02-05,NA,NA,NA,NA,NA,NA,0.051,"9:00 am","night",0.51,NA,-6.56,NA,"snow"
1875-02-05 07:00:00,-0.56,NA,NA,270,NA,999.32,NA,NA,NA,NA,-3.89,NA,5,",hz"
1875-02-05 14:00:00,0,315,4,270,NA,1001.69,NA,NA,NA,NA,-6.94,NA,16,NA
1875-02-05 21:00:00,-5.28,NA,NA,270,NA,1002.37,NA,NA,NA,NA,-8.89,NA,16,",sn"
1875-02-06,NA,NA,NA,NA,NA,NA,0.076,"9:00 am",NA,0.76,NA,-7.78,NA,"snow flurry"
1875-02-06 07:00:00,-8.33,270,3,270,NA,1009.48,NA,NA,NA,NA,-9.44,NA,11,NA
1875-02-06 14:00:00,-3.89,270,3,270,NA,1010.16,NA,NA,NA,NA,-6.11,NA,11,NA
1875-02-06 21:00:00,-5,NA,NA,270,NA,1010.16,NA,NA,NA,NA,-7.78,NA,11,",sn"
1875-02-07,NA,NA,NA,NA,NA,NA,0.051,"9:00 am",NA,0.51,NA,-11.5,NA,"snow flurry"
1875-02-07 07:00:00,-6.67,NA,NA,270,NA,1010.16,NA,NA,NA,NA,-8.89,NA,11,",sn"
1875-02-07 14:00:00,-4.17,270,3,270,NA,1012.87,NA,NA,NA,NA,-10.56,NA,5,NA
1875-02-07 21:00:00,-7.22,NA,NA,270,NA,1019.3,NA,NA,NA,NA,-15,NA,5,NA
1875-02-08,NA,NA,NA,NA,NA,NA,1.499,"5:30 pm","9:00 am",14.99,NA,-12.94,NA,"snow"
1875-02-08 07:00:00,-11.11,NA,NA,NA,NA,1024.38,NA,NA,NA,NA,-17.78,NA,0,",frst"
1875-02-08 14:00:00,-8.06,NA,NA,135,NA,1015.92,NA,NA,NA,NA,-11.67,NA,2,",hz"
1875-02-08 21:00:00,-7.22,NA,NA,90,NA,997.29,NA,NA,NA,NA,-9.44,NA,27,",sn"
1875-02-09,NA,NA,NA,NA,NA,NA,0.025,"9:00 am","night",0.25,NA,-6.83,NA,NA
1875-02-09 07:00:00,-5,315,6,315,NA,991.2,NA,NA,NA,NA,-7.22,NA,27,NA
1875-02-09 14:00:00,-1.11,315,5,315,NA,997.63,NA,NA,NA,NA,-6.11,NA,20,NA
1875-02-09 21:00:00,-2.78,NA,NA,315,NA,1003.73,NA,NA,NA,NA,-7.78,NA,2,",sn"
1875-02-10,NA,NA,NA,NA,NA,NA,0.889,"5:30 pm","night",8.89,NA,-6.83,NA,"snow"
1875-02-10 07:00:00,-5.56,NA,NA,NA,NA,1003.73,NA,NA,NA,NA,-9.44,NA,0,",hz"
1875-02-10 14:00:00,-3.89,NA,NA,45,NA,1000.68,NA,NA,NA,NA,-6.67,NA,1,",hz"
1875-02-10 21:00:00,-2.78,NA,NA,45,NA,1001.69,NA,NA,NA,NA,-4.44,NA,27,",sn"
1875-02-11,NA,NA,NA,NA,NA,NA,NA,"empty",NA,NA,NA,-10.17,NA,NA
1875-02-11 07:00:00,-5.56,NA,NA,0,NA,1015.92,NA,NA,NA,NA,-11.67,NA,5,NA
1875-02-11 14:00:00,2.78,NA,NA,0,NA,1022.01,NA,NA,NA,NA,-7.78,NA,2,NA
1875-02-11 21:00:00,-1.67,NA,NA,315,NA,1026.08,NA,NA,NA,NA,-11.11,NA,1,NA
1875-02-12,NA,NA,NA,NA,NA,NA,0.152,"4:30 pm","8:00 am",1.52,NA,-5.94,NA,"empty"
1875-02-12 07:00:00,-7.22,NA,NA,NA,NA,1022.69,NA,NA,NA,NA,-13.89,NA,0,",frst"
1875-02-12 14:00:00,0.56,NA,NA,180,NA,1014.56,NA,NA,NA,NA,-3.89,NA,2,",hz"
1875-02-12 21:00:00,-1.11,NA,NA,225,NA,1002.71,NA,NA,NA,NA,0,NA,16,",sn"
1875-02-13,NA,NA,NA,NA,NA,NA,0.025,"8:00 am",NA,0.25,NA,-10.56,NA,"snow & flurry"
1875-02-13 07:00:00,-5,NA,NA,270,NA,1009.14,NA,NA,NA,NA,-9.44,NA,16,",sn"
1875-02-13 14:00:00,-3.33,270,5,270,NA,1009.48,NA,NA,NA,NA,-9.44,NA,16,NA
1875-02-13 21:00:00,-6.67,NA,NA,315,NA,1009.82,NA,NA,NA,NA,-12.78,NA,1,",hz"
1875-02-14,NA,NA,NA,NA,NA,NA,0.102,NA,NA,1.02,NA,-12.94,NA,"snow flurries"
1875-02-14 07:00:00,-8.33,NA,NA,NA,NA,1005.08,NA,NA,NA,NA,-14.44,NA,0,NA
1875-02-14 14:00:00,-2.22,NA,NA,225,NA,1004.4,NA,NA,NA,NA,-11.67,NA,1,",sn"
1875-02-14 21:00:00,-6.67,NA,NA,NA,NA,1001.36,NA,NA,NA,NA,-12.78,NA,0,",frst"
1875-02-15,NA,NA,NA,NA,NA,NA,0.102,"3:30 pm","6:00 pm",1.02,NA,-18.17,NA,NA
1875-02-15 07:00:00,-10,NA,NA,NA,NA,989.84,NA,NA,NA,NA,-17.78,NA,0,",frst"
1875-02-15 14:00:00,-2.78,NA,NA,NA,NA,990.52,NA,NA,NA,NA,-14.44,NA,0,NA
1875-02-15 21:00:00,-8.89,NA,NA,NA,NA,992.89,NA,NA,NA,NA,-20,NA,0,NA
1875-02-16,NA,NA,NA,NA,NA,NA,0.023,NA,NA,0.23,NA,-18.72,NA,"flurries"
1875-02-16 07:00:00,-12.5,NA,NA,0,NA,995.6,NA,NA,NA,NA,-20,NA,1,NA
1875-02-16 14:00:00,-4.72,315,3,315,NA,997.63,NA,NA,NA,NA,-18.33,NA,2,NA
1875-02-16 21:00:00,-10.83,NA,NA,315,NA,1002.37,NA,NA,NA,NA,-17.78,NA,2,NA
1875-02-17,NA,NA,NA,NA,NA,NA,0.023,"2:15 pm",NA,0.23,NA,-10.17,NA,"empty"
1875-02-17 07:00:00,-10,NA,NA,315,NA,1009.48,NA,NA,NA,NA,-13.89,NA,2,NA
1875-02-17 14:00:00,-4.44,NA,NA,270,NA,1010.84,NA,NA,NA,NA,-7.78,NA,1,",hz"
1875-02-17 21:00:00,-6.11,NA,NA,315,NA,1013.55,NA,NA,NA,NA,-9.44,NA,1,",hz"
1875-02-18,NA,NA,NA,NA,NA,NA,0.508,"night","6:00 pm",5.08,NA,-7.11,NA,"snow"
1875-02-18 07:00:00,-6.11,NA,NA,135,NA,1003.73,NA,NA,NA,NA,-6.11,NA,1,",sn"
1875-02-18 14:00:00,0.56,NA,NA,270,NA,998.31,NA,NA,NA,NA,-4.44,NA,20,",sn"
1875-02-18 21:00:00,-3.89,NA,4,315,"315",1006.77,NA,NA,NA,NA,-8.89,NA,16,NA
1875-02-19,NA,NA,NA,NA,NA,NA,NA,NA,NA,NA,NA,-12.94,NA,NA
1875-02-19 07:00:00,-7.22,NA,NA,0,NA,1019.98,NA,NA,NA,NA,-13.89,NA,1,NA
1875-02-19 14:00:00,3.89,NA,NA,315,NA,1024.38,NA,NA,NA,NA,-8.89,NA,1,NA
1875-02-19 21:00:00,-2.78,NA,NA,NA,NA,1028.45,NA,NA,NA,NA,-14.44,NA,0,NA
1875-02-20,NA,NA,NA,NA,NA,NA,NA,"night",NA,NA,NA,-9.06,NA,"hail and snow"
1875-02-20 07:00:00,-8.33,0,1,NA,NA,1030.82,NA,NA,NA,NA,-15,NA,0,NA
1875-02-20 14:00:00,2.78,NA,NA,NA,NA,1031.16,NA,NA,NA,NA,-6.67,NA,0,",hz"
1875-02-20 21:00:00,0,NA,NA,90,NA,1030.82,NA,NA,NA,NA,-7.22,NA,1,",hz"
1875-02-21,NA,NA,NA,NA,NA,NA,1.219,NA,"5:30 pm",12.19,NA,2.56,NA,"rain"
1875-02-21 07:00:00,-1.67,NA,NA,135,NA,1005.42,NA,NA,NA,NA,-2.78,NA,16,",gr"
1875-02-21 14:00:00,0.83,NA,NA,180,NA,994.58,NA,NA,NA,NA,0.83,NA,16,",ra"
1875-02-21 21:00:00,2.22,NA,NA,225,NA,995.6,NA,NA,NA,NA,0.56,NA,1,",hz"
1875-02-22,NA,NA,NA,NA,NA,NA,0.023,NA,NA,0.23,NA,-8.06,NA,"flurries"
1875-02-22 07:00:00,-1.11,270,3,270,NA,1005.76,NA,NA,NA,NA,-4.44,NA,5,NA
1875-02-22 14:00:00,2.22,270,3,315,NA,1013.55,NA,NA,NA,NA,-5.56,NA,5,NA
1875-02-22 21:00:00,-3.33,NA,NA,270,NA,1021.67,NA,NA,NA,NA,-11.11,NA,1,NA
1875-02-23,NA,NA,NA,NA,NA,NA,0.254,"1:45 pm",NA,2.54,NA,-6.94,NA,"snow"
1875-02-23 07:00:00,-7.78,NA,NA,NA,NA,1030.48,NA,NA,NA,NA,-12.22,NA,0,",hz"
1875-02-23 14:00:00,0,NA,NA,180,NA,1028.78,NA,NA,NA,NA,-6.67,NA,1,",sn"
1875-02-23 21:00:00,-2.78,NA,NA,135,NA,1024.38,NA,NA,NA,NA,-4.44,NA,1,",sn"
1875-02-24,NA,NA,NA,NA,NA,NA,0.023,NA,NA,0.23,NA,-1.94,NA,"flurries"
1875-02-24 07:00:00,-1.67,NA,NA,NA,NA,1027.09,NA,NA,NA,NA,-2.78,NA,0,",hz"
1875-02-24 14:00:00,2.78,NA,NA,90,NA,1027.77,NA,NA,NA,NA,-0.56,NA,1,",hz"
1875-02-24 21:00:00,2.22,NA,NA,180,NA,1028.45,NA,NA,NA,NA,-2.22,NA,1,",hz"
1875-02-25,NA,NA,NA,NA,NA,NA,4.57,"8:00 am",NA,4.57,NA,1.06,NA,"rain"
1875-02-25 07:00:00,0,NA,NA,180,NA,1015.92,NA,NA,NA,NA,-1.11,NA,1,",ra"
1875-02-25 14:00:00,3.89,NA,NA,225,NA,1012.87,NA,NA,NA,NA,1.94,NA,2,",hz"
1875-02-25 21:00:00,3.89,NA,NA,NA,NA,1013.88,NA,NA,NA,NA,1.67,NA,0,",hz"
1875-02-26,NA,NA,NA,NA,NA,NA,8.89,"8:00 am",NA,8.89,NA,2.33,NA,"rain"
1875-02-26 07:00:00,2.78,NA,NA,225,NA,994.92,NA,NA,NA,NA,2.22,NA,1,",ra"
1875-02-26 14:00:00,7.22,NA,NA,225,NA,983.07,NA,NA,NA,NA,7.22,NA,20,",hz"
1875-02-26 21:00:00,3.89,NA,3,270,"270",991.53,NA,NA,NA,NA,0,NA,16,NA
1875-02-27,NA,NA,NA,NA,NA,NA,NA,"8:00 am",NA,NA,NA,-6.94,NA,"showers rain snow showers"
1875-02-27 07:00:00,-0.56,270,2,315,NA,993.57,NA,NA,NA,NA,-4.44,NA,5,NA
1875-02-27 14:00:00,-0.83,NA,NA,270,NA,996.95,NA,NA,NA,NA,-5.56,NA,20,",sn"
1875-02-27 21:00:00,-5.28,NA,NA,315,NA,1005.08,NA,NA,NA,NA,-8.89,NA,16,NA
1875-02-28,NA,NA,NA,NA,NA,NA,10.92,"night",NA,10.92,NA,-2.78,NA,"hail and rain snow"
1875-02-28 07:00:00,-3.89,NA,NA,135,NA,987.13,NA,NA,NA,NA,-0.56,NA,2,",hz"
1875-02-28 14:00:00,2.22,225,4,225,NA,980.7,NA,NA,NA,NA,2.22,NA,2,NA
1875-02-28 21:00:00,0,NA,NA,270,NA,984.76,NA,NA,NA,NA,-6.39,NA,20,",sn"
1875-03-01,NA,NA,NA,NA,NA,NA,0.23,NA,NA,NA,NA,-11.56,NA,"flurry"
1875-03-01 07:00:00,-6.67,270,2,315,NA,1004.4,NA,NA,NA,NA,-10.56,NA,5,NA
1875-03-01 14:00:00,-3.06,315,2,315,NA,1010.16,NA,NA,NA,NA,-10,NA,5,NA
1875-03-01 21:00:00,-5.83,NA,NA,270,NA,1018.29,NA,NA,NA,NA,-12.78,NA,1,NA
1875-03-02,NA,NA,NA,NA,NA,NA,12.95,"5:30 pm","night",152.4,NA,-9.94,NA,"snow"
1875-03-02 07:00:00,-10,NA,NA,225,NA,1024.04,NA,NA,NA,NA,-15.83,NA,1,NA
1875-03-02 14:00:00,-2.78,NA,NA,NA,NA,1023.37,NA,NA,NA,NA,-7.22,NA,0,",hz"
1875-03-02 21:00:00,-5,NA,NA,45,NA,1012.87,NA,NA,NA,NA,-8.33,NA,16,",sn"
1875-03-03,NA,NA,NA,NA,NA,NA,0.23,"8:30 am",NA,NA,NA,-9.78,NA,"snow flurry"
1875-03-03 07:00:00,-3.89,NA,NA,45,NA,1007.11,NA,NA,NA,NA,-13.06,NA,5,",sn"
1875-03-03 14:00:00,3.33,NA,NA,0,NA,1013.88,NA,NA,NA,NA,-9.44,NA,5,NA
1875-03-03 21:00:00,-2.22,NA,NA,45,NA,1021,NA,NA,NA,NA,-8.33,NA,5,NA
1875-03-04,NA,NA,NA,NA,NA,NA,NA,NA,NA,NA,NA,-11.61,NA,NA
1875-03-04 07:00:00,-5.83,NA,NA,NA,NA,1026.75,NA,NA,NA,NA,-13.61,NA,0,NA
1875-03-04 14:00:00,5.83,NA,NA,45,NA,1028.11,NA,NA,NA,NA,-9.44,NA,1,NA
1875-03-04 21:00:00,0,NA,NA,NA,NA,1024.38,NA,NA,NA,NA,-11.67,NA,0,NA
1875-03-05,NA,NA,NA,NA,NA,NA,0.25,"night",NA,NA,NA,-9.94,NA,NA
1875-03-05 07:00:00,-5.83,NA,NA,0,NA,1022.69,NA,NA,NA,NA,-12.22,NA,1,NA
1875-03-05 14:00:00,5.56,NA,NA,45,NA,1027.43,NA,NA,NA,NA,-7.5,NA,2,NA
1875-03-05 21:00:00,0,NA,NA,90,NA,1030.14,NA,NA,NA,NA,-10,NA,1,NA
1875-03-06,NA,NA,NA,NA,NA,NA,NA,NA,NA,NA,NA,-10.56,NA,NA
1875-03-06 07:00:00,-5.56,NA,NA,NA,NA,1028.11,NA,NA,NA,NA,-12.22,NA,0,",frst"
1875-03-06 14:00:00,0,NA,NA,NA,NA,1025.4,NA,NA,NA,NA,-6.67,NA,0,",hz"
1875-03-06 21:00:00,-1.67,NA,NA,NA,NA,1022.69,NA,NA,NA,NA,-11.67,NA,0,NA
1875-03-07,NA,NA,NA,NA,NA,NA,NA,NA,NA,NA,NA,-8.06,NA,NA
1875-03-07 07:00:00,-3.89,NA,NA,90,NA,1013.88,NA,NA,NA,NA,-7.78,NA,1,",hz"
1875-03-07 14:00:00,2.22,45,2,45,NA,1013.88,NA,NA,NA,NA,-6.67,NA,2,NA
1875-03-07 21:00:00,-0.56,NA,NA,NA,NA,1017.27,NA,NA,NA,NA,-8.89,NA,0,NA
1875-03-08,NA,NA,NA,NA,NA,NA,8.89,"2:30 pm","night",101.6,NA,-5.5,NA,"snow"
1875-03-08 07:00:00,-3.89,NA,NA,NA,NA,1015.92,NA,NA,NA,NA,-8.33,NA,0,",hz"
1875-03-08 14:00:00,1.67,NA,NA,45,NA,1011.85,NA,NA,NA,NA,-5.28,NA,2,",fg"
1875-03-08 21:00:00,-0.56,NA,NA,45,NA,996.95,NA,NA,NA,NA,-4.17,NA,20,",sn"
1875-03-09,NA,NA,NA,NA,NA,NA,NA,NA,NA,NA,NA,-12.83,NA,NA
1875-03-09 07:00:00,-2.22,45,3,45,NA,1005.08,NA,NA,NA,NA,-10.56,NA,16,NA
1875-03-09 14:00:00,6.39,45,3,45,NA,1015.92,NA,NA,NA,NA,-10.83,NA,11,NA
1875-03-09 21:00:00,-2.22,NA,NA,0,NA,1021.67,NA,NA,NA,NA,-15,NA,2,NA
1875-03-10,NA,NA,NA,NA,NA,NA,NA,NA,NA,NA,NA,-13.22,NA,NA
1875-03-10 07:00:00,-7.78,NA,NA,NA,NA,1023.71,NA,NA,NA,NA,-18.33,NA,0,NA
1875-03-10 14:00:00,5.56,225,1,225,NA,1024.04,NA,NA,NA,NA,-10,NA,1,NA
1875-03-10 21:00:00,-1.67,NA,NA,NA,NA,1023.37,NA,NA,NA,NA,-12.22,NA,0,NA
1875-03-11,NA,NA,NA,NA,NA,NA,NA,NA,NA,NA,NA,-10.28,NA,NA
1875-03-11 07:00:00,-7.78,NA,NA,NA,NA,1021.33,NA,NA,NA,NA,-19.44,NA,0,",frst"
1875-03-11 14:00:00,3.89,NA,NA,135,NA,1019.3,NA,NA,NA,NA,-8.33,NA,1,",fu"
1875-03-11 21:00:00,0,NA,NA,135,NA,1016.59,NA,NA,NA,NA,-8.33,NA,1,",hz"
1875-03-12,NA,NA,NA,NA,NA,NA,NA,NA,NA,NA,NA,-6.94,NA,NA
1875-03-12 07:00:00,-2.78,NA,NA,45,NA,1011.85,NA,NA,NA,NA,-8.33,NA,5,NA
1875-03-12 14:00:00,5.28,NA,0,45,NA,1015.24,NA,NA,NA,NA,-5,NA,1,NA
1875-03-12 21:00:00,2.22,NA,NA,NA,NA,1017.27,NA,NA,NA,NA,-7.22,NA,0,NA
1875-03-13,NA,NA,NA,NA,NA,NA,1.02,"10:15 am","1:00 pm",NA,NA,-5,NA,NA
1875-03-13 07:00:00,-2.22,NA,NA,NA,NA,1008.47,NA,NA,NA,NA,-7.78,NA,0,",hz"
1875-03-13 14:00:00,1.67,NA,NA,135,NA,1005.76,NA,NA,NA,NA,-5.56,NA,1,",sn"
1875-03-13 21:00:00,1.67,NA,NA,0,NA,1005.76,NA,NA,NA,NA,-3.33,NA,5,",hz"
1875-03-14,NA,NA,NA,NA,NA,NA,12.19,"10:00 am","night",NA,NA,-1.17,NA,"snow"
1875-03-14 07:00:00,0.28,315,2,315,NA,997.97,NA,NA,NA,NA,-2.5,NA,5,NA
1875-03-14 14:00:00,3.89,NA,NA,315,NA,989.5,NA,NA,NA,NA,-0.56,NA,5,",sn"
1875-03-14 21:00:00,1.67,NA,NA,315,NA,985.44,NA,NA,NA,NA,-0.83,NA,16,",sn"
1875-03-15,NA,NA,NA,NA,NA,NA,2.29,"7:30 am","empty",NA,NA,1.5,NA,"rain"
1875-03-15 07:00:00,2.78,NA,NA,315,NA,988.83,NA,NA,NA,NA,1.67,NA,5,",hz"
1875-03-15 14:00:00,5.56,NA,NA,315,NA,992.21,NA,NA,NA,NA,2.22,NA,5,",ra"
1875-03-15 21:00:00,4.44,NA,NA,315,NA,1000.34,NA,NA,NA,NA,1.11,NA,5,",ra"
1875-03-16,NA,NA,NA,NA,NA,NA,NA,NA,NA,NA,NA,1.61,NA,NA
1875-03-16 07:00:00,3.89,NA,NA,315,NA,1002.03,NA,NA,NA,NA,1.11,NA,5,",hz"
1875-03-16 14:00:00,7.78,NA,NA,315,NA,1004.06,NA,NA,NA,NA,3.06,NA,1,",hz"
1875-03-16 21:00:00,6.11,NA,3,45,"45",1006.43,NA,NA,NA,NA,1.11,NA,11,NA
1875-03-17,NA,NA,NA,NA,NA,NA,6.1,"8:30 pm","night",NA,NA,2,NA,NA
1875-03-17 07:00:00,4.44,NA,NA,NA,NA,1003.73,NA,NA,NA,NA,1.39,NA,0,",gr"
1875-03-17 14:00:00,10,NA,NA,NA,NA,1000.34,NA,NA,NA,NA,5.56,NA,0,",gr"
1875-03-17 21:00:00,7.22,NA,NA,135,NA,995.6,NA,NA,NA,NA,0.56,NA,5,",sn"
1875-03-18,NA,NA,NA,NA,NA,NA,3.56,"5:45 pm","night",NA,NA,-0.28,NA,"snow"
1875-03-18 07:00:00,3.89,270,3,270,NA,988.15,NA,NA,NA,NA,0.56,NA,11,NA
1875-03-18 14:00:00,8.89,270,3,225,NA,991.2,NA,NA,NA,NA,2.22,NA,11,NA
1875-03-18 21:00:00,4.72,NA,NA,315,NA,991.53,NA,NA,NA,NA,-1.94,NA,5,",sn"
1875-03-19,NA,NA,NA,NA,NA,NA,1.52,"1:00 pm","night",NA,NA,-5.78,NA,"snow"
1875-03-19 07:00:00,0,270,1,270,NA,993.91,NA,NA,NA,NA,-5.83,NA,1,NA
1875-03-19 14:00:00,4.44,NA,NA,270,NA,993.57,NA,NA,NA,NA,-1.67,NA,1,",sn"
1875-03-19 21:00:00,0,NA,NA,315,NA,996.95,NA,NA,NA,NA,-7.78,NA,1,",sn"
1875-03-20,NA,NA,NA,NA,NA,NA,1.02,"night",NA,NA,NA,-4.33,NA,NA
1875-03-20 07:00:00,-3.89,NA,NA,315,NA,1000,NA,NA,NA,NA,-6.67,NA,11,",hz"
1875-03-20 14:00:00,0,NA,NA,315,NA,1003.39,NA,NA,NA,NA,-5.56,NA,5,",hz"
1875-03-20 21:00:00,-3.06,NA,NA,315,NA,1008.47,NA,NA,NA,NA,-8.06,NA,5,",hz"
1875-03-21,NA,NA,NA,NA,NA,NA,1.27,"8:00 am",NA,NA,NA,-10.28,NA,"snow light flurries"
1875-03-21 07:00:00,-4.44,NA,NA,45,NA,998.65,NA,NA,NA,NA,-9.44,NA,1,",sn"
1875-03-21 14:00:00,1.67,NA,NA,90,NA,1001.69,NA,NA,NA,NA,-7.22,NA,1,",sn"
1875-03-21 21:00:00,-1.67,NA,NA,NA,NA,1001.69,NA,NA,NA,NA,-12.22,NA,0,NA
1875-03-22,NA,NA,NA,NA,NA,NA,0.23,NA,NA,NA,NA,-7.67,NA,"snow flurries"
1875-03-22 07:00:00,-4.44,NA,NA,315,NA,999.66,NA,NA,NA,NA,-8.89,NA,2,",sn"
1875-03-22 14:00:00,3.89,NA,NA,315,NA,997.63,NA,NA,NA,NA,-7.22,NA,2,NA
1875-03-22 21:00:00,0,NA,NA,NA,NA,997.63,NA,NA,NA,NA,-7.22,NA,0,NA
1875-03-23,NA,NA,NA,NA,NA,NA,1.52,"6:00 pm","night",NA,NA,-13.06,NA,"snow"
1875-03-23 07:00:00,-2.5,NA,NA,0,NA,1012.19,NA,NA,NA,NA,-8.33,NA,1,NA
1875-03-23 14:00:00,-0.56,NA,NA,45,NA,1012.87,NA,NA,NA,NA,-12.78,NA,5,NA
1875-03-23 21:00:00,-3.89,NA,NA,45,NA,1012.87,NA,NA,NA,NA,-15.56,NA,16,",sn"
1875-03-24,NA,NA,NA,NA,NA,NA,NA,NA,NA,NA,NA,-11.56,NA,NA
1875-03-24 07:00:00,-7.22,NA,NA,NA,NA,1018.29,NA,NA,NA,NA,-15.56,NA,0,NA
1875-03-24 14:00:00,3.33,NA,NA,315,NA,1022.69,NA,NA,NA,NA,-7.22,NA,1,NA
1875-03-24 21:00:00,-2.78,NA,NA,225,NA,1027.77,NA,NA,NA,NA,-11.67,NA,1,NA
1875-03-25,NA,NA,NA,NA,NA,NA,NA,NA,NA,NA,NA,-5.89,NA,NA
1875-03-25 07:00:00,-5.28,NA,NA,NA,NA,1030.48,NA,NA,NA,NA,-10.83,NA,0,NA
1875-03-25 14:00:00,3.89,NA,NA,180,NA,1031.83,NA,NA,NA,NA,-1.67,NA,1,NA
1875-03-25 21:00:00,0,NA,NA,135,NA,1027.77,NA,NA,NA,NA,-5.56,NA,5,NA
1875-03-26,NA,NA,NA,NA,NA,NA,0.23,"8:00 pm",NA,NA,NA,-0.28,NA,"snow flurry"
1875-03-26 07:00:00,0,NA,NA,135,NA,1008.13,NA,NA,NA,NA,0.56,NA,11,",hz"
1875-03-26 14:00:00,2.78,NA,NA,135,NA,999.66,NA,NA,NA,NA,1.67,NA,5,",gr"
1875-03-26 21:00:00,1.67,NA,NA,270,NA,1005.08,NA,NA,NA,NA,-1.67,NA,5,",sn"
1875-03-27,NA,NA,NA,NA,NA,NA,0.51,"7:30 pm","night",NA,NA,0.39,NA,"snow"
1875-03-27 07:00:00,2.22,270,1,270,NA,1013.55,NA,NA,NA,NA,0.56,NA,1,NA
1875-03-27 14:00:00,4.44,270,1,225,NA,1014.22,NA,NA,NA,NA,1.11,NA,1,NA
1875-03-27 21:00:00,3.33,NA,NA,NA,NA,1012.87,NA,NA,NA,NA,0,NA,0,",sn"
1875-03-28,NA,NA,NA,NA,NA,NA,NA,NA,NA,NA,NA,1.22,NA,NA
1875-03-28 07:00:00,3.89,225,1,225,NA,1010.16,NA,NA,NA,NA,1.11,NA,1,NA
1875-03-28 14:00:00,11.11,NA,NA,225,NA,1010.5,NA,NA,NA,NA,3.89,NA,1,NA
1875-03-28 21:00:00,5.56,NA,NA,NA,NA,1012.19,NA,NA,NA,NA,0,NA,0,NA
1875-03-29,NA,NA,NA,NA,NA,NA,0.25,NA,"night",NA,NA,-0.83,NA,"flurries"
1875-03-29 07:00:00,4.44,NA,NA,45,NA,1015.24,NA,NA,NA,NA,0.56,NA,1,NA
1875-03-29 14:00:00,8.61,NA,NA,135,NA,1017.61,NA,NA,NA,NA,0.56,NA,1,NA
1875-03-29 21:00:00,5.83,NA,NA,135,NA,1019.98,NA,NA,NA,NA,-2.22,NA,1,NA
1875-03-30,NA,NA,NA,NA,NA,NA,0.51,NA,NA,NA,NA,-3.39,NA,"flurries"
1875-03-30 07:00:00,3.33,NA,NA,0,NA,1020.66,NA,NA,NA,NA,-4.44,NA,1,",hz"
1875-03-30 14:00:00,5.56,NA,NA,45,NA,1021.33,NA,NA,NA,NA,-2.5,NA,1,",hz"
1875-03-30 21:00:00,3.33,NA,NA,45,NA,1024.04,NA,NA,NA,NA,-3.33,NA,1,NA
1875-03-31,NA,NA,NA,NA,NA,NA,NA,NA,NA,NA,NA,-6,NA,NA
1875-03-31 07:00:00,1.11,NA,NA,45,NA,1027.09,NA,NA,NA,NA,-6.94,NA,2,NA
1875-03-31 14:00:00,6.11,NA,NA,45,NA,1027.09,NA,NA,NA,NA,-3.61,NA,2,NA
1875-03-31 21:00:00,2.78,NA,NA,45,NA,1029.46,NA,NA,NA,NA,-6.67,NA,2,NA
1875-04-01,NA,NA,NA,NA,NA,NA,NA,NA,NA,NA,NA,-7.39,NA,NA
1875-04-01 07:00:00,-1.11,NA,NA,135,NA,1032.85,NA,NA,NA,NA,-9.44,NA,1,NA
1875-04-01 14:00:00,7.22,NA,NA,135,NA,1031.16,NA,NA,NA,NA,-5.56,NA,1,NA
1875-04-01 21:00:00,2.22,NA,NA,225,NA,1030.82,NA,NA,NA,NA,-7.22,NA,1,NA
1875-04-02,NA,NA,NA,NA,NA,NA,NA,NA,NA,NA,NA,-1,NA,NA
1875-04-02 07:00:00,-0.56,NA,NA,225,NA,1027.43,NA,NA,NA,NA,-3.33,NA,1,NA
1875-04-02 14:00:00,6.67,270,1,270,NA,1027.77,NA,NA,NA,NA,2.22,NA,1,NA
1875-04-02 21:00:00,4.44,NA,NA,315,NA,1026.08,NA,NA,NA,NA,-1.39,NA,1,NA
1875-04-03,NA,NA,NA,NA,NA,NA,NA,NA,NA,NA,NA,1.89,NA,NA
1875-04-03 07:00:00,1.67,NA,NA,225,NA,1023.37,NA,NA,NA,NA,0.28,NA,1,",hz"
1875-04-03 14:00:00,4.44,NA,NA,135,NA,1024.04,NA,NA,NA,NA,3.89,NA,1,",hz"
1875-04-03 21:00:00,5,NA,NA,135,NA,1027.77,NA,NA,NA,NA,1.67,NA,1,NA
1875-04-04,NA,NA,NA,NA,NA,NA,NA,NA,NA,NA,NA,4.83,NA,NA
1875-04-04 07:00:00,4.72,NA,NA,225,NA,1026.41,NA,NA,NA,NA,4.44,NA,1,",hz"
1875-04-04 14:00:00,10.56,NA,NA,225,NA,1025.4,NA,NA,NA,NA,8.33,NA,1,",hz"
1875-04-04 21:00:00,8.33,NA,NA,225,NA,1025.4,NA,NA,NA,NA,3.33,NA,1,",hz"
1875-04-05,NA,NA,NA,NA,NA,NA,7.37,"9:00 pm","night",NA,NA,3.11,NA,"rain"
1875-04-05 07:00:00,6.39,NA,NA,135,NA,1020.32,NA,NA,NA,NA,1.11,NA,1,NA
1875-04-05 14:00:00,11.11,NA,NA,135,NA,1017.61,NA,NA,NA,NA,5.83,NA,1,",fg"
1875-04-05 21:00:00,7.78,NA,NA,135,NA,1013.55,NA,NA,NA,NA,2.78,NA,1,",ra"
1875-04-06,NA,NA,NA,NA,NA,NA,0.25,"1:00 pm","night",NA,NA,3.44,NA,"rain"
1875-04-06 07:00:00,6.67,NA,NA,225,NA,998.98,NA,NA,NA,NA,4.44,NA,1,",hz"
1875-04-06 14:00:00,8.33,NA,NA,225,NA,997.63,NA,NA,NA,NA,4.44,NA,1,",ra"
1875-04-06 21:00:00,7.22,NA,NA,225,NA,998.98,NA,NA,NA,NA,1.39,NA,1,",hz"
1875-04-07,NA,NA,NA,NA,NA,NA,1.52,"8:00 am","night",NA,NA,-4.22,NA,"snow"
1875-04-07 07:00:00,3.06,NA,NA,135,NA,1004.74,NA,NA,NA,NA,-4.44,NA,5,",hz"
1875-04-07 14:00:00,3.89,NA,NA,135,NA,1006.77,NA,NA,NA,NA,-3.06,NA,5,",sn"
1875-04-07 21:00:00,1.94,NA,NA,0,NA,1010.84,NA,NA,NA,NA,-4.72,NA,2,",sn"
1875-04-08,NA,NA,NA,NA,NA,NA,0.23,"6:00 pm","empty",NA,NA,-4.89,NA,"snow"
1875-04-08 07:00:00,-0.56,270,1,225,NA,1010.5,NA,NA,NA,NA,-6.67,NA,5,NA
1875-04-08 14:00:00,5,315,2,225,NA,1010.5,NA,NA,NA,NA,-2.78,NA,11,NA
1875-04-08 21:00:00,1.67,NA,NA,135,NA,1011.18,NA,NA,NA,NA,-5,NA,11,",sn"
1875-04-09,NA,NA,NA,NA,NA,NA,NA,NA,NA,NA,NA,-3.5,NA,NA
1875-04-09 07:00:00,-1.11,NA,NA,270,NA,1009.48,NA,NA,NA,NA,-5.56,NA,1,NA
1875-04-09 14:00:00,2.78,NA,NA,270,NA,1009.48,NA,NA,NA,NA,-0.56,NA,1,NA
1875-04-09 21:00:00,1.11,NA,NA,270,NA,1012.53,NA,NA,NA,NA,-3.89,NA,1,NA
1875-04-10,NA,NA,NA,NA,NA,NA,NA,NA,NA,NA,NA,-2.28,NA,NA
1875-04-10 07:00:00,0,NA,NA,NA,NA,1017.95,NA,NA,NA,NA,-2.78,NA,0,NA
1875-04-10 14:00:00,6.11,90,2,135,NA,1016.59,NA,NA,NA,NA,0.28,NA,1,NA
1875-04-10 21:00:00,2.78,NA,NA,225,NA,1019.98,NA,NA,NA,NA,-3.33,NA,1,",hz"
1875-04-11,NA,NA,NA,NA,NA,NA,0.25,"night",NA,NA,NA,-1.39,NA,"snow"
1875-04-11 07:00:00,2.78,90,2,135,NA,1018.63,NA,NA,NA,NA,-1.11,NA,2,NA
1875-04-11 14:00:00,7.78,90,2,135,NA,1016.93,NA,NA,NA,NA,-1.11,NA,5,NA
1875-04-11 21:00:00,4.44,NA,NA,135,NA,1017.61,NA,NA,NA,NA,-1.67,NA,5,NA
1875-04-12,NA,NA,NA,NA,NA,NA,NA,NA,NA,NA,NA,-1.94,NA,"snow"
1875-04-12 07:00:00,3.33,NA,NA,135,NA,1013.88,NA,NA,NA,NA,-1.67,NA,11,",sn"
1875-04-12 14:00:00,6.11,NA,NA,135,NA,1015.92,NA,NA,NA,NA,0.56,NA,11,",hz"
1875-04-12 21:00:00,4.44,NA,NA,135,NA,1016.59,NA,NA,NA,NA,-3.33,NA,5,",hz"
1875-04-13 07:00:00,NA,NA,NA,NA,NA,NA,NA,NA,NA,NA,NA,NA,NA,NA
1875-04-13 14:00:00,NA,NA,NA,NA,NA,NA,NA,NA,NA,NA,NA,NA,NA,NA
1875-04-13 21:00:00,NA,NA,NA,NA,NA,NA,NA,NA,NA,NA,NA,NA,NA,NA
1875-04-14,NA,NA,NA,NA,NA,NA,1.27,"9:00 pm","night",NA,NA,0.39,NA,"rain"
1875-04-14 07:00:00,3.33,90,2,90,NA,1008.47,NA,NA,NA,NA,-1.11,NA,2,NA
1875-04-14 14:00:00,7.78,NA,NA,135,NA,1004.06,NA,NA,NA,NA,2.78,NA,1,NA
1875-04-14 21:00:00,5,NA,NA,135,NA,1005.42,NA,NA,NA,NA,0,NA,2,",ra"
1875-04-15,NA,NA,NA,NA,NA,NA,NA,NA,NA,NA,NA,1.17,NA,NA
1875-04-15 07:00:00,4.44,NA,NA,135,NA,998.98,NA,NA,NA,NA,1.39,NA,1,NA
1875-04-15 14:00:00,7.22,NA,NA,135,NA,1007.79,NA,NA,NA,NA,2.22,NA,2,NA
1875-04-15 21:00:00,5.56,NA,NA,NA,NA,1012.53,NA,NA,NA,NA,0.28,NA,0,NA
1875-04-16,NA,NA,NA,NA,NA,NA,NA,NA,NA,NA,NA,0.06,NA,NA
1875-04-16 07:00:00,4.44,NA,NA,NA,NA,1016.26,NA,NA,NA,NA,0.56,NA,0,",hz"
1875-04-16 14:00:00,7.22,NA,NA,135,NA,1016.59,NA,NA,NA,NA,3.06,NA,1,",hz"
1875-04-16 21:00:00,6.11,NA,NA,225,NA,1018.96,NA,NA,NA,NA,-1.67,NA,1,NA
1875-04-17,NA,NA,NA,NA,NA,NA,NA,NA,NA,NA,NA,-1.06,NA,NA
1875-04-17 07:00:00,3.33,0,1,0,NA,1020.32,NA,NA,NA,NA,-1.11,NA,1,NA
1875-04-17 14:00:00,9.44,NA,NA,135,NA,1022.01,NA,NA,NA,NA,1.39,NA,1,NA
1875-04-17 21:00:00,7.22,NA,NA,NA,NA,1023.37,NA,NA,NA,NA,-2.22,NA,0,NA
1875-04-18,NA,NA,NA,NA,NA,NA,2.79,"night","8:00 am",NA,NA,0.5,NA,"rain"
1875-04-18 07:00:00,5,NA,NA,135,NA,1022.35,NA,NA,NA,NA,0.56,NA,1,NA
1875-04-18 14:00:00,8.61,NA,NA,135,NA,1021.67,NA,NA,NA,NA,1.39,NA,1,NA
1875-04-18 21:00:00,6.67,NA,NA,135,NA,1019.3,NA,NA,NA,NA,0,NA,1,NA
1875-04-19,NA,NA,NA,NA,NA,NA,12.95,"night",NA,NA,NA,2.22,NA,"rain"
1875-04-19 07:00:00,5,NA,NA,135,NA,1010.84,NA,NA,NA,NA,0,NA,1,",ra"
1875-04-19 14:00:00,7.22,NA,NA,135,NA,1008.13,NA,NA,NA,NA,4.44,NA,1,",hz"
1875-04-19 21:00:00,6.11,NA,NA,90,NA,1006.77,NA,NA,NA,NA,2.22,NA,1,",fg"
1875-04-20,NA,NA,NA,NA,NA,NA,1.78,"3:45 pm","night",NA,NA,1.39,NA,"rain snow"
1875-04-20 07:00:00,5.56,NA,NA,135,NA,994.92,NA,NA,NA,NA,2.22,NA,1,",ra"
1875-04-20 14:00:00,6.67,NA,NA,0,NA,991.87,NA,NA,NA,NA,1.67,NA,1,",hz"
1875-04-20 21:00:00,5.56,NA,NA,270,NA,993.23,NA,NA,NA,NA,0.83,NA,1,",sn"
1875-04-21,NA,NA,NA,NA,NA,NA,NA,NA,NA,NA,NA,0.56,NA,NA
1875-04-21 07:00:00,-1.94,NA,NA,270,NA,989.84,NA,NA,NA,NA,0.56,NA,1,",hz"
1875-04-21 14:00:00,8.06,NA,NA,270,NA,989.16,NA,NA,NA,NA,3.89,NA,1,NA
1875-04-21 21:00:00,5.56,NA,NA,225,NA,989.84,NA,NA,NA,NA,-1.11,NA,1,",hz"
1875-04-22,NA,NA,NA,NA,NA,NA,7.37,"night","night",NA,NA,1.89,NA,"rain"
1875-04-22 07:00:00,2.22,NA,NA,270,NA,987.13,NA,NA,NA,NA,0,NA,1,",fg"
1875-04-22 14:00:00,5,NA,NA,225,NA,985.44,NA,NA,NA,NA,1.94,NA,1,",hz"
1875-04-22 21:00:00,4.44,NA,NA,225,NA,983.75,NA,NA,NA,NA,2.78,NA,1,",hz"
1875-04-23,NA,NA,NA,NA,NA,NA,0.25,NA,NA,NA,NA,5,NA,"shower"
1875-04-23 07:00:00,4.44,315,2,270,NA,985.78,NA,NA,NA,NA,-2.22,NA,2,NA
1875-04-23 14:00:00,9.44,315,2,270,NA,986.79,NA,NA,NA,NA,7.78,NA,2,NA
1875-04-23 21:00:00,7.78,NA,NA,225,NA,987.47,NA,NA,NA,NA,4.44,NA,1,NA
1875-04-24,NA,NA,NA,NA,NA,NA,NA,NA,NA,NA,NA,4.94,NA,NA
1875-04-24 07:00:00,6.67,315,3,315,NA,992.21,NA,NA,NA,NA,5.56,NA,5,NA
1875-04-24 14:00:00,10.56,315,2,315,NA,995.6,NA,NA,NA,NA,8.61,NA,5,NA
1875-04-24 21:00:00,8.89,NA,NA,90,NA,1001.69,NA,NA,NA,NA,2.78,NA,1,NA
1875-04-25,NA,NA,NA,NA,NA,NA,NA,"8:45 pm",NA,NA,NA,0.78,NA,"snow"
1875-04-25 07:00:00,6.39,135,1,135,NA,1002.71,NA,NA,NA,NA,4.17,NA,1,NA
1875-04-25 14:00:00,8.89,NA,NA,135,NA,1001.36,NA,NA,NA,NA,1.11,NA,5,NA
1875-04-25 21:00:00,6.39,NA,NA,135,NA,1000,NA,NA,NA,NA,-1.11,NA,5,",sn"
1875-04-26,NA,NA,NA,NA,NA,NA,15.24,NA,"2:00 pm",NA,NA,-0.06,NA,"snow"
1875-04-26 07:00:00,4.44,NA,NA,45,NA,986.79,NA,NA,NA,NA,-0.56,NA,20,",sn"
1875-04-26 14:00:00,8.33,NA,NA,45,NA,991.2,NA,NA,NA,NA,-0.28,NA,16,",sn"
1875-04-26 21:00:00,5.56,NA,NA,315,NA,997.63,NA,NA,NA,NA,0.28,NA,5,NA
1875-04-27,NA,NA,NA,NA,NA,NA,3.05,NA,NA,NA,NA,2.06,NA,"snow flurries"
1875-04-27 07:00:00,5.56,NA,NA,270,NA,997.29,NA,NA,NA,NA,3.89,NA,1,NA
1875-04-27 14:00:00,8.33,NA,NA,270,NA,994.24,NA,NA,NA,NA,4.44,NA,1,",sn"
1875-04-27 21:00:00,6.11,NA,NA,315,NA,997.63,NA,NA,NA,NA,0,NA,1,NA
1875-04-28,NA,NA,NA,NA,NA,NA,0.25,NA,NA,NA,NA,-0.28,NA,"snow flurries"
1875-04-28 07:00:00,3.33,NA,NA,315,NA,997.97,NA,NA,NA,NA,-0.56,NA,5,NA
1875-04-28 14:00:00,6.67,315,3,315,NA,998.31,NA,NA,NA,NA,1.67,NA,11,NA
1875-04-28 21:00:00,3.33,NA,NA,315,NA,1001.36,NA,NA,NA,NA,-1.11,NA,5,",sn"
1875-04-29,NA,NA,NA,NA,NA,NA,32.26,NA,NA,NA,NA,NA,NA,"rain"
1875-04-29 07:00:00,2.78,NA,NA,NA,NA,1007.79,NA,NA,NA,NA,1.11,NA,0,NA
1875-04-29 14:00:00,9.44,NA,NA,315,NA,1008.47,NA,NA,NA,NA,6.39,NA,1,NA
1875-04-29 21:00:00,NA,NA,NA,NA,NA,NA,NA,NA,NA,NA,NA,NA,NA,NA
1875-04-30,NA,NA,NA,NA,NA,NA,22.1,NA,NA,NA,NA,NA,NA,"snow"
1875-04-30 07:00:00,NA,NA,NA,NA,NA,NA,NA,NA,NA,NA,NA,NA,NA,NA
1875-04-30 14:00:00,NA,NA,NA,NA,NA,NA,NA,NA,NA,NA,NA,NA,NA,NA
1875-04-30 21:00:00,NA,NA,NA,NA,NA,NA,NA,NA,NA,NA,NA,NA,NA,NA
1875-05-01,NA,NA,NA,NA,NA,NA,16,"12:00 pm","9:30 pm",134.62,NA,-0.78,NA,"snow"
1875-05-01 07:00:00,6.11,NA,NA,45,NA,1009.48,NA,NA,NA,NA,0,NA,2,NA
1875-05-01 14:00:00,6.11,NA,NA,45,NA,1001.36,NA,NA,NA,NA,-0.83,NA,11,",sn"
1875-05-01 21:00:00,5.56,NA,NA,45,NA,1002.37,NA,NA,NA,NA,-1.11,NA,16,",sn"
1875-05-02,NA,NA,NA,NA,NA,NA,NA,NA,NA,NA,NA,0.39,NA,NA
1875-05-02 07:00:00,6.11,45,3,45,NA,1015.58,NA,NA,NA,NA,0.56,NA,2,NA
1875-05-02 14:00:00,8.89,45,2,45,NA,1015.58,NA,NA,NA,NA,3.33,NA,1,NA
1875-05-02 21:00:00,7.78,NA,NA,45,NA,1015.92,NA,NA,NA,NA,-1.11,NA,1,NA
1875-05-03,NA,NA,NA,NA,NA,NA,0.51,"noon",NA,NA,NA,0.28,NA,"rain"
1875-05-03 07:00:00,5,NA,NA,135,NA,1010.84,NA,NA,NA,NA,0,NA,1,",hz"
1875-05-03 14:00:00,7.22,NA,NA,135,NA,1007.45,NA,NA,NA,NA,0.56,NA,2,",ra"
1875-05-03 21:00:00,5.56,NA,NA,NA,NA,1005.08,NA,NA,NA,NA,0.28,NA,0,",ra"
1875-05-04,NA,NA,NA,NA,NA,NA,0.23,"4:00 am",NA,NA,NA,2.89,NA,"snow flurry"
1875-05-04 07:00:00,4.44,NA,NA,180,NA,1002.71,NA,NA,NA,NA,2.22,NA,1,",sn"
1875-05-04 14:00:00,9.44,270,3,270,NA,1004.4,NA,NA,NA,NA,5.56,NA,5,NA
1875-05-04 21:00:00,7.78,NA,NA,315,NA,1006.77,NA,NA,NA,NA,1.94,NA,1,NA
1875-05-05,NA,NA,NA,NA,NA,NA,6.6,"11:00 am","night",57.15,NA,0.28,NA,"snow"
1875-05-05 07:00:00,4.44,NA,NA,135,NA,1003.39,NA,NA,NA,NA,1.11,NA,1,",fg"
1875-05-05 14:00:00,5.56,NA,NA,90,NA,998.65,NA,NA,NA,NA,0,NA,5,",sn"
1875-05-05 21:00:00,5,NA,NA,270,NA,999.32,NA,NA,NA,NA,0,NA,1,NA
1875-05-06,NA,NA,NA,NA,NA,NA,0.51,"8:00 am",NA,NA,NA,2,NA,"flurries snow"
1875-05-06 07:00:00,4.44,NA,NA,NA,NA,1005.76,NA,NA,NA,NA,0.28,NA,0,",sn"
1875-05-06 14:00:00,9.44,NA,NA,0,NA,1010.5,NA,NA,NA,NA,3.89,NA,5,",sn"
1875-05-06 21:00:00,7.22,NA,NA,270,NA,1016.93,NA,NA,NA,NA,1.94,NA,1,NA
1875-05-07,NA,NA,NA,NA,NA,NA,NA,NA,NA,NA,NA,0.67,NA,NA
1875-05-07 07:00:00,5.56,NA,NA,45,NA,1021,NA,NA,NA,NA,2.22,NA,1,NA
1875-05-07 14:00:00,7.22,NA,NA,90,NA,1022.01,NA,NA,NA,NA,2.78,NA,1,",hz"
1875-05-07 21:00:00,5.56,NA,NA,45,NA,1022.01,NA,NA,NA,NA,-1.11,NA,1,NA
1875-05-08,NA,NA,NA,NA,NA,NA,NA,NA,NA,NA,NA,-0.33,NA,NA
1875-05-08 07:00:00,3.89,NA,NA,90,NA,1020.66,NA,NA,NA,NA,-0.28,NA,1,",hz"
1875-05-08 14:00:00,7.22,NA,NA,90,NA,1018.63,NA,NA,NA,NA,1.11,NA,2,",hz"
1875-05-08 21:00:00,5.56,NA,NA,90,NA,1017.61,NA,NA,NA,NA,-0.83,NA,5,",hz"
1875-05-09,NA,NA,NA,NA,NA,NA,NA,NA,NA,NA,NA,1.67,NA,NA
1875-05-09 07:00:00,5.56,NA,NA,45,NA,1014.9,NA,NA,NA,NA,2.78,NA,5,",hz"
1875-05-09 14:00:00,8.89,45,2,45,NA,1016.26,NA,NA,NA,NA,5,NA,2,NA
1875-05-09 21:00:00,7.78,NA,NA,NA,NA,1019.3,NA,NA,NA,NA,-0.56,NA,0,NA
1875-05-10,NA,NA,NA,NA,NA,NA,0.23,NA,NA,NA,NA,5.83,NA,"light misty rain"
1875-05-10 07:00:00,5.56,NA,NA,225,NA,1016.59,NA,NA,NA,NA,6.67,NA,2,",hz"
1875-05-10 14:00:00,8.61,NA,NA,225,NA,1015.24,NA,NA,NA,NA,7.22,NA,2,",hz"
1875-05-10 21:00:00,7.22,NA,NA,225,NA,1008.13,NA,NA,NA,NA,5,NA,5,NA
1875-05-11,NA,NA,NA,NA,NA,NA,NA,NA,NA,NA,NA,8.44,NA,NA
1875-05-11 07:00:00,8.33,NA,NA,270,NA,1004.4,NA,NA,NA,NA,7.22,NA,5,",hz"
1875-05-11 14:00:00,12.78,315,2,270,NA,1007.45,NA,NA,NA,NA,13.33,NA,5,NA
1875-05-11 21:00:00,11.11,NA,NA,270,NA,1010.84,NA,NA,NA,NA,6.67,NA,1,NA
1875-05-12,NA,NA,NA,NA,NA,NA,NA,NA,NA,NA,NA,6.44,NA,NA
1875-05-12 07:00:00,9.17,NA,NA,270,NA,1016.26,NA,NA,NA,NA,10.83,NA,2,NA
1875-05-12 14:00:00,14.72,315,2,270,NA,1021.33,NA,NA,NA,NA,12.78,NA,5,NA
1875-05-12 21:00:00,10,NA,NA,NA,NA,1027.77,NA,NA,NA,NA,1.11,NA,0,NA
1875-05-13,NA,NA,NA,NA,NA,NA,4.83,"night","night",NA,NA,5.83,NA,"rain"
1875-05-13 07:00:00,8.33,NA,NA,135,NA,1027.43,NA,NA,NA,NA,4.44,NA,1,NA
1875-05-13 14:00:00,8.89,NA,NA,135,NA,1026.75,NA,NA,NA,NA,7.78,NA,1,NA
1875-05-13 21:00:00,5.56,NA,NA,135,NA,1026.08,NA,NA,NA,NA,5.56,NA,2,NA
1875-05-14,NA,NA,NA,NA,NA,NA,NA,NA,NA,NA,NA,8.33,NA,NA
1875-05-14 07:00:00,9.44,NA,NA,225,NA,1023.37,NA,NA,NA,NA,10,NA,1,NA
1875-05-14 14:00:00,13.33,NA,NA,225,NA,1024.38,NA,NA,NA,NA,12.22,NA,5,NA
1875-05-14 21:00:00,10.56,NA,NA,270,NA,1027.77,NA,NA,NA,NA,5.56,NA,2,NA
1875-05-15,NA,NA,NA,NA,NA,NA,4.06,"8:00 am","empty",NA,NA,10.67,NA,NA
1875-05-15 07:00:00,10,NA,NA,270,NA,1029.46,NA,NA,NA,NA,11.67,NA,2,NA
1875-05-15 14:00:00,13.89,NA,NA,270,NA,1030.82,NA,NA,NA,NA,15.56,NA,2,NA
1875-05-15 21:00:00,12.78,NA,1,270,"270",1032.51,NA,NA,NA,NA,7.78,NA,1,NA
1875-05-16,NA,NA,NA,NA,NA,NA,0.51,"8:00 am","night",NA,NA,6.39,NA,"rain"
1875-05-16 07:00:00,10,NA,NA,135,NA,1027.43,NA,NA,NA,NA,5,NA,1,",ra"
1875-05-16 14:00:00,11.67,NA,NA,135,NA,1023.37,NA,NA,NA,NA,6.67,NA,1,",ra"
1875-05-16 21:00:00,10,NA,NA,135,NA,1023.37,NA,NA,NA,NA,6.94,NA,1,",fg"
1875-05-17,NA,NA,NA,NA,NA,NA,0.51,"empty","empty",NA,NA,8.33,NA,"misty rain"
1875-05-17 07:00:00,12.22,NA,NA,225,NA,1017.61,NA,NA,NA,NA,12.22,NA,5,",hz"
1875-05-17 14:00:00,12.78,NA,NA,225,NA,1020.32,NA,NA,NA,NA,11.11,NA,2,",ra"
1875-05-17 21:00:00,10,NA,NA,270,NA,1022.01,NA,NA,NA,NA,5,NA,2,NA
1875-05-18,NA,NA,NA,NA,NA,NA,NA,NA,NA,NA,NA,7.5,NA,NA
1875-05-18 07:00:00,8.06,NA,NA,270,NA,1025.74,NA,NA,NA,NA,9.44,NA,2,NA
1875-05-18 14:00:00,12.5,NA,NA,270,NA,1028.45,NA,NA,NA,NA,11.67,NA,5,NA
1875-05-18 21:00:00,9.44,NA,NA,45,NA,1031.16,NA,NA,NA,NA,4.44,NA,1,",hz"
1875-05-19,NA,NA,NA,NA,NA,NA,0.25,NA,NA,NA,NA,8.44,NA,"misty rain"
1875-05-19 07:00:00,8.89,NA,NA,180,NA,1030.82,NA,NA,NA,NA,8.33,NA,1,",hz"
1875-05-19 14:00:00,11.67,NA,NA,180,NA,1027.43,NA,NA,NA,NA,11.11,NA,1,",hz"
1875-05-19 21:00:00,11.11,NA,NA,225,NA,1029.46,NA,NA,NA,NA,7.22,NA,2,",hz"
1875-05-20,NA,NA,NA,NA,NA,NA,NA,NA,NA,NA,NA,9.67,NA,"fg"
1875-05-20 07:00:00,11.11,NA,NA,NA,NA,1022.01,NA,NA,NA,NA,7.78,NA,0,",fg"
1875-05-20 14:00:00,16.39,NA,NA,270,NA,1019.3,NA,NA,NA,NA,16.39,NA,2,",hz"
1875-05-20 21:00:00,11.11,NA,NA,45,NA,1021.33,NA,NA,NA,NA,7.22,NA,1,",hz"
1875-05-21,NA,NA,NA,NA,NA,NA,0.51,"night",NA,NA,NA,7.78,NA,"rain"
1875-05-21 07:00:00,11.11,NA,NA,180,NA,1019.3,NA,NA,NA,NA,8.33,NA,1,",fg"
1875-05-21 14:00:00,11.67,NA,NA,180,NA,1015.92,NA,NA,NA,NA,11.67,NA,1,",fg"
1875-05-21 21:00:00,10,NA,NA,180,NA,1010.16,NA,NA,NA,NA,5.56,NA,1,NA
1875-05-22,NA,NA,NA,NA,NA,NA,NA,NA,NA,NA,NA,6.67,NA,NA
1875-05-22 07:00:00,8.33,NA,NA,225,NA,1000.68,NA,NA,NA,NA,5,NA,1,",fg"
1875-05-22 14:00:00,10,NA,NA,225,NA,1001.02,NA,NA,NA,NA,8.33,NA,1,",fg"
1875-05-22 21:00:00,9.44,NA,NA,NA,NA,1005.42,NA,NA,NA,NA,6.67,NA,0,",hz"
1875-05-23,NA,NA,NA,NA,NA,NA,2.29,"10:00 am","1:00 pm",NA,NA,7.22,NA,"rain"
1875-05-23 07:00:00,9.72,NA,NA,135,NA,1004.06,NA,NA,NA,NA,10,NA,1,",ra"
1875-05-23 14:00:00,10,NA,NA,135,NA,1004.4,NA,NA,NA,NA,7.78,NA,1,",hz"
1875-05-23 21:00:00,9.44,NA,NA,90,NA,1008.13,NA,NA,NA,NA,5.56,NA,1,",ra"
1875-05-24,NA,NA,NA,NA,NA,NA,NA,NA,NA,NA,NA,6.94,NA,NA
1875-05-24 07:00:00,8.89,NA,NA,45,NA,1012.19,NA,NA,NA,NA,5.56,NA,2,NA
1875-05-24 14:00:00,10.56,NA,NA,90,NA,1012.53,NA,NA,NA,NA,8.89,NA,2,NA
1875-05-24 21:00:00,10,NA,NA,NA,NA,1012.53,NA,NA,NA,NA,6.67,NA,0,",fg"
1875-05-25,NA,NA,NA,NA,NA,NA,NA,NA,NA,NA,NA,8.61,NA,NA
1875-05-25 07:00:00,9.17,NA,NA,90,NA,1010.16,NA,NA,NA,NA,12.22,NA,1,NA
1875-05-25 14:00:00,11.67,NA,NA,135,NA,1009.14,NA,NA,NA,NA,10,NA,2,NA
1875-05-25 21:00:00,11.11,NA,NA,45,NA,1011.51,NA,NA,NA,NA,6.11,NA,1,",hz"
1875-05-26,NA,NA,NA,NA,NA,NA,9.4,"4:00 pm","night",NA,NA,12.56,NA,"rain"
1875-05-26 07:00:00,10.56,NA,NA,225,NA,1007.11,NA,NA,NA,NA,13.61,NA,1,NA
1875-05-26 14:00:00,14.44,NA,NA,225,NA,1005.76,NA,NA,NA,NA,13.33,NA,1,",hz"
1875-05-26 21:00:00,13.89,NA,NA,270,NA,1005.42,NA,NA,NA,NA,11.67,NA,2,",ra"
1875-05-27,NA,NA,NA,NA,NA,NA,2.29,"8:00 am","night",NA,NA,7.83,NA,"heavy rain"
1875-05-27 07:00:00,11.67,NA,NA,225,NA,1001.02,NA,NA,NA,NA,10,NA,1,NA
1875-05-27 14:00:00,12.78,NA,NA,45,NA,1001.36,NA,NA,NA,NA,9.17,NA,1,NA
1875-05-27 21:00:00,11.67,NA,NA,NA,NA,1001.69,NA,NA,NA,NA,6.11,NA,0,",hz"
1875-05-28,NA,NA,NA,NA,NA,NA,0.23,NA,NA,NA,NA,4.17,NA,"misty rain"
1875-05-28 07:00:00,7.78,NA,NA,135,NA,1001.02,NA,NA,NA,NA,6.11,NA,1,NA
1875-05-28 14:00:00,10,NA,NA,135,NA,1004.06,NA,NA,NA,NA,5.56,NA,2,NA
1875-05-28 21:00:00,8.61,NA,NA,135,NA,1008.47,NA,NA,NA,NA,2.5,NA,2,",hz"
1875-05-29,NA,NA,NA,NA,NA,NA,31.24,"8:00 am","continuous",NA,NA,2.44,NA,"continuous rain"
1875-05-29 07:00:00,7.22,NA,NA,135,NA,1010.84,NA,NA,NA,NA,2.5,NA,1,",ra"
1875-05-29 14:00:00,8.33,NA,NA,135,NA,1011.18,NA,NA,NA,NA,2.78,NA,2,",ra"
1875-05-29 21:00:00,7.22,NA,NA,135,NA,1009.82,NA,NA,NA,NA,2.22,NA,11,",ra"
1875-05-30,NA,NA,NA,NA,NA,NA,2.29,"8:00 am",NA,NA,NA,2.78,NA,"rain + sleet"
1875-05-30 07:00:00,6.39,NA,NA,45,NA,1003.05,NA,NA,NA,NA,2.22,NA,11,",ra"
1875-05-30 14:00:00,7.78,NA,NA,45,NA,1001.36,NA,NA,NA,NA,3.33,NA,5,NA
1875-05-30 21:00:00,6.67,NA,NA,90,NA,1002.37,NA,NA,NA,NA,2.78,NA,2,NA
1875-05-31,NA,NA,NA,NA,NA,NA,NA,NA,NA,NA,NA,2.83,NA,NA
1875-05-31 07:00:00,6.11,NA,NA,45,NA,1002.37,NA,NA,NA,NA,3.33,NA,2,",fg"
1875-05-31 14:00:00,8.89,NA,NA,45,NA,1010.5,NA,NA,NA,NA,3.61,NA,11,",fg"
1875-05-31 21:00:00,6.67,NA,NA,0,NA,1012.53,NA,NA,NA,NA,2.22,NA,5,NA
1875-06-01,NA,NA,NA,NA,NA,NA,NA,NA,NA,NA,NA,3.94,NA,NA
1875-06-01 07:00:00,5.83,315,2,315,NA,1021.67,NA,NA,NA,NA,4.72,NA,2,NA
1875-06-01 14:00:00,10.28,NA,NA,45,NA,1021.67,NA,NA,NA,NA,4.44,NA,2,NA
1875-06-01 21:00:00,8.89,NA,NA,NA,NA,1023.03,NA,NA,NA,NA,3.33,NA,0,",hz"
1875-06-02,NA,NA,NA,NA,NA,NA,NA,NA,NA,NA,NA,4.72,NA,NA
1875-06-02 07:00:00,6.67,NA,NA,225,NA,1020.66,NA,NA,NA,NA,12.22,NA,1,NA
1875-06-02 14:00:00,11.67,NA,NA,135,NA,1021.67,NA,NA,NA,NA,7.78,NA,1,NA
1875-06-02 21:00:00,9.17,NA,NA,90,NA,1024.72,NA,NA,NA,NA,-0.56,NA,2,",hz"
1875-06-03,NA,NA,NA,NA,NA,NA,NA,NA,NA,NA,NA,2.78,NA,NA
1875-06-03 07:00:00,6.39,NA,NA,NA,NA,1024.04,NA,NA,NA,NA,6.67,NA,0,NA
1875-06-03 14:00:00,10,NA,NA,90,NA,1021.67,NA,NA,NA,NA,5.56,NA,1,NA
1875-06-03 21:00:00,7.22,NA,NA,90,NA,1021.67,NA,NA,NA,NA,-0.56,NA,1,",fg"
1875-06-04,NA,NA,NA,NA,NA,NA,NA,NA,NA,NA,NA,4.83,NA,NA
1875-06-04 07:00:00,5.56,NA,NA,90,NA,1021.67,NA,NA,NA,NA,5.56,NA,1,",hz"
1875-06-04 14:00:00,10.28,NA,NA,90,NA,1022.01,NA,NA,NA,NA,7.22,NA,1,NA
1875-06-04 21:00:00,8.89,NA,NA,NA,NA,1022.69,NA,NA,NA,NA,3.33,NA,0,NA
1875-06-05,NA,NA,NA,NA,NA,NA,NA,NA,NA,NA,NA,11.22,NA,NA
1875-06-05 07:00:00,7.78,NA,NA,225,NA,1021,NA,NA,NA,NA,11.67,NA,1,NA
1875-06-05 14:00:00,15,NA,NA,270,NA,1017.27,NA,NA,NA,NA,15.56,NA,5,NA
1875-06-05 21:00:00,13.33,NA,NA,270,NA,1015.58,NA,NA,NA,NA,8.89,NA,2,NA
1875-06-06,NA,NA,NA,NA,NA,NA,NA,NA,NA,NA,NA,15.83,NA,NA
1875-06-06 07:00:00,12.22,NA,NA,270,NA,1010.84,NA,NA,NA,NA,15.56,NA,2,NA
1875-06-06 14:00:00,18.89,NA,NA,270,NA,1010.5,NA,NA,NA,NA,21.67,NA,2,NA
1875-06-06 21:00:00,18.06,NA,NA,270,NA,1010.5,NA,NA,NA,NA,13.06,NA,2,NA
1875-06-07,NA,NA,NA,NA,NA,NA,NA,NA,NA,NA,NA,15,NA,NA
1875-06-07 07:00:00,14.44,NA,NA,270,NA,1010.5,NA,NA,NA,NA,15.56,NA,2,NA
1875-06-07 14:00:00,19.44,NA,NA,270,NA,1013.55,NA,NA,NA,NA,18.89,NA,5,",hz"
1875-06-07 21:00:00,17.78,NA,NA,270,NA,1017.61,NA,NA,NA,NA,12.78,NA,1,NA
1875-06-08,NA,NA,NA,NA,NA,NA,10.41,"7:00 am","night",NA,NA,14.17,NA,"r"
1875-06-08 07:00:00,13.89,NA,NA,225,NA,1018.63,NA,NA,NA,NA,12.22,NA,2,NA
1875-06-08 14:00:00,19.44,NA,NA,225,NA,1018.29,NA,NA,NA,NA,18.89,NA,2,NA
1875-06-08 21:00:00,16.67,NA,NA,225,NA,1024.38,NA,NA,NA,NA,12.78,NA,1,",hz"
1875-06-09,NA,NA,NA,NA,NA,NA,NA,NA,NA,NA,NA,12.28,NA,NA
1875-06-09 07:00:00,14.44,NA,NA,NA,NA,1027.77,NA,NA,NA,NA,11.94,NA,0,",hz"
1875-06-09 14:00:00,17.22,NA,NA,135,NA,1029.8,NA,NA,NA,NA,16.11,NA,1,NA
1875-06-09 21:00:00,13.89,NA,NA,135,NA,1030.82,NA,NA,NA,NA,10.56,NA,1,",hz"
1875-06-10,NA,NA,NA,NA,NA,NA,NA,NA,NA,NA,NA,16.39,NA,NA
1875-06-10 07:00:00,14.44,NA,NA,225,NA,1031.16,NA,NA,NA,NA,13.89,NA,1,NA
1875-06-10 14:00:00,14.72,NA,NA,225,NA,1031.83,NA,NA,NA,NA,21.67,NA,1,NA
1875-06-10 21:00:00,18.33,NA,NA,225,NA,1032.51,NA,NA,NA,NA,15,NA,1,NA
1875-06-11,NA,NA,NA,NA,NA,NA,0.23,NA,NA,NA,NA,18,NA,"light showers"
1875-06-11 07:00:00,17.22,NA,NA,225,NA,1029.8,NA,NA,NA,NA,18.33,NA,2,NA
1875-06-11 14:00:00,22.22,225,2,225,NA,1025.74,NA,NA,NA,NA,21.39,NA,11,NA
1875-06-11 21:00:00,20,NA,2,225,"315",1026.41,NA,NA,NA,NA,16.11,NA,2,NA
1875-06-12,NA,NA,NA,NA,NA,NA,0.23,NA,NA,NA,NA,18.72,NA,NA
1875-06-12 07:00:00,18.33,225,5,225,NA,1023.71,NA,NA,NA,NA,17.78,NA,16,NA
1875-06-12 14:00:00,21.11,270,2,270,NA,1023.37,NA,NA,NA,NA,21.67,NA,16,NA
1875-06-12 21:00:00,19.44,NA,NA,225,NA,1023.71,NA,NA,NA,NA,17.78,NA,5,NA
1875-06-13,NA,NA,NA,NA,NA,NA,5.33,"night","night",NA,NA,20.39,NA,"r"
1875-06-13 07:00:00,18.89,225,4,225,NA,1021.33,NA,NA,NA,NA,21.11,NA,11,NA
1875-06-13 14:00:00,22.78,225,3,225,NA,1022.69,NA,NA,NA,NA,22.78,NA,16,NA
1875-06-13 21:00:00,20,NA,NA,315,NA,1023.03,NA,NA,NA,NA,18.89,NA,1,NA
1875-06-14,NA,NA,NA,NA,NA,NA,0.76,"9:00 pm","night",NA,NA,18.06,NA,"r"
1875-06-14 07:00:00,17.78,NA,NA,225,NA,1017.95,NA,NA,NA,NA,18.33,NA,2,",hz"
1875-06-14 14:00:00,21.11,NA,NA,225,NA,1016.93,NA,NA,NA,NA,21.67,NA,5,",hz"
1875-06-14 21:00:00,18.33,NA,NA,225,NA,1014.9,NA,NA,NA,NA,16.11,NA,1,",ra"
1875-06-15,NA,NA,NA,NA,NA,NA,NA,NA,NA,NA,NA,14.83,NA,NA
1875-06-15 07:00:00,16.11,315,1,315,NA,1015.92,NA,NA,NA,NA,18.33,NA,1,NA
1875-06-15 14:00:00,17.78,NA,NA,135,NA,1017.27,NA,NA,NA,NA,17.78,NA,1,",hz"
1875-06-15 21:00:00,16.67,NA,NA,NA,NA,1018.29,NA,NA,NA,NA,11.67,NA,0,NA
1875-06-16 07:00:00,13.89,NA,NA,225,NA,1014.9,NA,NA,NA,NA,NA,NA,1,",hz"
1875-06-16 14:00:00,18.33,225,3,225,NA,1014.22,NA,NA,NA,NA,NA,NA,11,NA
1875-06-16 21:00:00,16.67,NA,NA,270,NA,1014.22,NA,NA,NA,NA,NA,NA,1,NA
1875-06-17,NA,NA,NA,NA,NA,NA,1.27,"8:00 pm","night",NA,NA,15,NA,"r"
1875-06-17 07:00:00,14.44,NA,NA,135,NA,1010.16,NA,NA,NA,NA,16.11,NA,1,",hz"
1875-06-17 14:00:00,15,NA,NA,135,NA,1004.74,NA,NA,NA,NA,18.33,NA,1,",ra"
1875-06-17 21:00:00,12.78,NA,NA,NA,NA,1008.47,NA,NA,NA,NA,12.78,NA,0,",ra"
1875-06-18,NA,NA,NA,NA,NA,NA,NA,NA,NA,NA,NA,13.39,NA,NA
1875-06-18 07:00:00,12.78,315,2,315,NA,1016.59,NA,NA,NA,NA,13.33,NA,2,NA
1875-06-18 14:00:00,16.67,315,1,315,NA,1022.01,NA,NA,NA,NA,16.94,NA,1,NA
1875-06-18 21:00:00,15,NA,NA,315,NA,1027.43,NA,NA,NA,NA,11.67,NA,2,NA
1875-06-19,NA,NA,NA,NA,NA,NA,23.11,"10:00 am","all day",NA,NA,14.44,NA,"heavy all day"
1875-06-19 07:00:00,13.89,NA,NA,135,NA,1027.43,NA,NA,NA,NA,13.33,NA,1,",hz"
1875-06-19 14:00:00,13.89,NA,NA,135,NA,1022.35,NA,NA,NA,NA,13.33,NA,2,",ra"
1875-06-19 21:00:00,15.56,NA,NA,225,NA,1013.88,NA,NA,NA,NA,15.56,NA,11,",ra"
1875-06-20,NA,NA,NA,NA,NA,NA,0.23,NA,NA,NA,NA,10.67,NA,"showers"
1875-06-20 07:00:00,15,NA,NA,315,NA,1010.84,NA,NA,NA,NA,14.44,NA,5,NA
1875-06-20 14:00:00,13.89,NA,NA,225,NA,1007.11,NA,NA,NA,NA,11.67,NA,16,",ra"
1875-06-20 21:00:00,12.22,NA,NA,225,NA,1006.77,NA,NA,NA,NA,8.33,NA,16,",ra"
1875-06-21,NA,NA,NA,NA,NA,NA,NA,NA,NA,NA,NA,15.89,NA,NA
1875-06-21 07:00:00,13.89,NA,NA,225,NA,1015.24,NA,NA,NA,NA,16.67,NA,2,",hz"
1875-06-21 14:00:00,18.33,NA,NA,225,NA,1015.24,NA,NA,NA,NA,18.89,NA,16,NA
1875-06-21 21:00:00,16.67,NA,NA,225,NA,1014.22,NA,NA,NA,NA,13.89,NA,2,NA
1875-06-22,NA,NA,NA,NA,NA,NA,NA,NA,NA,NA,NA,12.61,NA,NA
1875-06-22 07:00:00,12.22,225,1,225,NA,1009.82,NA,NA,NA,NA,19.44,NA,2,NA
1875-06-22 14:00:00,16.11,NA,NA,90,NA,1015.24,NA,NA,NA,NA,14.44,NA,1,NA
1875-06-22 21:00:00,13.89,NA,NA,45,NA,1017.95,NA,NA,NA,NA,8.33,NA,1,NA
1875-06-23,NA,NA,NA,NA,NA,NA,NA,NA,NA,NA,NA,15.56,NA,NA
1875-06-23 07:00:00,18.33,NA,NA,225,NA,1017.61,NA,NA,NA,NA,12.22,NA,1,",hz"
1875-06-23 14:00:00,18.89,225,2,225,NA,1015.92,NA,NA,NA,NA,22.22,NA,11,NA
1875-06-23 21:00:00,17.78,NA,NA,225,NA,1017.95,NA,NA,NA,NA,13.89,NA,11,",hz"
1875-06-24,NA,NA,NA,NA,NA,NA,0.25,"8:00 pm","night",NA,NA,19,NA,"r"
1875-06-24 07:00:00,18.33,315,3,225,NA,1018.63,NA,NA,NA,NA,21.11,NA,5,NA
1875-06-24 14:00:00,22.22,225,3,225,NA,1015.92,NA,NA,NA,NA,22.78,NA,11,NA
1875-06-24 21:00:00,20,NA,NA,225,NA,1011.51,NA,NA,NA,NA,16.11,NA,2,",ra"
1875-06-25,NA,NA,NA,NA,NA,NA,24.89,"4:00 pm","night",NA,NA,12.78,NA,"r"
1875-06-25 07:00:00,17.22,NA,NA,270,NA,1008.47,NA,NA,NA,NA,19.44,NA,5,NA
1875-06-25 14:00:00,19.44,NA,NA,90,NA,1011.51,NA,NA,NA,NA,20.56,NA,5,NA
1875-06-25 21:00:00,15.56,NA,NA,135,NA,1014.22,NA,NA,NA,NA,5.56,NA,1,",ra"
1875-06-26,NA,NA,NA,NA,NA,NA,NA,NA,NA,NA,NA,6.5,NA,NA
1875-06-26 07:00:00,12.78,NA,NA,45,NA,1014.22,NA,NA,NA,NA,5.56,NA,2,",hz"
1875-06-26 14:00:00,13.89,NA,NA,45,NA,1014.22,NA,NA,NA,NA,7.22,NA,2,",hz"
1875-06-26 21:00:00,13.89,NA,NA,NA,NA,1014.56,NA,NA,NA,NA,6.67,NA,0,",hz"
1875-06-27,NA,NA,NA,NA,NA,NA,NA,NA,NA,NA,NA,20.56,NA,NA
1875-06-27 07:00:00,12.78,NA,NA,270,NA,1012.53,NA,NA,NA,NA,17.78,NA,2,NA
1875-06-27 14:00:00,19.44,270,2,270,NA,1013.55,NA,NA,NA,NA,21.11,NA,5,NA
1875-06-27 21:00:00,17.78,NA,NA,270,NA,1013.21,NA,NA,NA,NA,16.11,NA,2,NA
1875-06-28,NA,NA,NA,NA,NA,NA,NA,NA,NA,NA,NA,18.44,NA,NA
1875-06-28 07:00:00,15,NA,NA,270,NA,1015.92,NA,NA,NA,NA,18.33,NA,2,NA
1875-06-28 14:00:00,20.56,315,1,315,NA,1014.22,NA,NA,NA,NA,21.11,NA,2,NA
1875-06-28 21:00:00,16.67,NA,NA,225,NA,1009.48,NA,NA,NA,NA,17.22,NA,2,",hz"
1875-06-29,NA,NA,NA,NA,NA,NA,NA,NA,NA,NA,NA,12.83,NA,NA
1875-06-29 07:00:00,16.67,NA,NA,315,NA,1008.47,NA,NA,NA,NA,17.22,NA,11,NA
1875-06-29 14:00:00,18.89,NA,NA,90,NA,1016.93,NA,NA,NA,NA,15.28,NA,1,NA
1875-06-29 21:00:00,16.67,NA,NA,NA,NA,1022.01,NA,NA,NA,NA,9.44,NA,0,NA
1875-06-30,NA,NA,NA,NA,NA,NA,NA,NA,NA,NA,NA,15.28,NA,NA
1875-06-30 07:00:00,13.89,NA,NA,270,NA,1029.12,NA,NA,NA,NA,16.94,NA,2,NA
1875-06-30 14:00:00,19.44,NA,NA,270,NA,1028.11,NA,NA,NA,NA,19.44,NA,5,NA
1875-06-30 21:00:00,16.67,NA,NA,270,NA,1027.43,NA,NA,NA,NA,11.94,NA,5,NA
1875-07-01,NA,NA,NA,NA,NA,NA,5.59,"8:30 am","12:00 pm",NA,NA,15.56,NA,"r"
1875-07-01 07:00:00,15.56,NA,NA,225,NA,1017.61,NA,NA,NA,NA,15.56,NA,2,NA
1875-07-01 14:00:00,18.33,NA,NA,225,NA,1012.53,NA,NA,NA,NA,18.33,NA,5,",fg"
1875-07-01 21:00:00,17.78,NA,NA,225,NA,1011.51,NA,NA,NA,NA,15.56,NA,5,NA
1875-07-02,NA,NA,NA,NA,NA,NA,NA,NA,NA,NA,NA,13.72,NA,NA
1875-07-02 07:00:00,16.11,NA,NA,225,NA,999.66,NA,NA,NA,NA,20,NA,11,",fg"
1875-07-02 14:00:00,18.89,225,4,225,NA,1000.68,NA,NA,NA,NA,15,NA,11,NA
1875-07-02 21:00:00,16.11,NA,NA,270,NA,998.98,NA,NA,NA,NA,10,NA,1,NA
1875-07-03,NA,NA,NA,NA,NA,NA,NA,NA,NA,NA,NA,16.94,NA,NA
1875-07-03 07:00:00,13.89,NA,NA,270,NA,1017.95,NA,NA,NA,NA,15,NA,2,NA
1875-07-03 14:00:00,18.33,270,1,270,NA,1020.66,NA,NA,NA,NA,18.33,NA,2,NA
1875-07-03 21:00:00,17.22,NA,NA,NA,NA,1027.43,NA,NA,NA,NA,17.22,NA,0,NA
1875-07-04,NA,NA,NA,NA,NA,NA,NA,NA,NA,NA,NA,15.61,NA,NA
1875-07-04 07:00:00,14.44,NA,NA,225,NA,1028.11,NA,NA,NA,NA,19.72,NA,1,NA
1875-07-04 14:00:00,17.78,270,1,135,NA,1029.12,NA,NA,NA,NA,17.22,NA,1,NA
1875-07-04 21:00:00,17.22,NA,NA,270,NA,1030.48,NA,NA,NA,NA,12.78,NA,1,NA
1875-07-05,NA,NA,NA,NA,NA,NA,2.79,"7:45 pm","night",NA,NA,14.67,NA,"r"
1875-07-05 07:00:00,15,NA,NA,225,NA,1029.12,NA,NA,NA,NA,15,NA,2,NA
1875-07-05 14:00:00,17.22,NA,NA,225,NA,1025.74,NA,NA,NA,NA,16.94,NA,11,NA
1875-07-05 21:00:00,15.56,NA,NA,225,NA,1023.71,NA,NA,NA,NA,13.33,NA,16,",ra"
1875-07-06,NA,NA,NA,NA,NA,NA,1.52,"8:45 pm","night",NA,NA,16.78,NA,"r"
1875-07-06 07:00:00,15.56,NA,NA,225,NA,1021.33,NA,NA,NA,NA,14.72,NA,2,NA
1875-07-06 14:00:00,20.28,NA,NA,225,NA,1022.35,NA,NA,NA,NA,20.56,NA,1,NA
1875-07-06 21:00:00,18.33,NA,NA,225,NA,1023.71,NA,NA,NA,NA,16.11,NA,1,",ra"
1875-07-07,NA,NA,NA,NA,NA,NA,1.52,"8:00 am",NA,NA,NA,13.06,NA,"r"
1875-07-07 07:00:00,15.56,NA,NA,135,NA,1019.3,NA,NA,NA,NA,12.22,NA,1,",ra"
1875-07-07 14:00:00,16.11,NA,NA,135,NA,1015.58,NA,NA,NA,NA,14.44,NA,1,",ra"
1875-07-07 21:00:00,16.67,NA,NA,225,NA,1019.3,NA,NA,NA,NA,12.78,NA,1,",ra"
1875-07-08,NA,NA,NA,NA,NA,NA,NA,NA,NA,NA,NA,15.94,NA,NA
1875-07-08 07:00:00,16.11,NA,NA,225,NA,1023.03,NA,NA,NA,NA,17.22,NA,1,",hz"
1875-07-08 14:00:00,16.11,NA,NA,NA,NA,1024.38,NA,NA,NA,NA,21.11,NA,0,NA
1875-07-08 21:00:00,17.78,NA,NA,45,NA,1027.77,NA,NA,NA,NA,12.78,NA,1,NA
1875-07-09,NA,NA,NA,NA,NA,NA,NA,NA,NA,NA,NA,15,NA,NA
1875-07-09 07:00:00,16.11,NA,NA,225,NA,1026.75,NA,NA,NA,NA,16.67,NA,1,NA
1875-07-09 14:00:00,18.89,NA,NA,45,NA,1024.04,NA,NA,NA,NA,17.78,NA,1,NA
1875-07-09 21:00:00,18.33,NA,NA,NA,NA,1020.32,NA,NA,NA,NA,12.78,NA,0,NA
1875-07-10,NA,NA,NA,NA,NA,NA,NA,NA,NA,NA,NA,18.33,NA,NA
1875-07-10 07:00:00,16.11,NA,NA,45,NA,1018.29,NA,NA,NA,NA,19.44,NA,1,NA
1875-07-10 14:00:00,21.67,NA,NA,225,NA,1018.29,NA,NA,NA,NA,22.78,NA,2,NA
1875-07-10 21:00:00,20,NA,NA,270,NA,1019.3,NA,NA,NA,NA,15.56,NA,1,NA
1875-07-11,NA,NA,NA,NA,NA,NA,NA,NA,NA,NA,NA,17.33,NA,NA
1875-07-11 07:00:00,17.22,NA,NA,NA,NA,1016.59,NA,NA,NA,NA,19.44,NA,0,NA
1875-07-11 14:00:00,20.56,NA,NA,45,NA,1013.88,NA,NA,NA,NA,18.89,NA,1,NA
1875-07-11 21:00:00,19.44,NA,NA,90,NA,1011.51,NA,NA,NA,NA,15.56,NA,1,NA
1875-07-12,NA,NA,NA,NA,NA,NA,0.23,"8:00 am",NA,NA,NA,16.94,NA,"r"
1875-07-12 07:00:00,17.78,NA,NA,225,NA,1007.79,NA,NA,NA,NA,17.22,NA,1,",ra"
1875-07-12 14:00:00,21.11,NA,NA,225,NA,1006.77,NA,NA,NA,NA,21.67,NA,1,",ra"
1875-07-12 21:00:00,14.44,NA,NA,315,NA,1007.11,NA,NA,NA,NA,14.44,NA,2,NA
1875-07-13,NA,NA,NA,NA,NA,NA,NA,NA,NA,NA,NA,17.44,NA,NA
1875-07-13 07:00:00,17.22,NA,NA,270,NA,1008.81,NA,NA,NA,NA,18.89,NA,5,NA
1875-07-13 14:00:00,20.56,NA,NA,270,NA,1010.16,NA,NA,NA,NA,20.83,NA,5,NA
1875-07-13 21:00:00,18.33,NA,NA,270,NA,1010.16,NA,NA,NA,NA,15,NA,2,NA
1875-07-14,NA,NA,NA,NA,NA,NA,NA,NA,NA,NA,NA,20.22,NA,NA
1875-07-14 07:00:00,17.22,NA,NA,270,NA,1012.87,NA,NA,NA,NA,21.67,NA,2,NA
1875-07-14 14:00:00,23.33,NA,NA,270,NA,1013.21,NA,NA,NA,NA,23.61,NA,NA,NA
1875-07-14 21:00:00,20,NA,NA,270,NA,1016.26,NA,NA,NA,NA,17.78,NA,1,NA
1875-07-15,NA,NA,NA,NA,NA,NA,NA,NA,NA,NA,NA,19.28,NA,NA
1875-07-15 07:00:00,17.78,NA,NA,NA,NA,1016.59,NA,NA,NA,NA,22.22,NA,0,NA
1875-07-15 14:00:00,23.89,NA,NA,270,NA,1017.95,NA,NA,NA,NA,23.89,NA,1,NA
1875-07-15 21:00:00,19.44,NA,NA,225,NA,1019.3,NA,NA,NA,NA,15.56,NA,1,NA
1875-07-16,NA,NA,NA,NA,NA,NA,NA,NA,NA,NA,NA,20.94,NA,NA
1875-07-16 07:00:00,18.33,NA,NA,225,NA,1017.27,NA,NA,NA,NA,20,NA,1,NA
1875-07-16 14:00:00,25,NA,NA,225,NA,1020.66,NA,NA,NA,NA,25,NA,2,NA
1875-07-16 21:00:00,21.67,NA,1,225,"225",1021,NA,NA,NA,NA,19.44,NA,1,NA
1875-07-17,NA,NA,NA,NA,NA,NA,3.81,"7:40 pm","night",NA,NA,17.28,NA,"r"
1875-07-17 07:00:00,21.11,NA,NA,90,NA,1017.95,NA,NA,NA,NA,23.89,NA,1,NA
1875-07-17 14:00:00,23.89,NA,NA,90,NA,1015.24,NA,NA,NA,NA,21.94,NA,1,NA
1875-07-17 21:00:00,22.22,NA,NA,45,NA,1009.82,NA,NA,NA,NA,11.67,NA,5,",ra"
1875-07-18,NA,NA,NA,NA,NA,NA,0.51,NA,"night",NA,NA,16.78,NA,"misty rain"
1875-07-18 07:00:00,18.33,NA,NA,45,NA,1005.76,NA,NA,NA,NA,13.89,NA,5,",fg"
1875-07-18 14:00:00,19.44,NA,NA,45,NA,1001.69,NA,NA,NA,NA,17.78,NA,5,",ra"
1875-07-18 21:00:00,20.56,NA,NA,45,NA,1005.42,NA,NA,NA,NA,17.78,NA,2,NA
1875-07-19,NA,NA,NA,NA,NA,NA,11.43,NA,"night",NA,NA,18.28,NA,"misty rain"
1875-07-19 07:00:00,21.11,NA,NA,135,NA,1007.45,NA,NA,NA,NA,18.06,NA,1,NA
1875-07-19 14:00:00,19.44,NA,NA,135,NA,1007.45,NA,NA,NA,NA,20.56,NA,1,NA
1875-07-19 21:00:00,17.78,NA,NA,135,NA,1007.11,NA,NA,NA,NA,17.22,NA,2,NA
1875-07-20,NA,NA,NA,NA,NA,NA,0.51,"7:00 am","8:30 am",NA,NA,14.83,NA,"r"
1875-07-20 07:00:00,17.22,NA,NA,225,NA,1012.19,NA,NA,NA,NA,16.11,NA,1,",ra"
1875-07-20 14:00:00,20,NA,NA,315,NA,1014.22,NA,NA,NA,NA,18.89,NA,1,NA
1875-07-20 21:00:00,16.67,NA,NA,315,NA,1016.59,NA,NA,NA,NA,12.22,NA,1,NA
1875-07-21,NA,NA,NA,NA,NA,NA,NA,NA,NA,NA,NA,17.28,NA,"halo"
1875-07-21 07:00:00,16.67,NA,NA,NA,NA,1023.03,NA,NA,NA,NA,19.17,NA,0,NA
1875-07-21 14:00:00,20,NA,NA,135,NA,1024.72,NA,NA,NA,NA,20,NA,1,NA
1875-07-21 21:00:00,18.33,NA,NA,45,NA,1027.77,NA,NA,NA,NA,15,NA,1,NA
1875-07-22,NA,NA,NA,NA,NA,NA,NA,NA,NA,NA,NA,16.39,NA,"fg"
1875-07-22 07:00:00,16.67,NA,NA,135,NA,1028.78,NA,NA,NA,NA,23.06,NA,1,NA
1875-07-22 14:00:00,19.44,NA,NA,0,NA,1030.48,NA,NA,NA,NA,16.39,NA,2,NA
1875-07-22 21:00:00,18.89,NA,NA,45,NA,1030.48,NA,NA,NA,NA,13.06,NA,2,",fg"
1875-07-23,NA,NA,NA,NA,NA,NA,NA,NA,NA,NA,NA,13.11,NA,NA
1875-07-23 07:00:00,17.22,90,1,90,NA,1031.16,NA,NA,NA,NA,16.11,NA,1,NA
1875-07-23 14:00:00,18.89,135,1,135,NA,1031.16,NA,NA,NA,NA,16.39,NA,5,NA
1875-07-23 21:00:00,15.56,NA,NA,45,NA,1031.16,NA,NA,NA,NA,10,NA,2,",ra"
1875-07-24,NA,NA,NA,NA,NA,NA,NA,NA,NA,NA,NA,14.72,NA,NA
1875-07-24 07:00:00,15,NA,NA,90,NA,1027.77,NA,NA,NA,NA,12.22,NA,2,",fg"
1875-07-24 14:00:00,18.89,135,1,135,NA,1025.74,NA,NA,NA,NA,16.67,NA,2,NA
1875-07-24 21:00:00,17.78,NA,NA,135,NA,1024.38,NA,NA,NA,NA,15,NA,2,",fg"
1875-07-25,NA,NA,NA,NA,NA,NA,20.83,"9:30 am","continuous",0,NA,11.67,NA,"r"
1875-07-25 07:00:00,15.56,NA,NA,135,NA,1015.92,NA,NA,NA,NA,12.78,NA,2,",fg"
1875-07-25 14:00:00,15.56,NA,NA,135,NA,1012.53,NA,NA,NA,NA,11.67,NA,2,",ra"
1875-07-25 21:00:00,15,NA,NA,90,NA,1013.55,NA,NA,NA,NA,11.11,NA,5,",ra"
1875-07-26,NA,NA,NA,NA,NA,NA,NA,NA,NA,NA,NA,10.11,NA,NA
1875-07-26 07:00:00,13.89,NA,NA,45,NA,1019.3,NA,NA,NA,NA,10,NA,11,",hz"
1875-07-26 14:00:00,15,NA,NA,45,NA,1021,NA,NA,NA,NA,11.67,NA,11,",fg"
1875-07-26 21:00:00,13.89,NA,NA,45,NA,1023.37,NA,NA,NA,NA,9.44,NA,5,",fg"
1875-07-27,NA,NA,NA,NA,NA,NA,NA,NA,NA,NA,NA,11.11,NA,NA
1875-07-27 07:00:00,12.78,NA,NA,135,NA,1023.03,NA,NA,NA,NA,10,NA,1,NA
1875-07-27 14:00:00,15.56,NA,NA,135,NA,1021.33,NA,NA,NA,NA,13.33,NA,1,NA
1875-07-27 21:00:00,15,NA,NA,225,NA,1019.3,NA,NA,NA,NA,12.22,NA,1,NA
1875-07-28,NA,NA,NA,NA,NA,NA,12.45,"8:00 pm","night",NA,NA,12.44,NA,"r"
1875-07-28 07:00:00,12.78,NA,NA,225,NA,1016.93,NA,NA,NA,NA,11.11,NA,1,",ra"
1875-07-28 14:00:00,14.44,NA,NA,225,NA,1016.26,NA,NA,NA,NA,14.17,NA,5,NA
1875-07-28 21:00:00,13.33,NA,NA,225,NA,1015.58,NA,NA,NA,NA,12.22,NA,1,",ra"
1875-07-29,NA,NA,NA,NA,NA,NA,2.03,"8:00 am","9:00 am",NA,NA,11.22,NA,"r"
1875-07-29 07:00:00,13.33,NA,NA,135,NA,1011.85,NA,NA,NA,NA,9.44,NA,1,",ra"
1875-07-29 14:00:00,15.56,NA,NA,135,NA,1010.84,NA,NA,NA,NA,13.33,NA,1,NA
1875-07-29 21:00:00,19.44,NA,NA,270,NA,1015.24,NA,NA,NA,NA,11.11,NA,2,NA
1875-07-30,NA,NA,NA,NA,NA,NA,4.06,"night","8:00 am",NA,NA,16.67,NA,"r"
1875-07-30 07:00:00,15.56,NA,NA,225,NA,1018.96,NA,NA,NA,NA,15,NA,2,NA
1875-07-30 14:00:00,20.56,NA,NA,225,NA,1019.3,NA,NA,NA,NA,20.56,NA,2,NA
1875-07-30 21:00:00,20.56,NA,NA,315,NA,1019.98,NA,NA,NA,NA,15.56,NA,2,NA
1875-07-31,NA,NA,NA,NA,NA,NA,7.62,"8:00 am","12:00 pm",NA,NA,13.17,NA,"r"
1875-07-31 07:00:00,17.22,NA,NA,90,NA,1011.85,NA,NA,NA,NA,13.33,NA,2,",ra"
1875-07-31 14:00:00,17.22,NA,NA,90,NA,999.66,NA,NA,NA,NA,16.11,NA,2,",ra"
1875-07-31 21:00:00,16.67,NA,NA,315,NA,1001.69,NA,NA,NA,NA,11.67,NA,2,NA
1875-08-01,NA,NA,NA,NA,NA,NA,0.23,"am",NA,NA,NA,15.72,NA,"light r"
1875-08-01 07:00:00,16.11,225,2,225,NA,1004.74,NA,NA,NA,NA,18.33,NA,5,NA
1875-08-01 14:00:00,17.78,NA,NA,270,NA,1004.74,NA,NA,NA,NA,17.78,NA,16,NA
1875-08-01 21:00:00,18.33,NA,NA,270,NA,1007.45,NA,NA,NA,NA,13.33,NA,2,NA
1875-08-02,NA,NA,NA,NA,NA,NA,0.25,NA,NA,NA,NA,13.89,NA,"r showers"
1875-08-02 07:00:00,15.83,315,1,315,NA,1015.24,NA,NA,NA,NA,13.33,NA,2,NA
1875-08-02 14:00:00,18.89,315,2,270,NA,1016.93,NA,NA,NA,NA,15,NA,5,NA
1875-08-02 21:00:00,15.56,NA,NA,270,NA,1020.32,NA,NA,NA,NA,13.61,NA,1,NA
1875-08-03,NA,NA,NA,NA,NA,NA,NA,NA,NA,NA,NA,15.33,NA,NA
1875-08-03 07:00:00,14.44,NA,NA,225,NA,1026.41,NA,NA,NA,NA,17.5,NA,1,NA
1875-08-03 14:00:00,21.11,315,1,315,NA,1028.45,NA,NA,NA,NA,20.56,NA,1,NA
1875-08-03 21:00:00,15.56,NA,NA,45,NA,1030.48,NA,NA,NA,NA,11.67,NA,1,NA
1875-08-04,NA,NA,NA,NA,NA,NA,15.24,"8:30 pm","night",NA,NA,17.28,NA,"r"
1875-08-04 07:00:00,15.56,NA,NA,225,NA,1030.14,NA,NA,NA,NA,17.22,NA,1,",hz"
1875-08-04 14:00:00,21.67,NA,NA,270,NA,1029.46,NA,NA,NA,NA,21.94,NA,5,NA
1875-08-04 21:00:00,17.78,NA,NA,225,NA,1029.46,NA,NA,NA,NA,15,NA,2,",ra"
1875-08-05,NA,NA,NA,NA,NA,NA,11.18,"night","8:00 am",NA,NA,19.44,NA,"r"
1875-08-05 07:00:00,17.78,225,1,225,NA,1019.64,NA,NA,NA,NA,16.67,NA,1,NA
1875-08-05 14:00:00,21.67,225,1,225,NA,1020.32,NA,NA,NA,NA,21.11,NA,2,NA
1875-08-05 21:00:00,21.11,NA,NA,225,NA,1020.32,NA,NA,NA,NA,20,NA,5,",hz"
1875-08-06,NA,NA,NA,NA,NA,NA,4.57,"8:00 am","night",NA,NA,19.17,NA,"r"
1875-08-06 07:00:00,20,NA,NA,NA,NA,1017.95,NA,NA,NA,NA,18.89,NA,0,",ra"
1875-08-06 14:00:00,21.11,NA,NA,225,NA,1016.93,NA,NA,NA,NA,20.56,NA,5,",ra"
1875-08-06 21:00:00,20,NA,NA,225,NA,1016.93,NA,NA,NA,NA,18.61,NA,1,",hz"
1875-08-07,NA,NA,NA,NA,NA,NA,0,"empty","empty",0,NA,19.17,NA,"empty"
1875-08-07 07:00:00,18.89,NA,NA,90,NA,1020.32,NA,NA,NA,NA,17.78,NA,1,",hz"
1875-08-07 14:00:00,23.33,225,1,90,NA,1020.32,NA,NA,NA,NA,23.33,NA,5,NA
1875-08-07 21:00:00,18.33,NA,NA,90,NA,1021.33,NA,NA,NA,NA,17.78,NA,1,",hz"
1875-08-08,NA,NA,NA,NA,NA,NA,10.16,"night","8:00 am",NA,NA,15,NA,"r"
1875-08-08 07:00:00,17.78,NA,NA,NA,NA,1024.38,NA,NA,NA,NA,15,NA,0,",fg"
1875-08-08 14:00:00,17.78,90,1,135,NA,1024.72,NA,NA,NA,NA,17.22,NA,1,NA
1875-08-08 21:00:00,16.67,NA,NA,135,NA,1026.75,NA,NA,NA,NA,13.89,NA,1,",hz"
1875-08-09,NA,NA,NA,NA,NA,NA,5.59,"8:00 am","night",NA,NA,12.89,NA,"r"
1875-08-09 07:00:00,16.11,NA,NA,225,NA,1024.04,NA,NA,NA,NA,12.5,NA,0,",ra"
1875-08-09 14:00:00,16.67,NA,NA,135,NA,1023.03,NA,NA,NA,NA,13.61,NA,1,",ra"
1875-08-09 21:00:00,16.11,NA,NA,135,NA,1020.66,NA,NA,NA,NA,12.78,NA,1,",ra"
1875-08-10,NA,NA,NA,NA,NA,NA,0.23,"night",NA,NA,NA,16.39,NA,"r"
1875-08-10 07:00:00,17.22,NA,NA,225,NA,1012.53,NA,NA,NA,NA,16.67,NA,1,",hz"
1875-08-10 14:00:00,21.11,NA,NA,225,NA,1013.55,NA,NA,NA,NA,21.11,NA,5,",hz"
1875-08-10 21:00:00,17.22,NA,NA,135,NA,1013.88,NA,NA,NA,NA,13.89,NA,1,",hz"
1875-08-11,NA,NA,NA,NA,NA,NA,NA,NA,NA,NA,NA,12.17,NA,NA
1875-08-11 07:00:00,16.11,NA,NA,45,NA,1019.3,NA,NA,NA,NA,12.22,NA,5,NA
1875-08-11 14:00:00,16.67,NA,NA,90,NA,1022.35,NA,NA,NA,NA,14.17,NA,2,",hz"
1875-08-11 21:00:00,15,NA,NA,90,NA,1025.06,NA,NA,NA,NA,11.11,NA,1,",hz"
1875-08-12,NA,NA,NA,NA,NA,NA,0.25,"12:00 pm","night",NA,NA,14.17,NA,NA
1875-08-12 07:00:00,15,NA,NA,135,NA,1026.75,NA,NA,NA,NA,12.22,NA,1,",hz"
1875-08-12 14:00:00,20,NA,NA,225,NA,1025.4,NA,NA,NA,NA,15.56,NA,1,",hz"
1875-08-12 21:00:00,15.56,NA,NA,225,NA,1025.4,NA,NA,NA,NA,14.44,NA,2,",hz"
1875-08-13,NA,NA,NA,NA,NA,NA,5.59,"8:30 pm","night",NA,NA,15.94,NA,"r"
1875-08-13 07:00:00,16.67,NA,NA,225,NA,1023.37,NA,NA,NA,NA,17.22,NA,2,NA
1875-08-13 14:00:00,18.89,NA,NA,225,NA,1019.64,NA,NA,NA,NA,18.89,NA,2,NA
1875-08-13 21:00:00,17.22,NA,NA,135,NA,1018.96,NA,NA,NA,NA,13.89,NA,1,",ra"
1875-08-14,NA,NA,NA,NA,NA,NA,NA,NA,NA,NA,NA,10.28,NA,NA
1875-08-14 07:00:00,13.89,NA,NA,135,NA,1021,NA,NA,NA,NA,8.89,NA,5,NA
1875-08-14 14:00:00,13.33,NA,NA,135,NA,1021,NA,NA,NA,NA,12.22,NA,2,NA
1875-08-14 21:00:00,13.89,NA,NA,NA,NA,1021.33,NA,NA,NA,NA,10,NA,0,NA
1875-08-15,NA,NA,NA,NA,NA,NA,NA,NA,NA,NA,NA,11.22,NA,NA
1875-08-15 07:00:00,12.78,NA,NA,135,NA,1018.63,NA,NA,NA,NA,10,NA,2,NA
1875-08-15 14:00:00,13.33,135,1,135,NA,1018.63,NA,NA,NA,NA,13.89,NA,2,NA
1875-08-15 21:00:00,13.61,NA,NA,135,NA,1019.98,NA,NA,NA,NA,10.56,NA,1,NA
1875-08-16,NA,NA,NA,NA,NA,NA,0.51,"3:00pm","night",NA,NA,13.33,NA,NA
1875-08-16 07:00:00,13.89,NA,NA,135,NA,1020.32,NA,NA,NA,NA,12.22,NA,1,",hz"
1875-08-16 14:00:00,15,NA,NA,135,NA,1019.3,NA,NA,NA,NA,15.56,NA,1,",hz"
1875-08-16 21:00:00,15,NA,NA,135,NA,1019.3,NA,NA,NA,NA,12.78,NA,1,",hz"
1875-08-17,NA,NA,NA,NA,NA,NA,0.23,NA,NA,NA,NA,14.78,NA,"misty rain"
1875-08-17 07:00:00,15,NA,NA,90,NA,1019.3,NA,NA,NA,NA,13.89,NA,1,",hz"
1875-08-17 14:00:00,17.22,NA,NA,45,NA,1019.98,NA,NA,NA,NA,17.5,NA,2,",hz"
1875-08-17 21:00:00,17.22,NA,NA,45,NA,1020.66,NA,NA,NA,NA,13.89,NA,1,",fg"
1875-08-18,NA,NA,NA,NA,NA,NA,NA,NA,NA,NA,NA,17.06,NA,NA
1875-08-18 07:00:00,16.11,270,2,225,NA,1022.01,NA,NA,NA,NA,15,NA,1,NA
1875-08-18 14:00:00,22.22,NA,NA,225,NA,1022.01,NA,NA,NA,NA,21.11,NA,1,NA
1875-08-18 21:00:00,18.33,NA,NA,225,NA,1022.01,NA,NA,NA,NA,16.11,NA,1,NA
1875-08-19,NA,NA,NA,NA,NA,NA,22.35,NA,"5:45 am",NA,NA,18.83,NA,"misty rain"
1875-08-19 07:00:00,16.67,NA,NA,225,NA,1022.01,NA,NA,NA,NA,16.11,NA,5,",hz"
1875-08-19 14:00:00,20,NA,NA,225,NA,1021,NA,NA,NA,NA,20.28,NA,2,",hz"
1875-08-19 21:00:00,20.56,NA,NA,135,NA,1015.58,NA,NA,NA,NA,19.44,NA,2,",ra"
1875-08-20,NA,NA,NA,NA,NA,NA,NA,NA,NA,NA,NA,20.89,NA,NA
1875-08-20 07:00:00,20.56,225,1,225,NA,1016.59,NA,NA,NA,NA,20.28,NA,5,NA
1875-08-20 14:00:00,25,225,2,225,NA,1018.96,NA,NA,NA,NA,24.44,NA,5,NA
1875-08-20 21:00:00,23.33,NA,NA,225,NA,1021.33,NA,NA,NA,NA,21.11,NA,1,NA
1875-08-21,NA,NA,NA,NA,NA,NA,NA,NA,NA,NA,NA,21.5,NA,NA
1875-08-21 07:00:00,21.11,NA,NA,225,NA,1023.03,NA,NA,NA,NA,19.44,NA,2,",fg"
1875-08-21 14:00:00,25,225,3,225,NA,1024.04,NA,NA,NA,NA,23.89,NA,11,NA
1875-08-21 21:00:00,23.33,NA,NA,225,NA,1024.04,NA,NA,NA,NA,21.39,NA,1,",hz"
1875-08-22,NA,NA,NA,NA,NA,NA,NA,NA,NA,NA,NA,22.22,NA,NA
1875-08-22 07:00:00,21.67,225,1,225,NA,1025.06,NA,NA,NA,NA,21.11,NA,2,NA
1875-08-22 14:00:00,26.11,225,1,225,NA,1025.06,NA,NA,NA,NA,24.44,NA,2,NA
1875-08-22 21:00:00,23.33,NA,NA,225,NA,1024.04,NA,NA,NA,NA,21.67,NA,1,",hz"
1875-08-23,NA,NA,NA,NA,NA,NA,0.23,"7:00 am",NA,NA,NA,16.94,NA,NA
1875-08-23 07:00:00,20,NA,NA,225,NA,1020.32,NA,NA,NA,NA,17.78,NA,5,",hz"
1875-08-23 14:00:00,22.22,NA,NA,225,NA,1018.29,NA,NA,NA,NA,21.11,NA,11,NA
1875-08-23 21:00:00,18.33,NA,NA,225,NA,1020.66,NA,NA,NA,NA,14.44,NA,1,NA
1875-08-24,NA,NA,NA,NA,NA,NA,NA,NA,NA,NA,NA,16.5,NA,NA
1875-08-24 07:00:00,16.67,NA,NA,225,NA,1025.4,NA,NA,NA,NA,16.67,NA,2,NA
1875-08-24 14:00:00,21.67,NA,NA,225,NA,1025.74,NA,NA,NA,NA,20.56,NA,5,NA
1875-08-24 21:00:00,25.56,NA,NA,225,NA,1025.74,NA,NA,NA,NA,14.44,NA,1,NA
1875-08-25,NA,NA,NA,NA,NA,NA,NA,NA,NA,NA,NA,16.11,NA,NA
1875-08-25 07:00:00,16.67,NA,NA,135,NA,1028.45,NA,NA,NA,NA,15.56,NA,1,NA
1875-08-25 14:00:00,22.22,NA,NA,135,NA,1028.78,NA,NA,NA,NA,17.78,NA,1,NA
1875-08-25 21:00:00,17.78,NA,NA,225,NA,1027.77,NA,NA,NA,NA,15.56,NA,1,",hz"
1875-08-26,NA,NA,NA,NA,NA,NA,NA,NA,NA,NA,NA,18.44,NA,NA
1875-08-26 07:00:00,17.22,NA,NA,225,NA,1022.01,NA,NA,NA,NA,16.67,NA,1,NA
1875-08-26 14:00:00,22.78,NA,NA,225,NA,1020.66,NA,NA,NA,NA,21.67,NA,5,NA
1875-08-26 21:00:00,20,NA,NA,225,NA,1019.98,NA,NA,NA,NA,17.78,NA,5,NA
1875-08-27,NA,NA,NA,NA,NA,NA,NA,NA,NA,NA,NA,19.61,NA,NA
1875-08-27 07:00:00,19.44,NA,NA,180,NA,1018.96,NA,NA,NA,NA,18.89,NA,1,NA
1875-08-27 14:00:00,25,NA,NA,180,NA,1019.3,NA,NA,NA,NA,23.89,NA,1,NA
1875-08-27 21:00:00,21.67,NA,NA,45,NA,1019.64,NA,NA,NA,NA,17.78,NA,1,NA
1875-08-28,NA,NA,NA,NA,NA,NA,5.59,"night",NA,NA,NA,20.94,NA,NA
1875-08-28 07:00:00,19.44,NA,NA,225,NA,1018.63,NA,NA,NA,NA,18.89,NA,1,NA
1875-08-28 14:00:00,25.56,NA,NA,225,NA,1013.21,NA,NA,NA,NA,21.67,NA,5,NA
1875-08-28 21:00:00,22.22,NA,NA,225,NA,1012.19,NA,NA,NA,NA,20,NA,5,NA
1875-08-29,NA,NA,NA,NA,NA,NA,1.02,"8:00 am","9:00 am",NA,NA,8.83,NA,"r"
1875-08-29 07:00:00,18.89,NA,NA,45,NA,1008.47,NA,NA,NA,NA,10.83,NA,11,",ra"
1875-08-29 14:00:00,16.67,NA,NA,45,NA,1010.5,NA,NA,NA,NA,8.89,NA,11,",hz"
1875-08-29 21:00:00,12.78,NA,NA,45,NA,1013.88,NA,NA,NA,NA,7.78,NA,1,NA
1875-08-30,NA,NA,NA,NA,NA,NA,NA,NA,NA,NA,NA,12.83,NA,"empty"
1875-08-30 07:00:00,12.78,NA,NA,315,NA,1013.55,NA,NA,NA,NA,10.56,NA,5,NA
1875-08-30 14:00:00,18.89,270,3,270,NA,1010.84,NA,NA,NA,NA,16.39,NA,11,NA
1875-08-30 21:00:00,15.56,NA,NA,270,NA,1010.84,NA,NA,NA,NA,12.22,NA,5,NA
1875-08-31,NA,NA,NA,NA,NA,NA,NA,NA,NA,NA,NA,NA,NA,"empty"
1875-08-31 07:00:00,15,NA,NA,270,NA,1010.84,NA,NA,NA,NA,15,NA,2,NA
1875-08-31 14:00:00,NA,NA,NA,NA,NA,NA,NA,NA,NA,NA,NA,NA,NA,NA
1875-08-31 21:00:00,NA,NA,NA,NA,NA,NA,NA,NA,NA,NA,NA,NA,NA,NA
1875-09-01,NA,NA,NA,NA,NA,NA,NA,NA,NA,NA,NA,17.22,NA,NA
1875-09-01 07:00:00,16.11,NA,NA,270,NA,1021.67,NA,NA,NA,NA,17.78,NA,1,NA
1875-09-01 14:00:00,23.33,NA,NA,270,NA,1022.69,NA,NA,NA,NA,21.11,NA,2,NA
1875-09-01 21:00:00,19.44,NA,NA,270,NA,1023.03,NA,NA,NA,NA,15,NA,1,NA
1875-09-02,NA,NA,NA,NA,NA,NA,NA,NA,NA,NA,NA,16.72,NA,NA
1875-09-02 07:00:00,16.67,NA,NA,225,NA,1020.66,NA,NA,NA,NA,15,NA,2,",hz"
1875-09-02 14:00:00,21.67,NA,NA,225,NA,1019.64,NA,NA,NA,NA,20.28,NA,16,NA
1875-09-02 21:00:00,21.11,NA,NA,225,NA,1018.63,NA,NA,NA,NA,15.83,NA,2,NA
1875-09-03,NA,NA,NA,NA,NA,NA,1.27,"10:00 am","night",NA,NA,17.33,NA,"r"
1875-09-03 07:00:00,18.89,NA,NA,225,NA,1012.53,NA,NA,NA,NA,17.22,NA,1,",fg"
1875-09-03 14:00:00,21.39,NA,NA,225,NA,1010.16,NA,NA,NA,NA,21.11,NA,11,",fg"
1875-09-03 21:00:00,19.44,NA,NA,45,NA,1011.85,NA,NA,NA,NA,15.56,NA,11,",ra"
1875-09-04,NA,NA,NA,NA,NA,NA,NA,NA,NA,NA,NA,12.5,NA,NA
1875-09-04 07:00:00,17.22,NA,NA,45,NA,1015.58,NA,NA,NA,NA,11.67,NA,2,",fg"
1875-09-04 14:00:00,20.56,45,1,45,NA,1016.93,NA,NA,NA,NA,15,NA,5,NA
1875-09-04 21:00:00,16.67,NA,NA,135,NA,1018.63,NA,NA,NA,NA,11.67,NA,1,",hz"
1875-09-05,NA,NA,NA,NA,NA,NA,34.04,"5:00 pm","night",NA,NA,15.5,NA,"r"
1875-09-05 07:00:00,16.11,NA,NA,135,NA,1017.61,NA,NA,NA,NA,14.44,NA,1,NA
1875-09-05 14:00:00,17.22,NA,NA,135,NA,1016.93,NA,NA,NA,NA,16.39,NA,5,NA
1875-09-05 21:00:00,16.67,NA,NA,135,NA,1017.27,NA,NA,NA,NA,11.11,NA,2,",ra"
1875-09-06,NA,NA,NA,NA,NA,NA,NA,NA,NA,NA,NA,15.06,NA,NA
1875-09-06 07:00:00,15.56,NA,NA,45,NA,1008.13,NA,NA,NA,NA,13.61,NA,1,",hz"
1875-09-06 14:00:00,20,NA,NA,225,NA,1008.13,NA,NA,NA,NA,18.33,NA,1,",hz"
1875-09-06 21:00:00,18.33,NA,NA,225,NA,1010.84,NA,NA,NA,NA,14.17,NA,1,NA
1875-09-07,NA,NA,NA,NA,NA,NA,NA,NA,NA,NA,NA,17.78,NA,NA
1875-09-07 07:00:00,17.78,225,1,225,NA,1011.85,NA,NA,NA,NA,16.11,NA,1,NA
1875-09-07 14:00:00,22.78,225,2,225,NA,1009.14,NA,NA,NA,NA,20.56,NA,2,NA
1875-09-07 21:00:00,20,NA,NA,NA,NA,1011.18,NA,NA,NA,NA,17.22,NA,0,",hz"
1875-09-08,NA,NA,NA,NA,NA,NA,NA,NA,NA,NA,NA,16.39,NA,NA
1875-09-08 07:00:00,17.78,NA,NA,225,NA,1010.5,NA,NA,NA,NA,15.83,NA,1,",hz"
1875-09-08 14:00:00,22.78,225,2,225,NA,1010.84,NA,NA,NA,NA,19.72,NA,5,NA
1875-09-08 21:00:00,17.78,NA,NA,270,NA,1014.22,NA,NA,NA,NA,15,NA,2,NA
1875-09-09,NA,NA,NA,NA,NA,NA,0.76,"12:00 pm","night",NA,NA,12.89,NA,NA
1875-09-09 07:00:00,16.67,270,1,270,NA,1015.24,NA,NA,NA,NA,14.44,NA,1,NA
1875-09-09 14:00:00,17.78,NA,NA,45,NA,1013.88,NA,NA,NA,NA,15,NA,1,NA
1875-09-09 21:00:00,15.56,NA,NA,45,NA,1015.92,NA,NA,NA,NA,11.11,NA,5,",hz"
1875-09-10,NA,NA,NA,NA,NA,NA,7.37,"10:00 pm","night",NA,NA,14.72,NA,"empty"
1875-09-10 07:00:00,15,225,1,225,NA,1015.24,NA,NA,NA,NA,11.11,NA,1,NA
1875-09-10 14:00:00,15.56,225,1,225,NA,1007.11,NA,NA,NA,NA,15,NA,5,NA
1875-09-10 21:00:00,17.78,NA,5,225,"225",998.98,NA,NA,NA,NA,16.39,NA,20,NA
1875-09-11,NA,NA,NA,NA,NA,NA,NA,NA,NA,NA,NA,10.83,NA,NA
1875-09-11 07:00:00,16.11,NA,NA,270,NA,1003.73,NA,NA,NA,NA,12.78,NA,5,",hz"
1875-09-11 14:00:00,17.78,270,2,270,NA,1007.11,NA,NA,NA,NA,13.89,NA,11,NA
1875-09-11 21:00:00,12.78,NA,1,315,"315",1015.58,NA,NA,NA,NA,8.33,NA,2,NA
1875-09-12,NA,NA,NA,NA,NA,NA,NA,NA,NA,NA,NA,7.5,NA,NA
1875-09-12 07:00:00,12.22,0,2,0,NA,1026.41,NA,NA,NA,NA,7.22,NA,5,NA
1875-09-12 14:00:00,13.89,0,2,0,NA,1029.46,NA,NA,NA,NA,10.56,NA,2,NA
1875-09-12 21:00:00,11.11,NA,NA,NA,NA,1032.85,NA,NA,NA,NA,6.11,NA,0,NA
1875-09-13,NA,NA,NA,NA,NA,NA,NA,NA,NA,NA,NA,12.17,NA,"halo"
1875-09-13 07:00:00,11.67,225,1,225,NA,1033.53,NA,NA,NA,NA,9.17,NA,5,NA
1875-09-13 14:00:00,17.22,NA,NA,225,NA,1032.17,NA,NA,NA,NA,15,NA,11,NA
1875-09-13 21:00:00,15,NA,NA,225,NA,1030.82,NA,NA,NA,NA,12.22,NA,2,",hz"
1875-09-14,NA,NA,NA,NA,NA,NA,6.6,"10:30 am","3:00 pm",NA,NA,11.67,NA,"r"
1875-09-14 07:00:00,13.89,NA,NA,NA,NA,1027.77,NA,NA,NA,NA,12.22,NA,0,",hz"
1875-09-14 14:00:00,16.11,NA,NA,NA,NA,1024.04,NA,NA,NA,NA,14.44,NA,0,",ra"
1875-09-14 21:00:00,13.89,NA,NA,NA,NA,1024.04,NA,NA,NA,NA,10,NA,0,NA
1875-09-15,NA,NA,NA,NA,NA,NA,1.78,"night",NA,NA,NA,12.5,NA,NA
1875-09-15 07:00:00,13.33,NA,NA,270,NA,1023.37,NA,NA,NA,NA,11.67,NA,1,",hz"
1875-09-15 14:00:00,17.22,135,1,135,NA,1023.71,NA,NA,NA,NA,15.56,NA,1,NA
1875-09-15 21:00:00,16.11,NA,1,225,"180",1023.71,NA,NA,NA,NA,11.39,NA,1,NA
1875-09-16,NA,NA,NA,NA,NA,NA,8.89,"8:00 am","night",NA,NA,12.89,NA,NA
1875-09-16 07:00:00,13.33,NA,NA,135,NA,1019.3,NA,NA,NA,NA,11.11,NA,1,",fg"
1875-09-16 14:00:00,16.67,NA,NA,135,NA,1016.59,NA,NA,NA,NA,15.56,NA,1,",fg"
1875-09-16 21:00:00,15.56,NA,NA,45,NA,1016.26,NA,NA,NA,NA,12.5,NA,5,",fg"
1875-09-17,NA,NA,NA,NA,NA,NA,21.59,"8:00 am","8:00 pm",NA,NA,12.22,NA,"r"
1875-09-17 07:00:00,15.56,NA,NA,45,NA,1011.18,NA,NA,NA,NA,12.78,NA,5,",ra"
1875-09-17 14:00:00,15.56,NA,NA,45,NA,1009.14,NA,NA,NA,NA,12.78,NA,5,",ra"
1875-09-17 21:00:00,19.44,NA,NA,45,NA,1008.47,NA,NA,NA,NA,11.67,NA,11,",ra"
1875-09-18,NA,NA,NA,NA,NA,NA,0.25,"continuous light shower",NA,NA,NA,12.28,NA,"light rain shower"
1875-09-18 07:00:00,15.56,NA,NA,135,NA,1003.39,NA,NA,NA,NA,11.39,NA,5,",ra"
1875-09-18 14:00:00,15,NA,NA,90,NA,996.95,NA,NA,NA,NA,12.78,NA,1,",ra"
1875-09-18 21:00:00,15,NA,NA,90,NA,993.91,NA,NA,NA,NA,12.5,NA,1,",hz"
1875-09-19,NA,NA,NA,NA,NA,NA,NA,NA,NA,NA,NA,10.39,NA,NA
1875-09-19 07:00:00,13.89,NA,NA,270,NA,991.2,NA,NA,NA,NA,10.56,NA,2,",ra"
1875-09-19 14:00:00,16.11,270,2,270,NA,992.89,NA,NA,NA,NA,12.22,NA,5,NA
1875-09-19 21:00:00,13.89,NA,NA,315,NA,997.97,NA,NA,NA,NA,9.44,NA,2,",hz"
1875-09-20,NA,NA,NA,NA,NA,NA,NA,NA,NA,NA,NA,9.72,NA,NA
1875-09-20 07:00:00,12.22,45,2,45,NA,1002.03,NA,NA,NA,NA,8.89,NA,2,NA
1875-09-20 14:00:00,13.89,NA,NA,45,NA,1004.74,NA,NA,NA,NA,13.33,NA,5,",hz"
1875-09-20 21:00:00,12.22,NA,NA,NA,NA,1009.48,NA,NA,NA,NA,8.33,NA,0,",hz"
1875-09-21,NA,NA,NA,NA,NA,NA,5.08,NA,NA,NA,NA,9.83,NA,"rain shower"
1875-09-21 07:00:00,11.67,225,1,180,NA,1012.53,NA,NA,NA,NA,8.33,NA,1,NA
1875-09-21 14:00:00,13.33,NA,NA,90,NA,1011.85,NA,NA,NA,NA,12.22,NA,1,",hz"
1875-09-21 21:00:00,14.44,NA,NA,225,NA,1015.58,NA,NA,NA,NA,9.44,NA,1,NA
1875-09-22,NA,NA,NA,NA,NA,NA,NA,NA,NA,NA,NA,11.67,NA,NA
1875-09-22 07:00:00,13.89,225,1,225,NA,1017.27,NA,NA,NA,NA,10,NA,1,NA
1875-09-22 14:00:00,16.11,270,1,180,NA,1017.61,NA,NA,NA,NA,14.44,NA,1,NA
1875-09-22 21:00:00,14.44,NA,NA,NA,NA,1017.61,NA,NA,NA,NA,11.11,NA,0,NA
1875-09-23,NA,NA,NA,NA,NA,NA,NA,NA,NA,NA,NA,11.94,NA,NA
1875-09-23 07:00:00,12.22,NA,NA,225,NA,1017.27,NA,NA,NA,NA,10,NA,1,",fg"
1875-09-23 14:00:00,17.78,270,2,270,NA,1017.27,NA,NA,NA,NA,14.44,NA,5,NA
1875-09-23 21:00:00,17.78,NA,NA,270,NA,1016.93,NA,NA,NA,NA,11.67,NA,2,NA
1875-09-24,NA,NA,NA,NA,NA,NA,NA,NA,NA,NA,NA,10.61,NA,NA
1875-09-24 07:00:00,12.78,225,1,225,NA,1016.93,NA,NA,NA,NA,8.06,NA,1,NA
1875-09-24 14:00:00,13.89,270,2,225,NA,1015.92,NA,NA,NA,NA,13.33,NA,5,NA
1875-09-24 21:00:00,13.89,NA,NA,225,NA,1016.26,NA,NA,NA,NA,10.56,NA,1,NA
1875-09-25,NA,NA,NA,NA,NA,NA,3.05,"3:15 pm","night",NA,NA,13.39,NA,NA
1875-09-25 07:00:00,13.89,NA,NA,225,NA,1017.61,NA,NA,NA,NA,11.67,NA,5,NA
1875-09-25 14:00:00,19.44,NA,NA,225,NA,1018.29,NA,NA,NA,NA,16.39,NA,11,NA
1875-09-25 21:00:00,17.78,NA,NA,225,NA,1019.3,NA,NA,NA,NA,12.78,NA,5,NA
1875-09-26,NA,NA,NA,NA,NA,NA,3.81,"8:00 am","empty",NA,NA,13.06,NA,"rain shower"
1875-09-26 07:00:00,16.11,NA,NA,225,NA,1016.93,NA,NA,NA,NA,12.78,NA,5,NA
1875-09-26 14:00:00,18.89,NA,NA,180,NA,1010.84,NA,NA,NA,NA,16.11,NA,1,",fg"
1875-09-26 21:00:00,15.56,NA,NA,45,NA,1006.43,NA,NA,NA,NA,11.67,NA,1,",ra"
1875-09-27,NA,NA,NA,NA,NA,NA,5.84,"8:15 am","night",NA,NA,10.28,NA,NA
1875-09-27 07:00:00,14.44,NA,NA,135,NA,994.92,NA,NA,NA,NA,12.5,NA,2,",fg"
1875-09-27 14:00:00,15,225,6,225,NA,987.13,NA,NA,NA,NA,10.83,NA,27,NA
1875-09-27 21:00:00,11.67,NA,NA,225,NA,995.6,NA,NA,NA,NA,8.89,NA,20,NA
1875-09-28,NA,NA,NA,NA,NA,NA,NA,NA,NA,NA,NA,8.17,NA,NA
1875-09-28 07:00:00,11.11,NA,NA,225,NA,1004.74,NA,NA,NA,NA,10,NA,11,",ra"
1875-09-28 14:00:00,11.67,NA,NA,225,NA,1003.39,NA,NA,NA,NA,10.56,NA,2,",hz"
1875-09-28 21:00:00,10.56,NA,NA,270,NA,1008.13,NA,NA,NA,NA,6.11,NA,2,NA
1875-09-29,NA,NA,NA,NA,NA,NA,NA,NA,NA,NA,NA,5.94,NA,NA
1875-09-29 07:00:00,8.33,315,3,315,NA,1012.19,NA,NA,NA,NA,5,NA,5,NA
1875-09-29 14:00:00,13.89,315,3,315,NA,1013.88,NA,NA,NA,NA,8.89,NA,11,NA
1875-09-29 21:00:00,8.33,NA,NA,315,NA,1017.27,NA,NA,NA,NA,5,NA,5,NA
1875-09-30,NA,NA,NA,NA,NA,NA,NA,NA,NA,NA,NA,6.22,NA,NA
1875-09-30 07:00:00,10.56,NA,NA,225,NA,1020.32,NA,NA,NA,NA,5,NA,5,NA
1875-09-30 14:00:00,12.78,270,2,225,NA,1020.66,NA,NA,NA,NA,10,NA,5,NA
1875-09-30 21:00:00,8.33,NA,NA,270,NA,1020.66,NA,NA,NA,NA,5,NA,2,NA
1875-10-01,NA,NA,NA,NA,NA,NA,0.25,"6:00 pm","night",NA,NA,14,NA,NA
1875-10-01 07:00:00,11.67,NA,NA,180,NA,1012.19,NA,NA,NA,NA,10.56,NA,5,",hz"
1875-10-01 14:00:00,20,NA,NA,180,NA,1008.47,NA,NA,NA,NA,17.22,NA,1,NA
1875-10-01 21:00:00,16.67,NA,NA,225,NA,1013.88,NA,NA,NA,NA,14.17,NA,2,",hz"
1875-10-02,NA,NA,NA,NA,NA,NA,0.51,"8:00 am",NA,NA,NA,14.17,NA,"r"
1875-10-02 07:00:00,15.56,NA,NA,225,NA,1009.14,NA,NA,NA,NA,14.44,NA,2,",fg"
1875-10-02 14:00:00,15.56,NA,NA,225,NA,999.32,NA,NA,NA,NA,17.22,NA,16,",ra"
1875-10-02 21:00:00,16.11,NA,NA,225,NA,1001.69,NA,NA,NA,NA,12.5,NA,16,",hz"
1875-10-03,NA,NA,NA,NA,NA,NA,0.25,NA,NA,NA,NA,5.78,NA,"misty rain"
1875-10-03 07:00:00,12.22,NA,NA,315,NA,1009.82,NA,NA,NA,NA,8.61,NA,11,",hz"
1875-10-03 14:00:00,13.33,315,3,315,NA,1015.92,NA,NA,NA,NA,7.78,NA,11,NA
1875-10-03 21:00:00,10,NA,NA,315,NA,1024.04,NA,NA,NA,NA,3.33,NA,1,NA
1875-10-04,NA,NA,NA,NA,NA,NA,NA,NA,NA,NA,NA,8.33,NA,NA
1875-10-04 07:00:00,8.33,NA,NA,225,NA,1028.78,NA,NA,NA,NA,3.33,NA,1,NA
1875-10-04 14:00:00,10.56,NA,NA,225,NA,1025.06,NA,NA,NA,NA,9.44,NA,11,NA
1875-10-04 21:00:00,12.78,NA,NA,225,NA,1022.35,NA,NA,NA,NA,10.28,NA,11,NA
1875-10-05,NA,NA,NA,NA,NA,NA,5.33,"7:45 am","empty",NA,NA,12.44,NA,"rain showers"
1875-10-05 07:00:00,12.78,NA,NA,225,NA,1023.03,NA,NA,NA,NA,11.67,NA,2,",ra"
1875-10-05 14:00:00,13.89,NA,NA,225,NA,1023.71,NA,NA,NA,NA,13.06,NA,2,",hz"
1875-10-05 21:00:00,14.17,NA,NA,225,NA,1023.71,NA,NA,NA,NA,12.5,NA,2,",ra"
1875-10-06,NA,NA,NA,NA,NA,NA,0.23,"8:00 am",NA,NA,NA,6.5,NA,"r"
1875-10-06 07:00:00,14.44,NA,NA,225,NA,1021,NA,NA,NA,NA,13.61,NA,1,",ra"
1875-10-06 14:00:00,13.33,NA,NA,45,NA,1026.75,NA,NA,NA,NA,5.83,NA,5,",hz"
1875-10-06 21:00:00,12.78,NA,NA,45,NA,1037.25,NA,NA,NA,NA,3.33,NA,5,NA
1875-10-07,NA,NA,NA,NA,NA,NA,NA,NA,NA,NA,NA,5.83,NA,NA
1875-10-07 07:00:00,10,NA,NA,90,NA,1040.98,NA,NA,NA,NA,4.44,NA,5,NA
1875-10-07 14:00:00,12.22,135,1,135,NA,1041.31,NA,NA,NA,NA,6.67,NA,2,NA
1875-10-07 21:00:00,9.44,NA,NA,135,NA,1037.59,NA,NA,NA,NA,6.11,NA,5,NA
1875-10-08,NA,NA,NA,NA,NA,NA,12.7,"12:00 pm","night",NA,NA,14.44,NA,"r"
1875-10-08 07:00:00,10,NA,NA,135,NA,1021.33,NA,NA,NA,NA,10,NA,2,",hz"
1875-10-08 14:00:00,16.11,NA,NA,225,NA,1012.53,NA,NA,NA,NA,16.67,NA,5,",hz"
1875-10-08 21:00:00,16.67,NA,NA,225,NA,1013.88,NA,NA,NA,NA,15.56,NA,2,",ra"
1875-10-09,NA,NA,NA,NA,NA,NA,10.16,"8:00 am","12:00 pm",NA,NA,9.17,NA,"r"
1875-10-09 07:00:00,13.89,NA,NA,NA,NA,1018.63,NA,NA,NA,NA,10,NA,0,",ra"
1875-10-09 14:00:00,14.44,NA,NA,270,NA,1021,NA,NA,NA,NA,12.22,NA,1,",hz"
1875-10-09 21:00:00,11.11,NA,NA,45,NA,1028.78,NA,NA,NA,NA,7.22,NA,1,",hz"
1875-10-10,NA,NA,NA,NA,NA,NA,4.06,"6:00 pm","night",NA,NA,7.33,NA,NA
1875-10-10 07:00:00,10,NA,NA,135,NA,1034.2,NA,NA,NA,NA,6.67,NA,2,",hz"
1875-10-10 14:00:00,10,NA,NA,135,NA,1031.49,NA,NA,NA,NA,7.22,NA,5,",hz"
1875-10-10 21:00:00,10.56,NA,NA,45,NA,1025.4,NA,NA,NA,NA,7.78,NA,5,",hz"
1875-10-11,NA,NA,NA,NA,NA,NA,NA,NA,NA,NA,NA,13.89,NA,NA
1875-10-11 07:00:00,16.67,225,3,225,NA,1010.5,NA,NA,NA,NA,16.11,NA,20,NA
1875-10-11 14:00:00,19.44,NA,NA,225,NA,1015.92,NA,NA,NA,NA,15.56,NA,5,NA
1875-10-11 21:00:00,15,NA,NA,225,NA,1019.64,NA,NA,NA,NA,11.94,NA,1,",hz"
1875-10-12,NA,NA,NA,NA,NA,NA,8.13,"4:00 pm","night",NA,NA,12.78,NA,"r"
1875-10-12 07:00:00,12.78,NA,NA,NA,NA,1019.64,NA,NA,NA,NA,11.39,NA,0,NA
1875-10-12 14:00:00,12.22,NA,NA,225,NA,1017.27,NA,NA,NA,NA,16.67,NA,1,",fg"
1875-10-12 21:00:00,14.44,NA,NA,135,NA,1012.19,NA,NA,NA,NA,11.67,NA,1,",ra"
1875-10-13,NA,NA,NA,NA,NA,NA,0.76,"12:00 pm","2:00 pm",NA,NA,8.67,NA,"r"
1875-10-13 07:00:00,16.11,NA,NA,225,NA,1005.08,NA,NA,NA,NA,13.61,NA,2,",hz"
1875-10-13 14:00:00,14.44,NA,NA,270,NA,1010.16,NA,NA,NA,NA,10.56,NA,11,",ra"
1875-10-13 21:00:00,11.67,NA,3,315,"315",1020.32,NA,NA,NA,NA,5.28,NA,5,NA
1875-10-14,NA,NA,NA,NA,NA,NA,NA,NA,NA,NA,NA,6.5,NA,NA
1875-10-14 07:00:00,8.89,NA,NA,225,NA,1026.08,NA,NA,NA,NA,4.44,NA,2,NA
1875-10-14 14:00:00,14.44,315,1,315,NA,1027.43,NA,NA,NA,NA,8.33,NA,1,NA
1875-10-14 21:00:00,10,NA,NA,225,NA,1029.8,NA,NA,NA,NA,6.67,NA,1,NA
1875-10-15,NA,NA,NA,NA,NA,NA,NA,NA,NA,NA,NA,6.11,NA,NA
1875-10-15 07:00:00,7.78,NA,NA,NA,NA,1030.14,NA,NA,NA,NA,3.33,NA,0,NA
1875-10-15 14:00:00,13.89,225,1,225,NA,1029.46,NA,NA,NA,NA,9.44,NA,1,NA
1875-10-15 21:00:00,10,NA,NA,270,NA,1029.46,NA,NA,NA,NA,5.83,NA,1,NA
1875-10-16,NA,NA,NA,NA,NA,NA,0.25,"night",NA,NA,NA,12.22,NA,NA
1875-10-16 07:00:00,9.44,NA,NA,135,NA,1024.04,NA,NA,NA,NA,8.33,NA,1,",fg"
1875-10-16 14:00:00,12.78,NA,NA,180,NA,1019.3,NA,NA,NA,NA,12.22,NA,2,",hz"
1875-10-16 21:00:00,14.44,NA,NA,225,NA,1018.29,NA,NA,NA,NA,14.17,NA,5,",hz"
1875-10-17,NA,NA,NA,NA,NA,NA,11.43,"1:30 pm","night",NA,NA,13.72,NA,"r"
1875-10-17 07:00:00,15,270,1,225,NA,1017.61,NA,NA,NA,NA,13.33,NA,1,NA
1875-10-17 14:00:00,17.22,NA,NA,180,NA,1016.59,NA,NA,NA,NA,16.11,NA,1,",ra"
1875-10-17 21:00:00,16.67,NA,NA,225,NA,1011.18,NA,NA,NA,NA,12.78,NA,5,",ra"
1875-10-18,NA,NA,NA,NA,NA,NA,NA,NA,NA,NA,NA,8.67,NA,NA
1875-10-18 07:00:00,11.67,225,3,225,NA,1011.51,NA,NA,NA,NA,9.17,NA,16,NA
1875-10-18 14:00:00,15.56,NA,NA,225,NA,1011.51,NA,NA,NA,NA,11.11,NA,16,NA
1875-10-18 21:00:00,11.11,NA,NA,270,NA,1016.59,NA,NA,NA,NA,7.22,NA,11,NA
1875-10-19,NA,NA,NA,NA,NA,NA,NA,NA,NA,NA,NA,7.89,NA,NA
1875-10-19 07:00:00,10,NA,NA,225,NA,1019.64,NA,NA,NA,NA,6.11,NA,1,NA
1875-10-19 14:00:00,12.78,NA,NA,225,NA,1015.58,NA,NA,NA,NA,11.11,NA,2,NA
1875-10-19 21:00:00,11.67,NA,NA,225,NA,1016.59,NA,NA,NA,NA,7.22,NA,1,",hz"
1875-10-20,NA,NA,NA,NA,NA,NA,2.54,"8:00 am",NA,NA,NA,3.33,NA,NA
1875-10-20 07:00:00,8.33,225,1,225,NA,1019.3,NA,NA,NA,NA,3.89,NA,1,NA
1875-10-20 14:00:00,10,NA,NA,180,NA,1014.9,NA,NA,NA,NA,3.89,NA,1,",fg"
1875-10-20 21:00:00,13.89,NA,NA,NA,NA,1009.82,NA,NA,NA,NA,2.78,NA,0,NA
1875-10-21,NA,NA,NA,NA,NA,NA,10.16,"8:00 am","night",NA,NA,4.83,NA,"r"
1875-10-21 07:00:00,8.33,NA,NA,90,NA,994.24,NA,NA,NA,NA,4.44,NA,1,",ra"
1875-10-21 14:00:00,9.44,NA,NA,90,NA,988.83,NA,NA,NA,NA,7.22,NA,2,NA
1875-10-21 21:00:00,8.89,NA,NA,NA,NA,990.86,NA,NA,NA,NA,3.89,NA,0,",ra"
1875-10-22,NA,NA,NA,NA,NA,NA,NA,NA,NA,NA,NA,0.11,NA,NA
1875-10-22 07:00:00,6.67,225,2,315,NA,997.29,NA,NA,NA,NA,0.83,NA,5,NA
1875-10-22 14:00:00,6.67,315,2,315,NA,996.95,NA,NA,NA,NA,0,NA,5,NA
1875-10-22 21:00:00,5.56,NA,NA,315,NA,997.29,NA,NA,NA,NA,0,NA,5,",hz"
1875-10-23,NA,NA,NA,NA,NA,NA,4.06,"12:00 pm","night",NA,NA,2.5,NA,"s & r"
1875-10-23 07:00:00,2.78,NA,NA,315,NA,988.15,NA,NA,NA,NA,0,NA,11,",sn"
1875-10-23 14:00:00,5.56,NA,NA,315,NA,987.47,NA,NA,NA,NA,3.33,NA,11,",ra"
1875-10-23 21:00:00,5,NA,NA,315,NA,995.6,NA,NA,NA,NA,3.33,NA,11,",ra"
1875-10-24,NA,NA,NA,NA,NA,NA,0.23,NA,NA,NA,NA,4,NA,"light snow"
1875-10-24 07:00:00,5.56,315,3,315,NA,1005.76,NA,NA,NA,NA,3.33,NA,11,NA
1875-10-24 14:00:00,9.44,315,2,315,NA,1008.47,NA,NA,NA,NA,6.11,NA,5,NA
1875-10-24 21:00:00,6.11,NA,NA,NA,NA,1012.87,NA,NA,NA,NA,3.33,NA,0,NA
1875-10-25,NA,NA,NA,NA,NA,NA,NA,NA,NA,NA,NA,4.83,NA,NA
1875-10-25 07:00:00,5,NA,NA,NA,NA,1011.51,NA,NA,NA,NA,1.11,NA,0,NA
1875-10-25 14:00:00,8.89,NA,NA,225,NA,1007.45,NA,NA,NA,NA,7.22,NA,1,NA
1875-10-25 21:00:00,8.33,NA,NA,135,NA,1006.1,NA,NA,NA,NA,5.56,NA,1,",fg"
1875-10-26,NA,NA,NA,NA,NA,NA,2.54,"night",NA,NA,NA,3.33,NA,"r"
1875-10-26 07:00:00,7.22,NA,NA,135,NA,1000.34,NA,NA,NA,NA,5,NA,1,",fg"
1875-10-26 14:00:00,7.78,NA,NA,135,NA,998.31,NA,NA,NA,NA,4.44,NA,1,",ra"
1875-10-26 21:00:00,6.11,NA,NA,45,NA,999.66,NA,NA,NA,NA,2.22,NA,11,",ra"
1875-10-27,NA,NA,NA,NA,NA,NA,0.23,"7:00 am",NA,NA,NA,2.5,NA,"snow & rain"
1875-10-27 07:00:00,5.56,NA,NA,45,NA,1015.24,NA,NA,NA,NA,1.67,NA,11,",sn"
1875-10-27 14:00:00,7.22,NA,NA,45,NA,1015.24,NA,NA,NA,NA,2.78,NA,5,",ra"
1875-10-27 21:00:00,6.67,NA,NA,135,NA,1015.92,NA,NA,NA,NA,2.78,NA,5,",hz"
1875-10-28,NA,NA,NA,NA,NA,NA,NA,"2:30 pm",NA,NA,NA,4.83,NA,"rain"
1875-10-28 07:00:00,6.11,NA,NA,135,NA,1010.5,NA,NA,NA,NA,3.89,NA,1,",hz"
1875-10-28 14:00:00,6.67,NA,NA,135,NA,1005.76,NA,NA,NA,NA,5.56,NA,2,",fg"
1875-10-28 21:00:00,7.78,NA,NA,90,NA,1005.08,NA,NA,NA,NA,5,NA,5,",ra"
1875-10-29,NA,NA,NA,NA,NA,NA,57.15,NA,"8:00 pm",NA,NA,4.5,NA,"r"
1875-10-29 07:00:00,7.22,NA,NA,45,NA,1000,NA,NA,NA,NA,4.17,NA,11,",ra"
1875-10-29 14:00:00,8.33,NA,NA,45,NA,996.95,NA,NA,NA,NA,3.89,NA,11,",ra"
1875-10-29 21:00:00,7.78,NA,NA,45,NA,994.92,NA,NA,NA,NA,5,NA,11,NA
1875-10-30,NA,NA,NA,NA,NA,NA,4.83,"10:00 am","night",NA,NA,4.83,NA,"r"
1875-10-30 07:00:00,7.22,NA,NA,90,NA,1000.34,NA,NA,NA,NA,4.44,NA,5,",hz"
1875-10-30 14:00:00,8.33,NA,NA,45,NA,1002.03,NA,NA,NA,NA,5,NA,11,",fg"
1875-10-30 21:00:00,8.33,NA,NA,45,NA,1007.11,NA,NA,NA,NA,5,NA,11,",fg"
1875-10-31,NA,NA,NA,NA,NA,NA,NA,NA,NA,NA,NA,4.78,NA,NA
1875-10-31 07:00:00,7.78,NA,NA,45,NA,1013.21,NA,NA,NA,NA,4.44,NA,5,",hz"
1875-10-31 14:00:00,8.33,NA,NA,45,NA,1013.55,NA,NA,NA,NA,5.83,NA,5,NA
1875-10-31 21:00:00,8.33,NA,NA,45,NA,1014.22,NA,NA,NA,NA,4.44,NA,5,NA
1875-11-01,NA,NA,NA,NA,NA,NA,5.33,"8 am","night",0,NA,4.44,NA,"rain"
1875-11-01 07:00:00,7.78,NA,NA,45,NA,1010.5,NA,NA,NA,NA,4.44,NA,1,",ra"
1875-11-01 14:00:00,8.33,NA,NA,45,NA,1006.43,NA,NA,NA,NA,4.44,NA,5,",fg"
1875-11-01 21:00:00,7.78,NA,NA,45,NA,1001.36,NA,NA,NA,NA,4.44,NA,11,",ra"
1875-11-02,NA,NA,NA,NA,NA,NA,14.22,"8 am","night",0,NA,3.06,NA,"rain"
1875-11-02 07:00:00,7.78,NA,NA,45,NA,990.18,NA,NA,NA,NA,4.44,NA,20,",ra"
1875-11-02 14:00:00,7.22,NA,NA,45,NA,986.46,NA,NA,NA,NA,3.33,NA,20,",ra"
1875-11-02 21:00:00,6.67,NA,NA,45,NA,987.47,NA,NA,NA,NA,2.22,NA,20,",ra"
1875-11-03,NA,NA,NA,NA,NA,NA,0,"10 am","night",0.51,NA,0.78,NA,"snow"
1875-11-03 07:00:00,5.56,NA,NA,45,NA,986.46,NA,NA,NA,NA,1.67,NA,11,NA
1875-11-03 14:00:00,6.11,NA,NA,45,NA,986.46,NA,NA,NA,NA,1.39,NA,5,NA
1875-11-03 21:00:00,5,NA,NA,NA,NA,988.83,NA,NA,NA,NA,0,NA,0,NA
1875-11-04,NA,NA,NA,NA,NA,NA,0.76,"night","night",0,NA,2.28,NA,"rain"
1875-11-04 07:00:00,5,NA,NA,225,NA,995.94,NA,NA,NA,NA,0.56,NA,1,NA
1875-11-04 14:00:00,5,315,NA,135,NA,998.65,NA,NA,NA,NA,4.17,NA,1,NA
1875-11-04 21:00:00,6.11,NA,NA,225,NA,1004.4,NA,NA,NA,NA,2.22,NA,1,NA
1875-11-05,NA,NA,NA,NA,NA,NA,0,"empty","empty",0,NA,2.06,NA,"empty"
1875-11-05 07:00:00,6.11,NA,NA,NA,NA,1006.43,NA,NA,NA,NA,1.11,NA,0,NA
1875-11-05 14:00:00,6.67,NA,NA,135,NA,1001.36,NA,NA,NA,NA,2.78,NA,1,NA
1875-11-05 21:00:00,6.67,NA,NA,NA,NA,1005.42,NA,NA,NA,NA,2.22,NA,0,NA
1875-11-06,NA,NA,NA,NA,NA,NA,0,"empty","empty",0,NA,1.94,NA,"empty"
1875-11-06 07:00:00,6.67,NA,NA,225,NA,1010.16,NA,NA,NA,NA,2.22,NA,1,NA
1875-11-06 14:00:00,6.67,NA,NA,315,NA,1011.85,NA,NA,NA,NA,3.33,NA,1,NA
1875-11-06 21:00:00,6.11,NA,NA,NA,NA,1008.81,NA,NA,NA,NA,1.11,NA,0,",hz"
1875-11-07,NA,NA,NA,NA,NA,NA,0,"1:30 pm","night",6.35,NA,0.89,NA,"snow"
1875-11-07 07:00:00,5,NA,NA,225,NA,1005.76,NA,NA,NA,NA,0.83,NA,1,NA
1875-11-07 14:00:00,8.33,315,2,225,NA,1004.06,NA,NA,NA,NA,2.78,NA,2,NA
1875-11-07 21:00:00,5.56,NA,NA,270,NA,1000.34,NA,NA,NA,NA,0,NA,1,NA
1875-11-08,NA,NA,NA,NA,NA,NA,0,"10 am","night",0.76,NA,0.83,NA,"snow"
1875-11-08 07:00:00,4.44,NA,NA,NA,NA,990.86,NA,NA,NA,NA,1.11,NA,0,NA
1875-11-08 14:00:00,7.78,0,2,45,NA,997.63,NA,NA,NA,NA,1.67,NA,11,NA
1875-11-08 21:00:00,6.67,NA,1,0,"45",1005.76,NA,NA,NA,NA,0.28,NA,11,NA
1875-11-09,NA,NA,NA,NA,NA,NA,0.25,"2 pm","night",0,NA,3.39,NA,"rain"
1875-11-09 07:00:00,5,NA,NA,45,NA,1012.53,NA,NA,NA,NA,3.33,NA,5,",hz"
1875-11-09 14:00:00,7.22,NA,NA,90,NA,1017.27,NA,NA,NA,NA,5.28,NA,1,",ra"
1875-11-09 21:00:00,6.67,NA,NA,90,NA,1022.69,NA,NA,NA,NA,2.5,NA,2,NA
1875-11-10,NA,NA,NA,NA,NA,NA,0,"night","empty",0.25,NA,0.67,NA,"snow"
1875-11-10 07:00:00,6.67,0,1,0,NA,1024.38,NA,NA,NA,NA,0.56,NA,1,NA
1875-11-10 14:00:00,6.67,NA,NA,45,NA,1023.71,NA,NA,NA,NA,2.22,NA,1,NA
1875-11-10 21:00:00,4.44,NA,NA,0,NA,1024.04,NA,NA,NA,NA,0,NA,1,NA
1875-11-11,NA,NA,NA,NA,NA,NA,0,"7.30 am","night",7.11,NA,1.17,NA,"snow"
1875-11-11 07:00:00,3.89,NA,NA,NA,NA,1023.71,NA,NA,NA,NA,0.28,NA,0,",hz"
1875-11-11 14:00:00,5.56,NA,NA,90,NA,1017.95,NA,NA,NA,NA,2.22,NA,2,NA
1875-11-11 21:00:00,5.56,NA,NA,135,NA,1009.82,NA,NA,NA,NA,1.11,NA,11,",sn"
1875-11-12,NA,NA,NA,NA,NA,NA,4.06,"1 pm","night",0,NA,4.56,NA,"rain"
1875-11-12 07:00:00,5.56,NA,NA,135,NA,990.18,NA,NA,NA,NA,3.33,NA,1,NA
1875-11-12 14:00:00,7.78,NA,NA,270,NA,986.79,NA,NA,NA,NA,6.11,NA,1,",ra"
1875-11-12 21:00:00,6.67,NA,NA,315,NA,987.47,NA,NA,NA,NA,4.44,NA,2,",ra"
1875-11-13,NA,NA,NA,NA,NA,NA,0.23,"7:30 pm","empty",0,NA,3.61,NA,"rain"
1875-11-13 07:00:00,6.67,NA,NA,45,NA,987.47,NA,NA,NA,NA,3.33,NA,5,NA
1875-11-13 14:00:00,9.44,NA,NA,270,NA,989.84,NA,NA,NA,NA,5,NA,5,NA
1875-11-13 21:00:00,7.22,NA,NA,270,NA,995.94,NA,NA,NA,NA,3.06,NA,5,NA
1875-11-14,NA,NA,NA,NA,NA,NA,0,"empty","empty",0,NA,1.22,NA,"empty"
1875-11-14 07:00:00,5.56,NA,NA,270,NA,997.63,NA,NA,NA,NA,2.5,NA,5,NA
1875-11-14 14:00:00,9.44,270,2,270,NA,998.65,NA,NA,NA,NA,3.06,NA,11,NA
1875-11-14 21:00:00,4.44,NA,2,270,"270",1003.39,NA,NA,NA,NA,-0.28,NA,11,NA
1875-11-15,NA,NA,NA,NA,NA,NA,0,"empty","empty",0,NA,-2.11,NA,"empty"
1875-11-15 07:00:00,1.67,NA,NA,270,NA,1006.77,NA,NA,NA,NA,-0.83,NA,2,NA
1875-11-15 14:00:00,5.56,NA,NA,225,NA,1006.77,NA,NA,NA,NA,1.11,NA,1,NA
1875-11-15 21:00:00,2.22,NA,NA,NA,NA,1007.11,NA,NA,NA,NA,-4.44,NA,0,NA
1875-11-16,NA,NA,NA,NA,NA,NA,0,"empty","empty",0,NA,-2.44,NA,"empty"
1875-11-16 07:00:00,2.22,NA,NA,90,NA,1003.73,NA,NA,NA,NA,-1.11,NA,1,",hz"
1875-11-16 14:00:00,2.78,NA,NA,45,NA,1004.06,NA,NA,NA,NA,0.28,NA,1,",rn +sn +ip"
1875-11-16 21:00:00,1.67,NA,NA,270,NA,1006.77,NA,NA,NA,NA,-4.44,NA,1,NA
1875-11-17,NA,NA,NA,NA,NA,NA,0,"10 am","2 pm",3.3,NA,0.06,NA,"snow"
1875-11-17 07:00:00,2.22,NA,NA,225,NA,998.98,NA,NA,NA,NA,-3.06,NA,1,",hz"
1875-11-17 14:00:00,3.06,NA,NA,135,NA,981.04,NA,NA,NA,NA,0.56,NA,16,",rn +sn +ip"
1875-11-17 21:00:00,1.39,NA,NA,225,NA,980.7,NA,NA,NA,NA,1.39,NA,11,NA
1875-11-18,NA,NA,NA,NA,NA,NA,0,"night","empty",0.25,NA,1.94,NA,"snow"
1875-11-18 07:00:00,6.11,NA,NA,225,NA,978.67,NA,NA,NA,NA,0.56,NA,5,NA
1875-11-18 14:00:00,5,NA,NA,225,NA,978.67,NA,NA,NA,NA,2.78,NA,11,",fg"
1875-11-18 21:00:00,3.33,NA,NA,225,NA,986.46,NA,NA,NA,NA,2.22,NA,11,",sn"
1875-11-19,NA,NA,NA,NA,NA,NA,0,"night","night",8.13,NA,0.94,NA,"snow"
1875-11-19 07:00:00,3.33,NA,NA,225,NA,998.98,NA,NA,NA,NA,0.56,NA,5,NA
1875-11-19 14:00:00,3.89,270,2,225,NA,1001.36,NA,NA,NA,NA,2.22,NA,11,NA
1875-11-19 21:00:00,5.56,NA,NA,225,NA,1007.79,NA,NA,NA,NA,0.56,NA,2,NA
1875-11-20,NA,NA,NA,NA,NA,NA,0.25,"empty","empty",0,NA,1.72,NA,"rain"
1875-11-20 07:00:00,6.11,NA,NA,225,NA,995.26,NA,NA,NA,NA,2.5,NA,5,NA
1875-11-20 14:00:00,7.22,NA,NA,225,NA,1001.36,NA,NA,NA,NA,3.89,NA,1,NA
1875-11-20 21:00:00,3.33,NA,NA,225,NA,1007.79,NA,NA,NA,NA,0.28,NA,1,NA
1875-11-21,NA,NA,NA,NA,NA,NA,0,"8 am","empty",0.23,NA,-1,NA,"snow"
1875-11-21 07:00:00,3.89,NA,NA,225,NA,1014.9,NA,NA,NA,NA,0,NA,1,NA
1875-11-21 14:00:00,6.67,225,1,225,NA,1016.26,NA,NA,NA,NA,0.56,NA,1,NA
1875-11-21 21:00:00,4.44,NA,NA,NA,NA,1021.33,NA,NA,NA,NA,-2.22,NA,0,NA
1875-11-22,NA,NA,NA,NA,NA,NA,0,"3:30 pm","9 pm",3.05,NA,-1.11,NA,"snow"
1875-11-22 07:00:00,0.56,NA,NA,225,NA,1021.33,NA,NA,NA,NA,-3.33,NA,1,NA
1875-11-22 14:00:00,3.89,NA,NA,225,NA,1013.88,NA,NA,NA,NA,1.11,NA,1,NA
1875-11-22 21:00:00,-1.11,NA,NA,270,NA,1017.95,NA,NA,NA,NA,-1.11,NA,2,NA
1875-11-23,NA,NA,NA,NA,NA,NA,0,"empty","empty",0,NA,-6.56,NA,"empty"
1875-11-23 07:00:00,-1.67,45,2,315,NA,1022.69,NA,NA,NA,NA,-6.39,NA,5,NA
1875-11-23 14:00:00,1.11,315,2,315,NA,1024.04,NA,NA,NA,NA,-5.28,NA,11,NA
1875-11-23 21:00:00,-2.78,NA,NA,315,NA,1025.06,NA,NA,NA,NA,-7.22,NA,11,NA
1875-11-24,NA,NA,NA,NA,NA,NA,0,"4 pm","empty",11.68,NA,-1.39,NA,"9:30 am"
1875-11-24 07:00:00,-2.78,NA,NA,180,NA,1020.66,NA,NA,NA,NA,-5,NA,1,",fg"
1875-11-24 14:00:00,0,NA,NA,90,NA,1002.03,NA,NA,NA,NA,-1.67,NA,11,",sn"
1875-11-24 21:00:00,3.33,NA,NA,225,NA,986.12,NA,NA,NA,NA,0.56,NA,11,",ra"
1875-11-25,NA,NA,NA,NA,NA,NA,0,"7:50 am","empty",0.76,NA,-4.78,NA,"snow"
1875-11-25 07:00:00,2.78,NA,NA,315,NA,1002.37,NA,NA,NA,NA,-3.06,NA,2,",sn"
1875-11-25 14:00:00,3.89,315,2,315,NA,1009.14,NA,NA,NA,NA,0,NA,2,NA
1875-11-25 21:00:00,-2.22,NA,NA,315,NA,1015.58,NA,NA,NA,NA,-8.06,NA,2,NA
1875-11-26,NA,NA,NA,NA,NA,NA,0,"empty","empty",0,NA,-9.44,NA,"empty"
1875-11-26 07:00:00,-2.22,NA,NA,315,NA,1021,NA,NA,NA,NA,-8.33,NA,5,NA
1875-11-26 14:00:00,-3.89,NA,NA,315,NA,1020.66,NA,NA,NA,NA,-6.67,NA,1,NA
1875-11-26 21:00:00,-2.78,NA,NA,315,NA,1024.04,NA,NA,NA,NA,-11.39,NA,1,NA
1875-11-27,NA,NA,NA,NA,NA,NA,0,"noon","night",4.57,NA,-3.22,NA,"snow"
1875-11-27 07:00:00,-2.5,NA,NA,180,NA,1017.27,NA,NA,NA,NA,-7.22,NA,1,",hz"
1875-11-27 14:00:00,-1.11,NA,NA,135,NA,1010.84,NA,NA,NA,NA,-1.67,NA,1,",sn"
1875-11-27 21:00:00,1.11,NA,NA,90,NA,1003.39,NA,NA,NA,NA,-1.94,NA,2,",sn"
1875-11-28,NA,NA,NA,NA,NA,NA,0,"noon","night",0.51,NA,-7.94,NA,"snow"
1875-11-28 07:00:00,-3.33,NA,NA,225,NA,1005.42,NA,NA,NA,NA,-6.67,NA,1,",hz"
1875-11-28 14:00:00,0.56,NA,NA,270,NA,1006.43,NA,NA,NA,NA,-1.67,NA,5,",sn"
1875-11-28 21:00:00,-3.89,NA,NA,315,NA,1012.53,NA,NA,NA,NA,-11.67,NA,11,NA
1875-11-29,NA,NA,NA,NA,NA,NA,0,"5 pm","night",6.35,NA,-5.17,NA,"snow"
1875-11-29 07:00:00,-5,NA,NA,315,NA,1012.53,NA,NA,NA,NA,-12.22,NA,1,NA
1875-11-29 14:00:00,-1.67,NA,NA,135,NA,1005.42,NA,NA,NA,NA,-3.89,NA,1,",hz"
1875-11-29 21:00:00,1.11,NA,NA,135,NA,984.42,NA,NA,NA,NA,-2.22,NA,20,",sn"
1875-11-30,NA,NA,NA,NA,NA,NA,0,"8:30 pm","night",3.05,NA,-2.56,NA,"snow"
1875-11-30 07:00:00,1.11,NA,NA,225,NA,982.05,NA,NA,NA,NA,-1.39,NA,2,NA
1875-11-30 14:00:00,2.22,270,2,270,NA,985.44,NA,NA,NA,NA,-1.11,NA,5,NA
1875-11-30 21:00:00,-1.11,NA,NA,315,NA,988.15,NA,NA,NA,NA,-3.89,NA,2,",sn"
1875-12-01,NA,NA,NA,NA,NA,NA,0,"empty","empty",1.02,NA,-5.22,NA,"snow"
1875-12-01 07:00:00,-1.67,270,1,270,NA,990.18,NA,NA,NA,NA,-6.67,NA,2,NA
1875-12-01 14:00:00,1.67,270,2,270,NA,992.55,NA,NA,NA,NA,-4.17,NA,2,NA
1875-12-01 21:00:00,1.11,NA,NA,270,NA,994.92,NA,NA,NA,NA,-5.56,NA,2,",sn"
1875-12-02,NA,NA,NA,NA,NA,NA,0,"empty","empty",0.23,NA,-5.06,NA,"empty"
1875-12-02 07:00:00,-2.22,NA,NA,225,NA,997.29,NA,NA,NA,NA,-5.56,NA,1,NA
1875-12-02 14:00:00,1.11,NA,NA,225,NA,998.98,NA,NA,NA,NA,-1.39,NA,1,NA
1875-12-02 21:00:00,-1.67,NA,NA,NA,NA,1004.4,NA,NA,NA,NA,-6.67,NA,0,NA
1875-12-03,NA,NA,NA,NA,NA,NA,0,"empty","empty",0.76,NA,-7,NA,"snow"
1875-12-03 07:00:00,-2.22,NA,NA,270,NA,1006.1,NA,NA,NA,NA,-11.11,NA,2,NA
1875-12-03 14:00:00,-0.56,NA,NA,180,NA,1006.43,NA,NA,NA,NA,-5.28,NA,5,NA
1875-12-03 21:00:00,-1.67,NA,NA,270,NA,1007.79,NA,NA,NA,NA,-5.83,NA,2,NA
1875-12-04,NA,NA,NA,NA,NA,NA,0,"empty","empty",0.51,NA,-6,NA,"snow"
1875-12-04 07:00:00,-1.67,225,2,225,NA,1000.68,NA,NA,NA,NA,-8.33,NA,5,NA
1875-12-04 14:00:00,1.11,NA,NA,270,NA,999.66,NA,NA,NA,NA,-3.33,NA,2,NA
1875-12-04 21:00:00,-3.33,NA,NA,270,NA,999.32,NA,NA,NA,NA,-6.11,NA,1,",sn"
1875-12-05,NA,NA,NA,NA,NA,NA,0,"night","empty",0.25,NA,-10.72,NA,"s"
1875-12-05 07:00:00,-2.78,NA,NA,NA,NA,995.6,NA,NA,NA,NA,-12.22,NA,0,",hz"
1875-12-05 14:00:00,-1.11,NA,NA,NA,NA,993.57,NA,NA,NA,NA,-5,NA,0,NA
1875-12-05 21:00:00,-3.33,NA,NA,NA,NA,993.57,NA,NA,NA,NA,-12.78,NA,0,NA
1875-12-06,NA,NA,NA,NA,NA,NA,0,"7:45 am","night",2.54,NA,-5.56,NA,"s"
1875-12-06 07:00:00,-5,NA,NA,270,NA,986.46,NA,NA,NA,NA,-8.89,NA,1,",sn"
1875-12-06 14:00:00,1.67,135,1,135,NA,984.76,NA,NA,NA,NA,-4.44,NA,1,NA
1875-12-06 21:00:00,2.22,NA,NA,135,NA,988.49,NA,NA,NA,NA,-4.44,NA,1,NA
1875-12-07,NA,NA,NA,NA,NA,NA,1.27,"8 am","empty",1.27,NA,-0.28,NA,"r"
1875-12-07 07:00:00,0.56,NA,NA,270,NA,984.42,NA,NA,NA,NA,-0.28,NA,2,",sn"
1875-12-07 14:00:00,3.89,NA,NA,NA,NA,986.79,NA,NA,NA,NA,1.39,NA,0,",ra"
1875-12-07 21:00:00,3.89,NA,NA,225,NA,989.84,NA,NA,NA,NA,-1.11,NA,1,NA
1875-12-08,NA,NA,NA,NA,NA,NA,0,"night","empty",0.25,NA,1.06,NA,"snow"
1875-12-08 07:00:00,3.33,NA,NA,225,NA,985.44,NA,NA,NA,NA,-0.56,NA,2,NA
1875-12-08 14:00:00,4.44,225,1,225,NA,986.79,NA,NA,NA,NA,1.39,NA,5,NA
1875-12-08 21:00:00,3.89,NA,NA,NA,NA,990.18,NA,NA,NA,NA,1.67,NA,0,NA
1875-12-09,NA,NA,NA,NA,NA,NA,0,"empty","empty",0,NA,-1.28,NA,"empty"
1875-12-09 07:00:00,5,NA,NA,225,NA,993.23,NA,NA,NA,NA,0.28,NA,1,NA
1875-12-09 14:00:00,6.11,225,1,225,NA,995.26,NA,NA,NA,NA,1.39,NA,1,NA
1875-12-09 21:00:00,1.67,NA,2,225,"180",999.66,NA,NA,NA,NA,-3.33,NA,1,NA
1875-12-10,NA,NA,NA,NA,NA,NA,0,"empty","empty",0,NA,-4.89,NA,"empty"
1875-12-10 07:00:00,1.11,NA,NA,NA,NA,1000,NA,NA,NA,NA,-8.33,NA,0,NA
1875-12-10 14:00:00,2.22,NA,NA,NA,NA,1000.68,NA,NA,NA,NA,-0.56,NA,0,NA
1875-12-10 21:00:00,2.22,NA,NA,225,NA,1002.37,NA,NA,NA,NA,-5.28,NA,1,NA
1875-12-11,NA,NA,NA,NA,NA,NA,0,"empty","empty",0,NA,-5.56,NA,"empty"
1875-12-11 07:00:00,1.67,NA,NA,NA,NA,1005.08,NA,NA,NA,NA,-6.11,NA,0,NA
1875-12-11 14:00:00,6.11,NA,NA,90,NA,1007.79,NA,NA,NA,NA,-1.67,NA,1,NA
1875-12-11 21:00:00,1.67,NA,NA,NA,NA,1013.21,NA,NA,NA,NA,-7.22,NA,0,NA
1875-12-12,NA,NA,NA,NA,NA,NA,0,"empty","empty",0,NA,-2.39,NA,"empty"
1875-12-12 07:00:00,1.67,NA,NA,NA,NA,1013.88,NA,NA,NA,NA,-3.33,NA,0,",fg"
1875-12-12 14:00:00,2.78,NA,NA,225,NA,1012.53,NA,NA,NA,NA,-0.56,NA,1,",fg"
1875-12-12 21:00:00,4.44,NA,NA,225,NA,1013.88,NA,NA,NA,NA,-2.78,NA,1,NA
1875-12-13,NA,NA,NA,NA,NA,NA,10.16,"11:30 am","10 pm",5.08,NA,1.61,NA,"s and r"
1875-12-13 07:00:00,4.44,NA,NA,90,NA,1002.37,NA,NA,NA,NA,-0.83,NA,5,",sn"
1875-12-13 14:00:00,3.89,NA,NA,135,NA,986.12,NA,NA,NA,NA,0.56,NA,20,",ra"
1875-12-13 21:00:00,3.33,NA,NA,NA,NA,968.51,NA,NA,NA,NA,3.33,NA,0,",ra"
1875-12-14,NA,NA,NA,NA,NA,NA,0,"noon","empty",2.54,NA,0.11,NA,"snow"
1875-12-14 07:00:00,4.44,NA,NA,225,NA,970.88,NA,NA,NA,NA,0,NA,11,NA
1875-12-14 14:00:00,4.44,NA,NA,225,NA,975.28,NA,NA,NA,NA,1.67,NA,16,",sn"
1875-12-14 21:00:00,1.67,NA,NA,225,NA,979.34,NA,NA,NA,NA,-0.56,NA,11,",hz"
1875-12-15,NA,NA,NA,NA,NA,NA,0,"empty","empty",0.76,NA,-2.39,NA,"snow"
1875-12-15 07:00:00,2.22,NA,NA,270,NA,984.76,NA,NA,NA,NA,-2.22,NA,16,",hz"
1875-12-15 14:00:00,2.22,NA,NA,270,NA,986.12,NA,NA,NA,NA,-1.67,NA,16,",hz"
1875-12-15 21:00:00,1.11,NA,NA,225,NA,987.47,NA,NA,NA,NA,-2.78,NA,5,NA
1875-12-16,NA,NA,NA,NA,NA,NA,0,"empty","empty",0.25,NA,-3.33,NA,"snow"
1875-12-16 07:00:00,-1.11,NA,NA,NA,NA,996.61,NA,NA,NA,NA,-6.67,NA,0,NA
1875-12-16 14:00:00,0,NA,NA,270,NA,1002.37,NA,NA,NA,NA,-2.22,NA,1,",hz"
1875-12-16 21:00:00,1.67,NA,NA,270,NA,1006.77,NA,NA,NA,NA,-2.22,NA,1,NA
1875-12-17,NA,NA,NA,NA,NA,NA,0,"8:40pm","night",6.6,NA,-1.61,NA,"snow"
1875-12-17 07:00:00,1.67,NA,NA,270,NA,1005.76,NA,NA,NA,NA,-0.56,NA,2,NA
1875-12-17 14:00:00,3.89,NA,NA,225,NA,1009.14,NA,NA,NA,NA,-1.39,NA,1,NA
1875-12-17 21:00:00,3.33,NA,NA,270,NA,1010.16,NA,NA,NA,NA,-2.22,NA,1,",sn"
1875-12-18,NA,NA,NA,NA,NA,NA,0,"empty","empty",0.23,NA,-0.78,NA,"snow"
1875-12-18 07:00:00,1.67,NA,NA,NA,NA,991.87,NA,NA,NA,NA,-6.67,NA,0,NA
1875-12-18 14:00:00,3.89,NA,NA,270,NA,988.15,NA,NA,NA,NA,0.28,NA,2,NA
1875-12-18 21:00:00,3.33,NA,NA,270,NA,986.12,NA,NA,NA,NA,-1.11,NA,5,NA
1875-12-19,NA,NA,NA,NA,NA,NA,0,"empty","empty",2.54,NA,-4.94,NA,"snow"
1875-12-19 07:00:00,-0.56,315,2,225,NA,988.49,NA,NA,NA,NA,-4.72,NA,5,NA
1875-12-19 14:00:00,1.11,225,1,270,NA,996.28,NA,NA,NA,NA,-4.44,NA,5,NA
1875-12-19 21:00:00,-0.56,NA,NA,225,NA,998.98,NA,NA,NA,NA,-5.28,NA,5,",sn"
1875-12-20,NA,NA,NA,NA,NA,NA,0,"empty","empty",0,NA,-15.28,NA,"empty"
1875-12-20 07:00:00,-6.67,NA,NA,180,NA,1002.37,NA,NA,NA,NA,-14.17,NA,1,NA
1875-12-20 14:00:00,-1.67,225,2,225,NA,1008.13,NA,NA,NA,NA,-12.22,NA,5,NA
1875-12-20 21:00:00,-6.11,NA,NA,225,NA,1013.88,NA,NA,NA,NA,-17.22,NA,5,NA
1875-12-21,NA,NA,NA,NA,NA,NA,0,"empty","empty",0.23,NA,-7.67,NA,"snow"
1875-12-21 07:00:00,-10.56,NA,NA,225,NA,1017.95,NA,NA,NA,NA,-14.44,NA,1,NA
1875-12-21 14:00:00,-3.89,NA,NA,225,NA,1016.59,NA,NA,NA,NA,-8.33,NA,5,NA
1875-12-21 21:00:00,3.33,NA,NA,225,NA,1011.51,NA,NA,NA,NA,-3.89,NA,2,NA
1875-12-22,NA,NA,NA,NA,NA,NA,3.3,"9am","noon",0,NA,-1,NA,"rain"
1875-12-22 07:00:00,1.11,NA,NA,180,NA,994.24,NA,NA,NA,NA,-0.56,NA,1,NA
1875-12-22 14:00:00,2.22,NA,NA,225,NA,989.84,NA,NA,NA,NA,1.67,NA,5,",ra"
1875-12-22 21:00:00,-1.67,NA,NA,270,NA,995.26,NA,NA,NA,NA,-2.22,NA,16,NA
1875-12-23,NA,NA,NA,NA,NA,NA,7.62,"4 pm","night",0,NA,-1.39,NA,"rain"
1875-12-23 07:00:00,-2.22,NA,NA,NA,NA,1007.45,NA,NA,NA,NA,-8.33,NA,0,NA
1875-12-23 14:00:00,0,NA,NA,225,NA,1003.39,NA,NA,NA,NA,-1.67,NA,1,",ra"
1875-12-23 21:00:00,2.78,NA,NA,225,NA,995.6,NA,NA,NA,NA,2.22,NA,20,",hz"
1875-12-24,NA,NA,NA,NA,NA,NA,0,"7:45","empty",0.23,NA,-10.5,NA,"snow"
1875-12-24 07:00:00,2.22,NA,NA,180,NA,1000.34,NA,NA,NA,NA,-3.61,NA,5,",sn"
1875-12-24 14:00:00,0.56,NA,NA,135,NA,1006.77,NA,NA,NA,NA,-6.11,NA,2,NA
1875-12-24 21:00:00,-8.33,NA,NA,225,NA,1017.61,NA,NA,NA,NA,-16.11,NA,5,NA
1875-12-25,NA,NA,NA,NA,NA,NA,1.52,"night","night",0,NA,-12.94,NA,"rain"
1875-12-25 07:00:00,-8.89,NA,NA,225,NA,1024.04,NA,NA,NA,NA,-17.78,NA,1,NA
1875-12-25 14:00:00,-2.78,NA,NA,270,NA,1026.08,NA,NA,NA,NA,-11.67,NA,1,NA
1875-12-25 21:00:00,-7.22,NA,NA,225,NA,1023.37,NA,NA,NA,NA,-11.11,NA,1,NA
1875-12-26,NA,NA,NA,NA,NA,NA,0,"empty","empty",0,NA,-3.22,NA,"empty"
1875-12-26 07:00:00,-1.11,NA,NA,225,NA,999.66,NA,NA,NA,NA,1.11,NA,1,",hz"
1875-12-26 14:00:00,3.06,225,2,225,NA,1008.47,NA,NA,NA,NA,0.56,NA,5,NA
1875-12-26 21:00:00,0,NA,NA,225,NA,1023.03,NA,NA,NA,NA,-7.22,NA,1,NA
1875-12-27,NA,NA,NA,NA,NA,NA,4.57,"10 am","night",0,NA,-0.56,NA,"rain"
1875-12-27 07:00:00,-3.89,NA,NA,225,NA,1020.32,NA,NA,NA,NA,-7.78,NA,1,",hz"
1875-12-27 14:00:00,1.11,NA,NA,225,NA,1000.68,NA,NA,NA,NA,1.11,NA,20,",ra"
1875-12-27 21:00:00,-1.67,NA,NA,225,NA,1004.74,NA,NA,NA,NA,2.22,NA,16,NA
1875-12-28,NA,NA,NA,NA,NA,NA,0,"empty","empty",0,NA,-9.22,NA,"empty"
1875-12-28 07:00:00,-1.67,NA,NA,225,NA,1026.08,NA,NA,NA,NA,-8.33,NA,1,NA
1875-12-28 14:00:00,1.11,NA,NA,225,NA,1030.48,NA,NA,NA,NA,-7.5,NA,1,NA
1875-12-28 21:00:00,-5,NA,NA,270,NA,1033.53,NA,NA,NA,NA,-10.56,NA,1,NA
1875-12-29,NA,NA,NA,NA,NA,NA,0,"empty","empty",0,NA,-7.11,NA,"empty"
1875-12-29 07:00:00,-4.44,NA,NA,270,NA,1029.46,NA,NA,NA,NA,-10,NA,1,NA
1875-12-29 14:00:00,0.56,225,1,270,NA,1027.09,NA,NA,NA,NA,-5,NA,2,NA
1875-12-29 21:00:00,0.56,NA,NA,225,NA,1028.11,NA,NA,NA,NA,-6.67,NA,1,NA
1875-12-30,NA,NA,NA,NA,NA,NA,0,"9:30 pm","night",3.05,NA,-5,NA,"snow"
1875-12-30 07:00:00,-4.44,NA,NA,NA,NA,1033.53,NA,NA,NA,NA,-10,NA,0,NA
1875-12-30 14:00:00,0,NA,NA,225,NA,1031.16,NA,NA,NA,NA,-4.44,NA,1,",hz"
1875-12-30 21:00:00,0,NA,NA,225,NA,1025.06,NA,NA,NA,NA,-2.78,NA,2,NA
1875-12-31,NA,NA,NA,NA,NA,NA,0,"night","8 am",3.56,NA,0,NA,"snow"
1875-12-31 07:00:00,0.56,NA,NA,NA,NA,1010.5,NA,NA,NA,NA,-0.56,NA,0,NA
1875-12-31 14:00:00,5,225,2,225,NA,1007.45,NA,NA,NA,NA,0.56,NA,5,NA
1875-12-31 21:00:00,NA,NA,NA,225,NA,1006.43,NA,NA,NA,NA,1.11,NA,2,NA
1876-06-01,NA,NA,NA,NA,NA,NA,0,"empty","empty",0,NA,10,NA,"empty"
1876-06-01 07:00:00,8.89,270,3,270,NA,1020.66,NA,NA,NA,NA,10.56,NA,11,NA
1876-06-01 14:00:00,13.33,270,3,270,NA,1019.98,NA,NA,NA,NA,11.67,NA,11,NA
1876-06-01 21:00:00,11.67,NA,2,270,"270",1019.98,NA,NA,NA,NA,8.89,NA,11,NA
1876-06-02,NA,NA,NA,NA,NA,NA,1.27,"5 pm","night",0,NA,18.17,NA,"rain"
1876-06-02 07:00:00,15,270,3,270,NA,1018.63,NA,NA,NA,NA,18.33,NA,5,NA
1876-06-02 14:00:00,17.78,270,1,270,NA,1017.95,NA,NA,NA,NA,21.11,NA,2,NA
1876-06-02 21:00:00,17.78,NA,NA,225,NA,1017.27,NA,NA,NA,NA,16.67,NA,1,NA
1876-06-03,NA,NA,NA,NA,NA,NA,4.06,"9:45 pm","night",0,NA,16.67,NA,"rain"
1876-06-03 07:00:00,17.78,NA,NA,270,NA,1015.92,NA,NA,NA,NA,15.56,NA,2,NA
1876-06-03 14:00:00,21.11,NA,NA,270,NA,1016.26,NA,NA,NA,NA,21.11,NA,5,NA
1876-06-03 21:00:00,17.78,NA,NA,45,NA,1017.61,NA,NA,NA,NA,15,NA,2,NA
1876-06-04,NA,NA,NA,NA,NA,NA,0.23,"2 pm","misty",0,NA,5.67,NA,"misty rain"
1876-06-04 07:00:00,NA,NA,NA,NA,NA,NA,NA,NA,NA,NA,6.67,NA,0,",fg"
1876-06-04 14:00:00,NA,NA,NA,90,NA,NA,NA,NA,NA,NA,7.22,NA,1,",fg"
1876-06-04 21:00:00,NA,NA,NA,90,NA,NA,NA,NA,NA,NA,4.44,NA,1,",fg"
1876-06-05,NA,NA,NA,NA,NA,NA,0,"empty","empty",0,NA,6.5,NA,"empty"
1876-06-05 07:00:00,9.44,NA,NA,90,NA,1022.35,NA,NA,NA,NA,4.44,NA,2,",fg"
1876-06-05 14:00:00,11.67,NA,NA,90,NA,1022.01,NA,NA,NA,NA,8.33,NA,1,NA
1876-06-05 21:00:00,11.67,NA,NA,NA,NA,1020.32,NA,NA,NA,NA,6.67,NA,0,",fg"
1876-06-06,NA,NA,NA,NA,NA,NA,0,"empty","empty",0,NA,18.28,NA,"empty"
1876-06-06 07:00:00,15,NA,NA,270,NA,1019.64,NA,NA,NA,NA,13.89,NA,2,NA
1876-06-06 14:00:00,18.89,270,2,270,NA,1021.67,NA,NA,NA,NA,21.39,NA,11,NA
1876-06-06 21:00:00,15,NA,NA,270,NA,1021.67,NA,NA,NA,NA,18.33,NA,1,NA
1876-06-07,NA,NA,NA,NA,NA,NA,0,"empty","empty",0,NA,18.72,NA,"empty"
1876-06-07 07:00:00,17.78,225,2,225,NA,1022.35,NA,NA,NA,NA,23.89,NA,5,NA
1876-06-07 14:00:00,21.11,NA,NA,225,NA,1022.01,NA,NA,NA,NA,23.33,NA,5,NA
1876-06-07 21:00:00,18.33,NA,NA,225,NA,1021.67,NA,NA,NA,NA,13.89,NA,5,NA
1876-06-08,NA,NA,NA,NA,NA,NA,15.49,"5 pm","noon",0,NA,14.44,NA,"rain"
1876-06-08 07:00:00,16.67,NA,NA,225,NA,1019.3,NA,NA,NA,NA,13.89,NA,5,",ra"
1876-06-08 14:00:00,18.89,NA,NA,225,NA,1018.96,NA,NA,NA,NA,15.56,NA,1,NA
1876-06-08 21:00:00,13.89,NA,NA,45,NA,1018.29,NA,NA,NA,NA,13.89,NA,2,",fg"
1876-06-09,NA,NA,NA,NA,NA,NA,0,"empty","empty",0,NA,8.17,NA,"empty"
1876-06-09 07:00:00,16.67,270,1,270,NA,1023.03,NA,NA,NA,NA,8.33,NA,2,NA
1876-06-09 14:00:00,17.22,NA,NA,90,NA,1024.38,NA,NA,NA,NA,10,NA,1,NA
1876-06-09 21:00:00,12.78,NA,NA,NA,NA,1026.75,NA,NA,NA,NA,7.22,NA,0,NA
1876-06-10,NA,NA,NA,NA,NA,NA,0.23,"5:30 pm","empty",0,NA,10.67,NA,"r"
1876-06-10 07:00:00,13.89,NA,NA,135,NA,1028.11,NA,NA,NA,NA,11.11,NA,1,NA
1876-06-10 14:00:00,17.78,NA,NA,225,NA,1027.43,NA,NA,NA,NA,12.78,NA,1,NA
1876-06-10 21:00:00,12.78,NA,NA,45,NA,1027.77,NA,NA,NA,NA,9.44,NA,1,NA
1876-06-11,NA,NA,NA,NA,NA,NA,0,"empty","empty",0,NA,NA,NA,"empty"
1876-06-11 07:00:00,NA,NA,NA,NA,NA,NA,NA,NA,NA,NA,NA,NA,0,NA
1876-06-11 14:00:00,NA,NA,NA,NA,NA,NA,NA,NA,NA,NA,NA,NA,0,NA
1876-06-11 21:00:00,NA,NA,NA,NA,NA,NA,NA,NA,NA,NA,NA,NA,0,NA
1876-06-12,NA,NA,NA,NA,NA,NA,0,"empty","empty",0,NA,14,NA,"empty"
1876-06-12 07:00:00,12.78,NA,NA,135,NA,1028.11,NA,NA,NA,NA,10.56,NA,1,NA
1876-06-12 14:00:00,18.89,NA,NA,225,NA,1029.46,NA,NA,NA,NA,17.78,NA,1,NA
1876-06-12 21:00:00,10.56,NA,NA,225,NA,1027.09,NA,NA,NA,NA,13.89,NA,5,NA
1876-06-13,NA,NA,NA,NA,NA,NA,0,"empty","empty",0,NA,18.72,NA,"empty"
1876-06-13 07:00:00,17.22,270,2,270,NA,1027.09,NA,NA,NA,NA,20,NA,5,NA
1876-06-13 14:00:00,24.44,270,2,270,NA,1027.43,NA,NA,NA,NA,22.78,NA,5,NA
1876-06-13 21:00:00,16.11,NA,NA,270,NA,1027.43,NA,NA,NA,NA,16.11,NA,2,NA
1876-06-14,NA,NA,NA,NA,NA,NA,0,"9:30pm","empty",0.23,NA,19,NA,"r"
1876-06-14 07:00:00,20,270,1,270,NA,1027.77,NA,NA,NA,NA,21.11,NA,2,NA
1876-06-14 14:00:00,24.44,NA,NA,270,NA,1028.11,NA,NA,NA,NA,22.78,NA,5,NA
1876-06-14 21:00:00,19.44,NA,NA,270,NA,1028.11,NA,NA,NA,NA,16.11,NA,5,NA
1876-06-15,NA,NA,NA,NA,NA,NA,0.76,"9:45 pm","empty",0,NA,20,NA,"r"
1876-06-15 07:00:00,19.44,NA,NA,225,NA,1027.43,NA,NA,NA,NA,19.44,NA,2,NA
1876-06-15 14:00:00,24.44,270,2,270,NA,1027.43,NA,NA,NA,NA,23.89,NA,5,NA
1876-06-15 21:00:00,21.67,NA,NA,270,NA,1027.09,NA,NA,NA,NA,18.33,NA,2,NA
1876-06-16,NA,NA,NA,NA,NA,NA,4.32,"8 am","empty",0,NA,8.72,NA,"r"
1876-06-16 07:00:00,16.67,NA,NA,90,NA,1031.83,NA,NA,NA,NA,8.33,NA,1,",fg"
1876-06-16 14:00:00,15.56,NA,NA,90,NA,1031.83,NA,NA,NA,NA,7.78,NA,1,",hz"
1876-06-16 21:00:00,13.33,NA,NA,90,NA,1027.77,NA,NA,NA,NA,9.44,NA,1,",fg"
1876-06-17,NA,NA,NA,NA,NA,NA,0,"empty","empty",0,NA,18.67,NA,"empty"
1876-06-17 07:00:00,16.67,NA,NA,270,NA,1023.71,NA,NA,NA,NA,15,NA,5,NA
1876-06-17 14:00:00,20.56,270,3,270,NA,1023.71,NA,NA,NA,NA,19.72,NA,5,NA
1876-06-17 21:00:00,19.44,NA,NA,270,NA,1022.69,NA,NA,NA,NA,20,NA,5,NA
1876-06-18,NA,NA,NA,NA,NA,NA,0,"empty","empty",0,NA,NA,NA,"empty"
1876-06-18 07:00:00,NA,NA,NA,NA,NA,NA,NA,NA,NA,NA,NA,NA,0,NA
1876-06-18 14:00:00,NA,NA,NA,NA,NA,NA,NA,NA,NA,NA,NA,NA,0,NA
1876-06-18 21:00:00,NA,NA,NA,NA,NA,NA,NA,NA,NA,NA,NA,NA,0,NA
1876-06-19,NA,NA,NA,NA,NA,NA,0,"empty","empty",0,NA,10.28,NA,"empty"
1876-06-19 07:00:00,11.67,NA,NA,45,NA,1030.48,NA,NA,NA,NA,8.33,NA,1,",fg"
1876-06-19 14:00:00,12.78,NA,NA,90,NA,1026.08,NA,NA,NA,NA,12.78,NA,1,NA
1876-06-19 21:00:00,11.67,NA,NA,270,NA,1022.35,NA,NA,NA,NA,10,NA,1,NA
1876-06-20,NA,NA,NA,NA,NA,NA,0,"empty","empty",0,NA,20.56,NA,"empty"
1876-06-20 07:00:00,17.22,270,1,270,NA,1022.35,NA,NA,NA,NA,20.56,NA,2,NA
1876-06-20 14:00:00,23.89,225,2,270,NA,1023.03,NA,NA,NA,NA,25,NA,5,NA
1876-06-20 21:00:00,20,NA,NA,270,NA,1019.98,NA,NA,NA,NA,18.33,NA,5,NA
1876-06-21,NA,NA,NA,NA,NA,NA,3.3,"night","empty",0,NA,20.67,NA,"rain"
1876-06-21 07:00:00,19.44,NA,NA,225,NA,1019.98,NA,NA,NA,NA,20.56,NA,5,NA
1876-06-21 14:00:00,23.89,270,3,315,NA,1019.98,NA,NA,NA,NA,25.56,NA,11,NA
1876-06-21 21:00:00,20,NA,NA,NA,NA,1020.66,NA,NA,NA,NA,18.33,NA,0,NA
1876-06-22,NA,NA,NA,NA,NA,NA,3.3,"9 am","night",0,NA,17.22,NA,"r"
1876-06-22 07:00:00,18.33,NA,NA,270,NA,1017.61,NA,NA,NA,NA,17.78,NA,1,NA
1876-06-22 14:00:00,18.89,NA,NA,225,NA,1010.5,NA,NA,NA,NA,20,NA,2,NA
1876-06-22 21:00:00,18.33,NA,NA,225,NA,1009.82,NA,NA,NA,NA,15.56,NA,1,NA
1876-06-23,NA,NA,NA,NA,NA,NA,0,"empty","empty",0,NA,16.17,NA,"empty"
1876-06-23 07:00:00,16.67,270,1,270,NA,1005.76,NA,NA,NA,NA,16.94,NA,1,NA
1876-06-23 14:00:00,21.11,225,NA,225,NA,1006.77,NA,NA,NA,NA,21.11,NA,5,NA
1876-06-23 21:00:00,17.78,NA,NA,270,NA,1007.11,NA,NA,NA,NA,13.33,NA,1,NA
1876-06-24,NA,NA,NA,NA,NA,NA,0,"empty","empty",0,NA,16.94,NA,"empty"
1876-06-24 07:00:00,16.11,225,1,225,NA,1005.76,NA,NA,NA,NA,20.56,NA,2,NA
1876-06-24 14:00:00,20,225,2,270,NA,1005.42,NA,NA,NA,NA,20.56,NA,5,NA
1876-06-24 21:00:00,16.11,NA,NA,NA,NA,1008.47,NA,NA,NA,NA,13.33,NA,0,NA
1876-06-25,NA,NA,NA,NA,NA,NA,0,"empty","empty",0,NA,NA,NA,"empty"
1876-06-25 07:00:00,NA,NA,NA,NA,NA,NA,NA,NA,NA,NA,NA,NA,0,NA
1876-06-25 14:00:00,NA,NA,NA,NA,NA,NA,NA,NA,NA,NA,NA,NA,0,NA
1876-06-25 21:00:00,NA,NA,NA,NA,NA,NA,NA,NA,NA,NA,NA,NA,0,NA
1876-06-26,NA,NA,NA,NA,NA,NA,0,"empty","empty",0,NA,18,NA,"empty"
1876-06-26 07:00:00,17.78,NA,NA,225,NA,1007.79,NA,NA,NA,NA,20.56,NA,1,NA
1876-06-26 14:00:00,19.44,NA,NA,225,NA,1008.47,NA,NA,NA,NA,20.28,NA,2,NA
1876-06-26 21:00:00,19.44,NA,NA,225,NA,1007.11,NA,NA,NA,NA,15.56,NA,5,NA
1876-06-27,NA,NA,NA,NA,NA,NA,0,"empty","empty",0,NA,17.5,NA,"empty"
1876-06-27 07:00:00,22.78,225,1,225,NA,1013.88,NA,NA,NA,NA,21.11,NA,2,NA
1876-06-27 14:00:00,22.22,NA,NA,225,NA,1014.9,NA,NA,NA,NA,22.22,NA,2,NA
1876-06-27 21:00:00,7.22,NA,NA,90,NA,1020.66,NA,NA,NA,NA,11.67,NA,1,NA
1876-06-28,NA,NA,NA,NA,NA,NA,1.02,"4 pm","night",0,NA,17.89,NA,"r"
1876-06-28 07:00:00,16.11,NA,NA,45,NA,1024.04,NA,NA,NA,NA,16.67,NA,1,NA
1876-06-28 14:00:00,20,NA,NA,45,NA,1022.69,NA,NA,NA,NA,19.44,NA,1,NA
1876-06-28 21:00:00,18.89,NA,NA,225,NA,1020.32,NA,NA,NA,NA,17.78,NA,11,NA
1876-06-29,NA,NA,NA,NA,NA,NA,8.64,"4:30 pm","7 pm",0,NA,17.78,NA,"r"
1876-06-29 07:00:00,18.89,NA,NA,225,NA,1016.93,NA,NA,NA,NA,18.33,NA,2,",fg"
1876-06-29 14:00:00,21.67,NA,NA,225,NA,1014.22,NA,NA,NA,NA,21.67,NA,2,NA
1876-06-29 21:00:00,17.78,NA,NA,270,NA,1018.63,NA,NA,NA,NA,15.56,NA,2,NA
1876-06-30,NA,NA,NA,NA,NA,NA,0,"empty","empty",0,NA,9.72,NA,"empty"
1876-06-30 07:00:00,16.11,NA,NA,225,NA,1022.69,NA,NA,NA,NA,14.44,NA,1,NA
1876-06-30 14:00:00,16.11,NA,NA,45,NA,1023.71,NA,NA,NA,NA,11.11,NA,2,NA
1876-06-30 21:00:00,16.11,NA,NA,45,NA,1024.38,NA,NA,NA,NA,6.67,NA,2,NA
1876-07-01,NA,NA,NA,NA,NA,NA,5.08,"12.30","3 pm",0,NA,10.04,NA,"r"
1876-07-01 07:00:00,12.78,NA,NA,45,NA,1020.32,NA,NA,NA,NA,11.11,NA,1,NA
1876-07-01 14:00:00,13.33,NA,NA,45,NA,1017.61,NA,NA,NA,NA,10,NA,1,",ra"
1876-07-01 21:00:00,13.33,NA,NA,90,NA,1019.3,NA,NA,NA,NA,10.28,NA,1,",fg"
1876-07-02,NA,NA,NA,NA,NA,NA,0,NA,"empty",0,NA,NA,NA,"empty"
1876-07-02 07:00:00,NA,NA,NA,NA,NA,NA,NA,NA,NA,NA,NA,NA,0,NA
1876-07-02 14:00:00,NA,NA,NA,NA,NA,NA,NA,NA,NA,NA,NA,NA,0,NA
1876-07-02 21:00:00,NA,NA,NA,NA,NA,NA,NA,NA,NA,NA,NA,NA,0,NA
1876-07-03,NA,NA,NA,NA,NA,NA,2.29,"night","empty",0,NA,18.33,NA,"r"
1876-07-03 07:00:00,15.56,270,1,270,NA,1015.24,NA,NA,NA,NA,17.78,NA,1,",fg"
1876-07-03 14:00:00,22.22,135,1,135,NA,1015.92,NA,NA,NA,NA,22.22,NA,1,NA
1876-07-03 21:00:00,18.33,NA,NA,90,NA,1016.93,NA,NA,NA,NA,16.67,NA,1,NA
1876-07-04,NA,NA,NA,NA,NA,NA,0.23,"8 am","empty",0,NA,15.78,NA,"r"
1876-07-04 07:00:00,16.11,NA,NA,90,NA,1009.82,NA,NA,NA,NA,13.89,NA,1,NA
1876-07-04 14:00:00,21.11,NA,NA,225,NA,1007.11,NA,NA,NA,NA,21.39,NA,5,NA
1876-07-04 21:00:00,17.78,NA,NA,270,NA,1010.16,NA,NA,NA,NA,13.89,NA,1,NA
1876-07-05,NA,NA,NA,NA,NA,NA,12.7,"empty","empty",0,NA,15.28,NA,",sh,heavy showers"
1876-07-05 07:00:00,17.22,NA,NA,270,NA,1007.79,NA,NA,NA,NA,16.11,NA,1,",ra"
1876-07-05 14:00:00,17.22,NA,NA,NA,NA,1005.76,NA,NA,NA,NA,16.11,NA,0,",ra"
1876-07-05 21:00:00,18.33,NA,NA,270,NA,1007.45,NA,NA,NA,NA,14.44,NA,2,NA
1876-07-06,NA,NA,NA,NA,NA,NA,0,"5.30 pm","empty",0,NA,14.44,NA,"r"
1876-07-06 07:00:00,15.56,225,1,270,NA,1012.19,NA,NA,NA,NA,18.89,NA,1,NA
1876-07-06 14:00:00,18.89,NA,NA,270,NA,1012.87,NA,NA,NA,NA,20,NA,1,NA
1876-07-06 21:00:00,15.56,NA,NA,NA,NA,1005.42,NA,NA,NA,NA,9.44,NA,0,",ra"
1876-07-07,NA,NA,NA,NA,NA,NA,30.48,"empty","8.30 am",0,NA,9,NA,"r"
1876-07-07 07:00:00,14.44,NA,NA,45,NA,1007.79,NA,NA,NA,NA,8.33,NA,11,",fg"
1876-07-07 14:00:00,15.56,45,4,45,NA,1010.5,NA,NA,NA,NA,11.67,NA,5,NA
1876-07-07 21:00:00,13.89,NA,NA,135,NA,1017.27,NA,NA,NA,NA,8.06,NA,1,NA
1876-07-08,NA,NA,NA,NA,NA,NA,2.29,"empty","empty",0,NA,14.11,NA,",sh,showers"
1876-07-08 07:00:00,13.89,NA,NA,270,NA,1015.58,NA,NA,NA,NA,16.39,NA,2,NA
1876-07-08 14:00:00,16.67,NA,NA,225,NA,1015.58,NA,NA,NA,NA,16.67,NA,5,NA
1876-07-08 21:00:00,13.89,NA,NA,270,NA,1015.24,NA,NA,NA,NA,11.67,NA,2,NA
1876-07-09,NA,NA,NA,NA,NA,NA,0,"empty","empty",0,NA,NA,NA,"empty"
1876-07-09 07:00:00,NA,NA,NA,NA,NA,NA,NA,NA,NA,NA,NA,NA,0,NA
1876-07-09 14:00:00,NA,NA,NA,NA,NA,NA,NA,NA,NA,NA,NA,NA,0,NA
1876-07-09 21:00:00,NA,NA,NA,NA,NA,NA,NA,NA,NA,NA,NA,NA,0,NA
1876-07-10,NA,NA,NA,NA,NA,NA,0,"empty","empty",0,NA,9.44,NA,"empty"
1876-07-10 07:00:00,11.11,315,1,315,NA,1013.88,NA,NA,NA,NA,8.89,NA,2,NA
1876-07-10 14:00:00,13.33,NA,NA,45,NA,1013.88,NA,NA,NA,NA,13.33,NA,2,NA
1876-07-10 21:00:00,11.11,NA,NA,270,NA,1014.22,NA,NA,NA,NA,7.78,NA,1,NA
1876-07-11,NA,NA,NA,NA,NA,NA,0.23,"9 pm","empty",0,NA,14.44,NA,"r"
1876-07-11 07:00:00,12.78,NA,NA,270,NA,1014.56,NA,NA,NA,NA,15,NA,1,NA
1876-07-11 14:00:00,16.67,NA,NA,225,NA,1014.56,NA,NA,NA,NA,17.22,NA,2,NA
1876-07-11 21:00:00,14.44,NA,NA,270,NA,1016.26,NA,NA,NA,NA,12.78,NA,1,",ra"
1876-07-12,NA,NA,NA,NA,NA,NA,0,"empty","empty",0,NA,18.06,NA,"empty"
1876-07-12 07:00:00,16.11,0,1,270,NA,1018.29,NA,NA,NA,NA,20.56,NA,1,NA
1876-07-12 14:00:00,21.11,225,1,135,NA,1017.95,NA,NA,NA,NA,22.22,NA,1,NA
1876-07-12 21:00:00,19.44,NA,NA,270,NA,1015.58,NA,NA,NA,NA,14.72,NA,2,NA
1876-07-13,NA,NA,NA,NA,NA,NA,0,"empty","empty",0,NA,17,NA,"empty"
1876-07-13 07:00:00,16.11,270,2,270,NA,1011.85,NA,NA,NA,NA,17.78,NA,5,NA
1876-07-13 14:00:00,21.11,NA,NA,270,NA,1008.47,NA,NA,NA,NA,21.39,NA,5,NA
1876-07-13 21:00:00,17.22,NA,NA,270,NA,1007.79,NA,NA,NA,NA,14.44,NA,2,NA
1876-07-14,NA,NA,NA,NA,NA,NA,0,"empty","empty",0,NA,19.11,NA,"empty"
1876-07-14 07:00:00,16.67,NA,NA,270,NA,1010.84,NA,NA,NA,NA,20.83,NA,2,NA
1876-07-14 14:00:00,21.67,270,1,270,NA,1011.85,NA,NA,NA,NA,22.22,NA,2,NA
1876-07-14 21:00:00,16.67,NA,NA,270,NA,1013.88,NA,NA,NA,NA,16.67,NA,1,NA
1876-07-15,NA,NA,NA,NA,NA,NA,0.51,"2 pm","4 pm",0,NA,17.89,NA,"r"
1876-07-15 07:00:00,16.67,NA,NA,270,NA,1013.88,NA,NA,NA,NA,19.44,NA,1,NA
1876-07-15 14:00:00,21.67,NA,NA,270,NA,1013.21,NA,NA,NA,NA,20.56,NA,2,NA
1876-07-15 21:00:00,16.11,NA,NA,270,NA,1012.53,NA,NA,NA,NA,15.83,NA,1,NA
1876-07-16,NA,NA,NA,NA,NA,NA,0,"empty","empty",0,NA,NA,NA,"empty"
1876-07-16 07:00:00,NA,NA,NA,NA,NA,NA,NA,NA,NA,NA,NA,NA,0,NA
1876-07-16 14:00:00,NA,NA,NA,NA,NA,NA,NA,NA,NA,NA,NA,NA,0,NA
1876-07-16 21:00:00,NA,NA,NA,NA,NA,NA,NA,NA,NA,NA,NA,NA,0,NA
1876-07-17,NA,NA,NA,NA,NA,NA,0,"empty","empty",0,NA,15.11,NA,"empty"
1876-07-17 07:00:00,18.89,0,2,270,NA,1014.56,NA,NA,NA,NA,18.33,NA,2,NA
1876-07-17 14:00:00,18.89,NA,NA,0,NA,1016.93,NA,NA,NA,NA,15.56,NA,5,NA
1876-07-17 21:00:00,16.67,NA,NA,NA,NA,1022.01,NA,NA,NA,NA,13.33,NA,0,NA
1876-07-18,NA,NA,NA,NA,NA,NA,6.6,"4 pm","night",0,NA,15.89,NA,"r"
1876-07-18 07:00:00,15.83,NA,NA,270,NA,1019.64,NA,NA,NA,NA,16.39,NA,5,NA
1876-07-18 14:00:00,18.33,NA,NA,270,NA,1016.93,NA,NA,NA,NA,19.44,NA,5,NA
1876-07-18 21:00:00,18.89,NA,NA,270,NA,1012.53,NA,NA,NA,NA,13.89,NA,1,NA
1876-07-19,NA,NA,NA,NA,NA,NA,0,"empty","empty",0,NA,15,NA,"empty"
1876-07-19 07:00:00,17.78,0,1,315,NA,1016.26,NA,NA,NA,NA,16.67,NA,1,NA
1876-07-19 14:00:00,21.11,NA,NA,135,NA,1017.95,NA,NA,NA,NA,20,NA,1,NA
1876-07-19 21:00:00,17.78,NA,NA,90,NA,1021.33,NA,NA,NA,NA,11.67,NA,1,NA
1876-07-20,NA,NA,NA,NA,NA,NA,0,"empty","empty",0,NA,16.39,NA,"empty"
1876-07-20 07:00:00,18.33,NA,NA,90,NA,1019.98,NA,NA,NA,NA,15.56,NA,1,NA
1876-07-20 14:00:00,18.89,NA,NA,90,NA,1020.32,NA,NA,NA,NA,18.33,NA,1,NA
1876-07-20 21:00:00,18.33,NA,NA,225,NA,1018.29,NA,NA,NA,NA,15.83,NA,2,NA
1876-07-21,NA,NA,NA,NA,NA,NA,2.79,"8 am","night",0,NA,19,NA,"r"
1876-07-21 07:00:00,18.33,NA,NA,270,NA,1012.87,NA,NA,NA,NA,18.33,NA,5,NA
1876-07-21 14:00:00,24.44,270,5,270,NA,1011.85,NA,NA,NA,NA,23.33,NA,16,NA
1876-07-21 21:00:00,16.11,NA,NA,270,NA,1012.53,NA,NA,NA,NA,17.22,NA,2,NA
1876-07-22,NA,NA,NA,NA,NA,NA,0,"empty","empty",0,NA,12.33,NA,"r"
1876-07-22 07:00:00,NA,NA,NA,90,NA,1018.29,NA,NA,NA,NA,13.89,NA,1,",ra"
1876-07-22 14:00:00,NA,NA,NA,90,NA,1018.63,NA,NA,NA,NA,16.67,NA,1,NA
1876-07-22 21:00:00,NA,NA,NA,90,NA,1023.37,NA,NA,NA,NA,9.44,NA,1,NA
1876-07-23,NA,NA,NA,NA,NA,NA,20.83,"12.15","night",0,NA,NA,NA,"r"
1876-07-23 07:00:00,NA,NA,NA,NA,NA,NA,NA,NA,NA,NA,NA,NA,0,NA
1876-07-23 14:00:00,NA,NA,NA,NA,NA,NA,NA,NA,NA,NA,NA,NA,0,NA
1876-07-23 21:00:00,NA,NA,NA,NA,NA,NA,NA,NA,NA,NA,NA,NA,0,NA
1876-07-24,NA,NA,NA,NA,NA,NA,4.06,"12.30","night",0,NA,12.22,NA,"r"
1876-07-24 07:00:00,14.44,NA,NA,90,NA,1016.26,NA,NA,NA,NA,12.78,NA,1,",hz"
1876-07-24 14:00:00,15.56,NA,NA,90,NA,1015.24,NA,NA,NA,NA,12.78,NA,1,",ra"
1876-07-24 21:00:00,14.44,NA,NA,NA,NA,1015.24,NA,NA,NA,NA,11.67,NA,0,",fg"
1876-07-25,NA,NA,NA,NA,NA,NA,2.29,"12.50","empty",0,NA,19.28,NA,"r"
1876-07-25 07:00:00,16.67,NA,NA,225,NA,1016.26,NA,NA,NA,NA,18.33,NA,2,NA
1876-07-25 14:00:00,24.44,225,1,225,NA,1017.27,NA,NA,NA,NA,23.33,NA,2,NA
1876-07-25 21:00:00,21.67,NA,NA,225,NA,1018.63,NA,NA,NA,NA,17.78,NA,5,NA
1876-07-26,NA,NA,NA,NA,NA,NA,0,"empty","empty",0,NA,18.11,NA,"empty"
1876-07-26 07:00:00,18.61,225,1,225,NA,1024.38,NA,NA,NA,NA,20.56,NA,1,NA
1876-07-26 14:00:00,23.33,225,1,225,NA,1025.4,NA,NA,NA,NA,21.94,NA,2,NA
1876-07-26 21:00:00,18.33,NA,NA,225,NA,1026.08,NA,NA,NA,NA,15,NA,1,NA
1876-07-27,NA,NA,NA,NA,NA,NA,12.19,"11:15 am","2 pm",0,NA,17.61,NA,"r"
1876-07-27 07:00:00,18.61,225,1,135,NA,1026.41,NA,NA,NA,NA,18.33,NA,1,NA
1876-07-27 14:00:00,18.33,315,NA,135,NA,1023.37,NA,NA,NA,NA,17.22,NA,1,",fg"
1876-07-27 21:00:00,19.44,NA,NA,225,NA,1019.98,NA,NA,NA,NA,17.5,NA,5,NA
1876-07-28,NA,NA,NA,NA,NA,NA,0,"empty","empty",0,NA,17.06,NA,"empty"
1876-07-28 07:00:00,17.5,270,2,270,NA,1021.33,NA,NA,NA,NA,18.61,NA,5,NA
1876-07-28 14:00:00,21.67,315,2,315,NA,1021.33,NA,NA,NA,NA,20.83,NA,5,NA
1876-07-28 21:00:00,20,NA,NA,270,NA,1022.01,NA,NA,NA,NA,14.44,NA,2,NA
1876-07-29,NA,NA,NA,NA,NA,NA,0,"empty","empty",0,NA,17.17,NA,"empty"
1876-07-29 07:00:00,18.89,NA,NA,270,NA,1024.38,NA,NA,NA,NA,16.39,NA,1,NA
1876-07-29 14:00:00,22.22,NA,NA,225,NA,1025.06,NA,NA,NA,NA,22.22,NA,1,NA
1876-07-29 21:00:00,18.89,NA,NA,NA,NA,1025.06,NA,NA,NA,NA,15,NA,0,",hz"
1876-07-30,NA,NA,NA,NA,NA,NA,4.32,"empty","empty",0,NA,NA,NA,",sh,showers"
1876-07-30 07:00:00,NA,NA,NA,NA,NA,NA,NA,NA,NA,NA,NA,NA,0,NA
1876-07-30 14:00:00,NA,NA,NA,NA,NA,NA,NA,NA,NA,NA,NA,NA,0,NA
1876-07-30 21:00:00,NA,NA,NA,NA,NA,NA,NA,NA,NA,NA,NA,NA,0,NA
1876-08-01,NA,NA,NA,NA,NA,NA,0.25,"empty","empty",0,NA,15.44,NA,"rain showers"
1876-08-01 07:00:00,18.33,NA,NA,270,NA,1014.9,NA,NA,NA,NA,16.94,NA,1,NA
1876-08-01 14:00:00,20.56,NA,NA,90,NA,1017.95,NA,NA,NA,NA,18.89,NA,1,",hz"
1876-08-01 21:00:00,17.22,NA,NA,90,NA,1022.69,NA,NA,NA,NA,12.78,NA,1,",hz"
1876-08-02,NA,NA,NA,NA,NA,NA,0,"empty","empty",0,NA,15.5,NA,"empty"
1876-08-02 07:00:00,18.33,270,1,270,NA,1025.4,NA,NA,NA,NA,18.33,NA,1,NA
1876-08-02 14:00:00,21.11,270,1,135,NA,1025.4,NA,NA,NA,NA,19.17,NA,1,NA
1876-08-02 21:00:00,16.67,NA,NA,NA,NA,1025.4,NA,NA,NA,NA,12.22,NA,0,NA
1876-08-03,NA,NA,NA,NA,NA,NA,0,"empty","empty",0,NA,18.44,NA,"empty"
1876-08-03 07:00:00,17.78,270,1,270,NA,1025.74,NA,NA,NA,NA,19.44,NA,1,NA
1876-08-03 14:00:00,22.78,45,1,225,NA,1023.37,NA,NA,NA,NA,22.22,NA,5,NA
1876-08-03 21:00:00,19.44,NA,NA,225,NA,1022.69,NA,NA,NA,NA,16.11,NA,2,NA
1876-08-04,NA,NA,NA,NA,NA,NA,0,"empty","empty",0,NA,19.56,NA,"empty"
1876-08-04 07:00:00,21.11,NA,NA,270,NA,1022.01,NA,NA,NA,NA,20,NA,5,",hz"
1876-08-04 14:00:00,25,NA,NA,225,NA,1021.33,NA,NA,NA,NA,25,NA,2,",hz"
1876-08-04 21:00:00,21.11,NA,NA,225,NA,1021,NA,NA,NA,NA,16.67,NA,2,",hz"
1876-08-05,NA,NA,NA,NA,NA,NA,0,"empty","empty",0,NA,19.72,NA,"empty"
1876-08-05 07:00:00,21.11,NA,NA,270,NA,1022.01,NA,NA,NA,NA,20.56,NA,5,NA
1876-08-05 14:00:00,24.44,NA,NA,270,NA,1022.01,NA,NA,NA,NA,24.44,NA,5,NA
1876-08-05 21:00:00,20.56,NA,NA,270,NA,1022.01,NA,NA,NA,NA,16.94,NA,2,NA
1876-08-06,NA,NA,NA,NA,NA,NA,NA,NA,NA,NA,NA,NA,NA,NA
1876-08-06 07:00:00,NA,NA,NA,NA,NA,NA,NA,NA,NA,NA,NA,NA,0,NA
1876-08-06 14:00:00,NA,NA,NA,NA,NA,NA,NA,NA,NA,NA,NA,NA,0,NA
1876-08-06 21:00:00,NA,NA,NA,NA,NA,NA,NA,NA,NA,NA,NA,NA,0,NA
1876-08-07,NA,NA,NA,NA,NA,NA,0.23,"5.15","empty",0,NA,16.67,NA,"r"
1876-08-07 07:00:00,21.67,45,2,45,NA,1016.93,NA,NA,NA,NA,22.22,NA,5,NA
1876-08-07 14:00:00,21.39,90,5,135,NA,1017.61,NA,NA,NA,NA,18.89,NA,5,NA
1876-08-07 21:00:00,20.56,NA,NA,90,NA,1019.3,NA,NA,NA,NA,12.78,NA,2,",ra"
1876-08-08,NA,NA,NA,NA,NA,NA,5.84,"night",NA,NA,NA,17.61,NA,"rain thunder lightning"
1876-08-08 07:00:00,18.06,NA,NA,225,NA,1018.29,NA,NA,NA,NA,15.56,NA,1,",hz"
1876-08-08 14:00:00,20.56,NA,NA,225,NA,1015.92,NA,NA,NA,NA,20.56,NA,2,NA
1876-08-08 21:00:00,18.89,NA,NA,225,NA,1012.53,NA,NA,NA,NA,17.22,NA,5,NA
1876-08-09,NA,NA,NA,NA,NA,NA,0,"empty","empty",0,NA,21.11,NA,"empty"
1876-08-09 07:00:00,20.28,270,2,270,NA,1012.53,NA,NA,NA,NA,18.89,NA,5,NA
1876-08-09 14:00:00,25.56,NA,NA,270,NA,1012.19,NA,NA,NA,NA,25.56,NA,2,NA
1876-08-09 21:00:00,23.89,NA,NA,270,NA,1012.53,NA,NA,NA,NA,20,NA,1,NA
1876-08-10,NA,NA,NA,NA,NA,NA,0,"empty","empty",0,NA,22.78,NA,"empty"
1876-08-10 07:00:00,22.5,NA,NA,270,NA,1018.96,NA,NA,NA,NA,23.33,NA,5,NA
1876-08-10 14:00:00,27.5,NA,NA,270,NA,1017.95,NA,NA,NA,NA,27.78,NA,2,",hz"
1876-08-10 21:00:00,23.89,NA,NA,270,NA,1017.61,NA,NA,NA,NA,20,NA,2,NA
1876-08-11,NA,NA,NA,NA,NA,NA,0,"empty","empty",0,NA,16.5,NA,"empty"
1876-08-11 07:00:00,22.78,NA,NA,90,NA,1021.33,NA,NA,NA,NA,21.11,NA,1,NA
1876-08-11 14:00:00,22.78,NA,NA,45,NA,1022.01,NA,NA,NA,NA,17.22,NA,5,NA
1876-08-11 21:00:00,18.33,NA,NA,45,NA,1023.71,NA,NA,NA,NA,13.89,NA,2,NA
1876-08-12,NA,NA,NA,NA,NA,NA,0,"empty","empty",0,NA,18.06,NA,"empty"
1876-08-12 07:00:00,18.89,NA,NA,45,NA,1024.72,NA,NA,NA,NA,18.33,NA,2,NA
1876-08-12 14:00:00,22.78,NA,NA,90,NA,1023.71,NA,NA,NA,NA,21.11,NA,2,NA
1876-08-12 21:00:00,20.56,NA,NA,90,NA,1023.03,NA,NA,NA,NA,16.39,NA,1,NA
1876-08-13,NA,NA,NA,NA,NA,NA,0,"empty","empty",0,NA,NA,NA,"empty"
1876-08-13 07:00:00,NA,NA,NA,NA,NA,NA,NA,NA,NA,NA,NA,NA,0,NA
1876-08-13 14:00:00,NA,NA,NA,NA,NA,NA,NA,NA,NA,NA,NA,NA,0,NA
1876-08-13 21:00:00,NA,NA,NA,NA,NA,NA,NA,NA,NA,NA,NA,NA,0,NA
1876-08-14,NA,NA,NA,NA,NA,NA,0,"empty","empty",0,NA,24.17,NA,"empty"
1876-08-14 07:00:00,25,NA,NA,270,NA,1018.96,NA,NA,NA,NA,23.33,NA,1,",hz"
1876-08-14 14:00:00,28.33,NA,NA,225,NA,1017.95,NA,NA,NA,NA,28.89,NA,2,NA
1876-08-14 21:00:00,24.44,NA,NA,225,NA,1014.56,NA,NA,NA,NA,22.22,NA,2,NA
1876-08-15,NA,NA,NA,NA,NA,NA,0,"empty","empty",0,NA,22.61,NA,"empty"
1876-08-15 07:00:00,23.33,NA,NA,225,NA,1014.56,NA,NA,NA,NA,22.78,NA,2,NA
1876-08-15 14:00:00,27.78,NA,NA,225,NA,1014.22,NA,NA,NA,NA,27.22,NA,11,NA
1876-08-15 21:00:00,22.22,NA,NA,270,NA,1012.87,NA,NA,NA,NA,20.28,NA,5,NA
1876-08-16,NA,NA,NA,NA,NA,NA,7.11,"11am","empty",0,NA,16.67,NA,"r"
1876-08-16 07:00:00,22.22,270,1,225,NA,1009.14,NA,NA,NA,NA,23.33,NA,11,NA
1876-08-16 14:00:00,21.67,NA,NA,225,NA,1003.05,NA,NA,NA,NA,22.22,NA,5,",ra"
1876-08-16 21:00:00,18.33,NA,NA,45,NA,1011.85,NA,NA,NA,NA,10.56,NA,11,NA
1876-08-17,NA,NA,NA,NA,NA,NA,0,"empty","empty",0,NA,11.94,NA,"empty"
1876-08-17 07:00:00,15.56,45,1,45,NA,1021.33,NA,NA,NA,NA,12.22,NA,2,NA
1876-08-17 14:00:00,18.33,45,1,45,NA,1022.01,NA,NA,NA,NA,15.56,NA,2,NA
1876-08-17 21:00:00,17.78,NA,NA,NA,NA,1022.69,NA,NA,NA,NA,10,NA,0,NA
1876-08-18,NA,NA,NA,NA,NA,NA,0,"empty","empty",0,NA,13.06,NA,"empty"
1876-08-18 07:00:00,14.44,315,1,270,NA,1022.01,NA,NA,NA,NA,14.17,NA,1,NA
1876-08-18 14:00:00,17.22,135,1,135,NA,1019.98,NA,NA,NA,NA,17.5,NA,2,NA
1876-08-18 21:00:00,14.44,NA,NA,135,NA,1021.33,NA,NA,NA,NA,10,NA,1,NA
1876-08-19,NA,NA,NA,NA,NA,NA,0,"empty","empty",0,NA,13,NA,"empty"
1876-08-19 07:00:00,15,NA,NA,135,NA,1019.64,NA,NA,NA,NA,13.89,NA,1,NA
1876-08-19 14:00:00,16.11,NA,NA,135,NA,1019.64,NA,NA,NA,NA,14.17,NA,2,NA
1876-08-19 21:00:00,15.56,NA,NA,135,NA,1021.67,NA,NA,NA,NA,11.94,NA,2,NA
1876-08-20,NA,NA,NA,NA,NA,NA,0,"empty","empty",0,NA,NA,NA,"empty"
1876-08-20 07:00:00,NA,NA,NA,NA,NA,NA,NA,NA,NA,NA,NA,NA,0,NA
1876-08-20 14:00:00,NA,NA,NA,NA,NA,NA,NA,NA,NA,NA,NA,NA,0,NA
1876-08-20 21:00:00,NA,NA,NA,NA,NA,NA,NA,NA,NA,NA,NA,NA,0,NA
1876-08-21,NA,NA,NA,NA,NA,NA,18.03,"2 pm","night",0,NA,12.28,NA,"hail rain"
1876-08-21 07:00:00,15,NA,NA,135,NA,1013.88,NA,NA,NA,NA,13.33,NA,5,NA
1876-08-21 14:00:00,15.56,NA,NA,135,NA,1010.5,NA,NA,NA,NA,13.61,NA,11,",ra"
1876-08-21 21:00:00,15.56,NA,NA,135,NA,1007.79,NA,NA,NA,NA,11.11,NA,20,",ra"
1876-08-22,NA,NA,NA,NA,NA,NA,0.23,"8am","empty",0,NA,13.17,NA,"misty rain"
1876-08-22 07:00:00,15.56,NA,NA,135,NA,1009.48,NA,NA,NA,NA,13.33,NA,1,",ra"
1876-08-22 14:00:00,18.89,270,1,135,NA,1008.13,NA,NA,NA,NA,16.11,NA,2,NA
1876-08-22 21:00:00,17.22,NA,NA,NA,NA,1008.81,NA,NA,NA,NA,11.67,NA,0,NA
1876-08-23,NA,NA,NA,NA,NA,NA,0.25,"1 pm","empty",0,NA,12.78,NA,"r"
1876-08-23 07:00:00,14.44,NA,NA,225,NA,1011.18,NA,NA,NA,NA,13.89,NA,1,NA
1876-08-23 14:00:00,16.67,NA,NA,135,NA,1012.87,NA,NA,NA,NA,15,NA,2,",ra"
1876-08-23 21:00:00,15.56,NA,NA,NA,NA,1013.21,NA,NA,NA,NA,11.11,NA,0,NA
1876-08-24,NA,NA,NA,NA,NA,NA,0,"empty","empty",0,NA,11.5,NA,"empty"
1876-08-24 07:00:00,16.11,225,1,225,NA,1015.58,NA,NA,NA,NA,10.56,NA,1,NA
1876-08-24 14:00:00,18.89,NA,NA,NA,NA,1017.95,NA,NA,NA,NA,12.22,NA,0,NA
1876-08-24 21:00:00,19.44,NA,NA,NA,NA,1018.29,NA,NA,NA,NA,11.67,NA,0,NA
1876-08-25,NA,NA,NA,NA,NA,NA,1.27,"empty","empty",0,NA,13.56,NA,"showers"
1876-08-25 07:00:00,15.56,NA,NA,270,NA,1018.29,NA,NA,NA,NA,15.56,NA,2,",ra"
1876-08-25 14:00:00,18.33,225,2,225,NA,1016.93,NA,NA,NA,NA,17.5,NA,5,NA
1876-08-25 21:00:00,16.67,NA,NA,270,NA,1016.93,NA,NA,NA,NA,10.56,NA,1,NA
1876-08-26,NA,NA,NA,NA,NA,NA,0,"empty","empty",0,NA,16.94,NA,"empty"
1876-08-26 07:00:00,15.56,270,2,270,NA,1017.61,NA,NA,NA,NA,15,NA,2,NA
1876-08-26 14:00:00,21.11,225,1,225,NA,1017.61,NA,NA,NA,NA,20.56,NA,5,NA
1876-08-26 21:00:00,18.89,NA,NA,NA,NA,1016.26,NA,NA,NA,NA,16.11,NA,0,",hz"
1876-08-27,NA,NA,NA,NA,NA,NA,19.3,"empty","empty",0,NA,NA,NA,"r"
1876-08-27 07:00:00,NA,NA,NA,NA,NA,NA,NA,NA,NA,NA,NA,NA,0,NA
1876-08-27 14:00:00,NA,NA,NA,NA,NA,NA,NA,NA,NA,NA,NA,NA,0,NA
1876-08-27 21:00:00,NA,NA,NA,NA,NA,NA,NA,NA,NA,NA,NA,NA,0,NA
1876-08-28,NA,NA,NA,NA,NA,NA,13.21,"9pm","empty",0,NA,16.67,NA,"r"
1876-08-28 07:00:00,18.33,NA,NA,NA,NA,1014.56,NA,NA,NA,NA,17.22,NA,0,",hz"
1876-08-28 14:00:00,19.44,NA,NA,NA,NA,1015.24,NA,NA,NA,NA,19.44,NA,0,NA
1876-08-28 21:00:00,17.78,NA,NA,NA,NA,1015.24,NA,NA,NA,NA,15,NA,0,",ra"
1876-09-01,NA,NA,NA,NA,NA,NA,0,"empty","empty",0,NA,12.06,NA,"empty"
1876-09-01 07:00:00,19.44,NA,NA,225,NA,1000.68,NA,NA,NA,NA,11.67,NA,1,",hz"
1876-09-01 14:00:00,15,NA,NA,315,NA,1004.4,NA,NA,NA,NA,13.89,NA,2,NA
1876-09-01 21:00:00,13.89,NA,1,315,"315",1007.11,NA,NA,NA,NA,11.11,NA,2,NA
1876-09-02,NA,NA,NA,NA,NA,NA,0,"empty","empty",0,NA,15,NA,"empty"
1876-09-02 07:00:00,13.33,NA,NA,270,NA,1010.5,NA,NA,NA,NA,12.78,NA,2,NA
1876-09-02 14:00:00,17.78,270,1,270,NA,1010.5,NA,NA,NA,NA,17.22,NA,2,NA
1876-09-02 21:00:00,16.11,NA,NA,NA,NA,1010.5,NA,NA,NA,NA,15,NA,0,NA
1876-09-03,NA,NA,NA,NA,NA,NA,3.81,"empty","empty",0,NA,NA,NA,"snow"
1876-09-03 07:00:00,NA,NA,NA,NA,NA,NA,NA,NA,NA,NA,NA,NA,NA,NA
1876-09-03 14:00:00,NA,NA,NA,NA,NA,NA,NA,NA,NA,NA,NA,NA,NA,NA
1876-09-03 21:00:00,NA,NA,NA,NA,NA,NA,NA,NA,NA,NA,NA,NA,NA,NA
1876-09-04,NA,NA,NA,NA,NA,NA,0,"empty","empty",0,NA,12.06,NA,"empty"
1876-09-04 07:00:00,12.22,270,3,270,NA,998.65,NA,NA,NA,NA,12.22,NA,20,NA
1876-09-04 14:00:00,15.56,247.5,3,247.5,NA,1004.06,NA,NA,NA,NA,14.44,NA,16,NA
1876-09-04 21:00:00,13.33,NA,NA,247.5,NA,1004.06,NA,NA,NA,NA,10.56,NA,5,NA
1876-09-05,NA,NA,NA,NA,NA,NA,21.59,"night","8 am",0,NA,13.83,NA,"rain"
1876-09-05 07:00:00,14.44,NA,NA,247.5,NA,1007.79,NA,NA,NA,NA,13.61,NA,5,NA
1876-09-05 14:00:00,18.33,NA,NA,247.5,NA,1011.51,NA,NA,NA,NA,18.33,NA,2,NA
1876-09-05 21:00:00,16.11,NA,NA,90,NA,1012.53,NA,NA,NA,NA,11.67,NA,1,NA
1876-09-06,NA,NA,NA,NA,NA,NA,1.02,"10 am","empty",0,NA,12,NA,"rain"
1876-09-06 07:00:00,15,NA,NA,90,NA,1008.47,NA,NA,NA,NA,12.78,NA,1,",ra"
1876-09-06 14:00:00,16.11,NA,NA,225,NA,1008.13,NA,NA,NA,NA,14.72,NA,5,",ra"
1876-09-06 21:00:00,15.56,NA,NA,247.5,NA,1006.43,NA,NA,NA,NA,10.28,NA,2,NA
1876-09-07,NA,NA,NA,NA,NA,NA,6.35,"10 am","3 pm",0,NA,11.11,NA,"rain"
1876-09-07 07:00:00,12.78,NA,NA,135,NA,1006.43,NA,NA,NA,NA,11.67,NA,1,NA
1876-09-07 14:00:00,15,247.5,1,247.5,NA,1004.74,NA,NA,NA,NA,13.89,NA,2,NA
1876-09-07 21:00:00,12.78,NA,NA,225,NA,1004.74,NA,NA,NA,NA,9.44,NA,1,NA
1876-09-08,NA,NA,NA,NA,NA,NA,0.23,"empty","empty",0,NA,10.28,NA,"rain | misty"
1876-09-08 07:00:00,12.22,NA,NA,0,NA,1008.13,NA,NA,NA,NA,11.11,NA,2,NA
1876-09-08 14:00:00,13.33,225,2,315,NA,1009.48,NA,NA,NA,NA,12.78,NA,5,NA
1876-09-08 21:00:00,12.22,NA,NA,270,NA,1013.21,NA,NA,NA,NA,9.72,NA,1,NA
1876-09-09,NA,NA,NA,NA,NA,NA,0,"6 pm","empty",0,NA,9.56,NA,"rain"
1876-09-09 07:00:00,11.11,NA,NA,225,NA,1013.21,NA,NA,NA,NA,11.11,NA,1,NA
1876-09-09 14:00:00,14.44,NA,NA,135,NA,1012.53,NA,NA,NA,NA,11.11,NA,2,",hz"
1876-09-09 21:00:00,13.33,NA,NA,90,NA,1008.13,NA,NA,NA,NA,8.06,NA,27,",ra"
1876-09-10,NA,NA,NA,NA,NA,NA,41.91,"empty","night",0,NA,8.06,NA,"rain"
1876-09-10 07:00:00,11.11,NA,NA,45,NA,NA,NA,NA,NA,NA,8.06,NA,20,",ra"
1876-09-10 14:00:00,NA,NA,NA,45,NA,NA,NA,NA,NA,NA,8.06,NA,16,",ra"
1876-09-10 21:00:00,NA,NA,NA,45,NA,NA,NA,NA,NA,NA,8.06,NA,16,",ra"
1876-09-11,NA,NA,NA,NA,NA,NA,0.51,"empty","empty",0,NA,9,NA,"misty rain"
1876-09-11 07:00:00,11.11,NA,NA,270,NA,982.39,NA,NA,NA,NA,8.89,NA,2,",ra"
1876-09-11 14:00:00,11.67,NA,NA,270,NA,985.78,NA,NA,NA,NA,11.11,NA,5,",ra"
1876-09-11 21:00:00,10,NA,NA,270,NA,993.91,NA,NA,NA,NA,8.06,NA,16,",hz"
1876-09-12,NA,NA,NA,NA,NA,NA,0,"empty","empty",0,NA,8.89,NA,"empty"
1876-09-12 07:00:00,9.44,270,3,270,NA,1004.06,NA,NA,NA,NA,8.89,NA,11,NA
1876-09-12 14:00:00,14.44,315,3,270,NA,1006.1,NA,NA,NA,NA,12.22,NA,11,NA
1876-09-12 21:00:00,11.11,NA,NA,315,NA,1008.47,NA,NA,NA,NA,7.22,NA,5,NA
1876-09-13,NA,NA,NA,NA,NA,NA,0,"empty","empty",0,NA,10.94,NA,"empty"
1876-09-13 07:00:00,11.11,247.5,2,247.5,NA,1010.5,NA,NA,NA,NA,9.44,NA,5,NA
1876-09-13 14:00:00,14.44,NA,NA,247.5,NA,1010.16,NA,NA,NA,NA,13.33,NA,5,NA
1876-09-13 21:00:00,13.33,NA,NA,225,NA,1013.21,NA,NA,NA,NA,10.56,NA,2,NA
1876-09-14,NA,NA,NA,NA,NA,NA,0,"empty","empty",0,NA,11.39,NA,"empty"
1876-09-14 07:00:00,11.11,NA,NA,315,NA,1018.29,NA,NA,NA,NA,9.44,NA,1,NA
1876-09-14 14:00:00,13.33,315,1,315,NA,1020.32,NA,NA,NA,NA,15.56,NA,2,NA
1876-09-14 21:00:00,14.44,NA,NA,315,NA,1022.01,NA,NA,NA,NA,10.28,NA,2,NA
1876-09-15,NA,NA,NA,NA,NA,NA,0,"empty","empty",0,NA,12.28,NA,"empty"
1876-09-15 07:00:00,12.78,NA,NA,247.5,NA,1023.37,NA,NA,NA,NA,11.11,NA,1,NA
1876-09-15 14:00:00,18.61,247.5,1,247.5,NA,1022.69,NA,NA,NA,NA,16.94,NA,5,NA
1876-09-15 21:00:00,14.44,NA,NA,225,NA,1022.69,NA,NA,NA,NA,10.56,NA,5,NA
1876-09-16,NA,NA,NA,NA,NA,NA,12.7,"night","8 am",0,NA,10.28,NA,"rain"
1876-09-16 07:00:00,13.06,NA,NA,247.5,NA,1012.19,NA,NA,NA,NA,11.67,NA,1,",hz"
1876-09-16 14:00:00,16.67,247.5,4,247.5,NA,1008.13,NA,NA,NA,NA,15,NA,2,NA
1876-09-16 21:00:00,13.89,NA,NA,NA,NA,1014.9,NA,NA,NA,NA,7.22,NA,0,NA
1876-09-17,NA,NA,NA,NA,NA,NA,0.51,"night","empty",0,NA,NA,NA,"rain"
1876-09-17 07:00:00,9.44,NA,NA,315,NA,1017.27,NA,NA,NA,NA,6.67,NA,11,NA
1876-09-17 14:00:00,13.89,NA,NA,315,NA,1017.27,NA,NA,NA,NA,NA,NA,11,NA
1876-09-17 21:00:00,11.67,NA,NA,0,NA,1017.61,NA,NA,NA,NA,NA,NA,16,NA
1876-09-18,NA,NA,NA,NA,NA,NA,0,"empty","empty",0,NA,9,NA,"empty"
1876-09-18 07:00:00,10,NA,NA,45,NA,1020.32,NA,NA,NA,NA,7.78,NA,NA,",hz"
1876-09-18 14:00:00,14.44,45,3,45,NA,1020.32,NA,NA,NA,NA,11.67,NA,11,NA
1876-09-18 21:00:00,10.56,NA,NA,45,NA,1020.32,NA,NA,NA,NA,8.33,NA,16,NA
1876-09-19,NA,NA,NA,NA,NA,NA,0,"empty","empty",0,NA,7.89,NA,"empty"
1876-09-19 07:00:00,10.03,NA,NA,45,NA,1017.95,NA,NA,NA,NA,7.22,NA,11,",hz"
1876-09-19 14:00:00,12.22,NA,NA,45,NA,1018.96,NA,NA,NA,NA,9.44,NA,5,",hz"
1876-09-19 21:00:00,10.56,NA,NA,45,NA,1019.3,NA,NA,NA,NA,7.5,NA,11,",hz"
1876-09-20,NA,NA,NA,NA,NA,NA,0,"empty","empty",0,NA,7.33,NA,"empty"
1876-09-20 07:00:00,10.56,45,2,45,NA,1024.04,NA,NA,NA,NA,7.78,NA,5,NA
1876-09-20 14:00:00,14.44,45,2,45,NA,1025.4,NA,NA,NA,NA,10.56,NA,1,NA
1876-09-20 21:00:00,10.56,NA,NA,NA,NA,1025.4,NA,NA,NA,NA,5.56,NA,0,NA
1876-09-21,NA,NA,NA,NA,NA,NA,0,"empty","empty",0,NA,9.28,NA,"empty"
1876-09-21 07:00:00,9.44,NA,NA,225,NA,1026.08,NA,NA,NA,NA,6.11,NA,1,NA
1876-09-21 14:00:00,14.44,NA,NA,45,NA,1024.38,NA,NA,NA,NA,14.44,NA,2,NA
1876-09-21 21:00:00,12.78,NA,NA,315,NA,1023.37,NA,NA,NA,NA,8.33,NA,1,NA
1876-09-22,NA,NA,NA,NA,NA,NA,0,"empty","empty",0,NA,7.06,NA,"empty"
1876-09-22 07:00:00,10,45,2,45,NA,1024.72,NA,NA,NA,NA,6.11,NA,1,NA
1876-09-22 14:00:00,15,NA,NA,45,NA,1024.38,NA,NA,NA,NA,10,NA,2,NA
1876-09-22 21:00:00,12.78,NA,NA,NA,NA,1022.69,NA,NA,NA,NA,5.56,NA,0,NA
1876-09-23,NA,NA,NA,NA,NA,NA,2.54,"9:30 am","night",0,NA,8.11,NA,"rain"
1876-09-23 07:00:00,10.56,NA,NA,225,NA,1015.92,NA,NA,NA,NA,9.44,NA,1,",hz"
1876-09-23 14:00:00,13.33,NA,NA,NA,NA,1015.24,NA,NA,NA,NA,11.94,NA,0,",fg"
1876-09-23 21:00:00,11.67,NA,NA,135,NA,1015.58,NA,NA,NA,NA,5.56,NA,2,NA
1876-09-24 07:00:00,NA,NA,NA,NA,NA,NA,NA,NA,NA,NA,NA,NA,NA,NA
1876-09-24 14:00:00,NA,NA,NA,NA,NA,NA,NA,NA,NA,NA,NA,NA,NA,NA
1876-09-24 21:00:00,NA,NA,NA,NA,NA,NA,NA,NA,NA,NA,NA,NA,NA,NA
1876-09-25,NA,NA,NA,NA,NA,NA,1.02,"night","empty",0,NA,8.94,NA,"rain"
1876-09-25 07:00:00,10,225,1,225,NA,1020.32,NA,NA,NA,NA,6.11,NA,1,NA
1876-09-25 14:00:00,16.67,NA,NA,135,NA,1020.32,NA,NA,NA,NA,10.83,NA,1,NA
1876-09-25 21:00:00,13.33,NA,NA,NA,NA,1020.32,NA,NA,NA,NA,9.44,NA,0,NA
1876-09-26,NA,NA,NA,NA,NA,NA,0,"empty","empty",0,NA,8.89,NA,"empty"
1876-09-26 07:00:00,10.56,NA,NA,225,NA,1020.66,NA,NA,NA,NA,8.89,NA,1,NA
1876-09-26 14:00:00,15.56,NA,NA,NA,NA,1020.66,NA,NA,NA,NA,14.44,NA,0,NA
1876-09-26 21:00:00,12.22,NA,NA,NA,NA,1020.32,NA,NA,NA,NA,6.11,NA,0,NA
1876-09-27,NA,NA,NA,NA,NA,NA,0,"empty","empty",0,NA,7.61,NA,"empty"
1876-09-27 07:00:00,10.56,NA,NA,135,NA,1019.98,NA,NA,NA,NA,7.78,NA,1,NA
1876-09-27 14:00:00,13.89,NA,NA,135,NA,1019.3,NA,NA,NA,NA,8.89,NA,2,NA
1876-09-27 21:00:00,11.11,NA,NA,NA,NA,1022.69,NA,NA,NA,NA,6.94,NA,0,",hz"
1876-09-28,NA,NA,NA,NA,NA,NA,7.37,"12.30 pm","9 pm",0,NA,8.17,NA,"rain"
1876-09-28 07:00:00,10.56,NA,NA,135,NA,1023.37,NA,NA,NA,NA,6.11,NA,1,",hz"
1876-09-28 14:00:00,12.22,NA,NA,135,NA,1019.98,NA,NA,NA,NA,10,NA,1,",ra"
1876-09-28 21:00:00,11.11,NA,NA,135,NA,1018.29,NA,NA,NA,NA,7.78,NA,2,",ra"
1876-09-29,NA,NA,NA,NA,NA,NA,0,"empty","empty",0,NA,9.78,NA,"empty"
1876-09-29 07:00:00,11.11,NA,NA,225,NA,1020.32,NA,NA,NA,NA,7.5,NA,1,NA
1876-09-29 14:00:00,17.22,NA,NA,270,NA,1023.03,NA,NA,NA,NA,13.33,NA,5,NA
1876-09-29 21:00:00,12.22,NA,NA,225,NA,1023.37,NA,NA,NA,NA,7.78,NA,2,NA
1876-09-30,NA,NA,NA,NA,NA,NA,41.66,"4:15 pm","night",0,NA,8.89,NA,"rain"
1876-09-30 07:00:00,12.22,NA,NA,225,NA,1025.74,NA,NA,NA,NA,9.44,NA,1,",hz"
1876-09-30 14:00:00,12.78,NA,NA,135,NA,1017.95,NA,NA,NA,NA,9.44,NA,1,",ra"
1876-09-30 21:00:00,12.22,NA,NA,135,NA,1012.53,NA,NA,NA,NA,8.33,NA,5,",ra"
1876-10-01,NA,NA,NA,NA,NA,NA,3.05,"night","empty",0,NA,NA,NA,"r"
1876-10-01 07:00:00,NA,NA,NA,NA,NA,NA,NA,NA,NA,NA,NA,NA,0,NA
1876-10-01 14:00:00,NA,NA,NA,NA,NA,NA,NA,NA,NA,NA,NA,NA,0,NA
1876-10-01 21:00:00,NA,NA,NA,NA,NA,NA,NA,NA,NA,NA,NA,NA,0,NA
1876-10-02,NA,NA,NA,NA,NA,NA,0,NA,NA,0,NA,9.67,NA,"empty"
1876-10-02 07:00:00,13.89,270,3,270,NA,1003.05,NA,NA,NA,NA,12.5,NA,16,NA
1876-10-02 14:00:00,16.67,270,1,225,NA,1005.76,NA,NA,NA,NA,13.89,NA,2,NA
1876-10-02 21:00:00,13.06,NA,NA,225,NA,1007.79,NA,NA,NA,NA,8.89,NA,2,NA
1876-10-03,NA,NA,NA,NA,NA,NA,0,"empty","empty",0,NA,8.72,NA,"rain"
1876-10-03 07:00:00,12.22,270,2,270,NA,1009.14,NA,NA,NA,NA,8.89,NA,2,NA
1876-10-03 14:00:00,13.33,270,2,270,NA,1013.21,NA,NA,NA,NA,12.22,NA,5,NA
1876-10-03 21:00:00,12.22,NA,NA,NA,NA,1017.95,NA,NA,NA,NA,6.94,NA,0,NA
1876-10-04,NA,NA,NA,NA,NA,NA,0,"empty","empty",0,NA,8.44,NA,"empty"
1876-10-04 07:00:00,13.89,270,2,270,NA,1018.63,NA,NA,NA,NA,9.44,NA,2,NA
1876-10-04 14:00:00,16.11,270,2,270,NA,1019.98,NA,NA,NA,NA,12.22,NA,5,NA
1876-10-04 21:00:00,12.22,NA,NA,270,NA,1020.66,NA,NA,NA,NA,6.11,NA,1,NA
1876-10-05,NA,NA,NA,NA,NA,NA,2.29,"night","night",0,NA,10.39,NA,"r"
1876-10-05 07:00:00,10.56,NA,NA,270,NA,1021,NA,NA,NA,NA,8.89,NA,2,NA
1876-10-05 14:00:00,16.67,225,3,225,NA,1021,NA,NA,NA,NA,9.44,NA,5,NA
1876-10-05 21:00:00,15,NA,NA,225,NA,1021.33,NA,NA,NA,NA,11.67,NA,5,",hz"
1876-10-06,NA,NA,NA,NA,NA,NA,10.16,"night","night",0,NA,9.44,NA,"r"
1876-10-06 07:00:00,14.44,NA,NA,270,NA,1013.21,NA,NA,NA,NA,13.33,NA,2,",hz"
1876-10-06 14:00:00,17.78,NA,NA,225,NA,1013.88,NA,NA,NA,NA,13.33,NA,1,NA
1876-10-06 21:00:00,13.33,NA,NA,NA,NA,1013.88,NA,NA,NA,NA,5.56,NA,0,NA
1876-10-07,NA,NA,NA,NA,NA,NA,1.52,"9 am","empty",0,NA,11.94,NA,"misty rain"
1876-10-07 07:00:00,11.67,NA,NA,45,NA,1002.37,NA,NA,NA,NA,9.44,NA,1,",hz"
1876-10-07 14:00:00,16.11,NA,NA,225,NA,997.97,NA,NA,NA,NA,15,NA,5,",hz"
1876-10-07 21:00:00,14.44,NA,NA,225,NA,993.57,NA,NA,NA,NA,11.67,NA,11,",hz"
1876-10-08 07:00:00,NA,NA,NA,NA,NA,NA,NA,NA,NA,NA,NA,NA,NA,NA
1876-10-08 14:00:00,NA,NA,NA,NA,NA,NA,NA,NA,NA,NA,NA,NA,NA,NA
1876-10-08 21:00:00,NA,NA,NA,NA,NA,NA,NA,NA,NA,NA,NA,NA,NA,NA
1876-10-09,NA,NA,NA,NA,NA,NA,5.84,"11:15 am","empty",0,NA,4.72,NA,"r"
1876-10-09 07:00:00,8.33,270,2,270,NA,1008.47,NA,NA,NA,NA,7.22,NA,5,NA
1876-10-09 14:00:00,9.44,NA,NA,270,NA,1005.08,NA,NA,NA,NA,8.33,NA,5,",ra"
1876-10-09 21:00:00,5.83,NA,NA,270,NA,1010.5,NA,NA,NA,NA,1.67,NA,2,NA
1876-10-10,NA,NA,NA,NA,NA,NA,1.27,"8:30 pm","night",0,NA,5.06,NA,"hail"
1876-10-10 07:00:00,5.83,NA,NA,315,NA,1015.92,NA,NA,NA,NA,4.44,NA,11,NA
1876-10-10 14:00:00,10.56,270,3,270,NA,1015.92,NA,NA,NA,NA,8.06,NA,16,NA
1876-10-10 21:00:00,8.33,NA,NA,225,NA,1015.92,NA,NA,NA,NA,3.89,NA,1,",hz"
1876-10-11,NA,NA,NA,NA,NA,NA,0.23,"8 am","empty",0,NA,8.83,NA,"r"
1876-10-11 07:00:00,9.44,NA,NA,135,NA,1002.71,NA,NA,NA,NA,9.17,NA,2,",hz"
1876-10-11 14:00:00,8.33,NA,NA,225,NA,994.58,NA,NA,NA,NA,7.78,NA,16,",ra"
1876-10-11 21:00:00,11.11,NA,NA,225,NA,995.26,NA,NA,NA,NA,9.17,NA,11,",hz"
1876-10-12,NA,NA,NA,NA,NA,NA,0,"empty","empty",0.23,NA,4.83,NA,"fresh snow"
1876-10-12 07:00:00,5.56,315,4,315,NA,997.63,NA,NA,NA,NA,5.56,NA,16,NA
1876-10-12 14:00:00,9.44,315,4,315,NA,1001.36,NA,NA,NA,NA,7.22,NA,16,NA
1876-10-12 21:00:00,7.78,NA,NA,315,NA,1007.79,NA,NA,NA,NA,3.33,NA,16,NA
1876-10-13,NA,NA,NA,NA,NA,NA,1.27,"9:30 pm","empty",0,NA,6.39,NA,"empty"
1876-10-13 07:00:00,8.33,315,3,270,NA,1010.5,NA,NA,NA,NA,5.56,NA,16,NA
1876-10-13 14:00:00,9.44,315,3,270,NA,1009.82,NA,NA,NA,NA,7.78,NA,11,NA
1876-10-13 21:00:00,8.89,NA,NA,225,NA,1006.77,NA,NA,NA,NA,6.11,NA,5,NA
1876-10-14,NA,NA,NA,NA,NA,NA,0,"empty","empty",0,NA,5.67,NA,"empty"
1876-10-14 07:00:00,7.5,270,1,315,NA,1009.48,NA,NA,NA,NA,3.33,NA,16,NA
1876-10-14 14:00:00,12.22,NA,NA,315,NA,1010.84,NA,NA,NA,NA,7.22,NA,11,NA
1876-10-14 21:00:00,8.89,NA,NA,225,NA,1011.51,NA,NA,NA,NA,3.89,NA,1,NA
1876-10-15,NA,NA,NA,NA,NA,NA,NA,NA,NA,NA,NA,NA,NA,NA
1876-10-15 07:00:00,NA,NA,NA,NA,NA,NA,NA,NA,NA,NA,NA,NA,NA,NA
1876-10-15 14:00:00,NA,NA,NA,NA,NA,NA,NA,NA,NA,NA,NA,NA,NA,NA
1876-10-15 21:00:00,NA,NA,NA,NA,NA,NA,NA,NA,NA,NA,NA,NA,NA,NA
1876-10-16,NA,NA,NA,NA,NA,NA,10.92,"night","empty",10.92,NA,6.67,NA,"rain"
1876-10-16 07:00:00,9.17,NA,NA,270,NA,994.92,NA,NA,NA,NA,9.44,NA,11,NA
1876-10-16 14:00:00,12.22,247.5,4,270,NA,994.92,NA,NA,NA,NA,7.78,NA,16,NA
1876-10-16 21:00:00,8.89,NA,NA,247.5,NA,994.92,NA,NA,NA,NA,4.72,NA,16,NA
1876-10-17,NA,NA,NA,NA,NA,NA,3.56,"1:30","empty",0,NA,6.22,NA,"empty"
1876-10-17 07:00:00,7.22,270,3,270,NA,997.97,NA,NA,NA,NA,5.56,NA,11,NA
1876-10-17 14:00:00,8.89,247.5,3,247.5,NA,997.97,NA,NA,NA,NA,7.22,NA,11,NA
1876-10-17 21:00:00,8.33,NA,NA,315,NA,997.97,NA,NA,NA,NA,6.11,NA,2,NA
1876-10-18,NA,NA,NA,NA,NA,NA,0.23,"empty","empty",0,NA,4.44,NA,"showers"
1876-10-18 07:00:00,8.33,270,1,270,NA,996.95,NA,NA,NA,NA,4.44,NA,5,NA
1876-10-18 14:00:00,11.67,270,4,270,NA,996.61,NA,NA,NA,NA,7.78,NA,11,NA
1876-10-18 21:00:00,8.33,NA,NA,315,NA,998.65,NA,NA,NA,NA,2.78,NA,2,NA
1876-10-19,NA,NA,NA,NA,NA,NA,0,"empty","empty",0,NA,4.72,NA,"empty"
1876-10-19 07:00:00,7.78,NA,NA,270,NA,1001.02,NA,NA,NA,NA,4.44,NA,5,NA
1876-10-19 14:00:00,12.22,NA,NA,225,NA,1004.74,NA,NA,NA,NA,6.67,NA,1,NA
1876-10-19 21:00:00,10,NA,NA,135,NA,1012.87,NA,NA,NA,NA,3.89,NA,1,NA
1876-10-20,NA,NA,NA,NA,NA,NA,2.79,"6:30 pm","night",0,NA,4.67,NA,"rain"
1876-10-20 07:00:00,8.33,315,2,315,NA,1016.59,NA,NA,NA,NA,3.33,NA,2,NA
1876-10-20 14:00:00,12.78,NA,NA,315,NA,1015.58,NA,NA,NA,NA,6.39,NA,5,NA
1876-10-20 21:00:00,8.89,NA,NA,225,NA,1014.56,NA,NA,NA,NA,4.44,NA,1,",ra"
1876-10-21,NA,NA,NA,NA,NA,NA,0,"empty","empty",0,NA,1.94,NA,"empty"
1876-10-21 07:00:00,8.33,315,1,315,NA,1017.27,NA,NA,NA,NA,3.89,NA,2,NA
1876-10-21 14:00:00,8.89,NA,NA,135,NA,1018.29,NA,NA,NA,NA,3.89,NA,1,NA
1876-10-21 21:00:00,7.22,NA,NA,NA,NA,1021.33,NA,NA,NA,NA,0,NA,0,NA
1876-10-22,NA,NA,NA,NA,NA,NA,5.59,"night","empty",0,NA,NA,NA,"empty"
1876-10-22 07:00:00,NA,NA,NA,NA,NA,NA,NA,NA,NA,NA,NA,NA,NA,NA
1876-10-22 14:00:00,NA,NA,NA,NA,NA,NA,NA,NA,NA,NA,NA,NA,NA,NA
1876-10-22 21:00:00,NA,NA,NA,NA,NA,NA,NA,NA,NA,NA,NA,NA,NA,NA
1876-10-23,NA,NA,NA,NA,NA,NA,1.27,"9 am","light",0,NA,5.83,NA,"empty"
1876-10-23 07:00:00,7.22,NA,NA,225,NA,1013.88,NA,NA,NA,NA,3.89,NA,2,",ra"
1876-10-23 14:00:00,9.44,NA,NA,225,NA,1012.19,NA,NA,NA,NA,8.89,NA,1,",hz"
1876-10-23 21:00:00,9.44,NA,NA,45,NA,1017.95,NA,NA,NA,NA,5.28,NA,1,",hz"
1876-10-24,NA,NA,NA,NA,NA,NA,0,"empty","empty",0,NA,7.17,NA,"empty"
1876-10-24 07:00:00,7.78,NA,NA,90,NA,1021.33,NA,NA,NA,NA,4.44,NA,1,",hz"
1876-10-24 14:00:00,9.44,NA,NA,NA,NA,1019.64,NA,NA,NA,NA,8.06,NA,0,",fg"
1876-10-24 21:00:00,10,NA,NA,225,NA,1015.92,NA,NA,NA,NA,8.06,NA,5,",hz"
1876-10-25,NA,NA,NA,NA,NA,NA,0.23,"empty","empty",0,NA,10.67,NA,"rain  | misty"
1876-10-25 07:00:00,10,NA,NA,225,NA,1007.79,NA,NA,NA,NA,10,NA,1,NA
1876-10-25 14:00:00,11.67,NA,NA,135,NA,1002.03,NA,NA,NA,NA,NA,NA,5,",hz"
1876-10-25 21:00:00,12.22,NA,NA,NA,NA,1000,NA,NA,NA,NA,10.56,NA,0,",hz"
1876-10-26,NA,NA,NA,NA,NA,NA,0.23,"empty","empty",0,NA,10,NA,"rain | misty"
1876-10-26 07:00:00,13.33,NA,NA,225,NA,1010.5,NA,NA,NA,NA,7.78,NA,NA,NA
1876-10-26 14:00:00,15,NA,NA,225,NA,1013.21,NA,NA,NA,NA,12.22,NA,2,",hz"
1876-10-26 21:00:00,14.44,NA,NA,NA,NA,1013.88,NA,NA,NA,NA,10,NA,0,",hz"
1876-10-27,NA,NA,NA,NA,NA,NA,22.1,"7:30 pm","night",0,NA,7.5,NA,"rain light snow"
1876-10-27 07:00:00,13.33,315,1,NA,NA,1018.63,NA,NA,NA,NA,7.22,NA,NA,NA
1876-10-27 14:00:00,13.33,NA,NA,225,NA,1019.64,NA,NA,NA,NA,10,NA,5,NA
1876-10-27 21:00:00,12.22,NA,NA,90,NA,1015.92,NA,NA,NA,NA,6.39,NA,5,",ra"
1876-10-28,NA,NA,NA,NA,NA,NA,4.83,"empty","empty",0,NA,6.5,NA,"rain light snow"
1876-10-28 07:00:00,9.44,NA,NA,NA,NA,986.12,NA,NA,NA,NA,9.44,NA,11,",hz"
1876-10-28 14:00:00,10,NA,NA,225,NA,980.02,NA,NA,NA,NA,7.78,NA,20,NA
1876-10-28 21:00:00,7.22,NA,NA,270,NA,994.24,NA,NA,NA,NA,4.44,NA,16,NA
1876-10-29 07:00:00,NA,NA,NA,NA,NA,NA,NA,NA,NA,NA,NA,NA,NA,NA
1876-10-29 14:00:00,NA,NA,NA,NA,NA,NA,NA,NA,NA,NA,NA,NA,NA,NA
1876-10-29 21:00:00,NA,NA,NA,NA,NA,NA,NA,NA,NA,NA,NA,NA,NA,NA
1876-10-30,NA,NA,NA,NA,NA,NA,0,"empty","empty",0,NA,1.67,NA,"empty"
1876-10-30 07:00:00,6.67,NA,NA,270,NA,1007.79,NA,NA,NA,NA,1.11,NA,1,NA
1876-10-30 14:00:00,9.44,225,2,NA,NA,1007.79,NA,NA,NA,NA,5.56,NA,2,NA
1876-10-30 21:00:00,7.22,NA,NA,135,NA,1012.53,NA,NA,NA,NA,0,NA,1,NA
1876-10-31,NA,NA,NA,NA,NA,NA,0,"empty","empty",0.23,NA,2.5,NA,"empty"
1876-10-31 07:00:00,5.56,NA,NA,180,NA,1014.56,NA,NA,NA,NA,0,NA,1,NA
1876-10-31 14:00:00,7.78,90,1,NA,NA,1014.56,NA,NA,NA,NA,4.72,NA,2,NA
1876-10-31 21:00:00,7.78,NA,1,90,"90",1014.56,NA,NA,NA,NA,1.11,NA,1,NA
