"stationName","latitude","longitude","elevation","timeZone","UTCoffset","WMOID","MSCID"
"Montreal","45.5","-73.6","17.4","America/Montreal","5","71612","7025280"
"Short_Name","What","Material","Error","Units","Seasonality","Data_Type","Detail","Method","Data_Format","Additional_Information"
"atb","temperature","atmospheric material",NA,"C","sub-daily","instrumental","original_observation","field method","n",NA
"cd","wind direction","atmospheric material",NA,"degrees","sub-daily","historical","original_observation","field method","n",NA
"cv","wind speed","atmospheric material",NA,"okta","sub-daily","historical","original_observation","field method","n",NA
"dd","wind direction","atmospheric material",NA,"degrees","sub-daily","historical","original_observation","field method","n",NA
"e","specific humidity","atmospheric material",NA,"hPa","sub-daily","instrumental","original_observation","field method","n",NA
"hd","wind direction","atmospheric material",NA,"degrees","sub-daily","historical","original_observation","field method","n",NA
"p","surface pressure","atmospheric material",NA,"hPa","sub-daily","instrumental","original_observation","field method","n",NA
"pr","precipitation","precipitation",NA,"mm","sub-daily","instrumental","original_observation","field method","n",NA
"ptb","hour","precipitation",NA,"hh:mm","sub-daily","historical","original_observation","field method","n",NA
"pte","hour","precipitation",NA,"hh:mm","sub-daily","historical","original_observation","field method","n",NA
"rh","relative humidity","atmospheric material",NA,"%","sub-daily","instrumental","original_observation","field method","n",NA
"sd","snowfall","precipitation",NA,"cm","sub-daily","instrumental","original_observation","field method","n",NA
"ta","air temperature","atmospheric material",NA,"C","sub-daily","instrumental","original_observation","field method","n",NA
"ta_mean","air temperature","atmospheric material",NA,"C","daily","instrumental","mean","computational method","n",NA
"tb","humidity","atmospheric material",NA,"C","sub-daily","instrumental","original_observation","field method","n",NA
"tdb","temperature","atmospheric material",NA,"C","sub-daily","instrumental","original_observation","field method","n",NA
"w","wind speed","atmospheric material",NA,"mps","sub-daily","instrumental","original_observation","field method","n",NA
"ObservationDate","atb","cd","cv","dd","e","hd","p","pr","ptb","pte","rh","sd","ta","ta_mean","tb","tdb","w"
1855-09-01,NA,NA,NA,NA,NA,NA,NA,4.32,"11:30am","empty",NA,NA,NA,20,NA,NA,NA
1855-09-01 07:00:00,17.78,225,1,157.5,11.85,NA,1014.9,NA,NA,NA,70.2,NA,15.56,NA,12.22,15.56,1
1855-09-01 14:00:00,19.44,225,2,135,13.88,NA,1008.81,NA,NA,NA,66,NA,22.22,NA,18.89,22.22,1
1855-09-01 21:00:00,22.78,225,2,225,20.22,NA,1008.13,NA,NA,NA,75.8,NA,22.41,NA,19.44,22.78,5
1855-09-02,NA,NA,NA,NA,NA,NA,NA,0.51,"empty","empty",NA,NA,NA,17.78,NA,NA,NA
1855-09-02 07:00:00,22.22,225,2,337.5,14.66,NA,1010.5,NA,NA,NA,65.2,NA,19.86,NA,15.56,20,2
1855-09-02 14:00:00,20.56,315,3,315,8.57,NA,1013.88,NA,NA,NA,40,NA,19.44,NA,14.44,19.44,11
1855-09-02 21:00:00,18.33,315,2,315,7.62,NA,1018.96,NA,NA,NA,47.9,NA,14.31,NA,8.89,13.89,2
1855-09-03,NA,NA,NA,NA,NA,NA,NA,0,"empty","empty",NA,NA,NA,13.33,NA,NA,NA
1855-09-03 07:00:00,18.89,315,2,315,7.45,NA,1020.32,NA,NA,NA,59.2,NA,10.56,NA,7.22,10.56,2
1855-09-03 14:00:00,17.78,315,3,22.5,8.43,NA,1018.63,NA,NA,NA,46.7,NA,16.53,NA,10.56,16.67,2
1855-09-03 21:00:00,17.78,NA,0,22.5,8.97,NA,1018.96,NA,NA,NA,58,NA,14.17,NA,10,14.44,1
1855-09-04,NA,NA,NA,NA,NA,NA,NA,0,"empty","empty",NA,NA,NA,16.11,NA,NA,NA
1855-09-04 07:00:00,17.78,NA,0,0,13.51,NA,1022.01,NA,NA,NA,88,NA,13.33,NA,12.22,13.33,5
1855-09-04 14:00:00,17.78,NA,0,0,11.78,NA,1019.98,NA,NA,NA,53,NA,20,NA,13.89,20,5
1855-09-04 21:00:00,18.33,NA,0,0,11.85,NA,1024.38,NA,NA,NA,68.4,NA,16.25,NA,12.22,15.56,0
1855-09-05,NA,NA,NA,NA,NA,NA,NA,0,"empty","empty",NA,NA,NA,16.67,NA,NA,NA
1855-09-05 07:00:00,18.33,NA,0,0,13.51,NA,1026.75,NA,NA,NA,88,NA,13.33,NA,12.22,13.33,1
1855-09-05 14:00:00,18.89,NA,0,180,10.33,NA,1024.72,NA,NA,NA,53.9,NA,21.67,NA,15.56,21.67,0
1855-09-05 21:00:00,19.44,NA,0,0,10.33,NA,1024.72,NA,NA,NA,78.6,NA,15.56,NA,13.33,15.56,0
1855-09-06,NA,NA,NA,NA,NA,NA,NA,0,"empty","empty",NA,NA,NA,18.89,NA,NA,NA
1855-09-06 07:00:00,19.44,NA,0,0,12.12,NA,1025.06,NA,NA,NA,78.4,NA,13.89,NA,11.67,13.89,0
1855-09-06 14:00:00,20.56,NA,0,247.5,16.39,NA,1024.04,NA,NA,NA,58.6,NA,23.89,NA,17.78,23.89,0
1855-09-06 21:00:00,21.11,NA,0,247.5,15.27,NA,1023.71,NA,NA,NA,72.4,NA,18.89,NA,15.56,18.89,0
1855-09-07,NA,NA,NA,NA,NA,NA,NA,0,"2.35pm","empty",NA,NA,NA,20,NA,NA,NA
1855-09-07 07:00:00,20.56,NA,0,247.5,13.61,NA,1023.03,NA,NA,NA,83.1,NA,14.72,NA,12.78,14.44,0
1855-09-07 14:00:00,21.11,315,1,247.5,15.14,NA,1018.96,NA,NA,NA,32.1,NA,23.33,NA,12.78,23.33,11
1855-09-07 21:00:00,21.67,315,2,247.5,9.41,NA,1016.59,NA,NA,NA,40.5,NA,20.97,NA,12.78,21.11,5
1855-09-08,NA,NA,NA,NA,NA,NA,NA,0.51,"2am","[mid day]",NA,NA,NA,21.67,NA,NA,NA
1855-09-08 07:00:00,21.67,315,2,292.5,20.49,NA,1016.59,NA,NA,NA,95.1,NA,18.89,NA,18.33,18.89,1
1855-09-08 14:00:00,22.22,315,0,292.5,22.82,NA,1015.58,NA,NA,NA,81,NA,24.17,NA,21.11,23.89,1
1855-09-08 21:00:00,23.33,NA,0,292.5,22.32,NA,1010.5,NA,NA,NA,91,NA,21.39,NA,20,21.11,1
1855-09-09,NA,NA,NA,NA,NA,NA,NA,2.54,"empty","empty",NA,NA,NA,23.61,NA,NA,NA
1855-09-09 07:00:00,23.33,NA,0,315,20.49,NA,1009.14,NA,NA,NA,83.8,NA,23.33,NA,21.11,23.33,5
1855-09-09 14:00:00,23.89,270,1,337.5,18.12,NA,1008.13,NA,NA,NA,55.3,NA,26.67,NA,19.44,26.67,5
1855-09-09 21:00:00,23.89,NA,0,337.5,14.05,NA,1012.87,NA,NA,NA,58.8,NA,20.83,NA,15.56,21.11,0
1855-09-10,NA,NA,NA,NA,NA,NA,NA,0,"empty","empty",NA,NA,NA,19.44,NA,NA,NA
1855-09-10 07:00:00,22.78,NA,0,337.5,9.99,NA,1015.58,NA,NA,NA,58.4,NA,15.56,NA,11.11,15.56,5
1855-09-10 14:00:00,21.67,315,2,337.5,14.05,NA,1014.56,NA,NA,NA,53.8,NA,22.61,NA,16.11,22.78,1
1855-09-10 21:00:00,22.22,315,2,337.5,13.07,NA,1013.88,NA,NA,NA,55.1,NA,21.11,NA,15,21.11,1
1855-09-11,NA,NA,NA,NA,NA,NA,NA,0,"empty","empty",NA,NA,NA,22.22,NA,NA,NA
1855-09-11 07:00:00,22.22,315,0,337.5,13.31,NA,1014.56,NA,NA,NA,63.4,NA,19.06,NA,16.11,18.89,1
1855-09-11 14:00:00,22.78,315,0,337.5,20.01,NA,1013.88,NA,NA,NA,66.6,NA,25,NA,20,25,1
1855-09-11 21:00:00,23.33,0,1,337.5,20.49,NA,1012.19,NA,NA,NA,79.2,NA,22.41,NA,18.33,22.22,0
1855-09-12,NA,NA,NA,NA,NA,NA,NA,0,"empty","empty",NA,NA,NA,25,NA,NA,NA
1855-09-12 07:00:00,23.33,270,1,247.5,20.42,NA,1008.81,NA,NA,NA,86.5,NA,20.83,NA,18.89,20.56,0
1855-09-12 14:00:00,25,225,5,247.5,25.16,NA,1007.11,NA,NA,NA,71.2,NA,28.33,NA,23.33,29.44,16
1855-09-12 21:00:00,26.11,NA,NA,247.5,23.06,NA,1004.74,NA,NA,NA,73.8,NA,25.42,NA,21.67,25.56,2
1855-09-13,NA,NA,NA,NA,NA,NA,NA,3.56,"2:30 am","6:40 am",NA,NA,NA,17.78,NA,NA,NA
1855-09-13 07:00:00,25,270,2,337.5,13.75,NA,1011.51,NA,NA,NA,67.5,NA,18.33,NA,14.44,18.33,2
1855-09-13 14:00:00,22.22,270,1,337.5,10.9,NA,1014.56,NA,NA,NA,49.4,NA,20,NA,13.33,20,2
1855-09-13 21:00:00,21.67,NA,0,337.5,8.97,NA,1019.98,NA,NA,NA,58,NA,14.44,NA,10,14.44,1
1855-09-14,NA,NA,NA,NA,NA,NA,NA,0,"empty","empty",NA,NA,NA,12.78,NA,NA,NA
1855-09-14 07:00:00,20,NA,0,337.5,6.64,NA,1023.71,NA,NA,NA,56.4,NA,9.17,NA,6.11,9.44,0
1855-09-14 14:00:00,18.89,NA,0,45,9.14,NA,1021.33,NA,NA,NA,53.9,NA,15.72,NA,10.56,15.56,0
1855-09-14 21:00:00,18.89,NA,0,135,10.7,NA,1018.29,NA,NA,NA,70.7,NA,13.61,NA,10.56,13.33,0
1855-09-15,NA,NA,NA,NA,NA,NA,NA,0,"empty","empty",NA,NA,NA,17.78,NA,NA,NA
1855-09-15 07:00:00,18.89,225,0,157.5,11.58,NA,1017.27,NA,NA,NA,81.1,NA,12.22,NA,16.11,12.22,0
1855-09-15 14:00:00,19.44,225,2,180,16.29,NA,1014.56,NA,NA,NA,69.9,NA,20.83,NA,16.67,20.56,2
1855-09-15 21:00:00,19.44,225,1,180,16.05,NA,1011.85,NA,NA,NA,80.5,NA,17.78,NA,15.56,17.78,0
1855-09-16,NA,NA,NA,NA,NA,NA,NA,0,"12:45am","11pm",NA,NA,NA,16.67,NA,NA,NA
1855-09-16 07:00:00,20,225,4,157.5,13.75,NA,1010.5,NA,NA,NA,84.9,NA,17.39,NA,15.56,17.22,0
1855-09-16 14:00:00,21.11,225,1,90,19.74,NA,1009.82,NA,NA,NA,78.9,NA,21.67,NA,18.89,21.67,0
1855-09-16 21:00:00,18.89,225,5,45,12.53,NA,1011.18,NA,NA,NA,93.1,NA,10.83,NA,10.56,11.11,2
1855-09-17,NA,NA,NA,NA,NA,NA,NA,5.33,"4:20pm","[cont]",NA,NA,NA,13.33,NA,NA,NA
1855-09-17 07:00:00,18.33,45,3,45,10.19,NA,1015.24,NA,NA,NA,74.3,NA,11.67,NA,9.44,12.78,11
1855-09-17 14:00:00,18.33,270,0,22.5,13.71,NA,1013.88,NA,NA,NA,78.6,NA,15.56,NA,13.33,15.56,0
1855-09-17 21:00:00,18.33,270,0,22.5,14.46,NA,1008.81,NA,NA,NA,73.8,NA,13.52,NA,12.78,13.33,2
1855-09-18,NA,NA,NA,NA,NA,NA,NA,22.86,"[cont]","9:30am",NA,NA,NA,10.56,NA,NA,NA
1855-09-18 07:00:00,17.78,337.5,4,0,12.53,NA,990.18,NA,NA,NA,93.1,NA,11.39,NA,10.56,11.11,11
1855-09-18 14:00:00,16.67,22.5,5,0,7.48,NA,1011.51,NA,NA,NA,59.2,NA,10.56,NA,7.22,10.56,16
1855-09-18 21:00:00,16.11,NA,0,0,5.72,NA,1015.58,NA,NA,NA,49.1,NA,9.31,NA,5.56,9.44,1
1855-09-19,NA,NA,NA,NA,NA,NA,NA,0,"empty","empty",NA,NA,NA,8.33,NA,NA,NA
1855-09-19 07:00:00,15,NA,NA,0,4.13,NA,1022.01,NA,NA,NA,41.1,NA,7.22,NA,3.33,7.22,2
1855-09-19 14:00:00,14.44,270,NA,337.5,6.2,NA,1022.35,NA,NA,NA,44.6,NA,12.41,NA,7.22,12.22,2
1855-09-19 21:00:00,14.44,NA,NA,337.5,7.04,NA,1024.72,NA,NA,NA,72.3,NA,6.11,NA,4.44,6.11,1
1855-09-20,NA,NA,NA,NA,NA,NA,NA,0,"empty","empty",NA,NA,NA,10.56,NA,NA,NA
1855-09-20 07:00:00,14.44,NA,NA,337.5,6.84,NA,1025.06,NA,NA,NA,66.2,NA,7.22,NA,5,7.22,0
1855-09-20 14:00:00,15,NA,NA,202.5,8.47,NA,1021.33,NA,NA,NA,55,NA,13.89,NA,9.44,13.89,5
1855-09-20 21:00:00,15.56,NA,NA,202.5,9.28,NA,1018.63,NA,NA,NA,72.8,NA,10.56,NA,8.33,10.56,0
1855-09-21,NA,NA,NA,NA,NA,NA,NA,0,"3:30pm","empty",NA,NA,NA,13.89,NA,NA,NA
1855-09-21 07:00:00,15,NA,NA,0,7.92,NA,1015.92,NA,NA,NA,86.8,NA,12.22,NA,8.33,12.22,1
1855-09-21 14:00:00,16.11,270,1,0,12.36,NA,1013.88,NA,NA,NA,69,NA,16.39,NA,12.78,16.11,1
1855-09-21 21:00:00,16.11,270,1,0,12.97,NA,1013.21,NA,NA,NA,87.4,NA,12.94,NA,11.67,12.78,1
1855-09-22,NA,NA,NA,NA,NA,NA,NA,0,"empty","empty",NA,NA,NA,13.33,NA,NA,NA
1855-09-22 07:00:00,16.11,270,1,315,8.2,NA,1013.55,NA,NA,NA,86.4,NA,11.39,NA,10,11.11,1
1855-09-22 14:00:00,16.11,270,1,0,12.36,NA,1015.58,NA,NA,NA,69.2,NA,16,NA,12.78,16.11,2
1855-09-22 21:00:00,16.11,270,1,337.5,12.06,NA,1018.29,NA,NA,NA,81.5,NA,12.64,NA,11.11,12.78,1
1855-09-23,NA,NA,NA,NA,NA,NA,NA,0,"empty","empty",NA,NA,NA,12.78,NA,NA,NA
1855-09-23 07:00:00,15.56,270,1,0,10.7,NA,1023.37,NA,NA,NA,83.5,NA,10,NA,8.89,10,2
1855-09-23 14:00:00,16.11,0,2,22.5,11.85,NA,1025.06,NA,NA,NA,68.4,NA,15.42,NA,12.22,15.56,2
1855-09-23 21:00:00,16.11,22.5,1,22.5,11.65,NA,1025.74,NA,NA,NA,76.4,NA,13.33,NA,11.11,13.33,1
1855-09-24,NA,NA,NA,NA,NA,NA,NA,0,"4:20pm","empty",NA,NA,NA,12.22,NA,NA,NA
1855-09-24 07:00:00,16.11,22.5,1,22.5,10.84,NA,1026.08,NA,NA,NA,92.2,NA,8.61,NA,8.33,8.89,1
1855-09-24 14:00:00,16.67,22.5,1,67.5,12.19,NA,1023.37,NA,NA,NA,62.2,NA,17.78,NA,13.33,17.78,0
1855-09-24 21:00:00,17.22,22.5,1,45,14.56,NA,1021.67,NA,NA,NA,88.6,NA,14.44,NA,13.33,14.44,1
1855-09-25,NA,NA,NA,NA,NA,NA,NA,3.81,"empty","empty",NA,NA,NA,16.67,NA,NA,NA
1855-09-25 07:00:00,17.22,22.5,1,67.5,14.05,NA,1018.96,NA,NA,NA,88.3,NA,13.89,NA,12.78,13.89,0
1855-09-25 14:00:00,17.78,22.5,1,135,16.97,NA,1016.59,NA,NA,NA,77.2,NA,19.44,NA,16.67,19.44,0
1855-09-25 21:00:00,20.56,270,1,90,15.92,NA,1011.85,NA,NA,NA,82,NA,16.67,NA,15,16.67,1
1855-09-26,NA,NA,NA,NA,NA,NA,NA,25.91,"4:30pm","empty",NA,NA,NA,18.33,NA,NA,NA
1855-09-26 07:00:00,19.44,225,3,180,16.83,NA,1005.42,NA,NA,NA,89.6,NA,16.67,NA,15.56,16.67,5
1855-09-26 14:00:00,20,225,1,180,20.62,NA,1001.36,NA,NA,NA,96.5,NA,19.44,NA,18.89,19.44,5
1855-09-26 21:00:00,21.67,225,1,180,20.49,NA,1000.68,NA,NA,NA,95.1,NA,18.89,NA,18.33,18.89,5
1855-09-27,NA,NA,NA,NA,NA,NA,NA,26.42,"empty","empty",NA,NA,NA,13.33,NA,NA,NA
1855-09-27 07:00:00,20.56,180,2,270,13.07,NA,1002.03,NA,NA,NA,82,NA,13.89,NA,12.22,13.89,11
1855-09-27 14:00:00,20,270,5,0,15.14,NA,1005.42,NA,NA,NA,88.9,NA,15,NA,13.89,15,2
1855-09-27 21:00:00,18.89,270,5,0,7.92,NA,1012.19,NA,NA,NA,60.5,NA,11.11,NA,7.78,11.11,2
1855-09-28,NA,NA,NA,NA,NA,NA,NA,28.96,"empty","empty",NA,NA,NA,9.44,NA,NA,NA
1855-09-28 07:00:00,17.22,NA,0,0,6.47,NA,1019.3,NA,NA,NA,64.8,NA,6.67,NA,4.44,6.67,16
1855-09-28 14:00:00,16.11,NA,0,0,7.92,NA,1019.64,NA,NA,NA,56.7,NA,12.22,NA,8.33,12.22,16
1855-09-28 21:00:00,16.11,NA,0,337.5,9.35,NA,1020.66,NA,NA,NA,77.8,NA,9.44,NA,7.78,9.44,11
1855-09-29,NA,NA,NA,NA,NA,NA,NA,0,"empty","empty",NA,NA,NA,12.22,NA,NA,NA
1855-09-29 07:00:00,16.11,NA,0,337.5,9.48,NA,1022.35,NA,NA,NA,84.2,NA,8.33,NA,7.22,8.33,1
1855-09-29 14:00:00,16.11,NA,0,157.5,10.53,NA,1020.66,NA,NA,NA,59.4,NA,16.11,NA,11.67,16.11,1
1855-09-29 21:00:00,16.67,225,1,157.5,10.63,NA,1017.61,NA,NA,NA,74.8,NA,12.22,NA,10,12.22,1
1855-09-30,NA,NA,NA,NA,NA,NA,NA,24.13,"3:31pm","empty",NA,NA,NA,15.56,NA,NA,NA
1855-09-30 07:00:00,16.67,270,2,157.5,11.65,NA,1013.88,NA,NA,NA,76.4,NA,13.72,NA,11.11,13.33,20
1855-09-30 14:00:00,17.78,270,2,157.5,13.44,NA,1011.51,NA,NA,NA,63.9,NA,18.61,NA,14.44,18.89,20
1855-09-30 21:00:00,17.22,270,2,157.5,15.54,NA,1012.19,NA,NA,NA,94.1,NA,14.44,NA,13.89,14.44,5
1855-10-01,NA,NA,NA,NA,NA,NA,NA,52.07,"9:20 am","[continued]",NA,NA,NA,17.71,NA,NA,NA
1855-10-01 07:00:00,17.78,157.5,2,157.5,15.14,NA,1010.5,NA,NA,NA,88,NA,15,NA,13.89,15,5
1855-10-01 14:00:00,17.78,157.5,2,157.5,17.47,NA,1008.47,NA,NA,NA,88,NA,17.08,NA,19.44,17.22,1
1855-10-01 21:00:00,18.33,157.5,4,157.5,17.24,NA,1007.45,NA,NA,NA,96,NA,15.83,NA,15.56,16.11,2
1855-10-02,NA,NA,NA,NA,NA,NA,NA,11.68,"[continued]","[continued]",NA,NA,NA,16.67,NA,NA,NA
1855-10-02 07:00:00,18.33,157.5,2,157.5,16.12,NA,1003.73,NA,NA,NA,94,NA,15,NA,14.44,15,5
1855-10-02 14:00:00,19.44,157.5,2,157.5,18.83,NA,1002.71,NA,NA,NA,89,NA,18.33,NA,17.22,18.33,2
1855-10-02 21:00:00,20,157.5,2,157.5,18.49,NA,1001.69,NA,NA,NA,94,NA,17.22,NA,16.67,17.22,2
1855-10-03,NA,NA,NA,NA,NA,NA,NA,0.51,"[continued]","4 pm",NA,NA,NA,17.22,NA,NA,NA
1855-10-03 07:00:00,18.89,157.5,2,135,16.12,NA,997.97,NA,NA,NA,94,NA,15,NA,14.44,15,5
1855-10-03 14:00:00,18.89,157.5,4,90,19.03,NA,996.95,NA,NA,NA,84,NA,19.44,NA,17.78,19.44,5
1855-10-03 21:00:00,19.44,180,3,45,18.49,NA,1001.69,NA,NA,NA,94,NA,17.22,NA,16.67,17.22,5
1855-10-04,NA,NA,NA,NA,NA,NA,NA,6.1,"1 pm","2 pm",NA,NA,NA,16.11,NA,NA,NA
1855-10-04 07:00:00,19.44,270,4,270,16.12,NA,1002.71,NA,NA,NA,94,NA,15,NA,14.44,15,1
1855-10-04 14:00:00,19.44,270,4,292.5,17.47,NA,1001.02,NA,NA,NA,88,NA,17.22,NA,16.11,17.22,2
1855-10-04 21:00:00,20.56,270,2,337.5,18.63,NA,1001.36,NA,NA,NA,89,NA,18.33,NA,17.22,18.33,2
1855-10-05,NA,NA,NA,NA,NA,NA,NA,0.51,"empty","empty",NA,NA,NA,17.84,NA,NA,NA
1855-10-05 07:00:00,20,270,2,315,15.54,NA,1004.74,NA,NA,NA,94,NA,14.44,NA,13.89,14.44,2
1855-10-05 14:00:00,19.44,270,4,202.5,16.63,NA,1005.76,NA,NA,NA,61,NA,21.25,NA,16.67,21.11,2
1855-10-05 21:00:00,20,270,1,202.5,17.88,NA,1007.11,NA,NA,NA,94,NA,16.72,NA,16.11,16.67,0
1855-10-06,NA,NA,NA,NA,NA,NA,NA,3.56,"8am, 8pm","10:31am, all night",NA,NA,NA,17.78,NA,NA,NA
1855-10-06 07:00:00,20,270,1,202.5,17.88,NA,1004.4,NA,NA,NA,94,NA,16.67,NA,16.11,16.67,0
1855-10-06 14:00:00,20,202.5,1,180,17.3,NA,998.98,NA,NA,NA,78,NA,18.89,NA,16.67,18.89,11
1855-10-06 21:00:00,19.44,180,9,180,14.05,NA,995.26,NA,NA,NA,87,NA,13.89,NA,12.78,13.89,34
1855-10-07,NA,NA,NA,NA,NA,NA,NA,16,"empty","empty",NA,NA,NA,9.11,NA,NA,NA
1855-10-07 07:00:00,18.33,270,4,270,6.84,NA,1006.77,NA,NA,NA,68,NA,6.94,NA,5,7.22,20
1855-10-07 14:00:00,16.67,270,3,247.5,7.04,NA,1008.47,NA,NA,NA,53,NA,11.28,NA,7.22,11.11,2
1855-10-07 21:00:00,16.11,NA,0,247.5,8.97,NA,1010.16,NA,NA,NA,92,NA,6.11,NA,5.56,6.11,1
1855-10-08,NA,NA,NA,NA,NA,NA,NA,0.23,"10:45pm","11:20pm",NA,NA,NA,8.12,NA,NA,NA
1855-10-08 07:00:00,15.56,202.5,2,202.5,8.6,NA,1011.51,NA,NA,NA,91,NA,5.56,NA,5,5.56,2
1855-10-08 14:00:00,15,202.5,2,202.5,9.28,NA,1011.51,NA,NA,NA,72,NA,14.03,NA,8.33,10.56,2
1855-10-08 21:00:00,15,NA,0,202.5,9.28,NA,1012.19,NA,NA,NA,92,NA,6.67,NA,6.11,6.67,2
1855-10-09,NA,NA,NA,NA,NA,NA,NA,4.06,"noon","throughout the day",NA,NA,NA,8.04,NA,NA,NA
1855-10-09 07:00:00,14.44,225,1,225,7.99,NA,1013.55,NA,NA,NA,83,NA,6.22,NA,5,6.11,2
1855-10-09 14:00:00,14.44,225,2,202.5,10.7,NA,1012.53,NA,NA,NA,85,NA,9.86,NA,8.89,10,2
1855-10-09 21:00:00,15.56,225,2,225,10.9,NA,1009.48,NA,NA,NA,100,NA,9.44,NA,8.89,7.22,1
1855-10-10,NA,NA,NA,NA,NA,NA,NA,0.23,"empty","empty",NA,NA,NA,10,NA,NA,NA
1855-10-10 07:00:00,14.44,270,1,0,8.94,NA,1019.98,NA,NA,NA,84,NA,7.78,NA,6.67,7.78,1
1855-10-10 14:00:00,14.44,270,1,0,9.72,NA,1021.33,NA,NA,NA,67,NA,12.22,NA,9.44,12.22,1
1855-10-10 21:00:00,15.56,NA,5,0,10.43,NA,1021,NA,NA,NA,92,NA,8.33,NA,7.78,8.33,1
1855-10-11,NA,NA,NA,NA,NA,NA,NA,0,"1 pm","all night",NA,NA,NA,10.56,NA,NA,NA
1855-10-11 07:00:00,14.44,NA,0,157.5,11.99,NA,1014.9,NA,NA,NA,91,NA,5.56,NA,5,5.56,5
1855-10-11 14:00:00,15,225,3,157.5,11.85,NA,1007.45,NA,NA,NA,65,NA,15.56,NA,17.78,15.56,27
1855-10-11 21:00:00,16.11,202.5,2,157.5,10.84,NA,1011.85,NA,NA,NA,92,NA,8.75,NA,8.33,8.89,20
1855-10-12,NA,NA,NA,NA,NA,NA,NA,4.83,"[continued]","[continued]",NA,NA,NA,7.43,NA,NA,NA
1855-10-12 07:00:00,15,180,2,202.5,9.65,NA,1013.55,NA,NA,NA,92,NA,7.22,NA,6.67,7.22,2
1855-10-12 14:00:00,14.44,180,2,270,8.94,NA,1012.53,NA,NA,NA,84,NA,7.64,NA,6.67,7.78,2
1855-10-12 21:00:00,13.89,202.5,2,315,9.65,NA,1011.18,NA,NA,NA,92,NA,7.22,NA,6.67,7.22,2
1855-10-13,NA,NA,NA,NA,NA,NA,NA,9.14,"[continued]","4:50 pm",NA,NA,NA,11.73,NA,NA,NA
1855-10-13 07:00:00,13.89,45,5,22.5,12.63,NA,1006.77,NA,NA,NA,100,NA,10,NA,10,10,11
1855-10-13 14:00:00,14.44,45,6,22.5,15.48,NA,1004.06,NA,NA,NA,100,NA,13.47,NA,13.33,13.33,20
1855-10-13 21:00:00,15,67.5,6,67.5,13.51,NA,1005.76,NA,NA,NA,100,NA,11.11,NA,11.11,11.11,20
1855-10-14,NA,NA,NA,NA,NA,NA,NA,6.6,"empty","empty",NA,NA,NA,10.83,NA,NA,NA
1855-10-14 07:00:00,14.44,NA,0,180,5.28,NA,1011.51,NA,NA,NA,41,NA,11.11,NA,6.11,11.11,2
1855-10-14 14:00:00,14.44,180,3,180,8.4,NA,1011.85,NA,NA,NA,65,NA,10.56,NA,7.78,10.56,2
1855-10-14 21:00:00,14.44,180,1,180,8.53,NA,1008.13,NA,NA,NA,77,NA,8.33,NA,6.67,8.33,1
1855-10-15,NA,NA,NA,NA,NA,NA,NA,0,"4pm, 7pm","4:10pm, all night",NA,NA,NA,9.23,NA,NA,NA
1855-10-15 07:00:00,13.89,225,1,0,9.28,NA,1007.11,NA,NA,NA,76,NA,6.67,NA,5,6.67,2
1855-10-15 14:00:00,14.44,225,1,270,8.36,NA,1009.48,NA,NA,NA,60,NA,11.81,NA,8.33,11.67,2
1855-10-15 21:00:00,14.44,225,1,270,9.48,NA,1010.16,NA,NA,NA,85,NA,8.33,NA,7.22,8.33,2
1855-10-16,NA,NA,NA,NA,NA,NA,NA,0.23,"empty","empty",NA,NA,NA,7.92,NA,NA,NA
1855-10-16 07:00:00,10.56,315,2,0,7.42,NA,1013.88,NA,NA,NA,76,NA,6.5,NA,5,6.67,5
1855-10-16 14:00:00,13.89,315,3,0,6.64,NA,1016.26,NA,NA,NA,57,NA,9.33,NA,6.11,9.44,5
1855-10-16 21:00:00,13.89,315,1,0,7.99,NA,1018.63,NA,NA,NA,83,NA,6.11,NA,5,6.11,5
1855-10-17,NA,NA,NA,NA,NA,NA,NA,0,"during night","during night",NA,NA,NA,3.22,NA,NA,NA
1855-10-17 07:00:00,12.78,0,1,0,5.05,NA,1020.32,NA,NA,NA,70,NA,1.67,NA,0,1.67,2
1855-10-17 14:00:00,12.78,NA,0,270,8.26,NA,1016.93,NA,NA,NA,91,NA,4.78,NA,4.44,5,1
1855-10-17 21:00:00,14.44,225,1,270,7.96,NA,1014.56,NA,NA,NA,91,NA,4.44,NA,3.89,4.44,1
1855-10-18,NA,NA,NA,NA,NA,NA,NA,1.02,"empty","empty",NA,NA,NA,9.17,NA,NA,NA
1855-10-18 07:00:00,13.89,225,1,225,9.65,NA,1011.85,NA,NA,NA,92,NA,7.22,NA,6.67,7.22,2
1855-10-18 14:00:00,13.33,270,1,270,10.67,NA,1011.85,NA,NA,NA,79,NA,11.11,NA,9.44,11.11,1
1855-10-18 21:00:00,13.89,270,1,270,11.24,NA,1013.21,NA,NA,NA,92,NA,9.44,NA,8.89,9.44,1
1855-10-19,NA,NA,NA,NA,NA,NA,NA,0,"empty","empty",NA,NA,NA,11.33,NA,NA,NA
1855-10-19 07:00:00,14.44,NA,0,0,9.65,NA,1013.88,NA,NA,NA,92,NA,7.22,NA,6.67,7.22,1
1855-10-19 14:00:00,16.11,NA,0,180,12.77,NA,1010.84,NA,NA,NA,71,NA,15.44,NA,12.78,15.56,1
1855-10-19 21:00:00,16.11,NA,0,180,12.53,NA,1011.18,NA,NA,NA,93,NA,11.11,NA,10.56,11.11,1
1855-10-20,NA,NA,NA,NA,NA,NA,NA,0,"empty","empty",NA,NA,NA,12.78,NA,NA,NA
1855-10-20 07:00:00,15.56,NA,0,180,11.58,NA,1012.87,NA,NA,NA,NA,NA,11.11,NA,10,11.11,1
1855-10-20 14:00:00,16.11,NA,0,202.5,14.46,NA,1012.53,NA,NA,NA,72,NA,14.44,NA,14.44,17.22,1
1855-10-20 21:00:00,16.11,NA,0,202.5,12.06,NA,1014.22,NA,NA,NA,81,NA,12.78,NA,11.11,12.78,0
1855-10-21,NA,NA,NA,NA,NA,NA,NA,0,"empty","empty",NA,NA,NA,11.5,NA,NA,NA
1855-10-21 07:00:00,15.56,45,2,22.5,9.35,NA,1015.24,NA,NA,NA,78,NA,9.72,NA,7.78,9.44,5
1855-10-21 14:00:00,14.44,NA,0,22.5,10.7,NA,1008.81,NA,NA,NA,69,NA,13.33,NA,10.56,13.33,20
1855-10-21 21:00:00,13.33,45,4,225,8.94,NA,1005.08,NA,NA,NA,78,NA,8.89,NA,7.22,8.89,11
1855-10-22,NA,NA,NA,NA,NA,NA,NA,0,"empty","empty",NA,NA,NA,10.42,NA,NA,NA
1855-10-22 07:00:00,14.44,315,2,225,9.28,NA,1001.02,NA,NA,NA,72,NA,10.56,NA,8.33,10.56,16
1855-10-22 14:00:00,14.44,247.5,4,247.5,5.55,NA,1006.77,NA,NA,NA,46,NA,10.28,NA,6.11,10.56,16
1855-10-22 21:00:00,15,247.5,4,247.5,5.45,NA,1011.18,NA,NA,NA,60,NA,6.67,NA,3.89,6.67,11
1855-10-23,NA,NA,NA,NA,NA,NA,NA,0,"empty","empty",NA,NA,NA,4.72,NA,NA,NA
1855-10-23 07:00:00,14.44,247.5,1,0,5.79,NA,1012.53,NA,NA,NA,63,NA,3.89,NA,1.67,3.89,1
1855-10-23 14:00:00,18.89,225,3,0,5.79,NA,1011.85,NA,NA,NA,66,NA,5.56,NA,3.33,5.56,2
1855-10-23 21:00:00,15.56,225,4,0,4.84,NA,1013.88,NA,NA,NA,91,NA,3.33,NA,2.78,3.33,2
1855-10-24,NA,NA,NA,NA,NA,NA,NA,0.23,NA,NA,NA,NA,NA,1.94,NA,NA,NA
1855-10-24 07:00:00,16.67,225,1,0,4.5,NA,1015.58,NA,NA,NA,81,NA,2.78,NA,1.67,2.78,5
1855-10-24 14:00:00,13.89,45,4,45,6.57,NA,1011.85,NA,NA,NA,79,NA,1.11,NA,0,1.11,5
1855-10-24 21:00:00,20,45,4,45,5.18,NA,1006.43,NA,NA,NA,80,NA,0.56,NA,0.56,1.67,2
1855-10-25,NA,NA,NA,NA,NA,NA,NA,10.41,"all night","8[am]",NA,NA,NA,2.78,NA,NA,NA
1855-10-25 07:00:00,15.56,45,2,0,5.28,NA,998.98,NA,NA,NA,90,NA,2.22,NA,1.67,2.22,5
1855-10-25 14:00:00,18.33,315,2,315,4.54,NA,999.32,NA,NA,NA,72,NA,3.33,NA,1.67,3.33,16
1855-10-25 21:00:00,19.44,315,2,0,5.05,NA,1007.45,NA,NA,NA,70,NA,1.67,NA,0,1.67,5
1855-10-26,NA,NA,NA,NA,NA,NA,NA,5.59,"9 am","11 pm",NA,NA,NA,3.06,NA,NA,NA
1855-10-26 07:00:00,15.56,NA,0,270,6.1,NA,1012.53,NA,NA,NA,79,NA,0,NA,-1.11,0,2
1855-10-26 14:00:00,17.78,225,3,225,7.04,NA,1012.53,NA,NA,NA,75,NA,6.11,NA,4.44,6.11,5
1855-10-26 21:00:00,18.89,225,2,225,6.98,NA,1008.81,NA,NA,NA,82,NA,4.44,NA,3.33,4.44,5
1855-10-27,NA,NA,NA,NA,NA,NA,NA,1.27,"3 pm","4:30pm",NA,NA,NA,6.73,NA,NA,NA
1855-10-27 07:00:00,17.22,225,2,180,7.31,NA,1001.69,NA,NA,NA,82,NA,5,NA,3.89,5,5
1855-10-27 14:00:00,15.56,225,2,225,7.62,NA,1002.03,NA,NA,NA,70,NA,8.47,NA,6.11,8.33,5
1855-10-27 21:00:00,15,225,1,225,7.65,NA,1000,NA,NA,NA,83,NA,5.56,NA,4.44,5.56,1
1855-10-28,NA,NA,NA,NA,NA,NA,NA,0.23,"empty","empty",NA,NA,NA,4.03,NA,NA,NA
1855-10-28 07:00:00,16.11,0,1,0,4.64,NA,997.29,NA,NA,NA,81,NA,3.33,NA,2.22,3.33,5
1855-10-28 14:00:00,16.11,315,2,337.5,4.27,NA,1001.02,NA,NA,NA,51,NA,4.72,NA,2.78,6.11,2
1855-10-28 21:00:00,14.44,315,2,337.5,4.64,NA,1007.45,NA,NA,NA,81,NA,3.33,NA,2.22,3.33,1
1855-10-29,NA,NA,NA,NA,NA,NA,NA,0,"during night","during night",NA,NA,NA,4.23,NA,NA,NA
1855-10-29 07:00:00,10.56,315,1,315,5.05,NA,1014.9,NA,NA,NA,70,NA,1.67,NA,0,1.67,5
1855-10-29 14:00:00,13.89,270,2,270,5.45,NA,1013.88,NA,NA,NA,60,NA,6.81,NA,3.89,6.67,2
1855-10-29 21:00:00,13.89,270,2,292.5,4.5,NA,1009.14,NA,NA,NA,91,NA,4.17,NA,3.33,3.89,1
1855-10-30,NA,NA,NA,NA,NA,NA,NA,3.05,"empty","empty",NA,NA,NA,8.61,NA,NA,NA
1855-10-30 07:00:00,15,270,1,180,8.36,NA,1001.02,NA,NA,NA,84,NA,6.67,NA,5.56,6.67,1
1855-10-30 14:00:00,13.89,225,4,292.5,5.01,NA,1007.45,NA,NA,NA,40,NA,13.89,NA,5.56,10.56,20
1855-10-30 21:00:00,13.89,NA,0,292.5,5.38,NA,1026.75,NA,NA,NA,65,NA,5,NA,2.78,5,1
1855-10-31,NA,NA,NA,NA,NA,NA,NA,0,"during night","during night",NA,NA,NA,4.23,NA,NA,NA
1855-10-31 07:00:00,13.89,NA,0,337.5,4.77,NA,1023.71,NA,NA,NA,61,NA,2.22,NA,0,2.22,1
1855-10-31 14:00:00,13.33,NA,0,180,5.18,NA,1023.37,NA,NA,NA,59,NA,6.25,NA,3.33,6.11,1
1855-10-31 21:00:00,15,225,2,180,7.96,NA,1014.9,NA,NA,NA,91,NA,4.44,NA,3.89,4.44,1
1855-11-01,NA,NA,NA,NA,NA,NA,NA,1.02,"1am | 11:15am","6am | 4:30pm",NA,NA,NA,9.44,NA,NA,NA
1855-11-01 07:00:00,14.44,270,2,180,9.48,NA,1006.1,NA,NA,NA,84.2,NA,8.33,NA,7.5,8.33,5
1855-11-01 14:00:00,15,315,1,225,12.12,NA,1006.43,NA,NA,NA,92.9,NA,10.56,NA,10,10.56,5
1855-11-01 21:00:00,15,315,1,45,8.97,NA,1015.58,NA,NA,NA,96.9,NA,6.28,NA,5.56,6.11,5
1855-11-02,NA,NA,NA,NA,NA,NA,NA,1.27,"empty","empty",NA,NA,NA,4.17,NA,NA,NA
1855-11-02 07:00:00,12.78,NA,0,270,5.28,NA,1018.63,NA,NA,NA,71.6,NA,1.67,NA,0.83,1.67,11
1855-11-02 14:00:00,13.89,337.5,3,22.5,6.47,NA,1018.63,NA,NA,NA,64.8,NA,6.67,NA,4.44,6.67,5
1855-11-02 21:00:00,16.67,337.5,2,22.5,4.81,NA,1021.33,NA,NA,NA,61.7,NA,2.78,NA,1.67,2.78,2
1855-11-03,NA,NA,NA,NA,NA,NA,NA,0,"empty","empty",NA,NA,NA,3.36,NA,NA,NA
1855-11-03 07:00:00,12.22,NA,0,45,6.3,NA,1022.35,NA,NA,NA,94,NA,0,NA,-0.56,0,2
1855-11-03 14:00:00,11.11,337.5,2,22.5,4.94,NA,1020.66,NA,NA,NA,57.3,NA,4.39,NA,2.22,4.44,2
1855-11-03 21:00:00,11.67,NA,0,22.5,5.62,NA,1021.33,NA,NA,NA,78.7,NA,1.11,NA,0,1.11,1
1855-11-04,NA,NA,NA,NA,NA,NA,NA,0,"empty","empty",NA,NA,NA,2.22,NA,NA,NA
1855-11-04 07:00:00,11.67,0,1,22.5,5.76,NA,1022.01,NA,NA,NA,45.1,NA,-0.56,NA,-1.11,-0.56,1
1855-11-04 14:00:00,13.33,NA,0,22.5,6.67,NA,1019.98,NA,NA,NA,75.8,NA,5,NA,3.89,4.44,1
1855-11-04 21:00:00,13.89,NA,0,22.5,3.56,NA,1025.74,NA,NA,NA,41.5,NA,1.67,NA,1.67,5,1
1855-11-05,NA,NA,NA,NA,NA,NA,NA,0,"empty","empty",NA,NA,NA,1.81,NA,NA,NA
1855-11-05 07:00:00,12.78,NA,0,22.5,5.11,NA,1027.43,NA,NA,NA,79.9,NA,-0.28,NA,-1.67,-0.56,1
1855-11-05 14:00:00,12.78,NA,0,157.5,4.5,NA,1025.74,NA,NA,NA,54.3,NA,3.89,NA,3.33,3.89,1
1855-11-05 21:00:00,13.33,NA,0,157.5,4.94,NA,1023.71,NA,NA,NA,63.2,NA,2.78,NA,2.22,2.78,1
1855-11-06,NA,NA,NA,NA,NA,NA,NA,0,"empty","empty",NA,NA,NA,5.83,NA,NA,NA
1855-11-06 07:00:00,12.78,NA,0,157.5,4.81,NA,1021,NA,NA,NA,59.6,NA,3.33,NA,2.78,3.33,1
1855-11-06 14:00:00,13.33,NA,0,180,7.96,NA,1018.29,NA,NA,NA,42.5,NA,8.33,NA,6.11,8.33,1
1855-11-06 21:00:00,15,NA,0,180,8.97,NA,1017.61,NA,NA,NA,90.9,NA,6.11,NA,5.56,6.11,1
1855-11-07,NA,NA,NA,NA,NA,NA,NA,0,"4pm","12am",NA,NA,NA,9.31,NA,NA,NA
1855-11-07 07:00:00,14.44,NA,0,180,12.36,NA,1015.24,NA,NA,NA,90.9,NA,6.11,NA,5.56,6.11,1
1855-11-07 14:00:00,14.44,225,1,180,10.19,NA,1011.51,NA,NA,NA,69.6,NA,12.5,NA,10,12.78,1
1855-11-07 21:00:00,15.56,225,1,180,11.58,NA,1010.5,NA,NA,NA,86.5,NA,11.39,NA,10,11.11,1
1855-11-08,NA,NA,NA,NA,NA,NA,NA,4.06,"12am","1am",NA,NA,NA,10.86,NA,NA,NA
1855-11-08 07:00:00,15.56,225,2,315,10.7,NA,1015.58,NA,NA,NA,81.5,NA,10,NA,8.89,10,1
1855-11-08 14:00:00,15.56,225,2,337.5,7.69,NA,1017.27,NA,NA,NA,61.6,NA,11.72,NA,8.33,11.67,1
1855-11-08 21:00:00,15.56,NA,0,337.5,9.04,NA,1020.32,NA,NA,NA,82.1,NA,6.81,NA,5.56,6.67,1
1855-11-09,NA,NA,NA,NA,NA,NA,NA,1.78,"empty","empty",NA,NA,NA,6.32,NA,NA,NA
1855-11-09 07:00:00,15,225,1,315,5.99,NA,1025.4,NA,NA,NA,68.8,NA,4.31,NA,2.78,4.44,1
1855-11-09 14:00:00,13.89,225,1,0,5.82,NA,1027.77,NA,NA,NA,53.6,NA,8.33,NA,5,8.33,2
1855-11-09 21:00:00,13.89,225,1,0,5.89,NA,1027.77,NA,NA,NA,79.6,NA,1.67,NA,1.11,1.67,2
1855-11-10,NA,NA,NA,NA,NA,NA,NA,0,"empty","empty",NA,NA,NA,4.79,NA,NA,NA
1855-11-10 07:00:00,18.89,225,1,180,7.11,NA,1025.74,NA,NA,NA,90.1,NA,1.11,NA,0.56,1.11,1
1855-11-10 14:00:00,13.33,225,1,180,7.62,NA,1019.98,NA,NA,NA,42.5,NA,8.47,NA,6.11,8.33,1
1855-11-10 21:00:00,13.33,225,1,180,6.98,NA,1018.96,NA,NA,NA,81.5,NA,5.83,NA,5,6.11,1
1855-11-11,NA,NA,NA,NA,NA,NA,NA,0,"empty","empty",NA,NA,NA,7.39,NA,NA,NA
1855-11-11 07:00:00,13.33,225,1,180,7.31,NA,1021.67,NA,NA,NA,81.5,NA,6.11,NA,5,6.11,1
1855-11-11 14:00:00,12.78,225,1,337.5,8.94,NA,1019.64,NA,NA,NA,77,NA,8.67,NA,7.22,8.89,5
1855-11-11 21:00:00,13.89,225,1,22.5,7.65,NA,1025.06,NA,NA,NA,80.9,NA,5.56,NA,4.44,5.56,5
1855-11-12,NA,NA,NA,NA,NA,NA,NA,0,"8:30am | 11:30pm","8:30am | 12am",NA,NA,NA,6.67,NA,NA,NA
1855-11-12 07:00:00,13.89,225,1,22.5,7.31,NA,1025.74,NA,NA,NA,77.4,NA,5,NA,3.89,5,5
1855-11-12 14:00:00,13.89,180,1,45,8.53,NA,1015.92,NA,NA,NA,76.6,NA,8.33,NA,6.67,8.33,2
1855-11-12 21:00:00,14.44,180,1,45,10.26,NA,1018.96,NA,NA,NA,99.9,NA,6.67,NA,6.67,6.67,2
1855-11-13,NA,NA,NA,NA,NA,NA,NA,20.57,"12am","7:30am",NA,NA,NA,10,NA,NA,NA
1855-11-13 07:00:00,15,180,1,180,10.19,NA,1016.59,NA,NA,NA,91.8,NA,8.33,NA,7.78,8.33,2
1855-11-13 14:00:00,15,NA,0,247.5,8.03,NA,1015.58,NA,NA,NA,61.6,NA,11.67,NA,8.33,11.67,11
1855-11-13 21:00:00,15.56,NA,0,247.5,7.79,NA,1017.27,NA,NA,NA,74.6,NA,7.22,NA,5.56,7.22,5
1855-11-14,NA,NA,NA,NA,NA,NA,NA,0,"empty","empty",NA,NA,NA,8.78,NA,NA,NA
1855-11-14 07:00:00,13.89,270,2,247.5,7.99,NA,1018.29,NA,NA,NA,81.5,NA,6.44,NA,5,6.11,5
1855-11-14 14:00:00,14.44,NA,0,247.5,8.36,NA,1015.24,NA,NA,NA,61.5,NA,11.67,NA,8.33,11.67,5
1855-11-14 21:00:00,15,NA,0,247.5,8.77,NA,1016.93,NA,NA,NA,82.9,NA,7.22,NA,6.11,7.22,5
1855-11-15,NA,NA,NA,NA,NA,NA,NA,0,"11pm","10am",NA,NA,NA,5.28,NA,NA,NA
1855-11-15 07:00:00,13.89,NA,0,0,4.81,NA,1020.66,NA,NA,NA,59.6,NA,3.33,NA,2.78,3.33,1
1855-11-15 14:00:00,15,270,1,22.5,7.52,NA,1015.92,NA,NA,NA,66.2,NA,7.22,NA,5,7.22,1
1855-11-15 21:00:00,13.89,225,2,22.5,6.02,NA,1011.85,NA,NA,NA,68.8,NA,4.44,NA,2.78,4.44,2
1855-11-16,NA,NA,NA,NA,NA,NA,NA,27.94,NA,NA,NA,NA,NA,6.43,NA,NA,NA
1855-11-16 07:00:00,14.44,270,3,202.5,7.15,NA,999.66,NA,NA,NA,99.9,NA,7.22,NA,7.22,7.22,5
1855-11-16 14:00:00,15,270,3,0,6.16,NA,1004.74,NA,NA,NA,52.3,NA,5.64,NA,2.78,5.56,11
1855-11-16 21:00:00,13.33,NA,0,0,4.4,NA,1018.29,NA,NA,NA,76.4,NA,3.89,NA,-2.78,-1.67,2
1855-11-17,NA,NA,NA,NA,NA,NA,NA,0,"9:15pm","10am",NA,NA,NA,-4.24,NA,NA,NA
1855-11-17 07:00:00,12.22,NA,0,0,4.03,NA,1022.35,NA,NA,NA,74.5,NA,-5,NA,-5.56,-5,1
1855-11-17 14:00:00,14.44,225,3,67.5,3.66,NA,1021.33,NA,NA,NA,68.6,NA,-3.47,NA,-4.44,-3.33,5
1855-11-17 21:00:00,11.67,225,3,67.5,3.86,NA,1015.92,NA,NA,NA,75.1,NA,-4.17,NA,-5,-4.44,5
1855-11-18,NA,NA,NA,NA,NA,NA,NA,9.91,"empty","8:30am",NA,NA,NA,-2.78,NA,NA,NA
1855-11-18 07:00:00,11.67,225,3,45,5.25,NA,1006.43,NA,NA,NA,99.9,NA,-3.89,NA,-3.89,-3.89,5
1855-11-18 14:00:00,12.22,225,4,270,4.54,NA,1012.19,NA,NA,NA,76.1,NA,-1.67,NA,-2.78,-1.67,11
1855-11-18 21:00:00,12.78,225,1,270,5.96,NA,1012.19,NA,NA,NA,95.4,NA,-1.25,NA,-1.28,-1.11,11
1855-11-19,NA,NA,NA,NA,NA,NA,NA,0.23,"empty","empty",NA,NA,NA,-2.08,NA,NA,NA
1855-11-19 07:00:00,12.78,NA,0,22.5,4.2,NA,1011.85,NA,NA,NA,81.4,NA,-3.06,NA,-3.89,-3.33,1
1855-11-19 14:00:00,13.89,270,4,0,4.1,NA,1015.24,NA,NA,NA,67.1,NA,-1.11,NA,-2.5,-1.11,16
1855-11-19 21:00:00,15.56,270,1,270,2.74,NA,1019.98,NA,NA,NA,71.3,NA,-6.94,NA,-7.78,-7.22,5
1855-11-20,NA,NA,NA,NA,NA,NA,NA,0.51,"empty","empty",NA,NA,NA,-8.82,NA,NA,NA
1855-11-20 07:00:00,12.22,NA,0,0,2.37,NA,1024.38,NA,NA,NA,71.8,NA,-10.69,NA,-11.67,-10.56,2
1855-11-20 14:00:00,12.78,NA,0,0,2.44,NA,1024.72,NA,NA,NA,60.1,NA,-6.94,NA,-7.78,-7.22,2
1855-11-20 21:00:00,16.11,270,1,0,2.51,NA,1024.38,NA,NA,NA,63.9,NA,-7.78,NA,-8.61,-7.78,2
1855-11-21,NA,NA,NA,NA,NA,NA,NA,0,"8:30am","11pm",NA,NA,NA,-7.28,NA,NA,NA
1855-11-21 07:00:00,11.11,270,1,0,3.62,NA,1016.59,NA,NA,NA,99.9,NA,-9.44,NA,-9.44,-9.44,2
1855-11-21 14:00:00,13.33,337.5,1,45,4.88,NA,1005.76,NA,NA,NA,99.9,NA,-5.11,NA,-5,-5,1
1855-11-21 21:00:00,12.22,337.5,2,22.5,2.51,NA,1004.4,NA,NA,NA,57.9,NA,-6.11,NA,-9.72,-6.11,2
1855-11-22,NA,NA,NA,NA,NA,NA,NA,9.65,"empty","empty",NA,NA,NA,-8.06,NA,NA,NA
1855-11-22 07:00:00,11.11,NA,0,0,2.64,NA,1017.95,NA,NA,NA,74.1,NA,-9.44,NA,-10,-9.44,5
1855-11-22 14:00:00,12.22,NA,0,337.5,2.84,NA,1022.01,NA,NA,NA,74.4,NA,-6.67,NA,-7.22,-6.67,2
1855-11-22 21:00:00,12.78,270,2,270,4.27,NA,1020.32,NA,NA,NA,98.9,NA,-6.67,NA,-6.94,-6.67,2
1855-11-23,NA,NA,NA,NA,NA,NA,NA,0,"4:30pm","12am",NA,NA,NA,-2.64,NA,NA,NA
1855-11-23 07:00:00,12.22,225,1,180,5.76,NA,1006.43,NA,NA,NA,86.1,NA,-6.39,NA,-6.94,-6.67,1
1855-11-23 14:00:00,15.56,225,1,225,6.06,NA,995.26,NA,NA,NA,84.5,NA,1.11,NA,0,1.11,11
1855-11-23 21:00:00,13.89,225,1,225,7.48,NA,985.44,NA,NA,NA,99.9,NA,1.67,NA,1.67,1.67,11
1855-11-24,NA,NA,NA,NA,NA,NA,NA,17.02,"empty","empty",NA,NA,NA,-12.22,NA,NA,NA
1855-11-24 07:00:00,12.22,225,1,315,2.78,NA,1008.81,NA,NA,NA,99.9,NA,-13.33,NA,-13.33,-13.33,20
1855-11-24 14:00:00,11.67,NA,0,315,5.76,NA,1016.93,NA,NA,NA,74,NA,-11.11,NA,-11.67,-11.11,27
1855-11-24 21:00:00,12.22,225,2,315,2.84,NA,1017.95,NA,NA,NA,74.2,NA,-8.33,NA,-8.89,-8.33,16
1855-11-25,NA,NA,NA,NA,NA,NA,NA,0,"2pm | 8pm","5pm | 1am",NA,NA,NA,-2.32,NA,NA,NA
1855-11-25 07:00:00,11.67,225,1,180,4.3,NA,1014.9,NA,NA,NA,88.1,NA,-4.36,NA,-4.72,-4.44,2
1855-11-25 14:00:00,11.67,225,2,180,6.6,NA,1004.4,NA,NA,NA,99.9,NA,-0.28,NA,-0.28,-0.28,2
1855-11-25 21:00:00,13.33,225,2,135,7.04,NA,1012.53,NA,NA,NA,99.9,NA,2.67,NA,2.78,2.78,2
1855-11-26,NA,NA,NA,NA,NA,NA,NA,5.84,"1:45pm","4pm",NA,NA,NA,3.75,NA,NA,NA
1855-11-26 07:00:00,13.89,225,1,247.5,7.89,NA,994.24,NA,NA,NA,92,NA,4.17,NA,3.33,3.89,5
1855-11-26 14:00:00,13.89,270,3,270,7.96,NA,994.92,NA,NA,NA,95.7,NA,3.33,NA,3.06,3.33,5
1855-11-26 21:00:00,13.89,270,2,292.5,6.23,NA,999.66,NA,NA,NA,95.1,NA,-0.28,NA,-0.28,0,5
1855-11-27,NA,NA,NA,NA,NA,NA,NA,12.45,"8am | 5:30pm","11am | 7pm",NA,NA,NA,-1.22,NA,NA,NA
1855-11-27 07:00:00,12.78,270,1,315,4.33,NA,1006.43,NA,NA,NA,81.1,NA,-3.33,NA,-3.89,-3.33,2
1855-11-27 14:00:00,15,270,2,180,6.91,NA,1015.24,NA,NA,NA,95.7,NA,0.89,NA,0.83,1.11,1
1855-11-27 21:00:00,15,225,1,180,7.48,NA,1011.51,NA,NA,NA,99.9,NA,1.67,NA,1.67,1.67,2
1855-11-28,NA,NA,NA,NA,NA,NA,NA,6.6,"10am | 8pm","12:45pm | 11pm",NA,NA,NA,3.54,NA,NA,NA
1855-11-28 07:00:00,13.89,225,1,225,7.35,NA,988.15,NA,NA,NA,92,NA,2.78,NA,2.22,2.78,1
1855-11-28 14:00:00,11.67,270,1,270,7.96,NA,987.81,NA,NA,NA,89.6,NA,4.31,NA,3.89,4.44,2
1855-11-28 21:00:00,13.89,270,1,270,4.13,NA,995.26,NA,NA,NA,80.4,NA,-4.17,NA,-4.44,-3.89,1
1855-11-29,NA,NA,NA,NA,NA,NA,NA,12.45,"10am","12pm",NA,NA,NA,-8.89,NA,NA,NA
1855-11-29 07:00:00,11.67,NA,0,0,2.44,NA,1000.34,NA,NA,NA,74.1,NA,-10.56,NA,-11.11,-10.56,5
1855-11-29 14:00:00,11.11,270,1,0,3.08,NA,1001.02,NA,NA,NA,74.3,NA,-7.22,NA,-7.78,-7.22,2
1855-11-29 21:00:00,11.67,NA,0,0,2.74,NA,1006.1,NA,NA,NA,74.2,NA,-8.89,NA,-9.44,-8.89,2
1855-11-30,NA,NA,NA,NA,NA,NA,NA,16.76,"empty","empty",NA,NA,NA,-5.83,NA,NA,NA
1855-11-30 07:00:00,10,NA,0,270,0.61,NA,1013.88,NA,NA,NA,74.1,NA,-9.44,NA,-10,-9.44,2
1855-11-30 14:00:00,13.89,225,1,225,4.77,NA,1014.9,NA,NA,NA,82.6,NA,-2.22,NA,-2.78,-2.22,1
1855-11-30 21:00:00,16.11,225,1,180,4.54,NA,1010.84,NA,NA,NA,81.4,NA,-2.5,NA,-3.33,-2.78,1
1855-12-01,NA,NA,NA,NA,NA,NA,NA,0,"empty","empty",NA,NA,NA,1.39,NA,NA,NA
1855-12-01 07:00:00,12.78,270,1,180,5.05,NA,1005.42,NA,NA,NA,90.2,NA,-2.5,NA,-3.06,-2.78,0
1855-12-01 14:00:00,13.89,270,4,180,7.31,NA,1001.69,NA,NA,NA,80.1,NA,5.28,NA,3.89,5,1
1855-12-01 21:00:00,15.56,270,1,180,6.74,NA,1000.68,NA,NA,NA,84.6,NA,2.78,NA,12.78,2.78,2
1855-12-02,NA,NA,NA,NA,NA,NA,NA,0.23,"4:30pm",NA,NA,NA,NA,5.07,NA,NA,NA
1855-12-02 07:00:00,14.44,225,1,180,7.11,NA,995.94,NA,NA,NA,92,NA,2.22,NA,1.67,2.22,1
1855-12-02 14:00:00,13.33,225,1,180,10.06,NA,987.13,NA,NA,NA,91.9,NA,7.92,NA,7.22,7.78,1
1855-12-02 21:00:00,15.56,225,1,180,9.58,NA,986.12,NA,NA,NA,99.9,NA,5.56,NA,5.56,5.56,1
1855-12-03,NA,NA,NA,NA,NA,NA,NA,1.14,NA,"3am",NA,NA,NA,2.5,NA,NA,NA
1855-12-03 07:00:00,13.89,270,1,270,6.84,NA,1006.1,NA,NA,NA,91.9,NA,1.67,NA,1.11,1.67,5
1855-12-03 14:00:00,14.44,225,2,247.5,4.4,NA,992.89,NA,NA,NA,57.8,NA,3.33,NA,1.67,3.33,2
1855-12-03 21:00:00,16.11,225,2,247.5,6.54,NA,1001.36,NA,NA,NA,88,NA,1.67,NA,0.83,1.67,2
1855-12-04,NA,NA,NA,NA,NA,NA,NA,0,"empty","empty",NA,NA,NA,1.11,NA,NA,NA
1855-12-04 07:00:00,13.33,225,1,247.5,6.64,NA,1004.74,NA,NA,NA,98.6,NA,0.56,NA,0.17,0.56,2
1855-12-04 14:00:00,14.44,225,3,270,7.15,NA,1008.81,NA,NA,NA,95.7,NA,1.67,NA,1.39,1.67,5
1855-12-04 21:00:00,17.22,225,1,270,5.76,NA,1013.55,NA,NA,NA,80.9,NA,1.11,NA,-0.28,1.11,5
1855-12-05,NA,NA,NA,NA,NA,NA,NA,0,"empty","empty",NA,NA,NA,1.04,NA,NA,NA
1855-12-05 07:00:00,14.44,NA,0,202.5,3.62,NA,1014.56,NA,NA,NA,66.2,NA,-2.67,NA,-3.89,-2.78,2
1855-12-05 14:00:00,13.33,NA,0,202.5,8.57,NA,1014.9,NA,NA,NA,93,NA,4.72,NA,4.44,5,2
1855-12-05 21:00:00,15,NA,0,202.5,6.3,NA,1012.87,NA,NA,NA,91,NA,0.56,NA,-0.56,0.56,2
1855-12-06,NA,NA,NA,NA,NA,NA,NA,0.23,"5pm","11:30pm",NA,NA,NA,1.81,NA,NA,NA
1855-12-06 07:00:00,13.89,225,1,202.5,5.32,NA,1014.56,NA,NA,NA,88.5,NA,-1.39,NA,3.89,-1.11,2
1855-12-06 14:00:00,14.44,225,1,180,6.26,NA,1012.19,NA,NA,NA,69.3,NA,5,NA,2.22,5,5
1855-12-06 21:00:00,14.44,225,1,180,7.15,NA,1009.48,NA,NA,NA,95.7,NA,1.67,NA,1.39,1.67,5
1855-12-07,NA,NA,NA,NA,NA,NA,NA,1.14,"empty","empty",NA,NA,NA,0.28,NA,NA,NA
1855-12-07 07:00:00,12.78,270,2,315,6.5,NA,1015.24,NA,NA,NA,84.6,NA,2.22,NA,1.11,2.22,5
1855-12-07 14:00:00,13.89,315,3,315,4.1,NA,1020.66,NA,NA,NA,54.6,NA,-0.56,NA,-2.5,-0.56,2
1855-12-07 21:00:00,13.89,NA,0,337.5,3.01,NA,1022.35,NA,NA,NA,61.3,NA,0.61,NA,-5.89,-5,2
1855-12-08,NA,NA,NA,NA,NA,NA,NA,0,"empty","empty",NA,NA,NA,-4.79,NA,NA,NA
1855-12-08 07:00:00,11.67,NA,0,0,2.61,NA,1022.01,NA,NA,NA,63.8,NA,-7.22,NA,-8.06,-7.22,1
1855-12-08 14:00:00,12.78,NA,0,0,3.86,NA,1018.29,NA,NA,NA,68.1,NA,-2.69,NA,-3.33,-2.22,2
1855-12-08 21:00:00,13.89,NA,0,0,2.91,NA,1014.22,NA,NA,NA,64,NA,-5,NA,-6.39,-5.56,1
1855-12-09,NA,NA,NA,NA,NA,NA,NA,0,"1:30pm",NA,NA,NA,NA,-2.58,NA,NA,NA
1855-12-09 07:00:00,13.89,90,2,45,3.32,NA,1002.03,NA,NA,NA,74.4,NA,-5.83,NA,-6.67,-6.11,5
1855-12-09 14:00:00,12.22,90,2,90,6.98,NA,986.79,NA,NA,NA,99.9,NA,0.56,NA,0.56,0.56,NA
1855-12-09 21:00:00,11.67,90,2,NA,6.74,NA,974.26,NA,NA,NA,99.9,NA,0.56,NA,0,0,11
1855-12-10,NA,NA,NA,NA,NA,NA,NA,30.48,NA,"2am",NA,NA,NA,0.56,NA,NA,NA
1855-12-10 07:00:00,13.89,225,3,202.5,7.15,NA,974.26,NA,NA,NA,95.7,NA,2.22,NA,1.39,1.67,2
1855-12-10 14:00:00,13.33,225,3,202.5,6.06,NA,981.04,NA,NA,NA,90.7,NA,-0.56,NA,-0.83,-0.56,27
1855-12-10 21:00:00,15.56,225,3,202.5,4.57,NA,989.84,NA,NA,NA,94.3,NA,-5,NA,-5.11,-5,20
1855-12-11,NA,NA,NA,NA,NA,NA,NA,0.25,"empty","empty",NA,NA,NA,-9.72,NA,NA,NA
1855-12-11 07:00:00,13.89,225,3,0,2.17,NA,1003.39,NA,NA,NA,64.1,NA,-10.28,NA,-10.83,-10,2
1855-12-11 14:00:00,13.89,270,3,0,2.64,NA,1006.77,NA,NA,NA,94.1,NA,-9.17,NA,-10,-9.44,2
1855-12-11 21:00:00,13.89,NA,0,0,2.2,NA,1017.61,NA,NA,NA,94.6,NA,-12.36,NA,-12.78,-12.22,11
1855-12-12,NA,NA,NA,NA,NA,NA,NA,0,"empty","empty",NA,NA,NA,-12.56,NA,NA,NA
1855-12-12 07:00:00,13.33,270,1,315,1.96,NA,1020.32,NA,NA,NA,80,NA,-13.33,NA,-14.17,-13.33,11
1855-12-12 14:00:00,13.33,NA,0,202.5,2.27,NA,1028.78,NA,NA,NA,71.7,NA,-11.78,NA,-12.22,-11.67,2
1855-12-12 21:00:00,13.33,NA,0,202.5,2.1,NA,1030.82,NA,NA,NA,66.5,NA,-11.25,NA,-11.89,-11.11,2
1855-12-13,NA,NA,NA,NA,NA,NA,NA,0,"empty","empty",NA,NA,NA,-9.65,NA,NA,NA
1855-12-13 07:00:00,11.67,270,1,0,2.13,NA,1028.78,NA,NA,NA,70.4,NA,-11.39,NA,-12.33,-11.67,1
1855-12-13 14:00:00,12.22,270,2,0,2.17,NA,1025.74,NA,NA,NA,55.5,NA,-7.89,NA,-8.89,-7.78,1
1855-12-13 21:00:00,14.44,270,1,0,2.98,NA,1027.43,NA,NA,NA,85.9,NA,-10,NA,-10.28,-10,1
1855-12-14,NA,NA,NA,NA,NA,NA,NA,0,"empty","empty",NA,NA,NA,-3.19,NA,NA,NA
1855-12-14 07:00:00,10.56,270,1,270,4,NA,1027.43,NA,NA,NA,86.2,NA,-5.56,NA,-5.83,-5.56,2
1855-12-14 14:00:00,12.22,270,1,270,3.49,NA,1029.12,NA,NA,NA,57.6,NA,-0.83,NA,-3.17,-1.11,2
1855-12-14 21:00:00,16.11,270,1,270,4.33,NA,1030.14,NA,NA,NA,81.1,NA,-3.33,NA,-3.89,-3.33,2
1855-12-15,NA,NA,NA,NA,NA,NA,NA,0,"empty","empty",NA,NA,NA,-2.14,NA,NA,NA
1855-12-15 07:00:00,11.11,270,2,22.5,3.56,NA,1023.71,NA,NA,NA,74.6,NA,-5,NA,-5.56,-5,5
1855-12-15 14:00:00,12.22,270,2,67.5,6.3,NA,1018.63,NA,NA,NA,91,NA,0.72,NA,0,0.56,2
1855-12-15 21:00:00,16.11,270,2,135,7.48,NA,1017.27,NA,NA,NA,99.9,NA,1.67,NA,1.67,1.67,2
1855-12-16,NA,NA,NA,NA,NA,NA,NA,0,"12:30pm","11:30pm",NA,NA,NA,0.69,NA,NA,NA
1855-12-16 07:00:00,12.78,225,1,135,6.74,NA,1013.55,NA,NA,NA,99.9,NA,0,NA,0,0,2
1855-12-16 14:00:00,13.33,225,1,45,7.25,NA,1005.08,NA,NA,NA,99.9,NA,1.39,NA,1.11,1.11,5
1855-12-16 21:00:00,13.33,225,1,45,7.25,NA,1003.05,NA,NA,NA,99.9,NA,1.11,NA,1.11,1.11,5
1855-12-17,NA,NA,NA,NA,NA,NA,NA,8.64,"empty","empty",NA,NA,NA,1.94,NA,NA,NA
1855-12-17 07:00:00,13.89,NA,0,247.5,6.3,NA,1004.4,NA,NA,NA,88,NA,1.11,NA,0.28,1.11,2
1855-12-17 14:00:00,13.89,225,3,247.5,5.45,NA,1001.69,NA,NA,NA,69.6,NA,2.78,NA,0.72,2.78,11
1855-12-17 21:00:00,13.33,247.5,3,247.5,6.06,NA,1001.36,NA,NA,NA,90.4,NA,0,NA,-0.56,0,16
1855-12-18,NA,NA,NA,NA,NA,NA,NA,0,"empty","empty",NA,NA,NA,-3.61,NA,NA,NA
1855-12-18 07:00:00,13.33,NA,0,0,2.64,NA,1008.81,NA,NA,NA,58.6,NA,-5.56,NA,-6.56,-5.56,2
1855-12-18 14:00:00,15,270,3,0,3.62,NA,1013.21,NA,NA,NA,62.9,NA,-1.67,NA,-3.17,-1.67,2
1855-12-18 21:00:00,15,270,2,0,2.68,NA,1018.29,NA,NA,NA,55.3,NA,-4.44,NA,-5.56,-4.44,2
1855-12-19,NA,NA,NA,NA,NA,NA,NA,0,"empty","empty",NA,NA,NA,-7.17,NA,NA,NA
1855-12-19 07:00:00,12.78,270,1,0,3.79,NA,1022.35,NA,NA,NA,94.2,NA,-7.5,NA,-12.33,-7.78,1
1855-12-19 14:00:00,11.67,270,1,45,3.08,NA,1023.37,NA,NA,NA,74.3,NA,-6.83,NA,-7.78,-7.22,2
1855-12-19 21:00:00,17.22,270,1,45,2.88,NA,1024.72,NA,NA,NA,83.6,NA,-9.72,NA,-10.33,-10,2
1855-12-20,NA,NA,NA,NA,NA,NA,NA,0,"empty","empty",NA,NA,NA,-10.82,NA,NA,NA
1855-12-20 07:00:00,12.22,270,1,45,1.73,NA,1025.06,NA,NA,NA,65,NA,-12.78,NA,-13.89,-12.78,1
1855-12-20 14:00:00,11.67,225,1,22.5,3.01,NA,1025.06,NA,NA,NA,74.2,NA,-8.83,NA,-9.44,-8.89,0
1855-12-20 21:00:00,12.78,225,1,22.5,3.01,NA,1023.43,NA,NA,NA,74.1,NA,-8.89,NA,-9.44,-8.89,0
1855-12-21,NA,NA,NA,NA,NA,NA,NA,0,"empty","empty",NA,NA,NA,-5.17,NA,NA,NA
1855-12-21 07:00:00,11.11,270,1,180,2.64,NA,1017.95,NA,NA,NA,64.1,NA,-9.72,NA,-10,-9.44,1
1855-12-21 14:00:00,15,247.5,1,180,4.33,NA,1010.84,NA,NA,NA,68.5,NA,-0.56,NA,-2.22,-0.56,5
1855-12-21 21:00:00,15,247.5,1,180,6.06,NA,1006.43,NA,NA,NA,84.5,NA,1.11,NA,0,1.11,2
1855-12-22,NA,NA,NA,NA,NA,NA,NA,0,"7:30pm",NA,NA,NA,NA,2.5,NA,NA,NA
1855-12-22 07:00:00,13.33,247.5,1,292.5,6.81,NA,1008.13,NA,NA,NA,91.9,NA,1.67,NA,1.11,1.67,2
1855-12-22 14:00:00,13.33,225,2,292.5,7.62,NA,1000,NA,NA,NA,92,NA,3.33,NA,2.78,3.33,2
1855-12-22 21:00:00,12.78,225,2,292.5,6.06,NA,1002.03,NA,NA,NA,94.2,NA,0.56,NA,-0.28,0,2
1855-12-23,NA,NA,NA,NA,NA,NA,NA,16,NA,"6am",NA,NA,NA,1.53,NA,NA,NA
1855-12-23 07:00:00,13.33,225,1,292.5,7.25,NA,993.57,NA,NA,NA,99.9,NA,1.11,NA,1.11,1.11,2
1855-12-23 14:00:00,14.44,225,1,247.5,5.93,NA,1003.73,NA,NA,NA,77.7,NA,1.94,NA,0.56,2.22,2
1855-12-23 21:00:00,15,225,1,247.5,7.35,NA,1005.08,NA,NA,NA,95.1,NA,2.22,NA,1.67,2.22,5
1855-12-24,NA,NA,NA,NA,NA,NA,NA,0,"empty","empty",NA,NA,NA,-7.94,NA,NA,NA
1855-12-24 07:00:00,16.67,NA,0,0,2.17,NA,1021.33,NA,NA,NA,55.8,NA,-7.5,NA,-8.89,-7.78,2
1855-12-24 14:00:00,16.11,225,1,0,2.84,NA,1027.43,NA,NA,NA,74.2,NA,-8.33,NA,-8.89,-8.33,1
1855-12-24 21:00:00,13.89,225,1,315,2.27,NA,1028.45,NA,NA,NA,60.3,NA,-11.67,NA,-12.22,-11.67,1
1855-12-25,NA,NA,NA,NA,NA,NA,NA,0,"8am",NA,NA,NA,NA,-15,NA,NA,NA
1855-12-25 07:00:00,11.11,45,2,45,2.51,NA,1024.72,NA,NA,NA,99.9,NA,-15,NA,-15,-15,5
1855-12-25 14:00:00,14.44,45,2,45,2.51,NA,1018.29,NA,NA,NA,99.9,NA,-15,NA,-15,-15,11
1855-12-25 21:00:00,16.67,45,2,45,2.68,NA,1008.81,NA,NA,NA,99.9,NA,-13.89,NA,-13.89,-13.89,20
1855-12-26,NA,NA,NA,NA,NA,NA,NA,35.81,NA,"11:30am",NA,NA,NA,-13.33,NA,NA,NA
1855-12-26 07:00:00,11.67,270,2,0,2.68,NA,998.65,NA,NA,NA,99.9,NA,-13.89,NA,-13.89,-13.89,16
1855-12-26 14:00:00,11.11,270,1,292.5,2.03,NA,1005.08,NA,NA,NA,80,NA,-12.78,NA,-13.39,-12.78,16
1855-12-26 21:00:00,15,NA,0,292.5,1.73,NA,1015.92,NA,NA,NA,65,NA,-12.78,NA,-13.5,-12.78,11
1855-12-27,NA,NA,NA,NA,NA,NA,NA,0,"5pm",NA,NA,NA,NA,-12.92,NA,NA,NA
1855-12-27 07:00:00,10.56,270,2,292.5,1.12,NA,1019.64,NA,NA,NA,57,NA,-16.94,NA,-17.67,-16.5,16
1855-12-27 14:00:00,11.67,270,4,292.5,2.34,NA,1020.32,NA,NA,NA,63.9,NA,-8.89,NA,-9.72,-8.89,11
1855-12-27 21:00:00,11.11,270,4,292.5,2.74,NA,1023.71,NA,NA,NA,88.7,NA,-11.67,NA,-11.89,-11.67,5
1855-12-28,NA,NA,NA,NA,NA,NA,NA,15.49,NA,"11am",NA,NA,NA,-10.06,NA,NA,NA
1855-12-28 07:00:00,16.67,270,2,292.5,2.37,NA,1017.61,NA,NA,NA,74.1,NA,-11.11,NA,-11.67,-11.11,5
1855-12-28 14:00:00,13.89,270,2,292.5,2.34,NA,1014.9,NA,NA,NA,63.9,NA,-8.94,NA,-9.72,-8.89,2
1855-12-28 21:00:00,10.56,NA,0,292.5,1.12,NA,1022.01,NA,NA,NA,83,NA,-20,NA,-19.61,-20,2
1855-12-29,NA,NA,NA,NA,NA,NA,NA,0,"11pm",NA,NA,NA,NA,-23.06,NA,NA,NA
1855-12-29 07:00:00,7.22,NA,0,292.5,4.06,NA,1025.06,NA,NA,NA,72,NA,-25.56,NA,-25.22,-25.56,2
1855-12-29 14:00:00,9.44,270,2,292.5,1.05,NA,1022.35,NA,NA,NA,82,NA,-20.56,NA,-20.22,-20.61,2
1855-12-29 21:00:00,12.22,270,3,292.5,0.85,NA,1014.9,NA,NA,NA,73.6,NA,-21.67,NA,-20.56,-21.67,2
1855-12-30,NA,NA,NA,NA,NA,NA,NA,8.64,NA,"10:30am",NA,NA,NA,-16.44,NA,NA,NA
1855-12-30 07:00:00,11.67,270,3,0,1.46,NA,997.63,NA,NA,NA,95,NA,-18.39,NA,-18.22,-18.39,5
1855-12-30 14:00:00,15,NA,0,247.5,1.79,NA,999.66,NA,NA,NA,80,NA,-14.44,NA,-15,-14.44,1
1855-12-30 21:00:00,15,NA,0,247.5,1.42,NA,1006.77,NA,NA,NA,62,NA,-14.72,NA,-19.67,-14.72,1
1855-12-31,NA,NA,NA,NA,NA,NA,NA,0,"7am","10am",NA,NA,NA,-10.83,NA,NA,NA
1855-12-31 07:00:00,12.78,270,3,270,6.57,NA,1009.48,NA,NA,NA,74.3,NA,-6.67,NA,-7.22,-6.67,5
1855-12-31 14:00:00,13.89,270,2,270,1.35,NA,1014.22,NA,NA,NA,62,NA,-15,NA,-16.17,-15,5
1855-12-31 21:00:00,12.78,270,3,270,3.18,NA,1014.22,NA,NA,NA,74.3,NA,-6.83,NA,-7.22,-6.67,5
1856-01-01,NA,NA,NA,NA,NA,NA,NA,18.29,"empty","empty",NA,NA,NA,-6.67,NA,NA,NA
1856-01-01 07:00:00,11.67,270,2,270,2.95,NA,1013.55,NA,NA,NA,74,NA,-5.56,NA,-6.56,-5.56,2
1856-01-01 14:00:00,20,NA,0,315,2.78,NA,1022.35,NA,NA,NA,84,NA,-7.78,NA,-8.33,-7.78,1
1856-01-01 21:00:00,17.22,NA,0,315,1.83,NA,1026.75,NA,NA,NA,78,NA,-12.22,NA,-12.78,-12.22,1
1856-01-02,NA,NA,NA,NA,NA,NA,NA,0.23,"8:45am","empty",NA,NA,NA,-13.53,NA,NA,NA
1856-01-02 07:00:00,12.78,270,1,315,1.25,NA,1028.78,NA,NA,NA,70,NA,-15,NA,-16.17,-15,2
1856-01-02 14:00:00,15.56,270,1,292.5,1.83,NA,1027.77,NA,NA,NA,78,NA,-12.03,NA,-12.78,-12.22,1
1856-01-02 21:00:00,15.56,270,1,337.5,1.05,NA,1023.03,NA,NA,NA,52,NA,-13.61,NA,-15,-13.89,1
1856-01-03,NA,NA,NA,NA,NA,NA,NA,0,"7:45am","empty",NA,NA,NA,-6.67,NA,NA,NA
1856-01-03 07:00:00,11.67,315,1,0,2.51,NA,1011.85,NA,NA,NA,83,NA,-8.89,NA,-9.44,-8.89,1
1856-01-03 14:00:00,11.11,315,1,337.5,4.37,NA,1004.06,NA,NA,NA,100,NA,-4.44,NA,-4.44,-4.44,1
1856-01-03 21:00:00,13.89,315,1,337.5,4.77,NA,1005.42,NA,NA,NA,100,NA,-3.06,NA,-3.33,-3.33,11
1856-01-04,NA,NA,NA,NA,NA,NA,NA,17.02,"empty","2am",NA,NA,NA,-18.47,NA,NA,NA
1856-01-04 07:00:00,10.56,NA,0,0,0.91,NA,1025.06,NA,NA,NA,71,NA,-18.89,NA,-19.39,-18.89,5
1856-01-04 14:00:00,11.11,NA,0,315,1.35,NA,1031.49,NA,NA,NA,95,NA,-18.06,NA,-18.17,-18.06,2
1856-01-04 21:00:00,13.33,NA,0,0,0.98,NA,1035.56,NA,NA,NA,80,NA,-20.17,NA,-20.33,-20,1
1856-01-05,NA,NA,NA,NA,NA,NA,NA,0,"empty","empty",NA,NA,NA,-24.23,NA,NA,NA
1856-01-05 07:00:00,12.22,NA,0,22.5,0.44,NA,1035.56,NA,NA,NA,58,NA,-26.11,NA,-26.56,-26.11,2
1856-01-05 14:00:00,8.33,270,1,45,0.51,NA,1028.78,NA,NA,NA,49.5,NA,-22.36,NA,-23.17,-22.5,5
1856-01-05 21:00:00,13.33,270,1,45,1.12,NA,1025.4,NA,NA,NA,90,NA,-19.72,NA,-19.89,-19.72,5
1856-01-06,NA,NA,NA,NA,NA,NA,NA,0,"empty","empty",NA,NA,NA,-16.5,NA,NA,NA
1856-01-06 07:00:00,7.22,270,1,45,1.08,NA,1017.61,NA,NA,NA,NA,NA,-17.44,NA,-18.44,-17.44,11
1856-01-06 14:00:00,8.89,270,1,0,1.22,NA,1017.61,NA,NA,NA,68,NA,-15.56,NA,-16.06,-15.39,5
1856-01-06 21:00:00,10.56,NA,0,0,1.02,NA,1020.32,NA,NA,NA,80,NA,-19.17,NA,-19.72,-19.39,0
1856-01-07,NA,NA,NA,NA,NA,NA,NA,0,"empty","empty",NA,NA,NA,-22.61,NA,NA,NA
1856-01-07 07:00:00,12.78,270,2,22.5,0.27,NA,1022.35,NA,NA,NA,30,NA,-23.89,NA,-24.72,-23.89,5
1856-01-07 14:00:00,12.22,270,2,22.5,1.08,NA,1016.59,NA,NA,NA,66,NA,-16.5,NA,-17.17,-16.5,5
1856-01-07 21:00:00,12.22,270,1,22.5,2.95,NA,1008.81,NA,NA,NA,84,NA,-7.22,NA,-7.78,-7.22,1
1856-01-08,NA,NA,NA,NA,NA,NA,NA,0.25,"8:30am","9:30am",NA,NA,NA,-7.22,NA,NA,NA
1856-01-08 07:00:00,16.11,270,2,270,3.01,NA,1004.4,NA,NA,NA,72,NA,-5.56,NA,-6.11,-5,5
1856-01-08 14:00:00,13.33,225,2,270,2.37,NA,1000.34,NA,NA,NA,82,NA,-9.44,NA,-10,-9.44,20
1856-01-08 21:00:00,13.89,NA,0,270,1.08,NA,1003.05,NA,NA,NA,70,NA,-16.67,NA,-17.78,-17.22,20
1856-01-09,NA,NA,NA,NA,NA,NA,NA,0.23,"8:30am","9am",NA,NA,NA,-18.61,NA,NA,NA
1856-01-09 07:00:00,13.33,225,2,225,0.91,NA,1006.43,NA,NA,NA,80.5,NA,-21.11,NA,-21.39,-21.11,5
1856-01-09 14:00:00,14.44,225,1,225,1.12,NA,1004.06,NA,NA,NA,73,NA,-17.22,NA,-17.72,-17.22,5
1856-01-09 21:00:00,14.44,NA,0,225,0.85,NA,1004.4,NA,NA,NA,58,NA,-18.22,NA,-18.44,-18.11,11
1856-01-10,NA,NA,NA,NA,NA,NA,NA,0,"empty","empty",NA,NA,NA,-16.5,NA,NA,NA
1856-01-10 07:00:00,16.11,270,2,292.5,0.85,NA,1006.1,NA,NA,NA,58,NA,-18.11,NA,-18.44,-18.11,5
1856-01-10 14:00:00,16.11,270,3,270,1.52,NA,1007.79,NA,NA,NA,76,NA,-13.89,NA,-14.44,-13.89,16
1856-01-10 21:00:00,15,270,3,270,1.93,NA,1010.84,NA,NA,NA,79,NA,-11.67,NA,-12.22,-11.67,20
1856-01-11,NA,NA,NA,NA,NA,NA,NA,0,"empty","empty",NA,NA,NA,-10.44,NA,NA,NA
1856-01-11 07:00:00,15.56,NA,0,292.5,1.76,NA,1021.33,NA,NA,NA,76,NA,-12.5,NA,-13,-12.39,5
1856-01-11 14:00:00,15.56,NA,0,315,2.13,NA,1022.01,NA,NA,NA,67,NA,-8.33,NA,-9.44,-8.33,1
1856-01-11 21:00:00,18.33,NA,0,315,1.93,NA,1025.74,NA,NA,NA,76,NA,-11.11,NA,-11.78,-11.11,1
1856-01-12,NA,NA,NA,NA,NA,NA,NA,0,"empty","empty",NA,NA,NA,-12.78,NA,NA,NA
1856-01-12 07:00:00,18.89,270,1,315,0.75,NA,1028.78,NA,NA,NA,36,NA,-13.61,NA,-15,-13.44,2
1856-01-12 14:00:00,12.78,270,1,0,1.83,NA,1027.09,NA,NA,NA,78,NA,-11.94,NA,-12.78,-12.22,1
1856-01-12 21:00:00,13.89,270,1,0,2.17,NA,1024.04,NA,NA,NA,89.5,NA,-11.67,NA,-11.94,-11.67,5
1856-01-13,NA,NA,NA,NA,NA,NA,NA,0,"8:45am","11:20pm",NA,NA,NA,-13.33,NA,NA,NA
1856-01-13 07:00:00,16.67,22.5,3,22.5,2.17,NA,1014.22,NA,NA,NA,89.5,NA,-11.67,NA,-11.94,-11.67,11
1856-01-13 14:00:00,13.33,22.5,3,22.5,2.57,NA,1005.42,NA,NA,NA,91,NA,-9.72,NA,-10,-9.72,16
1856-01-13 21:00:00,20,45,4,22.5,2.71,NA,1002.03,NA,NA,NA,100,NA,-10.28,NA,-10.28,-10.28,27
1856-01-14,NA,NA,NA,NA,NA,NA,NA,28.19,"11:15am","3pm",NA,NA,NA,-6.94,NA,NA,NA
1856-01-14 07:00:00,13.89,45,3,45,3.18,NA,1002.71,NA,NA,NA,100,NA,-8.33,NA,-8.33,-8.33,16
1856-01-14 14:00:00,11.67,45,3,45,2.84,NA,1003.73,NA,NA,NA,71,NA,-5.56,NA,-6.67,-5.56,11
1856-01-14 21:00:00,11.11,45,3,45,2.78,NA,1004.4,NA,NA,NA,84,NA,-7.78,NA,-8.33,-7.78,5
1856-01-15,NA,NA,NA,NA,NA,NA,NA,2.29,"empty","empty",NA,NA,NA,-6.94,NA,NA,NA
1856-01-15 07:00:00,13.89,45,1,0,2.64,NA,1004.4,NA,NA,NA,83,NA,-8.33,NA,-8.89,-8.33,1
1856-01-15 14:00:00,13.33,NA,1,337.5,2.84,NA,1003.39,NA,NA,NA,71,NA,-5.56,NA,-6.67,-5.56,1
1856-01-15 21:00:00,15,NA,0,270,2.78,NA,1004.06,NA,NA,NA,84,NA,-7.78,NA,-8.33,-7.78,1
1856-01-16,NA,NA,NA,NA,NA,NA,NA,0,"10am","11pm",NA,NA,NA,NA,NA,NA,NA
1856-01-16 07:00:00,18.89,225,2,225,2.37,NA,1002.71,NA,NA,NA,82,NA,-9.44,NA,-10,-9.44,2
1856-01-16 14:00:00,15.56,225,2,157.5,4.88,NA,998.31,NA,NA,NA,93.5,NA,-2.22,NA,-2.5,-2.22,2
1856-01-16 21:00:00,18.33,225,1,157.5,3.96,NA,995.6,NA,NA,NA,87,NA,-3.89,NA,-4.44,-3.89,1
1856-01-17,NA,NA,NA,NA,NA,NA,NA,6.86,"empty","empty",NA,NA,NA,-1.67,NA,NA,NA
1856-01-17 07:00:00,17.78,225,1,270,3.96,NA,994.92,NA,NA,NA,87,NA,-3.89,NA,-4.44,-3.89,1
1856-01-17 14:00:00,16.11,225,1,337.5,5.69,NA,995.26,NA,NA,NA,89,NA,0.56,NA,0,0.56,1
1856-01-17 21:00:00,16.11,225,1,292.5,3.59,NA,1000.68,NA,NA,NA,86,NA,-5,NA,-5.56,-5,1
1856-01-18,NA,NA,NA,NA,NA,NA,NA,0,"empty","empty",NA,NA,NA,-4.72,NA,NA,NA
1856-01-18 07:00:00,16.11,270,1,315,3.25,NA,1005.08,NA,NA,NA,85,NA,-3.89,NA,-6.67,-6.11,1
1856-01-18 14:00:00,14.44,270,1,315,4.17,NA,1005.42,NA,NA,NA,87,NA,-3.33,NA,-3.89,-3.33,1
1856-01-18 21:00:00,13.89,270,1,292.5,2.64,NA,1006.43,NA,NA,NA,83,NA,-8.33,NA,-8.89,-8.33,1
1856-01-19,NA,NA,NA,NA,NA,NA,NA,0,"empty","empty",NA,NA,NA,-15.42,NA,NA,NA
1856-01-19 07:00:00,12.78,NA,0,0,1.02,NA,1011.85,NA,NA,NA,59,NA,-15.83,NA,-16.67,-15.83,2
1856-01-19 14:00:00,12.78,NA,0,0,1.39,NA,1013.88,NA,NA,NA,74,NA,-15,NA,-15.56,-15,2
1856-01-19 21:00:00,16.67,NA,0,0,1.12,NA,1017.61,NA,NA,NA,69,NA,-16.94,NA,-17.11,-16.5,1
1856-01-20,NA,NA,NA,NA,NA,NA,NA,0,"empty","empty",NA,NA,NA,-18.04,NA,NA,NA
1856-01-20 07:00:00,16.67,NA,0,0,1.15,NA,1017.61,NA,NA,NA,93,NA,-19.86,NA,-20.11,-20,1
1856-01-20 14:00:00,16.67,NA,0,247.5,0.91,NA,1013.88,NA,NA,NA,49,NA,-15.17,NA,-16.11,-15,1
1856-01-20 21:00:00,17.78,270,1,247.5,1.39,NA,1010.16,NA,NA,NA,97,NA,-17.22,NA,-17.28,-17.22,1
1856-01-21,NA,NA,NA,NA,NA,NA,NA,0,"empty","empty",NA,NA,NA,-15.28,NA,NA,NA
1856-01-21 07:00:00,19.44,270,1,0,1.08,NA,1010.16,NA,NA,NA,68,NA,-16.67,NA,-17.33,-16.72,0
1856-01-21 14:00:00,13.33,NA,0,0,1.52,NA,1007.11,NA,NA,NA,76,NA,-13.89,NA,-14.44,-13.89,1
1856-01-21 21:00:00,12.78,NA,0,0,1.12,NA,1006.77,NA,NA,NA,69,NA,-16.39,NA,-17.11,-16.5,1
1856-01-22,NA,NA,NA,NA,NA,NA,NA,0,"empty","empty",NA,NA,NA,-15.14,NA,NA,NA
1856-01-22 07:00:00,17.22,NA,0,292.5,1.02,NA,1010.16,NA,NA,NA,80,NA,-19.61,NA,-19.78,-19.44,1
1856-01-22 14:00:00,18.89,NA,0,202.5,2.13,NA,1008.47,NA,NA,NA,81,NA,-10.83,NA,-11.11,-10.56,1
1856-01-22 21:00:00,22.22,270,1,202.5,2.37,NA,1010.16,NA,NA,NA,82,NA,-9.44,NA,-10,-9.44,1
1856-01-23,NA,NA,NA,NA,NA,NA,NA,0.23,"9am","10am",NA,NA,NA,-8.44,NA,NA,NA
1856-01-23 07:00:00,18.89,NA,0,315,1.93,NA,1009.82,NA,NA,NA,79,NA,-11.5,NA,-12.22,-11.67,1
1856-01-23 14:00:00,16.67,NA,0,270,2.57,NA,1009.14,NA,NA,NA,64.5,NA,-5.39,NA,-6.94,-5.56,2
1856-01-23 21:00:00,17.78,NA,0,270,2.78,NA,1010.16,NA,NA,NA,84,NA,-7.78,NA,-8.33,-7.78,2
1856-01-24,NA,NA,NA,NA,NA,NA,NA,0,"6:15pm","7:35pm",NA,NA,NA,-4.11,NA,NA,NA
1856-01-24 07:00:00,18.89,270,1,202.5,3.69,NA,1005.76,NA,NA,NA,93,NA,NA,NA,-5.83,-5.56,11
1856-01-24 14:00:00,15.56,270,2,202.5,3.52,NA,1004.74,NA,NA,NA,70,NA,-2.78,NA,-4.11,-2.78,16
1856-01-24 21:00:00,13.33,270,2,202.5,1.52,NA,1011.51,NA,NA,NA,76,NA,-13.89,NA,-14.44,-13.89,2
1856-01-25,NA,NA,NA,NA,NA,NA,NA,10.16,"empty","empty",NA,NA,NA,-19.47,NA,NA,NA
1856-01-25 07:00:00,13.89,NA,0,337.5,0.88,NA,1020.66,NA,NA,NA,78,NA,-21.39,NA,-21.56,-21.22,5
1856-01-25 14:00:00,13.89,NA,0,337.5,1.22,NA,1025.06,NA,NA,NA,82,NA,-17.56,NA,-18.11,-17.78,11
1856-01-25 21:00:00,12.22,NA,0,337.5,0.85,NA,1025.74,NA,NA,NA,77,NA,-21.67,NA,-22,-21.67,11
1856-01-26,NA,NA,NA,NA,NA,NA,NA,0,"empty","empty",NA,NA,NA,-14.09,NA,NA,NA
1856-01-26 07:00:00,17.78,NA,0,337.5,1.02,NA,1025.74,NA,NA,NA,67,NA,-17.61,NA,-18.11,-17.5,2
1856-01-26 14:00:00,16.67,NA,0,315,2.13,NA,1023.71,NA,NA,NA,81,NA,-10.42,NA,-11.11,-10.56,5
1856-01-26 21:00:00,18.89,NA,0,315,1.63,NA,1021.33,NA,NA,NA,75,NA,-13.33,NA,-13.72,-13.11,1
1856-01-27,NA,NA,NA,NA,NA,NA,NA,0,"empty","empty",NA,NA,NA,-11.6,NA,NA,NA
1856-01-27 07:00:00,15.56,NA,0,180,1.29,NA,1015.92,NA,NA,NA,73,NA,-15.56,NA,-16.11,-15.56,1
1856-01-27 14:00:00,16.67,270,1,270,2.78,NA,1010.84,NA,NA,NA,74,NA,-7.64,NA,-8.33,-7.78,1
1856-01-27 21:00:00,15.56,NA,0,270,1.42,NA,1008.13,NA,NA,NA,73,NA,-14.17,NA,-14.83,-14.22,1
1856-01-28,NA,NA,NA,NA,NA,NA,NA,0,"empty","empty",NA,NA,NA,-14.64,NA,NA,NA
1856-01-28 07:00:00,17.22,270,3,0,1.29,NA,1004.06,NA,NA,NA,94,NA,-18.61,NA,-18.83,-18.72,5
1856-01-28 14:00:00,11.67,270,1,0,2.24,NA,1001.36,NA,NA,NA,89,NA,-10.67,NA,-10.89,-10.56,2
1856-01-28 21:00:00,12.78,270,1,0,1.69,NA,1003.39,NA,NA,NA,75,NA,-12.78,NA,-13.22,-12.61,2
1856-01-29,NA,NA,NA,NA,NA,NA,NA,0,"9:30am","9:30pm",NA,NA,NA,-6.94,NA,NA,NA
1856-01-29 07:00:00,15.56,270,1,270,2.13,NA,1004.06,NA,NA,NA,81,NA,-10.56,NA,-11.11,-10.56,1
1856-01-29 14:00:00,14.44,270,1,270,4.17,NA,1005.76,NA,NA,NA,87,NA,-3.33,NA,-2.22,-3.33,1
1856-01-29 21:00:00,15,270,1,270,2.95,NA,1003.73,NA,NA,NA,84,NA,-7.22,NA,-7.78,-7.22,1
1856-01-30,NA,NA,NA,NA,NA,NA,NA,2.54,"12:45pm","3:15pm",NA,NA,NA,-4.17,NA,NA,NA
1856-01-30 07:00:00,18.33,270,1,225,2.64,NA,1000.34,NA,NA,NA,83,NA,-6.11,NA,-8.89,-8.33,0
1856-01-30 14:00:00,17.78,247.5,1,247.5,5.18,NA,998.65,NA,NA,NA,100,NA,-2.22,NA,-2.22,-2.22,1
1856-01-30 21:00:00,15.56,247.5,1,247.5,3.08,NA,999.66,NA,NA,NA,85,NA,-6.67,NA,-7.22,-6.67,1
1856-01-31,NA,NA,NA,NA,NA,NA,NA,0.23,"empty","empty",NA,NA,NA,-11.67,NA,NA,NA
1856-01-31 07:00:00,17.22,270,1,0,1.73,NA,1007.45,NA,NA,NA,77,NA,-12.78,NA,-13.33,-12.78,1
1856-01-31 14:00:00,14.44,NA,0,315,2.13,NA,1010.5,NA,NA,NA,81,NA,-10.56,NA,-11.11,-10.56,1
1856-01-31 21:00:00,NA,NA,0,315,1.52,NA,1010.16,NA,NA,NA,76,NA,-13.89,NA,-14.44,-13.89,1
1856-02-01,NA,NA,NA,NA,NA,NA,NA,NA,"8:20am","11:40pm",NA,NA,NA,-16.67,NA,NA,NA
1856-02-01 07:00:00,17.78,NA,1,337.5,1.08,"225",1008.13,NA,NA,NA,81,NA,-18.33,NA,-18.72,-18.39,1
1856-02-01 14:00:00,13.33,NA,1,337.5,1.35,"225",1000.34,NA,NA,NA,71.5,NA,-15,NA,-15.61,-15,1
1856-02-01 21:00:00,18.89,NA,1,337.5,2.91,"270",996.95,NA,NA,NA,91.5,NA,-8.33,NA,-8.61,-8.33,1
1856-02-02,NA,NA,NA,NA,NA,NA,NA,4.57,"empty","empty",NA,66.04,NA,-12.22,NA,NA,NA
1856-02-02 07:00:00,17.22,NA,0,0,1.63,NA,996.61,NA,NA,NA,77,NA,-13.33,NA,-13.89,-13.33,2
1856-02-02 14:00:00,16.11,NA,1,270,2.03,"270",996.95,NA,NA,NA,80,NA,-11.11,NA,-11.67,-11.11,2
1856-02-02 21:00:00,15.56,NA,0,270,1.49,NA,997.97,NA,NA,NA,73,NA,-13.89,NA,-14.5,-13.89,1
1856-02-03,NA,NA,NA,NA,NA,NA,NA,0,"7:30pm","11pm",NA,0,NA,-18.12,NA,NA,NA
1856-02-03 07:00:00,17.78,NA,2,270,0.98,"270",998.31,NA,NA,NA,80,NA,-20.14,NA,-20.33,-20,11
1856-02-03 14:00:00,13.33,NA,2,270,1.22,"270",996.61,NA,NA,NA,72,NA,-16.11,NA,-16.67,-16.11,11
1856-02-03 21:00:00,17.22,NA,2,270,0.85,"270",997.97,NA,NA,NA,50,NA,-16.53,NA,-17.11,-16.5,16
1856-02-04,NA,NA,NA,NA,NA,NA,NA,2.54,"9:30am","2pm",NA,17.78,NA,-16.98,NA,NA,NA
1856-02-04 07:00:00,17.78,NA,2,270,1.39,"270",997.29,NA,NA,NA,94,NA,-17.83,NA,-17.89,-17.78,5
1856-02-04 14:00:00,17.22,NA,2,270,1.22,"270",1001.36,NA,NA,NA,72,NA,-16.11,NA,-16.67,-16.11,11
1856-02-04 21:00:00,17.22,NA,2,270,1.69,"270",1004.4,NA,NA,NA,100,NA,-19.44,NA,-19.44,-19.44,5
1856-02-05,NA,NA,NA,NA,NA,NA,NA,0.76,"9am","10:20pm",NA,10.16,NA,-14.52,NA,NA,NA
1856-02-05 07:00:00,16.11,NA,1,315,1.15,"270",1008.81,NA,NA,NA,71,NA,-16.67,NA,-17.22,-16.67,2
1856-02-05 14:00:00,13.89,NA,2,315,1.69,"292.5",1012.19,NA,NA,NA,73.5,NA,-12.36,NA,-13.06,-12.39,2
1856-02-05 21:00:00,14.44,NA,2,315,2.03,"337.5",1018.96,NA,NA,NA,100,NA,-21.67,NA,-21.67,-21.67,1
1856-02-06,NA,NA,NA,NA,NA,NA,NA,0.23,"empty","empty",NA,0.23,NA,-9.03,NA,NA,NA
1856-02-06 07:00:00,17.22,NA,1,270,2.03,"315",1025.4,NA,NA,NA,80,NA,-11.11,NA,-11.67,-11.11,1
1856-02-06 14:00:00,13.89,NA,1,247.5,2.95,"270",1025.06,NA,NA,NA,84,NA,-6.94,NA,-7.78,-7.22,1
1856-02-06 21:00:00,13.89,NA,1,247.5,2.37,"0",1024.04,NA,NA,NA,82,NA,-9.39,NA,-10,-9.44,1
1856-02-07,NA,NA,NA,NA,NA,NA,NA,0,"6:30am","11:15pm",NA,0,NA,-6.57,NA,NA,NA
1856-02-07 07:00:00,18.33,NA,1,180,2.64,"225",1016.26,NA,NA,NA,91,NA,-9.58,NA,-9.72,-9.44,2
1856-02-07 14:00:00,16.11,NA,1,157.5,4.47,"225",1003.73,NA,NA,NA,93,NA,-3.56,NA,-3.61,-3.33,2
1856-02-07 21:00:00,14.44,NA,1,157.5,4,"225",995.26,NA,NA,NA,100,NA,-5.56,NA,-5.56,-5.56,2
1856-02-08,NA,NA,NA,NA,NA,NA,NA,11.43,"empty","empty",NA,129.54,NA,-10.67,NA,NA,NA
1856-02-08 07:00:00,13.89,NA,1,337.5,2.37,"270",1008.81,NA,NA,NA,82,NA,-9.67,NA,-10,-9.44,2
1856-02-08 14:00:00,14.44,NA,0,315,1.93,NA,1011.85,NA,NA,NA,79,NA,-11.67,NA,-12.22,-11.67,1
1856-02-08 21:00:00,13.33,NA,0,315,2.3,NA,1010.5,NA,NA,NA,77,NA,-13.61,NA,-13.89,-13.33,1
1856-02-09,NA,NA,NA,NA,NA,NA,NA,0,"empty","empty",NA,0,NA,-13.06,NA,NA,NA
1856-02-09 07:00:00,15.56,NA,1,22.5,2.88,"270",1008.13,NA,NA,NA,68,NA,-16.11,NA,-16.72,-16.11,1
1856-02-09 14:00:00,12.22,NA,1,180,2,"270",1006.77,NA,NA,NA,72.5,NA,-10,NA,-10.83,-10,1
1856-02-09 21:00:00,12.22,NA,1,180,1.19,"270",1009.48,NA,NA,NA,55,NA,-13.11,NA,-14.22,-13.11,1
1856-02-10,NA,NA,NA,NA,NA,NA,NA,0,"empty","empty",NA,0,NA,-10.83,NA,NA,NA
1856-02-10 07:00:00,12.78,NA,1,157.5,1.12,"270",1013.55,NA,NA,NA,73,NA,-17.22,NA,-17.83,-17.22,1
1856-02-10 14:00:00,12.22,NA,1,157.5,3.76,"225",1010.84,NA,NA,NA,86,NA,-4.44,NA,-5,-4.44,1
1856-02-10 21:00:00,18.89,NA,1,157.5,3.08,"225",1010.5,NA,NA,NA,85,NA,-6.67,NA,-7.22,-6.67,1
1856-02-11,NA,NA,NA,NA,NA,NA,NA,0,"10 am","8:30 am",NA,0,NA,0,NA,NA,NA
1856-02-11 07:00:00,22.22,NA,1,157.5,3.45,"225",1007.11,NA,NA,NA,79.5,NA,-4.17,NA,-5.28,-4.44,2
1856-02-11 14:00:00,17.22,NA,1,157.5,8.06,"225",1002.71,NA,NA,NA,100,NA,4.17,NA,3.89,3.89,1
1856-02-11 21:00:00,15.56,NA,1,157.5,5.89,"225",998.65,NA,NA,NA,100,NA,-0.56,NA,-0.56,-0.56,1
1856-02-12,NA,NA,NA,NA,NA,NA,NA,4.57,"6:15pm","8:30pm",NA,0,NA,-3.33,NA,NA,NA
1856-02-12 07:00:00,15.56,NA,4,270,6.37,"180",980.7,NA,NA,NA,100,NA,0.56,NA,0.56,0.56,5
1856-02-12 14:00:00,15,NA,2,315,2.95,"270",982.39,NA,NA,NA,84,NA,-7.22,NA,-7.78,-7.22,5
1856-02-12 21:00:00,15.56,NA,3,337.5,1.15,"270",997.29,NA,NA,NA,87,NA,-18.89,NA,-19.11,-18.89,11
1856-02-13,NA,NA,NA,NA,NA,NA,NA,0,"empty","empty",NA,0,NA,-22.68,NA,NA,NA
1856-02-13 07:00:00,15.56,NA,0,247.5,0.37,NA,993.91,NA,NA,NA,62,NA,-28.33,NA,-28.67,-28.33,5
1856-02-13 14:00:00,18.33,NA,0,270,0.95,NA,1012.19,NA,NA,NA,79,NA,-20.83,NA,-20.94,-20.61,5
1856-02-13 21:00:00,18.33,NA,0,270,1.02,NA,1014.9,NA,NA,NA,74,NA,-18.89,NA,-19.33,-18.89,5
1856-02-14,NA,NA,NA,NA,NA,NA,NA,NA,"9:15am","5pm",NA,NA,NA,-17.58,NA,NA,NA
1856-02-14 07:00:00,16.11,NA,0,247.5,0.64,NA,1015.24,NA,NA,NA,60,NA,-21.67,NA,-22.22,-21.67,5
1856-02-14 14:00:00,15.56,NA,1,247.5,1.83,"270",1013.55,NA,NA,NA,88,NA,-13.61,NA,-13.89,-13.61,5
1856-02-14 21:00:00,14.44,NA,0,247.5,1.22,NA,1010.84,NA,NA,NA,70,NA,-15.83,NA,-16.44,-15.83,5
1856-02-15,NA,NA,NA,NA,NA,NA,NA,1.27,"empty","empty",NA,17.78,NA,-11.25,NA,NA,NA
1856-02-15 07:00:00,13.89,NA,0,180,1.39,NA,1006.77,NA,NA,NA,74,NA,-15,NA,-15.56,-15,2
1856-02-15 14:00:00,15,NA,1,157.5,2.78,"270",999.66,NA,NA,NA,84,NA,-7.5,NA,-8.33,-7.78,2
1856-02-15 21:00:00,12.78,NA,1,157.5,2.71,"225",996.28,NA,NA,NA,93,NA,-9.44,NA,-9.67,-8.89,1
1856-02-16,NA,NA,NA,NA,NA,NA,NA,7.87,"1:30am","10am",NA,63.5,NA,-2.78,NA,NA,NA
1856-02-16 07:00:00,13.89,NA,3,157.5,3.25,"270",990.18,NA,NA,NA,85,NA,-6.39,NA,-6.67,-6.11,1
1856-02-16 14:00:00,14.44,NA,3,157.5,5.69,"270",988.49,NA,NA,NA,89,NA,0.83,NA,0,0.56,2
1856-02-16 21:00:00,12.78,NA,2,157.5,3.08,"270",988.15,NA,NA,NA,85,NA,-6.67,NA,-7.22,-6.67,2
1856-02-17,NA,NA,NA,NA,NA,NA,NA,0,"6am","empty",NA,0,NA,-7.22,NA,NA,NA
1856-02-17 07:00:00,11.11,NA,2,270,4,"270",985.1,NA,NA,NA,100,NA,-5.56,NA,-5.56,-5.56,11
1856-02-17 14:00:00,17.78,NA,2,270,2.78,"270",985.44,NA,NA,NA,91,NA,-8.89,NA,-9.17,-8.89,11
1856-02-17 21:00:00,19.44,NA,2,270,1.93,"270",989.84,NA,NA,NA,79,NA,-11.67,NA,-12.22,-11.67,5
1856-02-18,NA,NA,NA,NA,NA,NA,NA,1.78,"empty","10am",NA,19.05,NA,-14.58,NA,NA,NA
1856-02-18 07:00:00,20,NA,1,315,1.05,"270",993.23,NA,NA,NA,68,NA,-16.94,NA,-17.61,-17,2
1856-02-18 14:00:00,18.89,NA,0,270,1.83,NA,994.92,NA,NA,NA,78,NA,-12.22,NA,-12.78,-12.22,20
1856-02-18 21:00:00,17.22,NA,0,270,1.83,NA,1002.71,NA,NA,NA,78,NA,-11.94,NA,-12.78,-12.22,11
1856-02-19,NA,NA,NA,NA,NA,NA,NA,0,"empty","empty",NA,0,NA,-10,NA,NA,NA
1856-02-19 07:00:00,17.22,NA,0,315,1.83,NA,1008.13,NA,NA,NA,78,NA,-12.22,NA,-12.78,-12.22,16
1856-02-19 14:00:00,19.44,NA,0,247.5,2.78,NA,1008.81,NA,NA,NA,84,NA,-7.78,NA,-8.33,-7.78,16
1856-02-19 21:00:00,16.11,NA,0,247.5,2,NA,1008.47,NA,NA,NA,72.5,NA,-10,NA,-10.83,-10,11
1856-02-20,NA,NA,NA,NA,NA,NA,NA,0,"empty","empty",NA,0,NA,-4.58,NA,NA,NA
1856-02-20 07:00:00,18.89,NA,1,315,2.78,"270",1003.73,NA,NA,NA,84,NA,-7.5,NA,-8.33,-7.78,2
1856-02-20 14:00:00,16.67,NA,1,315,5.22,"270",999.66,NA,NA,NA,94,NA,-1.67,NA,-1.94,-1.67,1
1856-02-20 21:00:00,16.11,NA,1,247.5,4.67,"270",998.65,NA,NA,NA,93,NA,-2.78,NA,-3.06,-2.78,2
1856-02-21,NA,NA,NA,NA,NA,NA,NA,0,"empty","empty",NA,0,NA,-0.69,NA,NA,NA
1856-02-21 07:00:00,13.89,NA,1,0,4.17,"270",998.65,NA,NA,NA,87,NA,-3.33,NA,-3.89,-3.33,1
1856-02-21 14:00:00,15,NA,1,315,6.2,"270",996.95,NA,NA,NA,90,NA,1.94,NA,1.11,1.67,2
1856-02-21 21:00:00,17.78,NA,1,337.5,4.81,"270",999.66,NA,NA,NA,88,NA,-1.44,NA,-2.22,-1.67,2
1856-02-22,NA,NA,NA,NA,NA,NA,NA,0,"empty","empty",NA,0,NA,-2.83,NA,NA,NA
1856-02-22 07:00:00,15.56,NA,0,315,3.42,NA,1002.03,NA,NA,NA,86,NA,-5.67,NA,-6.11,-5.56,1
1856-02-22 14:00:00,23.89,NA,0,202.5,4.84,NA,1002.71,NA,NA,NA,79,NA,0,NA,-1.11,0,1
1856-02-22 21:00:00,15,NA,1,202.5,4.57,"270",1003.39,NA,NA,NA,88,NA,-2.22,NA,-2.78,-2.22,1
1856-02-23,NA,NA,NA,NA,NA,NA,NA,0,"empty","empty",NA,0,NA,-4.61,NA,NA,NA
1856-02-23 07:00:00,13.89,NA,1,67.5,3.05,"270",1000,NA,NA,NA,92,NA,-7.78,NA,-8.06,-7.78,1
1856-02-23 14:00:00,13.89,NA,1,22.5,5.01,"270",994.24,NA,NA,NA,89,NA,-1.44,NA,-1.67,-1.11,1
1856-02-23 21:00:00,13.33,NA,1,22.5,4.81,"270",994.92,NA,NA,NA,96,NA,-2.78,NA,-2.94,-2.78,1
1856-02-24,NA,NA,NA,NA,NA,NA,NA,0,"empty","empty",NA,0,NA,-7.58,NA,NA,NA
1856-02-24 07:00:00,12.78,NA,2,315,2.13,"315",1000,NA,NA,NA,81,NA,-10.72,NA,-11.11,-10.56,1
1856-02-24 14:00:00,13.33,NA,1,315,3.76,"315",1000,NA,NA,NA,86,NA,-4.44,NA,-5,-4.44,1
1856-02-24 21:00:00,13.89,NA,1,315,2.81,"270",1002.03,NA,NA,NA,77.5,NA,-6.67,NA,-7.5,-6.67,1
1856-02-25,NA,NA,NA,NA,NA,NA,NA,0,"empty","empty",NA,0,NA,-5.89,NA,NA,NA
1856-02-25 07:00:00,12.78,NA,1,315,2.13,"315",999.66,NA,NA,NA,73.5,NA,-9.56,NA,-10.28,-9.44,1
1856-02-25 14:00:00,12.78,NA,1,270,4.57,"315",997.29,NA,NA,NA,88,NA,-2.22,NA,-2.78,-2.22,1
1856-02-25 21:00:00,13.33,NA,1,270,3.42,"270",998.31,NA,NA,NA,86,NA,-5.39,NA,-6.11,-5.56,1
1856-02-26,NA,NA,NA,NA,NA,NA,NA,0,"empty","empty",NA,0,NA,-3.89,NA,NA,NA
1856-02-26 07:00:00,16.11,NA,1,315,2.68,"270",1003.39,NA,NA,NA,76.5,NA,-7.22,NA,-8.06,-7.22,2
1856-02-26 14:00:00,15,NA,1,292.5,5.25,"292.5",1004.4,NA,NA,NA,89,NA,-0.56,NA,-1.11,-0.56,1
1856-02-26 21:00:00,14.44,NA,0,292.5,3.12,NA,1008.13,NA,NA,NA,78.5,NA,-5.33,NA,-6.39,-5.56,1
1856-02-27,NA,NA,NA,NA,NA,NA,NA,0,"empty","empty",NA,0,NA,-7.5,NA,NA,NA
1856-02-27 07:00:00,12.78,NA,0,315,1.93,NA,1011.85,NA,NA,NA,79,NA,-11.67,NA,-12.22,-11.67,1
1856-02-27 14:00:00,13.33,NA,0,247.5,4.17,NA,1009.48,NA,NA,NA,87,NA,-3.33,NA,-3.89,-3.33,1
1856-02-27 21:00:00,17.22,NA,0,247.5,2.13,NA,1010.16,NA,NA,NA,73.5,NA,-9.44,NA,-10.28,-9.44,1
1856-02-28,NA,NA,NA,NA,NA,NA,NA,0,"empty","empty",NA,0,NA,-9.89,NA,NA,NA
1856-02-28 07:00:00,11.67,NA,0,0,1.49,NA,1011.51,NA,NA,NA,74,NA,-13.61,NA,-14.5,-13.89,1
1856-02-28 14:00:00,11.11,NA,0,180,3.25,NA,1011.85,NA,NA,NA,85,NA,-6.11,NA,-6.67,-6.11,1
1856-02-28 21:00:00,14.44,NA,0,180,2.27,NA,1011.18,NA,NA,NA,81,NA,-10,NA,-10.56,-10,1
1856-02-29,NA,NA,NA,NA,NA,NA,NA,0,"empty","empty",NA,0,NA,-6.81,NA,NA,NA
1856-02-29 07:00:00,11.11,NA,0,315,1.39,NA,1013.21,NA,NA,NA,65,NA,-13.06,NA,-14.17,-13.33,1
1856-02-29 14:00:00,11.67,NA,1,247.5,6.3,"270",1013.88,NA,NA,NA,78,NA,-0.56,NA,-1.67,-0.56,1
1856-02-29 21:00:00,12.22,NA,0,270,2.95,NA,1014.9,NA,NA,NA,78,NA,-5.94,NA,-6.94,-6.11,1
1856-03-01,NA,NA,NA,NA,NA,NA,NA,0,"empty","empty",NA,0,NA,-9.36,NA,NA,NA
1856-03-01 07:00:00,11.11,NA,0,22.5,2.13,NA,1019.64,NA,NA,NA,73,NA,-9.44,NA,-10.28,-9.44,2
1856-03-01 14:00:00,11.11,NA,0,22.5,2.68,NA,1017.95,NA,NA,NA,76,NA,-7.28,NA,-8.06,-7.22,2
1856-03-01 21:00:00,15.56,NA,0,22.5,1.93,NA,1014.9,NA,NA,NA,99,NA,-11.39,NA,-12.22,-11.67,1
1856-03-02,NA,NA,NA,NA,NA,NA,NA,0,"6 am","8 pm",NA,0,NA,-9.91,NA,NA,NA
1856-03-02 07:00:00,12.22,NA,3,22.5,2.54,"45",999.32,NA,NA,NA,100,NA,-11.11,NA,-11.11,-11.11,16
1856-03-02 14:00:00,14.44,NA,3,45,3.32,"45",987.81,NA,NA,NA,100,NA,-7.5,NA,-7.78,-7.78,11
1856-03-02 21:00:00,13.33,NA,2,0,2.03,"315",989.84,NA,NA,NA,80,NA,-11.11,NA,-11.67,-11.11,5
1856-03-03,NA,NA,NA,NA,NA,NA,NA,27.18,"empty","empty",NA,342.9,NA,-8.8,NA,NA,NA
1856-03-03 07:00:00,12.78,NA,2,315,1.73,"270",996.95,NA,NA,NA,76,NA,-12.5,NA,-13.22,-12.61,5
1856-03-03 14:00:00,13.33,NA,2,270,3.25,"270",1005.08,NA,NA,NA,85,NA,-6.11,NA,-6.67,-6.11,11
1856-03-03 21:00:00,13.89,NA,0,270,2.78,NA,1013.21,NA,NA,NA,84,NA,-7.78,NA,-8.33,-7.78,2
1856-03-04,NA,NA,NA,NA,NA,NA,NA,0,"12:30 am","1 pm",NA,0,NA,-8.89,NA,NA,NA
1856-03-04 07:00:00,11.11,NA,0,180,1.12,NA,1016.59,NA,NA,NA,68,NA,-16.67,NA,-17.28,-16.67,1
1856-03-04 14:00:00,12.22,NA,2,180,4,"225",1003.05,NA,NA,NA,100,NA,-5.56,NA,-5.56,-5.56,5
1856-03-04 21:00:00,12.22,NA,2,180,4.37,"225",996.95,NA,NA,NA,100,NA,-4.44,NA,-4.44,-4.44,2
1856-03-05,NA,NA,NA,NA,NA,NA,NA,6.35,"3:30 pm | 9:57 pm","3:45 pm | 11 pm",NA,63.5,NA,-6.3,NA,NA,NA
1856-03-05 07:00:00,12.22,NA,0,315,2.37,NA,1006.43,NA,NA,NA,82,NA,-9.44,NA,-10,-9.44,2
1856-03-05 14:00:00,13.33,NA,2,270,3.96,"270",1007.11,NA,NA,NA,76,NA,-2.22,NA,-3.33,-2.22,2
1856-03-05 21:00:00,13.33,NA,1,270,2.95,"270",1003.73,NA,NA,NA,84,NA,-7.22,NA,-7.78,-7.22,2
1856-03-06,NA,NA,NA,NA,NA,NA,NA,4.32,"empty","empty",NA,50.8,NA,-5.15,NA,NA,NA
1856-03-06 07:00:00,15.56,NA,1,180,2.64,"270",997.97,NA,NA,NA,100,NA,-10.56,NA,-10.56,-10.56,1
1856-03-06 14:00:00,15,NA,2,337.5,6.47,"270",993.57,NA,NA,NA,90,NA,2.06,NA,1.67,2.22,2
1856-03-06 21:00:00,13.33,NA,1,225,2.95,"270",1001.69,NA,NA,NA,84,NA,-6.94,NA,-9.44,-7.22,2
1856-03-07,NA,NA,NA,NA,NA,NA,NA,0.25,"6:30 pm","7 pm",NA,20.32,NA,-9.17,NA,NA,NA
1856-03-07 07:00:00,12.78,NA,0,337.5,1.63,NA,1009.14,NA,NA,NA,77,NA,-12.5,NA,-13.78,-12.61,2
1856-03-07 14:00:00,12.78,NA,0,225,2.71,NA,1007.11,NA,NA,NA,71,NA,-6.11,NA,-7.22,-6.11,0
1856-03-07 21:00:00,13.33,NA,1,180,3.05,"180",1004.4,NA,NA,NA,100,NA,-8.89,NA,-8.89,-8.89,1
1856-03-08,NA,NA,NA,NA,NA,NA,NA,0,"2:30 pm","3:45 pm",NA,0,NA,-11.44,NA,NA,NA
1856-03-08 07:00:00,12.78,NA,1,315,2.37,"270",1001.36,NA,NA,NA,75,NA,-8.44,NA,-9.17,-8.33,11
1856-03-08 14:00:00,12.22,NA,3,180,2.95,"270",1002.37,NA,NA,NA,84,NA,-7.56,NA,-7.78,-7.22,11
1856-03-08 21:00:00,11.67,NA,0,270,1.08,NA,1008.47,NA,NA,NA,81,NA,-18.61,NA,-19.06,-18.72,2
1856-03-09,NA,NA,NA,NA,NA,NA,NA,0.51,"empty","empty",NA,25.4,NA,-20.94,NA,NA,NA
1856-03-09 07:00:00,15.56,NA,0,247.5,0.78,NA,1012.19,NA,NA,NA,75,NA,-22.33,NA,-22.56,-22.22,5
1856-03-09 14:00:00,17.22,NA,0,270,1.22,NA,1012.19,NA,NA,NA,72,NA,-16.11,NA,-16.67,-16.11,5
1856-03-09 21:00:00,17.78,NA,0,270,1.29,NA,1012.53,NA,NA,NA,81,NA,-18.06,NA,-18.44,-18.11,2
1856-03-10,NA,NA,NA,NA,NA,NA,NA,0,"empty","empty",NA,0,NA,-17.78,NA,NA,NA
1856-03-10 07:00:00,16.67,NA,0,270,0.68,NA,1010.5,NA,NA,NA,72,NA,-23.89,NA,-24.06,-23.72,1
1856-03-10 14:00:00,15,NA,1,247.5,0.78,"270",1007.45,NA,NA,NA,62,NA,-14.44,NA,-15.06,-14.44,5
1856-03-10 21:00:00,16.67,NA,1,247.5,1.86,"270",1006.43,NA,NA,NA,100,NA,-15,NA,-15,-15,2
1856-03-11,NA,NA,NA,NA,NA,NA,NA,0,"2 pm","4 pm",NA,0,NA,-9.72,NA,NA,NA
1856-03-11 07:00:00,20,NA,1,270,2.13,"270",1000.34,NA,NA,NA,81,NA,-10.28,NA,-11.11,-10.56,2
1856-03-11 14:00:00,16.11,NA,1,270,3.76,"270",994.92,NA,NA,NA,86,NA,-4.44,NA,-5,-4.44,2
1856-03-11 21:00:00,18.33,NA,1,0,4.84,"270",995.6,NA,NA,NA,75,NA,-14.44,NA,-15,-14.44,1
1856-03-12,NA,NA,NA,NA,NA,NA,NA,0.25,"empty","empty",NA,1.27,NA,-13.58,NA,NA,NA
1856-03-12 07:00:00,15,NA,1,315,1.08,"270",997.29,NA,NA,NA,81,NA,-19.06,NA,-19.06,-18.72,1
1856-03-12 14:00:00,12.78,NA,1,135,2.27,"270",998.31,NA,NA,NA,81,NA,-10,NA,-10.56,-10,2
1856-03-12 21:00:00,12.78,NA,1,225,2.17,"270",1004.06,NA,NA,NA,89,NA,-11.67,NA,-11.94,-11.67,1
1856-03-13,NA,NA,NA,NA,NA,NA,NA,0,"empty","empty",NA,0,NA,-7.06,NA,NA,NA
1856-03-13 07:00:00,16.11,NA,0,337.5,1.93,NA,1010.16,NA,NA,NA,79,NA,-11.67,NA,-12.22,-11.67,1
1856-03-13 14:00:00,17.22,NA,1,270,3.76,"270",1010.5,NA,NA,NA,86,NA,-4.44,NA,-5,-4.44,1
1856-03-13 21:00:00,16.11,NA,1,247.5,3.59,"270",1013.21,NA,NA,NA,86,NA,-5,NA,-5.56,-5,1
1856-03-14,NA,NA,NA,NA,NA,NA,NA,0,"empty","empty",NA,0,NA,-2.8,NA,NA,NA
1856-03-14 07:00:00,18.33,NA,1,315,3.08,"270",1014.22,NA,NA,NA,85,NA,-6.44,NA,-7.22,-6.67,1
1856-03-14 14:00:00,16.67,NA,1,202.5,5.76,"225",1013.21,NA,NA,NA,80,NA,2.22,NA,1.11,2.22,1
1856-03-14 21:00:00,15,NA,1,202.5,3.96,"270",1012.53,NA,NA,NA,87,NA,-4.17,NA,-4.44,-3.89,1
1856-03-15,NA,NA,NA,NA,NA,NA,NA,0,"8:15 am","11 am",NA,0,NA,-1.67,NA,NA,NA
1856-03-15 07:00:00,13.89,NA,1,202.5,3.59,"270",1006.77,NA,NA,NA,86,NA,-5,NA,-5.56,-5,1
1856-03-15 14:00:00,15.56,NA,1,270,6.81,"270",1008.47,NA,NA,NA,95,NA,2.22,NA,1.94,2.22,1
1856-03-15 21:00:00,15.56,NA,1,270,4.88,"270",1011.51,NA,NA,NA,93,NA,-2.22,NA,-2.5,-2.22,1
1856-03-16,NA,NA,NA,NA,NA,NA,NA,0.25,"empty","empty",NA,12.7,NA,-0.72,NA,NA,NA
1856-03-16 07:00:00,14.44,NA,1,315,3.96,"270",1011.85,NA,NA,NA,87,NA,-3.89,NA,-4.44,-3.89,1
1856-03-16 14:00:00,15.56,NA,1,247.5,7.38,"270",1008.81,NA,NA,NA,95,NA,3.22,NA,3.06,3.33,1
1856-03-16 21:00:00,15,NA,1,247.5,5.08,"270",1008.81,NA,NA,NA,94,NA,-1.5,NA,-1.94,-1.67,1
1856-03-17,NA,NA,NA,NA,NA,NA,NA,0,"empty","empty",NA,0,NA,0.72,NA,NA,NA
1856-03-17 07:00:00,14.44,NA,1,315,3.25,"270",1012.19,NA,NA,NA,68,NA,-3.33,NA,-4.72,-3.33,1
1856-03-17 14:00:00,15.56,NA,1,337.5,6.74,"270",1013.21,NA,NA,NA,74,NA,5.56,NA,3.89,5.56,1
1856-03-17 21:00:00,15.56,NA,1,337.5,4.84,"270",1015.24,NA,NA,NA,79,NA,0,NA,-1.11,0,1
1856-03-18,NA,NA,NA,NA,NA,NA,NA,0,"empty","empty",NA,0,NA,-0.02,NA,NA,NA
1856-03-18 07:00:00,16.67,NA,0,337.5,4.13,NA,1019.64,NA,NA,NA,74,NA,-1.44,NA,-2.44,-1.11,1
1856-03-18 14:00:00,16.11,NA,0,247.5,7.48,NA,1017.61,NA,NA,NA,100,NA,2.78,NA,-2.78,2.78,0
1856-03-18 21:00:00,18.33,NA,0,247.5,5.42,NA,1016.59,NA,NA,NA,100,NA,-1.67,NA,-1.67,-1.67,1
1856-03-19,NA,NA,NA,NA,NA,NA,NA,0,"6:40 pm","11 pm",NA,0,NA,0.11,NA,NA,NA
1856-03-19 07:00:00,17.22,NA,0,247.5,3.45,NA,1013.55,NA,NA,NA,79,NA,-4.67,NA,-5.28,-4.44,1
1856-03-19 14:00:00,15,NA,1,67.5,7.52,"270",1006.43,NA,NA,NA,83,NA,5.56,NA,4.44,5.56,1
1856-03-19 21:00:00,17.22,NA,1,157.5,5.89,"270",1004.74,NA,NA,NA,100,NA,-0.56,NA,-0.56,-0.56,1
1856-03-20,NA,NA,NA,NA,NA,NA,NA,2.54,"2:40 pm","4 pm",NA,12.7,NA,1.44,NA,NA,NA
1856-03-20 07:00:00,16.11,NA,1,270,4.88,"270",1003.05,NA,NA,NA,93,NA,-2.22,NA,-2.5,-2.22,1
1856-03-20 14:00:00,16.67,NA,1,225,7.52,"270",1005.76,NA,NA,NA,83,NA,5.56,NA,4.44,5.56,1
1856-03-20 21:00:00,16.67,NA,1,225,5.93,"270",1003.39,NA,NA,NA,89,NA,1.11,NA,0.56,1.11,1
1856-03-21,NA,NA,NA,NA,NA,NA,NA,0,"11 pm","2 am",NA,0.23,NA,0.56,NA,NA,NA
1856-03-21 07:00:00,15.56,NA,1,247.5,4.17,"270",1004.4,NA,NA,NA,77,NA,-1.67,NA,-2.78,-1.67,1
1856-03-21 14:00:00,16.67,NA,1,247.5,7.04,"270",1005.08,NA,NA,NA,91,NA,3.33,NA,-2.78,3.33,0
1856-03-21 21:00:00,16.67,NA,1,247.5,4.84,"270",1008.47,NA,NA,NA,99,NA,1.67,NA,-1.11,0,0
1856-03-22,NA,NA,NA,NA,NA,NA,NA,0,"empty","empty",NA,0.23,NA,1.92,NA,NA,NA
1856-03-22 07:00:00,17.22,NA,1,22.5,4.81,"270",1008.81,NA,NA,NA,88,NA,-1.39,NA,-2.22,-1.67,1
1856-03-22 14:00:00,15.56,NA,1,22.5,5.99,"270",1008.13,NA,NA,NA,66,NA,5.5,NA,3.33,5.56,1
1856-03-22 21:00:00,15,NA,1,22.5,5.86,"270",1007.79,NA,NA,NA,84,NA,1.67,NA,0.83,1.67,1
1856-03-23,NA,NA,NA,NA,NA,NA,NA,0,"empty","empty",NA,0,NA,0.56,NA,NA,NA
1856-03-23 07:00:00,14.44,NA,1,22.5,3.76,"315",1008.81,NA,NA,NA,67,NA,-0.94,NA,-2.78,-1.11,1
1856-03-23 14:00:00,15,NA,0,0,5.86,NA,1007.11,NA,NA,NA,73,NA,3.89,NA,2.22,3.89,0
1856-03-23 21:00:00,15,NA,0,0,4.17,NA,1006.77,NA,NA,NA,77,NA,-1.28,NA,-2.78,-1.67,0
1856-03-24,NA,NA,NA,NA,NA,NA,NA,0,"empty","empty",NA,0,NA,-0.56,NA,NA,NA
1856-03-24 07:00:00,11.67,NA,0,0,2.74,NA,1006.43,NA,NA,NA,65,NA,-5,NA,-6.39,-5,0
1856-03-24 14:00:00,12.78,NA,1,0,6.03,"315",1003.05,NA,NA,NA,81,NA,2.78,NA,1.67,2.78,1
1856-03-24 21:00:00,11.67,NA,1,0,5.69,"315",1002.71,NA,NA,NA,89,NA,0.56,NA,0,0.56,0
1856-03-25,NA,NA,NA,NA,NA,NA,NA,0,"empty","empty",NA,0,NA,2.96,NA,NA,NA
1856-03-25 07:00:00,14.44,NA,1,22.5,3.76,"315",1005.08,NA,NA,NA,75,NA,-2.78,NA,-3.89,-2.78,1
1856-03-25 14:00:00,14.44,NA,1,22.5,9.65,"315",1004.4,NA,NA,NA,85,NA,8.89,NA,7.78,8.89,1
1856-03-25 21:00:00,14.44,NA,1,315,6.03,"315",1003.05,NA,NA,NA,81,NA,2.78,NA,1.67,2.78,1
1856-03-26,NA,NA,NA,NA,NA,NA,NA,0,"empty","empty",NA,0,NA,2.17,NA,NA,NA
1856-03-26 07:00:00,13.89,NA,1,0,4.06,"270",1000.68,NA,NA,NA,72,NA,-0.83,NA,-2.5,-1.11,1
1856-03-26 14:00:00,14.44,NA,1,315,7.38,"315",996.61,NA,NA,NA,76,NA,6.5,NA,5,6.67,2
1856-03-26 21:00:00,13.33,NA,0,315,5.08,NA,995.94,NA,NA,NA,80,NA,0.83,NA,-0.56,0.56,1
1856-03-27,NA,NA,NA,NA,NA,NA,NA,0,"8 am","12 pm",NA,0,NA,-4.19,NA,NA,NA
1856-03-27 07:00:00,12.78,NA,1,315,3.96,"315",995.26,NA,NA,NA,87,NA,-3.89,NA,-4.44,-3.89,1
1856-03-27 14:00:00,14.44,NA,1,337.5,4.17,"315",996.28,NA,NA,NA,77,NA,-1.67,NA,-2.78,-1.67,2
1856-03-27 21:00:00,15,NA,1,315,2.95,"315",997.97,NA,NA,NA,84,NA,-7,NA,-7.78,-7.22,2
1856-03-28,NA,NA,NA,NA,NA,NA,NA,0,"3 pm","11 am",NA,0.23,NA,-9.61,NA,NA,NA
1856-03-28 07:00:00,12.22,NA,2,315,2,"315",997.63,NA,NA,NA,77,NA,-10.94,NA,-11.78,-11.11,1
1856-03-28 14:00:00,12.78,NA,2,292.5,2.78,"270",997.29,NA,NA,NA,84,NA,-7.89,NA,-8.33,-7.78,5
1856-03-28 21:00:00,12.78,NA,2,292.5,2.27,"270",998.31,NA,NA,NA,81,NA,-10,NA,-10.56,-10,5
1856-03-29,NA,NA,NA,NA,NA,NA,NA,8.13,"empty","empty",NA,83.82,NA,-6,NA,NA,NA
1856-03-29 07:00:00,12.78,NA,2,292.5,1.93,"270",1003.49,NA,NA,NA,79,NA,-11.39,NA,-12.22,-11.67,5
1856-03-29 14:00:00,14.44,NA,2,270,4.57,"270",1003.39,NA,NA,NA,88,NA,-2.22,NA,-2.78,-2.22,5
1856-03-29 21:00:00,13.33,NA,2,270,3.35,"270",1006.43,NA,NA,NA,73,NA,-4.56,NA,-5.56,-4.44,2
1856-03-30,NA,NA,NA,NA,NA,NA,NA,0,"9 pm","12 pm",NA,0.23,NA,-3.56,NA,NA,NA
1856-03-30 07:00:00,12.78,NA,1,337.5,2.27,"270",1009.82,NA,NA,NA,81,NA,-9.72,NA,-10.56,-10,2
1856-03-30 14:00:00,14.44,NA,1,270,4.57,"270",1011.51,NA,NA,NA,88,NA,-2.22,NA,-2.78,-2.22,2
1856-03-30 21:00:00,13.89,NA,2,315,5.93,"270",1012.19,NA,NA,NA,89,NA,1.39,NA,0.56,1.11,2
1856-03-31,NA,NA,NA,NA,NA,NA,NA,0,"empty","empty",NA,0.23,NA,-4.58,NA,NA,NA
1856-03-31 07:00:00,12.22,NA,1,315,2.78,"270",1018.96,NA,NA,NA,84,NA,-7.78,NA,-8.33,-7.78,2
1856-03-31 14:00:00,13.33,NA,0,225,2.57,NA,1021.33,NA,NA,NA,45,NA,-1.28,NA,-3.89,-1.11,1
1856-03-31 21:00:00,14.44,NA,0,225,3.18,NA,1022.35,NA,NA,NA,73,NA,-4.72,NA,-5.56,-4.44,2
1856-04-01,NA,NA,NA,NA,NA,NA,NA,0,"empty","empty",NA,0,NA,-2.13,NA,NA,NA
1856-04-01 07:00:00,15.56,NA,NA,NA,NA,NA,1025.74,NA,NA,NA,NA,NA,-5.83,NA,-6.67,-6.11,NA
1856-04-01 14:00:00,12.22,NA,NA,NA,NA,NA,1023.71,NA,NA,NA,NA,NA,2.22,NA,1.11,2.22,NA
1856-04-01 21:00:00,10.56,NA,NA,NA,NA,NA,1021.67,NA,NA,NA,NA,NA,-2.78,NA,-3.33,-2.78,NA
1856-04-02,NA,NA,NA,NA,NA,NA,NA,0,"10pm","12 pm",NA,0,NA,3.14,NA,NA,NA
1856-04-02 07:00:00,16.67,NA,NA,NA,NA,NA,1018.29,NA,NA,NA,NA,NA,-1.67,NA,-3.89,-1.67,NA
1856-04-02 14:00:00,16.11,NA,NA,NA,NA,NA,1009.82,NA,NA,NA,NA,NA,7.22,NA,3.89,7.22,NA
1856-04-02 21:00:00,20.56,NA,NA,NA,NA,NA,1006.43,NA,NA,NA,NA,NA,3.89,NA,3.89,3.89,NA
1856-04-03,NA,NA,NA,NA,NA,NA,NA,1.27,"7pm","empty",NA,0,NA,7.29,NA,NA,NA
1856-04-03 07:00:00,17.22,NA,NA,NA,NA,NA,1003.39,NA,NA,NA,NA,NA,4.44,NA,2.78,4.44,NA
1856-04-03 14:00:00,17.78,NA,NA,NA,NA,NA,1001.36,NA,NA,NA,NA,NA,12.22,NA,10,12.22,NA
1856-04-03 21:00:00,16.67,NA,NA,NA,NA,NA,1001.69,NA,NA,NA,NA,NA,5.22,NA,4.44,5,NA
1856-04-04,NA,NA,NA,NA,NA,NA,NA,2.54,"9pm","10am, 12pm",NA,0,NA,4.63,NA,NA,NA
1856-04-04 07:00:00,16.11,NA,NA,NA,NA,NA,1002.71,NA,NA,NA,NA,NA,3.89,NA,3.61,3.89,NA
1856-04-04 14:00:00,16.67,NA,NA,NA,NA,NA,1004.06,NA,NA,NA,NA,NA,6.67,NA,5.56,6.67,NA
1856-04-04 21:00:00,16.11,NA,NA,NA,NA,NA,1006.43,NA,NA,NA,NA,NA,3.33,NA,2.78,3.33,NA
1856-04-05,NA,NA,NA,NA,NA,NA,NA,0.25,"empty","empty",NA,0,NA,4.28,NA,NA,NA
1856-04-05 07:00:00,16.11,NA,NA,NA,NA,NA,1006.77,NA,NA,NA,NA,NA,2.78,NA,1.67,2.78,NA
1856-04-05 14:00:00,16.67,NA,NA,NA,NA,NA,1007.45,NA,NA,NA,NA,NA,6.83,NA,3.89,6.67,NA
1856-04-05 21:00:00,16.11,NA,NA,NA,NA,NA,1008.13,NA,NA,NA,NA,NA,3.22,NA,3.06,3.33,NA
1856-04-06,NA,NA,NA,NA,NA,NA,NA,0.23,"2am","3am",NA,0,NA,7.12,NA,NA,NA
1856-04-06 07:00:00,16.11,NA,NA,NA,NA,NA,1010.16,NA,NA,NA,NA,NA,3.89,NA,2.22,3.89,NA
1856-04-06 14:00:00,16.67,NA,NA,NA,NA,NA,1010.16,NA,NA,NA,NA,NA,8.89,NA,5.56,8.89,NA
1856-04-06 21:00:00,17.22,NA,NA,NA,NA,NA,1008.47,NA,NA,NA,NA,NA,3.33,NA,2.22,3.33,NA
1856-04-07,NA,NA,NA,NA,NA,NA,NA,0,"empty","empty",NA,0,NA,7.83,NA,NA,NA
1856-04-07 07:00:00,17.78,NA,NA,NA,NA,NA,1011.18,NA,NA,NA,NA,NA,6.56,NA,3.33,6.67,NA
1856-04-07 14:00:00,17.22,NA,NA,NA,NA,NA,1012.19,NA,NA,NA,NA,NA,11.67,NA,6.67,11.67,NA
1856-04-07 21:00:00,16.67,NA,NA,NA,NA,NA,1014.22,NA,NA,NA,NA,NA,5.28,NA,3.33,5,NA
1856-04-08,NA,NA,NA,NA,NA,NA,NA,0,"empty","empty",NA,0,NA,9.63,NA,NA,NA
1856-04-08 07:00:00,15.56,NA,NA,NA,NA,NA,1017.27,NA,NA,NA,NA,NA,6.67,NA,3.33,6.67,NA
1856-04-08 14:00:00,17.78,NA,NA,NA,NA,NA,1022.35,NA,NA,NA,NA,NA,13.33,NA,9.44,13.33,NA
1856-04-08 21:00:00,17.78,NA,NA,NA,NA,NA,1018.96,NA,NA,NA,NA,NA,8.89,NA,5,8.89,NA
1856-04-09,NA,NA,NA,NA,NA,NA,NA,0,"empty","empty",NA,0,NA,11.83,NA,NA,NA
1856-04-09 07:00:00,17.78,NA,NA,NA,NA,NA,1018.63,NA,NA,NA,NA,NA,8.28,NA,5.56,8.33,NA
1856-04-09 14:00:00,17.78,NA,NA,NA,NA,NA,1010.16,NA,NA,NA,NA,NA,17.78,NA,11.67,17.78,NA
1856-04-09 21:00:00,17.78,NA,NA,NA,NA,NA,1004.74,NA,NA,NA,NA,NA,9.44,NA,6.67,9.44,NA
1856-04-10,NA,NA,NA,NA,NA,NA,NA,0,"empty","empty",NA,0,NA,3.39,NA,NA,NA
1856-04-10 07:00:00,16.67,NA,NA,NA,NA,NA,1014.56,NA,NA,NA,NA,NA,3.89,NA,-0.56,3.89,NA
1856-04-10 14:00:00,16.11,NA,NA,NA,NA,NA,1021,NA,NA,NA,NA,NA,4.44,NA,3.89,4.44,NA
1856-04-10 21:00:00,15.56,NA,NA,NA,NA,NA,1017.27,NA,NA,NA,NA,NA,1.83,NA,1.11,1.67,NA
1856-04-11,NA,NA,NA,NA,NA,NA,NA,0,"2:30am","10am",NA,0,NA,7,NA,NA,NA
1856-04-11 07:00:00,15.56,NA,NA,NA,NA,NA,1016.59,NA,NA,NA,NA,NA,6.94,NA,3.33,6.67,NA
1856-04-11 14:00:00,16.11,NA,NA,NA,NA,NA,1010.5,NA,NA,NA,NA,NA,7.78,NA,4.44,9.44,NA
1856-04-11 21:00:00,15,NA,NA,NA,NA,NA,1005.76,NA,NA,NA,NA,NA,3.89,NA,0.56,3.89,NA
1856-04-12,NA,NA,NA,NA,NA,NA,NA,3.81,"10am","5:15pm",NA,0.23,NA,1.94,NA,NA,NA
1856-04-12 07:00:00,14.44,NA,NA,NA,NA,NA,1000,NA,NA,NA,NA,NA,4.17,NA,2.22,3.89,NA
1856-04-12 14:00:00,13.33,NA,NA,NA,NA,NA,995.94,NA,NA,NA,NA,NA,5,NA,4.44,5,NA
1856-04-12 21:00:00,15,NA,NA,NA,NA,NA,1005.42,NA,NA,NA,NA,NA,-3.33,NA,-5.56,-3.33,NA
1856-04-13,NA,NA,NA,NA,NA,NA,NA,8.13,"empty","empty",NA,0,NA,-1.87,NA,NA,NA
1856-04-13 07:00:00,17.22,NA,NA,NA,NA,NA,1018.96,NA,NA,NA,NA,NA,-3.89,NA,-5,-3.89,NA
1856-04-13 14:00:00,15,NA,NA,NA,NA,NA,1015.58,NA,NA,NA,NA,NA,-0.06,NA,-1.11,0,NA
1856-04-13 21:00:00,14.44,NA,NA,NA,NA,NA,1015.58,NA,NA,NA,NA,NA,-1.67,NA,-2.78,-1.67,NA
1856-04-14,NA,NA,NA,NA,NA,NA,NA,0,"8:10pm","12pm",NA,0,NA,4.83,NA,NA,NA
1856-04-14 07:00:00,15.56,NA,NA,NA,NA,NA,1013.88,NA,NA,NA,NA,NA,0.39,NA,0,0.56,NA
1856-04-14 14:00:00,15.56,NA,NA,NA,NA,NA,1008.81,NA,NA,NA,NA,NA,10,NA,9.44,10,NA
1856-04-14 21:00:00,15,NA,NA,NA,NA,NA,1008.47,NA,NA,NA,NA,NA,4.11,NA,2.78,3.89,NA
1856-04-15,NA,NA,NA,NA,NA,NA,NA,3.3,"empty","empty",NA,0,NA,7.39,NA,NA,NA
1856-04-15 07:00:00,17.78,NA,NA,NA,NA,NA,1011.18,NA,NA,NA,NA,NA,9.94,NA,5.56,10,NA
1856-04-15 14:00:00,15.56,NA,NA,NA,NA,NA,1010.84,NA,NA,NA,NA,NA,9.44,NA,5,9.44,NA
1856-04-15 21:00:00,15.56,NA,NA,NA,NA,NA,1013.21,NA,NA,NA,NA,NA,3.22,NA,0.56,2.78,NA
1856-04-16,NA,NA,NA,NA,NA,NA,NA,0,"5:40pm","empty",NA,0,NA,6.81,NA,NA,NA
1856-04-16 07:00:00,14.44,NA,NA,NA,NA,NA,1014.9,NA,NA,NA,NA,NA,2.39,NA,10.56,2.22,NA
1856-04-16 14:00:00,13.89,NA,NA,NA,NA,NA,1013.21,NA,NA,NA,NA,NA,11.56,NA,7.78,11.11,NA
1856-04-16 21:00:00,14.44,NA,NA,NA,NA,NA,1011.18,NA,NA,NA,NA,NA,6.67,NA,5,6.67,NA
1856-04-17,NA,NA,NA,NA,NA,NA,NA,0,"9:15pm","9:31pm",NA,0,NA,9.21,NA,NA,NA
1856-04-17 07:00:00,14.44,NA,NA,NA,NA,NA,1008.13,NA,NA,NA,NA,NA,5.56,NA,3.89,5.56,NA
1856-04-17 14:00:00,15.56,NA,NA,NA,NA,NA,1003.39,NA,NA,NA,NA,NA,13.19,NA,9.44,13.33,NA
1856-04-17 21:00:00,16.11,NA,NA,NA,NA,NA,999.32,NA,NA,NA,NA,NA,8.89,NA,7.22,8.89,NA
1856-04-18,NA,NA,NA,NA,NA,NA,NA,0.25,"empty","empty",NA,0,NA,3.96,NA,NA,NA
1856-04-18 07:00:00,15.56,NA,NA,NA,NA,NA,1000,NA,NA,NA,NA,NA,2.56,NA,1.67,2.78,NA
1856-04-18 14:00:00,14.44,NA,NA,NA,NA,NA,1003.05,NA,NA,NA,NA,NA,5.44,NA,4.44,5.56,NA
1856-04-18 21:00:00,14.44,NA,NA,NA,NA,NA,1006.43,NA,NA,NA,NA,NA,3.89,NA,2.78,3.89,NA
1856-04-19,NA,NA,NA,NA,NA,NA,NA,0,"empty","empty",NA,0,NA,5.91,NA,NA,NA
1856-04-19 07:00:00,14.44,NA,NA,NA,NA,NA,1011.85,NA,NA,NA,NA,NA,8.89,NA,3.89,8.89,NA
1856-04-19 14:00:00,15,NA,NA,NA,NA,NA,1011.18,NA,NA,NA,NA,NA,13,NA,6.11,12.78,NA
1856-04-19 21:00:00,15.56,NA,NA,NA,NA,NA,1011.85,NA,NA,NA,NA,NA,5.83,NA,1.11,5.56,NA
1856-04-20,NA,NA,NA,NA,NA,NA,NA,0,"empty","empty",NA,0,NA,2.03,NA,NA,NA
1856-04-20 07:00:00,13.89,NA,NA,NA,NA,NA,1018.63,NA,NA,NA,NA,NA,-1.22,NA,-3.33,-1.67,NA
1856-04-20 14:00:00,12.78,NA,NA,NA,NA,NA,1017.95,NA,NA,NA,NA,NA,4.56,NA,4.44,5,NA
1856-04-20 21:00:00,13.33,NA,NA,NA,NA,NA,1017.27,NA,NA,NA,NA,NA,2.22,NA,-0.56,2.22,NA
1856-04-21,NA,NA,NA,NA,NA,NA,NA,0,"7:15pm","12pm",NA,0,NA,3.7,NA,NA,NA
1856-04-21 07:00:00,12.78,NA,NA,NA,NA,NA,1016.59,NA,NA,NA,NA,NA,1.94,NA,0,2.22,NA
1856-04-21 14:00:00,11.67,NA,NA,NA,NA,NA,1011.51,NA,NA,NA,NA,NA,7.78,NA,2.78,7.78,NA
1856-04-21 21:00:00,12.22,NA,NA,NA,NA,NA,1006.43,NA,NA,NA,NA,NA,1.11,NA,0.56,1.11,NA
1856-04-22,NA,NA,NA,NA,NA,NA,NA,6.35,"6pm","8pm",NA,0,NA,8.24,NA,NA,NA
1856-04-22 07:00:00,13.33,NA,NA,NA,NA,NA,1001.02,NA,NA,NA,NA,NA,2.22,NA,1.11,2.22,NA
1856-04-22 14:00:00,13.33,NA,NA,NA,NA,NA,1000.68,NA,NA,NA,NA,NA,11.94,NA,10,11.67,NA
1856-04-22 21:00:00,14.44,NA,NA,NA,NA,NA,999.66,NA,NA,NA,NA,NA,5,NA,4.44,5,NA
1856-04-23,NA,NA,NA,NA,NA,NA,NA,1.27,"empty","empty",NA,0,NA,9.2,NA,NA,NA
1856-04-23 07:00:00,17.22,NA,NA,NA,NA,NA,1005.42,NA,NA,NA,NA,NA,5.56,NA,3.89,5.56,NA
1856-04-23 14:00:00,16.67,NA,NA,NA,NA,NA,1006.43,NA,NA,NA,NA,NA,14.44,NA,13.89,14.44,NA
1856-04-23 21:00:00,16.11,NA,NA,NA,NA,NA,1007.79,NA,NA,NA,NA,NA,7.61,NA,5.56,8.89,NA
1856-04-24,NA,NA,NA,NA,NA,NA,NA,0,"empty","empty",NA,0,NA,12.78,NA,NA,NA
1856-04-24 07:00:00,16.11,NA,NA,NA,NA,NA,1010.16,NA,NA,NA,NA,NA,9.17,NA,5,8.89,NA
1856-04-24 14:00:00,15.56,NA,NA,NA,NA,NA,1008.47,NA,NA,NA,NA,NA,17.78,NA,15.56,17.78,NA
1856-04-24 21:00:00,16.67,NA,NA,NA,NA,NA,1010.84,NA,NA,NA,NA,NA,11.39,NA,8.89,11.11,NA
1856-04-25,NA,NA,NA,NA,NA,NA,NA,0,"empty","empty",NA,0,NA,10.18,NA,NA,NA
1856-04-25 07:00:00,15.56,NA,NA,NA,NA,NA,1016.59,NA,NA,NA,NA,NA,7.22,NA,3.89,7.22,NA
1856-04-25 14:00:00,15,NA,NA,NA,NA,NA,1018.29,NA,NA,NA,NA,NA,15,NA,9.44,15,NA
1856-04-25 21:00:00,16.11,NA,NA,NA,NA,NA,1021,NA,NA,NA,NA,NA,8.33,NA,5,8.33,NA
1856-04-26,NA,NA,NA,NA,NA,NA,NA,0,"empty","empty",NA,0,NA,12.57,NA,NA,NA
1856-04-26 07:00:00,15.56,NA,NA,NA,NA,NA,1022.35,NA,NA,NA,NA,NA,7.67,NA,3.89,7.78,NA
1856-04-26 14:00:00,15,NA,NA,NA,NA,NA,1019.64,NA,NA,NA,NA,NA,17,NA,10,17.22,NA
1856-04-26 21:00:00,16.67,NA,NA,NA,NA,NA,1015.24,NA,NA,NA,NA,NA,13.06,NA,9.44,12.78,NA
1856-04-27,NA,NA,NA,NA,NA,NA,NA,0,"12:10pm","empty",NA,0,NA,12.41,NA,NA,NA
1856-04-27 07:00:00,17.78,NA,NA,NA,NA,NA,1013.88,NA,NA,NA,NA,NA,13.33,NA,9.44,13.33,NA
1856-04-27 14:00:00,17.22,NA,NA,NA,NA,NA,1012.19,NA,NA,NA,NA,NA,14.17,NA,10,13.89,NA
1856-04-27 21:00:00,16.67,NA,NA,NA,NA,NA,1011.18,NA,NA,NA,NA,NA,9.72,NA,8.89,9.44,NA
1856-04-28,NA,NA,NA,NA,NA,NA,NA,8.89,"10:30pm","7am, 12pm",NA,0,NA,4.63,NA,NA,NA
1856-04-28 07:00:00,16.11,NA,NA,NA,NA,NA,1010.5,NA,NA,NA,NA,NA,5,NA,5,5,NA
1856-04-28 14:00:00,25.56,NA,NA,NA,NA,NA,1009.14,NA,NA,NA,NA,NA,5,NA,4.44,5,NA
1856-04-28 21:00:00,20,NA,NA,NA,NA,NA,1007.45,NA,NA,NA,NA,NA,3.89,NA,3.33,3.89,NA
1856-04-29,NA,NA,NA,NA,NA,NA,NA,1.02,"empty","empty",NA,0,NA,10.46,NA,NA,NA
1856-04-29 07:00:00,14.44,NA,NA,NA,NA,NA,1007.11,NA,NA,NA,NA,NA,4.72,NA,3.89,5,NA
1856-04-29 14:00:00,15.56,NA,NA,NA,NA,NA,1008.13,NA,NA,NA,NA,NA,16.11,NA,11.67,16.11,NA
1856-04-29 21:00:00,16.11,NA,NA,NA,NA,NA,1012.19,NA,NA,NA,NA,NA,10.56,NA,7.78,10.56,NA
1856-04-30,NA,NA,NA,NA,NA,NA,NA,0,"empty","empty",NA,0,NA,7.96,NA,NA,NA
1856-04-30 07:00:00,15.56,NA,NA,NA,NA,NA,1018.29,NA,NA,NA,NA,NA,7.78,NA,4.44,7.78,NA
1856-04-30 14:00:00,13.89,NA,NA,NA,NA,NA,1022.01,NA,NA,NA,NA,NA,11.11,NA,5.56,11.11,NA
1856-04-30 21:00:00,14.44,NA,NA,NA,NA,NA,1024.04,NA,NA,NA,NA,NA,5,NA,3.89,5,NA
1856-05-01,NA,NA,NA,NA,NA,NA,NA,0,NA,NA,NA,0,NA,14.17,NA,NA,NA
1856-05-01 07:00:00,16.11,NA,1,180,9.11,"180",1025.06,NA,NA,NA,62,NA,13.33,NA,9.44,12.78,1
1856-05-01 14:00:00,16.11,NA,1,180,5.52,"180",1020.32,NA,NA,NA,26,NA,18.33,NA,10,18.33,1
1856-05-01 21:00:00,16.67,NA,1,180,10.43,"180",1016.59,NA,NA,NA,79,NA,11.39,NA,9.44,11.11,1
1856-05-02,NA,NA,NA,NA,NA,NA,NA,0,"2pm","4pm",NA,0,NA,6.59,NA,NA,NA
1856-05-02 07:00:00,16.11,NA,2,0,4.1,"225",1010.16,NA,NA,NA,43,NA,5.89,NA,2.22,6.11,2
1856-05-02 14:00:00,15,NA,2,45,6.16,"315",1012.19,NA,NA,NA,61,NA,7.22,NA,4.44,7.22,2
1856-05-02 21:00:00,14.44,NA,2,0,8.16,"315",1008.81,NA,NA,NA,84,NA,6.67,NA,5.56,6.67,1
1856-05-03,NA,NA,NA,NA,NA,NA,NA,0.51,"empty","empty",NA,0,NA,4.53,NA,NA,NA
1856-05-03 07:00:00,13.33,NA,1,45,4.54,"315",1007.79,NA,NA,NA,50,NA,5.83,NA,2.22,5.56,5
1856-05-03 14:00:00,12.78,NA,0,45,10.87,NA,1006.77,NA,NA,NA,86,NA,10.56,NA,9.44,10.56,2
1856-05-03 21:00:00,13.33,NA,0,45,3.05,NA,1008.13,NA,NA,NA,38,NA,3.89,NA,0,3.89,2
1856-05-04,NA,NA,NA,NA,NA,NA,NA,0,"10am","11:30am",NA,0.23,NA,6.56,NA,NA,NA
1856-05-04 07:00:00,12.78,NA,2,0,4.4,"315",1008.47,NA,NA,NA,45,NA,6.89,NA,2.78,6.67,5
1856-05-04 14:00:00,14.44,NA,2,315,5.72,"315",1008.13,NA,NA,NA,54,NA,7.78,NA,4.44,7.78,5
1856-05-04 21:00:00,13.89,NA,2,0,7.96,"315",1008.13,NA,NA,NA,91,NA,5,NA,4.44,5,1
1856-05-05,NA,NA,NA,NA,NA,NA,NA,1.78,"empty","empty",NA,0,NA,7.81,NA,NA,NA
1856-05-05 07:00:00,13.33,NA,3,45,6.16,"45",1015.58,NA,NA,NA,73,NA,4.61,NA,2.78,4.44,11
1856-05-05 14:00:00,13.33,NA,2,22.5,3.83,"45",1018.63,NA,NA,NA,29,NA,11.33,NA,5,11.11,2
1856-05-05 21:00:00,13.33,NA,0,0,6.16,NA,1021,NA,NA,NA,61,NA,7.5,NA,4.44,7.22,1
1856-05-06,NA,NA,NA,NA,NA,NA,NA,0,"empty","empty",NA,0,NA,13.89,NA,NA,NA
1856-05-06 07:00:00,13.89,NA,0,0,7.31,NA,1022.69,NA,NA,NA,43,NA,15,NA,9.44,15,1
1856-05-06 14:00:00,15,NA,2,180,6.57,"270",1018.63,NA,NA,NA,48,NA,17.22,NA,7.22,17.22,1
1856-05-06 21:00:00,15.56,NA,0,180,7.55,NA,1015.58,NA,NA,NA,64,NA,9.44,NA,6.67,9.44,1
1856-05-07,NA,NA,NA,NA,NA,NA,NA,0,"empty","empty",NA,0,NA,13.26,NA,NA,NA
1856-05-07 07:00:00,15,NA,0,45,5.86,NA,1015.58,NA,NA,NA,46,NA,10.33,NA,6.11,10.56,2
1856-05-07 14:00:00,15.56,NA,0,45,10.13,NA,1011.85,NA,NA,NA,52,NA,17.22,NA,12.22,17.22,0
1856-05-07 21:00:00,15.56,NA,0,45,3.08,NA,1010.5,NA,NA,NA,18,NA,12.22,NA,6.67,12.22,0
1856-05-08,NA,NA,NA,NA,NA,NA,NA,0,"empty","empty",NA,0,NA,14.64,NA,NA,NA
1856-05-08 07:00:00,16.11,NA,1,45,5.76,"45",1010.5,NA,NA,NA,42,NA,11.44,NA,6.67,11.67,1
1856-05-08 14:00:00,16.67,NA,NA,22.5,15,"90",1008.13,NA,NA,NA,65,NA,20,NA,16.11,20,1
1856-05-08 21:00:00,16.67,NA,1,180,9.55,"225",1008.13,NA,NA,NA,67,NA,12.5,NA,9.44,12.22,1
1856-05-09,NA,NA,NA,NA,NA,NA,NA,0,"empty","empty",NA,0,NA,13.61,NA,NA,NA
1856-05-09 07:00:00,17.22,NA,1,180,6.64,"180",1010.84,NA,NA,NA,52,NA,10.56,NA,6.67,10.56,0
1856-05-09 14:00:00,16.11,NA,1,225,5.96,"225",1008.13,NA,NA,NA,32,NA,16.67,NA,9.44,16.67,1
1856-05-09 21:00:00,16.11,NA,1,22.5,7.42,"270",1006.77,NA,NA,NA,54,NA,11.94,NA,7.78,11.67,1
1856-05-10,NA,NA,NA,NA,NA,NA,NA,0.23,"1:25pm, 1:45pm","1:45pm, 3am",NA,0,NA,13.46,NA,NA,NA
1856-05-10 07:00:00,16.67,NA,1,0,7.04,"270",1006.1,NA,NA,NA,53,NA,11.28,NA,7.22,11.11,5
1856-05-10 14:00:00,16.67,NA,2,90,6.4,"90",1005.42,NA,NA,NA,33,NA,17.22,NA,10,17.22,5
1856-05-10 21:00:00,16.67,NA,0,90,6.54,NA,1005.76,NA,NA,NA,44,NA,11.89,NA,7.78,12.78,2
1856-05-11,NA,NA,NA,NA,NA,NA,NA,0,"empty","empty",NA,0,NA,15.18,NA,NA,NA
1856-05-11 07:00:00,17.22,NA,0,0,6.13,NA,1006.43,NA,NA,NA,43,NA,12.22,NA,7.22,12.22,2
1856-05-11 14:00:00,17.22,NA,NA,0,6.98,NA,1003.05,NA,NA,NA,28,NA,21.11,NA,12.22,21.11,1
1856-05-11 21:00:00,17.78,NA,0,270,6.98,NA,1000.68,NA,NA,NA,49,NA,12.22,NA,7.78,12.22,1
1856-05-12,NA,NA,NA,NA,NA,NA,NA,0,"1:45pm","2:30pm",NA,0,NA,11.67,NA,NA,NA
1856-05-12 07:00:00,18.33,NA,1,0,7.28,"315",1000.68,NA,NA,NA,40,NA,16.39,NA,10,16.11,1
1856-05-12 14:00:00,17.78,NA,2,337.5,6.57,"315",1006.77,NA,NA,NA,48,NA,11.94,NA,7.22,11.67,5
1856-05-12 21:00:00,14.44,NA,0,292.5,6.64,"315",1013.88,NA,NA,NA,68,NA,6.67,NA,4.44,6.67,1
1856-05-13,NA,NA,NA,NA,NA,NA,NA,0.51,"empty","empty",NA,0,NA,9.61,NA,NA,NA
1856-05-13 07:00:00,13.33,NA,1,315,3.12,"270",1019.64,NA,NA,NA,34,NA,5.56,NA,1.11,5.56,1
1856-05-13 14:00:00,16.11,NA,0,180,3.52,NA,1019.3,NA,NA,NA,22,NA,14.44,NA,6.67,14.44,1
1856-05-13 21:00:00,16.11,NA,0,315,4.06,NA,1020.32,NA,NA,NA,36,NA,8.83,NA,3.89,8.89,1
1856-05-14,NA,NA,NA,NA,NA,NA,NA,0,"8:10am","11:15am",NA,0,NA,18.61,NA,NA,NA
1856-05-14 07:00:00,16.67,NA,0,180,7.28,NA,1021.67,NA,NA,NA,40,NA,16.11,NA,10,16.11,1
1856-05-14 14:00:00,17.78,NA,2,180,11.07,"337.5",1017.95,NA,NA,NA,42,NA,22.5,NA,15,22.22,2
1856-05-14 21:00:00,18.89,NA,0,180,9.14,NA,1014.56,NA,NA,NA,47,NA,17.22,NA,11.67,17.22,2
1856-05-15,NA,NA,NA,NA,NA,NA,NA,0.51,"6:50pm","empty",NA,0,NA,20.48,NA,NA,NA
1856-05-15 07:00:00,20,NA,1,180,14.36,"247.5",1014.22,NA,NA,NA,54,NA,22.22,NA,16.67,22.22,1
1856-05-15 14:00:00,20.56,NA,2,180,14.76,"225",1010.16,NA,NA,NA,57,NA,21.67,NA,16.67,21.67,2
1856-05-15 21:00:00,20.56,NA,2,202.5,14.16,"225",1003.39,NA,NA,NA,100,NA,17.56,NA,14.44,17.78,2
1856-05-16,NA,NA,NA,NA,NA,NA,NA,3.81,"empty","10:50am",NA,0,NA,15.13,NA,NA,NA
1856-05-16 07:00:00,20.56,NA,1,225,12.97,"270",1007.11,NA,NA,NA,71,NA,16,NA,13.33,16.11,2
1856-05-16 14:00:00,20,NA,2,0,13.24,"315",1009.14,NA,NA,NA,87,NA,18.83,NA,12.22,18.33,2
1856-05-16 21:00:00,18.89,NA,0,0,5.86,NA,1013.55,NA,NA,NA,46,NA,10.56,NA,6.11,10.56,2
1856-05-17,NA,NA,NA,NA,NA,NA,NA,0,"12:30am","12:15pm",NA,0,NA,14.26,NA,NA,NA
1856-05-17 07:00:00,18.33,NA,1,22.5,7.92,"270",1014.56,NA,NA,NA,65,NA,10,NA,7.22,10,5
1856-05-17 14:00:00,17.22,NA,1,45,7.31,"270",1011.51,NA,NA,NA,35,NA,18.33,NA,11.11,18.33,2
1856-05-17 21:00:00,17.78,NA,1,45,8.64,"270",1008.81,NA,NA,NA,53,NA,14.44,NA,10,14.44,1
1856-05-18,NA,NA,NA,NA,NA,NA,NA,0,"3pm","3:45pm",NA,0,NA,12.13,NA,NA,NA
1856-05-18 07:00:00,17.78,NA,1,45,11.78,"22.5",1008.13,NA,NA,NA,100,NA,9.72,NA,9.44,9.44,2
1856-05-18 14:00:00,17.78,NA,1,45,13.78,"22.5",1007.45,NA,NA,NA,87,NA,13.89,NA,12.78,13.89,1
1856-05-18 21:00:00,17.78,NA,1,22.5,13.71,"22.5",1006.43,NA,NA,NA,94,NA,12.78,NA,12.22,12.78,1
1856-05-19,NA,NA,NA,NA,NA,NA,NA,29.21,"9pm, 11:45pm, slightly during night","11pm, 12:30pm",NA,0,NA,15.79,NA,NA,NA
1856-05-19 07:00:00,17.78,NA,1,22.5,12.7,"22.5",1003.39,NA,NA,NA,93,NA,11.83,NA,11.11,10.56,2
1856-05-19 14:00:00,17.78,NA,1,45,18.39,"22.5",1001.36,NA,NA,NA,94,NA,17.22,NA,16.67,17.22,1
1856-05-19 21:00:00,17.78,NA,1,202.5,8.26,"270",1000.34,NA,NA,NA,99,NA,18.33,NA,11.67,18.33,1
1856-05-20,NA,NA,NA,NA,NA,NA,NA,0,"empty","empty",NA,0,NA,14.46,NA,NA,NA
1856-05-20 07:00:00,18.33,NA,1,225,16.19,"270",997.63,NA,NA,NA,83,NA,17,NA,15.56,17.22,0
1856-05-20 14:00:00,18.33,NA,2,0,11.41,"270",1000.34,NA,NA,NA,70,NA,14.72,NA,11.67,14.44,2
1856-05-20 21:00:00,17.78,NA,1,0,6.57,"0",1005.08,NA,NA,NA,48,NA,11.67,NA,7.22,11.67,5
1856-05-21,NA,NA,NA,NA,NA,NA,NA,1.78,"empty","empty",NA,0,NA,13.7,NA,NA,NA
1856-05-21 07:00:00,17.78,NA,2,0,3.52,"0",1010.5,NA,NA,NA,22,NA,14.44,NA,6.67,14.44,5
1856-05-21 14:00:00,17.78,NA,2,0,8.64,"0",1010.84,NA,NA,NA,49,NA,15.56,NA,10.56,16.11,5
1856-05-21 21:00:00,17.78,NA,0,0,5.38,"0",1011.51,NA,NA,NA,41,NA,11.11,NA,6.11,11.11,1
1856-05-22,NA,NA,NA,NA,NA,NA,NA,0,"empty","empty",NA,0,NA,17.85,NA,NA,NA
1856-05-22 07:00:00,17.78,NA,1,0,11.01,"0",1015.92,NA,NA,NA,61,NA,16.33,NA,17.78,16.11,1
1856-05-22 14:00:00,17.78,NA,1,0,12.43,"0",1013.21,NA,NA,NA,52,NA,20.56,NA,15,20.56,1
1856-05-22 21:00:00,18.33,NA,1,292.5,6.84,"292.5",1011.85,NA,NA,NA,36,NA,16.67,NA,10,16.67,2
1856-05-23,NA,NA,NA,NA,NA,NA,NA,0,"empty","empty",NA,0,NA,22.61,NA,NA,NA
1856-05-23 07:00:00,18.89,NA,1,292.5,9.82,"247.5",1010.16,NA,NA,NA,42,NA,20.28,NA,13.33,20,5
1856-05-23 14:00:00,20,NA,1,292.5,13.17,"292.5",1006.77,NA,NA,NA,42,NA,25.89,NA,17.22,25,5
1856-05-23 21:00:00,21.11,NA,1,292.5,12.56,"292.5",1004.74,NA,NA,NA,49,NA,21.67,NA,15.56,21.67,1
1856-05-24,NA,NA,NA,NA,NA,NA,NA,0,"8:50am, 4:30pm","11am, 5:11pm",NA,0,NA,16.93,NA,NA,NA
1856-05-24 07:00:00,21.67,NA,1,270,12.06,"315",1004.4,NA,NA,NA,62,NA,17.22,NA,13.33,17.22,1
1856-05-24 14:00:00,21.67,NA,2,292.5,16.56,"270",1000.34,NA,NA,NA,62,NA,22.44,NA,17.78,22.22,5
1856-05-24 21:00:00,20.56,NA,2,292.5,5.38,"270",1003.05,NA,NA,NA,41,NA,11.11,NA,6.11,11.11,5
1856-05-25,NA,NA,NA,NA,NA,NA,NA,15.75,"4:55pm","empty",NA,0,NA,8.52,NA,NA,NA
1856-05-25 07:00:00,20,NA,1,315,3.79,"270",1005.08,NA,NA,NA,34,NA,8.33,NA,3.33,8.33,5
1856-05-25 14:00:00,17.78,NA,2,270,9.11,"270",1004.06,NA,NA,NA,62,NA,12.78,NA,9.44,12.78,2
1856-05-25 21:00:00,16.67,NA,2,22.5,8.23,"22.5",1005.76,NA,NA,NA,100,NA,4.44,NA,4.44,4.44,5
1856-05-26,NA,NA,NA,NA,NA,NA,NA,6.6,"empty","1:30am",NA,0,NA,13.5,NA,NA,NA
1856-05-26 07:00:00,15.56,NA,3,315,5.86,"315",1007.45,NA,NA,NA,46,NA,10.78,NA,6.11,10.56,16
1856-05-26 14:00:00,15.56,NA,0,45,5.96,"22.5",1007.45,NA,NA,NA,28,NA,17.78,NA,10,17.78,11
1856-05-26 21:00:00,16.67,NA,0,270,9.11,NA,1007.11,NA,NA,NA,67,NA,11.94,NA,8.89,11.67,1
1856-05-27,NA,NA,NA,NA,NA,NA,NA,0,"empty","empty",NA,0,NA,17.28,NA,NA,NA
1856-05-27 07:00:00,17.22,NA,1,157.5,9.55,"180",1004.74,NA,NA,NA,63,NA,13.33,NA,10,13.33,1
1856-05-27 14:00:00,17.78,NA,1,157.5,10.94,"180",1001.69,NA,NA,NA,44,NA,21.28,NA,14.44,21.11,1
1856-05-27 21:00:00,17.78,NA,1,157.5,13.07,"180",998.98,NA,NA,NA,67,NA,17.22,NA,13.89,17.22,1
1856-05-28,NA,NA,NA,NA,NA,NA,NA,0,"empty","empty",NA,0,NA,13.79,NA,NA,NA
1856-05-28 07:00:00,18.33,NA,1,157.5,13.78,"180",993.91,NA,NA,NA,87,NA,13.89,NA,12.78,13.89,5
1856-05-28 14:00:00,17.78,NA,5,247.5,14.53,"337.5",989.5,NA,NA,NA,77,NA,16.94,NA,14.44,16.67,5
1856-05-28 21:00:00,18.33,NA,0,247.5,7.48,"292.5",995.26,NA,NA,NA,59,NA,10.56,NA,7.22,10.56,1
1856-05-29,NA,NA,NA,NA,NA,NA,NA,0,"11pm","empty",NA,0,NA,9.83,NA,NA,NA
1856-05-29 07:00:00,17.22,NA,1,337.5,3.52,"315",1001.02,NA,NA,NA,28,NA,10.78,NA,4.44,10.56,1
1856-05-29 14:00:00,16.67,NA,1,337.5,4.61,"315",999.32,NA,NA,NA,35,NA,10.94,NA,5.56,11.11,1
1856-05-29 21:00:00,16.11,NA,1,337.5,5.72,"315",1000.68,NA,NA,NA,54,NA,7.78,NA,4.44,7.78,1
1856-05-30,NA,NA,NA,NA,NA,NA,NA,3.81,"1pm","7am, 3pm",NA,0,NA,6.44,NA,NA,NA
1856-05-30 07:00:00,15,NA,1,337.5,6.43,"315",1000.68,NA,NA,NA,74,NA,4.78,NA,3.33,5,2
1856-05-30 14:00:00,15,NA,1,315,8.43,"315",1001.02,NA,NA,NA,77,NA,8.17,NA,6.67,8.33,2
1856-05-30 21:00:00,14.44,NA,1,315,5.11,"315",1005.08,NA,NA,NA,52,NA,6.39,NA,3.33,6.67,1
1856-05-31,NA,NA,NA,NA,NA,NA,NA,4.83,"empty","empty",NA,0,NA,8.98,NA,NA,NA
1856-05-31 07:00:00,13.89,NA,2,292.5,4.23,"292.5",1007.11,NA,NA,NA,40,NA,7.78,NA,3.33,7.78,11
1856-05-31 14:00:00,13.89,NA,3,315,5.49,"315",1007.79,NA,NA,NA,45,NA,10.28,NA,5.56,10,16
1856-05-31 21:00:00,13.89,NA,0,337.5,7.18,NA,1008.81,NA,NA,NA,63,NA,8.89,NA,6.11,8.89,2
1856-06-01,NA,NA,NA,NA,NA,NA,NA,0,"4:35pm","5:15pm",NA,0,NA,13.41,NA,NA,NA
1856-06-01 07:00:00,13.89,NA,2,270,6.98,"270",1017.58,NA,NA,NA,49,NA,12.22,NA,7.78,12.22,5
1856-06-01 14:00:00,13.89,NA,2,270,11.07,"270",1017.61,NA,NA,NA,57,NA,17.44,NA,12.78,17.22,2
1856-06-01 21:00:00,15,NA,0,270,10.87,NA,1019.24,NA,NA,NA,86,NA,10,NA,9.44,10.56,0
1856-06-02,NA,NA,NA,NA,NA,NA,NA,0,"during night, 4:45am","5:25am",NA,0,NA,16.29,NA,NA,NA
1856-06-02 07:00:00,15,NA,1,202.5,10.02,"315",1020.32,NA,NA,NA,79,NA,10.83,NA,8.89,10.56,1
1856-06-02 14:00:00,15,NA,1,202.5,13.04,"225",1015.92,NA,NA,NA,53,NA,20.89,NA,15.56,21.11,2
1856-06-02 21:00:00,17.22,NA,1,202.5,15.1,"270",1014.02,NA,NA,NA,77,NA,17.17,NA,15,17.22,1
1856-06-03,NA,NA,NA,NA,NA,NA,NA,1.27,"2:15pm","3:00pm",NA,0,NA,15.56,NA,NA,NA
1856-06-03 07:00:00,17.78,NA,1,270,14.97,"270",1015.92,NA,NA,NA,83,NA,16.33,NA,14.44,16.11,5
1856-06-03 14:00:00,17.22,NA,1,45,5.96,"270",1015.92,NA,NA,NA,29,NA,17.61,NA,10,17.78,2
1856-06-03 21:00:00,17.22,NA,1,45,9.11,"270",1015.85,NA,NA,NA,62,NA,12.72,NA,9.44,12.78,1
1856-06-04,NA,NA,NA,NA,NA,NA,NA,0.23,"8:30am","3:30pm",NA,0,NA,11.41,NA,NA,NA
1856-06-04 07:00:00,16.11,NA,1,45,10.9,"45",1015.95,NA,NA,NA,74,NA,12.56,NA,10.56,12.78,5
1856-06-04 14:00:00,16.11,NA,1,45,11.78,"45",1000.68,NA,NA,NA,93,NA,10.83,NA,10,10.56,16
1856-06-04 21:00:00,15.56,NA,1,45,10.87,"315",992.21,NA,NA,NA,86,NA,10.83,NA,9.44,10.56,11
1856-06-05,NA,NA,NA,NA,NA,NA,NA,2.03,"empty","empty",NA,0,NA,15.57,NA,NA,NA
1856-06-05 07:00:00,16.11,NA,1,45,6.54,"45",1021.33,NA,NA,NA,44,NA,12.56,NA,7.78,12.78,16
1856-06-05 14:00:00,16.11,NA,1,45,7.86,"45",1023.1,NA,NA,NA,34,NA,20.28,NA,12.22,20,16
1856-06-05 21:00:00,17.22,NA,1,45,9.08,"45",1024.38,NA,NA,NA,58,NA,13.89,NA,10,13.89,2
1856-06-06,NA,NA,NA,NA,NA,NA,NA,0,"empty","empty",NA,0,NA,18,NA,NA,NA
1856-06-06 07:00:00,17.22,NA,1,157.5,8.67,"180",1025.74,NA,NA,NA,46,NA,16.5,NA,11.11,16.67,2
1856-06-06 14:00:00,17.78,NA,1,180,11.95,"180",1023.77,NA,NA,NA,48,NA,21.11,NA,15,21.11,5
1856-06-06 21:00:00,17.78,NA,1,180,11.99,"270",1025.47,NA,NA,NA,66,NA,16.39,NA,12.78,16.11,1
1856-06-07,NA,NA,NA,NA,NA,NA,NA,0,"empty","empty",NA,0,NA,19.22,NA,NA,NA
1856-06-07 07:00:00,17.78,NA,1,180,11.92,"270",1019.3,NA,NA,NA,70,NA,15,NA,12.22,15,1
1856-06-07 14:00:00,18.89,NA,1,180,16.56,"180",1015.85,NA,NA,NA,62,NA,22.78,NA,17.78,22.22,1
1856-06-07 21:00:00,20,NA,1,180,16.36,"180",1012.8,NA,NA,NA,78,NA,19.17,NA,16.11,18.33,1
1856-06-08,NA,NA,NA,NA,NA,NA,NA,0,"11:25am, 9:50pm","12:00pm, 11:20pm",NA,0,NA,21.28,NA,NA,NA
1856-06-08 07:00:00,20,NA,1,180,18.39,"180",1012.39,NA,NA,NA,79,NA,20.56,NA,17.78,20,1
1856-06-08 14:00:00,21.11,NA,1,180,19.23,"180",1010.43,NA,NA,NA,67,NA,23.83,NA,19.44,23.33,1
1856-06-08 21:00:00,22.22,NA,1,180,15.48,"180",1008.6,NA,NA,NA,69,NA,19.44,NA,16.11,19.44,1
1856-06-09,NA,NA,NA,NA,NA,NA,NA,15.24,"6:15am, 10am","7:30am, 10:15am",NA,0,NA,18.79,NA,NA,NA
1856-06-09 07:00:00,20,NA,1,225,16.63,"225",1006.3,NA,NA,NA,88,NA,16.67,NA,15.56,16.67,1
1856-06-09 14:00:00,20.56,NA,2,270,16.8,"270",1006.1,NA,NA,NA,70,NA,21.61,NA,17.22,20.56,5
1856-06-09 21:00:00,20.56,NA,1,270,16.19,"270",1007.45,NA,NA,NA,83,NA,18.11,NA,15.56,17.22,11
1856-06-10,NA,NA,NA,NA,NA,NA,NA,0.23,"empty","empty",NA,0,NA,22.59,NA,NA,NA
1856-06-10 07:00:00,20,NA,0,225,17.68,NA,1010.16,NA,NA,NA,79,NA,19.44,NA,17.22,19.44,2
1856-06-10 14:00:00,21.11,NA,NA,225,21.03,NA,1009.62,NA,NA,NA,85,NA,21.67,NA,19.44,21.11,2
1856-06-10 21:00:00,21.67,NA,NA,225,16.32,NA,1011.24,NA,NA,NA,66,NA,21.11,NA,17.22,21.11,2
1856-06-11,NA,NA,NA,NA,NA,NA,NA,0,"empty","empty",NA,0,NA,23.61,NA,NA,NA
1856-06-11 07:00:00,21.11,NA,0,225,17.74,NA,1014.22,NA,NA,NA,66,NA,22.22,NA,18.33,22.22,2
1856-06-11 14:00:00,22.22,NA,NA,225,19.81,NA,1012.6,NA,NA,NA,56,NA,27.22,NA,21.11,27.22,2
1856-06-11 21:00:00,23.33,NA,NA,225,17.03,NA,1013.28,NA,NA,NA,66,NA,23.06,NA,17.78,21.67,1
1856-06-12,NA,NA,NA,NA,NA,NA,NA,0,"empty","empty",NA,0,NA,25.46,NA,NA,NA
1856-06-12 07:00:00,23.33,NA,0,225,17.74,NA,1013.68,NA,NA,NA,66,NA,21.67,NA,18.33,22.22,2
1856-06-12 14:00:00,23.89,NA,1,180,23.4,"225",1013,NA,NA,NA,57,NA,29.17,NA,23.33,29.44,2
1856-06-12 21:00:00,25,NA,1,180,22.52,"247.5",1010.84,NA,NA,NA,69,NA,25.56,NA,21.67,25.56,1
1856-06-13,NA,NA,NA,NA,NA,NA,NA,0,"6:30am","10:30am",NA,0,NA,20.2,NA,NA,NA
1856-06-13 07:00:00,22.78,NA,1,NA,20.72,"225",1009.18,NA,NA,NA,90,NA,18.89,NA,18.89,20,2
1856-06-13 14:00:00,22.22,NA,1,202.5,20.89,"225",1008.6,NA,NA,NA,77,NA,22.39,NA,20,22.78,1
1856-06-13 21:00:00,23.33,NA,1,202.5,18.39,"225",1008.2,NA,NA,NA,79,NA,19.17,NA,17.78,20,1
1856-06-14,NA,NA,NA,NA,NA,NA,NA,3.3,"12:30pm","12:45pm",NA,0,NA,18.76,NA,NA,NA
1856-06-14 07:00:00,21.11,NA,1,180,19.54,"180",1009.14,NA,NA,NA,85,NA,18.89,NA,18.33,20,1
1856-06-14 14:00:00,21.67,NA,1,292.5,18.66,"270",1007.42,NA,NA,NA,75,NA,20.17,NA,18.33,21.11,1
1856-06-14 21:00:00,20,NA,1,292.5,15.1,"270",1008.06,NA,NA,NA,77,NA,17.5,NA,15,17.22,1
1856-06-15,NA,NA,NA,NA,NA,NA,NA,2.29,"empty","empty",NA,0,NA,15.22,NA,NA,NA
1856-06-15 07:00:00,18.33,NA,1,270,14.43,"270",1009.08,NA,NA,NA,82,NA,14.06,NA,13.89,15.56,5
1856-06-15 14:00:00,18.33,NA,2,270,15.27,"270",1009.14,NA,NA,NA,73,NA,17.22,NA,15.56,18.33,5
1856-06-15 21:00:00,17.78,NA,1,270,13.88,"270",1010.36,NA,NA,NA,82,NA,14.39,NA,13.33,15,1
1856-06-16,NA,NA,NA,NA,NA,NA,NA,0,"empty","empty",NA,0,NA,16.96,NA,NA,NA
1856-06-16 07:00:00,18.89,NA,1,270,14.43,"270",1014.22,NA,NA,NA,82,NA,15.28,NA,13.89,15.56,5
1856-06-16 14:00:00,18.89,NA,1,270,18.39,"270",1015.92,NA,NA,NA,79,NA,20,NA,17.78,20,5
1856-06-16 21:00:00,18.89,NA,0,270,14.43,NA,1017.27,NA,NA,NA,82,NA,15.61,NA,13.89,15.56,1
1856-06-17,NA,NA,NA,NA,NA,NA,NA,0,"empty","empty",NA,0,NA,21.32,NA,NA,NA
1856-06-17 07:00:00,19.44,NA,1,225,15.92,"225",1016.26,NA,NA,NA,73,NA,19.44,NA,16.11,18.89,5
1856-06-17 14:00:00,20,NA,2,247.5,23.4,"247.5",1018.15,NA,NA,NA,69,NA,25,NA,22.22,26.11,5
1856-06-17 21:00:00,21.67,NA,0,247.5,18.15,NA,1017.27,NA,NA,NA,84,NA,19.44,NA,17.22,18.89,1
1856-06-18,NA,NA,NA,NA,NA,NA,NA,0,"empty","empty",NA,0,NA,22.13,NA,NA,NA
1856-06-18 07:00:00,20.56,NA,1,247.5,18.39,"225",1017.14,NA,NA,NA,79,NA,18.89,NA,17.78,20,2
1856-06-18 14:00:00,21.67,NA,2,225,27.63,"225",1014.9,NA,NA,NA,75,NA,28.06,NA,24.44,27.78,2
1856-06-18 21:00:00,21.67,NA,1,202.5,16.56,"225",1000.07,NA,NA,NA,75,NA,19.44,NA,16.67,19.44,1
1856-06-19,NA,NA,NA,NA,NA,NA,NA,0,"empty","empty",NA,0,NA,26.42,NA,NA,NA
1856-06-19 07:00:00,22.22,NA,1,180,15.27,"180",1015.85,NA,NA,NA,73,NA,17.78,NA,15.56,18.33,1
1856-06-19 14:00:00,22.22,NA,2,157.5,17.58,"180",1013.88,NA,NA,NA,60,NA,25.28,NA,18.89,23.89,2
1856-06-19 21:00:00,22.22,NA,0,157.5,17.24,NA,1012.87,NA,NA,NA,75,NA,19.44,NA,17.22,20,1
1856-06-20,NA,NA,NA,NA,NA,NA,NA,0,"empty","empty",NA,0,NA,23.61,NA,NA,NA
1856-06-20 07:00:00,22.22,NA,1,247.5,17.47,"270",1013.61,NA,NA,NA,70,NA,20.28,NA,17.78,21.11,2
1856-06-20 14:00:00,23.33,NA,2,247.5,21.13,"247.5",1013.21,NA,NA,NA,59,NA,26.67,NA,21.67,27.22,11
1856-06-20 21:00:00,25,NA,0,247.5,19.78,NA,1013.21,NA,NA,NA,64,NA,23.89,NA,19.44,23.89,11
1856-06-21,NA,NA,NA,NA,NA,NA,NA,0,"during night","empty",NA,0,NA,26.42,NA,NA,NA
1856-06-21 07:00:00,24.44,NA,1,270,21.27,"270",1017.27,NA,NA,NA,73,NA,23.5,NA,20.56,23.89,2
1856-06-21 14:00:00,25.56,NA,1,247.5,21.57,"270",1015.92,NA,NA,NA,51,NA,30.5,NA,22.78,30,5
1856-06-21 21:00:00,26.67,NA,NA,247.5,18.63,NA,1014.02,NA,NA,NA,58,NA,25.28,NA,20,25.56,5
1856-06-22,NA,NA,NA,NA,NA,NA,NA,0.23,"empty","empty",NA,0,NA,21.03,NA,NA,NA
1856-06-22 07:00:00,25.56,NA,NA,270,19.23,NA,1012.53,NA,NA,NA,67,NA,22.78,NA,19.44,23.33,5
1856-06-22 14:00:00,25,NA,3,315,23.1,"315",1015.1,NA,NA,NA,90,NA,20.83,NA,20.56,21.67,11
1856-06-22 21:00:00,23.89,NA,0,315,10.19,NA,1017.61,NA,NA,NA,49,NA,19.44,NA,12.78,18.33,2
1856-06-23,NA,NA,NA,NA,NA,NA,NA,0,"empty","empty",NA,0,NA,19.63,NA,NA,NA
1856-06-23 07:00:00,22.22,NA,NA,45,9.11,NA,1022.76,NA,NA,NA,50,NA,17.78,NA,11.11,16.11,1
1856-06-23 14:00:00,21.11,NA,1,180,10.8,"180",1021,NA,NA,NA,47,NA,21.67,NA,13.89,20,1
1856-06-23 21:00:00,20,NA,0,180,11.62,NA,1019.71,NA,NA,NA,57,NA,19.44,NA,13.33,17.78,0
1856-06-24,NA,NA,NA,NA,NA,NA,NA,0,"empty","empty",NA,0,NA,21.77,NA,NA,NA
1856-06-24 07:00:00,20.56,NA,0,180,11.18,NA,1021.61,NA,NA,NA,53,NA,19.72,NA,13.33,18.33,5
1856-06-24 14:00:00,20.56,NA,1,112.5,11.21,"112.5",1017.68,NA,NA,NA,39,NA,23.89,NA,15.56,23.33,1
1856-06-24 21:00:00,21.11,NA,1,157.5,15,"315",1011.85,NA,NA,NA,65,NA,21.67,NA,16.11,20,1
1856-06-25,NA,NA,NA,NA,NA,NA,NA,0.23,"3:50am","4am",NA,0,NA,24.31,NA,NA,NA
1856-06-25 07:00:00,21.11,NA,2,180,17.68,"270",1009.55,NA,NA,NA,79,NA,20.56,NA,17.22,19.44,1
1856-06-25 14:00:00,23.89,NA,2,202.5,22.01,"225",1008.13,NA,NA,NA,59,NA,27.94,NA,22.22,27.78,1
1856-06-25 21:00:00,24.44,NA,0,247.5,20.45,NA,1009.14,NA,NA,NA,73,NA,24.44,NA,20,23.33,1
1856-06-26,NA,NA,NA,NA,NA,NA,NA,0,"empty","empty",NA,0,NA,24.03,NA,NA,NA
1856-06-26 07:00:00,23.33,NA,0,270,15.2,NA,1010.23,NA,NA,NA,61,NA,21.67,NA,16.67,21.11,11
1856-06-26 14:00:00,23.33,NA,2,247.5,9.14,"270",1009.14,NA,NA,NA,25,NA,28.06,NA,16.11,27.22,11
1856-06-26 21:00:00,23.89,NA,1,247.5,14.76,"270",1006.84,NA,NA,NA,57,NA,22.22,NA,16.67,21.67,1
1856-06-27,NA,NA,NA,NA,NA,NA,NA,0,"empty","empty",NA,0,NA,21.48,NA,NA,NA
1856-06-27 07:00:00,20.56,NA,2,270,9.21,"0",1014.49,NA,NA,NA,44,NA,20.56,NA,12.22,18.33,11
1856-06-27 14:00:00,22.22,NA,1,0,9.01,"0",NA,NA,NA,NA,34,NA,23.78,NA,13.89,22.22,5
1856-06-27 21:00:00,22.22,NA,0,270,10.26,NA,1014.97,NA,NA,NA,46,NA,20.11,NA,13.33,19.44,1
1856-06-28,NA,NA,NA,NA,NA,NA,NA,0.23,"10am, 11pm","11am, 11:30pm",NA,NA,NA,23.53,NA,NA,NA
1856-06-28 07:00:00,21.11,NA,1,270,13.65,"270",1013.88,NA,NA,NA,67,NA,17.5,NA,14.44,17.78,2
1856-06-28 14:00:00,22.22,NA,1,270,15.31,"315",1003.73,NA,NA,NA,44,NA,27.78,NA,18.89,26.67,2
1856-06-28 21:00:00,25.56,NA,4,315,18.18,"315",1004.84,NA,NA,NA,71,NA,25,NA,18.33,21.67,11
1856-06-29,NA,NA,NA,NA,NA,NA,NA,0.51,"2:10pm","5pm",NA,0,NA,18.29,NA,NA,NA
1856-06-29 07:00:00,23.33,NA,1,315,15.58,"315",1000.07,NA,NA,NA,83,NA,18.33,NA,15,16.67,2
1856-06-29 14:00:00,22.22,NA,NA,315,17,NA,999.32,NA,NA,NA,78,NA,20.44,NA,16.67,18.89,11
1856-06-29 21:00:00,21.11,NA,2,315,16.36,"315",1001.69,NA,NA,NA,100,NA,16.11,NA,14.44,14.44,1
1856-06-30,NA,NA,NA,NA,NA,NA,NA,15.49,"10:10am, 7pm, 11:45pm","10:45am, 9pm",NA,0,NA,19.91,NA,NA,NA
1856-06-30 07:00:00,21.11,NA,4,45,16.63,"135",1005.15,NA,NA,NA,88,NA,17.78,NA,15.56,16.67,5
1856-06-30 14:00:00,21.11,NA,3,22.5,17.47,"270",1001.08,NA,NA,NA,70,NA,22.5,NA,17.78,21.11,0
1856-06-30 21:00:00,21.67,NA,4,270,18.59,"270",1003.39,NA,NA,NA,89,NA,19.44,NA,17.22,18.33,20
1856-07-01,NA,NA,NA,NA,NA,NA,NA,21.08,"empty","1am",NA,NA,NA,18.31,NA,NA,NA
1856-07-01 07:00:00,21.11,NA,0,0,10.46,NA,1017.03,NA,NA,NA,64,NA,15.72,NA,11.11,14.44,11
1856-07-01 14:00:00,20.56,NA,2,0,9.28,"315",1019.17,NA,NA,NA,41,NA,20.89,NA,12.78,19.44,5
1856-07-01 21:00:00,20.56,NA,1,0,15.58,"315",1019.24,NA,NA,NA,83,NA,18.33,NA,15,16.67,1
1856-07-02,NA,NA,NA,NA,NA,NA,NA,0,"empty","empty",NA,0,NA,21.96,NA,NA,NA
1856-07-02 07:00:00,20.56,NA,2,0,12.73,"0",1022.35,NA,NA,NA,59,NA,19.44,NA,14.44,18.89,1
1856-07-02 14:00:00,21.11,NA,1,180,14.05,"315",1019.3,NA,NA,NA,43,NA,25.33,NA,17.22,23.89,2
1856-07-02 21:00:00,21.67,NA,1,180,13.92,"270",1015.65,NA,NA,NA,60,NA,21.11,NA,15.56,20,1
1856-07-03,NA,NA,NA,NA,NA,NA,NA,1.52,"7:55pm, 3:13pm, 8pm","8:15am, 4pm, 8pm",NA,NA,NA,24.03,NA,NA,NA
1856-07-03 07:00:00,21.67,NA,1,247.5,17.68,"270",1010.63,NA,NA,NA,79,NA,20.56,NA,17.22,19.44,2
1856-07-03 14:00:00,22.78,NA,1,292.5,20.72,"270",1005.35,NA,NA,NA,62,NA,27.67,NA,21.11,26.11,1
1856-07-03 21:00:00,23.33,NA,1,292.5,19.13,"270",1005.08,NA,NA,NA,67,NA,23.89,NA,18.89,22.78,1
1856-07-04,NA,NA,NA,NA,NA,NA,NA,9.65,"empty","empty",NA,NA,NA,19.56,NA,NA,NA
1856-07-04 07:00:00,22.22,NA,1,0,10.5,"270",1009.41,NA,NA,NA,60,NA,17.39,NA,11.67,15.56,5
1856-07-04 14:00:00,21.11,NA,1,0,14.09,"0",1010.84,NA,NA,NA,57,NA,21.28,NA,16.11,21.11,2
1856-07-04 21:00:00,21.11,NA,0,0,9.35,NA,1012.12,NA,NA,NA,41,NA,19.44,NA,12.78,19.44,0
1856-07-05,NA,NA,NA,NA,NA,NA,NA,0,"6:50pm, during night","7:30pm",NA,0,NA,21.81,NA,NA,NA
1856-07-05 07:00:00,21.11,NA,1,315,13.78,"315",1012.53,NA,NA,NA,63,NA,20,NA,15,18.89,2
1856-07-05 14:00:00,21.11,NA,1,270,14.29,"225",1008.53,NA,NA,NA,46,NA,26.11,NA,17.78,25,2
1856-07-05 21:00:00,22.22,NA,1,270,17,"270",1006.88,NA,NA,NA,78,NA,19.33,NA,16.67,18.89,1
1856-07-06,NA,NA,NA,NA,NA,NA,NA,0,"9am, 2pm","1pm, 3pm",NA,0,NA,17.07,NA,NA,NA
1856-07-06 07:00:00,21.11,NA,1,292.5,16.19,"315",1007.38,NA,NA,NA,83,NA,17.94,NA,15.56,17.22,1
1856-07-06 14:00:00,20.56,NA,1,0,7.92,"0",1009.48,NA,NA,NA,32,NA,20.67,NA,12.78,21.11,2
1856-07-06 21:00:00,18.33,NA,0,0,10.43,NA,1015.34,NA,NA,NA,74,NA,15,NA,10,12.22,1
1856-07-07,NA,NA,NA,NA,NA,NA,NA,10.92,"empty","empty",NA,0,NA,18.64,NA,NA,NA
1856-07-07 07:00:00,18.89,NA,1,270,10.43,"270",1016.59,NA,NA,NA,71,NA,13.61,NA,10,12.22,1
1856-07-07 14:00:00,18.89,NA,1,180,11.28,"270",1018.42,NA,NA,NA,50,NA,19.56,NA,13.89,19.44,2
1856-07-07 21:00:00,18.89,NA,1,292.5,13.88,"270",1019.3,NA,NA,NA,62,NA,16.67,NA,12.78,15,1
1856-07-08,NA,NA,NA,NA,NA,NA,NA,0,"4:50pm","5pm",NA,0,NA,18.92,NA,NA,NA
1856-07-08 07:00:00,18.89,NA,2,22.5,7.21,"0",1022.01,NA,NA,NA,65,NA,16.22,NA,11.67,15,5
1856-07-08 14:00:00,18.89,NA,NA,45,NA,"0",1021,NA,NA,NA,56,NA,21.11,NA,15.56,20.56,1
1856-07-08 21:00:00,19.44,NA,1,45,10.46,"0",1020.66,NA,NA,NA,NA,NA,19.44,NA,11.67,15.56,1
1856-07-09,NA,NA,NA,NA,NA,NA,NA,2.54,"1am","4am",NA,0,NA,20.87,NA,NA,NA
1856-07-09 07:00:00,20,NA,1,157.5,14.66,"135",1022.72,NA,NA,NA,NA,NA,13.72,NA,17.22,14.44,1
1856-07-09 14:00:00,21.67,NA,2,180,NA,"180",1021.4,NA,NA,NA,NA,NA,23.33,NA,16.67,23.33,5
1856-07-09 21:00:00,20,NA,1,157.5,NA,"180",1020.93,NA,NA,NA,75,NA,20,NA,17.22,20,5
1856-07-10,NA,NA,NA,NA,NA,NA,NA,0,"empty","empty",NA,0,NA,21.39,NA,NA,NA
1856-07-10 07:00:00,20,NA,NA,157.5,15.34,NA,1020.86,NA,NA,NA,78,NA,18.33,NA,15.56,18.33,1
1856-07-10 14:00:00,21.11,NA,NA,157.5,14.19,NA,1017.95,NA,NA,NA,59,NA,24.17,NA,18.33,23.33,1
1856-07-10 21:00:00,22.22,NA,NA,157.5,18.52,NA,1017.14,NA,NA,NA,NA,NA,21.67,NA,18.89,20,1
1856-07-11,NA,NA,NA,NA,NA,NA,NA,0,"empty","empty",NA,0,NA,24.81,NA,NA,NA
1856-07-11 07:00:00,21.11,NA,1,180,19.4,"180",1015.24,NA,NA,NA,79,NA,20.56,NA,17.78,20,1
1856-07-11 14:00:00,23.89,NA,1,225,NA,"225",1013.88,NA,NA,NA,59,NA,29.44,NA,22.78,28.89,1
1856-07-11 21:00:00,24.44,NA,1,225,NA,"225",1010.84,NA,NA,NA,67,NA,24.44,NA,20.56,23.33,1
1856-07-12,NA,NA,NA,NA,NA,NA,NA,0,"11:40am, 11pm","5pm",NA,0,NA,23.06,NA,NA,NA
1856-07-12 07:00:00,24.44,NA,NA,180,20.62,NA,1011.18,NA,NA,NA,69,NA,26.11,NA,21.11,25,1
1856-07-12 14:00:00,21.67,NA,1,180,NA,"180",1009.55,NA,NA,NA,89,NA,29.17,NA,21.11,28.89,1
1856-07-12 21:00:00,21.67,NA,1,180,NA,"180",1008.74,NA,NA,NA,89,NA,19.44,NA,17.22,18.33,1
1856-07-13,NA,NA,NA,NA,NA,NA,NA,0,"empty","12am",NA,0,NA,24.33,NA,NA,NA
1856-07-13 07:00:00,20,NA,1,135,19.54,"180",1009.14,NA,NA,NA,95,NA,20,NA,18.33,20,1
1856-07-13 14:00:00,25,NA,2,292.5,NA,"292.5",1009.62,NA,NA,NA,NA,NA,28.56,NA,22.78,27.22,2
1856-07-13 21:00:00,25,NA,0,270,NA,NA,1009.62,NA,NA,NA,67,NA,24.44,NA,18.89,22.78,2
1856-07-14,NA,NA,NA,NA,NA,NA,NA,2.29,"empty","empty",NA,0,NA,24.53,NA,NA,NA
1856-07-14 07:00:00,22.22,NA,2,292.5,18.18,"270",1009.55,NA,NA,NA,75,NA,21.94,NA,18.33,21.11,1
1856-07-14 14:00:00,23.33,NA,1,315,19.61,"270",1012.87,NA,NA,NA,59,NA,27.78,NA,21.11,26.67,2
1856-07-14 21:00:00,24.44,NA,1,292.5,23.54,"270",1010.77,NA,NA,NA,89,NA,23.89,NA,20.56,22.78,2
1856-07-15,NA,NA,NA,NA,NA,NA,NA,0,"empty","empty",NA,0,NA,24.96,NA,NA,NA
1856-07-15 07:00:00,23.89,NA,1,337.5,22.28,"315",1009.21,NA,NA,NA,90,NA,22.11,NA,20,21.11,1
1856-07-15 14:00:00,25,NA,1,0,21.16,"0",1009.48,NA,NA,NA,89,NA,28.33,NA,18.89,26.67,5
1856-07-15 21:00:00,24.44,NA,1,0,13.85,"0",1014.22,NA,NA,NA,50,NA,24.44,NA,16.67,22.78,1
1856-07-16,NA,NA,NA,NA,NA,NA,NA,8.13,"12:45am","7:15am",NA,0,NA,25.74,NA,NA,NA
1856-07-16 07:00:00,22.78,NA,1,0,18.18,"0",1016.86,NA,NA,NA,71,NA,22.78,NA,18.33,21.67,1
1856-07-16 14:00:00,24.44,NA,1,0,19.37,"0",1012.8,NA,NA,NA,52,NA,28.89,NA,21.11,27.78,2
1856-07-16 21:00:00,25.56,NA,1,270,20.01,"270",1011.18,NA,NA,NA,68,NA,25.56,NA,20,23.89,1
1856-07-17,NA,NA,NA,NA,NA,NA,NA,0,"empty","empty",NA,0,NA,26.7,NA,NA,NA
1856-07-17 07:00:00,23.89,NA,1,315,23.1,"315",1013.55,NA,NA,NA,90,NA,22.89,NA,20.56,21.67,1
1856-07-17 14:00:00,25.56,NA,1,180,24.96,"180",1011.51,NA,NA,NA,74,NA,30.56,NA,23.89,30.56,1
1856-07-17 21:00:00,26.67,NA,1,180,23.87,"270",1008.13,NA,NA,NA,55,NA,26.67,NA,23.89,27.22,1
1856-07-18,NA,NA,NA,NA,NA,NA,NA,0.23,"5:30am, 10pm","6:30am, !1:15pm",NA,0,NA,25.56,NA,NA,NA
1856-07-18 07:00:00,25.56,NA,1,247.5,22.55,"270",1005.89,NA,NA,NA,77,NA,25.28,NA,21.11,23.89,1
1856-07-18 14:00:00,26.11,NA,1,270,17.27,"270",1004.61,NA,NA,NA,48,NA,28.89,NA,20,27.22,5
1856-07-18 21:00:00,23.89,NA,1,270,14.76,"270",1004.54,NA,NA,NA,57,NA,22.5,NA,16.67,21.67,1
1856-07-19,NA,NA,NA,NA,NA,NA,NA,0.23,"6:20pm","7:15pm",NA,0,NA,20.02,NA,NA,NA
1856-07-19 07:00:00,22.22,NA,2,315,14.63,"315",1005.79,NA,NA,NA,68,NA,19.28,NA,15.56,18.89,11
1856-07-19 14:00:00,22.78,NA,3,315,16.12,"315",1005.79,NA,NA,NA,59,NA,23.33,NA,17.78,22.78,11
1856-07-19 21:00:00,21.11,NA,2,315,16.02,"315",1008.53,NA,NA,NA,88,NA,17.44,NA,15,16.11,5
1856-07-20,NA,NA,NA,NA,NA,NA,NA,0.25,"10:30am, 3pm, 8:20pm","11:30am, 8:15pm,",NA,0,NA,21.35,NA,NA,NA
1856-07-20 07:00:00,22.22,NA,1,0,15.27,"315",1011.18,NA,NA,NA,73,NA,19.06,NA,15.56,18.33,5
1856-07-20 14:00:00,22.78,NA,3,0,10.16,"0",1015.24,NA,NA,NA,36,NA,24.44,NA,15,23.33,5
1856-07-20 21:00:00,21.67,NA,0,0,7.21,NA,1015.92,NA,NA,NA,59,NA,20.56,NA,15,19.44,2
1856-07-21,NA,NA,NA,NA,NA,NA,NA,5.59,"empty","3am",NA,0,NA,22.29,NA,NA,NA
1856-07-21 07:00:00,22.22,NA,1,0,17.24,"0",1019.3,NA,NA,NA,75,NA,20.22,NA,17.22,20,1
1856-07-21 14:00:00,22.78,NA,1,180,14.76,"180",1020.93,NA,NA,NA,49,NA,24.44,NA,17.78,24.44,2
1856-07-21 21:00:00,22.78,NA,1,180,13.31,"180",1021.67,NA,NA,NA,56,NA,22.22,NA,15.56,20.56,2
1856-07-22,NA,NA,NA,NA,NA,NA,NA,0,"8:30am","9am",NA,0,NA,24.48,NA,NA,NA
1856-07-22 07:00:00,22.78,NA,0,225,17.27,NA,1022.49,NA,NA,NA,63,NA,23,NA,18.33,22.22,2
1856-07-22 14:00:00,23.33,NA,1,225,14.83,"225",1021,NA,NA,NA,41,NA,28.22,NA,18.89,27.22,2
1856-07-22 21:00:00,23.33,NA,1,225,15.2,"225",1021.06,NA,NA,NA,61,NA,22.22,NA,16.67,21.11,1
1856-07-23,NA,NA,NA,NA,NA,NA,NA,0.23,"2:45pm","3pm",NA,0,NA,24.35,NA,NA,NA
1856-07-23 07:00:00,21.11,NA,1,225,17,"225",1021.47,NA,NA,NA,78,NA,19.44,NA,16.67,18.89,1
1856-07-23 14:00:00,22.78,NA,1,202.5,19.37,"180",1020.39,NA,NA,NA,52,NA,29.17,NA,21.11,27.78,2
1856-07-23 21:00:00,24.44,NA,0,270,16.83,NA,1020.12,NA,NA,NA,59,NA,24.44,NA,18.33,23.33,1
1856-07-24,NA,NA,NA,NA,NA,NA,NA,0.23,"empty","empty",NA,0,NA,28.06,NA,NA,NA
1856-07-24 07:00:00,23.89,NA,0,292.5,21.27,NA,1021.54,NA,NA,NA,73,NA,25,NA,20.56,23.89,11
1856-07-24 14:00:00,26.67,NA,0,270,24.35,NA,1017.95,NA,NA,NA,58,NA,31.39,NA,23.89,30,5
1856-07-24 21:00:00,27.22,NA,0,270,21.61,NA,1019.3,NA,NA,NA,62,NA,27.78,NA,21.67,26.67,11
1856-07-25,NA,NA,NA,NA,NA,NA,NA,0,"empty","empty",NA,0,NA,28.72,NA,NA,NA
1856-07-25 07:00:00,26.67,NA,2,270,21.64,"270",1015.92,NA,NA,NA,100,NA,25.44,NA,20,24.44,11
1856-07-25 14:00:00,28.33,NA,1,22.5,23.43,"45",1013.88,NA,NA,NA,52,NA,32.78,NA,23.89,31.11,5
1856-07-25 21:00:00,27.78,NA,1,315,17.71,"270",1014.16,NA,NA,NA,51,NA,27.94,NA,20,26.67,5
1856-07-26,NA,NA,NA,NA,NA,NA,NA,0,"empty","empty",NA,0,NA,30.02,NA,NA,NA
1856-07-26 07:00:00,26.67,NA,1,0,22.93,"0",1015.92,NA,NA,NA,66,NA,27.39,NA,22.22,26.67,45
1856-07-26 14:00:00,27.78,NA,0,270,25.43,NA,1013.88,NA,NA,NA,53,NA,33.22,NA,25,32.22,1
1856-07-26 21:00:00,28.33,NA,1,270,20.22,"270",1014.16,NA,NA,NA,53,NA,29.44,NA,21.67,28.33,2
1856-07-27,NA,NA,NA,NA,NA,NA,NA,0,"empty","empty",NA,0,NA,27.44,NA,NA,NA
1856-07-27 07:00:00,27.78,NA,2,270,20.22,"270",1014.49,NA,NA,NA,100,NA,25,NA,25.56,24.44,5
1856-07-27 14:00:00,28.33,NA,2,270,21.57,"270",1013.55,NA,NA,NA,51,NA,31.11,NA,22.78,30,11
1856-07-27 21:00:00,28.33,NA,1,270,22.96,"270",1014.22,NA,NA,NA,73,NA,24.56,NA,21.67,25,2
1856-07-28,NA,NA,NA,NA,NA,NA,NA,0,"empty","empty",NA,0,NA,28.5,NA,NA,NA
1856-07-28 07:00:00,25.56,NA,0,315,23.47,NA,1015.71,NA,NA,NA,85,NA,26.67,NA,21.11,NA,1
1856-07-28 14:00:00,27.22,NA,2,292.5,22.93,"270",1014.29,NA,NA,NA,54,NA,31.67,NA,23.33,30,1
1856-07-28 21:00:00,28.33,NA,1,292.5,23.4,"270",1015.78,NA,NA,NA,69,NA,27.22,NA,22.22,26.11,5
1856-07-29,NA,NA,NA,NA,NA,NA,NA,0,"empty","empty",NA,0,NA,27.59,NA,NA,NA
1856-07-29 07:00:00,26.11,NA,0,292.5,22.05,NA,1014.56,NA,NA,NA,66,NA,26.67,NA,21.67,26.11,1
1856-07-29 14:00:00,27.78,NA,1,202.5,25.91,"180",1010.63,NA,NA,NA,56,NA,32.22,NA,25,31.67,1
1856-07-29 21:00:00,28.33,NA,1,247.5,24.82,"270",1010.09,NA,NA,NA,100,NA,25.56,NA,22.22,24.44,1
1856-07-30,NA,NA,NA,NA,NA,NA,NA,0,"empty","empty",NA,0,NA,24.64,NA,NA,NA
1856-07-30 07:00:00,25.56,NA,0,270,24.28,NA,1006.71,NA,NA,NA,77,NA,23.33,NA,22.22,25,2
1856-07-30 14:00:00,27.78,NA,1,315,24.82,"315",1007.79,NA,NA,NA,61,NA,30.44,NA,23.89,29.44,1
1856-07-30 21:00:00,26.67,NA,1,315,25.23,"315",1007.52,NA,NA,NA,86,NA,25,NA,22.22,23.89,1
1856-07-31,NA,NA,NA,NA,NA,NA,NA,4.32,"7pm","7:30pm",NA,0,NA,25.11,NA,NA,NA
1856-07-31 07:00:00,23.89,NA,0,315,18.93,NA,1014.9,NA,NA,NA,72,NA,23.67,NA,18.89,22.22,2
1856-07-31 14:00:00,25.56,NA,0,315,16.49,NA,1015.58,NA,NA,NA,48,NA,28.33,NA,19.44,26.67,1
1856-07-31 21:00:00,25,NA,0,315,17.03,NA,1016.26,NA,NA,NA,66,NA,24.44,NA,17.78,21.67,1
1856-08-01,NA,NA,NA,NA,NA,NA,NA,0,"empty","empty",NA,0,NA,23.78,NA,NA,NA
1856-08-01 07:00:00,22.22,NA,0,270,18.18,NA,1015.92,NA,NA,NA,71,NA,22.44,NA,18.33,21.67,1
1856-08-01 14:00:00,25.56,NA,0,270,15.44,NA,1015.92,NA,NA,NA,38,NA,30,NA,20,29.44,0
1856-08-01 21:00:00,25.56,NA,0,270,18.46,NA,1018.83,NA,NA,NA,67,NA,24.44,NA,18.89,22.78,0
1856-08-02,NA,NA,NA,NA,NA,NA,NA,0,"empty","empty",NA,0,NA,27.92,NA,NA,NA
1856-08-02 07:00:00,23.33,NA,0,270,20.89,NA,1017.1,NA,NA,NA,77,NA,23.78,NA,20,22.78,1
1856-08-02 14:00:00,25.56,NA,1,270,20.62,"270",1014.56,NA,NA,NA,46,NA,32.22,NA,22.78,31.11,0
1856-08-02 21:00:00,27.22,NA,1,270,22.05,"270",1012.53,NA,NA,NA,66,NA,27.78,NA,21.67,26.11,0
1856-08-03,NA,NA,NA,NA,NA,NA,NA,0,"4:35am, 6:15am",NA,NA,0,NA,23.69,NA,NA,NA
1856-08-03 07:00:00,26.67,NA,NA,180,23.4,NA,1010.5,NA,NA,NA,77,NA,25.44,NA,21.67,24.44,5
1856-08-03 14:00:00,25,NA,1,337.5,23.87,"315",1012.33,NA,NA,NA,81,NA,24.39,NA,21.67,23.89,2
1856-08-03 21:00:00,21.11,NA,2,0,22.42,"0",1015.92,NA,NA,NA,100,NA,21.11,NA,22.78,19.44,2
1856-08-04,NA,NA,NA,NA,NA,NA,NA,0,"empty",NA,NA,0,NA,19.89,NA,NA,NA
1856-08-04 07:00:00,19.44,NA,1,0,14.97,"270",1017,NA,NA,NA,83,NA,17.78,NA,14.44,16.11,1
1856-08-04 14:00:00,21.11,NA,1,45,17.47,"45",1017.14,NA,NA,NA,70,NA,21.89,NA,17.78,21.11,1
1856-08-04 21:00:00,21.11,NA,1,45,17,"45",1017.14,NA,NA,NA,78,NA,20,NA,17.22,18.89,1
1856-08-05,NA,NA,NA,NA,NA,NA,NA,0,"1am",NA,NA,0,NA,20.72,NA,NA,NA
1856-08-05 07:00:00,21.11,NA,1,315,18.59,"315",1017.61,NA,NA,NA,89,NA,19.44,NA,17.22,18.33,0
1856-08-05 14:00:00,21.67,NA,1,45,17.03,"45",1017.61,NA,NA,NA,66,NA,22.5,NA,17.78,21.67,1
1856-08-05 21:00:00,21.67,NA,1,45,19.3,"45",1018.42,NA,NA,NA,89,NA,20.22,NA,17.78,18.89,1
1856-08-06,NA,NA,NA,NA,NA,NA,NA,0,"empty","empty",NA,0,NA,18.11,NA,NA,NA
1856-08-06 07:00:00,25.56,NA,2,45,18.18,"45",1016.26,NA,NA,NA,100,NA,18.06,NA,16.11,16.11,5
1856-08-06 14:00:00,17.78,NA,3,0,17.54,"45",1014.22,NA,NA,NA,100,NA,18.06,NA,15.56,15.56,11
1856-08-06 21:00:00,20.56,NA,3,0,17.71,"45",1012.6,NA,NA,NA,94,NA,18.33,NA,16.11,16.67,11
1856-08-07,NA,NA,NA,NA,NA,NA,NA,0,"3am, 10am",NA,NA,0,NA,20.07,NA,NA,NA
1856-08-07 07:00:00,19.44,NA,3,67.5,19.51,"45",1009.48,NA,NA,NA,100,NA,18.33,NA,18.33,17.22,11
1856-08-07 14:00:00,21.11,NA,2,270,21.2,"45",1009.14,NA,NA,NA,95,NA,20.78,NA,18.89,19.44,5
1856-08-07 21:00:00,21.67,NA,2,270,21.2,"270",1009.14,NA,NA,NA,95,NA,21.11,NA,18.89,19.44,1
1856-08-08,NA,NA,NA,NA,NA,NA,NA,0,"3am 2:55pm",NA,NA,0,NA,20.46,NA,NA,NA
1856-08-08 07:00:00,20.56,NA,1,180,19.74,"180",1010.16,NA,NA,NA,94,NA,19.39,NA,17.78,18.33,2
1856-08-08 14:00:00,21.67,NA,2,180,18.18,"180",1011.41,NA,NA,NA,100,NA,22.56,NA,19.44,21.67,1
1856-08-08 21:00:00,21.67,NA,1,270,18.59,"270",1012.33,NA,NA,NA,89,NA,19.44,NA,17.22,18.33,1
1856-08-09,NA,NA,NA,NA,NA,NA,NA,0,"empty","empty",NA,0,NA,20.96,NA,NA,NA
1856-08-09 07:00:00,21.11,NA,1,270,17.47,"270",1013.48,NA,NA,NA,84,NA,18.72,NA,16.67,18.33,1
1856-08-09 14:00:00,21.67,NA,1,157.5,19.23,"270",1012.8,NA,NA,NA,67,NA,24.72,NA,16.11,23.33,1
1856-08-09 21:00:00,22.22,NA,0,157.5,17.47,NA,1013.88,NA,NA,NA,84,NA,19.44,NA,16.67,18.89,1
1856-08-10,NA,NA,NA,NA,NA,NA,NA,NA,"8:30pm",NA,NA,NA,NA,21.41,NA,NA,NA
1856-08-10 07:00:00,20.56,NA,0,22.5,16.83,NA,1014.22,NA,NA,NA,83,NA,18.89,NA,16.11,17.78,1
1856-08-10 14:00:00,23.33,NA,1,247.5,17.1,"225",1013.14,NA,NA,NA,56,NA,25.33,NA,18.89,24.44,2
1856-08-10 21:00:00,23.33,NA,1,180,18.83,"180",1010.5,NA,NA,NA,84,NA,20,NA,17.78,19.44,2
1856-08-11,NA,NA,NA,NA,NA,NA,NA,2.79,"3am","4am",NA,0,NA,25.64,NA,NA,NA
1856-08-11 07:00:00,22.22,NA,1,180,18.83,"180",1009.48,NA,NA,NA,84,NA,20.17,NA,17.78,19.44,1
1856-08-11 14:00:00,22.22,NA,1,270,29.46,"270",1006.84,NA,NA,NA,91,NA,27,NA,24.44,25.56,2
1856-08-11 21:00:00,22.78,NA,1,270,19.54,"270",1006.91,NA,NA,NA,85,NA,21.44,NA,18.33,20,1
1856-08-12,NA,NA,NA,NA,NA,NA,NA,0,"9:35am","3:50pm",NA,0,NA,17.96,NA,NA,NA
1856-08-12 07:00:00,22.78,NA,1,270,14.22,"270",1008.94,NA,NA,NA,68,NA,19.06,NA,15,18.33,1
1856-08-12 14:00:00,20,NA,2,225,22.96,"225",1007.11,NA,NA,NA,83,NA,18.22,NA,15.56,17.22,2
1856-08-12 21:00:00,21.11,NA,1,225,15.44,"225",1005.49,NA,NA,NA,88,NA,17.11,NA,14.44,15.56,1
1856-08-13,NA,NA,NA,NA,NA,NA,NA,0,"4:45pm","5:45pm",NA,0,NA,20.11,NA,NA,NA
1856-08-13 07:00:00,20,NA,3,315,16.56,"315",1008.53,NA,NA,NA,75,NA,20.56,NA,18.33,19.44,2
1856-08-13 14:00:00,20.56,NA,3,315,16.8,"315",1006.43,NA,NA,NA,70,NA,21.67,NA,17.22,20.56,5
1856-08-13 21:00:00,20.56,NA,2,337.5,17.1,"315",1007.86,NA,NA,NA,94,NA,18.11,NA,15.56,16.11,1
1856-08-14,NA,NA,NA,NA,NA,NA,NA,6.1,"empty","empty",NA,0,NA,20.53,NA,NA,NA
1856-08-14 07:00:00,20.56,NA,1,315,16.63,"315",1010.57,NA,NA,NA,88,NA,17.94,NA,15.56,16.67,2
1856-08-14 14:00:00,21.11,NA,1,292.5,22.18,"292.5",1009.21,NA,NA,NA,81,NA,24,NA,20.56,22.78,2
1856-08-14 21:00:00,20.56,NA,0,315,14.22,NA,1010.84,NA,NA,NA,68,NA,19.67,NA,15,18.33,1
1856-08-15,NA,NA,NA,NA,NA,NA,NA,0,"1:10pm, 4:50pm","1:35pm",NA,0,NA,20.28,NA,NA,NA
1856-08-15 07:00:00,21.11,NA,1,315,15.92,"315",1012.53,NA,NA,NA,73,NA,20.83,NA,16.11,18.89,1
1856-08-15 14:00:00,21.11,NA,1,315,19.1,"315",1012.46,NA,NA,NA,79,NA,21.11,NA,18.33,20.56,0
1856-08-15 21:00:00,21.67,NA,1,315,15.71,"315",1014.83,NA,NA,NA,77,NA,18.89,NA,15.56,17.78,1
1856-08-16,NA,NA,NA,NA,NA,NA,NA,2.54,"10:15am, 12pm","2am, 11:45am, 12:30pm",NA,0,NA,20,NA,NA,NA
1856-08-16 07:00:00,21.11,NA,1,0,16.83,"0",1014.97,NA,NA,NA,83,NA,18.61,NA,16.11,17.78,1
1856-08-16 14:00:00,21.11,NA,1,315,19.1,"315",1014.56,NA,NA,NA,79,NA,21.94,NA,18.33,20.56,2
1856-08-16 21:00:00,21.67,NA,1,0,7.79,"0",1016.93,NA,NA,NA,83,NA,19.44,NA,11.11,17.78,1
1856-08-17,NA,NA,NA,NA,NA,NA,NA,3.56,"empty","empty",NA,0,NA,19.85,NA,NA,NA
1856-08-17 07:00:00,20.56,NA,1,0,16.63,"0",1019.3,NA,NA,NA,88,NA,17.22,NA,15.56,16.67,5
1856-08-17 14:00:00,21.11,NA,2,270,18.66,"270",1017.68,NA,NA,NA,75,NA,22.22,NA,18.33,21.11,2
1856-08-17 21:00:00,20.56,NA,2,270,18.15,"270",1018.63,NA,NA,NA,84,NA,20.11,NA,17.22,18.89,2
1856-08-18,NA,NA,NA,NA,NA,NA,NA,0,"empty","empty",NA,0,NA,19.83,NA,NA,NA
1856-08-18 07:00:00,20.56,NA,1,67.5,16.02,"90",1018.96,NA,NA,NA,88,NA,17.11,NA,15,16.11,1
1856-08-18 14:00:00,21.11,NA,1,67.5,20.15,"90",1017.27,NA,NA,NA,76,NA,23.33,NA,19.44,22.22,1
1856-08-18 21:00:00,21.11,NA,1,90,16.42,"90",1016.26,NA,NA,NA,83,NA,18.89,NA,15.56,17.22,1
1856-08-19,NA,NA,NA,NA,NA,NA,NA,0,"empty","empty",NA,0,NA,20.72,NA,NA,NA
1856-08-19 07:00:00,21.11,NA,NA,135,17.47,"135",1014.56,NA,NA,NA,84,NA,19.17,NA,16.67,18.33,5
1856-08-19 14:00:00,21.11,NA,1,180,17.27,"180",1013.61,NA,NA,NA,63,NA,23.33,NA,18.33,22.78,5
1856-08-19 21:00:00,22.22,NA,1,180,17.47,"180",1011.72,NA,NA,NA,84,NA,19.67,NA,16.67,18.33,1
1856-08-20,NA,NA,NA,NA,NA,NA,NA,0,"2am","8:30am",NA,0,NA,16.59,NA,NA,NA
1856-08-20 07:00:00,19.44,NA,1,225,17.54,"225",1008.47,NA,NA,NA,100,NA,16.61,NA,15.56,15.56,5
1856-08-20 14:00:00,19.44,NA,3,90,17.54,"90",1007.45,NA,NA,NA,100,NA,16.89,NA,15.56,15.56,11
1856-08-20 21:00:00,19.44,NA,3,90,15.78,"90",1006.91,NA,NA,NA,100,NA,16.28,NA,13.89,13.89,11
1856-08-21,NA,NA,NA,NA,NA,NA,NA,40.39,"10:30am","12pm",NA,0,NA,15.13,NA,NA,NA
1856-08-21 07:00:00,18.33,NA,4,45,15.78,"45",1006.1,NA,NA,NA,100,NA,15.56,NA,13.89,13.89,16
1856-08-21 14:00:00,17.78,NA,4,45,14.76,"45",1007.79,NA,NA,NA,94,NA,15.28,NA,13.33,13.89,16
1856-08-21 21:00:00,17.22,NA,3,45,13.71,"45",1009.08,NA,NA,NA,94,NA,14.56,NA,12.22,12.78,5
1856-08-22,NA,NA,NA,NA,NA,NA,NA,3.3,"6:15pm","empty",NA,0,NA,18.7,NA,NA,NA
1856-08-22 07:00:00,17.22,NA,1,0,13.78,"0",1009.14,NA,NA,NA,87,NA,15.56,NA,12.78,13.89,1
1856-08-22 14:00:00,18.89,NA,3,337.5,16.8,"337.5",1009.48,NA,NA,NA,70,NA,21.67,NA,17.22,20.56,1
1856-08-22 21:00:00,20,NA,0,337.5,16.19,NA,1011.24,NA,NA,NA,83,NA,18.89,NA,15.56,17.22,1
1856-08-23,NA,NA,NA,NA,NA,NA,NA,0,"empty","3pm",NA,0,NA,17.87,NA,NA,NA
1856-08-23 07:00:00,17.22,NA,NA,0,14.32,NA,1013.21,NA,NA,NA,88,NA,16.11,NA,13.33,14.44,1
1856-08-23 14:00:00,18.33,NA,1,0,17.91,"0",1012.46,NA,NA,NA,89,NA,19.28,NA,16.67,17.78,1
1856-08-23 21:00:00,18.89,NA,1,0,17.91,"0",1010.9,NA,NA,NA,94,NA,18.22,NA,16.11,16.67,1
1856-08-24,NA,NA,NA,NA,NA,NA,NA,1.78,"1am, 7:20am, 3pm","2am, 8am, 4pm",NA,0,NA,19.33,NA,NA,NA
1856-08-24 07:00:00,18.33,NA,NA,0,17.54,NA,1008.74,NA,NA,NA,100,NA,17.22,NA,15.56,15.56,1
1856-08-24 14:00:00,19.44,NA,2,0,17.03,"0",1006.77,NA,NA,NA,66,NA,22.44,NA,17.78,21.67,2
1856-08-24 21:00:00,19.44,NA,1,0,15.58,"0",1008.2,NA,NA,NA,83,NA,18.33,NA,15,16.67,5
1856-08-25,NA,NA,NA,NA,NA,NA,NA,0,"empty","empty",NA,0,NA,14.46,NA,NA,NA
1856-08-25 07:00:00,16.67,NA,1,0,10.9,"0",1009.14,NA,NA,NA,74,NA,14.06,NA,10.56,12.78,2
1856-08-25 14:00:00,17.78,NA,2,315,11.99,"315",1008.47,NA,NA,NA,66,NA,17.11,NA,12.78,16.11,1
1856-08-25 21:00:00,17.22,NA,5,270,9.14,"270",1013.21,NA,NA,NA,72,NA,12.22,NA,8.33,10.56,16
1856-08-26,NA,NA,NA,NA,NA,NA,NA,0,"empty","empty",NA,0,NA,13.52,NA,NA,NA
1856-08-26 07:00:00,16.67,NA,2,270,9.11,"270",1016.86,NA,NA,NA,67,NA,11.67,NA,8.89,11.67,2
1856-08-26 14:00:00,16.67,NA,5,225,9.58,"225",1017.27,NA,NA,NA,54,NA,16.67,NA,11.11,15.56,16
1856-08-26 21:00:00,16.67,NA,0,225,10.43,NA,1020.32,NA,NA,NA,79,NA,12.22,NA,5,11.11,2
1856-08-27,NA,NA,NA,NA,NA,NA,NA,0.25,"5:45am","6:15am",NA,0,NA,17.31,NA,NA,NA
1856-08-27 07:00:00,16.11,NA,2,270,11.78,"270",1021,NA,NA,NA,93,NA,11.11,NA,10,10.56,2
1856-08-27 14:00:00,16.67,NA,1,135,13.65,"135",1021.33,NA,NA,NA,67,NA,18.89,NA,14.44,17.78,1
1856-08-27 21:00:00,18.89,NA,0,135,14.87,NA,1022.22,NA,NA,NA,88,NA,16.39,NA,13.89,15,1
1856-08-28,NA,NA,NA,NA,NA,NA,NA,0,"7:40pm","empty",NA,0,NA,19.07,NA,NA,NA
1856-08-28 07:00:00,17.22,NA,1,180,13.88,"180",1019.3,NA,NA,NA,82,NA,16.11,NA,13.33,15,0
1856-08-28 14:00:00,19.44,NA,8,135,14.97,"135",1014.22,NA,NA,NA,55,NA,21.67,NA,17.22,22.78,20
1856-08-28 21:00:00,19.44,NA,3,135,18.59,"135",1014.29,NA,NA,NA,89,NA,16.11,NA,17.22,18.33,5
1856-08-29,NA,NA,NA,NA,NA,NA,NA,2.03,"8:30pm","3am, 11pm",NA,0,NA,18.06,NA,NA,NA
1856-08-29 07:00:00,19.44,NA,2,180,8.67,"180",1007.59,NA,NA,NA,46,NA,18.06,NA,11.11,16.67,2
1856-08-29 14:00:00,19.44,NA,2,225,14.39,"225",1006.23,NA,NA,NA,64,NA,20.56,NA,15.56,19.44,27
1856-08-29 21:00:00,19.44,NA,2,225,14.87,"225",1007.79,NA,NA,NA,88,NA,15.56,NA,13.89,15,2
1856-08-30,NA,NA,NA,NA,NA,NA,NA,1.02,"empty","empty",NA,0,NA,17.68,NA,NA,NA
1856-08-30 07:00:00,18.89,NA,4,225,11.82,"225",1007.79,NA,NA,NA,81,NA,12.78,NA,11.11,12.78,16
1856-08-30 14:00:00,18.89,NA,1,270,13.17,"270",1012.53,NA,NA,NA,63,NA,19.44,NA,14.44,18.33,5
1856-08-30 21:00:00,18.89,NA,NA,0,10.43,NA,1014.97,NA,NA,NA,69,NA,15.28,NA,10.56,13.33,1
1856-08-31,NA,NA,NA,NA,NA,NA,NA,0,"empty","empty",NA,0,NA,14.13,NA,NA,NA
1856-08-31 07:00:00,16.67,NA,3,NA,10.87,"315",1016.86,NA,NA,NA,80,NA,12.67,NA,10,11.67,11
1856-08-31 14:00:00,17.78,NA,3,315,14.53,"315",1020.45,NA,NA,NA,77,NA,18.06,NA,14.44,16.67,2
1856-08-31 21:00:00,16.67,NA,0,315,9.58,NA,1024.72,NA,NA,NA,78,NA,11.67,NA,8.33,10,1
1856-09-01,NA,NA,NA,NA,NA,NA,NA,0,"empty","empty",NA,0,NA,14.53,NA,NA,NA
1856-09-01 07:00:00,16.67,NA,0,315,9.14,NA,1029.46,NA,NA,NA,72,NA,11.67,NA,8.33,10.56,1
1856-09-01 14:00:00,16.67,NA,0,247.5,10.5,NA,1028.45,NA,NA,NA,60,NA,17.5,NA,11.67,15.56,2
1856-09-01 21:00:00,16.67,NA,0,247.5,12.26,NA,1026.75,NA,NA,NA,87,NA,14.44,NA,11.11,12.22,1
1856-09-02,NA,NA,NA,NA,NA,NA,NA,0,"empty","empty",NA,0,NA,17.18,NA,NA,NA
1856-09-02 07:00:00,16.67,NA,2,NA,12.26,"0",1026.75,NA,NA,NA,87,NA,13.33,NA,11.11,12.22,2
1856-09-02 14:00:00,17.22,NA,0,247.5,12.26,NA,1024.72,NA,NA,NA,55,NA,21.11,NA,14.44,19.44,2
1856-09-02 21:00:00,18.89,NA,0,247.5,13.41,NA,1024.04,NA,NA,NA,76,NA,17.11,NA,13.33,15.56,1
1856-09-03,NA,NA,NA,NA,NA,NA,NA,0,"empty","empty",NA,0,NA,18.98,NA,NA,NA
1856-09-03 07:00:00,18.89,NA,0,225,13.24,NA,1021.47,NA,NA,NA,87,NA,14.78,NA,12.22,13.33,1
1856-09-03 14:00:00,18.89,NA,0,225,17.03,NA,1022.62,NA,NA,NA,66,NA,23.83,NA,17.78,21.67,1
1856-09-03 21:00:00,20,NA,0,225,13.99,NA,1021.67,NA,NA,NA,77,NA,18.33,NA,13.89,16.11,1
1856-09-04,NA,NA,NA,NA,NA,NA,NA,0,"empty","empty",NA,0,NA,19.98,NA,NA,NA
1856-09-04 07:00:00,20,NA,0,247.5,8.64,NA,1023.77,NA,NA,NA,53,NA,15.56,NA,10,14.44,1
1856-09-04 14:00:00,20.56,NA,0,247.5,15.68,NA,1022.28,NA,NA,NA,56,NA,24.94,NA,17.78,23.33,2
1856-09-04 21:00:00,21.11,NA,0,247.5,15.27,NA,1022.69,NA,NA,NA,73,NA,19.44,NA,15.56,18.33,1
1856-09-05,NA,NA,NA,NA,NA,NA,NA,0,"empty","empty",NA,0,NA,21.46,NA,NA,NA
1856-09-05 07:00:00,20.56,NA,0,247.5,13.99,NA,1024.38,NA,NA,NA,77,NA,16.67,NA,13.89,16.11,1
1856-09-05 14:00:00,21.11,NA,1,247.5,17.85,"247.5",1022.69,NA,NA,NA,57,NA,26.5,NA,19.44,25,1
1856-09-05 21:00:00,22.78,NA,NA,247.5,18.39,"247.5",1021.74,NA,NA,NA,79,NA,21.22,NA,17.78,20,1
1856-09-06,NA,NA,NA,NA,NA,NA,NA,0,"9:30pm","10:30pm",NA,0,NA,22.39,NA,NA,NA
1856-09-06 07:00:00,22.22,NA,1,315,19.3,"315",1017.2,NA,NA,NA,89,NA,20,NA,17.78,18.89,1
1856-09-06 14:00:00,22.22,NA,1,225,21.27,"225",1017.95,NA,NA,NA,73,NA,24.44,NA,20.56,23.89,5
1856-09-06 21:00:00,22.78,NA,3,NA,21.03,"270",1017.75,NA,NA,NA,85,NA,22.56,NA,19.44,21.11,5
1856-09-07,NA,NA,NA,NA,NA,NA,NA,0.76,"8:15pm","empty",NA,0,NA,15.18,NA,NA,NA
1856-09-07 07:00:00,19.44,NA,NA,45,9.14,NA,1024.45,NA,NA,NA,72,NA,11.67,NA,8.33,10.56,16
1856-09-07 14:00:00,18.33,NA,1,90,12.06,"180",1024.92,NA,NA,NA,62,NA,17.78,NA,13.33,17.22,5
1856-09-07 21:00:00,18.89,NA,1,90,13.34,"90",1020.93,NA,NA,NA,82,NA,16.11,NA,12.78,14.44,5
1856-09-08,NA,NA,NA,NA,NA,NA,NA,7.11,"empty","7am",NA,0,NA,19.56,NA,NA,NA
1856-09-08 07:00:00,19.44,NA,1,225,18.83,"225",1015.92,NA,NA,NA,100,NA,18.22,NA,16.67,16.67,1
1856-09-08 14:00:00,19.44,NA,NA,315,16.8,NA,1017.47,NA,NA,NA,70,NA,22.11,NA,17.22,20.56,5
1856-09-08 21:00:00,20.56,NA,1,315,15.58,"315",1018.02,NA,NA,NA,83,NA,18.33,NA,15,16.67,2
1856-09-09,NA,NA,NA,NA,NA,NA,NA,0,"8:30pm, 10pm","9:18pm, 11pm",NA,0,NA,19.52,NA,NA,NA
1856-09-09 07:00:00,18.89,NA,3,337.5,14.43,"337.5",1021.33,NA,NA,NA,82,NA,16.67,NA,13.89,15.56,0
1856-09-09 14:00:00,19.44,NA,1,0,16.8,"0",1019.3,NA,NA,NA,70,NA,21.67,NA,17.22,20.56,1
1856-09-09 21:00:00,20.56,NA,1,315,18.15,"315",1017.75,NA,NA,NA,84,NA,20.22,NA,17.22,18.89,1
1856-09-10,NA,NA,NA,NA,NA,NA,NA,2.54,"3am, 7:30pm, 11pm","5am, 8:45pm",NA,0,NA,22.18,NA,NA,NA
1856-09-10 07:00:00,20,NA,2,202.5,19.07,"270",1012.39,NA,NA,NA,94,NA,18.78,NA,17.22,17.78,0
1856-09-10 14:00:00,21.67,NA,NA,NA,23.47,NA,1011.11,NA,NA,NA,85,NA,25.44,NA,21.11,22.78,5
1856-09-10 21:00:00,23.89,NA,2,315,23.54,"315",1007.38,NA,NA,NA,95,NA,22.33,NA,20.56,21.11,11
1856-09-11,NA,NA,NA,NA,NA,NA,NA,8.13,"empty",NA,NA,0,NA,21.09,NA,NA,NA
1856-09-11 07:00:00,22.78,NA,NA,0,19.54,NA,1003.83,NA,NA,NA,85,NA,20.72,NA,18.33,20,1
1856-09-11 14:00:00,23.33,NA,2,315,16.12,"315",1004.06,NA,NA,NA,59,NA,23.83,NA,17.78,22.78,5
1856-09-11 21:00:00,21.67,NA,0,315,11.62,NA,1009.75,NA,NA,NA,57,NA,19.28,NA,13.33,17.78,11
1856-09-12,NA,NA,NA,NA,NA,NA,NA,0,"empty","empty",NA,0,NA,14.44,NA,NA,NA
1856-09-12 07:00:00,17.22,NA,2,NA,9.55,"337.5",1015.98,NA,NA,NA,73,NA,12.5,NA,8.89,11.11,1
1856-09-12 14:00:00,17.78,NA,1,NA,10.02,"292.5",1015.65,NA,NA,NA,59,NA,15.83,NA,11.11,15,1
1856-09-12 21:00:00,18.33,NA,1,45,18.59,"292.5",1013.55,NA,NA,NA,89,NA,15,NA,17.22,18.33,1
1856-09-13,NA,NA,NA,NA,NA,NA,NA,0,"6:30am","12pm",NA,0,NA,14.63,NA,NA,NA
1856-09-13 07:00:00,17.78,NA,NA,NA,12.7,NA,1010.02,NA,NA,NA,93,NA,13.06,NA,16.67,11.67,5
1856-09-13 14:00:00,17.78,NA,2,NA,16.02,"270",1005.76,NA,NA,NA,88,NA,16.94,NA,15,16.11,2
1856-09-13 21:00:00,17.22,NA,NA,NA,12.26,NA,1011.51,NA,NA,NA,87,NA,13.89,NA,11.11,12.22,5
1856-09-14,NA,NA,NA,NA,NA,NA,NA,5.84,"empty","empty",NA,0,NA,15.29,NA,NA,NA
1856-09-14 07:00:00,16.67,NA,0,0,6.64,NA,1017.61,NA,NA,NA,52,NA,12.06,NA,6.67,10.56,0
1856-09-14 14:00:00,17.78,NA,0,0,13.07,NA,1017.95,NA,NA,NA,67,NA,18.89,NA,13.89,17.22,1
1856-09-14 21:00:00,17.78,NA,1,0,12.73,"315",1017.61,NA,NA,NA,87,NA,14.94,NA,11.67,12.78,1
1856-09-15,NA,NA,NA,NA,NA,NA,NA,0,"12:30pm, 3pm","2:35pm, 9pm",NA,0,NA,15.26,NA,NA,NA
1856-09-15 07:00:00,17.22,NA,1,225,12.73,"225",1013.61,NA,NA,NA,87,NA,13.89,NA,11.67,12.78,1
1856-09-15 14:00:00,18.33,NA,1,337.5,16.63,"292.5",1011.58,NA,NA,NA,88,NA,18,NA,15.56,16.67,2
1856-09-15 21:00:00,17.22,NA,NA,NA,11.34,NA,1011.18,NA,NA,NA,80,NA,13.89,NA,10.56,12.22,5
1856-09-16,NA,NA,NA,NA,NA,NA,NA,5.08,"empty","empty",NA,0,NA,13.46,NA,NA,NA
1856-09-16 07:00:00,17.22,NA,0,0,10.02,NA,1015.92,NA,NA,NA,79,NA,12.22,NA,8.89,10.56,2
1856-09-16 14:00:00,16.11,NA,1,315,10.02,"0",1017.27,NA,NA,NA,63,NA,14.83,NA,10.56,13.89,5
1856-09-16 21:00:00,21.11,NA,1,0,9.11,"0",1018.35,NA,NA,NA,67,NA,13.33,NA,8.89,11.67,1
1856-09-17,NA,NA,NA,NA,NA,NA,NA,0,"5:45am","9pm",NA,0,NA,11.28,NA,NA,NA
1856-09-17 07:00:00,15.56,NA,1,0,10.06,"0",1019.37,NA,NA,NA,85,NA,10.89,NA,8.33,9.44,0
1856-09-17 14:00:00,14.44,NA,1,0,10.02,"0",1017.61,NA,NA,NA,79,NA,11.67,NA,8.89,10.56,1
1856-09-17 21:00:00,15,NA,1,0,11.34,"0",1015.92,NA,NA,NA,93,NA,11.28,NA,9.44,10,1
1856-09-18,NA,NA,NA,NA,NA,NA,NA,4.83,"empty","empty",NA,0,NA,17.63,NA,NA,NA
1856-09-18 07:00:00,14.44,NA,0,0,10.5,"0",1014.29,NA,NA,NA,92,NA,10.56,NA,8.33,8.89,1
1856-09-18 14:00:00,15.56,NA,0,90,17.47,NA,1009.14,NA,NA,NA,84,NA,20.11,NA,16.67,18.33,1
1856-09-18 21:00:00,20,NA,3,270,19.27,"270",1006.16,NA,NA,NA,79,NA,22.22,NA,18.33,20.56,20
1856-09-19,NA,NA,NA,NA,NA,NA,NA,0,"empty","empty",NA,0,NA,16.61,NA,NA,NA
1856-09-19 07:00:00,17.78,NA,0,247.5,12.8,NA,1014.22,NA,NA,NA,81,NA,14.83,NA,12.22,13.89,0
1856-09-19 14:00:00,17.78,NA,3,247.5,15.27,"247.5",1013.88,NA,NA,NA,73,NA,20,NA,15.56,18.33,11
1856-09-19 21:00:00,17.78,NA,1,247.5,11.41,NA,1017.61,NA,NA,NA,70,NA,15,NA,11.67,14.44,5
1856-09-20,NA,NA,NA,NA,NA,NA,NA,0,"empty","empty",NA,0,NA,16.26,NA,NA,NA
1856-09-20 07:00:00,16.67,NA,1,180,10.43,"225",1018.96,NA,NA,NA,79,NA,12.06,NA,9.44,11.11,0
1856-09-20 14:00:00,17.22,NA,2,225,18.83,"225",1019.3,NA,NA,NA,84,NA,20.78,NA,17.78,19.44,1
1856-09-20 21:00:00,18.33,NA,1,225,13.34,"225",1017.61,NA,NA,NA,82,NA,15.94,NA,12.78,14.44,2
1856-09-21,NA,NA,NA,NA,NA,NA,NA,0,"11pm","empty",NA,0,NA,14.96,NA,NA,NA
1856-09-21 07:00:00,17.22,NA,0,180,10.43,NA,1020.66,NA,NA,NA,79,NA,12.78,NA,9.44,11.11,1
1856-09-21 14:00:00,17.78,NA,1,225,9.58,"225",1018.63,NA,NA,NA,54,NA,17.22,NA,11.11,15.56,1
1856-09-21 21:00:00,17.22,NA,1,225,11.82,"225",1018.96,NA,NA,NA,81,NA,14.89,NA,11.11,12.78,1
1856-09-22,NA,NA,NA,NA,NA,NA,NA,0,"10am","10am",NA,0,NA,12.89,NA,NA,NA
1856-09-22 07:00:00,17.22,NA,NA,NA,10.02,NA,1017.61,NA,NA,NA,79,NA,11.67,NA,8.89,10.56,1
1856-09-22 14:00:00,16.11,NA,NA,NA,11.38,NA,1015.71,NA,NA,NA,75,NA,14.61,NA,11.11,13.33,5
1856-09-22 21:00:00,16.67,NA,NA,90,10.87,"90",1015.85,NA,NA,NA,86,NA,12.39,NA,9.44,10.56,2
1856-09-23,NA,NA,NA,NA,NA,NA,NA,1.27,"10am","empty",NA,0,NA,11.44,NA,NA,NA
1856-09-23 07:00:00,15.56,NA,2,0,10.5,"270",1013.21,NA,NA,NA,92,NA,10,NA,8.33,8.89,5
1856-09-23 14:00:00,15,NA,3,0,12.22,"0",1009.48,NA,NA,NA,93,NA,12.67,NA,10.56,11.11,5
1856-09-23 21:00:00,15,NA,3,0,12.22,"0",1004,NA,NA,NA,100,NA,11.67,NA,10,10,5
1856-09-24,NA,NA,NA,NA,NA,NA,NA,0.76,"empty","3am",NA,0,NA,11.35,NA,NA,NA
1856-09-24 07:00:00,15,NA,1,315,10.46,"270",1002.37,NA,NA,NA,85,NA,11.33,NA,8.89,10,5
1856-09-24 14:00:00,14.44,NA,4,270,9.58,"270",1002.44,NA,NA,NA,78,NA,12.22,NA,8.33,10,11
1856-09-24 21:00:00,16.11,NA,3,315,8.43,"315",1005.83,NA,NA,NA,77,NA,9.94,NA,6.67,8.33,5
1856-09-25,NA,NA,NA,NA,NA,NA,NA,0.23,"8am, 8:30pm","8:30am, 10pm",NA,0,NA,12.09,NA,NA,NA
1856-09-25 07:00:00,14.44,NA,3,270,8.5,"270",1010.16,NA,NA,NA,84,NA,8.44,NA,6.11,7.22,5
1856-09-25 14:00:00,14.44,NA,1,202.5,10.02,"202.5",1008.87,NA,NA,NA,63,NA,14.94,NA,10.56,13.89,5
1856-09-25 21:00:00,16.11,NA,3,202.5,10.87,"202.5",1007.45,NA,NA,NA,80,NA,12.89,NA,10,11.67,2
1856-09-26,NA,NA,NA,NA,NA,NA,NA,0.23,"12am","empty",NA,0,NA,14.61,NA,NA,NA
1856-09-26 07:00:00,15,NA,1,NA,10.02,"270",1007.99,NA,NA,NA,79,NA,11.67,NA,8.89,10.56,1
1856-09-26 14:00:00,16.11,NA,1,247.5,11.07,"247.5",1009.14,NA,NA,NA,57,NA,18.44,NA,12.78,17.22,2
1856-09-26 21:00:00,17.22,NA,NA,180,12.26,"180",1011.72,NA,NA,NA,87,NA,13.72,NA,11.11,12.22,1
1856-09-27,NA,NA,NA,NA,NA,NA,NA,0.25,"empty","2am",NA,0,NA,13.98,NA,NA,NA
1856-09-27 07:00:00,16.11,NA,1,270,11.78,"270",1015.24,NA,NA,NA,93,NA,11.39,NA,10,10.56,1
1856-09-27 14:00:00,16.67,NA,0,270,11.92,"270",1016.39,NA,NA,NA,70,NA,16.67,NA,12.22,15,0
1856-09-27 21:00:00,16.11,NA,1,337.5,12.73,"337.5",1016.19,NA,NA,NA,87,NA,13.89,NA,11.67,12.78,1
1856-09-28,NA,NA,NA,NA,NA,NA,NA,0,"empty","empty",NA,0,NA,13.35,NA,NA,NA
1856-09-28 07:00:00,16.11,NA,1,0,9.69,"0",1018.08,NA,NA,NA,92,NA,9.56,NA,7.22,7.78,2
1856-09-28 14:00:00,16.11,NA,0,180,10.94,"180",1018.56,NA,NA,NA,65,NA,16.61,NA,11.67,15,2
1856-09-28 21:00:00,15.56,NA,0,NA,11.78,NA,1017.2,NA,NA,NA,86,NA,13.89,NA,10.56,11.67,0
1856-09-29,NA,NA,NA,NA,NA,NA,NA,0,"empty","empty",NA,0,NA,15.39,NA,NA,NA
1856-09-29 07:00:00,16.67,NA,1,225,11.82,"225",1017.34,NA,NA,NA,81,NA,13.72,NA,11.11,12.78,2
1856-09-29 14:00:00,17.22,NA,3,180,12.06,"180",1017.61,NA,NA,NA,62,NA,18.11,NA,13.33,17.22,11
1856-09-29 21:00:00,17.22,NA,0,180,11.34,NA,1017.61,NA,NA,NA,80,NA,14.33,NA,10.56,12.22,1
1856-09-30,NA,NA,NA,NA,NA,NA,NA,0.23,"1am, 10am, 12pm, 2:30pm, 7:30pm","2am, 10:30am, 12:30pm, 3pm",NA,0,NA,14.78,NA,NA,NA
1856-09-30 07:00:00,16.67,NA,3,180,10.9,"180",1014.16,NA,NA,NA,74,NA,13.89,NA,10.56,12.78,5
1856-09-30 14:00:00,16.67,NA,2,90,11.85,"90",1011.18,NA,NA,NA,75,NA,15.17,NA,11.67,13.89,2
1856-09-30 21:00:00,16.67,NA,2,90,13.78,"90",1000.68,NA,NA,NA,87,NA,15.28,NA,12.78,13.89,1
1856-10-01,NA,NA,NA,NA,NA,NA,NA,61.98,"10pm","6am",NA,0,NA,12.79,NA,NA,NA
1856-10-01 07:00:00,16.67,NA,3,315,13.14,"315",1002.1,NA,NA,NA,100,NA,12.56,NA,11.11,11.11,5
1856-10-01 14:00:00,16.67,NA,3,270,10.9,"270",1002.44,NA,NA,NA,69,NA,13.06,NA,11.11,13.89,5
1856-10-01 21:00:00,16.11,NA,1,270,7.89,"180",1003.52,NA,NA,NA,78,NA,11.11,NA,8.33,10,2
1856-10-02,NA,NA,NA,NA,NA,NA,NA,0.51,"10am, 1pm","10am, 1:15pm",NA,0,NA,10.46,NA,NA,NA
1856-10-02 07:00:00,15.56,NA,1,180,8.97,"180",1010.9,NA,NA,NA,92,NA,8.06,NA,6.11,6.67,11
1856-10-02 14:00:00,15.56,NA,2,225,8.7,"225",1010.84,NA,NA,NA,66,NA,12.22,NA,8.33,11.11,11
1856-10-02 21:00:00,15,NA,1,157.5,9.21,"157.5",1013.21,NA,NA,NA,78,NA,11.11,NA,7.78,9.44,2
1856-10-03,NA,NA,NA,NA,NA,NA,NA,0.23,"empty","empty",NA,0,NA,10.46,NA,NA,NA
1856-10-03 07:00:00,14.44,NA,1,180,8.97,"180",1015.92,NA,NA,NA,92,NA,8.33,NA,6.11,6.67,1
1856-10-03 14:00:00,14.44,NA,3,270,9.11,"270",1017.54,NA,NA,NA,62,NA,14,NA,9.44,12.78,5
1856-10-03 21:00:00,16.67,NA,0,270,8.87,NA,1021.81,NA,NA,NA,84,NA,9.06,NA,6.67,7.78,1
1856-10-04,NA,NA,NA,NA,NA,NA,NA,0,"empty","empty",NA,0,NA,10.29,NA,NA,NA
1856-10-04 07:00:00,14.44,NA,2,337.5,8.5,"337.5",1025.26,NA,NA,NA,84,NA,8.56,NA,6.11,7.22,2
1856-10-04 14:00:00,15,NA,2,315,8.64,"315",1025.06,NA,NA,NA,53,NA,16.11,NA,10,14.44,5
1856-10-04 21:00:00,15.56,NA,0,315,8.43,NA,1023.1,NA,NA,NA,77,NA,10.56,NA,6.67,8.33,1
1856-10-05,NA,NA,NA,NA,NA,NA,NA,0,"7:50pm","empty",NA,0,NA,14.26,NA,NA,NA
1856-10-05 07:00:00,15,NA,1,225,9.31,"225",1022.42,NA,NA,NA,92,NA,8.78,NA,6.67,7.22,1
1856-10-05 14:00:00,16.11,NA,3,180,12.97,"180",1016.8,NA,NA,NA,71,NA,17.72,NA,13.33,16.11,5
1856-10-05 21:00:00,17.22,NA,2,180,15.88,"180",1015.85,NA,NA,NA,94,NA,10.89,NA,14.44,15,2
1856-10-06,NA,NA,NA,NA,NA,NA,NA,7.37,"9:30am","2am, 11am",NA,0,NA,15.67,NA,NA,NA
1856-10-06 07:00:00,17.22,NA,1,247.5,15.78,"247.5",1016.26,NA,NA,NA,100,NA,15.33,NA,13.89,13.89,1
1856-10-06 14:00:00,17.78,NA,3,315,17.91,"315",1015.92,NA,NA,NA,89,NA,18.89,NA,16.67,17.78,5
1856-10-06 21:00:00,16.67,NA,3,315,8.7,"315",1022.69,NA,NA,NA,66,NA,12.78,NA,8.33,11.11,5
1856-10-07,NA,NA,NA,NA,NA,NA,NA,6.86,"empty","empty",NA,0,NA,10.18,NA,NA,NA
1856-10-07 07:00:00,15.56,NA,1,337.5,7.38,"337.5",1027.43,NA,NA,NA,76,NA,7.78,NA,5,6.67,2
1856-10-07 14:00:00,15.56,NA,2,NA,7.04,"315",1027.43,NA,NA,NA,53,NA,12.78,NA,7.22,11.11,16
1856-10-07 21:00:00,16.11,NA,1,180,8.43,"180",1027.7,NA,NA,NA,77,NA,10,NA,6.67,8.33,2
1856-10-08,NA,NA,NA,NA,NA,NA,NA,0,"empty","empty",NA,0,NA,13.06,NA,NA,NA
1856-10-08 07:00:00,15.56,NA,1,157.5,8.87,"157.5",1027.43,NA,NA,NA,84,NA,8.89,NA,6.67,7.78,1
1856-10-08 14:00:00,16.11,NA,1,157.5,12.43,"202.5",1023.03,NA,NA,NA,71,NA,17.5,NA,12.78,15.56,1
1856-10-08 21:00:00,16.67,NA,1,157.5,11.78,"157.5",1021.88,NA,NA,NA,86,NA,12.78,NA,13.89,11.67,1
1856-10-09,NA,NA,NA,NA,NA,NA,NA,0,"empty","empty",NA,0,NA,18.07,NA,NA,NA
1856-10-09 07:00:00,16.11,NA,1,247.5,11.34,"247.5",1022.22,NA,NA,NA,80,NA,13.06,NA,10.56,12.22,5
1856-10-09 14:00:00,18.33,NA,0,247.5,14.39,NA,1020.73,NA,NA,NA,64,NA,21.28,NA,15.56,19.44,11
1856-10-09 21:00:00,19.44,NA,0,270,13.17,NA,1021,NA,NA,NA,63,NA,19.89,NA,14.44,18.33,5
1856-10-10,NA,NA,NA,NA,NA,NA,NA,0,"empty","empty",NA,0,NA,19.76,NA,NA,NA
1856-10-10 07:00:00,18.89,NA,1,270,12.43,"270",1022.69,NA,NA,NA,71,NA,16.94,NA,12.78,15.56,5
1856-10-10 14:00:00,19.44,NA,NA,247.5,15.88,NA,1020.59,NA,NA,NA,62,NA,23.83,NA,17.22,21.67,5
1856-10-10 21:00:00,20,NA,0,247.5,14.09,NA,1018.15,NA,NA,NA,72,NA,18.5,NA,14.44,17.22,1
1856-10-11,NA,NA,NA,NA,NA,NA,NA,0,"empty","empty",NA,0,NA,16.56,NA,NA,NA
1856-10-11 07:00:00,19.44,NA,0,247.5,12.36,NA,1014.9,NA,NA,NA,76,NA,15.56,NA,12.22,14.44,16
1856-10-11 14:00:00,20,NA,4,315,12.53,"315",1015.37,NA,NA,NA,66,NA,20.78,NA,13.33,16.67,16
1856-10-11 21:00:00,19.44,NA,0,315,7.86,NA,1024.25,NA,NA,NA,60,NA,13.33,NA,7.78,16.67,2
1856-10-12,NA,NA,NA,NA,NA,NA,NA,0,"empty","empty",NA,0,NA,11.89,NA,NA,NA
1856-10-12 07:00:00,17.78,NA,0,0,8.16,NA,1026.62,NA,NA,NA,84,NA,8.44,NA,5.56,6.67,2
1856-10-12 14:00:00,17.22,NA,1,157.5,9.55,"157.5",1020.18,NA,NA,NA,63,NA,15.28,NA,10,13.33,1
1856-10-12 21:00:00,17.22,NA,0,157.5,9.24,NA,1015.92,NA,NA,NA,85,NA,11.94,NA,7.78,8.33,1
1856-10-13,NA,NA,NA,NA,NA,NA,NA,0,"empty","empty",NA,0,NA,11.67,NA,NA,NA
1856-10-13 07:00:00,16.67,NA,NA,315,10.9,"315",1012.19,NA,NA,NA,92,NA,10.56,NA,8.89,9.44,16
1856-10-13 14:00:00,16.67,NA,3,315,8.64,"315",1010.36,NA,NA,NA,49,NA,16.67,NA,10.56,15.56,16
1856-10-13 21:00:00,16.11,NA,0,315,4.54,NA,1017.95,NA,NA,NA,50,NA,7.78,NA,2.22,5.56,16
1856-10-14,NA,NA,NA,NA,NA,NA,NA,0,"empty","empty",NA,0,NA,4.26,NA,NA,NA
1856-10-14 07:00:00,13.89,NA,4,0,3.59,"315",1023.03,NA,NA,NA,58,NA,2.78,NA,-2.22,3.33,11
1856-10-14 14:00:00,12.22,NA,4,315,3.28,"0",1024.72,NA,NA,NA,39,NA,6.11,NA,0.56,4.44,16
1856-10-14 21:00:00,12.22,NA,0,315,3.25,NA,1027.43,NA,NA,NA,45,NA,3.89,NA,-1.11,1.67,5
1856-10-15,NA,NA,NA,NA,NA,NA,NA,0,"empty","empty",NA,0,NA,5.22,NA,NA,NA
1856-10-15 07:00:00,10.56,NA,0,337.5,4.44,NA,1032.58,NA,NA,NA,70,NA,2.78,NA,-1.11,0.56,2
1856-10-15 14:00:00,11.67,NA,0,247.5,5.25,NA,1029.8,NA,NA,NA,58,NA,7.78,NA,2.78,5.56,5
1856-10-15 21:00:00,12.22,NA,0,247.5,4.88,NA,1027.77,NA,NA,NA,63,NA,5.11,NA,1.11,3.33,11
1856-10-16,NA,NA,NA,NA,NA,NA,NA,0,"empty","empty",NA,0,NA,8.42,NA,NA,NA
1856-10-16 07:00:00,11.11,NA,0,270,5.25,NA,1026.28,NA,NA,NA,79,NA,3.89,NA,0,1.11,11
1856-10-16 14:00:00,11.11,NA,0,247.5,5.93,NA,1026.18,NA,NA,NA,50,NA,11.39,NA,5.56,9.44,11
1856-10-16 21:00:00,15.56,NA,0,202.5,5.72,NA,1025.4,NA,NA,NA,54,NA,10,NA,4.44,7.78,1
1856-10-17,NA,NA,NA,NA,NA,NA,NA,0,"empty","empty",NA,0,NA,8.7,NA,NA,NA
1856-10-17 07:00:00,13.33,NA,0,0,6.91,NA,1027.7,NA,NA,NA,100,NA,4.33,NA,1.67,1.67,5
1856-10-17 14:00:00,12.78,NA,0,0,8.3,NA,1025.53,NA,NA,NA,65,NA,12.33,NA,7.78,10.56,5
1856-10-17 21:00:00,15,NA,1,0,9.75,"0",1024.72,NA,NA,NA,76,NA,9.44,NA,5.56,7.22,2
1856-10-18,NA,NA,NA,NA,NA,NA,NA,0,"8:20am, 10:15am, 1pm, 3pm, 6pm","9:30am, 10:30am, 4pm, 6pm",NA,0,NA,8.02,NA,NA,NA
1856-10-18 07:00:00,12.22,NA,1,45,6.87,"315",1020.93,NA,NA,NA,82,NA,6.22,NA,3.33,4.44,11
1856-10-18 14:00:00,12.22,NA,1,45,9.31,"45",1018.42,NA,NA,NA,92,NA,8.83,NA,6.67,7.22,5
1856-10-18 21:00:00,12.78,NA,1,45,10.16,"45",1016.86,NA,NA,NA,100,NA,9,NA,7.22,7.22,5
1856-10-19,NA,NA,NA,NA,NA,NA,NA,4.06,"9am","3am; 9:16 am",NA,0,NA,10.74,NA,NA,NA
1856-10-19 07:00:00,13.33,NA,4,315,9.69,"315",1019.3,NA,NA,NA,92,NA,9.06,NA,7.22,7.78,11
1856-10-19 14:00:00,13.89,NA,2,225,10.43,"270",1021,NA,NA,NA,79,NA,12.06,NA,9.44,11.11,5
1856-10-19 21:00:00,17.22,NA,0,225,6.84,NA,1024.04,NA,NA,NA,62,NA,11.11,NA,5.56,8.33,1
1856-10-20,NA,NA,NA,NA,NA,NA,NA,0.23,"empty","empty",NA,0,NA,9.29,NA,NA,NA
1856-10-20 07:00:00,15.56,NA,NA,270,9.31,NA,1027.09,NA,NA,NA,92,NA,8.67,NA,6.67,7.22,2
1856-10-20 14:00:00,15,NA,NA,270,10.87,NA,1025.6,NA,NA,NA,86,NA,12.39,NA,9.44,10.56,0
1856-10-20 21:00:00,15,NA,NA,315,8.7,NA,1024.99,NA,NA,NA,100,NA,6.83,NA,5,5,1
1856-10-21,NA,NA,NA,NA,NA,NA,NA,0,"9:30pm","empty",NA,0,NA,13.42,NA,NA,NA
1856-10-21 07:00:00,13.89,NA,1,315,10.06,"315",1027.6,NA,NA,NA,85,NA,11.11,NA,8.33,9.44,2
1856-10-21 14:00:00,18.33,NA,1,315,13.24,"315",1021.88,NA,NA,NA,87,NA,12.78,NA,12.22,13.33,1
1856-10-21 21:00:00,14.44,NA,1,315,12.22,"315",1019.3,NA,NA,NA,93,NA,13.06,NA,10.56,11.11,1
1856-10-22,NA,NA,NA,NA,NA,NA,NA,4.57,"empty","6am",NA,0,NA,8.78,NA,NA,NA
1856-10-22 07:00:00,13.89,NA,2,45,9.31,"45",1015.92,NA,NA,NA,92,NA,8.56,NA,6.67,7.22,16
1856-10-22 14:00:00,12.78,NA,2,45,9.31,"45",1015.24,NA,NA,NA,92,NA,8.89,NA,6.67,7.22,11
1856-10-22 21:00:00,15,NA,2,45,9.31,"45",1011.18,NA,NA,NA,92,NA,9.06,NA,6.67,7.22,2
1856-10-23,NA,NA,NA,NA,NA,NA,NA,0,"empty","empty",NA,0.23,NA,5.35,NA,NA,NA
1856-10-23 07:00:00,13.89,NA,3,337.5,5.42,"337.5",1013.88,NA,NA,NA,64,NA,6.39,NA,2.22,4.44,11
1856-10-23 14:00:00,12.78,NA,3,337.5,4.71,"337.5",1013.55,NA,NA,NA,56,NA,6.22,NA,1.67,4.44,11
1856-10-23 21:00:00,15,NA,0,315,4.44,NA,1017.61,NA,NA,NA,70,NA,3.44,NA,-1.11,0.56,2
1856-10-24,NA,NA,NA,NA,NA,NA,NA,0,"empty","empty",NA,0,NA,3.31,NA,NA,NA
1856-10-24 07:00:00,12.22,NA,0,0,4.17,NA,1022.69,NA,NA,NA,77,NA,0.78,NA,-2.78,-1.67,2
1856-10-24 14:00:00,10,NA,2,337.5,3.73,"0",1026.08,NA,NA,NA,46,NA,6.11,NA,0.56,3.89,2
1856-10-24 21:00:00,10.56,NA,0,0,3.42,NA,1025.74,NA,NA,NA,51,NA,3.06,NA,-1.67,1.11,2
1856-10-25,NA,NA,NA,NA,NA,NA,NA,0,"empty","empty",NA,0,NA,3.85,NA,NA,NA
1856-10-25 07:00:00,11.11,NA,0,337.5,4.06,NA,1026.08,NA,NA,NA,75,NA,1,NA,-2.44,-1.11,2
1856-10-25 14:00:00,13.33,NA,1,337.5,4.27,"292.5",1022.62,NA,NA,NA,49,NA,7.78,NA,1.67,5,2
1856-10-25 21:00:00,11.67,NA,1,292.5,5.86,"292.5",1021.33,NA,NA,NA,96,NA,3.33,NA,-0.22,0,1
1856-10-26,NA,NA,NA,NA,NA,NA,NA,0,"empty","empty",NA,0,NA,7.17,NA,NA,NA
1856-10-26 07:00:00,13.33,NA,1,337.5,6.13,"337.5",1022.28,NA,NA,NA,100,NA,2.78,NA,0,0,1
1856-10-26 14:00:00,12.78,NA,1,337.5,5.15,"337.5",1020.45,NA,NA,NA,44,NA,11.22,NA,5,9.44,1
1856-10-26 21:00:00,16.11,NA,0,337.5,6.87,NA,1020.66,NA,NA,NA,82,NA,7.5,NA,3.33,4.44,1
1856-10-27,NA,NA,NA,NA,NA,NA,NA,0,"4:25pm","5:30pm",NA,0,NA,7.52,NA,NA,NA
1856-10-27 07:00:00,13.33,NA,1,315,6.37,"315",1019.1,NA,NA,NA,100,NA,3.11,NA,0.56,0.56,1
1856-10-27 14:00:00,12.78,NA,1,270,8.06,"270",1012.6,NA,NA,NA,77,NA,9.44,NA,6.11,7.78,2
1856-10-27 21:00:00,15,NA,1,337.5,9.31,"270",1007.45,NA,NA,NA,85,NA,10,NA,7.22,8.33,1
1856-10-28,NA,NA,NA,NA,NA,NA,NA,10.41,"10pm","empty",NA,0,NA,6.87,NA,NA,NA
1856-10-28 07:00:00,13.33,NA,5,NA,7.28,NA,1005.42,NA,NA,NA,69,NA,8.44,NA,5.56,7.22,16
1856-10-28 14:00:00,14.44,NA,3,315,6.84,"315",1001.02,NA,NA,NA,62,NA,10,NA,5.56,8.33,11
1856-10-28 21:00:00,17.22,NA,3,270,7.08,"270",1002.1,NA,NA,NA,75,NA,7.61,NA,4.44,6.11,11
1856-10-29,NA,NA,NA,NA,NA,NA,NA,5.08,"2:10am, 12pm","1am, 8am",NA,0,NA,5.68,NA,NA,NA
1856-10-29 07:00:00,13.89,NA,5,292.5,6.3,"292.5",1005.76,NA,NA,NA,81,NA,5,NA,2.22,3.33,16
1856-10-29 14:00:00,13.89,NA,3,292.5,5.86,"292.5",1009.14,NA,NA,NA,60,NA,8.61,NA,3.89,6.67,16
1856-10-29 21:00:00,13.89,NA,0,292.5,6.03,NA,1010.5,NA,NA,NA,81,NA,5.11,NA,1.67,2.78,2
1856-10-30,NA,NA,NA,NA,NA,NA,NA,0,"noon","4pm",NA,0,NA,6.74,NA,NA,NA
1856-10-30 07:00:00,15,NA,1,180,7.82,"180",1003.73,NA,NA,NA,83,NA,7.44,NA,5,6.11,5
1856-10-30 14:00:00,13.89,NA,2,270,8.26,"270",1002.03,NA,NA,NA,91,NA,7.22,NA,5,5.56,2
1856-10-30 21:00:00,13.33,NA,2,270,6.03,"270",1004.06,NA,NA,NA,81,NA,5.56,NA,1.67,3.89,2
1856-10-31,NA,NA,NA,NA,NA,NA,NA,3.05,"empty","empty",NA,0,NA,2.42,NA,NA,NA
1856-10-31 07:00:00,12.22,NA,1,315,5.45,"315",1002.37,NA,NA,NA,97,NA,0.89,NA,-1.28,-1.11,2
1856-10-31 14:00:00,12.78,NA,2,315,4.88,"315",1000,NA,NA,NA,63,NA,4.72,NA,1.11,3.33,2
1856-10-31 21:00:00,13.33,NA,2,315,4.84,"315",1004.34,NA,NA,NA,79,NA,1.67,NA,-1.11,0,2
1856-11-01,NA,NA,NA,NA,NA,NA,NA,0,"12:20pm, 3pm, 11:40pm","2pm, 4pm, 1pm",NA,0.23,NA,4.61,NA,NA,NA
1856-11-01 07:00:00,13.89,NA,2,247.5,5.49,"247.5",1005.76,NA,NA,NA,80,NA,3.11,NA,0.56,1.67,2
1856-11-01 14:00:00,12.22,NA,2,247.5,5.49,"202.5",997.29,NA,NA,NA,80,NA,3.5,NA,0.56,1.67,1
1856-11-01 21:00:00,16.11,NA,1,202.5,7.72,"202.5",1001.15,NA,NA,NA,76,NA,8.89,NA,5.56,7.22,1
1856-11-02,NA,NA,NA,NA,NA,NA,NA,2.79,"4:45pm","10:30pm",NA,0,NA,9.11,NA,NA,NA
1856-11-02 07:00:00,15,NA,1,247.5,7.96,"247.5",1010.16,NA,NA,NA,91,NA,7.78,NA,4.44,5,1
1856-11-02 14:00:00,10.56,NA,1,247.5,10.09,"247.5",1011.65,NA,NA,NA,92,NA,10.11,NA,7.78,8.33,1
1856-11-02 21:00:00,14.44,NA,1,247.5,10.53,"247.5",1014.7,NA,NA,NA,100,NA,10,NA,7.78,7.78,1
1856-11-03,NA,NA,NA,NA,NA,NA,NA,2.03,"4am, 11am","6am, 1pm",NA,0,NA,9.68,NA,NA,NA
1856-11-03 07:00:00,16.11,NA,1,22.5,10.94,"22.5",1020.93,NA,NA,NA,100,NA,10.28,NA,8.33,8.33,1
1856-11-03 14:00:00,14.44,NA,1,22.5,10.53,"22.5",1016.59,NA,NA,NA,100,NA,9.44,NA,7.78,7.78,1
1856-11-03 21:00:00,16.67,NA,1,22.5,9.69,"22.5",1012.19,NA,NA,NA,92,NA,9.33,NA,7.22,7.22,1
1856-11-04,NA,NA,NA,NA,NA,NA,NA,2.03,"7:15pm","1 am",NA,0,NA,12.5,NA,NA,NA
1856-11-04 07:00:00,15.56,NA,NA,22.5,10.94,NA,1007.45,NA,NA,NA,100,NA,10.17,NA,8.33,8.33,1
1856-11-04 14:00:00,15,NA,3,NA,14.22,"225",999.66,NA,NA,NA,94,NA,14.78,NA,12.78,13.33,5
1856-11-04 21:00:00,15,NA,5,225,10.43,"225",991.67,NA,NA,NA,79,NA,12.56,NA,9.44,11.11,40
1856-11-05,NA,NA,NA,NA,NA,NA,NA,5.84,"empty","1am",NA,0,NA,-0.06,NA,NA,NA
1856-11-05 07:00:00,13.89,NA,3,270,4,"270",1004,NA,NA,NA,68,NA,0.56,NA,-2.22,-0.56,16
1856-11-05 14:00:00,10,NA,2,0,5.89,"0",1013.34,NA,NA,NA,100,NA,0.78,NA,-0.56,-0.56,5
1856-11-05 21:00:00,13.33,NA,0,0,3.76,NA,1022.62,NA,NA,NA,75,NA,-1.5,NA,-3.89,-2.78,5
1856-11-06,NA,NA,NA,NA,NA,NA,NA,0,"empty","empty",NA,0,NA,0.37,NA,NA,NA
1856-11-06 07:00:00,16.11,NA,1,0,2,"0",1031.83,NA,NA,NA,55,NA,-3.61,NA,-8.33,-6.67,1
1856-11-06 14:00:00,13.33,NA,1,180,7.18,"180",1030.48,NA,NA,NA,100,NA,4.17,NA,2.22,2.22,1
1856-11-06 21:00:00,14.44,NA,1,270,4.4,"180",1028.78,NA,NA,NA,78,NA,0.56,NA,-2.22,-1.11,1
1856-11-07,NA,NA,NA,NA,NA,NA,NA,0,"empty","empty",NA,0,NA,5.41,NA,NA,NA
1856-11-07 07:00:00,14.44,NA,1,180,5.49,"180",1028.18,NA,NA,NA,89,NA,1.22,NA,-0.56,0,1
1856-11-07 14:00:00,10.56,NA,1,180,6.3,"180",1026.08,NA,NA,NA,67,NA,7.78,NA,3.89,6.11,1
1856-11-07 21:00:00,13.33,NA,3,NA,7.82,"180",1024.52,NA,NA,NA,83,NA,7.22,NA,5,6.11,16
1856-11-08,NA,NA,NA,NA,NA,NA,NA,0,"3.15pm","7pm",NA,0,NA,10.7,NA,NA,NA
1856-11-08 07:00:00,13.33,NA,1,NA,7.96,"270",1017.95,NA,NA,NA,85,NA,10,NA,7.78,8.89,1
1856-11-08 14:00:00,15.56,NA,5,NA,12.87,"225",1007.04,NA,NA,NA,76,NA,16.56,NA,12.78,15,11
1856-11-08 21:00:00,15.56,NA,6,270,5.42,"270",1021.94,NA,NA,NA,64,NA,5.56,NA,2.22,4.44,34
1856-11-09,NA,NA,NA,NA,NA,NA,NA,3.81,"empty","empty",NA,0,NA,0.06,NA,NA,NA
1856-11-09 07:00:00,13.89,NA,1,337.5,3.96,"337.5",1022.18,NA,NA,NA,76,NA,-0.56,NA,-3.33,-2.22,1
1856-11-09 14:00:00,14.44,NA,1,337.5,5.66,"337.5",1020.52,NA,NA,NA,100,NA,2.39,NA,-1.11,-1.11,1
1856-11-09 21:00:00,15.56,NA,0,337.5,4.57,NA,1024.72,NA,NA,NA,100,NA,-1.67,NA,-3.89,-3.89,1
1856-11-10,NA,NA,NA,NA,NA,NA,NA,0,"empty","empty",NA,0,NA,-3.61,NA,NA,NA
1856-11-10 07:00:00,12.22,NA,0,337.5,2.78,NA,1027.77,NA,NA,NA,84,NA,-5.56,NA,-8.33,-7.78,2
1856-11-10 14:00:00,11.67,NA,0,337.5,2,NA,1026.75,NA,NA,NA,55,NA,-1.11,NA,-8.33,-6.67,1
1856-11-10 21:00:00,12.78,NA,0,337.5,3.12,NA,1026.08,NA,NA,NA,78.5,NA,-4.17,NA,-6.39,-5.56,1
1856-11-11,NA,NA,NA,NA,NA,NA,NA,0,"empty","empty",NA,0,NA,-2.19,NA,NA,NA
1856-11-11 07:00:00,11.11,NA,1,45,3.25,"45",1028.11,NA,NA,NA,85,NA,-5,NA,-6.67,-6.11,1
1856-11-11 14:00:00,11.67,NA,0,45,3.76,NA,1024.31,NA,NA,NA,75,NA,-1,NA,-3.89,-2.78,1
1856-11-11 21:00:00,14.44,NA,1,45,4.88,"45",1024.11,NA,NA,NA,93.5,NA,-0.56,NA,-2.44,-2.22,1
1856-11-12,NA,NA,NA,NA,NA,NA,NA,0,"empty","empty",NA,0,NA,2,NA,NA,NA
1856-11-12 07:00:00,13.33,NA,1,45,4.17,"45",1023.16,NA,NA,NA,77,NA,0,NA,-2.78,-1.67,1
1856-11-12 14:00:00,14.44,NA,1,315,5.25,"315",1022.08,NA,NA,NA,79,NA,3.22,NA,0,1.11,1
1856-11-12 21:00:00,16.11,NA,1,315,5.25,"315",1022.69,NA,NA,NA,79,NA,2.78,NA,0,1.11,1
1856-11-13,NA,NA,NA,NA,NA,NA,NA,0,"empty","empty",NA,0,NA,3.98,NA,NA,NA
1856-11-13 07:00:00,12.78,NA,1,45,4.4,"315",1023.03,NA,NA,NA,78,NA,0.28,NA,-2.22,-1.11,2
1856-11-13 14:00:00,15,NA,1,337.5,6.3,"315",1023.1,NA,NA,NA,81,NA,4.44,NA,2.22,3.33,1
1856-11-13 21:00:00,13.33,NA,1,135,4.44,"135",1022.96,NA,NA,NA,70,NA,1.67,NA,-1.11,0.56,1
1856-11-14,NA,NA,NA,NA,NA,NA,NA,0,"empty","empty",NA,0,NA,-0.19,NA,NA,NA
1856-11-14 07:00:00,13.89,NA,1,225,4.81,"225",1023.71,NA,NA,NA,88,NA,-0.56,NA,-6.67,-1.67,1
1856-11-14 14:00:00,12.22,NA,1,45,5.49,"45",1020.96,NA,NA,NA,89,NA,1.11,NA,-0.56,0,1
1856-11-14 21:00:00,14.44,NA,1,45,4.37,"45",1021,NA,NA,NA,88,NA,-1.11,NA,-3.33,-2.78,1
1856-11-15,NA,NA,NA,NA,NA,NA,NA,0,"empty","empty",NA,0,NA,-2.21,NA,NA,NA
1856-11-15 07:00:00,14.44,NA,0,0,2,NA,1019.37,NA,NA,NA,55,NA,-5.11,NA,-8.33,-6.67,5
1856-11-15 14:00:00,12.22,NA,0,337.5,5.66,NA,1012.53,NA,NA,NA,100,NA,0.72,NA,3.33,-1.11,2
1856-11-15 21:00:00,15.56,NA,0,337.5,4.77,NA,1010.84,NA,NA,NA,100,NA,-3.33,NA,0.83,-3.33,2
1856-11-16,NA,NA,NA,NA,NA,NA,NA,0,"7:30pm","8:30pm",NA,0,NA,1.17,NA,NA,NA
1856-11-16 07:00:00,11.67,NA,1,315,4.17,"315",990.65,NA,NA,NA,87,NA,-1.72,NA,-3.89,-3.33,2
1856-11-16 14:00:00,12.22,NA,1,180,5.49,"180",1001.36,NA,NA,NA,80,NA,3.61,NA,0.56,1.67,1
1856-11-16 21:00:00,15,NA,1,157.5,6.13,"202.5",1001.08,NA,NA,NA,100,NA,1.61,NA,0,0,1
1856-11-17,NA,NA,NA,NA,NA,NA,NA,0,"1:55pm","4pm",NA,0.23,NA,-1.91,NA,NA,NA
1856-11-17 07:00:00,14.44,NA,1,270,3.39,"270",1004.34,NA,NA,NA,74,NA,-2.56,NA,-5,-3.89,1
1856-11-17 14:00:00,15.56,NA,2,315,4.98,"315",1006.1,NA,NA,NA,100,NA,-1.22,NA,-2.78,-2.78,2
1856-11-17 21:00:00,17.22,NA,2,315,4.57,"315",1009.14,NA,NA,NA,100,NA,-1.94,NA,-3.89,-3.89,2
1856-11-18,NA,NA,NA,NA,NA,NA,NA,0,"empty","empty",NA,15.24,NA,0.24,NA,NA,NA
1856-11-18 07:00:00,15,NA,1,315,3.76,"315",1011.31,NA,NA,NA,75,NA,-1.22,NA,-3.89,-2.78,2
1856-11-18 14:00:00,16.11,NA,3,315,5.25,"315",1013.55,NA,NA,NA,79,NA,2.5,NA,0,1.11,2
1856-11-18 21:00:00,16.67,NA,1,315,4.17,"315",1017.68,NA,NA,NA,77,NA,-0.56,NA,-2.78,-1.67,2
1856-11-19,NA,NA,NA,NA,NA,NA,NA,0,"empty","empty",NA,0,NA,-2.69,NA,NA,NA
1856-11-19 07:00:00,20.56,NA,1,315,3.18,"315",1021.4,NA,NA,NA,73,NA,-3.33,NA,-5.56,-4.44,2
1856-11-19 14:00:00,16.11,NA,2,270,4.17,"270",1021.27,NA,NA,NA,77,NA,-0.56,NA,-2.78,-1.67,1
1856-11-19 21:00:00,16.67,NA,0,270,3.18,NA,1027.09,NA,NA,NA,73,NA,-3.33,NA,-5.56,-4.44,1
1856-11-20,NA,NA,NA,NA,NA,NA,NA,0,"empty","empty",NA,0,NA,-2.52,NA,NA,NA
1856-11-20 07:00:00,12.22,NA,1,315,3.96,"315",1030.48,NA,NA,NA,87,NA,-2.94,NA,-4.44,-3.89,2
1856-11-20 14:00:00,13.89,NA,1,315,4.57,"292.5",1030.48,NA,NA,NA,88,NA,-1.39,NA,-2.78,-2.22,2
1856-11-20 21:00:00,12.78,NA,1,292.5,3.96,"292.5",1029.39,NA,NA,NA,87,NA,-3.22,NA,-4.44,-3.89,2
1856-11-21,NA,NA,NA,NA,NA,NA,NA,20.57,"11:30pm","6am",NA,0,NA,-2.82,NA,NA,NA
1856-11-21 07:00:00,12.22,NA,1,270,3.76,"270",1029.12,NA,NA,NA,86,NA,-3,NA,-5,-4.44,1
1856-11-21 14:00:00,11.67,NA,1,270,4.3,"270",1025.74,NA,NA,NA,88,NA,-1.94,NA,-3.33,-2.78,1
1856-11-21 21:00:00,13.89,NA,1,225,3.42,"225",1018.96,NA,NA,NA,86,NA,-3.5,NA,-6.11,-5.56,1
1856-11-22,NA,NA,NA,NA,NA,NA,NA,0,"empty","empty",NA,0,NA,6.48,NA,NA,NA
1856-11-22 07:00:00,11.67,NA,3,225,9.41,"225",1012.53,NA,NA,NA,100,NA,6.67,NA,6.11,6.11,5
1856-11-22 14:00:00,13.33,NA,1,NA,7.38,"270",1014.63,NA,NA,NA,76,NA,8.33,NA,5,6.67,2
1856-11-22 21:00:00,13.89,NA,1,270,7.31,"270",1020.93,NA,NA,NA,91,NA,4.44,NA,3.33,3.89,2
1856-11-23,NA,NA,NA,NA,NA,NA,NA,0.23,"11:30pm, 5:35pm","12pm",NA,0,NA,5.16,NA,NA,NA
1856-11-23 07:00:00,13.89,NA,3,225,6.2,"225",1025.4,NA,NA,NA,90,NA,3.61,NA,1.11,1.67,1
1856-11-23 14:00:00,14.44,NA,2,315,8.26,"315",1023.1,NA,NA,NA,91,NA,7.39,NA,5,5.56,2
1856-11-23 21:00:00,17.78,NA,2,270,7.04,"270",1020.66,NA,NA,NA,91,NA,4.44,NA,2.78,3.33,2
1856-11-24,NA,NA,NA,NA,NA,NA,NA,0,NA,"5am",NA,0,NA,3.68,NA,NA,NA
1856-11-24 07:00:00,16.11,NA,1,67.5,5.93,"67.5",1014.22,NA,NA,NA,89,NA,2.5,NA,0.56,1.11,2
1856-11-24 14:00:00,13.89,NA,1,0,6.74,"0",983.2,NA,NA,NA,90,NA,4.44,NA,2.22,2.78,2
1856-11-24 21:00:00,16.67,NA,1,45,7.38,"45",1022.35,NA,NA,NA,100,NA,4.11,NA,2.22,2.22,2
1856-11-25,NA,NA,NA,NA,NA,NA,NA,12.45,"10am","11am",NA,0.23,NA,2.22,NA,NA,NA
1856-11-25 07:00:00,13.89,NA,1,45,5.93,"45",1025.74,NA,NA,NA,89,NA,2.22,NA,0.56,1.11,1
1856-11-25 14:00:00,12.78,NA,1,45,5.49,"45",1022.35,NA,NA,NA,80,NA,2.78,NA,0.56,1.67,2
1856-11-25 21:00:00,14.44,NA,1,45,6.13,"45",1015.24,NA,NA,NA,100,NA,1.67,NA,0,0,2
1856-11-26,NA,NA,NA,NA,NA,NA,NA,2.54,"empty","empty",NA,0,NA,3.96,NA,NA,NA
1856-11-26 07:00:00,12.78,NA,1,112.5,7.48,"112.5",1000.68,NA,NA,NA,100,NA,3.89,NA,2.78,2.78,1
1856-11-26 14:00:00,12.78,NA,4,315,7.62,"315",1001.02,NA,NA,NA,91,NA,5.83,NA,3.89,4.44,11
1856-11-26 21:00:00,15,NA,5,315,5.25,"315",1010.77,NA,NA,NA,79,NA,2.17,NA,0,1.11,11
1856-11-27,NA,NA,NA,NA,NA,NA,NA,4.32,"empty","5pm",NA,0.23,NA,0.83,NA,NA,NA
1856-11-27 07:00:00,13.33,NA,1,0,5.25,"0",1013.68,NA,NA,NA,89,NA,0.56,NA,-1.11,-0.56,2
1856-11-27 14:00:00,12.78,NA,3,315,6.13,"315",1008.77,NA,NA,NA,100,NA,2.22,NA,0,0,20
1856-11-27 21:00:00,15.56,NA,5,292.5,5.18,"292.5",1011.28,NA,NA,NA,100,NA,-0.28,NA,-2.22,-2.22,20
1856-11-28,NA,NA,NA,NA,NA,NA,NA,0,"empty","empty",NA,0,NA,-5.5,NA,NA,NA
1856-11-28 07:00:00,13.89,NA,0,0,3.42,NA,1014.29,NA,NA,NA,86,NA,-4.83,NA,-6.11,-5.56,5
1856-11-28 14:00:00,12.78,NA,0,0,3.01,NA,1016.59,NA,NA,NA,72,NA,-3.89,NA,-6.11,-5,2
1856-11-28 21:00:00,12.22,NA,0,0,2.91,NA,1017.68,NA,NA,NA,100,NA,-7.78,NA,-9.44,-9.44,2
1856-11-29,NA,NA,NA,NA,NA,NA,NA,0,"1:15pm","empty",NA,0,NA,-7.97,NA,NA,NA
1856-11-29 07:00:00,10,NA,2,45,2.37,"45",1011.99,NA,NA,NA,82,NA,-8.33,NA,-10,-9.44,11
1856-11-29 14:00:00,10.56,NA,2,22.5,2.91,"22.5",1005.08,NA,NA,NA,100,NA,-7.78,NA,-9.44,-9.44,5
1856-11-29 21:00:00,13.89,NA,2,22.5,3.05,"22.5",1005.76,NA,NA,NA,100,NA,-7.78,NA,-9.44,-8.89,5
1856-11-30,NA,NA,NA,NA,NA,NA,NA,0,"empty","4am",NA,139.7,NA,-5,NA,NA,NA
1856-11-30 07:00:00,16.11,NA,4,292.5,2.64,"292.5",1012.87,NA,NA,NA,83,NA,-6.94,NA,-8.89,-8.33,11
1856-11-30 14:00:00,15,NA,4,292.5,4.37,"292.5",1014.22,NA,NA,NA,88,NA,-1.67,NA,-3.33,-2.78,5
1856-11-30 21:00:00,15.56,NA,2,292.5,2.27,"292.5",1022.35,NA,NA,NA,68,NA,-6.39,NA,-8.89,-7.78,5
1856-12-01,NA,NA,NA,NA,NA,NA,NA,0,"5:45pm","empty",NA,83.82,NA,-7.5,NA,NA,NA
1856-12-01 07:00:00,12.22,NA,0,0,1.83,NA,1022.96,NA,NA,NA,78,NA,-11.67,NA,-12.78,-12.22,2
1856-12-01 14:00:00,15.56,NA,2,0,2.68,"0",1022.66,NA,NA,NA,76.5,NA,-5.56,NA,-8.06,-7.22,2
1856-12-01 21:00:00,13.33,NA,1,247.5,3.08,"247.5",1020.93,NA,NA,NA,85,NA,-5.28,NA,-7.22,-6.67,1
1856-12-02,NA,NA,NA,NA,NA,NA,NA,20.32,"empty","6:00am",NA,43.18,NA,-4.37,NA,NA,NA
1856-12-02 07:00:00,11.67,NA,2,270,2.91,"270",1015.98,NA,NA,NA,71,NA,-4.56,NA,-6.11,-5.56,5
1856-12-02 14:00:00,12.22,NA,1,292.5,2.34,"292.5",1015.92,NA,NA,NA,37,NA,-2.22,NA,-6.67,-3.89,2
1856-12-02 21:00:00,16.11,NA,2,292.5,3.22,"292.5",1015.17,NA,NA,NA,92,NA,-6.33,NA,-8.06,-7.78,2
1856-12-03,NA,NA,NA,NA,NA,NA,NA,76.2,"9:30am","9:30pm",NA,246.38,NA,-9.08,NA,NA,NA
1856-12-03 07:00:00,12.22,NA,1,67.5,1.83,"67.5",1001.02,NA,NA,NA,78,NA,-11.11,NA,-12.78,-12.22,2
1856-12-03 14:00:00,10,NA,3,45,2.78,"45",988.08,NA,NA,NA,100,NA,-8.89,NA,-10,-10,5
1856-12-03 21:00:00,11.67,NA,3,45,3.18,"45",986.46,NA,NA,NA,100,NA,-7.22,NA,-8.33,-8.33,2
1856-12-04,NA,NA,NA,NA,NA,NA,NA,0,"11:30pm","empty",NA,76.2,NA,-9.72,NA,NA,NA
1856-12-04 07:00:00,14.44,NA,3,270,1.93,"270",1001.69,NA,NA,NA,76,NA,-9.44,NA,-11.78,-11.11,5
1856-12-04 14:00:00,12.78,NA,3,270,1.32,"270",1007.11,NA,NA,NA,42,NA,-8.33,NA,-10.28,-8.33,5
1856-12-04 21:00:00,15,NA,3,270,2.81,"270",1010.84,NA,NA,NA,77.5,NA,-11.39,NA,-7.5,-6.67,5
1856-12-05,NA,NA,NA,NA,NA,NA,NA,73.66,"8am","12pm",NA,114.3,NA,-7.59,NA,NA,NA
1856-12-05 07:00:00,14.44,NA,3,315,2.57,"315",1017.95,NA,NA,NA,83,NA,-10,NA,-9.44,-8.89,5
1856-12-05 14:00:00,16.67,NA,2,270,2.78,"270",1018.83,NA,NA,NA,84,NA,-6.67,NA,-8.33,-7.78,2
1856-12-05 21:00:00,20,NA,4,292.5,3.83,"292.5",1022.35,NA,NA,NA,100,NA,-6.11,NA,-6.11,-6.11,5
1856-12-06,NA,NA,NA,NA,NA,NA,NA,0,"6:30pm","empty",NA,0,NA,-5.33,NA,NA,NA
1856-12-06 07:00:00,15,NA,2,0,2.57,"0",1020.39,NA,NA,NA,83,NA,-7.78,NA,-9.44,-8.89,2
1856-12-06 14:00:00,15.56,NA,2,292.5,3.01,"292.5",1019.37,NA,NA,NA,72,NA,-3.44,NA,-6.11,-5,2
1856-12-06 21:00:00,14.44,NA,2,292.5,3.25,"292.5",1017.61,NA,NA,NA,85,NA,-4.78,NA,-6.67,-6.11,2
1856-12-07,NA,NA,NA,NA,NA,NA,NA,33.02,"empty","9pm",NA,127,NA,-9.97,NA,NA,NA
1856-12-07 07:00:00,10.56,NA,NA,0,1.83,NA,1020.52,NA,NA,NA,78,NA,-11,NA,-12.78,-12.22,2
1856-12-07 14:00:00,14.44,NA,NA,292.5,2.27,NA,1019.3,NA,NA,NA,81,NA,-8.89,NA,-10.56,-10,2
1856-12-07 21:00:00,16.67,NA,2,292.5,2.27,"292.5",1020.66,NA,NA,NA,81,NA,-10,NA,-10.56,-10,2
1856-12-08,NA,NA,NA,NA,NA,NA,NA,0,"empty","empty",NA,0,NA,-9.44,NA,NA,NA
1856-12-08 07:00:00,13.33,NA,1,315,1.83,"315",1020.52,NA,NA,NA,78,NA,-11.11,NA,-12.78,-12.22,2
1856-12-08 14:00:00,14.44,NA,NA,315,2.37,NA,1021.67,NA,NA,NA,82,NA,-8.33,NA,-10,-9.44,2
1856-12-08 21:00:00,14.44,NA,NA,315,2.27,NA,1025.26,NA,NA,NA,81,NA,-8.89,NA,-10.56,-10,2
1856-12-09,NA,NA,NA,NA,NA,NA,NA,0,"empty","empty",NA,0,NA,-8.61,NA,NA,NA
1856-12-09 07:00:00,16.11,NA,1,292.5,1.93,"292.5",1029.46,NA,NA,NA,79,NA,-10.56,NA,-12.22,-11.67,1
1856-12-09 14:00:00,16.11,NA,NA,247.5,2.27,NA,1034.78,NA,NA,NA,68,NA,-6.94,NA,-8.89,-7.78,1
1856-12-09 21:00:00,15,NA,0,270,2.51,NA,1035.86,NA,NA,NA,83,NA,-8.33,NA,-9.44,-8.89,1
1856-12-10,NA,NA,NA,NA,NA,NA,NA,0,"empty","empty",NA,0,NA,-8.98,NA,NA,NA
1856-12-10 07:00:00,12.22,NA,0,45,1.73,NA,1037.59,NA,NA,NA,77,NA,-11.67,NA,-13.33,-12.78,2
1856-12-10 14:00:00,13.33,NA,NA,45,2.54,NA,1033.86,NA,NA,NA,70,NA,-5.83,NA,-7.78,-6.67,2
1856-12-10 21:00:00,11.11,NA,0,0,2.27,NA,1030.82,NA,NA,NA,81,NA,-9.44,NA,-10.56,-10,2
1856-12-11,NA,NA,NA,NA,NA,NA,NA,0,"12pm","4pm",NA,0,NA,-1.78,NA,NA,NA
1856-12-11 07:00:00,10,NA,0,180,2.03,NA,1022.01,NA,NA,NA,80,NA,-10.83,NA,-11.67,-11.11,11
1856-12-11 14:00:00,12.22,NA,3,202.5,5.25,"315",1010.84,NA,NA,NA,79,NA,1.11,NA,0,1.11,5
1856-12-11 21:00:00,15.56,NA,2,202.5,7.31,"202.5",1001.36,NA,NA,NA,91,NA,4.39,NA,3.33,3.89,5
1856-12-12,NA,NA,NA,NA,NA,NA,NA,0.23,"empty","empty",NA,365.76,NA,3.11,NA,NA,NA
1856-12-12 07:00:00,12.78,NA,3,270,5.76,"270",1003.45,NA,NA,NA,80,NA,3.33,NA,1.11,2.22,11
1856-12-12 14:00:00,15,NA,3,NA,6.03,"292.5",1008.81,NA,NA,NA,81,NA,4.44,NA,1.67,2.78,11
1856-12-12 21:00:00,13.89,NA,3,292.5,4.84,"292.5",1010.77,NA,NA,NA,79,NA,1.56,NA,-1.11,0,11
1856-12-13,NA,NA,NA,NA,NA,NA,NA,0,"empty","empty",NA,0,NA,-3.89,NA,NA,NA
1856-12-13 07:00:00,17.78,NA,3,292.5,5.01,"292.5",1019.24,NA,NA,NA,89,NA,-1.11,NA,-1.67,-1.11,11
1856-12-13 14:00:00,15,NA,3,292.5,4.17,"292.5",1023.37,NA,NA,NA,87,NA,-3.33,NA,-3.89,-3.33,5
1856-12-13 21:00:00,18.33,NA,0,270,3.08,NA,1025.33,NA,NA,NA,85,NA,-7.22,NA,-7.22,-6.67,5
1856-12-14,NA,NA,NA,NA,NA,NA,NA,76.2,"6am, 6pm","3pm, 8pm",NA,0,NA,-4.76,NA,NA,NA
1856-12-14 07:00:00,16.67,NA,3,90,3.05,"90",1014.16,NA,NA,NA,100,NA,-8.72,NA,-8.89,-8.89,5
1856-12-14 14:00:00,16.11,NA,3,90,5.89,"90",988.96,NA,NA,NA,100,NA,-0.56,NA,-0.56,-0.56,5
1856-12-14 21:00:00,15,NA,2,135,4.17,"135",979.82,NA,NA,NA,100,NA,-5,NA,-2.22,-5,27
1856-12-15,NA,NA,NA,NA,NA,NA,NA,175.26,"empty","empty",NA,1244.6,NA,-13.61,NA,NA,NA
1856-12-15 07:00:00,15,NA,4,270,1.49,"270",997.16,NA,NA,NA,74,NA,-14.44,NA,-14.5,-13.89,27
1856-12-15 14:00:00,15.56,NA,0,270,1.83,NA,1010.9,NA,NA,NA,78,NA,-12.22,NA,-12.78,-12.22,20
1856-12-15 21:00:00,14.44,NA,0,270,1.93,NA,1020.96,NA,NA,NA,100,NA,-14.17,NA,-14.44,-14.44,5
1856-12-16,NA,NA,NA,NA,NA,NA,NA,22.86,"10pm","empty",NA,50.8,NA,-15.83,NA,NA,NA
1856-12-16 07:00:00,12.78,NA,NA,NA,1.39,NA,1025.26,NA,NA,NA,94,NA,-17.78,NA,-17.89,-17.78,NA
1856-12-16 14:00:00,14.44,NA,2,292.5,2.13,"292.5",1021.37,NA,NA,NA,75,NA,-14.44,NA,-15,-14.44,5
1856-12-16 21:00:00,11.11,NA,2,0,1.29,"0",1019.64,NA,NA,NA,73,NA,-15.28,NA,-16.11,-15.56,5
1856-12-17,NA,NA,NA,NA,NA,NA,NA,0,"empty","12am",NA,0,NA,-19.76,NA,NA,NA
1856-12-17 07:00:00,11.67,NA,3,0,1.08,"0",1024.18,NA,NA,NA,68,NA,-17.06,NA,-17.61,-17,5
1856-12-17 14:00:00,13.89,NA,2,270,0.98,"270",1027.43,NA,NA,NA,74,NA,-19.44,NA,-19.33,-18.89,5
1856-12-17 21:00:00,12.22,NA,0,315,1.08,NA,1034.2,NA,NA,NA,100,NA,-22.78,NA,-20.56,-21.67,5
1856-12-18,NA,NA,NA,NA,NA,NA,NA,0,"empty","empty",NA,0,NA,-24.44,NA,NA,NA
1856-12-18 07:00:00,11.11,NA,0,337.5,0.44,NA,1041.31,NA,NA,NA,64,NA,-27.22,NA,-27.83,-27.5,1
1856-12-18 14:00:00,11.11,NA,0,270,0.71,NA,1040.98,NA,NA,NA,74,NA,-22.78,NA,-23.44,-23.11,2
1856-12-18 21:00:00,11.67,NA,0,270,0.27,NA,1046.06,NA,NA,NA,30,NA,-23.33,NA,-24.72,-23.89,2
1856-12-19,NA,NA,NA,NA,NA,NA,NA,0,"10;15pm","empty",NA,0,NA,-22.03,NA,NA,NA
1856-12-19 07:00:00,8.33,NA,0,315,0.41,NA,1046.39,NA,NA,NA,66,NA,-26.39,NA,-26.56,-26.11,2
1856-12-19 14:00:00,11.11,NA,1,45,0.91,"90",1044.02,NA,NA,NA,80.5,NA,-20.83,NA,-21.39,-21.11,2
1856-12-19 21:00:00,10.56,NA,2,45,0.91,"45",1033.19,NA,NA,NA,79,NA,-18.89,NA,-19.39,-18.89,2
1856-12-20,NA,NA,NA,NA,NA,NA,NA,76.2,"empty","12pm",NA,0,NA,-0.44,NA,NA,NA
1856-12-20 07:00:00,11.11,NA,5,225,4.17,"225",1014.9,NA,NA,NA,100,NA,-4.72,NA,-5,-5,16
1856-12-20 14:00:00,13.89,NA,3,202.5,6.64,"202.5",1005.69,NA,NA,NA,100,NA,1.44,NA,1.11,1.11,11
1856-12-20 21:00:00,13.89,NA,4,202.5,6.2,"202.5",1004.06,NA,NA,NA,90,NA,1.94,NA,1.11,1.67,16
1856-12-21,NA,NA,NA,NA,NA,NA,NA,139.7,"empty","empty",NA,848.36,NA,-7.15,NA,NA,NA
1856-12-21 07:00:00,12.78,NA,4,270,3.25,"270",1013.88,NA,NA,NA,85,NA,-5.89,NA,-6.67,-6.11,11
1856-12-21 14:00:00,12.78,NA,3,NA,2.71,"292.5",1018.96,NA,NA,NA,71,NA,-6.11,NA,-7.22,-6.11,0
1856-12-21 21:00:00,14.44,NA,0,270,2.13,NA,1023.03,NA,NA,NA,73.5,NA,-9.44,NA,-9.17,-9.44,2
1856-12-22,NA,NA,NA,NA,NA,NA,NA,0,"empty","empty",NA,0,NA,-13.65,NA,NA,NA
1856-12-22 07:00:00,8.33,NA,0,0,1.12,NA,1021.33,NA,NA,NA,68,NA,-16.5,NA,-17.28,-16.67,2
1856-12-22 14:00:00,7.22,NA,0,22.5,1.83,NA,1020.66,NA,NA,NA,78,NA,-11.94,NA,-12.78,-12.22,2
1856-12-22 21:00:00,7.22,NA,2,45,1.73,"45",1017.61,NA,NA,NA,77,NA,-12.5,NA,-13.33,-12.78,2
1856-12-23,NA,NA,NA,NA,NA,NA,NA,0,"empty","empty",NA,0,NA,-10.15,NA,NA,NA
1856-12-23 07:00:00,7.78,NA,1,45,1.93,"45",1032.85,NA,NA,NA,79,NA,-11.56,NA,-12.22,-11.67,2
1856-12-23 14:00:00,7.22,NA,2,45,2.37,"45",1015.92,NA,NA,NA,75,NA,-8.33,NA,-9.17,-8.33,2
1856-12-23 21:00:00,9.44,NA,0,22.5,2.03,NA,1015.98,NA,NA,NA,80,NA,-10.56,NA,-11.67,-11.11,2
1856-12-24,NA,NA,NA,NA,NA,NA,NA,76.2,"8:30am","10pm",NA,0,NA,-13.15,NA,NA,NA
1856-12-24 07:00:00,11.11,NA,3,315,1.52,"315",1009.14,NA,NA,NA,76,NA,-13.89,NA,-14.44,-13.89,2
1856-12-24 14:00:00,17.78,NA,2,315,2.2,"315",1001.69,NA,NA,NA,100,NA,-12.78,NA,-12.78,-12.78,2
1856-12-24 21:00:00,17.78,NA,2,315,2.2,"315",999.73,NA,NA,NA,100,NA,-12.78,NA,-12.78,-12.78,2
1856-12-25,NA,NA,NA,NA,NA,NA,NA,73.66,"empty","empty",NA,391.16,NA,-13.52,NA,NA,NA
1856-12-25 07:00:00,15.56,NA,3,292.5,1.46,"292.5",999.66,NA,NA,NA,75,NA,-14.44,NA,-15,-14.44,5
1856-12-25 14:00:00,13.89,NA,3,270,1.83,"270",1001.29,NA,NA,NA,78,NA,-12.22,NA,-12.78,-12.22,5
1856-12-25 21:00:00,13.89,NA,1,270,2.2,"270",1007.45,NA,NA,NA,76,NA,-13.89,NA,-14.44,-13.89,2
1856-12-26,NA,NA,NA,NA,NA,NA,NA,0,"empty","empty",NA,0,NA,-13.5,NA,NA,NA
1856-12-26 07:00:00,17.78,NA,1,270,1.08,"270",1012.33,NA,NA,NA,68,NA,-16.72,NA,-17.61,-17,2
1856-12-26 14:00:00,17.78,NA,1,270,2.03,"270",1012.87,NA,NA,NA,80,NA,-11.11,NA,-11.67,-11.11,2
1856-12-26 21:00:00,13.89,NA,0,270,1.73,NA,1014.9,NA,NA,NA,77,NA,-12.67,NA,-13.33,-12.78,2
1856-12-27,NA,NA,NA,NA,NA,NA,NA,0,"8:30am, 8pm","11am",NA,0,NA,-10.32,NA,NA,NA
1856-12-27 07:00:00,13.33,NA,2,292.5,1.73,"292.5",1017.27,NA,NA,NA,77,NA,-12.33,NA,-13.33,-12.78,2
1856-12-27 14:00:00,15,NA,3,292.5,2.13,"292.5",1017.75,NA,NA,NA,73.5,NA,-9.06,NA,-10.28,-9.44,2
1856-12-27 21:00:00,17.22,NA,2,292.5,2.27,"292.5",1019.51,NA,NA,NA,81,NA,-9.56,NA,-10.56,-10,2
1856-12-28,NA,NA,NA,NA,NA,NA,NA,76.2,"empty","7am",NA,0,NA,-8.44,NA,NA,NA
1856-12-28 07:00:00,16.11,NA,2,337.5,2.27,"337.5",1017.27,NA,NA,NA,81,NA,-9.78,NA,-10.56,-10,2
1856-12-28 14:00:00,11.67,NA,3,202.5,2.78,"202.5",1013.55,NA,NA,NA,84,NA,-7.78,NA,-8.33,-7.78,2
1856-12-28 21:00:00,17.22,NA,2,202.5,3.32,"202.5",1015.92,NA,NA,NA,100,NA,-7.78,NA,-7.78,-7.78,2
1856-12-29,NA,NA,NA,NA,NA,NA,NA,35.56,"9:30am","11am",NA,76.2,NA,-3.74,NA,NA,NA
1856-12-29 07:00:00,15,NA,1,180,3.66,"180",1012.46,NA,NA,NA,100,NA,-6.67,NA,-6.67,-6.67,1
1856-12-29 14:00:00,15,NA,1,225,5.25,"225",1012.5,NA,NA,NA,89,NA,-0.56,NA,-1.11,-0.56,2
1856-12-29 21:00:00,16.11,NA,1,202.5,3.76,"202.5",1014.9,NA,NA,NA,86,NA,-4,NA,-5,-4.44,1
1856-12-30,NA,NA,NA,NA,NA,NA,NA,0.23,"empty","empty",NA,0,NA,-3.71,NA,NA,NA
1856-12-30 07:00:00,15.56,NA,1,270,3.25,"270",1019.03,NA,NA,NA,85,NA,-6.11,NA,-6.67,-6.11,1
1856-12-30 14:00:00,16.11,NA,2,270,5.49,"270",1020.66,NA,NA,NA,88,NA,-1.67,NA,-2.22,-1.67,2
1856-12-30 21:00:00,13.89,NA,1,270,4.17,"270",1022.69,NA,NA,NA,87,NA,-3.33,NA,-3.89,-3.33,1
1856-12-31,NA,NA,NA,NA,NA,NA,NA,0.23,"10am","11am",NA,0,NA,-4.54,NA,NA,NA
1856-12-31 07:00:00,15,NA,1,315,3.01,"315",1025.87,NA,NA,NA,72,NA,-5,NA,-6.11,-5,1
1856-12-31 14:00:00,11.67,NA,1,315,3.96,"315",1025.74,NA,NA,NA,87,NA,-3.89,NA,-4.44,-3.89,1
1856-12-31 21:00:00,12.22,NA,1,315,3.59,"315",1027.57,NA,NA,NA,86,NA,-4.72,NA,-5.56,-5,1
1857-01-01,NA,NA,NA,NA,NA,NA,NA,0,"empty","empty",NA,0,NA,-4.11,NA,NA,NA
1857-01-01 07:00:00,13.33,NA,1,315,3.39,"315",1027.77,NA,NA,NA,86,NA,-5,NA,-5.56,-5,1
1857-01-01 14:00:00,15,NA,1,337.5,4.17,"337.5",1027.7,NA,NA,NA,87,NA,-2.89,NA,-3.89,-3.33,1
1857-01-01 21:00:00,17.22,NA,1,337.5,3.59,"337.5",1029.46,NA,NA,NA,86,NA,-4.44,NA,-5.56,-5,1
1857-01-02,NA,NA,NA,NA,NA,NA,NA,0,"empty","empty",NA,0,NA,-5.74,NA,NA,NA
1857-01-02 07:00:00,15,NA,1,337.5,2.54,NA,1029.46,NA,NA,NA,70,NA,-6.39,NA,-7.78,-6.67,1
1857-01-02 14:00:00,17.22,NA,1,22.5,3.59,"22.5",1027.43,NA,NA,NA,86,NA,-4.72,NA,-5.56,-5,2
1857-01-02 21:00:00,16.11,NA,1,22.5,3.25,"22.5",1022.82,NA,NA,NA,86,NA,-6.11,NA,-6.67,-6.11,2
1857-01-03,NA,NA,NA,NA,NA,NA,NA,0,"8:30pm","empty",NA,0,NA,-5.09,NA,NA,NA
1857-01-03 07:00:00,14.44,NA,1,45,3.83,"45",1014.02,NA,NA,NA,100,NA,-6.11,NA,-6.11,-6.11,1
1857-01-03 14:00:00,14.44,NA,1,67.5,4.77,"67.5",1006.84,NA,NA,NA,100,NA,-2.89,NA,-3.33,-3.33,2
1857-01-03 21:00:00,15,NA,1,67.5,3.66,"67.5",1008.33,NA,NA,NA,100,NA,-6.28,NA,-6.67,-6.67,2
1857-01-04,NA,NA,NA,NA,NA,NA,NA,114.3,"empty","10am",NA,400.05,NA,-5.83,NA,NA,NA
1857-01-04 07:00:00,13.33,NA,1,22.5,3.83,"22.5",1012.53,NA,NA,NA,100,NA,-5.83,NA,-6.11,-6.11,2
1857-01-04 14:00:00,16.11,NA,2,315,3.96,"315",1014.9,NA,NA,NA,87,NA,-3.89,NA,-4.44,-3.89,2
1857-01-04 21:00:00,13.89,NA,0,315,4.98,NA,1019.27,NA,NA,NA,100,NA,-7.78,NA,-8.33,-8.33,2
1857-01-05,NA,NA,NA,NA,NA,NA,NA,0,"empty","empty",NA,0,NA,-16.94,NA,NA,NA
1857-01-05 07:00:00,12.78,NA,1,270,1.22,"270",1022.01,NA,NA,NA,72,NA,-15.83,NA,-16.67,-16.11,2
1857-01-05 14:00:00,10.56,NA,0,270,1.22,NA,1017.61,NA,NA,NA,72,NA,-16.11,NA,-16.67,-16.11,2
1857-01-05 21:00:00,13.33,NA,0,270,1.12,NA,1021.33,NA,NA,NA,81,NA,-18.89,NA,-19.06,-18.72,2
1857-01-06,NA,NA,NA,NA,NA,NA,NA,0,"empty","empty",NA,0,NA,-22.74,NA,NA,NA
1857-01-06 07:00:00,10,NA,NA,270,0.27,NA,1022.62,NA,NA,NA,30,NA,-24.89,NA,-24.72,-23.89,5
1857-01-06 14:00:00,16.11,NA,1,270,1.08,"0",1022.01,NA,NA,NA,100,NA,-21.94,NA,-20.56,-21.67,5
1857-01-06 21:00:00,13.33,NA,1,NA,0.91,"270",1022.69,NA,NA,NA,87.5,NA,-21.39,NA,-21.39,-21.11,5
1857-01-07,NA,NA,NA,NA,NA,NA,NA,0,"empty","empty",NA,0,NA,-22.5,NA,NA,NA
1857-01-07 07:00:00,13.33,NA,1,270,0.54,"292.5",1020.66,NA,NA,NA,64,NA,-25.56,NA,-25.94,-25.56,11
1857-01-07 14:00:00,11.67,NA,1,270,0.91,"337.5",1017.2,NA,NA,NA,80.5,NA,-20.83,NA,-21.39,-21.11,5
1857-01-07 21:00:00,13.33,NA,7,270,0.91,"337.5",1018.63,NA,NA,NA,80.5,NA,-21.11,NA,-21.39,-21.11,5
1857-01-08,NA,NA,NA,NA,NA,NA,NA,0,"empty","empty",NA,0,NA,-23.06,NA,NA,NA
1857-01-08 07:00:00,13.33,NA,1,270,0.44,"270",1020.66,NA,NA,NA,75,NA,-26.11,NA,-25.44,-26.11,11
1857-01-08 14:00:00,11.11,NA,3,270,0.91,"337.5",1023.71,NA,NA,NA,80.5,NA,-21.11,NA,-21.39,-21.11,11
1857-01-08 21:00:00,11.11,NA,0,270,0.91,NA,1024.72,NA,NA,NA,80.5,NA,-21.94,NA,-21.39,-21.11,11
1857-01-09,NA,NA,NA,NA,NA,NA,NA,0,"8am","4pm",NA,0,NA,-12.59,NA,NA,NA
1857-01-09 07:00:00,13.33,NA,1,247.5,0.98,"247.5",1016.26,NA,NA,NA,71,NA,-18.89,NA,-19.39,-18.89,5
1857-01-09 14:00:00,10.56,NA,1,247.5,2.91,"247.5",1009.62,NA,NA,NA,100,NA,-9.44,NA,-9.44,-9.44,5
1857-01-09 21:00:00,11.67,NA,1,135,2.91,"135",1006.1,NA,NA,NA,100,NA,-9.44,NA,-9.44,-9.44,2
1857-01-10,NA,NA,NA,NA,NA,NA,NA,38.1,"5pm","empty",NA,101.6,NA,-10.37,NA,NA,NA
1857-01-10 07:00:00,12.22,NA,1,225,2.51,"225",1007.45,NA,NA,NA,83,NA,-12.22,NA,-9.44,-8.89,1
1857-01-10 14:00:00,11.11,NA,1,225,3.59,"202.5",1007.79,NA,NA,NA,86,NA,-5,NA,-5.56,-5,2
1857-01-10 21:00:00,11.11,NA,1,67.5,1.93,"67.5",1007.45,NA,NA,NA,79,NA,-11.67,NA,-12.22,-11.67,16
1857-01-11,NA,NA,NA,NA,NA,NA,NA,25.4,"empty","6am",NA,63.5,NA,-15.47,NA,NA,NA
1857-01-11 07:00:00,5,NA,3,0,1.22,"0",1011.85,NA,NA,NA,72,NA,-16.11,NA,-16.67,-16.11,11
1857-01-11 14:00:00,6.11,NA,2,0,1.83,"0",1011.18,NA,NA,NA,78,NA,-12.22,NA,-12.78,-12.22,5
1857-01-11 21:00:00,6.67,NA,1,0,2.51,"270",1014.56,NA,NA,NA,94,NA,-18.06,NA,-18.17,-18.06,5
1857-01-12,NA,NA,NA,NA,NA,NA,NA,0,"8:30pm","9:30pm",NA,0,NA,-14.44,NA,NA,NA
1857-01-12 07:00:00,11.11,NA,2,247.5,0.98,"247.5",1019.64,NA,NA,NA,79.5,NA,-20,NA,-20.33,-20,5
1857-01-12 14:00:00,12.78,NA,0,0,1.46,NA,1019.34,NA,NA,NA,75,NA,-14.44,NA,-15,-14.44,5
1857-01-12 21:00:00,16.11,NA,1,247.5,3.05,"247.5",1017.27,NA,NA,NA,100,NA,-8.89,NA,-8.89,-8.89,2
1857-01-13,NA,NA,NA,NA,NA,NA,NA,0.23,"9am","empty",NA,0,NA,-2.06,NA,NA,NA
1857-01-13 07:00:00,15,NA,1,270,3.08,"270",1014.63,NA,NA,NA,92,NA,-7.5,NA,-8.06,-7.78,5
1857-01-13 14:00:00,16.11,NA,1,247.5,3.59,"247.5",1010.57,NA,NA,NA,86,NA,-5,NA,-5.56,-5,5
1857-01-13 21:00:00,13.89,NA,1,247.5,3.83,"247.5",1010.77,NA,NA,NA,100,NA,-6.11,NA,-6.11,-6.11,5
1857-01-14,NA,NA,NA,NA,NA,NA,NA,35.56,"empty","2am",NA,101.6,NA,-8.98,NA,NA,NA
1857-01-14 07:00:00,14.44,NA,1,225,3.05,"225",1010.84,NA,NA,NA,92,NA,-7.5,NA,-8.06,-7.78,2
1857-01-14 14:00:00,12.22,NA,1,247.5,2.95,"247.5",1011.51,NA,NA,NA,84,NA,-7.22,NA,-7.78,-7.22,2
1857-01-14 21:00:00,10,NA,1,247.5,1.83,"247.5",1014.22,NA,NA,NA,78,NA,-12.22,NA,-12.78,-12.22,2
1857-01-15,NA,NA,NA,NA,NA,NA,NA,0,"empty","empty",NA,0,NA,-17.78,NA,NA,NA
1857-01-15 07:00:00,10.56,NA,2,315,NA,"315",1017.61,NA,NA,NA,79,NA,-16.11,NA,-16.67,-16.11,2
1857-01-15 14:00:00,7.22,NA,2,315,NA,"315",1018.29,NA,NA,NA,68,NA,-16.67,NA,-17.28,-16.67,2
1857-01-15 21:00:00,16.11,NA,0,315,0.98,NA,1027.77,NA,NA,NA,79,NA,-20.56,NA,-20.94,-20.61,2
1857-01-16,NA,NA,NA,NA,NA,NA,NA,0.23,"8:30pm","empty",NA,0,NA,-12.78,NA,NA,NA
1857-01-16 07:00:00,12.22,NA,2,247.5,0.68,"247.5",1027.77,NA,NA,NA,86,NA,-19.44,NA,-19.78,-19.44,5
1857-01-16 14:00:00,11.67,NA,2,247.5,2.68,"247.5",1019.64,NA,NA,NA,83,NA,-8.33,NA,-9.44,-8.89,5
1857-01-16 21:00:00,11.67,NA,2,202.5,6.03,NA,1014.19,NA,NA,NA,100,NA,-10.56,NA,-10.56,-10.56,5
1857-01-17,NA,NA,NA,NA,NA,NA,NA,25.4,"empty","empty",NA,101.6,NA,-16.76,NA,NA,NA
1857-01-17 07:00:00,15,NA,2,247.5,2.95,"247.5",1007.45,NA,NA,NA,78,NA,-10.83,NA,-11.78,-11.11,11
1857-01-17 14:00:00,13.33,NA,3,NA,1.52,"270",1013.68,NA,NA,NA,76,NA,-13.89,NA,-14.44,-13.89,11
1857-01-17 21:00:00,15,NA,0,315,0.58,NA,1028.18,NA,NA,NA,69.5,NA,-25.56,NA,-25.94,-25.61,11
1857-01-18,NA,NA,NA,NA,NA,NA,NA,0,"empty","empty",NA,0,NA,-26.11,NA,NA,NA
1857-01-18 07:00:00,11.11,NA,0,315,0.2,NA,1035.56,NA,NA,NA,83,NA,-28.89,NA,-29.44,-28.89,11
1857-01-18 14:00:00,10,NA,0,292.5,0.51,NA,1037.25,NA,NA,NA,91.5,NA,-23.33,NA,-23.83,-23.72,2
1857-01-18 21:00:00,8.89,NA,1,247.5,0.68,"247.5",1034.41,NA,NA,NA,89.5,NA,-26.11,NA,-26.33,-26.22,2
1857-01-19,NA,NA,NA,NA,NA,NA,NA,NA,"8am","8pm",NA,NA,NA,-15.74,NA,NA,NA
1857-01-19 07:00:00,3.33,NA,3,22.5,0.75,"22.5",1021,NA,NA,NA,74,NA,-22.78,NA,-23.44,-23.11,27
1857-01-19 14:00:00,3.89,NA,2,22.5,2.4,"22.5",1005.08,NA,NA,NA,100,NA,-11.67,NA,-11.67,-11.67,11
1857-01-19 21:00:00,7.22,NA,2,22.5,1.73,"22.5",1004.47,NA,NA,NA,77,NA,-12.78,NA,-13.33,-12.78,2
1857-01-20,NA,NA,NA,NA,NA,NA,NA,144.78,"1am","6am",NA,812.8,NA,-15.5,NA,NA,NA
1857-01-20 07:00:00,9.44,NA,0,0,2.84,NA,1012.67,NA,NA,NA,90,NA,-19.72,NA,-19.89,-19.72,5
1857-01-20 14:00:00,7.78,NA,2,247.5,2.74,"247.5",1013.21,NA,NA,NA,77,NA,-12.78,NA,-13.33,-12.78,5
1857-01-20 21:00:00,10.56,NA,2,247.5,NA,"247.5",1012.87,NA,NA,NA,NA,NA,-14,NA,-13.89,NA,5
1857-01-21,NA,NA,NA,NA,NA,NA,NA,38.1,"2pm","4pm",NA,101.6,NA,-7.97,NA,NA,NA
1857-01-21 07:00:00,11.11,NA,1,0,2.2,"0",1007.38,NA,NA,NA,100,NA,-12.78,NA,-12.78,-12.78,2
1857-01-21 14:00:00,12.22,NA,2,180,4.77,"180",1005.69,NA,NA,NA,100,NA,-3.33,NA,-3.33,-3.33,2
1857-01-21 21:00:00,12.22,NA,0,225,3.08,NA,1010.09,NA,NA,NA,92,NA,-7.78,NA,-8.06,-7.78,2
1857-01-22,NA,NA,NA,NA,NA,NA,NA,35.56,"empty","empty",NA,35.56,NA,-21.81,NA,NA,NA
1857-01-22 07:00:00,9.44,NA,1,270,0.88,"270",1010.84,NA,NA,NA,53.5,NA,-16.94,NA,-17.89,-17,1
1857-01-22 14:00:00,13.89,NA,1,247.5,1.15,"247.5",1007.79,NA,NA,NA,NA,NA,-20.17,NA,-20.11,-20,5
1857-01-22 21:00:00,15,NA,0,270,0.41,NA,1011.85,NA,NA,NA,62,NA,-28.33,NA,-28.67,-28.33,11
1857-01-23,NA,NA,NA,NA,NA,NA,NA,0,"empty","empty",NA,0,NA,-30,NA,NA,NA
1857-01-23 07:00:00,13.33,NA,2,270,0.2,"270",1015.92,NA,NA,NA,50,NA,-32.78,NA,-33.11,-32.78,16
1857-01-23 14:00:00,11.11,NA,1,270,0.44,"270",1017.95,NA,NA,NA,64,NA,-27.78,NA,-28.11,-27.78,16
1857-01-23 21:00:00,13.89,NA,0,270,0.34,NA,1026.14,NA,NA,NA,58.5,NA,-29.44,NA,-29.67,-29.33,11
1857-01-24,NA,NA,NA,NA,NA,NA,NA,0,"empty","empty",NA,0,NA,-21.31,NA,NA,NA
1857-01-24 07:00:00,7.78,NA,2,247.5,0.27,"247.5",1027.43,NA,NA,NA,56,NA,-30.56,NA,-30.94,-30.61,1
1857-01-24 14:00:00,11.11,NA,3,157.5,1.22,"157.5",1020.93,NA,NA,NA,82,NA,-17.78,NA,-18.11,-17.78,11
1857-01-24 21:00:00,12.78,NA,3,157.5,1.25,"157.5",1021,NA,NA,NA,68.5,NA,-15.28,NA,-15.89,-15.22,5
1857-01-25,NA,NA,NA,NA,NA,NA,NA,0,"empty","empty",NA,0,NA,-18.33,NA,NA,NA
1857-01-25 07:00:00,10,NA,NA,270,0.68,NA,1023.3,NA,NA,NA,66,NA,-23.33,NA,-23.67,-23.33,2
1857-01-25 14:00:00,14.44,NA,0,270,1.46,NA,1026.08,NA,NA,NA,75,NA,-14.44,NA,-15,-14.44,5
1857-01-25 21:00:00,11.11,NA,0,270,0.98,NA,1032.85,NA,NA,NA,64,NA,-17.22,NA,-17.89,-17.22,2
1857-01-26,NA,NA,NA,NA,NA,NA,NA,0,"10pm","empty",NA,0,NA,-15.74,NA,NA,NA
1857-01-26 07:00:00,10,NA,0,247.5,0.85,NA,1039.55,NA,NA,NA,91.5,NA,-23.06,NA,-23.83,-23.72,2
1857-01-26 14:00:00,13.89,NA,2,180,1.63,"180",1038.2,NA,NA,NA,77,NA,-13.06,NA,-13.89,-13.33,2
1857-01-26 21:00:00,17.22,NA,2,180,2.54,"180",1027.77,NA,NA,NA,100,NA,-11.11,NA,-11.11,-11.11,2
1857-01-27,NA,NA,NA,NA,NA,NA,NA,0,"empty","3pm",NA,0,NA,-3.33,NA,NA,NA
1857-01-27 07:00:00,15,NA,2,247.5,4,"247.5",1017.27,NA,NA,NA,100,NA,-5.56,NA,-5.56,-5.56,2
1857-01-27 14:00:00,16.11,NA,2,180,5.89,"180",1019.64,NA,NA,NA,100,NA,-0.56,NA,-0.56,-0.56,2
1857-01-27 21:00:00,16.11,NA,1,180,9.55,"180",1027.84,NA,NA,NA,53,NA,-3.89,NA,-4.44,-2.22,2
1857-01-28,NA,NA,NA,NA,NA,NA,NA,119.38,"empty","empty",NA,584.2,NA,-9.54,NA,NA,NA
1857-01-28 07:00:00,12.22,NA,NA,270,2.68,NA,1035.56,NA,NA,NA,83,NA,-8.89,NA,-9.44,-8.89,0
1857-01-28 14:00:00,13.89,NA,1,270,2.95,"270",1033.86,NA,NA,NA,84,NA,-7.22,NA,-7.78,-7.22,1
1857-01-28 21:00:00,14.44,NA,1,270,1.05,"270",1031.22,NA,NA,NA,77,NA,-12.5,NA,-13.33,-12.78,1
1857-01-29,NA,NA,NA,NA,NA,NA,NA,0,"empty","empty",NA,0,NA,-8.08,NA,NA,NA
1857-01-29 07:00:00,13.89,NA,1,315,1.83,"315",1026.08,NA,NA,NA,78,NA,-12,NA,-12.78,-12.22,1
1857-01-29 14:00:00,12.22,NA,1,337.5,3.01,"337.5",1023.71,NA,NA,NA,53,NA,-3.89,NA,-4.44,-2.22,1
1857-01-29 21:00:00,10.56,NA,0,337.5,2.37,NA,1023.71,NA,NA,NA,75,NA,-8.33,NA,-9.17,-8.33,0
1857-01-30,NA,NA,NA,NA,NA,NA,NA,0,"empty","empty",NA,0,NA,-18.14,NA,NA,NA
1857-01-30 07:00:00,10.56,NA,0,0,1.46,NA,1031.22,NA,NA,NA,75,NA,-14.72,NA,-15,-14.44,1
1857-01-30 14:00:00,6.11,NA,1,0,1.79,"0",1032.88,NA,NA,NA,82,NA,-17.5,NA,-18.11,-17.78,1
1857-01-30 21:00:00,6.67,NA,0,0,1.15,NA,1033.46,NA,NA,NA,91,NA,-20,NA,-19.89,-19.72,1
1857-01-31,NA,NA,NA,NA,NA,NA,NA,0,"8am","empty",NA,0,NA,-14.54,NA,NA,NA
1857-01-31 07:00:00,8.33,NA,2,22.5,0.24,"22.5",1027.77,NA,NA,NA,100,NA,-18.89,NA,-19.39,-16.67,2
1857-01-31 14:00:00,11.67,NA,2,22.5,2.3,"22.5",1017.68,NA,NA,NA,100,NA,-12.22,NA,-12.22,-10.56,2
1857-01-31 21:00:00,13.33,NA,2,22.5,2.2,"22.5",1009.14,NA,NA,NA,100,NA,-12.5,NA,-12.78,-12.78,5
1857-02-01,NA,NA,NA,NA,NA,NA,NA,48.26,"empty","4am",NA,342.9,NA,-9.33,NA,NA,NA
1857-02-01 07:00:00,11.11,NA,4,247.5,2.4,"247.5",1007.92,NA,NA,NA,100,NA,-10.78,NA,-11.67,-11.67,16
1857-02-01 14:00:00,16.67,NA,2,247.5,2.27,"247.5",1010.13,NA,NA,NA,64,NA,-7.22,NA,-7.78,-7.22,11
1857-02-01 21:00:00,13.89,NA,1,247.5,2.27,"247.5",1012.94,NA,NA,NA,81,NA,-10,NA,-10.56,-10,1
1857-02-02,NA,NA,NA,NA,NA,NA,NA,0,"empty","empty",NA,0,NA,-13.33,NA,NA,NA
1857-02-02 07:00:00,15.56,NA,2,247.5,1.39,"247.5",1014.56,NA,NA,NA,NA,NA,-13.06,NA,-14.17,-13.33,2
1857-02-02 14:00:00,17.22,NA,2,247.5,2.13,"247.5",1014.22,NA,NA,NA,81,NA,-10.28,NA,-11.11,-10.56,2
1857-02-02 21:00:00,18.89,NA,0,337.5,0.68,NA,1022.01,NA,NA,NA,43,NA,-16.67,NA,-17.78,NA,1
1857-02-03,NA,NA,NA,NA,NA,NA,NA,0,"8am","9am",NA,0,NA,-17.04,NA,NA,NA
1857-02-03 07:00:00,11.67,NA,3,292.5,1.12,"292.5",1028.78,NA,NA,NA,81,NA,-18.33,NA,-19.06,-18.72,5
1857-02-03 14:00:00,10,NA,2,270,1.25,"270",1030.82,NA,NA,NA,82,NA,-17.78,NA,-18.11,-17.78,2
1857-02-03 21:00:00,8.89,NA,1,225,1.35,"225",1027.63,NA,NA,NA,71,NA,-15,NA,-15.61,-14.5,2
1857-02-04,NA,NA,NA,NA,NA,NA,NA,0.23,"9am, 12:15pm","11am, 4pm",NA,0,NA,-7.97,NA,NA,NA
1857-02-04 07:00:00,12.22,NA,2,180,3.32,"180",1021,NA,NA,NA,100,NA,-7.78,NA,-7.78,-7.78,2
1857-02-04 14:00:00,13.33,NA,1,45,3.08,"45",1022.69,NA,NA,NA,85,NA,-6.67,NA,-7.22,-6.67,1
1857-02-04 21:00:00,16.11,NA,NA,0,2.91,NA,1030.75,NA,NA,NA,100,NA,-9.44,NA,-9.44,-9.44,0
1857-02-05,NA,NA,NA,NA,NA,NA,NA,5.59,NA,"empty",NA,33.02,NA,-7.41,NA,NA,NA
1857-02-05 07:00:00,10,NA,3,22.5,1.83,"22.5",1033.39,NA,NA,NA,78,NA,-12.22,NA,-12.78,-12.22,5
1857-02-05 14:00:00,10.56,NA,2,22.5,2.13,"22.5",1027.77,NA,NA,NA,81,NA,-10.56,NA,-11.11,-10.56,5
1857-02-05 21:00:00,16.11,NA,1,180,2.98,"180",1022.69,NA,NA,NA,100,NA,0.56,NA,0.56,0.56,2
1857-02-06,NA,NA,NA,NA,NA,NA,NA,0.023,"8pm","7:15am, 9pm",NA,0.23,NA,4.53,NA,NA,NA
1857-02-06 07:00:00,14.44,NA,3,180,6.03,"180",1021,NA,NA,NA,81,NA,3.06,NA,1.67,2.78,5
1857-02-06 14:00:00,15,NA,3,225,7.72,"225",1024.04,NA,NA,NA,76,NA,7.22,NA,5.56,7.22,5
1857-02-06 21:00:00,15.56,NA,3,180,7.75,"180",1022.82,NA,NA,NA,100,NA,3.33,NA,3.33,3.33,5
1857-02-07,NA,NA,NA,NA,NA,NA,NA,0.23,"empty","empty",NA,0.23,NA,5.92,NA,NA,NA
1857-02-07 07:00:00,16.67,NA,1,180,7.62,"180",1022.08,NA,NA,NA,91,NA,4.72,NA,3.89,4.44,1
1857-02-07 14:00:00,16.67,NA,1,180,8.87,"180",1018.83,NA,NA,NA,84,NA,7.78,NA,6.67,7.78,1
1857-02-07 21:00:00,15.56,NA,1,180,7.96,"180",1015.92,NA,NA,NA,91,NA,5.28,NA,4.44,4.44,1
1857-02-08,NA,NA,NA,NA,NA,NA,NA,0,"10:25am","5pm",NA,0,NA,5.63,NA,NA,NA
1857-02-08 07:00:00,15.56,NA,3,180,8.87,"270",1009.21,NA,NA,NA,84,NA,8,NA,6.67,7.78,5
1857-02-08 14:00:00,17.78,NA,2,247.5,2.78,"247.5",1008.87,NA,NA,NA,100,NA,7.22,NA,5,7.22,5
1857-02-08 21:00:00,16.11,NA,4,247.5,6.37,"247.5",1018.29,NA,NA,NA,100,NA,1.67,NA,0.56,0.56,16
1857-02-09,NA,NA,NA,NA,NA,NA,NA,0,"empty","empty",NA,0,NA,-10.82,NA,NA,NA
1857-02-09 07:00:00,13.89,NA,NA,270,1.93,NA,1031.56,NA,NA,NA,76,NA,-10.78,NA,-11.78,-11.11,1
1857-02-09 14:00:00,13.89,NA,0,270,2,NA,1036.2,NA,NA,NA,72,NA,-10,NA,-10.83,-10,2
1857-02-09 21:00:00,14.44,NA,0,270,1.93,NA,1034.95,NA,NA,NA,79,NA,-11.67,NA,-12.22,-11.67,2
1857-02-10,NA,NA,NA,NA,NA,NA,NA,8.13,"12:30pm","1:30pm",NA,0,NA,-13.98,NA,NA,NA
1857-02-10 07:00:00,12.22,NA,NA,202.5,2.13,NA,1021.67,NA,NA,NA,73,NA,-9.17,NA,-10.28,-9.44,2
1857-02-10 14:00:00,12.78,NA,4,247.5,1.93,"247.5",1008.87,NA,NA,NA,79,NA,-11.67,NA,-12.22,-11.67,16
1857-02-10 21:00:00,12.22,NA,0,315,0.91,NA,1001.22,NA,NA,NA,80,NA,-21.11,NA,-21.39,-21.11,11
1857-02-11,NA,NA,NA,NA,NA,NA,NA,0.23,"4pm","5pm",NA,0.23,NA,-21.85,NA,NA,NA
1857-02-11 07:00:00,11.11,NA,0,315,0.27,NA,1004.06,NA,NA,NA,30,NA,-23.61,NA,-24.72,-23.89,1
1857-02-11 14:00:00,17.22,NA,3,270,1.15,"270",1005.76,NA,NA,NA,90,NA,-19.72,NA,-19.89,-19.72,11
1857-02-11 21:00:00,11.11,NA,0,270,0.81,NA,1009.58,NA,NA,NA,76,NA,-22.22,NA,-22.56,-22.22,2
1857-02-12,NA,NA,NA,NA,NA,NA,NA,0,"empty","empty",NA,0.23,NA,-16.48,NA,NA,NA
1857-02-12 07:00:00,9.44,NA,0,0,0.54,NA,1013.82,NA,NA,NA,64,NA,-26.39,NA,-25.94,-25.56,1
1857-02-12 14:00:00,11.11,NA,1,NA,1.63,"315",1007.45,NA,NA,NA,77,NA,-13.33,NA,-13.89,-13.33,2
1857-02-12 21:00:00,12.22,NA,1,180,2.27,"180",1000.61,NA,NA,NA,81,NA,-10,NA,-10.56,-10,2
1857-02-13,NA,NA,NA,NA,NA,NA,NA,0,"empty","empty",NA,0,NA,-0.56,NA,NA,NA
1857-02-13 07:00:00,12.78,NA,1,180,3.76,"180",1021,NA,NA,NA,86,NA,-4.44,NA,-4.44,-1.67,1
1857-02-13 14:00:00,13.33,NA,1,180,5.25,"180",1012.46,NA,NA,NA,79,NA,1.11,NA,0,1.11,5
1857-02-13 21:00:00,13.89,NA,3,202.5,5.49,"270",1022.28,NA,NA,NA,80,NA,1.67,NA,0.56,1.67,5
1857-02-14,NA,NA,NA,NA,NA,NA,NA,0,"8:45am","12pm",NA,0.23,NA,-8.71,NA,NA,NA
1857-02-14 07:00:00,15,NA,1,22.5,2.13,"67.5",1034.54,NA,NA,NA,73,NA,-9.44,NA,-10.28,-9.44,1
1857-02-14 14:00:00,10.56,NA,1,67.5,2.37,"67.5",1030.75,NA,NA,NA,75,NA,-8.33,NA,-9.17,-8.33,1
1857-02-14 21:00:00,12.22,NA,1,67.5,2.37,"67.5",1017.54,NA,NA,NA,75,NA,-8.33,NA,-9.17,-8.33,1
1857-02-15,NA,NA,NA,NA,NA,NA,NA,0,"empty","empty",NA,0.23,NA,4.07,NA,NA,NA
1857-02-15 07:00:00,13.33,NA,2,NA,7.18,"247.5",1014.29,NA,NA,NA,100,NA,2.22,NA,2.22,2.22,2
1857-02-15 14:00:00,13.33,NA,2,247.5,9.41,"247.5",1016.86,NA,NA,NA,100,NA,6.11,NA,6.11,6.11,2
1857-02-15 21:00:00,16.11,NA,2,NA,8.06,"247.5",1019.03,NA,NA,NA,100,NA,3.89,NA,3.89,3.89,0
1857-02-16,NA,NA,NA,NA,NA,NA,NA,0,"2am","10:20am",NA,0,NA,1.29,NA,NA,NA
1857-02-16 07:00:00,13.89,NA,2,45,6.91,"45",1013.34,NA,NA,NA,100,NA,1.67,NA,1.67,1.67,2
1857-02-16 14:00:00,14.44,NA,2,45,6.91,"45",1015.75,NA,NA,NA,100,NA,1.67,NA,1.67,1.67,2
1857-02-16 21:00:00,12.78,NA,2,45,6.37,"45",1015.24,NA,NA,NA,100,NA,0.56,NA,0.56,0.56,2
1857-02-17,NA,NA,NA,NA,NA,NA,NA,17.27,"3pm","11:30pm",NA,0,NA,5.37,NA,NA,NA
1857-02-17 07:00:00,12.78,NA,NA,135,5.49,NA,1017.75,NA,NA,NA,80,NA,1.67,NA,0.56,1.67,1
1857-02-17 14:00:00,13.33,NA,1,NA,7.38,"270",1013.88,NA,NA,NA,76,NA,6.67,NA,5,6.67,1
1857-02-17 21:00:00,15,NA,0,NA,8.87,"247.5",1008.81,NA,NA,NA,84,NA,7.78,NA,6.67,7.78,0
1857-02-18,NA,NA,NA,NA,NA,NA,NA,0,"12pm","empty",NA,0,NA,2.13,NA,NA,NA
1857-02-18 07:00:00,13.89,NA,2,270,8.87,"270",1013.55,NA,NA,NA,84,NA,7.78,NA,6.67,7.78,2
1857-02-18 14:00:00,13.89,NA,2,0,5.25,"0",1020.45,NA,NA,NA,79,NA,1.11,NA,0,1.11,5
1857-02-18 21:00:00,12.22,NA,2,0,4.37,"0",1022.22,NA,NA,NA,88,NA,-2.5,NA,-3.33,-2.78,5
1857-02-19,NA,NA,NA,NA,NA,NA,NA,11.68,"empty","10:15am",NA,121.92,NA,-7.97,NA,NA,NA
1857-02-19 07:00:00,10,NA,4,0,3.35,"0",1017.61,NA,NA,NA,100,NA,-8.33,NA,-8.33,-8.33,16
1857-02-19 14:00:00,11.11,NA,1,0,3.08,"0",1022.62,NA,NA,NA,85,NA,-6.67,NA,-7.22,-6.67,2
1857-02-19 21:00:00,13.89,NA,1,0,2.51,"0",1027.74,NA,NA,NA,83,NA,-8.89,NA,-9.44,-8.89,2
1857-02-20,NA,NA,NA,NA,NA,NA,NA,0,"6pm","empty",NA,0,NA,-10.06,NA,NA,NA
1857-02-20 07:00:00,7.78,NA,NA,0,1.46,NA,1029.06,NA,NA,NA,75,NA,-14.06,NA,-15,-14.44,1
1857-02-20 14:00:00,7.78,NA,2,22.5,3.05,"22.5",1025.4,NA,NA,NA,92,NA,-8.33,NA,-8.06,-7.78,2
1857-02-20 21:00:00,12.78,NA,2,22.5,3.32,"22.5",1018.96,NA,NA,NA,100,NA,-7.78,NA,-7.78,-7.78,2
1857-02-21,NA,NA,NA,NA,NA,NA,NA,45.72,"10am","10am",NA,297.18,NA,-3.43,NA,NA,NA
1857-02-21 07:00:00,14.44,NA,1,112.5,3.83,"112.5",1007.45,NA,NA,NA,100,NA,-6.11,NA,-6.11,-6.11,1
1857-02-21 14:00:00,13.33,NA,2,315,5.25,"315",1013.55,NA,NA,NA,89,NA,-0.56,NA,-1.11,-0.56,5
1857-02-21 21:00:00,14.44,NA,2,315,3.96,"315",1019.3,NA,NA,NA,87,NA,-3.61,NA,-4.44,-3.89,5
1857-02-22,NA,NA,NA,NA,NA,NA,NA,3.05,"empty","11:15am",NA,48.26,NA,0.74,NA,NA,NA
1857-02-22 07:00:00,16.67,NA,2,270,4.81,"270",1019.98,NA,NA,NA,88,NA,-1.67,NA,-2.22,-1.67,2
1857-02-22 14:00:00,16.11,NA,1,225,6.3,"270",1017.54,NA,NA,NA,81,NA,3.33,NA,2.22,3.33,2
1857-02-22 21:00:00,13.89,NA,1,225,4.44,"270",1014.22,NA,NA,NA,70,NA,0.56,NA,-1.11,0.56,2
1857-02-23,NA,NA,NA,NA,NA,NA,NA,0,"empty","empty",NA,0,NA,2.41,NA,NA,NA
1857-02-23 07:00:00,12.78,NA,1,225,4.84,"270",1009.89,NA,NA,NA,79,NA,0,NA,-1.11,0,1
1857-02-23 14:00:00,13.89,NA,1,270,7.62,"270",1007.52,NA,NA,NA,91,NA,4.44,NA,3.89,4.44,1
1857-02-23 21:00:00,13.89,NA,1,270,6.03,"270",1014.22,NA,NA,NA,81,NA,2.78,NA,1.67,2.78,1
1857-02-24,NA,NA,NA,NA,NA,NA,NA,1.52,"12:30pm, 8:30pm, 11pm","2:45pm, 9:30pm, 11:30pm",NA,0,NA,5.28,NA,NA,NA
1857-02-24 07:00:00,13.33,NA,1,270,6.91,"270",1014.56,NA,NA,NA,100,NA,1.67,NA,0.56,1.67,1
1857-02-24 14:00:00,14.44,NA,1,225,10.53,"225",1008.13,NA,NA,NA,100,NA,7.78,NA,7.78,7.78,1
1857-02-24 21:00:00,15.56,NA,1,225,9.41,"225",1000,NA,NA,NA,100,NA,6.39,NA,6.11,6.11,2
1857-02-25,NA,NA,NA,NA,NA,NA,NA,0,"empty","empty",NA,0,NA,4.72,NA,NA,NA
1857-02-25 07:00:00,15,NA,NA,247.5,7.38,NA,1000,NA,NA,NA,76,NA,6.67,NA,5,6.67,16
1857-02-25 14:00:00,15,NA,2,270,7.72,"270",1002.37,NA,NA,NA,76,NA,7.22,NA,5.56,7.22,11
1857-02-25 21:00:00,15,NA,0,292.5,4.84,NA,1011.11,NA,NA,NA,79,NA,0.28,NA,-1.11,0,2
1857-02-26,NA,NA,NA,NA,NA,NA,NA,0,"empty","empty",NA,0,NA,-11.39,NA,NA,NA
1857-02-26 07:00:00,11.67,NA,1,337.5,1.93,"337.5",1021.47,NA,NA,NA,76,NA,-10.83,NA,-11.78,-11.11,5
1857-02-26 14:00:00,12.78,NA,2,292.5,2.13,"315",1023.81,NA,NA,NA,74,NA,-9.44,NA,-10.28,-9.44,2
1857-02-26 21:00:00,15,NA,0,337.5,1.46,NA,1030.61,NA,NA,NA,76,NA,-13.89,NA,-14.44,-13.89,2
1857-02-27,NA,NA,NA,NA,NA,NA,NA,0,"empty","empty",NA,0,NA,-8.24,NA,NA,NA
1857-02-27 07:00:00,12.22,NA,1,0,1.12,"0",1021.33,NA,NA,NA,81,NA,-18.33,NA,-19.06,-18.72,2
1857-02-27 14:00:00,13.89,NA,0,315,1.83,NA,1024.04,NA,NA,NA,78,NA,-12.22,NA,-12.78,-12.22,2
1857-02-27 21:00:00,14.44,NA,1,225,2.13,"225",1014.9,NA,NA,NA,81,NA,-10.83,NA,-11.11,-10.56,2
1857-02-28,NA,NA,NA,NA,NA,NA,NA,5.08,"1am, 3:30pm","8am, 5pm",NA,99.06,NA,-9.54,NA,NA,NA
1857-02-28 07:00:00,11.67,NA,1,0,1.93,"0",1000,NA,NA,NA,100,NA,-14.44,NA,-14.44,-14.44,0
1857-02-28 14:00:00,14.44,NA,2,270,3.42,"270",1002.3,NA,NA,NA,86,NA,-5.56,NA,-6.11,-5.56,2
1857-02-28 21:00:00,15,NA,1,315,2.51,"315",1004.06,NA,NA,NA,83,NA,-8.61,NA,-9.44,-8.89,2
1857-03-01,NA,NA,NA,NA,NA,NA,NA,1.02,"empty","empty",NA,43.18,NA,-12.13,NA,NA,NA
1857-03-01 07:00:00,12.22,NA,1,337.5,1.22,"337.5",1005.76,NA,NA,NA,72,NA,-16.11,NA,-16.67,-16.11,1
1857-03-01 14:00:00,13.33,NA,1,337.5,2.37,"337.5",1007.45,NA,NA,NA,75,NA,-8.06,NA,-9.17,-8.33,1
1857-03-01 21:00:00,12.22,NA,0,337.5,1.83,NA,1010.84,NA,NA,NA,78,NA,-12.22,NA,-12.78,-12.22,1
1857-03-02,NA,NA,NA,NA,NA,NA,NA,0,"empty","empty",NA,0,NA,-13.98,NA,NA,NA
1857-03-02 07:00:00,6.67,NA,4,0,1.12,"0",1016.86,NA,NA,NA,68.5,NA,-16.39,NA,-17.28,-16.67,16
1857-03-02 14:00:00,10,NA,0,337.5,1.93,NA,1017.54,NA,NA,NA,79,NA,-11.67,NA,-12.22,-11.67,2
1857-03-02 21:00:00,11.11,NA,0,337.5,1.52,NA,1017.95,NA,NA,NA,76,NA,-13.89,NA,-14.44,-13.89,2
1857-03-03,NA,NA,NA,NA,NA,NA,NA,0,"empty","empty",NA,0,NA,-12.59,NA,NA,NA
1857-03-03 07:00:00,11.11,NA,0,225,1.02,NA,1016.26,NA,NA,NA,80,NA,-19.17,NA,-19.78,-19.44,2
1857-03-03 14:00:00,15,NA,1,270,2.13,"270",1012.53,NA,NA,NA,81,NA,-10.56,NA,-11.11,-10.56,5
1857-03-03 21:00:00,12.78,NA,1,247.5,2.37,"247.5",1012.19,NA,NA,NA,75,NA,-8.06,NA,-9.17,-8.33,2
1857-03-04,NA,NA,NA,NA,NA,NA,NA,0,"6am","11am",NA,0,NA,-4.08,NA,NA,NA
1857-03-04 07:00:00,15,NA,2,247.5,3.49,"247.5",1013.68,NA,NA,NA,100,NA,-7.22,NA,-7.22,-7.22,2
1857-03-04 14:00:00,16.67,NA,2,247.5,5.89,"247.5",1015.92,NA,NA,NA,100,NA,-0.56,NA,-0.56,-0.56,2
1857-03-04 21:00:00,17.22,NA,1,247.5,3.76,"247.5",1020.32,NA,NA,NA,86,NA,-4.44,NA,-5,-4.44,2
1857-03-05,NA,NA,NA,NA,NA,NA,NA,0.51,"2am, 11pm","empty",NA,25.4,NA,-2.72,NA,NA,NA
1857-03-05 07:00:00,13.89,NA,3,247.5,1.93,"247.5",1020.66,NA,NA,NA,79,NA,-11.5,NA,-12.22,-11.67,11
1857-03-05 14:00:00,16.11,NA,2,180,5.76,"180",1013.55,NA,NA,NA,80,NA,2.22,NA,1.11,2.22,5
1857-03-05 21:00:00,16.11,NA,2,180,6.64,"180",1010.84,NA,NA,NA,100,NA,1.11,NA,1.11,1.11,11
1857-03-06,NA,NA,NA,NA,NA,NA,NA,0,"empty","9am, 1pm",NA,0,NA,-5.37,NA,NA,NA
1857-03-06 07:00:00,13.33,NA,1,180,5.66,"180",1000.07,NA,NA,NA,100,NA,-1.11,NA,-1.11,-1.11,2
1857-03-06 14:00:00,15.56,NA,4,247.5,4.77,"247.5",996.28,NA,NA,NA,100,NA,-3.33,NA,-3.33,-3.33,11
1857-03-06 21:00:00,18.33,NA,4,292.5,1.93,"292.5",1001.36,NA,NA,NA,79,NA,-11.67,NA,-12.22,-11.67,11
1857-03-07,NA,NA,NA,NA,NA,NA,NA,9.14,"empty","empty",NA,106.68,NA,-14.08,NA,NA,NA
1857-03-07 07:00:00,16.67,NA,2,247.5,1.22,"247.5",1007.52,NA,NA,NA,72,NA,-16.11,NA,-16.67,-16.11,5
1857-03-07 14:00:00,17.22,NA,4,270,1.93,"270",1015.58,NA,NA,NA,79,NA,-11.67,NA,-12.22,-11.67,11
1857-03-07 21:00:00,13.89,NA,0,270,1.46,NA,1020.86,NA,NA,NA,75,NA,-14.44,NA,-15,-14.44,5
1857-03-08,NA,NA,NA,NA,NA,NA,NA,0,"empty","empty",NA,0,NA,-14.26,NA,NA,NA
1857-03-08 07:00:00,15,NA,0,270,1.22,NA,1028.38,NA,NA,NA,81.5,NA,-17.78,NA,-18.11,-17.78,1
1857-03-08 14:00:00,15.56,NA,1,270,1.93,"270",1029.8,NA,NA,NA,76,NA,-11.11,NA,-11.78,-11.11,2
1857-03-08 21:00:00,16.67,NA,0,225,1.52,NA,1027.63,NA,NA,NA,76,NA,-13.89,NA,-14.44,-13.89,1
1857-03-09,NA,NA,NA,NA,NA,NA,NA,3.05,"3pm","6pm",NA,43.18,NA,-8.78,NA,NA,NA
1857-03-09 07:00:00,16.11,NA,1,225,1.46,"225",1016.39,NA,NA,NA,75,NA,-14.44,NA,-15,-14.44,1
1857-03-09 14:00:00,15.56,NA,3,180,4.37,"225",1007.38,NA,NA,NA,88,NA,-2.78,NA,-3.33,-2.78,11
1857-03-09 21:00:00,13.33,NA,1,180,2.91,"180",1001.96,NA,NA,NA,100,NA,-9.11,NA,-9.44,-9.44,2
1857-03-10,NA,NA,NA,NA,NA,NA,NA,0,"empty","empty",NA,0,NA,-12.87,NA,NA,NA
1857-03-10 07:00:00,16.11,NA,3,270,1.73,"270",1008.26,NA,NA,NA,77,NA,-12.5,NA,-13.33,-12.78,5
1857-03-10 14:00:00,13.89,NA,3,270,1.83,"270",1013.55,NA,NA,NA,78,NA,-12.22,NA,-12.78,-12.22,11
1857-03-10 21:00:00,11.11,NA,0,270,1.52,NA,1018.29,NA,NA,NA,76,NA,-13.89,NA,-14.44,-13.89,2
1857-03-11,NA,NA,NA,NA,NA,NA,NA,0,"empty","empty",NA,0,NA,-11.72,NA,NA,NA
1857-03-11 07:00:00,22.78,NA,2,270,1.22,"270",1021,NA,NA,NA,81.5,NA,-18.11,NA,-18.11,-17.78,2
1857-03-11 14:00:00,12.78,NA,1,0,3.42,"0",1017.27,NA,NA,NA,86,NA,-5.56,NA,-6.11,-5.56,1
1857-03-11 21:00:00,11.11,NA,1,0,1.93,"0",1015.58,NA,NA,NA,79,NA,-11.67,NA,-12.22,-11.67,1
1857-03-12,NA,NA,NA,NA,NA,NA,NA,0,"9:15am, 12:30pm","10am, 1:30pm",NA,0.23,NA,-9.08,NA,NA,NA
1857-03-12 07:00:00,15,NA,NA,270,2.27,NA,1016.05,NA,NA,NA,81,NA,-10,NA,-10.56,-10,5
1857-03-12 14:00:00,15,NA,3,225,2.51,"202.5",1019.3,NA,NA,NA,83,NA,-8.89,NA,-9.44,-8.89,5
1857-03-12 21:00:00,16.11,NA,0,292.5,2.37,NA,1026.75,NA,NA,NA,75,NA,-8.33,NA,-9.17,-8.33,2
1857-03-13,NA,NA,NA,NA,NA,NA,NA,0.25,"empty","empty",NA,15.24,NA,-6.02,NA,NA,NA
1857-03-13 07:00:00,15,NA,0,247.5,2.13,NA,1029.39,NA,NA,NA,73.5,NA,-9.44,NA,-10.28,-9.44,1
1857-03-13 14:00:00,16.67,NA,1,225,5.25,"225",1025.6,NA,NA,NA,89,NA,-0.56,NA,-1.11,-0.56,1
1857-03-13 21:00:00,17.78,NA,0,270,2.37,NA,1019.3,NA,NA,NA,75,NA,-8.06,NA,-9.17,-8.33,1
1857-03-14,NA,NA,NA,NA,NA,NA,NA,0,"empty","empty",NA,0,NA,-1.93,NA,NA,NA
1857-03-14 07:00:00,16.67,NA,3,NA,3.59,"270",1011.99,NA,NA,NA,86,NA,-5,NA,-5.56,-5,5
1857-03-14 14:00:00,17.78,NA,2,270,7.31,"270",1007.45,NA,NA,NA,91,NA,3.89,NA,3.33,3.89,2
1857-03-14 21:00:00,19.44,NA,0,315,3.76,NA,1014.36,NA,NA,NA,86,NA,-4.67,NA,-5,-4.44,1
1857-03-15,NA,NA,NA,NA,NA,NA,NA,0,"empty","empty",NA,0,NA,-4.54,NA,NA,NA
1857-03-15 07:00:00,20,NA,0,315,2.13,NA,1021.67,NA,NA,NA,81,NA,-10.28,NA,-11.11,-10.56,1
1857-03-15 14:00:00,18.33,NA,0,270,4.44,NA,1019.34,NA,NA,NA,70,NA,0.56,NA,-1.11,0.56,2
1857-03-15 21:00:00,18.33,NA,0,270,3.96,NA,1019.3,NA,NA,NA,87,NA,-3.89,NA,-4.44,-3.89,1
1857-03-16,NA,NA,NA,NA,NA,NA,NA,0,"8pm","11pm",NA,0,NA,-0.28,NA,NA,NA
1857-03-16 07:00:00,17.22,NA,1,270,4.81,"0",1017.27,NA,NA,NA,88,NA,-1.39,NA,-2.22,-1.67,1
1857-03-16 14:00:00,17.78,NA,1,270,4.44,"270",1012.53,NA,NA,NA,70,NA,0.83,NA,-1.11,0.56,1
1857-03-16 21:00:00,17.22,NA,1,337.5,5.25,"337.5",1007.79,NA,NA,NA,89,NA,-0.28,NA,-12.22,-0.56,1
1857-03-17,NA,NA,NA,NA,NA,NA,NA,2.29,"1:30pm","empty",NA,1.78,NA,-0.28,NA,NA,NA
1857-03-17 07:00:00,16.67,NA,1,270,4.37,"270",1010.5,NA,NA,NA,88,NA,-2.22,NA,-3.33,-2.78,1
1857-03-17 14:00:00,18.89,NA,3,270,6.3,"270",1014.97,NA,NA,NA,81,NA,2.78,NA,2.22,3.33,5
1857-03-17 21:00:00,18.33,NA,0,270,4.81,NA,1021.33,NA,NA,NA,88,NA,-1.39,NA,-2.22,-1.67,2
1857-03-18,NA,NA,NA,NA,NA,NA,NA,0,"empty","empty",NA,0,NA,-2.78,NA,NA,NA
1857-03-18 07:00:00,13.33,NA,2,315,2.51,"315",1021.67,NA,NA,NA,83,NA,-8.89,NA,-9.44,-8.89,2
1857-03-18 14:00:00,15.56,NA,2,22.5,4.57,"45",1012.8,NA,NA,NA,100,NA,-3.89,NA,1.67,-3.89,2
1857-03-18 21:00:00,17.78,NA,2,225,8.4,"225",1010.5,NA,NA,NA,100,NA,4.44,NA,4.44,4.44,2
1857-03-19,NA,NA,NA,NA,NA,NA,NA,19.05,"empty","10pm",NA,2.79,NA,-1.13,NA,NA,NA
1857-03-19 07:00:00,15,NA,1,22.5,6.91,"22.5",1007.52,NA,NA,NA,100,NA,1.67,NA,1.67,1.67,1
1857-03-19 14:00:00,14.44,NA,4,45,5.18,"45",1000.47,NA,NA,NA,100,NA,-1.72,NA,-2.22,-2.22,16
1857-03-19 21:00:00,16.11,NA,5,45,4.77,"45",999.05,NA,NA,NA,100,NA,-3.33,NA,-3.33,-3.33,27
1857-03-20,NA,NA,NA,NA,NA,NA,NA,24.38,"10am","10:30am",NA,24.38,NA,-2.13,NA,NA,NA
1857-03-20 07:00:00,15.56,NA,5,0,4.77,"0",1000.34,NA,NA,NA,100,NA,-3.33,NA,-2.22,-3.33,16
1857-03-20 14:00:00,18.89,NA,1,45,5.25,"45",1010.9,NA,NA,NA,89,NA,-0.28,NA,-1.11,-0.56,2
1857-03-20 21:00:00,17.22,NA,0,45,4.37,NA,1015.92,NA,NA,NA,88,NA,-2.78,NA,-3.33,-2.78,1
1857-03-21,NA,NA,NA,NA,NA,NA,NA,0.23,"10:30am","empty",NA,0.23,NA,-1.21,NA,NA,NA
1857-03-21 07:00:00,15.56,NA,1,45,3.08,"45",1014.97,NA,NA,NA,85,NA,-6.67,NA,-7.22,-6.67,1
1857-03-21 14:00:00,15.56,NA,1,45,5.18,"45",1009.14,NA,NA,NA,100,NA,-2.22,NA,-2.22,-2.22,1
1857-03-21 21:00:00,16.11,NA,1,45,4.77,"45",1014.22,NA,NA,NA,100,NA,-3.06,NA,-3.33,-3.33,1
1857-03-22,NA,NA,NA,NA,NA,NA,NA,8.64,"empty","11pm",NA,80.01,NA,-1.3,NA,NA,NA
1857-03-22 07:00:00,17.78,NA,2,0,4.37,"0",1027.09,NA,NA,NA,88,NA,-2.78,NA,-3.33,-2.78,2
1857-03-22 14:00:00,18.33,NA,3,45,5.86,"0",1031.49,NA,NA,NA,84.5,NA,1.67,NA,0.83,1.67,2
1857-03-22 21:00:00,16.67,NA,0,0,4.37,NA,1034.95,NA,NA,NA,88,NA,-2.78,NA,-3.33,-2.78,2
1857-03-23,NA,NA,NA,NA,NA,NA,NA,0,"1pm","3pm",NA,0,NA,0.28,NA,NA,NA
1857-03-23 07:00:00,15,NA,1,22.5,4.17,"22.5",1026.75,NA,NA,NA,87,NA,-3.06,NA,-3.89,-3.33,2
1857-03-23 14:00:00,17.22,NA,1,180,6.91,"180",1015.92,NA,NA,NA,100,NA,1.67,NA,1.67,1.67,2
1857-03-23 21:00:00,17.78,NA,1,225,7.18,"135",1014.22,NA,NA,NA,100,NA,2.22,NA,2.22,2.22,2
1857-03-24,NA,NA,NA,NA,NA,NA,NA,25.4,"empty","empty",NA,0.23,NA,2.78,NA,NA,NA
1857-03-24 07:00:00,16.11,NA,1,NA,4.17,"270",1014.97,NA,NA,NA,87,NA,-3.06,NA,-3.89,-3.33,1
1857-03-24 14:00:00,17.78,NA,1,270,8.87,"270",1011.18,NA,NA,NA,84,NA,8.06,NA,6.67,7.78,2
1857-03-24 21:00:00,17.78,NA,1,270,7.75,"270",1008.74,NA,NA,NA,100,NA,3.33,NA,3.33,3.33,5
1857-03-25,NA,NA,NA,NA,NA,NA,NA,0,"4am","4pm",NA,0,NA,2.41,NA,NA,NA
1857-03-25 07:00:00,16.67,NA,1,225,7.18,"225",999.19,NA,NA,NA,100,NA,2.22,NA,2.22,2.22,1
1857-03-25 14:00:00,18.33,NA,2,225,8.06,"225",1002.24,NA,NA,NA,100,NA,3.89,NA,3.89,3.89,5
1857-03-25 21:00:00,17.78,NA,3,225,5.25,"225",1004.74,NA,NA,NA,79,NA,1.11,NA,0,1.11,5
1857-03-26,NA,NA,NA,NA,NA,NA,NA,7.62,"empty","empty",NA,0,NA,2.96,NA,NA,NA
1857-03-26 07:00:00,15.56,NA,1,270,5.86,"270",1008.47,NA,NA,NA,84.5,NA,1.67,NA,0.83,1.67,1
1857-03-26 14:00:00,17.78,NA,1,270,7.96,"270",1009.48,NA,NA,NA,91,NA,5,NA,4.44,5,1
1857-03-26 21:00:00,17.22,NA,1,270,5.76,"270",1011.18,NA,NA,NA,80,NA,2.22,NA,1.11,2.22,2
1857-03-27,NA,NA,NA,NA,NA,NA,NA,0.23,"4am","6am",NA,0.23,NA,4.07,NA,NA,NA
1857-03-27 07:00:00,14.44,NA,1,270,6.3,"270",1009.48,NA,NA,NA,81,NA,3.33,NA,2.22,3.33,1
1857-03-27 14:00:00,18.33,NA,1,270,7.96,"270",1009.55,NA,NA,NA,91,NA,5,NA,4.44,5,2
1857-03-27 21:00:00,18.89,NA,2,270,7.31,"270",1010.84,NA,NA,NA,91,NA,3.89,NA,3.33,3.89,2
1857-03-28,NA,NA,NA,NA,NA,NA,NA,0,"empty","empty",NA,0,NA,4.44,NA,NA,NA
1857-03-28 07:00:00,17.22,NA,1,270,5.86,"270",1010.84,NA,NA,NA,84.5,NA,1.67,NA,0.83,1.67,1
1857-03-28 14:00:00,17.78,NA,1,270,8.87,"270",1010.9,NA,NA,NA,84,NA,7.78,NA,6.67,7.78,1
1857-03-28 21:00:00,17.22,NA,1,270,7.31,"270",1012.33,NA,NA,NA,91,NA,3.89,NA,3.33,3.89,2
1857-03-29,NA,NA,NA,NA,NA,NA,NA,0,"empty","empty",NA,0,NA,5.56,NA,NA,NA
1857-03-29 07:00:00,16.11,NA,1,315,5.86,"315",1014.29,NA,NA,NA,73,NA,3.89,NA,2.22,3.89,1
1857-03-29 14:00:00,18.33,NA,2,NA,8.87,"0",1015.92,NA,NA,NA,84,NA,7.78,NA,6.67,7.78,2
1857-03-29 21:00:00,17.78,NA,1,67.5,6.43,"67.5",1039.22,NA,NA,NA,74,NA,5,NA,3.33,5,1
1857-03-30,NA,NA,NA,NA,NA,NA,NA,0,"empty","empty",NA,0,NA,6.57,NA,NA,NA
1857-03-30 07:00:00,16.11,NA,0,NA,6.3,NA,1021.33,NA,NA,NA,81,NA,3.33,NA,2.22,3.33,NA
1857-03-30 14:00:00,16.67,NA,0,270,9.75,NA,1019.98,NA,NA,NA,88,NA,9.17,NA,7.78,8.89,1
1857-03-30 21:00:00,16.67,NA,0,270,8.87,NA,1019.37,NA,NA,NA,84,NA,7.22,NA,6.67,7.78,1
1857-03-31,NA,NA,NA,NA,NA,NA,NA,0,"empty","empty",NA,0,NA,7.22,NA,NA,NA
1857-03-31 07:00:00,16.67,NA,1,270,8.87,"270",1015.58,NA,NA,NA,84,NA,8.33,NA,6.67,7.78,1
1857-03-31 14:00:00,17.22,NA,1,225,9.75,"225",1014.56,NA,NA,NA,88,NA,8.89,NA,7.78,8.89,2
1857-03-31 21:00:00,18.89,NA,1,225,8.06,"225",999.12,NA,NA,NA,91,NA,4.44,NA,4.44,5,1
1857-04-01,NA,NA,NA,NA,NA,NA,NA,0,"9:35 am","2 pm",NA,NA,NA,-2.04,NA,NA,NA
1857-04-01 07:00:00,15.56,NA,2,0,10.26,"0",1002.37,NA,NA,NA,99.9,NA,6.67,NA,6.67,6.67,2
1857-04-01 14:00:00,17.78,NA,2,45,5.42,"0",1004.1,NA,NA,NA,99.9,NA,-3.33,NA,30,-3.33,5
1857-04-01 21:00:00,17.22,NA,2,0,2.51,"315",1012.53,NA,NA,NA,70.8,NA,-9.44,NA,-10.28,-9.44,11
1857-04-02,NA,NA,NA,NA,NA,NA,NA,7.87,"empty","empty",NA,NA,NA,-7.59,NA,NA,NA
1857-04-02 07:00:00,12.22,NA,1,0,1.73,"315",1019.3,NA,NA,NA,65.5,NA,-12.78,NA,-13.78,-12.61,2
1857-04-02 14:00:00,20.56,NA,2,270,3.18,"270",1019.71,NA,NA,NA,79.3,NA,-3.89,NA,1.11,-3.89,2
1857-04-02 21:00:00,18.33,NA,0,270,3.32,NA,1024.72,NA,NA,NA,74.4,NA,-6.11,NA,-6.67,-6.11,1
1857-04-03,NA,NA,NA,NA,NA,NA,NA,0,"empty","empty",NA,NA,NA,-1.37,NA,NA,NA
1857-04-03 07:00:00,14.44,NA,0,270,3.18,NA,1029.12,NA,NA,NA,79.3,NA,-3.89,NA,-4.44,-3.89,2
1857-04-03 14:00:00,17.22,NA,2,270,6.84,"270",1029.33,NA,NA,NA,91.9,NA,1.67,NA,1.11,1.67,2
1857-04-03 21:00:00,17.78,NA,1,180,4.54,"180",1020.39,NA,NA,NA,76.1,NA,-1.89,NA,-2.78,-1.67,2
1857-04-04,NA,NA,NA,NA,NA,NA,NA,0.23,"8:15 | 9:15","8:45 am | 9:30 am",NA,NA,NA,4.17,NA,NA,NA
1857-04-04 07:00:00,15.56,NA,0,225,6.06,"225",1015.65,NA,NA,NA,90.4,NA,0,NA,-0.56,0,1
1857-04-04 14:00:00,18.33,NA,2,270,9.89,"270",1015.24,NA,NA,NA,84.8,NA,9.72,NA,7.78,8.89,2
1857-04-04 21:00:00,17.78,NA,1,270,5.05,"270",1018.76,NA,NA,NA,90.2,NA,2.78,NA,1.67,2.78,1
1857-04-05,NA,NA,NA,NA,NA,NA,NA,NA,"2:20 pm | 8:30 pm | 1:30 pm","2 am | 11 am",NA,NA,NA,7.03,NA,NA,NA
1857-04-05 07:00:00,14.44,NA,1,202.5,6.06,"202.5",1015.58,NA,NA,NA,90.4,NA,0,NA,-0.56,0,1
1857-04-05 14:00:00,18.89,NA,1,180,8.8,"180",1009.14,NA,NA,NA,66.8,NA,11.67,NA,8.33,11.11,1
1857-04-05 21:00:00,18.89,NA,2,180,9.35,"180",1005.42,NA,NA,NA,77.8,NA,9.44,NA,7.78,9.44,5
1857-04-06,NA,NA,NA,NA,NA,NA,NA,NA,"9:30 am","2 pm",NA,NA,NA,7.03,NA,NA,NA
1857-04-06 07:00:00,17.22,NA,2,180,11.58,"180",998.98,NA,NA,NA,76.5,NA,11.11,NA,10,11.11,2
1857-04-06 14:00:00,20,NA,4,180,10.84,"180",993.91,NA,NA,NA,92.2,NA,10,NA,8.33,8.89,16
1857-04-06 21:00:00,18.33,NA,5,270,6.74,"270",997.7,NA,NA,NA,99.9,NA,0,NA,0,0,16
1857-04-07,NA,NA,NA,NA,NA,NA,NA,16.51,"empty","empty",NA,NA,NA,-2.44,NA,NA,NA
1857-04-07 07:00:00,15.56,NA,3,247.5,3.18,"247.5",1007.45,NA,NA,NA,79.3,NA,-3.89,NA,-4.44,-3.89,5
1857-04-07 14:00:00,18.89,NA,4,247.5,6.06,"247.5",1015.78,NA,NA,NA,90.4,NA,-0.39,NA,-0.56,0,11
1857-04-07 21:00:00,21.11,NA,2,270,4.54,"270",1025.4,NA,NA,NA,81.4,NA,-3.06,NA,-3.33,-2.78,2
1857-04-08,NA,NA,NA,NA,NA,NA,NA,0.23,"empty","empty",NA,NA,NA,1.94,NA,NA,NA
1857-04-08 07:00:00,16.67,NA,2,180,5.05,"180",1026.08,NA,NA,NA,84.3,NA,-1.94,NA,-2.22,-1.67,2
1857-04-08 14:00:00,17.22,NA,2,180,4.06,"180",1019.3,NA,NA,NA,47.5,NA,4.44,NA,1.67,4.44,2
1857-04-08 21:00:00,17.78,NA,1,180,4.84,"180",1019.3,NA,NA,NA,59.9,NA,3.33,NA,2.78,3.33,2
1857-04-09,NA,NA,NA,NA,NA,NA,NA,0,"empty","2 pm",NA,NA,NA,4.26,NA,NA,NA
1857-04-09 07:00:00,15,NA,1,225,4.94,"225",1019.64,NA,NA,NA,63.2,NA,2.78,NA,2.22,2.78,1
1857-04-09 14:00:00,18.33,NA,1,270,7.99,"270",1016.19,NA,NA,NA,81.5,NA,6.11,NA,5,6.11,1
1857-04-09 21:00:00,18.89,NA,1,270,7.48,"270",1021.61,NA,NA,NA,87.5,NA,3.89,NA,2.78,3.89,1
1857-04-10,NA,NA,NA,NA,NA,NA,NA,11.94,"3:30 pm","4 am",NA,NA,NA,3.61,NA,NA,NA
1857-04-10 07:00:00,16.11,NA,1,45,5.28,"45",1021,NA,NA,NA,71.6,NA,1.94,NA,0.83,1.67,1
1857-04-10 14:00:00,17.78,NA,1,45,8.97,"45",1018.15,NA,NA,NA,90.9,NA,6.11,NA,5.56,6.11,1
1857-04-10 21:00:00,18.33,NA,4,45,4.94,"45",1014.36,NA,NA,NA,63.2,NA,2.78,NA,2.22,2.78,11
1857-04-11,NA,NA,NA,NA,NA,NA,NA,11.94,"7 am | 7 pm","4 am",NA,NA,NA,3.61,NA,NA,NA
1857-04-11 07:00:00,15,NA,2,0,5.28,"0",1008.47,NA,NA,NA,71.6,NA,1.11,NA,0.83,1.67,2
1857-04-11 14:00:00,17.22,NA,2,315,7.04,"315",1008.4,NA,NA,NA,72.3,NA,5.83,NA,4.44,6.11,2
1857-04-11 21:00:00,18.89,NA,1,247.5,4.5,"247.5",1009.55,NA,NA,NA,54.3,NA,3.89,NA,3.33,3.89,1
1857-04-12,NA,NA,NA,NA,NA,NA,NA,2.03,"11 pm","7:15 pm | 3 am",NA,NA,NA,4.91,NA,NA,NA
1857-04-12 07:00:00,16.67,NA,2,270,4.94,"270",1012.67,NA,NA,NA,63.2,NA,2.39,NA,2.22,2.78,2
1857-04-12 14:00:00,18.89,NA,2,270,6.3,"270",1013.88,NA,NA,NA,59.1,NA,7.89,NA,5,7.78,2
1857-04-12 21:00:00,18.89,NA,1,270,6.98,"270",1014.56,NA,NA,NA,79.2,NA,4.44,NA,3.33,4.44,1
1857-04-13,NA,NA,NA,NA,NA,NA,NA,0.76,"11 pm","7 am",NA,NA,NA,7.42,NA,NA,NA
1857-04-13 07:00:00,16.67,NA,0,270,7.99,NA,1017.54,NA,NA,NA,81.5,NA,6.28,NA,5,6.11,1
1857-04-13 14:00:00,20,NA,1,270,4.88,"270",1019.3,NA,NA,NA,42.1,NA,9.89,NA,5,9.44,1
1857-04-13 21:00:00,18.33,NA,1,135,7.04,"135",1017.27,NA,NA,NA,72.3,NA,6.11,NA,4.44,6.11,1
1857-04-14,NA,NA,NA,NA,NA,NA,NA,4.57,"11:35 am | 10 am","6 am | noon",NA,NA,NA,2.03,NA,NA,NA
1857-04-14 07:00:00,16.11,NA,1,45,8.06,"45",1011.51,NA,NA,NA,99.9,NA,2.78,NA,2.78,2.78,1
1857-04-14 14:00:00,16.11,NA,4,22.5,7.48,"22.5",1001.49,NA,NA,NA,99.9,NA,1.94,NA,1.67,1.67,11
1857-04-14 21:00:00,16.11,NA,4,22.5,8.33,"22.5",991.94,NA,NA,NA,99.9,NA,3.06,NA,3.33,3.33,11
1857-04-15,NA,NA,NA,NA,NA,NA,NA,37.34,"11 pm | 8 am","1 am",NA,NA,NA,3.37,NA,NA,NA
1857-04-15 07:00:00,15,NA,4,247.5,7.11,"247.5",989.84,NA,NA,NA,92,NA,2.22,NA,1.67,2.22,11
1857-04-15 14:00:00,15.56,NA,4,247.5,6.47,"247.5",992.55,NA,NA,NA,64.8,NA,6.22,NA,4.44,6.67,11
1857-04-15 21:00:00,16.11,NA,1,270,9.11,"270",995.94,NA,NA,NA,73.9,NA,1.67,NA,0,1.67,2
1857-04-16,NA,NA,NA,NA,NA,NA,NA,0.23,"10 am","10:30 am",NA,NA,NA,3,NA,NA,NA
1857-04-16 07:00:00,16.11,NA,0,270,4.81,NA,999.32,NA,NA,NA,61.7,NA,2.89,NA,1.67,2.78,1
1857-04-16 14:00:00,18.33,NA,2,270,8.97,"270",1005.08,NA,NA,NA,90.9,NA,5.56,NA,5.56,6.11,5
1857-04-16 21:00:00,18.89,NA,0,270,5.76,NA,1010.9,NA,NA,NA,80.9,NA,0.56,NA,-0.28,1.11,2
1857-04-17,NA,NA,NA,NA,NA,NA,NA,0,"empty","11 am",NA,NA,NA,2.96,NA,NA,NA
1857-04-17 07:00:00,15.56,NA,1,22.5,6.06,"22.5",1012.46,NA,NA,NA,90.4,NA,0,NA,-0.56,0,2
1857-04-17 14:00:00,17.78,NA,2,22.5,5.38,"22.5",1010.77,NA,NA,NA,60.1,NA,5,NA,2.78,5,2
1857-04-17 21:00:00,17.22,NA,2,22.5,6.6,"22.5",1008.81,NA,NA,NA,77.9,NA,3.89,NA,2.22,3.89,5
1857-04-18,NA,NA,NA,NA,NA,NA,NA,0,"empty","empty",NA,NA,NA,4.39,NA,NA,NA
1857-04-18 07:00:00,15,NA,1,0,6.6,"0",1010.5,NA,NA,NA,77.9,NA,4,NA,2.22,3.89,1
1857-04-18 14:00:00,18.89,NA,1,0,7.31,"0",1014.49,NA,NA,NA,77.4,NA,5.28,NA,3.89,5,1
1857-04-18 21:00:00,17.22,NA,1,0,6.98,"0",1017.07,NA,NA,NA,79.2,NA,3.89,NA,3.33,4.44,1
1857-04-19,NA,NA,NA,NA,NA,NA,NA,0,"empty","empty",NA,0,NA,7.64,NA,NA,NA
1857-04-19 07:00:00,15,NA,2,NA,6.98,NA,1019.71,NA,NA,NA,79.2,NA,4.44,NA,3.33,4.44,2
1857-04-19 14:00:00,18.89,NA,1,180,8.8,"180",1015.31,NA,NA,NA,60.7,NA,11.56,NA,8.89,12.22,1
1857-04-19 21:00:00,17.78,NA,1,180,6.47,"180",1016.19,NA,NA,NA,64.8,NA,6.39,NA,4.44,6.67,1
1857-04-20,NA,NA,NA,NA,NA,NA,NA,0,"empty","empty",NA,NA,NA,6.56,NA,NA,NA
1857-04-20 07:00:00,16.67,NA,1,180,5.82,"180",1014.22,NA,NA,NA,71.5,NA,3,NA,1.11,3.33,1
1857-04-20 14:00:00,18.33,NA,1,45,12.12,"45",1009.55,NA,NA,NA,92.9,NA,10.56,NA,10,10.56,1
1857-04-20 21:00:00,18.33,NA,1,45,9.28,"22.5",1008.87,NA,NA,NA,93.8,NA,6.11,NA,6.11,6.67,1
1857-04-21,NA,NA,NA,NA,NA,NA,NA,0,"empty","empty",NA,NA,NA,4.72,NA,NA,NA
1857-04-21 07:00:00,14.44,NA,4,22.5,5.82,"45",1007.72,NA,NA,NA,71.5,NA,3.06,NA,1.11,3.33,11
1857-04-21 14:00:00,19.44,NA,4,22.5,10.43,"45",1009.14,NA,NA,NA,91.8,NA,7.78,NA,7.78,8.33,11
1857-04-21 21:00:00,17.22,NA,0,22.5,6.98,NA,1010.5,NA,NA,NA,84.6,NA,3.33,NA,2.22,3.33,2
1857-04-22,NA,NA,NA,NA,NA,NA,NA,0,"5:20 am","5:40 am",NA,NA,NA,6.68,NA,NA,NA
1857-04-22 07:00:00,14.44,NA,0,22.5,6.6,NA,1010.84,NA,NA,NA,77.9,NA,4.44,NA,2.22,3.89,1
1857-04-22 14:00:00,15.56,NA,1,45,11.18,"45",1007.79,NA,NA,NA,98.2,NA,10.83,NA,9.44,10.56,1
1857-04-22 21:00:00,15.56,NA,0,45,7.31,NA,1008.81,NA,NA,NA,77.4,NA,4.78,NA,3.89,5,1
1857-04-23,NA,NA,NA,NA,NA,NA,NA,0.23,NA,"7:15 pm",NA,NA,NA,5.07,NA,NA,NA
1857-04-23 07:00:00,13.89,NA,1,0,7.11,"0",1009.21,NA,NA,NA,92,NA,2.22,NA,1.67,2.22,1
1857-04-23 14:00:00,17.78,NA,1,0,5.38,"0",1009.14,NA,NA,NA,50.9,NA,8,NA,4.44,7.78,1
1857-04-23 21:00:00,17.78,NA,1,292.5,6.33,"292.5",1010.16,NA,NA,NA,70,NA,5,NA,3.33,5,1
1857-04-24,NA,NA,NA,NA,NA,NA,NA,0.23,"empty","empty",NA,NA,NA,8.42,NA,NA,NA
1857-04-24 07:00:00,16.11,NA,1,270,6.98,"270",1008.94,NA,NA,NA,79.2,NA,4.44,NA,3.33,4.44,1
1857-04-24 14:00:00,15.56,NA,1,315,7.99,"315",1007.45,NA,NA,NA,53.4,NA,13.61,NA,8.89,13.33,1
1857-04-24 21:00:00,18.33,NA,1,315,6.84,"315",1009.48,NA,NA,NA,65.9,NA,7.22,NA,3.89,7.22,1
1857-04-25,NA,NA,NA,NA,NA,NA,NA,0,"empty","empty",NA,NA,NA,4.67,NA,NA,NA
1857-04-25 07:00:00,17.22,NA,1,270,4.98,"270",1009.41,NA,NA,NA,52.3,NA,5.44,NA,2.78,5.56,1
1857-04-25 14:00:00,17.78,NA,3,NA,4.13,"315",1009.41,NA,NA,NA,41.1,NA,7.44,NA,3.33,7.22,11
1857-04-25 21:00:00,17.22,NA,1,315,4.2,"315",1013.34,NA,NA,NA,60,NA,1.11,NA,-2.22,1.11,1
1857-04-26,NA,NA,NA,NA,NA,NA,NA,0,"6:30 am","2:30 pm",NA,NA,NA,5.37,NA,NA,NA
1857-04-26 07:00:00,15.56,NA,2,315,5.62,"315",1014.22,NA,NA,NA,72.2,NA,2.78,NA,0.56,2.78,2
1857-04-26 14:00:00,18.89,NA,2,292.5,10.7,"292.5",1012.53,NA,NA,NA,81.5,NA,10.56,NA,8.89,10,2
1857-04-26 21:00:00,17.22,NA,0,292.5,6.98,NA,1009.14,NA,NA,NA,84.6,NA,3.33,NA,2.22,3.33,1
1857-04-27,NA,NA,NA,NA,NA,NA,NA,0,"10 pm","empty",NA,NA,NA,2.41,NA,NA,NA
1857-04-27 07:00:00,15.56,NA,2,135,4.84,"135",1008.94,NA,NA,NA,59.9,NA,3.33,NA,2.78,3.33,2
1857-04-27 14:00:00,17.78,NA,2,135,7.48,"135",1002.37,NA,NA,NA,99.9,NA,1.67,NA,1.67,1.67,2
1857-04-27 21:00:00,18.33,NA,1,180,7.75,"180",1000.75,NA,NA,NA,99.9,NA,2.22,NA,2.22,2.22,1
1857-04-28,NA,NA,NA,NA,NA,NA,NA,15.75,"empty","1 am",NA,NA,NA,3.22,NA,NA,NA
1857-04-28 07:00:00,15.56,NA,2,315,4.5,"315",1004.06,NA,NA,NA,74.3,NA,3.89,NA,3.33,3.89,2
1857-04-28 14:00:00,17.78,NA,4,270,4.17,"0",1011.24,NA,NA,NA,50.3,NA,4.67,NA,2.22,5,11
1857-04-28 21:00:00,18.89,NA,1,270,6.03,"270",1019.24,NA,NA,NA,84.5,NA,1.11,NA,0,1.11,5
1857-04-29,NA,NA,NA,NA,NA,NA,NA,0,"empty","empty",NA,NA,NA,3.48,NA,NA,NA
1857-04-29 07:00:00,16.11,NA,0,292.5,4.94,NA,1021.4,NA,NA,NA,65.5,NA,3.33,NA,-1.11,1.67,2
1857-04-29 14:00:00,17.78,NA,2,315,3.35,"315",1023.1,NA,NA,NA,36.1,NA,6.22,NA,2.22,6.11,2
1857-04-29 21:00:00,17.78,NA,0,337.5,4.54,NA,1024.59,NA,NA,NA,62.2,NA,0.89,NA,-1.11,1.67,1
1857-04-30,NA,NA,NA,NA,NA,NA,NA,0,"empty","empty",NA,NA,NA,5.18,NA,NA,NA
1857-04-30 07:00:00,15.56,NA,0,337.5,6.6,NA,1029.39,NA,NA,NA,77.9,NA,5.56,NA,2.22,3.89,1
1857-04-30 14:00:00,17.22,NA,0,45,3.25,NA,1029.6,NA,NA,NA,32.7,NA,7.22,NA,2.78,7.22,1
1857-04-30 21:00:00,17.22,NA,0,45,5.82,NA,1028.72,NA,NA,NA,71.5,NA,2.78,NA,1.11,3.33,1
1857-05-01,NA,NA,NA,NA,NA,NA,NA,0,"9pm","empty",NA,0,NA,10.94,NA,NA,NA
1857-05-01 07:00:00,16.11,NA,3,135,4.81,"180",1027.29,NA,NA,NA,51,NA,7,NA,2.78,6.11,1
1857-05-01 14:00:00,17.78,NA,5,180,7.31,"180",1016.42,NA,NA,NA,40,NA,16.11,NA,10,16.11,16
1857-05-01 21:00:00,16.67,NA,3,180,12.22,"180",1018.35,NA,NA,NA,100,NA,9.72,NA,10,10,5
1857-05-02,NA,NA,NA,NA,NA,NA,NA,0.23,"6am, 9am","12am, 7am, 10pm",NA,0,NA,8.13,NA,NA,NA
1857-05-02 07:00:00,15.56,NA,1,180,7.82,"180",1014.22,NA,NA,NA,80,NA,5.89,NA,5,6.11,2
1857-05-02 14:00:00,17.22,NA,2,180,10.9,"180",1009.21,NA,NA,NA,92,NA,9.33,NA,8.89,9.44,2
1857-05-02 21:00:00,20,NA,2,180,10.94,"180",1009.21,NA,NA,NA,99,NA,9.17,NA,8.89,9.44,2
1857-05-03,NA,NA,NA,NA,NA,NA,NA,13.72,"empty","empty",NA,0,NA,5.92,NA,NA,NA
1857-05-03 07:00:00,17.78,NA,NA,NA,7.18,NA,1015.92,NA,NA,NA,82,NA,5,NA,3.89,5,1
1857-05-03 14:00:00,18.33,NA,3,270,7.99,"270",1018.96,NA,NA,NA,70,NA,8.89,NA,6.67,8.89,5
1857-05-03 21:00:00,18.89,NA,0,270,6.6,NA,1022.66,NA,NA,NA,NA,NA,3.89,NA,2.78,3.89,1
1857-05-04,NA,NA,NA,NA,NA,NA,NA,0,"7:30pm","empty",NA,0,NA,8.39,NA,NA,NA
1857-05-04 07:00:00,17.22,NA,1,270,7.86,"270",1022.01,NA,NA,NA,83,NA,5.56,NA,4.44,5.56,1
1857-05-04 14:00:00,18.89,NA,1,292.5,7.42,"315",1020.32,NA,NA,NA,54,NA,12.22,NA,7.78,11.67,1
1857-05-04 21:00:00,17.78,NA,2,292.5,10.16,"337.5",1016.05,NA,NA,NA,100,NA,7.39,NA,7.22,7.22,2
1857-05-05,NA,NA,NA,NA,NA,NA,NA,21.34,"2pm, 6pm","6am, 4pm",NA,0,NA,4.46,NA,NA,NA
1857-05-05 07:00:00,15.56,NA,4,45,9.41,"45",1009.21,NA,NA,NA,100,NA,6.11,NA,6.11,6.11,16
1857-05-05 14:00:00,17.22,NA,3,45,8.4,"45",1005.89,NA,NA,NA,100,NA,4.89,NA,4.44,4.44,16
1857-05-05 21:00:00,16.11,NA,3,45,7.18,"45",1008.47,NA,NA,NA,100,NA,2.39,NA,2.22,2.22,11
1857-05-06,NA,NA,NA,NA,NA,NA,NA,0,"8:30am","1am, 3:30pm",NA,0,NA,4.72,NA,NA,NA
1857-05-06 07:00:00,13.89,NA,3,22.5,7.18,"22.5",1010.77,NA,NA,NA,100,NA,2.5,NA,2.22,2.22,5
1857-05-06 14:00:00,17.22,NA,1,22.5,8.6,"22.5",1011.79,NA,NA,NA,92,NA,6.39,NA,5.56,6.11,2
1857-05-06 21:00:00,17.22,NA,1,NA,10.13,"315",1013.61,NA,NA,NA,91,NA,5.28,NA,5,5.56,5
1857-05-07,NA,NA,NA,NA,NA,NA,NA,0,"3pm","11pm",NA,0,NA,7.33,NA,NA,NA
1857-05-07 07:00:00,15.56,NA,2,247.5,8.43,"247.5",1014.9,NA,NA,NA,91,NA,5.44,NA,5,5.56,5
1857-05-07 14:00:00,17.78,NA,2,270,9.58,"270",1016.53,NA,NA,NA,78,NA,9.61,NA,8.33,10,2
1857-05-07 21:00:00,17.78,NA,1,270,7.72,"270",1019.3,NA,NA,NA,76,NA,6.94,NA,5.56,7.22,2
1857-05-08,NA,NA,NA,NA,NA,NA,NA,8.38,"6:30am, 4:36pm","7am, 5:30pm",NA,0,NA,11.59,NA,NA,NA
1857-05-08 07:00:00,16.67,NA,0,270,9.58,NA,1022.01,NA,NA,NA,78,NA,10.28,NA,8.33,10,2
1857-05-08 14:00:00,16.67,NA,1,270,5.15,"270",1022.15,NA,NA,NA,29,NA,15.56,NA,8.33,15.56,1
1857-05-08 21:00:00,16.11,NA,1,270,6.74,"270",1022.22,NA,NA,NA,57,NA,9.22,NA,6.11,9.44,1
1857-05-09,NA,NA,NA,NA,NA,NA,NA,1.02,"empty","empty",NA,0,NA,16.89,NA,NA,NA
1857-05-09 07:00:00,16.11,NA,1,270,8.74,"270",1016.26,NA,NA,NA,71,NA,10.56,NA,7.78,10,1
1857-05-09 14:00:00,17.78,NA,1,270,13.41,"270",1010.84,NA,NA,NA,48,NA,23.61,NA,16.67,23.33,1
1857-05-09 21:00:00,18.89,NA,1,270,12.06,"270",1007.11,NA,NA,NA,62,NA,16.5,NA,13.33,17.22,2
1857-05-10,NA,NA,NA,NA,NA,NA,NA,0,"4am","5am",NA,0,NA,9.79,NA,NA,NA
1857-05-10 07:00:00,18.33,NA,3,270,11.78,"270",1001.29,NA,NA,NA,86,NA,11.94,NA,10.56,11.67,5
1857-05-10 14:00:00,18.33,NA,3,247.5,12.36,"247.5",1001.69,NA,NA,NA,76,NA,14.17,NA,12.22,14.44,5
1857-05-10 21:00:00,17.22,NA,2,315,7.48,"315",1009.75,NA,NA,NA,100,NA,3.11,NA,2.78,2.78,2
1857-05-11,NA,NA,NA,NA,NA,NA,NA,0.51,"11am, 3:30pm,7pm","12pm, 1:45pm, 11pm",NA,0,NA,17.28,NA,NA,NA
1857-05-11 07:00:00,8.33,NA,2,22.5,3.39,"337.5",1018.02,NA,NA,NA,57,NA,-0.28,NA,-2.78,-0.56,5
1857-05-11 14:00:00,12.22,NA,3,0,4.81,"0",1018.9,NA,NA,NA,51,NA,6,NA,2.78,6.11,1
1857-05-11 21:00:00,12.78,NA,0,0,5.25,NA,1021,NA,NA,NA,79,NA,1.11,NA,0,1.11,1
1857-05-12,NA,NA,NA,NA,NA,NA,NA,0,"empty","empty",NA,0.23,NA,8.26,NA,NA,NA
1857-05-12 07:00:00,13.33,NA,0,0,5.25,NA,1025.06,NA,NA,NA,58,NA,7.22,NA,2.78,5.56,1
1857-05-12 14:00:00,13.33,NA,1,270,9.04,"270",1020.73,NA,NA,NA,100,NA,10.56,NA,7.22,7.22,1
1857-05-12 21:00:00,13.33,NA,0,270,3.96,NA,1020.45,NA,NA,NA,39,NA,7,NA,2.78,5.56,1
1857-05-13,NA,NA,NA,NA,NA,NA,NA,0,"empty","empty",NA,0,NA,11.2,NA,NA,NA
1857-05-13 07:00:00,13.89,NA,0,270,6.64,NA,1020.79,NA,NA,NA,68,NA,6.11,NA,4.44,6.67,1
1857-05-13 14:00:00,15.56,NA,2,315,5.52,"315",1017.61,NA,NA,NA,28,NA,17.5,NA,9.44,17.22,2
1857-05-13 21:00:00,14.44,NA,0,270,11.78,NA,1017,NA,NA,NA,93,NA,10,NA,10,10.56,1
1857-05-14,NA,NA,NA,NA,NA,NA,NA,0,"empty","empty",NA,0,NA,12.78,NA,NA,NA
1857-05-14 07:00:00,15,NA,1,0,9.08,"0",1017.27,NA,NA,NA,58,NA,10.56,NA,10,13.89,1
1857-05-14 14:00:00,14.44,NA,0,22.5,9.99,NA,1010.84,NA,NA,NA,63,NA,10.83,NA,10.56,13.89,1
1857-05-14 21:00:00,16.11,NA,1,45,9.58,"45",1007.79,NA,NA,NA,78,NA,10.28,NA,8.33,10,1
1857-05-15,NA,NA,NA,NA,NA,NA,NA,0,"empty","empty",NA,0,NA,10.18,NA,NA,NA
1857-05-15 07:00:00,13.33,NA,2,22.5,7.72,"22.5",1007.38,NA,NA,NA,76,NA,7.22,NA,5.56,7.22,2
1857-05-15 14:00:00,15.56,NA,2,22.5,11.85,"22.5",1005.15,NA,NA,NA,75,NA,10.56,NA,11.67,13.89,2
1857-05-15 21:00:00,15,NA,2,22.5,9.58,"22.5",1005.76,NA,NA,NA,78,NA,9.44,NA,8.33,10,2
1857-05-16,NA,NA,NA,NA,NA,NA,NA,0,"empty","empty",NA,0,NA,11.11,NA,NA,NA
1857-05-16 07:00:00,15,NA,1,22.5,7.72,"22.5",1009.08,NA,NA,NA,76,NA,7.22,NA,5.56,7.22,2
1857-05-16 14:00:00,16.11,NA,2,22.5,7.31,"22.5",1010.16,NA,NA,NA,40,NA,16.11,NA,10,16.11,2
1857-05-16 21:00:00,15.56,NA,2,22.5,8.74,"22.5",1012.53,NA,NA,NA,71,NA,10,NA,7.78,10,2
1857-05-17,NA,NA,NA,NA,NA,NA,NA,0,"empty","empty",NA,0,NA,7.59,NA,NA,NA
1857-05-17 07:00:00,15.56,NA,3,225,8.26,"225",1015.58,NA,NA,NA,91,NA,5.56,NA,5,5.56,5
1857-05-17 14:00:00,16.67,NA,2,270,9.24,"270",1019.3,NA,NA,NA,85,NA,8.33,NA,7.22,8.33,2
1857-05-17 21:00:00,16.11,NA,1,270,7.99,"270",1017.61,NA,NA,NA,70,NA,8.89,NA,6.67,8.89,2
1857-05-18,NA,NA,NA,NA,NA,NA,NA,0,"5am, 1pm","12pm, 2pm",NA,0,NA,11.29,NA,NA,NA
1857-05-18 07:00:00,16.11,NA,1,225,4.81,"225",1015.58,NA,NA,NA,51,NA,6.11,NA,2.78,6.11,2
1857-05-18 14:00:00,17.22,NA,1,225,13.65,"225",1015.58,NA,NA,NA,67,NA,17.78,NA,14.44,17.78,2
1857-05-18 21:00:00,16.67,NA,1,247.5,8.74,"247.5",1016.59,NA,NA,NA,71,NA,10,NA,7.78,10,1
1857-05-19,NA,NA,NA,NA,NA,NA,NA,5.84,"empty","empty",NA,0,NA,10,NA,NA,NA
1857-05-19 07:00:00,16.11,NA,1,45,6.64,"45",1015.58,NA,NA,NA,68,NA,6.67,NA,4.44,6.67,1
1857-05-19 14:00:00,17.78,NA,1,45,10.94,"45",1015.58,NA,NA,NA,65,NA,15,NA,11.67,15,1
1857-05-19 21:00:00,17.22,NA,1,45,5.72,"45",1014.22,NA,NA,NA,34,NA,8.33,NA,4.44,7.78,1
1857-05-20,NA,NA,NA,NA,NA,NA,NA,0,"empty","empty",NA,0,NA,10.56,NA,NA,NA
1857-05-20 07:00:00,15.56,NA,1,45,7.99,"45",1015.58,NA,NA,NA,70,NA,8.89,NA,6.67,8.89,1
1857-05-20 14:00:00,17.22,NA,2,135,12.87,"135",1015.24,NA,NA,NA,76,NA,15,NA,12.78,15,2
1857-05-20 21:00:00,16.67,NA,1,180,5.72,"180",1007.45,NA,NA,NA,54,NA,7.78,NA,4.44,7.78,2
1857-05-21,NA,NA,NA,NA,NA,NA,NA,0,"empty","empty",NA,0,NA,17.22,NA,NA,NA
1857-05-21 07:00:00,16.11,NA,1,0,9.11,"0",1014.9,NA,NA,NA,67,NA,11.67,NA,8.89,11.67,2
1857-05-21 14:00:00,17.78,NA,1,45,17.03,"45",1013.55,NA,NA,NA,66,NA,22.22,NA,17.78,21.67,16
1857-05-21 21:00:00,17.22,NA,1,45,6.98,"45",1003.73,NA,NA,NA,49,NA,17.78,NA,7.78,17.78,16
1857-05-22,NA,NA,NA,NA,NA,NA,NA,0,"empty","empty",NA,0,NA,18.06,NA,NA,NA
1857-05-22 07:00:00,17.22,NA,1,225,12.22,"225",1013.55,NA,NA,NA,93,NA,11.11,NA,10.56,11.11,1
1857-05-22 14:00:00,20.56,NA,1,247.5,22.55,"247.5",1009.41,NA,NA,NA,77,NA,24.17,NA,21.11,23.89,1
1857-05-22 21:00:00,19.44,NA,1,247.5,11.18,"247.5",1010.16,NA,NA,NA,53,NA,18.89,NA,13.33,18.33,1
1857-05-23,NA,NA,NA,NA,NA,NA,NA,0,"empty","empty",NA,0,NA,23.43,NA,NA,NA
1857-05-23 07:00:00,18.33,NA,0,247.5,16.83,NA,1009.28,NA,NA,NA,59,NA,23.89,NA,18.33,23.33,1
1857-05-23 14:00:00,20.56,NA,1,247.5,21.64,"247.5",1008.13,NA,NA,NA,63,NA,25.28,NA,21.11,25,2
1857-05-23 21:00:00,20.56,NA,0,292.5,13.48,NA,1009.82,NA,NA,NA,56,NA,21.11,NA,15.56,20.56,5
1857-05-24,NA,NA,NA,NA,NA,NA,NA,0,"empty","empty",NA,0,NA,23.7,NA,NA,NA
1857-05-24 07:00:00,21.11,NA,NA,247.5,10.02,NA,1014.26,NA,NA,NA,38,NA,23.33,NA,14.44,22.22,1
1857-05-24 14:00:00,22.22,NA,0,270,21.57,NA,1012.19,NA,NA,NA,56,NA,28.89,NA,22.22,28.33,11
1857-05-24 21:00:00,22.78,NA,1,270,15.27,"247.5",1010.97,NA,NA,NA,73,NA,18.89,NA,15.56,18.33,5
1857-05-25,NA,NA,NA,NA,NA,NA,NA,0,"empty","empty",NA,0,NA,26.29,NA,NA,NA
1857-05-25 07:00:00,22.22,NA,2,22.5,21.2,"247.5",1010.8,NA,NA,NA,65,NA,26.11,NA,21.11,25.56,5
1857-05-25 14:00:00,24.44,NA,4,22.5,8.87,"270",1009.14,NA,NA,NA,22,NA,28.89,NA,16.67,28.89,5
1857-05-25 21:00:00,23.89,NA,1,22.5,9.14,"270",1010.16,NA,NA,NA,32,NA,23.89,NA,14.44,23.33,1
1857-05-26,NA,NA,NA,NA,NA,NA,NA,0,"empty","empty",NA,0,NA,13.98,NA,NA,NA
1857-05-26 07:00:00,20,NA,3,225,9.99,"45",1018.63,NA,NA,NA,73,NA,11.67,NA,9.44,11.67,5
1857-05-26 14:00:00,20.56,NA,3,225,9.62,"22.5",1016.86,NA,NA,NA,51,NA,16.67,NA,11.67,16.67,11
1857-05-26 21:00:00,18.89,NA,1,225,9.08,"315",1014.22,NA,NA,NA,58,NA,13.61,NA,10,13.89,11
1857-05-27,NA,NA,NA,NA,NA,NA,NA,0,"1:30pm","2pm",NA,0,NA,20.74,NA,NA,NA
1857-05-27 07:00:00,19.44,NA,2,247.5,19.1,"225",1013.55,NA,NA,NA,79,NA,20.56,NA,18.33,20.56,2
1857-05-27 14:00:00,21.67,NA,7,247.5,13.85,"225",1010.5,NA,NA,NA,50,NA,22.22,NA,16.67,22.78,5
1857-05-27 21:00:00,22.22,NA,4,247.5,13.31,"225",1010.16,NA,NA,NA,59,NA,19.44,NA,15,19.44,2
1857-05-28,NA,NA,NA,NA,NA,NA,NA,6.35,"1am, 3:30am","2am, 6am",NA,0,NA,18.52,NA,NA,NA
1857-05-28 07:00:00,21.67,NA,1,270,13.99,"247.5",1009.14,NA,NA,NA,77,NA,16.11,NA,13.89,16.11,2
1857-05-28 14:00:00,22.22,NA,2,270,16.83,"247.5",1006.84,NA,NA,NA,59,NA,23.33,NA,18.33,23.33,11
1857-05-28 21:00:00,22.22,NA,1,270,13.99,"247.5",1007.11,NA,NA,NA,77,NA,16.11,NA,13.89,16.11,11
1857-05-29,NA,NA,NA,NA,NA,NA,NA,0,"1:30pm","1:45pm",NA,0,NA,16.76,NA,NA,NA
1857-05-29 07:00:00,21.11,NA,2,270,12.06,"270",1005.76,NA,NA,NA,62,NA,17.5,NA,13.33,17.22,11
1857-05-29 14:00:00,20,NA,4,270,13.65,"270",1004.06,NA,NA,NA,67,NA,17.78,NA,14.44,17.78,5
1857-05-29 21:00:00,20.56,NA,4,270,8.2,"270",1006.64,NA,NA,NA,48,NA,15,NA,10,15,1
1857-05-30,NA,NA,NA,NA,NA,NA,NA,1.78,"empty","empty",NA,0,NA,13.72,NA,NA,NA
1857-05-30 07:00:00,17.22,NA,4,270,10.46,"270",1009.21,NA,NA,NA,64,NA,14.44,NA,11.11,14.44,5
1857-05-30 14:00:00,17.22,NA,3,270,13.88,"270",1011.85,NA,NA,NA,82,NA,15.06,NA,13.33,15,2
1857-05-30 21:00:00,17.22,NA,0,270,11.78,NA,1014.22,NA,NA,NA,86,NA,11.67,NA,10.56,11.67,2
1857-05-31,NA,NA,NA,NA,NA,NA,NA,0,"empty","empty",NA,0,NA,15.92,NA,NA,NA
1857-05-31 07:00:00,17.78,NA,1,270,10.46,"270",1016.05,NA,NA,NA,64,NA,14.44,NA,11.11,14.44,2
1857-05-31 14:00:00,18.33,NA,1,270,16.19,"270",1014.22,NA,NA,NA,83,NA,18.33,NA,15.56,17.22,2
1857-05-31 21:00:00,17.22,NA,1,225,14.87,"225",1012.87,NA,NA,NA,88,NA,15,NA,10.56,15,2
1857-06-01,NA,NA,NA,NA,NA,NA,NA,0,"6:30pm","7pm",NA,0,NA,18.52,NA,NA,NA
1857-06-01 07:00:00,17.78,NA,1,135,13.24,"135",1008.47,NA,NA,NA,87,NA,19.44,NA,12.22,13.33,2
1857-06-01 14:00:00,18.89,NA,2,180,21.37,"180",1003.73,NA,NA,NA,NA,NA,19.44,NA,20,22.22,2
1857-06-01 21:00:00,21.11,NA,2,270,17.27,"270",1003.39,NA,NA,NA,NA,NA,16.67,NA,16.11,17.22,2
1857-06-02,NA,NA,NA,NA,NA,NA,NA,3.3,"12pm, 1:15pm","12:15pm, 1:25pm",NA,0,NA,NA,NA,NA,NA
1857-06-02 07:00:00,21.11,NA,0,270,NA,NA,1002.37,NA,NA,NA,NA,NA,NA,NA,17.78,19.44,1
1857-06-02 14:00:00,17.78,NA,1,180,8.8,"180",1001.02,NA,NA,NA,NA,NA,NA,NA,18.89,19.44,1
1857-06-02 21:00:00,18.89,NA,2,247.5,11.51,"157.5",1000.81,NA,NA,NA,61,NA,NA,NA,12.78,16.67,2
1857-06-03,NA,NA,NA,NA,NA,NA,NA,0.23,"empty","empty",NA,0,NA,15.68,NA,NA,NA
1857-06-03 07:00:00,19.44,NA,3,270,11.38,"270",1002.37,NA,NA,NA,75,NA,13.33,NA,11.11,13.33,5
1857-06-03 14:00:00,18.33,NA,3,270,12.16,"270",1002.03,NA,NA,NA,40,NA,18.17,NA,12.22,18.89,5
1857-06-03 21:00:00,18.33,NA,1,270,8.23,"270",1002.85,NA,NA,NA,54,NA,15.56,NA,11.11,15.56,2
1857-06-04,NA,NA,NA,NA,NA,NA,NA,0,"empty","empty",NA,0,NA,14.63,NA,NA,NA
1857-06-04 07:00:00,18.33,NA,0,270,12.02,NA,1006.16,NA,NA,NA,49,NA,16.11,NA,10.56,15.56,2
1857-06-04 14:00:00,18.33,NA,3,270,0.54,"270",1009.14,NA,NA,NA,49,NA,16.11,NA,10,16.11,5
1857-06-04 21:00:00,17.78,NA,2,315,6.57,"315",1011.72,NA,NA,NA,NA,NA,11.67,NA,7.22,11.67,2
1857-06-05,NA,NA,NA,NA,NA,NA,NA,0,"8:10pm","8:30pm",NA,0,NA,12.41,NA,NA,NA
1857-06-05 07:00:00,17.22,NA,0,315,3.86,NA,1012.87,NA,NA,NA,21,NA,11.67,NA,10.56,10.56,2
1857-06-05 14:00:00,17.22,NA,2,315,4.74,"315",1010.84,NA,NA,NA,28,NA,15,NA,7.78,15,2
1857-06-05 21:00:00,18.33,NA,2,315,9.14,"315",1012.12,NA,NA,NA,72,NA,10.56,NA,8.33,10.56,5
1857-06-06,NA,NA,NA,NA,NA,NA,NA,0,"11:10am, 12pm, 10:15pm","11:20am, 12:45pm, 10:30pm",NA,0,NA,13.18,NA,NA,NA
1857-06-06 07:00:00,17.78,NA,2,292.5,8.67,"292.5",1009.14,NA,NA,NA,61,NA,12.22,NA,8.89,12.22,2
1857-06-06 14:00:00,17.78,NA,3,270,14.8,"270",1006.1,NA,NA,NA,88,NA,14.56,NA,13.89,15,2
1857-06-06 21:00:00,17.78,NA,3,247.5,9.04,"247.5",1004.06,NA,NA,NA,67,NA,12.78,NA,8.89,11.67,2
1857-06-07,NA,NA,NA,NA,NA,NA,NA,0,"empty","empty",NA,0,NA,15,NA,NA,NA
1857-06-07 07:00:00,17.22,NA,1,NA,10.87,"22.5",1003.39,NA,NA,NA,80,NA,11.67,NA,10,11.67,1
1857-06-07 14:00:00,18.33,NA,2,247.5,13.65,"225",1004.2,NA,NA,NA,100,NA,18.33,NA,15.56,17.22,2
1857-06-07 21:00:00,17.22,NA,1,225,15.31,"225",1008.26,NA,NA,NA,94,NA,15,NA,13.89,14.44,1
1857-06-08,NA,NA,NA,NA,NA,NA,NA,0,"empty","empty",NA,0,NA,18.13,NA,NA,NA
1857-06-08 07:00:00,17.78,NA,0,225,10.94,NA,1013.21,NA,NA,NA,65,NA,15.56,NA,11.67,15,1
1857-06-08 14:00:00,19.44,NA,1,247.5,9.38,"225",1014.16,NA,NA,NA,39,NA,21.06,NA,13.33,20.56,1
1857-06-08 21:00:00,19.44,NA,1,180,11.01,"180",1014.63,NA,NA,NA,61,NA,17.78,NA,12.22,16.11,1
1857-06-09,NA,NA,NA,NA,NA,NA,NA,0,"empty","empty",NA,0,NA,20.11,NA,NA,NA
1857-06-09 07:00:00,19.44,NA,3,180,11.51,"180",1017.61,NA,NA,NA,61,NA,17.56,NA,12.78,16.67,5
1857-06-09 14:00:00,22.22,NA,3,180,13.41,"180",1015.65,NA,NA,NA,48,NA,23.89,NA,16.67,23.33,5
1857-06-09 21:00:00,20.56,NA,1,180,13.17,"225",1012.53,NA,NA,NA,63,NA,18.89,NA,14.44,18.33,1
1857-06-10,NA,NA,NA,NA,NA,NA,NA,0,"empty","empty",NA,0,NA,20.92,NA,NA,NA
1857-06-10 07:00:00,20.56,NA,2,202.5,16.36,"157.5",1014.22,NA,NA,NA,70,NA,17.78,NA,15,17.78,2
1857-06-10 14:00:00,21.67,NA,1,180,16.39,"180",1010.84,NA,NA,NA,56,NA,24.44,NA,18.33,23.89,2
1857-06-10 21:00:00,22.22,NA,0,180,15.92,NA,1009.14,NA,NA,NA,69,NA,20.56,NA,16.67,20,1
1857-06-11,NA,NA,NA,NA,NA,NA,NA,0,"6:30am, 10am, 8:50pm",NA,NA,0,NA,16.96,NA,NA,NA
1857-06-11 07:00:00,22.22,NA,2,180,13.68,"180",1002.71,NA,NA,NA,77,NA,17.56,NA,15.56,17.78,2
1857-06-11 14:00:00,21.11,NA,3,90,16.02,"90",995.94,NA,NA,NA,81,NA,17.22,NA,15,16.11,2
1857-06-11 21:00:00,20.56,NA,3,90,16.49,"90",992.21,NA,NA,NA,74,NA,16.11,NA,15,15.56,2
1857-06-12,NA,NA,NA,NA,NA,NA,NA,14.22,"12:30am, 4:20pm","5am,5pm",NA,0,NA,17.14,NA,NA,NA
1857-06-12 07:00:00,21.11,NA,4,270,15.44,"270",990.86,NA,NA,NA,88,NA,15.33,NA,14.44,15.56,11
1857-06-12 14:00:00,20.56,NA,4,270,19.95,"270",997.36,NA,NA,NA,63,NA,18.89,NA,14.44,18.33,11
1857-06-12 21:00:00,14.44,NA,3,270,12.53,"270",1000.14,NA,NA,NA,66,NA,17.22,NA,13.33,16.67,11
1857-06-13,NA,NA,NA,NA,NA,NA,NA,0,"8pm","8:45pm",NA,0,NA,17.41,NA,NA,NA
1857-06-13 07:00:00,20,NA,3,247.5,13.41,"247.5",1002.37,NA,NA,NA,76,NA,15.56,NA,13.33,15.56,5
1857-06-13 14:00:00,20.56,NA,3,270,14.09,"270",994.24,NA,NA,NA,57,NA,21.11,NA,16.11,21.11,11
1857-06-13 21:00:00,20,NA,3,270,11.82,"270",1002.71,NA,NA,NA,81,NA,15.56,NA,11.11,12.78,2
1857-06-14,NA,NA,NA,NA,NA,NA,NA,13.46,"empty","empty",NA,0,NA,14.81,NA,NA,NA
1857-06-14 07:00:00,20.56,NA,3,270,NA,"270",1012.53,NA,NA,NA,63,NA,13.33,NA,10,13.33,11
1857-06-14 14:00:00,18.33,NA,3,292.5,9.14,"292.5",1012.53,NA,NA,NA,47,NA,17.22,NA,11.67,17.22,5
1857-06-14 21:00:00,17.22,NA,2,292.5,9.11,"292.5",1015.71,NA,NA,NA,62,NA,13.89,NA,9.44,12.78,1
1857-06-15,NA,NA,NA,NA,NA,NA,NA,0,"empty","empty",NA,0,NA,16.2,NA,NA,NA
1857-06-15 07:00:00,18.33,NA,2,315,NA,"315",1018.76,NA,NA,NA,40,NA,13.61,NA,7.78,13.33,11
1857-06-15 14:00:00,18.89,NA,1,270,8.09,"270",1016.59,NA,NA,NA,40,NA,19.44,NA,12.22,18.89,5
1857-06-15 21:00:00,18.89,NA,1,315,9.11,"315",1016.86,NA,NA,NA,NA,NA,18.89,NA,10.56,15,1
1857-06-16,NA,NA,NA,NA,NA,NA,NA,0,"5am, 8pm","7:25am",NA,0,NA,15,NA,NA,NA
1857-06-16 07:00:00,18.33,NA,3,45,7.79,"0",1017.75,NA,NA,NA,NA,NA,13.89,NA,8.89,13.33,11
1857-06-16 14:00:00,18.33,NA,1,67.5,8.23,"67.5",1015.85,NA,NA,NA,43,NA,17.22,NA,11.11,17.22,5
1857-06-16 21:00:00,17.78,NA,1,67.5,NA,"67.5",1015.24,NA,NA,NA,NA,NA,13.89,NA,10.56,13.89,5
1857-06-17,NA,NA,NA,NA,NA,NA,NA,0,"empty","5am",NA,0,NA,12.96,NA,NA,NA
1857-06-17 07:00:00,17.78,NA,3,67.5,12.22,"67.5",1014.16,NA,NA,NA,93,NA,11.67,NA,10.56,11.11,1
1857-06-17 14:00:00,16.11,NA,3,90,13.34,"90",1013.55,NA,NA,NA,82,NA,14.44,NA,12.78,14.44,5
1857-06-17 21:00:00,18.89,NA,1,90,13.82,"90",1014.22,NA,NA,NA,94,NA,12.78,NA,12.22,12.78,2
1857-06-18,NA,NA,NA,NA,NA,NA,NA,16.51,"12:30am","12:45pm",NA,0,NA,13.7,NA,NA,NA
1857-06-18 07:00:00,17.78,NA,1,90,13.82,"90",1013.21,NA,NA,NA,94,NA,12.78,NA,12.22,12.78,1
1857-06-18 14:00:00,18.33,NA,1,112.5,15.78,"112.5",1012.19,NA,NA,NA,100,NA,14.44,NA,13.89,13.89,2
1857-06-18 21:00:00,18.33,NA,1,112.5,14.76,"112.5",1009.14,NA,NA,NA,94,NA,13.89,NA,13.33,13.89,5
1857-06-19,NA,NA,NA,NA,NA,NA,NA,0.23,"empty","empty",NA,0,NA,19.44,NA,NA,NA
1857-06-19 07:00:00,18.33,NA,2,180,15.92,NA,1010.84,NA,NA,NA,73,NA,19.44,NA,16.11,18.89,5
1857-06-19 14:00:00,19.44,NA,1,225,18.18,"225",1010.84,NA,NA,NA,75,NA,21.11,NA,18.33,21.11,5
1857-06-19 21:00:00,20,NA,2,NA,16.83,"225",1009.82,NA,NA,NA,83,NA,17.22,NA,16.11,17.78,2
1857-06-20,NA,NA,NA,NA,NA,NA,NA,0,"empty","empty",NA,0,NA,21.48,NA,NA,NA
1857-06-20 07:00:00,19.44,NA,1,270,17.47,"270",1012.87,NA,NA,NA,70,NA,21.67,NA,17.78,21.11,2
1857-06-20 14:00:00,20,NA,2,247.5,17.27,"247.5",1012.87,NA,NA,NA,63,NA,23.33,NA,18.33,22.78,2
1857-06-20 21:00:00,21.67,NA,2,247.5,16.56,"247.5",1007.11,NA,NA,NA,75,NA,19.44,NA,16.67,19.44,2
1857-06-21,NA,NA,NA,NA,NA,NA,NA,0,"7:45am, 8:30pm","8:45am",NA,0,NA,20.56,NA,NA,NA
1857-06-21 07:00:00,21.67,NA,4,247.5,13.48,"247.5",1011.85,NA,NA,NA,56,NA,20.56,NA,15.56,20.56,11
1857-06-21 14:00:00,21.11,NA,3,247.5,16.12,"247.5",1009.31,NA,NA,NA,59,NA,22.78,NA,17.78,22.78,2
1857-06-21 21:00:00,21.11,NA,1,247.5,13.17,"247.5",1012.19,NA,NA,NA,63,NA,18.33,NA,14.44,18.33,5
1857-06-22,NA,NA,NA,NA,NA,NA,NA,7.11,"6:30am","3:15am, 7am",NA,0,NA,17.5,NA,NA,NA
1857-06-22 07:00:00,21.11,NA,1,247.5,13.41,"247.5",1013.58,NA,NA,NA,76,NA,16.11,NA,13.33,15.56,5
1857-06-22 14:00:00,20.56,NA,1,45,13.48,"22.5",1006.03,NA,NA,NA,56,NA,20.83,NA,15.56,20.56,1
1857-06-22 21:00:00,19.44,NA,4,22.5,10.94,"22.5",1002.37,NA,NA,NA,65,NA,15.56,NA,11.67,15,11
1857-06-23,NA,NA,NA,NA,NA,NA,NA,0,"empty","empty",NA,0,NA,15.92,NA,NA,NA
1857-06-23 07:00:00,19.44,NA,3,315,NA,"315",1004.06,NA,NA,NA,NA,NA,14.44,NA,12.78,14.44,5
1857-06-23 14:00:00,19.44,NA,2,337.5,12.73,"337.5",1007.45,NA,NA,NA,59,NA,18.89,NA,14.44,18.89,2
1857-06-23 21:00:00,18.89,NA,4,247.5,13.34,"247.5",1013.55,NA,NA,NA,82,NA,14.44,NA,12.78,14.44,11
1857-06-24,NA,NA,NA,NA,NA,NA,NA,0,"7:20am, 1:20pm","7:50am, 2:20pm",NA,0,NA,20.18,NA,NA,NA
1857-06-24 07:00:00,20,NA,3,270,9.14,"270",1012.09,NA,NA,NA,47,NA,17.78,NA,11.67,17.22,5
1857-06-24 14:00:00,20.56,NA,3,315,21.37,"315",1010.63,NA,NA,NA,81,NA,22.78,NA,20,22.22,5
1857-06-24 21:00:00,20,NA,1,315,16.12,"292.5",1000.51,NA,NA,NA,69,NA,20,NA,16.67,20,1
1857-06-25,NA,NA,NA,NA,NA,NA,NA,20.32,"empty","empty",NA,0,NA,19.35,NA,NA,NA
1857-06-25 07:00:00,20,NA,4,315,18.18,"315",1011.24,NA,NA,NA,100,NA,16.11,NA,16.11,16.11,11
1857-06-25 14:00:00,21.11,NA,3,270,22.42,"315",1009.08,NA,NA,NA,100,NA,20.28,NA,19.44,19.44,16
1857-06-25 21:00:00,21.67,NA,1,270,17.03,"270",1015.88,NA,NA,NA,66,NA,22.78,NA,17.78,21.67,1
1857-06-26,NA,NA,NA,NA,NA,NA,NA,0,"empty","empty",NA,0,NA,22.11,NA,NA,NA
1857-06-26 07:00:00,21.11,NA,1,0,8.77,"270",1012.87,NA,NA,NA,40,NA,21.11,NA,12.22,18.89,1
1857-06-26 14:00:00,21.11,NA,1,337.5,13.41,"292.5",1012.53,NA,NA,NA,48,NA,24.17,NA,16.67,23.33,1
1857-06-26 21:00:00,21.11,NA,NA,NA,16.12,NA,1013.88,NA,NA,NA,69,NA,20.56,NA,16.67,20,NA
1857-06-27,NA,NA,NA,NA,NA,NA,NA,0,"empty","empty",NA,0,NA,21.11,NA,NA,NA
1857-06-27 07:00:00,21.11,NA,0,0,16.56,NA,1017.27,NA,NA,NA,75,NA,19.44,NA,16.67,19.44,1
1857-06-27 14:00:00,21.11,NA,3,180,16.39,"180",1015.92,NA,NA,NA,56,NA,22.78,NA,18.33,23.89,5
1857-06-27 21:00:00,21.67,NA,0,247.5,15.92,NA,1015.24,NA,NA,NA,73,NA,19.44,NA,16.11,18.89,0
1857-06-28,NA,NA,NA,NA,NA,NA,NA,0,"empty","empty",NA,0,NA,21.57,NA,NA,NA
1857-06-28 07:00:00,21.11,NA,0,45,15.27,NA,1016.59,NA,NA,NA,73,NA,18.89,NA,15.56,18.33,1
1857-06-28 14:00:00,21.67,NA,NA,NA,19.34,NA,1013.88,NA,NA,NA,64,NA,25,NA,20,24.44,NA
1857-06-28 21:00:00,22.78,NA,NA,NA,16.8,NA,1012.94,NA,NA,NA,70,NA,20.83,NA,17.22,20.56,NA
1857-06-29,NA,NA,NA,NA,NA,NA,NA,0,"11:30am","11:20pm",NA,0,NA,20.74,NA,NA,NA
1857-06-29 07:00:00,21.11,NA,0,315,NA,NA,1013.55,NA,NA,NA,NA,NA,18.61,NA,12.78,16.67,1
1857-06-29 14:00:00,21.67,NA,4,45,NA,"45",1009.31,NA,NA,NA,NA,NA,23.89,NA,23.89,23.89,11
1857-06-29 21:00:00,23.33,NA,2,45,NA,"45",1010.16,NA,NA,NA,NA,NA,19.72,NA,15,19.44,2
1857-06-30,NA,NA,NA,NA,NA,NA,NA,0,"1:10pm, 4:10pm","1:15pm,6pm",NA,0,NA,17.78,NA,NA,NA
1857-06-30 07:00:00,20.56,NA,1,180,NA,"180",1011.51,NA,NA,NA,NA,NA,18.33,NA,15.56,18.33,1
1857-06-30 14:00:00,21.11,NA,2,180,NA,"180",1010.9,NA,NA,NA,NA,NA,19.44,NA,17.78,19.44,2
1857-06-30 21:00:00,19.44,NA,1,45,NA,"45",1011.85,NA,NA,NA,NA,NA,15.56,NA,15,16.11,1
1857-07-01,NA,NA,NA,NA,NA,NA,NA,0.51,"11:50am, 9:10pm","12pm, 9:20pm",NA,0,NA,17.03,NA,NA,NA
1857-07-01 07:00:00,20,NA,1,135,16.02,"135",1015.58,NA,NA,NA,88,NA,16.11,NA,15,16.11,1
1857-07-01 14:00:00,19.44,NA,1,90,13.31,"90",1017.27,NA,NA,NA,59,NA,19.44,NA,15,19.44,1
1857-07-01 21:00:00,18.89,NA,2,45,13.41,"90",1019.3,NA,NA,NA,76,NA,15.56,NA,13.33,15.56,2
1857-07-02,NA,NA,NA,NA,NA,NA,NA,0.23,"empty","empty",NA,0,NA,19.07,NA,NA,NA
1857-07-02 07:00:00,20,NA,4,180,13.17,"180",1021.33,NA,NA,NA,63,NA,18.33,NA,14.44,18.33,11
1857-07-02 14:00:00,20,NA,1,180,17,"180",1020.32,NA,NA,NA,66,NA,22.22,NA,17.78,21.67,1
1857-07-02 21:00:00,19.44,NA,0,180,11.01,"180",1019.3,NA,NA,NA,61,NA,16.67,NA,12.22,16.11,1
1857-07-03,NA,NA,NA,NA,NA,NA,NA,0,"empty","empty",NA,0,NA,20.92,NA,NA,NA
1857-07-03 07:00:00,17.78,NA,2,270,15.27,"270",1017.61,NA,NA,NA,78,NA,18.89,NA,15.56,18.33,2
1857-07-03 14:00:00,21.67,NA,2,225,16.39,"225",1014.9,NA,NA,NA,56,NA,25,NA,18.33,23.89,2
1857-07-03 21:00:00,21.11,NA,NA,NA,14.22,NA,1014.56,NA,NA,NA,68,NA,18.89,NA,15,18.33,0
1857-07-04,NA,NA,NA,NA,NA,NA,NA,0,"empty","empty",NA,0,NA,21.48,NA,NA,NA
1857-07-04 07:00:00,21.11,NA,3,202.5,16.56,"202.5",1015.58,NA,NA,NA,75,NA,19.44,NA,16.67,19.44,5
1857-07-04 14:00:00,21.67,NA,3,202.5,17.1,"202.5",1014.22,NA,NA,NA,56,NA,25.28,NA,18.89,24.44,5
1857-07-04 21:00:00,21.67,NA,0,315,13.31,NA,1016.93,NA,NA,NA,59,NA,19.72,NA,15,19.44,1
1857-07-05,NA,NA,NA,NA,NA,NA,NA,0,"empty","empty",NA,0,NA,20.37,NA,NA,NA
1857-07-05 07:00:00,21.11,NA,0,NA,8.77,NA,1022.62,NA,NA,NA,40,NA,19.44,NA,12.22,18.89,0
1857-07-05 14:00:00,21.67,NA,0,90,13.41,NA,1022.35,NA,NA,NA,48,NA,23.89,NA,16.67,23.33,1
1857-07-05 21:00:00,21.67,NA,1,180,9.14,"180",1015.88,NA,NA,NA,47,NA,17.78,NA,11.67,17.22,1
1857-07-06,NA,NA,NA,NA,NA,NA,NA,0,"12:10pm","empty",NA,0,NA,21.94,NA,NA,NA
1857-07-06 07:00:00,20,NA,3,202.5,9.14,"202.5",1022.01,NA,NA,NA,47,NA,17.78,NA,11.67,17.22,5
1857-07-06 14:00:00,21.67,NA,1,202.5,14.56,"202.5",1018.96,NA,NA,NA,48,NA,26.94,NA,18.33,26.11,1
1857-07-06 21:00:00,22.78,NA,3,247.5,17.47,"247.5",1015.71,NA,NA,NA,70,NA,21.11,NA,17.78,21.11,5
1857-07-07,NA,NA,NA,NA,NA,NA,NA,0,"empty","1pm",NA,0,NA,20.64,NA,NA,NA
1857-07-07 07:00:00,23.33,NA,6,225,16.56,"225",1013.55,NA,NA,NA,75,NA,19.72,NA,16.67,19.44,20
1857-07-07 14:00:00,23.33,NA,3,315,21.37,"315",1012.12,NA,NA,NA,81,NA,22.22,NA,20,22.22,5
1857-07-07 21:00:00,22.78,NA,2,0,16.56,"0",1011.21,NA,NA,NA,75,NA,20,NA,16.67,19.44,2
1857-07-08,NA,NA,NA,NA,NA,NA,NA,0.51,"empty","empty",NA,0,NA,20.74,NA,NA,NA
1857-07-08 07:00:00,21.67,NA,3,270,9.58,"270",1016.59,NA,NA,NA,54,NA,17.5,NA,11.11,15.56,5
1857-07-08 14:00:00,21.67,NA,2,270,13.41,"270",1017.27,NA,NA,NA,48,NA,24.17,NA,16.67,23.33,2
1857-07-08 21:00:00,22.22,NA,0,NA,13.48,NA,1018.96,NA,NA,NA,56,NA,20.56,NA,15.56,20.56,0
1857-07-09,NA,NA,NA,NA,NA,NA,NA,0,"empty","empty",NA,0,NA,24.53,NA,NA,NA
1857-07-09 07:00:00,21.67,NA,2,337.5,13.48,"337.5",1024.72,NA,NA,NA,56,NA,23.33,NA,15.56,20.56,2
1857-07-09 14:00:00,22.22,NA,1,247.5,14.56,"247.5",1023.03,NA,NA,NA,43,NA,26.11,NA,18.33,26.11,1
1857-07-09 21:00:00,22.22,NA,1,225,16.8,"225",1024.04,NA,NA,NA,70,NA,20.83,NA,17.22,20.56,1
1857-07-10,NA,NA,NA,NA,NA,NA,NA,0,"empty","empty",NA,0,NA,22.78,NA,NA,NA
1857-07-10 07:00:00,21.11,NA,2,180,13.17,"180",1025.06,NA,NA,NA,63,NA,18.33,NA,14.44,18.33,2
1857-07-10 14:00:00,22.78,NA,1,180,22.01,"180",1024.38,NA,NA,NA,59,NA,27.78,NA,22.22,27.78,1
1857-07-10 21:00:00,23.89,NA,1,180,20.15,"180",1021,NA,NA,NA,76,NA,22.22,NA,19.44,22.22,1
1857-07-11,NA,NA,NA,NA,NA,NA,NA,0,"empty","empty",NA,0,NA,26.67,NA,NA,NA
1857-07-11 07:00:00,22.22,NA,1,247.5,17.03,"247.5",1022.69,NA,NA,NA,66,NA,21.67,NA,17.78,21.67,1
1857-07-11 14:00:00,25,NA,3,225,24.82,"225",1022.62,NA,NA,NA,61,NA,31.11,NA,23.89,29.44,5
1857-07-11 21:00:00,27.22,NA,2,225,22.05,"225",1018.08,NA,NA,NA,66,NA,27.22,NA,21.67,26.11,2
1857-07-12,NA,NA,NA,NA,NA,NA,NA,0,"empty","empty",NA,0,NA,26.39,NA,NA,NA
1857-07-12 07:00:00,24.44,NA,3,270,16.12,"270",1019.3,NA,NA,NA,59,NA,23.06,NA,17.78,22.78,5
1857-07-12 14:00:00,27.22,NA,2,247.5,20.62,"247.5",1017.27,NA,NA,NA,46,NA,32.22,NA,22.78,31.11,2
1857-07-12 21:00:00,25,NA,3,45,21.27,"45",1015.92,NA,NA,NA,73,NA,23.89,NA,20.56,23.89,5
1857-07-13,NA,NA,NA,NA,NA,NA,NA,0,"empty","empty",NA,0,NA,29.08,NA,NA,NA
1857-07-13 07:00:00,25,NA,0,NA,20.28,NA,1018.63,NA,NA,NA,59,NA,28.33,NA,21.11,26.67,0
1857-07-13 14:00:00,27.22,NA,1,270,23.43,"270",1014.22,NA,NA,NA,52,NA,32.22,NA,23.89,31.11,1
1857-07-13 21:00:00,27.78,NA,0,270,26.65,NA,1016.56,NA,NA,NA,74,NA,26.67,NA,23.89,27.22,5
1857-07-14,NA,NA,NA,NA,NA,NA,NA,0,"empty","empty",NA,0,NA,28.61,NA,NA,NA
1857-07-14 07:00:00,24.44,NA,1,270,22.05,"270",1016.66,NA,NA,NA,66,NA,25.56,NA,21.67,26.11,1
1857-07-14 14:00:00,27.22,NA,1,270,25.43,"270",1014.22,NA,NA,NA,53,NA,33.61,NA,25,32.22,1
1857-07-14 21:00:00,27.78,NA,1,180,20.28,"180",1014.22,NA,NA,NA,74,NA,26.67,NA,21.11,26.67,1
1857-07-15,NA,NA,NA,NA,NA,NA,NA,0,"empty","empty",NA,0,NA,27.03,NA,NA,NA
1857-07-15 07:00:00,25,NA,1,180,22.05,"180",1015.24,NA,NA,NA,66,NA,26.11,NA,21.67,26.11,1
1857-07-15 14:00:00,28.33,NA,3,247.5,24.82,"247.5",1013.55,NA,NA,NA,61,NA,30,NA,23.89,29.44,5
1857-07-15 21:00:00,27.22,NA,NA,NA,23.4,NA,1017.88,NA,NA,NA,69,NA,25.56,NA,22.22,26.11,0
1857-07-16,NA,NA,NA,NA,NA,NA,NA,0,"2pm, 9:30pm","5pm, 9:15pm",NA,0,NA,24.91,NA,NA,NA
1857-07-16 07:00:00,24.44,NA,1,247.5,24.28,"247.5",1015.92,NA,NA,NA,77,NA,25.28,NA,22.22,25,1
1857-07-16 14:00:00,26.67,NA,2,247.5,22.01,"247.5",1015.58,NA,NA,NA,59,NA,27.78,NA,22.22,27.78,2
1857-07-16 21:00:00,23.89,NA,1,180,21.37,"270",1016.59,NA,NA,NA,81,NA,21.67,NA,20,22.22,1
1857-07-17,NA,NA,NA,NA,NA,NA,NA,4.57,"empty","empty",NA,0,NA,24.07,NA,NA,NA
1857-07-17 07:00:00,22.22,NA,1,NA,23.1,"270",1016.59,NA,NA,NA,90,NA,22.22,NA,20.56,21.67,0
1857-07-17 14:00:00,25,NA,1,225,27.53,"225",1015.65,NA,NA,NA,82,NA,26.39,NA,23.89,26.11,1
1857-07-17 21:00:00,25,NA,0,NA,25.67,"270",1008.06,NA,NA,NA,90,NA,23.61,NA,22.22,23.33,0
1857-07-18,NA,NA,NA,NA,NA,NA,NA,5.08,"4:20am, 7am, 10am, 10:55pm","4:50am, 8:30am, 1:30pm",NA,0,NA,25.56,NA,NA,NA
1857-07-18 07:00:00,23.89,NA,1,225,23.47,"225",1014.22,NA,NA,NA,85,NA,22.22,NA,21.11,22.78,1
1857-07-18 14:00:00,26.11,NA,NA,225,25.26,NA,1011.85,NA,NA,NA,64,NA,29.44,NA,23.89,28.89,1
1857-07-18 21:00:00,26.67,NA,0,NA,25.67,NA,1010.84,NA,NA,NA,82,NA,25,NA,22.78,25,NA
1857-07-19,NA,NA,NA,NA,NA,NA,NA,0,"empty","12:15am",NA,0,NA,22.22,NA,NA,NA
1857-07-19 07:00:00,24.44,NA,1,225,23.4,"225",1010.84,NA,NA,NA,77,NA,24.72,NA,21.67,24.44,1
1857-07-19 14:00:00,22.22,NA,3,0,23.2,"270",1007.45,NA,NA,NA,100,NA,20,NA,20,20,5
1857-07-19 21:00:00,23.89,NA,2,247.5,21.37,"247.5",1004.54,NA,NA,NA,81,NA,21.94,NA,20,22.22,2
1857-07-20,NA,NA,NA,NA,NA,NA,NA,16.26,"2pm","4pm",NA,0,NA,23.33,NA,NA,NA
1857-07-20 07:00:00,23.33,NA,1,270,23.03,"270",1005.76,NA,NA,NA,81,NA,23.33,NA,21.11,23.33,1
1857-07-20 14:00:00,24.44,NA,1,292.5,21.64,"337.5",1005.08,NA,NA,NA,69,NA,25,NA,21.11,25,1
1857-07-20 21:00:00,23.89,NA,1,315,23.1,"315",1005.42,NA,NA,NA,90,NA,21.67,NA,20.56,21.67,1
1857-07-21,NA,NA,NA,NA,NA,NA,NA,1.78,"empty","empty",NA,0,NA,22.41,NA,NA,NA
1857-07-21 07:00:00,23.33,NA,3,225,22.49,"225",1005.69,NA,NA,NA,69,NA,21.67,NA,21.67,22.78,5
1857-07-21 14:00:00,23.89,NA,1,45,23.03,"0",1005.76,NA,NA,NA,81,NA,23.33,NA,21.11,23.33,1
1857-07-21 21:00:00,23.33,NA,1,22.5,16.8,"22.5",1006.1,NA,NA,NA,70,NA,22.22,NA,17.22,20.56,1
1857-07-22,NA,NA,NA,NA,NA,NA,NA,0,"empty","empty",NA,0,NA,19.63,NA,NA,NA
1857-07-22 07:00:00,22.78,NA,2,22.5,19.1,"22.5",1007.79,NA,NA,NA,79,NA,20.56,NA,18.33,20.56,2
1857-07-22 14:00:00,22.22,NA,4,22.5,21.37,"22.5",1012.19,NA,NA,NA,81,NA,22.22,NA,20,22.22,11
1857-07-22 21:00:00,20.56,NA,7,22.5,13.99,"337.5",1016.93,NA,NA,NA,77,NA,16.11,NA,13.89,16.11,27
1857-07-23,NA,NA,NA,NA,NA,NA,NA,0,"3pm","9pm,",NA,0,NA,17.13,NA,NA,NA
1857-07-23 07:00:00,20,NA,5,45,16.02,"45",1019.98,NA,NA,NA,88,NA,16.11,NA,15,16.11,16
1857-07-23 14:00:00,20.56,NA,6,45,16.56,"45",1019.1,NA,NA,NA,75,NA,19.44,NA,16.67,19.44,20
1857-07-23 21:00:00,20,NA,6,45,14.87,"45",1018.29,NA,NA,NA,88,NA,15.83,NA,13.89,15,20
1857-07-24,NA,NA,NA,NA,NA,NA,NA,11.94,"4:15pm, 5pm","4:30pm, 6pm",NA,0,NA,21.39,NA,NA,NA
1857-07-24 07:00:00,20,NA,3,67.5,16.83,"67.5",1019.3,NA,NA,NA,83,NA,18.06,NA,16.11,17.78,5
1857-07-24 14:00:00,21.67,NA,2,180,23.4,NA,1015.92,NA,NA,NA,69,NA,26.11,NA,22.22,26.11,2
1857-07-24 21:00:00,21.67,NA,1,180,19.1,"180",1017.27,NA,NA,NA,79,NA,20,NA,18.33,20.56,1
1857-07-25,NA,NA,NA,NA,NA,NA,NA,0.23,"10:35am, 4:50pm","11:10am, 6pm",NA,0,NA,23.33,NA,NA,NA
1857-07-25 07:00:00,21.11,NA,1,225,21.37,"225",1017.95,NA,NA,NA,81,NA,22.78,NA,20,22.22,1
1857-07-25 14:00:00,22.78,NA,2,270,21.64,"270",1018.56,NA,NA,NA,69,NA,25.56,NA,21.11,25,2
1857-07-25 21:00:00,23.89,NA,1,270,20.89,"270",1019.84,NA,NA,NA,77,NA,22.78,NA,20,22.78,1
1857-07-26,NA,NA,NA,NA,NA,NA,NA,0.23,"empty","empty",NA,0,NA,25.74,NA,NA,NA
1857-07-26 07:00:00,22.78,NA,2,292.5,23.03,"247.5",1022.01,NA,NA,NA,81,NA,24.44,NA,21.11,NA,2
1857-07-26 14:00:00,25,NA,2,270,25.26,"247.5",1020.66,NA,NA,NA,64,NA,28.89,NA,23.89,28.89,2
1857-07-26 21:00:00,25.56,NA,1,NA,21.27,"247.5",1019.71,NA,NA,NA,73,NA,23.89,NA,20.56,23.89,NA
1857-07-27,NA,NA,NA,NA,NA,NA,NA,0,"empty","empty",NA,0,NA,26.94,NA,NA,NA
1857-07-27 07:00:00,23.33,NA,2,247.5,22.55,"247.5",1020.32,NA,NA,NA,77,NA,23.89,NA,21.11,23.89,2
1857-07-27 14:00:00,25.56,NA,2,247.5,25.87,"247.5",1016.32,NA,NA,NA,56,NA,31.39,NA,25,31.67,2
1857-07-27 21:00:00,26.11,NA,1,247.5,24.28,"270",1013.88,NA,NA,NA,77,NA,25.56,NA,22.22,25,1
1857-07-28,NA,NA,NA,NA,NA,NA,NA,0.23,"1:25am, 2:15pm, 3pm, 6pm","1:30am, 2:20pm, 5:10pm, 6:10pm",NA,0,NA,25.46,NA,NA,NA
1857-07-28 07:00:00,26.11,NA,1,270,25.26,"270",1012.53,NA,NA,NA,64,NA,29.17,NA,23.89,28.89,1
1857-07-28 14:00:00,27.22,NA,3,270,26.65,"270",1012.53,NA,NA,NA,74,NA,27.22,NA,23.89,NA,5
1857-07-28 21:00:00,22.78,NA,1,315,19.54,"315",1012.87,NA,NA,NA,85,NA,20,NA,18.33,20,1
1857-07-29,NA,NA,NA,NA,NA,NA,NA,0.23,"empty","empty",NA,0,NA,22.03,NA,NA,NA
1857-07-29 07:00:00,20.56,NA,3,337.5,17.47,"337.5",1018.9,NA,NA,NA,70,NA,21.67,NA,17.78,21.11,5
1857-07-29 14:00:00,22.22,NA,2,0,23.4,"0",1019.44,NA,NA,NA,77,NA,24.44,NA,21.67,24.44,2
1857-07-29 21:00:00,22.22,NA,0,0,16.12,NA,1021.33,NA,NA,NA,69,NA,20,NA,16.67,20,1
1857-07-30,NA,NA,NA,NA,NA,NA,NA,0,"empty","empty",NA,0,NA,22.22,NA,NA,NA
1857-07-30 07:00:00,21.11,NA,1,337.5,19.54,"337.5",1022.69,NA,NA,NA,85,NA,20,NA,18.33,20,1
1857-07-30 14:00:00,22.78,NA,3,315,27.53,"315",1019.3,NA,NA,NA,82,NA,26.11,NA,23.89,26.11,5
1857-07-30 21:00:00,22.22,NA,1,180,20.28,"180",1019.3,NA,NA,NA,85,NA,20.56,NA,18.89,20.56,1
1857-07-31,NA,NA,NA,NA,NA,NA,NA,0,"10:30am, 6:40pm","12:40pm, 11pm",NA,0,NA,20.92,NA,NA,NA
1857-07-31 07:00:00,22.22,NA,3,180,27.5,"180",1014.56,NA,NA,NA,100,NA,22.78,NA,22.22,22.78,5
1857-07-31 14:00:00,22.22,NA,3,180,23.47,"225",1012.53,NA,NA,NA,85,NA,21.67,NA,21.11,22.78,5
1857-07-31 21:00:00,22.78,NA,2,135,20.93,"135",1009.14,NA,NA,NA,100,NA,18.33,NA,18.33,18.33,2
1857-08-01,NA,NA,NA,NA,NA,NA,NA,49.28,"empty","empty",NA,0,NA,20.07,NA,NA,NA
1857-08-01 07:00:00,22.78,NA,2,247.5,17.71,"247.5",1010.5,NA,NA,NA,85.5,NA,18.33,NA,16.67,18.33,2
1857-08-01 14:00:00,22.22,NA,2,270,21.74,"270",1009.28,NA,NA,NA,76.4,NA,23.89,NA,20.56,23.89,2
1857-08-01 21:00:00,22.78,NA,1,270,15.68,"270",1010.84,NA,NA,NA,80.5,NA,18,NA,15.56,18.33,1
1857-08-02,NA,NA,NA,NA,NA,NA,NA,0,"7:45pm","8:15pm",NA,0,NA,19.81,NA,NA,NA
1857-08-02 07:00:00,20.56,NA,1,270,17.71,"270",1012.19,NA,NA,NA,85.5,NA,18.33,NA,16.67,18.33,1
1857-08-02 14:00:00,21.11,NA,2,270,21.61,"270",1012.19,NA,NA,NA,83.2,NA,21.67,NA,20,22.22,2
1857-08-02 21:00:00,21.67,NA,1,247.5,19.67,"247.5",1013.88,NA,NA,NA,86.2,NA,19.44,NA,18.33,20,1
1857-08-03,NA,NA,NA,NA,NA,NA,NA,0.23,"empty","empty",NA,0,NA,20.92,NA,NA,NA
1857-08-03 07:00:00,20.56,NA,1,315,13.31,"315",1017.27,NA,NA,NA,63.4,NA,18.89,NA,16.11,18.89,1
1857-08-03 14:00:00,25.56,NA,3,315,21.3,"315",1017.27,NA,NA,NA,79.7,NA,23.33,NA,20,22.78,5
1857-08-03 21:00:00,22.22,NA,1,NA,19.37,"315",1017.34,NA,NA,NA,82.3,NA,20.56,NA,18.89,20.56,0
1857-08-04,NA,NA,NA,NA,NA,NA,NA,0,"empty","empty",NA,0,NA,24.44,NA,NA,NA
1857-08-04 07:00:00,21.11,NA,1,NA,19.71,"315",1015.58,NA,NA,NA,74.5,NA,26.11,NA,12.22,24.44,0
1857-08-04 14:00:00,22.78,NA,1,NA,23.2,"270",1013.55,NA,NA,NA,65.8,NA,28.33,NA,22.22,27.78,0
1857-08-04 21:00:00,24.44,NA,2,180,21.74,"180",1012.53,NA,NA,NA,76.4,NA,23.89,NA,20.56,23.89,2
1857-08-05,NA,NA,NA,NA,NA,NA,NA,0.25,"2am, 4:15am","2:15am, 4:30am",NA,0,NA,21.2,NA,NA,NA
1857-08-05 07:00:00,21.11,NA,4,0,13.31,"0",1012.87,NA,NA,NA,65.4,NA,18.89,NA,16.11,18.89,11
1857-08-05 14:00:00,22.22,NA,5,0,21.74,"0",1012.87,NA,NA,NA,76.4,NA,23.89,NA,20.56,23.89,16
1857-08-05 21:00:00,22.22,NA,0,0,17.14,NA,1015.37,NA,NA,NA,74,NA,20.83,NA,17.22,20.56,1
1857-08-06,NA,NA,NA,NA,NA,NA,NA,0,"empty","empty",NA,0,NA,21.39,NA,NA,NA
1857-08-06 07:00:00,21.11,NA,2,0,19.37,"0",1019.64,NA,NA,NA,90.2,NA,19.17,NA,17.78,18.89,2
1857-08-06 14:00:00,22.22,NA,0,0,22.82,NA,1020.66,NA,NA,NA,80,NA,25,NA,21.11,23.89,2
1857-08-06 21:00:00,22.22,NA,0,NA,19.67,NA,1021.67,NA,NA,NA,86.2,NA,20,NA,18.33,20,0
1857-08-07,NA,NA,NA,NA,NA,NA,NA,0,"empty","empty",NA,0,NA,23.33,NA,NA,NA
1857-08-07 07:00:00,20.56,NA,1,22.5,17.34,"22.5",1024.31,NA,NA,NA,81.7,NA,17.22,NA,17.22,19.44,1
1857-08-07 14:00:00,23.89,NA,1,45,21.37,"45",1021,NA,NA,NA,64.8,NA,27.22,NA,21.11,26.67,1
1857-08-07 21:00:00,23.33,NA,1,NA,19.37,"45",1021.33,NA,NA,NA,82.3,NA,22.78,NA,20,22.78,0
1857-08-08,NA,NA,NA,NA,NA,NA,NA,0,"2pm","2:15pm",NA,0,NA,23.98,NA,NA,NA
1857-08-08 07:00:00,22.78,NA,1,270,21.61,"270",1019.98,NA,NA,NA,83.2,NA,22.22,NA,20,22.22,1
1857-08-08 14:00:00,26.11,NA,3,270,23.13,"270",1017.54,NA,NA,NA,85.8,NA,28.06,NA,22.22,27.78,5
1857-08-08 21:00:00,23.89,NA,0,270,23.13,NA,1017.95,NA,NA,NA,72.2,NA,21.67,NA,20.56,21.67,1
1857-08-09,NA,NA,NA,NA,NA,NA,NA,0.23,"empty","empty",NA,0,NA,19.07,NA,NA,NA
1857-08-09 07:00:00,19.44,NA,3,45,12.5,"45",1025.74,NA,NA,NA,65.8,NA,18.33,NA,13.33,17.22,5
1857-08-09 14:00:00,20.56,NA,1,45,18.02,"45",1021,NA,NA,NA,74.5,NA,21.67,NA,17.78,21.11,1
1857-08-09 21:00:00,19.44,NA,1,45,19.51,"45",1018.96,NA,NA,NA,89.9,NA,17.22,NA,16.11,17.22,2
1857-08-10,NA,NA,NA,NA,NA,NA,NA,0,"2:30pm, 4:45pm, 10pm","4:15pm, 4:30pm, 1am",NA,0,NA,20.92,NA,NA,NA
1857-08-10 07:00:00,19.44,NA,3,180,17.71,"180",1014.22,NA,NA,NA,85.5,NA,18.33,NA,16.67,18.33,2
1857-08-10 14:00:00,22.22,NA,2,180,24.52,"180",1008.13,NA,NA,NA,80.6,NA,24.44,NA,16.67,25,2
1857-08-10 21:00:00,22.78,NA,0,202.5,23.06,"202.5",1005.08,NA,NA,NA,99.9,NA,20,NA,20,20,0
1857-08-11,NA,NA,NA,NA,NA,NA,NA,0,"8:40am, 12:20pm, 6:30pm","1am, 11am, 2:45pm, 6:30pm",NA,0,NA,18.33,NA,NA,NA
1857-08-11 07:00:00,20.56,NA,3,0,17.71,"0",1004.06,NA,NA,NA,85.5,NA,17.22,NA,16.67,18.33,5
1857-08-11 14:00:00,21.11,NA,4,0,20.42,"0",1006.1,NA,NA,NA,68.5,NA,20,NA,18.89,20.56,11
1857-08-11 21:00:00,20,NA,2,315,17.07,"315",1011.85,NA,NA,NA,85.2,NA,17.78,NA,16.11,17.78,2
1857-08-12,NA,NA,NA,NA,NA,NA,NA,5.08,"empty","empty",NA,0,NA,19.26,NA,NA,NA
1857-08-12 07:00:00,19.44,NA,0,270,17.47,NA,1011.18,NA,NA,NA,89.9,NA,17.22,NA,16.11,17.22,1
1857-08-12 14:00:00,20.56,NA,2,270,21.61,"270",1017.61,NA,NA,NA,83.2,NA,22.22,NA,20,22.22,2
1857-08-12 21:00:00,20.56,NA,1,270,19.37,"270",1015.92,NA,NA,NA,90.2,NA,18.33,NA,17.78,18.89,1
1857-08-13,NA,NA,NA,NA,NA,NA,NA,0,"4am, 3pm, 8pm","11am, 5pm, 10pm",NA,0,NA,19.36,NA,NA,NA
1857-08-13 07:00:00,21.11,NA,2,180,17.71,"180",1013.21,NA,NA,NA,95.5,NA,17.78,NA,16.67,18.33,2
1857-08-13 14:00:00,21.11,NA,1,202.5,21.61,"202.5",1009.48,NA,NA,NA,83.2,NA,22.22,NA,20,22.22,1
1857-08-13 21:00:00,21.11,NA,3,315,20.22,"315",1009.14,NA,NA,NA,99.9,NA,18.06,NA,17.78,17.78,5
1857-08-14,NA,NA,NA,NA,NA,NA,NA,24.38,"11am","11:15am",NA,0,NA,24.94,NA,NA,NA
1857-08-14 07:00:00,22.22,NA,7,292.5,25.43,"292.5",1007.79,NA,NA,NA,91.6,NA,23.17,NA,22.22,23.33,27
1857-08-14 14:00:00,25.56,NA,4,292.5,NA,"337.5",1006.88,NA,NA,NA,89.1,NA,29.44,NA,27.78,29.44,27
1857-08-14 21:00:00,23.89,NA,4,247.5,24.99,"247.5",1007.45,NA,NA,NA,95.5,NA,22.22,NA,21.67,22.22,11
1857-08-15,NA,NA,NA,NA,NA,NA,NA,0.23,"empty","empty",NA,0,NA,19.35,NA,NA,NA
1857-08-15 07:00:00,21.67,NA,5,315,19.37,"315",1013.88,NA,NA,NA,90.2,NA,19.44,NA,17.78,18.89,16
1857-08-15 14:00:00,22.22,NA,7,270,22.82,"270",1010.84,NA,NA,NA,86,NA,21.94,NA,21.11,23.89,27
1857-08-15 21:00:00,21.11,NA,2,0,16.83,"270",1014.56,NA,NA,NA,76.7,NA,16.67,NA,15.56,16.67,2
1857-08-16,NA,NA,NA,NA,NA,NA,NA,0,"empty","empty",NA,0,NA,18.06,NA,NA,NA
1857-08-16 07:00:00,18.89,NA,2,315,16.15,"315",1020.73,NA,NA,NA,89.4,NA,16.39,NA,15,16.11,2
1857-08-16 14:00:00,21.11,NA,2,270,22.32,"270",1020.79,NA,NA,NA,91,NA,21.11,NA,20,21.11,2
1857-08-16 21:00:00,18.89,NA,0,270,16.83,NA,1022.15,NA,NA,NA,76.7,NA,16.67,NA,15.56,16.67,5
1857-08-17,NA,NA,NA,NA,NA,NA,NA,0,"empty","empty",NA,0,NA,15.18,NA,NA,NA
1857-08-17 07:00:00,17.22,NA,1,22.5,14.46,"22.5",1021,NA,NA,NA,92.8,NA,13.33,NA,12.78,13.33,1
1857-08-17 14:00:00,18.89,NA,1,45,16.63,"45",1021,NA,NA,NA,94.2,NA,17.22,NA,17.22,17.78,1
1857-08-17 21:00:00,18.89,NA,3,45,13.14,"45",1017.2,NA,NA,NA,78,NA,15,NA,12.78,15.56,5
1857-08-18,NA,NA,NA,NA,NA,NA,NA,1.02,"10:30am","6:30pm",NA,0,NA,16.85,NA,NA,NA
1857-08-18 07:00:00,18.33,NA,4,67.5,16.02,"67.5",1018.29,NA,NA,NA,99.9,NA,13.89,NA,13.89,10.56,11
1857-08-18 14:00:00,18.89,NA,3,67.5,16.63,"67.5",1017.27,NA,NA,NA,94.2,NA,20,NA,16.67,20,5
1857-08-18 21:00:00,18.89,NA,1,67.5,15.92,"67.5",1017.61,NA,NA,NA,82,NA,16.67,NA,15,16.67,1
1857-08-19,NA,NA,NA,NA,NA,NA,NA,0,"empty","empty",NA,0,NA,18.7,NA,NA,NA
1857-08-19 07:00:00,18.89,NA,1,180,15.92,"180",1018.63,NA,NA,NA,82,NA,17.22,NA,15,16.67,11
1857-08-19 14:00:00,20.56,NA,1,180,21.3,"0",1016.86,NA,NA,NA,79.7,NA,22.78,NA,20,22.78,1
1857-08-19 21:00:00,18.89,NA,2,180,16.15,"180",1017.54,NA,NA,NA,89.4,NA,16.11,NA,15,16.11,2
1857-08-20,NA,NA,NA,NA,NA,NA,NA,6.86,"6am, 9:30am, 4pm","5:30am, 11:30am, 6:20pm",NA,0,NA,17.41,NA,NA,NA
1857-08-20 07:00:00,20,NA,4,270,16.66,"270",1016.42,NA,NA,NA,94.5,NA,15.56,NA,15,15.56,1
1857-08-20 14:00:00,20,NA,3,270,20.42,"270",1017.61,NA,NA,NA,86.5,NA,20,NA,18.89,20.56,5
1857-08-20 21:00:00,20,NA,2,270,16.15,"270",1017.54,NA,NA,NA,89.4,NA,16.11,NA,15,16.11,2
1857-08-21,NA,NA,NA,NA,NA,NA,NA,7.62,"5:30am","10am",NA,0,NA,19.07,NA,NA,NA
1857-08-21 07:00:00,20,NA,1,292.5,17.24,"292.5",1022.35,NA,NA,NA,97.5,NA,16.11,NA,15.56,16.11,1
1857-08-21 14:00:00,20,NA,2,292.5,19.03,"292.5",1016.93,NA,NA,NA,94.5,NA,18.89,NA,17.78,19.44,5
1857-08-21 21:00:00,20,NA,0,180,16.83,NA,1021.33,NA,NA,NA,76.7,NA,16.67,NA,15.56,16.67,1
1857-08-22,NA,NA,NA,NA,NA,NA,NA,0,"empty","empty",NA,0,NA,16.29,NA,NA,NA
1857-08-22 07:00:00,19.44,NA,1,180,17.24,"180",1017.68,NA,NA,NA,97.5,NA,16.11,NA,15.56,16.11,1
1857-08-22 14:00:00,20,NA,7,180,22.32,"180",1015.71,NA,NA,NA,91.6,NA,21.11,NA,20,21.11,27
1857-08-22 21:00:00,20,NA,4,180,18.05,"180",1011.38,NA,NA,NA,89.9,NA,17.22,NA,16.67,17.78,11
1857-08-23,NA,NA,NA,NA,NA,NA,NA,1.27,"1am, 12:30pm, 4:50pm","4am, 1:15pm, 4:50pm",NA,0,NA,17.22,NA,NA,NA
1857-08-23 07:00:00,20,NA,1,180,17.24,"180",1007.18,NA,NA,NA,97.5,NA,16.11,NA,15.56,16.11,5
1857-08-23 14:00:00,20,NA,2,202.5,20.52,"202.5",1003.73,NA,NA,NA,95.7,NA,18.33,NA,20.56,18.89,2
1857-08-23 21:00:00,19.44,NA,1,157.5,17.47,"157.5",1003.39,NA,NA,NA,89.9,NA,17.22,NA,16.11,17.22,1
1857-08-24,NA,NA,NA,NA,NA,NA,NA,3.3,"4:50am, 9am, 12pm","10am, 12:15pm",NA,0,NA,15.03,NA,NA,NA
1857-08-24 07:00:00,19.44,NA,3,292.5,14.9,"292.5",1007.45,NA,NA,NA,94.1,NA,13.44,NA,13.33,13.89,5
1857-08-24 14:00:00,18.89,NA,6,292.5,18.49,"292.5",1011.85,NA,NA,NA,94.8,NA,17.22,NA,16.67,17.22,20
1857-08-24 21:00:00,18.33,NA,1,292.5,15.54,"292.5",1017.95,NA,NA,NA,94.1,NA,14.44,NA,13.89,14.44,1
1857-08-25,NA,NA,NA,NA,NA,NA,NA,0,"empty","empty",NA,0,NA,18.52,NA,NA,NA
1857-08-25 07:00:00,18.89,NA,0,247.5,15.14,NA,1022.42,NA,NA,NA,88.9,NA,15,NA,13.89,15,1
1857-08-25 14:00:00,20.56,NA,2,247.5,22.69,"247.5",1022.01,NA,NA,NA,87.1,NA,22.22,NA,20.56,22.22,2
1857-08-25 21:00:00,20.56,NA,0,247.5,18.73,NA,1022.69,NA,NA,NA,90,NA,18.33,NA,17.22,18.33,1
1857-08-26,NA,NA,NA,NA,NA,NA,NA,0,"empty","empty",NA,0,NA,21.29,NA,NA,NA
1857-08-26 07:00:00,20,NA,0,270,18.35,NA,1024.38,NA,NA,NA,78.4,NA,18.89,NA,17.22,18.89,1
1857-08-26 14:00:00,17.22,NA,2,225,31.8,"270",1022.69,NA,NA,NA,99.9,NA,25.56,NA,25.56,25.56,2
1857-08-26 21:00:00,22.22,NA,0,NA,18.02,NA,1022.69,NA,NA,NA,81.7,NA,19.44,NA,17.22,19.44,0
1857-08-27,NA,NA,NA,NA,NA,NA,NA,0,"10pm","empty",NA,0,NA,22.41,NA,NA,NA
1857-08-27 07:00:00,21.11,NA,0,225,18.02,NA,1021.33,NA,NA,NA,81.7,NA,19.44,NA,17.22,19.44,2
1857-08-27 14:00:00,16.67,NA,3,225,25.4,"225",1015.92,NA,NA,NA,80,NA,26.11,NA,22.78,25.56,5
1857-08-27 21:00:00,23.33,NA,5,202.5,23.2,"202.5",1012.53,NA,NA,NA,72.2,NA,21.67,NA,20.56,21.67,11
1857-08-28,NA,NA,NA,NA,NA,NA,NA,0,"7:25am, 9:45am","8:15am, 11am",NA,0,NA,20.96,NA,NA,NA
1857-08-28 07:00:00,22.78,NA,NA,180,20.49,NA,1003.05,NA,NA,NA,97.5,NA,18.44,NA,18.33,18.89,27
1857-08-28 14:00:00,17.22,NA,4,337.5,22.82,"225",1003.59,NA,NA,NA,80,NA,23.89,NA,21.11,23.89,11
1857-08-28 21:00:00,22.22,NA,4,225,19.37,"225",1006.1,NA,NA,NA,82.3,NA,20.56,NA,18.33,20.56,11
1857-08-29,NA,NA,NA,NA,NA,NA,NA,21.84,"12:30pm","4pm",NA,0,NA,18.89,NA,NA,NA
1857-08-29 07:00:00,20.56,NA,2,270,18.35,"270",1009.08,NA,NA,NA,78.4,NA,19.44,NA,17.22,18.89,2
1857-08-29 14:00:00,16.11,NA,2,337.5,19.67,"292.5",1009.14,NA,NA,NA,86.2,NA,19.44,NA,18.33,20,2
1857-08-29 21:00:00,20.56,NA,1,315,19.78,"315",1012.53,NA,NA,NA,85.2,NA,17.78,NA,16.11,17.78,1
1857-08-30,NA,NA,NA,NA,NA,NA,NA,0.51,"empty","empty",NA,0,NA,17.31,NA,NA,NA
1857-08-30 07:00:00,20.56,NA,0,270,13.14,NA,1014.9,NA,NA,NA,78,NA,16.67,NA,12.78,15.56,2
1857-08-30 14:00:00,19.44,NA,4,45,13.38,"270",1014.22,NA,NA,NA,63.8,NA,18.61,NA,14.44,18.89,11
1857-08-30 21:00:00,18.33,NA,6,247.5,14.46,"247.5",1015.78,NA,NA,NA,75.3,NA,16.67,NA,14.44,17.22,20
1857-08-31,NA,NA,NA,NA,NA,NA,NA,0,"empty","empty",NA,0,NA,16.29,NA,NA,NA
1857-08-31 07:00:00,19.44,NA,3,22.5,12.5,"337.5",1019.3,NA,NA,NA,65.8,NA,16.67,NA,13.33,17.22,5
1857-08-31 14:00:00,18.89,NA,3,45,13.38,"315",1022.35,NA,NA,NA,63.8,NA,18.33,NA,14.44,18.89,5
1857-08-31 21:00:00,16.67,NA,0,45,12.12,NA,1024.31,NA,NA,NA,78.4,NA,13.89,NA,11.67,13.89,2
1857-09-01,NA,NA,NA,NA,NA,NA,NA,NA,NA,NA,NA,NA,NA,21.02,NA,NA,NA
1857-09-01 07:00:00,27.78,NA,0,225,14.87,NA,1026.41,NA,NA,NA,88,NA,15,NA,13.89,15,11
1857-09-01 14:00:00,21.67,NA,0,225,21.64,NA,1025.2,NA,NA,NA,69,NA,25.28,NA,21.11,25,11
1857-09-01 21:00:00,22.78,NA,0,225,22.18,NA,1024.52,NA,NA,NA,81,NA,22.78,NA,20.56,22.78,5
1857-09-02,NA,NA,NA,NA,NA,NA,NA,NA,NA,NA,NA,NA,NA,22.96,NA,NA,NA
1857-09-02 07:00:00,20,NA,0,225,17.47,NA,1024.72,NA,NA,NA,84,NA,18.33,NA,16.67,18.33,1
1857-09-02 14:00:00,23.89,NA,2,225,27.09,"225",1026.75,NA,NA,NA,78,NA,26.94,NA,23.89,26.67,2
1857-09-02 21:00:00,24.44,NA,1,247.5,17.27,"247.5",1027.02,NA,NA,NA,61,NA,23.06,NA,18.33,22.78,1
1857-09-03,NA,NA,NA,NA,NA,NA,NA,NA,NA,NA,NA,NA,NA,24.26,NA,NA,NA
1857-09-03 07:00:00,21.67,NA,1,225,13.99,"225",1028.85,NA,NA,NA,43,NA,25.28,NA,18.33,25.56,1
1857-09-03 14:00:00,23.89,NA,3,225,22.93,"225",1027.7,NA,NA,NA,66,NA,26.67,NA,22.22,26.67,2
1857-09-03 21:00:00,24.44,NA,0,225,20.15,NA,1027.63,NA,NA,NA,71,NA,22.5,NA,19.44,22.22,0
1857-09-04,NA,NA,NA,NA,NA,NA,NA,NA,NA,NA,NA,NA,NA,22.38,NA,NA,NA
1857-09-04 07:00:00,21.11,NA,0,225,NA,NA,1029.12,NA,NA,NA,81,NA,18.33,NA,17.22,18.89,1
1857-09-04 14:00:00,24.44,NA,1,225,19.37,"225",1024.45,NA,NA,NA,52,NA,27.22,NA,21.11,27.78,1
1857-09-04 21:00:00,24.44,NA,0,NA,19.37,"225",1024.31,NA,NA,NA,NA,NA,21.56,NA,18.89,21.67,0
1857-09-05,NA,NA,NA,NA,NA,NA,NA,NA,"7:30pm, 9:25pm","9pm, 10:35pm",NA,NA,NA,23.22,NA,NA,NA
1857-09-05 07:00:00,21.67,NA,1,225,19.37,"225",1020.66,NA,NA,NA,76,NA,22,NA,18.89,21.67,1
1857-09-05 14:00:00,24.44,NA,4,247.5,NA,"247.5",1014.22,NA,NA,NA,59,NA,27.22,NA,22.22,27.78,11
1857-09-05 21:00:00,23.89,NA,5,247.5,20.28,"247.5",1013.88,NA,NA,NA,65,NA,20.44,NA,18.89,20.56,16
1857-09-06,NA,NA,NA,NA,NA,NA,NA,10.16,NA,NA,NA,NA,NA,14.52,NA,NA,NA
1857-09-06 07:00:00,17.78,NA,0,292.5,11.38,NA,1022.01,NA,NA,NA,75,NA,14.89,NA,11.11,13.33,2
1857-09-06 14:00:00,19.44,NA,4,315,9.14,"315",1022.62,NA,NA,NA,47,NA,16.67,NA,11.67,17.22,11
1857-09-06 21:00:00,16.67,NA,0,315,NA,NA,1025.4,NA,NA,NA,67,NA,12,NA,8.89,11.67,11
1857-09-07,NA,NA,NA,NA,NA,NA,NA,NA,NA,NA,NA,NA,NA,12.74,NA,NA,NA
1857-09-07 07:00:00,15,NA,0,0,10.43,NA,1032.17,NA,NA,NA,79,NA,12.11,NA,9.44,11.11,16
1857-09-07 14:00:00,17.22,NA,2,315,10.02,"315",1031.09,NA,NA,NA,59,NA,15,NA,11.11,15,2
1857-09-07 21:00:00,18.33,NA,0,315,9.04,NA,1030.88,NA,NA,NA,66,NA,11.11,NA,8.33,11.11,1
1857-09-08,NA,NA,NA,NA,NA,NA,NA,NA,"6pm","6:30pm",NA,NA,NA,14.59,NA,NA,NA
1857-09-08 07:00:00,17.22,NA,1,270,9.58,"270",1031.16,NA,NA,NA,78,NA,9.89,NA,8.33,10,1
1857-09-08 14:00:00,17.78,NA,3,270,10.19,"270",1026.75,NA,NA,NA,49,NA,18.33,NA,12.78,18.33,5
1857-09-08 21:00:00,18.33,NA,2,247.5,10.84,"315",1023.37,NA,NA,NA,61,NA,15.56,NA,12.22,16.11,2
1857-09-09,NA,NA,NA,NA,NA,NA,NA,NA,NA,NA,NA,NA,NA,17,NA,NA,NA
1857-09-09 07:00:00,18.33,NA,1,270,11.85,"270",1022.35,NA,NA,NA,75,NA,13.89,NA,11.67,13.89,1
1857-09-09 14:00:00,18.89,NA,2,292.5,15.65,"292.5",1021.06,NA,NA,NA,65,NA,20,NA,16.67,20.56,2
1857-09-09 21:00:00,19.44,NA,2,292.5,17.27,"292.5",1019.98,NA,NA,NA,88,NA,17.11,NA,16.11,17.22,2
1857-09-10,NA,NA,NA,NA,NA,NA,NA,2.03,"5:30am, 9:30am, 10:25","7am, 9:20am, 11am",NA,NA,NA,22.03,NA,NA,NA
1857-09-10 07:00:00,18.89,NA,1,225,16.19,"225",1015.92,NA,NA,NA,88,NA,16.67,NA,15.56,17.22,1
1857-09-10 14:00:00,16.11,NA,7,247.5,22.49,"247.5",1010.16,NA,NA,NA,69,NA,26.39,NA,21.67,25.56,27
1857-09-10 21:00:00,23.33,NA,5,270,20.69,"270",1010.84,NA,NA,NA,NA,NA,23.06,NA,20,22.78,16
1857-09-11,NA,NA,NA,NA,NA,NA,NA,0.23,"9:45am, 11:40am","10:30am, 5pm",NA,NA,NA,17.03,NA,NA,NA
1857-09-11 07:00:00,23.33,NA,3,22.5,20.59,"22.5",1012.53,NA,NA,NA,80,NA,21.67,NA,19.44,21.67,11
1857-09-11 14:00:00,19.44,NA,4,22.5,14.43,"22.5",1018.63,NA,NA,NA,82,NA,15.56,NA,13.89,15.56,11
1857-09-11 21:00:00,17.22,NA,2,22.5,13.78,"22.5",1022.35,NA,NA,NA,81,NA,13.89,NA,12.78,13.89,2
1857-09-12,NA,NA,NA,NA,NA,NA,NA,0.23,"7:20am, 9am, 2pm","7:40am, 11am, 6pm",NA,NA,NA,12.13,NA,NA,NA
1857-09-12 07:00:00,15.56,NA,6,45,9.14,"45",1022.69,NA,NA,NA,72,NA,10.56,NA,8.33,10.56,20
1857-09-12 14:00:00,16.11,NA,2,45,11.85,"45",1020.08,NA,NA,NA,75,NA,13.5,NA,11.67,13.89,2
1857-09-12 21:00:00,16.67,NA,3,45,11.78,"45",1018.96,NA,NA,NA,86,NA,12.33,NA,10.56,11.67,5
1857-09-13,NA,NA,NA,NA,NA,NA,NA,10.16,NA,NA,NA,NA,NA,18.67,NA,NA,NA
1857-09-13 07:00:00,16.11,NA,NA,0,13.71,NA,1017.27,NA,NA,NA,94,NA,12.78,NA,12.22,12.78,1
1857-09-13 14:00:00,20.56,NA,2,180,22.18,"180",1014.9,NA,NA,NA,81,NA,23.22,NA,20.56,22.78,2
1857-09-13 21:00:00,21.67,NA,0,NA,17.51,"180",1015.24,NA,NA,NA,85,NA,20,NA,18.33,20,0
1857-09-14,NA,NA,NA,NA,NA,NA,NA,NA,"3:15pm, 8:30pm","4:20pm, 10pm",NA,NA,NA,19.17,NA,NA,NA
1857-09-14 07:00:00,21.11,NA,1,202.5,20.72,"202.5",1015.92,NA,NA,NA,90,NA,19.44,NA,18.89,20,1
1857-09-14 14:00:00,22.22,NA,1,292.5,14.66,"202.5",1011.79,NA,NA,NA,73,NA,18.06,NA,15,17.78,1
1857-09-14 21:00:00,22.22,NA,1,315,20.72,"315",1009.21,NA,NA,NA,NA,NA,20,NA,18.89,20,1
1857-09-15,NA,NA,NA,NA,NA,NA,NA,0.23,NA,NA,NA,NA,NA,16.48,NA,NA,NA
1857-09-15 07:00:00,21.67,NA,3,315,16.02,"315",1013.21,NA,NA,NA,88,NA,16.11,NA,15,16.11,5
1857-09-15 14:00:00,20,NA,4,315,16.12,"315",1012.53,NA,NA,NA,69,NA,19.44,NA,16.67,20,11
1857-09-15 21:00:00,20.56,NA,0,315,11.85,NA,1018.9,NA,NA,NA,75,NA,13.89,NA,11.67,13.89,11
1857-09-16,NA,NA,NA,NA,NA,NA,NA,NA,NA,NA,NA,NA,NA,13.33,NA,NA,NA
1857-09-16 07:00:00,18.89,NA,0,315,7.92,NA,1024.38,NA,NA,NA,65,NA,10.39,NA,7.22,10,0
1857-09-16 14:00:00,18.33,NA,5,315,9.62,"315",1020.32,NA,NA,NA,51,NA,16.11,NA,11.67,16.67,16
1857-09-16 21:00:00,17.78,NA,2,292.5,9.08,"292.5",1017.61,NA,NA,NA,58,NA,13.5,NA,10,13.89,2
1857-09-17,NA,NA,NA,NA,NA,NA,NA,NA,"10am","5:30pm",NA,NA,NA,12.96,NA,NA,NA
1857-09-17 07:00:00,17.78,NA,2,180,11.38,"180",1011.18,NA,NA,NA,75,NA,12.78,NA,11.11,13.33,2
1857-09-17 14:00:00,17.22,NA,2,180,13.78,"180",1005.76,NA,NA,NA,87,NA,13.33,NA,12.78,13.89,2
1857-09-17 21:00:00,17.22,NA,1,180,NA,"180",1006.77,NA,NA,NA,NA,NA,12.78,NA,11.11,12.78,1
1857-09-18,NA,NA,NA,NA,NA,NA,NA,9.14,NA,NA,NA,NA,NA,10.42,NA,NA,NA
1857-09-18 07:00:00,16.67,NA,0,337.5,10.09,NA,1015.92,NA,NA,NA,92,NA,9.17,NA,7.78,8.33,5
1857-09-18 14:00:00,16.11,NA,4,315,7.79,"315",1017.34,NA,NA,NA,51,NA,13.33,NA,8.89,13.33,11
1857-09-18 21:00:00,15.56,NA,0,315,6.84,NA,1021.37,NA,NA,NA,62,NA,8.78,NA,5.56,8.33,5
1857-09-19,NA,NA,NA,NA,NA,NA,NA,NA,NA,NA,NA,NA,NA,9.81,NA,NA,NA
1857-09-19 07:00:00,14.44,NA,2,45,7.72,"45",NA,NA,NA,NA,76,NA,7.22,NA,5.56,7.22,2
1857-09-19 14:00:00,13.33,NA,1,45,8.67,"45",1021,NA,NA,NA,61,NA,12.22,NA,8.89,12.22,1
1857-09-19 21:00:00,13.89,NA,0,90,8.74,NA,1017.61,NA,NA,NA,71,NA,10,NA,7.78,10,2
1857-09-20,NA,NA,NA,NA,NA,NA,NA,11.43,"7am","8:30am",NA,0,NA,9.24,NA,NA,NA
1857-09-20 07:00:00,13.33,NA,2,0,10.5,"45",1013.21,NA,NA,NA,92,NA,8.83,NA,8.33,8.89,2
1857-09-20 14:00:00,13.33,NA,6,0,9.58,"0",1013.88,NA,NA,NA,78,NA,10,NA,8.33,10,20
1857-09-20 21:00:00,13.89,NA,1,0,NA,"0",NA,NA,NA,NA,NA,NA,8.89,NA,6.67,8.89,1
1857-09-21,NA,NA,NA,NA,NA,NA,NA,NA,NA,NA,NA,NA,NA,9.59,NA,NA,NA
1857-09-21 07:00:00,13.33,NA,NA,45,7.38,NA,1020.66,NA,NA,NA,76,NA,7.11,NA,5,6.67,1
1857-09-21 14:00:00,12.78,NA,2,45,7.42,"45",1024.31,NA,NA,NA,54,NA,11.67,NA,7.78,11.67,2
1857-09-21 21:00:00,13.33,NA,1,45,7.92,"45",NA,NA,NA,NA,65,NA,10,NA,7.22,10,1
1857-09-22,NA,NA,NA,NA,NA,NA,NA,NA,"2:25pm","11:15pm",NA,NA,NA,11.48,NA,NA,NA
1857-09-22 07:00:00,NA,NA,3,180,9.14,"180",1019.64,NA,NA,NA,72,NA,10.56,NA,8.33,10.56,5
1857-09-22 14:00:00,13.89,NA,5,180,9.55,"180",1014.22,NA,NA,NA,63,NA,13.33,NA,10,13.33,11
1857-09-22 21:00:00,15,NA,4,180,10.43,"180",NA,NA,NA,NA,79,NA,10.56,NA,9.44,11.11,11
1857-09-23,NA,NA,NA,NA,NA,NA,NA,15.24,"11am","11:20am",NA,NA,NA,9.74,NA,NA,NA
1857-09-23 07:00:00,NA,NA,3,270,7.72,"270",1003.22,NA,NA,NA,76,NA,7.67,NA,5.56,7.22,5
1857-09-23 14:00:00,14.44,NA,4,270,6.64,"270",1005.69,NA,NA,NA,52,NA,13.06,NA,6.67,10.56,11
1857-09-23 21:00:00,14.44,NA,4,270,10.5,"270",NA,NA,NA,NA,92,NA,8.5,NA,8.33,8.89,20
1857-09-24,NA,NA,NA,NA,NA,NA,NA,NA,NA,NA,NA,NA,NA,13.61,NA,NA,NA
1857-09-24 07:00:00,NA,NA,1,270,11.78,"270",1013.88,NA,NA,NA,93,NA,11.11,NA,10,10.56,1
1857-09-24 14:00:00,15,NA,4,270,16.63,"292.5",1013.88,NA,NA,NA,88,NA,16.67,NA,15.56,16.67,11
1857-09-24 21:00:00,17.22,NA,0,270,9.11,NA,1015.92,NA,NA,NA,62,NA,13.06,NA,9.44,12.78,1
1857-09-25,NA,NA,NA,NA,NA,NA,NA,NA,NA,NA,NA,NA,NA,17.22,NA,NA,NA
1857-09-25 07:00:00,16.11,NA,0,225,9.11,NA,1018.29,NA,NA,NA,62,NA,12.78,NA,9.44,12.78,1
1857-09-25 14:00:00,19.44,NA,0,225,20.15,NA,1015.92,NA,NA,NA,76,NA,22.78,NA,19.44,22.22,1
1857-09-25 21:00:00,19.44,NA,0,NA,11.01,NA,1016.86,NA,NA,NA,61,NA,16.11,NA,12.22,16.11,0
1857-09-26,NA,NA,NA,NA,NA,NA,NA,NA,NA,NA,NA,NA,NA,17.61,NA,NA,NA
1857-09-26 07:00:00,18.33,NA,0,270,11.01,NA,1021.33,NA,NA,NA,61,NA,15.83,NA,12.22,16.11,1
1857-09-26 14:00:00,19.44,NA,0,270,16.12,NA,1020.93,NA,NA,NA,69,NA,20.44,NA,16.67,20,1
1857-09-26 21:00:00,19.44,NA,0,270,11.01,NA,1022.01,NA,NA,NA,61,NA,16.56,NA,12.22,16.11,1
1857-09-27,NA,NA,NA,NA,NA,NA,NA,NA,NA,NA,NA,NA,NA,18.85,NA,NA,NA
1857-09-27 07:00:00,18.33,NA,0,202.5,13.34,NA,1021,NA,NA,NA,82,NA,14.89,NA,13.33,14.44,1
1857-09-27 14:00:00,21.11,NA,1,247.5,21.27,"247.5",1016.93,NA,NA,NA,73,NA,23.61,NA,20.56,23.89,1
1857-09-27 21:00:00,21.11,NA,5,NA,15.27,"247.5",1012.53,NA,NA,NA,73,NA,18.06,NA,15.56,18.33,0
1857-09-28,NA,NA,NA,NA,NA,NA,NA,10.92,"5:25am, 7am, 3pm","5:40am, 12pm, 5pm",NA,NA,NA,12.64,NA,NA,NA
1857-09-28 07:00:00,20.56,NA,1,202.5,14.87,"247.5",1010.84,NA,NA,NA,88,NA,15.28,NA,13.89,15,2
1857-09-28 14:00:00,19.44,NA,4,247.5,11.78,"247.5",1008.53,NA,NA,NA,86,NA,12.11,NA,10.56,11.67,11
1857-09-28 21:00:00,18.33,NA,3,247.5,10.94,"247.5",1007.79,NA,NA,NA,NA,NA,10.56,NA,9.44,11.11,5
1857-09-29,NA,NA,NA,NA,NA,NA,NA,NA,NA,NA,NA,NA,NA,5.92,NA,NA,NA
1857-09-29 07:00:00,17.22,NA,0,292.5,6.43,NA,1012.19,NA,NA,NA,74,NA,5,NA,3.33,5,2
1857-09-29 14:00:00,16.67,NA,4,292.5,6.84,"292.5",1015.92,NA,NA,NA,62,NA,8.33,NA,5.56,8.33,11
1857-09-29 21:00:00,15.56,NA,0,292.5,6.87,NA,1018.63,NA,NA,NA,82,NA,4.44,NA,3.33,4.44,5
1857-09-30,NA,NA,NA,NA,NA,NA,NA,5.59,"3:15pm, 11pm","6pm, 12pm",NA,0.23,NA,7.03,NA,NA,NA
1857-09-30 07:00:00,14.44,NA,1,270,7.18,"270",1019.24,NA,NA,NA,82,NA,5,NA,3.89,5,1
1857-09-30 14:00:00,13.89,NA,1,270,9.14,"270",1015.92,NA,NA,NA,72,NA,10.56,NA,8.33,10.56,1
1857-09-30 21:00:00,13.89,NA,3,270,9.04,"270",1018.63,NA,NA,NA,100,NA,5.56,NA,5.56,5.56,5
1857-10-01,NA,NA,NA,NA,NA,NA,NA,6.1,"4:15pm, 8:30pm","4:30pm, 8:45pm",NA,0,NA,9,NA,NA,NA
1857-10-01 07:00:00,12.78,NA,1,225,12.43,"270",1021,NA,NA,NA,100,NA,5,NA,5.56,5.56,1
1857-10-01 14:00:00,13.33,NA,1,225,8.23,"225",1015.92,NA,NA,NA,56,NA,15,NA,8.89,12.78,1
1857-10-01 21:00:00,13.89,NA,3,225,8.16,"225",1020.93,NA,NA,NA,84,NA,7,NA,5.56,6.67,5
1857-10-02,NA,NA,NA,NA,NA,NA,NA,0.51,"empty","empty",NA,0,NA,5.61,NA,NA,NA
1857-10-02 07:00:00,11.67,NA,3,45,5.05,"45",1025.4,NA,NA,NA,71,NA,2.39,NA,0.56,2.22,5
1857-10-02 14:00:00,11.11,NA,0,45,5.59,NA,1027.77,NA,NA,NA,49,NA,8.33,NA,5,8.89,5
1857-10-02 21:00:00,13.33,NA,0,45,6.3,NA,1031.09,NA,NA,NA,67,NA,6.11,NA,3.89,6.11,5
1857-10-03,NA,NA,NA,NA,NA,NA,NA,0,"empty","empty",NA,0,NA,6.48,NA,NA,NA
1857-10-03 07:00:00,10.56,NA,0,292.5,6.3,NA,1031.09,NA,NA,NA,81,NA,3.89,NA,2.22,3.33,11
1857-10-03 14:00:00,10.56,NA,0,337.5,7.42,NA,1028.78,NA,NA,NA,54,NA,11.11,NA,7.78,11.67,11
1857-10-03 21:00:00,11.67,NA,2,0,7.28,"0",1028.92,NA,NA,NA,69,NA,7.78,NA,5.56,7.78,2
1857-10-04,NA,NA,NA,NA,NA,NA,NA,0,"empty","empty",NA,0,NA,8.98,NA,NA,NA
1857-10-04 07:00:00,11.11,NA,2,0,4.44,"0",1028.92,NA,NA,NA,55,NA,3.89,NA,1.11,3.89,2
1857-10-04 14:00:00,11.67,NA,2,0,8.67,"0",1024.38,NA,NA,NA,61,NA,12.5,NA,8.89,12.22,2
1857-10-04 21:00:00,12.78,NA,0,270,9.14,NA,1026.01,NA,NA,NA,72,NA,10.56,NA,8.33,10.56,5
1857-10-05,NA,NA,NA,NA,NA,NA,NA,0,"empty","empty",NA,0,NA,11.57,NA,NA,NA
1857-10-05 07:00:00,13.89,NA,3,270,8.87,"270",1024.45,NA,NA,NA,84,NA,7.78,NA,6.67,7.78,5
1857-10-05 14:00:00,15,NA,1,270,12.97,"270",1024.38,NA,NA,NA,71,NA,16.11,NA,13.33,16.11,1
1857-10-05 21:00:00,15,NA,2,270,8.7,"315",1021.33,NA,NA,NA,66,NA,10.83,NA,8.33,11.11,2
1857-10-06,NA,NA,NA,NA,NA,NA,NA,0,"empty","empty",NA,0,NA,12.48,NA,NA,NA
1857-10-06 07:00:00,15,NA,1,270,12.22,"270",1017.68,NA,NA,NA,100,NA,9.94,NA,10,10,1
1857-10-06 14:00:00,15.56,NA,3,270,16.63,"270",1014.56,NA,NA,NA,88,NA,16.11,NA,15.56,16.67,5
1857-10-06 21:00:00,16.11,NA,0,315,13.65,NA,1015.85,NA,NA,NA,100,NA,11.39,NA,11.67,11.67,1
1857-10-07,NA,NA,NA,NA,NA,NA,NA,0,"empty","empty",NA,0,NA,11.67,NA,NA,NA
1857-10-07 07:00:00,15.56,NA,1,315,10.46,"315",1017.54,NA,NA,NA,85,NA,10,NA,8.89,10,1
1857-10-07 14:00:00,15.56,NA,1,270,8.64,"270",1015.92,NA,NA,NA,53,NA,14.44,NA,10,14.44,1
1857-10-07 21:00:00,16.11,NA,1,270,8.3,"270",1015.92,NA,NA,NA,65,NA,10.56,NA,7.78,10.56,1
1857-10-08,NA,NA,NA,NA,NA,NA,NA,0,"empty","empty",NA,0,NA,13.52,NA,NA,NA
1857-10-08 07:00:00,15.56,NA,6,270,10.46,"270",1013.55,NA,NA,NA,85,NA,9.44,NA,8.89,10,20
1857-10-08 14:00:00,15.56,NA,5,270,14.09,"270",1012.6,NA,NA,NA,72,NA,17.22,NA,14.44,17.22,16
1857-10-08 21:00:00,17.22,NA,5,270,10.9,"270",1010.77,NA,NA,NA,69,NA,13.89,NA,11.11,13.89,16
1857-10-09,NA,NA,NA,NA,NA,NA,NA,0,"empty","empty",NA,0,NA,9.41,NA,NA,NA
1857-10-09 07:00:00,15.56,NA,2,0,6.5,"0",1018.96,NA,NA,NA,62,NA,8.22,NA,5,7.78,2
1857-10-09 14:00:00,15,NA,0,337.5,8.67,NA,1019.71,NA,NA,NA,61,NA,12.22,NA,8.89,12.22,2
1857-10-09 21:00:00,15.56,NA,0,180,6.5,NA,1024.04,NA,NA,NA,62,NA,7.78,NA,5,7.78,5
1857-10-10,NA,NA,NA,NA,NA,NA,NA,0,"empty","empty",NA,0,NA,8.7,NA,NA,NA
1857-10-10 07:00:00,14.44,NA,0,0,4.71,NA,1027.5,NA,NA,NA,56,NA,4.44,NA,1.67,4.44,1
1857-10-10 14:00:00,13.89,NA,0,NA,7.79,NA,1026.14,NA,NA,NA,51,NA,13.33,NA,8.89,13.33,0
1857-10-10 21:00:00,14.44,NA,0,NA,6.84,NA,1026.08,NA,NA,NA,62,NA,8.33,NA,5.56,8.33,0
1857-10-11,NA,NA,NA,NA,NA,NA,NA,0,"10:30pm","empty",NA,0,NA,10.56,NA,NA,NA
1857-10-11 07:00:00,13.89,NA,NA,NA,5.25,NA,1025.74,NA,NA,NA,58,NA,5.56,NA,2.78,5.56,0
1857-10-11 14:00:00,14.44,NA,0,225,9.58,NA,1022.82,NA,NA,NA,54,NA,16.67,NA,11.11,15.56,1
1857-10-11 21:00:00,15,NA,0,NA,7.99,NA,1027.84,NA,NA,NA,70,NA,9.44,NA,6.67,8.89,0
1857-10-12,NA,NA,NA,NA,NA,NA,NA,0,"empty","11:30am",NA,0,NA,13.2,NA,NA,NA
1857-10-12 07:00:00,14.44,NA,NA,NA,5.72,NA,1022.35,NA,NA,NA,54,NA,7.78,NA,4.44,7.78,0
1857-10-12 14:00:00,16.11,NA,3,180,19.51,"180",1020.39,NA,NA,NA,100,NA,17.39,NA,17.22,17.22,5
1857-10-12 21:00:00,16.11,NA,0,NA,16.36,"180",1019.64,NA,NA,NA,100,NA,14.44,NA,14.44,14.44,0
1857-10-13,NA,NA,NA,NA,NA,NA,NA,0,"12am","10:30am",NA,0,NA,14.92,NA,NA,NA
1857-10-13 07:00:00,16.67,NA,NA,NA,13.78,NA,1019.64,NA,NA,NA,87,NA,13.89,NA,12.78,13.89,0
1857-10-13 14:00:00,16.11,NA,1,225,12.97,"225",1021,NA,NA,NA,71,NA,18.78,NA,13.33,16.11,1
1857-10-13 21:00:00,16.67,NA,0,225,11.34,"225",1020.93,NA,NA,NA,80,NA,12.11,NA,10.56,12.22,1
1857-10-14,NA,NA,NA,NA,NA,NA,NA,17.27,"12pm","4:30pm",NA,0,NA,10.46,NA,NA,NA
1857-10-14 07:00:00,16.11,NA,NA,NA,8.87,NA,1022.35,NA,NA,NA,84,NA,7.78,NA,6.67,7.78,0
1857-10-14 14:00:00,15.56,NA,2,315,11.38,"315",1020.32,NA,NA,NA,75,NA,13.33,NA,11.11,13.33,5
1857-10-14 21:00:00,15.56,NA,0,315,9.58,NA,1017.95,NA,NA,NA,78,NA,10.28,NA,8.33,10,1
1857-10-15,NA,NA,NA,NA,NA,NA,NA,0,"empty","empty",NA,0,NA,9.26,NA,NA,NA
1857-10-15 07:00:00,15,NA,NA,0,9.24,NA,1014.56,NA,NA,NA,85,NA,8.33,NA,7.22,8.33,1
1857-10-15 14:00:00,13.89,NA,4,315,11.78,"292.5",1009.82,NA,NA,NA,93,NA,10.56,NA,10,10.56,11
1857-10-15 21:00:00,13.89,NA,4,0,10.5,"315",1015.85,NA,NA,NA,92,NA,8.89,NA,8.33,8.89,11
1857-10-16,NA,NA,NA,NA,NA,NA,NA,0,"2:30pm","empty",NA,0,NA,9.07,NA,NA,NA
1857-10-16 07:00:00,13.89,NA,3,0,10.09,"0",997.97,NA,NA,NA,92,NA,8.89,NA,7.78,8.33,2
1857-10-16 14:00:00,12.78,NA,3,0,6.54,"0",1001.02,NA,NA,NA,44,NA,10.56,NA,7.78,12.78,5
1857-10-16 21:00:00,13.89,NA,3,0,8.06,"0",1004.06,NA,NA,NA,77,NA,7.78,NA,6.11,7.78,5
1857-10-17,NA,NA,NA,NA,NA,NA,NA,23.88,"12:30pm, 9:30pm","8am, 1am",NA,0,NA,5.96,NA,NA,NA
1857-10-17 07:00:00,12.78,NA,1,270,8.7,"270",1007.79,NA,NA,NA,100,NA,5.56,NA,5,5,5
1857-10-17 14:00:00,12.22,NA,0,270,6.16,NA,1012.53,NA,NA,NA,61,NA,7.33,NA,4.44,7.22,5
1857-10-17 21:00:00,12.78,NA,3,270,6.87,"270",1017.07,NA,NA,NA,82,NA,5,NA,3.33,4.44,5
1857-10-18,NA,NA,NA,NA,NA,NA,NA,1.02,"10:55pm,","1am, 11pm",NA,0,NA,7.46,NA,NA,NA
1857-10-18 07:00:00,12.22,NA,4,270,7.38,"270",1019.24,NA,NA,NA,76,NA,6.83,NA,5,6.67,11
1857-10-18 14:00:00,12.78,NA,NA,NA,7.11,NA,1026.08,NA,NA,NA,58,NA,10,NA,6.67,10,0
1857-10-18 21:00:00,12.78,NA,1,NA,6.74,"292.5",1026.35,NA,NA,NA,74,NA,5.56,NA,3.89,5.56,0
1857-10-19,NA,NA,NA,NA,NA,NA,NA,3.81,"10:45am, 11pm","10:55am",NA,0,NA,8.48,NA,NA,NA
1857-10-19 07:00:00,12.22,NA,2,180,8.97,"180",1012.87,NA,NA,NA,92,NA,6.67,NA,6.11,6.67,1
1857-10-19 14:00:00,12.78,NA,3,180,10.87,"180",1008.81,NA,NA,NA,86,NA,10.28,NA,9.44,10.56,5
1857-10-19 21:00:00,12.78,NA,1,180,9.24,"180",1007.45,NA,NA,NA,85,NA,8.5,NA,7.22,8.33,1
1857-10-20,NA,NA,NA,NA,NA,NA,NA,0,"8am","3am, 7pm",NA,0,NA,3.29,NA,NA,NA
1857-10-20 07:00:00,12.22,NA,4,225,6.43,"225",1004.4,NA,NA,NA,74,NA,4.44,NA,3.33,5,11
1857-10-20 14:00:00,12.78,NA,3,225,6.3,"225",1007.11,NA,NA,NA,81,NA,3.22,NA,2.22,3.33,5
1857-10-20 21:00:00,11.11,NA,4,225,4.37,"225",1014.16,NA,NA,NA,61,NA,2.22,NA,0,2.22,11
1857-10-21,NA,NA,NA,NA,NA,NA,NA,16.51,"12:30am","6:30pm",NA,0.23,NA,1.85,NA,NA,NA
1857-10-21 07:00:00,10,NA,2,315,5.25,"315",1018.32,NA,NA,NA,79,NA,1.11,NA,0,1.11,2
1857-10-21 14:00:00,10,NA,0,337.5,3.05,"315",1019.3,NA,NA,NA,38,NA,3.89,NA,0,3.89,5
1857-10-21 21:00:00,10,NA,1,337.5,5.69,"337.5",1023.43,NA,NA,NA,89,NA,0.56,NA,0,0.56,2
1857-10-22,NA,NA,NA,NA,NA,NA,NA,3.3,"1am","3am",NA,0.23,NA,1.76,NA,NA,NA
1857-10-22 07:00:00,8.89,NA,1,315,4,"315",1026.41,NA,NA,NA,68,NA,-0.67,NA,-2.22,-0.56,1
1857-10-22 14:00:00,9.44,NA,1,270,4.17,"270",1028.45,NA,NA,NA,54,NA,4.44,NA,0.56,3.33,1
1857-10-22 21:00:00,7.78,NA,0,270,5.69,NA,1027.5,NA,NA,NA,89,NA,1.39,NA,0,0.56,1
1857-10-23,NA,NA,NA,NA,NA,NA,NA,0,"empty","empty",NA,0,NA,6.79,NA,NA,NA
1857-10-23 07:00:00,10.56,NA,1,NA,5.49,"225",1026.69,NA,NA,NA,89,NA,0.94,NA,-0.56,0,0
1857-10-23 14:00:00,11.67,NA,1,180,7.92,"180",1024.31,NA,NA,NA,65,NA,10.56,NA,7.22,10,1
1857-10-23 21:00:00,13.33,NA,2,180,6.87,"180",1024.72,NA,NA,NA,82,NA,8.89,NA,3.33,4.44,2
1857-10-24,NA,NA,NA,NA,NA,NA,NA,0,"empty","empty",NA,0,NA,6.94,NA,NA,NA
1857-10-24 07:00:00,12.78,NA,NA,NA,6.74,NA,1024.72,NA,NA,NA,90,NA,3.89,NA,2.22,2.78,0
1857-10-24 14:00:00,12.78,NA,1,180,8.36,"180",1021.33,NA,NA,NA,71,NA,9.17,NA,7.22,9.44,1
1857-10-24 21:00:00,13.89,NA,1,180,8.5,"180",1017.61,NA,NA,NA,84,NA,7.78,NA,6.11,7.22,1
1857-10-25,NA,NA,NA,NA,NA,NA,NA,0,"11pm","empty",NA,0,NA,8.14,NA,NA,NA
1857-10-25 07:00:00,13.33,NA,1,157.5,8.06,"157.5",1013.28,NA,NA,NA,77,NA,7.78,NA,6.11,7.78,1
1857-10-25 14:00:00,13.33,NA,3,22.5,9.69,"45",1012.46,NA,NA,NA,92,NA,8.33,NA,7.22,7.78,5
1857-10-25 21:00:00,13.89,NA,3,22.5,9.69,"22.5",1010.97,NA,NA,NA,92,NA,8.33,NA,7.22,7.78,5
1857-10-26,NA,NA,NA,NA,NA,NA,NA,3.3,"9:30am, 2:30pm, 9pm","4am, 1:30pm, 8pm",NA,0,NA,8.14,NA,NA,NA
1857-10-26 07:00:00,12.22,NA,8,22.5,10.53,"22.5",1007.21,NA,NA,NA,100,NA,7.78,NA,7.78,7.78,34
1857-10-26 14:00:00,15,NA,8,22.5,11.34,"22.5",1003.73,NA,NA,NA,100,NA,8.89,NA,8.89,8.89,27
1857-10-26 21:00:00,13.33,NA,8,22.5,10.53,"22.5",1005.76,NA,NA,NA,100,NA,7.78,NA,7.78,7.78,34
1857-10-27,NA,NA,NA,NA,NA,NA,NA,40.64,"10am, 10pm","10am, 11:30am, 10:30pm",NA,0.23,NA,3.06,NA,NA,NA
1857-10-27 07:00:00,11.11,NA,6,45,4.61,"22.5",1010.16,NA,NA,NA,62,NA,2.78,NA,0.56,2.78,20
1857-10-27 14:00:00,12.78,NA,8,22.5,5.15,"22.5",1009.31,NA,NA,NA,63,NA,4.17,NA,1.67,3.89,34
1857-10-27 21:00:00,11.67,NA,6,22.5,4.3,"22.5",1015.51,NA,NA,NA,62,NA,2.22,NA,-0.56,1.67,20
1857-10-28,NA,NA,NA,NA,NA,NA,NA,2.03,"empty","empty",NA,0.23,NA,0.48,NA,NA,NA
1857-10-28 07:00:00,8.33,NA,6,45,5.25,"45",1015.51,NA,NA,NA,89,NA,-0.56,NA,-1.11,-0.56,20
1857-10-28 14:00:00,8.33,NA,6,45,5.69,"45",1013.82,NA,NA,NA,89,NA,1.11,NA,0,0.56,20
1857-10-28 21:00:00,10.56,NA,3,45,5.38,"45",1013.55,NA,NA,NA,84.5,NA,0.89,NA,-0.28,0.56,5
1857-10-29,NA,NA,NA,NA,NA,NA,NA,0,"empty","empty",NA,0,NA,2.92,NA,NA,NA
1857-10-29 07:00:00,8.89,NA,1,45,5.49,"45",1010.16,NA,NA,NA,80,NA,1.67,NA,0.56,1.67,1
1857-10-29 14:00:00,8.89,NA,1,45,6.3,"45",1007.45,NA,NA,NA,81,NA,3.89,NA,2.22,3.33,1
1857-10-29 21:00:00,11.11,NA,1,45,6.03,"45",1007.79,NA,NA,NA,81,NA,3.22,NA,1.67,2.78,1
1857-10-30,NA,NA,NA,NA,NA,NA,NA,0,"empty","empty",NA,0,NA,4.18,NA,NA,NA
1857-10-30 07:00:00,10,NA,2,247.5,6.47,"247.5",1009.14,NA,NA,NA,90,NA,2.56,NA,1.67,2.22,1
1857-10-30 14:00:00,11.11,NA,2,270,7.52,"270",1010.16,NA,NA,NA,83,NA,5.56,NA,4.44,5.56,2
1857-10-30 21:00:00,13.33,NA,2,270,6.87,"270",1013.21,NA,NA,NA,82,NA,4.44,NA,3.33,4.44,2
1857-10-31,NA,NA,NA,NA,NA,NA,NA,0,"empty","empty",NA,0,NA,5.92,NA,NA,NA
1857-10-31 07:00:00,11.11,NA,1,247.5,7.31,"247.5",1014.56,NA,NA,NA,91,NA,4.44,NA,2.22,3.89,1
1857-10-31 14:00:00,11.67,NA,2,247.5,7.72,"247.5",1013.88,NA,NA,NA,76,NA,7.22,NA,5.56,7.22,2
1857-10-31 21:00:00,12.78,NA,1,247.5,8.26,"247.5",1013.88,NA,NA,NA,91,NA,6.11,NA,5,5.56,1
1857-11-01,NA,NA,NA,NA,NA,NA,NA,0.25,"4am, 12pm","5am, 6am",NA,0,NA,5.92,NA,NA,NA
1857-11-01 07:00:00,11.11,NA,2,247.5,6.87,"247.5",1011.51,NA,NA,NA,82,NA,5,NA,3.33,4.44,2
1857-11-01 14:00:00,13.89,NA,1,247.5,6.16,"247.5",1010.84,NA,NA,NA,68,NA,7.22,NA,4.44,7.22,1
1857-11-01 21:00:00,16.11,NA,1,225,6.43,"247.5",1007.52,NA,NA,NA,74,NA,5.56,NA,3.33,5,1
1857-11-02,NA,NA,NA,NA,NA,NA,NA,2.79,"1pm, 2pm, 3pm,4pm","1:30pm, 2:30pm, 5pm, 8pm",NA,0,NA,7.5,NA,NA,NA
1857-11-02 07:00:00,15,NA,1,247.5,8.16,"247.5",1003.39,NA,NA,NA,84,NA,6.94,NA,5.56,6.67,1
1857-11-02 14:00:00,15.56,NA,3,270,12.7,"270",1002.88,NA,NA,NA,93,NA,11.67,NA,11.11,11.67,5
1857-11-02 21:00:00,15.56,NA,2,247.5,6.81,"247.5",1002.37,NA,NA,NA,86,NA,3.89,NA,2.78,3.61,2
1857-11-03,NA,NA,NA,NA,NA,NA,NA,6.86,"10am","empty",NA,0,NA,4.91,NA,NA,NA
1857-11-03 07:00:00,13.89,NA,1,270,6.6,"0",1005.42,NA,NA,NA,82,NA,3.89,NA,2.78,3.89,1
1857-11-03 14:00:00,12.22,NA,3,270,7.38,"270",1007.25,NA,NA,NA,76,NA,6.67,NA,5,6.67,5
1857-11-03 21:00:00,13.33,NA,3,270,5.86,"270",1010.5,NA,NA,NA,72,NA,4.17,NA,2.22,3.89,5
1857-11-04,NA,NA,NA,NA,NA,NA,NA,1.27,"6am","1am, 7am",NA,0,NA,2.18,NA,NA,NA
1857-11-04 07:00:00,13.33,NA,1,270,5.28,"270",1019.1,NA,NA,NA,85,NA,0.67,NA,-0.56,1.39,1
1857-11-04 14:00:00,13.89,NA,2,315,4.71,"315",1022.69,NA,NA,NA,56,NA,4.44,NA,1.67,4.44,2
1857-11-04 21:00:00,15.56,NA,0,NA,4.44,NA,1024.04,NA,NA,NA,70,NA,1.44,NA,-1.11,0.56,0
1857-11-05,NA,NA,NA,NA,NA,NA,NA,0,"7pm","empty",NA,0.23,NA,4.26,NA,NA,NA
1857-11-05 07:00:00,12.78,NA,1,22.5,5.25,"22.5",1022.69,NA,NA,NA,79,NA,1.11,NA,0,1.11,2
1857-11-05 14:00:00,11.11,NA,1,22.5,6.74,"22.5",1016.86,NA,NA,NA,74,NA,5.56,NA,3.89,5.56,1
1857-11-05 21:00:00,14.44,NA,0,67.5,8.6,"67.5",1009.55,NA,NA,NA,92,NA,6.11,NA,5.56,6.11,0
1857-11-06,NA,NA,NA,NA,NA,NA,NA,13.72,"empty","5am",NA,0,NA,11.33,NA,NA,NA
1857-11-06 07:00:00,13.89,NA,1,247.5,10.9,"247.5",999.46,NA,NA,NA,92,NA,9.56,NA,8.89,9.44,1
1857-11-06 14:00:00,16.11,NA,3,247.5,5.25,"247.5",1000.68,NA,NA,NA,34,NA,13.89,NA,7.22,13.33,5
1857-11-06 21:00:00,16.67,NA,0,247.5,7.86,NA,1002.37,NA,NA,NA,60,NA,10.56,NA,7.78,11.11,1
1857-11-07,NA,NA,NA,NA,NA,NA,NA,0,"3am","6am",NA,0,NA,7.59,NA,NA,NA
1857-11-07 07:00:00,15.56,NA,2,270,6.4,"270",1010.77,NA,NA,NA,70.5,NA,5.67,NA,3.61,5.56,2
1857-11-07 14:00:00,13.89,NA,3,270,7.99,"270",1014.39,NA,NA,NA,70,NA,9.33,NA,6.67,8.89,5
1857-11-07 21:00:00,14.44,NA,1,270,7.28,"270",1018.29,NA,NA,NA,69,NA,7.78,NA,5.56,7.78,0
1857-11-08,NA,NA,NA,NA,NA,NA,NA,0,"7:30am","9am",NA,0,NA,5.69,NA,NA,NA
1857-11-08 07:00:00,13.33,NA,3,22.5,8.7,"22.5",1018.29,NA,NA,NA,100,NA,5.11,NA,5,5,5
1857-11-08 14:00:00,15.56,NA,4,67.5,8.26,"22.5",1016.59,NA,NA,NA,91,NA,6.11,NA,5,5.56,5
1857-11-08 21:00:00,14.44,NA,4,67.5,8.26,"67.5",1017.27,NA,NA,NA,91,NA,5.83,NA,5,5.56,11
1857-11-09,NA,NA,NA,NA,NA,NA,NA,20.07,"7pm","empty",NA,0,NA,13.98,NA,NA,NA
1857-11-09 07:00:00,13.89,NA,1,180,13.14,"180",1010.16,NA,NA,NA,100,NA,11.67,NA,11.11,11.11,1
1857-11-09 14:00:00,16.67,NA,3,180,16.02,"180",1005.83,NA,NA,NA,88,NA,16.39,NA,15,16.11,5
1857-11-09 21:00:00,17.22,NA,4,180,14.22,"180",1005.42,NA,NA,NA,94,NA,13.89,NA,12.78,13.33,11
1857-11-10,NA,NA,NA,NA,NA,NA,NA,8.38,"10:45am","12:30pm",NA,0,NA,5.92,NA,NA,NA
1857-11-10 07:00:00,16.67,NA,6,225,9.69,"225",1015.92,NA,NA,NA,92,NA,7.78,NA,7.22,7.78,20
1857-11-10 14:00:00,16.11,NA,5,247.5,6.91,"247.5",1020.66,NA,NA,NA,68,NA,6.67,NA,5,7.22,16
1857-11-10 21:00:00,15.56,NA,0,247.5,6.03,NA,1024.04,NA,NA,NA,81,NA,3.33,NA,7.22,2.78,2
1857-11-11,NA,NA,NA,NA,NA,NA,NA,0.51,"11am","1pm",NA,0,NA,3.56,NA,NA,NA
1857-11-11 07:00:00,13.89,NA,0,247.5,5.25,NA,1027.43,NA,NA,NA,79,NA,1.11,NA,0,1.11,1
1857-11-11 14:00:00,12.22,NA,3,247.5,NA,"247.5",1029.46,NA,NA,NA,NA,NA,5,NA,16.11,5.56,5
1857-11-11 21:00:00,14.44,NA,2,247.5,5.72,"247.5",1028.04,NA,NA,NA,65,NA,4.56,NA,2.78,5,5
1857-11-12,NA,NA,NA,NA,NA,NA,NA,5.08,"11am, 6:30pm","2pm",NA,0,NA,3.76,NA,NA,NA
1857-11-12 07:00:00,13.33,NA,NA,NA,4.81,NA,1025.47,NA,NA,NA,70,NA,2.22,NA,0,1.67,0
1857-11-12 14:00:00,13.89,NA,3,135,7.62,"157.5",1016.26,NA,NA,NA,91,NA,4.33,NA,3.89,4.44,2
1857-11-12 21:00:00,13.33,NA,2,180,7.62,"180",1011.18,NA,NA,NA,91,NA,4.72,NA,3.89,4.44,2
1857-11-13,NA,NA,NA,NA,NA,NA,NA,0.76,"3:15pm, 4pm","12am, 5pm, 7pm",NA,0.23,NA,3.29,NA,NA,NA
1857-11-13 07:00:00,12.78,NA,4,270,5.25,"270",1010.16,NA,NA,NA,79,NA,2.22,NA,0,1.11,11
1857-11-13 14:00:00,13.89,NA,4,270,6.16,"270",1007.11,NA,NA,NA,61,NA,7.11,NA,4.44,7.22,11
1857-11-13 21:00:00,18.33,NA,NA,NA,3.83,NA,1014.16,NA,NA,NA,60,NA,0.56,NA,-1.67,0.56,0
1857-11-14,NA,NA,NA,NA,NA,NA,NA,1.27,"empty","empty",NA,0,NA,2.96,NA,NA,NA
1857-11-14 07:00:00,12.22,NA,3,315,3.56,"315",1022.89,NA,NA,NA,75,NA,-2.78,NA,-4.44,-3.33,5
1857-11-14 14:00:00,16.67,NA,3,337.5,2.37,"337.5",1023.71,NA,NA,NA,44,NA,-1.67,NA,-4.44,-2.78,5
1857-11-14 21:00:00,17.22,NA,2,292.5,3.39,"337.5",1027.7,NA,NA,NA,74,NA,-3.33,NA,-5,-3.89,2
1857-11-15,NA,NA,NA,NA,NA,NA,NA,0,"7:20pm",NA,NA,0,NA,0.28,NA,NA,NA
1857-11-15 07:00:00,17.78,NA,2,247.5,2.78,"247.5",1026.75,NA,NA,NA,61,NA,-3.89,NA,-5.56,-3.89,2
1857-11-15 14:00:00,20.56,NA,1,247.5,4.61,"247.5",1024.38,NA,NA,NA,62,NA,2.22,NA,0.56,2.78,1
1857-11-15 21:00:00,16.67,NA,2,247.5,4.37,"202.5",1026.08,NA,NA,NA,61,NA,2.5,NA,0,2.22,2
1857-11-16,NA,NA,NA,NA,NA,NA,NA,4.57,"8pm","1am, 11pm",NA,0.23,NA,-0.41,NA,NA,NA
1857-11-16 07:00:00,13.33,NA,1,247.5,5.18,"247.5",1023.03,NA,NA,NA,74.5,NA,1.83,NA,0.28,1.67,1
1857-11-16 14:00:00,17.78,NA,2,NA,7.31,NA,1017.54,NA,NA,NA,91,NA,3.89,NA,3.33,3.89,2
1857-11-16 21:00:00,18.33,NA,2,157.5,6.64,"135",1010.84,NA,NA,NA,100,NA,1.39,NA,1.11,1.11,2
1857-11-17,NA,NA,NA,NA,NA,NA,NA,0.23,"empty","empty",NA,0,NA,3.42,NA,NA,NA
1857-11-17 07:00:00,13.89,NA,2,247.5,6.47,"247.5",1002.71,NA,NA,NA,90,NA,2.5,NA,1.67,2.22,2
1857-11-17 14:00:00,17.78,NA,3,225,5.86,"225",997.97,NA,NA,NA,73,NA,3.89,NA,2.22,3.89,5
1857-11-17 21:00:00,17.78,NA,2,225,5.86,"225",994.92,NA,NA,NA,73,NA,3.89,NA,2.22,3.89,2
1857-11-18,NA,NA,NA,NA,NA,NA,NA,0.51,"1am, 8am, 8:15pm","3am, 10am",NA,0.23,NA,3.33,NA,NA,NA
1857-11-18 07:00:00,14.44,NA,2,180,6.4,"180",993.57,NA,NA,NA,61,NA,2.22,NA,0,2.22,2
1857-11-18 14:00:00,16.67,NA,2,225,6.16,"225",992.58,NA,NA,NA,73,NA,4.44,NA,2.78,4.44,2
1857-11-18 21:00:00,18.33,NA,2,225,4.88,"225",998.92,NA,NA,NA,63,NA,3.33,NA,1.11,3.33,2
1857-11-19,NA,NA,NA,NA,NA,NA,NA,0.25,"11am, 2pm","4am, 12pm, 4pm",NA,0.23,NA,6.76,NA,NA,NA
1857-11-19 07:00:00,16.67,NA,3,157.5,4.88,"157.5",992.89,NA,NA,NA,63,NA,3.33,NA,1.11,3.33,5
1857-11-19 14:00:00,19.44,NA,3,157.5,8.36,"157.5",989.91,NA,NA,NA,71,NA,9.44,NA,7.22,9.44,5
1857-11-19 21:00:00,20.56,NA,6,157.5,8.5,"157.5",986.12,NA,NA,NA,84,NA,7.5,NA,6.11,7.22,20
1857-11-20,NA,NA,NA,NA,NA,NA,NA,0,"empty","empty",NA,0,NA,-1.93,NA,NA,NA
1857-11-20 07:00:00,15,NA,3,247.5,5.45,"247.5",993.91,NA,NA,NA,64,NA,-1.11,NA,-3.33,-1.11,5
1857-11-20 14:00:00,18.33,NA,3,247.5,5.25,"247.5",994.58,NA,NA,NA,89,NA,-0.28,NA,-1.11,-0.56,5
1857-11-20 21:00:00,17.78,NA,0,247.5,3.08,NA,996.61,NA,NA,NA,67.5,NA,-3.89,NA,-5.28,-3.89,1
1857-11-21,NA,NA,NA,NA,NA,NA,NA,0,"empty","empty",NA,0,NA,-1.11,NA,NA,NA
1857-11-21 07:00:00,12.22,NA,4,225,2.24,"225",994.58,NA,NA,NA,49,NA,-3.89,NA,-6.11,-3.89,11
1857-11-21 14:00:00,18.89,NA,3,247.5,4.44,"247.5",1003.05,NA,NA,NA,55,NA,1.11,NA,1.11,1.11,5
1857-11-21 21:00:00,18.89,NA,2,247.5,5.25,NA,1005.83,NA,NA,NA,89,NA,-1.11,NA,-1.11,-1.11,2
1857-11-22,NA,NA,NA,NA,NA,NA,NA,0,"9:30pm","10am",NA,0.23,NA,1.02,NA,NA,NA
1857-11-22 07:00:00,12.78,NA,4,202.5,5.25,"202.5",1001.36,NA,NA,NA,89,NA,-0.56,NA,-1.11,-0.56,11
1857-11-22 14:00:00,18.89,NA,4,225,4.17,"225",1008.47,NA,NA,NA,54,NA,3.61,NA,0.56,3.33,11
1857-11-22 21:00:00,17.78,NA,4,225,4.84,"225",1015.24,NA,NA,NA,79,NA,0,NA,-1.11,0,11
1857-11-23,NA,NA,NA,NA,NA,NA,NA,0,"3pm","9pm",NA,0,NA,2.13,NA,NA,NA
1857-11-23 07:00:00,18.89,NA,2,45,4.61,"45",1009.82,NA,NA,NA,78,NA,-0.56,NA,-1.67,-0.56,NA
1857-11-23 14:00:00,20,NA,3,180,3.83,"180",998.65,NA,NA,NA,42,NA,5.56,NA,1.67,5.56,5
1857-11-23 21:00:00,18.89,NA,7,270,5.25,"270",999.12,NA,NA,NA,79,NA,1.39,NA,0,1.11,27
1857-11-24,NA,NA,NA,NA,NA,NA,NA,8.38,"11am, 6pm","1am, 7pm",NA,0,NA,-4.36,NA,NA,NA
1857-11-24 07:00:00,13.89,NA,5,270,2.54,"270",1007.52,NA,NA,NA,70,NA,-6.39,NA,-7.78,-6.67,16
1857-11-24 14:00:00,17.78,NA,2,247.5,4.81,"247.5",1012.87,NA,NA,NA,88,NA,-1.67,NA,-2.22,-1.67,2
1857-11-24 21:00:00,18.89,NA,2,247.5,1.9,"247.5",1012.19,NA,NA,NA,46,NA,-5,NA,-7.22,-5,2
1857-11-25,NA,NA,NA,NA,NA,NA,NA,0,"empty","empty",NA,0.23,NA,-11.33,NA,NA,NA
1857-11-25 07:00:00,12.78,NA,5,270,1.46,"270",1024.72,NA,NA,NA,75,NA,-14.44,NA,-15,-14.44,16
1857-11-25 14:00:00,19.44,NA,6,270,1.35,"270",1030.48,NA,NA,NA,46,NA,-9.11,NA,-11.11,-9.44,20
1857-11-25 21:00:00,19.44,NA,0,270,1.02,NA,1033.86,NA,NA,NA,41,NA,-11.11,NA,-12.78,-11.11,16
1857-11-26,NA,NA,NA,NA,NA,NA,NA,0,"empty","empty",NA,0,NA,-1.48,NA,NA,NA
1857-11-26 07:00:00,15,NA,3,225,2.37,"225",1034.88,NA,NA,NA,82,NA,-9.44,NA,-10,-9.44,5
1857-11-26 14:00:00,20,NA,3,225,3.56,"225",1036.24,NA,NA,NA,75,NA,-3.33,NA,-4.44,-3.33,5
1857-11-26 21:00:00,20,NA,2,247.5,3.76,"225",1034.54,NA,NA,NA,75,NA,-2.78,NA,-3.89,-2.78,2
1857-11-27,NA,NA,NA,NA,NA,NA,NA,0,"empty","empty",NA,0,NA,-1.06,NA,NA,NA
1857-11-27 07:00:00,13.33,NA,0,270,3.39,NA,1029.46,NA,NA,NA,74,NA,-3.72,NA,-5,-3.89,11
1857-11-27 14:00:00,18.89,NA,3,NA,5.93,"292.5",1028.78,NA,NA,NA,89,NA,1.11,NA,0.56,1.11,5
1857-11-27 21:00:00,21.11,NA,1,247.5,4.06,"247.5",1031.77,NA,NA,NA,61,NA,1.11,NA,-1.11,1.11,1
1857-11-28,NA,NA,NA,NA,NA,NA,NA,0.23,"9am, 1pm","9:30am, 1:30pm",NA,0,NA,2.03,NA,NA,NA
1857-11-28 07:00:00,15.56,NA,2,247.5,5.25,"247.5",1027.43,NA,NA,NA,89,NA,-0.56,NA,-1.11,-0.56,2
1857-11-28 14:00:00,18.89,NA,2,270,6.37,"270",1028.11,NA,NA,NA,100,NA,3.33,NA,2.78,3.33,2
1857-11-28 21:00:00,21.67,NA,1,270,6.3,"270",1031.97,NA,NA,NA,81,NA,3.33,NA,2.22,3.33,1
1857-11-29,NA,NA,NA,NA,NA,NA,NA,0.23,"empty","empty",NA,0,NA,3.09,NA,NA,NA
1857-11-29 07:00:00,16.67,NA,2,NA,5.76,"0",1033.66,NA,NA,NA,80,NA,2.22,NA,1.11,2.22,2
1857-11-29 14:00:00,20,NA,2,315,7.08,"315",1034.2,NA,NA,NA,75,NA,6.11,NA,4.44,6.11,2
1857-11-29 21:00:00,19.44,NA,0,22.5,4.94,NA,1034,NA,NA,NA,74.5,NA,0.94,NA,-0.28,1.11,1
1857-11-30,NA,NA,NA,NA,NA,NA,NA,0,"11:45pm","empty",NA,0,NA,-1.21,NA,NA,NA
1857-11-30 07:00:00,14.44,NA,2,NA,5.69,"180",1030.75,NA,NA,NA,89,NA,0.83,NA,0,0.56,2
1857-11-30 14:00:00,17.78,NA,2,180,7.38,"180",1027.43,NA,NA,NA,76,NA,6.67,NA,5,6.67,2
1857-11-30 21:00:00,20,NA,2,180,6.74,"180",1024.65,NA,NA,NA,74,NA,5.56,NA,3.89,5.56,5
1857-12-01,NA,NA,NA,NA,NA,NA,NA,7.37,"empty","9 am",NA,0,NA,4.69,NA,NA,NA
1857-12-01 07:00:00,15.56,NA,2,180,7.62,"180",1017.68,NA,NA,NA,91,NA,4.72,NA,3.89,4.44,2
1857-12-01 14:00:00,20,NA,2,225,7.08,"225",1016.12,NA,NA,NA,75,NA,6.11,NA,4.44,6.11,2
1857-12-01 21:00:00,18.33,NA,4,225,8.7,"225",1016.09,NA,NA,NA,71,NA,3.22,NA,1.11,2.78,11
1857-12-02,NA,NA,NA,NA,NA,NA,NA,0,"empty","empty",NA,0,NA,3.61,NA,NA,NA
1857-12-02 07:00:00,16.67,NA,2,225,5.76,"225",1017.68,NA,NA,NA,80,NA,2.5,NA,1.11,2.22,2
1857-12-02 14:00:00,20.56,NA,1,225,7.18,"225",1017.61,NA,NA,NA,82,NA,5,NA,3.89,5.56,1
1857-12-02 21:00:00,20.56,NA,1,225,5.59,"225",1012.46,NA,NA,NA,72,NA,3.33,NA,1.67,3.33,1
1857-12-03,NA,NA,NA,NA,NA,NA,NA,0,"8:45 am | 10:15 am","9 am | 11:15 am",NA,0.23,NA,-1.13,NA,NA,NA
1857-12-03 07:00:00,16.67,NA,2,247.5,4.37,"247.5",1010.16,NA,NA,NA,61,NA,2.22,NA,0,2.22,2
1857-12-03 14:00:00,20.56,NA,2,247.5,4.17,"247.5",1014.22,NA,NA,NA,77,NA,-1.17,NA,-2.78,-1.67,1
1857-12-03 21:00:00,18.33,NA,2,247.5,3.18,"247.5",1019.64,NA,NA,NA,73,NA,-4.44,NA,-5.56,-4.44,1
1857-12-04,NA,NA,NA,NA,NA,NA,NA,0,"empty","empty",NA,0.23,NA,-6.3,NA,NA,NA
1857-12-04 07:00:00,10.56,NA,1,315,2.47,"315",1019.64,NA,NA,NA,59,NA,-5,NA,-6.67,-5,1
1857-12-04 14:00:00,18.89,NA,1,292.5,2.61,"292.5",1020.93,NA,NA,NA,60,NA,-4.44,NA,-6.11,-4.44,1
1857-12-04 21:00:00,18.33,NA,0,292.5,1.35,NA,1022.69,NA,NA,NA,46,NA,-9.44,NA,-11.11,-9.44,2
1857-12-05,NA,NA,NA,NA,NA,NA,NA,0,"10 am","11 am",NA,0,NA,-11.67,NA,NA,NA
1857-12-05 07:00:00,10.56,NA,1,45,1.12,"45",1024.31,NA,NA,NA,50,NA,-12.78,NA,-13.78,-12.5,1
1857-12-05 14:00:00,17.78,NA,1,45,2.54,"45",1026.08,NA,NA,NA,100,NA,-11.11,NA,-6.67,-11.11,1
1857-12-05 21:00:00,20.56,NA,0,45,1.52,NA,1028.11,NA,NA,NA,60,NA,-11.11,NA,-12.22,-11.11,1
1857-12-06,NA,NA,NA,NA,NA,NA,NA,0.23,"4 pm","12 am",NA,0.23,NA,-7.72,NA,NA,NA
1857-12-06 07:00:00,10,NA,0,45,1.49,NA,1026.08,NA,NA,NA,74,NA,-13.89,NA,-14.5,-13.89,1
1857-12-06 14:00:00,19.44,NA,3,22.5,1.59,"22.5",1020.66,NA,NA,NA,50,NA,-8.33,NA,-10,-8.33,1
1857-12-06 21:00:00,18.33,NA,2,22.5,5.01,"22.5",1009.89,NA,NA,NA,89,NA,-0.94,NA,-1.67,-1.11,2
1857-12-07,NA,NA,NA,NA,NA,NA,NA,0,"10:30 am","12 pm",NA,0,NA,4.11,NA,NA,NA
1857-12-07 07:00:00,13.33,NA,4,225,6.6,"225",1005.69,NA,NA,NA,82,NA,3.89,NA,2.78,3.89,11
1857-12-07 14:00:00,20,NA,0,270,6.74,NA,1012.53,NA,NA,NA,74,NA,5.56,NA,3.89,5.56,2
1857-12-07 21:00:00,19.44,NA,0,270,5.32,NA,1017.34,NA,NA,NA,71,NA,2.89,NA,1.11,2.78,11
1857-12-08,NA,NA,NA,NA,NA,NA,NA,0.23,"empty","6 am",NA,30.48,NA,2.78,NA,NA,NA
1857-12-08 07:00:00,16.67,NA,2,247.5,6.47,"247.5",1012.87,NA,NA,NA,90,NA,2.22,NA,1.67,2.22,2
1857-12-08 14:00:00,18.33,NA,2,270,6.3,"270",1016.26,NA,NA,NA,67,NA,6.11,NA,3.89,6.11,2
1857-12-08 21:00:00,19.44,NA,0,180,4.84,NA,1024.48,NA,NA,NA,79,NA,0,NA,-1.11,0,1
1857-12-09,NA,NA,NA,NA,NA,NA,NA,0,"empty","empty",NA,0,NA,2.11,NA,NA,NA
1857-12-09 07:00:00,15,NA,1,270,4.17,"22.5",1022.22,NA,NA,NA,77,NA,-1.44,NA,-2.78,-1.67,5
1857-12-09 14:00:00,18.33,NA,2,90,5.69,"90",1011.28,NA,NA,NA,89,NA,1,NA,0,0.56,1
1857-12-09 21:00:00,19.44,NA,3,180,7.31,"180",1002.03,NA,NA,NA,91,NA,3.89,NA,3.33,3.89,1
1857-12-10,NA,NA,NA,NA,NA,NA,NA,0,"empty","empty",NA,0,NA,1.29,NA,NA,NA
1857-12-10 07:00:00,3.89,NA,3,270,7.31,"270",1002.17,NA,NA,NA,91,NA,3.89,NA,3.33,3.89,2
1857-12-10 14:00:00,18.89,NA,2,270,4.61,"270",1002.44,NA,NA,NA,62,NA,2.78,NA,0.56,2.78,2
1857-12-10 21:00:00,18.89,NA,1,270,3.15,"270",1008.13,NA,NA,NA,63,NA,-2.78,NA,-4.44,-2.78,2
1857-12-11,NA,NA,NA,NA,NA,NA,NA,0,"empty","empty",NA,0,NA,-10.08,NA,NA,NA
1857-12-11 07:00:00,12.78,NA,3,337.5,1.86,"337.5",1021.33,NA,NA,NA,64,NA,-9.44,NA,-10.56,-9.44,2
1857-12-11 14:00:00,20,NA,3,315,1.12,"315",1027.7,NA,NA,NA,38,NA,-9.17,NA,-11.39,-9.44,2
1857-12-11 21:00:00,18.33,NA,0,315,0.95,NA,1032.17,NA,NA,NA,39,NA,-11.67,NA,-13.33,-11.67,2
1857-12-12,NA,NA,NA,NA,NA,NA,NA,0,"empty","empty",NA,0,NA,-6.58,NA,NA,NA
1857-12-12 07:00:00,11.67,NA,3,NA,1.52,"315",1032.85,NA,NA,NA,60,NA,-11.11,NA,-12.22,-11.11,5
1857-12-12 14:00:00,18.89,NA,2,270,3.01,"270",1035.56,NA,NA,NA,72,NA,-5,NA,-6.11,-5,2
1857-12-12 21:00:00,19.44,NA,0,270,3.39,NA,1032.31,NA,NA,NA,74,NA,-3.61,NA,-5,-3.89,11
1857-12-13,NA,NA,NA,NA,NA,NA,NA,0,"empty","empty",NA,0,NA,1.03,NA,NA,NA
1857-12-13 07:00:00,12.22,NA,7,225,4.17,"225",1025.4,NA,NA,NA,77,NA,-1.94,NA,-2.78,-1.67,27
1857-12-13 14:00:00,20,NA,6,225,6.03,"225",1022.35,NA,NA,NA,81,NA,2.78,NA,1.67,2.78,20
1857-12-13 21:00:00,20.56,NA,4,225,5.42,"225",1017.27,NA,NA,NA,75.5,NA,2.22,NA,0.83,2.22,11
1857-12-14,NA,NA,NA,NA,NA,NA,NA,0,"empty","empty",NA,0,NA,3.89,NA,NA,NA
1857-12-14 07:00:00,15,NA,2,270,5.86,"270",1015.92,NA,NA,NA,73,NA,3.89,NA,2.22,3.89,2
1857-12-14 14:00:00,18.89,NA,1,270,6.67,"270",1017.95,NA,NA,NA,78,NA,4.72,NA,3.33,4.72,1
1857-12-14 21:00:00,19.44,NA,3,270,5.79,"270",1023.71,NA,NA,NA,96,NA,3.06,NA,1.67,3.06,5
1857-12-15,NA,NA,NA,NA,NA,NA,NA,0,"2 am","5 am",NA,0,NA,-4.58,NA,NA,NA
1857-12-15 07:00:00,13.33,NA,2,45,3.59,"45",1031.63,NA,NA,NA,86,NA,-5,NA,-5.56,-5,2
1857-12-15 14:00:00,20.56,NA,2,45,2.98,"45",1035.42,NA,NA,NA,62,NA,-3.72,NA,-5,-3.33,2
1857-12-15 21:00:00,17.78,NA,3,22.5,3.59,"22.5",1030.48,NA,NA,NA,86,NA,-5,NA,-5.56,-5,5
1857-12-16,NA,NA,NA,NA,NA,NA,NA,0,"empty","empty",NA,30.48,NA,-2.69,NA,NA,NA
1857-12-16 07:00:00,12.22,NA,2,0,4.17,"0",1025.67,NA,NA,NA,100,NA,-4.72,NA,-5,-5,2
1857-12-16 14:00:00,18.89,NA,2,0,4.81,"0",1027.09,NA,NA,NA,84,NA,-0.83,NA,-1.67,-0.83,2
1857-12-16 21:00:00,16.11,NA,2,0,4.77,"0",1027.9,NA,NA,NA,93,NA,-2.5,NA,-2.78,-2.5,2
1857-12-17,NA,NA,NA,NA,NA,NA,NA,0,"12 am","10 am",NA,0,NA,0.96,NA,NA,NA
1857-12-17 07:00:00,13.33,NA,NA,NA,5.18,NA,1022.22,NA,NA,NA,100,NA,-2.11,NA,-2.22,-2.22,0
1857-12-17 14:00:00,17.22,NA,NA,NA,7.04,NA,1019.98,NA,NA,NA,91,NA,3.33,NA,2.78,3.33,0
1857-12-17 21:00:00,17.22,NA,NA,NA,6.2,NA,1020.66,NA,NA,NA,90,NA,1.67,NA,1.11,1.67,0
1857-12-18,NA,NA,NA,NA,NA,NA,NA,7.87,"10 am","11 am",NA,0,NA,2.31,NA,NA,NA
1857-12-18 07:00:00,13.33,NA,2,0,6.64,"0",1010.84,NA,NA,NA,100,NA,1.11,NA,1.11,1.11,2
1857-12-18 14:00:00,17.78,NA,3,22.5,7.48,"22.5",1000,NA,NA,NA,100,NA,2.78,NA,2.78,2.78,2
1857-12-18 21:00:00,18.89,NA,2,22.5,7.48,"22.5",999.32,NA,NA,NA,100,NA,3.06,NA,2.78,2.78,2
1857-12-19,NA,NA,NA,NA,NA,NA,NA,33.02,"1 pm","4 pm",NA,0.23,NA,-7.02,NA,NA,NA
1857-12-19 07:00:00,14.44,NA,2,292.5,4,"292.5",1015.24,NA,NA,NA,100,NA,-5.28,NA,-5.56,-5.56,2
1857-12-19 14:00:00,20.56,NA,2,270,3.28,"270",1023.71,NA,NA,NA,90,NA,-6.94,NA,-7.22,-6.94,2
1857-12-19 21:00:00,18.89,NA,2,270,2,"270",1029.26,NA,NA,NA,65,NA,-9,NA,-10,-8.89,2
1857-12-20,NA,NA,NA,NA,NA,NA,NA,0,"11 am","12 pm",NA,0.23,NA,-10.54,NA,NA,NA
1857-12-20 07:00:00,11.67,NA,2,315,2.03,"315",1032.17,NA,NA,NA,80,NA,-10.83,NA,-11.67,-11.11,2
1857-12-20 14:00:00,19.44,NA,3,270,1.56,"270",1032.85,NA,NA,NA,55,NA,-9.67,NA,-11.11,-9.72,5
1857-12-20 21:00:00,21.67,NA,0,270,1.52,NA,1035.9,NA,NA,NA,60,NA,-11.11,NA,-12.22,-11.11,2
1857-12-21,NA,NA,NA,NA,NA,NA,NA,0,"2 am","10 am",NA,0,NA,-5.82,NA,NA,NA
1857-12-21 07:00:00,12.78,NA,1,180,2.44,"180",1030,NA,NA,NA,75,NA,-8.11,NA,-8.89,-8.06,1
1857-12-21 14:00:00,17.78,NA,1,180,3.15,"180",1026.21,NA,NA,NA,63,NA,-2.67,NA,-4.44,-2.78,1
1857-12-21 21:00:00,17.22,NA,1,180,3.08,"180",1020.93,NA,NA,NA,85,NA,-6.67,NA,-7.22,-6.67,1
1857-12-22,NA,NA,NA,NA,NA,NA,NA,0,"10 am | 1:15 pm","1 pm | 5:30 pm",NA,101.6,NA,-2.78,NA,NA,NA
1857-12-22 07:00:00,10.56,NA,1,22.5,4.37,"22.5",1005.69,NA,NA,NA,100,NA,-4.33,NA,-4.44,-4.44,1
1857-12-22 14:00:00,16.67,NA,1,22.5,5.42,"22.5",1000,NA,NA,NA,100,NA,-1.67,NA,-1.67,-1.67,1
1857-12-22 21:00:00,17.22,NA,1,22.5,3.96,"22.5",999.59,NA,NA,NA,76,NA,-2.22,NA,-3.33,-2.22,1
1857-12-23,NA,NA,NA,NA,NA,NA,NA,0,"4:30 pm","empty",NA,38.1,NA,-5.37,NA,NA,NA
1857-12-23 07:00:00,12.22,NA,2,270,1.73,"270",1001.08,NA,NA,NA,63,NA,-10,NA,-11.11,-10,2
1857-12-23 14:00:00,16.11,NA,3,180,2.78,"180",996.21,NA,NA,NA,61,NA,-3.89,NA,-5.56,-3.89,5
1857-12-23 21:00:00,17.22,NA,2,180,3.96,"180",994.04,NA,NA,NA,76,NA,-2.22,NA,-3.33,-2.22,2
1857-12-24,NA,NA,NA,NA,NA,NA,NA,0,"empty","6 am",NA,88.9,NA,-8.76,NA,NA,NA
1857-12-24 07:00:00,14.44,NA,3,315,3.56,"270",1002.78,NA,NA,NA,80,NA,-4.06,NA,-5,-4.17,5
1857-12-24 14:00:00,17.22,NA,3,337.5,1.35,"337.5",1014.22,NA,NA,NA,46,NA,-9.44,NA,-11.11,-9.44,5
1857-12-24 21:00:00,16.67,NA,0,337.5,0.75,NA,1023.03,NA,NA,NA,35,NA,-12.78,NA,-14.44,-13.33,5
1857-12-25,NA,NA,NA,NA,NA,NA,NA,0,"empty","empty",NA,0,NA,-13.52,NA,NA,NA
1857-12-25 07:00:00,15.56,NA,NA,292.5,0.17,NA,1022.62,NA,NA,NA,9,NA,-15.28,NA,-17.22,-15.28,1
1857-12-25 14:00:00,16.67,NA,3,292.5,1.22,"292.5",1020.66,NA,NA,NA,49,NA,-11.39,NA,NA,-11.39,5
1857-12-25 21:00:00,19.44,NA,1,292.5,0.58,"292.5",1017.75,NA,NA,NA,29,NA,-13.89,NA,-15.56,-13.89,1
1857-12-26,NA,NA,NA,NA,NA,NA,NA,NA,NA,NA,NA,NA,NA,-15.26,NA,NA,NA
1857-12-26 07:00:00,8.89,NA,3,45,0.58,"45",1015.04,NA,NA,NA,39,NA,-17.44,NA,-18.89,-17.78,5
1857-12-26 14:00:00,16.11,NA,2,22.5,0.98,"22.5",1015.92,NA,NA,NA,51,NA,-14.44,NA,-15.56,-14.44,2
1857-12-26 21:00:00,18.89,NA,2,22.5,0.98,"22.5",1021.27,NA,NA,NA,51,NA,-14.44,NA,-15.56,-14.44,2
1857-12-27,NA,NA,NA,NA,NA,NA,NA,0,"11 pm","5 am",NA,0,NA,-16.32,NA,NA,NA
1857-12-27 07:00:00,8.33,NA,0,45,0.03,NA,1026.41,NA,NA,NA,2,NA,-18.89,NA,-20.56,-18.89,5
1857-12-27 14:00:00,17.78,NA,3,45,0.44,"45",1025.47,NA,NA,NA,23,NA,-15,NA,-16.67,-15,5
1857-12-27 21:00:00,17.22,NA,2,45,0.44,"45",1023.71,NA,NA,NA,23,NA,-15.06,NA,-16.67,-15,2
1857-12-28,NA,NA,NA,NA,NA,NA,NA,0,"10 am","11 am",NA,114.3,NA,-1.37,NA,NA,NA
1857-12-28 07:00:00,9.44,NA,1,225,3.08,"225",998.98,NA,NA,NA,85,NA,-6.67,NA,-7.22,-6.67,1
1857-12-28 14:00:00,18.89,NA,3,247.5,6.2,"247.5",1009.28,NA,NA,NA,90,NA,1.67,NA,1.11,1.67,1
1857-12-28 21:00:00,16.67,NA,0,270,4.2,NA,1017.2,NA,NA,NA,73,NA,-0.78,NA,-2.22,-6.39,1
1857-12-29,NA,NA,NA,NA,NA,NA,NA,0,"empty","empty",NA,0.23,NA,-3.21,NA,NA,NA
1857-12-29 07:00:00,11.11,NA,1,247.5,3.35,"247.5",1017.34,NA,NA,NA,69,NA,-3.11,NA,-4.44,-3.06,1
1857-12-29 14:00:00,13.89,NA,1,292.5,3.96,"225",1016.26,NA,NA,NA,76,NA,-1.72,NA,-3.33,-2.22,1
1857-12-29 21:00:00,18.33,NA,1,NA,1.73,"225",1019.3,NA,NA,NA,40,NA,-4.78,NA,-7.22,-4.72,1
1857-12-30,NA,NA,NA,NA,NA,NA,NA,0,"12:00 pm","10 am",NA,0,NA,2.81,NA,NA,NA
1857-12-30 07:00:00,14.44,NA,1,0,3.25,"0",1017.61,NA,NA,NA,85,NA,-6,NA,-6.67,-6.11,1
1857-12-30 14:00:00,18.89,NA,3,315,5.18,"315",1012.53,NA,NA,NA,100,NA,-2.22,NA,-2.22,-2.22,1
1857-12-30 21:00:00,22.22,NA,1,315,6.13,"315",1010.84,NA,NA,NA,100,NA,0,NA,0,0,1
1857-12-31,NA,NA,NA,NA,NA,NA,NA,0,"10 am","7 pm",NA,381,NA,-1.28,NA,NA,NA
1857-12-31 07:00:00,16.11,NA,2,67.5,5.89,"67.5",993.84,NA,NA,NA,100,NA,-0.39,NA,-0.56,-0.56,2
1857-12-31 14:00:00,17.22,NA,2,22.5,4.98,"22.5",984.63,NA,NA,NA,100,NA,-2.78,NA,-2.78,-2.78,2
1857-12-31 21:00:00,18.89,NA,1,270,5.25,"270",994.99,NA,NA,NA,89,NA,-0.56,NA,-1.11,-0.56,5
1858-01-01,NA,NA,NA,NA,NA,NA,NA,0,"9 am","4 pm",NA,127,NA,-4.63,NA,NA,NA
1858-01-01 07:00:00,12.78,NA,2,225,2.27,"225",1008.81,NA,NA,NA,68,NA,-7.78,NA,-8.89,-7.78,2
1858-01-01 14:00:00,18.89,NA,2,225,5.18,"225",1005.89,NA,NA,NA,100,NA,-2.22,NA,-2.22,-2.22,2
1858-01-01 21:00:00,21.67,NA,0,292.5,3.96,NA,1018.96,NA,NA,NA,87,NA,-3.89,NA,-4.44,-3.89,1
1858-01-02,NA,NA,NA,NA,NA,NA,NA,0,"9:15 pm","9:35 pm",NA,50.8,NA,-4.26,NA,NA,NA
1858-01-02 07:00:00,13.33,NA,2,247.5,1.86,"247.5",1022.35,NA,NA,NA,64,NA,-9.44,NA,-10.56,-9.44,5
1858-01-02 14:00:00,16.67,NA,0,247.5,3.35,NA,1014.56,NA,NA,NA,64,NA,-2.22,NA,-3.89,-2.22,2
1858-01-02 21:00:00,20.56,NA,NA,225,4.4,NA,1012.19,NA,NA,NA,78,NA,-1.11,NA,-2.22,-1.11,2
1858-01-03,NA,NA,NA,NA,NA,NA,NA,0,"1:30 pm","6 pm",NA,12.7,NA,-8.58,NA,NA,NA
1858-01-03 07:00:00,13.89,NA,2,315,1.05,"315",1015.98,NA,NA,NA,42,NA,-10.83,NA,-12.5,-10.83,2
1858-01-03 14:00:00,21.11,NA,3,315,2.71,"315",1000.68,NA,NA,NA,71,NA,-6.17,NA,-7.22,-6.11,5
1858-01-03 21:00:00,18.89,NA,2,225,2.51,"225",1001.83,NA,NA,NA,83,NA,-8.72,NA,-9.44,-8.89,2
1858-01-04,NA,NA,NA,NA,NA,NA,NA,0,"empty","empty",NA,43.18,NA,1.67,NA,NA,NA
1858-01-04 07:00:00,14.44,NA,4,225,3.86,"225",997.29,NA,NA,NA,81.5,NA,-3.33,NA,-4.17,-3.33,11
1858-01-04 14:00:00,18.89,NA,4,247.5,6.87,"247.5",990.52,NA,NA,NA,82,NA,4.44,NA,3.33,4.44,11
1858-01-04 21:00:00,21.11,NA,4,247.5,5.86,"247.5",996,NA,NA,NA,73,NA,3.89,NA,2.22,3.89,11
1858-01-05,NA,NA,NA,NA,NA,NA,NA,0,"empty","empty",NA,0,NA,-11.3,NA,NA,NA
1858-01-05 07:00:00,13.89,NA,0,0,3.08,NA,1014.22,NA,NA,NA,85,NA,-6.67,NA,-7.22,-6.67,2
1858-01-05 14:00:00,18.33,NA,0,45,1.56,NA,1015.44,NA,NA,NA,68.5,NA,-12.22,NA,-13.06,-12.22,2
1858-01-05 21:00:00,18.89,NA,0,45,0.44,NA,1022.69,NA,NA,NA,23,NA,-15,NA,-3.33,-15,11
1858-01-06,NA,NA,NA,NA,NA,NA,NA,0,"5 pm","1 am",NA,0,NA,-15.78,NA,NA,NA
1858-01-06 07:00:00,12.78,NA,3,45,1.22,"45",1019.98,NA,NA,NA,81.5,NA,-17.89,NA,-18.11,-17.78,5
1858-01-06 14:00:00,14.44,NA,4,22.5,0.98,"22.5",1016.26,NA,NA,NA,51,NA,-14.44,NA,-15.56,-14.44,11
1858-01-06 21:00:00,20,NA,4,22.5,1.39,"22.5",1015.58,NA,NA,NA,74,NA,-15,NA,-15.56,-15,11
1858-01-07,NA,NA,NA,NA,NA,NA,NA,0,"empty","empty / blank",NA,0,NA,-13.39,NA,NA,NA
1858-01-07 07:00:00,16.11,NA,2,270,1.46,"0",1019.98,NA,NA,NA,75,NA,-14.17,NA,-15,-14.44,2
1858-01-07 14:00:00,19.44,NA,2,315,0.95,"315",1026.41,NA,NA,NA,39,NA,-11.67,NA,-13.33,-11.67,2
1858-01-07 21:00:00,22.78,NA,2,315,0.98,"315",1036.24,NA,NA,NA,51,NA,-14.22,NA,-15.56,-14.44,2
1858-01-08,NA,NA,NA,NA,NA,NA,NA,0,"empty","empty",NA,0,NA,-15.86,NA,NA,NA
1858-01-08 07:00:00,18.33,NA,1,292.5,0.64,"292.5",1042.33,NA,NA,NA,42,NA,-17.22,NA,-18.33,-17.22,1
1858-01-08 14:00:00,22.22,NA,3,292.5,0.44,"270",1043.69,NA,NA,NA,26.5,NA,-13.89,NA,-18.11,-16.67,1
1858-01-08 21:00:00,23.33,NA,0,247.5,0.68,NA,1040.1,NA,NA,NA,43,NA,-16.5,NA,-17.78,-16.67,1
1858-01-09,NA,NA,NA,NA,NA,NA,NA,0,"10 am","3 pm",NA,0,NA,-4.44,NA,NA,NA
1858-01-09 07:00:00,20,NA,3,NA,2,"225",1025.4,NA,NA,NA,65,NA,-8.89,NA,-10,-8.89,5
1858-01-09 14:00:00,17.22,NA,3,202.5,2.78,"202.5",1015.85,NA,NA,NA,61,NA,-3.89,NA,-5.56,-3.89,5
1858-01-09 21:00:00,21.67,NA,0,315,5.25,NA,1019.3,NA,NA,NA,89,NA,-0.56,NA,-1.11,-0.56,1
1858-01-10,NA,NA,NA,NA,NA,NA,NA,0,"empty","empty",NA,0.23,NA,-7.19,NA,NA,NA
1858-01-10 07:00:00,15.56,NA,0,315,1.86,NA,1027.16,NA,NA,NA,53,NA,-7.22,NA,-8.89,-7.22,1
1858-01-10 14:00:00,20.56,NA,0,270,2.2,NA,1032.71,NA,NA,NA,62,NA,-6.94,NA,-8.33,-6.94,1
1858-01-10 21:00:00,21.11,NA,0,270,3.49,NA,1031.16,NA,NA,NA,100,NA,-7.33,NA,-7.22,-7.22,20
1858-01-11,NA,NA,NA,NA,NA,NA,NA,0.23,"4 am | 10 am | 4 pm","10 am | 12 pm | 11 pm",NA,0.23,NA,3.11,NA,NA,NA
1858-01-11 07:00:00,15.56,NA,6,180,6.37,"180",1015.58,NA,NA,NA,100,NA,0.56,NA,0.56,0.56,20
1858-01-11 14:00:00,18.89,NA,4,180,7.72,"180",1002.71,NA,NA,NA,95,NA,4.33,NA,3.61,3.89,11
1858-01-11 21:00:00,20.56,NA,4,225,8.4,"225",997.63,NA,NA,NA,100,NA,4.44,NA,4.44,4.44,11
1858-01-12,NA,NA,NA,NA,NA,NA,NA,2.79,"5 am","6 am",NA,0,NA,-3.67,NA,NA,NA
1858-01-12 07:00:00,18.89,NA,6,225,5.49,"225",1004.06,NA,NA,NA,80,NA,1.67,NA,0.56,1.67,20
1858-01-12 14:00:00,17.22,NA,0,270,3.18,NA,1022.01,NA,NA,NA,73,NA,-4.33,NA,-5.56,-4.44,5
1858-01-12 21:00:00,19.44,NA,0,270,2.13,NA,1031.09,NA,NA,NA,67,NA,-8.33,NA,-9.44,-8.33,1
1858-01-13,NA,NA,NA,NA,NA,NA,NA,0,"5:35 pm","8 pm",NA,0,NA,-3.67,NA,NA,NA
1858-01-13 07:00:00,13.89,NA,4,0,0.44,"0",1026.89,NA,NA,NA,23,NA,-15,NA,-16.67,-15,11
1858-01-13 14:00:00,18.89,NA,2,NA,1.22,"315",1017.54,NA,NA,NA,36,NA,-7.78,NA,-10,-7.78,5
1858-01-13 21:00:00,19.44,NA,2,247.5,3.56,"247.5",1020.93,NA,NA,NA,75,NA,-3.33,NA,1.11,-3.33,2
1858-01-14,NA,NA,NA,NA,NA,NA,NA,0,"7:35 pm","10 pm",NA,0.23,NA,-3.33,NA,NA,NA
1858-01-14 07:00:00,15,NA,2,270,2.98,"270",1025.8,NA,NA,NA,67,NA,-4.11,NA,-5.56,-4.17,2
1858-01-14 14:00:00,17.78,NA,0,270,3.76,NA,1028.78,NA,NA,NA,67,NA,-1.11,NA,-2.78,-1.11,1
1858-01-14 21:00:00,18.89,NA,0,270,2.81,NA,1032.51,NA,NA,NA,66,NA,-4.78,NA,-6.11,-4.72,1
1858-01-15,NA,NA,NA,NA,NA,NA,NA,0,"10 am","11 pm",NA,0,NA,-9.47,NA,NA,NA
1858-01-15 07:00:00,16.11,NA,1,NA,1.42,"45",1034.14,NA,NA,NA,59,NA,-11.67,NA,-12.78,-11.67,1
1858-01-15 14:00:00,17.78,NA,2,45,2,"45",1026.41,NA,NA,NA,65,NA,-8.89,NA,-10,-8.89,1
1858-01-15 21:00:00,17.78,NA,1,90,3.32,"90",1018.76,NA,NA,NA,100,NA,-7.89,NA,-7.78,-7.78,1
1858-01-16,NA,NA,NA,NA,NA,NA,NA,0.23,"empty","empty",NA,63.5,NA,0.28,NA,NA,NA
1858-01-16 07:00:00,13.89,NA,1,90,6.91,"90",1004.13,NA,NA,NA,100,NA,1.67,NA,1.67,1.67,1
1858-01-16 14:00:00,16.67,NA,2,45,5.66,"45",998.98,NA,NA,NA,100,NA,-1.11,NA,-1.11,-1.11,2
1858-01-16 21:00:00,18.89,NA,2,45,6.13,"45",1003.45,NA,NA,NA,100,NA,0.28,NA,0,0,2
1858-01-17,NA,NA,NA,NA,NA,NA,NA,2.79,"empty","empty",NA,12.7,NA,-10.03,NA,NA,NA
1858-01-17 07:00:00,15,NA,1,45,2.64,"315",1012.8,NA,NA,NA,83,NA,-7.89,NA,-8.89,-8.33,1
1858-01-17 14:00:00,18.33,NA,3,NA,1.73,"270",1017.95,NA,NA,NA,63,NA,-10,NA,-11.11,-10,5
1858-01-17 21:00:00,18.33,NA,0,45,0.85,NA,1020.45,NA,NA,NA,37,NA,-12.22,NA,-13.89,-12.22,2
1858-01-18,NA,NA,NA,NA,NA,NA,NA,0,"empty","empty",NA,0,NA,-13.19,NA,NA,NA
1858-01-18 07:00:00,11.67,NA,0,22.5,0.81,NA,1019.24,NA,NA,NA,47,NA,-15.67,NA,NA,-15.56,1
1858-01-18 14:00:00,14.44,NA,1,45,1.22,"45",1018.29,NA,NA,NA,49,NA,-11.5,NA,-12.78,-11.39,1
1858-01-18 21:00:00,18.89,NA,0,22.5,1.32,NA,1020.93,NA,NA,NA,57,NA,-12.39,NA,-13.33,-12.22,1
1858-01-19,NA,NA,NA,NA,NA,NA,NA,0,"empty","empty",NA,0,NA,-13.19,NA,NA,NA
1858-01-19 07:00:00,9.44,NA,NA,45,1.22,NA,1022.28,NA,NA,NA,72,NA,-16.11,NA,-16.67,-16.11,1
1858-01-19 14:00:00,16.67,NA,1,45,1.42,"45",1022.69,NA,NA,NA,59,NA,-11.56,NA,-12.78,-11.67,1
1858-01-19 21:00:00,17.22,NA,1,45,1.32,"45",1023.03,NA,NA,NA,57,NA,-11.89,NA,-13.33,-12.22,1
1858-01-20,NA,NA,NA,NA,NA,NA,NA,0,"1 am","2 am",NA,0.23,NA,-9.65,NA,NA,NA
1858-01-20 07:00:00,12.78,NA,2,45,0.98,"45",1021.54,NA,NA,NA,51,NA,-14.44,NA,-15.56,-14.44,2
1858-01-20 14:00:00,15.56,NA,2,45,1.59,"45",1022.42,NA,NA,NA,50,NA,-8.39,NA,-10,-8.33,2
1858-01-20 21:00:00,20,NA,1,45,2.51,"45",1024.72,NA,NA,NA,64,NA,-6.11,NA,-7.22,-5.83,1
1858-01-21,NA,NA,NA,NA,NA,NA,NA,0,"empty","empty",NA,0,NA,-2.5,NA,NA,NA
1858-01-21 07:00:00,13.89,NA,3,0,3.76,"45",1019.98,NA,NA,NA,81,NA,-3.61,NA,-4.44,-3.61,1
1858-01-21 14:00:00,19.44,NA,4,45,5.32,"270",1014.22,NA,NA,NA,71,NA,2.78,NA,1.11,2.78,5
1858-01-21 21:00:00,20,NA,1,45,1.46,"270",1027.09,NA,NA,NA,40,NA,-6.67,NA,-8.89,-6.67,2
1858-01-22,NA,NA,NA,NA,NA,NA,NA,0,"empty","empty",NA,0,NA,-17.91,NA,NA,NA
1858-01-22 07:00:00,11.11,NA,0,0,1.12,NA,1040.03,NA,NA,NA,81,NA,-18.56,NA,-19.06,-18.72,5
1858-01-22 14:00:00,17.78,NA,0,0,0.64,NA,1045.24,NA,NA,NA,42,NA,-17.22,NA,-18.33,-17.22,5
1858-01-22 21:00:00,18.33,NA,0,0,0.78,NA,1046.06,NA,NA,NA,53,NA,-17.94,NA,-18.89,-18.06,5
1858-01-23,NA,NA,NA,NA,NA,NA,NA,0,"empty","empty",NA,0,NA,-18.37,NA,NA,NA
1858-01-23 07:00:00,7.78,NA,0,0,0,NA,1042.06,NA,NA,NA,0,NA,-25,NA,-27.22,-25,2
1858-01-23 14:00:00,13.33,NA,0,0,0.81,NA,1037.86,NA,NA,NA,47,NA,-15.56,NA,-16.67,-15.56,2
1858-01-23 21:00:00,18.33,NA,0,0,0.98,NA,1037.05,NA,NA,NA,51,NA,-14.56,NA,-15.56,-14.44,1
1858-01-24,NA,NA,NA,NA,NA,NA,NA,0,"4 am","11 am",NA,0,NA,-9.02,NA,NA,NA
1858-01-24 07:00:00,7.22,NA,1,0,0.58,"0",1034.54,NA,NA,NA,39,NA,-17.61,NA,-18.89,-17.78,1
1858-01-24 14:00:00,19.44,NA,1,0,2.61,"0",1033.32,NA,NA,NA,60,NA,-4.44,NA,-6.11,-4.44,1
1858-01-24 21:00:00,18.33,NA,1,NA,3.59,"270",1030.68,NA,NA,NA,86,NA,-5,NA,-5.56,-5,1
1858-01-25,NA,NA,NA,NA,NA,NA,NA,0,"4 pm","6 pm",NA,0,NA,2.07,NA,NA,NA
1858-01-25 07:00:00,13.89,NA,1,180,5.93,"180",1027.7,NA,NA,NA,94,NA,0.11,NA,0,0.28,1
1858-01-25 14:00:00,20,NA,1,180,7.75,"180",1026.08,NA,NA,NA,100,NA,3.33,NA,3.33,3.33,1
1858-01-25 21:00:00,20,NA,1,180,7.48,"180",1022.69,NA,NA,NA,100,NA,2.78,NA,-2.78,2.78,1
1858-01-26,NA,NA,NA,NA,NA,NA,NA,9.4,"3 am","10:30 am",NA,0,NA,4.81,NA,NA,NA
1858-01-26 07:00:00,16.11,NA,1,202.5,8.23,"202.5",1013.55,NA,NA,NA,100,NA,4.17,NA,4.17,4.17,1
1858-01-26 14:00:00,19.44,NA,2,NA,7.92,"225",1003.05,NA,NA,NA,92,NA,6.33,NA,5.56,6.11,2
1858-01-26 21:00:00,20,NA,2,225,8.06,"225",1005.08,NA,NA,NA,100,NA,3.89,NA,3.89,3.89,1
1858-01-27,NA,NA,NA,NA,NA,NA,NA,0.76,"7:30 am","5:20 am",NA,0,NA,0.28,NA,NA,NA
1858-01-27 07:00:00,15,NA,1,247.5,5.99,"247.5",1006.1,NA,NA,NA,85,NA,1.94,NA,1.11,1.94,1
1858-01-27 14:00:00,17.78,NA,1,0,5.25,"0",1009.14,NA,NA,NA,79,NA,1.11,NA,0,1.11,1
1858-01-27 21:00:00,18.89,NA,1,0,3.39,"0",1013.28,NA,NA,NA,74,NA,-3.89,NA,-5,-3.89,1
1858-01-28,NA,NA,NA,NA,NA,NA,NA,0.51,"empty","empty",NA,0,NA,-6.72,NA,NA,NA
1858-01-28 07:00:00,11.67,NA,4,45,2.88,"45",1013.41,NA,NA,NA,78,NA,-6.22,NA,-7.22,-6.39,11
1858-01-28 14:00:00,14.44,NA,3,45,2.51,"45",1012.53,NA,NA,NA,64,NA,-5.61,NA,-7.22,-5.83,5
1858-01-28 21:00:00,14.44,NA,3,45,2.13,"45",1014.02,NA,NA,NA,67,NA,-8.33,NA,-9.44,-8.33,5
1858-01-29,NA,NA,NA,NA,NA,NA,NA,0,"5 am","9 am",NA,0.23,NA,-6.3,NA,NA,NA
1858-01-29 07:00:00,9.44,NA,2,67.5,2,"67.5",1015.58,NA,NA,NA,65,NA,-8.89,NA,-10,-8.89,2
1858-01-29 14:00:00,15.56,NA,2,67.5,2.61,"67.5",1010.84,NA,NA,NA,60,NA,-4.44,NA,-6.11,-4.44,2
1858-01-29 21:00:00,19.44,NA,2,67.5,3.42,"67.5",1010.9,NA,NA,NA,86,NA,-5.56,NA,-6.11,-5.56,2
1858-01-30,NA,NA,NA,NA,NA,NA,NA,0,"empty","empty",NA,0,NA,-6.87,NA,NA,NA
1858-01-30 07:00:00,13.33,NA,1,292.5,2.71,"292.5",1009.14,NA,NA,NA,71,NA,-6.17,NA,-7.22,-6.11,1
1858-01-30 14:00:00,18.33,NA,2,292.5,3.39,"292.5",1008.81,NA,NA,NA,74,NA,-3.89,NA,-5,-3.89,2
1858-01-30 21:00:00,19.44,NA,3,315,1.63,"315",1013.55,NA,NA,NA,62,NA,-10.56,NA,-11.67,-10.56,5
1858-01-31,NA,NA,NA,NA,NA,NA,NA,0,"empty","empty",NA,0,NA,-17.74,NA,NA,NA
1858-01-31 07:00:00,12.22,NA,0,270,0.41,NA,1019.64,NA,NA,NA,32,NA,-19.67,NA,-20.56,-19.44,1
1858-01-31 14:00:00,20.56,NA,0,270,0.64,NA,1022.69,NA,NA,NA,42,NA,-17.11,NA,-18.33,-17.22,5
1858-01-31 21:00:00,22.22,NA,1,270,0.68,"270",1026.75,NA,NA,NA,43,NA,-16.67,NA,-17.78,-16.67,1
1858-02-01,NA,NA,NA,NA,NA,NA,NA,0,"empty","empty",NA,0,NA,-15,NA,NA,NA
1858-02-01 07:00:00,12.22,NA,1,270,0.95,"270",1028.11,NA,NA,NA,68,NA,-18.33,NA,-16.67,-18.33,1
1858-02-01 14:00:00,16.11,NA,1,0,1.32,"0",1027.84,NA,NA,NA,57,NA,-12.22,NA,-13.33,-12.22,1
1858-02-01 21:00:00,18.33,NA,4,0,0.98,"0",1024.38,NA,NA,NA,51,NA,-14.44,NA,-15.56,-14.44,11
1858-02-02,NA,NA,NA,NA,NA,NA,NA,28.45,"12:30am, 10am","10am, 10pm",NA,292.1,NA,-7.5,NA,NA,NA
1858-02-02 07:00:00,9.44,NA,3,22.5,1.93,"22.5",1009.14,NA,NA,NA,72,NA,-10.28,NA,-11.11,-10.28,5
1858-02-02 14:00:00,18.33,NA,2,0,3.79,"0",999.32,NA,NA,NA,93,NA,-5.56,NA,-5.56,-5.28,2
1858-02-02 21:00:00,20.56,NA,2,0,3.08,"0",1003.73,NA,NA,NA,85,NA,-6.67,NA,-7.22,-6.67,2
1858-02-03,NA,NA,NA,NA,NA,NA,NA,9.91,"5:30am","7am",NA,127,NA,-2.97,NA,NA,NA
1858-02-03 07:00:00,13.33,NA,3,270,3.96,"270",1006.43,NA,NA,NA,87,NA,-3.89,NA,-4.44,-3.89,5
1858-02-03 14:00:00,17.22,NA,2,247.5,3.76,"247.5",1010.77,NA,NA,NA,75,NA,-2.78,NA,-3.89,-2.78,2
1858-02-03 21:00:00,20,NA,2,247.5,3.96,"247.5",1016.19,NA,NA,NA,76,NA,-2.22,NA,-3.33,-2.22,2
1858-02-04,NA,NA,NA,NA,NA,NA,NA,0,"empty","empty",NA,0,NA,-6.52,NA,NA,NA
1858-02-04 07:00:00,13.33,NA,1,247.5,2.78,"247.5",1018.35,NA,NA,NA,84,NA,-7.78,NA,-8.33,-7.78,1
1858-02-04 14:00:00,17.78,NA,2,247.5,2.47,"247.5",1017.54,NA,NA,NA,59,NA,-5,NA,-6.67,-5,2
1858-02-04 21:00:00,17.78,NA,2,247.5,2.74,"247.5",1018.96,NA,NA,NA,77,NA,-6.78,NA,-7.78,-6.94,2
1858-02-05,NA,NA,NA,NA,NA,NA,NA,0,"empty","empty",NA,0,NA,-10.04,NA,NA,NA
1858-02-05 07:00:00,12.78,NA,2,315,1.63,"315",1018.63,NA,NA,NA,62,NA,-10.56,NA,-11.67,-10.56,2
1858-02-05 14:00:00,17.78,NA,2,315,2.13,"315",1017.27,NA,NA,NA,67,NA,-8.33,NA,-9.44,-8.33,2
1858-02-05 21:00:00,21.11,NA,1,315,1.52,"315",1018.69,NA,NA,NA,60,NA,-11.22,NA,-12.22,-11.11,1
1858-02-06,NA,NA,NA,NA,NA,NA,NA,0,"empty","empty",NA,0,NA,-10.61,NA,NA,NA
1858-02-06 07:00:00,13.89,NA,1,292.5,1.52,"292.5",1020.59,NA,NA,NA,68,NA,-12.39,NA,-13.33,-12.5,1
1858-02-06 14:00:00,20,NA,2,270,2.61,"270",1022.35,NA,NA,NA,76,NA,-7.33,NA,-8.33,-7.5,2
1858-02-06 21:00:00,20,NA,0,270,1.32,NA,1022.42,NA,NA,NA,57,NA,-12.11,NA,-13.33,-12.22,1
1858-02-07,NA,NA,NA,NA,NA,NA,NA,1.78,"6:55am, 10am","10am,11:15pm",NA,19.05,NA,-5.97,NA,NA,NA
1858-02-07 07:00:00,12.78,NA,1,247.5,2.64,"247.5",1014.22,NA,NA,NA,83,NA,-8.33,NA,-8.89,-8.33,1
1858-02-07 14:00:00,18.33,NA,1,337.5,3.42,"337.5",1010.16,NA,NA,NA,86,NA,-5.44,NA,-6.11,-5.56,1
1858-02-07 21:00:00,17.78,NA,1,337.5,3.96,"337.5",1012.26,NA,NA,NA,87,NA,-4.11,NA,-4.44,-3.89,1
1858-02-08,NA,NA,NA,NA,NA,NA,NA,2.54,NA,NA,NA,31.75,NA,-11.11,NA,NA,NA
1858-02-08 07:00:00,11.67,NA,1,337.5,2.13,"0",1017.61,NA,NA,NA,67,NA,-8.33,NA,-9.44,-8.33,1
1858-02-08 14:00:00,17.78,NA,0,337.5,1.52,NA,1023.03,NA,NA,NA,60,NA,-11.11,NA,-12.22,-11.11,1
1858-02-08 21:00:00,17.22,NA,0,337.5,0.58,NA,1024.04,NA,NA,NA,29,NA,-13.89,NA,-15.56,-13.89,2
1858-02-09,NA,NA,NA,NA,NA,NA,NA,0,"12:50pm","empty",NA,NA,NA,-14.09,NA,NA,NA
1858-02-09 07:00:00,10,NA,NA,337.5,1.12,NA,1021.33,NA,NA,NA,90,NA,-19.44,NA,-19.89,-19.72,2
1858-02-09 14:00:00,17.22,NA,2,0,0.98,"0",1014.22,NA,NA,NA,51,NA,-14.5,NA,-15.56,-14.44,2
1858-02-09 21:00:00,16.11,NA,2,0,2.64,"0",1000.68,NA,NA,NA,83,NA,-8.33,NA,-8.89,-8.33,5
1858-02-10,NA,NA,NA,NA,NA,NA,NA,0,"10am","12pm, 3pm",NA,0,NA,-10.74,NA,NA,NA
1858-02-10 07:00:00,10.56,NA,1,225,1.63,"225",993.7,NA,NA,NA,62,NA,-10.56,NA,-11.67,-10.56,1
1858-02-10 14:00:00,13.33,NA,6,247.5,3.66,"247.5",994.45,NA,NA,NA,100,NA,-6.67,NA,-6.67,-6.67,20
1858-02-10 21:00:00,21.67,NA,2,247.5,0.91,"247.5",1005.22,NA,NA,NA,49,NA,-15,NA,-16.11,-15,2
1858-02-11,NA,NA,NA,NA,NA,NA,NA,20.07,"empty","empty",NA,247.65,NA,-21.48,NA,NA,NA
1858-02-11 07:00:00,10.56,NA,3,0,0.44,"270",1014.22,NA,NA,NA,51,NA,-24.44,NA,-25,-24.44,5
1858-02-11 14:00:00,22.78,NA,0,270,0.85,NA,1019.3,NA,NA,NA,66,NA,-19.44,NA,-20,-19.44,5
1858-02-11 21:00:00,21.11,NA,0,270,0.75,NA,1024.38,NA,NA,NA,63,NA,-21.11,NA,-21.11,-20.56,5
1858-02-12,NA,NA,NA,NA,NA,NA,NA,1.02,NA,NA,NA,6.35,NA,-21.35,NA,NA,NA
1858-02-12 07:00:00,15,NA,NA,270,0.07,NA,1026.08,NA,NA,NA,9,NA,-27.33,NA,-28.33,-27.5,1
1858-02-12 14:00:00,18.33,NA,1,270,0.58,"270",1026.35,NA,NA,NA,39,NA,-17.61,NA,-18.89,-17.78,1
1858-02-12 21:00:00,21.67,NA,0,270,0.75,NA,1029.06,NA,NA,NA,63,NA,-19.11,NA,-21.11,-20.56,1
1858-02-13,NA,NA,NA,NA,NA,NA,NA,0,"empty","empty",NA,NA,NA,-21.28,NA,NA,NA
1858-02-13 07:00:00,17.78,NA,0,0,0.24,NA,1032.44,NA,NA,NA,29,NA,-24.11,NA,-25,-24.17,1
1858-02-13 14:00:00,17.78,NA,0,0,0.47,NA,1031.16,NA,NA,NA,34,NA,-18.89,NA,-20,-18.89,1
1858-02-13 21:00:00,18.89,NA,0,0,0.51,NA,1029.8,NA,NA,NA,43,NA,-20.83,NA,-21.67,-20.83,1
1858-02-14,NA,NA,NA,NA,NA,NA,NA,0,"3:30pm","6:30pm",NA,0,NA,-17.89,NA,NA,NA
1858-02-14 07:00:00,4.44,NA,3,45,0.47,"45",1022.79,NA,NA,NA,34,NA,-21.78,NA,-20,-18.89,5
1858-02-14 14:00:00,14.44,NA,2,22.5,0.68,"22.5",1018.96,NA,NA,NA,43,NA,-16.61,NA,-17.78,-16.67,2
1858-02-14 21:00:00,17.78,NA,2,45,1.69,"45",1017.61,NA,NA,NA,100,NA,-15.28,NA,-16.11,-16.11,2
1858-02-15,NA,NA,NA,NA,NA,NA,NA,0.23,"empty","empty",NA,0.23,NA,-15.28,NA,NA,NA
1858-02-15 07:00:00,11.11,NA,1,315,0.47,"315",1018.02,NA,NA,NA,34,NA,-18.89,NA,-20,-18.89,2
1858-02-15 14:00:00,17.78,NA,3,270,1.32,"270",1019.91,NA,NA,NA,57,NA,-12.33,NA,-13.33,-12.22,5
1858-02-15 21:00:00,17.78,NA,0,270,0.98,NA,1022.62,NA,NA,NA,51,NA,-14.44,NA,-15.56,-14.44,2
1858-02-16,NA,NA,NA,NA,NA,NA,NA,0,"empty","empty",NA,0,NA,-14.36,NA,NA,NA
1858-02-16 07:00:00,12.78,NA,1,292.5,0.64,"292.5",1017.95,NA,NA,NA,42,NA,-17.22,NA,-18.33,-17.22,1
1858-02-16 14:00:00,16.67,NA,2,270,1.42,"270",1013.14,NA,NA,NA,59,NA,-11.67,NA,-12.78,-11.67,2
1858-02-16 21:00:00,16.67,NA,0,315,0.98,NA,1015.92,NA,NA,NA,51,NA,-14.33,NA,-15.56,-14.44,2
1858-02-17,NA,NA,NA,NA,NA,NA,NA,0,"empty","empty",NA,0,NA,-16.19,NA,NA,NA
1858-02-17 07:00:00,8.89,NA,3,270,0.47,"270",1017.88,NA,NA,NA,34,NA,-18.78,NA,-20,-18.89,5
1858-02-17 14:00:00,15.56,NA,3,270,0.75,"270",1018.76,NA,NA,NA,35,NA,-13.06,NA,-14.44,-12.78,5
1858-02-17 21:00:00,13.89,NA,0,270,0.68,NA,1022.35,NA,NA,NA,43,NA,-16.72,NA,-17.78,-16.67,2
1858-02-18,NA,NA,NA,NA,NA,NA,NA,0,"empty","empty",NA,0,NA,-16.74,NA,NA,NA
1858-02-18 07:00:00,8.33,NA,2,292.5,0.47,"292.5",1019.3,NA,NA,NA,34,NA,-19.06,NA,-20,-18.89,2
1858-02-18 14:00:00,12.22,NA,2,270,0.91,"270",1020.32,NA,NA,NA,49,NA,-15,NA,-16.11,-15,2
1858-02-18 21:00:00,18.89,NA,0,270,0.75,NA,1025.94,NA,NA,NA,45,NA,-16.17,NA,-17.22,-16.11,2
1858-02-19,NA,NA,NA,NA,NA,NA,NA,0,"empty","empty",NA,0,NA,-19.37,NA,NA,NA
1858-02-19 07:00:00,10,NA,0,315,0.98,NA,1029.46,NA,NA,NA,100,NA,-23,NA,-22.22,-23.06,1
1858-02-19 14:00:00,14.44,NA,0,0,0.68,NA,1028.45,NA,NA,NA,43,NA,-16.78,NA,-17.78,-16.67,1
1858-02-19 21:00:00,19.44,NA,1,0,0.95,"0",1027.09,NA,NA,NA,68,NA,-18.33,NA,-18.89,-18.33,1
1858-02-20,NA,NA,NA,NA,NA,NA,NA,0,"empty","empty",NA,0,NA,-15.63,NA,NA,NA
1858-02-20 07:00:00,12.22,NA,1,0,0.68,"0",1020.66,NA,NA,NA,72.5,NA,-23.28,NA,-23.67,-23.33,1
1858-02-20 14:00:00,16.67,NA,1,0,1.52,"0",1012.53,NA,NA,NA,68,NA,-12.78,NA,-13.33,-12.5,1
1858-02-20 21:00:00,15,NA,1,0,1.63,"0",1010.84,NA,NA,NA,62,NA,-10.72,NA,-11.67,-10.56,1
1858-02-21,NA,NA,NA,NA,NA,NA,NA,0,"7:45am, 4pm","2pm, 7:30pm",NA,0,NA,-6.39,NA,NA,NA
1858-02-21 07:00:00,12.78,NA,1,225,1.63,"225",1009.14,NA,NA,NA,62,NA,-10.56,NA,-11.67,-10.56,1
1858-02-21 14:00:00,21.11,NA,1,225,3.18,"225",1005.42,NA,NA,NA,73,NA,-4.44,NA,-5.56,-4.44,1
1858-02-21 21:00:00,21.11,NA,2,247.5,3.96,"247.5",1007.11,NA,NA,NA,87,NA,-4.17,NA,-4.44,-3.89,2
1858-02-22,NA,NA,NA,NA,NA,NA,NA,0.23,"empty","empty",NA,0.23,NA,-13.33,NA,NA,NA
1858-02-22 07:00:00,11.67,NA,0,270,0.98,NA,1018.96,NA,NA,NA,51,NA,-14.44,NA,-15.56,-14.44,1
1858-02-22 14:00:00,19.44,NA,0,270,1.52,NA,1021,NA,NA,NA,60,NA,-11.11,NA,-12.22,-11.11,1
1858-02-22 21:00:00,20,NA,0,270,0.98,NA,1023.03,NA,NA,NA,51,NA,-14.44,NA,-15.56,-14.44,1
1858-02-23,NA,NA,NA,NA,NA,NA,NA,0,"empty","empty",NA,0,NA,-13.08,NA,NA,NA
1858-02-23 07:00:00,16.11,NA,0,337.5,0.75,NA,1027.77,NA,NA,NA,63,NA,-20.22,NA,-21.11,-21.11,2
1858-02-23 14:00:00,18.89,NA,0,247.5,1.22,NA,1030.27,NA,NA,NA,49,NA,-11.56,NA,-12.78,-11.39,2
1858-02-23 21:00:00,17.22,NA,0,247.5,0.58,NA,1030.41,NA,NA,NA,29,NA,-14.17,NA,-15.56,-13.89,2
1858-02-24,NA,NA,NA,NA,NA,NA,NA,0,"empty","empty",NA,0,NA,-9.67,NA,NA,NA
1858-02-24 07:00:00,13.33,NA,1,NA,0.47,"270",1027.77,NA,NA,NA,34,NA,-18.78,NA,-20,-18.89,1
1858-02-24 14:00:00,19.44,NA,2,180,2.71,"270",1018.08,NA,NA,NA,71,NA,-6.11,NA,-7.22,-6.11,2
1858-02-24 21:00:00,19.44,NA,1,225,2.81,"225",1012.53,NA,NA,NA,71,NA,-6.11,NA,-7.22,-6.11,2
1858-02-25,NA,NA,NA,NA,NA,NA,NA,0.23,"6am, 10am","10am, 2pm",NA,12.7,NA,-2.36,NA,NA,NA
1858-02-25 07:00:00,15.56,NA,1,202.5,3.73,"202.5",1008.87,NA,NA,NA,93,NA,-5.28,NA,-5.83,-5.56,1
1858-02-25 14:00:00,19.44,NA,1,270,6.03,"270",1007.45,NA,NA,NA,94.5,NA,0.44,NA,0.28,0.56,2
1858-02-25 21:00:00,21.67,NA,1,292.5,3.96,"292.5",1011.24,NA,NA,NA,76,NA,-2.22,NA,-3.33,-2.22,1
1858-02-26,NA,NA,NA,NA,NA,NA,NA,0.23,"empty","empty",NA,12.7,NA,-6.13,NA,NA,NA
1858-02-26 07:00:00,16.11,NA,1,337.5,NA,"337.5",1014.97,NA,NA,NA,NA,NA,-6.89,NA,-12.22,-6.94,1
1858-02-26 14:00:00,20,NA,0,292.5,4.03,NA,1015.92,NA,NA,NA,81.5,NA,-3.33,NA,-4.17,-3.33,1
1858-02-26 21:00:00,20,NA,0,247.5,2.13,NA,1015.04,NA,NA,NA,67,NA,-8.17,NA,-9.44,-8.33,1
1858-02-27,NA,NA,NA,NA,NA,NA,NA,0,"empty","empty",NA,0,NA,-0.41,NA,NA,NA
1858-02-27 07:00:00,18.89,NA,1,202.5,3.59,"202.5",1007.79,NA,NA,NA,86,NA,-5.11,NA,-5.56,-5,1
1858-02-27 14:00:00,17.78,NA,1,202.5,6.6,"202.5",1004.13,NA,NA,NA,82,NA,3.89,NA,2.78,3.89,1
1858-02-27 21:00:00,20.56,NA,1,NA,4.84,"270",1007.45,NA,NA,NA,79,NA,0,NA,-1.11,0,1
1858-02-28,NA,NA,NA,NA,NA,NA,NA,2.03,"2am, 3pm","1pm, 12pm",NA,0.23,NA,2.39,NA,NA,NA
1858-02-28 07:00:00,20.56,NA,1,247.5,5.93,"247.5",1008.53,NA,NA,NA,94,NA,0.5,NA,0,0.28,1
1858-02-28 14:00:00,20.56,NA,1,22.5,6.64,"22.5",1004.06,NA,NA,NA,100,NA,1.11,NA,1.11,1.11,1
1858-02-28 21:00:00,17.78,NA,0,22.5,6.37,"22.5",1001.8,NA,NA,NA,100,NA,0.56,NA,0.56,0.56,0
1858-03-01,NA,NA,NA,NA,NA,NA,NA,13.21,"empty","empty",NA,38.1,NA,-2.54,NA,NA,NA
1858-03-01 07:00:00,12.22,NA,1,0,3.96,"0",1007.42,NA,NA,NA,76,NA,-2.22,NA,-3.33,-2.22,1
1858-03-01 14:00:00,16.67,NA,1,0,5.01,"0",1009.69,NA,NA,NA,89,NA,-1.11,NA,-1.67,-1.11,1
1858-03-01 21:00:00,19.44,NA,1,0,3.18,"0",1011.85,NA,NA,NA,73,NA,-4.44,NA,-5.56,-4.44,1
1858-03-02,NA,NA,NA,NA,NA,NA,NA,0.23,"6:30 am","5:30 pm",NA,6.35,NA,-10.37,NA,NA,NA
1858-03-02 07:00:00,14.44,NA,3,0,5.22,"0",1005.76,NA,NA,NA,78,NA,-12.22,NA,-12.78,-12.22,5
1858-03-02 14:00:00,17.22,NA,3,292.5,3.66,"292.5",1002.44,NA,NA,NA,100,NA,-6.67,NA,-6.67,-6.67,5
1858-03-02 21:00:00,16.11,NA,1,292.5,1.83,"292.5",1007.79,NA,NA,NA,74,NA,-12.22,NA,-12.78,-12.22,1
1858-03-03,NA,NA,NA,NA,NA,NA,NA,4.06,"empty","empty",NA,76.2,NA,-15.74,NA,NA,NA
1858-03-03 07:00:00,16.67,NA,2,292.5,1.15,"292.5",1015.1,NA,NA,NA,71,NA,-16.67,NA,-17.22,-16.67,2
1858-03-03 14:00:00,17.78,NA,0,247.5,1.15,NA,1019.98,NA,NA,NA,54,NA,-13.33,NA,-15,-13.33,2
1858-03-03 21:00:00,17.22,NA,0,247.5,0.64,NA,1023.71,NA,NA,NA,42,NA,-17.22,NA,-18.33,-17.22,2
1858-03-04,NA,NA,NA,NA,NA,NA,NA,0,"5 pm","7 pm",NA,0,NA,-16.76,NA,NA,NA
1858-03-04 07:00:00,13.33,NA,0,0,0.85,NA,1025.67,NA,NA,NA,80,NA,-22.22,NA,-22.5,-22.22,0
1858-03-04 14:00:00,18.89,NA,0,0,1.12,NA,1027.09,NA,NA,NA,48,NA,-11.94,NA,-13.33,-11.94,0
1858-03-04 21:00:00,15.56,NA,0,0,0.3,NA,1025.6,NA,NA,NA,18,NA,-16.11,NA,-17.78,-16.11,0
1858-03-05,NA,NA,NA,NA,NA,NA,NA,0,"11 pm","1 am",NA,0,NA,-15.37,NA,NA,NA
1858-03-05 07:00:00,15.56,NA,2,292.5,0.51,"292.5",1023.3,NA,NA,NA,43,NA,-20.83,NA,-21.67,-21.39,1
1858-03-05 14:00:00,15,NA,3,292.5,1.63,"292.5",1015.58,NA,NA,NA,69,NA,-11.94,NA,-12.78,-11.94,5
1858-03-05 21:00:00,16.11,NA,3,292.5,1.39,"292.5",1012.53,NA,NA,NA,65,NA,-13.33,NA,-14.17,-13.33,5
1858-03-06,NA,NA,NA,NA,NA,NA,NA,4.32,"empty","empty / blank",NA,35.56,NA,-12.36,NA,NA,NA
1858-03-06 07:00:00,15,NA,2,270,0.98,"270",1013.34,NA,NA,NA,51,NA,-14.44,NA,-15.56,-14.44,2
1858-03-06 14:00:00,13.89,NA,2,270,2.1,"270",1010.84,NA,NA,NA,75,NA,-9.78,NA,-10.56,-9.78,2
1858-03-06 21:00:00,18.33,NA,2,270,1.73,"270",1010.84,NA,NA,NA,77,NA,-12.83,NA,-13.33,-12.78,2
1858-03-07,NA,NA,NA,NA,NA,NA,NA,0,"empty","empty",NA,0,NA,-10.24,NA,NA,NA
1858-03-07 07:00:00,18.33,NA,0,270,0.41,NA,1008.81,NA,NA,NA,19,NA,-13.61,NA,-15.56,-13.61,2
1858-03-07 14:00:00,16.67,NA,2,270,2.27,"270",1005.42,NA,NA,NA,68,NA,-7.78,NA,-8.89,-7.78,2
1858-03-07 21:00:00,18.33,NA,0,270,1.86,NA,1005.76,NA,NA,NA,64,NA,-9.33,NA,-10.56,-9.44,1
1858-03-08,NA,NA,NA,NA,NA,NA,NA,0,"8:15 am","empty",NA,0,NA,-12.22,NA,NA,NA
1858-03-08 07:00:00,15,NA,2,315,0.98,"315",1007.32,NA,NA,NA,51,NA,-14.44,NA,-15.56,-14.44,2
1858-03-08 14:00:00,15.56,NA,0,315,1.73,NA,1005.08,NA,NA,NA,63,NA,-10,NA,-11.11,-10,2
1858-03-08 21:00:00,18.33,NA,2,180,1.32,"180",1002.37,NA,NA,NA,57,NA,-12.22,NA,-13.33,-12.22,2
1858-03-09,NA,NA,NA,NA,NA,NA,NA,0.23,"empty","10:30 am",NA,0.23,NA,-8.8,NA,NA,NA
1858-03-09 07:00:00,15,NA,3,337.5,1.73,"337.5",995.46,NA,NA,NA,70,NA,-11.39,NA,-12.22,-11.39,5
1858-03-09 14:00:00,15.56,NA,2,270,2.84,"270",992.21,NA,NA,NA,71,NA,-5.56,NA,-6.67,-5.56,2
1858-03-09 21:00:00,18.33,NA,2,270,2.37,"270",995.6,NA,NA,NA,82,NA,-9.44,NA,-10,-9.44,2
1858-03-10,NA,NA,NA,NA,NA,NA,NA,0.23,"9 am","11:15 am",NA,0.23,NA,-7.04,NA,NA,NA
1858-03-10 07:00:00,14.44,NA,3,292.5,2.54,"292.5",1000,NA,NA,NA,100,NA,-11.11,NA,-8.89,-11.11,5
1858-03-10 14:00:00,17.22,NA,2,270,3.96,"270",1002.57,NA,NA,NA,87,NA,-3.89,NA,-4.44,-3.89,2
1858-03-10 21:00:00,21.67,NA,0,270,3.25,NA,1007.15,NA,NA,NA,85,NA,-6.11,NA,-6.67,-6.11,2
1858-03-11,NA,NA,NA,NA,NA,NA,NA,1.02,"8 am | 3:45 pm","1:30 pm | 5 pm",NA,19.3,NA,-2.22,NA,NA,NA
1858-03-11 07:00:00,20,NA,1,180,3.42,"180",1001.02,NA,NA,NA,86,NA,-5.56,NA,-6.11,-5.56,1
1858-03-11 14:00:00,18.89,NA,2,225,7.75,"225",994.92,NA,NA,NA,100,NA,3.33,NA,3.33,3.33,2
1858-03-11 21:00:00,21.11,NA,2,292.5,3.18,"292.5",1010.5,NA,NA,NA,73,NA,-4.44,NA,-5.56,-4.44,2
1858-03-12,NA,NA,NA,NA,NA,NA,NA,2.29,"3 pm","8 pm",NA,0.23,NA,-7.04,NA,NA,NA
1858-03-12 07:00:00,17.78,NA,0,225,0.88,NA,1019.71,NA,NA,NA,41,NA,-12.33,NA,-13.89,-12.33,2
1858-03-12 14:00:00,18.33,NA,2,225,4.57,"225",1018.29,NA,NA,NA,88,NA,-2.22,NA,-2.78,-2.22,2
1858-03-12 21:00:00,18.33,NA,0,247.5,3.42,NA,1020.66,NA,NA,NA,86,NA,-5.56,NA,-6.11,-5.56,2
1858-03-13,NA,NA,NA,NA,NA,NA,NA,1.27,"empty","empty",NA,0.23,NA,-9.82,NA,NA,NA
1858-03-13 07:00:00,17.78,NA,0,0,0.75,NA,1032.92,NA,NA,NA,35,NA,-12.78,NA,-14.44,-12.78,2
1858-03-13 14:00:00,15.56,NA,0,270,3.25,NA,1033.86,NA,NA,NA,85,NA,-6.11,NA,-6.67,-6.11,2
1858-03-13 21:00:00,18.33,NA,2,270,2.13,"270",1031.09,NA,NA,NA,81,NA,-10.56,NA,-11.11,-10.56,2
1858-03-14,NA,NA,NA,NA,NA,NA,NA,2.54,"8 am","3:45 pm",NA,38.1,NA,-6.72,NA,NA,NA
1858-03-14 07:00:00,17.22,NA,2,337.5,2.81,"337.5",1022.69,NA,NA,NA,100,NA,-9.89,NA,-7.78,-9.89,2
1858-03-14 14:00:00,17.78,NA,2,0,3.69,"0",1015.85,NA,NA,NA,93,NA,-5.39,NA,-5.83,-5.44,2
1858-03-14 21:00:00,19.44,NA,1,0,3.42,"0",1022.69,NA,NA,NA,86,NA,-5.44,NA,-6.11,-5.56,1
1858-03-15,NA,NA,NA,NA,NA,NA,NA,4.83,"empty","empty",NA,63.5,NA,3.79,NA,NA,NA
1858-03-15 07:00:00,18.33,NA,1,270,4.81,"270",1024.59,NA,NA,NA,70,NA,1.67,NA,0,1.67,1
1858-03-15 14:00:00,18.33,NA,1,292.5,6.4,"225",1024.92,NA,NA,NA,64,NA,6.83,NA,4.44,6.94,1
1858-03-15 21:00:00,20.56,NA,1,247.5,6.74,"247.5",1023.37,NA,NA,NA,90,NA,2.78,NA,2.22,2.78,1
1858-03-16,NA,NA,NA,NA,NA,NA,NA,0,"4 pm","3 am",NA,0,NA,4.83,NA,NA,NA
1858-03-16 07:00:00,21.11,NA,NA,90,6.98,NA,1021.67,NA,NA,NA,95,NA,2.5,NA,2.22,2.5,0
1858-03-16 14:00:00,18.33,NA,1,67.5,9.55,"67.5",1016.93,NA,NA,NA,96,NA,7,NA,6.67,6.94,0
1858-03-16 21:00:00,20.56,NA,1,225,8.7,"225",1011.82,NA,NA,NA,100,NA,5,NA,5,5,1
1858-03-17,NA,NA,NA,NA,NA,NA,NA,18.03,"8:45 am","9:30 am",NA,0,NA,7.81,NA,NA,NA
1858-03-17 07:00:00,21.67,NA,0,225,8.97,"225",1007.45,NA,NA,NA,98,NA,5.67,NA,5.56,5.67,0
1858-03-17 14:00:00,17.78,NA,0,225,13.21,"225",1002.74,NA,NA,NA,96,NA,11.67,NA,11.39,11.67,0
1858-03-17 21:00:00,17.22,NA,0,225,8.6,"225",998.98,NA,NA,NA,92,NA,6.11,NA,5.56,6.11,0
1858-03-18,NA,NA,NA,NA,NA,NA,NA,0.23,"8:45 am | 11 pm","9:20 am | 2 am",NA,0,NA,5.68,NA,NA,NA
1858-03-18 07:00:00,16.11,NA,4,247.5,7.82,"247.5",995.6,NA,NA,NA,83,NA,6.11,NA,5,6.11,11
1858-03-18 14:00:00,17.22,NA,2,270,7.72,"270",1001.02,NA,NA,NA,76,NA,7.06,NA,5.56,7.22,5
1858-03-18 21:00:00,18.89,NA,4,270,4.44,"270",1014.56,NA,NA,NA,55,NA,3.89,NA,1.11,3.89,11
1858-03-19,NA,NA,NA,NA,NA,NA,NA,4.57,"empty","empty / blank",NA,0.23,NA,-1.19,NA,NA,NA
1858-03-19 07:00:00,20,NA,2,0,3.83,"0",1025.33,NA,NA,NA,69,NA,-1.22,NA,-2.78,-1.22,2
1858-03-19 14:00:00,17.78,NA,0,22.5,5.08,NA,1029.53,NA,NA,NA,80,NA,0.72,NA,-0.56,0.56,2
1858-03-19 21:00:00,20,NA,0,22.5,3.56,NA,1034.95,NA,NA,NA,75,NA,-3.06,NA,-4.44,-3.33,2
1858-03-20,NA,NA,NA,NA,NA,NA,NA,0,"empty","empty",NA,0,NA,0.98,NA,NA,NA
1858-03-20 07:00:00,20.56,NA,0,247.5,2.61,NA,1031.49,NA,NA,NA,60,NA,-4.44,NA,-6.11,-4.44,1
1858-03-20 14:00:00,19.44,NA,0,247.5,4.54,NA,1023.37,NA,NA,NA,50,NA,5.72,NA,2.22,5.56,1
1858-03-20 21:00:00,18.89,NA,0,225,6.47,NA,1014.22,NA,NA,NA,90,NA,1.67,NA,1.67,2.22,1
1858-03-21,NA,NA,NA,NA,NA,NA,NA,3.81,"4 am | 9:30 am | 11 pm","7:30 am | 2:30 pm | 2 am",NA,0,NA,3.89,NA,NA,NA
1858-03-21 07:00:00,21.11,NA,2,180,7.75,"180",999.12,NA,NA,NA,100,NA,3.33,NA,3.33,3.33,2
1858-03-21 14:00:00,17.78,NA,2,225,8.4,"225",988.89,NA,NA,NA,100,NA,4.56,NA,4.44,4.44,2
1858-03-21 21:00:00,17.22,NA,4,270,8.06,"270",990.59,NA,NA,NA,100,NA,3.89,NA,3.89,3.89,20
1858-03-22,NA,NA,NA,NA,NA,NA,NA,7.11,"2 am","3 pm",NA,0.23,NA,-1.76,NA,NA,NA
1858-03-22 07:00:00,13.33,NA,5,315,5.42,"315",1002.37,NA,NA,NA,100,NA,-1.67,NA,-1.67,-1.67,5
1858-03-22 14:00:00,17.22,NA,2,315,6.13,"315",1011.04,NA,NA,NA,100,NA,0.28,NA,0,0,2
1858-03-22 21:00:00,19.44,NA,0,315,3.96,NA,1017.68,NA,NA,NA,87,NA,-3.89,NA,-4.44,-3.89,2
1858-03-23,NA,NA,NA,NA,NA,NA,NA,0,"empty","empty",NA,0,NA,-4.3,NA,NA,NA
1858-03-23 07:00:00,15.56,NA,0,337.5,2.61,NA,1022.15,NA,NA,NA,76,NA,-7.5,NA,-8.33,-7.5,5
1858-03-23 14:00:00,15,NA,0,270,3.96,NA,1019.64,NA,NA,NA,76,NA,-2.22,NA,-3.33,-2.22,1
1858-03-23 21:00:00,20.56,NA,0,202.5,2.57,NA,1020.66,NA,NA,NA,62,NA,-3.22,NA,-5,-2.78,0
1858-03-24,NA,NA,NA,NA,NA,NA,NA,0,"empty","empty",NA,0,NA,-3.44,NA,NA,NA
1858-03-24 07:00:00,14.44,NA,1,22.5,1.69,"315",1021,NA,NA,NA,48,NA,-7,NA,-8.89,-7,1
1858-03-24 14:00:00,17.22,NA,0,NA,4.44,NA,1017.61,NA,NA,NA,70,NA,0.56,NA,-1.11,0.56,2
1858-03-24 21:00:00,20,NA,0,337.5,3.56,NA,1018.83,NA,NA,NA,75,NA,-2.89,NA,-4.44,-3.33,2
1858-03-25,NA,NA,NA,NA,NA,NA,NA,0,"empty","empty",NA,0,NA,-0.09,NA,NA,NA
1858-03-25 07:00:00,15.56,NA,1,337.5,4.4,"337.5",1014.56,NA,NA,NA,78,NA,-1.11,NA,-2.22,-1.11,1
1858-03-25 14:00:00,16.11,NA,1,225,4.81,"292.5",1007.11,NA,NA,NA,70,NA,1.94,NA,0,1.67,1
1858-03-25 21:00:00,18.89,NA,2,315,4.4,"315",1006.43,NA,NA,NA,78,NA,-1.11,NA,-2.22,-1.11,2
1858-03-26,NA,NA,NA,NA,NA,NA,NA,0,"empty","empty",NA,0,NA,-1.67,NA,NA,NA
1858-03-26 07:00:00,15,NA,1,0,3.76,"0",1008.67,NA,NA,NA,75,NA,-2.78,NA,-3.89,-2.78,1
1858-03-26 14:00:00,17.22,NA,2,292.5,4.84,"292.5",1011.51,NA,NA,NA,79,NA,0,NA,-1.11,0,2
1858-03-26 21:00:00,20,NA,1,0,4,"0",1014.16,NA,NA,NA,76,NA,-2.22,NA,-3.33,-2.22,1
1858-03-27,NA,NA,NA,NA,NA,NA,NA,0,"empty","empty",NA,0,NA,-1.11,NA,NA,NA
1858-03-27 07:00:00,14.44,NA,2,270,3.01,"270",1014.26,NA,NA,NA,72,NA,-5,NA,-6.11,-5,2
1858-03-27 14:00:00,18.33,NA,2,247.5,4.81,"247.5",1010.84,NA,NA,NA,70,NA,1.67,NA,0,1.67,2
1858-03-27 21:00:00,17.22,NA,1,247.5,4.84,"247.5",1010.16,NA,NA,NA,79,NA,0,NA,-1.11,0,1
1858-03-28,NA,NA,NA,NA,NA,NA,NA,0,"empty","empty",NA,0,NA,2.79,NA,NA,NA
1858-03-28 07:00:00,13.89,NA,NA,0,3.96,NA,1008.74,NA,NA,NA,72,NA,-1.39,NA,-2.78,-1.39,2
1858-03-28 14:00:00,15.56,NA,0,0,4.81,NA,1009.14,NA,NA,NA,51,NA,6.11,NA,2.78,6.11,1
1858-03-28 21:00:00,17.78,NA,0,247.5,4.2,NA,1010.84,NA,NA,NA,51,NA,3.67,NA,1.11,4.17,0
1858-03-29,NA,NA,NA,NA,NA,NA,NA,0,"empty","empty",NA,0,NA,4,NA,NA,NA
1858-03-29 07:00:00,14.44,NA,0,NA,4.77,NA,1013.48,NA,NA,NA,83,NA,-0.78,NA,-1.67,-0.78,0
1858-03-29 14:00:00,15.56,NA,1,0,9.69,"0",1014.56,NA,NA,NA,92,NA,7.78,NA,7.22,7.78,1
1858-03-29 21:00:00,17.78,NA,2,337.5,4.98,"337.5",1017.61,NA,NA,NA,57,NA,5,NA,2.22,5,2
1858-03-30,NA,NA,NA,NA,NA,NA,NA,0,"empty","empty",NA,0,NA,5.74,NA,NA,NA
1858-03-30 07:00:00,13.89,NA,0,22.5,4.71,NA,1019.1,NA,NA,NA,56,NA,4.44,NA,1.67,4.44,2
1858-03-30 14:00:00,13.89,NA,1,22.5,5.28,"22.5",1021,NA,NA,NA,48,NA,8.33,NA,4.44,8.33,1
1858-03-30 21:00:00,17.22,NA,1,90,6.16,"90",1022.35,NA,NA,NA,73,NA,4.44,NA,2.78,4.44,1
1858-03-31,NA,NA,NA,NA,NA,NA,NA,0,"empty","empty",NA,0,NA,5.74,NA,NA,NA
1858-03-31 07:00:00,14.44,NA,0,337.5,2.2,NA,1024.38,NA,NA,NA,42,NA,3.33,NA,-5,3.33,1
1858-03-31 14:00:00,15,NA,0,0,6.4,NA,1023.03,NA,NA,NA,56,NA,8.89,NA,5.56,8.89,1
1858-03-31 21:00:00,15.56,NA,0,0,5.72,NA,1024.45,NA,NA,NA,65,NA,5,NA,2.78,5,1
1858-04-01,NA,NA,NA,NA,NA,NA,NA,0,"empty","empty",NA,0,NA,5.06,NA,NA,NA
1858-04-01 07:00:00,13.89,NA,2,315,5.05,"315",1025.06,NA,NA,NA,84,NA,-0.06,NA,-1.11,-0.28,2
1858-04-01 14:00:00,15,NA,2,315,6.3,"315",1021.1,NA,NA,NA,51,NA,10.28,NA,6.11,10,1
1858-04-01 21:00:00,18.33,NA,0,315,5.72,NA,1019.44,NA,NA,NA,65,NA,5,NA,2.78,5,1
1858-04-02,NA,NA,NA,NA,NA,NA,NA,0,"empty","empty",NA,0,NA,8.64,NA,NA,NA
1858-04-02 07:00:00,16.11,NA,1,225,6.23,"225",1020.32,NA,NA,NA,70,NA,5.44,NA,3.33,5.28,1
1858-04-02 14:00:00,17.22,NA,0,225,6.91,NA,1016.86,NA,NA,NA,43,NA,13.72,NA,8.61,13.89,1
1858-04-02 21:00:00,17.22,NA,0,225,6.64,NA,1014.22,NA,NA,NA,68,NA,6.78,NA,4.44,6.67,1
1858-04-03,NA,NA,NA,NA,NA,NA,NA,0,"empty","empty",NA,0,NA,8.07,NA,NA,NA
1858-04-03 07:00:00,15.56,NA,3,315,6.5,"315",1013.82,NA,NA,NA,62,NA,7.78,NA,5,7.78,5
1858-04-03 14:00:00,15.56,NA,0,45,4.94,NA,1013.95,NA,NA,NA,36,NA,11.44,NA,6.11,11.67,1
1858-04-03 21:00:00,16.67,NA,0,22.5,5.25,NA,1016.59,NA,NA,NA,58,NA,5,NA,2.78,5.56,1
1858-04-04,NA,NA,NA,NA,NA,NA,NA,0,"empty","empty",NA,0,NA,6.21,NA,NA,NA
1858-04-04 07:00:00,14.44,NA,1,0,4.67,"0",1018.29,NA,NA,NA,71,NA,0.56,NA,-0.56,1.11,1
1858-04-04 14:00:00,12.22,NA,1,0,7.92,"0",1010.84,NA,NA,NA,65,NA,10,NA,7.22,10,1
1858-04-04 21:00:00,17.78,NA,0,337.5,7.28,NA,1010.16,NA,NA,NA,69,NA,7.78,NA,5.56,7.78,1
1858-04-05,NA,NA,NA,NA,NA,NA,NA,1.52,"5:45 am | 5:45 pm","8am | 11:30 pm",NA,0,NA,9.53,NA,NA,NA
1858-04-05 07:00:00,16.67,NA,1,180,6.91,"180",1012.12,NA,NA,NA,68,NA,6.94,NA,5,7.22,1
1858-04-05 14:00:00,16.11,NA,3,180,6.57,NA,1006.27,NA,NA,NA,48,NA,12.22,NA,7.22,11.67,5
1858-04-05 21:00:00,18.89,NA,1,225,8.74,"225",1007.79,NA,NA,NA,71,NA,8.89,NA,7.78,10,1
1858-04-06,NA,NA,NA,NA,NA,NA,NA,1.02,"empty","empty",NA,0,NA,1.85,NA,NA,NA
1858-04-06 07:00:00,16.67,NA,2,270,5.05,"270",1012.26,NA,NA,NA,71,NA,2.22,NA,0.56,2.22,2
1858-04-06 14:00:00,16.11,NA,1,292.5,4.81,"292.5",1013.55,NA,NA,NA,51,NA,6.11,NA,2.78,6.11,1
1858-04-06 21:00:00,16.67,NA,NA,292.5,3.15,NA,1019.98,NA,NA,NA,63,NA,-2.78,NA,-4.44,-2.78,1
1858-04-07,NA,NA,NA,NA,NA,NA,NA,0,"empty","empty",NA,0,NA,-2.3,NA,NA,NA
1858-04-07 07:00:00,12.22,NA,3,315,2.2,"315",1024.38,NA,NA,NA,62,NA,-6.94,NA,-8.33,-6.94,5
1858-04-07 14:00:00,16.67,NA,0,292.5,5.18,NA,1022.42,NA,NA,NA,74,NA,1.39,NA,0.28,1.67,5
1858-04-07 21:00:00,20,NA,0,292.5,3.76,NA,1025.4,NA,NA,NA,67,NA,-1.89,NA,-2.78,-1.11,2
1858-04-08,NA,NA,NA,NA,NA,NA,NA,0,"6am","3am",NA,0,NA,1.87,NA,NA,NA
1858-04-08 07:00:00,15,NA,0,0,4,NA,1027.16,NA,NA,NA,68,NA,-0.78,NA,-2.22,-0.56,1
1858-04-08 14:00:00,15.56,NA,1,NA,5.66,"315",1023.23,NA,NA,NA,68,NA,4.17,NA,2.22,4.17,1
1858-04-08 21:00:00,20,NA,1,315,4.37,"315",1019.98,NA,NA,NA,61,NA,2.22,NA,0,2.22,1
1858-04-09,NA,NA,NA,NA,NA,NA,NA,3.05,"empty","empty",NA,0,NA,0.28,NA,NA,NA
1858-04-09 07:00:00,14.44,NA,1,45,6.2,"45",1009.28,NA,NA,NA,90,NA,1.39,NA,1.11,1.67,1
1858-04-09 14:00:00,16.67,NA,3,22.5,5.05,"22.5",1004.4,NA,NA,NA,71,NA,0.56,NA,0.56,0.56,1
1858-04-09 21:00:00,17.22,NA,1,22.5,5.89,"22.5",1005.42,NA,NA,NA,100,NA,-1.11,NA,-0.56,-0.56,1
1858-04-10,NA,NA,NA,NA,NA,NA,NA,9.4,"empty","empty",NA,0.23,NA,1.48,NA,NA,NA
1858-04-10 07:00:00,13.33,NA,3,0,5.59,"0",1008.81,NA,NA,NA,95,NA,-0.56,NA,1.94,-0.56,5
1858-04-10 14:00:00,15,NA,2,0,7.04,"0",1016.59,NA,NA,NA,91,NA,3.33,NA,2.78,3.33,2
1858-04-10 21:00:00,17.78,NA,1,315,6.47,"315",1021,NA,NA,NA,90,NA,1.67,NA,1.67,2.22,2
1858-04-11,NA,NA,NA,NA,NA,NA,NA,0,"empty","empty",NA,0,NA,2.61,NA,NA,NA
1858-04-11 07:00:00,12.78,NA,0,315,3.79,NA,1023.37,NA,NA,NA,63,NA,-0.22,NA,-2.22,-0.28,1
1858-04-11 14:00:00,13.33,NA,1,315,7.96,"315",1017.75,NA,NA,NA,91,NA,5.28,NA,4.44,5,1
1858-04-11 21:00:00,15.56,NA,0,0,7.48,NA,1019.3,NA,NA,NA,100,NA,2.78,NA,2.78,2.78,2
1858-04-12,NA,NA,NA,NA,NA,NA,NA,1.27,"5am | 2:30 pm | 10pm","1:30 pm | 8pm | 1am",NA,0,NA,4.57,NA,NA,NA
1858-04-12 07:00:00,13.33,NA,0,45,4.3,NA,1019.64,NA,NA,NA,62,NA,1.67,NA,-0.56,1.67,1
1858-04-12 14:00:00,17.22,NA,1,NA,8.5,"225",1015.92,NA,NA,NA,84,NA,6.94,NA,6.11,7.22,1
1858-04-12 21:00:00,18.89,NA,0,NA,8.26,NA,1014.22,NA,NA,NA,91,NA,5.61,NA,5,5.56,0
1858-04-13,NA,NA,NA,NA,NA,NA,NA,13.97,"11:30 am | 3:50 pm","12pm | 4pm",NA,0,NA,4.5,NA,NA,NA
1858-04-13 07:00:00,15,NA,1,90,6.74,"90",1009.14,NA,NA,NA,90,NA,2.5,NA,2.22,2.78,1
1858-04-13 14:00:00,18.33,NA,1,112.5,9.01,"112.5",1004.74,NA,NA,NA,96,NA,6.11,NA,5.83,6.11,1
1858-04-13 21:00:00,19.44,NA,1,135,7.96,"135",1002.98,NA,NA,NA,91,NA,4.89,NA,4.44,5,1
1858-04-14,NA,NA,NA,NA,NA,NA,NA,0.25,"10am | 7:20 pm","12pm | 12am",NA,0,NA,5.79,NA,NA,NA
1858-04-14 07:00:00,16.11,NA,1,45,7.42,"45",998.98,NA,NA,NA,95,NA,3.33,NA,3.06,3.33,1
1858-04-14 14:00:00,16.11,NA,1,22.5,7.72,"22.5",997.6,NA,NA,NA,76,NA,5.56,NA,5.56,7.22,1
1858-04-14 21:00:00,19.44,NA,1,22.5,8.26,"22.5",998.98,NA,NA,NA,91,NA,5.17,NA,5,5.56,1
1858-04-15,NA,NA,NA,NA,NA,NA,NA,2.03,"empty","empty",NA,0,NA,6.83,NA,NA,NA
1858-04-15 07:00:00,16.67,NA,1,337.5,9.62,"337.5",998.65,NA,NA,NA,92,NA,6.11,NA,5.56,6.11,1
1858-04-15 14:00:00,16.67,NA,1,337.5,8.8,"337.5",999.32,NA,NA,NA,78,NA,8.89,NA,7.22,8.89,1
1858-04-15 21:00:00,20.56,NA,1,337.5,8.26,"337.5",1004.06,NA,NA,NA,91,NA,5.44,NA,5,5.56,1
1858-04-16,NA,NA,NA,NA,NA,NA,NA,0,"empty","empty",NA,0,NA,7.56,NA,NA,NA
1858-04-16 07:00:00,17.22,NA,4,270,6.54,"270",1006.03,NA,NA,NA,71,NA,6.11,NA,3.89,5.83,11
1858-04-16 14:00:00,17.22,NA,2,270,5.86,"270",1007.72,NA,NA,NA,46,NA,11.11,NA,6.11,10.56,2
1858-04-16 21:00:00,21.11,NA,0,270,5.99,NA,1009.41,NA,NA,NA,66,NA,5.44,NA,3.33,5.56,1
1858-04-17,NA,NA,NA,NA,NA,NA,NA,0,"empty","empty",NA,0,NA,5.81,NA,NA,NA
1858-04-17 07:00:00,19.44,NA,0,337.5,5.86,NA,1012.87,NA,NA,NA,60,NA,6.67,NA,3.89,6.67,5
1858-04-17 14:00:00,18.33,NA,3,337.5,4.94,"292.5",1012.87,NA,NA,NA,47,NA,8,NA,3.89,7.78,5
1858-04-17 21:00:00,20.56,NA,0,315,3.49,NA,1017.27,NA,NA,NA,45,NA,2.78,NA,0,3.33,2
1858-04-18,NA,NA,NA,NA,NA,NA,NA,0,"empty","empty",NA,0,NA,6.33,NA,NA,NA
1858-04-18 07:00:00,16.11,NA,0,315,5.86,NA,1021,NA,NA,NA,73,NA,5.44,NA,2.22,3.89,1
1858-04-18 14:00:00,19.44,NA,1,337.5,3.35,"337.5",1023.37,NA,NA,NA,29,NA,9.44,NA,3.33,8.89,1
1858-04-18 21:00:00,19.44,NA,0,315,5.99,NA,1025.87,NA,NA,NA,66,NA,5,NA,3.33,5.56,1
1858-04-19,NA,NA,NA,NA,NA,NA,NA,0,"3:30 pm","1am",NA,0,NA,5,NA,NA,NA
1858-04-19 07:00:00,16.67,NA,2,22.5,4.37,"22.5",1031.16,NA,NA,NA,61,NA,2.5,NA,0,2.22,2
1858-04-19 14:00:00,18.89,NA,0,22.5,4.23,NA,1027.7,NA,NA,NA,40,NA,8.33,NA,3.33,7.78,1
1858-04-19 21:00:00,19.44,NA,1,180,4.71,"180",1026.62,NA,NA,NA,56,NA,4.17,NA,1.67,4.44,1
1858-04-20,NA,NA,NA,NA,NA,NA,NA,0,"9:30 pm","6:30 am",NA,0,NA,5.61,NA,NA,NA
1858-04-20 07:00:00,16.67,NA,1,90,4.61,"90",1025.13,NA,NA,NA,62,NA,2.78,NA,0.56,2.78,1
1858-04-20 14:00:00,18.89,NA,1,112.5,5.62,"112.5",1016.26,NA,NA,NA,43,NA,11.28,NA,6.11,10.83,1
1858-04-20 21:00:00,17.78,NA,1,135,6.74,"135",1009.28,NA,NA,NA,90,NA,2.78,NA,2.22,2.78,1
1858-04-21,NA,NA,NA,NA,NA,NA,NA,17.78,"10am","1pm",NA,0.23,NA,2.98,NA,NA,NA
1858-04-21 07:00:00,15.56,NA,1,112.5,6.64,"112.5",999.46,NA,NA,NA,100,NA,1.39,NA,1.11,1.11,1
1858-04-21 14:00:00,17.22,NA,1,90,6.33,"90",1001.56,NA,NA,NA,68,NA,4.78,NA,2.22,4.17,1
1858-04-21 21:00:00,17.22,NA,1,NA,7.04,"292.5",1009.14,NA,NA,NA,91,NA,2.78,NA,2.78,3.33,2
1858-04-22,NA,NA,NA,NA,NA,NA,NA,1.27,"10am","1pm",NA,0,NA,9.39,NA,NA,NA
1858-04-22 07:00:00,16.11,NA,1,270,7.52,"270",1012.87,NA,NA,NA,83,NA,5.67,NA,4.44,5.56,1
1858-04-22 14:00:00,17.78,NA,1,157.5,8.91,"157.5",1012.6,NA,NA,NA,64,NA,12.22,NA,8.89,11.94,1
1858-04-22 21:00:00,15.56,NA,1,135,9.58,"135",NA,NA,NA,NA,78,NA,10.28,NA,8.33,10,1
1858-04-23,NA,NA,NA,NA,NA,NA,NA,0,"empty","empty",NA,0,NA,9.68,NA,NA,NA
1858-04-23 07:00:00,17.78,NA,1,180,12.02,"180",1001.08,NA,NA,NA,80,NA,12.94,NA,10.56,12.22,2
1858-04-23 14:00:00,17.78,NA,4,225,9.65,"225",1004.81,NA,NA,NA,85,NA,8.89,NA,7.78,8.89,11
1858-04-23 21:00:00,18.33,NA,3,225,6.71,"225",1008.6,NA,NA,NA,65,NA,7.22,NA,5,7.5,5
1858-04-24,NA,NA,NA,NA,NA,NA,NA,1.52,"empty","empty",NA,0.23,NA,2.02,NA,NA,NA
1858-04-24 07:00:00,16.67,NA,3,292.5,5.25,"292.5",1009.18,NA,NA,NA,79,NA,1.39,NA,0,1.11,5
1858-04-24 14:00:00,17.78,NA,4,270,5.59,"270",1009.48,NA,NA,NA,72,NA,3.56,NA,1.67,3.33,11
1858-04-24 21:00:00,18.89,NA,2,270,4.06,"270",1013.28,NA,NA,NA,61,NA,1.11,NA,-1.11,1.11,2
1858-04-25,NA,NA,NA,NA,NA,NA,NA,0,"empty","empty",NA,0.23,NA,1.26,NA,NA,NA
1858-04-25 07:00:00,16.11,NA,2,292.5,3.59,"292.5",1018.35,NA,NA,NA,58,NA,0,NA,-2.22,0,2
1858-04-25 14:00:00,16.67,NA,3,270,4.44,"270",1022.15,NA,NA,NA,55,NA,3.78,NA,1.11,3.89,5
1858-04-25 21:00:00,18.89,NA,0,270,3.83,NA,1024.35,NA,NA,NA,60,NA,0,NA,-1.67,0.56,2
1858-04-26,NA,NA,NA,NA,NA,NA,NA,0,"empty","empty",NA,0,NA,3.7,NA,NA,NA
1858-04-26 07:00:00,15.56,NA,2,45,4.3,"45",1023.16,NA,NA,NA,62,NA,2.44,NA,-0.56,1.67,2
1858-04-26 14:00:00,16.11,NA,2,22.5,5.99,"22.5",1022.01,NA,NA,NA,66,NA,6.11,NA,3.33,5.56,2
1858-04-26 21:00:00,18.33,NA,1,270,4.61,"270",1023.03,NA,NA,NA,62,NA,2.56,NA,0.56,2.78,1
1858-04-27,NA,NA,NA,NA,NA,NA,NA,0,"empty","empty",NA,0,NA,6.85,NA,NA,NA
1858-04-27 07:00:00,15.56,NA,0,45,5.42,NA,1022.62,NA,NA,NA,53,NA,7.11,NA,3.89,7.22,2
1858-04-27 14:00:00,16.11,NA,1,45,3.79,"45",1019.3,NA,NA,NA,34,NA,8.33,NA,3.33,8.33,1
1858-04-27 21:00:00,19.44,NA,1,45,4.54,"45",1015.24,NA,NA,NA,50,NA,5.11,NA,2.22,5.56,1
1858-04-28,NA,NA,NA,NA,NA,NA,NA,0,"empty","empty",NA,0,NA,6.92,NA,NA,NA
1858-04-28 07:00:00,15.56,NA,1,22.5,3.52,"0",1008.47,NA,NA,NA,43,NA,3.89,NA,0.56,4.17,1
1858-04-28 14:00:00,17.78,NA,3,0,3.52,"270",1005.83,NA,NA,NA,28,NA,10.78,NA,4.44,10.56,5
1858-04-28 21:00:00,18.89,NA,0,270,3.66,NA,1007.79,NA,NA,NA,37,NA,6.11,NA,2.22,6.67,1
1858-04-29,NA,NA,NA,NA,NA,NA,NA,0,"7:30 am | 1pm","4pm | 11pm",NA,0.23,NA,10.63,NA,NA,NA
1858-04-29 07:00:00,16.11,NA,0,270,5.96,NA,1010.5,NA,NA,NA,57,NA,8.56,NA,4.44,7.5,11
1858-04-29 14:00:00,18.89,NA,0,292.5,3.18,NA,1007.45,NA,NA,NA,20,NA,13.89,NA,6.11,13.89,11
1858-04-29 21:00:00,18.33,NA,0,292.5,5.93,NA,1006.1,NA,NA,NA,50,NA,9.44,NA,5.56,9.44,5
1858-04-30,NA,NA,NA,NA,NA,NA,NA,0,"empty","empty",NA,0,NA,8.42,NA,NA,NA
1858-04-30 07:00:00,16.67,NA,1,180,6.84,"180",998.98,NA,NA,NA,62,NA,8.33,NA,5.56,8.33,1
1858-04-30 14:00:00,18.33,NA,3,22.5,7.18,"22.5",998.31,NA,NA,NA,63,NA,8.89,NA,6.11,8.89,5
1858-04-30 21:00:00,17.22,NA,3,22.5,8.5,"22.5",1006.43,NA,NA,NA,84,NA,8.06,NA,6.11,7.22,5
1858-05-01,NA,NA,NA,NA,NA,NA,NA,8.64,"empty","empty",NA,0,NA,9.44,NA,NA,NA
1858-05-01 07:00:00,16.67,NA,0,0,4.27,NA,1015.85,NA,NA,NA,59,NA,8.61,NA,3.89,8.61,5
1858-05-01 14:00:00,14.44,NA,2,337.5,6.57,"337.5",1016.19,NA,NA,NA,48,NA,12.78,NA,7.22,11.67,2
1858-05-01 21:00:00,16.67,NA,3,315,5.86,"315",1024.31,NA,NA,NA,60,NA,6.94,NA,3.89,6.67,0
1858-05-02,NA,NA,NA,NA,NA,NA,NA,0,"empty","empty",NA,0,NA,6.57,NA,NA,NA
1858-05-02 07:00:00,16.11,NA,0,0,4.98,NA,1031.6,NA,NA,NA,57,NA,5.56,NA,2.22,5,1
1858-05-02 14:00:00,16.11,NA,3,337.5,4.61,"337.5",1032.51,NA,NA,NA,48,NA,8.89,NA,4.44,8.33,2
1858-05-02 21:00:00,17.78,NA,0,45,3.83,NA,1033.53,NA,NA,NA,42,NA,5.28,NA,1.67,5.56,0
1858-05-03,NA,NA,NA,NA,NA,NA,NA,0,"empty","empty",NA,0,NA,8.17,NA,NA,NA
1858-05-03 07:00:00,15.56,NA,0,0,4.06,NA,1037.25,NA,NA,NA,36,NA,9.06,NA,3.89,8.89,0
1858-05-03 14:00:00,15.56,NA,0,225,4.71,NA,1033.19,NA,NA,NA,39,NA,10.44,NA,5,10,1
1858-05-03 21:00:00,16.11,NA,0,225,4.5,NA,1031.16,NA,NA,NA,38,NA,5,NA,2.78,5.56,0
1858-05-04,NA,NA,NA,NA,NA,NA,NA,0,"1:50pm, 11:50pm","7pm",NA,0,NA,11.53,NA,NA,NA
1858-05-04 07:00:00,15,NA,0,NA,NA,NA,1027.77,NA,NA,NA,NA,NA,7.67,NA,4.44,6.39,0
1858-05-04 14:00:00,15.56,NA,0,180,7.31,NA,1022.62,NA,NA,NA,49,NA,16.67,NA,10,16.11,0
1858-05-04 21:00:00,16.67,NA,0,NA,8.4,NA,1019.98,NA,NA,NA,65,NA,10.28,NA,7.78,10.56,0
1858-05-05,NA,NA,NA,NA,NA,NA,NA,6.86,"10am","10am, 2pm",NA,0,NA,13.44,NA,NA,NA
1858-05-05 07:00:00,16.11,NA,2,180,9.75,"180",1017.27,NA,NA,NA,NA,NA,11.11,NA,7.78,10.56,0
1858-05-05 14:00:00,17.78,NA,2,180,10.06,"180",1013.88,NA,NA,NA,55,NA,16.44,NA,11.67,16.11,2
1858-05-05 21:00:00,18.33,NA,0,180,12.73,"180",1012.53,NA,NA,NA,87,NA,12.78,NA,11.67,12.78,0
1858-05-06,NA,NA,NA,NA,NA,NA,NA,1.27,"empty","empty",NA,0,NA,11.85,NA,NA,NA
1858-05-06 07:00:00,17.78,NA,1,202.5,14.66,"202.5",1010.16,NA,NA,NA,100,NA,13.33,NA,12.78,15,0
1858-05-06 14:00:00,18.33,NA,3,22.5,13.21,"22.5",1009.48,NA,NA,NA,93,NA,12.22,NA,11.67,12.22,5
1858-05-06 21:00:00,17.22,NA,3,270,9.14,"22.5",1012.19,NA,NA,NA,92,NA,10,NA,8.33,10.56,0
1858-05-07,NA,NA,NA,NA,NA,NA,NA,0,"empty","empty",NA,0,NA,12.68,NA,NA,NA
1858-05-07 07:00:00,16.11,NA,0,45,9.72,NA,1016.26,NA,NA,NA,76,NA,11.39,NA,8.89,10.83,5
1858-05-07 14:00:00,17.22,NA,1,45,10.5,"45",1016.93,NA,NA,NA,60,NA,15.56,NA,11.67,15.56,0
1858-05-07 21:00:00,17.78,NA,0,90,7.04,NA,1018.29,NA,NA,NA,79,NA,11.11,NA,9.44,11.11,0
1858-05-08,NA,NA,NA,NA,NA,NA,NA,0.23,"9:45pm, 5:15pm, 8pm","10:15am, 6:20pm, 8:20pm",NA,0,NA,17.13,NA,NA,NA
1858-05-08 07:00:00,17.78,NA,0,NA,7.08,"90",1019.98,NA,NA,NA,64,NA,15.83,NA,11.11,14.44,0
1858-05-08 14:00:00,18.33,NA,1,157.5,10.26,"157.5",1016.26,NA,NA,NA,43,NA,20.56,NA,13.89,20.56,1
1858-05-08 21:00:00,18.89,NA,0,NA,9.58,NA,1014.22,NA,NA,NA,54,NA,15,NA,11.11,15.56,0
1858-05-09,NA,NA,NA,NA,NA,NA,NA,3.3,"empty","empty",NA,0,NA,16.67,NA,NA,NA
1858-05-09 07:00:00,18.33,NA,1,180,12.12,"180",1010.84,NA,NA,NA,73,NA,15,NA,12.22,14.72,5
1858-05-09 14:00:00,19.44,NA,1,202.5,NA,"180",1007.11,NA,NA,NA,60,NA,20.56,NA,15.56,20,2
1858-05-09 21:00:00,19.44,NA,2,270,14.87,"270",1006.57,NA,NA,NA,88,NA,14.44,NA,13.89,15,0
1858-05-10,NA,NA,NA,NA,NA,NA,NA,0,"4pm, 6pm","4:30pm, 8pm",NA,0,NA,8.85,NA,NA,NA
1858-05-10 07:00:00,19.44,NA,2,270,9.08,"270",1016.32,NA,NA,NA,66,NA,8.33,NA,5.56,8.06,2
1858-05-10 14:00:00,17.22,NA,1,315,8.74,"315",1017.2,NA,NA,NA,53,NA,11.28,NA,7.22,11.11,1
1858-05-10 21:00:00,16.67,NA,NA,NA,5.42,NA,1018.96,NA,NA,NA,53,NA,6.94,NA,3.89,7.22,0
1858-05-11,NA,NA,NA,NA,NA,NA,NA,11.18,"6am, 10am, 11pm","10am, 3pm",NA,0,NA,8.14,NA,NA,NA
1858-05-11 07:00:00,15.56,NA,2,45,4.47,"45",1020.93,NA,NA,NA,52,NA,4.44,NA,1.67,4.72,2
1858-05-11 14:00:00,15.56,NA,2,45,6.13,"45",1014.53,NA,NA,NA,43,NA,12.78,NA,7.22,12.22,2
1858-05-11 21:00:00,17.22,NA,2,67.5,8.5,"67.5",1005.08,NA,NA,NA,84,NA,7.22,NA,6.11,7.22,0
1858-05-12,NA,NA,NA,NA,NA,NA,NA,10.92,"empty","2am",NA,0,NA,8.19,NA,NA,NA
1858-05-12 07:00:00,15.56,NA,1,90,10.13,"90",1002.03,NA,NA,NA,96,NA,7.78,NA,7.5,7.78,1
1858-05-12 14:00:00,16.67,NA,2,247.5,12.22,"247.5",1000.88,NA,NA,NA,93,NA,11.11,NA,10.56,11.11,2
1858-05-12 21:00:00,15.56,NA,4,270,6.91,"270",1005.22,NA,NA,NA,68,NA,5.67,NA,5,7.22,0
1858-05-13,NA,NA,NA,NA,NA,NA,NA,0,"empty","empty",NA,0,NA,8.52,NA,NA,NA
1858-05-13 07:00:00,15.56,NA,3,292.5,9.18,"292.5",1012.39,NA,NA,NA,75,NA,9.44,NA,8.06,10,5
1858-05-13 14:00:00,16.11,NA,3,292.5,5.05,"292.5",1019.3,NA,NA,NA,40,NA,10.56,NA,5.56,10.56,5
1858-05-13 21:00:00,15.56,NA,0,270,5.05,NA,1024.38,NA,NA,NA,51,NA,5.56,NA,2.78,6.11,0
1858-05-14,NA,NA,NA,NA,NA,NA,NA,0.23,"3am, 5:45pm","4am, 8pm",NA,0,NA,9.07,NA,NA,NA
1858-05-14 07:00:00,14.44,NA,0,22.5,8.16,NA,1024.72,NA,NA,NA,84,NA,8.33,NA,5.56,6.67,2
1858-05-14 14:00:00,14.44,NA,0,45,7.11,NA,1021.4,NA,NA,NA,68,NA,10.56,NA,6.67,10,0
1858-05-14 21:00:00,18.33,NA,0,NA,7.18,NA,1015.92,NA,NA,NA,63,NA,8.33,NA,6.11,8.89,0
1858-05-15,NA,NA,NA,NA,NA,NA,NA,1.52,"empty","empty",NA,0,NA,11.46,NA,NA,NA
1858-05-15 07:00:00,16.11,NA,1,NA,8.06,NA,1012.53,NA,NA,NA,77,NA,7.78,NA,6.11,7.78,NA
1858-05-15 14:00:00,16.11,NA,NA,NA,12.63,"202.5",1007.52,NA,NA,NA,62,NA,17.61,NA,13.89,17.78,0
1858-05-15 21:00:00,18.33,NA,2,315,8.36,"315",1011.38,NA,NA,NA,71,NA,9,NA,7.22,9.44,0
1858-05-16,NA,NA,NA,NA,NA,NA,NA,0,"empty","empty",NA,0,NA,8.07,NA,NA,NA
1858-05-16 07:00:00,17.22,NA,0,315,8.06,NA,1019.3,NA,NA,NA,77,NA,8,NA,6.11,7.78,5
1858-05-16 14:00:00,18.89,NA,2,315,4.81,"292.5",1020.93,NA,NA,NA,37,NA,10.67,NA,5.56,10.83,2
1858-05-16 21:00:00,17.78,NA,0,NA,4.1,NA,1023.77,NA,NA,NA,43,NA,5.56,NA,2.22,NA,0
1858-05-17,NA,NA,NA,NA,NA,NA,NA,1.27,"5:30am, 10am","10am, 11pm",NA,0,NA,9.78,NA,NA,NA
1858-05-17 07:00:00,17.22,NA,3,270,5.86,"270",1021.74,NA,NA,NA,60,NA,7.11,NA,3.89,6.94,5
1858-05-17 14:00:00,18.33,NA,1,292.5,5.42,"292.5",1019.3,NA,NA,NA,34,NA,14.44,NA,7.78,14.17,1
1858-05-17 21:00:00,18.33,NA,4,270,7.28,"270",1016.93,NA,NA,NA,69,NA,7.78,NA,5.56,7.78,0
1858-05-18,NA,NA,NA,NA,NA,NA,NA,4.32,"empty","empty",NA,0,NA,6.64,NA,NA,NA
1858-05-18 07:00:00,16.11,NA,3,112.5,8.5,"112.5",1014.22,NA,NA,NA,84,NA,7.06,NA,6.11,7.22,5
1858-05-18 14:00:00,17.78,NA,3,135,9.24,"135",1014.56,NA,NA,NA,85,NA,8.33,NA,7.22,8.33,5
1858-05-18 21:00:00,18.89,NA,2,180,9.24,"180",1017.14,NA,NA,NA,85,NA,7.89,NA,7.22,8.33,0
1858-05-19,NA,NA,NA,NA,NA,NA,NA,0.76,"6:15am, 10am, 8:30pm","10am, 2pm, 10pm",NA,0,NA,11.02,NA,NA,NA
1858-05-19 07:00:00,16.11,NA,3,270,9.69,"270",1019.3,NA,NA,NA,92,NA,7.5,NA,7.22,7.78,1
1858-05-19 14:00:00,18.33,NA,1,157.5,9.11,"157.5",1018.96,NA,NA,NA,54,NA,15,NA,10.56,15,0
1858-05-19 21:00:00,17.22,NA,0,NA,4.61,"157.5",1016.26,NA,NA,NA,35,NA,10.56,NA,5.56,11.11,0
1858-05-20,NA,NA,NA,NA,NA,NA,NA,7.11,"6pm","empty",NA,0,NA,9.96,NA,NA,NA
1858-05-20 07:00:00,16.67,NA,1,157.5,10.26,"157.5",1011.85,NA,NA,NA,89,NA,9.33,NA,8.33,9.17,1
1858-05-20 14:00:00,17.22,NA,2,NA,11.55,"225",1009.75,NA,NA,NA,89,NA,11.11,NA,10,10.83,0
1858-05-20 21:00:00,18.33,NA,0,NA,11.11,"225",1017.54,NA,NA,NA,92,NA,9.44,NA,8.89,9.44,0
1858-05-21,NA,NA,NA,NA,NA,NA,NA,2.29,"3:30pm","1am, 3:55pm",NA,0,NA,8.52,NA,NA,NA
1858-05-21 07:00:00,16.11,NA,1,0,8.87,"45",1010.16,NA,NA,NA,84,NA,7.78,NA,6.67,7.78,11
1858-05-21 14:00:00,17.78,NA,10,45,7.92,"45",1012.46,NA,NA,NA,65,NA,10,NA,7.22,10,1
1858-05-21 21:00:00,17.22,NA,1,NA,9.69,"45",1015.21,NA,NA,NA,92,NA,7.78,NA,7.22,7.78,0
1858-05-22,NA,NA,NA,NA,NA,NA,NA,0.23,"8:50pm","empty",NA,0,NA,10.06,NA,NA,NA
1858-05-22 07:00:00,15.56,NA,4,22.5,8.5,"22.5",1017.95,NA,NA,NA,84,NA,6.83,NA,6.11,7.22,2
1858-05-22 14:00:00,15.56,NA,1,0,9.99,"0",1021.67,NA,NA,NA,63,NA,13.89,NA,10.56,13.89,1
1858-05-22 21:00:00,16.67,NA,0,270,8.74,NA,1022.28,NA,NA,NA,71,NA,9.44,NA,7.78,10,0
1858-05-23,NA,NA,NA,NA,NA,NA,NA,26.67,"7pm","6am, 8:30pm",NA,0,NA,14.44,NA,NA,NA
1858-05-23 07:00:00,16.11,NA,2,225,9.11,"225",1022.28,NA,NA,NA,62,NA,12.78,NA,9.44,12.78,2
1858-05-23 14:00:00,16.67,NA,2,180,11.07,"180",1017.58,NA,NA,NA,57,NA,17.78,NA,12.78,17.22,2
1858-05-23 21:00:00,18.33,NA,2,180,9.99,"180",1009.89,NA,NA,NA,68,NA,12.78,NA,10,12.78,0
1858-05-24,NA,NA,NA,NA,NA,NA,NA,0.25,"empty","empty",NA,0,NA,12.78,NA,NA,NA
1858-05-24 07:00:00,17.22,NA,2,0,12.46,"0",997.29,NA,NA,NA,96,NA,10.56,NA,10.56,10.83,5
1858-05-24 14:00:00,16.67,NA,3,337.5,10.94,"337.5",1004.06,NA,NA,NA,65,NA,15,NA,11.67,15,5
1858-05-24 21:00:00,17.22,NA,3,337.5,6.3,"337.5",1008.13,NA,NA,NA,51,NA,12.78,NA,6.11,10,0
1858-05-25,NA,NA,NA,NA,NA,NA,NA,0,"empty","empty",NA,0,NA,13.39,NA,NA,NA
1858-05-25 07:00:00,17.22,NA,3,0,11.58,"0",1013.92,NA,NA,NA,78,NA,13.61,NA,11.11,13.06,2
1858-05-25 14:00:00,16.67,NA,3,0,9.11,"0",1016.32,NA,NA,NA,54,NA,14.89,NA,10.56,15,5
1858-05-25 21:00:00,17.22,NA,0,45,9.11,NA,1016.26,NA,NA,NA,67,NA,11.67,NA,8.89,11.67,0
1858-05-26,NA,NA,NA,NA,NA,NA,NA,0,"empty","empty",NA,0,NA,15.37,NA,NA,NA
1858-05-26 07:00:00,17.22,NA,2,45,10.87,"45",1016.39,NA,NA,NA,80,NA,12.22,NA,10,11.67,0
1858-05-26 14:00:00,18.33,NA,4,180,11.14,"180",1015.27,NA,NA,NA,46,NA,20.56,NA,14.44,20.83,11
1858-05-26 21:00:00,18.33,NA,0,NA,10.43,"180",1015.92,NA,NA,NA,69,NA,13.33,NA,10.56,13.33,0
1858-05-27,NA,NA,NA,NA,NA,NA,NA,0,"empty","empty",NA,0,NA,16.96,NA,NA,NA
1858-05-27 07:00:00,18.33,NA,0,135,10.67,"135",1018.35,NA,NA,NA,83,NA,10.89,NA,9.44,10.83,5
1858-05-27 14:00:00,18.89,NA,1,45,11.95,"45",1018.35,NA,NA,NA,48,NA,21.11,NA,15,21.11,0
1858-05-27 21:00:00,18.89,NA,0,45,8.64,NA,1021.81,NA,NA,NA,49,NA,15,NA,10.56,15.56,0
1858-05-28,NA,NA,NA,NA,NA,NA,NA,0,"empty","empty",NA,0,NA,16.94,NA,NA,NA
1858-05-28 07:00:00,18.89,NA,0,90,9.58,NA,1026.08,NA,NA,NA,54,NA,15.83,NA,11.11,15.56,1
1858-05-28 14:00:00,19.44,NA,0,45,13.48,"45",1027.77,NA,NA,NA,56,NA,20.56,NA,15.56,20.56,5
1858-05-28 21:00:00,18.89,NA,0,NA,11.92,NA,1024.31,NA,NA,NA,70,NA,14.44,NA,12.22,15,0
1858-05-29,NA,NA,NA,NA,NA,NA,NA,0,"empty","empty",NA,0,NA,17.78,NA,NA,NA
1858-05-29 07:00:00,19.44,NA,0,45,11.45,NA,1026.08,NA,NA,NA,65,NA,15.67,NA,12.22,15.56,5
1858-05-29 14:00:00,20,NA,0,180,15.95,NA,1022.69,NA,NA,NA,81,NA,22.67,NA,15.56,23.06,0
1858-05-29 21:00:00,20,NA,0,NA,10.94,NA,1021,NA,NA,NA,65,NA,15,NA,11.67,15,0
1858-05-30,NA,NA,NA,NA,NA,NA,NA,0,"11:20pm","12pm",NA,0,NA,18.24,NA,NA,NA
1858-05-30 07:00:00,19.44,NA,0,NA,7.96,NA,1022.28,NA,NA,NA,43,NA,16.39,NA,10.56,16.39,0
1858-05-30 14:00:00,19.44,NA,0,157.5,8.03,NA,1017.61,NA,NA,NA,30,NA,22.22,NA,13.33,22.22,5
1858-05-30 21:00:00,20,NA,0,NA,10.13,NA,1017.88,NA,NA,NA,52,NA,16.11,NA,12.22,17.22,0
1858-05-31,NA,NA,NA,NA,NA,NA,NA,0,"empty","empty",NA,0,NA,21.56,NA,NA,NA
1858-05-31 07:00:00,20,NA,4,180,9.08,"180",1018.35,NA,NA,NA,40,NA,19.67,NA,12.78,19.72,11
1858-05-31 14:00:00,21.11,NA,6,157.5,11.07,"180",1011.18,NA,NA,NA,57,NA,25,NA,19.44,25,20
1858-05-31 21:00:00,22.22,NA,4,202.5,11.18,"202.5",1009.48,NA,NA,NA,56,NA,20,NA,15,20.28,0
1858-06-01,NA,NA,NA,NA,NA,NA,NA,0.51,"empty","empty",NA,0,NA,20.42,NA,NA,NA
1858-06-01 07:00:00,21.67,NA,3,247.5,13.17,"247.5",1018.63,NA,NA,NA,63,NA,18.61,NA,14.44,18.33,5
1858-06-01 14:00:00,22.78,NA,0,180,14.05,NA,1017.61,NA,NA,NA,48,NA,23.78,NA,17.22,23.89,1
1858-06-01 21:00:00,22.22,NA,0,NA,11.28,NA,1017.95,NA,NA,NA,50,NA,18.89,NA,13.89,19.44,NA
1858-06-02,NA,NA,NA,NA,NA,NA,NA,0,"empty","empty",NA,0,NA,21.03,NA,NA,NA
1858-06-02 07:00:00,21.67,NA,0,270,11.28,NA,1022.69,NA,NA,NA,50,NA,19.78,NA,13.89,19.44,2
1858-06-02 14:00:00,22.22,NA,3,247.5,12.94,"247.5",1021.67,NA,NA,NA,44,NA,23.89,NA,16.67,23.89,2
1858-06-02 21:00:00,21.11,NA,3,315,11.72,"315",1022.35,NA,NA,NA,54,NA,19.44,NA,13.89,18.89,27
1858-06-03,NA,NA,NA,NA,NA,NA,NA,0,"empty","empty",NA,0,NA,18.11,NA,NA,NA
1858-06-03 07:00:00,20,NA,0,0,13.21,NA,1025.4,NA,NA,NA,74,NA,15.56,NA,13.33,15.83,34
1858-06-03 14:00:00,20,NA,0,67.5,10.16,NA,1023.77,NA,NA,NA,41,NA,20.67,NA,13.89,20.83,11
1858-06-03 21:00:00,20.56,NA,0,NA,10.63,NA,1022.35,NA,NA,NA,53,NA,18.11,NA,12.78,17.78,0
1858-06-04,NA,NA,NA,NA,NA,NA,NA,0,"1:10 pm","11 pm",NA,0,NA,17.11,NA,NA,NA
1858-06-04 07:00:00,19.44,NA,0,NA,10.73,"67.5",1018.63,NA,NA,NA,62,NA,15.22,NA,11.67,15.28,0
1858-06-04 14:00:00,20.56,NA,4,180,15.48,"180",1010.9,NA,NA,NA,73,NA,18.33,NA,15.56,18.89,40
1858-06-04 21:00:00,22.22,NA,3,180,12.33,"180",1003.79,NA,NA,NA,77,NA,17.78,NA,15.56,17.78,20
1858-06-05,NA,NA,NA,NA,NA,NA,NA,3.81,"empty","empty",NA,0,NA,18.59,NA,NA,NA
1858-06-05 07:00:00,20.56,NA,6,270,15.71,"270",1008.47,NA,NA,NA,77,NA,17.44,NA,15.56,17.78,20
1858-06-05 14:00:00,21.11,NA,2,247.5,13.65,"247.5",1013.21,NA,NA,NA,54,NA,21.67,NA,16.11,21.67,11
1858-06-05 21:00:00,19.44,NA,0,NA,17.71,"247.5",1014.56,NA,NA,NA,94,NA,16.67,NA,16.11,16.67,0
1858-06-06,NA,NA,NA,NA,NA,NA,NA,0,"9:30 am | 1:30 pm | 3 pm","12:25 pm | 2 pm | 5 pm",NA,0,NA,15.94,NA,NA,NA
1858-06-06 07:00:00,19.44,NA,0,NA,10.02,"247.5",1015.58,NA,NA,NA,59,NA,14.72,NA,11.11,15,0
1858-06-06 14:00:00,19.44,NA,3,NA,19.27,"135",1005.96,NA,NA,NA,97,NA,17.56,NA,17.22,17.5,0
1858-06-06 21:00:00,18.33,NA,0,NA,15.88,"247.5",1014.9,NA,NA,NA,94,NA,15.56,NA,14.44,15,0
1858-06-07,NA,NA,NA,NA,NA,NA,NA,25.91,"7 pm","8 pm",NA,0,NA,21.7,NA,NA,NA
1858-06-07 07:00:00,17.78,NA,0,225,8.64,NA,1018.29,NA,NA,NA,49,NA,16,NA,10.56,15.56,5
1858-06-07 14:00:00,22.22,NA,3,202.5,22.25,"202.5",1014.19,NA,NA,NA,61,NA,26.78,NA,22.22,27.5,20
1858-06-07 21:00:00,22.78,NA,0,247.5,18.93,"247.5",998.98,NA,NA,NA,72,NA,22.33,NA,18.89,22.22,1
1858-06-08,NA,NA,NA,NA,NA,NA,NA,29.97,"empty","empty",NA,0,NA,18.83,NA,NA,NA
1858-06-08 07:00:00,22.22,NA,1,270,14.83,"270",1021,NA,NA,NA,68,NA,19,NA,15.56,18.89,1
1858-06-08 14:00:00,21.11,NA,3,292.5,12.56,"292.5",1021.67,NA,NA,NA,49,NA,21.39,NA,15.56,21.67,5
1858-06-08 21:00:00,20.56,NA,3,292.5,11.01,"292.5",1022.62,NA,NA,NA,61,NA,16.11,NA,12.22,16.11,1
1858-06-09,NA,NA,NA,NA,NA,NA,NA,0.23,"9:30 am | 9 pm","10 am | 11 pm",NA,0,NA,15.06,NA,NA,NA
1858-06-09 07:00:00,18.89,NA,0,NA,11.62,"270",1022.62,NA,NA,NA,72,NA,13.5,NA,11.67,14.17,0
1858-06-09 14:00:00,18.33,NA,2,225,12.63,"225",1019.78,NA,NA,NA,62,NA,16.78,NA,13.89,17.78,5
1858-06-09 21:00:00,17.78,NA,0,NA,13.34,"202.5",1018.42,NA,NA,NA,82,NA,14.33,NA,12.78,14.44,0
1858-06-10,NA,NA,NA,NA,NA,NA,NA,6.6,"5 am | 11 am","10 am | 5 am",NA,0,NA,14.72,NA,NA,NA
1858-06-10 07:00:00,18.33,NA,0,NA,13.99,"180",1010.84,NA,NA,NA,90,NA,13.61,NA,12.78,13.61,0
1858-06-10 14:00:00,18.33,NA,2,NA,18.83,"45",1004.06,NA,NA,NA,100,NA,16.67,NA,16.67,16.67,0
1858-06-10 21:00:00,18.33,NA,0,22.5,15.78,"22.5",993.43,NA,NA,NA,100,NA,13.89,NA,13.89,13.89,2
1858-06-11,NA,NA,NA,NA,NA,NA,NA,46.23,"empty","empty",NA,0,NA,15.37,NA,NA,NA
1858-06-11 07:00:00,17.22,NA,1,0,14.32,"0",1009.82,NA,NA,NA,88,NA,14.44,NA,13.33,14.44,2
1858-06-11 14:00:00,17.78,NA,1,292.5,12.16,"292.5",1014.19,NA,NA,NA,58,NA,18.33,NA,13.89,18.33,5
1858-06-11 21:00:00,16.67,NA,0,NA,9.55,NA,1016.93,NA,NA,NA,63,NA,13.33,NA,10,13.33,0
1858-06-12,NA,NA,NA,NA,NA,NA,NA,0,"empty","empty",NA,0,NA,15.83,NA,NA,NA
1858-06-12 07:00:00,17.22,NA,0,45,10.94,"45",1021.94,NA,NA,NA,65,NA,15,NA,11.67,15,2
1858-06-12 14:00:00,16.11,NA,0,NA,8.2,"45",1020.66,NA,NA,NA,43,NA,17.22,NA,11.11,17.22,0
1858-06-12 21:00:00,16.67,NA,0,NA,10.73,NA,1016.93,NA,NA,NA,62,NA,15.28,NA,11.67,15.28,0
1858-06-13,NA,NA,NA,NA,NA,NA,NA,0.25,"7:55 am | 10 am | 11 pm","8:15 am | 4 pm | 1:40 am",NA,0,NA,13.48,NA,NA,NA
1858-06-13 07:00:00,17.22,NA,0,NA,10.67,"90",1013.48,NA,NA,NA,71,NA,12.94,NA,13.89,13.06,0
1858-06-13 14:00:00,17.22,NA,0,NA,14.76,"90",1011.24,NA,NA,NA,94,NA,13.89,NA,13.33,13.89,0
1858-06-13 21:00:00,16.67,NA,0,NA,13.78,"225",1011.85,NA,NA,NA,87,NA,13.61,NA,12.78,13.89,0
1858-06-14,NA,NA,NA,NA,NA,NA,NA,6.6,"empty","empty",NA,0,NA,15.44,NA,NA,NA
1858-06-14 07:00:00,16.67,NA,1,225,13.78,"225",1013.21,NA,NA,NA,87,NA,13.61,NA,12.78,13.89,11
1858-06-14 14:00:00,17.78,NA,2,225,14.22,"225",1013.07,NA,NA,NA,68,NA,18.06,NA,15,18.33,2
1858-06-14 21:00:00,17.22,NA,0,NA,13.34,"225",1015.24,NA,NA,NA,82,NA,14.67,NA,14.44,14.44,0
1858-06-15,NA,NA,NA,NA,NA,NA,NA,0,"empty","empty",NA,0,NA,17.96,NA,NA,NA
1858-06-15 07:00:00,17.22,NA,0,NA,13.41,NA,1016.26,NA,NA,NA,76,NA,15.28,NA,13.33,15.56,0
1858-06-15 14:00:00,18.89,NA,0,NA,14.76,"202.5",1014.56,NA,NA,NA,57,NA,21.67,NA,16.67,21.67,0
1858-06-15 21:00:00,19.44,NA,0,NA,14.53,NA,1014.16,NA,NA,NA,77,NA,16.94,NA,14.44,16.67,0
1858-06-16,NA,NA,NA,NA,NA,NA,NA,0.23,"12:30 pm | 3 pm","1 pm | 4 pm",NA,0,NA,17.96,NA,NA,NA
1858-06-16 07:00:00,18.89,NA,0,202.5,13.99,"202.5",1017,NA,NA,NA,77,NA,16.44,NA,13.89,16.11,0
1858-06-16 14:00:00,19.44,NA,0,225,15,"225",1017,NA,NA,NA,65,NA,20,NA,16.11,20,20
1858-06-16 21:00:00,19.44,NA,0,225,16.83,"225",1017.75,NA,NA,NA,83,NA,17.78,NA,16.11,17.78,11
1858-06-17,NA,NA,NA,NA,NA,NA,NA,0.23,"empty","empty",NA,0,NA,21.85,NA,NA,NA
1858-06-17 07:00:00,18.33,NA,1,247.5,15.71,"247.5",1021.2,NA,NA,NA,77,NA,17.78,NA,15.56,17.78,16
1858-06-17 14:00:00,22.22,NA,3,247.5,28.78,"247.5",1018.96,NA,NA,NA,85,NA,26.11,NA,24.44,26.39,34
1858-06-17 21:00:00,22.78,NA,0,247.5,18.18,NA,1017.27,NA,NA,NA,71,NA,21.67,NA,18.33,21.67,5
1858-06-18,NA,NA,NA,NA,NA,NA,NA,0.23,"1:30 pm | 4 pm","1:50 pm | 5 pm",NA,0,NA,22.87,NA,NA,NA
1858-06-18 07:00:00,22.22,NA,1,247.5,19.67,"247.5",1015.24,NA,NA,NA,72,NA,22.78,NA,19.44,22.78,11
1858-06-18 14:00:00,25.56,NA,3,247.5,20.72,"247.5",1014.9,NA,NA,NA,62,NA,26.39,NA,21.11,26.11,2
1858-06-18 21:00:00,21.11,NA,3,247.5,14.39,"247.5",1014.22,NA,NA,NA,64,NA,19.44,NA,32.22,19.44,1
1858-06-19,NA,NA,NA,NA,NA,NA,NA,0.25,"1 am","2 am",NA,0,NA,17.03,NA,NA,NA
1858-06-19 07:00:00,21.11,NA,0,22.5,11.75,"22.5",1017.61,NA,NA,NA,64,NA,16.11,NA,12.78,16.39,2
1858-06-19 14:00:00,20,NA,1,22.5,12.26,"22.5",1015.92,NA,NA,NA,55,NA,18.89,NA,14.44,19.44,1
1858-06-19 21:00:00,19.44,NA,0,247.5,13.99,NA,1016.26,NA,NA,NA,77,NA,16.11,NA,13.89,16.11,1
1858-06-20,NA,NA,NA,NA,NA,NA,NA,0,"empty","empty",NA,0,NA,21,NA,NA,NA
1858-06-20 07:00:00,19.44,NA,1,247.5,12.53,"247.5",1016.26,NA,NA,NA,66,NA,16.67,NA,13.33,16.67,1
1858-06-20 14:00:00,22.22,NA,2,NA,24.28,"315",1013.21,NA,NA,NA,77,NA,25,NA,22.22,25,0
1858-06-20 21:00:00,22.22,NA,0,292.5,19.61,"292.5",1013.88,NA,NA,NA,78,NA,21.33,NA,18.89,21.39,1
1858-06-21,NA,NA,NA,NA,NA,NA,NA,0,"empty","empty",NA,0,NA,21.87,NA,NA,NA
1858-06-21 07:00:00,19.44,NA,0,NA,14.16,"22.5",1015.58,NA,NA,NA,62,NA,19.72,NA,15.56,19.72,0
1858-06-21 14:00:00,21.67,NA,0,90,14.29,"90",1012.94,NA,NA,NA,46,NA,25.33,NA,17.78,25,1
1858-06-21 21:00:00,22.22,NA,0,225,13.48,"225",1016.26,NA,NA,NA,56,NA,20.56,NA,15.56,20.56,1
1858-06-22,NA,NA,NA,NA,NA,NA,NA,0,"empty","empty",NA,0,NA,21.87,NA,NA,NA
1858-06-22 07:00:00,21.11,NA,0,NA,15.68,"337.5",1019.98,NA,NA,NA,71,NA,19.22,NA,16.11,19.17,0
1858-06-22 14:00:00,23.33,NA,3,NA,10.67,"247.5",1019.64,NA,NA,NA,31,NA,26.67,NA,16.67,26.67,0
1858-06-22 21:00:00,22.22,NA,0,NA,11.28,"247.5",1021.67,NA,NA,NA,50,NA,19.72,NA,13.89,19.44,0
1858-06-23,NA,NA,NA,NA,NA,NA,NA,0,"empty","empty",NA,0,NA,23.74,NA,NA,NA
1858-06-23 07:00:00,20.56,NA,0,NA,16.12,"225",1021,NA,NA,NA,69,NA,20,NA,16.67,20,0
1858-06-23 14:00:00,23.89,NA,0,NA,21.61,"225",1019.3,NA,NA,NA,62,NA,26.94,NA,21.67,26.67,0
1858-06-23 21:00:00,24.44,NA,1,225,19.54,"225",1015.92,NA,NA,NA,64,NA,24.28,NA,20,24.44,27
1858-06-24,NA,NA,NA,NA,NA,NA,NA,0,"empty","empty",NA,0,NA,27,NA,NA,NA
1858-06-24 07:00:00,23.89,NA,1,270,24.31,"270",1015.71,NA,NA,NA,86,NA,23.22,NA,21.67,23.33,5
1858-06-24 14:00:00,26.67,NA,2,247.5,28.95,"247.5",1012.5,NA,NA,NA,62,NA,31.67,NA,26.11,31.67,34
1858-06-24 21:00:00,27.22,NA,2,225,26.14,"225",1013.95,NA,NA,NA,78,NA,26.11,NA,23.33,26.11,1
1858-06-25,NA,NA,NA,NA,NA,NA,NA,0,"8:40 pm","11 pm",NA,0,NA,27.14,NA,NA,NA
1858-06-25 07:00:00,25.56,NA,1,270,27.06,"0",1014.22,NA,NA,NA,86,NA,25.28,NA,23.33,25,2
1858-06-25 14:00:00,26.67,NA,1,270,33.76,"270",1013.88,NA,NA,NA,73,NA,31.67,NA,27.78,31.67,20
1858-06-25 21:00:00,27.78,NA,2,270,26.14,"270",1013.82,NA,NA,NA,86,NA,24.44,NA,22.78,24.44,5
1858-06-26,NA,NA,NA,NA,NA,NA,NA,3.81,"empty","empty",NA,0,NA,26.68,NA,NA,NA
1858-06-26 07:00:00,25,NA,0,NA,26.58,"337.5",1013,NA,NA,NA,90,NA,23.78,NA,22.22,23.89,0
1858-06-26 14:00:00,27.78,NA,1,NA,24.82,"45",1015.44,NA,NA,NA,61,NA,29.61,NA,23.89,29.44,0
1858-06-26 21:00:00,28.33,NA,0,NA,25.67,NA,1015.92,NA,NA,NA,74,NA,26.67,NA,23.33,26.67,0
1858-06-27,NA,NA,NA,NA,NA,NA,NA,0,"empty","empty",NA,0,NA,25.74,NA,NA,NA
1858-06-27 07:00:00,23.33,NA,1,22.5,17.27,"22.5",1016.59,NA,NA,NA,63,NA,22.78,NA,18.33,22.78,5
1858-06-27 14:00:00,26.67,NA,0,22.5,22.93,"22.5",1015.65,NA,NA,NA,60,NA,28.33,NA,22.78,28.33,1
1858-06-27 21:00:00,27.22,NA,0,315,22.25,"315",1013.88,NA,NA,NA,66,NA,26.11,NA,21.67,26.11,1
1858-06-28,NA,NA,NA,NA,NA,NA,NA,0,"empty","empty",NA,0,NA,25.64,NA,NA,NA
1858-06-28 07:00:00,24.44,NA,0,0,22.55,"315",1015.24,NA,NA,NA,77,NA,24.17,NA,21.11,23.89,0
1858-06-28 14:00:00,27.22,NA,0,315,17.98,NA,1015.58,NA,NA,NA,44,NA,29.44,NA,21.11,29.44,5
1858-06-28 21:00:00,26.11,NA,0,NA,13.41,NA,1016.26,NA,NA,NA,48,NA,23.33,NA,16.67,23.33,0
1858-06-29,NA,NA,NA,NA,NA,NA,NA,0,"4:15 pm","6 pm",NA,0,NA,21.42,NA,NA,NA
1858-06-29 07:00:00,21.11,NA,0,NA,20.15,"315",1017.61,NA,NA,NA,76,NA,22.22,NA,19.44,22.22,5
1858-06-29 14:00:00,23.89,NA,2,NA,15.92,"90",1014.22,NA,NA,NA,52,NA,24.44,NA,18.33,24.44,0
1858-06-29 21:00:00,21.11,NA,0,45,14.66,"45",1014.83,NA,NA,NA,73,NA,18.67,NA,15,17.78,34
1858-06-30,NA,NA,NA,NA,NA,NA,NA,0.25,"empty","empty",NA,0,NA,20.28,NA,NA,NA
1858-06-30 07:00:00,20,NA,0,0,15.88,NA,1017.27,NA,NA,NA,67,NA,20.28,NA,16.67,20.28,0
1858-06-30 14:00:00,22.78,NA,0,67.5,11.85,NA,1014.97,NA,NA,NA,40,NA,23.89,NA,16.11,23.89,2
1858-06-30 21:00:00,18.33,NA,0,0,12.06,NA,1017.61,NA,NA,NA,62,NA,16.67,NA,13.33,18.33,5
1858-07-01,NA,NA,NA,NA,NA,NA,NA,0,"empty","empty",NA,0,NA,20.22,NA,NA,NA
1858-07-01 07:00:00,18.33,NA,0,270,15.27,NA,1020.66,NA,NA,NA,73,NA,18.44,NA,15.56,18.33,5
1858-07-01 14:00:00,20.56,NA,3,270,12.12,"270",1013.21,NA,NA,NA,46,NA,22.22,NA,15.56,22.22,5
1858-07-01 21:00:00,21.67,NA,0,292.5,13.92,"292.5",1013.88,NA,NA,NA,60,NA,20,NA,15.56,20,1
1858-07-02,NA,NA,NA,NA,NA,NA,NA,0,"3pm","7pm",NA,0,NA,22.03,NA,NA,NA
1858-07-02 07:00:00,18.33,NA,0,NA,10.8,"292.5",1011.68,NA,NA,NA,47,NA,19.89,NA,13.89,20,0
1858-07-02 14:00:00,22.22,NA,0,157.5,11.38,"157.5",1014.22,NA,NA,NA,37,NA,24.56,NA,16.11,24.44,1
1858-07-02 21:00:00,23.33,NA,0,NA,16.8,"157.5",1015.58,NA,NA,NA,62,NA,21.67,NA,17.22,21.67,0
1858-07-03,NA,NA,NA,NA,NA,NA,NA,0,"empty","empty",NA,0,NA,24.53,NA,NA,NA
1858-07-03 07:00:00,25.56,NA,0,NA,17.47,"225",1010.16,NA,NA,NA,70,NA,20.83,NA,17.78,21.11,0
1858-07-03 14:00:00,26.11,NA,3,180,27.16,"225",1005.08,NA,NA,NA,72,NA,28.89,NA,24.44,28.33,40
1858-07-03 21:00:00,25.56,NA,2,315,26.58,"315",1003.05,NA,NA,NA,90,NA,23.89,NA,22.78,23.89,1
1858-07-04,NA,NA,NA,NA,NA,NA,NA,24.38,NA,"1:30pm",NA,0,NA,20.46,NA,NA,NA
1858-07-04 07:00:00,22.22,NA,0,NA,19.91,"315",1003.39,NA,NA,NA,74,NA,22.5,NA,19.44,22.5,0
1858-07-04 14:00:00,23.33,NA,2,45,21.81,"45",1013.88,NA,NA,NA,86,NA,NA,NA,20,21.67,1
1858-07-04 21:00:00,18.89,NA,0,NA,17,NA,1019.64,NA,NA,NA,78,NA,16.67,NA,14.44,16.67,0
1858-07-05,NA,NA,NA,NA,NA,NA,NA,0.23,"empty","empty",NA,0,NA,17.87,NA,NA,NA
1858-07-05 07:00:00,18.33,NA,0,NA,10.5,NA,1025.47,NA,NA,NA,60,NA,15.56,NA,11.67,15.56,0
1858-07-05 14:00:00,19.44,NA,0,NA,13.48,NA,1026.08,NA,NA,NA,56,NA,20.39,NA,15.56,20.56,0
1858-07-05 21:00:00,20.56,NA,0,0,12.63,NA,1025.06,NA,NA,NA,62,NA,17.67,NA,13.89,17.78,5
1858-07-06,NA,NA,NA,NA,NA,NA,NA,0,"empty","empty",NA,0,NA,21.63,NA,NA,NA
1858-07-06 07:00:00,19.44,NA,0,247.5,16.56,NA,1026.35,NA,NA,NA,75,NA,19.33,NA,16.67,19.44,1
1858-07-06 14:00:00,23.89,NA,1,225,16.49,"225",1024.38,NA,NA,NA,48,NA,26.67,NA,19.44,26.67,16
1858-07-06 21:00:00,22.22,NA,0,225,15.92,NA,1022.01,NA,NA,NA,73,NA,18.89,NA,16.11,18.89,16
1858-07-07,NA,NA,NA,NA,NA,NA,NA,0,"empty","empty",NA,0,NA,25.37,NA,NA,NA
1858-07-07 07:00:00,21.11,NA,0,270,17.74,NA,1019.3,NA,NA,NA,66,NA,22.22,NA,18.33,22.22,20
1858-07-07 14:00:00,27.78,NA,0,247.5,21.1,NA,1015.92,NA,NA,NA,53,NA,29.33,NA,22.22,28.89,45
1858-07-07 21:00:00,25.56,NA,0,247.5,21.64,NA,1012.53,NA,NA,NA,69,NA,24.56,NA,21.11,25,16
1858-07-08,NA,NA,NA,NA,NA,NA,NA,0,"empty","empty",NA,0,NA,19.72,NA,NA,NA
1858-07-08 07:00:00,23.89,NA,2,0,20.45,"0",1013.55,NA,NA,NA,73,NA,23.33,NA,20,23.33,45
1858-07-08 14:00:00,21.67,NA,5,22.5,14.39,"22.5",1015.85,NA,NA,NA,64,NA,19.44,NA,15.56,18.89,45
1858-07-08 21:00:00,20.56,NA,3,22.5,13.99,"22.5",1018.63,NA,NA,NA,77,NA,16.39,NA,13.89,16.11,20
1858-07-09,NA,NA,NA,NA,NA,NA,NA,11.68,"1am, 10am","10am, 12pm",NA,0,NA,16.29,NA,NA,NA
1858-07-09 07:00:00,19.44,NA,2,45,14.32,"45",1019.3,NA,NA,NA,88,NA,14.44,NA,13.33,14.44,16
1858-07-09 14:00:00,19.44,NA,2,45,14.83,"45",1019.78,NA,NA,NA,68,NA,18.89,NA,15.56,18.89,16
1858-07-09 21:00:00,18.89,NA,2,45,9.58,"45",1019.91,NA,NA,NA,54,NA,15.56,NA,11.11,15.56,27
1858-07-10,NA,NA,NA,NA,NA,NA,NA,0.51,"10:15am 2pm, 4pm","10:35am, 3pm, 5pm",NA,0,NA,19.91,NA,NA,NA
1858-07-10 07:00:00,19.44,NA,7,45,16.49,"45",1015.92,NA,NA,NA,94,NA,15.44,NA,15,15.56,40
1858-07-10 14:00:00,21.67,NA,1,NA,24.79,"45",1012.87,NA,NA,NA,90,NA,22.89,NA,21.67,22.78,0
1858-07-10 21:00:00,22.22,NA,1,225,23.54,"225",1012.39,NA,NA,NA,95,NA,21.39,NA,20.56,21.11,5
1858-07-11,NA,NA,NA,NA,NA,NA,NA,11.68,"1am, 10pm","5pm",NA,0,NA,16.2,NA,NA,NA
1858-07-11 07:00:00,21.11,NA,3,45,15.88,"45",1018.29,NA,NA,NA,94,NA,15,NA,14.44,15,40
1858-07-11 14:00:00,19.44,NA,3,45,13.17,"45",1021.74,NA,NA,NA,63,NA,18.17,NA,14.44,18.33,34
1858-07-11 21:00:00,17.78,NA,0,NA,14.39,"45",1023.77,NA,NA,NA,82,NA,15.44,NA,13.89,15.56,0
1858-07-12,NA,NA,NA,NA,NA,NA,NA,19.81,"6am, 10am, 9pm","4am, 10am, 4pm",NA,0,NA,15.33,NA,NA,NA
1858-07-12 07:00:00,17.78,NA,1,45,13.21,"45",1022.01,NA,NA,NA,93,NA,12.22,NA,11.67,12.22,16
1858-07-12 14:00:00,17.78,NA,2,45,15.78,"45",1015.92,NA,NA,NA,100,NA,13.89,NA,13.89,13.89,20
1858-07-12 21:00:00,17.22,NA,2,22.5,14.22,"22.5",1014.56,NA,NA,NA,94,NA,13.72,NA,12.78,13.33,11
1858-07-13,NA,NA,NA,NA,NA,NA,NA,35.56,"5am, 10am","6am, 10am, 12:10pm",NA,0,NA,17.87,NA,NA,NA
1858-07-13 07:00:00,17.78,NA,0,45,18.18,"45",1011.18,NA,NA,NA,100,NA,16.11,NA,16.11,16.11,20
1858-07-13 14:00:00,18.89,NA,3,270,18.39,"270",1012.94,NA,NA,NA,79,NA,20,NA,17.78,20,20
1858-07-13 21:00:00,18.89,NA,1,247.5,16.19,"247.5",1017.27,NA,NA,NA,83,NA,17.5,NA,15.56,17.22,5
1858-07-14,NA,NA,NA,NA,NA,NA,NA,0.25,"empty","empty",NA,0,NA,19.92,NA,NA,NA
1858-07-14 07:00:00,NA,NA,1,247.5,16.63,"247.5",1020.93,NA,NA,NA,88,NA,16.67,NA,15.56,16.67,1
1858-07-14 14:00:00,20.56,NA,2,247.5,18.02,"247.5",1020.52,NA,NA,NA,63,NA,23.56,NA,18.89,23.33,20
1858-07-14 21:00:00,22.22,NA,1,NA,17.68,"225",1021,NA,NA,NA,79,NA,19.56,NA,17.22,19.44,0
1858-07-15,NA,NA,NA,NA,NA,NA,NA,0,"empty","empty",NA,0,NA,22.07,NA,NA,NA
1858-07-15 07:00:00,20.56,NA,1,225,17.47,"225",1022.69,NA,NA,NA,84,NA,18.44,NA,16.67,18.33,2
1858-07-15 14:00:00,23.89,NA,1,225,16.49,"225",1021,NA,NA,NA,48,NA,26.67,NA,19.44,26.67,5
1858-07-15 21:00:00,17.22,NA,0,NA,16.32,NA,1020.32,NA,NA,NA,66,NA,21.11,NA,17.22,21.11,0
1858-07-16,NA,NA,NA,NA,NA,NA,NA,0,"empty","empty",NA,0,NA,23.22,NA,NA,NA
1858-07-16 07:00:00,21.67,NA,0,NA,21.03,"270",1021,NA,NA,NA,85,NA,21.33,NA,19.72,21.11,0
1858-07-16 14:00:00,24.44,NA,1,NA,22.05,"225",1018.96,NA,NA,NA,66,NA,26.11,NA,21.67,26.11,0
1858-07-16 21:00:00,23.89,NA,1,225,20.15,"270",1017.88,NA,NA,NA,76,NA,22.22,NA,19.44,22.22,5
1858-07-17,NA,NA,NA,NA,NA,NA,NA,0,"empty","empty",NA,0,NA,24.85,NA,NA,NA
1858-07-17 07:00:00,22.78,NA,0,NA,25.19,"247.5",1017.95,NA,NA,NA,78,NA,25.67,NA,22.78,25.56,0
1858-07-17 14:00:00,26.11,NA,0,NA,22.01,"247.5",1020.93,NA,NA,NA,59,NA,27.78,NA,22.22,27.78,0
1858-07-17 21:00:00,23.33,NA,0,247.5,14.09,"247.5",1019.57,NA,NA,NA,57,NA,21.11,NA,16.11,21.11,11
1858-07-18,NA,NA,NA,NA,NA,NA,NA,0,"empty","empty",NA,0,NA,21.03,NA,NA,NA
1858-07-18 07:00:00,17.78,NA,0,NA,14.83,NA,1024.38,NA,NA,NA,68,NA,19.22,NA,15.56,18.89,0
1858-07-18 14:00:00,22.78,NA,0,247.5,10.63,NA,1022.62,NA,NA,NA,53,NA,24.44,NA,17.78,24.44,2
1858-07-18 21:00:00,21.67,NA,0,NA,11.28,NA,1024.04,NA,NA,NA,50,NA,19.44,NA,13.89,19.44,0
1858-07-19,NA,NA,NA,NA,NA,NA,NA,0,"empty","empty",NA,0,NA,20.89,NA,NA,NA
1858-07-19 07:00:00,21.11,NA,0,NA,10.26,NA,1026.82,NA,NA,NA,64,NA,19.33,NA,13.33,19.44,0
1858-07-19 14:00:00,22.22,NA,1,225,15.2,"225",1024.38,NA,NA,NA,52,NA,23.89,NA,17.78,23.89,16
1858-07-19 21:00:00,22.22,NA,0,NA,14.39,NA,1019.3,NA,NA,NA,64,NA,19.44,NA,15.56,19.44,0
1858-07-20,NA,NA,NA,NA,NA,NA,NA,0,"3:15pm","6pm",NA,0,NA,19.41,NA,NA,NA
1858-07-20 07:00:00,20.56,NA,1,NA,13.65,"225",1018.96,NA,NA,NA,67,NA,17.67,NA,14.44,17.78,0
1858-07-20 14:00:00,22.22,NA,0,225,18.93,"225",1014.9,NA,NA,NA,72,NA,22.22,NA,18.89,22.22,2
1858-07-20 21:00:00,20,NA,1,225,18.59,"225",1013.21,NA,NA,NA,89,NA,18.33,NA,17.22,18.33,1
1858-07-21,NA,NA,NA,NA,NA,NA,NA,10.92,"2:20pm","6pm",NA,0,NA,20.35,NA,NA,NA
1858-07-21 07:00:00,20,NA,1,NA,17.91,"45",1009.82,NA,NA,NA,89,NA,18,NA,16.67,17.78,0
1858-07-21 14:00:00,24.44,NA,0,225,19.91,"225",1007.11,NA,NA,NA,62,NA,25.56,NA,20.56,25.56,1
1858-07-21 21:00:00,21.11,NA,1,NA,17.91,"180",1008.81,NA,NA,NA,89,NA,17.5,NA,16.67,17.78,0
1858-07-22,NA,NA,NA,NA,NA,NA,NA,24.13,"9am, 10am","10am, 6pm",NA,0,NA,17.37,NA,NA,NA
1858-07-22 07:00:00,18.33,NA,0,NA,17.71,"225",1005.62,NA,NA,NA,94,NA,16.56,NA,16.11,16.67,0
1858-07-22 14:00:00,20.56,NA,0,NA,18.39,"225",1005.76,NA,NA,NA,59,NA,20,NA,17.78,20,0
1858-07-22 21:00:00,19.44,NA,0,225,14.39,"225",1010.84,NA,NA,NA,82,NA,15.56,NA,13.89,15.56,1
1858-07-23,NA,NA,NA,NA,NA,NA,NA,16.26,"empty","empty",NA,0,NA,16.2,NA,NA,NA
1858-07-23 07:00:00,18.89,NA,0,292.5,12.87,"292.5",1012.94,NA,NA,NA,76,NA,14.89,NA,12.78,15,45
1858-07-23 14:00:00,18.89,NA,0,315,11.95,"292.5",1013.55,NA,NA,NA,48,NA,20.83,NA,15,21.11,34
1858-07-23 21:00:00,17.78,NA,0,NA,13.07,"315",1015.51,NA,NA,NA,76,NA,14.89,NA,12.78,15,0
1858-07-24,NA,NA,NA,NA,NA,NA,NA,0,"empty","empty",NA,0,NA,16.5,NA,NA,NA
1858-07-24 07:00:00,17.78,NA,1,NA,13.78,"45",1015.92,NA,NA,NA,87,NA,13.78,NA,12.78,13.89,0
1858-07-24 14:00:00,17.78,NA,1,22.5,12.43,"22.5",1019.71,NA,NA,NA,52,NA,20.56,NA,15,20.56,1
1858-07-24 21:00:00,17.22,NA,0,22.5,8.2,"22.5",1022.01,NA,NA,NA,48,NA,15.17,NA,10,15,34
1858-07-25,NA,NA,NA,NA,NA,NA,NA,0,"empty","empty",NA,0,NA,17.78,NA,NA,NA
1858-07-25 07:00:00,17.22,NA,1,NA,12.63,"45",1024.04,NA,NA,NA,62,NA,17.78,NA,13.89,17.78,0
1858-07-25 14:00:00,18.33,NA,0,45,13.31,"45",1022.89,NA,NA,NA,59,NA,19.44,NA,15,19.44,2
1858-07-25 21:00:00,18.33,NA,0,45,14.97,"45",1022.35,NA,NA,NA,83,NA,16.11,NA,14.44,16.11,1
1858-07-26,NA,NA,NA,NA,NA,NA,NA,0,"empty","empty",NA,0,NA,20.92,NA,NA,NA
1858-07-26 07:00:00,17.22,NA,0,45,15.1,NA,1021,NA,NA,NA,77,NA,17.22,NA,15,17.22,1
1858-07-26 14:00:00,16.11,NA,0,NA,18.32,"225",1014.29,NA,NA,NA,60,NA,24.44,NA,19.44,24.44,0
1858-07-26 21:00:00,22.22,NA,0,225,21.03,"225",1014.22,NA,NA,NA,85,NA,21.11,NA,19.44,21.11,40
1858-07-27,NA,NA,NA,NA,NA,NA,NA,0,"11:30am","12pm",NA,0,NA,23.64,NA,NA,NA
1858-07-27 07:00:00,22.22,NA,0,247.5,21.2,NA,1007.11,NA,NA,NA,65,NA,25.56,NA,21.11,25.56,1
1858-07-27 14:00:00,22.78,NA,0,247.5,16.66,"247.5",1005.83,NA,NA,NA,53,NA,25,NA,18.89,25,2
1858-07-27 21:00:00,22.78,NA,0,NA,15.65,"247.5",1012.19,NA,NA,NA,65,NA,20.39,NA,16.67,20.56,0
1858-07-28,NA,NA,NA,NA,NA,NA,NA,0.23,"empty","empty",NA,0,NA,19.72,NA,NA,NA
1858-07-28 07:00:00,20,NA,0,315,15.27,NA,1017.61,NA,NA,NA,73,NA,18.06,NA,15.56,18.33,1
1858-07-28 14:00:00,21.67,NA,0,315,18.93,NA,1017.61,NA,NA,NA,72,NA,22.22,NA,18.89,22.22,5
1858-07-28 21:00:00,21.67,NA,0,NA,14.83,NA,1018.96,NA,NA,NA,68,NA,18.89,NA,15.56,18.89,0
1858-07-29,NA,NA,NA,NA,NA,NA,NA,0,"10am","3pm",NA,0,NA,15.63,NA,NA,NA
1858-07-29 07:00:00,20.56,NA,0,NA,12.87,"315",1017.95,NA,NA,NA,76,NA,15.22,NA,12.78,15,0
1858-07-29 14:00:00,16.67,NA,0,NA,14.53,"202.5",1013.88,NA,NA,NA,77,NA,16.67,NA,14.44,16.67,0
1858-07-29 21:00:00,17.22,NA,0,NA,14.87,"180",1011.85,NA,NA,NA,88,NA,15,NA,13.89,15,0
1858-07-30,NA,NA,NA,NA,NA,NA,NA,2.03,"empty","empty",NA,0,NA,17.28,NA,NA,NA
1858-07-30 07:00:00,17.78,NA,0,NA,15,"225",1011.11,NA,NA,NA,97,NA,13.61,NA,13.33,13.61,0
1858-07-30 14:00:00,18.89,NA,0,NA,16.59,"337.5",1009.69,NA,NA,NA,68,NA,20.44,NA,17.5,20.56,0
1858-07-30 21:00:00,19.44,NA,0,NA,14.66,"337.5",1009.14,NA,NA,NA,73,NA,17.78,NA,15,17.78,0
1858-07-31,NA,NA,NA,NA,NA,NA,NA,0,"empty","empty",NA,0,NA,20.29,NA,NA,NA
1858-07-31 07:00:00,18.89,NA,0,NA,15.92,"270",NA,NA,NA,NA,73,NA,18.78,NA,16.11,18.89,0
1858-07-31 14:00:00,21.11,NA,0,NA,16.83,"270",1010.9,NA,NA,NA,59,NA,23.22,NA,18.33,23.33,0
1858-07-31 21:00:00,20,NA,0,337.5,14.49,"337.5",1012.87,NA,NA,NA,68,NA,18.89,NA,15.56,18.89,1
1858-08-01,NA,NA,NA,NA,NA,NA,NA,0,"empty","empty",NA,0,NA,18.61,NA,NA,NA
1858-08-01 07:00:00,17.78,NA,1,45,14.97,"45",1017.27,NA,NA,NA,88,NA,15.89,NA,14.44,16.11,2
1858-08-01 14:00:00,21.11,NA,0,67.5,9.62,"67.5",1016.93,NA,NA,NA,51,NA,22.17,NA,17.22,22.22,1
1858-08-01 21:00:00,18.89,NA,0,45,14.73,NA,1018.22,NA,NA,NA,73,NA,17.94,NA,15,17.78,1
1858-08-02,NA,NA,NA,NA,NA,NA,NA,0,"empty","empty",NA,0,NA,17.06,NA,NA,NA
1858-08-02 07:00:00,18.33,NA,3,NA,14.22,"45",1020.79,NA,NA,NA,94,NA,13.33,NA,12.78,13.33,0
1858-08-02 14:00:00,20,NA,3,NA,16.8,"45",1021,NA,NA,NA,70,NA,20.67,NA,17.22,20.56,0
1858-08-02 21:00:00,18.33,NA,0,NA,16.19,NA,1021.13,NA,NA,NA,83,NA,17.17,NA,15.56,17.22,0
1858-08-03,NA,NA,NA,NA,NA,NA,NA,0,"9 pm","empty",NA,0,NA,18.33,NA,NA,NA
1858-08-03 07:00:00,18.33,NA,1,112.5,15.92,"112.5",1021.33,NA,NA,NA,73,NA,18.89,NA,16.11,18.89,2
1858-08-03 14:00:00,19.44,NA,1,112.5,10.5,"112.5",1020.32,NA,NA,NA,32,NA,25.56,NA,16.11,25.56,20
1858-08-03 21:00:00,18.33,NA,3,NA,15.44,"180",1018.96,NA,NA,NA,58,NA,15.56,NA,14.44,15.56,0
1858-08-04,NA,NA,NA,NA,NA,NA,NA,14.22,"10 am | 2 pm | 7 pm","10 am | 11 am | 5 pm | 9 pm",NA,0,NA,17.68,NA,NA,NA
1858-08-04 07:00:00,18.89,NA,0,180,14.97,"180",1015.58,NA,NA,NA,83,NA,16.11,NA,14.44,16.11,2
1858-08-04 14:00:00,19.44,NA,1,180,18.15,"180",1012.67,NA,NA,NA,84,NA,18.94,NA,17.22,18.89,1
1858-08-04 21:00:00,19.44,NA,3,NA,18.15,"180",1011.04,NA,NA,NA,82,NA,18,NA,16.67,17.5,0
1858-08-05,NA,NA,NA,NA,NA,NA,NA,14.73,"empty","empty",NA,0,NA,20.5,NA,NA,NA
1858-08-05 07:00:00,18.89,NA,0,225,18.15,"225",1010.9,NA,NA,NA,92,NA,17.5,NA,16.67,17.5,1
1858-08-05 14:00:00,25.56,NA,1,NA,21.27,"225",1010.84,NA,NA,NA,73,NA,24,NA,20.56,23.89,0
1858-08-05 21:00:00,21.67,NA,0,NA,19.54,"225",1010.84,NA,NA,NA,88,NA,20,NA,18.33,20,0
1858-08-06,NA,NA,NA,NA,NA,NA,NA,0,"2:35 pm","2:45 pm",NA,0,NA,21.11,NA,NA,NA
1858-08-06 07:00:00,21.11,NA,0,NA,11.82,"337.5",1014.9,NA,NA,NA,51,NA,20.28,NA,14.44,20,0
1858-08-06 14:00:00,22.78,NA,0,NA,20.01,"315",1013.88,NA,NA,NA,68,NA,23.89,NA,20,23.89,0
1858-08-06 21:00:00,20.56,NA,0,NA,14.39,"315",1015.98,NA,NA,NA,64,NA,19.17,NA,15.56,19.44,0
1858-08-07,NA,NA,NA,NA,NA,NA,NA,0.23,"empty","empty",NA,0,NA,19.94,NA,NA,NA
1858-08-07 07:00:00,17.22,NA,0,NA,16.19,NA,1019.84,NA,NA,NA,83,NA,17.06,NA,15.56,17.22,0
1858-08-07 14:00:00,20.56,NA,0,NA,12.29,NA,1020.66,NA,NA,NA,43,NA,23.22,NA,16.11,23.33,0
1858-08-07 21:00:00,21.67,NA,0,NA,16.02,NA,1026.21,NA,NA,NA,71,NA,19.67,NA,16.39,19.44,0
1858-08-08,NA,NA,NA,NA,NA,NA,NA,0,"empty","empty",NA,0,NA,23.53,NA,NA,NA
1858-08-08 07:00:00,20.56,NA,0,NA,18.76,NA,1028.65,NA,NA,NA,64,NA,23.89,NA,19.44,23.89,0
1858-08-08 14:00:00,22.78,NA,0,NA,16.19,NA,1022.35,NA,NA,NA,50,NA,25.56,NA,18.89,25.56,0
1858-08-08 21:00:00,22.78,NA,0,NA,15.2,"90",1021.67,NA,NA,NA,61,NA,21.11,NA,16.67,21.11,0
1858-08-09,NA,NA,NA,NA,NA,NA,NA,0,"empty","empty",NA,0,NA,22.42,NA,NA,NA
1858-08-09 07:00:00,21.11,NA,0,NA,20.28,"45",1021.33,NA,NA,NA,85,NA,20.56,NA,18.89,20.56,0
1858-08-09 14:00:00,26.67,NA,0,NA,22.55,NA,1019.64,NA,NA,NA,77,NA,23.89,NA,21.11,23.89,0
1858-08-09 21:00:00,18.89,NA,0,NA,19.67,"45",1019.1,NA,NA,NA,72,NA,22.78,NA,19.44,22.78,0
1858-08-10,NA,NA,NA,NA,NA,NA,NA,0,"empty","empty",NA,0,NA,25.37,NA,NA,NA
1858-08-10 07:00:00,22.78,NA,0,NA,20.01,"45",1017.95,NA,NA,NA,68,NA,23.89,NA,20,23.89,0
1858-08-10 14:00:00,24.44,NA,0,NA,17.61,"45",1016.05,NA,NA,NA,46,NA,28.33,NA,20.56,28.33,0
1858-08-10 21:00:00,25,NA,0,NA,17.58,"180",1015.65,NA,NA,NA,60,NA,23.89,NA,18.89,23.89,0
1858-08-11,NA,NA,NA,NA,NA,NA,NA,4.83,"1:30 pm","5 pm",NA,0,NA,21.81,NA,NA,NA
1858-08-11 07:00:00,22.78,NA,0,NA,12.43,"180",1015.65,NA,NA,NA,52,NA,20.44,NA,15,20.56,0
1858-08-11 14:00:00,23.33,NA,0,NA,26.58,"0",1015.85,NA,NA,NA,90,NA,23.89,NA,22.78,23.89,0
1858-08-11 21:00:00,22.78,NA,0,NA,22.28,"0",1016.93,NA,NA,NA,90,NA,21.11,NA,20,21.11,0
1858-08-12,NA,NA,NA,NA,NA,NA,NA,0,"empty","empty",NA,0,NA,21.92,NA,NA,NA
1858-08-12 07:00:00,20,NA,0,45,17.91,NA,1020.66,NA,NA,NA,75,NA,20.56,NA,17.78,20.56,5
1858-08-12 14:00:00,24.44,NA,0,45,13.95,NA,1023.71,NA,NA,NA,46,NA,25.11,NA,17.78,25,27
1858-08-12 21:00:00,21.67,NA,0,NA,12.87,NA,1025.87,NA,NA,NA,56,NA,20.11,NA,15,20,0
1858-08-13,NA,NA,NA,NA,NA,NA,NA,0,"empty","empty",NA,0,NA,21.48,NA,NA,NA
1858-08-13 07:00:00,17.78,NA,0,45,15.1,NA,1029.19,NA,NA,NA,77,NA,17.22,NA,15,17.22,1
1858-08-13 14:00:00,24.44,NA,0,45,19.44,NA,1028.78,NA,NA,NA,55,NA,26.11,NA,20.56,26.11,1
1858-08-13 21:00:00,22.78,NA,0,45,15.2,NA,1028.51,NA,NA,NA,69,NA,21.11,NA,16.67,21.11,1
1858-08-14,NA,NA,NA,NA,NA,NA,NA,0,"empty","empty",NA,0,NA,22.74,NA,NA,NA
1858-08-14 07:00:00,20.56,NA,0,NA,16.56,"45",1027.43,NA,NA,NA,75,NA,19.44,NA,16.67,19.44,0
1858-08-14 14:00:00,24.44,NA,0,NA,22.93,NA,1024.38,NA,NA,NA,66,NA,26.56,NA,22.22,26.67,0
1858-08-14 21:00:00,24.44,NA,0,NA,17.74,NA,1019.44,NA,NA,NA,66,NA,22.22,NA,18.33,22.22,0
1858-08-15,NA,NA,NA,NA,NA,NA,NA,0,"empty","empty",NA,0,NA,21.85,NA,NA,NA
1858-08-15 07:00:00,21.67,NA,0,NA,17.47,"225",1016.12,NA,NA,NA,84,NA,18.33,NA,16.67,18.33,0
1858-08-15 14:00:00,26.11,NA,0,247.5,17.71,"247.5",1012.73,NA,NA,NA,51,NA,26.67,NA,20,26.67,1
1858-08-15 21:00:00,23.89,NA,0,247.5,17.91,NA,1016.86,NA,NA,NA,75,NA,20.56,NA,17.78,20.56,1
1858-08-16,NA,NA,NA,NA,NA,NA,NA,0,"empty","empty",NA,0,NA,17.63,NA,NA,NA
1858-08-16 07:00:00,21.67,NA,0,NA,15.44,NA,1025.74,NA,NA,NA,88,NA,15.56,NA,14.44,15.56,0
1858-08-16 14:00:00,20.56,NA,0,NA,13.04,NA,1021.67,NA,NA,NA,53,NA,21.22,NA,15.56,21.11,0
1858-08-16 21:00:00,20.56,NA,0,NA,14.97,NA,1022.49,NA,NA,NA,83,NA,16.11,NA,14.44,16.11,0
1858-08-17,NA,NA,NA,NA,NA,NA,NA,0,"empty","empty",NA,0,NA,20.68,NA,NA,NA
1858-08-17 07:00:00,19.44,NA,0,NA,14.09,NA,1022.69,NA,NA,NA,85,NA,14.89,NA,13.33,14.72,0
1858-08-17 14:00:00,23.89,NA,0,NA,27.12,"247.5",1019.64,NA,NA,NA,51,NA,26.06,NA,19.44,26.11,0
1858-08-17 21:00:00,23.89,NA,0,NA,21.03,NA,1015.98,NA,NA,NA,83,NA,21.11,NA,19.44,21.11,0
1858-08-18,NA,NA,NA,NA,NA,NA,NA,0,"2:50 pm | 9:15 pm","3 pm | 9:40 pm",NA,0,NA,25.33,NA,NA,NA
1858-08-18 07:00:00,21.67,NA,0,NA,21.5,NA,1010.84,NA,NA,NA,90,NA,20.56,NA,19.44,20.56,0
1858-08-18 14:00:00,25.56,NA,2,180,21.1,"180",1004.74,NA,NA,NA,53,NA,28.78,NA,22.22,28.89,2
1858-08-18 21:00:00,23.89,NA,2,247.5,33.09,"247.5",1004.74,NA,NA,NA,96,NA,26.67,NA,23.33,26.67,2
1858-08-19,NA,NA,NA,NA,NA,NA,NA,3.3,"empty","empty",NA,0,NA,13.59,NA,NA,NA
1858-08-19 07:00:00,21.67,NA,0,315,12.26,"315",1012.8,NA,NA,NA,87,NA,12.78,NA,11.11,12.22,1
1858-08-19 14:00:00,17.78,NA,0,337.5,10.94,"337.5",1013.82,NA,NA,NA,65,NA,15.22,NA,11.67,15,1
1858-08-19 21:00:00,17.78,NA,0,337.5,10.87,"337.5",1014.22,NA,NA,NA,74,NA,12.78,NA,10.56,12.78,1
1858-08-20,NA,NA,NA,NA,NA,NA,NA,0,"3 pm | 5 pm","4 pm | 11:30 pm",NA,0,NA,14.94,NA,NA,NA
1858-08-20 07:00:00,18.33,NA,0,292.5,9.99,"292.5",1013.95,NA,NA,NA,73,NA,11.56,NA,9.44,11.67,0
1858-08-20 14:00:00,18.33,NA,0,247.5,12.16,"247.5",1011.85,NA,NA,NA,58,NA,18.56,NA,13.89,18.33,0
1858-08-20 21:00:00,19.44,NA,0,270,16.36,"270",1011.79,NA,NA,NA,100,NA,14.72,NA,14.44,14.44,1
1858-08-21,NA,NA,NA,NA,NA,NA,NA,20.07,"9 pm","12 pm",NA,0,NA,16.89,NA,NA,NA
1858-08-21 07:00:00,18.89,NA,0,315,14.22,"315",1014.29,NA,NA,NA,94,NA,13.17,NA,12.78,13.33,0
1858-08-21 14:00:00,18.89,NA,0,315,16.12,"315",1014.26,NA,NA,NA,69,NA,20,NA,16.67,20,0
1858-08-21 21:00:00,19.44,NA,0,270,16.53,"270",1015.92,NA,NA,NA,78,NA,17.5,NA,16.11,18.33,0
1858-08-22,NA,NA,NA,NA,NA,NA,NA,9.4,"1:30 pm | 3 pm","1:45 pm | 3:45 pm",NA,0,NA,14.44,NA,NA,NA
1858-08-22 07:00:00,18.89,NA,5,270,9.99,"270",1012.67,NA,NA,NA,68,NA,12.78,NA,10,12.78,1
1858-08-22 14:00:00,18.89,NA,5,270,15.88,"270",1010.84,NA,NA,NA,77,NA,17.78,NA,15.56,17.78,20
1858-08-22 21:00:00,16.67,NA,3,292.5,10.87,"292.5",1015.17,NA,NA,NA,74,NA,12.78,NA,10.56,12.78,5
1858-08-23,NA,NA,NA,NA,NA,NA,NA,2.03,"empty","empty",NA,0,NA,12.59,NA,NA,NA
1858-08-23 07:00:00,16.67,NA,1,315,9.55,"315",1019.3,NA,NA,NA,67,NA,12.22,NA,9.44,12.22,1
1858-08-23 14:00:00,15.56,NA,NA,292.5,8.64,"292.5",1017.95,NA,NA,NA,53,NA,14.44,NA,10,14.44,1
1858-08-23 21:00:00,16.11,NA,3,292.5,8.7,"292.5",1019.27,NA,NA,NA,66,NA,11.11,NA,8.33,11.11,27
1858-08-24,NA,NA,NA,NA,NA,NA,NA,0,"12:30 pm","2:30 pm",NA,0,NA,15.56,NA,NA,NA
1858-08-24 07:00:00,16.11,NA,5,247.5,14.97,"247.5",1015.92,NA,NA,NA,83,NA,16.11,NA,14.44,16.11,1
1858-08-24 14:00:00,16.67,NA,1,247.5,13.41,"247.5",1015.92,NA,NA,NA,76,NA,16.11,NA,13.33,15.56,1
1858-08-24 21:00:00,17.22,NA,0,315,11.41,NA,1019.24,NA,NA,NA,70,NA,14.44,NA,11.67,14.44,1
1858-08-25,NA,NA,NA,NA,NA,NA,NA,1.27,"empty","empty",NA,0,NA,14.22,NA,NA,NA
1858-08-25 07:00:00,17.22,NA,0,NA,9.35,NA,1025.94,NA,NA,NA,70,NA,11.33,NA,8.89,11.39,0
1858-08-25 14:00:00,17.22,NA,0,NA,8.7,NA,1027.09,NA,NA,NA,93,NA,17.67,NA,11.67,17.78,0
1858-08-25 21:00:00,16.67,NA,0,NA,10.23,NA,1027.43,NA,NA,NA,66,NA,13.67,NA,10.56,13.61,0
1858-08-26,NA,NA,NA,NA,NA,NA,NA,0,"empty","empty",NA,0,NA,17.98,NA,NA,NA
1858-08-26 07:00:00,16.67,NA,0,315,10.67,NA,1020.66,NA,NA,NA,77,NA,11.94,NA,10,11.94,5
1858-08-26 14:00:00,20.56,NA,0,NA,14.09,"315",1026.75,NA,NA,NA,62,NA,23.89,NA,17.78,23.89,0
1858-08-26 21:00:00,20,NA,0,NA,15.71,NA,1021,NA,NA,NA,77,NA,18.11,NA,15.56,17.78,0
1858-08-27,NA,NA,NA,NA,NA,NA,NA,0,"2:30 pm | 10:40 pm","8:10 pm | 5 am",NA,0,NA,17.03,NA,NA,NA
1858-08-27 07:00:00,19.44,NA,1,180,11.34,"180",1018.63,NA,NA,NA,80,NA,12.22,NA,10.56,12.22,1
1858-08-27 14:00:00,20,NA,1,180,16.32,"180",1016.86,NA,NA,NA,66,NA,21.11,NA,17.22,21.11,45
1858-08-27 21:00:00,20,NA,2,157.5,17.91,"157.5",1016.59,NA,NA,NA,89,NA,17.78,NA,16.67,17.78,2
1858-08-28,NA,NA,NA,NA,NA,NA,NA,7.62,"8 pm","10 am",NA,0,NA,20.98,NA,NA,NA
1858-08-28 07:00:00,20,NA,1,NA,17.91,"135",1013.38,NA,NA,NA,75,NA,20.56,NA,17.78,20.56,0
1858-08-28 14:00:00,21.67,NA,0,NA,21.37,"135",1010.5,NA,NA,NA,81,NA,22.22,NA,20,22.22,0
1858-08-28 21:00:00,21.67,NA,0,NA,21.94,"135",1007.52,NA,NA,NA,95,NA,20.17,NA,19.44,20,0
1858-08-29,NA,NA,NA,NA,NA,NA,NA,8.38,"empty","empty / blank",NA,0,NA,19.87,NA,NA,NA
1858-08-29 07:00:00,21.11,NA,1,247.5,19.54,"247.5",1005.42,NA,NA,NA,85,NA,20,NA,18.33,20,1
1858-08-29 14:00:00,22.22,NA,2,247.5,17.03,"247.5",1005.76,NA,NA,NA,66,NA,21.67,NA,17.78,21.67,1
1858-08-29 21:00:00,20.56,NA,1,NA,14.83,"247.5",1005.76,NA,NA,NA,73,NA,17.96,NA,15,17.78,0
1858-08-30,NA,NA,NA,NA,NA,NA,NA,1.27,"3:30 am | 6 am","4:10 am | 8 am",NA,0,NA,17.5,NA,NA,NA
1858-08-30 07:00:00,18.89,NA,0,NA,16.25,"0",1008.13,NA,NA,NA,91,NA,15.83,NA,15,15.83,0
1858-08-30 14:00:00,20,NA,1,225,15.48,"225",1009.48,NA,NA,NA,60,NA,19.44,NA,16.11,19.44,1
1858-08-30 21:00:00,18.89,NA,0,NA,16.19,"225",1010.84,NA,NA,NA,83,NA,17.22,NA,15.56,17.22,0
1858-08-31,NA,NA,NA,NA,NA,NA,NA,0,"empty","empty",NA,0,NA,16.63,NA,NA,NA
1858-08-31 07:00:00,20,NA,1,NA,12.29,"0",1014.49,NA,NA,NA,81,NA,13.22,NA,11.67,13.33,0
1858-08-31 14:00:00,18.89,NA,0,NA,16.56,"0",1014.22,NA,NA,NA,75,NA,19.44,NA,16.67,19.44,0
1858-08-31 21:00:00,19.44,NA,0,NA,17.27,"0",1015.24,NA,NA,NA,88,NA,17.22,NA,16.11,17.22,0
1858-09-01,NA,NA,NA,NA,NA,NA,NA,0,"empty","empty",NA,0,NA,18.44,NA,NA,NA
1858-09-01 07:00:00,NA,NA,3,270,17.71,"270",1017.27,NA,NA,NA,NA,NA,16.67,NA,16.11,16.67,1
1858-09-01 14:00:00,20.56,NA,2,270,17.47,"270",1016.86,NA,NA,NA,90,NA,21.11,NA,17.78,21.11,1
1858-09-01 21:00:00,20,NA,0,270,14.66,"270",1017.61,NA,NA,NA,73,NA,17.56,NA,15,17.78,0
1858-09-02,NA,NA,NA,NA,NA,NA,NA,0,"empty","empty",NA,0,NA,19.31,NA,NA,NA
1858-09-02 07:00:00,17.22,NA,0,NA,14.87,"270",1017.61,NA,NA,NA,NA,NA,15.44,NA,13.89,15,0
1858-09-02 14:00:00,21.11,NA,0,180,14.53,"180",1013.88,NA,NA,NA,51,NA,23.33,NA,17.22,23.33,0
1858-09-02 21:00:00,21.67,NA,0,NA,18.83,NA,1012.53,NA,NA,NA,84,NA,19.72,NA,17.78,19.44,NA
1858-09-03,NA,NA,NA,NA,NA,NA,NA,19.81,"11:15 am","4:30 pm",NA,0,NA,18.52,NA,NA,NA
1858-09-03 07:00:00,21.11,NA,1,180,19.3,"180",1009.82,NA,NA,NA,89,NA,18.89,NA,17.78,18.89,0
1858-09-03 14:00:00,21.11,NA,0,225,NA,"225",1008.47,NA,NA,NA,100,NA,19.44,NA,19.44,19.44,0
1858-09-03 21:00:00,20,NA,0,225,18.39,"247.5",1009.25,NA,NA,NA,94,NA,17.22,NA,16.67,17.22,0
1858-09-04,NA,NA,NA,NA,NA,NA,NA,0,"2 pm | 4:30 pm","4pm | 6pm",NA,0,NA,20.22,NA,NA,NA
1858-09-04 07:00:00,20,NA,1,247.5,16.8,"247.5",1010.9,NA,NA,NA,90,NA,20.56,NA,17.22,20.56,0
1858-09-04 14:00:00,21.11,NA,0,247.5,NA,"225",1009.82,NA,NA,NA,NA,NA,21.67,NA,19.44,21.67,0
1858-09-04 21:00:00,21.11,NA,0,225,16.36,"225",1008.94,NA,NA,NA,78,NA,19,NA,16.11,18.33,0
1858-09-05,NA,NA,NA,NA,NA,NA,NA,11.43,"empty","empty",NA,0,NA,17.98,NA,NA,NA
1858-09-05 07:00:00,20,NA,0,NA,15.44,"247.5",1007.59,NA,NA,NA,88,NA,16,NA,14.44,15.56,NA
1858-09-05 14:00:00,22.78,NA,2,247.5,21.71,"247.5",1007.59,NA,NA,NA,77,NA,23.22,NA,20.56,23.33,5
1858-09-05 21:00:00,18.89,NA,0,NA,15.37,"270",1012.36,NA,NA,NA,91,NA,15.28,NA,14.17,15,NA
1858-09-06,NA,NA,NA,NA,NA,NA,NA,0,"empty","empty",NA,0,NA,18.02,NA,NA,NA
1858-09-06 07:00:00,19.44,NA,1,315,16.19,"315",1017.64,NA,NA,NA,83,NA,17.22,NA,15.56,17.22,1
1858-09-06 14:00:00,21.11,NA,1,292.5,17.47,"292.5",1019.98,NA,NA,NA,70,NA,21.11,NA,17.78,21.11,1
1858-09-06 21:00:00,20.56,NA,0,NA,14.43,"292.5",1024.38,NA,NA,NA,82,NA,15.72,NA,13.89,15.56,NA
1858-09-07,NA,NA,NA,NA,NA,NA,NA,0,"4:50 pm","5pm",NA,0,NA,19.48,NA,NA,NA
1858-09-07 07:00:00,18.33,NA,1,225,13.78,"225",1025.4,NA,NA,NA,87,NA,14,NA,12.78,13.89,1
1858-09-07 14:00:00,23.89,NA,9,225,16.39,"225",1020.96,NA,NA,NA,56,NA,23.89,NA,18.33,23.89,40
1858-09-07 21:00:00,22.78,NA,0,NA,16.8,NA,1019.3,NA,NA,NA,70,NA,20.56,NA,17.22,20.56,NA
1858-09-08,NA,NA,NA,NA,NA,NA,NA,0,"12:30 pm","empty",NA,0,NA,22.63,NA,NA,NA
1858-09-08 07:00:00,21.67,NA,0,NA,14.09,"247.5",1019.71,NA,NA,NA,72,NA,17,NA,14.44,17.22,NA
1858-09-08 14:00:00,26.67,NA,0,270,24.75,"270",1017.64,NA,NA,NA,67,NA,27.22,NA,23.33,27.78,34
1858-09-08 21:00:00,25,NA,0,270,17.71,NA,1016.19,NA,NA,NA,75,NA,23.11,NA,20.28,23.33,1
1858-09-09,NA,NA,NA,NA,NA,NA,NA,2.03,"3pm | 11:30 pm","1:30 am | 3:30 pm",NA,0,NA,19.31,NA,NA,NA
1858-09-09 07:00:00,23.89,NA,2,270,22.01,"270",1019.3,NA,NA,NA,83,NA,22.39,NA,20.28,22.22,2
1858-09-09 14:00:00,20,NA,4,337.5,17,"337.5",1019.3,NA,NA,NA,78,NA,18.89,NA,16.67,18.89,11
1858-09-09 21:00:00,20.56,NA,0,NA,16.59,"337.5",1018.96,NA,NA,NA,88,NA,16.67,NA,15.56,16.67,NA
1858-09-10,NA,NA,NA,NA,NA,NA,NA,5.08,"empty","2am",NA,0,NA,21.02,NA,NA,NA
1858-09-10 07:00:00,20,NA,0,NA,17.64,"315",1015.92,NA,NA,NA,97,NA,16.11,NA,15.83,16.11,NA
1858-09-10 14:00:00,22.78,NA,4,135,26.14,"135",1010.84,NA,NA,NA,86,NA,24.44,NA,22.78,24.44,16
1858-09-10 21:00:00,24.44,NA,0,135,25.16,"135",1006.77,NA,NA,NA,95,NA,22.5,NA,21.67,22.22,11
1858-09-11,NA,NA,NA,NA,NA,NA,NA,0,"4am | 4pm","6am | 5pm",NA,0,NA,17.32,NA,NA,NA
1858-09-11 07:00:00,21.67,NA,6,270,16.36,"270",1011.85,NA,NA,NA,100,NA,16.5,NA,11.11,14.44,20
1858-09-11 14:00:00,20.56,NA,0,247.5,12.87,"247.5",1010.84,NA,NA,NA,56,NA,19.89,NA,15,20,1
1858-09-11 21:00:00,19.44,NA,0,NA,13.41,NA,1007.45,NA,NA,NA,76,NA,15.56,NA,13.33,15.56,NA
1858-09-12,NA,NA,NA,NA,NA,NA,NA,4.57,"empty","empty",NA,0,NA,14.07,NA,NA,NA
1858-09-12 07:00:00,16.67,NA,1,270,12.26,"270",1010.7,NA,NA,NA,87,NA,12.22,NA,11.11,12.22,1
1858-09-12 14:00:00,18.89,NA,1,NA,11.07,"292.5",1013.21,NA,NA,NA,57,NA,17.22,NA,12.78,17.22,NA
1858-09-12 21:00:00,16.67,NA,0,NA,9.99,"292.5",1017.61,NA,NA,NA,68,NA,12.78,NA,10,12.78,NA
1858-09-13,NA,NA,NA,NA,NA,NA,NA,0,"empty","empty",NA,0,NA,13.7,NA,NA,NA
1858-09-13 07:00:00,15.56,NA,0,NA,NA,"247.5",1026.08,NA,NA,NA,68,NA,12.78,NA,10,11.67,NA
1858-09-13 14:00:00,17.78,NA,1,292.5,8.67,"247.5",1025.4,NA,NA,NA,96,NA,16.67,NA,11.11,16.67,1
1858-09-13 21:00:00,16.67,NA,0,NA,10.87,NA,1027.43,NA,NA,NA,80,NA,11.67,NA,10,11.67,NA
1858-09-14,NA,NA,NA,NA,NA,NA,NA,0,"empty","empty",NA,0,NA,17.41,NA,NA,NA
1858-09-14 07:00:00,16.67,NA,0,NA,12.43,"247.5",1028.78,NA,NA,NA,71,NA,15.56,NA,12.78,15.56,NA
1858-09-14 14:00:00,17.78,NA,1,247.5,10.7,"247.5",1026.08,NA,NA,NA,49,NA,18.89,NA,13.33,18.89,1
1858-09-14 21:00:00,17.78,NA,0,247.5,10.63,NA,1025.53,NA,NA,NA,53,NA,17.78,NA,12.78,17.78,1
1858-09-15,NA,NA,NA,NA,NA,NA,NA,9.91,"2pm | 10am","5am | 6:30 pm",NA,0,NA,16.44,NA,NA,NA
1858-09-15 07:00:00,17.78,NA,0,180,12.29,"180",1023.71,NA,NA,NA,81,NA,13.44,NA,11.67,13.33,2
1858-09-15 14:00:00,19.44,NA,0,NA,12.63,"247.5",1018.96,NA,NA,NA,59,NA,19.44,NA,15,19.44,NA
1858-09-15 21:00:00,18.89,NA,1,180,17.95,"247.5",1015.85,NA,NA,NA,97,NA,16.44,NA,16.11,16.39,20
1858-09-16,NA,NA,NA,NA,NA,NA,NA,25.4,"1am | 1 pm","11am | 5pm",NA,0,NA,12.56,NA,NA,NA
1858-09-16 07:00:00,16.67,NA,5,45,13.65,"45",1002.44,NA,NA,NA,100,NA,11.67,NA,11.67,11.67,16
1858-09-16 14:00:00,17.22,NA,11,45,16.09,"45",993.77,NA,NA,NA,100,NA,14.33,NA,14.17,14.17,11
1858-09-16 21:00:00,17.22,NA,1,270,14.22,NA,992.69,NA,NA,NA,94,NA,13.33,NA,12.78,13.33,2
1858-09-17,NA,NA,NA,NA,NA,NA,NA,7.37,"empty","empty",NA,0,NA,1.44,NA,NA,NA
1858-09-17 07:00:00,17.78,NA,5,292.5,12.5,"292.5",1002.71,NA,NA,NA,90,NA,12.11,NA,11.11,11.94,16
1858-09-17 14:00:00,17.22,NA,15,292.5,10.5,"292.5",1010.84,NA,NA,NA,60,NA,15.56,NA,11.67,15.56,15
1858-09-17 21:00:00,16.67,NA,1,292.5,11.34,"292.5",1014.29,NA,NA,NA,93,NA,10,NA,9.44,10,1
1858-09-18,NA,NA,NA,NA,NA,NA,NA,0,"empty","empty",NA,0,NA,11.39,NA,NA,NA
1858-09-18 07:00:00,15.56,NA,1,247.5,8.67,"247.5",1026.14,NA,NA,NA,81,NA,8.11,NA,6.67,8.06,1
1858-09-18 14:00:00,16.11,NA,5,247.5,8.2,"247.5",1026.08,NA,NA,NA,48,NA,14.94,NA,10,15,16
1858-09-18 21:00:00,16.11,NA,0,247.5,7.86,NA,1027.77,NA,NA,NA,60,NA,11.11,NA,7.78,11.11,1
1858-09-19,NA,NA,NA,NA,NA,NA,NA,0,"empty","empty",NA,0,NA,12.2,NA,NA,NA
1858-09-19 07:00:00,15.56,NA,1,NA,9.21,"337.5",1033.26,NA,NA,NA,78,NA,9.44,NA,7.78,9.44,NA
1858-09-19 14:00:00,16.67,NA,3,67.5,10.94,"67.5",1029.46,NA,NA,NA,65,NA,15,NA,11.67,15,5
1858-09-19 21:00:00,16.67,NA,0,NA,11.34,"67.5",1028.92,NA,NA,NA,80,NA,12.17,NA,10.56,12.22,NA
1858-09-20,NA,NA,NA,NA,NA,NA,NA,0.23,"7am | 10am","10am | 10pm",NA,0,NA,19.29,NA,NA,NA
1858-09-20 07:00:00,16.11,NA,0,225,12.26,"225",1022.69,NA,NA,NA,87,NA,12.22,NA,11.11,12.22,1
1858-09-20 14:00:00,19.44,NA,7,225,19.54,"225",1017.61,NA,NA,NA,64,NA,24.44,NA,20,24.44,27
1858-09-20 21:00:00,22.22,NA,2,225,19.84,"225",1015.58,NA,NA,NA,80,NA,21.22,NA,18.89,21.11,16
1858-09-21,NA,NA,NA,NA,NA,NA,NA,16.26,"empty","empty",NA,0,NA,12.03,NA,NA,NA
1858-09-21 07:00:00,21.11,NA,4,45,20.45,"45",1014.22,NA,NA,NA,94,NA,18.89,NA,18.33,18.89,11
1858-09-21 14:00:00,18.33,NA,8,22.5,13.14,"22.5",1012.87,NA,NA,NA,100,NA,11.11,NA,11.11,11.11,2
1858-09-21 21:00:00,17.78,NA,1,22.5,10.9,"22.5",1017.54,NA,NA,NA,92,NA,9.44,NA,8.89,9.44,1
1858-09-22,NA,NA,NA,NA,NA,NA,NA,0,"11pm","empty",NA,0,NA,7.18,NA,NA,NA
1858-09-22 07:00:00,15.56,NA,5,337.5,6.16,"337.5",1020.05,NA,NA,NA,61,NA,7.22,NA,4.44,7.22,16
1858-09-22 14:00:00,14.44,NA,1,337.5,5.28,"337.5",1019.64,NA,NA,NA,48,NA,8.22,NA,4.44,8.33,5
1858-09-22 21:00:00,15,NA,0,270,6.3,NA,1021.67,NA,NA,NA,67,NA,6.11,NA,3.89,6.11,1
1858-09-23,NA,NA,NA,NA,NA,NA,NA,1.52,"empty","2am",NA,0,NA,8.53,NA,NA,NA
1858-09-23 07:00:00,13.33,NA,0,NA,5.22,NA,1023.03,NA,NA,NA,61,NA,4.67,NA,2.22,4.72,NA
1858-09-23 14:00:00,13.33,NA,5,270,7.04,"270",1022.35,NA,NA,NA,53,NA,11.5,NA,7.22,11.39,16
1858-09-23 21:00:00,13.89,NA,0,NA,8.36,NA,1017.61,NA,NA,NA,71,NA,9.44,NA,7.22,9.44,NA
1858-09-24,NA,NA,NA,NA,NA,NA,NA,0,"empty","empty",NA,0,NA,6.29,NA,NA,NA
1858-09-24 07:00:00,13.33,NA,1,270,10.9,"270",1012.87,NA,NA,NA,92,NA,9.44,NA,8.89,9.44,1
1858-09-24 14:00:00,14.44,NA,3,270,7.38,"270",1015.92,NA,NA,NA,50,NA,12.78,NA,8.33,12.78,5
1858-09-24 21:00:00,15.56,NA,0,0,8.06,NA,1023.71,NA,NA,NA,77,NA,7.78,NA,6.11,7.78,5
1858-09-25,NA,NA,NA,NA,NA,NA,NA,0,"empty","empty",NA,0,NA,10.98,NA,NA,NA
1858-09-25 07:00:00,13.33,NA,2,0,6.67,"0",1027.7,NA,NA,NA,57,NA,5.17,NA,2.22,5,2
1858-09-25 14:00:00,13.89,NA,0,NA,9.99,"270",1026.75,NA,NA,NA,68,NA,12.78,NA,10,12.78,NA
1858-09-25 21:00:00,13.89,NA,0,270,7.72,NA,1027.09,NA,NA,NA,76,NA,7.22,NA,5.56,7.22,1
1858-09-26,NA,NA,NA,NA,NA,NA,NA,0,"empty","empty",NA,0,NA,9.92,NA,NA,NA
1858-09-26 07:00:00,13.89,NA,1,NA,8.74,"247.5",1029.46,NA,NA,NA,88,NA,7.06,NA,6.11,6.94,NA
1858-09-26 14:00:00,13.89,NA,0,NA,6.87,"225",1029.06,NA,NA,NA,39,NA,15.28,NA,9.44,15.56,NA
1858-09-26 21:00:00,15,NA,0,NA,9.21,"247.5",1030.48,NA,NA,NA,78,NA,9.44,NA,7.78,9.44,NA
1858-09-27,NA,NA,NA,NA,NA,NA,NA,0,"empty","empty",NA,0,NA,10.56,NA,NA,NA
1858-09-27 07:00:00,13.33,NA,0,NA,NA,"225",1030.55,NA,NA,NA,NA,NA,7.78,NA,6.67,7.78,0
1858-09-27 14:00:00,14.44,NA,0,NA,NA,"225",1027.77,NA,NA,NA,NA,NA,14.44,NA,10,14.44,0
1858-09-27 21:00:00,12.22,NA,0,NA,NA,NA,1029.46,NA,NA,NA,NA,NA,9.44,NA,7.78,9.44,0
1858-09-28,NA,NA,NA,NA,NA,NA,NA,0,NA,NA,NA,0,NA,12.56,NA,NA,NA
1858-09-28 07:00:00,13.89,NA,1,225,NA,"225",1029.12,NA,NA,NA,NA,NA,8.78,NA,7.22,8.33,1
1858-09-28 14:00:00,16.67,NA,0,NA,NA,"202.5",1023.71,NA,NA,NA,NA,NA,15.56,NA,10.56,15.56,NA
1858-09-28 21:00:00,17.22,NA,0,NA,NA,"202.5",1022.01,NA,NA,NA,NA,NA,13.33,NA,11.11,14.44,NA
1858-09-29,NA,NA,NA,NA,NA,NA,NA,0,"4pm","7:30 pm",NA,0,NA,14.28,NA,NA,NA
1858-09-29 07:00:00,16.67,NA,0,NA,NA,"180",1018.15,NA,NA,NA,NA,NA,10.83,NA,10,10.83,NA
1858-09-29 14:00:00,17.78,NA,3,180,NA,"180",1009.28,NA,NA,NA,NA,NA,17.22,NA,13.89,17.22,5
1858-09-29 21:00:00,18.89,NA,1,180,NA,"180",1007.79,NA,NA,NA,NA,NA,14.78,NA,13.89,14.72,1
1858-09-30,NA,NA,NA,NA,NA,NA,NA,3.3,"11pm","empty",NA,0,NA,13.33,NA,NA,NA
1858-09-30 07:00:00,17.22,NA,1,270,NA,"270",1007.99,NA,NA,NA,NA,NA,14.17,NA,13.33,14.17,1
1858-09-30 14:00:00,17.78,NA,4,292.5,NA,"292.5",1010.57,NA,NA,NA,NA,NA,17.22,NA,13.89,17.22,11
1858-09-30 21:00:00,15.56,NA,1,292.5,NA,"292.5",1010.16,NA,NA,NA,NA,NA,11.67,NA,7.78,11.67,12
1858-10-01,NA,NA,NA,NA,NA,NA,NA,0.51,"empty",NA,NA,0,NA,NA,NA,NA,NA
1858-10-01 07:00:00,15,NA,4,45,NA,"45",1013.82,NA,NA,NA,NA,NA,NA,NA,NA,NA,40
1858-10-01 14:00:00,14.44,NA,5,22.5,NA,"22.5",1008.13,NA,NA,NA,NA,NA,NA,NA,NA,NA,12
1858-10-01 21:00:00,NA,NA,2,NA,NA,"22.5",1011.51,NA,NA,NA,NA,NA,NA,NA,NA,NA,NA
1858-10-02,NA,NA,NA,NA,NA,NA,NA,0,"empty","empty",NA,0,NA,NA,NA,NA,NA
1858-10-02 07:00:00,13.33,NA,0,NA,NA,NA,1014.49,NA,NA,NA,NA,NA,NA,NA,NA,NA,NA
1858-10-02 14:00:00,12.78,NA,0,NA,NA,NA,1014.22,NA,NA,NA,NA,NA,NA,NA,NA,NA,NA
1858-10-02 21:00:00,14.44,NA,0,NA,NA,NA,1015.85,NA,NA,NA,NA,NA,NA,NA,NA,NA,NA
1858-10-03,NA,NA,NA,NA,NA,NA,NA,0.76,NA,NA,NA,0,NA,NA,NA,NA,NA
1858-10-03 07:00:00,14.44,NA,3,NA,NA,"135",1006.1,NA,NA,NA,NA,NA,NA,NA,NA,NA,5
1858-10-03 14:00:00,15.56,NA,4,NA,NA,"270",998.98,NA,NA,NA,NA,NA,NA,NA,NA,NA,NA
1858-10-03 21:00:00,NA,NA,0,NA,NA,"292.5",1013.55,NA,NA,NA,NA,NA,NA,NA,NA,NA,NA
1858-10-04,NA,NA,NA,NA,NA,NA,NA,5.84,"empty",NA,NA,0,NA,NA,NA,NA,NA
1858-10-04 07:00:00,15.56,NA,0,NA,NA,"292.5",998.98,NA,NA,NA,NA,NA,NA,NA,NA,NA,0
1858-10-04 14:00:00,NA,NA,2,292.5,NA,"292.5",1004.4,NA,NA,NA,78,NA,NA,NA,NA,NA,5
1858-10-04 21:00:00,NA,NA,0,NA,10.46,"292.5",1007.52,NA,NA,NA,85,NA,NA,NA,NA,NA,NA
1858-10-05,NA,NA,NA,NA,NA,NA,NA,0,"empty","empty",NA,0,NA,NA,NA,NA,NA
1858-10-05 07:00:00,15.56,NA,0,NA,11.45,"270",1011.65,NA,NA,NA,74,NA,NA,NA,NA,NA,5
1858-10-05 14:00:00,NA,NA,7,270,6.3,"270",1014.43,NA,NA,NA,58,NA,NA,NA,NA,NA,27
1858-10-05 21:00:00,NA,NA,0,270,5.72,NA,1021,NA,NA,NA,58,NA,NA,NA,NA,NA,1
1858-10-06,NA,NA,NA,NA,NA,NA,NA,0,"empty","empty",NA,0,NA,NA,NA,NA,NA
1858-10-06 07:00:00,15,NA,0,NA,5.22,NA,1023.23,NA,NA,NA,77,NA,NA,NA,NA,NA,1
1858-10-06 14:00:00,NA,NA,0,270,6.57,NA,1020.66,NA,NA,NA,42,NA,NA,NA,NA,NA,2
1858-10-06 21:00:00,NA,NA,0,270,4.84,NA,1018.96,NA,NA,NA,54,NA,NA,NA,NA,NA,2
1858-10-07,NA,NA,NA,NA,NA,NA,NA,0,"empty","10pm",NA,0,NA,NA,NA,NA,NA
1858-10-07 07:00:00,14.44,NA,0,NA,7.42,"270",1007.79,NA,NA,NA,61,NA,NA,NA,NA,NA,0
1858-10-07 14:00:00,NA,NA,1,315,9.65,"315",997.29,NA,NA,NA,48,NA,NA,NA,NA,NA,1
1858-10-07 21:00:00,NA,NA,0,315,9.21,NA,997.36,NA,NA,NA,43,NA,NA,NA,NA,NA,2
1858-10-08,NA,NA,NA,NA,NA,NA,NA,14.22,NA,"1pm",NA,0,NA,NA,NA,NA,NA
1858-10-08 07:00:00,14.44,NA,5,247.5,6.87,"247.5",995.94,NA,NA,NA,87,NA,NA,NA,NA,NA,16
1858-10-08 14:00:00,15.56,NA,5,225,9.69,"225",997.26,NA,NA,NA,85,NA,NA,NA,NA,NA,11
1858-10-08 21:00:00,15,NA,2,225,4.98,"225",996.95,NA,NA,NA,78,NA,NA,NA,NA,NA,2
1858-10-09,NA,NA,NA,NA,NA,NA,NA,11.18,NA,"7am, 12pm",NA,0,NA,6.57,NA,NA,NA
1858-10-09 07:00:00,13.89,NA,3,NA,NA,"247.5",995.6,NA,NA,NA,NA,NA,4.17,NA,NA,1.39,NA
1858-10-09 14:00:00,16.11,NA,4,337.5,6.84,"292.5",1002.71,NA,NA,NA,92,NA,8.33,NA,NA,NA,34
1858-10-09 21:00:00,16.11,NA,2,337.5,6.91,"292.5",1009.48,NA,NA,NA,57,NA,NA,NA,5,NA,NA
1858-10-10,NA,NA,NA,NA,NA,NA,NA,0.23,"empty","empty",NA,0,NA,8.14,NA,NA,NA
1858-10-10 07:00:00,14.44,NA,1,NA,6.74,"270",1017.61,NA,NA,NA,100,NA,5.56,NA,3.89,5.56,NA
1858-10-10 14:00:00,16.67,NA,3,292.5,7.86,"292.5",1020.32,NA,NA,NA,62,NA,11.11,NA,4.44,11.11,5
1858-10-10 21:00:00,16.67,NA,0,292.5,7.28,NA,1023.03,NA,NA,NA,68,NA,NA,NA,NA,7.78,5
1858-10-11,NA,NA,NA,NA,NA,NA,NA,0,"empty","empty",NA,0,NA,7,NA,NA,NA
1858-10-11 07:00:00,16.67,NA,0,NA,NA,"292.5",1025.2,NA,NA,NA,NA,NA,6.56,NA,4.17,6.67,NA
1858-10-11 14:00:00,12.78,NA,0,NA,NA,"292.5",1024.38,NA,NA,NA,NA,NA,NA,NA,5.56,9.44,NA
1858-10-11 21:00:00,16.67,NA,7,NA,NA,"292.5",1029.46,NA,NA,NA,69,NA,NA,NA,NA,5,27
1858-10-12,NA,NA,NA,NA,NA,NA,NA,0,"11pm","empty",NA,0,NA,7.78,NA,NA,NA
1858-10-12 07:00:00,13.89,NA,5,270,4.71,"270",1027.84,NA,NA,NA,30,NA,4.44,NA,1.67,4.44,16
1858-10-12 14:00:00,16.11,NA,3,292.5,NA,"292.5",1025.74,NA,NA,NA,52,NA,10.56,NA,6.67,10.56,5
1858-10-12 21:00:00,17.78,NA,0,NA,8.43,"292.5",1024.72,NA,NA,NA,77,NA,8.33,NA,6.67,8.33,0
1858-10-13,NA,NA,NA,NA,NA,NA,NA,11.18,"10am","10am, 3pm",NA,0,NA,10,NA,NA,NA
1858-10-13 07:00:00,16.11,NA,7,180,9.24,NA,1020.66,NA,NA,NA,85,NA,8.33,NA,7.22,8.33,27
1858-10-13 14:00:00,17.22,NA,6,180,11.34,"180",1016.59,NA,NA,NA,93,NA,10,NA,9.44,10,20
1858-10-13 21:00:00,18.33,NA,2,180,11.78,"180",1012.87,NA,NA,NA,NA,NA,11.67,NA,10.56,11.67,2
1858-10-14,NA,NA,NA,NA,NA,NA,NA,4.83,"empty","empty",NA,0,NA,10.56,NA,NA,NA
1858-10-14 07:00:00,17.78,NA,9,225,10.02,NA,1010.63,NA,NA,NA,79,NA,10.56,NA,8.89,10.56,40
1858-10-14 14:00:00,19.44,NA,8,225,9.11,"225",1010.5,NA,NA,NA,62,NA,12.78,NA,9.44,12.78,34
1858-10-14 21:00:00,18.89,NA,5,225,7.62,"225",1013.21,NA,NA,NA,70,NA,8.33,NA,6.11,8.33,16
1858-10-15,NA,NA,NA,NA,NA,NA,NA,0,"11am","1:30pm",NA,0,NA,8.61,NA,NA,NA
1858-10-15 07:00:00,18.33,NA,1,270,8.5,"270",1014.56,NA,NA,NA,84,NA,7.39,NA,6.11,7.22,1
1858-10-15 14:00:00,15,NA,3,292.5,7.92,"292.5",1018.63,NA,NA,NA,65,NA,10,NA,7.22,10,5
1858-10-15 21:00:00,16.67,NA,2,292.5,3.69,"292.5",1025.06,NA,NA,NA,54,NA,7.22,NA,4.44,7.78,2
1858-10-16,NA,NA,NA,NA,NA,NA,NA,1.27,"empty","empty",NA,0,NA,8.29,NA,NA,NA
1858-10-16 07:00:00,15.56,NA,0,292.5,6.16,"292.5",1034.54,NA,NA,NA,61,NA,7.11,NA,4.44,7.22,0
1858-10-16 14:00:00,16.11,NA,1,225,3.45,"225",1033.53,NA,NA,NA,45,NA,10,NA,5.56,10,1
1858-10-16 21:00:00,16.67,NA,0,NA,7.28,"247.5",1034.54,NA,NA,NA,69,NA,7.78,NA,5.56,7.78,0
1858-10-17,NA,NA,NA,NA,NA,NA,NA,0,"11am, 8pm","12pm, 8:30pm",NA,0,NA,8.61,NA,NA,NA
1858-10-17 07:00:00,15.56,NA,4,45,6.4,"45",1032.98,NA,NA,NA,64,NA,6.94,NA,4.44,6.94,11
1858-10-17 14:00:00,15,NA,5,45,9.14,"292.5",1032.51,NA,NA,NA,72,NA,10.56,NA,8.33,10.56,16
1858-10-17 21:00:00,16.67,NA,1,22.5,8.43,"22.5",1029.46,NA,NA,NA,77,NA,8.33,NA,6.67,8.33,1
1858-10-18,NA,NA,NA,NA,NA,NA,NA,1.02,"empty","empty",NA,0,NA,13.14,NA,NA,NA
1858-10-18 07:00:00,15.56,NA,0,NA,7.82,"22.5",1030.82,NA,NA,NA,83,NA,6.11,NA,5,6.11,0
1858-10-18 14:00:00,18.89,NA,0,NA,14.22,"337.5",1024.59,NA,NA,NA,68,NA,18.33,NA,15,18.33,0
1858-10-18 21:00:00,17.78,NA,0,NA,8.2,"337.5",1024.04,NA,NA,NA,48,NA,15,NA,10,15,0
1858-10-19,NA,NA,NA,NA,NA,NA,NA,0,"empty","empty",NA,0,NA,17.22,NA,NA,NA
1858-10-19 07:00:00,17.22,NA,0,NA,10.67,"0",1023.77,NA,NA,NA,83,NA,10.56,NA,9.72,10.56,0
1858-10-19 14:00:00,21.11,NA,1,270,13.04,"270",1021.67,NA,NA,NA,58,NA,21.11,NA,15.56,21.11,1
1858-10-19 21:00:00,20.56,NA,1,270,18.39,"270",1023.03,NA,NA,NA,79,NA,20,NA,17.78,20,1
1858-10-20,NA,NA,NA,NA,NA,NA,NA,0,"empty","empty",NA,0,NA,10.89,NA,NA,NA
1858-10-20 07:00:00,18.89,NA,4,22.5,10.43,"270",1025.94,NA,NA,NA,74,NA,12.22,NA,10,12.22,11
1858-10-20 14:00:00,17.78,NA,9,22.5,7.04,"22.5",1026.41,NA,NA,NA,53,NA,11,NA,7.22,11.11,40
1858-10-20 21:00:00,18.33,NA,0,NA,7.28,"45",1028.85,NA,NA,NA,69,NA,7.78,NA,5.56,7.78,0
1858-10-21,NA,NA,NA,NA,NA,NA,NA,0,"empty","empty",NA,0,NA,8.24,NA,NA,NA
1858-10-21 07:00:00,14.44,NA,1,292.5,5.35,"292.5",1028.85,NA,NA,NA,68,NA,3.33,NA,1.94,3.33,1
1858-10-21 14:00:00,15,NA,1,45,12.06,"45",1027.77,NA,NA,NA,67,NA,12.22,NA,8.89,12.22,1
1858-10-21 21:00:00,16.11,NA,0,45,9.41,"45",1024.31,NA,NA,NA,81,NA,9.17,NA,7.22,9.17,0
1858-10-22,NA,NA,NA,NA,NA,NA,NA,0,"11pm","empty",NA,0,NA,12.35,NA,NA,NA
1858-10-22 07:00:00,15.56,NA,0,180,9.79,"180",1022.62,NA,NA,NA,76,NA,10.39,NA,9.17,10.56,1
1858-10-22 14:00:00,16.67,NA,2,180,12.36,"180",1019.27,NA,NA,NA,76,NA,14.44,NA,12.22,14.44,2
1858-10-22 21:00:00,17.78,NA,0,180,11.34,"180",1019.3,NA,NA,NA,80,NA,12.22,NA,10.56,12.22,2
1858-10-23,NA,NA,NA,NA,NA,NA,NA,0,"empty","2am",NA,0,NA,10.89,NA,NA,NA
1858-10-23 07:00:00,16.67,NA,3,22.5,12.7,"22.5",1017.54,NA,NA,NA,95,NA,11.67,NA,11.11,11.67,5
1858-10-23 14:00:00,16.67,NA,5,22.5,12.7,"22.5",1017.27,NA,NA,NA,95,NA,11.67,NA,11.11,11.67,16
1858-10-23 21:00:00,16.67,NA,6,22.5,10.9,"22.5",1018.69,NA,NA,NA,92,NA,9.33,NA,8.89,9.44,20
1858-10-24,NA,NA,NA,NA,NA,NA,NA,1.02,"2:35pm","empty",NA,0,NA,4.07,NA,NA,NA
1858-10-24 07:00:00,11.11,NA,10,45,8.06,"45",1022.62,NA,NA,NA,100,NA,3.89,NA,3.89,3.89,34
1858-10-24 14:00:00,12.22,NA,7,45,7.08,"45",1023.71,NA,NA,NA,75,NA,6.11,NA,4.44,6.11,34
1858-10-24 21:00:00,11.11,NA,0,45,5.93,NA,1027.84,NA,NA,NA,54,NA,2.22,NA,-0.56,2.22,45
1858-10-25,NA,NA,NA,NA,NA,NA,NA,30.99,"empty","6am",NA,0,NA,2.03,NA,NA,NA
1858-10-25 07:00:00,8.89,NA,0,45,3.62,NA,1030,NA,NA,NA,56,NA,0,NA,-1.39,0,34
1858-10-25 14:00:00,9.44,NA,0,45,4.71,NA,1029.46,NA,NA,NA,56,NA,4.44,NA,1.67,4.44,34
1858-10-25 21:00:00,12.78,NA,0,NA,4.3,NA,1030.68,NA,NA,NA,62,NA,1.67,NA,-0.56,1.67,0
1858-10-26,NA,NA,NA,NA,NA,NA,NA,0,"empty","empty",NA,0,NA,3.52,NA,NA,NA
1858-10-26 07:00:00,11.11,NA,0,NA,3.79,"0",1030.82,NA,NA,NA,63,NA,-0.56,NA,-1.94,-0.56,0
1858-10-26 14:00:00,12.22,NA,0,NA,3.66,NA,1028.92,NA,NA,NA,37,NA,6.67,NA,2.22,6.67,0
1858-10-26 21:00:00,13.89,NA,0,NA,3.28,NA,1027.74,NA,NA,NA,39,NA,4.44,NA,0.56,4.44,0
1858-10-27,NA,NA,NA,NA,NA,NA,NA,0,"empty","empty",NA,0,NA,8.92,NA,NA,NA
1858-10-27 07:00:00,12.78,NA,0,337.5,3.76,NA,1027.63,NA,NA,NA,44,NA,4.83,NA,1.11,4.72,2
1858-10-27 14:00:00,16.11,NA,0,337.5,5.32,NA,1026.08,NA,NA,NA,38,NA,12.22,NA,6.67,12.22,1
1858-10-27 21:00:00,17.22,NA,0,270,4.94,NA,1027.43,NA,NA,NA,41,NA,9.72,NA,5,9.72,0
1858-10-28,NA,NA,NA,NA,NA,NA,NA,0,"empty","empty",NA,0,NA,7.24,NA,NA,NA
1858-10-28 07:00:00,15,NA,0,45,4.4,NA,1030.41,NA,NA,NA,45,NA,6.56,NA,2.78,6.67,11
1858-10-28 14:00:00,15.56,NA,0,45,4.47,NA,1030.82,NA,NA,NA,36,NA,9.89,NA,5.28,10,5
1858-10-28 21:00:00,16.11,NA,0,NA,3.32,NA,1032.51,NA,NA,NA,37,NA,5.28,NA,1.11,5.17,0
1858-10-29,NA,NA,NA,NA,NA,NA,NA,0,"6:10pm","empty",NA,0,NA,5.92,NA,NA,NA
1858-10-29 07:00:00,12.22,NA,1,NA,3.59,"45",1030.21,NA,NA,NA,58,NA,0,NA,-2.22,0,1
1858-10-29 14:00:00,12.78,NA,NA,157.5,4.71,"135",1023.37,NA,NA,NA,39,NA,10,NA,5,10,1
1858-10-29 21:00:00,15,NA,NA,157.5,9.69,NA,1021,NA,NA,NA,92,NA,7.78,NA,7.22,7.78,1
1858-10-30,NA,NA,NA,NA,NA,NA,NA,6.35,"6pm,10pm","6am, 8pm",NA,0.23,NA,11.31,NA,NA,NA
1858-10-30 07:00:00,15.56,NA,NA,180,10.33,"180",1015.92,NA,NA,NA,89,NA,9.17,NA,8.33,9.06,NA
1858-10-30 14:00:00,15.56,NA,NA,180,12.6,NA,1010.57,NA,NA,NA,78,NA,13.78,NA,12.22,14.33,1
1858-10-30 21:00:00,17.78,NA,1,180,11.55,"180",1017.27,NA,NA,NA,89,NA,11,NA,10.28,11.11,0
1858-10-31,NA,NA,NA,NA,NA,NA,NA,7.37,"empty","4am",NA,0,NA,11.52,NA,NA,NA
1858-10-31 07:00:00,16.67,NA,1,247.5,11.55,"247.5",1014.02,NA,NA,NA,96,NA,10,NA,9.72,10.56,1
1858-10-31 14:00:00,17.22,NA,NA,247.5,14.43,NA,1015.24,NA,NA,NA,82,NA,13.89,NA,NA,13.89,2
1858-10-31 21:00:00,17.78,NA,1,270,9.82,"270",1019.13,NA,NA,NA,79,NA,10.67,NA,8.89,10.56,1
1858-11-01,NA,NA,NA,NA,NA,NA,NA,0.76,"1am","6am",NA,0,NA,6.89,NA,NA,NA
1858-11-01 07:00:00,17.22,NA,3,22.5,9.21,"22.5",1024.04,NA,NA,NA,84,NA,8.44,NA,7.22,8.44,5
1858-11-01 14:00:00,13.89,NA,3,22.5,6.16,"22.5",1028.78,NA,NA,NA,61,NA,7.22,NA,4.44,7.22,5
1858-11-01 21:00:00,16.11,NA,1,22.5,5.72,"22.5",1032.51,NA,NA,NA,65,NA,5,NA,2.78,5,1
1858-11-02,NA,NA,NA,NA,NA,NA,NA,0,"empty","empty",NA,0,NA,3.29,NA,NA,NA
1858-11-02 07:00:00,12.78,NA,4,45,4.67,"45",1033.86,NA,NA,NA,71,NA,1.11,NA,-0.56,1.11,11
1858-11-02 14:00:00,13.33,NA,3,45,5.18,"45",1032.71,NA,NA,NA,54,NA,6,NA,3.06,6.11,5
1858-11-02 21:00:00,12.78,NA,0,45,3.93,NA,1032.51,NA,NA,NA,53,NA,2.78,NA,0,2.78,1
1858-11-03,NA,NA,NA,NA,NA,NA,NA,0,"10pm","empty",NA,0,NA,4.18,NA,NA,NA
1858-11-03 07:00:00,12.22,NA,0,NA,4.23,"45",1031.16,NA,NA,NA,69,NA,0,NA,-1.67,0,0
1858-11-03 14:00:00,12.22,NA,0,67.5,5.72,"67.5",1027.74,NA,NA,NA,54,NA,7.78,NA,4.44,7.78,1
1858-11-03 21:00:00,13.89,NA,0,NA,5.22,"67.5",1026.08,NA,NA,NA,61,NA,4.78,NA,2.22,4.72,0
1858-11-04,NA,NA,NA,NA,NA,NA,NA,0,"12:20pm","8pm",NA,0,NA,4.26,NA,NA,NA
1858-11-04 07:00:00,13.89,NA,1,90,4.98,"90",1023.23,NA,NA,NA,57,NA,5,NA,2.22,5,1
1858-11-04 14:00:00,13.89,NA,1,90,6.3,"90",1020.32,NA,NA,NA,81,NA,3.33,NA,2.22,3.33,1
1858-11-04 21:00:00,13.89,NA,1,90,6.87,"90",1019.64,NA,NA,NA,82,NA,4.44,NA,3.33,4.44,1
1858-11-05,NA,NA,NA,NA,NA,NA,NA,1.52,"11pm","2pm",NA,0,NA,6.07,NA,NA,NA
1858-11-05 07:00:00,13.33,NA,0,90,7.31,"90",1016.39,NA,NA,NA,91,NA,3.89,NA,3.33,3.89,1
1858-11-05 14:00:00,13.33,NA,0,NA,8.06,"225",1016.39,NA,NA,NA,77,NA,7.78,NA,6.11,7.78,0
1858-11-05 21:00:00,15,NA,0,NA,8.16,"225",1019.37,NA,NA,NA,84,NA,6.56,NA,5.56,6.67,0
1858-11-06,NA,NA,NA,NA,NA,NA,NA,6.6,"empty","empty",NA,0.23,NA,4.5,NA,NA,NA
1858-11-06 07:00:00,12.78,NA,3,67.5,6.81,"67.5",1017.61,NA,NA,NA,NA,NA,3.61,NA,2.78,3.61,5
1858-11-06 14:00:00,12.22,NA,3,67.5,6.6,"67.5",1012.53,NA,NA,NA,NA,NA,5.56,NA,3.89,5.56,5
1858-11-06 21:00:00,12.78,NA,8,67.5,5.42,"67.5",1010.84,NA,NA,NA,NA,NA,4.33,NA,2.22,4.44,20
1858-11-07,NA,NA,NA,NA,NA,NA,NA,0,"7:30pm","empty",NA,0,NA,-1.02,NA,NA,NA
1858-11-07 07:00:00,11.11,NA,4,67.5,6.64,"67.5",1006.77,NA,NA,NA,NA,NA,1.39,NA,1.11,1.11,11
1858-11-07 14:00:00,12.78,NA,1,45,NA,"45",1005.76,NA,NA,NA,NA,NA,3.33,NA,2.22,3.33,1
1858-11-07 21:00:00,13.89,NA,1,45,5.76,"45",1007.45,NA,NA,NA,NA,NA,2.22,NA,1.11,2.22,1
1858-11-08,NA,NA,NA,NA,NA,NA,NA,11.68,"empty","10am",NA,0.23,NA,3.7,NA,NA,NA
1858-11-08 07:00:00,12.22,NA,2,NA,6.03,"45",1007.11,NA,NA,NA,NA,NA,2.78,NA,1.67,2.78,0
1858-11-08 14:00:00,12.78,NA,1,45,6.67,"292.5",1007.11,NA,NA,NA,NA,NA,4.44,NA,3.61,4.44,0
1858-11-08 21:00:00,14.44,NA,1,45,5.86,"292.5",1009.14,NA,NA,NA,NA,NA,3.89,NA,2.22,3.89,1
1858-11-09,NA,NA,NA,NA,NA,NA,NA,2.29,"10am, 11pm","12pm",NA,0.23,NA,2.33,NA,NA,NA
1858-11-09 07:00:00,12.78,NA,1,337.5,5.72,"337.5",1012.87,NA,NA,NA,NA,NA,0.89,NA,0,0.83,1
1858-11-09 14:00:00,15.56,NA,1,315,3.93,"315",1014.22,NA,NA,NA,NA,NA,2.78,NA,0,2.78,1
1858-11-09 21:00:00,16.11,NA,0,315,4.81,"315",1015.58,NA,NA,NA,NA,NA,1.67,NA,0,1.67,0
1858-11-10,NA,NA,NA,NA,NA,NA,NA,2.29,"11am","2am, 4pm",NA,0.23,NA,-0.93,NA,NA,NA
1858-11-10 07:00:00,13.33,NA,1,337.5,NA,"337.5",1014.16,NA,NA,NA,78,NA,-1.11,NA,-2.22,-1.11,1
1858-11-10 14:00:00,20,NA,2,270,4.23,"270",1017.27,NA,NA,NA,69,NA,0,NA,-1.67,0,2
1858-11-10 21:00:00,18.33,NA,3,270,3.76,"270",1021,NA,NA,NA,75,NA,-1.67,NA,-3.89,-2.78,NA
1858-11-11,NA,NA,NA,NA,NA,NA,NA,2.29,"1am, 2pm","4am, 4pm",NA,38.1,NA,-2.44,NA,NA,NA
1858-11-11 07:00:00,13.89,NA,1,337.5,NA,"337.5",1024.04,NA,NA,NA,75,NA,-3.44,NA,-4.44,-3.33,1
1858-11-11 14:00:00,13.33,NA,1,292.5,3.49,"292.5",1023.23,NA,NA,NA,77,NA,-1.67,NA,-2.78,-1.67,1
1858-11-11 21:00:00,16.11,NA,NA,270,4.57,NA,1022.69,NA,NA,NA,88,NA,-2.22,NA,-2.78,-2.22,NA
1858-11-12,NA,NA,NA,NA,NA,NA,NA,0,"empty","empty",NA,0.23,NA,-2.08,NA,NA,NA
1858-11-12 07:00:00,12.78,NA,1,270,NA,"270",1021,NA,NA,NA,82,NA,-3.11,NA,-3.89,-3.06,1
1858-11-12 14:00:00,12.22,NA,1,247.5,3.73,"247.5",1018.63,NA,NA,NA,78,NA,-0.67,NA,-1.67,-0.56,1
1858-11-12 21:00:00,12.22,NA,0,270,4.17,NA,1018.29,NA,NA,NA,82,NA,-2.44,NA,-3.33,-2.5,NA
1858-11-13,NA,NA,NA,NA,NA,NA,NA,0,"empty","empty",NA,0,NA,-0.26,NA,NA,NA
1858-11-13 07:00:00,12.22,NA,1,157.5,4.57,"157.5",1014.9,NA,NA,NA,88,NA,-2.33,NA,-2.78,-2.22,1
1858-11-13 14:00:00,20,NA,1,135,5.25,"135",1007.18,NA,NA,NA,79,NA,1.11,NA,0,1.11,1
1858-11-13 21:00:00,18.89,NA,1,135,5.28,"135",1004.06,NA,NA,NA,95,NA,0.44,NA,-0.28,0,1
1858-11-14,NA,NA,NA,NA,NA,NA,NA,0,"12pm","empty",NA,0,NA,-5.74,NA,NA,NA
1858-11-14 07:00:00,12.78,NA,3,292.5,2.54,"292.5",1014.02,NA,NA,NA,70,NA,-6.67,NA,-7.78,-6.67,5
1858-11-14 14:00:00,18.89,NA,3,270,3.76,"270",1015.58,NA,NA,NA,86,NA,-4.44,NA,-5,-4.44,5
1858-11-14 21:00:00,17.22,NA,0,270,2.71,NA,1017.61,NA,NA,NA,71,NA,-6.11,NA,-7.22,-6.11,5
1858-11-15,NA,NA,NA,NA,NA,NA,NA,9.4,"9am","1am, 11:15am",NA,127,NA,-5,NA,NA,NA
1858-11-15 07:00:00,15,NA,1,292.5,3.22,"292.5",1015.98,NA,NA,NA,92,NA,-7.22,NA,-7.5,-7.22,1
1858-11-15 14:00:00,18.33,NA,2,270,4.17,"270",1012.6,NA,NA,NA,77,NA,-1.67,NA,NA,-1.67,2
1858-11-15 21:00:00,12.78,NA,2,270,3.83,"270",1010.8,NA,NA,NA,100,NA,-6.11,NA,NA,-6.11,11
1858-11-16,NA,NA,NA,NA,NA,NA,NA,0,"9am, 2pm","12pm, 3pm",NA,0.23,NA,-2.69,NA,NA,NA
1858-11-16 07:00:00,14.44,NA,2,270,4.27,"270",1005.69,NA,NA,NA,100,NA,-4.72,NA,-4.72,-4.72,2
1858-11-16 14:00:00,17.22,NA,7,247.5,5.66,"247.5",1003.73,NA,NA,NA,100,NA,-1.11,NA,-1.11,-1.11,27
1858-11-16 21:00:00,19.44,NA,5,247.5,5.18,"247.5",1004.4,NA,NA,NA,100,NA,-2.22,NA,-2.22,-2.22,16
1858-11-17,NA,NA,NA,NA,NA,NA,NA,0,"9am","11am",NA,0.23,NA,-1.04,NA,NA,NA
1858-11-17 07:00:00,15.56,NA,8,247.5,4.47,"247.5",1006.43,NA,NA,NA,93,NA,-3.22,NA,-3.61,-3.33,34
1858-11-17 14:00:00,19.44,NA,8,247.5,5.69,"247.5",1009.82,NA,NA,NA,89,NA,0.67,NA,0,0.56,45
1858-11-17 21:00:00,17.78,NA,10,247.5,5.25,"270",1012.53,NA,NA,NA,89,NA,-0.56,NA,-1.11,-0.56,45
1858-11-18,NA,NA,NA,NA,NA,NA,NA,0,"empty","empty",NA,0.23,NA,2.37,NA,NA,NA
1858-11-18 07:00:00,13.33,NA,6,270,5.69,"270",1010.5,NA,NA,NA,89,NA,0.44,NA,0,0.56,20
1858-11-18 14:00:00,20,NA,6,247.5,6.6,"247.5",1010.9,NA,NA,NA,82,NA,3.89,NA,2.78,3.89,45
1858-11-18 21:00:00,20,NA,6,247.5,6.74,"292.5",1010.84,NA,NA,NA,90,NA,2.78,NA,2.22,2.78,45
1858-11-19,NA,NA,NA,NA,NA,NA,NA,0,"2pm","3pm",NA,0,NA,-2.87,NA,NA,NA
1858-11-19 07:00:00,15.56,NA,3,292.5,5.52,"292.5",1009.48,NA,NA,NA,95,NA,-0.83,NA,-1.11,-0.83,5
1858-11-19 14:00:00,16.67,NA,3,292.5,4.17,"292.5",1014.22,NA,NA,NA,87,NA,-3.33,NA,-3.89,-3.33,5
1858-11-19 21:00:00,22.22,NA,2,315,3.76,"270",1016.73,NA,NA,NA,86,NA,-4.44,NA,-5,-4.44,2
1858-11-20,NA,NA,NA,NA,NA,NA,NA,0,"empty","empty",NA,0.23,NA,5.37,NA,NA,NA
1858-11-20 07:00:00,20,NA,6,292.5,4.37,"292.5",1012.53,NA,NA,NA,88,NA,-2.78,NA,-3.33,-2.78,20
1858-11-20 14:00:00,16.11,NA,4,337.5,12.8,"337.5",1012.67,NA,NA,NA,81,NA,13.89,NA,12.22,13.89,11
1858-11-20 21:00:00,17.22,NA,4,337.5,7.96,"337.5",1013.88,NA,NA,NA,91,NA,5,NA,4.44,5,11
1858-11-21,NA,NA,NA,NA,NA,NA,NA,0,"empty","empty",NA,0,NA,2.68,NA,NA,NA
1858-11-21 07:00:00,15,NA,2,292.5,6.67,"292.5",1013.55,NA,NA,NA,95,NA,1.94,NA,1.67,1.94,2
1858-11-21 14:00:00,16.11,NA,2,292.5,5.99,"292.5",1012.19,NA,NA,NA,66,NA,5.56,NA,3.33,5.56,2
1858-11-21 21:00:00,15,NA,0,NA,4.44,"0",1015.92,NA,NA,NA,70,NA,0.56,NA,-1.11,0.56,0
1858-11-22,NA,NA,NA,NA,NA,NA,NA,0,"empty","empty",NA,0,NA,2.13,NA,NA,NA
1858-11-22 07:00:00,13.33,NA,0,NA,5.49,"22.5",1017.54,NA,NA,NA,89,NA,0,NA,-0.56,0,0
1858-11-22 14:00:00,21.11,NA,2,45,7.82,"90",1020.66,NA,NA,NA,83,NA,6.11,NA,5,6.11,2
1858-11-22 21:00:00,18.33,NA,0,NA,5.93,"45",1020.25,NA,NA,NA,94,NA,0.28,NA,0,0.28,0
1858-11-23,NA,NA,NA,NA,NA,NA,NA,7.62,"12pm","6:30pm",NA,63.5,NA,-0.56,NA,NA,NA
1858-11-23 07:00:00,17.22,NA,6,22.5,4.57,"22.5",1015.88,NA,NA,NA,88,NA,-2.22,NA,-2.78,-2.22,20
1858-11-23 14:00:00,16.11,NA,10,22.5,5.82,"22.5",1009.08,NA,NA,NA,95,NA,0,NA,-0.28,0,45
1858-11-23 21:00:00,16.11,NA,6,45,6.37,"22.5",1007.45,NA,NA,NA,100,NA,0.56,NA,0.56,0.56,11
1858-11-24,NA,NA,NA,NA,NA,NA,NA,0,"6am","8am",NA,0.23,NA,0.83,NA,NA,NA
1858-11-24 07:00:00,16.11,NA,2,45,5.93,"45",1007.25,NA,NA,NA,89,NA,1.11,NA,0.56,1.11,2
1858-11-24 14:00:00,17.78,NA,2,0,6.2,"0",1006.77,NA,NA,NA,90,NA,1.67,NA,1.11,1.67,2
1858-11-24 21:00:00,20,NA,2,0,5.69,"0",1008.03,NA,NA,NA,95,NA,-0.28,NA,-0.56,-0.28,2
1858-11-25,NA,NA,NA,NA,NA,NA,NA,0,"7pm","8pm",NA,0,NA,-1.71,NA,NA,NA
1858-11-25 07:00:00,13.89,NA,1,292.5,4.17,"292.5",1010.84,NA,NA,NA,93,NA,-3.72,NA,-4.17,-3.89,1
1858-11-25 14:00:00,16.67,NA,1,315,3.59,"315",1010.9,NA,NA,NA,62,NA,0,NA,-0.56,0,1
1858-11-25 21:00:00,16.11,NA,1,315,4.61,"315",1012.53,NA,NA,NA,83,NA,-1.39,NA,-2.22,-1.39,1
1858-11-26,NA,NA,NA,NA,NA,NA,NA,0,"empty","empty",NA,0.23,NA,-1.39,NA,NA,NA
1858-11-26 07:00:00,13.33,NA,1,315,4.57,"315",1014.9,NA,NA,NA,88,NA,-2.22,NA,-2.78,-2.22,1
1858-11-26 14:00:00,17.22,NA,1,315,5.05,"315",1016.73,NA,NA,NA,84,NA,-0.28,NA,-1.11,-0.28,1
1858-11-26 21:00:00,17.22,NA,1,315,4.81,"315",1019.98,NA,NA,NA,88,NA,-1.67,NA,-2.22,-1.67,1
1858-11-27,NA,NA,NA,NA,NA,NA,NA,0,"empty","empty",NA,0,NA,-2.93,NA,NA,NA
1858-11-27 07:00:00,13.89,NA,1,315,4.37,"315",1021.67,NA,NA,NA,88,NA,-2.78,NA,-3.33,-2.78,1
1858-11-27 14:00:00,18.89,NA,1,315,4.81,"315",1021.67,NA,NA,NA,88,NA,-1.78,NA,-2.22,-1.67,1
1858-11-27 21:00:00,13.33,NA,1,292.5,4.17,"292.5",1019.64,NA,NA,NA,93,NA,-4.22,NA,-4.44,-4.17,1
1858-11-28,NA,NA,NA,NA,NA,NA,NA,0,"empty","empty",NA,0,NA,-4.26,NA,NA,NA
1858-11-28 07:00:00,13.89,NA,1,270,3.59,"270",1015.51,NA,NA,NA,86,NA,-5,NA,-5.56,-5,1
1858-11-28 14:00:00,19.44,NA,1,247.5,4.57,"247.5",1012.19,NA,NA,NA,88,NA,-2.22,NA,-2.78,-2.22,1
1858-11-28 21:00:00,16.67,NA,2,45,3.42,"45",1010.16,NA,NA,NA,86,NA,-5.56,NA,-6.11,-5.56,2
1858-11-29,NA,NA,NA,NA,NA,NA,NA,0,"empty","empty",NA,0,NA,-4.82,NA,NA,NA
1858-11-29 07:00:00,13.33,NA,0,45,3.25,"45",1009.55,NA,NA,NA,85,NA,-6.11,NA,-6.67,-6.11,0
1858-11-29 14:00:00,13.33,NA,0,NA,3.96,"22.5",1010.53,NA,NA,NA,87,NA,-3.89,NA,-4.44,-3.89,0
1858-11-29 21:00:00,13.89,NA,1,NA,3.76,"22.5",1010.84,NA,NA,NA,86,NA,-4.44,NA,-5,-4.44,0
1858-11-30,NA,NA,NA,NA,NA,NA,NA,0,"6am, 10am","10am, 12pm",NA,0.23,NA,-5.19,NA,NA,NA
1858-11-30 07:00:00,14.44,NA,2,315,4.37,"315",1002.57,NA,NA,NA,93,NA,-3.61,NA,-3.89,-3.61,2
1858-11-30 14:00:00,17.78,NA,2,292.5,4.57,"292.5",1007.11,NA,NA,NA,88,NA,-2.22,NA,-2.78,-2.22,20
1858-11-30 21:00:00,17.22,NA,0,292.5,2.57,NA,1019.3,NA,NA,NA,91,NA,-10,NA,-10,-9.72,2
1858-12-01,NA,NA,NA,NA,NA,NA,NA,0.25,"empty","empty",NA,12.7,NA,-13.52,NA,NA,NA
1858-12-01 07:00:00,15.56,NA,0,315,1.22,NA,1034.2,NA,NA,NA,72,NA,-16.11,NA,-16.67,-16.11,1
1858-12-01 14:00:00,15.56,NA,0,292.5,1.83,NA,1035.56,NA,NA,NA,78,NA,-12.22,NA,-12.78,-12.22,1
1858-12-01 21:00:00,16.67,NA,1,292.5,1.83,"292.5",1035.22,NA,NA,NA,78,NA,-12.22,NA,-12.78,-12.22,1
1858-12-02,NA,NA,NA,NA,NA,NA,NA,0,"empty","empty",NA,0,NA,-6.67,NA,NA,NA
1858-12-02 07:00:00,18.33,NA,3,0,2.27,"0",1025.67,NA,NA,NA,81,NA,-10,NA,-10.56,-10,5
1858-12-02 14:00:00,16.67,NA,3,0,3.25,"0",1020.96,NA,NA,NA,88,NA,-6.11,NA,-6.67,-6.11,5
1858-12-02 21:00:00,21.11,NA,3,315,2.78,"315",1019.98,NA,NA,NA,61,NA,-3.89,NA,-5.56,-3.33,5
1858-12-03,NA,NA,NA,NA,NA,NA,NA,0.23,"8 am |  10 am |  9 pm","10 am |  5 pm",NA,0,NA,-4.63,NA,NA,NA
1858-12-03 07:00:00,15,NA,8,292.5,4.17,"292.5",1022.35,NA,NA,NA,77,NA,-1.67,NA,-2.78,-1.67,2
1858-12-03 14:00:00,22.22,NA,2,292.5,4.37,"292.5",1015.95,NA,NA,NA,88,NA,-2.78,NA,-3.33,-2.78,2
1858-12-03 21:00:00,22.78,NA,0,292.5,2.37,NA,1025.2,NA,NA,NA,83,NA,-9.44,NA,-10,-9.44,2
1858-12-04,NA,NA,NA,NA,NA,NA,NA,1.27,"empty","11 pm",NA,50.8,NA,-11.09,NA,NA,NA
1858-12-04 07:00:00,18.33,NA,2,157.5,2.1,"157.5",1028.58,NA,NA,NA,89,NA,-11.94,NA,-12.22,-11.94,2
1858-12-04 14:00:00,18.89,NA,2,112.5,2.71,"112.5",1026.11,NA,NA,NA,91,NA,-9.17,NA,-9.44,-9.11,2
1858-12-04 21:00:00,20,NA,4,135,1.83,"135",1022.69,NA,NA,NA,78,NA,-12.22,NA,-12.78,-12.22,11
1858-12-05,NA,NA,NA,NA,NA,NA,NA,0.23,"4 am | 10 am | 3 pm","10 am | 1 pm | 7 pm",NA,0.23,NA,-4.26,NA,NA,NA
1858-12-05 07:00:00,11.67,NA,5,45,2.03,"45",1023.3,NA,NA,NA,80,NA,-11.11,NA,-11.67,-11.11,16
1858-12-05 14:00:00,17.22,NA,2,112.5,4.98,"112.5",1007.11,NA,NA,NA,100,NA,-2.78,NA,-2.78,-2.78,2
1858-12-05 21:00:00,17.78,NA,4,112.5,3.66,"112.5",1009.14,NA,NA,NA,89,NA,1.11,NA,0.56,1.11,11
1858-12-06,NA,NA,NA,NA,NA,NA,NA,0.23,"5 pm","empty",NA,0.23,NA,-1.3,NA,NA,NA
1858-12-06 07:00:00,19.44,NA,0,315,5.52,NA,1013.55,NA,NA,NA,80,NA,1.67,NA,0.56,1.67,45
1858-12-06 14:00:00,23.33,NA,0,315,5.86,NA,1022.69,NA,NA,NA,89,NA,1.11,NA,0.56,1.11,16
1858-12-06 21:00:00,18.89,NA,0,315,3.08,NA,1029.8,NA,NA,NA,85,NA,-6.67,NA,-7.22,-6.67,2
1858-12-07,NA,NA,NA,NA,NA,NA,NA,15.47,"1 am","7 pm |  5 am",NA,0,NA,-4.28,NA,NA,NA
1858-12-07 07:00:00,16.67,NA,0,45,2.74,NA,1029.06,NA,NA,NA,77,NA,-6.94,NA,-7.78,-6.94,1
1858-12-07 14:00:00,17.22,NA,1,45,3.08,"45",1020.93,NA,NA,NA,85,NA,-6.44,NA,-7.22,-6.67,1
1858-12-07 21:00:00,17.22,NA,8,22.5,6.37,"22.5",1012.53,NA,NA,NA,70,NA,0.56,NA,0.56,0.56,34
1858-12-08,NA,NA,NA,NA,NA,NA,NA,0.23,"empty","empty",NA,0.23,NA,-0.74,NA,NA,NA
1858-12-08 07:00:00,18.33,NA,4,270,5.69,"270",1009.82,NA,NA,NA,89,NA,0.56,NA,0,0.56,11
1858-12-08 14:00:00,18.89,NA,3,270,6.74,"270",1012.53,NA,NA,NA,90,NA,2.78,NA,2.22,2.78,5
1858-12-08 21:00:00,17.78,NA,2,270,3.42,"270",1014.22,NA,NA,NA,86,NA,-5.56,NA,-6.11,-5.56,2
1858-12-09,NA,NA,NA,NA,NA,NA,NA,0,"5 am","empty",NA,0,NA,-12.02,NA,NA,NA
1858-12-09 07:00:00,13.89,NA,0,270,1.93,NA,1019.44,NA,NA,NA,79,NA,-11.67,NA,-12.22,-11.67,11
1858-12-09 14:00:00,22.22,NA,0,270,2.13,NA,1026.41,NA,NA,NA,81,NA,-10.56,NA,-11.11,-10.56,11
1858-12-09 21:00:00,20,NA,0,270,1.73,NA,1031.9,NA,NA,NA,87,NA,-14.17,NA,-14.44,-14.17,11
1858-12-10,NA,NA,NA,NA,NA,NA,NA,0,"empty","6 pm",NA,0,NA,-9.22,NA,NA,NA
1858-12-10 07:00:00,16.67,NA,2,225,1.39,"225",1032.85,NA,NA,NA,74,NA,-15.28,NA,-15.56,-15,2
1858-12-10 14:00:00,15.56,NA,0,NA,2.95,"225",1026.75,NA,NA,NA,84,NA,-6.83,NA,-7.78,-7.22,0
1858-12-10 21:00:00,18.89,NA,0,NA,3.42,"225",1019.98,NA,NA,NA,86,NA,-5.56,NA,-6.11,-5.56,0
1858-12-11,NA,NA,NA,NA,NA,NA,NA,0,"empty","empty",NA,0.23,NA,-6.43,NA,NA,NA
1858-12-11 07:00:00,18.89,NA,3,315,3.15,"315",1020.66,NA,NA,NA,63,NA,-2.5,NA,-4.44,-2.78,5
1858-12-11 14:00:00,20.56,NA,0,337.5,3.18,NA,1022.42,NA,NA,NA,73,NA,-4.56,NA,-5.56,-4.44,5
1858-12-11 21:00:00,16.11,NA,0,337.5,1.83,NA,1031.16,NA,NA,NA,78,NA,-12.22,NA,-12.78,-12.22,2
1858-12-12,NA,NA,NA,NA,NA,NA,NA,0,"empty","empty",NA,0,NA,-13.44,NA,NA,NA
1858-12-12 07:00:00,11.67,NA,1,45,1.39,"45",1034.54,NA,NA,NA,74,NA,-15,NA,-15.56,-15,1
1858-12-12 14:00:00,22.78,NA,1,22.5,1.83,"22.5",1039.96,NA,NA,NA,78,NA,-12.22,NA,-12.78,-12.22,1
1858-12-12 21:00:00,19.44,NA,1,22.5,1.93,"22.5",1038.64,NA,NA,NA,88,NA,-13.11,NA,-13.33,-13.06,1
1858-12-13,NA,NA,NA,NA,NA,NA,NA,0,"6 am | noon |  2 pm","7 am |  8 pm  | 5 pm",NA,0.23,NA,-3.15,NA,NA,NA
1858-12-13 07:00:00,10.56,NA,6,67.5,2.03,"67.5",1028.45,NA,NA,NA,80,NA,-11.11,NA,-11.67,-11.11,20
1858-12-13 14:00:00,15.56,NA,7,180,6.64,"180",1015.92,NA,NA,NA,100,NA,1.11,NA,1.11,1.11,27
1858-12-13 21:00:00,15.56,NA,5,180,6.37,"180",1015.24,NA,NA,NA,100,NA,0.56,NA,0.56,0.56,16
1858-12-14,NA,NA,NA,NA,NA,NA,NA,0.23,"1 pm","empty",NA,0.23,NA,3.82,NA,NA,NA
1858-12-14 07:00:00,12.78,NA,1,180,6.77,"180",1014.56,NA,NA,NA,100,NA,1.39,NA,1.39,1.39,1
1858-12-14 14:00:00,18.33,NA,1,180,9.04,"180",1006.1,NA,NA,NA,100,NA,5.5,NA,5.56,5.56,1
1858-12-14 21:00:00,18.89,NA,1,180,7.62,"180",1005.42,NA,NA,NA,91,NA,4.44,NA,3.89,4.44,1
1858-12-15,NA,NA,NA,NA,NA,NA,NA,0.25,"empty","6 pm",NA,0,NA,1.29,NA,NA,NA
1858-12-15 07:00:00,15.56,NA,1,NA,6.67,"0",1004.06,NA,NA,NA,95,NA,1.94,NA,1.67,1.94,0
1858-12-15 14:00:00,17.22,NA,1,315,7.48,"315",1005.76,NA,NA,NA,100,NA,2.78,NA,2.78,2.78,1
1858-12-15 21:00:00,16.11,NA,0,337.5,4.81,NA,1012.6,NA,NA,NA,84,NA,-0.83,NA,-1.67,-0.83,1
1858-12-16,NA,NA,NA,NA,NA,NA,NA,0.23,"8 pm","1 am",NA,0.23,NA,-2.09,NA,NA,NA
1858-12-16 07:00:00,15.56,NA,0,NA,3.18,"270",1017.95,NA,NA,NA,73,NA,-4.44,NA,-5.56,-4.44,0
1858-12-16 14:00:00,18.33,NA,3,270,5.93,"270",1017,NA,NA,NA,89,NA,1.11,NA,0.56,1.11,1
1858-12-16 21:00:00,16.11,NA,0,270,4.37,NA,1019.3,NA,NA,NA,88,NA,-2.78,NA,-3.33,-2.78,1
1858-12-17,NA,NA,NA,NA,NA,NA,NA,0.76,"empty","empty",NA,12.7,NA,-13.63,NA,NA,NA
1858-12-17 07:00:00,11.67,NA,1,22.5,1.63,"22.5",1024.72,NA,NA,NA,77,NA,-13.33,NA,-13.89,-13.33,1
1858-12-17 14:00:00,22.78,NA,0,0,1.46,NA,1030.82,NA,NA,NA,68,NA,-13.11,NA,-13.89,-13.11,1
1858-12-17 21:00:00,16.67,NA,0,0,1.46,NA,1032.51,NA,NA,NA,75,NA,-14.44,NA,-15,-14.44,1
1858-12-18,NA,NA,NA,NA,NA,NA,NA,0,"5 pm","empty",NA,0,NA,-17.94,NA,NA,NA
1858-12-18 07:00:00,11.11,NA,0,0,1.22,NA,1034.54,NA,NA,NA,67,NA,-19.72,NA,-19.44,-20,1
1858-12-18 14:00:00,17.22,NA,0,0,1.22,NA,1037.25,NA,NA,NA,73,NA,-16.11,NA,-16.67,-16.11,1
1858-12-18 21:00:00,22.78,NA,0,NA,2,NA,1039.28,NA,NA,NA,48,NA,-17,NA,-17.89,-17.22,0
1858-12-19,NA,NA,NA,NA,NA,NA,NA,0,"empty","11 pm",NA,0,NA,-12.5,NA,NA,NA
1858-12-19 07:00:00,17.22,NA,1,45,0.91,"45",1034.34,NA,NA,NA,67,NA,-18.61,NA,-19.39,-18.89,1
1858-12-19 14:00:00,21.11,NA,1,45,1.63,"45",1025.94,NA,NA,NA,77,NA,-13.33,NA,-13.89,-13.33,1
1858-12-19 21:00:00,15.56,NA,1,67.5,3.42,"67.5",1012.6,NA,NA,NA,86,NA,-5.56,NA,-6.11,-5.56,1
1858-12-20,NA,NA,NA,NA,NA,NA,NA,0.76,"empty","empty",NA,12.7,NA,-4.74,NA,NA,NA
1858-12-20 07:00:00,10.56,NA,0,NA,2.54,NA,1012.8,NA,NA,NA,70,NA,-6.78,NA,-7.78,-6.67,0
1858-12-20 14:00:00,20.56,NA,0,NA,3.76,NA,1015.92,NA,NA,NA,71,NA,-1.89,NA,-3.33,-1.94,0
1858-12-20 21:00:00,16.67,NA,0,NA,2.84,NA,1032.85,NA,NA,NA,71,NA,-5.56,NA,-6.67,-5.56,0
1858-12-21,NA,NA,NA,NA,NA,NA,NA,0,"9:50 am | 10 am","10 am",NA,0.23,NA,-7.19,NA,NA,NA
1858-12-21 07:00:00,12.22,NA,3,22.5,3.18,"22.5",1013.55,NA,NA,NA,100,NA,-8.22,NA,-8.06,-8.33,5
1858-12-21 14:00:00,13.89,NA,4,45,3.69,"45",1005.08,NA,NA,NA,100,NA,-6.67,NA,-6.67,-6.67,11
1858-12-21 21:00:00,14.44,NA,2,45,3.66,"45",999.12,NA,NA,NA,100,NA,-6.67,NA,-6.67,-6.67,2
1858-12-22,NA,NA,NA,NA,NA,NA,NA,17.78,"empty","1 am",NA,234.95,NA,-8.33,NA,NA,NA
1858-12-22 07:00:00,12.78,NA,3,270,2.95,"270",997.7,NA,NA,NA,84,NA,-7.22,NA,-7.78,-7.22,5
1858-12-22 14:00:00,21.11,NA,5,270,3.76,"270",1004.4,NA,NA,NA,86,NA,-4.44,NA,-5,-4.44,16
1858-12-22 21:00:00,20,NA,6,270,1.63,"270",1015.92,NA,NA,NA,77,NA,-13.33,NA,-13.89,-13.33,20
1858-12-23,NA,NA,NA,NA,NA,NA,NA,0,"empty","empty",NA,0,NA,-14.43,NA,NA,NA
1858-12-23 07:00:00,11.67,NA,1,315,1.22,"337.5",1019.78,NA,NA,NA,82,NA,-17.72,NA,-18.11,-17.78,1
1858-12-23 14:00:00,16.11,NA,5,337.5,1.63,"337.5",1016.93,NA,NA,NA,77,NA,-13.33,NA,-13.89,-13.33,16
1858-12-23 21:00:00,14.44,NA,1,337.5,1.83,"337.5",1036.24,NA,NA,NA,78,NA,-12.22,NA,-15.56,-12.22,1
1858-12-24,NA,NA,NA,NA,NA,NA,NA,0,"empty","empty",NA,0,NA,-15.09,NA,NA,NA
1858-12-24 07:00:00,8.89,NA,1,292.5,0.91,"292.5",1023.3,NA,NA,NA,49,NA,-15,NA,-16.11,-15,1
1858-12-24 14:00:00,13.33,NA,0,270,0.98,NA,1031.16,NA,NA,NA,51,NA,-14.72,NA,-15.56,-14.44,1
1858-12-24 21:00:00,13.89,NA,0,270,1.25,NA,1037.93,NA,NA,NA,68,NA,-15.56,NA,-15.89,-15.22,1
1858-12-25,NA,NA,NA,NA,NA,NA,NA,0,"empty","empty",NA,0,NA,-16.26,NA,NA,NA
1858-12-25 07:00:00,8.89,NA,0,NA,1.08,NA,1040.98,NA,NA,NA,93,NA,-20,NA,-20.11,-20,1
1858-12-25 14:00:00,11.11,NA,0,247.5,1.63,NA,1042.74,NA,NA,NA,77,NA,-13.33,NA,-13.89,-13.33,1
1858-12-25 21:00:00,22.78,NA,0,NA,1.25,NA,1040.3,NA,NA,NA,68,NA,-15.44,NA,-15.89,-15.22,0
1858-12-26,NA,NA,NA,NA,NA,NA,NA,0,"empty","empty",NA,0,NA,-9.56,NA,NA,NA
1858-12-26 07:00:00,8.89,NA,1,0,1.93,"0",1029.5,NA,NA,NA,79,NA,-11.17,NA,-12.22,-11.67,5
1858-12-26 14:00:00,17.22,NA,2,0,2.51,"0",1025.74,NA,NA,NA,83,NA,-8.89,NA,-9.44,-8.89,2
1858-12-26 21:00:00,15.56,NA,1,0,2.51,"0",1017.61,NA,NA,NA,83,NA,-8.61,NA,-9.44,-8.89,2
1858-12-27,NA,NA,NA,NA,NA,NA,NA,6.86,"11 pm","6 am",NA,82.55,NA,-3.15,NA,NA,NA
1858-12-27 07:00:00,11.11,NA,2,270,3.08,"270",1010.09,NA,NA,NA,85,NA,-6.67,NA,-7.22,-6.67,2
1858-12-27 14:00:00,16.67,NA,4,315,4.84,"315",1012.94,NA,NA,NA,79,NA,0,NA,-1.11,0,11
1858-12-27 21:00:00,13.33,NA,2,315,4.37,"315",1016.8,NA,NA,NA,88,NA,-2.78,NA,-3.33,-2.78,20
1858-12-28,NA,NA,NA,NA,NA,NA,NA,0,"empty","empty",NA,0,NA,-10.37,NA,NA,NA
1858-12-28 07:00:00,12.78,NA,1,315,2.64,"315",1018.63,NA,NA,NA,83,NA,-8.33,NA,-8.89,-8.33,0
1858-12-28 14:00:00,17.22,NA,0,292.5,2.03,NA,1019.68,NA,NA,NA,74,NA,-10,NA,-10.78,-10,1
1858-12-28 21:00:00,14.44,NA,0,292.5,1.73,NA,1024.72,NA,NA,NA,77,NA,-12.78,NA,-13.33,-12.78,1
1858-12-29,NA,NA,NA,NA,NA,NA,NA,0,"empty","empty",NA,0,NA,-19.07,NA,NA,NA
1858-12-29 07:00:00,10,NA,0,45,0.47,NA,1026.08,NA,NA,NA,34,NA,-18.89,NA,-20,-18.89,5
1858-12-29 14:00:00,15.56,NA,0,22.5,1.22,NA,1026.08,NA,NA,NA,82,NA,-17.78,NA,-18.11,-17.78,5
1858-12-29 21:00:00,10.56,NA,0,22.5,0.27,NA,1029.46,NA,NA,NA,22,NA,-20.56,NA,-21.94,-20.83,5
1858-12-30,NA,NA,NA,NA,NA,NA,NA,0,"empty","empty",NA,0,NA,-15.74,NA,NA,NA
1858-12-30 07:00:00,3.89,NA,0,0,0.75,NA,1031.53,NA,NA,NA,78,NA,-23.33,NA,-23.61,-23.33,1
1858-12-30 14:00:00,5,NA,0,0,1.93,NA,1030.48,NA,NA,NA,79,NA,-11.67,NA,-12.22,-11.67,1
1858-12-30 21:00:00,8.33,NA,0,0,1.83,NA,1026.41,NA,NA,NA,78,NA,-12.22,NA,-12.78,-12.22,0
1858-12-31,NA,NA,NA,NA,NA,NA,NA,0,"empty","empty",NA,0,NA,-2.41,NA,NA,NA
1858-12-31 07:00:00,8.89,NA,7,180,3.18,"180",1017.95,NA,NA,NA,73,NA,-4.44,NA,-5.56,-4.44,27
1858-12-31 14:00:00,16.67,NA,6,180,5.28,"180",1012.29,NA,NA,NA,78,NA,-0.56,NA,-1.67,-0.56,20
1858-12-31 21:00:00,11.67,NA,4,180,3.96,"180",1010.84,NA,NA,NA,76,NA,-2.22,NA,-3.33,-2.22,11
1859-01-01,NA,NA,NA,NA,NA,NA,NA,0,"empty","empty",NA,0,NA,-1.11,NA,NA,NA
1859-01-01 07:00:00,15,NA,2,270,4.67,"270",1010.5,NA,NA,NA,71,NA,1.11,NA,-0.56,1.11,2
1859-01-01 14:00:00,15,NA,3,270,5.49,"270",1010.5,NA,NA,NA,80,NA,1.67,NA,0.56,1.67,5
1859-01-01 21:00:00,13.33,NA,0,315,3.25,NA,1020.32,NA,NA,NA,85,NA,-6.11,NA,-6.67,-6.11,16
1859-01-02,NA,NA,NA,NA,NA,NA,NA,0,"empty","empty",NA,0,NA,-12.04,NA,NA,NA
1859-01-02 07:00:00,10,NA,0,315,1.83,NA,1020.25,NA,NA,NA,78,NA,-12.22,NA,-12.78,-12.22,5
1859-01-02 14:00:00,11.67,NA,0,315,2.13,NA,1031.83,NA,NA,NA,81,NA,-10.56,NA,-11.11,-10.56,5
1859-01-02 21:00:00,11.11,NA,0,315,1.73,NA,1029.46,NA,NA,NA,71,NA,-13.33,NA,-13.89,-13.33,1
1859-01-03,NA,NA,NA,NA,NA,NA,NA,0,"empty","empty",NA,0,NA,-14.82,NA,NA,NA
1859-01-03 07:00:00,9.44,NA,2,337.5,1.83,"337.5",1027.09,NA,NA,NA,78,NA,-12.22,NA,-12.78,-12.22,2
1859-01-03 14:00:00,12.22,NA,2,292.5,2.03,"292.5",1025.4,NA,NA,NA,80,NA,-11.11,NA,-11.67,-11.11,2
1859-01-03 21:00:00,12.78,NA,0,315,0.91,NA,1024.72,NA,NA,NA,80,NA,-21.11,NA,-21.39,-21.11,1
1859-01-04,NA,NA,NA,NA,NA,NA,NA,0,"11 am","3 pm",NA,0,NA,-9.26,NA,NA,NA
1859-01-04 07:00:00,8.33,NA,0,22.5,1.93,NA,1024.04,NA,NA,NA,79,NA,-11.67,NA,-12.22,-11.67,1
1859-01-04 14:00:00,16.67,NA,1,22.5,3.08,"22.5",1011.85,NA,NA,NA,85,NA,-6.67,NA,-7.22,-6.67,1
1859-01-04 21:00:00,17.22,NA,1,315,2.37,NA,1016.26,NA,NA,NA,82,NA,-9.44,NA,-10,-9.44,1
1859-01-05,NA,NA,NA,NA,NA,NA,NA,2.29,"9:30 am","4 pm",NA,31.75,NA,-3.33,NA,NA,NA
1859-01-05 07:00:00,17.22,NA,1,270,3.08,"270",1015.78,NA,NA,NA,85,NA,-6.67,NA,-7.22,-6.67,1
1859-01-05 14:00:00,20.56,NA,1,225,4.57,"225",1013.88,NA,NA,NA,88,NA,-2.22,NA,-2.78,-2.22,1
1859-01-05 21:00:00,22.22,NA,1,225,5.01,"225",1017.61,NA,NA,NA,89,NA,-1.11,NA,-1.67,-1.11,1
1859-01-06,NA,NA,NA,NA,NA,NA,NA,0,"6 pm","12 pm",NA,0,NA,-2.33,NA,NA,NA
1859-01-06 07:00:00,16.11,NA,2,270,5.25,"270",1020.32,NA,NA,NA,89,NA,-0.56,NA,-1.11,-0.56,34
1859-01-06 14:00:00,18.89,NA,1,270,5.28,"270",1023.71,NA,NA,NA,85,NA,0.33,NA,-0.56,0.28,1
1859-01-06 21:00:00,15,NA,1,270,3.28,"270",1023.71,NA,NA,NA,92,NA,-6.78,NA,-7.22,-6.94,1
1859-01-07,NA,NA,NA,NA,NA,NA,NA,2.03,"empty","empty / blank",NA,0,NA,-4.08,NA,NA,NA
1859-01-07 07:00:00,15,NA,1,225,3.08,"225",1015.92,NA,NA,NA,85,NA,-6.67,NA,-7.22,-6.67,1
1859-01-07 14:00:00,15,NA,1,247.5,3.18,"247.5",997.56,NA,NA,NA,73,NA,-4.44,NA,-5.56,-4.44,34
1859-01-07 21:00:00,20.56,NA,9,247.5,3.76,"247.5",988.15,NA,NA,NA,67,NA,-1.11,NA,-2.78,-1.11,34
1859-01-08,NA,NA,NA,NA,NA,NA,NA,0,"empty","empty",NA,0,NA,-19.81,NA,NA,NA
1859-01-08 07:00:00,10.56,NA,3,0,1.02,"0",1007.45,NA,NA,NA,80,NA,-19.44,NA,-19.78,-19.44,5
1859-01-08 14:00:00,18.33,NA,3,0,1.08,"0",1010.5,NA,NA,NA,70,NA,-17.22,NA,-17.78,-17.22,5
1859-01-08 21:00:00,17.22,NA,0,0,0.68,NA,1017.61,NA,NA,NA,79,NA,-22.78,NA,-23.06,-22.78,5
1859-01-09,NA,NA,NA,NA,NA,NA,NA,0,"empty","empty",NA,0,NA,-32.28,NA,NA,NA
1859-01-09 07:00:00,6.67,NA,0,22.5,0.3,NA,1033.39,NA,NA,NA,60,NA,-31.67,NA,-31.83,-31.67,2
1859-01-09 14:00:00,13.89,NA,0,22.5,0.3,NA,1031.16,NA,NA,NA,60,NA,-31.67,NA,-31.94,-31.67,2
1859-01-09 21:00:00,13.33,NA,0,22.5,0.44,NA,1036.24,NA,NA,NA,100,NA,-33.61,NA,-33.33,-33.61,27
1859-01-10,NA,NA,NA,NA,NA,NA,NA,0,"empty","empty",NA,0,NA,-33.14,NA,NA,NA
1859-01-10 07:00:00,6.67,NA,2,0,0.2,"0",1040.98,NA,NA,NA,51,NA,-34.44,NA,-34.72,-34.44,2
1859-01-10 14:00:00,15.56,NA,0,0,0.24,NA,1042.67,NA,NA,NA,55,NA,-33.33,NA,-33.61,-33.33,2
1859-01-10 21:00:00,16.67,NA,0,0,0.3,NA,1041.31,NA,NA,NA,60,NA,-31.67,NA,-31.94,-31.67,11
1859-01-11,NA,NA,NA,NA,NA,NA,NA,0,"empty","empty",NA,0,NA,-29.44,NA,NA,NA
1859-01-11 07:00:00,7.22,NA,NA,0,0.2,NA,1031.49,NA,NA,NA,52,NA,-34.44,NA,-34.72,-34.44,11
1859-01-11 14:00:00,12.22,NA,NA,0,3.39,NA,1025.4,NA,NA,NA,45,NA,-26.11,NA,-23.33,-26.11,11
1859-01-11 21:00:00,12.78,NA,0,0,0.47,NA,1028.11,NA,NA,NA,70,NA,-27.78,NA,-28.06,-27.78,20
1859-01-12,NA,NA,NA,NA,NA,NA,NA,0,"3 pm","6 pm",NA,0,NA,-23.85,NA,NA,NA
1859-01-12 07:00:00,5.56,NA,1,0,0.44,"0",1022.69,NA,NA,NA,69,NA,-28.33,NA,-28.61,-28.33,5
1859-01-12 14:00:00,6.67,NA,3,0,0.95,"0",1021,NA,NA,NA,100,NA,-23.33,NA,-22.78,-23.33,5
1859-01-12 21:00:00,12.78,NA,2,0,1.02,"0",1020.32,NA,NA,NA,80,NA,-19.89,NA,-19.78,-19.44,2
1859-01-13,NA,NA,NA,NA,NA,NA,NA,1.27,"empty","empty",NA,31.75,NA,-13.11,NA,NA,NA
1859-01-13 07:00:00,4.44,NA,3,22.5,1.63,"22.5",1015.24,NA,NA,NA,94,NA,-17.78,NA,-18.17,-18.06,5
1859-01-13 14:00:00,11.67,NA,3,22.5,2.13,"22.5",1015.58,NA,NA,NA,81,NA,-10.56,NA,-11.11,-10.56,5
1859-01-13 21:00:00,6.67,NA,1,22.5,2.13,"22.5",1017.27,NA,NA,NA,81,NA,-11,NA,-11.11,-10.56,1
1859-01-14,NA,NA,NA,NA,NA,NA,NA,32.26,"4 am | 3 pm","5 am | 8 pm",NA,57.15,NA,-8.93,NA,NA,NA
1859-01-14 07:00:00,1.67,NA,5,0,2.13,"0",1016.59,NA,NA,NA,81,NA,-10.94,NA,-11.11,-10.56,16
1859-01-14 14:00:00,5,NA,5,0,2.84,"0",1012.53,NA,NA,NA,91,NA,-8.61,NA,-8.89,-8.61,16
1859-01-14 21:00:00,21.11,NA,8,0,3.49,"0",1009.01,NA,NA,NA,100,NA,-7.22,NA,-7.22,-7.22,34
1859-01-15,NA,NA,NA,NA,NA,NA,NA,0.23,"1 am","4 pm",NA,0,NA,-4.08,NA,NA,NA
1859-01-15 07:00:00,13.89,NA,4,22.5,3.76,"22.5",1003.73,NA,NA,NA,86,NA,-4.44,NA,-5,-4.44,11
1859-01-15 14:00:00,20.56,NA,5,22.5,3.96,"22.5",993.57,NA,NA,NA,87,NA,-3.89,NA,-4.44,-3.89,16
1859-01-15 21:00:00,21.11,NA,6,270,3.96,"270",993.57,NA,NA,NA,87,NA,-3.89,NA,-4.44,-3.89,20
1859-01-16,NA,NA,NA,NA,NA,NA,NA,0,"empty","empty",NA,0,NA,-8.26,NA,NA,NA
1859-01-16 07:00:00,20.56,NA,1,292.5,2.37,"292.5",1015.24,NA,NA,NA,82,NA,-9.44,NA,-10,-9.44,1
1859-01-16 14:00:00,21.67,NA,3,270,2.95,"270",1016.59,NA,NA,NA,84,NA,-7.22,NA,-7.78,-7.22,5
1859-01-16 21:00:00,17.78,NA,2,270,2.64,"270",1017.88,NA,NA,NA,83,NA,-8.11,NA,-8.89,-8.33,2
1859-01-17,NA,NA,NA,NA,NA,NA,NA,0,"empty","empty",NA,0,NA,-7.58,NA,NA,NA
1859-01-17 07:00:00,10,NA,1,45,1.93,"45",1017.27,NA,NA,NA,79,NA,-11.67,NA,-12.22,-11.67,1
1859-01-17 14:00:00,16.67,NA,1,45,2.37,"45",1020.66,NA,NA,NA,82,NA,-9.11,NA,-10,-9.44,1
1859-01-17 21:00:00,16.11,NA,0,0,1.63,NA,1027.77,NA,NA,NA,77,NA,-13.06,NA,-13.89,-13.33,0
1859-01-18,NA,NA,NA,NA,NA,NA,NA,0,"empty","empty",NA,0,NA,-11.67,NA,NA,NA
1859-01-18 07:00:00,10,NA,2,270,1.05,"270",1028.45,NA,NA,NA,82,NA,-16.67,NA,-20.94,-16.67,2
1859-01-18 14:00:00,14.44,NA,0,270,2.37,NA,1025.74,NA,NA,NA,82,NA,-9.44,NA,-10,-9.44,1
1859-01-18 21:00:00,13.89,NA,0,NA,2,NA,1024.72,NA,NA,NA,65,NA,-8.89,NA,-10,-8.89,0
1859-01-19,NA,NA,NA,NA,NA,NA,NA,0,"empty","empty",NA,0,NA,-13.89,NA,NA,NA
1859-01-19 07:00:00,9.44,NA,0,NA,0.24,"247.5",1023.37,NA,NA,NA,80,NA,-21.11,NA,-21.39,-21.11,0
1859-01-19 14:00:00,15.56,NA,0,NA,0.85,"247.5",1015.14,NA,NA,NA,66,NA,-15,NA,-15.61,-15,0
1859-01-19 21:00:00,16.67,NA,0,NA,2.84,NA,1006.43,NA,NA,NA,71,NA,-5.56,NA,-6.67,-5.56,0
1859-01-20,NA,NA,NA,NA,NA,NA,NA,0,"11 pm","6 am",NA,0,NA,-4.26,NA,NA,NA
1859-01-20 07:00:00,11.11,NA,1,225,2.54,"225",1007.45,NA,NA,NA,71,NA,-6.67,NA,-7.78,-6.67,1
1859-01-20 14:00:00,17.78,NA,1,225,5.86,"225",1009.96,NA,NA,NA,70,NA,3.89,NA,2.22,3.89,1
1859-01-20 21:00:00,17.22,NA,1,225,2.27,"225",1010.16,NA,NA,NA,81,NA,-10,NA,-10.56,-10,1
1859-01-21,NA,NA,NA,NA,NA,NA,NA,0.23,"empty","empty / blank",NA,0,NA,-5.56,NA,NA,NA
1859-01-21 07:00:00,11.67,NA,1,225,2.37,"225",1006.77,NA,NA,NA,82,NA,-9.44,NA,-10,-9.44,1
1859-01-21 14:00:00,17.78,NA,1,225,2.51,"225",1009.14,NA,NA,NA,83,NA,-8.89,NA,-9.44,-8.89,1
1859-01-21 21:00:00,18.33,NA,1,225,6.2,"225",1011.51,NA,NA,NA,90,NA,1.67,NA,1.11,1.67,1
1859-01-22,NA,NA,NA,NA,NA,NA,NA,0,"empty","empty",NA,0,NA,-6.86,NA,NA,NA
1859-01-22 07:00:00,13.89,NA,1,22.5,3.08,"22.5",1017,NA,NA,NA,85,NA,-6.67,NA,-7.22,-6.67,0
1859-01-22 14:00:00,18.33,NA,0,22.5,5.49,NA,1022.69,NA,NA,NA,80,NA,1.67,NA,0.56,1.67,0
1859-01-22 21:00:00,16.11,NA,0,NA,1.29,NA,1029.06,NA,NA,NA,73,NA,-15.56,NA,-16.11,-15.56,0
1859-01-23,NA,NA,NA,NA,NA,NA,NA,0,"empty","empty",NA,0,NA,-11.67,NA,NA,NA
1859-01-23 07:00:00,10,NA,0,NA,1.46,NA,1032.51,NA,NA,NA,75,NA,-14.44,NA,-15,-14.44,0
1859-01-23 14:00:00,20.56,NA,0,247.5,2.95,NA,1033.86,NA,NA,NA,84,NA,-7.22,NA,-7.78,-7.22,0
1859-01-23 21:00:00,16.11,NA,0,247.5,2.78,NA,1034.88,NA,NA,NA,84,NA,-7.78,NA,-8.33,-7.78,0
1859-01-24,NA,NA,NA,NA,NA,NA,NA,0,"empty","empty",NA,0,NA,-6.69,NA,NA,NA
1859-01-24 07:00:00,14.44,NA,0,NA,2.95,"247.5",1035.56,NA,NA,NA,84,NA,-6.94,NA,-7.78,-7.22,0
1859-01-24 14:00:00,18.89,NA,0,180,2.84,NA,1033.19,NA,NA,NA,71,NA,-5.56,NA,-6.67,-5.56,1
1859-01-24 21:00:00,17.78,NA,0,180,2.78,NA,1031.16,NA,NA,NA,84,NA,-7.56,NA,-8.33,-7.78,1
1859-01-25,NA,NA,NA,NA,NA,NA,NA,0,"empty","empty",NA,0,NA,-3.67,NA,NA,NA
1859-01-25 07:00:00,15,NA,0,NA,2.64,NA,1029.46,NA,NA,NA,83,NA,-8.33,NA,-8.89,-8.33,0
1859-01-25 14:00:00,18.33,NA,1,180,5.25,"180",1026.41,NA,NA,NA,89,NA,-0.44,NA,-1.11,-0.56,1
1859-01-25 21:00:00,18.33,NA,1,180,3.96,"180",1024.25,NA,NA,NA,76,NA,-2.22,NA,-3.33,-2.22,1
1859-01-26,NA,NA,NA,NA,NA,NA,NA,0,"empty","empty",NA,0,NA,0.92,NA,NA,NA
1859-01-26 07:00:00,14.44,NA,1,247.5,3.76,"247.5",1024.38,NA,NA,NA,67,NA,-1.11,NA,-2.78,-1.11,1
1859-01-26 14:00:00,17.78,NA,3,225,5.59,"225",1026.08,NA,NA,NA,72,NA,3.33,NA,1.67,3.33,5
1859-01-26 21:00:00,15.56,NA,3,247.5,5.08,"247.5",1027.77,NA,NA,NA,80,NA,0.56,NA,-0.56,0.56,5
1859-01-27,NA,NA,NA,NA,NA,NA,NA,0,"11 pm","10 am",NA,0,NA,-11.11,NA,NA,NA
1859-01-27 07:00:00,12.78,NA,1,45,1.29,"45",1037.59,NA,NA,NA,73,NA,-15.56,NA,-16.11,-15.56,1
1859-01-27 14:00:00,14.44,NA,0,45,2.64,NA,1036.03,NA,NA,NA,83,NA,-8.33,NA,-9.44,-8.33,1
1859-01-27 21:00:00,11.11,NA,1,45,2.37,"45",1030.14,NA,NA,NA,82,NA,-9.44,NA,-10,-9.44,1
1859-01-28,NA,NA,NA,NA,NA,NA,NA,21.84,"10 am","12 pm",NA,127,NA,-6,NA,NA,NA
1859-01-28 07:00:00,8.33,NA,2,45,3.59,"45",1019.24,NA,NA,NA,86,NA,-5,NA,-5.56,-5,2
1859-01-28 14:00:00,15.56,NA,1,0,2.78,"0",1018.63,NA,NA,NA,84,NA,-7.44,NA,-8.33,-7.78,1
1859-01-28 21:00:00,10,NA,1,0,4,"0",1017.27,NA,NA,NA,100,NA,-5.56,NA,-5.56,-5.56,1
1859-01-29,NA,NA,NA,NA,NA,NA,NA,16.76,"empty","empty",NA,101.6,NA,-4,NA,NA,NA
1859-01-29 07:00:00,9.44,NA,1,0,3.25,"0",1017.54,NA,NA,NA,85,NA,-6.44,NA,-6.67,-6.11,1
1859-01-29 14:00:00,11.67,NA,1,0,3.96,"0",1015.92,NA,NA,NA,76,NA,-2.22,NA,-3.33,-2.22,1
1859-01-29 21:00:00,12.78,NA,NA,0,3.56,NA,1017.27,NA,NA,NA,75,NA,-3.33,NA,-4.44,-3.33,1
1859-01-30,NA,NA,NA,NA,NA,NA,NA,0,"empty","empty",NA,0,NA,-7.04,NA,NA,NA
1859-01-30 07:00:00,11.11,NA,1,315,3.08,"315",1024.38,NA,NA,NA,85,NA,-6.67,NA,-7.22,-6.67,1
1859-01-30 14:00:00,16.11,NA,1,270,2.84,"270",1026.41,NA,NA,NA,71,NA,-5.56,NA,-6.67,-5.56,1
1859-01-30 21:00:00,15.56,NA,0,270,2,NA,1028.78,NA,NA,NA,65,NA,-8.89,NA,-10,-8.89,1
1859-01-31,NA,NA,NA,NA,NA,NA,NA,0,"empty","empty",NA,0,NA,-11.56,NA,NA,NA
1859-01-31 07:00:00,10.56,NA,0,270,1.46,NA,1032.17,NA,NA,NA,75,NA,-14.28,NA,-15,-14.44,1
1859-01-31 14:00:00,13.33,NA,0,270,2.37,NA,1030.82,NA,NA,NA,82,NA,-9.28,NA,-10,-9.44,1
1859-01-31 21:00:00,15,NA,0,270,2.03,NA,1027.77,NA,NA,NA,80,NA,-11.11,NA,-11.67,-11.11,1
1859-02-01,NA,NA,NA,NA,NA,NA,NA,12.7,"7am","10am",NA,38.1,NA,-6.98,NA,NA,NA
1859-02-01 07:00:00,9.44,NA,1,292.5,3.25,"292.5",1022.32,NA,NA,NA,85,NA,-6.11,NA,-6.67,-6.11,1
1859-02-01 14:00:00,14.44,NA,1,292.5,4.17,"292.5",1021,NA,NA,NA,100,NA,-4.72,NA,-5,-5,1
1859-02-01 21:00:00,16.11,NA,0,292.5,2.78,NA,1025.06,NA,NA,NA,100,NA,-10.11,NA,-10,-8.89,1
1859-02-02,NA,NA,NA,NA,NA,NA,NA,0,"10am","12pm",NA,0,NA,-18.09,NA,NA,NA
1859-02-02 07:00:00,8.33,NA,0,0,1.08,NA,1025.06,NA,NA,NA,85,NA,-18.89,NA,-19.06,-18.72,5
1859-02-02 14:00:00,20.56,NA,1,0,1.35,"0",1024.38,NA,NA,NA,72,NA,-15.11,NA,-15.61,-15,1
1859-02-02 21:00:00,17.22,NA,0,0,1.15,NA,1022.69,NA,NA,NA,93,NA,-20.28,NA,-20.11,-20,1
1859-02-03,NA,NA,NA,NA,NA,NA,NA,0.23,"9am, 10am","10am, 11am",NA,0.23,NA,-13.52,NA,NA,NA
1859-02-03 07:00:00,5.56,NA,7,45,1.12,"45",1018.63,NA,NA,NA,68,NA,-16.67,NA,-17.28,-16.67,27
1859-02-03 14:00:00,8.33,NA,4,45,1.83,"45",1011.99,NA,NA,NA,78,NA,-12.33,NA,-12.78,-12.22,16
1859-02-03 21:00:00,17.22,NA,5,45,1.93,"45",1005.76,NA,NA,NA,79,NA,-11.39,NA,-12.22,-11.67,16
1859-02-04,NA,NA,NA,NA,NA,NA,NA,15.24,"2pm","empty",NA,172.72,NA,-6.3,NA,NA,NA
1859-02-04 07:00:00,15.56,NA,1,247.5,2.51,"247.5",1006.1,NA,NA,NA,83,NA,-8.89,NA,-8.89,-8.89,1
1859-02-04 14:00:00,14.44,NA,1,247.5,3.96,"247.5",1009.11,NA,NA,NA,87,NA,-3.89,NA,-4.44,-3.89,1
1859-02-04 21:00:00,17.22,NA,1,247.5,3.25,"247.5",1012.53,NA,NA,NA,85,NA,-6.11,NA,-6.67,-6.11,1
1859-02-05,NA,NA,NA,NA,NA,NA,NA,2.03,"empty","6am",NA,63.5,NA,-7.59,NA,NA,NA
1859-02-05 07:00:00,15,NA,0,NA,2.37,NA,1022.69,NA,NA,NA,82,NA,-9.44,NA,-10,-9.44,0
1859-02-05 14:00:00,12.22,NA,0,NA,3.25,"247.5",1025.74,NA,NA,NA,85,NA,-6.11,NA,-6.67,-6.11,0
1859-02-05 21:00:00,20.56,NA,0,NA,2.95,"247.5",1029.8,NA,NA,NA,84,NA,-7.22,NA,-7.78,-7.22,0
1859-02-06,NA,NA,NA,NA,NA,NA,NA,0.51,"5am, 10am","10am, 11pm",NA,19.05,NA,-8.65,NA,NA,NA
1859-02-06 07:00:00,12.78,NA,3,0,2.78,"0",1026.08,NA,NA,NA,84,NA,-8.06,NA,-7.78,-7.78,5
1859-02-06 14:00:00,21.67,NA,3,0,2.95,"0",1025.94,NA,NA,NA,84,NA,-7.33,NA,-7.78,-7.22,5
1859-02-06 21:00:00,16.11,NA,1,0,5.52,"0",1026.48,NA,NA,NA,81,NA,-10.56,NA,-11.11,-10.56,1
1859-02-07,NA,NA,NA,NA,NA,NA,NA,0.23,"empty","empty",NA,0.23,NA,-10.86,NA,NA,NA
1859-02-07 07:00:00,11.11,NA,0,0,2.03,NA,1029.8,NA,NA,NA,80,NA,-11.11,NA,-11.67,-11.11,1
1859-02-07 14:00:00,15,NA,0,0,2.51,NA,1030.48,NA,NA,NA,83,NA,-9.17,NA,-9.44,-8.89,1
1859-02-07 21:00:00,15,NA,1,0,1.83,"0",1028.45,NA,NA,NA,78,NA,-12.28,NA,-12.78,-12.22,1
1859-02-08,NA,NA,NA,NA,NA,NA,NA,0,"empty","empty",NA,0,NA,-6.58,NA,NA,NA
1859-02-08 07:00:00,11.67,NA,0,180,0.81,NA,1022.69,NA,NA,NA,47,NA,-15.56,NA,-16.67,-15.56,1
1859-02-08 14:00:00,15,NA,1,180,5.01,"180",1021.4,NA,NA,NA,89,NA,-0.83,NA,-1.67,-1.11,1
1859-02-08 21:00:00,17.78,NA,1,180,4.37,"180",1016.09,NA,NA,NA,88,NA,-3.33,NA,-3.33,-2.78,1
1859-02-09,NA,NA,NA,NA,NA,NA,NA,0,"10am","empty",NA,0,NA,0.76,NA,NA,NA
1859-02-09 07:00:00,13.33,NA,1,180,4.4,"180",1011.18,NA,NA,NA,78,NA,-1.11,NA,-2.22,-1.11,0
1859-02-09 14:00:00,18.89,NA,0,180,6.87,"180",1005.76,NA,NA,NA,82,NA,2.5,NA,3.33,4.44,0
1859-02-09 21:00:00,17.78,NA,1,180,5.69,"180",1003.12,NA,NA,NA,89,NA,0.78,NA,0,0.56,0
1859-02-10,NA,NA,NA,NA,NA,NA,NA,0,"empty","5pm",NA,0,NA,-14.13,NA,NA,NA
1859-02-10 07:00:00,10,NA,0,0,1.52,NA,1009.48,NA,NA,NA,60,NA,-11.11,NA,-12.22,-11.11,1
1859-02-10 14:00:00,13.33,NA,0,270,1.49,NA,1016.59,NA,NA,NA,74,NA,-13.5,NA,-20.89,-13.89,1
1859-02-10 21:00:00,17.78,NA,0,270,0.58,NA,1023.71,NA,NA,NA,39,NA,-17.78,NA,-18.89,-17.78,1
1859-02-11,NA,NA,NA,NA,NA,NA,NA,1.27,"empty","empty",NA,38.1,NA,-16.58,NA,NA,NA
1859-02-11 07:00:00,10.56,NA,0,270,0.03,NA,1029.87,NA,NA,NA,62,NA,-18.89,NA,-20.56,-18.89,1
1859-02-11 14:00:00,15.56,NA,0,270,0.98,NA,1029.8,NA,NA,NA,51,NA,-14.17,NA,-15.56,-14.44,1
1859-02-11 21:00:00,15,NA,1,270,0.68,"292.5",1032.85,NA,NA,NA,43,NA,-16.67,NA,-17.78,-16.67,1
1859-02-12,NA,NA,NA,NA,NA,NA,NA,0,"empty","empty",NA,0,NA,-13.26,NA,NA,NA
1859-02-12 07:00:00,8.33,NA,0,292.5,0.64,NA,1025.74,NA,NA,NA,42,NA,-16.94,NA,-18.33,-17.22,1
1859-02-12 14:00:00,15.56,NA,0,270,2.13,NA,1026.08,NA,NA,NA,67,NA,-8.39,NA,-9.44,-8.33,2
1859-02-12 21:00:00,16.67,NA,0,270,0.98,NA,1026.14,NA,NA,NA,61,NA,-14.44,NA,-15.56,-14.44,2
1859-02-13,NA,NA,NA,NA,NA,NA,NA,0,"empty","empty",NA,0,NA,-15.3,NA,NA,NA
1859-02-13 07:00:00,9.44,NA,NA,315,0.44,NA,1025.4,NA,NA,NA,51,NA,-24.11,NA,-25,-24.44,0
1859-02-13 14:00:00,NA,NA,0,315,1.52,NA,1020.12,NA,NA,NA,60,NA,-11.11,NA,-11.67,-11.11,0
1859-02-13 21:00:00,13.89,NA,0,315,1.63,NA,1017.47,NA,NA,NA,62,NA,-10.67,NA,-11.67,-10.56,1
1859-02-14,NA,NA,NA,NA,NA,NA,NA,0,"empty","empty",NA,0,NA,-4.02,NA,NA,NA
1859-02-14 07:00:00,12.22,NA,1,292.5,3.59,"292.5",1013.28,NA,NA,NA,86,NA,-5,NA,-5.56,-5,1
1859-02-14 14:00:00,15,NA,1,292.5,5.01,"292.5",1014.97,NA,NA,NA,89,NA,-0.94,NA,-1.67,-1.11,1
1859-02-14 21:00:00,14.44,NA,1,292.5,3.25,"247.5",1016.8,NA,NA,NA,85,NA,-6.11,NA,-6.67,-6.11,1
1859-02-15,NA,NA,NA,NA,NA,NA,NA,0,"empty","empty",NA,0,NA,-5,NA,NA,NA
1859-02-15 07:00:00,11.67,NA,3,NA,2.07,"247.5",1013.88,NA,NA,NA,73,NA,-9.44,NA,-10.56,-9.72,5
1859-02-15 14:00:00,NA,NA,1,22.5,3.25,"22.5",1007.79,NA,NA,NA,85,NA,-6.11,NA,-6.67,-6.11,1
1859-02-15 21:00:00,13.33,NA,NA,NA,6.37,NA,1001.02,NA,NA,NA,100,NA,0.56,NA,0.56,0.56,0
1859-02-16,NA,NA,NA,NA,NA,NA,NA,0,"9am, 11pm","11am",NA,0,NA,0.92,NA,NA,NA
1859-02-16 07:00:00,12.22,NA,1,270,5.99,"270",1007.79,NA,NA,NA,85,NA,2.22,NA,1.11,1.94,1
1859-02-16 14:00:00,15.56,NA,1,225,7.62,"225",1008.13,NA,NA,NA,91,NA,4.44,NA,3.89,4.44,1
1859-02-16 21:00:00,15,NA,0,225,2.78,NA,1016.73,NA,NA,NA,61,NA,-3.89,NA,-5.56,-3.89,2
1859-02-17,NA,NA,NA,NA,NA,NA,NA,1.78,"empty","5am",NA,0.23,NA,-3.04,NA,NA,NA
1859-02-17 07:00:00,12.22,NA,2,292.5,3.56,"292.5",1029.8,NA,NA,NA,80,NA,-4.44,NA,-5,-4.17,2
1859-02-17 14:00:00,15,NA,1,67.5,4.4,"67.5",1028.11,NA,NA,NA,78,NA,-0.78,NA,-2.22,-1.11,1
1859-02-17 21:00:00,15,NA,1,90,3.96,"90",1022.72,NA,NA,NA,87,NA,-3.89,NA,NA,-3.89,1
1859-02-18,NA,NA,NA,NA,NA,NA,NA,0,"empty","empty",NA,0,NA,2.89,NA,NA,NA
1859-02-18 07:00:00,12.22,NA,1,247.5,6.2,"247.5",1012.87,NA,NA,NA,90,NA,1.61,NA,1.11,1.67,1
1859-02-18 14:00:00,15.56,NA,1,247.5,6.87,"247.5",1014.22,NA,NA,NA,82,NA,4.44,NA,3.33,4.44,1
1859-02-18 21:00:00,18.33,NA,1,247.5,5.32,"247.5",1018.96,NA,NA,NA,71,NA,2.61,NA,1.11,2.78,1
1859-02-19,NA,NA,NA,NA,NA,NA,NA,0.23,"1am",NA,NA,0,NA,2.41,NA,NA,NA
1859-02-19 07:00:00,13.33,NA,0,225,4.81,"225",1020.66,NA,NA,NA,84,NA,-0.56,NA,-1.67,-0.83,0
1859-02-19 14:00:00,13.33,NA,0,180,6.67,"180",1015.92,NA,NA,NA,78,NA,5,NA,2.22,4.72,0
1859-02-19 21:00:00,16.11,NA,1,180,5.32,"180",1006.1,NA,NA,NA,71,NA,2.78,NA,1.11,2.78,0
1859-02-20,NA,NA,NA,NA,NA,NA,NA,0,"empty","empty",NA,0,NA,1.46,NA,NA,NA
1859-02-20 07:00:00,15,NA,0,180,2.44,"180",997.29,NA,NA,NA,75,NA,-8.33,NA,-8.89,-8.06,0
1859-02-20 14:00:00,15.56,NA,0,225,7.31,"225",995.53,NA,NA,NA,91,NA,4.17,NA,3.33,3.89,0
1859-02-20 21:00:00,16.11,NA,8,225,3.96,"225",990.52,NA,NA,NA,76,NA,-2.22,NA,-3.33,-2.22,34
1859-02-21,NA,NA,NA,NA,NA,NA,NA,0.23,"6am, 10am","10am, 3pm",NA,0,NA,-8.11,NA,NA,NA
1859-02-21 07:00:00,12.78,NA,5,292.5,2.13,"292.5",999.66,NA,NA,NA,67,NA,-8.33,NA,-9.44,-8.33,16
1859-02-21 14:00:00,11.67,NA,4,315,2.64,"315",1005.08,NA,NA,NA,83,NA,-8.17,NA,-8.89,-8.33,11
1859-02-21 21:00:00,12.78,NA,7,315,2.78,"315",1012.53,NA,NA,NA,84,NA,-7.83,NA,-8.33,-7.78,16
1859-02-22,NA,NA,NA,NA,NA,NA,NA,13.97,"empty","empty",NA,0,NA,-5.56,NA,NA,NA
1859-02-22 07:00:00,10,NA,0,247.5,2.95,NA,1017.61,NA,NA,NA,84,NA,-7.22,NA,-7.78,-7.22,5
1859-02-22 14:00:00,11.67,NA,0,270,4.37,NA,1017.07,NA,NA,NA,88,NA,-2.78,NA,-3.33,-2.78,5
1859-02-22 21:00:00,12.22,NA,0,270,3.25,NA,1018.96,NA,NA,NA,85,NA,-6.67,NA,-6.67,-6.11,1
1859-02-23,NA,NA,NA,NA,NA,NA,NA,0,"empty","empty",NA,0,NA,-4.63,NA,NA,NA
1859-02-23 07:00:00,10,NA,2,0,2.51,"0",1017.81,NA,NA,NA,83,NA,-8.89,NA,-9.44,-8.89,2
1859-02-23 14:00:00,14.44,NA,1,22.5,3.96,"22.5",1016.39,NA,NA,NA,76,NA,-2.22,NA,-3.33,-2.22,1
1859-02-23 21:00:00,13.33,NA,1,22.5,4.37,"22.5",1022.69,NA,NA,NA,88,NA,-2.78,NA,-3.33,-2.78,1
1859-02-24,NA,NA,NA,NA,NA,NA,NA,0,"empty","empty",NA,0,NA,-5.37,NA,NA,NA
1859-02-24 07:00:00,11.11,NA,3,337.5,3.96,"337.5",1013,NA,NA,NA,76,NA,-1.67,NA,-3.33,-2.22,5
1859-02-24 14:00:00,12.78,NA,0,0,4.37,NA,1017.95,NA,NA,NA,88,NA,-2.78,NA,-3.33,-2.78,2
1859-02-24 21:00:00,11.11,NA,0,0,1.93,NA,1029.12,NA,NA,NA,79,NA,-11.67,NA,-12.22,-11.67,2
1859-02-25,NA,NA,NA,NA,NA,NA,NA,0,"empty","empty",NA,0,NA,-15.63,NA,NA,NA
1859-02-25 07:00:00,11.11,NA,0,45,0.58,NA,1032.17,NA,NA,NA,39,NA,-17.89,NA,-18.89,-17.78,1
1859-02-25 14:00:00,7.78,NA,0,0,1.63,NA,1030.14,NA,NA,NA,72,NA,-14.56,NA,-15.61,-15,1
1859-02-25 21:00:00,15.56,NA,0,0,1.15,NA,1024.59,NA,NA,NA,54,NA,-14.44,NA,-15.56,-14.44,1
1859-02-26,NA,NA,NA,NA,NA,NA,NA,0,"10:30am","12pm",NA,0,NA,-11,NA,NA,NA
1859-02-26 07:00:00,3.89,NA,1,0,0.68,"0",1017.27,NA,NA,NA,43,NA,-16.67,NA,-17.78,-16.67,1
1859-02-26 14:00:00,7.78,NA,3,22.5,1.93,"22.5",1012.67,NA,NA,NA,79,NA,-11.33,NA,-12.22,-11.67,5
1859-02-26 21:00:00,7.22,NA,1,180,4.17,"180",1013.28,NA,NA,NA,100,NA,-5,NA,-5,-5,1
1859-02-27,NA,NA,NA,NA,NA,NA,NA,10.92,"8:30pm","empty",NA,139.7,NA,1.17,NA,NA,NA
1859-02-27 07:00:00,10,NA,0,NA,4.81,"180",1014.05,NA,NA,NA,88,NA,-1.67,NA,-2.22,-1.67,0
1859-02-27 14:00:00,13.33,NA,0,NA,7.75,"225",998.98,NA,NA,NA,100,NA,2.78,NA,3.33,3.33,0
1859-02-27 21:00:00,12.22,NA,3,225,6.91,"225",1002.71,NA,NA,NA,100,NA,1.83,NA,1.67,1.67,5
1859-02-28,NA,NA,NA,NA,NA,NA,NA,2.03,"empty","7am",NA,63.5,NA,-3.04,NA,NA,NA
1859-02-28 07:00:00,12.22,NA,1,315,4.81,"315",1004.06,NA,NA,NA,88,NA,-1.33,NA,-2.22,-1.67,1
1859-02-28 14:00:00,13.33,NA,1,292.5,4.84,"292.5",1009.48,NA,NA,NA,79,NA,0,NA,-1.11,0,1
1859-02-28 21:00:00,13.33,NA,1,292.5,2.78,"292.5",1017.61,NA,NA,NA,84,NA,-7.78,NA,-8.33,-7.78,1
1859-03-01,NA,NA,NA,NA,NA,NA,NA,0,"empty","empty",NA,0,NA,-13.43,NA,NA,NA
1859-03-01 07:00:00,10,NA,0,270,1.66,NA,1027.43,NA,NA,NA,78,NA,-15.22,NA,-15.61,-15,2
1859-03-01 14:00:00,11.67,NA,0,270,2.2,NA,1026.75,NA,NA,NA,74,NA,-11.67,NA,-12.22,-11.67,2
1859-03-01 21:00:00,11.11,NA,0,270,1.73,NA,1032.85,NA,NA,NA,77,NA,-13.33,NA,-13.89,-13.33,1
1859-03-02,NA,NA,NA,NA,NA,NA,NA,0,"empty","empty",NA,0,NA,-15.02,NA,NA,NA
1859-03-02 07:00:00,8.89,NA,0,337.5,0.68,NA,1037.59,NA,NA,NA,43,NA,-16.94,NA,-17.78,-16.67,1
1859-03-02 14:00:00,10.56,NA,0,270,1.52,NA,1037.59,NA,NA,NA,60,NA,-11.11,NA,-12.22,-11.11,1
1859-03-02 21:00:00,11.67,NA,0,270,0.75,NA,1034.2,NA,NA,NA,45,NA,-17,NA,-18.33,-17.22,1
1859-03-03,NA,NA,NA,NA,NA,NA,NA,0,"8 pm","10 am",NA,0,NA,-11.48,NA,NA,NA
1859-03-03 07:00:00,6.67,NA,0,22.5,1.29,NA,1029.12,NA,NA,NA,95,NA,-20.56,NA,-20.11,-20,1
1859-03-03 14:00:00,10,NA,2,45,3.01,"45",1018.96,NA,NA,NA,74,NA,-8.89,NA,-9.44,-8.89,2
1859-03-03 21:00:00,10,NA,3,45,3.59,"45",1012.87,NA,NA,NA,86,NA,-5,NA,-5.56,-5,5
1859-03-04,NA,NA,NA,NA,NA,NA,NA,11.94,"10 am","2 pm",NA,160.02,NA,-0.02,NA,NA,NA
1859-03-04 07:00:00,10.56,NA,2,135,3.96,"135",1000.68,NA,NA,NA,76,NA,-2.67,NA,-3.33,-2.78,2
1859-03-04 14:00:00,12.78,NA,2,135,6.47,"135",995.9,NA,NA,NA,90,NA,2.22,NA,1.67,2.22,2
1859-03-04 21:00:00,13.33,NA,3,135,6.37,"135",998.65,NA,NA,NA,100,NA,0.39,NA,0.56,0.56,5
1859-03-05,NA,NA,NA,NA,NA,NA,NA,0.23,"empty","empty",NA,0,NA,0.56,NA,NA,NA
1859-03-05 07:00:00,9.44,NA,1,45,5.01,"45",998.98,NA,NA,NA,89,NA,-1.11,NA,-1.67,-1.11,1
1859-03-05 14:00:00,12.78,NA,1,45,5.49,"45",1005.42,NA,NA,NA,80,NA,1.67,NA,0.56,1.67,1
1859-03-05 21:00:00,15.56,NA,1,45,5.25,"45",1009.14,NA,NA,NA,79,NA,1.11,NA,0,1.11,1
1859-03-06,NA,NA,NA,NA,NA,NA,NA,0,"empty","empty",NA,0,NA,3.33,NA,NA,NA
1859-03-06 07:00:00,11.67,NA,1,315,6.6,"315",1020.32,NA,NA,NA,82,NA,3.89,NA,2.78,3.89,1
1859-03-06 14:00:00,13.33,NA,1,315,7.38,"315",1021.33,NA,NA,NA,76,NA,6.67,NA,5,6.67,1
1859-03-06 21:00:00,14.44,NA,1,315,6.3,"315",1022.01,NA,NA,NA,78,NA,-0.56,NA,-1.67,-0.56,1
1859-03-07,NA,NA,NA,NA,NA,NA,NA,0,"empty","empty",NA,0,NA,0.56,NA,NA,NA
1859-03-07 07:00:00,12.22,NA,2,45,5.08,"45",1023.64,NA,NA,NA,80,NA,0.56,NA,-0.56,0.56,2
1859-03-07 14:00:00,13.33,NA,2,45,5.25,"45",1019.64,NA,NA,NA,79,NA,1.11,NA,0,1.11,2
1859-03-07 21:00:00,15,NA,3,22.5,4.84,"22.5",1019.3,NA,NA,NA,79,NA,0,NA,-1.11,0,5
1859-03-08,NA,NA,NA,NA,NA,NA,NA,0,"empty","empty",NA,0,NA,-3.65,NA,NA,NA
1859-03-08 07:00:00,12.78,NA,4,0,3.18,"0",1009.48,NA,NA,NA,73,NA,-4.44,NA,-5.56,-4.44,11
1859-03-08 14:00:00,13.33,NA,4,22.5,5.01,"22.5",1005.42,NA,NA,NA,89,NA,-1.11,NA,-1.67,-1.11,11
1859-03-08 21:00:00,14.44,NA,0,22.5,2.84,NA,1009.82,NA,NA,NA,71,NA,-5.39,NA,-6.67,-5.56,11
1859-03-09,NA,NA,NA,NA,NA,NA,NA,0,"empty","empty",NA,0,NA,1.63,NA,NA,NA
1859-03-09 07:00:00,9.44,NA,NA,NA,3.76,NA,1015.58,NA,NA,NA,75,NA,-3.33,NA,-3.89,-2.78,0
1859-03-09 14:00:00,12.22,NA,1,337.5,6.16,"337.5",1015.85,NA,NA,NA,73,NA,4.44,NA,2.78,4.44,1
1859-03-09 21:00:00,15,NA,0,337.5,6.3,NA,1015.95,NA,NA,NA,81,NA,3.33,NA,2.22,3.33,1
1859-03-10,NA,NA,NA,NA,NA,NA,NA,0,"empty","empty",NA,0,NA,0.87,NA,NA,NA
1859-03-10 07:00:00,10,NA,0,NA,3.96,NA,1024.35,NA,NA,NA,87,NA,-3.89,NA,-4.44,-3.89,0
1859-03-10 14:00:00,10,NA,0,NA,7.31,NA,1023.03,NA,NA,NA,91,NA,3.89,NA,3.33,3.89,0
1859-03-10 21:00:00,11.11,NA,0,NA,6.74,NA,1023.3,NA,NA,NA,90,NA,2.61,NA,2.22,2.78,0
1859-03-11,NA,NA,NA,NA,NA,NA,NA,0,"11:30 pm","10 am",NA,0,NA,2.31,NA,NA,NA
1859-03-11 07:00:00,9.44,NA,0,337.5,4.57,NA,1023.23,NA,NA,NA,88,NA,-2.22,NA,-2.78,-2.22,1
1859-03-11 14:00:00,12.78,NA,0,337.5,7.31,NA,1019.3,NA,NA,NA,91,NA,4.17,NA,3.33,3.89,1
1859-03-11 21:00:00,14.44,NA,1,135,7.96,"135",1015.92,NA,NA,NA,91,NA,5,NA,4.44,5,1
1859-03-12,NA,NA,NA,NA,NA,NA,NA,21.59,"11 am","4 pm",NA,0,NA,4.37,NA,NA,NA
1859-03-12 07:00:00,14.44,NA,1,180,5.01,"180",1014.9,NA,NA,NA,89,NA,-1.11,NA,-1.67,-1.11,1
1859-03-12 14:00:00,15,NA,1,180,10.09,"180",1010.5,NA,NA,NA,92,NA,8.33,NA,7.78,8.33,1
1859-03-12 21:00:00,15.56,NA,1,225,7.96,"225",1015.92,NA,NA,NA,91,NA,4.78,NA,4.44,5,1
1859-03-13,NA,NA,NA,NA,NA,NA,NA,22.35,"empty","empty",NA,0,NA,6.06,NA,NA,NA
1859-03-13 07:00:00,16.11,NA,1,270,7.96,"270",1019.3,NA,NA,NA,91,NA,5.11,NA,4.44,5,1
1859-03-13 14:00:00,17.22,NA,1,270,8.97,"270",1024.72,NA,NA,NA,92,NA,6.67,NA,6.11,6.67,1
1859-03-13 21:00:00,18.33,NA,1,270,8.6,"270",1025.06,NA,NA,NA,92,NA,6.39,NA,5.56,6.11,1
1859-03-14,NA,NA,NA,NA,NA,NA,NA,0,"empty","empty",NA,0,NA,3.89,NA,NA,NA
1859-03-14 07:00:00,15.56,NA,0,292.5,5.49,NA,1026.08,NA,NA,NA,89,NA,0,NA,-0.56,0,1
1859-03-14 14:00:00,17.78,NA,1,292.5,8.97,"292.5",1021,NA,NA,NA,92,NA,6.67,NA,6.11,6.67,1
1859-03-14 21:00:00,18.33,NA,1,292.5,7.96,"292.5",1017.61,NA,NA,NA,91,NA,5,NA,4.44,5,1
1859-03-15,NA,NA,NA,NA,NA,NA,NA,0,"8 pm","12 pm",NA,0,NA,4.63,NA,NA,NA
1859-03-15 07:00:00,16.67,NA,1,225,6.3,"225",1007.79,NA,NA,NA,81,NA,3.33,NA,2.22,3.33,1
1859-03-15 14:00:00,18.89,NA,1,180,10.09,"225",1004.06,NA,NA,NA,92,NA,8.33,NA,7.78,8.33,1
1859-03-15 21:00:00,18.33,NA,1,180,6.47,"180",1004.91,NA,NA,NA,90,NA,2.22,NA,1.67,2.22,1
1859-03-16,NA,NA,NA,NA,NA,NA,NA,11.68,"empty","empty",NA,0,NA,3.02,NA,NA,NA
1859-03-16 07:00:00,13.33,NA,2,292.5,5.25,"292.5",1007.45,NA,NA,NA,79,NA,1.28,NA,0,1.11,2
1859-03-16 14:00:00,15.56,NA,2,292.5,6.16,"292.5",1009.82,NA,NA,NA,73,NA,4.44,NA,2.78,4.44,2
1859-03-16 21:00:00,17.78,NA,2,292.5,6.3,"292.5",1015.92,NA,NA,NA,81,NA,3.33,NA,2.22,3.33,2
1859-03-17,NA,NA,NA,NA,NA,NA,NA,0,"empty","empty",NA,0,NA,5,NA,NA,NA
1859-03-17 07:00:00,15.56,NA,0,270,5.08,NA,1019.3,NA,NA,NA,80,NA,0.56,NA,-0.56,0.56,1
1859-03-17 14:00:00,17.78,NA,1,270,5.72,"270",1015.24,NA,NA,NA,54,NA,7.78,NA,4.44,7.78,1
1859-03-17 21:00:00,18.89,NA,1,270,5.08,"270",1007.45,NA,NA,NA,80,NA,6.67,NA,-0.56,1.11,1
1859-03-18,NA,NA,NA,NA,NA,NA,NA,0.23,"9 am | 10 am | 3 pm","10 am | 1 pm | 11 pm",NA,0.23,NA,8.79,NA,NA,NA
1859-03-18 07:00:00,16.11,NA,1,180,8.6,"180",1005.76,NA,NA,NA,92,NA,6.11,NA,5.56,6.11,1
1859-03-18 14:00:00,17.22,NA,1,135,11.78,"180",1000,NA,NA,NA,93,NA,10.28,NA,10,10.56,1
1859-03-18 21:00:00,18.33,NA,1,135,9.04,"180",990.86,NA,NA,NA,100,NA,5.56,NA,5.56,5.56,1
1859-03-19,NA,NA,NA,NA,NA,NA,NA,24.38,"empty","3 pm",NA,0,NA,14.22,NA,NA,NA
1859-03-19 07:00:00,16.11,NA,1,225,8.4,"225",994.24,NA,NA,NA,100,NA,4.33,NA,4.44,4.44,2
1859-03-19 14:00:00,17.78,NA,10,225,8.4,"292.5",1007.45,NA,NA,NA,100,NA,4.44,NA,4.44,4.44,5
1859-03-19 21:00:00,18.89,NA,1,292.5,6.37,"225",1015.92,NA,NA,NA,100,NA,0.56,NA,0.56,0.56,20
1859-03-20,NA,NA,NA,NA,NA,NA,NA,0.23,"empty","empty",NA,0,NA,-2.22,NA,NA,NA
1859-03-20 07:00:00,13.33,NA,4,292.5,4.57,"292.5",1015.85,NA,NA,NA,88,NA,-2.22,NA,-2.78,-2.22,11
1859-03-20 14:00:00,15.56,NA,4,315,5.76,"315",1014.22,NA,NA,NA,80,NA,2.22,NA,1.11,2.22,11
1859-03-20 21:00:00,12.78,NA,0,315,3.08,NA,1014.16,NA,NA,NA,85,NA,-6.67,NA,-7.22,-6.67,11
1859-03-21,NA,NA,NA,NA,NA,NA,NA,0,"empty","empty",NA,0,NA,-2,NA,NA,NA
1859-03-21 07:00:00,11.11,NA,0,270,2.71,NA,1021,NA,NA,NA,71,NA,-4.44,NA,-7.22,-6.11,1
1859-03-21 14:00:00,12.22,NA,1,247.5,5.25,"247.5",1019.3,NA,NA,NA,79,NA,1.22,NA,0,1.11,1
1859-03-21 21:00:00,13.33,NA,0,247.5,4.37,NA,1019.3,NA,NA,NA,88,NA,-2.78,NA,-3.33,-2.78,1
1859-03-22,NA,NA,NA,NA,NA,NA,NA,0,"5 am | 1 pm","1 pm | 5 pm",NA,0,NA,-0.19,NA,NA,NA
1859-03-22 07:00:00,12.22,NA,1,45,5.25,"45",1017.61,NA,NA,NA,89,NA,-0.56,NA,-1.11,-0.56,1
1859-03-22 14:00:00,12.22,NA,1,22.5,5.25,"22.5",1011.85,NA,NA,NA,89,NA,-0.56,NA,-1.11,-0.56,1
1859-03-22 21:00:00,16.11,NA,1,22.5,6.37,"22.5",1010.84,NA,NA,NA,100,NA,0.56,NA,0.56,0.56,1
1859-03-23,NA,NA,NA,NA,NA,NA,NA,14.48,"empty","empty",NA,76.2,NA,1.91,NA,NA,NA
1859-03-23 07:00:00,13.33,NA,1,270,5.49,"270",1014.29,NA,NA,NA,89,NA,0,NA,-0.56,0,1
1859-03-23 14:00:00,15,NA,1,270,7.96,"270",1012.87,NA,NA,NA,91,NA,5.17,NA,4.44,5,1
1859-03-23 21:00:00,15,NA,0,270,5.69,NA,1014.22,NA,NA,NA,89,NA,0.56,NA,0,0.56,1
1859-03-24,NA,NA,NA,NA,NA,NA,NA,0,"10 am | 1 pm","10:30 am | 9 pm",NA,0,NA,3.61,NA,NA,NA
1859-03-24 07:00:00,12.78,NA,NA,45,5.69,NA,1013.61,NA,NA,NA,89,NA,0.56,NA,0,0.56,0
1859-03-24 14:00:00,13.89,NA,0,112.5,8.26,"112.5",1007.79,NA,NA,NA,91,NA,5.83,NA,5,5.56,0
1859-03-24 21:00:00,15.56,NA,2,180,7.62,"180",1002.64,NA,NA,NA,91,NA,4.44,NA,3.89,4.44,2
1859-03-25,NA,NA,NA,NA,NA,NA,NA,16.26,"empty","empty",NA,0.23,NA,6.48,NA,NA,NA
1859-03-25 07:00:00,13.89,NA,0,180,8.6,"225",1001.08,NA,NA,NA,92,NA,6.11,NA,5.56,6.11,0
1859-03-25 14:00:00,16.11,NA,1,247.5,11.34,"247.5",999.02,NA,NA,NA,93,NA,10,NA,9.44,10,1
1859-03-25 21:00:00,18.33,NA,3,247.5,7.04,"247.5",1003.73,NA,NA,NA,91,NA,3.33,NA,-2.78,3.33,5
1859-03-26,NA,NA,NA,NA,NA,NA,NA,0.23,"8 pm","10 pm",NA,0.23,NA,1.7,NA,NA,NA
1859-03-26 07:00:00,14.44,NA,1,247.5,6.6,"247.5",1006.16,NA,NA,NA,82,NA,3.89,NA,2.78,3.89,1
1859-03-26 14:00:00,13.89,NA,3,270,6.47,"270",1006.1,NA,NA,NA,90,NA,2.33,NA,1.67,2.22,5
1859-03-26 21:00:00,14.44,NA,1,247.5,6.2,"247.5",1006.43,NA,NA,NA,90,NA,2.22,NA,1.11,1.67,1
1859-03-27,NA,NA,NA,NA,NA,NA,NA,0,"empty","empty",NA,0,NA,2.13,NA,NA,NA
1859-03-27 07:00:00,13.33,NA,2,270,5.25,"270",1007.45,NA,NA,NA,79,NA,1.11,NA,0,1.11,2
1859-03-27 14:00:00,13.33,NA,3,270,6.6,"270",1005.83,NA,NA,NA,82,NA,3.83,NA,2.78,3.89,5
1859-03-27 21:00:00,14.44,NA,0,247.5,5.49,NA,1008.47,NA,NA,NA,80,NA,1.44,NA,0.56,1.67,2
1859-03-28,NA,NA,NA,NA,NA,NA,NA,0,"empty","empty",NA,0,NA,3.98,NA,NA,NA
1859-03-28 07:00:00,13.33,NA,0,67.5,4.81,NA,1014.6,NA,NA,NA,70,NA,1.67,NA,0,1.67,0
1859-03-28 14:00:00,12.22,NA,1,90,8.87,"90",1011.85,NA,NA,NA,84,NA,7.78,NA,6.67,7.78,1
1859-03-28 21:00:00,15,NA,1,90,5.76,"90",1005.76,NA,NA,NA,80,NA,2.5,NA,1.11,2.22,1
1859-03-29,NA,NA,NA,NA,NA,NA,NA,0,"2:30 pm | 7:30 pm","3 pm | 10 pm",NA,0,NA,6.26,NA,NA,NA
1859-03-29 07:00:00,15,NA,1,225,7.62,"225",998.98,NA,NA,NA,91,NA,4.33,NA,3.89,4.44,1
1859-03-29 14:00:00,15,NA,1,135,10.9,"135",990.86,NA,NA,NA,92,NA,9.89,NA,8.89,9.44,1
1859-03-29 21:00:00,17.78,NA,1,135,7.62,"135",992.55,NA,NA,NA,91,NA,4.56,NA,3.89,4.44,1
1859-03-30,NA,NA,NA,NA,NA,NA,NA,14.22,"3 pm","4 pm",NA,0,NA,2.64,NA,NA,NA
1859-03-30 07:00:00,14.44,NA,10,270,6.74,"270",998.98,NA,NA,NA,97,NA,2.67,NA,2.22,2.78,20
1859-03-30 14:00:00,14.44,NA,8,270,5.86,"270",1000,NA,NA,NA,73,NA,3.89,NA,2.22,3.89,11
1859-03-30 21:00:00,18.89,NA,0,270,6.2,NA,1002.91,NA,NA,NA,90,NA,1.39,NA,1.11,1.67,2
1859-03-31,NA,NA,NA,NA,NA,NA,NA,0.23,"empty","empty",NA,0.23,NA,1.63,NA,NA,NA
1859-03-31 07:00:00,14.44,NA,5,292.5,6.74,"292.5",1007.45,NA,NA,NA,90,NA,2.78,NA,2.22,2.78,16
1859-03-31 14:00:00,12.78,NA,9,292.5,6.74,"292.5",1005.76,NA,NA,NA,90,NA,2.78,NA,2.22,2.78,11
1859-03-31 21:00:00,16.11,NA,0,247.5,5.38,NA,1012.53,NA,NA,NA,89,NA,-0.67,NA,-1.11,-0.56,11
1859-04-01,NA,NA,NA,NA,NA,NA,NA,NA,NA,NA,NA,NA,NA,1.48,NA,NA,NA
1859-04-01 07:00:00,NA,NA,NA,NA,NA,NA,NA,NA,NA,NA,NA,NA,2.78,NA,NA,NA,NA
1859-04-01 14:00:00,NA,NA,NA,NA,NA,NA,NA,NA,NA,NA,NA,NA,3.33,NA,NA,NA,NA
1859-04-01 21:00:00,NA,NA,NA,NA,NA,NA,NA,NA,NA,NA,NA,NA,-1.67,NA,NA,NA,NA
1859-04-02,NA,NA,NA,NA,NA,NA,NA,NA,NA,NA,NA,NA,NA,-0.04,NA,NA,NA
1859-04-02 07:00:00,NA,NA,NA,NA,NA,NA,NA,NA,NA,NA,NA,NA,-3.89,NA,NA,NA,NA
1859-04-02 14:00:00,NA,NA,NA,NA,NA,NA,NA,NA,NA,NA,NA,NA,-6.22,NA,NA,NA,NA
1859-04-02 21:00:00,NA,NA,NA,NA,NA,NA,NA,NA,NA,NA,NA,NA,-1.11,NA,NA,NA,NA
1859-04-03,NA,NA,NA,NA,NA,NA,NA,NA,NA,NA,NA,NA,NA,1.17,NA,NA,NA
1859-04-03 07:00:00,NA,NA,NA,NA,NA,NA,NA,NA,NA,NA,NA,NA,0.44,NA,NA,NA,NA
1859-04-03 14:00:00,NA,NA,NA,NA,NA,NA,NA,NA,NA,NA,NA,NA,3.33,NA,NA,NA,NA
1859-04-03 21:00:00,NA,NA,NA,NA,NA,NA,NA,NA,NA,NA,NA,NA,-0.28,NA,NA,NA,NA
1859-04-04,NA,NA,NA,NA,NA,NA,NA,NA,NA,NA,NA,NA,NA,0.59,NA,NA,NA
1859-04-04 07:00:00,NA,NA,NA,NA,NA,NA,NA,NA,NA,NA,NA,NA,4.17,NA,NA,NA,NA
1859-04-04 14:00:00,NA,NA,NA,NA,NA,NA,NA,NA,NA,NA,NA,NA,0.28,NA,NA,NA,NA
1859-04-04 21:00:00,NA,NA,NA,NA,NA,NA,NA,NA,NA,NA,NA,NA,-2.67,NA,NA,NA,NA
1859-04-05,NA,NA,NA,NA,NA,NA,NA,NA,NA,NA,NA,NA,NA,-3.22,NA,NA,NA
1859-04-05 07:00:00,NA,NA,NA,NA,NA,NA,NA,NA,NA,NA,NA,NA,-6.11,NA,NA,NA,NA
1859-04-05 14:00:00,NA,NA,NA,NA,NA,NA,NA,NA,NA,NA,NA,NA,0.56,NA,NA,NA,NA
1859-04-05 21:00:00,NA,NA,NA,NA,NA,NA,NA,NA,NA,NA,NA,NA,-4.11,NA,NA,NA,NA
1859-04-06,NA,NA,NA,NA,NA,NA,NA,NA,NA,NA,NA,NA,NA,-1.08,NA,NA,NA
1859-04-06 07:00:00,NA,NA,NA,NA,NA,NA,NA,NA,NA,NA,NA,NA,-4.67,NA,NA,NA,NA
1859-04-06 14:00:00,NA,NA,NA,NA,NA,NA,NA,NA,NA,NA,NA,NA,3.67,NA,NA,NA,NA
1859-04-06 21:00:00,NA,NA,NA,NA,NA,NA,NA,NA,NA,NA,NA,NA,-2.22,NA,NA,NA,NA
1859-04-07,NA,NA,NA,NA,NA,NA,NA,NA,NA,NA,NA,NA,NA,2.91,NA,NA,NA
1859-04-07 07:00:00,NA,NA,NA,NA,NA,NA,NA,NA,NA,NA,NA,NA,1.39,NA,NA,NA,NA
1859-04-07 14:00:00,NA,NA,NA,NA,NA,NA,NA,NA,NA,NA,NA,NA,5,NA,NA,NA,NA
1859-04-07 21:00:00,NA,NA,NA,NA,NA,NA,NA,NA,NA,NA,NA,NA,2.33,NA,NA,NA,NA
1859-04-08,NA,NA,NA,NA,NA,NA,NA,NA,NA,NA,NA,NA,NA,0.52,NA,NA,NA
1859-04-08 07:00:00,NA,NA,NA,NA,NA,NA,NA,NA,NA,NA,NA,NA,-0.83,NA,NA,NA,NA
1859-04-08 14:00:00,NA,NA,NA,NA,NA,NA,NA,NA,NA,NA,NA,NA,4.06,NA,NA,NA,NA
1859-04-08 21:00:00,NA,NA,NA,NA,NA,NA,NA,NA,NA,NA,NA,NA,-1.67,NA,NA,NA,NA
1859-04-09,NA,NA,NA,NA,NA,NA,NA,NA,NA,NA,NA,NA,NA,-1.61,NA,NA,NA
1859-04-09 07:00:00,NA,NA,NA,NA,NA,NA,NA,NA,NA,NA,NA,NA,-4.44,NA,NA,NA,NA
1859-04-09 14:00:00,NA,NA,NA,NA,NA,NA,NA,NA,NA,NA,NA,NA,1.28,NA,NA,NA,NA
1859-04-09 21:00:00,NA,NA,NA,NA,NA,NA,NA,NA,NA,NA,NA,NA,-1.67,NA,NA,NA,NA
1859-04-10,NA,NA,NA,NA,NA,NA,NA,NA,NA,NA,NA,NA,NA,0.41,NA,NA,NA
1859-04-10 07:00:00,NA,NA,NA,NA,NA,NA,NA,NA,NA,NA,NA,NA,-2.22,NA,NA,NA,NA
1859-04-10 14:00:00,NA,NA,NA,NA,NA,NA,NA,NA,NA,NA,NA,NA,2.89,NA,NA,NA,NA
1859-04-10 21:00:00,NA,NA,NA,NA,NA,NA,NA,NA,NA,NA,NA,NA,0.56,NA,NA,NA,NA
1859-04-11,NA,NA,NA,NA,NA,NA,NA,NA,NA,NA,NA,NA,NA,1.57,NA,NA,NA
1859-04-11 07:00:00,NA,NA,NA,NA,NA,NA,NA,NA,NA,NA,NA,NA,3.89,NA,NA,NA,NA
1859-04-11 14:00:00,NA,NA,NA,NA,NA,NA,NA,NA,NA,NA,NA,NA,0.28,NA,NA,NA,NA
1859-04-11 21:00:00,NA,NA,NA,NA,NA,NA,NA,NA,NA,NA,NA,NA,0.56,NA,NA,NA,NA
1859-04-12,NA,NA,NA,NA,NA,NA,NA,NA,NA,NA,NA,NA,NA,4.44,NA,NA,NA
1859-04-12 07:00:00,NA,NA,NA,NA,NA,NA,NA,NA,NA,NA,NA,NA,3.33,NA,NA,NA,NA
1859-04-12 14:00:00,NA,NA,NA,NA,NA,NA,NA,NA,NA,NA,NA,NA,6.11,NA,NA,NA,NA
1859-04-12 21:00:00,NA,NA,NA,NA,NA,NA,NA,NA,NA,NA,NA,NA,3.89,NA,NA,NA,NA
1859-04-13,NA,NA,NA,NA,NA,NA,NA,NA,NA,NA,NA,NA,NA,4.63,NA,NA,NA
1859-04-13 07:00:00,NA,NA,NA,NA,NA,NA,NA,NA,NA,NA,NA,NA,6.11,NA,NA,NA,NA
1859-04-13 14:00:00,NA,NA,NA,NA,NA,NA,NA,NA,NA,NA,NA,NA,6.11,NA,NA,NA,NA
1859-04-13 21:00:00,NA,NA,NA,NA,NA,NA,NA,NA,NA,NA,NA,NA,1.67,NA,NA,NA,NA
1859-04-14,NA,NA,NA,NA,NA,NA,NA,NA,NA,NA,NA,NA,NA,0.17,NA,NA,NA
1859-04-14 07:00:00,NA,NA,NA,NA,NA,NA,NA,NA,NA,NA,NA,NA,0,NA,NA,NA,NA
1859-04-14 14:00:00,NA,NA,NA,NA,NA,NA,NA,NA,NA,NA,NA,NA,1.11,NA,NA,NA,NA
1859-04-14 21:00:00,NA,NA,NA,NA,NA,NA,NA,NA,NA,NA,NA,NA,-0.56,NA,NA,NA,NA
1859-04-15,NA,NA,NA,NA,NA,NA,NA,NA,NA,NA,NA,NA,NA,4.44,NA,NA,NA
1859-04-15 07:00:00,NA,NA,NA,NA,NA,NA,NA,NA,NA,NA,NA,NA,1.11,NA,NA,NA,NA
1859-04-15 14:00:00,NA,NA,NA,NA,NA,NA,NA,NA,NA,NA,NA,NA,2.22,NA,NA,NA,NA
1859-04-15 21:00:00,NA,NA,NA,NA,NA,NA,NA,NA,NA,NA,NA,NA,4.44,NA,NA,NA,NA
1859-04-16,NA,NA,NA,NA,NA,NA,NA,NA,NA,NA,NA,NA,NA,2.78,NA,NA,NA
1859-04-16 07:00:00,NA,NA,NA,NA,NA,NA,NA,NA,NA,NA,NA,NA,-0.56,NA,NA,NA,NA
1859-04-16 14:00:00,NA,NA,NA,NA,NA,NA,NA,NA,NA,NA,NA,NA,6.67,NA,NA,NA,NA
1859-04-16 21:00:00,NA,NA,NA,NA,NA,NA,NA,NA,NA,NA,NA,NA,2.22,NA,NA,NA,NA
1859-04-17,NA,NA,NA,NA,NA,NA,NA,NA,NA,NA,NA,NA,NA,3.67,NA,NA,NA
1859-04-17 07:00:00,NA,NA,NA,NA,NA,NA,NA,NA,NA,NA,NA,NA,0,NA,NA,NA,NA
1859-04-17 14:00:00,NA,NA,NA,NA,NA,NA,NA,NA,NA,NA,NA,NA,7.78,NA,NA,NA,NA
1859-04-17 21:00:00,NA,NA,NA,NA,NA,NA,NA,NA,NA,NA,NA,NA,3.33,NA,NA,NA,NA
1859-04-18,NA,NA,NA,NA,NA,NA,NA,NA,NA,NA,NA,NA,NA,4.53,NA,NA,NA
1859-04-18 07:00:00,NA,NA,NA,NA,NA,NA,NA,NA,NA,NA,NA,NA,1.11,NA,NA,NA,NA
1859-04-18 14:00:00,NA,NA,NA,NA,NA,NA,NA,NA,NA,NA,NA,NA,8.06,NA,NA,NA,NA
1859-04-18 21:00:00,NA,NA,NA,NA,NA,NA,NA,NA,NA,NA,NA,NA,4.44,NA,NA,NA,NA
1859-04-19,NA,NA,NA,NA,NA,NA,NA,NA,NA,NA,NA,NA,NA,5.78,NA,NA,NA
1859-04-19 07:00:00,NA,NA,NA,NA,NA,NA,NA,NA,NA,NA,NA,NA,2.22,NA,NA,NA,NA
1859-04-19 14:00:00,NA,NA,NA,NA,NA,NA,NA,NA,NA,NA,NA,NA,11.22,NA,NA,NA,NA
1859-04-19 21:00:00,NA,NA,NA,NA,NA,NA,NA,NA,NA,NA,NA,NA,3.89,NA,NA,NA,NA
1859-04-20,NA,NA,NA,NA,NA,NA,NA,NA,NA,NA,NA,NA,NA,7.78,NA,NA,NA
1859-04-20 07:00:00,NA,NA,NA,NA,NA,NA,NA,NA,NA,NA,NA,NA,7.22,NA,NA,NA,NA
1859-04-20 14:00:00,NA,NA,NA,NA,NA,NA,NA,NA,NA,NA,NA,NA,11.11,NA,NA,NA,NA
1859-04-20 21:00:00,NA,NA,NA,NA,NA,NA,NA,NA,NA,NA,NA,NA,5,NA,NA,NA,NA
1859-04-21,NA,NA,NA,NA,NA,NA,NA,NA,NA,NA,NA,NA,NA,5.72,NA,NA,NA
1859-04-21 07:00:00,NA,NA,NA,NA,NA,NA,NA,NA,NA,NA,NA,NA,1.67,NA,NA,NA,NA
1859-04-21 14:00:00,NA,NA,NA,NA,NA,NA,NA,NA,NA,NA,NA,NA,13.33,NA,NA,NA,NA
1859-04-21 21:00:00,NA,NA,NA,NA,NA,NA,NA,NA,NA,NA,NA,NA,2.22,NA,NA,NA,NA
1859-04-22,NA,NA,NA,NA,NA,NA,NA,NA,NA,NA,NA,NA,NA,4.06,NA,NA,NA
1859-04-22 07:00:00,NA,NA,NA,NA,NA,NA,NA,NA,NA,NA,NA,NA,-0.56,NA,NA,NA,NA
1859-04-22 14:00:00,NA,NA,NA,NA,NA,NA,NA,NA,NA,NA,NA,NA,7.78,NA,NA,NA,NA
1859-04-22 21:00:00,NA,NA,NA,NA,NA,NA,NA,NA,NA,NA,NA,NA,5,NA,NA,NA,NA
1859-04-23,NA,NA,NA,NA,NA,NA,NA,NA,NA,NA,NA,NA,NA,1.11,NA,NA,NA
1859-04-23 07:00:00,NA,NA,NA,NA,NA,NA,NA,NA,NA,NA,NA,NA,2.22,NA,NA,NA,NA
1859-04-23 14:00:00,NA,NA,NA,NA,NA,NA,NA,NA,NA,NA,NA,NA,1.11,NA,NA,NA,NA
1859-04-23 21:00:00,NA,NA,NA,NA,NA,NA,NA,NA,NA,NA,NA,NA,0,NA,NA,NA,NA
1859-04-24,NA,NA,NA,NA,NA,NA,NA,NA,NA,NA,NA,NA,NA,2.94,NA,NA,NA
1859-04-24 07:00:00,NA,NA,NA,NA,NA,NA,NA,NA,NA,NA,NA,NA,1.11,NA,NA,NA,NA
1859-04-24 14:00:00,NA,NA,NA,NA,NA,NA,NA,NA,NA,NA,NA,NA,4.44,NA,NA,NA,NA
1859-04-24 21:00:00,NA,NA,NA,NA,NA,NA,NA,NA,NA,NA,NA,NA,3.33,NA,NA,NA,NA
1859-04-25,NA,NA,NA,NA,NA,NA,NA,NA,NA,NA,NA,NA,NA,6.11,NA,NA,NA
1859-04-25 07:00:00,NA,NA,NA,NA,NA,NA,NA,NA,NA,NA,NA,NA,1.11,NA,NA,NA,NA
1859-04-25 14:00:00,NA,NA,NA,NA,NA,NA,NA,NA,NA,NA,NA,NA,12.78,NA,NA,NA,NA
1859-04-25 21:00:00,NA,NA,NA,NA,NA,NA,NA,NA,NA,NA,NA,NA,4.44,NA,NA,NA,NA
1859-04-26,NA,NA,NA,NA,NA,NA,NA,NA,NA,NA,NA,NA,NA,9.06,NA,NA,NA
1859-04-26 07:00:00,NA,NA,NA,NA,NA,NA,NA,NA,NA,NA,NA,NA,3.89,NA,NA,NA,NA
1859-04-26 14:00:00,NA,NA,NA,NA,NA,NA,NA,NA,NA,NA,NA,NA,17.78,NA,NA,NA,NA
1859-04-26 21:00:00,NA,NA,NA,NA,NA,NA,NA,NA,NA,NA,NA,NA,5.56,NA,NA,NA,NA
1859-04-27,NA,NA,NA,NA,NA,NA,NA,NA,NA,NA,NA,NA,NA,4.22,NA,NA,NA
1859-04-27 07:00:00,NA,NA,NA,NA,NA,NA,NA,NA,NA,NA,NA,NA,-2.22,NA,NA,NA,NA
1859-04-27 14:00:00,NA,NA,NA,NA,NA,NA,NA,NA,NA,NA,NA,NA,11.11,NA,NA,NA,NA
1859-04-27 21:00:00,NA,NA,NA,NA,NA,NA,NA,NA,NA,NA,NA,NA,3.89,NA,NA,NA,NA
1859-04-28,NA,NA,NA,NA,NA,NA,NA,NA,NA,NA,NA,NA,NA,8.89,NA,NA,NA
1859-04-28 07:00:00,NA,NA,NA,NA,NA,NA,NA,NA,NA,NA,NA,NA,2.22,NA,NA,NA,NA
1859-04-28 14:00:00,NA,NA,NA,NA,NA,NA,NA,NA,NA,NA,NA,NA,16.67,NA,NA,NA,NA
1859-04-28 21:00:00,NA,NA,NA,NA,NA,NA,NA,NA,NA,NA,NA,NA,7.78,NA,NA,NA,NA
1859-04-29,NA,NA,NA,NA,NA,NA,NA,NA,NA,NA,NA,NA,NA,12.59,NA,NA,NA
1859-04-29 07:00:00,NA,NA,NA,NA,NA,NA,NA,NA,NA,NA,NA,NA,6.67,NA,NA,NA,NA
1859-04-29 14:00:00,NA,NA,NA,NA,NA,NA,NA,NA,NA,NA,NA,NA,22.22,NA,NA,NA,NA
1859-04-29 21:00:00,NA,NA,NA,NA,NA,NA,NA,NA,NA,NA,NA,NA,8.89,NA,NA,NA,NA
1859-04-30,NA,NA,NA,NA,NA,NA,NA,NA,NA,NA,NA,NA,NA,11.28,NA,NA,NA
1859-04-30 07:00:00,NA,NA,NA,NA,NA,NA,NA,NA,NA,NA,NA,NA,7.22,NA,NA,NA,NA
1859-04-30 14:00:00,NA,NA,NA,NA,NA,NA,NA,NA,NA,NA,NA,NA,20,NA,NA,NA,NA
1859-04-30 21:00:00,NA,NA,NA,NA,NA,NA,NA,NA,NA,NA,NA,NA,6.67,NA,NA,NA,NA
1859-05-01,NA,NA,NA,NA,NA,NA,NA,0,"empty","empty",NA,0,NA,19.48,NA,NA,NA
1859-05-01 07:00:00,20,NA,NA,NA,NA,NA,1018.69,NA,NA,NA,NA,NA,17.78,NA,12.22,17.78,NA
1859-05-01 14:00:00,20,NA,NA,NA,NA,NA,1014.97,NA,NA,NA,NA,NA,23.17,NA,15.56,22.78,NA
1859-05-01 21:00:00,21.11,NA,NA,NA,NA,NA,1013.55,NA,NA,NA,NA,NA,17.5,NA,14.44,17.22,NA
1859-05-02,NA,NA,NA,NA,NA,NA,NA,0,"10:40 am | 4:40 pm | 8 pm","11:15 am | 5:10 pm | 9:15 pm",NA,0,NA,21.59,NA,NA,NA
1859-05-02 07:00:00,20.56,NA,NA,NA,NA,NA,1003.79,NA,NA,NA,NA,NA,21.11,NA,13.33,25.56,NA
1859-05-02 14:00:00,22.22,NA,NA,NA,NA,NA,997.63,NA,NA,NA,NA,NA,24.22,NA,21.67,23.89,NA
1859-05-02 21:00:00,22.22,NA,NA,NA,NA,NA,1004,NA,NA,NA,NA,NA,19.44,NA,17.78,19.44,NA
1859-05-03,NA,NA,NA,NA,NA,NA,NA,5.59,"8:15 am | 8:40 am","10 am | 11:30 am",NA,0,NA,12.5,NA,NA,NA
1859-05-03 07:00:00,18.89,NA,NA,NA,NA,NA,1014.16,NA,NA,NA,NA,NA,13.67,NA,10.56,13.89,NA
1859-05-03 14:00:00,16.67,NA,NA,NA,NA,NA,1016.26,NA,NA,NA,NA,NA,14.11,NA,10.56,14.44,NA
1859-05-03 21:00:00,15.56,NA,NA,NA,NA,NA,1021.61,NA,NA,NA,NA,NA,9.72,NA,7.22,9.44,NA
1859-05-04,NA,NA,NA,NA,NA,NA,NA,0.23,"empty","empty",NA,0,NA,15,NA,NA,NA
1859-05-04 07:00:00,15,NA,NA,NA,NA,NA,1027.77,NA,NA,NA,NA,NA,14.44,NA,10,14.44,NA
1859-05-04 14:00:00,20.56,NA,NA,NA,NA,NA,1028.62,NA,NA,NA,NA,NA,17.22,NA,15.56,20.56,NA
1859-05-04 21:00:00,17.78,NA,NA,NA,NA,NA,1029.46,NA,NA,NA,NA,NA,13.33,NA,8.89,12.78,NA
1859-05-05,NA,NA,NA,NA,NA,NA,NA,0,"empty","empty",NA,0,NA,17.96,NA,NA,NA
1859-05-05 07:00:00,17.22,NA,NA,NA,NA,NA,1032.85,NA,NA,NA,NA,NA,16.94,NA,13.33,17.22,NA
1859-05-05 14:00:00,21.11,NA,NA,NA,NA,NA,1026.41,NA,NA,NA,NA,NA,20.56,NA,15,20.56,NA
1859-05-05 21:00:00,18.89,NA,NA,NA,NA,NA,1024.04,NA,NA,NA,NA,NA,16.39,NA,11.11,16.11,NA
1859-05-06,NA,NA,NA,NA,NA,NA,NA,0,"empty","empty",NA,0,NA,20.7,NA,NA,NA
1859-05-06 07:00:00,18.33,NA,NA,NA,NA,NA,1027.77,NA,NA,NA,NA,NA,18.89,NA,13.33,18.89,NA
1859-05-06 14:00:00,22.22,NA,NA,NA,NA,NA,1026.41,NA,NA,NA,NA,NA,24.33,NA,18.89,24.44,NA
1859-05-06 21:00:00,21.67,NA,NA,NA,NA,NA,1025.13,NA,NA,NA,NA,NA,18.89,NA,13.33,18.89,NA
1859-05-07,NA,NA,NA,NA,NA,NA,NA,0,"empty","empty",NA,0,NA,20.42,NA,NA,NA
1859-05-07 07:00:00,21.11,NA,NA,NA,NA,NA,1025.4,NA,NA,NA,NA,NA,17.39,NA,15,17.22,NA
1859-05-07 14:00:00,22.22,NA,NA,NA,NA,NA,1023.71,NA,NA,NA,NA,NA,23.5,NA,18.33,23.33,NA
1859-05-07 21:00:00,22.78,NA,NA,NA,NA,NA,1023.77,NA,NA,NA,NA,NA,20.39,NA,17.22,20.56,NA
1859-05-08,NA,NA,NA,NA,NA,NA,NA,0,"4:30 pm","5 pm",NA,0,NA,24.31,NA,NA,NA
1859-05-08 07:00:00,22.22,NA,NA,NA,NA,NA,1022.76,NA,NA,NA,NA,NA,25,NA,20,25,NA
1859-05-08 14:00:00,23.89,NA,NA,NA,NA,NA,1022.55,NA,NA,NA,NA,NA,26.67,NA,22.22,26.67,NA
1859-05-08 21:00:00,23.33,NA,NA,NA,NA,NA,1022.35,NA,NA,NA,NA,NA,21.28,NA,18.33,23.33,NA
1859-05-09,NA,NA,NA,NA,NA,NA,NA,0.23,"empty","empty",NA,0,NA,23.52,NA,NA,NA
1859-05-09 07:00:00,21.11,NA,NA,NA,NA,NA,1026.48,NA,NA,NA,NA,NA,22.22,NA,17.22,22.22,NA
1859-05-09 14:00:00,22.78,NA,NA,NA,NA,NA,1025.13,NA,NA,NA,NA,NA,25,NA,15.56,25,NA
1859-05-09 21:00:00,23.33,NA,NA,NA,NA,NA,1025.74,NA,NA,NA,NA,NA,23.33,NA,18.89,23.33,NA
1859-05-10,NA,NA,NA,NA,NA,NA,NA,0,"empty","empty",NA,0,NA,25.92,NA,NA,NA
1859-05-10 07:00:00,21.67,NA,NA,NA,NA,NA,1026.08,NA,NA,NA,NA,NA,26.89,NA,16.67,27.22,NA
1859-05-10 14:00:00,25.56,NA,NA,NA,NA,NA,1022.01,NA,NA,NA,NA,NA,28.11,NA,18.89,27.78,NA
1859-05-10 21:00:00,23.89,NA,NA,NA,NA,NA,1021,NA,NA,NA,NA,NA,22.78,NA,17.78,22.78,NA
1859-05-11,NA,NA,NA,NA,NA,NA,NA,0,"empty","empty",NA,0,NA,25.52,NA,NA,NA
1859-05-11 07:00:00,23.33,NA,NA,NA,NA,NA,1019.3,NA,NA,NA,NA,NA,21.11,NA,16.11,21.11,NA
1859-05-11 14:00:00,25.56,NA,NA,NA,NA,NA,1018.96,NA,NA,NA,NA,NA,29.56,NA,22.22,29.44,NA
1859-05-11 21:00:00,26.67,NA,NA,NA,NA,NA,1018.63,NA,NA,NA,NA,NA,25.89,NA,22.78,26.11,NA
1859-05-12,NA,NA,NA,NA,NA,NA,NA,0,"10:40 pm","2 am",NA,0,NA,29.7,NA,NA,NA
1859-05-12 07:00:00,26.11,NA,NA,NA,NA,NA,1019.64,NA,NA,NA,NA,NA,28.89,NA,23.89,28.89,NA
1859-05-12 14:00:00,26.67,NA,NA,NA,NA,NA,1017,NA,NA,NA,NA,NA,32.22,NA,25.56,32.22,NA
1859-05-12 21:00:00,28.33,NA,NA,NA,NA,NA,1015.92,NA,NA,NA,NA,NA,28,NA,23.89,27.78,NA
1859-05-13,NA,NA,NA,NA,NA,NA,NA,6.1,"empty","empty",NA,0,NA,25.31,NA,NA,NA
1859-05-13 07:00:00,25.56,NA,NA,NA,NA,NA,1021,NA,NA,NA,NA,NA,23.17,NA,20,23.33,NA
1859-05-13 14:00:00,22.22,NA,NA,NA,NA,NA,1021.67,NA,NA,NA,NA,NA,26.67,NA,21.11,26.67,NA
1859-05-13 21:00:00,22.22,NA,NA,NA,NA,NA,1022.35,NA,NA,NA,NA,NA,20.56,NA,15.56,20.56,NA
1859-05-14,NA,NA,NA,NA,NA,NA,NA,0,"empty","empty",NA,0,NA,22.59,NA,NA,NA
1859-05-14 07:00:00,21.67,NA,NA,NA,NA,NA,1025.06,NA,NA,NA,NA,NA,22.78,NA,16.67,22.22,NA
1859-05-14 14:00:00,23.33,NA,NA,NA,NA,NA,1022.42,NA,NA,NA,NA,NA,25,NA,16.67,25,NA
1859-05-14 21:00:00,22.78,NA,NA,NA,NA,NA,1022.62,NA,NA,NA,NA,NA,20.56,NA,16.67,20.56,NA
1859-05-15,NA,NA,NA,NA,NA,NA,NA,0,"4:45 pm","5:30 pm",NA,0,NA,21.74,NA,NA,NA
1859-05-15 07:00:00,21.67,NA,NA,NA,NA,NA,1021.33,NA,NA,NA,NA,NA,20.22,NA,16.11,20,NA
1859-05-15 14:00:00,23.33,NA,NA,NA,NA,NA,1018.02,NA,NA,NA,NA,NA,25.11,NA,18.89,25,NA
1859-05-15 21:00:00,22.22,NA,NA,NA,NA,NA,1017.61,NA,NA,NA,NA,NA,19.89,NA,17.22,20,NA
1859-05-16,NA,NA,NA,NA,NA,NA,NA,1.02,"empty","empty",NA,0,NA,21.74,NA,NA,NA
1859-05-16 07:00:00,22.22,NA,NA,NA,NA,NA,1016.26,NA,NA,NA,NA,NA,18.89,NA,16.11,18.89,NA
1859-05-16 14:00:00,23.89,NA,NA,NA,NA,NA,1013.55,NA,NA,NA,NA,NA,24.39,NA,19.44,24.44,NA
1859-05-16 21:00:00,23.33,NA,NA,NA,NA,NA,1014.22,NA,NA,NA,NA,NA,21.94,NA,19.44,21.67,NA
1859-05-17,NA,NA,NA,NA,NA,NA,NA,0,"12 pm","1:30 pm",NA,0,NA,23.07,NA,NA,NA
1859-05-17 07:00:00,23.89,NA,NA,NA,NA,NA,1014.56,NA,NA,NA,NA,NA,23.67,NA,20.56,23.89,NA
1859-05-17 14:00:00,24.44,NA,NA,NA,NA,NA,1014.22,NA,NA,NA,NA,NA,25,NA,21.67,25,NA
1859-05-17 21:00:00,22.22,NA,NA,NA,NA,NA,1016.59,NA,NA,NA,NA,NA,20.56,NA,17.78,20.56,NA
1859-05-18,NA,NA,NA,NA,NA,NA,NA,1.52,"empty","empty",NA,0,NA,22.26,NA,NA,NA
1859-05-18 07:00:00,21.11,NA,NA,NA,NA,NA,1017.61,NA,NA,NA,NA,NA,21.11,NA,16.67,21.11,NA
1859-05-18 14:00:00,23.33,NA,NA,NA,NA,NA,1014.22,NA,NA,NA,NA,NA,24.78,NA,20.56,25,NA
1859-05-18 21:00:00,23.33,NA,NA,NA,NA,NA,1014.02,NA,NA,NA,NA,NA,20.89,NA,18.33,19.44,NA
1859-05-19,NA,NA,NA,NA,NA,NA,NA,0,"7 pm | 9:15 pm","7:30 pm | 11 pm",NA,0,NA,25.29,NA,NA,NA
1859-05-19 07:00:00,21.67,NA,NA,NA,NA,NA,1009.48,NA,NA,NA,NA,NA,23.11,NA,19.44,23.33,NA
1859-05-19 14:00:00,25,NA,NA,NA,NA,NA,1006.43,NA,NA,NA,NA,NA,29.44,NA,26.11,29.44,NA
1859-05-19 21:00:00,25,NA,NA,NA,NA,NA,1003.39,NA,NA,NA,NA,NA,23.33,NA,15.56,22.78,NA
1859-05-20,NA,NA,NA,NA,NA,NA,NA,6.35,"empty","empty",NA,0,NA,19.68,NA,NA,NA
1859-05-20 07:00:00,22.78,NA,NA,NA,NA,NA,1003.73,NA,NA,NA,NA,NA,20.56,NA,17.22,20.56,NA
1859-05-20 14:00:00,20.56,NA,NA,NA,NA,NA,1010.7,NA,NA,NA,NA,NA,23.33,NA,18.89,23.33,NA
1859-05-20 21:00:00,19.44,NA,NA,NA,NA,NA,1012.53,NA,NA,NA,NA,NA,15.17,NA,11.67,15.56,NA
1859-05-21,NA,NA,NA,NA,NA,NA,NA,0,"empty","empty",NA,0,NA,19.39,NA,NA,NA
1859-05-21 07:00:00,19.44,NA,NA,NA,NA,NA,1014.56,NA,NA,NA,NA,NA,16.67,NA,12.22,16.67,NA
1859-05-21 14:00:00,21.67,NA,NA,NA,NA,NA,1012.53,NA,NA,NA,NA,NA,23.17,NA,17.78,23.33,NA
1859-05-21 21:00:00,21.67,NA,NA,NA,NA,NA,1011.18,NA,NA,NA,NA,NA,18.33,NA,15,18.33,NA
1859-05-22,NA,NA,NA,NA,NA,NA,NA,0.23,"9:20 am | 10:15 am | 2:35 pm","9:25 am | 11 am | 5:15 pm",NA,0,NA,20.18,NA,NA,NA
1859-05-22 07:00:00,21.11,NA,NA,NA,NA,NA,1004.47,NA,NA,NA,NA,NA,22.78,NA,20,22.22,NA
1859-05-22 14:00:00,21.11,NA,NA,NA,NA,NA,999.66,NA,NA,NA,NA,NA,22.22,NA,20.56,22.22,NA
1859-05-22 21:00:00,20.56,NA,NA,NA,NA,NA,1003.79,NA,NA,NA,NA,NA,16.11,NA,12.22,16.11,NA
1859-05-23,NA,NA,NA,NA,NA,NA,NA,10.41,"1:30 pm","1:50 pm",NA,0,NA,15.81,NA,NA,NA
1859-05-23 07:00:00,17.78,NA,NA,NA,NA,NA,1007.52,NA,NA,NA,NA,NA,13.89,NA,10,13.89,NA
1859-05-23 14:00:00,18.89,NA,NA,NA,NA,NA,1009.14,NA,NA,NA,NA,NA,18.44,NA,12.78,18.33,NA
1859-05-23 21:00:00,18.33,NA,NA,NA,NA,NA,1012.26,NA,NA,NA,NA,NA,15.11,NA,11.11,15,NA
1859-05-24,NA,NA,NA,NA,NA,NA,NA,0.76,"empty","empty",NA,0,NA,20.37,NA,NA,NA
1859-05-24 07:00:00,18.89,NA,NA,NA,NA,NA,1014.56,NA,NA,NA,NA,NA,20.56,NA,12.78,20.56,NA
1859-05-24 14:00:00,20,NA,NA,NA,NA,NA,1013.48,NA,NA,NA,NA,NA,23.33,NA,20.56,23.33,NA
1859-05-24 21:00:00,20,NA,NA,NA,NA,NA,1014.49,NA,NA,NA,NA,NA,17.22,NA,14.44,17.22,NA
1859-05-25,NA,NA,NA,NA,NA,NA,NA,0,"3 pm | 4 pm","3:15 pm | 5:40 pm",NA,0,NA,18.7,NA,NA,NA
1859-05-25 07:00:00,16.11,NA,NA,NA,NA,NA,1014.56,NA,NA,NA,NA,NA,16.67,NA,14.44,16.67,NA
1859-05-25 14:00:00,21.67,NA,NA,NA,NA,NA,1013.55,NA,NA,NA,NA,NA,23.89,NA,17.78,23.89,NA
1859-05-25 21:00:00,20,NA,NA,NA,NA,NA,1014.22,NA,NA,NA,NA,NA,15.56,NA,14.44,15.56,NA
1859-05-26,NA,NA,NA,NA,NA,NA,NA,5.59,"10:40 am| 4:15 pm | 8 pm","12:20 pm | 4:45 pm | 11 pm",NA,0,NA,15.81,NA,NA,NA
1859-05-26 07:00:00,18.89,NA,NA,NA,NA,NA,1012.53,NA,NA,NA,NA,NA,14.44,NA,13.89,15,NA
1859-05-26 14:00:00,20.56,NA,NA,NA,NA,NA,1007.18,NA,NA,NA,NA,NA,19.89,NA,18.33,20,NA
1859-05-26 21:00:00,20,NA,NA,NA,NA,NA,1008.4,NA,NA,NA,NA,NA,13.11,NA,12.22,14.44,NA
1859-05-27,NA,NA,NA,NA,NA,NA,NA,33.53,"11:45 am | 2:30 pm","12:40 pm | 4 pm",NA,0,NA,16.2,NA,NA,NA
1859-05-27 07:00:00,17.78,NA,NA,NA,NA,NA,1006.43,NA,NA,NA,NA,NA,14.17,NA,12.78,13.89,NA
1859-05-27 14:00:00,18.89,NA,NA,NA,NA,NA,1005.76,NA,NA,NA,NA,NA,18.33,NA,15.56,17.22,NA
1859-05-27 21:00:00,19.44,NA,NA,NA,NA,NA,1008.47,NA,NA,NA,NA,NA,16.11,NA,13.89,16.67,NA
1859-05-28,NA,NA,NA,NA,NA,NA,NA,1.52,"8 am | 4 pm","12:30 pm | 4:15 pm",NA,0,NA,18.18,NA,NA,NA
1859-05-28 07:00:00,18.89,NA,NA,NA,NA,NA,1011.51,NA,NA,NA,NA,NA,18.33,NA,15.56,18.33,NA
1859-05-28 14:00:00,20.56,NA,NA,NA,NA,NA,1013.95,NA,NA,NA,NA,NA,20,NA,17.22,20,NA
1859-05-28 21:00:00,20,NA,NA,NA,NA,NA,1015.98,NA,NA,NA,NA,NA,16.22,NA,13.89,16.11,NA
1859-05-29,NA,NA,NA,NA,NA,NA,NA,0.23,"empty","empty",NA,0,NA,20.37,NA,NA,NA
1859-05-29 07:00:00,19.44,NA,NA,NA,NA,NA,1019.44,NA,NA,NA,NA,NA,18.22,NA,16.67,18.33,NA
1859-05-29 14:00:00,21.67,NA,NA,NA,NA,NA,1020.66,NA,NA,NA,NA,NA,23.89,NA,19.44,23.89,NA
1859-05-29 21:00:00,22.22,NA,NA,NA,NA,NA,1022.01,NA,NA,NA,NA,NA,19,NA,16.67,18.89,NA
1859-05-30,NA,NA,NA,NA,NA,NA,NA,0,"empty","empty",NA,0,NA,22.2,NA,NA,NA
1859-05-30 07:00:00,20.56,NA,NA,NA,NA,NA,1024.38,NA,NA,NA,NA,NA,19,NA,16.67,18.89,NA
1859-05-30 14:00:00,21.67,NA,NA,NA,NA,NA,1022.62,NA,NA,NA,NA,NA,26.11,NA,18.33,26.11,NA
1859-05-30 21:00:00,22.78,NA,NA,NA,NA,NA,1022.01,NA,NA,NA,NA,NA,21.5,NA,17.78,21.67,NA
1859-05-31,NA,NA,NA,NA,NA,NA,NA,0,"empty","empty",NA,0,NA,25.09,NA,NA,NA
1859-05-31 07:00:00,21.67,NA,NA,NA,NA,NA,1021,NA,NA,NA,NA,NA,19.44,NA,17.78,19.44,NA
1859-05-31 14:00:00,23.33,NA,NA,NA,NA,NA,1017.68,NA,NA,NA,NA,NA,27.78,NA,18.89,26.67,NA
1859-05-31 21:00:00,23.33,NA,NA,NA,NA,NA,1014.9,NA,NA,NA,NA,NA,22.5,NA,16.11,22.78,NA
1859-07-01 07:00:00,NA,NA,0,247.5,9.65,NA,NA,NA,NA,NA,48,NA,NA,NA,NA,NA,11
1859-07-01 14:00:00,NA,NA,4,225,11.68,"225",NA,NA,NA,NA,42,NA,NA,NA,NA,NA,11
1859-07-01 21:00:00,NA,NA,1,225,14.09,"225",NA,NA,NA,NA,78,NA,NA,NA,NA,NA,1
1859-07-02 07:00:00,NA,NA,3,180,16.12,"180",NA,NA,NA,NA,50,NA,NA,NA,NA,NA,5
1859-07-02 14:00:00,NA,NA,4,247.5,23.87,"247.5",NA,NA,NA,NA,81,NA,NA,NA,NA,NA,11
1859-07-02 21:00:00,NA,NA,2,225,18.83,"225",NA,NA,NA,NA,84,NA,NA,NA,NA,NA,2
1859-07-03 07:00:00,NA,NA,3,0,9.99,"0",NA,NA,NA,NA,63,NA,NA,NA,NA,NA,5
1859-07-03 14:00:00,NA,NA,2,0,9.55,"0",NA,NA,NA,NA,58,NA,NA,NA,NA,NA,2
1859-07-03 21:00:00,NA,NA,0,0,8.36,NA,NA,NA,NA,NA,71,NA,NA,NA,NA,NA,2
1859-07-04 07:00:00,NA,NA,2,0,8.64,"0",NA,NA,NA,NA,53,NA,NA,NA,NA,NA,2
1859-07-04 14:00:00,NA,NA,2,0,13.48,"0",NA,NA,NA,NA,55,NA,NA,NA,NA,NA,2
1859-07-04 21:00:00,NA,NA,0,0,8.23,NA,NA,NA,NA,NA,56,NA,NA,NA,NA,NA,2
1859-07-05 07:00:00,NA,NA,1,0,12.02,"0",NA,NA,NA,NA,62,NA,NA,NA,NA,NA,1
1859-07-05 14:00:00,NA,NA,1,180,8.7,"180",NA,NA,NA,NA,52,NA,NA,NA,NA,NA,1
1859-07-05 21:00:00,NA,NA,0,180,9.11,NA,NA,NA,NA,NA,50,NA,NA,NA,NA,NA,1
1859-07-06 07:00:00,NA,NA,0,225,10.7,NA,NA,NA,NA,NA,49,NA,NA,NA,NA,NA,2
1859-07-06 14:00:00,NA,NA,0,247.5,17.1,NA,NA,NA,NA,NA,56,NA,NA,NA,NA,NA,2
1859-07-06 21:00:00,NA,NA,0,270,10.7,NA,NA,NA,NA,NA,49,NA,NA,NA,NA,NA,1
1859-07-07 07:00:00,NA,NA,1,270,15.07,"270",NA,NA,NA,NA,77,NA,NA,NA,NA,NA,1
1859-07-07 14:00:00,NA,NA,1,292.5,16.83,"292.5",NA,NA,NA,NA,54,NA,NA,NA,NA,NA,1
1859-07-07 21:00:00,NA,NA,1,292.5,16.76,"292.5",NA,NA,NA,NA,70,NA,NA,NA,NA,NA,1
1859-07-08 07:00:00,NA,NA,1,292.5,18.76,"292.5",NA,NA,NA,NA,61,NA,NA,NA,NA,NA,1
1859-07-08 14:00:00,NA,NA,1,45,22.93,"45",NA,NA,NA,NA,65,NA,NA,NA,NA,NA,1
1859-07-08 21:00:00,NA,NA,1,45,16.83,"45",NA,NA,NA,NA,59,NA,NA,NA,NA,NA,1
1859-07-09 07:00:00,NA,NA,1,45,15.41,"45",NA,NA,NA,NA,58,NA,NA,NA,NA,NA,1
1859-07-09 14:00:00,NA,NA,0,45,9.85,NA,NA,NA,NA,NA,31,NA,NA,NA,NA,NA,1
1859-07-09 21:00:00,NA,NA,0,45,18.02,NA,NA,NA,NA,NA,63,NA,NA,NA,NA,NA,1
1859-07-10 07:00:00,NA,NA,1,270,10.23,"270",NA,NA,NA,NA,28,NA,NA,NA,NA,NA,1
1859-07-10 14:00:00,NA,NA,2,247.5,18.46,"247.5",NA,NA,NA,NA,67,NA,NA,NA,NA,NA,2
1859-07-10 21:00:00,NA,NA,1,225,16.12,"225",NA,NA,NA,NA,59,NA,NA,NA,NA,NA,1
1859-07-11 07:00:00,NA,NA,4,270,14.09,"270",NA,NA,NA,NA,57,NA,NA,NA,NA,NA,11
1859-07-11 14:00:00,NA,NA,3,247.5,20.66,"247.5",NA,NA,NA,NA,50,NA,NA,NA,NA,NA,5
1859-07-11 21:00:00,NA,NA,0,NA,24.75,"292.5",NA,NA,NA,NA,74,NA,NA,NA,NA,NA,0
1859-07-12 07:00:00,NA,NA,0,292.5,25.23,NA,NA,NA,NA,NA,64,NA,NA,NA,NA,NA,1
1859-07-12 14:00:00,NA,NA,0,247.5,26.92,NA,NA,NA,NA,NA,56,NA,NA,NA,NA,NA,1
1859-07-12 21:00:00,NA,NA,1,225,26.18,"225",NA,NA,NA,NA,71,NA,NA,NA,NA,NA,1
1859-07-13 07:00:00,NA,NA,4,22.5,20.45,"22.5",NA,NA,NA,NA,73,NA,NA,NA,NA,NA,11
1859-07-13 14:00:00,NA,NA,0,45,20.28,NA,NA,NA,NA,NA,59,NA,NA,NA,NA,NA,1
1859-07-13 21:00:00,NA,NA,0,45,13.04,NA,NA,NA,NA,NA,53,NA,NA,NA,NA,NA,1
1859-07-14 07:00:00,NA,NA,2,45,14.29,"45",NA,NA,NA,NA,54,NA,NA,NA,NA,NA,2
1859-07-14 14:00:00,NA,NA,1,22.5,12.02,"22.5",NA,NA,NA,NA,38,NA,NA,NA,NA,NA,1
1859-07-14 21:00:00,NA,NA,0,NA,14.29,NA,NA,NA,NA,NA,54,NA,NA,NA,NA,NA,0
1859-07-15 07:00:00,NA,NA,2,45,15,"45",NA,NA,NA,NA,65,NA,NA,NA,NA,NA,2
1859-07-15 14:00:00,NA,NA,3,180,16.66,"180",NA,NA,NA,NA,53,NA,NA,NA,NA,NA,5
1859-07-15 21:00:00,NA,NA,3,180,17.24,"180",NA,NA,NA,NA,75,NA,NA,NA,NA,NA,5
1859-07-16 07:00:00,NA,NA,1,202.5,15.92,"202.5",NA,NA,NA,NA,73,NA,NA,NA,NA,NA,1
1859-07-16 14:00:00,NA,NA,3,180,18.32,"180",NA,NA,NA,NA,60,NA,NA,NA,NA,NA,5
1859-07-16 21:00:00,NA,NA,1,202.5,20.59,"202.5",NA,NA,NA,NA,80,NA,NA,NA,NA,NA,1
1859-07-17 07:00:00,NA,NA,0,292.5,21.27,NA,NA,NA,NA,NA,73,NA,NA,NA,NA,NA,0
1859-07-17 14:00:00,NA,NA,2,292.5,22.96,"292.5",NA,NA,NA,NA,73,NA,NA,NA,NA,NA,2
1859-07-17 21:00:00,NA,NA,0,45,17.91,NA,NA,NA,NA,NA,75,NA,NA,NA,NA,NA,11
1859-07-18 07:00:00,NA,NA,1,45,15.2,"45",NA,NA,NA,NA,61,NA,NA,NA,NA,NA,1
1859-07-18 14:00:00,NA,NA,0,NA,16.97,"270",NA,NA,NA,NA,65,NA,NA,NA,NA,NA,0
1859-07-18 21:00:00,NA,NA,0,270,20.01,"270",NA,NA,NA,NA,89,NA,NA,NA,NA,NA,0
1859-07-19 07:00:00,NA,NA,0,157.5,19.23,NA,NA,NA,NA,NA,67,NA,NA,NA,NA,NA,1
1859-07-19 14:00:00,NA,NA,1,225,30.78,"225",NA,NA,NA,NA,75,NA,NA,NA,NA,NA,1
1859-07-19 21:00:00,NA,NA,1,225,16.19,"225",NA,NA,NA,NA,83,NA,NA,NA,NA,NA,0
1859-07-20 07:00:00,NA,NA,0,270,16.8,NA,NA,NA,NA,NA,70,NA,NA,NA,NA,NA,5
1859-07-20 14:00:00,NA,NA,2,315,18.02,"315",NA,NA,NA,NA,63,NA,NA,NA,NA,NA,2
1859-07-20 21:00:00,NA,NA,0,315,10.7,NA,NA,NA,NA,NA,60,NA,NA,NA,NA,NA,1
1859-07-21 07:00:00,NA,NA,2,292.5,10.57,"292.5",NA,NA,NA,NA,56,NA,NA,NA,NA,NA,2
1859-07-21 14:00:00,NA,NA,2,292.5,15.68,"292.5",NA,NA,NA,NA,56,NA,NA,NA,NA,NA,2
1859-07-21 21:00:00,NA,NA,2,247.5,14.22,"247.5",NA,NA,NA,NA,68,NA,NA,NA,NA,NA,1
1859-07-22 07:00:00,NA,NA,3,180,21.37,"180",NA,NA,NA,NA,81,NA,NA,NA,NA,NA,5
1859-07-22 14:00:00,NA,NA,3,225,22.62,"225",NA,NA,NA,NA,86,NA,NA,NA,NA,NA,11
1859-07-22 21:00:00,NA,NA,3,247.5,11.01,"247.5",NA,NA,NA,NA,61,NA,NA,NA,NA,NA,5
1859-07-23 07:00:00,NA,NA,2,315,9.08,"315",NA,NA,NA,NA,58,NA,NA,NA,NA,NA,2
1859-07-23 14:00:00,NA,NA,2,315,10.19,"315",NA,NA,NA,NA,49,NA,NA,NA,NA,NA,2
1859-07-23 21:00:00,NA,NA,2,247.5,10.02,"247.5",NA,NA,NA,NA,59,NA,NA,NA,NA,NA,1
1859-07-24 07:00:00,NA,NA,2,247.5,11.38,"247.5",NA,NA,NA,NA,47,NA,NA,NA,NA,NA,2
1859-07-24 14:00:00,NA,NA,2,247.5,21.71,"247.5",NA,NA,NA,NA,77,NA,NA,NA,NA,NA,2
1859-07-24 21:00:00,NA,NA,1,247.5,14.09,"247.5",NA,NA,NA,NA,72,NA,NA,NA,NA,NA,1
1859-07-25 07:00:00,NA,NA,1,225,14.53,"225",NA,NA,NA,NA,77,NA,NA,NA,NA,NA,1
1859-07-25 14:00:00,NA,NA,3,225,15.2,"225",NA,NA,NA,NA,52,NA,NA,NA,NA,NA,5
1859-07-25 21:00:00,NA,NA,0,0,15.44,NA,NA,NA,NA,NA,88,NA,NA,NA,NA,NA,1
1859-07-26 07:00:00,NA,NA,2,180,14.87,"180",NA,NA,NA,NA,88,NA,NA,NA,NA,NA,2
1859-07-26 14:00:00,NA,NA,2,157.5,19.54,"157.5",NA,NA,NA,NA,85,NA,NA,NA,NA,NA,2
1859-07-26 21:00:00,NA,NA,3,247.5,12.36,"247.5",NA,NA,NA,NA,76,NA,NA,NA,NA,NA,5
1859-07-27 07:00:00,NA,NA,3,270,13.78,"270",NA,NA,NA,NA,87,NA,NA,NA,NA,NA,5
1859-07-27 14:00:00,NA,NA,1,292.5,16.19,"292.5",NA,NA,NA,NA,83,NA,NA,NA,NA,NA,1
1859-07-27 21:00:00,NA,NA,3,315,13.99,"315",NA,NA,NA,NA,77,NA,NA,NA,NA,NA,5
1859-07-28 07:00:00,NA,NA,3,135,15.27,"135",NA,NA,NA,NA,73,NA,NA,NA,NA,NA,1
1859-07-28 14:00:00,NA,NA,2,315,17.24,"315",NA,NA,NA,NA,75,NA,NA,NA,NA,NA,2
1859-07-28 21:00:00,NA,NA,1,315,13.99,"315",NA,NA,NA,NA,77,NA,NA,NA,NA,NA,5
1859-07-29 07:00:00,NA,NA,1,247.5,17.47,"247.5",NA,NA,NA,NA,84,NA,NA,NA,NA,NA,1
1859-07-29 14:00:00,NA,NA,2,270,18.76,"270",NA,NA,NA,NA,64,NA,NA,NA,NA,NA,2
1859-07-29 21:00:00,NA,NA,0,NA,17,NA,NA,NA,NA,NA,78,NA,NA,NA,NA,NA,0
1859-07-30 07:00:00,NA,NA,0,NA,17,NA,NA,NA,NA,NA,78,NA,NA,NA,NA,NA,0
1859-07-30 14:00:00,NA,NA,1,247.5,14.56,"247.5",NA,NA,NA,NA,43,NA,NA,NA,NA,NA,0
1859-07-30 21:00:00,NA,NA,0,NA,17.03,NA,NA,NA,NA,NA,66,NA,NA,NA,NA,NA,0
1859-07-31 07:00:00,NA,NA,0,NA,18.83,"202.5",NA,NA,NA,NA,84,NA,NA,NA,NA,NA,0
1859-07-31 14:00:00,NA,NA,1,135,15.31,"135",NA,NA,NA,NA,44,NA,NA,NA,NA,NA,1
1859-07-31 21:00:00,NA,NA,0,180,12.73,NA,NA,NA,NA,NA,47,NA,NA,NA,NA,NA,2
1859-08-01,NA,NA,NA,NA,NA,NA,NA,0,"11:30 am","1:15 pm",NA,0,NA,21.48,NA,NA,NA
1859-08-01 07:00:00,22.22,NA,2,202.5,17.47,"202.5",1014.22,NA,NA,NA,70,NA,20.78,NA,17.78,21.11,1
1859-08-01 14:00:00,22.22,NA,1,180,21.37,"180",1014.19,NA,NA,NA,81,NA,22.22,NA,20,22.22,1
1859-08-01 21:00:00,22.22,NA,0,202.5,19.84,NA,1013.82,NA,NA,NA,80,NA,21.44,NA,18.89,21.11,1
1859-08-02,NA,NA,NA,NA,NA,NA,NA,0.23,"empty","empty",NA,0,NA,24.26,NA,NA,NA
1859-08-02 07:00:00,22.22,NA,1,247.5,18.46,"247.5",1017.61,NA,NA,NA,67,NA,22.78,NA,18.89,22.78,2
1859-08-02 14:00:00,22.78,NA,3,225,18.18,"225",1015.92,NA,NA,NA,54,NA,27.78,NA,20,26.11,5
1859-08-02 21:00:00,23.33,NA,0,270,13.21,NA,1017.54,NA,NA,NA,50,NA,22.22,NA,16.11,22.22,1
1859-08-03,NA,NA,NA,NA,NA,NA,NA,0,"9:45 pm","10 am",NA,0,NA,24.7,NA,NA,NA
1859-08-03 07:00:00,22.22,NA,1,247.5,6.47,"247.5",1015.58,NA,NA,NA,27,NA,20.56,NA,11.67,20.56,1
1859-08-03 14:00:00,24.44,NA,1,157.5,15.31,"67.5",1017.61,NA,NA,NA,44,NA,28.22,NA,18.89,26.67,1
1859-08-03 21:00:00,25.56,NA,1,157.5,22.96,"67.5",1015.04,NA,NA,NA,73,NA,25.33,NA,21.67,25,1
1859-08-04,NA,NA,NA,NA,NA,NA,NA,21.08,"10:30 am","12:30 pm",NA,0,NA,21.76,NA,NA,NA
1859-08-04 07:00:00,23.33,NA,0,202.5,22.28,"202.5",1009.28,NA,NA,NA,90,NA,21.39,NA,20,21.11,0
1859-08-04 14:00:00,22.78,NA,1,315,23.1,"315",1005.83,NA,NA,NA,90,NA,22.22,NA,20.56,21.67,1
1859-08-04 21:00:00,22.78,NA,1,225,21.81,"225",1009.14,NA,NA,NA,86,NA,21.67,NA,20,21.67,2
1859-08-05,NA,NA,NA,NA,NA,NA,NA,12.45,"7:35 pm","9:30 pm",NA,0,NA,22.44,NA,NA,NA
1859-08-05 07:00:00,23.33,NA,3,247.5,18.02,"247.5",1012.19,NA,NA,NA,63,NA,23.33,NA,18.89,23.33,5
1859-08-05 14:00:00,23.33,NA,2,247.5,17.85,"247.5",1010.5,NA,NA,NA,57,NA,26.39,NA,19.44,25,2
1859-08-05 21:00:00,21.11,NA,1,315,15.71,"315",1009.75,NA,NA,NA,77,NA,17.61,NA,15.56,17.78,1
1859-08-06,NA,NA,NA,NA,NA,NA,NA,2.03,"empty","empty",NA,0,NA,19.44,NA,NA,NA
1859-08-06 07:00:00,19.44,NA,3,315,12.87,"315",1012.6,NA,NA,NA,76,NA,15.56,NA,12.78,15,5
1859-08-06 14:00:00,20.56,NA,3,270,17.03,"270",1014.22,NA,NA,NA,66,NA,22.5,NA,17.78,21.67,5
1859-08-06 21:00:00,21.11,NA,2,247.5,15,"247.5",1012.53,NA,NA,NA,65,NA,20.28,NA,16.11,20,2
1859-08-07,NA,NA,NA,NA,NA,NA,NA,0.76,"7:15 am | 11 am","7:40 am | 3 pm",NA,0,NA,19.18,NA,NA,NA
1859-08-07 07:00:00,21.11,NA,3,225,16.12,"225",1006.91,NA,NA,NA,69,NA,20.33,NA,16.67,20,5
1859-08-07 14:00:00,21.11,NA,3,NA,12.43,"0",1008.06,NA,NA,NA,52,NA,21.11,NA,15,20.56,5
1859-08-07 21:00:00,19.44,NA,1,337.5,12.97,"337.5",1015.58,NA,NA,NA,71,NA,16.11,NA,13.33,16.11,1
1859-08-08,NA,NA,NA,NA,NA,NA,NA,2.03,"empty","empty",NA,0,NA,19.33,NA,NA,NA
1859-08-08 07:00:00,20,NA,1,NA,12.53,"247.5",1018.69,NA,NA,NA,66,NA,17.78,NA,13.33,16.67,0
1859-08-08 14:00:00,21.11,NA,0,225,17.03,"225",1019.1,NA,NA,NA,66,NA,22.44,NA,17.78,21.67,0
1859-08-08 21:00:00,20.56,NA,0,NA,14.66,NA,1021.67,NA,NA,NA,73,NA,17.78,NA,15,17.78,0
1859-08-09,NA,NA,NA,NA,NA,NA,NA,0,"empty","empty",NA,0,NA,21.76,NA,NA,NA
1859-08-09 07:00:00,20,NA,0,NA,17.47,NA,1025.53,NA,NA,NA,84,NA,20.56,NA,16.67,18.33,0
1859-08-09 14:00:00,22.78,NA,0,202.5,17.58,NA,1022.49,NA,NA,NA,60,NA,24.72,NA,18.89,23.89,0
1859-08-09 21:00:00,22.78,NA,0,NA,17.24,NA,1023.1,NA,NA,NA,75,NA,20,NA,17.22,20,0
1859-08-10,NA,NA,NA,NA,NA,NA,NA,0,"empty","empty",NA,0,NA,22.96,NA,NA,NA
1859-08-10 07:00:00,20,NA,0,NA,16.29,NA,1023.1,NA,NA,NA,78,NA,19.06,NA,16.11,18.33,0
1859-08-10 14:00:00,23.89,NA,0,180,19,NA,1022.08,NA,NA,NA,55,NA,27.67,NA,20.56,26.67,1
1859-08-10 21:00:00,23.89,NA,0,NA,20.15,NA,1019.98,NA,NA,NA,76,NA,22.22,NA,19.44,22.22,0
1859-08-11,NA,NA,NA,NA,NA,NA,NA,0,"empty","empty",NA,0,NA,21.91,NA,NA,NA
1859-08-11 07:00:00,23.89,NA,0,202.5,14.97,NA,1020.66,NA,NA,NA,55,NA,23.33,NA,17.22,22.78,1
1859-08-11 14:00:00,25,NA,0,180,21.57,"180",1018.76,NA,NA,NA,56,NA,28.89,NA,22.22,28.33,2
1859-08-11 21:00:00,25,NA,0,180,12.29,NA,1016.8,NA,NA,NA,43,NA,23.5,NA,16.11,23.33,1
1859-08-12,NA,NA,NA,NA,NA,NA,NA,0,"3:45 pm | 7:30 pm","3:53 pm | 9 pm",NA,0,NA,24.33,NA,NA,NA
1859-08-12 07:00:00,23.33,NA,1,225,14.09,"225",1017.61,NA,NA,NA,57,NA,21.67,NA,16.11,21.11,1
1859-08-12 14:00:00,25.56,NA,1,225,22.01,"225",1015.98,NA,NA,NA,59,NA,28.56,NA,22.22,27.78,1
1859-08-12 21:00:00,24.44,NA,1,225,19.67,"225",1015.98,NA,NA,NA,72,NA,22.89,NA,19.44,22.78,1
1859-08-13,NA,NA,NA,NA,NA,NA,NA,0.23,"empty","empty",NA,0,NA,25.46,NA,NA,NA
1859-08-13 07:00:00,23.89,NA,0,225,21.5,NA,1015.92,NA,NA,NA,75,NA,23.89,NA,20.56,23.33,0
1859-08-13 14:00:00,25.56,NA,2,247.5,22.01,"202.5",1013.28,NA,NA,NA,59,NA,28.33,NA,22.22,27.78,NA
1859-08-13 21:00:00,25.56,NA,0,270,20.79,NA,1013.55,NA,NA,NA,68,NA,24.17,NA,17.78,24.44,1
1859-08-14,NA,NA,NA,NA,NA,NA,NA,0,"empty","empty",NA,0,NA,24.48,NA,NA,NA
1859-08-14 07:00:00,23.89,NA,2,45,17.27,"45",1015.78,NA,NA,NA,63,NA,22.78,NA,18.33,22.78,2
1859-08-14 14:00:00,25.56,NA,1,45,15.31,"45",1014.22,NA,NA,NA,44,NA,27.89,NA,18.89,26.67,1
1859-08-14 21:00:00,24.44,NA,1,45,18.46,"45",1016.26,NA,NA,NA,61,NA,22.78,NA,18.89,22.78,1
1859-08-15,NA,NA,NA,NA,NA,NA,NA,0,"empty","empty",NA,0,NA,22.37,NA,NA,NA
1859-08-15 07:00:00,22.22,NA,3,22.5,17.27,"22.5",1019.98,NA,NA,NA,88,NA,17.78,NA,16.11,17.22,5
1859-08-15 14:00:00,24.44,NA,3,45,15.31,"45",1019.3,NA,NA,NA,44,NA,27.11,NA,18.89,26.67,5
1859-08-15 21:00:00,22.78,NA,0,22.5,19.37,NA,1020.12,NA,NA,NA,76,NA,22.22,NA,18.89,21.67,2
1859-08-16,NA,NA,NA,NA,NA,NA,NA,0,"empty","empty",NA,0,NA,21.79,NA,NA,NA
1859-08-16 07:00:00,20,NA,1,0,16.19,"0",1022.69,NA,NA,NA,83,NA,17.5,NA,15.56,17.22,1
1859-08-16 14:00:00,23.89,NA,3,45,16.66,"45",1022.69,NA,NA,NA,53,NA,26.11,NA,18.89,25,5
1859-08-16 21:00:00,23.33,NA,0,45,19.37,NA,1022.62,NA,NA,NA,76,NA,21.78,NA,18.89,21.67,1
1859-08-17,NA,NA,NA,NA,NA,NA,NA,0,"empty","empty",NA,0,NA,21.48,NA,NA,NA
1859-08-17 07:00:00,20.56,NA,1,22.5,15.71,"22.5",1024.18,NA,NA,NA,77,NA,17.78,NA,15.56,17.78,2
1859-08-17 14:00:00,23.89,NA,0,45,19.54,NA,1022.49,NA,NA,NA,85,NA,26.11,NA,18.33,25.56,1
1859-08-17 21:00:00,23.33,NA,0,NA,17.91,NA,1020.39,NA,NA,NA,75,NA,20.56,NA,17.78,20.56,0
1859-08-18,NA,NA,NA,NA,NA,NA,NA,0,"empty","empty",NA,0,NA,22.96,NA,NA,NA
1859-08-18 07:00:00,21.11,NA,NA,67.5,17.47,NA,1017.61,NA,NA,NA,84,NA,18.33,NA,16.67,18.33,0
1859-08-18 14:00:00,24.44,NA,1,225,16.05,"225",1013.88,NA,NA,NA,45,NA,27.78,NA,19.44,27.22,1
1859-08-18 21:00:00,23.89,NA,0,NA,19.2,NA,1009.41,NA,NA,NA,70,NA,21.11,NA,17.78,21.11,0
1859-08-19,NA,NA,NA,NA,NA,NA,NA,4.06,"1:30 am","8:15 am",NA,0,NA,18.74,NA,NA,NA
1859-08-19 07:00:00,20,NA,3,22.5,14.87,"22.5",1010.23,NA,NA,NA,88,NA,15.39,NA,13.89,15,5
1859-08-19 14:00:00,21.11,NA,2,22.5,17.74,"45",1012.87,NA,NA,NA,66,NA,22.5,NA,18.33,22.22,2
1859-08-19 21:00:00,20.56,NA,1,0,12.16,"0",1015.85,NA,NA,NA,58,NA,18.33,NA,13.89,18.33,1
1859-08-20,NA,NA,NA,NA,NA,NA,NA,0,"empty","empty",NA,0,NA,19.31,NA,NA,NA
1859-08-20 07:00:00,18.89,NA,0,22.5,10.5,NA,1019.44,NA,NA,NA,60,NA,15.56,NA,11.67,15.56,0
1859-08-20 14:00:00,20,NA,0,315,10.6,NA,1019.91,NA,NA,NA,39,NA,23.33,NA,15,22.78,0
1859-08-20 21:00:00,21.11,NA,0,225,13.31,NA,1019.91,NA,NA,NA,59,NA,19.06,NA,15,19.44,1
1859-08-21,NA,NA,NA,NA,NA,NA,NA,0,"empty","empty",NA,0,NA,23.46,NA,NA,NA
1859-08-21 07:00:00,20.56,NA,2,225,21.61,"225",1021.74,NA,NA,NA,62,NA,22.78,NA,16.67,21.67,2
1859-08-21 14:00:00,23.89,NA,0,225,14.56,NA,1021,NA,NA,NA,66,NA,26.67,NA,18.33,26.11,2
1859-08-21 21:00:00,23.33,NA,0,225,16.8,NA,1021.33,NA,NA,NA,70,NA,20.94,NA,17.22,20.56,1
1859-08-22,NA,NA,NA,NA,NA,NA,NA,0,"empty","empty",NA,0,NA,22.53,NA,NA,NA
1859-08-22 07:00:00,20.56,NA,0,0,16.36,NA,1022.69,NA,NA,NA,78,NA,18.61,NA,16.11,18.33,1
1859-08-22 14:00:00,24.44,NA,2,90,17.71,"90",1021.67,NA,NA,NA,51,NA,27.33,NA,20,26.67,2
1859-08-22 21:00:00,23.33,NA,0,90,19.51,NA,1021.27,NA,NA,NA,70,NA,21.67,NA,17.78,21.11,2
1859-08-23,NA,NA,NA,NA,NA,NA,NA,0,"empty","empty",NA,0,NA,21.79,NA,NA,NA
1859-08-23 07:00:00,18.89,NA,1,45,11.82,"45",1023.98,NA,NA,NA,51,NA,19.5,NA,14.44,20,1
1859-08-23 14:00:00,23.33,NA,3,180,14.56,"180",1022.15,NA,NA,NA,66,NA,27.22,NA,18.33,26.11,5
1859-08-23 21:00:00,23.33,NA,2,157.5,17.03,"157.5",1020.93,NA,NA,NA,66,NA,21.67,NA,17.78,21.67,2
1859-08-24,NA,NA,NA,NA,NA,NA,NA,0,"12:30 pm","10 pm",NA,0,NA,19.72,NA,NA,NA
1859-08-24 07:00:00,22.22,NA,3,180,17.68,NA,1019.3,NA,NA,NA,79,NA,20,NA,17.22,19.44,5
1859-08-24 14:00:00,22.22,NA,2,157.5,20.01,"157.5",1016.86,NA,NA,NA,89,NA,19.72,NA,18.33,19.44,2
1859-08-24 21:00:00,22.78,NA,3,180,20.01,"180",1013.61,NA,NA,NA,89,NA,19.44,NA,18.33,19.44,5
1859-08-25,NA,NA,NA,NA,NA,NA,NA,14.99,"empty","empty",NA,0,NA,22.17,NA,NA,NA
1859-08-25 07:00:00,22.78,NA,1,225,20.28,"225",1011.92,NA,NA,NA,85,NA,20.83,NA,18.89,20.56,1
1859-08-25 14:00:00,23.33,NA,1,270,20.01,"270",1010.77,NA,NA,NA,68,NA,24.44,NA,20,24.44,1
1859-08-25 21:00:00,22.78,NA,1,270,17.47,"270",1011.72,NA,NA,NA,70,NA,21.22,NA,17.78,21.11,1
1859-08-26,NA,NA,NA,NA,NA,NA,NA,0,"empty","empty",NA,0,NA,21.33,NA,NA,NA
1859-08-26 07:00:00,21.67,NA,3,270,17.24,"270",1015.1,NA,NA,NA,75,NA,20.17,NA,17.22,20,5
1859-08-26 14:00:00,22.78,NA,3,270,16.83,"270",1013.48,NA,NA,NA,59,NA,23.89,NA,18.33,23.33,5
1859-08-26 21:00:00,22.22,NA,1,270,17.24,"270",1012.12,NA,NA,NA,75,NA,20,NA,17.22,20,1
1859-08-27,NA,NA,NA,NA,NA,NA,NA,0,"empty","empty",NA,0,NA,18.92,NA,NA,NA
1859-08-27 07:00:00,20.56,NA,2,337.5,16.19,"337.5",1011.58,NA,NA,NA,85,NA,18.61,NA,15.56,17.22,2
1859-08-27 14:00:00,21.67,NA,2,292.5,17.64,"292.5",1010.23,NA,NA,NA,85,NA,21.67,NA,19.44,21.11,2
1859-08-27 21:00:00,20.56,NA,1,315,12.53,"315",1014.09,NA,NA,NA,66,NA,16.5,NA,13.33,16.67,1
1859-08-28,NA,NA,NA,NA,NA,NA,NA,0,"10:30 am | 1 pm | 4 pm","10:34 am | 1:10 pm | 4:30 pm",NA,0,NA,12.64,NA,NA,NA
1859-08-28 07:00:00,17.22,NA,2,315,9.55,"315",1013.61,NA,NA,NA,67,NA,11.67,NA,9.44,12.22,2
1859-08-28 14:00:00,17.78,NA,5,270,8.64,"270",1013.48,NA,NA,NA,53,NA,14.06,NA,10,14.44,16
1859-08-28 21:00:00,17.22,NA,4,337.5,9.55,"337.5",1014.7,NA,NA,NA,67,NA,12.22,NA,9.44,12.22,11
1859-08-29,NA,NA,NA,NA,NA,NA,NA,0.51,"empty","empty",NA,0,NA,14.37,NA,NA,NA
1859-08-29 07:00:00,17.22,NA,4,292.5,9.99,"270",1013.21,NA,NA,NA,73,NA,11.89,NA,9.44,11.67,11
1859-08-29 14:00:00,17.78,NA,4,292.5,8.23,"292.5",1012.46,NA,NA,NA,42,NA,17.78,NA,11.11,17.22,11
1859-08-29 21:00:00,18.33,NA,0,315,8.2,NA,1015.1,NA,NA,NA,52,NA,13.44,NA,9.44,13.89,2
1859-08-30,NA,NA,NA,NA,NA,NA,NA,0,"6 pm","10 pm",NA,0,NA,16.14,NA,NA,NA
1859-08-30 07:00:00,16.67,NA,3,247.5,9.99,"247.5",1014.7,NA,NA,NA,68,NA,13.44,NA,10,12.78,5
1859-08-30 14:00:00,18.89,NA,4,247.5,10.63,"247.5",1011.99,NA,NA,NA,41,NA,20,NA,12.78,19.44,11
1859-08-30 21:00:00,18.33,NA,2,NA,14.87,"225",1010.16,NA,NA,NA,88,NA,15,NA,13.89,15,2
1859-08-31,NA,NA,NA,NA,NA,NA,NA,4.06,"4 pm","5:55 pm",NA,0,NA,15.98,NA,NA,NA
1859-08-31 07:00:00,17.78,NA,3,270,14.32,"270",1005.96,NA,NA,NA,88,NA,14.72,NA,13.33,14.44,5
1859-08-31 14:00:00,18.89,NA,4,247.5,13.31,"247.5",1006.16,NA,NA,NA,59,NA,19.89,NA,15,19.44,11
1859-08-31 21:00:00,17.78,NA,0,247.5,13.27,NA,1009.14,NA,NA,NA,87,NA,13.33,NA,12.22,13.33,5
1859-09-01,NA,NA,NA,NA,NA,NA,NA,1.78,"7:20 pm","11:45 pm",NA,0,NA,14.31,NA,NA,NA
1859-09-01 07:00:00,16.11,NA,2,315,9.79,"315",1011.85,NA,NA,NA,76,NA,10.72,NA,9.17,10.56,2
1859-09-01 14:00:00,18.89,NA,1,247.5,14.66,"247.5",1008.47,NA,NA,NA,73,NA,17.78,NA,15,17.78,1
1859-09-01 21:00:00,17.22,NA,1,247.5,14.39,"247.5",1005.69,NA,NA,NA,88,NA,14.44,NA,13.33,14.44,1
1859-09-02,NA,NA,NA,NA,NA,NA,NA,6.86,"1 pm","1:30 pm",NA,0,NA,13.56,NA,NA,NA
1859-09-02 07:00:00,17.78,NA,5,270,10.43,"270",1003.12,NA,NA,NA,74,NA,12.06,NA,10,12.22,16
1859-09-02 14:00:00,17.22,NA,3,315,11.45,"315",1005.83,NA,NA,NA,55,NA,15.56,NA,12.22,15.56,16
1859-09-02 21:00:00,17.22,NA,1,315,10.43,"315",1011.31,NA,NA,NA,69,NA,13.06,NA,10.56,13.33,1
1859-09-03,NA,NA,NA,NA,NA,NA,NA,0.23,"12:00 pm | 7:30 pm","1 pm | 2 am",NA,0,NA,13.17,NA,NA,NA
1859-09-03 07:00:00,17.22,NA,1,247.5,10.87,"247.5",1015.65,NA,NA,NA,80,NA,11.94,NA,10,11.67,1
1859-09-03 14:00:00,16.67,NA,1,225,11.41,"225",1012.53,NA,NA,NA,70,NA,14.78,NA,11.67,14.44,1
1859-09-03 21:00:00,16.67,NA,1,225,13.71,"225",1008.74,NA,NA,NA,94,NA,12.78,NA,12.22,12.78,1
1859-09-04,NA,NA,NA,NA,NA,NA,NA,4.06,"empty","empty",NA,0,NA,13.26,NA,NA,NA
1859-09-04 07:00:00,17.22,NA,3,270,9.99,"270",1011.85,NA,NA,NA,68,NA,12.56,NA,10,12.78,5
1859-09-04 14:00:00,17.22,NA,4,270,10.02,"270",1015.92,NA,NA,NA,59,NA,15,NA,11.11,15,11
1859-09-04 21:00:00,17.78,NA,0,270,10.43,NA,1019.03,NA,NA,NA,74,NA,12.22,NA,10,12.22,5
1859-09-05,NA,NA,NA,NA,NA,NA,NA,0,"empty","empty",NA,0,NA,13.7,NA,NA,NA
1859-09-05 07:00:00,16.11,NA,1,292.5,9.55,"292.5",1023.71,NA,NA,NA,73,NA,12.11,NA,8.89,11.11,1
1859-09-05 14:00:00,17.22,NA,3,292.5,10.57,"292.5",1022.62,NA,NA,NA,56,NA,17.06,NA,12.22,16.67,5
1859-09-05 21:00:00,17.22,NA,2,292.5,7.42,"292.5",1024.38,NA,NA,NA,54,NA,11.94,NA,7.78,11.67,2
1859-09-06,NA,NA,NA,NA,NA,NA,NA,0,"empty","empty",NA,0,NA,13.67,NA,NA,NA
1859-09-06 07:00:00,16.67,NA,1,270,7.42,"270",1026.08,NA,NA,NA,54,NA,12.22,NA,7.78,11.67,1
1859-09-06 14:00:00,16.67,NA,1,292.5,9.11,"270",1027.77,NA,NA,NA,50,NA,16.11,NA,11.11,16.11,1
1859-09-06 21:00:00,17.22,NA,1,292.5,9.11,"292.5",1027.43,NA,NA,NA,62,NA,12.67,NA,9.44,12.78,1
1859-09-07,NA,NA,NA,NA,NA,NA,NA,0,"empty","empty",NA,0,NA,15.18,NA,NA,NA
1859-09-07 07:00:00,16.67,NA,2,270,10.87,"270",1027.57,NA,NA,NA,74,NA,12.78,NA,13.89,12.78,2
1859-09-07 14:00:00,17.22,NA,3,247.5,10.13,"247.5",1025.8,NA,NA,NA,52,NA,17.78,NA,12.22,17.22,5
1859-09-07 21:00:00,18.33,NA,1,247.5,10.02,"247.5",1025.94,NA,NA,NA,59,NA,15,NA,11.11,15,1
1859-09-08,NA,NA,NA,NA,NA,NA,NA,0,"empty","empty",NA,0,NA,15.37,NA,NA,NA
1859-09-08 07:00:00,16.11,NA,0,270,9.99,NA,1027.16,NA,NA,NA,73,NA,11.67,NA,9.44,11.67,2
1859-09-08 14:00:00,18.89,NA,2,247.5,10.26,"247.5",1026.89,NA,NA,NA,46,NA,20,NA,13.33,19.44,2
1859-09-08 21:00:00,18.89,NA,0,247.5,10.46,NA,1027.09,NA,NA,NA,64,NA,14.44,NA,11.11,14.44,1
1859-09-09,NA,NA,NA,NA,NA,NA,NA,0,"empty","empty",NA,0,NA,17.57,NA,NA,NA
1859-09-09 07:00:00,17.78,NA,2,292.5,11.62,"247.5",1028.11,NA,NA,NA,72,NA,14.17,NA,11.67,14.17,2
1859-09-09 14:00:00,20,NA,2,247.5,13.04,"247.5",1026.21,NA,NA,NA,53,NA,21.67,NA,15.56,21.11,2
1859-09-09 21:00:00,20,NA,0,247.5,14.53,NA,1026.08,NA,NA,NA,77,NA,16.89,NA,14.44,16.67,2
1859-09-10,NA,NA,NA,NA,NA,NA,NA,0,"10:15 am","8:30 am",NA,0,NA,16.17,NA,NA,NA
1859-09-10 07:00:00,18.89,NA,1,225,14.87,"225",1020.93,NA,NA,NA,88,NA,15,NA,13.89,15,1
1859-09-10 14:00:00,18.89,NA,1,225,16.02,"225",1019.24,NA,NA,NA,88,NA,16.94,NA,15,16.11,1
1859-09-10 21:00:00,19.44,NA,0,NA,17.71,"225",1015.92,NA,NA,NA,94,NA,16.56,NA,16.11,16.67,0
1859-09-11,NA,NA,NA,NA,NA,NA,NA,25.15,"12:15 pm","5 pm",NA,0,NA,17.88,NA,NA,NA
1859-09-11 07:00:00,20,NA,1,225,19.51,"225",1010.09,NA,NA,NA,100,NA,17.22,NA,17.22,17.22,1
1859-09-11 14:00:00,20.56,NA,1,225,20.45,"225",999.32,NA,NA,NA,94,NA,19.11,NA,17.78,18.89,1
1859-09-11 21:00:00,19.44,NA,3,247.5,17.1,"247.5",997.36,NA,NA,NA,94,NA,17.22,NA,15.56,16.11,5
1859-09-12,NA,NA,NA,NA,NA,NA,NA,36.83,"empty","empty",NA,0,NA,18.24,NA,NA,NA
1859-09-12 07:00:00,19.44,NA,3,270,15.44,"270",998.98,NA,NA,NA,88,NA,16.39,NA,14.44,15.56,5
1859-09-12 14:00:00,19.44,NA,4,247.5,15.48,"247.5",994.11,NA,NA,NA,69,NA,20,NA,16.11,19.44,11
1859-09-12 21:00:00,20,NA,2,247.5,15.27,"247.5",994.18,NA,NA,NA,73,NA,18.33,NA,15.56,18.33,2
1859-09-13,NA,NA,NA,NA,NA,NA,NA,0.23,"4 am | 11:45 am","4:15 am | 1 pm",NA,0,NA,3.84,NA,NA,NA
1859-09-13 07:00:00,19.44,NA,3,247.5,12.53,"247.5",997.16,NA,NA,NA,66,NA,17.33,NA,13.33,16.67,5
1859-09-13 14:00:00,18.89,NA,3,270,11.51,"270",997.29,NA,NA,NA,61,NA,16.83,NA,12.78,16.67,5
1859-09-13 21:00:00,17.22,NA,3,315,8.7,"315",1001.15,NA,NA,NA,66,NA,10.72,NA,8.33,11.11,5
1859-09-14,NA,NA,NA,NA,NA,NA,NA,8.64,"4 am | 1:30 pm","6 am | 2 pm",NA,0,NA,6.35,NA,NA,NA
1859-09-14 07:00:00,15,NA,6,270,6.3,"270",996,NA,NA,NA,67,NA,5.56,NA,3.89,6.11,20
1859-09-14 14:00:00,15,NA,6,315,7.99,"315",1007.86,NA,NA,NA,70,NA,8.78,NA,6.67,8.89,20
1859-09-14 21:00:00,13.89,NA,0,315,5.72,NA,1018.22,NA,NA,NA,65,NA,4.72,NA,2.78,5,11
1859-09-15,NA,NA,NA,NA,NA,NA,NA,0,"empty","empty",NA,0,NA,7.13,NA,NA,NA
1859-09-15 07:00:00,12.22,NA,0,315,4.71,NA,1027.5,NA,NA,NA,56,NA,4.44,NA,1.67,4.44,5
1859-09-15 14:00:00,13.33,NA,2,270,8.36,"270",1027.9,NA,NA,NA,71,NA,9.72,NA,7.22,9.44,2
1859-09-15 21:00:00,13.33,NA,2,247.5,5.42,"247.5",1028.24,NA,NA,NA,53,NA,7.22,NA,3.89,7.22,2
1859-09-16,NA,NA,NA,NA,NA,NA,NA,0,"11 am","1 pm",NA,0,NA,9.35,NA,NA,NA
1859-09-16 07:00:00,11.11,NA,1,337.5,7.18,"337.5",1027.77,NA,NA,NA,82,NA,5,NA,3.89,5,1
1859-09-16 14:00:00,13.33,NA,0,202.5,7.04,NA,1026.55,NA,NA,NA,53,NA,12.78,NA,7.22,11.11,1
1859-09-16 21:00:00,13.89,NA,1,202.5,7.92,"202.5",1022.01,NA,NA,NA,65,NA,10.28,NA,7.22,10,1
1859-09-17,NA,NA,NA,NA,NA,NA,NA,0,"empty","empty",NA,0,NA,11.92,NA,NA,NA
1859-09-17 07:00:00,13.89,NA,1,202.5,11.78,"202.5",1019.3,NA,NA,NA,93,NA,11,NA,10,10.56,1
1859-09-17 14:00:00,13.89,NA,1,0,12.73,"0",1015.92,NA,NA,NA,87,NA,13.11,NA,11.67,12.78,1
1859-09-17 21:00:00,15,NA,2,0,12.22,"0",1016.22,NA,NA,NA,93,NA,11.67,NA,10.56,11.11,2
1859-09-18,NA,NA,NA,NA,NA,NA,NA,0.23,"empty","empty",NA,0,NA,13.89,NA,NA,NA
1859-09-18 07:00:00,14.44,NA,1,0,11.34,"0",1022.01,NA,NA,NA,93,NA,10.56,NA,9.44,10,1
1859-09-18 14:00:00,16.11,NA,0,22.5,12.97,NA,1015.92,NA,NA,NA,71,NA,17.11,NA,13.33,16.11,1
1859-09-18 21:00:00,16.11,NA,0,22.5,10.9,NA,1015.51,NA,NA,NA,69,NA,14,NA,11.11,13.89,1
1859-09-19,NA,NA,NA,NA,NA,NA,NA,6.35,"10 am","8 am",NA,0,NA,16.13,NA,NA,NA
1859-09-19 07:00:00,13.89,NA,1,0,10.87,"0",1012.53,NA,NA,NA,86,NA,10.89,NA,9.44,10.56,1
1859-09-19 14:00:00,18.33,NA,0,157.5,13.31,NA,1009.55,NA,NA,NA,59,NA,20.56,NA,15,19.44,1
1859-09-19 21:00:00,18.33,NA,1,157.5,15.58,"157.5",1007.45,NA,NA,NA,83,NA,16.94,NA,15,16.67,1
1859-09-20,NA,NA,NA,NA,NA,NA,NA,0,"empty","empty",NA,0,NA,11.64,NA,NA,NA
1859-09-20 07:00:00,15.56,NA,1,0,11.78,"0",1013.61,NA,NA,NA,93,NA,10.83,NA,10,10.56,1
1859-09-20 14:00:00,15.56,NA,1,22.5,8.2,"22.5",1019.34,NA,NA,NA,52,NA,13.89,NA,9.44,13.89,2
1859-09-20 21:00:00,15,NA,1,67.5,7.92,"67.5",1023.37,NA,NA,NA,65,NA,10.22,NA,7.22,10,5
1859-09-21,NA,NA,NA,NA,NA,NA,NA,0,"9:45 am","10 am",NA,0,NA,8.76,NA,NA,NA
1859-09-21 07:00:00,13.33,NA,5,67.5,6.64,"67.5",1024.79,NA,NA,NA,68,NA,7.06,NA,4.44,6.67,16
1859-09-21 14:00:00,12.78,NA,4,67.5,10.5,"67.5",1024.38,NA,NA,NA,98,NA,9.22,NA,8.33,8.89,11
1859-09-21 21:00:00,13.89,NA,4,67.5,10.9,"67.5",1023.91,NA,NA,NA,92,NA,10,NA,8.89,9.44,11
1859-09-22,NA,NA,NA,NA,NA,NA,NA,18.54,"10 am | 4 pm","2 pm | 10 pm",NA,0,NA,11.78,NA,NA,NA
1859-09-22 07:00:00,13.89,NA,3,67.5,11.78,"67.5",1021.74,NA,NA,NA,100,NA,9.44,NA,9.44,9.44,5
1859-09-22 14:00:00,14.44,NA,3,67.5,14.66,"67.5",1020.39,NA,NA,NA,100,NA,13.33,NA,12.78,12.78,5
1859-09-22 21:00:00,15.56,NA,3,45,14.16,"45",1020.45,NA,NA,NA,100,NA,12.56,NA,12.22,12.22,5
1859-09-23,NA,NA,NA,NA,NA,NA,NA,17.02,"10 am","2 pm",NA,0,NA,11.67,NA,NA,NA
1859-09-23 07:00:00,14.44,NA,3,22.5,12.67,"22.5",1017.88,NA,NA,NA,100,NA,10.56,NA,10.56,10.56,5
1859-09-23 14:00:00,14.44,NA,3,0,13.71,"0",1018.69,NA,NA,NA,94,NA,12.78,NA,12.22,12.78,5
1859-09-23 21:00:00,15,NA,3,0,12.7,"0",1019.03,NA,NA,NA,93,NA,11.67,NA,11.11,11.67,5
1859-09-24,NA,NA,NA,NA,NA,NA,NA,2.29,"4 am","6 am",NA,0,NA,14.78,NA,NA,NA
1859-09-24 07:00:00,15.56,NA,1,0,12.8,"0",1017.68,NA,NA,NA,81,NA,13.89,NA,12.22,13.89,1
1859-09-24 14:00:00,16.11,NA,1,0,14.43,"0",1015.92,NA,NA,NA,82,NA,16.11,NA,13.89,15.56,1
1859-09-24 21:00:00,16.67,NA,1,0,14.32,"0",1016.73,NA,NA,NA,88,NA,14.33,NA,13.33,14.44,1
1859-09-25,NA,NA,NA,NA,NA,NA,NA,0.23,"11 am","11:30 am",NA,0,NA,15.52,NA,NA,NA
1859-09-25 07:00:00,16.67,NA,1,NA,14.22,"22.5",1017.61,NA,NA,NA,94,NA,13.78,NA,12.78,13.33,0
1859-09-25 14:00:00,16.11,NA,1,22.5,15.58,"22.5",1015.98,NA,NA,NA,83,NA,17.22,NA,15,16.67,1
1859-09-25 21:00:00,16.67,NA,0,NA,15.44,"0",1015.98,NA,NA,NA,88,NA,15.56,NA,14.44,15.56,0
1859-09-26,NA,NA,NA,NA,NA,NA,NA,0.23,"3:45 pm","9:30 pm",NA,0,NA,17.22,NA,NA,NA
1859-09-26 07:00:00,16.67,NA,1,225,15.31,"225",1017.2,NA,NA,NA,94,NA,15,NA,13.89,14.44,1
1859-09-26 14:00:00,18.89,NA,1,270,13.92,"270",1015.92,NA,NA,NA,60,NA,20,NA,15.56,20,1
1859-09-26 21:00:00,18.33,NA,1,270,16.63,"270",1015.58,NA,NA,NA,88,NA,16.67,NA,15.56,16.67,1
1859-09-27,NA,NA,NA,NA,NA,NA,NA,4.83,"11 am","1 pm",NA,0,NA,18,NA,NA,NA
1859-09-27 07:00:00,17.78,NA,1,225,15.44,"225",1015.1,NA,NA,NA,88,NA,16,NA,14.44,15.56,1
1859-09-27 14:00:00,19.44,NA,1,247.5,18.59,"247.5",1012.87,NA,NA,NA,89,NA,20.56,NA,17.22,18.33,1
1859-09-27 21:00:00,20,NA,1,247.5,18.39,"247.5",1014.7,NA,NA,NA,94,NA,17.44,NA,16.67,17.22,1
1859-09-28,NA,NA,NA,NA,NA,NA,NA,0.25,"empty","empty",NA,0,NA,12.92,NA,NA,NA
1859-09-28 07:00:00,17.22,NA,3,0,12.8,"0",1017.75,NA,NA,NA,81,NA,13.89,NA,12.22,13.89,5
1859-09-28 14:00:00,16.67,NA,2,0,11.82,"0",1022.01,NA,NA,NA,81,NA,13.33,NA,11.11,12.78,2
1859-09-28 21:00:00,16.67,NA,2,0,9.99,"0",1026.14,NA,NA,NA,73,NA,11.56,NA,9.44,11.67,2
1859-09-29,NA,NA,NA,NA,NA,NA,NA,0,"empty","empty",NA,0,NA,11.29,NA,NA,NA
1859-09-29 07:00:00,17.22,NA,3,22.5,8.8,"22.5",1030.75,NA,NA,NA,78,NA,8.89,NA,7.22,8.89,5
1859-09-29 14:00:00,16.11,NA,1,22.5,9.55,"22.5",1030.34,NA,NA,NA,58,NA,15,NA,10.56,14.44,1
1859-09-29 21:00:00,15.56,NA,0,22.5,9.58,NA,1029.87,NA,NA,NA,78,NA,10,NA,8.33,10,1
1859-09-30,NA,NA,NA,NA,NA,NA,NA,0,"empty","empty",NA,0,NA,13.37,NA,NA,NA
1859-09-30 07:00:00,15,NA,0,45,10.09,NA,1031.16,NA,NA,NA,92,NA,8.33,NA,7.78,8.33,1
1859-09-30 14:00:00,17.22,NA,2,180,12.63,"180",1025.67,NA,NA,NA,62,NA,18.33,NA,13.89,17.78,2
1859-09-30 21:00:00,17.78,NA,0,180,12.8,NA,1022.62,NA,NA,NA,81,NA,13.34,NA,12.22,13.89,1
1859-11-01,NA,NA,NA,NA,NA,NA,NA,0,"empty","empty",NA,0,NA,3.94,NA,NA,NA
1859-11-01 07:00:00,12.22,NA,1,315,5.49,"315",1024.31,NA,NA,NA,80,NA,1.67,NA,0.56,1.67,1
1859-11-01 14:00:00,16.11,NA,2,225,5.55,"225",1021.81,NA,NA,NA,59,NA,6.11,NA,3.33,6.11,2
1859-11-01 21:00:00,13.33,NA,2,225,5.86,"225",1019.37,NA,NA,NA,73,NA,4.06,NA,2.22,3.89,2
1859-11-02,NA,NA,NA,NA,NA,NA,NA,3.81,"7:35 pm","1 am",NA,0,NA,4.41,NA,NA,NA
1859-11-02 07:00:00,13.33,NA,1,247.5,6.3,"247.5",1017.61,NA,NA,NA,81,NA,3.33,NA,2.22,3.33,1
1859-11-02 14:00:00,13.33,NA,1,247.5,5.11,"247.5",1017.61,NA,NA,NA,52,NA,6.67,NA,1.67,6.67,1
1859-11-02 21:00:00,14.44,NA,2,247.5,6.03,"247.5",1017.54,NA,NA,NA,81,NA,3.22,NA,1.67,2.78,2
1859-11-03,NA,NA,NA,NA,NA,NA,NA,0,"empty","empty",NA,0,NA,-0.32,NA,NA,NA
1859-11-03 07:00:00,11.67,NA,2,315,4.61,"315",1029.46,NA,NA,NA,78,NA,-0.89,NA,-1.67,-0.56,2
1859-11-03 14:00:00,12.78,NA,1,315,4.67,"315",1031.49,NA,NA,NA,71,NA,1.06,NA,-0.56,1.11,1
1859-11-03 21:00:00,12.22,NA,1,315,4.4,"315",1033.66,NA,NA,NA,78,NA,-1.11,NA,-2.22,-1.11,1
1859-11-04,NA,NA,NA,NA,NA,NA,NA,6.35,"1 am | 6 pm","12 pm | 1 am",NA,95.25,NA,0.76,NA,NA,NA
1859-11-04 07:00:00,10,NA,1,157.5,5.25,"157.5",1027.26,NA,NA,NA,89,NA,-0.11,NA,-1.11,-0.56,1
1859-11-04 14:00:00,7.22,NA,1,22.5,5.25,"22.5",1018.15,NA,NA,NA,79,NA,1.11,NA,0,1.11,1
1859-11-04 21:00:00,13.33,NA,1,22.5,5.25,"22.5",1019.3,NA,NA,NA,79,NA,1.28,NA,0,1.11,1
1859-11-05,NA,NA,NA,NA,NA,NA,NA,5.84,"1 pm","2 pm",NA,0,NA,3.87,NA,NA,NA
1859-11-05 07:00:00,11.67,NA,1,NA,6.2,"337.5",1014.83,NA,NA,NA,90,NA,1.67,NA,1.11,1.67,0
1859-11-05 14:00:00,10.56,NA,0,0,7.18,"0",1012.53,NA,NA,NA,100,NA,2.44,NA,1.67,2.22,0
1859-11-05 21:00:00,13.33,NA,0,292.5,5.08,NA,1020.93,NA,NA,NA,53,NA,7.5,NA,3.89,7.22,5
1859-11-06,NA,NA,NA,NA,NA,NA,NA,2.03,"empty","empty",NA,0,NA,-0.3,NA,NA,NA
1859-11-06 07:00:00,10.56,NA,0,315,3.96,NA,1035.02,NA,NA,NA,79,NA,-2.67,NA,-3.89,-2.22,1
1859-11-06 14:00:00,13.33,NA,1,270,3.66,"270",1036.78,NA,NA,NA,53,NA,1.56,NA,-1.11,1.67,1
1859-11-06 21:00:00,12.78,NA,1,270,4.23,"270",1038.81,NA,NA,NA,69,NA,0.22,NA,-1.67,0,1
1859-11-07,NA,NA,NA,NA,NA,NA,NA,0,"empty","empty",NA,0,NA,0.14,NA,NA,NA
1859-11-07 07:00:00,8.89,NA,1,45,3.35,"45",1037.93,NA,NA,NA,64,NA,-2.5,NA,-3.89,-2.22,1
1859-11-07 14:00:00,11.67,NA,1,22.5,4.37,"22.5",1032.51,NA,NA,NA,61,NA,2.67,NA,0,2.22,1
1859-11-07 21:00:00,17.22,NA,1,22.5,4.84,"22.5",1031.63,NA,NA,NA,79,NA,0.28,NA,-1.11,0,1
1859-11-08,NA,NA,NA,NA,NA,NA,NA,0,"empty","empty",NA,0,NA,5.37,NA,NA,NA
1859-11-08 07:00:00,11.67,NA,NA,22.5,4.84,NA,1027.9,NA,NA,NA,79,NA,0,NA,-1.11,0,1
1859-11-08 14:00:00,12.78,NA,1,180,8.43,"180",1023.84,NA,NA,NA,77,NA,9.44,NA,6.67,8.33,1
1859-11-08 21:00:00,15.56,NA,1,180,11.55,"180",1021.06,NA,NA,NA,84,NA,6.67,NA,5.56,6.67,1
1859-11-09,NA,NA,NA,NA,NA,NA,NA,0,"4:30 pm | 10 pm","8:30 pm | 1 am",NA,0,NA,10.06,NA,NA,NA
1859-11-09 07:00:00,13.89,NA,1,225,8.16,"225",1017.95,NA,NA,NA,84,NA,6.67,NA,5.56,6.67,1
1859-11-09 14:00:00,15,NA,1,247.5,8.64,"247.5",1016.26,NA,NA,NA,53,NA,13.56,NA,10,14.44,1
1859-11-09 21:00:00,17.22,NA,1,247.5,10.9,"247.5",1017.54,NA,NA,NA,92,NA,9.94,NA,8.89,9.44,1
1859-11-10,NA,NA,NA,NA,NA,NA,NA,8.89,"1:10 pm | 7 pm | 11 pm","4 pm | 8 pm | 4 am",NA,0,NA,1.44,NA,NA,NA
1859-11-10 07:00:00,9.44,NA,3,22.5,6.6,"45",1014.9,NA,NA,NA,82,NA,3.89,NA,2.78,3.89,5
1859-11-10 14:00:00,7.22,NA,5,22.5,6.37,"22.5",1006.43,NA,NA,NA,100,NA,0.56,NA,0.56,0.56,16
1859-11-10 21:00:00,10,NA,4,22.5,5.49,"22.5",1002.3,NA,NA,NA,89,NA,-0.11,NA,-0.56,0,11
1859-11-11,NA,NA,NA,NA,NA,NA,NA,11.18,"8 am",NA,NA,0,NA,-1.33,NA,NA,NA
1859-11-11 07:00:00,8.89,NA,1,315,5.01,NA,1006.98,NA,NA,NA,89,NA,-1.72,NA,-1.67,-1.11,1
1859-11-11 14:00:00,10.56,NA,1,337.5,4.84,"337.5",1017.2,NA,NA,NA,79,NA,1.06,NA,-1.11,0,1
1859-11-11 21:00:00,11.67,NA,0,NA,3.76,NA,1023.43,NA,NA,NA,75,NA,-2.78,NA,-3.89,-2.78,0
1859-11-12,NA,NA,NA,NA,NA,NA,NA,0,"9 am | 10 am | 6:30 pm","10 am | 3:30 pm | 5 am",NA,0,NA,-0.71,NA,NA,NA
1859-11-12 07:00:00,6.11,NA,1,45,3.18,"90",1021,NA,NA,NA,73,NA,-4.56,NA,-5.56,-4.44,1
1859-11-12 14:00:00,6.11,NA,1,112.5,5.25,"112.5",1015.58,NA,NA,NA,89,NA,-0.06,NA,-1.11,-0.56,2
1859-11-12 21:00:00,11.11,NA,2,135,6.47,"135",1006.23,NA,NA,NA,90,NA,2.5,NA,1.67,2.22,2
1859-11-13,NA,NA,NA,NA,NA,NA,NA,23.62,"8 am | 10 am","10 am | 7:30 pm",NA,0,NA,3.17,NA,NA,NA
1859-11-13 07:00:00,10,NA,1,180,9.41,NA,994.51,NA,NA,NA,100,NA,6.94,NA,6.11,NA,1
1859-11-13 14:00:00,12.22,NA,4,247.5,6.81,"247.5",993.43,NA,NA,NA,100,NA,2.56,NA,2.78,2.78,11
1859-11-13 21:00:00,12.22,NA,5,247.5,5.52,"247.5",994.58,NA,NA,NA,89,NA,0,NA,-0.56,0,16
1859-11-14,NA,NA,NA,NA,NA,NA,NA,9.65,NA,NA,NA,0,NA,-1.87,NA,NA,NA
1859-11-14 07:00:00,10,NA,1,270,3.56,NA,1007.11,NA,NA,NA,75,NA,-3.33,NA,-4.44,NA,1
1859-11-14 14:00:00,10.56,NA,1,270,4.23,"270",1011.92,NA,NA,NA,69,NA,0.11,NA,-1.67,0,1
1859-11-14 21:00:00,13.33,NA,0,315,3.96,NA,1019.3,NA,NA,NA,76,NA,-2.39,NA,-3.33,-2.22,1
1859-11-15,NA,NA,NA,NA,NA,NA,NA,0,"empty","empty",NA,0,NA,-5,NA,NA,NA
1859-11-15 07:00:00,9.44,NA,1,0,3.25,"0",1027.09,NA,NA,NA,85,NA,-6.11,NA,-6.67,NA,1
1859-11-15 14:00:00,13.33,NA,0,NA,3.59,"22.5",1029.46,NA,NA,NA,86,NA,-4.67,NA,-5.56,-5,0
1859-11-15 21:00:00,12.78,NA,1,22.5,3.76,"22.5",1032.51,NA,NA,NA,86,NA,-4.22,NA,-5,-4.44,1
1859-11-16,NA,NA,NA,NA,NA,NA,NA,0,"empty","empty",NA,0,NA,-3.5,NA,NA,NA
1859-11-16 07:00:00,12.22,NA,1,22.5,3.08,NA,1033.19,NA,NA,NA,85,NA,-6.11,NA,-7.22,NA,1
1859-11-16 14:00:00,11.11,NA,1,22.5,5.01,"22.5",1029.46,NA,NA,NA,89,NA,-0.56,NA,-4.44,NA,1
1859-11-16 21:00:00,11.67,NA,0,22.5,3.56,NA,1028.11,NA,NA,NA,75,NA,-3.72,NA,-4.44,-3.33,1
1859-11-17,NA,NA,NA,NA,NA,NA,NA,0,"empty","empty",NA,0,NA,NA,NA,NA,NA
1859-11-17 07:00:00,9.44,NA,NA,NA,NA,NA,1024.45,NA,NA,NA,82,NA,4.44,NA,NA,NA,0
1859-11-17 14:00:00,12.78,NA,1,180,8.87,"180",1023.43,NA,NA,NA,84,NA,9.44,NA,NA,NA,0
1859-11-17 21:00:00,13.33,NA,NA,NA,7.82,NA,1022.69,NA,NA,NA,83,NA,6.11,NA,NA,NA,0
1859-11-18,NA,NA,NA,NA,NA,NA,NA,0,"empty","empty",NA,0,NA,NA,NA,NA,NA
1859-11-18 07:00:00,12.22,NA,NA,NA,NA,"270",1023.23,NA,NA,NA,85,NA,5.44,NA,NA,NA,0
1859-11-18 14:00:00,13.33,NA,NA,225,NA,"225",1021.33,NA,NA,NA,79,NA,12.33,NA,NA,NA,0
1859-11-18 21:00:00,15,NA,NA,NA,10.94,NA,1021,NA,NA,NA,100,NA,5,NA,8.33,NA,0
1859-11-19,NA,NA,NA,NA,NA,NA,NA,0,NA,NA,NA,0,NA,NA,NA,NA,NA
1859-11-19 07:00:00,13.89,NA,4,NA,NA,"22.5",1009.82,NA,NA,NA,100,NA,6.67,NA,6.67,6.67,11
1859-11-19 14:00:00,11.67,NA,NA,22.5,9.41,"22.5",1000.68,NA,NA,NA,100,NA,6.11,NA,6.11,6.11,11
1859-11-19 21:00:00,13.33,NA,NA,NA,8.7,NA,994.85,NA,NA,NA,100,NA,5,NA,5,5,NA
1859-11-20,NA,NA,NA,NA,NA,NA,NA,0,"9:30 pm",NA,NA,0.23,NA,-2.11,NA,NA,NA
1859-11-20 07:00:00,12.22,NA,2,NA,5.49,"337.5",1008.4,NA,NA,NA,89,NA,0.44,NA,-1.11,0,2
1859-11-20 14:00:00,11.67,NA,0,337.5,4.4,"337.5",1019.98,NA,NA,NA,78,NA,-1.78,NA,-2.22,-1.11,0
1859-11-20 21:00:00,9.44,NA,NA,0,3.01,NA,1027.77,NA,NA,NA,72,NA,-5,NA,-6.11,-5,NA
1859-11-21,NA,NA,NA,NA,NA,NA,NA,0,"11:30 pm",NA,NA,0.23,NA,-3.74,NA,NA,NA
1859-11-21 07:00:00,7.22,NA,2,NA,3.25,"45",1033.93,NA,NA,NA,85,NA,-5.83,NA,-6.67,-6.11,2
1859-11-21 14:00:00,12.22,NA,2,315,3.56,"315",1032.51,NA,NA,NA,75,NA,-2.61,NA,-4.44,-3.33,2
1859-11-21 21:00:00,13.89,NA,2,315,3.76,"270",1029.33,NA,NA,NA,75,NA,NA,NA,-3.89,-2.78,NA
1859-11-22,NA,NA,NA,NA,NA,NA,NA,0,"10 am | 2:40 pm | 5 pm",NA,NA,57.15,NA,NA,NA,NA,NA
1859-11-22 07:00:00,8.33,NA,2,90,4.81,"90",1019.98,NA,NA,NA,88,NA,-1.28,NA,-2.22,-1.67,2
1859-11-22 14:00:00,9.44,NA,2,90,5.69,"90",1014.22,NA,NA,NA,89,NA,1.33,NA,0,0.56,2
1859-11-22 21:00:00,14.44,NA,1,90,6.64,"90",1011.85,NA,NA,NA,100,NA,NA,NA,1.11,1.11,1
1859-11-23,NA,NA,NA,NA,NA,NA,NA,58.42,"2 pm | 9 pm","4 pm | 1 am",NA,38.1,NA,NA,NA,NA,NA
1859-11-23 07:00:00,11.11,NA,0,NA,4.37,"315",1015.31,NA,NA,NA,88,NA,-2.5,NA,-3.33,-2.78,0
1859-11-23 14:00:00,10,NA,1,315,4.84,"315",1017.54,NA,NA,NA,79,NA,-0.17,NA,NA,0,1
1859-11-23 21:00:00,17.22,NA,1,315,4.57,"315",1023.37,NA,NA,NA,88,NA,NA,NA,-2.78,-2.22,1
1859-11-24,NA,NA,NA,NA,NA,NA,NA,0,"empty","empty",NA,19.05,NA,NA,NA,NA,NA
1859-11-24 07:00:00,11.11,NA,0,NA,3.76,"315",1028.51,NA,NA,NA,75,NA,-3.17,NA,-3.89,-2.78,0
1859-11-24 14:00:00,12.22,NA,1,247.5,4.17,"247.5",1030.82,NA,NA,NA,77,NA,-1.94,NA,NA,-1.67,1
1859-11-24 21:00:00,11.11,NA,1,247.5,3.96,"247.5",1033.86,NA,NA,NA,87,NA,-4.44,NA,-4.44,-3.89,1
1859-11-25,NA,NA,NA,NA,NA,NA,NA,0,"5 pm","8 am",NA,0,NA,-4.44,NA,NA,NA
1859-11-25 07:00:00,7.22,NA,NA,NA,2.95,NA,1033.53,NA,NA,NA,84,NA,-7.22,NA,-2.22,-7.22,0
1859-11-25 14:00:00,18.33,NA,0,NA,3.96,"90",1029.33,NA,NA,NA,87,NA,-2.78,NA,NA,-3.89,0
1859-11-25 21:00:00,17.78,NA,1,90,4.37,"90",1014.9,NA,NA,NA,93,NA,-2.78,NA,-3.61,-3.33,1
1859-11-26,NA,NA,NA,NA,NA,NA,NA,10.16,"7:30 pm | 9 pm","8:15 pm | 9:30 pm",NA,101.6,NA,NA,NA,NA,NA
1859-11-26 07:00:00,13.33,NA,5,202.5,6.47,"202.5",995.67,NA,NA,NA,90,NA,2.22,NA,1.67,2.22,16
1859-11-26 14:00:00,12.78,NA,2,225,6.43,"225",999.05,NA,NA,NA,74,NA,5.44,NA,NA,5,2
1859-11-26 21:00:00,14.44,NA,3,225,6.03,"225",1002.71,NA,NA,NA,81,NA,2.39,NA,NA,2.78,5
1859-11-27,NA,NA,NA,NA,NA,NA,NA,0.23,"empty","empty",NA,0,NA,0.56,NA,NA,NA
1859-11-27 07:00:00,11.67,NA,3,270,4.44,"270",1009.41,NA,NA,NA,70,NA,0.83,NA,-1.11,0.56,5
1859-11-27 14:00:00,16.67,NA,2,247.5,4.81,"247.5",1009.69,NA,NA,NA,70,NA,1.11,NA,NA,1.67,2
1859-11-27 21:00:00,17.78,NA,1,247.5,5.25,"247.5",1007.45,NA,NA,NA,79,NA,0.89,NA,NA,1.11,1
1859-11-28,NA,NA,NA,NA,NA,NA,NA,0,"empty","empty",NA,0,NA,-1.89,NA,NA,NA
1859-11-28 07:00:00,13.33,NA,0,NA,4.37,"292.5",1009.08,NA,NA,NA,88,NA,-2.78,NA,2.22,-2.78,0
1859-11-28 14:00:00,21.11,NA,1,270,4.4,"270",1011.51,NA,NA,NA,78,NA,-1.22,NA,NA,-1.11,1
1859-11-28 21:00:00,20,NA,1,270,4.4,"270",1011.45,NA,NA,NA,78,NA,-1.22,NA,NA,-1.11,1
1859-11-29,NA,NA,NA,NA,NA,NA,NA,0,NA,"7:30 pm",NA,0,NA,-8.65,NA,NA,NA
1859-11-29 07:00:00,11.11,NA,1,67.5,2.13,"67.5",1023.03,NA,NA,NA,81,NA,-10.56,NA,-11.11,-10.56,1
1859-11-29 14:00:00,15.56,NA,1,90,2.78,"90",1022.62,NA,NA,NA,84,NA,-7.33,NA,NA,-7.78,1
1859-11-29 21:00:00,15,NA,1,67.5,2.78,"67.5",1019.84,NA,NA,NA,84,NA,-8.06,NA,NA,-7.78,1
1859-11-30,NA,NA,NA,NA,NA,NA,NA,0,"empty","empty",NA,0.23,NA,-1.59,NA,NA,NA
1859-11-30 07:00:00,8.89,NA,0,NA,3.25,"45",1012.73,NA,NA,NA,85,NA,-6.44,NA,-6.67,-6.11,0
1859-11-30 14:00:00,16.11,NA,0,NA,4.84,"22.5",1013.34,NA,NA,NA,79,NA,0.5,NA,-1.11,0,0
1859-11-30 21:00:00,17.78,NA,0,NA,5.28,NA,1017.61,NA,NA,NA,80,NA,1.17,NA,-0.56,0.56,0
1859-12-01,NA,NA,NA,NA,NA,NA,NA,0,"10am | 1pm","11am | 11pm",NA,0,NA,5.59,NA,NA,NA
1859-12-01 07:00:00,11.67,NA,1,202.5,6.03,"202.5",1009.08,NA,NA,NA,81,NA,3.06,NA,1.67,2.78,1
1859-12-01 14:00:00,11.67,NA,1,202.5,7.62,"202.5",1004.06,NA,NA,NA,91,NA,5.56,NA,3.89,4.44,1
1859-12-01 21:00:00,14.44,NA,1,202.5,9.92,"202.5",1007.59,NA,NA,NA,96,NA,8.17,NA,7.5,7.78,1
1859-12-02,NA,NA,NA,NA,NA,NA,NA,4.83,"2:50 pm","9pm",NA,0,NA,-7.52,NA,NA,NA
1859-12-02 07:00:00,8.33,NA,2,0,3.96,"0",1014.56,NA,NA,NA,87,NA,-1.94,NA,-4.44,-3.89,2
1859-12-02 14:00:00,8.33,NA,2,22.5,2.64,"22.5",1021.06,NA,NA,NA,91,NA,-9.11,NA,-9.72,-9.44,2
1859-12-02 21:00:00,13.89,NA,2,22.5,2.17,"22.5",1024.52,NA,NA,NA,90,NA,-11.5,NA,-11.94,-11.67,2
1859-12-03,NA,NA,NA,NA,NA,NA,NA,9.14,"9pm","10:30 pm",NA,76.2,NA,-17.3,NA,NA,NA
1859-12-03 07:00:00,8.33,NA,1,315,1.19,"315",1039.15,NA,NA,NA,90,NA,-19.11,NA,-19.06,-18.72,1
1859-12-03 14:00:00,7.78,NA,1,0,0.68,"0",1043.41,NA,NA,NA,43,NA,-16.39,NA,-17.78,-16.67,1
1859-12-03 21:00:00,15.56,NA,1,0,0.68,"0",1046.39,NA,NA,NA,43,NA,-16.39,NA,-17.78,-16.67,1
1859-12-04,NA,NA,NA,NA,NA,NA,NA,7.62,"4am |10am | 11pm","10am | 7pm",NA,57.15,NA,-12.48,NA,NA,NA
1859-12-04 07:00:00,2.78,NA,3,45,1.59,"45",1040.23,NA,NA,NA,87,NA,-15,NA,-15.28,-15,5
1859-12-04 14:00:00,15.56,NA,3,45,2.84,"45",1036.84,NA,NA,NA,90,NA,-11.33,NA,-11.94,-11.67,5
1859-12-04 21:00:00,20,NA,2,45,2.03,"45",1034.2,NA,NA,NA,80,NA,-11.11,NA,-11.67,-11.11,2
1859-12-05,NA,NA,NA,NA,NA,NA,NA,11.18,"5am","3am | 10am",NA,82.55,NA,-4.8,NA,NA,NA
1859-12-05 07:00:00,7.78,NA,2,22.5,3.22,"22.5",1029.46,NA,NA,NA,92,NA,-6.94,NA,-7.5,-7.22,2
1859-12-05 14:00:00,12.22,NA,2,0,4.37,"0",1029.46,NA,NA,NA,93,NA,-4.06,NA,-4.17,-3.89,2
1859-12-05 21:00:00,11.11,NA,1,0,4.37,"0",1027.84,NA,NA,NA,88,NA,-3.06,NA,-3.33,-2.78,1
1859-12-06,NA,NA,NA,NA,NA,NA,NA,0,"1:30 pm","11pm",NA,0,NA,2.41,NA,NA,NA
1859-12-06 07:00:00,9.44,NA,NA,0,5.25,NA,1025.2,NA,NA,NA,89,NA,-0.33,NA,-1.11,-0.56,0
1859-12-06 14:00:00,12.22,NA,0,157.5,6.74,"202.5",1019.3,NA,NA,NA,90,NA,2.94,NA,2.22,2.78,1
1859-12-06 21:00:00,16.67,NA,1,157.5,7.62,"157.5",1013.75,NA,NA,NA,91,NA,4.61,NA,3.89,4.44,1
1859-12-07,NA,NA,NA,NA,NA,NA,NA,9.65,"8am | 10am","10am | 6pm",NA,0,NA,0.24,NA,NA,NA
1859-12-07 07:00:00,13.33,NA,0,NA,9.04,"247.5",1006.37,NA,NA,NA,100,NA,5.72,NA,5.56,5.56,0
1859-12-07 14:00:00,12.78,NA,2,270,5.89,"270",1011.79,NA,NA,NA,100,NA,-0.22,NA,-0.56,-0.56,2
1859-12-07 21:00:00,13.89,NA,2,270,3.59,"270",1019.64,NA,NA,NA,86,NA,-4.78,NA,-5.56,-5,2
1859-12-08,NA,NA,NA,NA,NA,NA,NA,6.86,"empty","empty",NA,12.7,NA,-11,NA,NA,NA
1859-12-08 07:00:00,8.33,NA,0,NA,1.83,NA,1024.52,NA,NA,NA,78,NA,-12.22,NA,-12.78,-12.22,0
1859-12-08 14:00:00,10.56,NA,1,337.5,2.2,"337.5",1025.74,NA,NA,NA,74,NA,-9,NA,-10,-9.44,1
1859-12-08 21:00:00,10.56,NA,0,NA,2.2,NA,1027.7,NA,NA,NA,74,NA,-11.22,NA,-12.22,-11.67,0
1859-12-09,NA,NA,NA,NA,NA,NA,NA,0,"4pm | 5pm","4:20 pm",NA,0,NA,-8.54,NA,NA,NA
1859-12-09 07:00:00,7.78,NA,0,292.5,1.52,NA,1026.75,NA,NA,NA,76,NA,-13.67,NA,-14.5,-13.89,0
1859-12-09 14:00:00,20,NA,1,180,3.08,"180",1021.4,NA,NA,NA,85,NA,-6.39,NA,-7.22,-6.67,1
1859-12-09 21:00:00,21.11,NA,1,180,3.42,"180",1015.92,NA,NA,NA,86,NA,-5.56,NA,-6.11,-5.56,1
1859-12-10,NA,NA,NA,NA,NA,NA,NA,6.1,"10am","10am | 11:30 am",NA,83.82,NA,-12,NA,NA,NA
1859-12-10 07:00:00,12.78,NA,2,337.5,3.05,"337.5",1017.61,NA,NA,NA,92,NA,-7.78,NA,-8.06,-7.78,2
1859-12-10 14:00:00,15,NA,2,270,1.73,"270",1025.26,NA,NA,NA,77,NA,-12.56,NA,-13.33,-12.78,2
1859-12-10 21:00:00,15,NA,1,270,1.29,"270",1027.09,NA,NA,NA,73,NA,-15.67,NA,-16.11,-15.56,1
1859-12-11,NA,NA,NA,NA,NA,NA,NA,1.78,"11:50 am | 5pm","3pm | 11pm",NA,10.16,NA,-8.08,NA,NA,NA
1859-12-11 07:00:00,10.56,NA,1,90,1.52,"90",1017.61,NA,NA,NA,76,NA,-13.56,NA,-14.44,-13.89,1
1859-12-11 14:00:00,15.56,NA,1,180,3.66,"180",1009.14,NA,NA,NA,100,NA,-6.22,NA,-6.67,-6.67,1
1859-12-11 21:00:00,20,NA,1,180,3.76,"180",1004.34,NA,NA,NA,86,NA,-4.44,NA,-5,-4.44,45
1859-12-12,NA,NA,NA,NA,NA,NA,NA,4.57,"empty","empty",NA,40.64,NA,-19.2,NA,NA,NA
1859-12-12 07:00:00,12.22,NA,4,270,0.58,"270",1002.71,NA,NA,NA,47,NA,-16.67,NA,-17.78,-16.67,5
1859-12-12 14:00:00,13.89,NA,3,247.5,0.54,"247.5",1009.28,NA,NA,NA,46,NA,-20.5,NA,-21.11,-20.28,5
1859-12-12 21:00:00,21.11,NA,0,247.5,0.75,NA,1016.39,NA,NA,NA,63,NA,-20.44,NA,-21.11,-20.56,2
1859-12-13,NA,NA,NA,NA,NA,NA,NA,0,"empty","empty",NA,0,NA,-18.56,NA,NA,NA
1859-12-13 07:00:00,11.11,NA,0,247.5,0.51,NA,1023.3,NA,NA,NA,43,NA,-21.11,NA,-21.67,-20.83,1
1859-12-13 14:00:00,15,NA,1,247.5,0.75,"247.5",1029.46,NA,NA,NA,45,NA,-16.11,NA,-17.22,-16.11,1
1859-12-13 21:00:00,20,NA,0,247.5,0.95,NA,1034,NA,NA,NA,68,NA,-18.44,NA,-18.89,-18.33,1
1859-12-14,NA,NA,NA,NA,NA,NA,NA,0,"11:30 am","1:30 pm",NA,0,NA,-14.48,NA,NA,NA
1859-12-14 07:00:00,11.67,NA,2,0,1.02,"0",1031.56,NA,NA,NA,87,NA,-18.44,NA,-18.89,-18.44,2
1859-12-14 14:00:00,11.67,NA,2,0,1.52,"0",1027.7,NA,NA,NA,76,NA,-13.89,NA,-14.44,-13.89,2
1859-12-14 21:00:00,13.89,NA,2,0,2.03,"0",1022.69,NA,NA,NA,80,NA,-11.11,NA,-11.67,-11.11,2
1859-12-15,NA,NA,NA,NA,NA,NA,NA,0.76,"10am","10:30 am",NA,7.62,NA,-9,NA,NA,NA
1859-12-15 07:00:00,9.44,NA,1,315,2.37,"315",1019.84,NA,NA,NA,82,NA,-9.56,NA,-10,-9.44,1
1859-12-15 14:00:00,11.11,NA,1,247.5,1.86,"292.5",1019.24,NA,NA,NA,64,NA,-8.89,NA,-10.56,-9.44,1
1859-12-15 21:00:00,13.89,NA,1,292.5,2.13,"247.5",1023.1,NA,NA,NA,67,NA,-8.56,NA,-9.89,-8.89,1
1859-12-16,NA,NA,NA,NA,NA,NA,NA,0.23,"empty","empty",NA,0.23,NA,-6.36,NA,NA,NA
1859-12-16 07:00:00,12.22,NA,1,225,2.78,"225",1025.94,NA,NA,NA,84,NA,-7.78,NA,-8.33,-7.78,1
1859-12-16 14:00:00,12.78,NA,1,180,3.96,"180",1025.87,NA,NA,NA,87,NA,-3.89,NA,-4.44,-3.89,1
1859-12-16 21:00:00,13.89,NA,0,NA,2.95,NA,1027.77,NA,NA,NA,84,NA,-7.39,NA,-7.78,-7.22,0
1859-12-17,NA,NA,NA,NA,NA,NA,NA,0,"empty","empty",NA,0,NA,-6.56,NA,NA,NA
1859-12-17 07:00:00,8.33,NA,0,22.5,1.73,NA,1027.57,NA,NA,NA,63,NA,-10,NA,-11.11,-10,1
1859-12-17 14:00:00,13.33,NA,1,45,2.98,"45",1026.82,NA,NA,NA,62,NA,-3.39,NA,-5,-3.33,1
1859-12-17 21:00:00,15,NA,0,45,2.54,NA,1024.38,NA,NA,NA,70,NA,-6.28,NA,-7.78,-6.67,2
1859-12-18,NA,NA,NA,NA,NA,NA,NA,7.11,"9am | 5pm","11:45am | 10pm",NA,76.2,NA,-5.15,NA,NA,NA
1859-12-18 07:00:00,7.78,NA,3,45,2.84,"45",1018.69,NA,NA,NA,71,NA,-5.56,NA,-6.67,-5.56,5
1859-12-18 14:00:00,11.67,NA,3,45,3.59,"45",1013.14,NA,NA,NA,86,NA,-5.11,NA,-5.56,-5,5
1859-12-18 21:00:00,16.67,NA,3,45,3.59,"45",1012.19,NA,NA,NA,86,NA,-4.78,NA,-5.56,-5,5
1859-12-19,NA,NA,NA,NA,NA,NA,NA,19.3,"10am | 3pm","3pm | 9pm",NA,162.56,NA,-2.98,NA,NA,NA
1859-12-19 07:00:00,8.89,NA,1,0,3.59,"0",1009.45,NA,NA,NA,86,NA,-5,NA,-5.56,-5,1
1859-12-19 14:00:00,12.22,NA,1,0,3.59,"0",1009.14,NA,NA,NA,86,NA,-5.17,NA,-5.56,-5,1
1859-12-19 21:00:00,16.11,NA,1,202.5,5.93,"202.5",1010.97,NA,NA,NA,89,NA,1.22,NA,0.56,1.11,1
1859-12-20,NA,NA,NA,NA,NA,NA,NA,1.27,"1:15 pm | 9pm","2pm",NA,10.16,NA,0.02,NA,NA,NA
1859-12-20 07:00:00,13.89,NA,1,270,5.25,"270",1010.97,NA,NA,NA,89,NA,-0.44,NA,-1.11,-0.56,1
1859-12-20 14:00:00,15,NA,1,180,6.2,"180",1006.23,NA,NA,NA,90,NA,1.67,NA,1.11,1.67,1
1859-12-20 21:00:00,16.67,NA,1,202.5,5.01,"202.5",1000,NA,NA,NA,89,NA,-1.17,NA,-1.67,-1.11,1
1859-12-21,NA,NA,NA,NA,NA,NA,NA,8.64,"10am","7am | 11:30 am",NA,60.96,NA,-6,NA,NA,NA
1859-12-21 07:00:00,12.78,NA,2,292.5,4.81,"292.5",1002.1,NA,NA,NA,88,NA,-1.67,NA,-2.22,-1.67,2
1859-12-21 14:00:00,14.44,NA,2,270,3.25,"270",1008.47,NA,NA,NA,85,NA,-5.89,NA,-6.67,-6.11,2
1859-12-21 21:00:00,13.89,NA,1,270,2.13,"270",1012.53,NA,NA,NA,81,NA,-10.44,NA,-11.11,-10.56,1
1859-12-22,NA,NA,NA,NA,NA,NA,NA,0.51,"empty","empty",NA,7.62,NA,-12,NA,NA,NA
1859-12-22 07:00:00,9.44,NA,2,270,1.63,"270",1014.56,NA,NA,NA,77,NA,-13.17,NA,-13.89,-13.33,2
1859-12-22 14:00:00,12.78,NA,1,247.5,1.86,"247.5",1013.48,NA,NA,NA,71,NA,-10.61,NA,-11.39,-10.56,1
1859-12-22 21:00:00,11.67,NA,0,247.5,1.83,NA,NA,NA,NA,NA,78,NA,-12.22,NA,-12.78,-12.22,1
1859-12-23,NA,NA,NA,NA,NA,NA,NA,0,"7pm","11pm",NA,0,NA,-7.36,NA,NA,NA
1859-12-23 07:00:00,10.56,NA,1,225,2.03,"225",1009.21,NA,NA,NA,80,NA,-11.11,NA,-11.67,-11.11,1
1859-12-23 14:00:00,11.11,NA,1,225,3.76,"225",1005.76,NA,NA,NA,86,NA,-4.56,NA,-5,-4.44,1
1859-12-23 21:00:00,15.56,NA,1,225,3.08,"225",1005.08,NA,NA,NA,85,NA,-6.39,NA,-7.22,-6.67,1
1859-12-24,NA,NA,NA,NA,NA,NA,NA,0.51,"empty","empty",NA,10.16,NA,-20.24,NA,NA,NA
1859-12-24 07:00:00,7.22,NA,0,292.5,0.75,NA,1009.14,NA,NA,NA,52,NA,-18.33,NA,-19.17,-18.33,2
1859-12-24 14:00:00,14.44,NA,2,270,0.27,"270",1014.43,NA,NA,NA,23,NA,-20.83,NA,-22.22,-21.11,2
1859-12-24 21:00:00,15.56,NA,0,270,0.34,NA,1015.92,NA,NA,NA,32,NA,-21.56,NA,-24.17,-23.33,2
1859-12-25,NA,NA,NA,NA,NA,NA,NA,0,"10:15 am | 8pm","11:30 am",NA,0,NA,-18.29,NA,NA,NA
1859-12-25 07:00:00,8.33,NA,1,225,0.81,"225",1014.49,NA,NA,NA,65,NA,-20.33,NA,-20.56,-20,1
1859-12-25 14:00:00,19.44,NA,1,225,1.29,"225",1014.7,NA,NA,NA,73,NA,-15.56,NA,-16.11,-15.56,1
1859-12-25 21:00:00,16.67,NA,2,22.5,0.91,"22.5",1014.16,NA,NA,NA,67,NA,-19,NA,-19.44,-18.89,2
1859-12-26,NA,NA,NA,NA,NA,NA,NA,6.6,"10:20 am | 3:30 pm | 7pm","2am | 11am | 5pm",NA,93.98,NA,-14.82,NA,NA,NA
1859-12-26 07:00:00,6.11,NA,2,22.5,1.22,"22.5",1005.76,NA,NA,NA,82,NA,-17.44,NA,-18.11,-17.78,2
1859-12-26 14:00:00,16.67,NA,2,337.5,1.52,"337.5",1005.15,NA,NA,NA,76,NA,-13.67,NA,-14.44,-13.89,2
1859-12-26 21:00:00,13.33,NA,2,337.5,1.63,"337.5",1010.77,NA,NA,NA,77,NA,-13.33,NA,-13.89,-13.33,2
1859-12-27,NA,NA,NA,NA,NA,NA,NA,3.3,"empty","1am",NA,20.32,NA,-19.07,NA,NA,NA
1859-12-27 07:00:00,10,NA,0,315,0.75,NA,1023.5,NA,NA,NA,52,NA,-18.33,NA,-19.17,-18.33,2
1859-12-27 14:00:00,17.22,NA,0,315,0.81,NA,1030.27,NA,NA,NA,54,NA,-17.78,NA,-18.61,-17.78,2
1859-12-27 21:00:00,17.78,NA,0,315,0.71,NA,1034.54,NA,NA,NA,62,NA,-21.11,NA,-21.67,-21.11,1
1859-12-28,NA,NA,NA,NA,NA,NA,NA,0,"empty","empty",NA,0,NA,-24.17,NA,NA,NA
1859-12-28 07:00:00,7.22,NA,0,337.5,0.61,NA,1036.17,NA,NA,NA,74,NA,-25.44,NA,-25.83,-25.56,1
1859-12-28 14:00:00,15.56,NA,0,337.5,0.85,NA,1037.39,NA,NA,NA,80,NA,-21.94,NA,-22.22,-21.94,1
1859-12-28 21:00:00,15.56,NA,0,337.5,0.41,NA,1037.73,NA,NA,NA,49,NA,-25.11,NA,-25.56,-25,1
1859-12-29,NA,NA,NA,NA,NA,NA,NA,0,"empty","empty",NA,0,NA,-24.97,NA,NA,NA
1859-12-29 07:00:00,3.33,NA,0,22.5,0.27,NA,1034.47,NA,NA,NA,40,NA,-27.22,NA,-27.78,-27.22,1
1859-12-29 14:00:00,11.11,NA,0,22.5,0.44,NA,1029.46,NA,NA,NA,51,NA,-24.44,NA,-25,-24.44,1
1859-12-29 21:00:00,9.44,NA,1,22.5,0.51,"22.5",1022.49,NA,NA,NA,55,NA,-23.22,NA,-23.89,-23.33,1
1859-12-30,NA,NA,NA,NA,NA,NA,NA,14.73,"1am","5pm",NA,185.42,NA,-15.28,NA,NA,NA
1859-12-30 07:00:00,3.89,NA,3,0,1.12,"0",1010.7,NA,NA,NA,83,NA,-18.89,NA,-19.17,-18.89,5
1859-12-30 14:00:00,7.22,NA,3,0,1.79,"0",1008.81,NA,NA,NA,87,NA,-14.17,NA,-14.17,-13.89,5
1859-12-30 21:00:00,11.67,NA,0,NA,1.73,"0",1009.75,NA,NA,NA,77,NA,-12.78,NA,-13.33,-12.78,0
1859-12-31,NA,NA,NA,NA,NA,NA,NA,0.76,"empty","empty",NA,27.94,NA,-12.98,NA,NA,NA
1859-12-31 07:00:00,3.89,NA,4,292.5,1.93,"292.5",1012.87,NA,NA,NA,79,NA,-11.72,NA,-12.22,-11.67,11
1859-12-31 14:00:00,8.33,NA,3,292.5,1.73,"292.5",1015.24,NA,NA,NA,77,NA,-12.78,NA,-13.33,-12.78,5
1859-12-31 21:00:00,10.56,NA,3,292.5,1.69,"292.5",1018.63,NA,NA,NA,87,NA,-14.44,NA,-14.72,-14.44,5
1861-01-01,NA,NA,NA,NA,NA,NA,NA,2.29,"8am","11:30am",NA,20.32,NA,-3.8,NA,NA,NA
1861-01-01 07:00:00,11.67,202.5,3,202.5,2.98,NA,1021.61,NA,NA,NA,72,NA,-5,NA,-5.56,-5,5
1861-01-01 14:00:00,21.67,247.5,2,247.5,3.62,NA,1022.08,NA,NA,NA,76,NA,-3.33,NA,-3.89,-3.33,2
1861-01-01 21:00:00,21.67,NA,2,247.5,3.62,"247.5",1024.38,NA,NA,NA,76,NA,-3.06,NA,-5,-3.33,2
1861-01-02,NA,NA,NA,NA,NA,NA,NA,0.51,"empty","empty",NA,6.35,NA,-3.24,NA,NA,NA
1861-01-02 07:00:00,14.44,247.5,1,247.5,5.01,NA,1015.85,NA,NA,NA,89,NA,-1.11,NA,-1.67,-1.11,1
1861-01-02 14:00:00,17.22,292.5,1,292.5,5.69,NA,1018.22,NA,NA,NA,89,NA,0.83,NA,0,0.56,1
1861-01-02 21:00:00,17.22,NA,3,292.5,1.93,"292.5",1024.92,NA,NA,NA,67,NA,-9.44,NA,-10,-9.44,5
1861-01-03,NA,NA,NA,NA,NA,NA,NA,2.03,"8:30am, 2:15pm","11am, 3pm",NA,15.24,NA,-13.33,NA,NA,NA
1861-01-03 07:00:00,7.78,22.5,4,22.5,1.56,NA,1021.33,NA,NA,NA,87,NA,-15,NA,-15.28,-15,11
1861-01-03 14:00:00,13.33,22.5,4,22.5,1.96,NA,1017.61,NA,NA,NA,85,NA,-12.22,NA,-12.44,-12.22,11
1861-01-03 21:00:00,15.56,NA,4,22.5,1.63,"22.5",1015.85,NA,NA,NA,77,NA,-12.78,NA,-13.89,-13.33,11
1861-01-04,NA,NA,NA,NA,NA,NA,NA,1.27,"empty","empty",NA,12.7,NA,-12.36,NA,NA,NA
1861-01-04 07:00:00,7.22,247.5,2,247.5,1.96,NA,1014.63,NA,NA,NA,85,NA,-12.22,NA,-12.44,-12.22,2
1861-01-04 14:00:00,14.44,247.5,2,247.5,1.63,NA,1017.54,NA,NA,NA,67,NA,-11.22,NA,-12.22,-11.67,2
1861-01-04 21:00:00,19.44,NA,0,247.5,1.63,NA,1022.08,NA,NA,NA,76,NA,-13.61,NA,-14.44,-15.56,2
1861-01-05,NA,NA,NA,NA,NA,NA,NA,0,"8pm","9:25pm",NA,0,NA,-4.76,NA,NA,NA
1861-01-05 07:00:00,12.78,270,2,270,2.47,NA,1020.39,NA,NA,NA,68,NA,-6.22,NA,-7.22,-6.67,2
1861-01-05 14:00:00,15,247.5,2,247.5,3.62,NA,1020.66,NA,NA,NA,76,NA,-3.33,NA,-5,-3.33,2
1861-01-05 21:00:00,17.78,NA,4,225,2.98,"225",1019.3,NA,NA,NA,72,NA,-4.72,NA,-5.56,-5,11
1861-01-06,NA,NA,NA,NA,NA,NA,NA,0.51,"9:50pm, 11pm","10pm",NA,10.16,NA,-10.37,NA,NA,NA
1861-01-06 07:00:00,11.11,315,3,315,1.93,NA,1028.04,NA,NA,NA,67,NA,-9.33,NA,-10,-9.44,5
1861-01-06 14:00:00,16.11,90,1,90,1.93,NA,1026.55,NA,NA,NA,67,NA,-9.44,NA,-10,-9.44,1
1861-01-06 21:00:00,16.11,NA,3,45,1.73,"45",1023.5,NA,NA,NA,77,NA,-12.33,NA,-13.33,-12.78,5
1861-01-07,NA,NA,NA,NA,NA,NA,NA,5.33,"10 am","10am",NA,55.88,NA,-12.71,NA,NA,NA
1861-01-07 07:00:00,7.22,22.5,3,22.5,1.76,NA,1015.92,NA,NA,NA,94,NA,-14,NA,-14.56,-14.44,5
1861-01-07 14:00:00,11.11,22.5,3,22.5,2.2,NA,1010.5,NA,NA,NA,92,NA,-11.33,NA,-11.78,-11.67,16
1861-01-07 21:00:00,20,NA,6,22.5,2.03,"22.5",1012.87,NA,NA,NA,95,NA,-12.78,NA,-12.89,-12.78,20
1861-01-08,NA,NA,NA,NA,NA,NA,NA,15.49,"9:15am","1pm, 10pm",NA,152.4,NA,-12.56,NA,NA,NA
1861-01-08 07:00:00,8.89,0,2,0,1.56,NA,1017.61,NA,NA,NA,87,NA,-15,NA,-15.28,-15,2
1861-01-08 14:00:00,16.67,0,2,0,2.03,NA,1019.91,NA,NA,NA,80,NA,-10.89,NA,-11.67,-11.11,2
1861-01-08 21:00:00,21.67,NA,1,0,1.96,"0",1022.69,NA,NA,NA,85,NA,-11.78,NA,-12.44,-12.22,1
1861-01-09,NA,NA,NA,NA,NA,NA,NA,0,"empty","empty",NA,0,NA,-16.69,NA,NA,NA
1861-01-09 07:00:00,10,22.5,2,22.5,1.29,NA,1021.33,NA,NA,NA,85,NA,-17.78,NA,-18.06,-17.78,2
1861-01-09 14:00:00,18.33,22.5,2,22.5,1.15,NA,1017.95,NA,NA,NA,71,NA,-16.67,NA,-17.22,-16.67,2
1861-01-09 21:00:00,20,NA,3,22.5,1.49,"22.5",1012.53,NA,NA,NA,86,NA,-15.61,NA,-15.83,-15.56,5
1861-01-10,NA,NA,NA,NA,NA,NA,NA,0,"10am, 5pm","2pm, 6pm",NA,0,NA,-10.97,NA,NA,NA
1861-01-10 07:00:00,7.78,22.5,3,22.5,1.93,NA,1002.37,NA,NA,NA,88,NA,-12.5,NA,-13.33,-12.78,5
1861-01-10 14:00:00,8.89,0,2,0,2.37,NA,998.92,NA,NA,NA,68,NA,-7.22,NA,-7.78,-7.22,2
1861-01-10 21:00:00,21.67,NA,4,270,1.63,"270",1005.76,NA,NA,NA,77,NA,-13.17,NA,-13.89,-13.33,11
1861-01-11,NA,NA,NA,NA,NA,NA,NA,4.06,"empty","empty",NA,30.48,NA,-26.46,NA,NA,NA
1861-01-11 07:00:00,7.22,270,4,270,0.3,NA,1020.39,NA,NA,NA,43,NA,-28.22,NA,-27.22,-27.78,11
1861-01-11 14:00:00,20.56,270,4,270,0.47,NA,1021,NA,NA,NA,53,NA,-25.11,NA,-24.44,-25,11
1861-01-11 21:00:00,18.33,NA,0,270,0.44,NA,1020.39,NA,NA,NA,51,NA,-26.06,NA,-25,-25.56,2
1861-01-12,NA,NA,NA,NA,NA,NA,NA,0,"empty","empty",NA,0,NA,-25.41,NA,NA,NA
1861-01-12 07:00:00,11.67,NA,0,0,2.37,NA,1020.45,NA,NA,NA,37,NA,-28.89,NA,-28.33,-28.89,2
1861-01-12 14:00:00,15.56,NA,0,247.5,0.61,NA,1024.38,NA,NA,NA,58,NA,-23.67,NA,-22.78,-23.33,5
1861-01-12 21:00:00,20.56,NA,0,247.5,0.61,NA,1031.16,NA,NA,NA,58,NA,-23.67,NA,-22.78,-23.33,5
1861-01-13,NA,NA,NA,NA,NA,NA,NA,0,"empty","empty",NA,0,NA,-23.13,NA,NA,NA
1861-01-13 07:00:00,11.67,225,2,225,0.37,NA,1037.73,NA,NA,NA,47,NA,-26.94,NA,-26.11,-26.67,2
1861-01-13 14:00:00,18.89,NA,0,225,1.29,NA,1038.88,NA,NA,NA,73,NA,-20,NA,-19.44,-20,2
1861-01-13 21:00:00,18.89,NA,0,180,0.71,NA,1038.27,NA,NA,NA,62,NA,-22.44,NA,-21.67,-22.22,1
1861-01-14,NA,NA,NA,NA,NA,NA,NA,0,"empty","empty",NA,0,NA,-18.78,NA,NA,NA
1861-01-14 07:00:00,5,0,2,0,0.58,NA,1029.8,NA,NA,NA,57,NA,-24,NA,-23.33,-23.89,2
1861-01-14 14:00:00,13.33,0,2,0,1.29,NA,1026.08,NA,NA,NA,85,NA,-17.78,NA,-18.06,-17.78,2
1861-01-14 21:00:00,19.44,NA,1,0,1.56,"0",1024.65,NA,NA,NA,87,NA,-14.56,NA,-15.28,-15,1
1861-01-15,NA,NA,NA,NA,NA,NA,NA,0,"empty","empty",NA,0,NA,-7.74,NA,NA,NA
1861-01-15 07:00:00,8.33,0,1,0,1.63,NA,1019.37,NA,NA,NA,67,NA,-11.39,NA,-12.22,-11.67,1
1861-01-15 14:00:00,15.56,0,1,0,2.47,NA,1019.3,NA,NA,NA,68,NA,-6.44,NA,-7.22,-6.67,1
1861-01-15 21:00:00,17.22,NA,1,0,2.81,"0",1020.12,NA,NA,NA,71,NA,-5.39,NA,-6.11,-5.56,1
1861-01-16,NA,NA,NA,NA,NA,NA,NA,0.51,"8am, 10:30pm","10pm",NA,6.35,NA,-6.02,NA,NA,NA
1861-01-16 07:00:00,8.89,22.5,3,22.5,2.81,NA,1014.97,NA,NA,NA,73,NA,-5.56,NA,-6.11,-5.56,5
1861-01-16 14:00:00,13.33,22.5,3,22.5,3.89,NA,1007.38,NA,NA,NA,94,NA,-4.83,NA,-5.11,-5,5
1861-01-16 21:00:00,14.44,NA,4,22.5,3.08,"22.5",1006.1,NA,NA,NA,93,NA,-7.67,NA,-7.89,-7.78,11
1861-01-17,NA,NA,NA,NA,NA,NA,NA,33.53,"empty","7:30am",NA,381,NA,-10.32,NA,NA,NA
1861-01-17 07:00:00,7.78,22.5,4,22.5,2.34,NA,1011.85,NA,NA,NA,85,NA,-9.67,NA,-10.22,-10,11
1861-01-17 14:00:00,12.78,NA,0,22.5,2.2,NA,1019.3,NA,NA,NA,73,NA,-8.78,NA,-9.22,-8.89,5
1861-01-17 21:00:00,15.56,NA,0,22.5,1.93,NA,1026.82,NA,NA,NA,88,NA,-12.5,NA,-13.33,-12.78,2
1861-01-18,NA,NA,NA,NA,NA,NA,NA,0,"7 pm","4am",NA,0,NA,-14.26,NA,NA,NA
1861-01-18 07:00:00,7.22,NA,0,22.5,1.29,NA,1028.11,NA,NA,NA,85,NA,-17.78,NA,-18.06,-17.78,5
1861-01-18 14:00:00,12.78,22.5,2,22.5,1.93,NA,1020.12,NA,NA,NA,88,NA,-12.78,NA,-13.33,-12.78,2
1861-01-18 21:00:00,18.89,NA,2,22.5,1.96,"22.5",1011.58,NA,NA,NA,85,NA,-12.22,NA,-12.44,-12.22,2
1861-01-19,NA,NA,NA,NA,NA,NA,NA,11.43,"2:30 pm","10pm",NA,133.35,NA,-9.08,NA,NA,NA
1861-01-19 07:00:00,7.78,0,2,0,2.07,NA,1002.37,NA,NA,NA,78,NA,-10.11,NA,-10.89,-10.56,2
1861-01-19 14:00:00,10.56,0,2,0,2.84,NA,1003.18,NA,NA,NA,86,NA,-7.78,NA,-8,-7.78,2
1861-01-19 21:00:00,15,NA,2,0,2.47,"270",1006.1,NA,NA,NA,85,NA,-9.33,NA,-9.67,-9.44,2
1861-01-20,NA,NA,NA,NA,NA,NA,NA,2.54,"empty","empty",NA,44.45,NA,-10.91,NA,NA,NA
1861-01-20 07:00:00,8.89,337.5,1,337.5,1.83,NA,1007.72,NA,NA,NA,78,NA,-11.72,NA,-12.56,-12.22,1
1861-01-20 14:00:00,12.22,NA,0,292.5,1.86,NA,1009.14,NA,NA,NA,66,NA,-10,NA,-10.56,-10,1
1861-01-20 21:00:00,20,NA,4,292.5,1.69,"292.5",1012.53,NA,NA,NA,66,NA,-11,NA,-11.67,-11.11,11
1861-01-21,NA,NA,NA,NA,NA,NA,NA,0,"empty","empty",NA,0,NA,-10.39,NA,NA,NA
1861-01-21 07:00:00,11.11,292.5,4,292.5,1.76,NA,1014.22,NA,NA,NA,72,NA,-11.67,NA,-12.11,-11.67,11
1861-01-21 14:00:00,16.11,292.5,3,292.5,1.86,NA,1017.95,NA,NA,NA,66,NA,-9.67,NA,-10.56,-10,5
1861-01-21 21:00:00,20.56,NA,2,292.5,1.86,"292.5",1024.86,NA,NA,NA,66,NA,-9.83,NA,-10.56,-10,2
1861-01-22,NA,NA,NA,NA,NA,NA,NA,0,"empty","empty",NA,0,NA,-11.5,NA,NA,NA
1861-01-22 07:00:00,12.22,292.5,2,292.5,1.76,NA,1030.75,NA,NA,NA,72,NA,-11.67,NA,-12.11,-11.67,2
1861-01-22 14:00:00,15.56,NA,0,247.5,1.69,NA,1033.86,NA,NA,NA,66,NA,-10.72,NA,-11.67,-11.11,5
1861-01-22 21:00:00,17.22,NA,0,247.5,1.56,NA,1038.88,NA,NA,NA,67,NA,-12.11,NA,-12.78,-12.22,2
1861-01-23,NA,NA,NA,NA,NA,NA,NA,0,"empty","empty",NA,0,NA,-14.78,NA,NA,NA
1861-01-23 07:00:00,10,NA,0,292.5,0.95,NA,1041.65,NA,NA,NA,68,NA,-18.5,NA,-18.89,-18.33,1
1861-01-23 14:00:00,14.44,NA,0,292.5,1.86,NA,1042.67,NA,NA,NA,66,NA,-9.72,NA,-10.56,-10,1
1861-01-23 21:00:00,15.56,NA,0,247.5,1.22,NA,1042.13,NA,NA,NA,72,NA,-16.11,NA,-16.67,-16.11,1
1861-01-24,NA,NA,NA,NA,NA,NA,NA,0,"1:45 pm","9:15 pm",NA,0,NA,-12.71,NA,NA,NA
1861-01-24 07:00:00,7.78,22.5,3,22.5,1.05,NA,1031.97,NA,NA,NA,83,NA,-20.11,NA,-20.28,-20,5
1861-01-24 14:00:00,15,0,3,0,1.76,NA,1025.87,NA,NA,NA,94,NA,-14,NA,-14.56,-14.44,5
1861-01-24 21:00:00,17.78,NA,3,0,3.86,"0",1016.05,NA,NA,NA,88,NA,-4,NA,-4.67,-4.44,5
1861-01-25,NA,NA,NA,NA,NA,NA,NA,32,"empty","empty",NA,203.2,NA,-3.91,NA,NA,NA
1861-01-25 07:00:00,13.33,NA,0,247.5,3.89,NA,1010.3,NA,NA,NA,73,NA,-1.39,NA,-2.56,-1.67,16
1861-01-25 14:00:00,15.56,270,4,270,2.81,NA,1014.09,NA,NA,NA,71,NA,-5.22,NA,-6.11,-5.56,11
1861-01-25 21:00:00,17.78,NA,3,270,2.81,"270",1019.17,NA,NA,NA,71,NA,-5.11,NA,-6.11,-5.56,5
1861-01-26,NA,NA,NA,NA,NA,NA,NA,0,"empty","empty",NA,0,NA,-4.41,NA,NA,NA
1861-01-26 07:00:00,11.11,247.5,2,247.5,3.89,NA,1024.38,NA,NA,NA,73,NA,-5.56,NA,-6.11,-5.56,2
1861-01-26 14:00:00,15,270,1,270,3.62,NA,1024.38,NA,NA,NA,76,NA,-2.94,NA,-3.89,-3.33,1
1861-01-26 21:00:00,16.67,NA,1,270,2.98,"270",1022.08,NA,NA,NA,72,NA,-4.72,NA,-5.56,-5,1
1861-01-27,NA,NA,NA,NA,NA,NA,NA,0,"empty","empty",NA,0,NA,-4.92,NA,NA,NA
1861-01-27 07:00:00,11.67,270,0,NA,2.37,NA,1018.96,NA,NA,NA,68,NA,-6.94,NA,-7.78,-7.22,NA
1861-01-27 14:00:00,16.67,270,0,NA,4.13,NA,1016.19,NA,NA,NA,80,NA,-2.22,NA,-2.78,-2.22,NA
1861-01-27 21:00:00,15.56,NA,1,270,2.81,"270",1015.85,NA,NA,NA,71,NA,-5.56,NA,-6.11,-5.56,1
1861-01-28,NA,NA,NA,NA,NA,NA,NA,0,"empty","empty",NA,0,NA,-6.11,NA,NA,NA
1861-01-28 07:00:00,10,22.5,2,22.5,1.76,NA,1012.53,NA,NA,NA,66,NA,-10.5,NA,-11.11,-10.56,2
1861-01-28 14:00:00,12.22,22.5,2,22.5,3.39,NA,1013.34,NA,NA,NA,74,NA,-3.5,NA,-4.44,-3.89,2
1861-01-28 21:00:00,17.78,NA,1,22.5,3.18,"22.5",1015.92,NA,NA,NA,73,NA,-4.33,NA,-5,-4.44,1
1861-01-29,NA,NA,NA,NA,NA,NA,NA,0,"1pm, 3pm","2pm, 7pm",NA,0,NA,-1.94,NA,NA,NA
1861-01-29 07:00:00,12.22,0,2,0,3.39,NA,1012.53,NA,NA,NA,74,NA,-3.89,NA,-4.44,-3.89,2
1861-01-29 14:00:00,17.78,270,2,270,5.01,NA,1007.45,NA,NA,NA,85,NA,-0.28,NA,-1.11,-0.56,2
1861-01-29 21:00:00,17.78,NA,4,270,4.4,"270",1001.69,NA,NA,NA,82,NA,-1.67,NA,-2.22,-1.67,11
1861-01-30,NA,NA,NA,NA,NA,NA,NA,3.56,"2am, 8am","6am, noon",NA,45.72,NA,-4.28,NA,NA,NA
1861-01-30 07:00:00,15,270,4,270,2.81,NA,1000.47,NA,NA,NA,71,NA,-5.06,NA,-6.11,-5.56,11
1861-01-30 14:00:00,18.33,270,4,270,4.06,NA,1004.06,NA,NA,NA,80,NA,-2.06,NA,-2.78,-2.22,11
1861-01-30 21:00:00,16.67,NA,3,270,2.64,"270",1010.84,NA,NA,NA,70,NA,-5.72,NA,-6.67,-6.11,5
1861-01-31,NA,NA,NA,NA,NA,NA,NA,0.51,"empty","empty",NA,6.35,NA,-9,NA,NA,NA
1861-01-31 07:00:00,12.78,NA,0,270,1.76,NA,1015.04,NA,NA,NA,72,NA,-11.56,NA,-12.11,-11.67,5
1861-01-31 14:00:00,16.11,247.5,3,247.5,2.47,NA,1014.09,NA,NA,NA,68,NA,-6.56,NA,-7.22,-6.67,5
1861-01-31 21:00:00,15,NA,2,247.5,2.2,"247.5",1015.58,NA,NA,NA,73,NA,-8.89,NA,-9.22,-8.89,2
1861-02-01,NA,NA,NA,NA,NA,NA,NA,0,"8:30pm","8am",NA,0,NA,-5.67,NA,NA,NA
1861-02-01 07:00:00,11.11,247.5,2,247.5,2.13,NA,1016.59,NA,NA,NA,68,NA,-8.33,NA,-8.89,-8.33,2
1861-02-01 14:00:00,15,247.5,2,247.5,3.62,NA,1019.3,NA,NA,NA,76,NA,-3.33,NA,-3.89,-3.33,1
1861-02-01 21:00:00,15.56,NA,1,NA,2.81,"247.5",1017,NA,NA,NA,71,NA,-5.33,NA,-6.11,-5.56,0
1861-02-02,NA,NA,NA,NA,NA,NA,NA,14.73,"4pm","10pm",NA,162.56,NA,-6.33,NA,NA,NA
1861-02-02 07:00:00,11.67,22.5,3,22.5,2.61,NA,1003.05,NA,NA,NA,80,NA,-7.28,NA,-8.11,-7.78,5
1861-02-02 14:00:00,12.78,22.5,3,22.5,3.39,NA,1001.96,NA,NA,NA,93,NA,-6.44,NA,-6.78,-6.67,5
1861-02-02 21:00:00,17.22,NA,2,22.5,3.73,"22.5",1007.45,NA,NA,NA,94,NA,-5.28,NA,-5.67,-5.56,2
1861-02-03,NA,NA,NA,NA,NA,NA,NA,3.81,"empty","empty",NA,19.05,NA,-13.39,NA,NA,NA
1861-02-03 07:00:00,11.11,292.5,2,292.5,1.76,NA,1023.03,NA,NA,NA,66,NA,-10.06,NA,-11.11,-10.56,2
1861-02-03 14:00:00,15.56,NA,0,270,1.35,NA,1030.75,NA,NA,NA,64,NA,-13.44,NA,-14.44,-13.61,2
1861-02-03 21:00:00,15.56,NA,0,270,0.88,NA,1032.78,NA,NA,NA,56,NA,-16.67,NA,-17.78,-16.94,1
1861-02-04,NA,NA,NA,NA,NA,NA,NA,0,"noon, 4:30pm","1pm, 10pm",NA,0,NA,-18.68,NA,NA,NA
1861-02-04 07:00:00,7.22,22.5,1,22.5,0.68,NA,1030.27,NA,NA,NA,76,NA,-24.56,NA,-25,-24.72,1
1861-02-04 14:00:00,12.78,0,1,0,1.42,NA,1026.41,NA,NA,NA,86,NA,-16.39,NA,-16.67,-16.39,1
1861-02-04 21:00:00,18.33,NA,1,0,1.56,"0",1025.67,NA,NA,NA,87,NA,-15.11,NA,-15.56,-15.28,1
1861-02-05,NA,NA,NA,NA,NA,NA,NA,0.25,"11:30 pm","5am",NA,10.16,NA,-4.91,NA,NA,NA
1861-02-05 07:00:00,11.11,225,2,225,1.76,NA,1022.69,NA,NA,NA,66,NA,-10.06,NA,-11.11,-10.56,2
1861-02-05 14:00:00,13.33,225,1,225,4.74,NA,1020.32,NA,NA,NA,83,NA,-0.78,NA,-1.67,-1.11,1
1861-02-05 21:00:00,10.56,NA,1,180,3.39,"180",1015.85,NA,NA,NA,74,NA,-3.89,NA,-4.44,-3.89,1
1861-02-06,NA,NA,NA,NA,NA,NA,NA,0.25,"5pm","10pm",NA,12.7,NA,-2.72,NA,NA,NA
1861-02-06 07:00:00,12.22,225,3,225,3.62,NA,1002.71,NA,NA,NA,76,NA,-3.06,NA,-3.89,-3.33,5
1861-02-06 14:00:00,16.11,225,4,225,5.32,NA,996.31,NA,NA,NA,87,NA,0.44,NA,-0.56,0,11
1861-02-06 21:00:00,16.11,NA,3,225,3.22,"225",1000.34,NA,NA,NA,82,NA,-5.56,NA,-5.89,-5.56,5
1861-02-07,NA,NA,NA,NA,NA,NA,NA,6.6,"8:30 am, 5pm","6pm, 8pm",NA,50.8,NA,-21.46,NA,NA,NA
1861-02-07 07:00:00,8.89,22.5,5,22.5,1.29,NA,1000.75,NA,NA,NA,85,NA,-17.78,NA,-18.06,-17.78,16
1861-02-07 14:00:00,17.22,0,5,0,1.08,NA,999.19,NA,NA,NA,83,NA,-19.11,NA,-19.44,-19.17,16
1861-02-07 21:00:00,19.44,NA,4,0,0.47,"0",1014.49,NA,NA,NA,70,NA,-27.5,NA,-27.78,-27.5,11
1861-02-08,NA,NA,NA,NA,NA,NA,NA,7.37,"empty","empty",NA,76.2,NA,-30,NA,NA,NA
1861-02-08 07:00:00,6.11,270,4,270,0.2,NA,1027.84,NA,NA,NA,50,NA,-35.56,NA,-35,-34.72,11
1861-02-08 14:00:00,16.11,NA,0,270,0.24,NA,1032.51,NA,NA,NA,35,NA,-28.61,NA,-32.22,-28.33,11
1861-02-08 21:00:00,20,NA,0,247.5,0.37,NA,1036.24,NA,NA,NA,47,NA,-25.83,NA,-26.11,-25.56,5
1861-02-09,NA,NA,NA,NA,NA,NA,NA,0,"empty","empty",NA,0,NA,-21.31,NA,NA,NA
1861-02-09 07:00:00,12.22,292.5,1,292.5,0.34,NA,1039.96,NA,NA,NA,45,NA,-26.44,NA,-26.67,-26.11,1
1861-02-09 14:00:00,16.11,225,1,225,0.95,NA,1039.69,NA,NA,NA,68,NA,-18.33,NA,-18.89,-18.33,1
1861-02-09 21:00:00,17.22,NA,1,22.5,1.08,"22.5",1033.39,NA,NA,NA,83,NA,-19.17,NA,-19.44,-19.17,1
1861-02-10,NA,NA,NA,NA,NA,NA,NA,3.56,"2pm, 8:20pm","4pm, 8:25pm",NA,6.35,NA,-5.37,NA,NA,NA
1861-02-10 07:00:00,11.67,0,1,0,1.96,NA,1023.77,NA,NA,NA,85,NA,-11.94,NA,-12.44,-12.22,1
1861-02-10 14:00:00,16.11,247.5,1,247.5,3.62,NA,1026.08,NA,NA,NA,83,NA,-4.39,NA,-4.78,-4.44,1
1861-02-10 21:00:00,15.56,NA,1,202.5,5.66,"202.5",1026.21,NA,NA,NA,92,NA,0.22,NA,-0.33,0,1
1861-02-11,NA,NA,NA,NA,NA,NA,NA,1.78,"2pm","9pm",NA,0,NA,2.78,NA,NA,NA
1861-02-11 07:00:00,10,22.5,2,22.5,4.06,NA,1024.38,NA,NA,NA,85,NA,-2.83,NA,-3.67,-3.33,2
1861-02-11 14:00:00,15.56,180,1,180,8.64,NA,1018.22,NA,NA,NA,92,NA,6.17,NA,5.56,6.11,1
1861-02-11 21:00:00,15.56,NA,1,180,7.96,"180",1013.55,NA,NA,NA,92,NA,5,NA,4.44,5,1
1861-02-12,NA,NA,NA,NA,NA,NA,NA,17.27,"11 pm","11:30am",NA,0,NA,5.2,NA,NA,NA
1861-02-12 07:00:00,14.44,225,1,225,7.96,NA,1005.69,NA,NA,NA,92,NA,5.17,NA,4.44,5,1
1861-02-12 14:00:00,17.78,202.5,1,202.5,8.97,NA,999.46,NA,NA,NA,92,NA,6.83,NA,6.11,6.67,1
1861-02-12 21:00:00,19.44,NA,4,270,7.04,"270",1002.37,NA,NA,NA,91,NA,3.61,NA,2.78,3.33,11
1861-02-13,NA,NA,NA,NA,NA,NA,NA,3.56,"12:30pm 5pm, 5am","2pm, 8pm, 7am",NA,0.23,NA,-0.65,NA,NA,NA
1861-02-13 07:00:00,16.67,270,2,270,5.66,NA,1008.4,NA,NA,NA,89,NA,0.56,NA,0,0.56,2
1861-02-13 14:00:00,16.67,270,2,270,4.98,NA,1014.22,NA,NA,NA,78,NA,0.94,NA,-0.56,0.56,2
1861-02-13 21:00:00,17.78,NA,0,270,3.39,NA,1024.04,NA,NA,NA,74,NA,-3.44,NA,-4.44,-3.89,1
1861-02-14,NA,NA,NA,NA,NA,NA,NA,0,"empty","empty",NA,0,NA,-3.97,NA,NA,NA
1861-02-14 07:00:00,15,NA,0,292.5,2.64,NA,1027.23,NA,NA,NA,70,NA,-6.06,NA,-6.67,-6.11,1
1861-02-14 14:00:00,16.67,292.5,1,292.5,4.06,NA,1028.11,NA,NA,NA,76,NA,-1.39,NA,-2.44,-1.67,1
1861-02-14 21:00:00,19.44,NA,1,292.5,3.18,"292.5",1026.48,NA,NA,NA,73,NA,-4.44,NA,-5,-4.44,1
1861-02-15,NA,NA,NA,NA,NA,NA,NA,5.59,"4am, 12:30pm, 4:45pm, 5:30pm","11:30am, 2:30pm, 5:25pm",NA,57.15,NA,-4.8,NA,NA,NA
1861-02-15 07:00:00,13.33,45,3,45,3.05,NA,1018.02,NA,NA,NA,81,NA,-5.72,NA,-6.44,-6.11,5
1861-02-15 14:00:00,20,45,3,45,4.54,NA,1008.43,NA,NA,NA,96,NA,-3.06,NA,-3.44,-3.33,5
1861-02-15 21:00:00,15,NA,4,45,3.56,"45",1002.03,NA,NA,NA,93,NA,-5.61,NA,-6.22,-6.11,11
1861-02-16,NA,NA,NA,NA,NA,NA,NA,21.84,"10:30am, 11pm","3am, 1pm",NA,203.2,NA,-2.82,NA,NA,NA
1861-02-16 07:00:00,11.11,0,1,0,3.22,NA,1002.03,NA,NA,NA,82,NA,-5.17,NA,-5.89,-5.56,1
1861-02-16 14:00:00,14.44,247.5,0,NA,5.82,NA,1006.84,NA,NA,NA,94,NA,0.5,NA,-0.22,0,0
1861-02-16 21:00:00,16.67,NA,0,337.5,3.39,NA,1009.14,NA,NA,NA,74,NA,-3.78,NA,-4.44,-3.89,1
1861-02-17,NA,NA,NA,NA,NA,NA,NA,14.99,"10am, 5pm","5am, 7pm",NA,165.1,NA,-0.37,NA,NA,NA
1861-02-17 07:00:00,11.11,22.5,4,22.5,4.5,NA,990.93,NA,NA,NA,91,NA,-2.67,NA,-3,-2.78,11
1861-02-17 14:00:00,15.56,292.5,2,292.5,6.2,NA,989.3,NA,NA,NA,97,NA,0.89,NA,0.44,0.56,2
1861-02-17 21:00:00,16.67,NA,4,270,6.2,"270",997.29,NA,NA,NA,97,NA,0.67,NA,0.44,0.56,11
1861-02-18,NA,NA,NA,NA,NA,NA,NA,4.83,"5am","8:30am",NA,38.1,NA,-1.08,NA,NA,NA
1861-02-18 07:00:00,12.22,270,2,270,4.74,NA,1002.71,NA,NA,NA,83,NA,-0.94,NA,-1.67,-1.11,2
1861-02-18 14:00:00,16.11,270,2,270,5.66,NA,1006.1,NA,NA,NA,89,NA,1,NA,0,0.56,2
1861-02-18 21:00:00,17.22,NA,2,270,3.62,"270",1011.24,NA,NA,NA,76,NA,-3.28,NA,-3.89,-3.33,2
1861-02-19,NA,NA,NA,NA,NA,NA,NA,0,"empty","empty",NA,0,NA,-6.63,NA,NA,NA
1861-02-19 07:00:00,13.33,315,1,315,2.24,NA,1015.92,NA,NA,NA,68,NA,-7.5,NA,-8.33,-7.78,1
1861-02-19 14:00:00,14.44,225,1,225,3.86,NA,1015.78,NA,NA,NA,79,NA,-2.78,NA,-3.33,-2.78,1
1861-02-19 21:00:00,16.67,NA,1,225,1.86,"225",1013,NA,NA,NA,66,NA,-9.61,NA,-10.56,-10,1
1861-02-20,NA,NA,NA,NA,NA,NA,NA,4.06,"8:15am","4:50pm",NA,30.48,NA,-2.82,NA,NA,NA
1861-02-20 07:00:00,10.56,22.5,1,22.5,2.37,NA,1003.66,NA,NA,NA,79,NA,-8.83,NA,-9.22,-8.89,1
1861-02-20 14:00:00,15,180,1,180,6.23,NA,997.36,NA,NA,NA,93,NA,1.5,NA,0.78,1.11,1
1861-02-20 21:00:00,16.67,NA,1,292.5,4.74,"292.5",996.95,NA,NA,NA,83,NA,-1.11,NA,-1.67,-1.11,1
1861-02-21,NA,NA,NA,NA,NA,NA,NA,5.59,"8am","11:30am",NA,50.8,NA,-4.06,NA,NA,NA
1861-02-21 07:00:00,12.78,292.5,3,292.5,3.86,NA,995.94,NA,NA,NA,79,NA,-2.78,NA,-3.33,-2.78,5
1861-02-21 14:00:00,16.67,247.5,3,247.5,5.01,NA,1000.61,NA,NA,NA,85,NA,-0.56,NA,-1.11,-0.56,5
1861-02-21 21:00:00,17.78,NA,2,292.5,2.37,"292.5",1011.58,NA,NA,NA,79,NA,-8.83,NA,-9.22,-8.89,2
1861-02-22,NA,NA,NA,NA,NA,NA,NA,0.23,"empty","empty",NA,0.23,NA,-12.32,NA,NA,NA
1861-02-22 07:00:00,11.11,292.5,4,337.5,1.39,NA,1020.32,NA,NA,NA,74,NA,-15,NA,-15.56,-15,11
1861-02-22 14:00:00,15,NA,0,270,1.69,NA,1020.66,NA,NA,NA,66,NA,-10.61,NA,-11.67,-11.11,11
1861-02-22 21:00:00,17.78,NA,0,292.5,1.63,NA,1022.35,NA,NA,NA,67,NA,-11.33,NA,-12.22,-11.67,5
1861-02-23,NA,NA,NA,NA,NA,NA,NA,0,"11am, 2:45pm, 7pm","12:30pm, 4:50pm, 11pm",NA,0,NA,-13.74,NA,NA,NA
1861-02-23 07:00:00,10.56,45,2,45,1.39,NA,1018.76,NA,NA,NA,74,NA,-14.56,NA,-15.56,-15,2
1861-02-23 14:00:00,8.33,22.5,3,22.5,1.46,NA,1010.77,NA,NA,NA,75,NA,-14.44,NA,-15,-14.44,5
1861-02-23 21:00:00,16.67,NA,4,22.5,1.96,"22.5",1000.68,NA,NA,NA,85,NA,-12.22,NA,-12.44,-12.22,11
1861-02-24,NA,NA,NA,NA,NA,NA,NA,13.21,"empty","empty",NA,76.2,NA,-9.04,NA,NA,NA
1861-02-24 07:00:00,8.33,292.5,2,292.5,2.47,NA,999.53,NA,NA,NA,68,NA,-6.56,NA,-7.22,-6.67,2
1861-02-24 14:00:00,13.33,292.5,2,292.5,2.03,NA,1009.62,NA,NA,NA,67,NA,-8.78,NA,-9.44,-8.89,2
1861-02-24 21:00:00,15,NA,3,292.5,1.56,"292.5",1022.69,NA,NA,NA,67,NA,-11.78,NA,-12.78,-12.22,5
1861-02-25,NA,NA,NA,NA,NA,NA,NA,0,"empty","empty",NA,0,NA,-4.63,NA,NA,NA
1861-02-25 07:00:00,8.89,247.5,5,247.5,1.76,NA,1023.71,NA,NA,NA,66,NA,-10.39,NA,-11.11,-10.56,16
1861-02-25 14:00:00,17.22,225,4,225,4.91,NA,1019.57,NA,NA,NA,79,NA,0.44,NA,-0.89,0,11
1861-02-25 21:00:00,17.78,NA,3,202.5,3.18,"202.5",1018.15,NA,NA,NA,73,NA,-3.94,NA,-5,-4.44,5
1861-02-26,NA,NA,NA,NA,NA,NA,NA,0,"empty","empty",NA,0,NA,2.98,NA,NA,NA
1861-02-26 07:00:00,13.33,270,3,270,5.66,NA,1012.12,NA,NA,NA,89,NA,0.89,NA,0,0.56,5
1861-02-26 14:00:00,16.67,270,2,270,7.28,NA,1019.24,NA,NA,NA,84,NA,5.56,NA,3.89,5,2
1861-02-26 21:00:00,18.89,NA,1,270,5.93,"270",1025.53,NA,NA,NA,82,NA,2.5,NA,1.11,2.22,1
1861-02-27,NA,NA,NA,NA,NA,NA,NA,0,"empty","empty",NA,0,NA,3.72,NA,NA,NA
1861-02-27 07:00:00,15,NA,0,225,4.06,NA,1026.08,NA,NA,NA,76,NA,-1.22,NA,-2.44,-1.67,1
1861-02-27 14:00:00,17.78,NA,0,225,7.28,NA,1022.62,NA,NA,NA,78,NA,6.67,NA,4.44,6.11,1
1861-02-27 21:00:00,20,NA,2,202.5,7.62,"202.5",1020.66,NA,NA,NA,85,NA,5.72,NA,4.44,5.56,2
1861-02-28,NA,NA,NA,NA,NA,NA,NA,0,"11 pm","empty",NA,0,NA,4.42,NA,NA,NA
1861-02-28 07:00:00,16.67,270,3,270,5.22,NA,1022.35,NA,NA,NA,75,NA,1.89,NA,0.22,1.67,5
1861-02-28 14:00:00,17.22,225,2,225,7.59,NA,1020.39,NA,NA,NA,77,NA,7,NA,5,6.67,2
1861-02-28 21:00:00,13.89,NA,2,225,6.74,"225",1014.63,NA,NA,NA,84,NA,4.39,NA,2.78,3.89,2
1861-03-01,NA,NA,NA,NA,NA,NA,NA,6.6,"empty","5am",NA,0,NA,3.26,NA,NA,NA
1861-03-01 07:00:00,14.44,22.5,2,0,5.96,NA,1008.53,NA,NA,NA,89,NA,1.39,NA,0.56,1.11,5
1861-03-01 14:00:00,17.22,22.5,2,22.5,6.67,NA,1014.22,NA,NA,NA,71,NA,6.17,NA,3.89,6.11,2
1861-03-01 21:00:00,17.78,NA,2,225,5.93,"225",1013.21,NA,NA,NA,82,NA,2.22,NA,1.11,2.22,2
1861-03-02,NA,NA,NA,NA,NA,NA,NA,0,"3:30pm, 11pm","5pm, 2:30am",NA,0,NA,3.85,NA,NA,NA
1861-03-02 07:00:00,15,225,1,225,5.55,NA,1011.11,NA,NA,NA,80,NA,1.67,NA,0.56,1.67,1
1861-03-02 14:00:00,17.22,225,1,225,8.3,NA,1008.2,NA,NA,NA,92,NA,5.56,NA,5,5.56,1
1861-03-02 21:00:00,17.78,NA,0,NA,7.38,"225",1007.45,NA,NA,NA,92,NA,4.33,NA,3.33,3.89,0
1861-03-03,NA,NA,NA,NA,NA,NA,NA,10.41,"12am, 11:30am, 6pm, 6:15pm","1pm, 6pm, 6:25pm",NA,0,NA,5.39,NA,NA,NA
1861-03-03 07:00:00,13.89,0,1,0,6.23,NA,997.63,NA,NA,NA,90,NA,2.17,NA,1.11,1.67,1
1861-03-03 14:00:00,17.22,270,1,270,9.31,NA,994.51,NA,NA,NA,86,NA,8.33,NA,7.22,8.33,1
1861-03-03 21:00:00,18.33,NA,1,270,8.3,"270",997.77,NA,NA,NA,92,NA,5.67,NA,5,5.56,1
1861-03-04,NA,NA,NA,NA,NA,NA,NA,0.76,"11pm","3am",NA,0,NA,3,NA,NA,NA
1861-03-04 07:00:00,15.56,270,3,270,4.81,NA,1001.96,NA,NA,NA,66,NA,2.33,NA,0,2.22,5
1861-03-04 14:00:00,17.22,NA,0,247.5,5.89,NA,1000.41,NA,NA,NA,66,NA,5.56,NA,2.78,5.56,11
1861-03-04 21:00:00,17.22,NA,0,270,5.28,NA,1002.71,NA,NA,NA,79,NA,1.11,NA,0,1.11,11
1861-03-05,NA,NA,NA,NA,NA,NA,NA,0.23,"4am","3am, 6am",NA,0.23,NA,-5.76,NA,NA,NA
1861-03-05 07:00:00,14.44,292.5,2,292.5,2.98,NA,1010.16,NA,NA,NA,72,NA,-4.72,NA,-5.56,-5,2
1861-03-05 14:00:00,17.22,292.5,2,292.5,2.98,NA,1012.46,NA,NA,NA,72,NA,-4.44,NA,-5.56,-5,2
1861-03-05 21:00:00,17.22,NA,0,292.5,2.13,NA,1015.17,NA,NA,NA,68,NA,-8.11,NA,-8.89,-8.33,2
1861-03-06,NA,NA,NA,NA,NA,NA,NA,0.23,"4am, 9am","6am, 12:30pm",NA,0.23,NA,-6.17,NA,NA,NA
1861-03-06 07:00:00,13.89,202.5,3,202.5,2.61,NA,1009.21,NA,NA,NA,80,NA,-7.39,NA,-8.11,-7.78,5
1861-03-06 14:00:00,16.67,270,3,270,3.39,NA,1003.66,NA,NA,NA,74,NA,-3.44,NA,-4.44,-3.89,5
1861-03-06 21:00:00,17.22,NA,2,270,2.24,"270",1008.74,NA,NA,NA,68,NA,-7.67,NA,-8.33,-7.78,2
1861-03-07,NA,NA,NA,NA,NA,NA,NA,3.3,"empty","empty",NA,38.1,NA,-16.69,NA,NA,NA
1861-03-07 07:00:00,10.56,NA,0,292.5,0.75,NA,1025.06,NA,NA,NA,63,NA,-21.11,NA,-21.11,-20.56,11
1861-03-07 14:00:00,13.33,NA,0,292.5,1.25,NA,1029.46,NA,NA,NA,62,NA,-13.89,NA,-14.72,-13.89,11
1861-03-07 21:00:00,12.22,NA,0,292.5,1.29,NA,1033.86,NA,NA,NA,73,NA,-15.06,NA,-16.11,-15.56,2
1861-03-08,NA,NA,NA,NA,NA,NA,NA,0,"4:30am","empty",NA,0,NA,-5.17,NA,NA,NA
1861-03-08 07:00:00,11.11,NA,0,157.5,1.25,NA,1032.17,NA,NA,NA,62,NA,-13.56,NA,-14.72,-13.89,2
1861-03-08 14:00:00,15.56,135,2,135,4.13,NA,1021.33,NA,NA,NA,80,NA,-1.78,NA,-2.78,-2.22,2
1861-03-08 21:00:00,17.22,NA,3,180,5.01,"180",1013.88,NA,NA,NA,85,NA,-0.17,NA,-1.11,-0.56,5
1861-03-09,NA,NA,NA,NA,NA,NA,NA,14.99,"empty","4am",NA,0,NA,2.2,NA,NA,NA
1861-03-09 07:00:00,12.78,180,2,180,6.47,NA,1004.34,NA,NA,NA,90,NA,2.61,NA,1.67,2.22,2
1861-03-09 14:00:00,16.11,292.5,2,292.5,6.47,NA,1001.49,NA,NA,NA,90,NA,2.5,NA,1.67,2.22,2
1861-03-09 21:00:00,19.44,NA,1,292.5,6.5,"292.5",996.61,NA,NA,NA,98,NA,1.5,NA,1,1.11,2
1861-03-10,NA,NA,NA,NA,NA,NA,NA,12.45,"empty","empty",NA,50.8,NA,-2.19,NA,NA,NA
1861-03-10 07:00:00,14.44,270,1,270,5.32,NA,1010.84,NA,NA,NA,87,NA,0.28,NA,-0.56,0,1
1861-03-10 14:00:00,18.33,270,3,270,3.62,NA,1015.58,NA,NA,NA,70,NA,-1.78,NA,-3.11,-2.22,5
1861-03-10 21:00:00,18.33,NA,2,270,2.81,"270",1022.69,NA,NA,NA,71,NA,-5.06,NA,-6.11,-5.56,2
1861-03-11,NA,NA,NA,NA,NA,NA,NA,0,"9:45pm","3am",NA,0,NA,-9.63,NA,NA,NA
1861-03-11 07:00:00,11.67,NA,0,315,1.25,NA,1026.75,NA,NA,NA,62,NA,-13.44,NA,-14.72,-13.89,2
1861-03-11 14:00:00,16.67,NA,0,225,2.47,NA,1025.74,NA,NA,NA,68,NA,-6.67,NA,-7.22,-6.67,2
1861-03-11 21:00:00,18.33,NA,0,225,2.24,NA,1021,NA,NA,NA,67,NA,-8.78,NA,-9.44,-8.89,1
1861-03-12,NA,NA,NA,NA,NA,NA,NA,4.57,"empty","empty",NA,44.45,NA,-3.19,NA,NA,NA
1861-03-12 07:00:00,13.89,292.5,3,292.5,3.89,NA,1009.48,NA,NA,NA,73,NA,-1.67,NA,-2.56,-1.67,5
1861-03-12 14:00:00,16.11,NA,0,292.5,6.67,NA,1019.78,NA,NA,NA,64,NA,-1.78,NA,-3.33,-2.22,2
1861-03-12 21:00:00,16.11,NA,0,292.5,2.64,NA,1023.77,NA,NA,NA,70,NA,-6.11,NA,-6.67,-6.11,1
1861-03-13,NA,NA,NA,NA,NA,NA,NA,5.59,"4am, 1:30pm","1pm, 3:30pm",NA,50.8,NA,-6.98,NA,NA,NA
1861-03-13 07:00:00,11.11,22.5,4,22.5,2.13,NA,1017.14,NA,NA,NA,85,NA,-10.72,NA,-11.33,-11.11,11
1861-03-13 14:00:00,13.89,0,3,0,3.66,NA,1016.86,NA,NA,NA,88,NA,-4.72,NA,-5.22,-5,5
1861-03-13 21:00:00,16.67,NA,1,337.5,3.22,"337.5",1026.55,NA,NA,NA,82,NA,-5.5,NA,-5.89,-5.56,1
1861-03-14,NA,NA,NA,NA,NA,NA,NA,7.87,"empty","empty",NA,63.5,NA,-11.43,NA,NA,NA
1861-03-14 07:00:00,9.44,22.5,3,22.5,1.22,NA,1029.46,NA,NA,NA,72,NA,-15.67,NA,-16.67,-16.11,5
1861-03-14 14:00:00,13.33,22.5,2,22.5,2.03,NA,1026.14,NA,NA,NA,67,NA,-8.44,NA,-9.44,-8.89,2
1861-03-14 21:00:00,15,NA,0,22.5,1.76,NA,1023.71,NA,NA,NA,66,NA,-10.17,NA,-11.11,-10.56,2
1861-03-15,NA,NA,NA,NA,NA,NA,NA,NA,NA,NA,NA,NA,NA,-7.22,NA,NA,NA
1861-03-15 07:00:00,8.89,NA,0,225,1.52,NA,1021.4,NA,NA,NA,76,NA,-13.89,NA,-14.44,-13.89,1
1861-03-15 14:00:00,13.33,NA,0,202.5,3.59,NA,1019.3,NA,NA,NA,67,NA,-1.39,NA,-2.78,-1.67,1
1861-03-15 21:00:00,16.67,NA,0,202.5,2.13,NA,1017.61,NA,NA,NA,59,NA,-6.39,NA,-7.44,-6.67,1
1861-03-16,NA,NA,NA,NA,NA,NA,NA,0,"9:20pm","10pm",NA,0,NA,-3.17,NA,NA,NA
1861-03-16 07:00:00,12.22,0,1,0,1.86,NA,1008.94,NA,NA,NA,66,NA,-10,NA,-10.56,-10,1
1861-03-16 14:00:00,13.33,0,1,0,5.32,NA,1001.08,NA,NA,NA,87,NA,0.44,NA,-0.56,0,1
1861-03-16 21:00:00,16.67,NA,1,0,5.01,"0",1000.34,NA,NA,NA,85,NA,-0.11,NA,-1.11,-0.56,1
1861-03-17,NA,NA,NA,NA,NA,NA,NA,0.23,"empty","empty",NA,0.23,NA,-15.47,NA,NA,NA
1861-03-17 07:00:00,13.33,292.5,5,292.5,1.39,NA,1010.84,NA,NA,NA,74,NA,-14.67,NA,-15.56,-15,16
1861-03-17 14:00:00,13.89,NA,0,270,1.39,NA,1021,NA,NA,NA,74,NA,-15,NA,-15.56,-15,11
1861-03-17 21:00:00,13.89,NA,0,247.5,1.08,NA,1028.78,NA,NA,NA,70,NA,-16.72,NA,-17.78,-17.22,2
1861-03-18,NA,NA,NA,NA,NA,NA,NA,NA,NA,NA,NA,NA,NA,-17.85,NA,NA,NA
1861-03-18 07:00:00,8.89,NA,0,292.5,0.71,NA,1033.86,NA,NA,NA,62,NA,-21.33,NA,-21.67,-21.11,2
1861-03-18 14:00:00,13.33,NA,0,180,1.39,NA,1035.42,NA,NA,NA,74,NA,-15,NA,-15.56,-15,2
1861-03-18 21:00:00,13.89,NA,0,180,1.08,NA,1034.81,NA,NA,NA,70,NA,-17.22,NA,-17.78,-17.22,2
1861-03-19,NA,NA,NA,NA,NA,NA,NA,NA,NA,NA,NA,NA,NA,-15.08,NA,NA,NA
1861-03-19 07:00:00,6.67,NA,0,22.5,0.58,NA,1032.85,NA,NA,NA,57,NA,-22.78,NA,-23.33,-22.78,5
1861-03-19 14:00:00,10.56,NA,0,0,1.96,NA,1029.06,NA,NA,NA,66,NA,-10.83,NA,-11.67,-11.11,1
1861-03-19 21:00:00,10.56,NA,0,0,1.52,NA,1027.36,NA,NA,NA,62,NA,-11.61,NA,-12.33,-11.67,1
1861-03-20,NA,NA,NA,NA,NA,NA,NA,0,"10am","3pm",NA,0,NA,-9.69,NA,NA,NA
1861-03-20 07:00:00,5,NA,0,22.5,1.22,NA,1026.62,NA,NA,NA,61,NA,-14.33,NA,-15.28,-14.44,1
1861-03-20 14:00:00,10.56,22.5,1,22.5,2.47,NA,1024.72,NA,NA,NA,68,NA,-6.56,NA,-7.22,-6.67,1
1861-03-20 21:00:00,13.33,NA,1,67.5,2.13,"67.5",1021.61,NA,NA,NA,68,NA,-8.17,NA,-8.89,-8.33,1
1861-03-21,NA,NA,NA,NA,NA,NA,NA,NA,NA,NA,NA,NA,NA,-6,NA,NA,NA
1861-03-21 07:00:00,6.11,0,1,0,1.56,NA,1015.92,NA,NA,NA,67,NA,-11.78,NA,-12.78,-12.22,1
1861-03-21 14:00:00,10,0,0,NA,4.27,NA,1015.92,NA,NA,NA,87,NA,-2.78,NA,-3.11,-2.78,0
1861-03-21 21:00:00,13.33,NA,1,22.5,4.06,"22.5",1017,NA,NA,NA,89,NA,-3.44,NA,-4.11,-3.89,1
1861-03-22,NA,NA,NA,NA,NA,NA,NA,0.76,"empty","empty",NA,19.05,NA,0.26,NA,NA,NA
1861-03-22 07:00:00,7.78,0,4,0,3.86,NA,1017.61,NA,NA,NA,79,NA,-2.78,NA,-3.33,-2.78,11
1861-03-22 14:00:00,12.22,22.5,1,22.5,5.01,NA,1016.66,NA,NA,NA,72,NA,2.17,NA,0,1.67,1
1861-03-22 21:00:00,15,NA,0,292.5,5.28,NA,1017.2,NA,NA,NA,79,NA,1.39,NA,0,1.11,2
1861-03-23,NA,NA,NA,NA,NA,NA,NA,0,"9:45pm, noon, 2pm","12pm, 12:30pm, 2:15pm",NA,0,NA,0.28,NA,NA,NA
1861-03-23 07:00:00,10.56,22.5,1,22.5,2.64,NA,1018.9,NA,NA,NA,70,NA,-6.11,NA,-6.67,-6.11,5
1861-03-23 14:00:00,11.67,67.5,2,22.5,5.93,NA,1011.99,NA,NA,NA,82,NA,2.56,NA,1.11,2.22,2
1861-03-23 21:00:00,12.22,NA,3,135,6.74,"135",1003.86,NA,NA,NA,84,NA,4.39,NA,2.78,3.89,5
1861-03-24,NA,NA,NA,NA,NA,NA,NA,4.57,"empty","empty",NA,0,NA,0.5,NA,NA,NA
1861-03-24 07:00:00,12.78,247.5,4,247.5,5.28,NA,1003.18,NA,NA,NA,79,NA,1.56,NA,0,1.11,11
1861-03-24 14:00:00,16.11,247.5,4,247.5,6.16,NA,1010.77,NA,NA,NA,83,NA,3.06,NA,1.67,2.78,11
1861-03-24 21:00:00,15.56,NA,5,292.5,3.62,"292.5",1018.69,NA,NA,NA,76,NA,-3.11,NA,-3.89,-3.33,16
1861-03-25,NA,NA,NA,NA,NA,NA,NA,0.23,"empty","empty",NA,0.23,NA,-1.06,NA,NA,NA
1861-03-25 07:00:00,13.89,NA,0,292.5,2.64,NA,1026.35,NA,NA,NA,70,NA,-5.83,NA,-6.67,-6.11,2
1861-03-25 14:00:00,15.56,180,2,180,4.5,NA,1024.38,NA,NA,NA,71,NA,1,NA,-1,0.56,2
1861-03-25 21:00:00,16.67,NA,1,157.5,5.55,"157.5",1018.63,NA,NA,NA,80,NA,1.67,NA,0.56,1.67,1
1861-03-26,NA,NA,NA,NA,NA,NA,NA,1.52,"4am, 10am","5am",NA,0,NA,1.96,NA,NA,NA
1861-03-26 07:00:00,15,180,2,180,6.23,NA,1017.61,NA,NA,NA,90,NA,2.11,NA,1.11,1.67,2
1861-03-26 14:00:00,15,45,1,45,6.54,NA,1011.65,NA,NA,NA,91,NA,2.67,NA,1.67,2.22,1
1861-03-26 21:00:00,15.56,NA,1,22.5,6.37,"22.5",1012.53,NA,NA,NA,96,NA,1.11,NA,0.89,1.11,1
1861-03-27,NA,NA,NA,NA,NA,NA,NA,20.83,"3pm, 7pm","10:30am, 4pm, 10pm",NA,0,NA,2.79,NA,NA,NA
1861-03-27 07:00:00,12.78,0,3,0,6.5,NA,1005.69,NA,NA,NA,98,NA,1.39,NA,1,1.11,5
1861-03-27 14:00:00,14.44,NA,NA,NA,7.45,NA,1002.37,NA,NA,NA,100,NA,2.89,NA,2.78,2.78,0
1861-03-27 21:00:00,16.67,NA,4,270,7.72,"270",1002.64,NA,NA,NA,96,NA,4.11,NA,3.61,3.89,11
1861-03-28,NA,NA,NA,NA,NA,NA,NA,6.1,"empty","empty",NA,0,NA,-1.06,NA,NA,NA
1861-03-28 07:00:00,13.33,270,4,270,3.18,NA,1012.12,NA,NA,NA,73,NA,-4.44,NA,-5,-4.44,11
1861-03-28 14:00:00,15,NA,0,270,4.5,NA,1018.9,NA,NA,NA,71,NA,1.11,NA,-1,0.56,11
1861-03-28 21:00:00,16.67,NA,0,247.5,4.64,NA,1024.31,NA,NA,NA,75,NA,0.17,NA,-1.11,0,11
1861-03-29,NA,NA,NA,NA,NA,NA,NA,0,"8pm","9pm",NA,0,NA,0,NA,NA,NA
1861-03-29 07:00:00,13.89,45,1,45,2.51,NA,1028.18,NA,NA,NA,55,NA,-3.44,NA,-5,-3.89,1
1861-03-29 14:00:00,14.44,45,1,45,4.54,NA,1019.84,NA,NA,NA,61,NA,2.89,NA,0,2.78,1
1861-03-29 21:00:00,15.56,NA,2,45,5.66,"45",1008.47,NA,NA,NA,89,NA,0.56,NA,0,0.56,2
1861-03-30,NA,NA,NA,NA,NA,NA,NA,2.03,"7:30am","noon",NA,0,NA,3.48,NA,NA,NA
1861-03-30 07:00:00,13.33,180,2,180,7.96,NA,996.89,NA,NA,NA,92,NA,5.5,NA,4.44,5,2
1861-03-30 14:00:00,14.44,270,4,270,7.01,NA,1008.13,NA,NA,NA,84,NA,4.61,NA,3.33,4.44,11
1861-03-30 21:00:00,17.22,NA,2,315,5.32,"315",1024.65,NA,NA,NA,87,NA,0.33,NA,-0.56,0,2
1861-03-31,NA,NA,NA,NA,NA,NA,NA,0.76,"empty","empty",NA,0,NA,-4.98,NA,NA,NA
1861-03-31 07:00:00,12.22,0,6,0,2.13,NA,1034.07,NA,NA,NA,68,NA,-8.06,NA,-8.89,-8.33,20
1861-03-31 14:00:00,13.89,45,2,45,2.3,NA,1037.66,NA,NA,NA,53,NA,-4,NA,-5.56,-4.44,2
1861-03-31 21:00:00,14.44,NA,0,45,2.44,NA,1038.67,NA,NA,NA,59,NA,-4.56,NA,-5.89,-5,1
1861-04-01,NA,NA,NA,NA,NA,NA,NA,0,"7:30pm","1pm",NA,0,NA,-3.48,NA,NA,NA
1861-04-01 07:00:00,10,45,4,45,1.93,NA,1034.51,NA,NA,NA,67,NA,-9.17,NA,-10,-9.44,11
1861-04-01 14:00:00,11.67,22.5,4,22.5,4.23,NA,1030.75,NA,NA,NA,75,NA,-0.67,NA,-4.78,-1.11,11
1861-04-01 21:00:00,13.89,NA,3,22.5,4.74,"22.5",1029.06,NA,NA,NA,83,NA,-0.61,NA,-1.67,-1.11,5
1861-04-02,NA,NA,NA,NA,NA,NA,NA,10.41,"2pm","11pm",NA,101.6,NA,-1.74,NA,NA,NA
1861-04-02 07:00:00,9.44,90,3,90,3.15,NA,1025.94,NA,NA,NA,86,NA,-6.22,NA,-6.89,-6.67,5
1861-04-02 14:00:00,12.78,45,4,45,6.64,NA,1026.08,NA,NA,NA,96,NA,2.11,NA,1.44,1.67,11
1861-04-02 21:00:00,15,NA,2,45,3.39,"45",1027.09,NA,NA,NA,93,NA,-6.67,NA,-6.78,-6.67,2
1861-04-03,NA,NA,NA,NA,NA,NA,NA,7.37,"4am","11 am",NA,76.2,NA,0.85,NA,NA,NA
1861-04-03 07:00:00,11.67,67.5,2,67.5,4.4,NA,1027.77,NA,NA,NA,82,NA,-1.39,NA,-2.22,-1.67,2
1861-04-03 14:00:00,14.44,22.5,1,22.5,5.35,NA,1029.46,NA,NA,NA,74,NA,2.72,NA,0.56,2.22,1
1861-04-03 21:00:00,15.56,NA,0,22.5,5.28,NA,1031.16,NA,NA,NA,79,NA,1.22,NA,0,1.11,1
1861-04-04,NA,NA,NA,NA,NA,NA,NA,0,"empty","empty",NA,0,NA,2.44,NA,NA,NA
1861-04-04 07:00:00,15,0,1,0,2.27,NA,1032.24,NA,NA,NA,60,NA,-5.83,NA,-6.89,-6.11,1
1861-04-04 14:00:00,16.67,NA,0,270,5.82,NA,1029.12,NA,NA,NA,59,NA,6.72,NA,3.33,6.67,1
1861-04-04 21:00:00,17.22,NA,0,270,6.13,NA,1026.41,NA,NA,NA,65,NA,6.44,NA,3.33,6.11,1
1861-04-05,NA,NA,NA,NA,NA,NA,NA,0,"empty","empty",NA,0,NA,4.53,NA,NA,NA
1861-04-05 07:00:00,13.33,NA,0,22.5,4.3,NA,1026.35,NA,NA,NA,62,NA,1.89,NA,-0.56,1.67,2
1861-04-05 14:00:00,12.78,NA,0,45,5.55,NA,1027.57,NA,NA,NA,59,NA,6.17,NA,3.33,6.11,2
1861-04-05 21:00:00,15.56,NA,0,45,5.89,NA,1027.77,NA,NA,NA,66,NA,5.56,NA,2.78,5.56,1
1861-04-06,NA,NA,NA,NA,NA,NA,NA,0,"empty","empty",NA,0,NA,3.68,NA,NA,NA
1861-04-06 07:00:00,13.33,NA,0,0,4.64,NA,1029.53,NA,NA,NA,75,NA,0.44,NA,-1.11,0,5
1861-04-06 14:00:00,14.44,NA,0,0,4.88,NA,1028.78,NA,NA,NA,54,NA,6.06,NA,1.67,5.56,1
1861-04-06 21:00:00,16.11,NA,0,0,5.28,NA,1028.85,NA,NA,NA,63,NA,4.56,NA,1.67,4.44,1
1861-04-07,NA,NA,NA,NA,NA,NA,NA,0,"empty","empty",NA,0,NA,1.94,NA,NA,NA
1861-04-07 07:00:00,13.33,NA,0,0,3.83,NA,1029.73,NA,NA,NA,60,NA,1,NA,-1.67,0.56,2
1861-04-07 14:00:00,14.44,NA,0,22.5,4.13,NA,1027.77,NA,NA,NA,52,NA,4.28,NA,0,3.89,11
1861-04-07 21:00:00,14.44,NA,0,90,3.83,NA,1027.77,NA,NA,NA,60,NA,0.56,NA,-1.67,0.56,5
1861-04-08,NA,NA,NA,NA,NA,NA,NA,0,"empty","empty",NA,0,NA,0.35,NA,NA,NA
1861-04-08 07:00:00,12.78,NA,0,0,2,NA,1026.35,NA,NA,NA,50,NA,-5.56,NA,-6.67,-5.56,2
1861-04-08 14:00:00,13.33,NA,0,0,5.05,NA,1024.45,NA,NA,NA,63,NA,4.17,NA,1.11,3.89,5
1861-04-08 21:00:00,14.44,NA,0,22.5,4.81,NA,1022.76,NA,NA,NA,66,NA,2.44,NA,0,2.22,2
1861-04-09,NA,NA,NA,NA,NA,NA,NA,0,"empty","empty",NA,0,NA,3.78,NA,NA,NA
1861-04-09 07:00:00,11.11,NA,0,0,3.28,NA,1023.37,NA,NA,NA,64,NA,-1.83,NA,-3.33,-2.22,5
1861-04-09 14:00:00,13.33,NA,0,0,5.82,NA,1021.4,NA,NA,NA,59,NA,7.06,NA,3.33,6.67,11
1861-04-09 21:00:00,16.11,NA,0,0,5.62,NA,1021,NA,NA,NA,59,NA,6.11,NA,2.78,6.11,2
1861-04-10,NA,NA,NA,NA,NA,NA,NA,0,"empty","empty",NA,0,NA,7.53,NA,NA,NA
1861-04-10 07:00:00,10,NA,0,0,4.57,NA,1021.67,NA,NA,NA,57,NA,4.17,NA,0.56,3.89,1
1861-04-10 14:00:00,15.56,0,1,0,8.06,NA,1020.39,NA,NA,NA,59,NA,12.11,NA,7.78,11.67,1
1861-04-10 21:00:00,17.78,NA,1,270,5.62,"270",1019.1,NA,NA,NA,59,NA,6.33,NA,2.78,6.11,1
1861-04-11,NA,NA,NA,NA,NA,NA,NA,0,"8pm","8:20 pm",NA,0,NA,5.74,NA,NA,NA
1861-04-11 07:00:00,15,NA,0,0,5.05,NA,1020.79,NA,NA,NA,58,NA,5.11,NA,1.67,5,5
1861-04-11 14:00:00,15,NA,0,0,5.38,NA,1021.33,NA,NA,NA,51,NA,7.83,NA,3.33,7.78,2
1861-04-11 21:00:00,15.56,NA,0,0,4.57,NA,1021.33,NA,NA,NA,57,NA,4.17,NA,0.56,3.89,1
1861-04-12,NA,NA,NA,NA,NA,NA,NA,0,"11 pm","3:30 pm",NA,0,NA,6.79,NA,NA,NA
1861-04-12 07:00:00,12.78,0,1,0,4.5,NA,1021.4,NA,NA,NA,71,NA,0.67,NA,-1,0.56,1
1861-04-12 14:00:00,15.56,157.5,1,157.5,10.13,NA,1017.61,NA,NA,NA,80,NA,11,NA,8.89,10.56,1
1861-04-12 21:00:00,17.22,NA,3,180,9.31,"180",1017.34,NA,NA,NA,86,NA,8.72,NA,7.22,8.33,5
1861-04-13,NA,NA,NA,NA,NA,NA,NA,14.73,"5pm","11 pm",NA,0,NA,9.89,NA,NA,NA
1861-04-13 07:00:00,15.56,157.5,1,157.5,8.97,NA,1010.77,NA,NA,NA,86,NA,7.94,NA,6.67,7.78,1
1861-04-13 14:00:00,15.56,157.5,1,157.5,13.14,NA,1004.06,NA,NA,NA,93,NA,12.28,NA,11.67,12.22,1
1861-04-13 21:00:00,17.78,NA,3,225,10.9,"225",1002.44,NA,NA,NA,93,NA,9.44,NA,8.89,9.44,5
1861-04-14,NA,NA,NA,NA,NA,NA,NA,8.38,"4am","9am",NA,0,NA,7,NA,NA,NA
1861-04-14 07:00:00,16.11,247.5,3,247.5,9.72,NA,999.12,NA,NA,NA,93,NA,7.78,NA,7.22,7.78,5
1861-04-14 14:00:00,17.78,247.5,4,247.5,10.09,NA,1000.75,NA,NA,NA,93,NA,8.78,NA,7.78,8.33,11
1861-04-14 21:00:00,18.33,NA,4,247.5,7.01,"247.5",1008.2,NA,NA,NA,84,NA,4.44,NA,3.33,4.44,11
1861-04-15,NA,NA,NA,NA,NA,NA,NA,0,"empty","empty",NA,0,NA,2.56,NA,NA,NA
1861-04-15 07:00:00,16.11,270,3,270,5.72,NA,1014.29,NA,NA,NA,85,NA,1.11,NA,0.33,1.11,5
1861-04-15 14:00:00,16.67,292.5,3,292.5,5.28,NA,1015.78,NA,NA,NA,63,NA,4.89,NA,1.67,4.44,5
1861-04-15 21:00:00,18.33,NA,0,270,5.01,NA,1021,NA,NA,NA,72,NA,1.67,NA,0,1.67,2
1861-04-16,NA,NA,NA,NA,NA,NA,NA,0,"9:30 pm","empty",NA,0,NA,2.35,NA,NA,NA
1861-04-16 07:00:00,14.44,22.5,4,22.5,4.64,NA,1020.39,NA,NA,NA,75,NA,0.28,NA,-1.11,0,11
1861-04-16 14:00:00,15,22.5,5,22.5,5.55,NA,1015.92,NA,NA,NA,70,NA,4.28,NA,1.67,3.89,16
1861-04-16 21:00:00,16.11,NA,4,22.5,6.54,"22.5",1012.19,NA,NA,NA,91,NA,2.5,NA,1.67,2.22,11
1861-04-17,NA,NA,NA,NA,NA,NA,NA,21.84,"empty","5pm",NA,190.5,NA,-0.19,NA,NA,NA
1861-04-17 07:00:00,10.56,22.5,6,22.5,5.69,NA,997.29,NA,NA,NA,96,NA,-0.33,NA,-0.67,-0.56,20
1861-04-17 14:00:00,12.22,22.5,6,22.5,5.72,NA,992.55,NA,NA,NA,93,NA,0.44,NA,-0.28,0,20
1861-04-17 21:00:00,13.33,NA,3,0,4.74,"0",997.29,NA,NA,NA,83,NA,-0.67,NA,-1.67,-1.11,5
1861-04-18,NA,NA,NA,NA,NA,NA,NA,7.62,"empty","empty",NA,63.5,NA,3.5,NA,NA,NA
1861-04-18 07:00:00,12.22,NA,0,270,5.69,NA,999.46,NA,NA,NA,85,NA,1.28,NA,0.33,1.11,5
1861-04-18 14:00:00,14.44,225,3,225,7.62,NA,998.98,NA,NA,NA,85,NA,5.67,NA,4.44,5.56,5
1861-04-18 21:00:00,14.44,NA,2,270,5.86,"270",1001.08,NA,NA,NA,75,NA,3.56,NA,1.67,3.33,2
1861-04-19,NA,NA,NA,NA,NA,NA,NA,0,"empty","empty",NA,0,NA,3.64,NA,NA,NA
1861-04-19 07:00:00,13.89,22.5,2,22.5,5.86,NA,1005.72,NA,NA,NA,75,NA,3.56,NA,1.67,3.33,2
1861-04-19 14:00:00,13.89,180,1,180,5.89,NA,1006.84,NA,NA,NA,66,NA,5.78,NA,2.78,5.56,1
1861-04-19 21:00:00,13.89,NA,0,225,4.06,NA,1009.89,NA,NA,NA,61,NA,1.61,NA,-1.11,1.11,1
1861-04-20,NA,NA,NA,NA,NA,NA,NA,0,"empty","empty",NA,0,NA,5.5,NA,NA,NA
1861-04-20 07:00:00,15,315,1,315,6.4,NA,1016.46,NA,NA,NA,76,NA,4.56,NA,2.78,4.44,1
1861-04-20 14:00:00,13.33,225,1,225,7.89,NA,1013.88,NA,NA,NA,79,NA,7.22,NA,5.56,7.22,1
1861-04-20 21:00:00,15.56,NA,1,225,7.01,"225",1000.61,NA,NA,NA,84,NA,4.72,NA,3.33,4.44,1
1861-04-21,NA,NA,NA,NA,NA,NA,NA,0,"empty","empty",NA,0,NA,7.98,NA,NA,NA
1861-04-21 07:00:00,14.44,270,2,270,6.4,NA,1014.22,NA,NA,NA,76,NA,4.5,NA,2.78,4.44,2
1861-04-21 14:00:00,15.56,292.5,2,292.5,9.38,NA,1015.04,NA,NA,NA,69,NA,11.83,NA,8.89,11.67,2
1861-04-21 21:00:00,16.11,NA,2,292.5,6.67,"292.5",1017.47,NA,NA,NA,66,NA,7.67,NA,4.44,7.22,1
1861-04-22,NA,NA,NA,NA,NA,NA,NA,0.23,"9am, noon, 5pm","9:15am, 1:30 pm",NA,0,NA,6.61,NA,NA,NA
1861-04-22 07:00:00,15.56,90,1,90,7.01,NA,1016.26,NA,NA,NA,84,NA,4.44,NA,3.33,4.44,1
1861-04-22 14:00:00,15.56,45,1,45,8.57,NA,1015.31,NA,NA,NA,85,NA,7.72,NA,6.11,7.22,1
1861-04-22 21:00:00,16.67,NA,1,45,9.31,"45",1008.87,NA,NA,NA,92,NA,7.67,NA,6.67,7.22,1
1861-04-23,NA,NA,NA,NA,NA,NA,NA,10.67,"empty","1am",NA,0,NA,9.81,NA,NA,NA
1861-04-23 07:00:00,15.56,247.5,1,247.5,7.28,NA,1009.08,NA,NA,NA,84,NA,5.17,NA,3.89,5,1
1861-04-23 14:00:00,15.56,270,1,270,12.77,NA,1012.53,NA,NA,NA,81,NA,14.33,NA,12.22,13.89,1
1861-04-23 21:00:00,17.22,NA,1,315,10.09,"315",1014.97,NA,NA,NA,86,NA,9.94,NA,8.33,9.44,1
1861-04-24,NA,NA,NA,NA,NA,NA,NA,2.29,"8:35am, 1:30pm, 5pm,","9:30am, 4pm, 5:30pm",NA,0,NA,6.81,NA,NA,NA
1861-04-24 07:00:00,15,22.5,2,22.5,7.01,NA,1009.48,NA,NA,NA,84,NA,4.72,NA,3.33,4.44,2
1861-04-24 14:00:00,15.56,0,2,0,10.09,NA,1004.06,NA,NA,NA,93,NA,8.67,NA,7.78,8.33,2
1861-04-24 21:00:00,17.78,NA,2,315,8.26,"315",1005.49,NA,NA,NA,84,NA,7.06,NA,5.56,6.67,2
1861-04-25,NA,NA,NA,NA,NA,NA,NA,7.37,"8:30am","8:45am",NA,0,NA,8.76,NA,NA,NA
1861-04-25 07:00:00,16.11,247.5,3,247.5,10.09,NA,1005.76,NA,NA,NA,93,NA,8.67,NA,7.78,8.33,5
1861-04-25 14:00:00,15.56,292.5,3,292.5,10.94,NA,1009.14,NA,NA,NA,86,NA,10.94,NA,9.44,10.56,5
1861-04-25 21:00:00,12.78,NA,2,292.5,8.26,"292.5",1013.14,NA,NA,NA,84,NA,6.67,NA,5.56,6.67,2
1861-04-26,NA,NA,NA,NA,NA,NA,NA,0,"empty","empty",NA,0,NA,9.85,NA,NA,NA
1861-04-26 07:00:00,14.44,315,3,315,8.57,NA,1017.88,NA,NA,NA,79,NA,8.56,NA,6.67,8.33,5
1861-04-26 14:00:00,16.11,270,2,270,9.75,NA,1017.88,NA,NA,NA,69,NA,12.5,NA,9.44,12.22,2
1861-04-26 21:00:00,16.67,NA,0,270,7.89,NA,1017.61,NA,NA,NA,73,NA,8.5,NA,6.11,8.33,1
1861-04-27,NA,NA,NA,NA,NA,NA,NA,0,"11:40 am","empty",NA,0,NA,7.7,NA,NA,NA
1861-04-27 07:00:00,14.44,22.5,4,22.5,8.91,NA,1016.32,NA,NA,NA,79,NA,9.17,NA,7.22,8.89,11
1861-04-27 14:00:00,13.33,0,4,0,8.57,NA,1009.14,NA,NA,NA,79,NA,8.5,NA,6.67,8.33,11
1861-04-27 21:00:00,14.44,NA,5,0,7.28,"0",1007.32,NA,NA,NA,84,NA,5.44,NA,3.89,5,16
1861-04-28,NA,NA,NA,NA,NA,NA,NA,0,NA,"1 am",NA,0,NA,8.29,NA,NA,NA
1861-04-28 07:00:00,12.78,135,2,135,7.28,NA,1001.56,NA,NA,NA,84,NA,5.44,NA,3.89,5,2
1861-04-28 14:00:00,15,135,1,135,12.67,NA,999.05,NA,NA,NA,93,NA,11.67,NA,11.11,11.67,1
1861-04-28 21:00:00,16.67,NA,1,202.5,9.72,"202.5",1003.86,NA,NA,NA,93,NA,7.78,NA,7.22,7.78,1
1861-04-29,NA,NA,NA,NA,NA,NA,NA,21.84,"10am",NA,NA,0,NA,10.24,NA,NA,NA
1861-04-29 07:00:00,13.33,22.5,4,315,7.59,NA,1009.96,NA,NA,NA,77,NA,7.22,NA,5,6.67,2
1861-04-29 14:00:00,15,247.5,3,247.5,9.48,NA,1010.84,NA,NA,NA,68,NA,13.06,NA,9.44,12.78,1
1861-04-29 21:00:00,15.56,NA,0,180,8.3,NA,1009.21,NA,NA,NA,68,NA,10.44,NA,7.22,10,1
1861-04-30,NA,NA,NA,NA,NA,NA,NA,0,"empty","11:30 pm",NA,0,NA,7.68,NA,NA,NA
1861-04-30 07:00:00,15.56,0,2,0,8.64,NA,1010.5,NA,NA,NA,92,NA,6.11,NA,5.56,6.11,2
1861-04-30 14:00:00,15,0,2,0,10.9,NA,1007.45,NA,NA,NA,96,NA,8.89,NA,8.61,8.89,2
1861-04-30 21:00:00,16.67,NA,1,315,10.13,"315",1006.84,NA,NA,NA,96,NA,8.06,NA,7.5,7.78,1
1861-05-01,NA,NA,NA,NA,NA,NA,NA,0,"empty","empty",NA,0,NA,3.68,NA,NA,NA
1861-05-01 07:00:00,15.56,0,4,0,6.4,NA,1006.91,NA,NA,NA,76,NA,4.44,NA,2.78,4.44,11
1861-05-01 14:00:00,13.33,315,3,315,6.43,NA,1009.28,NA,NA,NA,72,NA,5.78,NA,3.33,5.56,5
1861-05-01 21:00:00,9.44,NA,0,315,4.98,NA,1015.85,NA,NA,NA,78,NA,0.83,NA,-0.56,0.56,2
1861-05-02,NA,NA,NA,NA,NA,NA,NA,0,"empty","empty",NA,0,NA,2.33,NA,NA,NA
1861-05-02 07:00:00,7.78,292.5,1,292.5,4.4,NA,1019.3,NA,NA,NA,82,NA,-1.67,NA,-2.22,-1.67,1
1861-05-02 14:00:00,10.56,NA,0,292.5,8.26,NA,1016.59,NA,NA,NA,84,NA,7,NA,5.56,6.67,2
1861-05-02 21:00:00,11.67,NA,0,292.5,5.55,NA,1017.27,NA,NA,NA,80,NA,1.67,NA,0.56,1.67,2
1861-05-03,NA,NA,NA,NA,NA,NA,NA,0,"empty","empty",NA,0,NA,2.74,NA,NA,NA
1861-05-03 07:00:00,10.56,NA,0,292.5,3.18,NA,1016.19,NA,NA,NA,70,NA,-3.61,NA,-4.56,-3.33,2
1861-05-03 14:00:00,14.44,225,1,225,7.89,NA,1015.58,NA,NA,NA,78,NA,7.67,NA,5.56,7.22,2
1861-05-03 21:00:00,13.89,NA,0,225,5.05,NA,1016.73,NA,NA,NA,63,NA,4.17,NA,1.11,3.89,1
1861-05-04,NA,NA,NA,NA,NA,NA,NA,0,"empty","empty",NA,0,NA,8.68,NA,NA,NA
1861-05-04 07:00:00,12.22,NA,0,292.5,7.59,NA,1018.83,NA,NA,NA,77,NA,7.11,NA,5,6.67,1
1861-05-04 14:00:00,13.33,NA,0,180,9.04,NA,1015.85,NA,NA,NA,64,NA,12.22,NA,8.89,12.22,1
1861-05-04 21:00:00,14.44,NA,0,157.5,6.37,NA,1015.92,NA,NA,NA,65,NA,6.72,NA,3.89,6.67,1
1861-05-05,NA,NA,NA,NA,NA,NA,NA,0,"empty","empty",NA,0,NA,12.89,NA,NA,NA
1861-05-05 07:00:00,13.33,270,3,270,7.89,NA,1015.1,NA,NA,NA,73,NA,8.5,NA,6.11,8.33,5
1861-05-05 14:00:00,16.67,292.5,3,225,12.43,NA,1011.85,NA,NA,NA,63,NA,17.94,NA,13.89,17.78,5
1861-05-05 21:00:00,18.33,NA,0,225,9.04,NA,1011.24,NA,NA,NA,64,NA,12.22,NA,8.89,12.22,1
1861-05-06,NA,NA,NA,NA,NA,NA,NA,0,"9:10pm","2am",NA,0,NA,10.07,NA,NA,NA
1861-05-06 07:00:00,15,180,1,180,7.28,NA,1010.09,NA,NA,NA,78,NA,6.61,NA,4.44,6.11,1
1861-05-06 14:00:00,16.11,157.5,4,157.5,11.31,NA,1008.26,NA,NA,NA,80,NA,12.22,NA,10.56,12.22,11
1861-05-06 21:00:00,16.11,NA,4,135,12.22,"135",992.21,NA,NA,NA,93,NA,11.39,NA,10.56,11.11,11
1861-05-07,NA,NA,NA,NA,NA,NA,NA,17.27,"8:30am, 4pm","11:30am, 5pm",NA,0,NA,13.81,NA,NA,NA
1861-05-07 07:00:00,16.67,202.5,2,202.5,14.19,NA,984.36,NA,NA,NA,93,NA,13.33,NA,12.78,13.33,2
1861-05-07 14:00:00,18.33,225,6,225,14.7,NA,988.55,NA,NA,NA,93,NA,14.33,NA,13.33,13.89,20
1861-05-07 21:00:00,18.33,NA,3,225,14.19,"225",993.84,NA,NA,NA,93,NA,13.78,NA,12.78,13.33,5
1861-05-08,NA,NA,NA,NA,NA,NA,NA,1.02,"empty","empty",NA,0,NA,11.72,NA,NA,NA
1861-05-08 07:00:00,16.11,202.5,2,202.5,11.34,NA,996.28,NA,NA,NA,86,NA,11.39,NA,10,11.11,2
1861-05-08 14:00:00,17.78,225,4,225,12.36,NA,1000.68,NA,NA,NA,81,NA,13.78,NA,11.67,13.33,11
1861-05-08 21:00:00,19.44,NA,2,247.5,9.69,"247.5",1007.38,NA,NA,NA,80,NA,10,NA,8.33,10,2
1861-05-09,NA,NA,NA,NA,NA,NA,NA,0,"empty","empty",NA,0,NA,11.42,NA,NA,NA
1861-05-09 07:00:00,16.11,0,1,0,7.89,NA,1012.87,NA,NA,NA,73,NA,8.56,NA,6.11,8.33,1
1861-05-09 14:00:00,17.78,337.5,1,337.5,11.58,NA,1012.87,NA,NA,NA,71,NA,15,NA,11.67,14.44,1
1861-05-09 21:00:00,17.78,NA,1,225,9.35,"225",1014.22,NA,NA,NA,74,NA,10.72,NA,8.33,10.56,1
1861-05-10,NA,NA,NA,NA,NA,NA,NA,0,"empty","empty",NA,0,NA,12.37,NA,NA,NA
1861-05-10 07:00:00,16.67,NA,0,292.5,8.64,NA,1015.85,NA,NA,NA,73,NA,9.61,NA,7.22,9.44,1
1861-05-10 14:00:00,17.22,NA,0,NA,12.12,NA,1011.72,NA,NA,NA,67,NA,16.28,NA,12.78,16.11,0
1861-05-10 21:00:00,17.78,NA,0,NA,9.01,NA,1009.14,NA,NA,NA,69,NA,11.22,NA,8.33,11.11,0
1861-05-11,NA,NA,NA,NA,NA,NA,NA,0,"10:30pm","11:30pm",NA,0,NA,13.67,NA,NA,NA
1861-05-11 07:00:00,16.67,0,1,0,8.91,NA,1007.45,NA,NA,NA,79,NA,9.39,NA,7.22,8.89,1
1861-05-11 14:00:00,17.78,180,1,180,16.19,NA,1008.47,NA,NA,NA,78,NA,18.72,NA,16.11,18.33,1
1861-05-11 21:00:00,18.33,NA,1,225,11.82,"225",1010.84,NA,NA,NA,81,NA,12.89,NA,11.11,12.78,1
1861-05-12,NA,NA,NA,NA,NA,NA,NA,2.29,"6am","8am",NA,0,NA,12.79,NA,NA,NA
1861-05-12 07:00:00,16.67,0,1,0,8.64,NA,1012.53,NA,NA,NA,73,NA,9.78,NA,7.22,9.44,1
1861-05-12 14:00:00,18.33,22.5,2,22.5,12.12,NA,1013.61,NA,NA,NA,67,NA,16.17,NA,12.78,16.11,2
1861-05-12 21:00:00,16.11,NA,0,NA,10.5,"22.5",1015.85,NA,NA,NA,74,NA,12.44,NA,10,12.22,0
1861-05-13,NA,NA,NA,NA,NA,NA,NA,0,"4pm, 10pm","6pm, 11pm",NA,0,NA,15.11,NA,NA,NA
1861-05-13 07:00:00,16.67,0,1,0,10.5,NA,1018.22,NA,NA,NA,80,NA,11.39,NA,9.44,11.11,1
1861-05-13 14:00:00,17.22,112.5,1,112.5,19.88,NA,1014.63,NA,NA,NA,83,NA,20.89,NA,18.89,20.56,1
1861-05-13 21:00:00,19.44,NA,3,157.5,12.7,"157.5",1013.07,NA,NA,NA,87,NA,13.06,NA,11.67,12.78,5
1861-05-14,NA,NA,NA,NA,NA,NA,NA,4.06,"4am","2pm",NA,0,NA,12.63,NA,NA,NA
1861-05-14 07:00:00,16.67,157.5,3,157.5,12.19,NA,1007.45,NA,NA,NA,86,NA,12.22,NA,11.11,12.22,5
1861-05-14 14:00:00,18.33,157.5,5,157.5,13.24,NA,1003.59,NA,NA,NA,87,NA,13.33,NA,12.22,13.33,16
1861-05-14 21:00:00,20,NA,4,225,12.19,"225",1008.26,NA,NA,NA,86,NA,12.33,NA,11.11,12.22,11
1861-05-15,NA,NA,NA,NA,NA,NA,NA,9.65,"empty","empty",NA,0,NA,12.56,NA,NA,NA
1861-05-15 07:00:00,15.56,247.5,5,292.5,10.13,NA,1011.11,NA,NA,NA,80,NA,10.72,NA,8.89,10.56,16
1861-05-15 14:00:00,17.22,270,3,270,12.97,NA,1012.53,NA,NA,NA,72,NA,16.28,NA,13.33,16.11,5
1861-05-15 21:00:00,17.78,NA,2,270,10.13,"270",1009.48,NA,NA,NA,80,NA,10.67,NA,8.89,10.56,2
1861-05-16,NA,NA,NA,NA,NA,NA,NA,2.79,"4am","8am",NA,0,NA,12.53,NA,NA,NA
1861-05-16 07:00:00,16.11,225,5,225,12.19,NA,1005.76,NA,NA,NA,86,NA,12.5,NA,11.11,12.22,16
1861-05-16 14:00:00,17.78,225,5,225,13.78,NA,1005.76,NA,NA,NA,82,NA,15.11,NA,13.33,15,16
1861-05-16 21:00:00,17.78,NA,4,225,9.69,"225",1008.2,NA,NA,NA,80,NA,10,NA,8.33,10,11
1861-05-17,NA,NA,NA,NA,NA,NA,NA,2.54,"4am, 11am, 2:15pm","7am, 12:30pm, 3pm",NA,0,NA,9.63,NA,NA,NA
1861-05-17 07:00:00,15.56,270,2,270,7.62,NA,1010.23,NA,NA,NA,85,NA,6,NA,4.44,5.56,2
1861-05-17 14:00:00,15,292.5,2,292.5,11.75,NA,1014.02,NA,NA,NA,86,NA,12.06,NA,10.56,11.67,2
1861-05-17 21:00:00,16.67,NA,2,292.5,10.13,"292.5",1016.73,NA,NA,NA,80,NA,10.83,NA,8.89,10.56,2
1861-05-18,NA,NA,NA,NA,NA,NA,NA,2.29,"8am, 1pm","8:30am, 4pm",NA,0,NA,10.59,NA,NA,NA
1861-05-18 07:00:00,15.56,292.5,1,292.5,9.65,NA,1019.78,NA,NA,NA,86,NA,9.33,NA,7.78,8.89,1
1861-05-18 14:00:00,15.56,292.5,2,292.5,10.5,NA,1020.66,NA,NA,NA,80,NA,11.94,NA,9.44,11.11,2
1861-05-18 21:00:00,14.44,NA,1,337.5,10.46,"337.5",1022.69,NA,NA,NA,86,NA,10.5,NA,8.89,10,1
1861-05-19,NA,NA,NA,NA,NA,NA,NA,1.02,"empty","empty",NA,0,NA,13.2,NA,NA,NA
1861-05-19 07:00:00,13.89,292.5,1,292.5,8.97,NA,1022.76,NA,NA,NA,74,NA,10.5,NA,7.78,10,1
1861-05-19 14:00:00,16.11,225,1,225,13.51,NA,1019.3,NA,NA,NA,72,NA,16.83,NA,13.89,16.67,1
1861-05-19 21:00:00,15.56,NA,1,270,9.75,"270",1017.61,NA,NA,NA,69,NA,12.28,NA,9.44,12.22,1
1861-05-20,NA,NA,NA,NA,NA,NA,NA,0,"empty","empty",NA,0,NA,15.46,NA,NA,NA
1861-05-20 07:00:00,15,292.5,1,292.5,10.73,NA,1016.26,NA,NA,NA,70,NA,13.72,NA,10.56,13.33,1
1861-05-20 14:00:00,16.67,45,2,45,12.12,NA,1014.7,NA,NA,NA,67,NA,16.67,NA,12.78,16.11,2
1861-05-20 21:00:00,16.11,NA,0,NA,12.5,"45",1015.37,NA,NA,NA,71,NA,16,NA,12.78,15.56,0
1861-05-21,NA,NA,NA,NA,NA,NA,NA,0,"empty","empty",NA,0,NA,13.94,NA,NA,NA
1861-05-21 07:00:00,15,0,2,0,8.97,NA,1015.92,NA,NA,NA,74,NA,10.11,NA,7.78,10,2
1861-05-21 14:00:00,17.22,292.5,4,292.5,15,NA,1016.26,NA,NA,NA,77,NA,17.5,NA,15,17.22,11
1861-05-21 21:00:00,18.33,NA,1,337.5,11.07,"337.5",1017.61,NA,NA,NA,70,NA,14.22,NA,11.11,13.89,1
1861-05-22,NA,NA,NA,NA,NA,NA,NA,0,"empty","empty",NA,0,NA,15.61,NA,NA,NA
1861-05-22 07:00:00,15.56,0,2,0,9.01,NA,1020.39,NA,NA,NA,69,NA,11.56,NA,8.33,11.11,2
1861-05-22 14:00:00,18.33,292.5,1,292.5,16.12,NA,1020.73,NA,NA,NA,65,NA,21.11,NA,17.22,21.11,1
1861-05-22 21:00:00,18.33,NA,0,270,8.6,NA,1021,NA,NA,NA,56,NA,14.17,NA,8.89,13.33,1
1861-05-23,NA,NA,NA,NA,NA,NA,NA,0,"3pm","5pm",NA,0,NA,15.87,NA,NA,NA
1861-05-23 07:00:00,16.67,270,1,270,9.75,NA,1021.4,NA,NA,NA,69,NA,12.22,NA,9.44,12.22,1
1861-05-23 14:00:00,17.78,NA,0,225,16.46,NA,1022.01,NA,NA,NA,68,NA,20.56,NA,17.22,20.56,2
1861-05-23 21:00:00,18.33,NA,2,180,12.87,"180",1022.49,NA,NA,NA,76,NA,15,NA,12.78,15,2
1861-05-24,NA,NA,NA,NA,NA,NA,NA,0,"6pm","4am",NA,0,NA,18.06,NA,NA,NA
1861-05-24 07:00:00,18.33,NA,0,180,10.87,NA,1021.33,NA,NA,NA,62,NA,15.56,NA,11.67,15.56,2
1861-05-24 14:00:00,19.44,180,3,180,10.23,NA,1015.78,NA,NA,NA,41,NA,21.67,NA,13.33,21.11,5
1861-05-24 21:00:00,20,NA,1,180,13.88,"180",1012.53,NA,NA,NA,77,NA,16.94,NA,13.89,16.11,1
1861-05-25,NA,NA,NA,NA,NA,NA,NA,6.1,"empty","empty",NA,0,NA,17.2,NA,NA,NA
1861-05-25 07:00:00,17.78,202.5,4,202.5,11.75,NA,1005.76,NA,NA,NA,86,NA,11.94,NA,10.56,11.67,11
1861-05-25 14:00:00,21.11,247.5,4,247.5,14.16,NA,1002.44,NA,NA,NA,57,NA,22.11,NA,16.11,21.11,11
1861-05-25 21:00:00,19.44,NA,1,292.5,11.75,"292.5",1004.06,NA,NA,NA,62,NA,17.56,NA,12.78,16.67,1
1861-05-26,NA,NA,NA,NA,NA,NA,NA,0,"empty","empty",NA,0,NA,18.76,NA,NA,NA
1861-05-26 07:00:00,20,292.5,1,292.5,12.97,NA,1004.4,NA,NA,NA,72,NA,16.61,NA,13.33,16.11,1
1861-05-26 14:00:00,21.11,270,1,270,11.38,NA,1003.01,NA,NA,NA,44,NA,22.39,NA,14.44,21.67,1
1861-05-26 21:00:00,20,NA,1,270,12.12,"270",1000.68,NA,NA,NA,57,NA,17.28,NA,12.78,16.11,1
1861-05-27,NA,NA,NA,NA,NA,NA,NA,9.65,"6am, 10:15am, 5pm","8am, 2pm, 6:15am",NA,0,NA,14.31,NA,NA,NA
1861-05-27 07:00:00,18.33,112.5,4,112.5,14.53,NA,992.08,NA,NA,NA,96,NA,14.61,NA,13.06,13.33,11
1861-05-27 14:00:00,19.44,0,2,0,16.42,NA,984.15,NA,NA,NA,94,NA,16.44,NA,15,15.56,2
1861-05-27 21:00:00,20.56,NA,6,315,11.01,"315",987.13,NA,NA,NA,86,NA,11.89,NA,9.44,10.56,20
1861-05-28,NA,NA,NA,NA,NA,NA,NA,24.13,"12:30pm","4:30pm",NA,0,NA,9.98,NA,NA,NA
1861-05-28 07:00:00,15.56,292.5,2,292.5,8.97,NA,998.71,NA,NA,NA,86,NA,8.5,NA,6.67,7.78,2
1861-05-28 14:00:00,19.44,292.5,2,292.5,12.67,NA,1007.04,NA,NA,NA,93,NA,13,NA,11.11,11.67,2
1861-05-28 21:00:00,18.33,NA,3,292.5,9.72,"292.5",1012.53,NA,NA,NA,93,NA,8.44,NA,7.22,7.78,5
1861-05-29,NA,NA,NA,NA,NA,NA,NA,14.73,"11pm","1am",NA,0,NA,11.94,NA,NA,NA
1861-05-29 07:00:00,15,270,2,270,9.72,NA,1014.56,NA,NA,NA,93,NA,8.61,NA,7.22,7.78,2
1861-05-29 14:00:00,17.78,247.5,3,247.5,11.51,NA,1016.26,NA,NA,NA,75,NA,14.22,NA,11.11,13.33,5
1861-05-29 21:00:00,18.89,NA,5,247.5,10.23,"247.5",1021,NA,NA,NA,70,NA,13,NA,10,12.78,16
1861-05-30,NA,NA,NA,NA,NA,NA,NA,2.03,"empty","empty",NA,0,NA,15.89,NA,NA,NA
1861-05-30 07:00:00,17.22,247.5,5,247.5,11.51,NA,1022.69,NA,NA,NA,75,NA,13.89,NA,11.11,13.33,16
1861-05-30 14:00:00,18.33,247.5,5,247.5,11.58,NA,1021.67,NA,NA,NA,55,NA,19,NA,13.33,18.33,16
1861-05-30 21:00:00,18.33,NA,0,270,10.02,NA,1022.69,NA,NA,NA,61,NA,14.78,NA,10.56,14.44,16
1861-05-31,NA,NA,NA,NA,NA,NA,NA,0,"empty","empty",NA,0,NA,18,NA,NA,NA
1861-05-31 07:00:00,16.11,NA,0,225,10.43,NA,1026.01,NA,NA,NA,61,NA,15,NA,11.11,15,5
1861-05-31 14:00:00,18.89,225,4,225,11.11,NA,1024.52,NA,NA,NA,42,NA,22.89,NA,14.44,22.22,11
1861-05-31 21:00:00,18.33,NA,3,247.5,9.41,"247.5",1021.61,NA,NA,NA,54,NA,16.11,NA,10.56,15.56,5
1861-06-01,NA,NA,NA,NA,NA,NA,NA,0,"empty","empty",NA,0,NA,20.14,NA,NA,NA
1861-06-01 07:00:00,18.33,225,3,225,11.11,NA,1021.74,NA,NA,NA,55,NA,17.67,NA,12.78,17.78,5
1861-06-01 14:00:00,21.67,225,3,225,11.85,NA,1020.45,NA,NA,NA,40,NA,23.78,NA,15.56,23.89,5
1861-06-01 21:00:00,21.67,NA,0,247.5,9.62,NA,1019.3,NA,NA,NA,43,NA,19,NA,12.22,19.44,5
1861-06-02,NA,NA,NA,NA,NA,NA,NA,0,"empty","empty",NA,0,NA,17.94,NA,NA,NA
1861-06-02 07:00:00,18.89,0,3,0,11.89,NA,1023.37,NA,NA,NA,75,NA,13.61,NA,11.67,13.89,5
1861-06-02 14:00:00,23.33,45,2,45,14.16,NA,1022.15,NA,NA,NA,57,NA,20.78,NA,16.11,21.11,2
1861-06-02 21:00:00,21.67,NA,1,135,14.93,"135",1017.41,NA,NA,NA,64,NA,19.44,NA,16.11,20,1
1861-06-03,NA,NA,NA,NA,NA,NA,NA,28.96,"2am | 1:20pm | 4pm","noon | 2:30pm | 5pm",NA,0,NA,19.98,NA,NA,NA
1861-06-03 07:00:00,18.89,180,5,180,16.42,NA,1007.11,NA,NA,NA,94,NA,16,NA,15,15.56,16
1861-06-03 14:00:00,22.22,225,5,225,23.37,NA,999.73,NA,NA,NA,79,NA,24.83,NA,21.67,23.89,16
1861-06-03 21:00:00,22.22,NA,4,292.5,18.96,"292.5",1005.35,NA,NA,NA,94,NA,18.94,NA,17.22,17.78,11
1861-06-04,NA,NA,NA,NA,NA,NA,NA,14.73,"empty","empty",NA,0,NA,14.72,NA,NA,NA
1861-06-04 07:00:00,18.89,292.5,4,292.5,7.65,NA,1015.92,NA,NA,NA,63,NA,11.39,NA,6.67,10,2
1861-06-04 14:00:00,18.89,225,2,225,10.19,NA,1017.61,NA,NA,NA,54,NA,17.94,NA,11.67,16.67,2
1861-06-04 21:00:00,17.22,NA,0,NA,9.99,"337.5",1020.18,NA,NA,NA,65,NA,14.83,NA,10,13.33,0
1861-06-05,NA,NA,NA,NA,NA,NA,NA,0,"empty","empty",NA,0,NA,16.94,NA,NA,NA
1861-06-05 07:00:00,16.67,NA,0,0,10.73,NA,1026.08,NA,NA,NA,70,NA,15,NA,10.56,13.33,2
1861-06-05 14:00:00,18.89,45,1,45,10.53,NA,1025.74,NA,NA,NA,48,NA,19.72,NA,12.78,18.89,1
1861-06-05 21:00:00,18.33,NA,1,45,10.94,"45",1023.71,NA,NA,NA,58,NA,16.11,NA,12.22,15.56,1
1861-06-06,NA,NA,NA,NA,NA,NA,NA,0.23,"7:30am | 8pm | 9:30pm","7:40am | 8:30pm | 10pm",NA,0,NA,17,NA,NA,NA
1861-06-06 07:00:00,17.78,180,4,180,10.87,NA,1024.04,NA,NA,NA,62,NA,16.67,NA,11.67,15.56,11
1861-06-06 14:00:00,19.44,157.5,5,157.5,11.89,NA,1022.89,NA,NA,NA,59,NA,18.67,NA,13.33,17.78,16
1861-06-06 21:00:00,18.33,NA,2,180,12.87,"180",1021.33,NA,NA,NA,76,NA,15.67,NA,12.78,15,2
1861-06-07,NA,NA,NA,NA,NA,NA,NA,3.81,"3am","4am",NA,0,NA,17.37,NA,NA,NA
1861-06-07 07:00:00,18.33,292.5,1,292.5,13.71,NA,1019.91,NA,NA,NA,87,NA,14.06,NA,12.78,13.89,1
1861-06-07 14:00:00,18.89,90,4,90,14.7,NA,1019.1,NA,NA,NA,68,NA,19.61,NA,15.56,18.89,11
1861-06-07 21:00:00,20,NA,1,270,15.61,"270",1017.61,NA,NA,NA,77,NA,18.44,NA,15.56,17.78,1
1861-06-08,NA,NA,NA,NA,NA,NA,NA,0,"empty","empty",NA,0,NA,22.5,NA,NA,NA
1861-06-08 07:00:00,18.89,247.5,2,247.5,16.8,NA,1018.56,NA,NA,NA,78,NA,19.44,NA,16.67,18.89,2
1861-06-08 14:00:00,22.22,0,1,45,19,NA,1019.24,NA,NA,NA,63,NA,25.5,NA,20,24.44,1
1861-06-08 21:00:00,23.33,NA,0,45,12.16,NA,1016.73,NA,NA,NA,47,NA,22.56,NA,15,21.67,1
1861-06-09,NA,NA,NA,NA,NA,NA,NA,0,"empty","empty",NA,0,NA,24.13,NA,NA,NA
1861-06-09 07:00:00,22.22,NA,0,0,11.89,NA,1019.64,NA,NA,NA,59,NA,18.89,NA,13.33,17.78,5
1861-06-09 14:00:00,22.78,NA,0,225,16.32,NA,1017.61,NA,NA,NA,42,NA,28.67,NA,20,28.33,5
1861-06-09 21:00:00,25,NA,0,225,17.88,NA,1015.58,NA,NA,NA,59,NA,24.83,NA,19.44,24.44,1
1861-06-10,NA,NA,NA,NA,NA,NA,NA,0,"empty","empty",NA,0,NA,28.18,NA,NA,NA
1861-06-10 07:00:00,22.78,247.5,1,247.5,17,NA,1015.58,NA,NA,NA,62,NA,24.28,NA,18.33,22.78,1
1861-06-10 14:00:00,25.56,225,3,225,16.32,NA,1014.56,NA,NA,NA,35,NA,32.22,NA,21.11,31.67,5
1861-06-10 21:00:00,27.78,NA,0,270,15.07,NA,1011.11,NA,NA,NA,41,NA,28.06,NA,18.89,27.22,5
1861-06-11,NA,NA,NA,NA,NA,NA,NA,0,"empty","empty",NA,0,NA,27.24,NA,NA,NA
1861-06-11 07:00:00,25.56,225,4,225,17.41,NA,1010.77,NA,NA,NA,65,NA,23.17,NA,18.33,22.22,11
1861-06-11 14:00:00,27.22,225,3,225,16.66,NA,1008.47,NA,NA,NA,37,NA,31.94,NA,21.11,31.11,5
1861-06-11 21:00:00,26.67,NA,3,270,15.78,"270",1002.37,NA,NA,NA,47,NA,26.61,NA,18.89,26.11,5
1861-06-12,NA,NA,NA,NA,NA,NA,NA,0.76,"5am","7:30am",NA,0,NA,21.87,NA,NA,NA
1861-06-12 07:00:00,23.89,247.5,5,247.5,18.52,NA,1004.06,NA,NA,NA,73,NA,21.44,NA,17.78,20.56,16
1861-06-12 14:00:00,26.11,292.5,3,292.5,13.99,NA,1003.73,NA,NA,NA,42,NA,27.5,NA,17.78,26.11,5
1861-06-12 21:00:00,20,NA,0,292.5,9.79,NA,1012.19,NA,NA,NA,54,NA,16.67,NA,11.11,16.11,2
1861-06-13,NA,NA,NA,NA,NA,NA,NA,2.03,"3am","5am",NA,0,NA,17.2,NA,NA,NA
1861-06-13 07:00:00,20,292.5,1,292.5,12.97,NA,1017.14,NA,NA,NA,72,NA,16.89,NA,13.33,16.11,1
1861-06-13 14:00:00,20.56,292.5,3,292.5,16.66,NA,1017.2,NA,NA,NA,82,NA,18.72,NA,16.11,17.78,5
1861-06-13 21:00:00,21.11,NA,2,292.5,9.04,"292.5",1017.88,NA,NA,NA,53,NA,16,NA,10,15,2
1861-06-14,NA,NA,NA,NA,NA,NA,NA,0,"10.45 pm","11am",NA,0,NA,17.56,NA,NA,NA
1861-06-14 07:00:00,19.44,NA,0,225,11.11,NA,1017.61,NA,NA,NA,55,NA,18.33,NA,12.78,17.78,11
1861-06-14 14:00:00,20.56,225,4,225,6.03,NA,1016.32,NA,NA,NA,88,NA,19.72,NA,8.33,18.89,11
1861-06-14 21:00:00,20,NA,5,225,11.89,"225",1014.09,NA,NA,NA,75,NA,14.61,NA,11.67,13.89,16
1861-06-15,NA,NA,NA,NA,NA,NA,NA,17.53,"6pm | 10pm","8pm | 7:30am",NA,0,NA,16.2,NA,NA,NA
1861-06-15 07:00:00,18.89,180,2,180,15.27,NA,997.29,NA,NA,NA,92,NA,14.44,NA,13.89,14.44,2
1861-06-15 14:00:00,19.44,0,2,0,19.1,NA,998.65,NA,NA,NA,88,NA,18.89,NA,17.78,18.89,2
1861-06-15 21:00:00,19.44,NA,2,225,14.76,"225",999.05,NA,NA,NA,87,NA,15.28,NA,13.89,15,2
1861-06-16,NA,NA,NA,NA,NA,NA,NA,26.92,"empty","empty",NA,0,NA,18.18,NA,NA,NA
1861-06-16 07:00:00,19.44,22.5,3,22.5,21,NA,1002.37,NA,NA,NA,97,NA,19.61,NA,18.61,18.89,5
1861-06-16 14:00:00,19.44,0,3,0,10.29,NA,1007.59,NA,NA,NA,46,NA,20.17,NA,12.78,19.44,5
1861-06-16 21:00:00,18.33,NA,2,0,9.31,"0",1013.75,NA,NA,NA,57,NA,14.78,NA,10,14.44,2
1861-06-17,NA,NA,NA,NA,NA,NA,NA,0,"empty","empty",NA,0,NA,16.59,NA,NA,NA
1861-06-17 07:00:00,17.78,NA,0,0,9.99,NA,1018.76,NA,NA,NA,65,NA,13.89,NA,10,13.33,2
1861-06-17 14:00:00,18.33,270,3,270,13.24,NA,1016.73,NA,NA,NA,63,NA,19.67,NA,14.44,18.33,5
1861-06-17 21:00:00,17.78,NA,0,270,11.18,NA,1017.2,NA,NA,NA,66,NA,16.22,NA,11.67,15,2
1861-06-18,NA,NA,NA,NA,NA,NA,NA,0,"empty","empty",NA,0,NA,19.59,NA,NA,NA
1861-06-18 07:00:00,17.78,225,3,225,11.75,NA,1016.73,NA,NA,NA,62,NA,18.33,NA,18.33,16.67,5
1861-06-18 14:00:00,20,225,3,225,12.67,NA,1013.88,NA,NA,NA,48,NA,23.06,NA,15.56,22.22,5
1861-06-18 21:00:00,18.33,NA,2,225,12.6,"225",1012.53,NA,NA,NA,67,NA,17.39,NA,13.33,16.67,2
1861-06-19,NA,NA,NA,NA,NA,NA,NA,2.03,"2:30am | 4am | 9:30pm","2:45am | 4:30am | 11:30pm",NA,0,NA,21.07,NA,NA,NA
1861-06-19 07:00:00,18.89,225,1,225,13.88,NA,1012.94,NA,NA,NA,57,NA,17,NA,13.89,16.11,1
1861-06-19 14:00:00,23.33,225,1,225,15.24,NA,1011.62,NA,NA,NA,52,NA,24.89,NA,17.78,23.89,1
1861-06-19 21:00:00,22.22,NA,1,292.5,15.92,"292.5",1009.14,NA,NA,NA,68,NA,21.33,NA,16.67,20,1
1861-06-20,NA,NA,NA,NA,NA,NA,NA,1.02,"empty","empty",NA,0,NA,18.7,NA,NA,NA
1861-06-20 07:00:00,21.11,292.5,2,292.5,14.02,NA,1012.53,NA,NA,NA,72,NA,18.17,NA,14.44,17.22,2
1861-06-20 14:00:00,21.67,247.5,2,247.5,13.11,NA,1014.16,NA,NA,NA,56,NA,20.28,NA,15,20,2
1861-06-20 21:00:00,20.56,NA,0,270,12.22,NA,1015.85,NA,NA,NA,63,NA,17.67,NA,13.33,17.22,1
1861-06-21,NA,NA,NA,NA,NA,NA,NA,0,"11 am","1 pm",NA,0,NA,16.18,NA,NA,NA
1861-06-21 07:00:00,20,225,3,225,11.58,NA,1013.34,NA,NA,NA,71,NA,15.5,NA,11.67,14.44,5
1861-06-21 14:00:00,20,67.5,3,67.5,14.46,NA,1007.72,NA,NA,NA,77,NA,17.5,NA,14.44,16.67,5
1861-06-21 21:00:00,19.44,NA,1,90,16.42,"90",1006.16,NA,NA,NA,94,NA,15.56,NA,15,15.56,1
1861-06-22,NA,NA,NA,NA,NA,NA,NA,0.51,"empty","empty",NA,0,NA,19.74,NA,NA,NA
1861-06-22 07:00:00,20,270,4,270,11.89,NA,1007.52,NA,NA,NA,75,NA,14.44,NA,11.67,13.89,11
1861-06-22 14:00:00,21.11,225,4,225,22.49,NA,1006.84,NA,NA,NA,79,NA,23.89,NA,21.11,23.33,11
1861-06-22 21:00:00,21.11,NA,2,225,18.52,"225",1005.76,NA,NA,NA,73,NA,20.89,NA,17.78,20.56,2
1861-06-23,NA,NA,NA,NA,NA,NA,NA,0.25,"1 am","2 am",NA,0,NA,18.72,NA,NA,NA
1861-06-23 07:00:00,20.56,292.5,1,292.5,16.05,NA,1004.13,NA,NA,NA,82,NA,18.22,NA,15.56,17.22,1
1861-06-23 14:00:00,22.22,247.5,5,247.5,12.94,NA,1001.63,NA,NA,NA,45,NA,24.33,NA,16.11,23.33,16
1861-06-23 21:00:00,19.44,NA,4,292.5,9.99,"0",1008.47,NA,NA,NA,65,NA,13.61,NA,10,13.33,11
1861-06-24,NA,NA,NA,NA,NA,NA,NA,0,"empty","empty",NA,0,NA,16.18,NA,NA,NA
1861-06-24 07:00:00,20,0,4,0,9.75,NA,1015.92,NA,NA,NA,69,NA,12.22,NA,9.44,12.22,11
1861-06-24 14:00:00,21.11,NA,0,292.5,13.44,NA,1016.59,NA,NA,NA,60,NA,20,NA,15,19.44,5
1861-06-24 21:00:00,18.33,NA,0,292.5,11.65,NA,1017.61,NA,NA,NA,66,NA,16.33,NA,12.22,15.56,1
1861-06-25,NA,NA,NA,NA,NA,NA,NA,0,"empty","empty",NA,0,NA,21.14,NA,NA,NA
1861-06-25 07:00:00,19.44,225,1,225,12.5,NA,1019.24,NA,NA,NA,71,NA,16.78,NA,12.78,15.56,1
1861-06-25 14:00:00,22.22,225,1,225,16.22,NA,1015.85,NA,NA,NA,55,NA,24.61,NA,18.33,23.89,1
1861-06-25 21:00:00,22.22,NA,1,180,18.96,"180",1014.09,NA,NA,NA,75,NA,22.06,NA,18.33,21.67,1
1861-06-26,NA,NA,NA,NA,NA,NA,NA,0,"11 am","4 pm",NA,0,NA,22.85,NA,NA,NA
1861-06-26 07:00:00,21.67,202.5,1,202.5,16.46,NA,1009.21,NA,NA,NA,68,NA,21.89,NA,17.22,20.56,1
1861-06-26 14:00:00,23.33,202.5,3,202.5,28.07,NA,1007.45,NA,NA,NA,89,NA,25.56,NA,23.89,25,5
1861-06-26 21:00:00,22.22,NA,0,225,18.66,NA,1008.87,NA,NA,NA,78,NA,21.11,NA,18.33,20.56,1
1861-06-27,NA,NA,NA,NA,NA,NA,NA,2.03,"empty","empty",NA,0,NA,20.11,NA,NA,NA
1861-06-27 07:00:00,22.78,247.5,4,247.5,13.38,NA,1014.22,NA,NA,NA,76,NA,16.67,NA,13.33,15.56,11
1861-06-27 14:00:00,22.78,247.5,5,247.5,14.09,NA,1013.88,NA,NA,NA,51,NA,24.22,NA,16.67,22.78,16
1861-06-27 21:00:00,21.11,NA,0,247.5,14.7,NA,1013.88,NA,NA,NA,68,NA,19.44,NA,15.56,18.89,1
1861-06-28,NA,NA,NA,NA,NA,NA,NA,0,"1:30pm","1:50pm",NA,0,NA,17.79,NA,NA,NA
1861-06-28 07:00:00,20,247.5,3,247.5,13.75,NA,1014.97,NA,NA,NA,64,NA,18.89,NA,15,18.89,5
1861-06-28 14:00:00,21.11,315,5,315,15.34,NA,1012.87,NA,NA,NA,88,NA,16.56,NA,14.44,15.56,16
1861-06-28 21:00:00,21.11,NA,2,270,13.11,"270",1012.6,NA,NA,NA,67,NA,17.39,NA,13.89,17.22,2
1861-06-29,NA,NA,NA,NA,NA,NA,NA,5.59,"empty","empty",NA,0,NA,20.33,NA,NA,NA
1861-06-29 07:00:00,18.89,NA,0,247.5,15,NA,1014.56,NA,NA,NA,77,NA,17.67,NA,15,17.22,1
1861-06-29 14:00:00,21.67,225,3,225,15.24,NA,1012.8,NA,NA,NA,52,NA,24.44,NA,17.78,23.89,5
1861-06-29 21:00:00,21.67,NA,0,247.5,12.39,NA,1012.53,NA,NA,NA,59,NA,18.89,NA,13.89,18.33,2
1861-06-30,NA,NA,NA,NA,NA,NA,NA,0,"empty","empty",NA,0,NA,20.68,NA,NA,NA
1861-06-30 07:00:00,20,225,2,225,14.6,NA,1011.85,NA,NA,NA,72,NA,17.72,NA,15,17.78,2
1861-06-30 14:00:00,23.33,225,2,225,16.19,NA,1009.28,NA,NA,NA,51,NA,26.56,NA,18.89,25.56,2
1861-06-30 21:00:00,20,NA,1,0,14.6,"0",1010.84,NA,NA,NA,72,NA,17.78,NA,15,17.78,1
1861-07-01,NA,NA,NA,NA,NA,NA,NA,3.3,"2:30am","7am",NA,0,NA,16.72,NA,NA,NA
1861-07-01 07:00:00,20,0,3,0,13.71,NA,1012.94,NA,NA,NA,87,NA,14.17,NA,12.78,13.89,5
1861-07-01 14:00:00,20,225,2,NA,14.16,NA,1014.56,NA,NA,NA,68,NA,18.61,NA,15,18.33,NA
1861-07-01 21:00:00,20,NA,2,22.5,14.46,"22.5",1015.92,NA,NA,NA,77,NA,17.39,NA,14.44,16.67,2
1861-07-02,NA,NA,NA,NA,NA,NA,NA,4.32,"2 am | 10 am","7am | 4am",NA,0,NA,14.37,NA,NA,NA
1861-07-02 07:00:00,20,22.5,6,22.5,12.36,NA,1014.22,NA,NA,NA,81,NA,13.83,NA,11.67,13.33,20
1861-07-02 14:00:00,17.78,22.5,6,22.5,13.78,NA,1010.84,NA,NA,NA,82,NA,15,NA,13.33,15,20
1861-07-02 21:00:00,18.89,NA,6,22.5,15.2,"22.5",1011.24,NA,NA,NA,96,NA,14.28,NA,13.61,13.89,20
1861-07-03,NA,NA,NA,NA,NA,NA,NA,55.12,"10:15am","11:15pm",NA,0,NA,18.44,NA,NA,NA
1861-07-03 07:00:00,18.33,22.5,2,22.5,15.27,NA,1012.67,NA,NA,NA,93,NA,15.28,NA,13.89,14.44,2
1861-07-03 14:00:00,20,22.5,5,337.5,15.48,NA,1016.26,NA,NA,NA,64,NA,21.28,NA,16.67,20.56,1
1861-07-03 21:00:00,20,NA,3,135,17.27,"22.5",1017.75,NA,NA,NA,83,NA,18.78,NA,16.67,18.33,1
1861-07-04,NA,NA,NA,NA,NA,NA,NA,0.23,"empty","empty",NA,0,NA,23.09,NA,NA,NA
1861-07-04 07:00:00,20,NA,0,225,16.19,NA,1018.49,NA,NA,NA,78,NA,19.06,NA,16.11,18.33,5
1861-07-04 14:00:00,25,225,3,225,17.81,NA,1018.69,NA,NA,NA,53,NA,27.17,NA,20,26.11,5
1861-07-04 21:00:00,23.33,NA,0,247.5,16.36,NA,1018.29,NA,NA,NA,61,NA,23.06,NA,17.78,22.22,2
1861-07-05,NA,NA,NA,NA,NA,NA,NA,0,"empty","empty",NA,0,NA,27.13,NA,NA,NA
1861-07-05 07:00:00,22.78,NA,0,225,21.27,NA,1019.1,NA,NA,NA,63,NA,26.67,NA,21.67,26.11,1
1861-07-05 14:00:00,23.89,NA,0,225,18.02,NA,1017.61,NA,NA,NA,45,NA,29.89,NA,21.11,28.89,5
1861-07-05 21:00:00,25,NA,1,202.5,20.72,"202.5",1016.19,NA,NA,NA,70,NA,24.83,NA,20.56,23.89,1
1861-07-06,NA,NA,NA,NA,NA,NA,NA,0,"empty","empty",NA,0,NA,25.83,NA,NA,NA
1861-07-06 07:00:00,23.33,NA,0,225,16.73,NA,1017.61,NA,NA,NA,65,NA,22.22,NA,17.78,21.67,1
1861-07-06 14:00:00,24.44,202.5,1,202.5,23.64,NA,1017.27,NA,NA,NA,58,NA,30.17,NA,23.89,29.44,1
1861-07-06 21:00:00,25.56,NA,0,202.5,23.37,NA,1015.92,NA,NA,NA,79,NA,25.11,NA,21.67,23.89,1
1861-07-07,NA,NA,NA,NA,NA,NA,NA,0,"9:30pm","9:45pm",NA,0,NA,26.37,NA,NA,NA
1861-07-07 07:00:00,24.44,225,1,225,21.71,NA,1015.92,NA,NA,NA,79,NA,23,NA,20.56,22.78,1
1861-07-07 14:00:00,25,225,2,225,22.72,NA,1014.9,NA,NA,NA,57,NA,29.44,NA,23.33,28.89,2
1861-07-07 21:00:00,25.56,NA,3,225,23.94,"225",1013.88,NA,NA,NA,71,NA,26.67,NA,22.78,26.11,5
1861-07-08,NA,NA,NA,NA,NA,NA,NA,0.23,"empty","empty",NA,0,NA,27.68,NA,NA,NA
1861-07-08 07:00:00,25.56,247.5,3,247.5,22.76,NA,1013.34,NA,NA,NA,75,NA,24.17,NA,21.67,24.44,5
1861-07-08 14:00:00,30,NA,0,225,24.42,NA,1010.16,NA,NA,NA,58,NA,31.22,NA,24.44,30,2
1861-07-08 21:00:00,27.78,NA,2,270,22.86,"270",1008.4,NA,NA,NA,64,NA,27.67,NA,22.78,27.22,2
1861-07-09,NA,NA,NA,NA,NA,NA,NA,0,"10:30am | 4pm","12:30pm | 4:30pm",NA,0,NA,22.83,NA,NA,NA
1861-07-09 07:00:00,26.11,247.5,1,247.5,23.57,NA,1006.16,NA,NA,NA,89,NA,22.39,NA,21.11,22.22,1
1861-07-09 14:00:00,25,0,3,0,22.05,NA,1004.34,NA,NA,NA,88,NA,23.22,NA,20,21.11,5
1861-07-09 21:00:00,23.33,NA,2,270,21.71,"270",1005.76,NA,NA,NA,79,NA,22.89,NA,20.56,22.78,2
1861-07-10,NA,NA,NA,NA,NA,NA,NA,18.03,"3:30pm","4:15pm",NA,0,NA,20.76,NA,NA,NA
1861-07-10 07:00:00,24.44,315,1,315,17.51,NA,1006.5,NA,NA,NA,73,NA,21.94,NA,17.78,20.56,1
1861-07-10 14:00:00,21.11,0,4,0,18.08,NA,1009.14,NA,NA,NA,78,NA,20.33,NA,17.78,20,11
1861-07-10 21:00:00,22.78,NA,2,0,16.97,"0",1010.84,NA,NA,NA,73,NA,20.56,NA,17.22,20,2
1861-07-11,NA,NA,NA,NA,NA,NA,NA,24.13,"6am | 4pm","10am | 5pm",NA,0,NA,13.24,NA,NA,NA
1861-07-11 07:00:00,18.89,0,4,0,11.78,NA,1008.81,NA,NA,NA,93,NA,11.11,NA,10,10.56,5
1861-07-11 14:00:00,20,0,4,0,14.76,NA,1006.43,NA,NA,NA,88,NA,15.28,NA,13.89,15,11
1861-07-11 21:00:00,19.44,NA,4,0,15.2,"0",1007.45,NA,NA,NA,100,NA,13.33,NA,13.33,13.33,11
1861-07-12,NA,NA,NA,NA,NA,NA,NA,4.32,"10:30am","noon",NA,0,NA,15.83,NA,NA,NA
1861-07-12 07:00:00,19.44,270,3,270,12.77,NA,1008.74,NA,NA,NA,81,NA,14.44,NA,12.22,13.89,5
1861-07-12 14:00:00,19.44,247.5,5,247.5,14.46,NA,1011.24,NA,NA,NA,77,NA,17.78,NA,14.44,16.67,16
1861-07-12 21:00:00,21.67,NA,4,247.5,13.31,"247.5",1015.71,NA,NA,NA,81,NA,15.28,NA,12.78,14.44,11
1861-07-13,NA,NA,NA,NA,NA,NA,NA,1.02,"3am","7:30am",NA,0,NA,17,NA,NA,NA
1861-07-13 07:00:00,18.89,247.5,1,247.5,14.7,NA,1019.1,NA,NA,NA,93,NA,14.11,NA,13.33,13.89,1
1861-07-13 14:00:00,18.89,45,2,45,12.87,NA,1022.15,NA,NA,NA,60,NA,19.44,NA,14.44,18.89,2
1861-07-13 21:00:00,19.44,NA,0,90,14.46,NA,1024.38,NA,NA,NA,77,NA,17.44,NA,14.44,16.67,1
1861-07-14,NA,NA,NA,NA,NA,NA,NA,0,"empty","empty",NA,0,NA,18.5,NA,NA,NA
1861-07-14 07:00:00,18.89,0,3,0,13.78,NA,1025.67,NA,NA,NA,82,NA,15.56,NA,13.33,15,5
1861-07-14 14:00:00,19.44,67.5,1,67.5,13.11,NA,1023.37,NA,NA,NA,56,NA,20.83,NA,15,20,1
1861-07-14 21:00:00,19.44,NA,1,22.5,9.99,"22.5",1021,NA,NA,NA,65,NA,19.11,NA,15.56,18.33,1
1861-07-15,NA,NA,NA,NA,NA,NA,NA,9.91,"2:30am | 5:15am | noon | 8pm","4:30am | 7:20am | 6pm | 11pm",NA,0,NA,16.68,NA,NA,NA
1861-07-15 07:00:00,19.44,22.5,1,22.5,15.27,NA,1015.92,NA,NA,NA,93,NA,14.89,NA,13.89,14.44,1
1861-07-15 14:00:00,19.44,0,1,0,17.61,NA,1012.6,NA,NA,NA,94,NA,17.67,NA,16.11,16.67,1
1861-07-15 21:00:00,18.33,NA,1,292.5,17.14,"292.5",1011.85,NA,NA,NA,88,NA,17.5,NA,16.11,17.22,1
1861-07-16,NA,NA,NA,NA,NA,NA,NA,3.3,"10am | 3pm | 7pm | 8:45pm","11:30am | 5pm | 7:20pm | 11pm",NA,0,NA,18.92,NA,NA,NA
1861-07-16 07:00:00,18.89,202.5,1,202.5,15.92,NA,1012.19,NA,NA,NA,88,NA,16.78,NA,15,16.11,1
1861-07-16 14:00:00,20.56,225,1,225,18.66,NA,1009.69,NA,NA,NA,78,NA,21.22,NA,18.33,20.56,1
1861-07-16 21:00:00,20,NA,4,292.5,14.16,"292.5",1010.84,NA,NA,NA,68,NA,18.78,NA,15,18.33,11
1861-07-17,NA,NA,NA,NA,NA,NA,NA,5.08,"empty","empty",NA,0,NA,19.28,NA,NA,NA
1861-07-17 07:00:00,19.44,NA,0,225,14.02,NA,1012.53,NA,NA,NA,72,NA,17.56,NA,14.44,17.22,5
1861-07-17 14:00:00,20.56,225,4,225,14.16,NA,1014.49,NA,NA,NA,57,NA,22.22,NA,16.11,21.11,11
1861-07-17 21:00:00,21.11,NA,0,247.5,15,NA,1015.24,NA,NA,NA,77,NA,18.06,NA,15,17.22,2
1861-07-18,NA,NA,NA,NA,NA,NA,NA,0,"11:25pm","2:30am",NA,0,NA,20.18,NA,NA,NA
1861-07-18 07:00:00,19.44,247.5,1,247.5,13.38,NA,1015.85,NA,NA,NA,76,NA,15.56,NA,13.33,15.56,1
1861-07-18 14:00:00,22.22,225,2,225,17.68,NA,1013.55,NA,NA,NA,62,NA,23.89,NA,18.89,23.33,2
1861-07-18 21:00:00,21.67,NA,2,225,18.66,"225",1012.53,NA,NA,NA,78,NA,21.11,NA,18.33,20.56,2
1861-07-19,NA,NA,NA,NA,NA,NA,NA,8.64,"9:15am","noon",NA,0,NA,21.81,NA,NA,NA
1861-07-19 07:00:00,21.11,247.5,2,247.5,19.1,NA,1010.84,NA,NA,NA,88,NA,19.39,NA,17.78,18.89,2
1861-07-19 14:00:00,22.22,292.5,1,292.5,19.91,NA,1008.47,NA,NA,NA,70,NA,24.39,NA,20,23.33,1
1861-07-19 21:00:00,22.78,NA,1,292.5,18.66,"292.5",1007.32,NA,NA,NA,78,NA,21.67,NA,18.33,20.56,1
1861-07-20,NA,NA,NA,NA,NA,NA,NA,26.42,"3am | 8pm | 10pm","noon | 6pm | 11pm",NA,0,NA,18.91,NA,NA,NA
1861-07-20 07:00:00,22.78,0,2,0,19.57,NA,1004.06,NA,NA,NA,97,NA,18.5,NA,17.5,17.78,2
1861-07-20 14:00:00,20.56,0,1,0,16.36,NA,1002.71,NA,NA,NA,73,NA,20.17,NA,16.67,19.44,1
1861-07-20 21:00:00,19.44,NA,1,270,16.05,"270",1004.88,NA,NA,NA,82,NA,18.06,NA,15.56,17.22,1
1861-07-21,NA,NA,NA,NA,NA,NA,NA,5.84,"empty","empty",NA,0,NA,19.87,NA,NA,NA
1861-07-21 07:00:00,19.44,NA,0,270,18.42,NA,1006.6,NA,NA,NA,88,NA,18.61,NA,17.22,18.33,11
1861-07-21 14:00:00,21.11,270,4,270,20.76,NA,1010.16,NA,NA,NA,83,NA,22.11,NA,19.44,21.11,11
1861-07-21 21:00:00,20,NA,3,292.5,14.16,"292.5",1012.53,NA,NA,NA,68,NA,18.89,NA,15,18.33,5
1861-07-22,NA,NA,NA,NA,NA,NA,NA,0,"empty","empty",NA,0,NA,18.14,NA,NA,NA
1861-07-22 07:00:00,20.56,NA,0,270,12.97,NA,1013.41,NA,NA,NA,72,NA,16.56,NA,13.33,16.11,2
1861-07-22 14:00:00,20.56,292.5,1,292.5,13.44,NA,1013.41,NA,NA,NA,60,NA,20.17,NA,15,19.44,1
1861-07-22 21:00:00,18.89,NA,1,292.5,13.51,"292.5",1014.22,NA,NA,NA,72,NA,17.72,NA,13.89,16.67,1
1861-07-23,NA,NA,NA,NA,NA,NA,NA,0,"empty","empty",NA,0,NA,18.2,NA,NA,NA
1861-07-23 07:00:00,19.44,0,2,0,13.31,NA,1015.98,NA,NA,NA,81,NA,15.17,NA,12.78,14.44,2
1861-07-23 14:00:00,19.44,0,3,0,13.11,NA,1016.8,NA,NA,NA,56,NA,20.5,NA,15,20,5
1861-07-23 21:00:00,21.11,NA,1,0,15.14,"0",1019.3,NA,NA,NA,73,NA,18.94,NA,15.56,18.33,1
1861-07-24,NA,NA,NA,NA,NA,NA,NA,0,"empty","empty",NA,0,NA,19.31,NA,NA,NA
1861-07-24 07:00:00,20,0,1,0,14.87,NA,1020.45,NA,NA,NA,82,NA,17,NA,14.44,16.11,1
1861-07-24 14:00:00,21.11,292.5,2,292.5,17.2,NA,1020.93,NA,NA,NA,69,NA,22.22,NA,17.78,21.11,2
1861-07-24 21:00:00,22.22,NA,2,22.5,15.61,"22.5",1021.13,NA,NA,NA,77,NA,18.72,NA,15.56,17.78,2
1861-07-25,NA,NA,NA,NA,NA,NA,NA,0,"empty","empty",NA,0,NA,21.28,NA,NA,NA
1861-07-25 07:00:00,20.56,NA,0,45,14.87,NA,1023.1,NA,NA,NA,82,NA,16.67,NA,14.44,16.11,1
1861-07-25 14:00:00,21.67,180,2,180,16.22,NA,1022.08,NA,NA,NA,55,NA,24.94,NA,18.33,23.89,2
1861-07-25 21:00:00,22.22,NA,0,225,17.81,NA,1019.84,NA,NA,NA,69,NA,22.22,NA,18.33,21.67,1
1861-07-26,NA,NA,NA,NA,NA,NA,NA,0,"empty","empty",NA,0,NA,23.7,NA,NA,NA
1861-07-26 07:00:00,21.11,NA,0,202.5,16.8,NA,1019.64,NA,NA,NA,78,NA,19.17,NA,16.67,18.89,1
1861-07-26 14:00:00,25,NA,0,157.5,16.02,NA,1018.69,NA,NA,NA,44,NA,27.89,NA,19.44,27.22,16
1861-07-26 21:00:00,23.89,NA,0,202.5,18.76,NA,1015.92,NA,NA,NA,66,NA,24.06,NA,19.44,23.33,5
1861-07-27,NA,NA,NA,NA,NA,NA,NA,0.76,"1:30am | noon | 9:15pm","1:45am | 12:45pm | 10:15pm",NA,0,NA,22.7,NA,NA,NA
1861-07-27 07:00:00,23.33,202.5,1,202.5,18.66,NA,1017.27,NA,NA,NA,78,NA,21.33,NA,18.33,20.56,1
1861-07-27 14:00:00,23.33,315,1,315,22.49,NA,1017.88,NA,NA,NA,79,NA,23.44,NA,21.11,23.33,1
1861-07-27 21:00:00,23.89,NA,1,45,21.71,"45",1017.61,NA,NA,NA,79,NA,23.33,NA,20.56,22.78,1
1861-07-28,NA,NA,NA,NA,NA,NA,NA,13.97,"1am","4am",NA,0,NA,24.79,NA,NA,NA
1861-07-28 07:00:00,23.33,135,2,135,21.44,NA,1017.61,NA,NA,NA,83,NA,22.44,NA,20,21.67,1
1861-07-28 14:00:00,25.56,112.5,3,112.5,21.57,NA,1014.77,NA,NA,NA,60,NA,27.78,NA,22.22,27.22,5
1861-07-28 21:00:00,24.44,NA,1,NA,21.16,"135",1013.88,NA,NA,NA,74,NA,24.17,NA,20.56,23.33,0
1861-07-29,NA,NA,NA,NA,NA,NA,NA,7.87,"2:20am | 7:15am | noon","3am | 9am | 1pm",NA,0,NA,22.29,NA,NA,NA
1861-07-29 07:00:00,25,157.5,2,157.5,19.23,NA,1012.46,NA,NA,NA,70,NA,22.17,NA,19.44,21.67,2
1861-07-29 14:00:00,24.44,225,2,225,20.76,NA,1011.79,NA,NA,NA,83,NA,21.5,NA,19.44,21.11,2
1861-07-29 21:00:00,23.33,NA,1,247.5,21.71,"247.5",1012.87,NA,NA,NA,79,NA,23.22,NA,20.56,22.78,1
1861-07-30,NA,NA,NA,NA,NA,NA,NA,17.02,"1am | 8am","4am | 8:30am",NA,0,NA,23.57,NA,NA,NA
1861-07-30 07:00:00,22.22,225,2,225,19.88,NA,1014.56,NA,NA,NA,83,NA,21.44,NA,18.89,20.56,2
1861-07-30 14:00:00,23.89,225,4,225,22.76,NA,1014.49,NA,NA,NA,75,NA,25.5,NA,21.67,24.44,11
1861-07-30 21:00:00,24.44,NA,1,225,23.03,"225",1014.22,NA,NA,NA,84,NA,23.78,NA,21.11,22.78,1
1861-07-31,NA,NA,NA,NA,NA,NA,NA,6.35,"5:40am","12:15pm",NA,0,NA,21.29,NA,NA,NA
1861-07-31 07:00:00,23.33,225,1,225,19.2,NA,1014.22,NA,NA,NA,85,NA,20.28,NA,18.06,19.44,1
1861-07-31 14:00:00,22.78,225,2,225,22.76,NA,1012.87,NA,NA,NA,88,NA,22.22,NA,20.56,21.67,2
1861-07-31 21:00:00,22.78,NA,0,NA,22.52,"180",1012.6,NA,NA,NA,94,NA,21.39,NA,20,20.56,0
1861-08-01,NA,NA,NA,NA,NA,NA,NA,8.13,"8pm","9:15pm",NA,0,NA,22.42,NA,NA,NA
1861-08-01 07:00:00,22.22,22.5,1,22.5,20.35,NA,1015.17,NA,NA,NA,94,NA,19.72,NA,18.33,18.89,1
1861-08-01 14:00:00,23.33,NA,0,0,24.75,NA,1015.65,NA,NA,NA,84,NA,24.78,NA,22.22,23.89,1
1861-08-01 21:00:00,24.44,NA,0,225,21.44,NA,1013.41,NA,NA,NA,85,NA,22.78,NA,14.44,21.67,1
1861-08-02,NA,NA,NA,NA,NA,NA,NA,0,"empty","empty",NA,0,NA,24.72,NA,NA,NA
1861-08-02 07:00:00,22.78,225,1,225,17.2,NA,1014.22,NA,NA,NA,69,NA,21.11,NA,17.78,21.11,1
1861-08-02 14:00:00,25,180,1,180,24.21,NA,1012.53,NA,NA,NA,68,NA,27.72,NA,23.33,27.22,1
1861-08-02 21:00:00,25,NA,1,157.5,25.03,"157.5",1010.84,NA,NA,NA,79,NA,25.33,NA,22.78,25,1
1861-08-03,NA,NA,NA,NA,NA,NA,NA,0.25,"4:30pm","4:50pm",NA,0,NA,24.46,NA,NA,NA
1861-08-03 07:00:00,24.44,NA,0,292.5,23.57,NA,1012.87,NA,NA,NA,89,NA,23.22,NA,21.11,22.22,1
1861-08-03 14:00:00,25,NA,0,292.5,17.37,NA,1016.73,NA,NA,NA,50,NA,27.44,NA,20,26.67,2
1861-08-03 21:00:00,23.89,NA,0,45,17.81,NA,1015.92,NA,NA,NA,69,NA,22.72,NA,18.33,21.67,1
1861-08-04,NA,NA,NA,NA,NA,NA,NA,0,"5:50pm","6:15pm",NA,0,NA,24.56,NA,NA,NA
1861-08-04 07:00:00,22.78,180,1,180,17.91,NA,1017.61,NA,NA,NA,83,NA,20,NA,17.22,18.89,1
1861-08-04 14:00:00,27.22,180,2,180,24.21,NA,1010.9,NA,NA,NA,68,NA,27.72,NA,23.33,27.22,2
1861-08-04 21:00:00,25.56,NA,2,225,28.07,"225",1005.83,NA,NA,NA,89,NA,25.94,NA,23.89,25,2
1861-08-05,NA,NA,NA,NA,NA,NA,NA,2.03,"empty","empty",NA,0,NA,24.11,NA,NA,NA
1861-08-05 07:00:00,25,315,2,315,19.51,NA,1009.14,NA,NA,NA,78,NA,22.33,NA,18.89,21.11,2
1861-08-05 14:00:00,26.67,270,1,270,24.21,NA,1008.81,NA,NA,NA,68,NA,27.78,NA,23.33,27.22,1
1861-08-05 21:00:00,22.78,NA,3,292.5,21.44,"292.5",1010.36,NA,NA,NA,83,NA,22.22,NA,20,21.67,5
1861-08-06,NA,NA,NA,NA,NA,NA,NA,3.81,"empty","empty",NA,0,NA,19.2,NA,NA,NA
1861-08-06 07:00:00,23.89,0,1,0,13.11,NA,1013.61,NA,NA,NA,67,NA,17.94,NA,13.89,17.22,1
1861-08-06 14:00:00,22.78,292.5,2,292.5,13.61,NA,1014.22,NA,NA,NA,56,NA,21.33,NA,15.56,20.56,2
1861-08-06 21:00:00,21.67,NA,1,292.5,13.65,"292.5",1016.32,NA,NA,NA,67,NA,18.33,NA,14.44,17.78,1
1861-08-07,NA,NA,NA,NA,NA,NA,NA,0,"empty","empty",NA,0,NA,19.78,NA,NA,NA
1861-08-07 07:00:00,21.67,337.5,1,337.5,13.51,NA,1020.52,NA,NA,NA,72,NA,17.06,NA,13.89,16.67,1
1861-08-07 14:00:00,22.78,225,2,225,15.71,NA,1019.3,NA,NA,NA,61,NA,22.72,NA,17.22,21.67,2
1861-08-07 21:00:00,20.56,NA,0,202.5,15.14,NA,1019.3,NA,NA,NA,73,NA,19.56,NA,15.56,18.33,1
1861-08-08,NA,NA,NA,NA,NA,NA,NA,0,"empty","empty",NA,0,NA,19.39,NA,NA,NA
1861-08-08 07:00:00,20.56,NA,0,202.5,13.71,NA,1020.39,NA,NA,NA,87,NA,14.67,NA,12.78,13.89,1
1861-08-08 14:00:00,21.67,22.5,3,22.5,17,NA,1019.3,NA,NA,NA,62,NA,23.5,NA,18.33,22.78,1
1861-08-08 21:00:00,20.56,NA,0,NA,13.44,NA,1017.95,NA,NA,NA,60,NA,20.5,NA,15,19.44,0
1861-08-09,NA,NA,NA,NA,NA,NA,NA,0,"empty","empty",NA,0,NA,20.26,NA,NA,NA
1861-08-09 07:00:00,21.11,NA,0,90,12.5,NA,1017.61,NA,NA,NA,70,NA,15.83,NA,12.78,15.56,5
1861-08-09 14:00:00,21.67,NA,0,90,15.98,NA,1014.22,NA,NA,NA,58,NA,23.67,NA,17.78,22.78,1
1861-08-09 21:00:00,22.22,NA,1,22.5,17.51,"270",1010.84,NA,NA,NA,73,NA,21.28,NA,17.78,20.56,1
1861-08-10,NA,NA,NA,NA,NA,NA,NA,0,"2:40pm | 4:30pm","3:30pm | 4:45pm",NA,0,NA,21.68,NA,NA,NA
1861-08-10 07:00:00,21.67,247.5,3,247.5,19.27,NA,1007.32,NA,NA,NA,83,NA,20.56,NA,18.33,20,5
1861-08-10 14:00:00,24.44,225,4,225,21.44,NA,1003.79,NA,NA,NA,71,NA,25.28,NA,21.11,24.44,11
1861-08-10 21:00:00,20.56,NA,2,315,14.16,"315",1008.53,NA,NA,NA,68,NA,19.22,NA,15,18.33,2
1861-08-11,NA,NA,NA,NA,NA,NA,NA,14.48,"empty","empty",NA,0,NA,19.09,NA,NA,NA
1861-08-11 07:00:00,20.56,270,1,270,13.78,NA,1012.53,NA,NA,NA,82,NA,16.56,NA,13.33,15,1
1861-08-11 14:00:00,21.11,292.5,2,292.5,15.48,NA,1015.78,NA,NA,NA,64,NA,21.39,NA,16.67,20.56,2
1861-08-11 21:00:00,21.67,NA,1,292.5,15.71,"292.5",1016.73,NA,NA,NA,73,NA,19.33,NA,16.11,18.89,1
1861-08-12,NA,NA,NA,NA,NA,NA,NA,0,"empty","empty",NA,0,NA,17.29,NA,NA,NA
1861-08-12 07:00:00,20,0,3,0,12.36,NA,1019.64,NA,NA,NA,81,NA,14.39,NA,11.67,13.33,5
1861-08-12 14:00:00,19.44,45,1,45,13.75,NA,1019.24,NA,NA,NA,64,NA,19.61,NA,15,18.89,1
1861-08-12 21:00:00,18.33,NA,4,67.5,14.02,"67.5",1016.05,NA,NA,NA,72,NA,17.89,NA,14.44,17.22,11
1861-08-13,NA,NA,NA,NA,NA,NA,NA,0,"empty","empty",NA,0,NA,17.78,NA,NA,NA
1861-08-13 07:00:00,18.33,0,3,0,12.36,NA,1019.91,NA,NA,NA,81,NA,13.78,NA,11.67,13.33,5
1861-08-13 14:00:00,20,45,4,45,14.53,NA,1021.4,NA,NA,NA,60,NA,21.39,NA,16.11,20.56,11
1861-08-13 21:00:00,20,NA,3,45,14.02,"45",1022.69,NA,NA,NA,72,NA,18.17,NA,14.44,17.22,5
1861-08-14,NA,NA,NA,NA,NA,NA,NA,0,"empty","empty",NA,0,NA,16.91,NA,NA,NA
1861-08-14 07:00:00,18.89,0,3,0,11.01,NA,1024.38,NA,NA,NA,75,NA,13.22,NA,10.56,12.78,5
1861-08-14 14:00:00,20,22.5,2,22.5,13.99,NA,1023.84,NA,NA,NA,60,NA,20.72,NA,15.56,20,2
1861-08-14 21:00:00,18.89,NA,1,22.5,13.38,"22.5",1024.18,NA,NA,NA,76,NA,16.78,NA,13.33,15.56,1
1861-08-15,NA,NA,NA,NA,NA,NA,NA,0,"empty","empty",NA,0,NA,20.63,NA,NA,NA
1861-08-15 07:00:00,19.44,NA,0,270,13.51,NA,1025.26,NA,NA,NA,72,NA,17.5,NA,13.89,16.67,1
1861-08-15 14:00:00,22.78,225,3,225,21.16,NA,1025.67,NA,NA,NA,74,NA,24.44,NA,20.56,23.33,5
1861-08-15 21:00:00,21.11,NA,0,225,14.7,NA,1024.25,NA,NA,NA,68,NA,19.94,NA,15.56,18.89,1
1861-08-16,NA,NA,NA,NA,NA,NA,NA,0,"empty","empty",NA,0,NA,21.24,NA,NA,NA
1861-08-16 07:00:00,20.56,225,1,225,14.46,NA,1025.47,NA,NA,NA,77,NA,17.39,NA,14.44,16.67,1
1861-08-16 14:00:00,23.89,225,2,225,17.88,NA,1023.03,NA,NA,NA,59,NA,25.28,NA,19.44,24.44,2
1861-08-16 21:00:00,22.22,NA,1,180,18.52,"180",1022.28,NA,NA,NA,73,NA,21.06,NA,17.78,20.56,1
1861-08-17,NA,NA,NA,NA,NA,NA,NA,0.23,"2am | 8pm","2:15am | 8:30pm",NA,0,NA,22.28,NA,NA,NA
1861-08-17 07:00:00,21.67,202.5,3,202.5,16.66,NA,1020.93,NA,NA,NA,82,NA,18.44,NA,16.11,17.78,1
1861-08-17 14:00:00,23.89,247.5,4,247.5,20.18,NA,1019.91,NA,NA,NA,67,NA,26,NA,20.56,24.44,11
1861-08-17 21:00:00,22.78,NA,2,270,18.96,"270",1019.84,NA,NA,NA,73,NA,22.67,NA,18.89,21.67,2
1861-08-18,NA,NA,NA,NA,NA,NA,NA,0.23,"empty","empty",NA,0,NA,21.52,NA,NA,NA
1861-08-18 07:00:00,21.67,0,3,0,NA,NA,1022.28,NA,NA,NA,83,NA,19.17,NA,16.67,18.33,5
1861-08-18 14:00:00,22.78,247.5,1,247.5,19.91,NA,1021.27,NA,NA,NA,70,NA,24.72,NA,20,23.33,1
1861-08-18 21:00:00,22.22,NA,2,292.5,18.52,"292.5",1021.88,NA,NA,NA,73,NA,20.67,NA,17.78,20.56,2
1861-08-19,NA,NA,NA,NA,NA,NA,NA,0,"empty","empty",NA,0,NA,17.64,NA,NA,NA
1861-08-19 07:00:00,20.56,NA,0,0,NA,NA,1025.74,NA,NA,NA,81,NA,14.78,NA,18.89,14.44,2
1861-08-19 14:00:00,19.44,45,3,45,17.44,NA,1024.59,NA,NA,NA,78,NA,19.89,NA,17.22,19.44,5
1861-08-19 21:00:00,20.56,NA,1,NA,16.66,"45",1021.88,NA,NA,NA,82,NA,18.44,NA,17.22,17.78,0
1861-08-20,NA,NA,NA,NA,NA,NA,NA,0,NA,"empty",NA,0,NA,17.59,NA,NA,NA
1861-08-20 07:00:00,19.44,NA,0,0,12.19,NA,1027.77,NA,NA,NA,86,NA,12.17,NA,11.11,12.22,1
1861-08-20 14:00:00,20.56,112.5,1,112.5,18.32,NA,1027.43,NA,NA,NA,73,NA,22.11,NA,18.33,21.11,1
1861-08-20 21:00:00,21.11,NA,1,45,16.66,"45",1026.08,NA,NA,NA,82,NA,18.5,NA,16.11,17.78,1
1861-08-21,NA,NA,NA,NA,NA,NA,NA,0,"11am | 1:30pm | 9pm","11:25am | 1:45pm | 11am",NA,0,NA,19.57,NA,NA,NA
1861-08-21 07:00:00,20,202.5,1,202.5,15.44,NA,1025.6,NA,NA,NA,82,NA,17.22,NA,15,16.67,1
1861-08-21 14:00:00,21.67,180,1,180,19.27,NA,1021,NA,NA,NA,83,NA,21,NA,18.33,20,1
1861-08-21 21:00:00,22.22,NA,1,202.5,19.81,"202.5",1027.77,NA,NA,NA,88,NA,20.5,NA,18.33,19.44,1
1861-08-22,NA,NA,NA,NA,NA,NA,NA,23.37,"3:45pm","4pm",NA,0,NA,18.28,NA,NA,NA
1861-08-22 07:00:00,21.11,225,1,225,17.03,NA,1011.18,NA,NA,NA,94,NA,17.11,NA,15.56,16.11,1
1861-08-22 14:00:00,20.56,247.5,4,247.5,18.59,NA,1009.01,NA,NA,NA,83,NA,20.22,NA,17.78,19.44,11
1861-08-22 21:00:00,20,NA,0,292.5,15.44,NA,1016.39,NA,NA,NA,82,NA,17.5,NA,20.56,16.67,1
1861-08-23,NA,NA,NA,NA,NA,NA,NA,13.21,"3:50pm","4:12 pm",NA,0,NA,18.39,NA,NA,NA
1861-08-23 07:00:00,20.56,NA,0,292.5,12.77,NA,1017.14,NA,NA,NA,81,NA,14.83,NA,12.22,13.89,1
1861-08-23 14:00:00,21.11,225,3,225,16.46,NA,1017.41,NA,NA,NA,68,NA,21.33,NA,17.22,20.56,5
1861-08-23 21:00:00,20.56,NA,3,247.5,17.27,"247.5",1012.53,NA,NA,NA,83,NA,19,NA,16.67,18.33,5
1861-08-24,NA,NA,NA,NA,NA,NA,NA,0,"11pm","2am",NA,0,NA,19.94,NA,NA,NA
1861-08-24 07:00:00,21.11,NA,0,270,15.34,NA,1018.96,NA,NA,NA,88,NA,16.06,NA,14.44,15.56,1
1861-08-24 14:00:00,21.67,225,3,225,20.18,NA,1020.52,NA,NA,NA,67,NA,24.61,NA,20.56,24.44,5
1861-08-24 21:00:00,21.11,NA,2,22.5,16.8,"22.5",1017.61,NA,NA,NA,78,NA,19.17,NA,16.67,18.89,2
1861-08-25,NA,NA,NA,NA,NA,NA,NA,8.89,"empty","empty",NA,0,NA,20.91,NA,NA,NA
1861-08-25 07:00:00,20.56,247.5,1,247.5,15.92,NA,1023.37,NA,NA,NA,88,NA,16.94,NA,15,16.11,1
1861-08-25 14:00:00,22.78,247.5,1,247.5,20.72,NA,1023.37,NA,NA,NA,70,NA,24.44,NA,20.56,23.89,1
1861-08-25 21:00:00,23.89,NA,1,247.5,19.27,"247.5",1021.47,NA,NA,NA,83,NA,21.33,NA,18.89,20,1
1861-08-26,NA,NA,NA,NA,NA,NA,NA,0,"2:15pm | 3:15pm","2:25pm | 4:50pm",NA,0,NA,20.96,NA,NA,NA
1861-08-26 07:00:00,22.22,225,1,225,15.92,NA,1024.25,NA,NA,NA,88,NA,17.33,NA,15,16.11,1
1861-08-26 14:00:00,25,225,1,225,25.94,NA,1022.69,NA,NA,NA,94,NA,24.56,NA,22.22,22.78,1
1861-08-26 21:00:00,23.33,NA,1,247.5,20.52,"247.5",1023.03,NA,NA,NA,88,NA,21,NA,18.89,20,1
1861-08-27,NA,NA,NA,NA,NA,NA,NA,6.1,"1pm","1:35pm",NA,0,NA,21.35,NA,NA,NA
1861-08-27 07:00:00,22.22,202.5,1,202.5,19.1,NA,1021.4,NA,NA,NA,88,NA,19.72,NA,17.78,18.89,1
1861-08-27 14:00:00,23.33,225,1,225,22.76,NA,1019.64,NA,NA,NA,88,NA,22.56,NA,20.56,21.67,1
1861-08-27 21:00:00,21.67,NA,1,225,22.05,"225",1021,NA,NA,NA,88,NA,21.78,NA,20,21.11,1
1861-08-28,NA,NA,NA,NA,NA,NA,NA,0.23,"4am","4:10am",NA,0,NA,22.37,NA,NA,NA
1861-08-28 07:00:00,21.67,225,1,225,19.64,NA,1018.76,NA,NA,NA,94,NA,19.33,NA,17.78,18.33,1
1861-08-28 14:00:00,25.56,225,2,225,26.52,NA,1018.29,NA,NA,NA,84,NA,25.78,NA,23.33,25,2
1861-08-28 21:00:00,24.44,NA,1,225,19.88,"225",1018.08,NA,NA,NA,83,NA,22,NA,18.89,20.56,1
1861-08-29,NA,NA,NA,NA,NA,NA,NA,4.32,"1:30am | 8am","2am | 10am",NA,0,NA,22.28,NA,NA,NA
1861-08-29 07:00:00,22.22,270,1,270,20.35,NA,1015.92,NA,NA,NA,94,NA,19.67,NA,18.33,18.89,1
1861-08-29 14:00:00,25.56,247.5,2,247.5,29.02,NA,1014.02,NA,NA,NA,89,NA,26.33,NA,24.44,25.56,2
1861-08-29 21:00:00,23.33,NA,0,270,20.52,NA,1017.27,NA,NA,NA,88,NA,20.83,NA,18.89,20,2
1861-08-30,NA,NA,NA,NA,NA,NA,NA,0,"2:15pm | 7pm | 8:30pm","2:45pm | 7:30pm | 8:30pm",NA,0,NA,18.98,NA,NA,NA
1861-08-30 07:00:00,21.67,180,2,180,14.87,NA,1014.29,NA,NA,NA,82,NA,16.94,NA,20,16.11,2
1861-08-30 14:00:00,23.89,292.5,2,292.5,22.76,NA,1014.36,NA,NA,NA,80,NA,22.5,NA,20.56,21.67,2
1861-08-30 21:00:00,21.11,NA,1,292.5,17.61,"292.5",1014.22,NA,NA,NA,94,NA,17.5,NA,16.11,16.67,1
1861-08-31,NA,NA,NA,NA,NA,NA,NA,0.76,"empty","empty",NA,0,NA,16.02,NA,NA,NA
1861-08-31 07:00:00,20,292.5,3,292.5,12.67,NA,1017.61,NA,NA,NA,93,NA,12.22,NA,11.11,11.67,5
1861-08-31 14:00:00,20,270,2,270,17.78,NA,1018.63,NA,NA,NA,88,NA,19.06,NA,16.67,17.78,2
1861-08-31 21:00:00,20.56,NA,0,270,14.76,NA,1022.69,NA,NA,NA,88,NA,16.78,NA,13.89,15,1
1861-09-01,NA,NA,NA,NA,NA,NA,NA,0,"empty","empty",NA,0,NA,16.09,NA,NA,NA
1861-09-01 07:00:00,18.33,NA,0,292.5,13.24,NA,1024.38,NA,NA,NA,87,NA,13.56,NA,12.22,13.33,1
1861-09-01 14:00:00,19.44,45,2,45,19.57,NA,1024.25,NA,NA,NA,97,NA,18.89,NA,17.22,18.06,2
1861-09-01 21:00:00,18.89,NA,0,45,14.76,NA,1023.37,NA,NA,NA,88,NA,15.83,NA,13.89,15,1
1861-09-02,NA,NA,NA,NA,NA,NA,NA,0.23,"9:20pm | 9:30pm","9:25pm | 4am",NA,0,NA,18.2,NA,NA,NA
1861-09-02 07:00:00,18.33,135,1,135,14.19,NA,1022.35,NA,NA,NA,93,NA,13.67,NA,12.78,13.33,1
1861-09-02 14:00:00,20,135,3,135,21.16,NA,1018.63,NA,NA,NA,88,NA,21.06,NA,19.44,20.56,5
1861-09-02 21:00:00,20,NA,1,135,19.81,"135",1016.26,NA,NA,NA,88,NA,19.89,NA,18.33,19.44,1
1861-09-03,NA,NA,NA,NA,NA,NA,NA,7.62,"5:50pm","7:10pm",NA,0,NA,20.78,NA,NA,NA
1861-09-03 07:00:00,21.11,202.5,2,202.5,20.35,NA,1010.63,NA,NA,NA,94,NA,18.89,NA,17.78,18.33,2
1861-09-03 14:00:00,23.89,270,2,270,22.76,NA,1011.99,NA,NA,NA,88,NA,22,NA,20.56,21.67,11
1861-09-03 21:00:00,21.11,NA,2,247.5,22.05,"247.5",1012.53,NA,NA,NA,88,NA,21.44,NA,20,21.11,2
1861-09-04,NA,NA,NA,NA,NA,NA,NA,2.03,"empty","empty",NA,0,NA,17.39,NA,NA,NA
1861-09-04 07:00:00,20,270,3,270,17.03,NA,1018.22,NA,NA,NA,94,NA,16.94,NA,15.56,16.11,5
1861-09-04 14:00:00,21.11,270,3,270,19.1,NA,1022.55,NA,NA,NA,88,NA,19.94,NA,17.78,18.89,5
1861-09-04 21:00:00,19.44,NA,0,292.5,15.54,NA,1022.35,NA,NA,NA,93,NA,15.28,NA,13.89,14.44,1
1861-09-05,NA,NA,NA,NA,NA,NA,NA,0,"empty","empty",NA,0,NA,16.11,NA,NA,NA
1861-09-05 07:00:00,18.33,337.5,1,337.5,13.14,NA,1022.49,NA,NA,NA,93,NA,12.56,NA,11.67,12.22,1
1861-09-05 14:00:00,20,247.5,3,247.5,19.1,NA,1018.96,NA,NA,NA,88,NA,19.72,NA,17.78,18.89,5
1861-09-05 21:00:00,18.33,NA,1,247.5,15.34,"247.5",1016.26,NA,NA,NA,88,NA,16.06,NA,14.44,15.56,1
1861-09-06,NA,NA,NA,NA,NA,NA,NA,0,"4:50pm | 6:30pm","5:50pm | 8pm",NA,0,NA,18.69,NA,NA,NA
1861-09-06 07:00:00,19.44,202.5,1,202.5,15.81,NA,1011.51,NA,NA,NA,94,NA,15.83,NA,14.44,15,1
1861-09-06 14:00:00,22.22,157.5,4,157.5,22.76,NA,1007.11,NA,NA,NA,88,NA,22,NA,20.56,21.67,11
1861-09-06 21:00:00,22.22,NA,1,202.5,18.9,"202.5",1008.2,NA,NA,NA,97,NA,18.22,NA,16.94,17.22,1
1861-09-07,NA,NA,NA,NA,NA,NA,NA,7.37,"empty","empty",NA,0,NA,15.17,NA,NA,NA
1861-09-07 07:00:00,20.56,292.5,3,292.5,12.19,NA,1015.58,NA,NA,NA,86,NA,13.06,NA,11.11,12.22,5
1861-09-07 14:00:00,20,270,2,270,13.65,NA,1019.64,NA,NA,NA,67,NA,18.33,NA,14.44,17.78,2
1861-09-07 21:00:00,17.78,NA,0,292.5,13.24,NA,1023.71,NA,NA,NA,87,NA,14.11,NA,12.22,13.33,1
1861-09-08,NA,NA,NA,NA,NA,NA,NA,0,"empty","empty",NA,0,NA,13.78,NA,NA,NA
1861-09-08 07:00:00,17.78,315,2,315,9.69,NA,1028.45,NA,NA,NA,80,NA,10.94,NA,8.33,10,2
1861-09-08 14:00:00,18.33,292.5,3,292.5,12.12,NA,1029.33,NA,NA,NA,67,NA,17.06,NA,12.78,16.11,5
1861-09-08 21:00:00,18.33,NA,0,292.5,11.01,NA,1029.46,NA,NA,NA,75,NA,13.33,NA,10.56,12.78,2
1861-09-09,NA,NA,NA,NA,NA,NA,NA,0,"empty","empty",NA,0,NA,14.13,NA,NA,NA
1861-09-09 07:00:00,17.78,315,1,315,10.13,NA,1029.46,NA,NA,NA,80,NA,11.39,NA,8.89,10.56,1
1861-09-09 14:00:00,18.89,225,1,225,13.88,NA,1027.5,NA,NA,NA,77,NA,16.83,NA,13.89,16.11,1
1861-09-09 21:00:00,17.78,NA,0,NA,12.77,NA,1027.77,NA,NA,NA,81,NA,14.17,NA,12.22,13.89,0
1861-09-10,NA,NA,NA,NA,NA,NA,NA,0,"empty","empty",NA,0,NA,16.14,NA,NA,NA
1861-09-10 07:00:00,18.33,225,2,225,12.19,NA,1027.77,NA,NA,NA,86,NA,12.78,NA,11.11,12.22,2
1861-09-10 14:00:00,20,202.5,2,202.5,18.59,NA,1025.4,NA,NA,NA,83,NA,20.39,NA,17.78,19.44,2
1861-09-10 21:00:00,18.33,NA,0,202.5,14.26,NA,1024.38,NA,NA,NA,87,NA,15.28,NA,13.33,14.44,1
1861-09-11,NA,NA,NA,NA,NA,NA,NA,0.51,"9am | 11am","10am | 7am",NA,0,NA,13.63,NA,NA,NA
1861-09-11 07:00:00,18.33,135,1,135,11.82,NA,1018.9,NA,NA,NA,81,NA,13.61,NA,11.11,12.78,1
1861-09-11 14:00:00,18.33,135,4,90,14.7,NA,1012.12,NA,NA,NA,93,NA,14.06,NA,13.33,13.89,2
1861-09-11 21:00:00,18.33,NA,4,22.5,14.16,"22.5",1009.28,NA,NA,NA,100,NA,13.22,NA,12.22,12.22,11
1861-09-12,NA,NA,NA,NA,NA,NA,NA,11.18,"empty","empty",NA,0,NA,16.44,NA,NA,NA
1861-09-12 07:00:00,17.78,315,1,315,13.14,NA,1010.77,NA,NA,NA,93,NA,13.22,NA,11.67,12.22,1
1861-09-12 14:00:00,19.44,247.5,3,247.5,18.42,NA,1011.11,NA,NA,NA,88,NA,18.89,NA,17.22,18.33,5
1861-09-12 21:00:00,19.44,NA,0,247.5,16.49,NA,1014.22,NA,NA,NA,88,NA,17.22,NA,15.56,16.67,1
1861-09-13,NA,NA,NA,NA,NA,NA,NA,0,"empty","empty",NA,0,NA,18.18,NA,NA,NA
1861-09-13 07:00:00,18.33,225,2,225,11.82,NA,1015.92,NA,NA,NA,81,NA,13.56,NA,11.11,12.78,2
1861-09-13 14:00:00,21.11,NA,0,225,22.76,NA,1017.61,NA,NA,NA,88,NA,21.94,NA,20.56,21.67,1
1861-09-13 21:00:00,21.67,NA,0,225,18.42,NA,1019.3,NA,NA,NA,88,NA,19.06,NA,17.22,18.33,1
1861-09-14,NA,NA,NA,NA,NA,NA,NA,0,"7:15pm","11:30pm",NA,0,NA,20.31,NA,NA,NA
1861-09-14 07:00:00,20,202.5,1,202.5,17.03,NA,1021.33,NA,NA,NA,94,NA,16.78,NA,15.56,16.11,1
1861-09-14 14:00:00,23.33,180,2,180,24.45,NA,1019.84,NA,NA,NA,89,NA,23.61,NA,21.67,22.78,2
1861-09-14 21:00:00,22.22,NA,1,202.5,20.52,"202.5",1017.54,NA,NA,NA,88,NA,20.56,NA,18.89,20,1
1861-09-15,NA,NA,NA,NA,NA,NA,NA,7.62,"empty","empty",NA,0,NA,19.22,NA,NA,NA
1861-09-15 07:00:00,22.22,270,2,270,19.81,NA,1012.94,NA,NA,NA,88,NA,20,NA,18.33,19.44,2
1861-09-15 14:00:00,22.78,292.5,4,292.5,25.03,NA,1015.92,NA,NA,NA,94,NA,22.94,NA,21.67,22.22,11
1861-09-15 21:00:00,18.89,NA,0,315,14.7,NA,1021.4,NA,NA,NA,93,NA,14.72,NA,13.33,13.89,1
1861-09-16,NA,NA,NA,NA,NA,NA,NA,0,"empty","empty",NA,0,NA,12.96,NA,NA,NA
1861-09-16 07:00:00,18.33,NA,0,315,9.65,NA,1025.4,NA,NA,NA,86,NA,9.72,NA,7.78,8.89,1
1861-09-16 14:00:00,18.33,67.5,1,67.5,14.76,NA,1023.03,NA,NA,NA,88,NA,15.72,NA,13.89,15,1
1861-09-16 21:00:00,18.33,NA,1,202.5,13.65,"202.5",1021,NA,NA,NA,93,NA,13.44,NA,12.22,12.78,1
1861-09-17,NA,NA,NA,NA,NA,NA,NA,0,"empty","empty",NA,0,NA,16.53,NA,NA,NA
1861-09-17 07:00:00,17.22,202.5,2,202.5,14.26,NA,1019.3,NA,NA,NA,87,NA,15.17,NA,13.33,14.44,2
1861-09-17 14:00:00,20,247.5,2,247.5,17.78,NA,1015.92,NA,NA,NA,88,NA,18.33,NA,16.67,17.78,2
1861-09-17 21:00:00,18.89,NA,1,270,15.34,"270",1015.98,NA,NA,NA,88,NA,16.11,NA,14.44,15.56,1
1861-09-18,NA,NA,NA,NA,NA,NA,NA,0,"empty","empty",NA,0,NA,17.56,NA,NA,NA
1861-09-18 07:00:00,16.67,270,2,0,12.22,NA,1016.59,NA,NA,NA,93,NA,11.83,NA,10.56,11.11,2
1861-09-18 14:00:00,21.67,225,1,225,22.05,NA,1014.22,NA,NA,NA,88,NA,22.06,NA,20,21.11,1
1861-09-18 21:00:00,20.56,NA,1,NA,18.42,"180",1014.49,NA,NA,NA,88,NA,18.78,NA,17.22,18.33,0
1861-09-19,NA,NA,NA,NA,NA,NA,NA,0,"5:50pm | 8pm","6:00pm | 8:10pm",NA,0,NA,21.39,NA,NA,NA
1861-09-19 07:00:00,21.11,225,3,225,17.61,NA,1010.84,NA,NA,NA,94,NA,17.22,NA,16.11,16.67,5
1861-09-19 14:00:00,22.22,202.5,3,202.5,27.12,NA,1008.13,NA,NA,NA,89,NA,24.78,NA,23.33,24.44,5
1861-09-19 21:00:00,23.33,NA,1,202.5,24.18,"202.5",1009.14,NA,NA,NA,94,NA,22.17,NA,21.11,21.67,1
1861-09-20,NA,NA,NA,NA,NA,NA,NA,0.23,"3:45pm | 9:30pm","4:30pm | 8am",NA,0,NA,15.09,NA,NA,NA
1861-09-20 07:00:00,21.11,0,2,0,15.81,NA,1017.41,NA,NA,NA,94,NA,15.67,NA,14.44,15,2
1861-09-20 14:00:00,18.33,22.5,3,22.5,15.81,NA,1017.95,NA,NA,NA,94,NA,15.89,NA,14.44,15,5
1861-09-20 21:00:00,18.89,NA,3,45,14.19,"45",1017,NA,NA,NA,93,NA,13.72,NA,12.78,13.33,5
1861-09-21,NA,NA,NA,NA,NA,NA,NA,46.48,"11am | 11pm","11:30am | 11:30pm",NA,0,NA,8.72,NA,NA,NA
1861-09-21 07:00:00,15,22.5,5,22.5,11.01,NA,1010.7,NA,NA,NA,100,NA,8.78,NA,8.33,8.33,16
1861-09-21 14:00:00,13.33,22.5,5,22.5,10.46,NA,1010.7,NA,NA,NA,93,NA,9.44,NA,8.33,8.89,16
1861-09-21 21:00:00,20,NA,6,22.5,9.72,"22.5",1012.87,NA,NA,NA,93,NA,7.94,NA,7.22,7.78,20
1861-09-22,NA,NA,NA,NA,NA,NA,NA,1.78,"11am","11:30am",NA,0,NA,8.83,NA,NA,NA
1861-09-22 07:00:00,13.33,22.5,2,22.5,10.13,NA,1014.22,NA,NA,NA,100,NA,7.56,NA,7.22,7.22,2
1861-09-22 14:00:00,17.22,22.5,1,22.5,11.78,NA,1014.02,NA,NA,NA,93,NA,11.11,NA,10,10.56,1
1861-09-22 21:00:00,17.22,NA,2,22.5,11.78,"22.5",1013.28,NA,NA,NA,93,NA,10.83,NA,10,10.56,2
1861-09-23,NA,NA,NA,NA,NA,NA,NA,1.27,"6am","7:30am",NA,0,NA,12.57,NA,NA,NA
1861-09-23 07:00:00,15,247.5,1,180,11.78,NA,1010.63,NA,NA,NA,100,NA,10.11,NA,9.44,9.44,1
1861-09-23 14:00:00,15.56,247.5,1,247.5,14.19,NA,1010.9,NA,NA,NA,93,NA,14,NA,12.78,13.33,1
1861-09-23 21:00:00,15.56,NA,1,247.5,11.65,"247.5",1011.92,NA,NA,NA,81,NA,13.61,NA,11.11,12.78,1
1861-09-24,NA,NA,NA,NA,NA,NA,NA,0,"empty","empty",NA,0,NA,13.64,NA,NA,NA
1861-09-24 07:00:00,15.56,NA,0,270,11.78,NA,1015.92,NA,NA,NA,93,NA,11.39,NA,10,10.56,1
1861-09-24 14:00:00,17.22,NA,0,270,14.87,NA,1019.3,NA,NA,NA,82,NA,16.56,NA,14.44,16.11,1
1861-09-24 21:00:00,16.67,NA,0,270,13.65,NA,1021.4,NA,NA,NA,93,NA,13,NA,12.22,12.78,1
1861-09-25,NA,NA,NA,NA,NA,NA,NA,0,"empty","empty",NA,0,NA,14.28,NA,NA,NA
1861-09-25 07:00:00,15.56,292.5,1,292.5,8.97,NA,1022.01,NA,NA,NA,86,NA,8.33,NA,6.67,7.78,1
1861-09-25 14:00:00,18.89,NA,0,180,19.1,NA,1021.47,NA,NA,NA,88,NA,19.17,NA,17.78,18.89,5
1861-09-25 21:00:00,17.78,NA,0,180,14.76,NA,1018.35,NA,NA,NA,88,NA,15.33,NA,13.89,15,1
1861-09-26,NA,NA,NA,NA,NA,NA,NA,0,"empty","empty",NA,0,NA,18.14,NA,NA,NA
1861-09-26 07:00:00,17.22,180,1,180,11.34,NA,1015.92,NA,NA,NA,86,NA,12.17,NA,10,11.11,1
1861-09-26 14:00:00,19.44,180,3,180,22.52,NA,1012.19,NA,NA,NA,94,NA,21.22,NA,20,20.56,5
1861-09-26 21:00:00,23.33,NA,1,180,22.52,"180",1012.46,NA,NA,NA,94,NA,21.06,NA,20,20.56,1
1861-09-27,NA,NA,NA,NA,NA,NA,NA,2.54,"7am | 10pm","10am | 10pm",NA,0,NA,16.46,NA,NA,NA
1861-09-27 07:00:00,20,202.5,2,202.5,17.14,NA,1009.14,NA,NA,NA,88,NA,17.5,NA,16.11,17.22,2
1861-09-27 14:00:00,19.44,180,2,180,16.97,NA,1007.45,NA,NA,NA,97,NA,16.33,NA,15.28,15.56,2
1861-09-27 21:00:00,18.33,NA,1,180,16.93,"180",998.78,NA,NA,NA,100,NA,15.56,NA,15,15,1
1861-09-28,NA,NA,NA,NA,NA,NA,NA,17.78,"6pm","10:30pm",NA,0,NA,16,NA,NA,NA
1861-09-28 07:00:00,15.56,270,6,270,13.71,NA,1002.37,NA,NA,NA,87,NA,14.67,NA,12.78,13.89,20
1861-09-28 14:00:00,16.67,270,5,270,21.16,NA,1010.53,NA,NA,NA,88,NA,21.11,NA,19.44,20.56,16
1861-09-28 21:00:00,17.78,NA,2,225,12.67,"225",1011.65,NA,NA,NA,93,NA,12.22,NA,11.11,11.67,2
1861-09-29,NA,NA,NA,NA,NA,NA,NA,5.33,"empty","empty",NA,0,NA,8.79,NA,NA,NA
1861-09-29 07:00:00,16.67,292.5,3,292.5,8.64,NA,1022.62,NA,NA,NA,92,NA,6.94,NA,5.56,6.11,5
1861-09-29 14:00:00,16.67,270,3,270,10.94,NA,1027.02,NA,NA,NA,86,NA,11.44,NA,9.44,10.56,5
1861-09-29 21:00:00,16.67,NA,0,NA,8.57,NA,1030.75,NA,NA,NA,85,NA,8,NA,6.11,7.22,0
1861-09-30,NA,NA,NA,NA,NA,NA,NA,0.23,"2:30pm","[2:48]pm",NA,0,NA,8.07,NA,NA,NA
1861-09-30 07:00:00,14.44,292.5,1,292.5,7.89,NA,1033.12,NA,NA,NA,78,NA,7.39,NA,5.56,7.22,1
1861-09-30 14:00:00,14.44,180,2,180,8.64,NA,1032.85,NA,NA,NA,73,NA,10.28,NA,7.22,9.44,2
1861-09-30 21:00:00,14.44,NA,0,202.5,8.64,NA,1033.53,NA,NA,NA,92,NA,6.56,NA,5.56,6.11,1
1861-10-01,NA,NA,NA,NA,NA,NA,NA,0,"empty","empty",NA,0,NA,10.64,NA,NA,NA
1861-10-01 07:00:00,13.33,NA,NA,NA,8.97,NA,1034.14,NA,NA,NA,92,NA,7.22,NA,6.11,6.67,0
1861-10-01 14:00:00,15,202.5,1,202.5,13.24,NA,1031.16,NA,NA,NA,87,NA,14.17,NA,12.22,13.33,1
1861-10-01 21:00:00,14.44,NA,1,202.5,10.13,"202.5",1026.41,NA,NA,NA,80,NA,10.56,NA,8.89,10.56,1
1861-10-02,NA,NA,NA,NA,NA,NA,NA,0,"7:45pm","7:50pm",NA,0,NA,16,NA,NA,NA
1861-10-02 07:00:00,13.33,180,1,180,11.34,NA,1022.69,NA,NA,NA,86,NA,11.94,NA,10,11.11,1
1861-10-02 14:00:00,19.44,180,3,180,15.14,NA,1013.61,NA,NA,NA,73,NA,19.06,NA,15.56,18.33,5
1861-10-02 21:00:00,19.44,NA,2,180,14.87,"180",1012.12,NA,NA,NA,82,NA,17,NA,14.44,16.11,2
1861-10-03,NA,NA,NA,NA,NA,NA,NA,0.23,"empty","empty",NA,0,NA,17.44,NA,NA,NA
1861-10-03 07:00:00,18.33,225,4,225,15.92,NA,1009.48,NA,NA,NA,88,NA,16.56,NA,15,16.11,11
1861-10-03 14:00:00,20,225,4,225,16.66,NA,1014.43,NA,NA,NA,82,NA,18.33,NA,16.11,17.78,11
1861-10-03 21:00:00,19.44,NA,4,202.5,16.49,"202.5",1019.3,NA,NA,NA,88,NA,17.44,NA,15.56,16.67,11
1861-10-04,NA,NA,NA,NA,NA,NA,NA,0,"11am","1pm",NA,0,NA,9.33,NA,NA,NA
1861-10-04 07:00:00,16.11,22.5,3,22.5,7.25,NA,1024.04,NA,NA,NA,67,NA,8.67,NA,5.56,8.33,5
1861-10-04 14:00:00,16.11,135,3,135,10.94,NA,1021.54,NA,NA,NA,86,NA,10.56,NA,9.44,10.56,5
1861-10-04 21:00:00,16.67,NA,2,135,8.57,"135",1021.33,NA,NA,NA,79,NA,8.78,NA,6.67,8.33,2
1861-10-05,NA,NA,NA,NA,NA,NA,NA,8.89,"1am","7pm",NA,0,NA,6.92,NA,NA,NA
1861-10-05 07:00:00,13.89,22.5,5,22.5,7.96,NA,1017.54,NA,NA,NA,92,NA,4.44,NA,4.44,5,16
1861-10-05 14:00:00,14.44,22.5,4,22.5,10.46,NA,1012.46,NA,NA,NA,93,NA,9,NA,8.33,8.89,11
1861-10-05 21:00:00,15,NA,3,22.5,10.13,"22.5",1010.84,NA,NA,NA,100,NA,7.33,NA,7.22,7.22,5
1861-10-06,NA,NA,NA,NA,NA,NA,NA,5.08,"6:30pm | 10:30pm","7:15pm | 5am",NA,0,NA,13.94,NA,NA,NA
1861-10-06 07:00:00,8.89,270,2,270,13.14,NA,1009.14,NA,NA,NA,93,NA,12.5,NA,11.67,12.22,2
1861-10-06 14:00:00,15.56,270,1,270,14.76,NA,1010.57,NA,NA,NA,89,NA,15.61,NA,13.89,15,1
1861-10-06 21:00:00,17.78,NA,1,270,13.21,NA,1009.14,NA,NA,NA,87,NA,13.72,NA,12.22,13.33,1
1861-10-07,NA,NA,NA,NA,NA,NA,NA,21.59,"empty","empty",NA,0,NA,12.02,NA,NA,NA
1861-10-07 07:00:00,16.11,270,3,270,11.78,NA,1017.07,NA,NA,NA,93,NA,11.33,NA,10,10.56,5
1861-10-07 14:00:00,16.11,270,3,270,11.01,NA,1021.74,NA,NA,NA,75,NA,13.61,NA,10.56,12.78,5
1861-10-07 21:00:00,15.56,NA,1,315,11.01,"315",1022.35,NA,NA,NA,86,NA,11.11,NA,10,11.11,1
1861-10-08,NA,NA,NA,NA,NA,NA,NA,9.65,"1am","1pm",NA,0,NA,10.22,NA,NA,NA
1861-10-08 07:00:00,15,0,2,0,10.46,NA,1025.23,NA,NA,NA,93,NA,9,NA,8.33,8.89,2
1861-10-08 14:00:00,15,0,2,0,10.9,NA,1024.65,NA,NA,NA,80,NA,11.67,NA,10,11.67,2
1861-10-08 21:00:00,15,NA,2,0,9.69,"0",1025.4,NA,NA,NA,80,NA,10,NA,8.33,10,2
1861-10-09,NA,NA,NA,NA,NA,NA,NA,2.54,"empty","empty",NA,0,NA,12,NA,NA,NA
1861-10-09 07:00:00,15,270,2,270,10.46,NA,1031.49,NA,NA,NA,86,NA,10,NA,8.89,10,2
1861-10-09 14:00:00,16.11,180,1,180,12.43,NA,1029.8,NA,NA,NA,76,NA,15,NA,12.22,14.44,1
1861-10-09 21:00:00,15.56,NA,0,180,11.78,NA,1029.46,NA,NA,NA,93,NA,11,NA,10,10.56,1
1861-10-10,NA,NA,NA,NA,NA,NA,NA,0,"empty","empty",NA,0,NA,11.79,NA,NA,NA
1861-10-10 07:00:00,15,180,1,180,10.46,NA,1029.46,NA,NA,NA,86,NA,10.56,NA,8.89,10,1
1861-10-10 14:00:00,15.56,22.5,1,22.5,14.32,NA,1026.75,NA,NA,NA,82,NA,16.06,NA,13.89,15.56,1
1861-10-10 21:00:00,15.56,NA,0,22.5,11.75,NA,1024.11,NA,NA,NA,86,NA,12.11,NA,10.56,11.67,1
1861-10-11,NA,NA,NA,NA,NA,NA,NA,0.23,"9:30am","6pm",NA,0,NA,10.24,NA,NA,NA
1861-10-11 07:00:00,15.56,180,1,180,9.65,NA,1018.22,NA,NA,NA,86,NA,9.06,NA,7.78,8.89,1
1861-10-11 14:00:00,15,22.5,1,22.5,12.22,NA,1012.8,NA,NA,NA,100,NA,10.33,NA,10,10,1
1861-10-11 21:00:00,16.11,NA,1,22.5,13.14,"22.5",1010.77,NA,NA,NA,100,NA,11.33,NA,14.44,11.11,1
1861-10-12,NA,NA,NA,NA,NA,NA,NA,24.89,"4am","11am",NA,0,NA,12.33,NA,NA,NA
1861-10-12 07:00:00,15.56,270,3,270,11.78,NA,1004.54,NA,NA,NA,93,NA,10.89,NA,10,10.56,5
1861-10-12 14:00:00,17.78,225,3,225,10.29,NA,1001.96,NA,NA,NA,65,NA,14.33,NA,10.56,13.89,2
1861-10-12 21:00:00,18.89,NA,1,225,10.9,"225",1001.96,NA,NA,NA,80,NA,11.78,NA,10,11.67,1
1861-10-13,NA,NA,NA,NA,NA,NA,NA,7.11,"1am | 10:20pm","6am | 10:40pm",NA,0,NA,10.5,NA,NA,NA
1861-10-13 07:00:00,15,292.5,4,292.5,10.9,NA,999.59,NA,NA,NA,93,NA,9.72,NA,8.89,9.44,11
1861-10-13 14:00:00,18.89,292.5,3,292.5,12.22,NA,1001.36,NA,NA,NA,93,NA,12.11,NA,10.56,11.11,5
1861-10-13 21:00:00,18.33,NA,4,270,9.65,"270",1005.49,NA,NA,NA,86,NA,9.67,NA,7.78,8.89,11
1861-10-14,NA,NA,NA,NA,NA,NA,NA,0.25,"empty","empty",NA,0,NA,10.35,NA,NA,NA
1861-10-14 07:00:00,15,270,3,270,7.62,NA,1011.18,NA,NA,NA,85,NA,5.83,NA,4.44,5.56,5
1861-10-14 14:00:00,18.33,292.5,4,292.5,9.99,NA,1010.23,NA,NA,NA,65,NA,13.67,NA,10,13.33,11
1861-10-14 21:00:00,18.33,NA,3,292.5,9.72,"292.5",1012.53,NA,NA,NA,74,NA,11.56,NA,8.89,11.11,5
1861-10-15,NA,NA,NA,NA,NA,NA,NA,0,"empty","empty",NA,0,NA,10,NA,NA,NA
1861-10-15 07:00:00,15,270,2,270,8.57,NA,1016.19,NA,NA,NA,85,NA,7.22,NA,6.11,7.22,2
1861-10-15 14:00:00,16.11,270,4,270,8.16,NA,1019.37,NA,NA,NA,56,NA,13.06,NA,8.33,12.78,11
1861-10-15 21:00:00,15,NA,3,270,8.23,"270",1023.1,NA,NA,NA,73,NA,9.72,NA,6.67,8.89,5
1861-10-16,NA,NA,NA,NA,NA,NA,NA,0,"empty","empty",NA,0,NA,10.59,NA,NA,NA
1861-10-16 07:00:00,12.78,22.5,2,22.5,8.64,NA,1023.77,NA,NA,NA,85,NA,6.94,NA,6.11,7.22,2
1861-10-16 14:00:00,14.44,112.5,1,112.5,9.58,NA,1020.45,NA,NA,NA,61,NA,14.33,NA,10,13.89,1
1861-10-16 21:00:00,15,NA,1,0,9.69,"0",1019.17,NA,NA,NA,80,NA,10.5,NA,8.33,10,1
1861-10-17,NA,NA,NA,NA,NA,NA,NA,0,"empty","empty",NA,0,NA,15.33,NA,NA,NA
1861-10-17 07:00:00,15.56,225,2,225,13.24,NA,1016.8,NA,NA,NA,87,NA,13.89,NA,12.22,13.33,2
1861-10-17 14:00:00,17.78,180,1,180,15.44,NA,1017.54,NA,NA,NA,82,NA,17.5,NA,15,16.67,1
1861-10-17 21:00:00,17.78,NA,1,225,13.71,"225",1017.2,NA,NA,NA,87,NA,14.61,NA,12.78,13.89,1
1861-10-18,NA,NA,NA,NA,NA,NA,NA,10.16,"1am | 8:20pm","12:30pm | 9:30pm",NA,0,NA,11.07,NA,NA,NA
1861-10-18 07:00:00,16.67,225,1,225,15.2,NA,1014.22,NA,NA,NA,96,NA,14.44,NA,13.61,13.89,1
1861-10-18 14:00:00,15.56,0,4,0,10.9,NA,1011.92,NA,NA,NA,93,NA,10.33,NA,8.89,9.44,11
1861-10-18 21:00:00,15.56,NA,4,0,9.31,"0",1014.29,NA,NA,NA,86,NA,8.44,NA,7.22,8.33,11
1861-10-19,NA,NA,NA,NA,NA,NA,NA,4.32,"6:30pm","11:30pm",NA,0,NA,9.76,NA,NA,NA
1861-10-19 07:00:00,12.22,22.5,3,22.5,8.26,NA,1013.48,NA,NA,NA,84,NA,6.67,NA,5.56,6.67,5
1861-10-19 14:00:00,12.78,45,2,45,11.34,NA,1002.51,NA,NA,NA,86,NA,11.5,NA,10,11.11,2
1861-10-19 21:00:00,16.11,NA,3,90,11.78,"90",1005.28,NA,NA,NA,93,NA,11.11,NA,10,10.56,5
1861-10-20,NA,NA,NA,NA,NA,NA,NA,3.05,"1pm | 3pm","1:15pm | 3:30pm",NA,0,NA,7.37,NA,NA,NA
1861-10-20 07:00:00,15,247.5,2,247.5,8.26,NA,1010.5,NA,NA,NA,83,NA,6.56,NA,5.56,6.67,2
1861-10-20 14:00:00,14.44,292.5,3,292.5,7.65,NA,1014.16,NA,NA,NA,63,NA,10,NA,6.67,10,5
1861-10-20 21:00:00,17.22,NA,0,292.5,5.55,NA,1024.38,NA,NA,NA,64,NA,5.56,NA,2.22,5,2
1861-10-21,NA,NA,NA,NA,NA,NA,NA,0.51,"empty","empty",NA,0,NA,3.91,NA,NA,NA
1861-10-21 07:00:00,11.67,NA,0,292.5,8.4,NA,1028.99,NA,NA,NA,72,NA,1.89,NA,0,1.67,1
1861-10-21 14:00:00,12.22,NA,0,292.5,5.89,NA,1028.92,NA,NA,NA,66,NA,5.28,NA,2.78,5.56,2
1861-10-21 21:00:00,12.78,NA,0,292.5,6.43,NA,1027.9,NA,NA,NA,72,NA,4.56,NA,3.33,5.56,1
1861-10-22,NA,NA,NA,NA,NA,NA,NA,0,"empty","empty",NA,0,NA,8.29,NA,NA,NA
1861-10-22 07:00:00,11.67,NA,0,157.5,4.98,NA,1022.69,NA,NA,NA,78,NA,1.44,NA,-0.56,0.56,11
1861-10-22 14:00:00,12.78,180,4,180,10.9,NA,1019.3,NA,NA,NA,86,NA,12.22,NA,10,11.67,11
1861-10-22 21:00:00,12.78,NA,4,180,9.72,"180",1014.22,NA,NA,NA,74,NA,11.22,NA,8.89,11.11,11
1861-10-23,NA,NA,NA,NA,NA,NA,NA,3.3,"12pm | 5am | 11am | 9pm","1am | 8am | 1pm | 10pm",NA,0,NA,10.07,NA,NA,NA
1861-10-23 07:00:00,13.89,180,2,180,12.22,NA,1004.06,NA,NA,NA,93,NA,11.22,NA,10.56,11.11,2
1861-10-23 14:00:00,15.56,247.5,5,247.5,10.9,NA,1004.13,NA,NA,NA,86,NA,11.89,NA,10,11.67,16
1861-10-23 21:00:00,15.56,NA,4,247.5,8.26,"247.5",1005.76,NA,NA,NA,84,NA,7.11,NA,5.56,6.67,11
1861-10-24,NA,NA,NA,NA,NA,NA,NA,3.56,"3:30pm","3:45pm",NA,0.23,NA,2.57,NA,NA,NA
1861-10-24 07:00:00,12.22,292.5,3,292.5,5.28,NA,1012.46,NA,NA,NA,79,NA,1.5,NA,0,1.11,5
1861-10-24 14:00:00,12.22,292.5,2,292.5,5.05,NA,1019.91,NA,NA,NA,63,NA,4.33,NA,1.11,3.89,2
1861-10-24 21:00:00,15,NA,3,292.5,5.01,"292.5",1029.46,NA,NA,NA,72,NA,1.89,NA,0,1.67,2
1861-10-25,NA,NA,NA,NA,NA,NA,NA,0,"empty","empty",NA,0,NA,3.7,NA,NA,NA
1861-10-25 07:00:00,11.67,180,2,180,4.3,NA,1029.12,NA,NA,NA,72,NA,-0.33,NA,-1.67,-0.56,2
1861-10-25 14:00:00,12.22,180,3,180,6.94,NA,1029.09,NA,NA,NA,71,NA,6.94,NA,4.44,6.67,5
1861-10-25 21:00:00,11.67,NA,3,180,5.82,"180",1029.06,NA,NA,NA,69,NA,4.44,NA,2.22,4.44,5
1861-10-26,NA,NA,NA,NA,NA,NA,NA,0,"1:30pm | 6pm","1:40pm | 11pm",NA,0,NA,8.2,NA,NA,NA
1861-10-26 07:00:00,10.56,202.5,1,202.5,6.4,NA,1026.62,NA,NA,NA,76,NA,4.5,NA,2.78,4.44,1
1861-10-26 14:00:00,12.22,180,2,180,9.01,NA,1024.38,NA,NA,NA,69,NA,11.22,NA,8.33,11.11,2
1861-10-26 21:00:00,13.33,NA,2,180,10.46,"180",1021,NA,NA,NA,93,NA,8.89,NA,8.33,8.89,2
1861-10-27,NA,NA,NA,NA,NA,NA,NA,4.83,"empty","empty",NA,0,NA,4.11,NA,NA,NA
1861-10-27 07:00:00,12.22,0,3,45,5.59,NA,1026.41,NA,NA,NA,75,NA,3,NA,1.11,2.78,5
1861-10-27 14:00:00,13.89,22.5,2,22.5,6.43,NA,1026.75,NA,NA,NA,72,NA,6,NA,3.33,5.56,2
1861-10-27 21:00:00,16.11,NA,0,22.5,5.32,NA,1028.45,NA,NA,NA,68,NA,3.33,NA,1.11,3.33,1
1861-10-28,NA,NA,NA,NA,NA,NA,NA,0,"empty","empty",NA,0,NA,2.68,NA,NA,NA
1861-10-28 07:00:00,9.44,NA,0,0,4.74,NA,1027.09,NA,NA,NA,83,NA,-0.83,NA,-1.67,-1.11,1
1861-10-28 14:00:00,10.56,NA,0,337.5,5.28,NA,1022.08,NA,NA,NA,68,NA,4.67,NA,1.67,4.44,2
1861-10-28 21:00:00,12.22,NA,0,337.5,5.28,NA,1019.3,NA,NA,NA,63,NA,4.22,NA,1.67,4.44,1
1861-10-29,NA,NA,NA,NA,NA,NA,NA,0,"empty","empty",NA,0,NA,6.91,NA,NA,NA
1861-10-29 07:00:00,11.11,NA,0,247.5,5.59,NA,1005.76,NA,NA,NA,75,NA,3.06,NA,1.11,2.78,5
1861-10-29 14:00:00,13.89,NA,0,247.5,7.38,NA,1003.52,NA,NA,NA,58,NA,10.44,NA,6.67,10.56,1
1861-10-29 21:00:00,17.78,NA,0,247.5,8.57,NA,1000.68,NA,NA,NA,85,NA,7.22,NA,6.11,7.22,1
1861-10-30,NA,NA,NA,NA,NA,NA,NA,0,"7:30pm","11pm",NA,0,NA,6.76,NA,NA,NA
1861-10-30 07:00:00,10.56,NA,0,247.5,5.66,NA,999.66,NA,NA,NA,68,NA,3.33,NA,1.11,3.33,1
1861-10-30 14:00:00,15,112.5,2,112.5,7.96,NA,1000.68,NA,NA,NA,67,NA,9.72,NA,6.67,9.44,2
1861-10-30 21:00:00,14.44,NA,2,45,8.57,"45",1001.69,NA,NA,NA,85,NA,7.22,NA,7.22,7.22,2
1861-10-31,NA,NA,NA,NA,NA,NA,NA,1.27,"2am | 8am | 7pm","5am | 9am | 10pm",NA,0,NA,6.74,NA,NA,NA
1861-10-31 07:00:00,13.33,225,NA,225,7.92,NA,1006.27,NA,NA,NA,84,NA,6.39,NA,5,6.11,2
1861-10-31 14:00:00,13.33,247.5,2,247.5,8.77,NA,1009.21,NA,NA,NA,75,NA,9.94,NA,7.22,9.44,2
1861-10-31 21:00:00,12.22,NA,2,247.5,6.74,"247.5",1019.84,NA,NA,NA,84,NA,3.89,NA,2.78,3.89,2
1861-11-01,NA,NA,NA,NA,NA,NA,NA,2.54,"empty","empty",NA,0,NA,4.79,NA,NA,NA
1861-11-01 07:00:00,11.11,NA,0,337.5,5.01,NA,1029.06,NA,NA,NA,72,NA,1.94,NA,0,1.67,2
1861-11-01 14:00:00,16.67,337.5,2,337.5,6.43,NA,1026.01,NA,NA,NA,61,NA,8.28,NA,4.44,7.78,2
1861-11-01 21:00:00,17.78,NA,2,337.5,6.13,"337.5",1031.16,NA,NA,NA,77,NA,4.17,NA,2.22,3.89,2
1861-11-02,NA,NA,NA,NA,NA,NA,NA,0,"11am | 9pm","11:30am | 1am",NA,0,NA,3.46,NA,NA,NA
1861-11-02 07:00:00,15.56,22.5,2,22.5,5.93,NA,1024.86,NA,NA,NA,82,NA,2.22,NA,1.11,2.22,2
1861-11-02 14:00:00,14.44,22.5,3,22.5,6.74,NA,1021.33,NA,NA,NA,84,NA,4.17,NA,2.78,3.89,2
1861-11-02 21:00:00,16.67,NA,3,225,6.74,"225",1017.61,NA,NA,NA,84,NA,4,NA,2.78,3.89,5
1861-11-03,NA,NA,NA,NA,NA,NA,NA,9.65,"7am | 10am","10am | 10pm",NA,0.23,NA,5.94,NA,NA,NA
1861-11-03 07:00:00,10.56,45,4,45,6.77,NA,1002.37,NA,NA,NA,91,NA,3.06,NA,2.22,2.78,11
1861-11-03 14:00:00,15,45,3,45,9.31,NA,1000.68,NA,NA,NA,92,NA,7.56,NA,6.67,7.22,5
1861-11-03 21:00:00,17.78,NA,2,45,9.31,"45",1001.36,NA,NA,NA,92,NA,7.22,NA,6.67,7.22,2
1861-11-04,NA,NA,NA,NA,NA,NA,NA,5.08,"11am | 2pm | 5pm","11:30am | 2:15pm | 5:15pm",NA,0,NA,7.02,NA,NA,NA
1861-11-04 07:00:00,12.78,0,2,0,8.3,NA,1000.68,NA,NA,NA,92,NA,6.28,NA,5,5.56,2
1861-11-04 14:00:00,14.44,247.5,2,247.5,10.09,NA,1003.05,NA,NA,NA,93,NA,8.44,NA,7.78,8.33,2
1861-11-04 21:00:00,17.22,NA,2,247.5,7.28,"247.5",1005.76,NA,NA,NA,78,NA,6.33,NA,4.44,6.11,2
1861-11-05,NA,NA,NA,NA,NA,NA,NA,0.23,"9:30pm","11pm",NA,0,NA,7.17,NA,NA,NA
1861-11-05 07:00:00,20,180,2,180,6.77,NA,1008.06,NA,NA,NA,91,NA,3.33,NA,2.22,2.78,2
1861-11-05 14:00:00,19.44,157.5,2,157.5,9.35,NA,1007.45,NA,NA,NA,79,NA,9.72,NA,6.67,9.44,2
1861-11-05 21:00:00,16.67,NA,2,157.5,9.31,"157.5",1006.23,NA,NA,NA,86,NA,8.44,NA,7.22,8.33,2
1861-11-06,NA,NA,NA,NA,NA,NA,NA,0.51,"6pm","12pm",NA,0,NA,6.53,NA,NA,NA
1861-11-06 07:00:00,13.33,NA,NA,22.5,7.65,NA,1004.06,NA,NA,NA,92,NA,4.89,NA,3.89,4.44,1
1861-11-06 14:00:00,15,0,1,0,8.97,NA,1004.06,NA,NA,NA,86,NA,8.06,NA,6.67,7.78,1
1861-11-06 21:00:00,15,NA,1,0,8.97,"0",1005.76,NA,NA,NA,92,NA,7.22,NA,6.11,6.67,1
1861-11-07,NA,NA,NA,NA,NA,NA,NA,1.27,"empty","empty",NA,0,NA,6.74,NA,NA,NA
1861-11-07 07:00:00,12.22,315,1,315,7.92,NA,1005.76,NA,NA,NA,84,NA,6.33,NA,5,6.11,1
1861-11-07 14:00:00,16.11,315,2,315,7.59,NA,1006.16,NA,NA,NA,67,NA,9.89,NA,6.11,8.89,2
1861-11-07 21:00:00,14.44,NA,0,315,5.55,NA,1008.6,NA,NA,NA,70,NA,4,NA,1.67,3.89,1
1861-11-08,NA,NA,NA,NA,NA,NA,NA,0,"empty","empty",NA,0,NA,2.96,NA,NA,NA
1861-11-08 07:00:00,9.44,315,2,315,5.55,NA,1008.47,NA,NA,NA,80,NA,1.94,NA,0.56,1.67,2
1861-11-08 14:00:00,15.56,NA,0,315,6.13,NA,1008.87,NA,NA,NA,77,NA,4.28,NA,2.22,3.89,2
1861-11-08 21:00:00,15,NA,2,315,5.93,"315",1009.14,NA,NA,NA,82,NA,2.67,NA,1.11,2.22,5
1861-11-09,NA,NA,NA,NA,NA,NA,NA,0.23,"9:15am","11am",NA,0.23,NA,4.07,NA,NA,NA
1861-11-09 07:00:00,9.44,180,1,180,5.93,NA,1009.48,NA,NA,NA,82,NA,2.78,NA,1.11,2.22,1
1861-11-09 14:00:00,13.33,292.5,2,292.5,7.01,NA,1012.46,NA,NA,NA,84,NA,5.44,NA,3.33,4.44,2
1861-11-09 21:00:00,13.89,NA,2,292.5,5.55,"292.5",1017.27,NA,NA,NA,70,NA,4,NA,1.67,3.89,2
1861-11-10,NA,NA,NA,NA,NA,NA,NA,0.76,"empty","empty",NA,0,NA,2.06,NA,NA,NA
1861-11-10 07:00:00,8.33,0,1,0,4.3,NA,1020.32,NA,NA,NA,72,NA,-0.61,NA,-1.67,-0.56,1
1861-11-10 14:00:00,13.33,45,2,45,5.82,NA,1022.62,NA,NA,NA,69,NA,4.72,NA,2.22,4.44,2
1861-11-10 21:00:00,15,NA,2,90,5.01,"90",1022.15,NA,NA,NA,72,NA,2.06,NA,0,1.67,2
1861-11-11,NA,NA,NA,NA,NA,NA,NA,4.32,"8am | 10am","10am | 9pm",NA,0,NA,6.28,NA,NA,NA
1861-11-11 07:00:00,10,180,3,180,6.1,NA,1008.13,NA,NA,NA,70,NA,5.11,NA,2.78,5,5
1861-11-11 14:00:00,14.44,202.5,2,202.5,9.72,NA,1003.45,NA,NA,NA,93,NA,8.17,NA,7.22,7.78,2
1861-11-11 21:00:00,15.56,NA,4,270,7.28,"270",1010.5,NA,NA,NA,84,NA,5.56,NA,3.89,5,11
1861-11-12,NA,NA,NA,NA,NA,NA,NA,13.72,"empty","empty",NA,0,NA,3.09,NA,NA,NA
1861-11-12 07:00:00,11.11,292.5,2,292.5,5.59,NA,1021.33,NA,NA,NA,75,NA,3.22,NA,1.11,2.78,2
1861-11-12 14:00:00,11.11,315,2,315,5.32,NA,1023.71,NA,NA,NA,68,NA,4.17,NA,1.11,3.33,2
1861-11-12 21:00:00,16.11,NA,2,0,5.01,"0",1026.41,NA,NA,NA,72,NA,1.89,NA,0,1.67,2
1861-11-13,NA,NA,NA,NA,NA,NA,NA,0,"empty","empty",NA,0,NA,1.78,NA,NA,NA
1861-11-13 07:00:00,9.44,0,2,0,4.3,NA,1022.08,NA,NA,NA,72,NA,0.28,NA,-1.67,-0.56,2
1861-11-13 14:00:00,13.33,292.5,3,292.5,5.01,NA,1015.92,NA,NA,NA,72,NA,2.06,NA,0,1.67,5
1861-11-13 21:00:00,17.78,NA,2,292.5,6.16,"292.5",1015.58,NA,NA,NA,83,NA,3,NA,1.67,2.78,2
1861-11-14,NA,NA,NA,NA,NA,NA,NA,0,"empty","empty",NA,0,NA,1.89,NA,NA,NA
1861-11-14 07:00:00,12.22,292.5,1,292.5,5.01,NA,1013.61,NA,NA,NA,72,NA,0.78,NA,0,0.56,1
1861-11-14 14:00:00,16.11,292.5,2,292.5,5.05,NA,1013.95,NA,NA,NA,68,NA,3.44,NA,0.56,2.78,2
1861-11-14 21:00:00,17.22,NA,2,292.5,5.28,"292.5",1012.53,NA,NA,NA,79,NA,1.44,NA,0,1.11,2
1861-11-15,NA,NA,NA,NA,NA,NA,NA,0,"7pm","4am",NA,0,NA,1.09,NA,NA,NA
1861-11-15 07:00:00,12.22,292.5,2,292.5,5.01,NA,1006.84,NA,NA,NA,85,NA,-0.22,NA,-1.11,-0.56,2
1861-11-15 14:00:00,12.22,292.5,2,292.5,5.01,NA,1002.85,NA,NA,NA,72,NA,2.22,NA,0,1.67,2
1861-11-15 21:00:00,17.22,NA,1,292.5,5.01,"292.5",1002.71,NA,NA,NA,72,NA,1.28,NA,0,0.56,1
1861-11-16,NA,NA,NA,NA,NA,NA,NA,2.79,"8am | 10am | 11:45am","10am | 11am | 2pm",NA,38.1,NA,3.33,NA,NA,NA
1861-11-16 07:00:00,15.56,292.5,1,292.5,5.01,NA,1002.71,NA,NA,NA,85,NA,-0.56,NA,-1.11,-0.56,1
1861-11-16 14:00:00,16.67,292.5,1,292.5,7.28,NA,1004.06,NA,NA,NA,84,NA,6.06,NA,3.89,5,1
1861-11-16 21:00:00,17.78,NA,3,315,6.13,"315",1007.59,NA,NA,NA,77,NA,4.61,NA,2.22,3.89,5
1861-11-17,NA,NA,NA,NA,NA,NA,NA,3.56,"empty","empty",NA,0.23,NA,2.78,NA,NA,NA
1861-11-17 07:00:00,12.22,0,1,0,5.35,NA,1009.14,NA,NA,NA,74,NA,2.44,NA,0.56,2.22,1
1861-11-17 14:00:00,16.11,NA,0,292.5,5.05,NA,1009.14,NA,NA,NA,63,NA,4.22,NA,1.11,3.89,1
1861-11-17 21:00:00,17.22,NA,1,0,5.01,"0",1010.7,NA,NA,NA,72,NA,1.67,NA,0,1.67,1
1861-11-18,NA,NA,NA,NA,NA,NA,NA,0,"empty","empty",NA,0,NA,1.92,NA,NA,NA
1861-11-18 07:00:00,12.78,292.5,1,292.5,4.64,NA,1012.53,NA,NA,NA,75,NA,0,NA,-1.11,0,1
1861-11-18 14:00:00,13.89,315,2,315,5.32,NA,1014.56,NA,NA,NA,68,NA,3.83,NA,1.11,3.33,2
1861-11-18 21:00:00,18.33,NA,0,337.5,5.01,NA,1020.86,NA,NA,NA,72,NA,1.94,NA,0,1.67,2
1861-11-19,NA,NA,NA,NA,NA,NA,NA,0,"empty","empty",NA,0,NA,-0.02,NA,NA,NA
1861-11-19 07:00:00,14.44,22.5,1,22.5,3.86,NA,1027.09,NA,NA,NA,79,NA,-2.5,NA,-3.33,-2.78,1
1861-11-19 14:00:00,16.11,NA,0,22.5,5.28,NA,1028.72,NA,NA,NA,79,NA,1.67,NA,0,1.11,1
1861-11-19 21:00:00,16.67,NA,0,22.5,5.32,NA,1029.39,NA,NA,NA,87,NA,0.78,NA,-0.56,0,1
1861-11-20,NA,NA,NA,NA,NA,NA,NA,0,"empty","empty",NA,0,NA,-0.47,NA,NA,NA
1861-11-20 07:00:00,8.89,NA,0,22.5,3.62,NA,1027.09,NA,NA,NA,76,NA,-3.17,NA,-3.89,-3.33,1
1861-11-20 14:00:00,13.33,NA,0,22.5,5.35,NA,1026.08,NA,NA,NA,74,NA,2.22,NA,0.56,2.22,5
1861-11-20 21:00:00,15,NA,2,22.5,5.01,"22.5",1021.67,NA,NA,NA,85,NA,-0.44,NA,-1.11,-0.56,5
1861-11-21,NA,NA,NA,NA,NA,NA,NA,0,"empty","empty",NA,0,NA,-0.08,NA,NA,NA
1861-11-21 07:00:00,9.44,22.5,3,22.5,3.86,NA,1021.33,NA,NA,NA,79,NA,-2.56,NA,-3.33,-2.78,5
1861-11-21 14:00:00,12.78,22.5,2,22.5,5.28,NA,1023.03,NA,NA,NA,79,NA,1.22,NA,0,1.11,2
1861-11-21 21:00:00,15,NA,3,0,5.01,"0",1026.08,NA,NA,NA,72,NA,1.11,NA,0,0.56,2
1861-11-22,NA,NA,NA,NA,NA,NA,NA,0,"empty","empty",NA,0,NA,0.52,NA,NA,NA
1861-11-22 07:00:00,10.56,22.5,1,22.5,4.4,NA,1025.47,NA,NA,NA,82,NA,-1.39,NA,-2.22,-1.67,1
1861-11-22 14:00:00,18.89,NA,0,22.5,6.16,NA,1021.74,NA,NA,NA,83,NA,2.56,NA,1.67,2.78,1
1861-11-22 21:00:00,19.44,NA,0,22.5,5.32,NA,1017.61,NA,NA,NA,87,NA,0.39,NA,-0.56,0,1
1861-11-23,NA,NA,NA,NA,NA,NA,NA,0,"1pm | 10pm","10pm | 11am",NA,0,NA,0.64,NA,NA,NA
1861-11-23 07:00:00,12.78,22.5,1,22.5,4.4,NA,1009.21,NA,NA,NA,82,NA,-1.17,NA,-2.22,-1.67,1
1861-11-23 14:00:00,12.78,22.5,1,22.5,6.37,NA,1005.76,NA,NA,NA,96,NA,1.67,NA,0.89,1.11,1
1861-11-23 21:00:00,16.67,NA,1,22.5,6.77,"22.5",1005.01,NA,NA,NA,98,NA,1.44,NA,1.56,1.67,1
1861-11-24,NA,NA,NA,NA,NA,NA,NA,18.03,"empty","empty",NA,114.3,NA,2.94,NA,NA,NA
1861-11-24 07:00:00,12.78,22.5,1,22.5,6.2,NA,995.26,NA,NA,NA,97,NA,0.17,NA,0.44,0.56,1
1861-11-24 14:00:00,18.89,22.5,1,22.5,6.77,NA,997.29,NA,NA,NA,91,NA,4.33,NA,2.22,2.78,1
1861-11-24 21:00:00,21.11,NA,2,247.5,6.77,"247.5",1002.44,NA,NA,NA,91,NA,4.33,NA,2.22,2.78,2
1861-11-25,NA,NA,NA,NA,NA,NA,NA,0.23,"empty","empty",NA,0.23,NA,2.87,NA,NA,NA
1861-11-25 07:00:00,14.44,247.5,1,247.5,5.96,NA,1005.08,NA,NA,NA,89,NA,1.89,NA,0.56,1.11,1
1861-11-25 14:00:00,16.11,0,1,0,6.77,NA,1006.77,NA,NA,NA,91,NA,4.11,NA,1.67,2.78,1
1861-11-25 21:00:00,16.67,NA,1,0,6.23,"0",1009.21,NA,NA,NA,90,NA,2.61,NA,1.11,1.67,1
1861-11-26,NA,NA,NA,NA,NA,NA,NA,0.23,"7:30am","10am",NA,0.23,NA,2.28,NA,NA,NA
1861-11-26 07:00:00,12.78,315,2,315,5.28,NA,1011.85,NA,NA,NA,79,NA,1.67,NA,0,1.11,2
1861-11-26 14:00:00,16.11,292.5,2,292.5,6.16,NA,1015.85,NA,NA,NA,83,NA,4.17,NA,1.67,2.78,2
1861-11-26 21:00:00,19.44,NA,1,292.5,4.98,"292.5",1020.39,NA,NA,NA,78,NA,1,NA,-0.56,0.56,1
1861-11-27,NA,NA,NA,NA,NA,NA,NA,0,"11pm","5am",NA,0,NA,-0.87,NA,NA,NA
1861-11-27 07:00:00,15,90,1,90,4.74,NA,1021,NA,NA,NA,83,NA,-1.28,NA,-1.67,-1.11,1
1861-11-27 14:00:00,16.67,90,1,90,5.01,NA,1018.63,NA,NA,NA,85,NA,-0.44,NA,-1.11,-0.56,1
1861-11-27 21:00:00,15.56,NA,1,90,4.74,"90",1015.58,NA,NA,NA,83,NA,-0.89,NA,-1.67,-1.11,1
1861-11-28,NA,NA,NA,NA,NA,NA,NA,3.81,"empty","empty",NA,33.02,NA,-0.11,NA,NA,NA
1861-11-28 07:00:00,15,247.5,1,247.5,4.4,NA,1016.19,NA,NA,NA,82,NA,-1.67,NA,-2.22,-1.67,1
1861-11-28 14:00:00,15.56,247.5,2,247.5,5.28,NA,1017.61,NA,NA,NA,79,NA,1.89,NA,0,1.11,2
1861-11-28 21:00:00,15.56,NA,2,247.5,5.01,"247.5",1018.96,NA,NA,NA,85,NA,-0.56,NA,-1.11,-0.56,2
1861-11-29,NA,NA,NA,NA,NA,NA,NA,4.32,"5:30am | 10am | 1pm","10am | 11am | 6pm",NA,50.8,NA,1.59,NA,NA,NA
1861-11-29 07:00:00,11.67,112.5,3,112.5,4.74,NA,1012.39,NA,NA,NA,83,NA,-0.83,NA,-1.67,-1.11,5
1861-11-29 14:00:00,15,180,2,180,6.64,NA,1003.73,NA,NA,NA,96,NA,2.56,NA,1.44,1.67,2
1861-11-29 21:00:00,17.78,NA,1,180,6.77,"180",1007.11,NA,NA,NA,91,NA,3.06,NA,2.22,2.78,1
1861-11-30,NA,NA,NA,NA,NA,NA,NA,1.52,"empty","empty",NA,0,NA,1.74,NA,NA,NA
1861-11-30 07:00:00,15.56,315,2,315,5.01,NA,1008.13,NA,NA,NA,72,NA,0.78,NA,0,0.56,2
1861-11-30 14:00:00,14.44,315,2,315,5.55,NA,1007.11,NA,NA,NA,80,NA,2.94,NA,0.56,1.67,2
1861-11-30 21:00:00,17.78,NA,2,315,5.96,"315",1009.41,NA,NA,NA,89,NA,1.5,NA,0.56,1.11,2
1861-12-01,NA,NA,NA,NA,NA,NA,NA,0,"noon","11pm",NA,0,NA,-2.43,NA,NA,NA
1861-12-01 07:00:00,11.67,112.5,1,112.5,3.62,NA,1015.92,NA,NA,NA,76,NA,-2.94,NA,-3.89,-3.33,1
1861-12-01 14:00:00,13.89,45,2,45,5.18,NA,1012.6,NA,NA,NA,100,NA,-2.22,NA,-2.22,-2.22,2
1861-12-01 21:00:00,15,NA,3,45,5.18,"45",1005.76,NA,NA,NA,100,NA,-2.11,NA,-2.22,-2.22,5
1861-12-02,NA,NA,NA,NA,NA,NA,NA,8.89,"empty","empty",NA,93.98,NA,-3.72,NA,NA,NA
1861-12-02 07:00:00,15.56,270,3,270,3.18,NA,1007.72,NA,NA,NA,73,NA,-4,NA,-5,-4.44,5
1861-12-02 14:00:00,16.11,270,3,270,3.83,NA,1009.48,NA,NA,NA,80,NA,-2.33,NA,-3.67,-3.33,5
1861-12-02 21:00:00,17.78,NA,3,270,3.18,"270",1014.43,NA,NA,NA,77,NA,-4.83,NA,-5.44,-5,5
1861-12-03,NA,NA,NA,NA,NA,NA,NA,0.23,"8:30am","9:30am",NA,0.23,NA,-8.89,NA,NA,NA
1861-12-03 07:00:00,10,292.5,4,292.5,1.86,NA,1016.93,NA,NA,NA,66,NA,-9.72,NA,-10.56,-10,11
1861-12-03 14:00:00,16.11,NA,0,270,1.93,NA,1020.73,NA,NA,NA,58,NA,-7.5,NA,-8.56,-7.78,5
1861-12-03 21:00:00,16.67,NA,0,270,1.93,NA,1023.1,NA,NA,NA,67,NA,-9.44,NA,-10,-9.44,5
1861-12-04,NA,NA,NA,NA,NA,NA,NA,0,"empty","empty",NA,0,NA,-7.41,NA,NA,NA
1861-12-04 07:00:00,10.56,NA,0,270,1.93,NA,1022.96,NA,NA,NA,88,NA,-12.56,NA,-13.33,-12.78,5
1861-12-04 14:00:00,14.44,157.5,2,157.5,1.96,NA,1022.01,NA,NA,NA,70,NA,-6.11,NA,-6.67,-6.11,2
1861-12-04 21:00:00,15.56,NA,2,157.5,3.39,"157.5",1018.29,NA,NA,NA,74,NA,-3.56,NA,-4.44,-3.89,2
1861-12-05,NA,NA,NA,NA,NA,NA,NA,0,"empty","empty",NA,0,NA,-0.02,NA,NA,NA
1861-12-05 07:00:00,15,270,2,270,3.86,NA,1021,NA,NA,NA,79,NA,-2.61,NA,-3.33,-2.78,2
1861-12-05 14:00:00,13.89,270,3,270,6.23,NA,1024.92,NA,NA,NA,90,NA,1.78,NA,1.11,1.67,5
1861-12-05 21:00:00,13.89,NA,1,270,6.06,"270",1024.79,NA,NA,NA,95,NA,0.78,NA,0.33,0.56,1
1861-12-06,NA,NA,NA,NA,NA,NA,NA,0,"empty","empty",NA,0,NA,1.92,NA,NA,NA
1861-12-06 07:00:00,16.67,22.5,3,22.5,5.96,NA,1035.9,NA,NA,NA,89,NA,1.11,NA,0.56,1.11,5
1861-12-06 14:00:00,15,22.5,1,22.5,5.66,NA,1032.78,NA,NA,NA,89,NA,0.83,NA,0,0.56,1
1861-12-06 21:00:00,21.11,NA,1,22.5,7.04,"22.5",1029.46,NA,NA,NA,91,NA,3.83,NA,2.78,3.33,1
1861-12-07,NA,NA,NA,NA,NA,NA,NA,1.78,"1am | 8:35pm","6am | 8:30am",NA,0,NA,5.87,NA,NA,NA
1861-12-07 07:00:00,16.11,202.5,4,202.5,7.04,NA,1025.13,NA,NA,NA,91,NA,3.78,NA,2.78,3.33,11
1861-12-07 14:00:00,19.44,270,4,202.5,8.57,NA,1020.66,NA,NA,NA,85,NA,8.56,NA,6.11,7.22,5
1861-12-07 21:00:00,15.56,NA,3,202.5,7.28,"270",1016.19,NA,NA,NA,84,NA,5.28,NA,3.89,5,2
1861-12-08,NA,NA,NA,NA,NA,NA,NA,16,"empty","empty",NA,0,NA,6.92,NA,NA,NA
1861-12-08 07:00:00,16.67,247.5,4,247.5,10.13,NA,1012.53,NA,NA,NA,100,NA,7.33,NA,7.22,7.22,11
1861-12-08 14:00:00,19.44,NA,NA,270,10.13,NA,1013.28,NA,NA,NA,100,NA,7.78,NA,7.22,7.22,2
1861-12-08 21:00:00,20,NA,1,315,8.7,"315",1015.85,NA,NA,NA,100,NA,5.56,NA,5,5,1
1861-12-09,NA,NA,NA,NA,NA,NA,NA,0,"9pm","2am",NA,0,NA,3.67,NA,NA,NA
1861-12-09 07:00:00,14.44,45,1,45,5.93,NA,1017.81,NA,NA,NA,82,NA,2.33,NA,1.11,2.22,1
1861-12-09 14:00:00,17.78,0,1,0,7.01,NA,1017.61,NA,NA,NA,84,NA,5,NA,3.33,4.44,1
1861-12-09 21:00:00,18.33,NA,1,112.5,6.43,"112.5",1017.07,NA,NA,NA,85,NA,3.67,NA,2.22,3.33,1
1861-12-10,NA,NA,NA,NA,NA,NA,NA,1.78,"empty","empty",NA,0,NA,6.13,NA,NA,NA
1861-12-10 07:00:00,17.78,22.5,1,22.5,6.64,NA,1015.58,NA,NA,NA,96,NA,2,NA,1.44,1.67,1
1861-12-10 14:00:00,19.44,157.5,3,157.5,8.26,NA,1010.84,NA,NA,NA,84,NA,6.94,NA,5.56,6.67,5
1861-12-10 21:00:00,20.56,NA,4,202.5,9.65,"202.5",1007.45,NA,NA,NA,86,NA,9.44,NA,7.78,8.89,11
1861-12-11,NA,NA,NA,NA,NA,NA,NA,14.48,"1am","6am",NA,0,NA,-2.93,NA,NA,NA
1861-12-11 07:00:00,20,292.5,3,292.5,6.43,NA,1010.84,NA,NA,NA,83,NA,3.61,NA,2.22,3.33,5
1861-12-11 14:00:00,27.78,292.5,3,292.5,3.18,NA,1025.67,NA,NA,NA,73,NA,-3.78,NA,-5,-4.44,5
1861-12-11 21:00:00,18.89,NA,0,292.5,2.37,NA,1034.88,NA,NA,NA,79,NA,-8.61,NA,-9.22,-8.89,5
1861-12-12,NA,NA,NA,NA,NA,NA,NA,0,"noon","1:30pm",NA,0,NA,-5.65,NA,NA,NA
1861-12-12 07:00:00,15.56,202.5,4,202.5,2.2,NA,1036.24,NA,NA,NA,73,NA,-8.5,NA,-9.33,-8.89,11
1861-12-12 14:00:00,15,202.5,3,202.5,4.06,NA,1036.57,NA,NA,NA,89,NA,-3.33,NA,-4.11,-3.89,5
1861-12-12 21:00:00,17.22,NA,0,202.5,2.98,NA,1036.84,NA,NA,NA,72,NA,-5.11,NA,-5.56,-5,5
1861-12-13,NA,NA,NA,NA,NA,NA,NA,0.23,"empty","empty",NA,0.23,NA,0.94,NA,NA,NA
1861-12-13 07:00:00,13.33,180,2,180,4.74,NA,1030.88,NA,NA,NA,83,NA,-1.33,NA,-1.67,-1.11,2
1861-12-13 14:00:00,19.44,225,4,225,6.16,NA,1028.78,NA,NA,NA,83,NA,3.67,NA,1.67,2.78,11
1861-12-13 21:00:00,15,NA,0,225,5.66,NA,1026.35,NA,NA,NA,89,NA,0.5,NA,0,0.56,1
1861-12-14,NA,NA,NA,NA,NA,NA,NA,0,"empty","empty",NA,0,NA,4.44,NA,NA,NA
1861-12-14 07:00:00,13.33,202.5,2,202.5,4.74,NA,1019.98,NA,NA,NA,83,NA,-1.33,NA,-1.67,-1.11,2
1861-12-14 14:00:00,15,247.5,5,247.5,7.96,NA,1010.5,NA,NA,NA,67,NA,11.44,NA,6.67,9.44,16
1861-12-14 21:00:00,16.67,NA,0,247.5,6.43,NA,1010.3,NA,NA,NA,83,NA,3.22,NA,2.22,3.33,11
1861-12-15,NA,NA,NA,NA,NA,NA,NA,0,"empty","empty",NA,0,NA,-3.82,NA,NA,NA
1861-12-15 07:00:00,13.33,NA,0,292.5,2.64,NA,1026.75,NA,NA,NA,70,NA,-5.44,NA,-6.67,-6.11,11
1861-12-15 14:00:00,15.56,292.5,4,292.5,3.62,NA,1026.82,NA,NA,NA,76,NA,-3.22,NA,-3.89,-3.33,11
1861-12-15 21:00:00,17.22,NA,2,247.5,4.13,"247.5",1024.11,NA,NA,NA,80,NA,-2.78,NA,-2.78,-2.22,2
1861-12-16,NA,NA,NA,NA,NA,NA,NA,0.23,"1am","4am",NA,0.23,NA,0.07,NA,NA,NA
1861-12-16 07:00:00,12.78,202.5,2,202.5,4.13,NA,1009.89,NA,NA,NA,80,NA,-1.89,NA,-2.78,-2.22,2
1861-12-16 14:00:00,20,247.5,3,247.5,5.93,NA,1001.9,NA,NA,NA,82,NA,3.22,NA,1.11,2.22,5
1861-12-16 21:00:00,16.67,NA,2,0,3.93,"0",1013.55,NA,NA,NA,69,NA,-1.11,NA,-2.22,-1.11,2
1861-12-17,NA,NA,NA,NA,NA,NA,NA,0,"empty","empty",NA,0,NA,-6.83,NA,NA,NA
1861-12-17 07:00:00,21.67,22.5,1,22.5,1.93,NA,1030.48,NA,NA,NA,67,NA,-9.17,NA,-10,-9.44,1
1861-12-17 14:00:00,21.11,157.5,2,157.5,2.61,NA,1028.04,NA,NA,NA,66,NA,-5.39,NA,-6.22,-5.56,2
1861-12-17 21:00:00,16.11,NA,2,112.5,3.22,"225",1017,NA,NA,NA,82,NA,-5.94,NA,-5.89,-5.56,1
1861-12-18,NA,NA,NA,NA,NA,NA,NA,0,"empty","empty",NA,0,NA,-1.63,NA,NA,NA
1861-12-18 07:00:00,13.89,292.5,5,292.5,5.32,NA,1009.41,NA,NA,NA,87,NA,-0.17,NA,-0.56,0,16
1861-12-18 14:00:00,29.44,NA,0,292.5,4.81,NA,1019.78,NA,NA,NA,66,NA,3.61,NA,0,2.22,5
1861-12-18 21:00:00,18.89,NA,0,0,1.69,NA,1027.77,NA,NA,NA,67,NA,-8.33,NA,-9.44,-8.89,2
1861-12-19,NA,NA,NA,NA,NA,NA,NA,0,"1pm | 5:30pm","1:45pm | 1am",NA,0,NA,-4.83,NA,NA,NA
1861-12-19 07:00:00,13.33,112.5,4,112.5,2.27,NA,1023.64,NA,NA,NA,78,NA,-9.33,NA,-9.78,-9.44,11
1861-12-19 14:00:00,21.67,112.5,2,112.5,3.86,NA,1012.19,NA,NA,NA,88,NA,-4.17,NA,-4.67,-4.44,2
1861-12-19 21:00:00,19.44,NA,1,0,5.25,"0",1008.47,NA,NA,NA,93,NA,-1,NA,-1.33,-1.11,1
1861-12-20,NA,NA,NA,NA,NA,NA,NA,5.08,"empty","empty",NA,0.23,NA,-10,NA,NA,NA
1861-12-20 07:00:00,13.89,0,3,0,3.28,NA,1011.24,NA,NA,NA,87,NA,-5.94,NA,-6.33,-6.11,5
1861-12-20 14:00:00,18.89,315,4,315,2.17,NA,1017,NA,NA,NA,78,NA,-9,NA,-10.33,-10,11
1861-12-20 21:00:00,18.33,NA,0,292.5,1.49,NA,1027.77,NA,NA,NA,86,NA,-15.06,NA,-15.83,-15.56,1
1861-12-21,NA,NA,NA,NA,NA,NA,NA,0,"empty","empty",NA,0,NA,-15.69,NA,NA,NA
1861-12-21 07:00:00,10.56,NA,0,270,0.71,NA,1030.82,NA,NA,NA,62,NA,-20.83,NA,-21.67,-21.11,5
1861-12-21 14:00:00,17.22,270,2,270,1.39,NA,1032.37,NA,NA,NA,74,NA,-15,NA,-15.56,-15,2
1861-12-21 21:00:00,15,NA,0,270,1.63,NA,1029.12,NA,NA,NA,67,NA,-11.22,NA,-12.22,-11.67,11
1861-12-22,NA,NA,NA,NA,NA,NA,NA,0,"empty","empty",NA,0,NA,-3.06,NA,NA,NA
1861-12-22 07:00:00,10,247.5,3,247.5,2.47,NA,1029.46,NA,NA,NA,68,NA,-6.39,NA,-7.22,-6.67,5
1861-12-22 14:00:00,11.67,247.5,2,247.5,4.13,NA,1029.46,NA,NA,NA,80,NA,-1.67,NA,-2.78,-2.22,2
1861-12-22 21:00:00,20.56,NA,1,247.5,3.62,"247.5",1027.43,NA,NA,NA,76,NA,-2.78,NA,-3.89,-3.33,1
1861-12-23,NA,NA,NA,NA,NA,NA,NA,11.43,"1am","3pm",NA,133.35,NA,-5.09,NA,NA,NA
1861-12-23 07:00:00,10.56,22.5,3,22.5,3.56,NA,1015.92,NA,NA,NA,93,NA,-6.11,NA,-7,-6.67,5
1861-12-23 14:00:00,14.44,22.5,3,22.5,3.89,NA,1003.73,NA,NA,NA,94,NA,-4.61,NA,-5.11,-5,5
1861-12-23 21:00:00,16.67,NA,5,22.5,3.89,"22.5",998.65,NA,NA,NA,94,NA,-4.56,NA,-5.11,-5,16
1861-12-24,NA,NA,NA,NA,NA,NA,NA,5.33,"empty","empty",NA,50.8,NA,-9.48,NA,NA,NA
1861-12-24 07:00:00,15,315,2,315,2.13,NA,1006.43,NA,NA,NA,68,NA,-6.78,NA,-8.89,-8.33,2
1861-12-24 14:00:00,27.78,NA,0,315,2.24,NA,1012.8,NA,NA,NA,68,NA,-7.67,NA,-8.33,-7.78,1
1861-12-24 21:00:00,18.33,NA,0,315,1.63,NA,1016.86,NA,NA,NA,77,NA,-12.89,NA,-13.89,-13.33,1
1861-12-25,NA,NA,NA,NA,NA,NA,NA,0,"empty","empty",NA,0,NA,-15.89,NA,NA,NA
1861-12-25 07:00:00,8.33,270,4,270,0.85,NA,1022.01,NA,NA,NA,66,NA,-20.83,NA,-20,-19.44,11
1861-12-25 14:00:00,22.22,NA,0,247.5,1.63,NA,1028.92,NA,NA,NA,77,NA,-13.22,NA,-13.89,-13.33,2
1861-12-25 21:00:00,13.89,NA,0,247.5,1.39,NA,1029.73,NA,NA,NA,74,NA,-14.72,NA,-15.56,-15,2
1861-12-26,NA,NA,NA,NA,NA,NA,NA,0,"6:35pm | 7:15pm | 10:30pm","6:55pm | 8pm | 3am",NA,0,NA,-9.39,NA,NA,NA
1861-12-26 07:00:00,10.56,NA,0,45,1.22,NA,1032.17,NA,NA,NA,72,NA,-15.83,NA,-16.67,-16.11,1
1861-12-26 14:00:00,15,45,2,45,2.03,NA,1024.99,NA,NA,NA,80,NA,-10.67,NA,-11.67,-11.11,2
1861-12-26 21:00:00,12.22,NA,4,247.5,4.94,"247.5",1014.16,NA,NA,NA,95,NA,-1.67,NA,-2.33,-2.22,11
1861-12-27,NA,NA,NA,NA,NA,NA,NA,6.86,"1:30pm","2pm",NA,0.23,NA,-3.41,NA,NA,NA
1861-12-27 07:00:00,12.78,247.5,5,292.5,5.93,NA,1004.74,NA,NA,NA,82,NA,2.11,NA,1.11,2.22,16
1861-12-27 14:00:00,15,247.5,3,247.5,4.4,NA,1006.37,NA,NA,NA,82,NA,-1.39,NA,-2.22,-1.67,5
1861-12-27 21:00:00,14.44,NA,0,292.5,2.03,NA,1021.4,NA,NA,NA,80,NA,-10.94,NA,-11.67,-11.11,5
1861-12-28,NA,NA,NA,NA,NA,NA,NA,0.23,"empty","empty",NA,0.23,NA,-14.47,NA,NA,NA
1861-12-28 07:00:00,8.33,NA,0,292.5,1.02,NA,1030.07,NA,NA,NA,69,NA,-17.56,NA,-18.33,-17.78,5
1861-12-28 14:00:00,25.56,NA,0,292.5,1.73,NA,1032.85,NA,NA,NA,77,NA,-12.33,NA,-13.33,-12.78,5
1861-12-28 21:00:00,16.11,NA,0,292.5,1.52,NA,1031.16,NA,NA,NA,76,NA,-13.5,NA,-14.44,-13.89,2
1861-12-29,NA,NA,NA,NA,NA,NA,NA,0,"empty","empty",NA,0,NA,-12.08,NA,NA,NA
1861-12-29 07:00:00,10.56,292.5,1,292.5,1.22,NA,1024.38,NA,NA,NA,72,NA,-15.56,NA,-10.78,-16.11,1
1861-12-29 14:00:00,16.67,292.5,1,292.5,2.03,NA,1022.42,NA,NA,NA,80,NA,-10.83,NA,-11.67,-11.11,1
1861-12-29 21:00:00,15,NA,1,292.5,2.13,"292.5",1019.98,NA,NA,NA,81,NA,-9.83,NA,-11.11,-10.56,1
1861-12-30,NA,NA,NA,NA,NA,NA,NA,4.06,"1am | 10am","6am | 11am",NA,25.4,NA,-7.5,NA,NA,NA
1861-12-30 07:00:00,12.78,292.5,2,292.5,2.51,NA,1019.3,NA,NA,NA,85,NA,-8.39,NA,-9.44,-8.89,2
1861-12-30 14:00:00,12.78,292.5,1,292.5,3.86,NA,1021.33,NA,NA,NA,87,NA,-3.56,NA,-4.44,-3.89,2
1861-12-30 21:00:00,15.56,NA,1,292.5,1.96,"292.5",1023.71,NA,NA,NA,88,NA,-10.56,NA,-11.44,-11.11,1
1861-12-31,NA,NA,NA,NA,NA,NA,NA,0.23,"1:45pm","empty",NA,0.23,NA,-7.56,NA,NA,NA
1861-12-31 07:00:00,12.22,180,2,180,2.24,NA,1019.17,NA,NA,NA,85,NA,-10.11,NA,-10.78,-10.56,2
1861-12-31 14:00:00,12.78,180,1,180,3.28,NA,1012.53,NA,NA,NA,87,NA,-5.67,NA,-6.33,-6.11,1
1861-12-31 21:00:00,15,NA,1,157.5,2.98,"157.5",1006.1,NA,NA,NA,86,NA,-6.89,NA,-7.44,-7.22,1
1862-01-01,NA,NA,NA,NA,NA,NA,NA,7.11,"10:30am | 1pm | 5pm","12pm | 4:30pm | 6pm",NA,82.55,NA,-5.21,NA,NA,NA
1862-01-01 07:00:00,13.89,22.5,1,22.5,3.56,NA,995.26,NA,NA,NA,93,NA,-5.83,NA,-6.22,-6.11,1
1862-01-01 14:00:00,18.89,202.5,1,202.5,5.99,NA,984.15,NA,NA,NA,97,NA,0.33,NA,-0.11,0,11
1862-01-01 21:00:00,16.67,NA,4,247.5,2.07,"247.5",996.95,NA,NA,NA,98,NA,-10.11,NA,-10.89,-10.56,11
1862-01-02,NA,NA,NA,NA,NA,NA,NA,0.23,"empty","empty",NA,0.23,NA,-15.3,NA,NA,NA
1862-01-02 07:00:00,12.22,NA,0,270,1.46,NA,1012.19,NA,NA,NA,75,NA,-14.72,NA,-15,-14.44,11
1862-01-02 14:00:00,15,NA,0,270,1.46,NA,1015.85,NA,NA,NA,75,NA,-14.44,NA,-15,-14.44,11
1862-01-02 21:00:00,12.22,NA,0,270,1.08,NA,1017.95,NA,NA,NA,70,NA,-16.72,NA,-17.78,-17.22,11
1862-01-03,NA,NA,NA,NA,NA,NA,NA,0,"empty","empty",NA,0,NA,-19.81,NA,NA,NA
1862-01-03 07:00:00,3.33,NA,0,270,0.61,NA,1021,NA,NA,NA,58,NA,-22.5,NA,-22.78,-22.22,16
1862-01-03 14:00:00,24.44,NA,0,270,0.95,NA,1024.31,NA,NA,NA,68,NA,-18.5,NA,-18.89,-18.33,11
1862-01-03 21:00:00,15,NA,0,270,0.95,NA,1020.93,NA,NA,NA,68,NA,-18.44,NA,-18.89,-18.33,5
1862-01-04,NA,NA,NA,NA,NA,NA,NA,0,"empty","empty",NA,0,NA,-20.44,NA,NA,NA
1862-01-04 07:00:00,7.78,NA,0,270,0.61,NA,1019.3,NA,NA,NA,58,NA,-22.72,NA,-22.78,-22.22,5
1862-01-04 14:00:00,16.67,NA,0,270,0.95,NA,1017.61,NA,NA,NA,68,NA,-18.61,NA,-18.89,-18.33,5
1862-01-04 21:00:00,13.89,NA,0,270,0.85,NA,1018.08,NA,NA,NA,66,NA,-20,NA,-20,-19.44,5
1862-01-05,NA,NA,NA,NA,NA,NA,NA,0,"empty","empty",NA,0,NA,-19.11,NA,NA,NA
1862-01-05 07:00:00,13.89,NA,0,270,0.58,NA,1022.35,NA,NA,NA,57,NA,-22.78,NA,-23.33,-22.78,2
1862-01-05 14:00:00,18.33,NA,0,247.5,1.15,NA,1022.69,NA,NA,NA,71,NA,-16.56,NA,-17.22,-16.67,2
1862-01-05 21:00:00,13.89,NA,0,247.5,1.02,NA,1023.03,NA,NA,NA,69,NA,-18,NA,-18.33,-17.78,2
1862-01-06,NA,NA,NA,NA,NA,NA,NA,0,"7:15pm | 11pm","9pm | 1am",NA,0,NA,-16.48,NA,NA,NA
1862-01-06 07:00:00,13.33,0,3,0,0.85,NA,1019.3,NA,NA,NA,66,NA,-19.44,NA,-20,-19.44,5
1862-01-06 14:00:00,15.56,0,3,0,1.39,NA,1012.94,NA,NA,NA,74,NA,-15,NA,-15.56,-15,5
1862-01-06 21:00:00,12.78,NA,3,247.5,1.56,"247.5",1014.16,NA,NA,NA,87,NA,-15,NA,-15.28,-15,5
1862-01-07,NA,NA,NA,NA,NA,NA,NA,1.02,"6am","10am",NA,19.05,NA,-8.83,NA,NA,NA
1862-01-07 07:00:00,11.11,202.5,2,202.5,1.73,NA,1017.95,NA,NA,NA,77,NA,-12.33,NA,-13.33,-12.78,2
1862-01-07 14:00:00,23.89,NA,0,270,2.2,NA,1023.91,NA,NA,NA,63,NA,-6.78,NA,-8.22,-7.22,2
1862-01-07 21:00:00,13.89,NA,0,270,2.24,NA,1030.48,NA,NA,NA,68,NA,-7.39,NA,-8.33,-7.78,2
1862-01-08,NA,NA,NA,NA,NA,NA,NA,0,"empty","empty",NA,0,NA,-6.48,NA,NA,NA
1862-01-08 07:00:00,8.89,NA,0,247.5,1.76,NA,1032.85,NA,NA,NA,66,NA,-10.56,NA,-11.11,-10.56,2
1862-01-08 14:00:00,15,135,1,135,2.64,NA,1029.39,NA,NA,NA,70,NA,-5.56,NA,-6.67,-6.11,1
1862-01-08 21:00:00,13.89,NA,2,157.5,3.62,"157.5",1016.46,NA,NA,NA,76,NA,-3.33,NA,-3.89,-3.33,2
1862-01-09,NA,NA,NA,NA,NA,NA,NA,0.76,"4am","7am",NA,8.38,NA,1.72,NA,NA,NA
1862-01-09 07:00:00,13.89,225,1,225,4.74,NA,1014.22,NA,NA,NA,83,NA,-1.11,NA,-1.67,-1.11,1
1862-01-09 14:00:00,20,225,1,225,6.74,NA,1015.92,NA,NA,NA,84,NA,4.33,NA,2.78,3.89,1
1862-01-09 21:00:00,15,NA,1,247.5,6.23,"247.5",1015.85,NA,NA,NA,90,NA,1.94,NA,1.11,1.67,1
1862-01-10,NA,NA,NA,NA,NA,NA,NA,0,"1pm | 8pm","7:30pm | 8:45pm",NA,0,NA,-3.11,NA,NA,NA
1862-01-10 07:00:00,13.89,22.5,2,22.5,2.37,NA,1016.93,NA,NA,NA,68,NA,-6.78,NA,-7.78,-7.22,2
1862-01-10 14:00:00,14.44,0,2,0,2.81,NA,1004.06,NA,NA,NA,70,NA,-5.06,NA,-6.11,-5.56,2
1862-01-10 21:00:00,12.22,NA,4,270,6.54,"270",995.94,NA,NA,NA,91,NA,2.5,NA,1.67,2.22,11
1862-01-11,NA,NA,NA,NA,NA,NA,NA,2.54,"11pm","6:45am",NA,0,NA,-18.2,NA,NA,NA
1862-01-11 07:00:00,8.89,NA,0,292.5,0.61,NA,1024.04,NA,NA,NA,58,NA,-18.56,NA,-18.89,-18.33,2
1862-01-11 14:00:00,25,22.5,2,22.5,1.08,NA,1028.38,NA,NA,NA,70,NA,-18.17,NA,-17.78,-17.22,2
1862-01-11 21:00:00,13.33,NA,2,22.5,1.22,"22.5",1021,NA,NA,NA,84,NA,-17.89,NA,-18.61,-18.33,2
1862-01-12,NA,NA,NA,NA,NA,NA,NA,4.32,"10am | 2pm | 8pm","12pm | 6pm | 5am",NA,31.75,NA,-11.58,NA,NA,NA
1862-01-12 07:00:00,11.67,0,2,0,1.22,NA,1005.49,NA,NA,NA,72,NA,-15.94,NA,-16.67,-16.11,5
1862-01-12 14:00:00,25.56,337.5,3,337.5,1.96,NA,1001.69,NA,NA,NA,85,NA,-12.22,NA,-12.44,-12.22,5
1862-01-12 21:00:00,16.11,NA,2,225,3.15,"225",998.58,NA,NA,NA,86,NA,-6.56,NA,-6.89,-6.67,2
1862-01-13,NA,NA,NA,NA,NA,NA,NA,8.89,"empty","empty",NA,114.3,NA,-17.59,NA,NA,NA
1862-01-13 07:00:00,12.22,270,3,270,1.39,NA,1015.92,NA,NA,NA,74,NA,-14.56,NA,-15.56,-15,5
1862-01-13 14:00:00,33.33,NA,0,292.5,1.02,NA,1033.19,NA,NA,NA,69,NA,-17.78,NA,-18.33,-17.78,5
1862-01-13 21:00:00,19.44,NA,0,270,0.75,NA,1038.88,NA,NA,NA,63,NA,-20.44,NA,-21.11,-20.56,2
1862-01-14,NA,NA,NA,NA,NA,NA,NA,0,"empty","empty",NA,0,NA,-16.8,NA,NA,NA
1862-01-14 07:00:00,10,NA,NA,202.5,1.93,NA,1039.28,NA,NA,NA,79,NA,-23.06,NA,-23.33,-22.78,1
1862-01-14 14:00:00,17.22,NA,0,202.5,1.56,NA,1041.11,NA,NA,NA,67,NA,-12.22,NA,-12.78,-12.22,1
1862-01-14 21:00:00,17.22,NA,NA,202.5,1.29,NA,1039.76,NA,NA,NA,73,NA,-15.11,NA,-16.11,-15.56,1
1862-01-15,NA,NA,NA,NA,NA,NA,NA,3.56,"8:30am","2am",NA,25.4,NA,-11.59,NA,NA,NA
1862-01-15 07:00:00,10.56,67.5,2,67.5,1.08,NA,1029.53,NA,NA,NA,70,NA,-17,NA,-17.78,-17.22,2
1862-01-15 14:00:00,13.89,67.5,1,67.5,2.3,NA,1008.94,NA,NA,NA,92,NA,-11,NA,-11.39,-11.11,1
1862-01-15 21:00:00,13.89,NA,1,45,3.22,"45",1001.42,NA,NA,NA,93,NA,-6.78,NA,-7.33,-7.22,1
1862-01-16,NA,NA,NA,NA,NA,NA,NA,25.4,"empty","empty",NA,247.65,NA,-10.3,NA,NA,NA
1862-01-16 07:00:00,11.11,270,4,270,2.47,NA,1009.01,NA,NA,NA,68,NA,-6.56,NA,-7.22,-6.67,11
1862-01-16 14:00:00,19.44,270,5,270,1.83,NA,1022.62,NA,NA,NA,58,NA,-8.11,NA,-9.11,-8.33,16
1862-01-16 21:00:00,13.33,NA,0,292.5,1.15,NA,1031.43,NA,NA,NA,71,NA,-16.22,NA,-17.22,-16.67,1
1862-01-17,NA,NA,NA,NA,NA,NA,NA,0,"noon","5pm",NA,0,NA,-7.39,NA,NA,NA
1862-01-17 07:00:00,11.67,180,1,180,1.86,NA,1032.85,NA,NA,NA,66,NA,-10,NA,-10.56,-10,1
1862-01-17 14:00:00,13.89,180,1,180,3.83,NA,1029.8,NA,NA,NA,84,NA,-3.56,NA,-4.22,-3.89,1
1862-01-17 21:00:00,12.22,NA,1,225,2.03,"225",1029.46,NA,NA,NA,67,NA,-8.61,NA,-9.44,-8.89,1
1862-01-18,NA,NA,NA,NA,NA,NA,NA,4.06,"1am | 11am","5am | 2pm",NA,31.75,NA,-8.06,NA,NA,NA
1862-01-18 07:00:00,11.67,0,1,0,2.98,NA,1025.8,NA,NA,NA,86,NA,-6.94,NA,-7.44,-7.22,1
1862-01-18 14:00:00,13.33,0,1,0,2.71,NA,1021.74,NA,NA,NA,86,NA,-8.22,NA,-8.56,-8.33,1
1862-01-18 21:00:00,16.67,NA,2,22.5,2.27,"22.5",1020.66,NA,NA,NA,78,NA,-9,NA,-9.78,-9.44,1
1862-01-19,NA,NA,NA,NA,NA,NA,NA,4.83,"11:30am | 6pm","4pm | 7pm",NA,44.45,NA,-8.71,NA,NA,NA
1862-01-19 07:00:00,15,0,3,0,1.9,NA,1019.3,NA,NA,NA,78,NA,-11.56,NA,-12,-11.67,5
1862-01-19 14:00:00,16.67,0,2,0,2.84,NA,1016.93,NA,NA,NA,86,NA,-7.56,NA,-8,-7.78,2
1862-01-19 21:00:00,18.33,NA,2,22.5,2.98,"22.5",1016.66,NA,NA,NA,86,NA,-7,NA,-7.44,-7.22,2
1862-01-20,NA,NA,NA,NA,NA,NA,NA,6.1,"4am","10pm",NA,59.69,NA,-6.26,NA,NA,NA
1862-01-20 07:00:00,14.44,22.5,3,22.5,3.22,NA,1015.24,NA,NA,NA,93,NA,-6.94,NA,-7.33,-7.22,5
1862-01-20 14:00:00,17.22,22.5,2,22.5,3.73,NA,1014.22,NA,NA,NA,94,NA,-5.56,NA,-5.67,-5.56,2
1862-01-20 21:00:00,17.78,NA,3,22.5,3.39,"22.5",1014.22,NA,NA,NA,93,NA,-6.28,NA,-6.78,-6.67,5
1862-01-21,NA,NA,NA,NA,NA,NA,NA,12.45,"empty","empty",NA,146.05,NA,-9.17,NA,NA,NA
1862-01-21 07:00:00,16.67,22.5,1,22.5,2.03,NA,1024.25,NA,NA,NA,67,NA,-8.67,NA,-9.44,-8.89,1
1862-01-21 14:00:00,30.56,NA,0,0,2.24,NA,1028.18,NA,NA,NA,68,NA,-7.61,NA,-8.33,-7.78,1
1862-01-21 21:00:00,17.78,NA,0,0,1.63,NA,1026.08,NA,NA,NA,67,NA,-11.22,NA,-12.22,-11.67,2
1862-01-22,NA,NA,NA,NA,NA,NA,NA,0.23,"7am | 11am | 4pm","10am | 2pm | 6pm",NA,0.23,NA,-9.11,NA,NA,NA
1862-01-22 07:00:00,17.22,0,2,0,1.83,NA,1024.45,NA,NA,NA,88,NA,-13.22,NA,-13.61,-13.33,2
1862-01-22 14:00:00,17.78,0,2,0,2.84,NA,1022.55,NA,NA,NA,86,NA,-7.39,NA,-8,-7.78,2
1862-01-22 21:00:00,17.22,NA,1,0,2,"0",1020.66,NA,NA,NA,93,NA,-6.72,NA,-7.33,-7.22,1
1862-01-23,NA,NA,NA,NA,NA,NA,NA,1.02,"empty","empty",NA,25.4,NA,-2.17,NA,NA,NA
1862-01-23 07:00:00,16.11,180,1,180,1.29,NA,1019.98,NA,NA,NA,71,NA,-5.39,NA,-6.11,-5.56,1
1862-01-23 14:00:00,23.33,270,1,270,5.01,NA,1021,NA,NA,NA,85,NA,-0.33,NA,-1.11,-0.56,1
1862-01-23 21:00:00,16.11,NA,1,270,4.74,"270",1023.03,NA,NA,NA,83,NA,-0.78,NA,-1.67,-1.11,1
1862-01-24,NA,NA,NA,NA,NA,NA,NA,0,"empty","empty",NA,0,NA,-10.43,NA,NA,NA
1862-01-24 07:00:00,12.22,22.5,1,22.5,1.46,NA,1024.65,NA,NA,NA,75,NA,-14.17,NA,-15,-14.44,1
1862-01-24 14:00:00,31.11,22.5,1,22.5,2.64,NA,1031.09,NA,NA,NA,70,NA,-5.67,NA,-6.67,-6.11,1
1862-01-24 21:00:00,15.56,NA,1,22.5,1.63,"22.5",1026.35,NA,NA,NA,67,NA,-11.44,NA,-12.22,-11.67,1
1862-01-25,NA,NA,NA,NA,NA,NA,NA,2.54,"8:15pm | 10pm","10pm | 2am",NA,19.05,NA,-6.56,NA,NA,NA
1862-01-25 07:00:00,14.44,45,3,22.5,3.28,NA,1019.3,NA,NA,NA,87,NA,-5.89,NA,-6.33,-6.11,5
1862-01-25 14:00:00,13.33,22.5,3,22.5,3.22,NA,1009.21,NA,NA,NA,93,NA,-7.22,NA,-7.33,-7.22,16
1862-01-25 21:00:00,15.56,NA,4,22.5,3.39,"22.5",1004.06,NA,NA,NA,93,NA,-6.56,NA,-6.78,-6.67,11
1862-01-26,NA,NA,NA,NA,NA,NA,NA,33.53,"8am","2am, 1pm",NA,317.5,NA,-5.17,NA,NA,NA
1862-01-26 07:00:00,14.44,270,3,270,3.56,NA,1002.37,NA,NA,NA,93,NA,-6.11,NA,-6.22,-6.11,5
1862-01-26 14:00:00,13.89,270,5,270,4.54,NA,1006.23,NA,NA,NA,87,NA,-2.06,NA,-2.56,-2.22,16
1862-01-26 21:00:00,10.56,NA,0,292.5,2.24,NA,1015.78,NA,NA,NA,68,NA,-7.33,NA,-8.33,-7.78,2
1862-01-27,NA,NA,NA,NA,NA,NA,NA,0.51,"empty","empty",NA,12.7,NA,-11.15,NA,NA,NA
1862-01-27 07:00:00,10.56,270,1,270,1.76,NA,1024.86,NA,NA,NA,66,NA,-10.28,NA,-11.11,-10.56,1
1862-01-27 14:00:00,20,NA,0,292.5,1.86,NA,1031.09,NA,NA,NA,66,NA,-9.56,NA,-10.56,-10,2
1862-01-27 21:00:00,16.67,NA,0,292.5,1.46,NA,1035.22,NA,NA,NA,75,NA,-13.61,NA,-15,-14.44,1
1862-01-28,NA,NA,NA,NA,NA,NA,NA,0,"empty","empty",NA,0,NA,-16.56,NA,NA,NA
1862-01-28 07:00:00,16.11,NA,NA,337.5,0.85,NA,1037.39,NA,NA,NA,66,NA,-19.72,NA,-20,-19.44,1
1862-01-28 14:00:00,17.22,NA,0,292.5,1.25,NA,1032.85,NA,NA,NA,62,NA,-14.28,NA,-15.28,-14.44,1
1862-01-28 21:00:00,16.11,NA,0,202.5,0.95,NA,1026.75,NA,NA,NA,57,NA,-15.67,NA,-16.94,-16.11,1
1862-01-29,NA,NA,NA,NA,NA,NA,NA,0.23,"7am | 10am","10am | 5pm",NA,0.23,NA,-9.65,NA,NA,NA
1862-01-29 07:00:00,12.22,22.5,1,22.5,1.56,NA,1015.88,NA,NA,NA,87,NA,-15.11,NA,-15.28,-15.56,1
1862-01-29 14:00:00,15.56,0,1,0,3.39,NA,1012.12,NA,NA,NA,93,NA,-6.39,NA,-6.78,-6.67,1
1862-01-29 21:00:00,17.22,NA,1,0,3.08,"0",1015.24,NA,NA,NA,93,NA,-7.44,NA,-7.89,-7.78,1
1862-01-30,NA,NA,NA,NA,NA,NA,NA,0.23,"empty","empty",NA,0.23,NA,-2.04,NA,NA,NA
1862-01-30 07:00:00,14.44,270,1,270,2.74,NA,1017.07,NA,NA,NA,80,NA,-6.78,NA,-7.56,-7.22,1
1862-01-30 14:00:00,12.78,270,1,270,3.42,NA,1017.27,NA,NA,NA,82,NA,-4.72,NA,-5.33,-5,1
1862-01-30 21:00:00,15.56,NA,1,247.5,3.62,"247.5",1020.39,NA,NA,NA,76,NA,-2.94,NA,-3.89,-3.33,1
1862-01-31,NA,NA,NA,NA,NA,NA,NA,0,"empty","empty",NA,0,NA,-9.52,NA,NA,NA
1862-01-31 07:00:00,12.78,NA,0,NA,1.86,NA,1027.9,NA,NA,NA,66,NA,-9.78,NA,-10.56,-10,0
1862-01-31 14:00:00,26.67,NA,0,315,2.37,NA,1034.61,NA,NA,NA,68,NA,-6.72,NA,-7.78,-7.22,1
1862-01-31 21:00:00,17.78,NA,0,315,1.56,NA,1034.54,NA,NA,NA,67,NA,-12.06,NA,-12.78,-12.22,1
1862-02-01,NA,NA,NA,NA,NA,NA,NA,0,"noon","8pm",NA,0,NA,-10.13,NA,NA,NA
1862-02-01 07:00:00,13.89,0,1,0,1.05,NA,1024.38,NA,NA,NA,83,NA,-20.11,NA,-20.28,-20,1
1862-02-01 14:00:00,16.11,0,1,0,2.84,NA,1019.3,NA,NA,NA,86,NA,-7.61,NA,-8,-7.78,1
1862-02-01 21:00:00,15,NA,1,180,4.5,"180",1018.63,NA,NA,NA,91,NA,-2.67,NA,-3,-2.78,1
1862-02-02,NA,NA,NA,NA,NA,NA,NA,1.52,"empty","empty",NA,19.05,NA,-8.47,NA,NA,NA
1862-02-02 07:00:00,15.56,0,1,270,1.93,NA,1024.92,NA,NA,NA,67,NA,-9.11,NA,-10,-9.44,1
1862-02-02 14:00:00,31.11,247.5,1,247.5,2.03,NA,1029.94,NA,NA,NA,58,NA,-7,NA,-8,-7.22,1
1862-02-02 21:00:00,16.11,NA,0,247.5,1.93,NA,1029.12,NA,NA,NA,67,NA,-9.28,NA,-10,-9.44,1
1862-02-03,NA,NA,NA,NA,NA,NA,NA,0,"empty","empty",NA,0,NA,-15.52,NA,NA,NA
1862-02-03 07:00:00,13.89,NA,NA,NA,0.81,NA,1032.85,NA,NA,NA,65,NA,-20.44,NA,-20.56,-20,0
1862-02-03 14:00:00,17.22,22.5,1,22.5,1.56,NA,1030.82,NA,NA,NA,67,NA,-12.22,NA,-12.78,-12.22,1
1862-02-03 21:00:00,17.22,NA,1,0,1.52,"0",1026.35,NA,NA,NA,76,NA,-13.89,NA,-14.44,-13.89,1
1862-02-04,NA,NA,NA,NA,NA,NA,NA,0.51,"7am","10am",NA,12.7,NA,-11.41,NA,NA,NA
1862-02-04 07:00:00,13.33,0,3,0,1.52,NA,1022.69,NA,NA,NA,76,NA,-13.72,NA,-14.44,-13.89,5
1862-02-04 14:00:00,20,0,2,0,1.73,NA,1025.87,NA,NA,NA,67,NA,-9.22,NA,-10,-9.44,2
1862-02-04 21:00:00,16.11,NA,1,45,1.63,"45",1026.89,NA,NA,NA,67,NA,-11.28,NA,-12.22,-11.67,1
1862-02-05,NA,NA,NA,NA,NA,NA,NA,0,"empty","empty",NA,0,NA,-13.41,NA,NA,NA
1862-02-05 07:00:00,15,NA,NA,NA,0.91,NA,1033.8,NA,NA,NA,67,NA,-19.11,NA,-19.44,-18.89,0
1862-02-05 14:00:00,20.56,270,1,270,1.83,NA,1032.31,NA,NA,NA,71,NA,-10.39,NA,-11.39,-10.56,1
1862-02-05 21:00:00,18.33,NA,1,225,1.69,"225",1028.11,NA,NA,NA,66,NA,-10.72,NA,-11.67,-11.11,1
1862-02-06,NA,NA,NA,NA,NA,NA,NA,0,"5:50pm","2am",NA,0,NA,-10.47,NA,NA,NA
1862-02-06 07:00:00,13.89,0,3,0,1.22,NA,1019.3,NA,NA,NA,72,NA,-15.83,NA,-16.67,-16.11,5
1862-02-06 14:00:00,17.22,0,3,0,2.27,NA,1011.11,NA,NA,NA,78,NA,-9.33,NA,-9.78,-9.44,5
1862-02-06 21:00:00,17.78,NA,2,45,3.15,"45",1001.08,NA,NA,NA,86,NA,-6.22,NA,-6.89,-6.67,2
1862-02-07,NA,NA,NA,NA,NA,NA,NA,7.87,"empty","empty",NA,57.15,NA,-4.8,NA,NA,NA
1862-02-07 07:00:00,14.44,270,3,270,3.66,NA,1008.53,NA,NA,NA,88,NA,-3.39,NA,-5.22,-5,5
1862-02-07 14:00:00,16.11,292.5,3,292.5,4.13,NA,1013,NA,NA,NA,80,NA,-1.78,NA,-2.78,-2.22,5
1862-02-07 21:00:00,18.33,NA,3,292.5,2.13,"292.5",1020.66,NA,NA,NA,68,NA,-8.11,NA,-8.89,-8.33,5
1862-02-08,NA,NA,NA,NA,NA,NA,NA,0,"empty","empty",NA,0,NA,-8.5,NA,NA,NA
1862-02-08 07:00:00,16.11,NA,0,315,2.13,NA,1023.71,NA,NA,NA,68,NA,-8.06,NA,-8.89,-8.33,1
1862-02-08 14:00:00,13.89,247.5,1,247.5,2.13,NA,1018.83,NA,NA,NA,68,NA,-7.89,NA,-8.89,-8.33,1
1862-02-08 21:00:00,13.89,NA,2,157.5,2.17,"157.5",1017.2,NA,NA,NA,78,NA,-9.56,NA,-10.33,-10,2
1862-02-09,NA,NA,NA,NA,NA,NA,NA,0,"empty","empty",NA,0,NA,-10.83,NA,NA,NA
1862-02-09 07:00:00,12.78,292.5,1,292.5,1.52,NA,1013.41,NA,NA,NA,76,NA,-13.06,NA,-14.44,-13.89,1
1862-02-09 14:00:00,25.56,292.5,1,292.5,1.93,NA,1014.9,NA,NA,NA,61,NA,-9.44,NA,-10,-9.44,1
1862-02-09 21:00:00,13.33,NA,1,292.5,1.86,"292.5",1017.61,NA,NA,NA,66,NA,-10,NA,-10.56,-10,1
1862-02-10,NA,NA,NA,NA,NA,NA,NA,0,"empty","empty",NA,0,NA,-14.97,NA,NA,NA
1862-02-10 07:00:00,10,NA,NA,NA,0.95,NA,1020.52,NA,NA,NA,68,NA,-18.33,NA,-18.89,-18.33,0
1862-02-10 14:00:00,20,112.5,1,112.5,1.56,NA,1018.29,NA,NA,NA,67,NA,-12,NA,-12.78,-12.22,1
1862-02-10 21:00:00,18.89,NA,1,112.5,1.29,"112.5",1015.92,NA,NA,NA,73,NA,-14.56,NA,-16.11,-15.56,1
1862-02-11,NA,NA,NA,NA,NA,NA,NA,0,"11pm","4pm",NA,0,NA,-11.56,NA,NA,NA
1862-02-11 07:00:00,15,0,2,0,1.22,NA,1011.11,NA,NA,NA,72,NA,-15.83,NA,-16.67,-16.11,2
1862-02-11 14:00:00,18.89,0,1,0,1.69,NA,1010.7,NA,NA,NA,66,NA,-10.72,NA,-11.67,-11.11,1
1862-02-11 21:00:00,13.33,NA,1,112.5,2.13,"112.5",1006.23,NA,NA,NA,68,NA,-8.11,NA,-8.89,-8.33,1
1862-02-12,NA,NA,NA,NA,NA,NA,NA,6.86,"5pm","7pm",NA,50.8,NA,-1.43,NA,NA,NA
1862-02-12 07:00:00,13.33,157.5,1,157.5,3.66,NA,1004.06,NA,NA,NA,88,NA,-4.72,NA,-5.22,-5,1
1862-02-12 14:00:00,12.78,225,1,225,6.77,NA,1004.34,NA,NA,NA,98,NA,1.67,NA,1.28,1.67,1
1862-02-12 21:00:00,17.22,NA,1,225,4.81,"225",1011.45,NA,NA,NA,89,NA,-1.22,NA,-2,-1.67,1
1862-02-13,NA,NA,NA,NA,NA,NA,NA,3.56,"5pm","9pm",NA,44.45,NA,-8.39,NA,NA,NA
1862-02-13 07:00:00,13.33,315,3,315,2.13,NA,1017.95,NA,NA,NA,68,NA,-8.17,NA,-8.89,-8.33,5
1862-02-13 14:00:00,17.78,0,1,0,2.24,NA,1017,NA,NA,NA,68,NA,-7.78,NA,-8.33,-7.78,1
1862-02-13 21:00:00,14.44,NA,1,22.5,1.93,"0",1015.92,NA,NA,NA,66,NA,-9.11,NA,-10,-9.44,1
1862-02-14,NA,NA,NA,NA,NA,NA,NA,0.23,"6am","2pm",NA,0.23,NA,-7.71,NA,NA,NA
1862-02-14 07:00:00,15,270,2,270,2.03,NA,1012.19,NA,NA,NA,67,NA,-8.56,NA,-9.44,-8.89,2
1862-02-14 14:00:00,18.33,270,2,270,3.86,NA,1010.84,NA,NA,NA,79,NA,-2.33,NA,-3.33,-2.78,2
1862-02-14 21:00:00,12.78,NA,2,270,1.56,"270",1012.53,NA,NA,NA,67,NA,-12.22,NA,-12.78,-12.22,1
1862-02-15,NA,NA,NA,NA,NA,NA,NA,5.08,"empty","empty",NA,50.8,NA,-12.52,NA,NA,NA
1862-02-15 07:00:00,12.22,22.5,1,22.5,0.91,NA,1014.22,NA,NA,NA,67,NA,-18.89,NA,-19.44,-18.89,1
1862-02-15 14:00:00,12.22,22.5,1,22.5,3.62,NA,1017.2,NA,NA,NA,76,NA,-3.33,NA,-3.89,-3.33,1
1862-02-15 21:00:00,15,NA,1,22.5,1.25,"22.5",1017.61,NA,NA,NA,62,NA,-14.22,NA,-15.28,-14.44,1
1862-02-16,NA,NA,NA,NA,NA,NA,NA,0,"empty","empty",NA,0,NA,-9.94,NA,NA,NA
1862-02-16 07:00:00,8.33,NA,0,270,1.83,NA,1019.1,NA,NA,NA,88,NA,-12.89,NA,-13.61,-13.33,11
1862-02-16 14:00:00,17.78,NA,0,270,3.18,NA,1026.08,NA,NA,NA,73,NA,-4.44,NA,-5,-4.44,5
1862-02-16 21:00:00,13.89,NA,0,270,1.73,NA,1032.51,NA,NA,NA,77,NA,-12.5,NA,-13.33,-12.78,1
1862-02-17,NA,NA,NA,NA,NA,NA,NA,0,"empty","empty",NA,0,NA,-11.3,NA,NA,NA
1862-02-17 07:00:00,11.11,NA,0,225,1.29,NA,1034.54,NA,NA,NA,73,NA,-15.33,NA,-16.11,-15.56,1
1862-02-17 14:00:00,18.33,22.5,1,22.5,2.13,NA,1031.63,NA,NA,NA,68,NA,-8,NA,-8.89,-8.33,1
1862-02-17 21:00:00,15.56,NA,1,22.5,1.83,"22.5",1027.43,NA,NA,NA,71,NA,-10.56,NA,-11.39,-10.56,1
1862-02-18,NA,NA,NA,NA,NA,NA,NA,5.84,"6am","10am",NA,50.8,NA,-2.09,NA,NA,NA
1862-02-18 07:00:00,13.89,202.5,1,202.5,2.03,NA,1013.21,NA,NA,NA,67,NA,-8.78,NA,-9.44,-8.89,1
1862-02-18 14:00:00,17.22,202.5,1,202.5,6.54,NA,1012.19,NA,NA,NA,91,NA,2.78,NA,1.67,2.22,1
1862-02-18 21:00:00,15.56,NA,1,180,5.01,"180",1015.92,NA,NA,NA,85,NA,-0.28,NA,-1.11,-0.56,1
1862-02-19,NA,NA,NA,NA,NA,NA,NA,0,"10pm","10am",NA,0,NA,-6.32,NA,NA,NA
1862-02-19 07:00:00,13.89,22.5,1,22.5,2.13,NA,1027.57,NA,NA,NA,68,NA,-7.89,NA,-8.89,-8.33,1
1862-02-19 14:00:00,17.22,22.5,1,22.5,3.39,NA,1024.72,NA,NA,NA,74,NA,-3.44,NA,-4.44,-3.89,1
1862-02-19 21:00:00,14.44,NA,1,22.5,2.84,"22.5",1018.76,NA,NA,NA,86,NA,-7.61,NA,-8,-7.78,1
1862-02-20,NA,NA,NA,NA,NA,NA,NA,12.19,"12pm | 2:30pm","1pm | 4pm",NA,133.35,NA,-7.44,NA,NA,NA
1862-02-20 07:00:00,16.67,22.5,4,22.5,2.54,NA,1006.84,NA,NA,NA,92,NA,-9.5,NA,-10.11,-10,11
1862-02-20 14:00:00,16.67,315,3,315,4.3,NA,1013.07,NA,NA,NA,90,NA,-3.06,NA,-3.56,-3.33,5
1862-02-20 21:00:00,13.89,NA,2,315,2.17,"315",1021.61,NA,NA,NA,78,NA,-9.78,NA,-10.33,-10,5
1862-02-21,NA,NA,NA,NA,NA,NA,NA,1.02,"empty","empty",NA,38.1,NA,-6.54,NA,NA,NA
1862-02-21 07:00:00,14.44,270,2,270,1.73,NA,1026.14,NA,NA,NA,77,NA,-12.78,NA,-13.33,-12.78,2
1862-02-21 14:00:00,18.89,247.5,2,247.5,4.4,NA,1024.04,NA,NA,NA,82,NA,-1.39,NA,-2.22,-1.67,2
1862-02-21 21:00:00,16.11,NA,2,247.5,2.81,"247.5",1019.3,NA,NA,NA,71,NA,-5.44,NA,-6.11,-5.56,2
1862-02-22,NA,NA,NA,NA,NA,NA,NA,0.23,"1am","2am",NA,0.23,NA,-3.76,NA,NA,NA
1862-02-22 07:00:00,15.56,180,1,180,2.81,NA,1012.53,NA,NA,NA,71,NA,-5.33,NA,-6.11,-5.56,1
1862-02-22 14:00:00,26.67,NA,0,0,3.59,NA,1012.53,NA,NA,NA,67,NA,-1.17,NA,-2.78,-1.67,1
1862-02-22 21:00:00,17.22,NA,0,247.5,2.98,NA,1009.14,NA,NA,NA,72,NA,-4.78,NA,-5.56,-5,1
1862-02-23,NA,NA,NA,NA,NA,NA,NA,0,"4pm","10pm",NA,0,NA,-0.89,NA,NA,NA
1862-02-23 07:00:00,16.11,225,1,225,2.64,NA,1009.14,NA,NA,NA,70,NA,-6.11,NA,-6.67,-6.11,1
1862-02-23 14:00:00,17.22,135,1,135,5.96,NA,1006.3,NA,NA,NA,89,NA,1.33,NA,0.56,1.11,1
1862-02-23 21:00:00,16.11,NA,1,135,6.23,"135",1004.4,NA,NA,NA,90,NA,2.11,NA,1.11,1.67,1
1862-02-24,NA,NA,NA,NA,NA,NA,NA,0.23,"1am | 8am | 10am","5am | 10am | 5pm",NA,0.23,NA,-4.67,NA,NA,NA
1862-02-24 07:00:00,16.67,22.5,2,22.5,6.5,NA,997.87,NA,NA,NA,98,NA,1.33,NA,1,1.11,2
1862-02-24 14:00:00,15.56,337.5,5,337.5,4.1,NA,989.57,NA,NA,NA,94,NA,-4,NA,-4.56,-4.44,16
1862-02-24 21:00:00,16.11,NA,6,292.5,2.03,"337.5",1005.22,NA,NA,NA,85,NA,-11.33,NA,-11.89,-11.67,20
1862-02-25,NA,NA,NA,NA,NA,NA,NA,26.16,"empty","empty",NA,186.69,NA,-15.98,NA,NA,NA
1862-02-25 07:00:00,8.33,270,6,270,0.75,NA,1021,NA,NA,NA,63,NA,-20.56,NA,-21.11,-20.56,20
1862-02-25 14:00:00,12.22,NA,0,270,1.52,NA,1023.37,NA,NA,NA,76,NA,-13.44,NA,-14.44,-13.89,16
1862-02-25 21:00:00,10.56,NA,0,270,1.25,NA,1025.74,NA,NA,NA,62,NA,-13.94,NA,-15.28,-14.44,2
1862-02-26,NA,NA,NA,NA,NA,NA,NA,0,"empty","empty",NA,0,NA,-13.69,NA,NA,NA
1862-02-26 07:00:00,13.89,NA,0,NA,0.95,NA,1022.28,NA,NA,NA,68,NA,-18.28,NA,-18.89,-18.33,0
1862-02-26 14:00:00,22.22,157.5,2,157.5,1.86,NA,1016.66,NA,NA,NA,66,NA,-9.56,NA,-10.56,-10,2
1862-02-26 21:00:00,11.11,NA,0,315,1.63,NA,1010.5,NA,NA,NA,77,NA,-13.22,NA,-13.89,-13.33,1
1862-02-27,NA,NA,NA,NA,NA,NA,NA,0,"8:30pm","2pm",NA,0,NA,-9.04,NA,NA,NA
1862-02-27 07:00:00,15.56,0,2,0,1.73,NA,1005.76,NA,NA,NA,77,NA,-12.33,NA,-13.33,-12.78,2
1862-02-27 14:00:00,16.11,0,2,0,2.98,NA,1002.64,NA,NA,NA,86,NA,-7,NA,-7.44,-7.22,2
1862-02-27 21:00:00,14.44,NA,2,270,2.84,"270",1002.78,NA,NA,NA,86,NA,-7.78,NA,-8,-7.78,2
1862-02-28,NA,NA,NA,NA,NA,NA,NA,6.35,"empty","empty",NA,50.8,NA,-6.32,NA,NA,NA
1862-02-28 07:00:00,16.67,247.5,5,247.5,2.57,NA,1001.36,NA,NA,NA,85,NA,-8.72,NA,-9.11,-8.89,16
1862-02-28 14:00:00,15,247.5,5,247.5,3.05,NA,997.09,NA,NA,NA,81,NA,-5.56,NA,-6.44,-6.11,16
1862-02-28 21:00:00,12.78,NA,4,247.5,3.42,"247.5",1000.47,NA,NA,NA,82,NA,-4.67,NA,-5.33,-5,11
1862-03-01,NA,NA,NA,NA,NA,NA,NA,3.05,"empty","empty",NA,25.4,NA,-6.54,NA,NA,NA
1862-03-01 07:00:00,15.56,270,3,270,2.51,NA,1006.43,NA,NA,NA,80,NA,-8.06,NA,-8.67,-8.33,5
1862-03-01 14:00:00,17.78,270,3,270,2.64,NA,1009.08,NA,NA,NA,70,NA,-5.67,NA,-6.67,-6.11,5
1862-03-01 21:00:00,12.78,NA,1,270,2.84,"270",1012.19,NA,NA,NA,75,NA,-5.89,NA,-6.56,-6.11,1
1862-03-02,NA,NA,NA,NA,NA,NA,NA,0,"6pm","empty",NA,0,NA,-6.26,NA,NA,NA
1862-03-02 07:00:00,12.22,270,1,270,2.24,NA,1018.63,NA,NA,NA,68,NA,-7.44,NA,-8.33,-7.78,1
1862-03-02 14:00:00,22.78,NA,0,247.5,3.25,NA,1019.24,NA,NA,NA,68,NA,-3,NA,-4.11,-3.33,1
1862-03-02 21:00:00,13.89,NA,0,225,2.13,NA,1017.07,NA,NA,NA,68,NA,-8.33,NA,-8.89,-8.33,1
1862-03-03,NA,NA,NA,NA,NA,NA,NA,0,"2:30am | 4pm | 8pm","10am | 6pm | 10am",NA,0,NA,-3.3,NA,NA,NA
1862-03-03 07:00:00,15,45,1,45,2.54,NA,1014.22,NA,NA,NA,74,NA,-6.94,NA,-7.67,-7.22,1
1862-03-03 14:00:00,20,22.5,1,22.5,4.54,NA,1011.24,NA,NA,NA,87,NA,-1.94,NA,-2.56,-2.22,1
1862-03-03 21:00:00,16.11,NA,2,22.5,5.45,"22.5",1000.68,NA,NA,NA,96,NA,-1,NA,-1.22,-1.11,2
1862-03-04,NA,NA,NA,NA,NA,NA,NA,14.22,"11am | 4pm","12pm | 7pm",NA,0.23,NA,0.18,NA,NA,NA
1862-03-04 07:00:00,16.11,45,2,45,5.96,NA,993.57,NA,NA,NA,89,NA,1.33,NA,0.56,1.11,1
1862-03-04 14:00:00,18.33,247.5,2,247.5,6.23,NA,995.6,NA,NA,NA,90,NA,2,NA,1.11,1.67,2
1862-03-04 21:00:00,20,NA,4,247.5,3.86,"247.5",998.98,NA,NA,NA,79,NA,-2.78,NA,-3.33,-2.78,11
1862-03-05,NA,NA,NA,NA,NA,NA,NA,4.57,"4am | 4pm","8am | 4am",NA,57.15,NA,-2.86,NA,NA,NA
1862-03-05 07:00:00,11.11,270,5,270,3.66,NA,998.78,NA,NA,NA,88,NA,-4.56,NA,-5.22,-5,16
1862-03-05 14:00:00,13.89,270,3,270,5.45,NA,1000.81,NA,NA,NA,96,NA,-0.83,NA,-1.22,-1.11,5
1862-03-05 21:00:00,13.89,NA,2,270,3.25,"270",1001.36,NA,NA,NA,68,NA,-3.17,NA,-4.11,-3.33,2
1862-03-06,NA,NA,NA,NA,NA,NA,NA,2.54,"empty","empty",NA,25.4,NA,-1.97,NA,NA,NA
1862-03-06 07:00:00,10.56,247.5,2,247.5,3.62,NA,1001.02,NA,NA,NA,83,NA,-4.33,NA,-4.78,-4.44,2
1862-03-06 14:00:00,17.78,247.5,2,247.5,5.28,NA,1002.44,NA,NA,NA,79,NA,1.28,NA,0,1.11,2
1862-03-06 21:00:00,13.89,NA,2,247.5,4.06,"247.5",1002.44,NA,NA,NA,85,NA,-2.83,NA,-3.67,-3.33,2
1862-03-07,NA,NA,NA,NA,NA,NA,NA,1.78,"empty","empty",NA,19.05,NA,1.56,NA,NA,NA
1862-03-07 07:00:00,12.78,315,2,315,3.86,NA,1005.69,NA,NA,NA,79,NA,-2.33,NA,-3.33,-2.78,2
1862-03-07 14:00:00,17.22,270,1,270,6.4,NA,1007.92,NA,NA,NA,76,NA,4.89,NA,2.78,4.44,1
1862-03-07 21:00:00,13.89,NA,1,270,5.55,"270",1008.94,NA,NA,NA,80,NA,2.11,NA,0.56,1.67,1
1862-03-08,NA,NA,NA,NA,NA,NA,NA,0,"empty","empty",NA,0,NA,2.74,NA,NA,NA
1862-03-08 07:00:00,12.78,315,1,NA,4.64,NA,1013.48,NA,NA,NA,75,NA,0.44,NA,-1.11,0,0
1862-03-08 14:00:00,25.56,0,1,0,6.4,NA,1017.95,NA,NA,NA,76,NA,4.72,NA,2.78,4.44,1
1862-03-08 21:00:00,14.44,NA,0,0,5.59,NA,1018.96,NA,NA,NA,75,NA,3.06,NA,1.11,2.78,1
1862-03-09,NA,NA,NA,NA,NA,NA,NA,0,"empty","empty",NA,0,NA,2.76,NA,NA,NA
1862-03-09 07:00:00,13.33,NA,0,225,4.3,NA,1021,NA,NA,NA,72,NA,-0.22,NA,-1.67,-0.56,1
1862-03-09 14:00:00,25,225,1,225,7.01,NA,1027.57,NA,NA,NA,78,NA,5.83,NA,3.89,5.56,1
1862-03-09 21:00:00,15.56,NA,1,135,5.93,"135",1021.61,NA,NA,NA,82,NA,2.67,NA,1.11,2.22,1
1862-03-10,NA,NA,NA,NA,NA,NA,NA,4.83,"2am | 10am","10am | 11pm",NA,0,NA,3.13,NA,NA,NA
1862-03-10 07:00:00,13.89,180,1,180,6.23,NA,1011.92,NA,NA,NA,90,NA,1.94,NA,1.11,1.67,1
1862-03-10 14:00:00,17.22,202.5,1,202.5,7.38,NA,1002.98,NA,NA,NA,92,NA,4.33,NA,3.33,3.89,1
1862-03-10 21:00:00,16.67,NA,1,180,6.77,"180",997.7,NA,NA,NA,91,NA,3.11,NA,2.22,2.78,1
1862-03-11,NA,NA,NA,NA,NA,NA,NA,9.65,"empty","empty",NA,0,NA,1.98,NA,NA,NA
1862-03-11 07:00:00,13.33,270,5,270,5.28,NA,1011.51,NA,NA,NA,79,NA,1.39,NA,0,1.11,16
1862-03-11 14:00:00,16.67,270,4,270,5.82,NA,1014.22,NA,NA,NA,69,NA,4.67,NA,2.22,4.44,11
1862-03-11 21:00:00,13.89,NA,2,270,4.3,"270",1014.22,NA,NA,NA,72,NA,-0.11,NA,-1.67,-0.56,2
1862-03-12,NA,NA,NA,NA,NA,NA,NA,0.23,"4am | 12:30pm | 2:15pm","5am | 1:15pm | 2:30pm",NA,0.23,NA,-1.02,NA,NA,NA
1862-03-12 07:00:00,12.78,225,3,225,4.4,NA,1010.84,NA,NA,NA,82,NA,-1.17,NA,-2.22,-1.67,5
1862-03-12 14:00:00,13.33,247.5,2,247.5,6.23,NA,1009.08,NA,NA,NA,90,NA,2.06,NA,1.11,1.67,2
1862-03-12 21:00:00,14.44,NA,2,0,3.18,"0",1020.93,NA,NA,NA,73,NA,-3.94,NA,-5,-4.44,2
1862-03-13,NA,NA,NA,NA,NA,NA,NA,0.23,"8:30pm","11pm",NA,0.23,NA,-5.69,NA,NA,NA
1862-03-13 07:00:00,15.56,0,1,0,2.24,NA,1029.33,NA,NA,NA,68,NA,-7.33,NA,-8.33,-7.78,1
1862-03-13 14:00:00,15.56,45,2,45,3.62,NA,1029.12,NA,NA,NA,76,NA,-3.17,NA,1.67,-3.33,2
1862-03-13 21:00:00,13.89,NA,3,45,2.91,"45",1027.5,NA,NA,NA,80,NA,-6.56,NA,-7,-6.67,5
1862-03-14,NA,NA,NA,NA,NA,NA,NA,2.29,"6am","2:30pm",NA,25.4,NA,-4.26,NA,NA,NA
1862-03-14 07:00:00,15.56,45,1,45,3.05,NA,1023.1,NA,NA,NA,81,NA,-5.72,NA,-6.44,-6.11,1
1862-03-14 14:00:00,12.78,45,2,45,3.86,NA,1020.66,NA,NA,NA,79,NA,-2.39,NA,-3.33,-2.78,2
1862-03-14 21:00:00,12.78,NA,2,22.5,2.98,"22.5",1021.33,NA,NA,NA,72,NA,-4.67,NA,-5.56,-5,2
1862-03-15,NA,NA,NA,NA,NA,NA,NA,10.92,"2am | 10pm","2:30pm",NA,120.65,NA,-2.41,NA,NA,NA
1862-03-15 07:00:00,13.89,22.5,1,22.5,3.89,NA,1017.2,NA,NA,NA,94,NA,-4.72,NA,-5.11,-5,1
1862-03-15 14:00:00,13.33,45,2,45,5.99,NA,1014.56,NA,NA,NA,97,NA,0.11,NA,-0.11,0,2
1862-03-15 21:00:00,12.22,NA,4,45,4.06,"45",1011.92,NA,NA,NA,83,NA,-2.61,NA,-3.22,-2.78,11
1862-03-16,NA,NA,NA,NA,NA,NA,NA,12.95,NA,"3:30pm",NA,121.92,NA,-3.39,NA,NA,NA
1862-03-16 07:00:00,12.22,22.5,5,22.5,3.56,NA,1003.73,NA,NA,NA,93,NA,-5.94,NA,-6.22,-6.11,16
1862-03-16 14:00:00,13.33,22.5,5,22.5,4.5,NA,1001.15,NA,NA,NA,91,NA,-2.5,NA,-3,-2.78,16
1862-03-16 21:00:00,13.33,NA,5,22.5,4.54,"22.5",1001.69,NA,NA,NA,87,NA,-1.72,NA,-2.56,-2.22,16
1862-03-17,NA,NA,NA,NA,NA,NA,NA,4.57,"8:30am","9pm",NA,43.18,NA,-2.48,NA,NA,NA
1862-03-17 07:00:00,13.33,0,2,0,4.06,NA,1003.73,NA,NA,NA,85,NA,-3.11,NA,-3.67,-3.33,5
1862-03-17 14:00:00,17.78,22.5,2,22.5,5.08,NA,1008.13,NA,NA,NA,90,NA,-0.67,NA,-1.44,-1.11,2
1862-03-17 21:00:00,15,NA,2,0,3.83,"45",1015.58,NA,NA,NA,84,NA,-3.67,NA,-1.44,-3.89,2
1862-03-18,NA,NA,NA,NA,NA,NA,NA,2.54,"empty","empty",NA,25.4,NA,-1.78,NA,NA,NA
1862-03-18 07:00:00,16.67,315,1,315,3.18,NA,1017.54,NA,NA,NA,73,NA,-4.44,NA,-5,-4.44,1
1862-03-18 14:00:00,22.78,225,1,315,5.05,NA,1019.37,NA,NA,NA,68,NA,2.78,NA,0.56,2.78,1
1862-03-18 21:00:00,14.44,NA,0,225,3.39,NA,1019.3,NA,NA,NA,74,NA,-3.67,NA,-4.44,-3.89,1
1862-03-19,NA,NA,NA,NA,NA,NA,NA,0,"empty","empty",NA,0,NA,-2.93,NA,NA,NA
1862-03-19 07:00:00,13.33,292.5,1,292.5,2.81,NA,1021,NA,NA,NA,71,NA,-5.56,NA,-6.11,-5.56,1
1862-03-19 14:00:00,22.22,270,1,270,5.35,NA,1018.9,NA,NA,NA,74,NA,2.72,NA,0.56,2.22,1
1862-03-19 21:00:00,15,NA,0,270,2.64,NA,1020.93,NA,NA,NA,70,NA,-5.94,NA,-6.67,-6.11,1
1862-03-20,NA,NA,NA,NA,NA,NA,NA,0,"empty","empty",NA,0,NA,-4.43,NA,NA,NA
1862-03-20 07:00:00,11.11,NA,0,225,2.24,NA,1021,NA,NA,NA,68,NA,-7.56,NA,-8.33,-7.78,1
1862-03-20 14:00:00,21.11,NA,0,202.5,3.89,NA,1021,NA,NA,NA,66,NA,-0.17,NA,-2,-0.56,1
1862-03-20 21:00:00,20.56,NA,0,202.5,2.81,NA,1018.35,NA,NA,NA,71,NA,-5.56,NA,-6.11,-5.56,1
1862-03-21,NA,NA,NA,NA,NA,NA,NA,0,"11am","11pm",NA,0,NA,-1.52,NA,NA,NA
1862-03-21 07:00:00,13.33,22.5,1,22.5,3.86,NA,1013.21,NA,NA,NA,88,NA,-4.06,NA,-4.67,-4.44,1
1862-03-21 14:00:00,13.89,90,4,90,5.69,NA,1009.14,NA,NA,NA,96,NA,-0.39,NA,-0.67,-0.56,11
1862-03-21 21:00:00,14.44,NA,4,45,5.69,"45",1003.73,NA,NA,NA,96,NA,-0.11,NA,-0.67,-0.56,11
1862-03-22,NA,NA,NA,NA,NA,NA,NA,7.87,"6pm","11pm",NA,124.46,NA,2.17,NA,NA,NA
1862-03-22 07:00:00,15,22.5,1,22.5,5.08,NA,997.56,NA,NA,NA,90,NA,-0.67,NA,-1.44,-1.11,1
1862-03-22 14:00:00,22.22,22.5,1,22.5,6.4,NA,997.63,NA,NA,NA,76,NA,5.33,NA,2.78,4.44,1
1862-03-22 21:00:00,13.89,NA,2,22.5,6.77,"22.5",997.63,NA,NA,NA,98,NA,1.83,NA,1.56,1.67,2
1862-03-23,NA,NA,NA,NA,NA,NA,NA,25.4,"8am | 8:45pm","10am | 10pm",NA,0.23,NA,5.02,NA,NA,NA
1862-03-23 07:00:00,16.11,22.5,1,NA,8.26,NA,1000.68,NA,NA,NA,84,NA,6.89,NA,5.56,6.67,0
1862-03-23 14:00:00,16.11,22.5,1,22.5,7.62,NA,1001.08,NA,NA,NA,85,NA,5.83,NA,4.44,5.56,1
1862-03-23 21:00:00,14.44,NA,1,22.5,6.54,"22.5",1001.42,NA,NA,NA,91,NA,2.33,NA,1.67,2.22,1
1862-03-24,NA,NA,NA,NA,NA,NA,NA,1.27,"empty","empty",NA,0,NA,2,NA,NA,NA
1862-03-24 07:00:00,13.89,315,1,NA,5.28,NA,1001.69,NA,NA,NA,79,NA,1.33,NA,0,1.11,0
1862-03-24 14:00:00,23.89,270,1,270,5.82,NA,1004.74,NA,NA,NA,69,NA,4.94,NA,2.22,4.44,1
1862-03-24 21:00:00,15,NA,4,270,3.89,"270",1005.76,NA,NA,NA,66,NA,-0.28,NA,-2,-0.56,11
1862-03-25,NA,NA,NA,NA,NA,NA,NA,0,"empty","empty",NA,0,NA,-0.54,NA,NA,NA
1862-03-25 07:00:00,13.33,292.5,2,292.5,3.86,NA,1006.84,NA,NA,NA,79,NA,-2.5,NA,-3.33,-2.78,2
1862-03-25 14:00:00,16.67,270,4,270,5.66,NA,1007.72,NA,NA,NA,89,NA,0.89,NA,0,0.56,11
1862-03-25 21:00:00,13.33,NA,1,270,4.64,"270",1009.31,NA,NA,NA,75,NA,0,NA,-1.11,0,1
1862-03-26,NA,NA,NA,NA,NA,NA,NA,0,"empty","empty",NA,0,NA,-0.15,NA,NA,NA
1862-03-26 07:00:00,13.89,270,1,270,2.64,NA,1010.84,NA,NA,NA,70,NA,-6.11,NA,-6.67,-6.11,1
1862-03-26 14:00:00,16.11,270,1,270,5.05,NA,1012.53,NA,NA,NA,68,NA,2.78,NA,0.56,2.78,1
1862-03-26 21:00:00,15,NA,0,292.5,5.05,NA,1014.22,NA,NA,NA,68,NA,2.89,NA,0.56,2.78,1
1862-03-27,NA,NA,NA,NA,NA,NA,NA,0,"empty","empty",NA,0,NA,1.56,NA,NA,NA
1862-03-27 07:00:00,12.22,292.5,2,292.5,3.01,NA,1016.32,NA,NA,NA,66,NA,-3.44,NA,-4.67,-3.89,2
1862-03-27 14:00:00,21.11,225,2,225,5.38,NA,1015.24,NA,NA,NA,60,NA,5.78,NA,2.22,5.56,2
1862-03-27 21:00:00,15.56,NA,1,202.5,5.93,"202.5",1011.18,NA,NA,NA,82,NA,2.33,NA,1.11,2.22,1
1862-03-28,NA,NA,NA,NA,NA,NA,NA,0.23,"12pm","1:30pm",NA,0.23,NA,-2.33,NA,NA,NA
1862-03-28 07:00:00,13.33,292.5,2,292.5,2.47,NA,1015.58,NA,NA,NA,68,NA,-6.44,NA,-7.22,-6.67,2
1862-03-28 14:00:00,17.78,315,1,315,5.66,NA,1015.65,NA,NA,NA,89,NA,1,NA,0,0.56,1
1862-03-28 21:00:00,14.44,NA,1,22.5,4.81,"22.5",1019.3,NA,NA,NA,89,NA,-1.56,NA,-2,-1.67,1
1862-03-29,NA,NA,NA,NA,NA,NA,NA,0,"empty","empty",NA,0,NA,-0.63,NA,NA,NA
1862-03-29 07:00:00,12.78,NA,0,292.5,3.18,NA,1023.03,NA,NA,NA,73,NA,-4.33,NA,-5,-4.44,1
1862-03-29 14:00:00,23.33,NA,0,225,4.81,NA,1022.62,NA,NA,NA,66,NA,2.44,NA,0,2.22,1
1862-03-29 21:00:00,15,NA,0,225,5.01,NA,1021.33,NA,NA,NA,85,NA,-0.11,NA,-1.11,-0.56,1
1862-03-30,NA,NA,NA,NA,NA,NA,NA,0,"empty","empty",NA,0,NA,-1.83,NA,NA,NA
1862-03-30 07:00:00,12.78,NA,0,315,2.03,NA,1022.62,NA,NA,NA,67,NA,-8.44,NA,-9.44,-8.89,1
1862-03-30 14:00:00,20,315,1,315,4.81,NA,1022.01,NA,NA,NA,66,NA,2.67,NA,0,2.22,1
1862-03-30 21:00:00,15,NA,0,67.5,4.91,NA,1015.1,NA,NA,NA,79,NA,0.28,NA,-0.89,0,1
1862-03-31,NA,NA,NA,NA,NA,NA,NA,0.23,"7:30am","5pm",NA,0.23,NA,2.44,NA,NA,NA
1862-03-31 07:00:00,13.33,180,2,180,6.5,NA,1011.65,NA,NA,NA,98,NA,1.11,NA,1,1.11,2
1862-03-31 14:00:00,13.33,135,2,135,6.54,NA,1012.53,NA,NA,NA,91,NA,2.67,NA,1.67,2.22,2
1862-03-31 21:00:00,18.33,NA,1,90,7.04,"90",1016.32,NA,NA,NA,91,NA,3.56,NA,2.78,3.33,1
1862-04-01,NA,NA,NA,NA,NA,NA,NA,5.59,"empty","empty",NA,0.23,NA,3.31,NA,NA,NA
1862-04-01 07:00:00,16.67,0,1,0,6.23,NA,1021.67,NA,NA,NA,90,NA,1.83,NA,1.11,1.67,1
1862-04-01 14:00:00,17.22,0,1,0,7.28,NA,1026.28,NA,NA,NA,84,NA,5.11,NA,3.89,5,1
1862-04-01 21:00:00,15.56,NA,1,0,6.16,"0",1025.53,NA,NA,NA,83,NA,3,NA,1.67,2.78,1
1862-04-02,NA,NA,NA,NA,NA,NA,NA,0,"7:15pm","11pm",NA,0,NA,4.83,NA,NA,NA
1862-04-02 07:00:00,16.67,45,1,45,5.35,NA,1028.85,NA,NA,NA,74,NA,2.39,NA,0.56,2.22,1
1862-04-02 14:00:00,21.11,135,3,135,7.62,NA,1025.6,NA,NA,NA,73,NA,4.56,NA,5.56,4.44,5
1862-04-02 21:00:00,16.11,NA,6,135,5.82,"135",1015.58,NA,NA,NA,69,NA,4.22,NA,2.22,4.44,20
1862-04-03,NA,NA,NA,NA,NA,NA,NA,1.02,"7:30pm","11pm",NA,0,NA,5.17,NA,NA,NA
1862-04-03 07:00:00,17.22,225,3,225,7.01,NA,1010.16,NA,NA,NA,78,NA,5.78,NA,3.89,5.56,5
1862-04-03 14:00:00,15.56,225,3,225,6.43,NA,1012.87,NA,NA,NA,72,NA,6.39,NA,3.33,5.56,5
1862-04-03 21:00:00,16.11,NA,3,225,6.43,"225",1015.58,NA,NA,NA,83,NA,3.33,NA,2.22,3.33,5
1862-04-04,NA,NA,NA,NA,NA,NA,NA,1.27,"empty","empty",NA,0,NA,0.41,NA,NA,NA
1862-04-04 07:00:00,12.78,NA,0,315,4.74,NA,1026.14,NA,NA,NA,83,NA,-1.06,NA,-1.67,-1.11,2
1862-04-04 14:00:00,18.33,NA,0,202.5,5.86,NA,1026.08,NA,NA,NA,75,NA,3.61,NA,1.67,3.33,1
1862-04-04 21:00:00,14.44,NA,0,202.5,3.89,NA,1025.94,NA,NA,NA,73,NA,-1.33,NA,-2.56,-1.67,1
1862-04-05,NA,NA,NA,NA,NA,NA,NA,0,"1pm","7pm",NA,0,NA,-3.06,NA,NA,NA
1862-04-05 07:00:00,13.33,22.5,1,22.5,0.1,NA,1022.01,NA,NA,NA,68,NA,-7.89,NA,-8.89,-8.33,1
1862-04-05 14:00:00,14.44,135,2,135,4.81,NA,1010.77,NA,NA,NA,89,NA,-1.22,NA,-2,-1.67,2
1862-04-05 21:00:00,13.89,NA,2,135,5.01,"135",1009.14,NA,NA,NA,85,NA,-0.06,NA,-1.11,-0.56,2
1862-04-06,NA,NA,NA,NA,NA,NA,NA,14.48,"empty","empty",NA,86.36,NA,1.79,NA,NA,NA
1862-04-06 07:00:00,12.78,225,3,225,5.25,NA,1013.28,NA,NA,NA,82,NA,0.78,NA,-0.33,0.56,5
1862-04-06 14:00:00,18.89,270,2,270,5.82,NA,1015.24,NA,NA,NA,69,NA,4.61,NA,-1.11,4.44,2
1862-04-06 21:00:00,14.44,NA,2,292.5,4.64,"292.5",1019.51,NA,NA,NA,75,NA,0,NA,-1.11,0,2
1862-04-07,NA,NA,NA,NA,NA,NA,NA,0,"empty","empty",NA,0,NA,-3.71,NA,NA,NA
1862-04-07 07:00:00,12.22,NA,0,0,1.86,NA,1022.69,NA,NA,NA,66,NA,-10,NA,-10.56,-10,1
1862-04-07 14:00:00,18.33,NA,0,22.5,4.23,NA,1024.72,NA,NA,NA,69,NA,0,NA,-1.44,0,1
1862-04-07 21:00:00,15,NA,0,22.5,3.83,NA,1026.08,NA,NA,NA,69,NA,-1.11,NA,-2.22,-1.11,1
1862-04-08,NA,NA,NA,NA,NA,NA,NA,0,"empty","empty",NA,0,NA,-3.28,NA,NA,NA
1862-04-08 07:00:00,13.33,0,2,0,2.27,NA,1027.13,NA,NA,NA,60,NA,-5.89,NA,-6.89,-6.11,2
1862-04-08 14:00:00,25.56,22.5,2,22.5,3.93,NA,1025.4,NA,NA,NA,69,NA,-0.61,NA,-1.67,-1.11,2
1862-04-08 21:00:00,15,NA,1,180,6.47,"180",1021.88,NA,NA,NA,64,NA,-3.33,NA,-4.22,-3.33,1
1862-04-09,NA,NA,NA,NA,NA,NA,NA,0,"empty","empty",NA,0,NA,-2.32,NA,NA,NA
1862-04-09 07:00:00,12.22,NA,0,0,2.37,NA,1022.35,NA,NA,NA,68,NA,-6.78,NA,-7.78,-7.22,2
1862-04-09 14:00:00,23.89,NA,0,0,4.5,NA,1021,NA,NA,NA,71,NA,1,NA,-1,0.56,2
1862-04-09 21:00:00,16.11,NA,0,0,3.59,NA,1019.3,NA,NA,NA,67,NA,-1.17,NA,-2.78,-1.67,2
1862-04-10,NA,NA,NA,NA,NA,NA,NA,0,"empty","empty",NA,0,NA,0.85,NA,NA,NA
1862-04-10 07:00:00,14.44,NA,0,0,2.13,NA,1022.35,NA,NA,NA,52,NA,-4.56,NA,-6.11,-5,1
1862-04-10 14:00:00,28.89,NA,0,45,5.28,NA,1026.48,NA,NA,NA,56,NA,4.67,NA,1.67,4.44,1
1862-04-10 21:00:00,16.67,NA,1,45,5.05,"45",1026.75,NA,NA,NA,68,NA,3,NA,0.56,2.78,1
1862-04-11,NA,NA,NA,NA,NA,NA,NA,0,"empty","empty",NA,0,NA,3.39,NA,NA,NA
1862-04-11 07:00:00,15.56,NA,0,337.5,4.23,NA,1031.02,NA,NA,NA,69,NA,0.28,NA,-1.44,0,1
1862-04-11 14:00:00,25.56,NA,0,22.5,5.05,NA,1033.19,NA,NA,NA,58,NA,5.44,NA,1.67,5,1
1862-04-11 21:00:00,19.44,NA,0,22.5,5.82,NA,1032.92,NA,NA,NA,75,NA,4.44,NA,2.22,4.44,1
1862-04-12,NA,NA,NA,NA,NA,NA,NA,0,"empty","empty",NA,0,NA,4.2,NA,NA,NA
1862-04-12 07:00:00,15.56,NA,0,22.5,4.3,NA,1033.8,NA,NA,NA,59,NA,2.39,NA,-0.56,2.22,1
1862-04-12 14:00:00,26.67,NA,0,45,5.15,NA,1033.93,NA,NA,NA,47,NA,8.56,NA,3.33,8.33,1
1862-04-12 21:00:00,18.33,NA,0,45,5.01,NA,1029.8,NA,NA,NA,72,NA,1.67,NA,0,1.67,1
1862-04-13,NA,NA,NA,NA,NA,NA,NA,0,"empty","empty",NA,0,NA,5.41,NA,NA,NA
1862-04-13 07:00:00,16.11,NA,0,0,4.81,NA,1029.46,NA,NA,NA,66,NA,3.67,NA,0,2.22,1
1862-04-13 14:00:00,21.67,NA,0,45,4.54,NA,1027.5,NA,NA,NA,40,NA,9.22,NA,2.78,8.89,1
1862-04-13 21:00:00,18.33,NA,0,NA,5.86,NA,1025.74,NA,NA,NA,75,NA,3.33,NA,1.67,3.33,0
1862-04-14,NA,NA,NA,NA,NA,NA,NA,0,"11pm","5am",NA,0,NA,6.29,NA,NA,NA
1862-04-14 07:00:00,16.67,112.5,1,112.5,4.81,NA,1026.82,NA,NA,NA,66,NA,2.5,NA,0,2.22,1
1862-04-14 14:00:00,20.56,135,1,135,7.59,NA,1026.21,NA,NA,NA,67,NA,10.83,NA,6.11,8.89,1
1862-04-14 21:00:00,17.22,NA,1,135,7.38,"135",1027.09,NA,NA,NA,92,NA,5.56,NA,3.33,3.89,1
1862-04-15,NA,NA,NA,NA,NA,NA,NA,2.79,"empty","empty",NA,0,NA,8.74,NA,NA,NA
1862-04-15 07:00:00,16.67,202.5,1,202.5,10.46,NA,1030.82,NA,NA,NA,93,NA,9.56,NA,8.33,8.89,1
1862-04-15 14:00:00,19.44,202.5,0,NA,8.91,NA,1031.46,NA,NA,NA,79,NA,10.78,NA,7.22,8.89,0
1862-04-15 21:00:00,17.78,NA,0,NA,5.38,NA,1029.8,NA,NA,NA,48,NA,5.89,NA,3.89,8.89,0
1862-04-16,NA,NA,NA,NA,NA,NA,NA,0,"empty","empty",NA,0,NA,10.37,NA,NA,NA
1862-04-16 07:00:00,17.78,180,1,180,8.26,NA,1030.14,NA,NA,NA,84,NA,7.56,NA,5.56,6.67,1
1862-04-16 14:00:00,27.22,157.5,1,157.5,11.01,NA,1027.16,NA,NA,NA,75,NA,13.67,NA,10.56,12.78,1
1862-04-16 21:00:00,20,NA,0,180,10.09,NA,1024.31,NA,NA,NA,86,NA,9.89,NA,8.33,9.44,1
1862-04-17,NA,NA,NA,NA,NA,NA,NA,0,"empty","empty",NA,0,NA,13.92,NA,NA,NA
1862-04-17 07:00:00,22.22,180,1,180,10.9,NA,1021,NA,NA,NA,80,NA,11.39,NA,10,11.67,1
1862-04-17 14:00:00,25.56,225,1,225,14.05,NA,1019.3,NA,NA,NA,68,NA,19.28,NA,15,18.33,1
1862-04-17 21:00:00,22.22,NA,2,225,11.34,"225",1019.3,NA,NA,NA,86,NA,11.11,NA,10,11.11,2
1862-04-18,NA,NA,NA,NA,NA,NA,NA,0,"2:45pm | 3pm","2:50pm | 11pm",NA,0,NA,13.89,NA,NA,NA
1862-04-18 07:00:00,20,315,2,315,10.5,NA,1019.98,NA,NA,NA,80,NA,11.44,NA,9.44,11.11,2
1862-04-18 14:00:00,25,202.5,1,202.5,10.84,NA,1015.85,NA,NA,NA,51,NA,19.67,NA,12.78,18.33,1
1862-04-18 21:00:00,15.56,NA,1,202.5,11.31,"202.5",1008.47,NA,NA,NA,93,NA,10.56,NA,9.44,10,1
1862-04-19,NA,NA,NA,NA,NA,NA,NA,3.56,"empty","empty",NA,0,NA,9.26,NA,NA,NA
1862-04-19 07:00:00,18.33,270,5,270,8.26,NA,1010.9,NA,NA,NA,84,NA,8.56,NA,5.56,6.67,16
1862-04-19 14:00:00,20.56,292.5,4,292.5,7.65,NA,1017,NA,NA,NA,63,NA,12.22,NA,6.67,10,11
1862-04-19 21:00:00,18.89,NA,3,270,6.37,"270",1019.3,NA,NA,NA,65,NA,7,NA,3.89,6.67,5
1862-04-20,NA,NA,NA,NA,NA,NA,NA,0,"empty","empty",NA,0,NA,5.13,NA,NA,NA
1862-04-20 07:00:00,19.44,270,2,270,5.86,NA,1020.32,NA,NA,NA,75,NA,4.11,NA,1.67,3.33,2
1862-04-20 14:00:00,24.44,225,2,225,8.23,NA,1023.71,NA,NA,NA,73,NA,10.17,NA,6.67,8.89,2
1862-04-20 21:00:00,18.89,NA,1,225,5.28,"225",1024.04,NA,NA,NA,79,NA,1.11,NA,0,1.11,1
1862-04-21,NA,NA,NA,NA,NA,NA,NA,0,"8pm","3am",NA,0,NA,12.46,NA,NA,NA
1862-04-21 07:00:00,18.89,45,2,45,5.55,NA,1022.69,NA,NA,NA,80,NA,1.67,NA,0.56,1.67,2
1862-04-21 14:00:00,22.22,90,2,90,12.7,NA,1019.3,NA,NA,NA,87,NA,13.61,NA,11.67,12.78,2
1862-04-21 21:00:00,18.33,NA,2,135,8.26,"135",1017.54,NA,NA,NA,84,NA,7.22,NA,5.56,6.67,2
1862-04-22,NA,NA,NA,NA,NA,NA,NA,5.08,"1:45pm","7:30am",NA,0,NA,7.42,NA,NA,NA
1862-04-22 07:00:00,17.22,22.5,3,22.5,7.38,NA,1007.45,NA,NA,NA,92,NA,4.22,NA,3.33,3.89,5
1862-04-22 14:00:00,21.67,45,1,45,10.46,NA,1002.37,NA,NA,NA,93,NA,9.17,NA,8.33,8.89,1
1862-04-22 21:00:00,20.56,NA,1,112.5,10.5,"112.5",998.71,NA,NA,NA,96,NA,8.89,NA,7.78,8.33,1
1862-04-23,NA,NA,NA,NA,NA,NA,NA,3.05,"empty","empty",NA,0,NA,5.02,NA,NA,NA
1862-04-23 07:00:00,16.11,225,7,225,7.65,NA,997.63,NA,NA,NA,92,NA,5.17,NA,3.89,4.44,27
1862-04-23 14:00:00,22.78,225,5,270,8.57,NA,1007.45,NA,NA,NA,85,NA,8.22,NA,6.11,7.22,16
1862-04-23 21:00:00,21.11,NA,4,270,5.66,"270",1013.55,NA,NA,NA,89,NA,1.67,NA,0,0.56,11
1862-04-24,NA,NA,NA,NA,NA,NA,NA,0.25,"5am","7:15am",NA,0.23,NA,0.18,NA,NA,NA
1862-04-24 07:00:00,15,315,5,315,4.27,NA,1014.02,NA,NA,NA,87,NA,-2.56,NA,-3.11,-2.78,16
1862-04-24 14:00:00,17.78,292.5,3,292.5,5.55,NA,1016.19,NA,NA,NA,80,NA,2.56,NA,0.56,2.22,5
1862-04-24 21:00:00,13.89,NA,0,292.5,4.98,NA,1020.93,NA,NA,NA,78,NA,0.56,NA,-0.56,0.56,1
1862-04-25,NA,NA,NA,NA,NA,NA,NA,0,"empty","empty",NA,0,NA,3.76,NA,NA,NA
1862-04-25 07:00:00,12.78,NA,0,270,4.98,NA,1024.31,NA,NA,NA,78,NA,2.22,NA,-0.56,0.56,2
1862-04-25 14:00:00,24.44,NA,0,225,5.15,NA,1026.69,NA,NA,NA,54,NA,6.44,NA,2.22,6.11,1
1862-04-25 21:00:00,13.89,NA,0,225,4.81,NA,1025.94,NA,NA,NA,62,NA,2.61,NA,0.56,2.22,1
1862-04-26,NA,NA,NA,NA,NA,NA,NA,0,"empty","empty",NA,0,NA,5.28,NA,NA,NA
1862-04-26 07:00:00,15.56,0,1,0,5.25,NA,1028.65,NA,NA,NA,74,NA,2.5,NA,0.56,2.22,1
1862-04-26 14:00:00,18.33,NA,0,67.5,6.67,NA,1028.92,NA,NA,NA,61,NA,8.33,NA,5,8.33,1
1862-04-26 21:00:00,15.56,NA,0,112.5,5.55,NA,1029.33,NA,NA,NA,61,NA,5,NA,2.22,5,1
1862-04-27,NA,NA,NA,NA,NA,NA,NA,0,"empty","empty",NA,0,NA,8.61,NA,NA,NA
1862-04-27 07:00:00,15.56,NA,0,0,4.74,NA,1032.44,NA,NA,NA,63,NA,4.33,NA,1.11,3.89,1
1862-04-27 14:00:00,21.67,22.5,1,22.5,6.81,NA,1031.09,NA,NA,NA,48,NA,13.28,NA,7.22,12.78,1
1862-04-27 21:00:00,13.89,NA,2,180,4.71,"180",1028.45,NA,NA,NA,43,NA,8.22,NA,2.78,8.33,2
1862-04-28,NA,NA,NA,NA,NA,NA,NA,0.76,"5am | 4pm","7:30am | 7pm",NA,0,NA,7.94,NA,NA,NA
1862-04-28 07:00:00,13.89,180,5,180,8.23,NA,1024.86,NA,NA,NA,73,NA,6.61,NA,6.67,8.89,16
1862-04-28 14:00:00,14.44,157.5,3,157.5,6.67,NA,1020.52,NA,NA,NA,61,NA,9.11,NA,5,8.33,5
1862-04-28 21:00:00,16.11,NA,2,202.5,8.57,"202.5",1020.39,NA,NA,NA,85,NA,8.11,NA,6.11,7.22,2
1862-04-29,NA,NA,NA,NA,NA,NA,NA,1.02,"empty","empty",NA,0,NA,9.13,NA,NA,NA
1862-04-29 07:00:00,15,202.5,1,202.5,8.64,NA,1017.95,NA,NA,NA,92,NA,6.33,NA,5.56,6.11,1
1862-04-29 14:00:00,16.67,270,1,270,11.01,NA,1017.27,NA,NA,NA,75,NA,13.28,NA,10.56,12.78,1
1862-04-29 21:00:00,15.56,NA,1,270,6.43,"270",1019.64,NA,NA,NA,61,NA,7.78,NA,4.44,7.78,1
1862-04-30,NA,NA,NA,NA,NA,NA,NA,0,"empty","empty",NA,0,NA,11.33,NA,NA,NA
1862-04-30 07:00:00,15,292.5,1,292.5,8.64,NA,1022.05,NA,NA,NA,73,NA,9.72,NA,7.22,9.44,1
1862-04-30 14:00:00,23.89,225,2,225,8.06,NA,1022.62,NA,NA,NA,49,NA,15.22,NA,8.89,14.44,2
1862-04-30 21:00:00,18.33,NA,0,225,7.89,NA,1021.33,NA,NA,NA,73,NA,9.06,NA,6.11,8.33,1
1862-05-01,NA,NA,NA,NA,NA,NA,NA,0,"1:15pm","10pm",NA,0,NA,7.79,NA,NA,NA
1862-05-01 07:00:00,18.33,45,1,45,7.28,NA,1023.03,NA,NA,NA,84,NA,5.72,NA,3.89,5,1
1862-05-01 14:00:00,16.11,180,3,180,9.69,NA,1024.25,NA,NA,NA,80,NA,11,NA,8.33,10,5
1862-05-01 21:00:00,19.44,NA,3,180,8.57,"180",1022.69,NA,NA,NA,85,NA,6.67,NA,6.11,7.22,5
1862-05-02,NA,NA,NA,NA,NA,NA,NA,35.81,"empty","empty",NA,0,NA,7.59,NA,NA,NA
1862-05-02 07:00:00,17.22,22.5,1,22.5,7.96,NA,1016.59,NA,NA,NA,92,NA,5.11,NA,4.44,5,1
1862-05-02 14:00:00,19.44,22.5,1,22.5,11.78,NA,1013.55,NA,NA,NA,100,NA,10,NA,9.44,9.44,1
1862-05-02 21:00:00,20.56,NA,2,45,10.13,"45",1012.87,NA,NA,NA,100,NA,7.67,NA,7.22,7.22,2
1862-05-03,NA,NA,NA,NA,NA,NA,NA,5.08,"empty","empty",NA,0,NA,13.35,NA,NA,NA
1862-05-03 07:00:00,18.33,225,2,225,11.82,NA,1014.22,NA,NA,NA,81,NA,14.06,NA,11.11,12.78,2
1862-05-03 14:00:00,18.89,135,1,135,10.77,NA,1013.88,NA,NA,NA,66,NA,15.78,NA,11.11,14.44,1
1862-05-03 21:00:00,18.33,NA,3,315,9.35,"315",1012.8,NA,NA,NA,79,NA,10.22,NA,7.78,9.44,1
1862-05-04,NA,NA,NA,NA,NA,NA,NA,0,"empty","empty",NA,0,NA,12.96,NA,NA,NA
1862-05-04 07:00:00,18.33,225,2,225,10.5,NA,1012.12,NA,NA,NA,74,NA,12.89,NA,10,12.22,2
1862-05-04 14:00:00,17.78,225,3,225,10.02,NA,1010.16,NA,NA,NA,61,NA,15.28,NA,10.56,14.44,5
1862-05-04 21:00:00,16.11,NA,1,225,8.97,"225",1009.21,NA,NA,NA,74,NA,10.72,NA,7.78,10,1
1862-05-05,NA,NA,NA,NA,NA,NA,NA,0.76,"5am","7:30am",NA,0,NA,11.52,NA,NA,NA
1862-05-05 07:00:00,16.67,225,2,225,8.97,NA,1007.45,NA,NA,NA,86,NA,8.5,NA,6.67,7.78,2
1862-05-05 14:00:00,17.78,292.5,3,292.5,9.99,NA,1006.37,NA,NA,NA,65,NA,14.67,NA,10,13.33,5
1862-05-05 21:00:00,15.56,NA,2,247.5,9.35,"247.5",1005.93,NA,NA,NA,74,NA,11.39,NA,8.33,10.56,2
1862-05-06,NA,NA,NA,NA,NA,NA,NA,0,"empty","empty",NA,0,NA,8.52,NA,NA,NA
1862-05-06 07:00:00,15.56,315,2,315,7.59,NA,1005.42,NA,NA,NA,77,NA,6.94,NA,5,6.67,2
1862-05-06 14:00:00,17.78,337.5,2,337.5,10.73,NA,1004.4,NA,NA,NA,70,NA,13.61,NA,10.56,13.33,2
1862-05-06 21:00:00,15.56,NA,2,270,7.28,"270",1004.37,NA,NA,NA,84,NA,5,NA,3.89,5,2
1862-05-07,NA,NA,NA,NA,NA,NA,NA,12.95,"4:50am","10:45pm",NA,76.2,NA,5.53,NA,NA,NA
1862-05-07 07:00:00,15.56,315,2,315,7.11,NA,1004.34,NA,NA,NA,95,NA,3.06,NA,1.94,2.22,2
1862-05-07 14:00:00,23.89,337.5,2,337.5,7.28,NA,1009.75,NA,NA,NA,78,NA,7.11,NA,4.44,6.11,2
1862-05-07 21:00:00,16.11,NA,2,315,7.28,"315",1012.53,NA,NA,NA,78,NA,6.44,NA,4.44,6.11,2
1862-05-08,NA,NA,NA,NA,NA,NA,NA,2.03,"empty","empty",NA,12.7,NA,10.02,NA,NA,NA
1862-05-08 07:00:00,15.56,315,2,315,6.1,NA,1015.92,NA,NA,NA,70,NA,5.33,NA,2.78,5,2
1862-05-08 14:00:00,16.67,270,2,270,8.16,NA,1014.7,NA,NA,NA,56,NA,13.72,NA,8.33,12.78,2
1862-05-08 21:00:00,17.22,NA,0,270,8.64,NA,1012.87,NA,NA,NA,68,NA,11,NA,7.78,10.56,1
1862-05-09,NA,NA,NA,NA,NA,NA,NA,0,"2:30pm","2:50pm",NA,0,NA,16.18,NA,NA,NA
1862-05-09 07:00:00,16.11,270,5,270,9.35,NA,1009.14,NA,NA,NA,74,NA,11.11,NA,8.33,10.56,16
1862-05-09 14:00:00,22.22,270,5,270,13.24,NA,1005.42,NA,NA,NA,63,NA,18.89,NA,14.44,18.33,16
1862-05-09 21:00:00,19.44,NA,2,315,12.39,"315",1005.69,NA,NA,NA,59,NA,18.56,NA,13.89,18.33,2
1862-05-10,NA,NA,NA,NA,NA,NA,NA,0.25,"empty","empty",NA,0,NA,10.59,NA,NA,NA
1862-05-10 07:00:00,20,315,5,315,6.87,NA,1007.59,NA,NA,NA,51,NA,12.22,NA,6.67,11.67,16
1862-05-10 14:00:00,17.22,315,4,315,7.11,NA,1010.84,NA,NA,NA,54,NA,12.22,NA,6.67,11.11,11
1862-05-10 21:00:00,15,NA,0,292.5,6.37,NA,1015.24,NA,NA,NA,65,NA,7.33,NA,3.89,6.67,5
1862-05-11,NA,NA,NA,NA,NA,NA,NA,0,"empty","empty",NA,0,NA,13.28,NA,NA,NA
1862-05-11 07:00:00,19.44,337.5,2,337.5,10.5,NA,1017.61,NA,NA,NA,74,NA,13.06,NA,10,12.22,2
1862-05-11 14:00:00,29.44,0,4,0,6.67,NA,1022.55,NA,NA,NA,40,NA,16.78,NA,7.78,15,11
1862-05-11 21:00:00,17.22,NA,0,0,7.96,NA,1022.62,NA,NA,NA,67,NA,10,NA,6.67,9.44,2
1862-05-12,NA,NA,NA,NA,NA,NA,NA,0,"11pm","4am",NA,0,NA,16,NA,NA,NA
1862-05-12 07:00:00,15.56,247.5,2,247.5,8.23,NA,1022.82,NA,NA,NA,73,NA,9.94,NA,6.67,8.89,2
1862-05-12 14:00:00,27.78,225,4,225,9.79,NA,1016.73,NA,NA,NA,41,NA,21.11,NA,12.78,20.56,11
1862-05-12 21:00:00,20,NA,4,225,9.52,"225",1012.46,NA,NA,NA,50,NA,16.94,NA,11.11,16.67,16
1862-05-13,NA,NA,NA,NA,NA,NA,NA,2.29,"empty","empty",NA,0,NA,12.17,NA,NA,NA
1862-05-13 07:00:00,18.33,22.5,2,22.5,8.23,NA,1017.27,NA,NA,NA,73,NA,8.89,NA,6.67,8.89,2
1862-05-13 14:00:00,30,45,2,45,13.11,NA,1018.96,NA,NA,NA,67,NA,17.78,NA,13.89,17.22,2
1862-05-13 21:00:00,12.78,NA,0,67.5,9.65,NA,1017.44,NA,NA,NA,86,NA,9.83,NA,7.78,8.89,1
1862-05-14,NA,NA,NA,NA,NA,NA,NA,0,"empty","empty",NA,0,NA,14.5,NA,NA,NA
1862-05-14 07:00:00,15,NA,0,22.5,7.96,NA,1022.35,NA,NA,NA,67,NA,10.22,NA,6.67,9.44,1
1862-05-14 14:00:00,22.78,247.5,1,247.5,13.44,NA,1021,NA,NA,NA,60,NA,20.11,NA,15,19.44,1
1862-05-14 21:00:00,19.44,NA,0,247.5,8.16,NA,1020.59,NA,NA,NA,56,NA,13.17,NA,8.33,12.78,1
1862-05-15,NA,NA,NA,NA,NA,NA,NA,0,"empty","empty",NA,0,NA,18.89,NA,NA,NA
1862-05-15 07:00:00,18.33,NA,0,225,7.96,NA,1021.33,NA,NA,NA,67,NA,9.72,NA,6.67,9.44,5
1862-05-15 14:00:00,28.89,225,2,225,16.76,NA,1022.76,NA,NA,NA,50,NA,27.72,NA,19.44,26.11,2
1862-05-15 21:00:00,21.11,NA,0,225,9.48,NA,1021.33,NA,NA,NA,45,NA,19.22,NA,12.78,18.89,1
1862-05-16,NA,NA,NA,NA,NA,NA,NA,0,"empty","empty",NA,0,NA,22.53,NA,NA,NA
1862-05-16 07:00:00,20.56,225,3,225,9.11,NA,1023.03,NA,NA,NA,71,NA,16.11,NA,12.78,15.56,5
1862-05-16 14:00:00,32.22,202.5,4,202.5,10.9,NA,1022.35,NA,NA,NA,32,NA,28.22,NA,15.56,26.11,11
1862-05-16 21:00:00,22.78,NA,0,202.5,11.62,NA,1018.35,NA,NA,NA,42,NA,23.28,NA,15,22.78,1
1862-05-17,NA,NA,NA,NA,NA,NA,NA,0,"empty","empty",NA,0,NA,25.03,NA,NA,NA
1862-05-17 07:00:00,21.11,NA,0,225,13.27,NA,1017.61,NA,NA,NA,53,NA,21.78,NA,15.56,21.11,11
1862-05-17 14:00:00,32.22,225,4,202.5,17.34,NA,1016.32,NA,NA,NA,45,NA,29.06,NA,20.56,28.33,11
1862-05-17 21:00:00,23.33,NA,2,202.5,15.24,"202.5",1014.22,NA,NA,NA,52,NA,24.28,NA,17.78,23.89,2
1862-05-18,NA,NA,NA,NA,NA,NA,NA,0,"empty","empty",NA,0,NA,24.28,NA,NA,NA
1862-05-18 07:00:00,20.56,202.5,3,202.5,15.34,NA,1012.19,NA,NA,NA,68,NA,21.11,NA,16.11,19.44,5
1862-05-18 14:00:00,32.78,180,4,180,22.72,NA,1007.72,NA,NA,NA,57,NA,29.89,NA,23.33,28.89,11
1862-05-18 21:00:00,23.89,NA,0,180,15.1,NA,1003.66,NA,NA,NA,61,NA,21.83,NA,16.67,21.11,5
1862-05-19,NA,NA,NA,NA,NA,NA,NA,0.51,"5:20am","5:40am",NA,0,NA,14.28,NA,NA,NA
1862-05-19 07:00:00,18.89,225,6,225,14.76,NA,1002.03,NA,NA,NA,88,NA,16,NA,13.89,15,20
1862-05-19 14:00:00,22.78,247.5,5,247.5,13.31,NA,1006.43,NA,NA,NA,81,NA,15.33,NA,12.78,14.44,16
1862-05-19 21:00:00,17.22,NA,3,247.5,7.99,"247.5",1010.23,NA,NA,NA,63,NA,11.5,NA,7.22,10.56,5
1862-05-20,NA,NA,NA,NA,NA,NA,NA,0,"empty","empty",NA,0,NA,11.42,NA,NA,NA
1862-05-20 07:00:00,16.11,292.5,4,292.5,6.67,NA,1016.66,NA,NA,NA,66,NA,8.5,NA,4.44,7.22,11
1862-05-20 14:00:00,21.11,247.5,3,247.5,6.26,NA,1017.75,NA,NA,NA,41,NA,14.89,NA,6.67,13.33,5
1862-05-20 21:00:00,17.22,NA,0,247.5,8.3,NA,1020.42,NA,NA,NA,68,NA,10.89,NA,7.22,10,5
1862-05-21,NA,NA,NA,NA,NA,NA,NA,0,"12pm | 4:30pm","5:30pm | 1:30am",NA,0,NA,12.94,NA,NA,NA
1862-05-21 07:00:00,17.22,135,1,135,8.64,NA,1024.38,NA,NA,NA,73,NA,10.33,NA,7.22,9.44,1
1862-05-21 14:00:00,18.33,135,4,135,13.24,NA,1019.24,NA,NA,NA,87,NA,14.44,NA,12.22,13.33,11
1862-05-21 21:00:00,18.89,NA,3,180,12.77,"180",1016.73,NA,NA,NA,81,NA,14.06,NA,12.22,13.89,5
1862-05-22,NA,NA,NA,NA,NA,NA,NA,13.97,"empty","empty",NA,0,NA,15.79,NA,NA,NA
1862-05-22 07:00:00,18.89,202.5,5,202.5,14.87,NA,1014.02,NA,NA,NA,82,NA,17.33,NA,14.44,16.11,16
1862-05-22 14:00:00,19.44,225,7,225,15.34,NA,1015.17,NA,NA,NA,88,NA,16.44,NA,14.44,15.56,27
1862-05-22 21:00:00,18.89,NA,0,135,10.73,NA,1017.47,NA,NA,NA,70,NA,13.61,NA,10.56,13.33,2
1862-05-23,NA,NA,NA,NA,NA,NA,NA,0.76,"6:15am","6:40am",NA,0,NA,13.38,NA,NA,NA
1862-05-23 07:00:00,18.89,202.5,3,202.5,10.5,NA,1012.33,NA,NA,NA,80,NA,12.22,NA,9.44,11.11,5
1862-05-23 14:00:00,22.78,270,6,270,10.36,NA,1015.92,NA,NA,NA,51,NA,18.56,NA,12.22,17.78,20
1862-05-23 21:00:00,18.33,NA,0,0,6.13,NA,1020.59,NA,NA,NA,56,NA,9.33,NA,4.44,8.33,1
1862-05-24,NA,NA,NA,NA,NA,NA,NA,0,"5pm","5:30pm",NA,0,NA,12.53,NA,NA,NA
1862-05-24 07:00:00,16.11,315,3,315,5.55,NA,1024.38,NA,NA,NA,64,NA,5.89,NA,2.22,5,5
1862-05-24 14:00:00,18.89,225,4,225,7.35,NA,1021.54,NA,NA,NA,48,NA,15.17,NA,7.78,13.33,11
1862-05-24 21:00:00,16.11,NA,2,270,7.38,"270",1020.59,NA,NA,NA,58,NA,11,NA,6.67,10.56,2
1862-05-25,NA,NA,NA,NA,NA,NA,NA,0.23,"11:55am","12:10pm",NA,0,NA,13.79,NA,NA,NA
1862-05-25 07:00:00,13.89,NA,0,225,6.98,NA,1019.3,NA,NA,NA,62,NA,9.22,NA,5.56,8.89,11
1862-05-25 14:00:00,21.67,270,4,270,10.94,NA,1017.61,NA,NA,NA,58,NA,17.89,NA,12.22,16.67,11
1862-05-25 21:00:00,17.22,NA,2,247.5,7.69,"247.5",1019.03,NA,NA,NA,49,NA,14.28,NA,8.33,13.89,2
1862-05-26,NA,NA,NA,NA,NA,NA,NA,0.23,"empty","empty",NA,0,NA,12.96,NA,NA,NA
1862-05-26 07:00:00,17.78,22.5,2,22.5,7.62,NA,1022.62,NA,NA,NA,73,NA,8.78,NA,5.56,7.78,2
1862-05-26 14:00:00,18.33,112.5,1,112.5,10.19,NA,1020.59,NA,NA,NA,54,NA,16.78,NA,11.67,16.67,1
1862-05-26 21:00:00,20,NA,2,112.5,10.5,"112.5",1014.97,NA,NA,NA,74,NA,13.33,NA,10,12.22,2
1862-05-27,NA,NA,NA,NA,NA,NA,NA,0,"5pm | 9:30pm","7pm | 12am",NA,0,NA,17.92,NA,NA,NA
1862-05-27 07:00:00,18.33,202.5,3,202.5,8.67,NA,1012.33,NA,NA,NA,53,NA,14.61,NA,9.44,14.44,5
1862-05-27 14:00:00,22.22,180,4,180,12.97,NA,1006.5,NA,NA,NA,50,NA,22.17,NA,15.56,21.67,11
1862-05-27 21:00:00,18.89,NA,2,112.5,15.44,"112.5",1005.49,NA,NA,NA,62,NA,17,NA,15,16.67,2
1862-05-28,NA,NA,NA,NA,NA,NA,NA,1.52,"empty","empty",NA,0,NA,14.41,NA,NA,NA
1862-05-28 07:00:00,18.33,0,3,0,7.69,NA,1009.14,NA,NA,NA,59,NA,11.11,NA,7.22,11.11,5
1862-05-28 14:00:00,18.89,292.5,4,292.5,7.86,NA,1009.55,NA,NA,NA,44,NA,16.78,NA,9.44,16.11,11
1862-05-28 21:00:00,17.78,NA,1,292.5,7.79,"292.5",1012.19,NA,NA,NA,46,NA,15.33,NA,8.89,15,1
1862-05-29,NA,NA,NA,NA,NA,NA,NA,0,"empty","empty",NA,0,NA,15.03,NA,NA,NA
1862-05-29 07:00:00,16.67,247.5,5,247.5,7.99,NA,1010.97,NA,NA,NA,63,NA,11,NA,7.22,10.56,16
1862-05-29 14:00:00,21.11,NA,0,292.5,10.53,NA,1011.85,NA,NA,NA,48,NA,19.22,NA,12.78,18.89,11
1862-05-29 21:00:00,17.78,NA,0,315,7.15,NA,1013.28,NA,NA,NA,45,NA,14.89,NA,7.78,13.89,1
1862-05-30,NA,NA,NA,NA,NA,NA,NA,0,"empty","empty",NA,0,NA,15.83,NA,NA,NA
1862-05-30 07:00:00,20,NA,0,0,10.13,NA,1015.92,NA,NA,NA,74,NA,12.22,NA,9.44,11.67,2
1862-05-30 14:00:00,21.11,NA,0,135,7.99,NA,1014.36,NA,NA,NA,41,NA,17.06,NA,10,17.22,2
1862-05-30 21:00:00,18.89,NA,0,135,11.89,NA,1012.87,NA,NA,NA,59,NA,18.22,NA,13.33,17.78,2
1862-05-31,NA,NA,NA,NA,NA,NA,NA,0,"empty","empty",NA,0,NA,18.81,NA,NA,NA
1862-05-31 07:00:00,17.78,NA,0,202.5,9.75,NA,1014.22,NA,NA,NA,69,NA,12.22,NA,9.44,12.22,1
1862-05-31 14:00:00,28.33,225,3,225,10.23,NA,1012.53,NA,NA,NA,37,NA,23.44,NA,13.89,22.78,5
1862-05-31 21:00:00,17.22,NA,0,225,10.02,NA,1011.72,NA,NA,NA,43,NA,20.78,NA,12.78,20,1
1862-06-01,NA,NA,NA,NA,NA,NA,NA,0,"empty","empty",NA,0,NA,19.92,NA,NA,NA
1862-06-01 07:00:00,20,202.5,1,202.5,10.77,NA,1012.53,NA,NA,NA,66,NA,14.67,NA,11.11,14.44,1
1862-06-01 14:00:00,27.22,247.5,3,247.5,10.67,NA,1009.14,NA,NA,NA,34,NA,25,NA,15,25,5
1862-06-01 21:00:00,18.89,NA,3,180,11.28,"180",1007.25,NA,NA,NA,52,NA,20.11,NA,13.33,18.89,5
1862-06-02,NA,NA,NA,NA,NA,NA,NA,0,"empty","empty",NA,0,NA,21.31,NA,NA,NA
1862-06-02 07:00:00,18.33,225,1,225,11.28,NA,1009.82,NA,NA,NA,52,NA,19.17,NA,13.33,18.89,1
1862-06-02 14:00:00,25.56,180,2,180,13.82,NA,1011.58,NA,NA,NA,48,NA,24.28,NA,16.67,23.33,2
1862-06-02 21:00:00,21.67,NA,1,22.5,15.34,"22.5",1009.96,NA,NA,NA,68,NA,20.5,NA,16.11,19.44,1
1862-06-03,NA,NA,NA,NA,NA,NA,NA,0,"empty","empty",NA,0,NA,18.28,NA,NA,NA
1862-06-03 07:00:00,20.56,0,3,0,12.12,NA,1017.2,NA,NA,NA,67,NA,16.67,NA,12.78,16.11,5
1862-06-03 14:00:00,21.67,22.5,1,22.5,11.68,NA,1021,NA,NA,NA,47,NA,21.22,NA,14.44,21.11,1
1862-06-03 21:00:00,20,NA,1,45,8.87,"22.5",1022.69,NA,NA,NA,47,NA,16.94,NA,10.56,16.67,1
1862-06-04,NA,NA,NA,NA,NA,NA,NA,0,"empty","empty",NA,0,NA,16.24,NA,NA,NA
1862-06-04 07:00:00,20.56,22.5,4,22.5,9.48,NA,1023.03,NA,NA,NA,65,NA,12.78,NA,9.44,12.78,11
1862-06-04 14:00:00,21.11,22.5,2,22.5,8.8,NA,1023.2,NA,NA,NA,42,NA,19.44,NA,11.11,18.33,2
1862-06-04 21:00:00,19.44,NA,1,45,9.41,"45",1024.04,NA,NA,NA,54,NA,16.5,NA,10.56,15.56,1
1862-06-05,NA,NA,NA,NA,NA,NA,NA,0,"empty","empty",NA,0,NA,20.48,NA,NA,NA
1862-06-05 07:00:00,19.44,202.5,1,202.5,10.87,NA,1024.31,NA,NA,NA,62,NA,15.78,NA,11.67,15.56,1
1862-06-05 14:00:00,28.89,NA,0,180,11.85,NA,1021.74,NA,NA,NA,40,NA,24.39,NA,15.56,23.89,2
1862-06-05 21:00:00,20.56,NA,0,180,11.95,NA,1019.3,NA,NA,NA,50,NA,21.28,NA,14.44,20.56,2
1862-06-06,NA,NA,NA,NA,NA,NA,NA,0,"empty","empty",NA,0,NA,18.42,NA,NA,NA
1862-06-06 07:00:00,21.11,180,2,180,10.77,NA,1017.27,NA,NA,NA,66,NA,14.56,NA,11.11,14.44,2
1862-06-06 14:00:00,26.11,225,3,225,12.12,NA,1014.16,NA,NA,NA,38,NA,25.33,NA,16.11,25,5
1862-06-06 21:00:00,22.22,NA,6,22.5,11.58,"22.5",1014.22,NA,NA,NA,71,NA,14.78,NA,11.67,14.44,20
1862-06-07,NA,NA,NA,NA,NA,NA,NA,0.23,"9am","9:30am",NA,0,NA,14.81,NA,NA,NA
1862-06-07 07:00:00,19.44,22.5,4,22.5,10.5,NA,1014.22,NA,NA,NA,74,NA,12.22,NA,10,12.22,11
1862-06-07 14:00:00,20.56,22.5,2,22.5,11.65,NA,1013.88,NA,NA,NA,56,NA,16.22,NA,12.22,15.56,5
1862-06-07 21:00:00,18.89,NA,0,NA,10.84,"45",1015.92,NA,NA,NA,62,NA,16,NA,11.67,15.56,0
1862-06-08,NA,NA,NA,NA,NA,NA,NA,0,"empty","empty",NA,0,NA,16.24,NA,NA,NA
1862-06-08 07:00:00,18.33,NA,0,45,8.7,NA,1019.24,NA,NA,NA,64,NA,11.83,NA,8.33,12.22,11
1862-06-08 14:00:00,20,22.5,2,22.5,8.8,NA,1021.33,NA,NA,NA,42,NA,19,NA,11.11,18.33,16
1862-06-08 21:00:00,17.78,NA,0,22.5,10.36,NA,1022.08,NA,NA,NA,51,NA,17.89,NA,12.22,17.78,2
1862-06-09,NA,NA,NA,NA,NA,NA,NA,0,"empty","empty",NA,0,NA,19.74,NA,NA,NA
1862-06-09 07:00:00,19.44,NA,0,270,10.77,NA,1022.69,NA,NA,NA,66,NA,14.44,NA,11.11,14.44,1
1862-06-09 14:00:00,22.78,NA,0,247.5,10.67,NA,1020.66,NA,NA,NA,37,NA,23.56,NA,14.44,23.33,11
1862-06-09 21:00:00,20,NA,0,247.5,11.68,NA,1019.3,NA,NA,NA,47,NA,21.22,NA,14.44,21.11,2
1862-06-10,NA,NA,NA,NA,NA,NA,NA,0,"empty","empty",NA,0,NA,21.5,NA,NA,NA
1862-06-10 07:00:00,17.78,NA,0,225,9.41,NA,1020.93,NA,NA,NA,54,NA,15.94,NA,10.56,15.56,11
1862-06-10 14:00:00,26.67,NA,0,247.5,12.39,NA,1018.76,NA,NA,NA,40,NA,25.33,NA,16.11,24.44,2
1862-06-10 21:00:00,22.78,NA,0,225,12.94,NA,1015.92,NA,NA,NA,45,NA,23.22,NA,16.11,23.33,1
1862-06-11,NA,NA,NA,NA,NA,NA,NA,0,"empty","empty",NA,0,NA,22.31,NA,NA,NA
1862-06-11 07:00:00,16.11,202.5,2,202.5,10.87,NA,1012.94,NA,NA,NA,62,NA,16.22,NA,11.67,15.56,2
1862-06-11 14:00:00,28.33,180,2,180,13.68,NA,1008.6,NA,NA,NA,39,NA,27.11,NA,17.78,26.67,2
1862-06-11 21:00:00,24.44,NA,0,225,15,NA,1004.74,NA,NA,NA,54,NA,23.61,NA,17.22,22.78,16
1862-06-12,NA,NA,NA,NA,NA,NA,NA,0,"7pm","11pm",NA,0,NA,20.52,NA,NA,NA
1862-06-12 07:00:00,18.33,225,5,225,14.87,NA,1000.75,NA,NA,NA,82,NA,16.94,NA,14.44,16.11,16
1862-06-12 14:00:00,25.56,247.5,3,247.5,17.2,NA,1000.34,NA,NA,NA,53,NA,26.06,NA,19.44,25.56,5
1862-06-12 21:00:00,23.89,NA,5,22.5,16.66,"22.5",1005.08,NA,NA,NA,82,NA,18.56,NA,16.11,17.78,16
1862-06-13,NA,NA,NA,NA,NA,NA,NA,7.87,"empty","empty",NA,0,NA,21.85,NA,NA,NA
1862-06-13 07:00:00,22.22,0,1,0,14.16,NA,1008.47,NA,NA,NA,68,NA,18.61,NA,15,18.33,1
1862-06-13 14:00:00,22.78,270,2,270,20.18,NA,1007.79,NA,NA,NA,67,NA,24.72,NA,20.56,24.44,2
1862-06-13 21:00:00,21.11,NA,0,270,14.43,NA,1007.45,NA,NA,NA,54,NA,22.22,NA,16.67,22.22,1
1862-06-14,NA,NA,NA,NA,NA,NA,NA,0,"empty","empty",NA,0,NA,18.02,NA,NA,NA
1862-06-14 07:00:00,18.89,0,2,0,12.43,NA,1010.84,NA,NA,NA,76,NA,14.56,NA,12.22,14.44,2
1862-06-14 14:00:00,22.22,315,8,315,18.35,NA,1012.53,NA,NA,NA,62,NA,24.22,NA,19.44,23.89,5
1862-06-14 21:00:00,18.89,NA,4,315,11.18,"315",1014.56,NA,NA,NA,66,NA,15.28,NA,11.67,15,11
1862-06-15,NA,NA,NA,NA,NA,NA,NA,0,"empty","empty",NA,0,NA,12.03,NA,NA,NA
1862-06-15 07:00:00,17.78,NA,0,337.5,6.26,NA,1019.24,NA,NA,NA,50,NA,11,NA,5.56,10.56,2
1862-06-15 14:00:00,19.44,315,4,315,6.43,NA,1021,NA,NA,NA,40,NA,14.11,NA,7.22,14.44,11
1862-06-15 21:00:00,15,NA,0,292.5,7.04,NA,1026.14,NA,NA,NA,58,NA,11,NA,6.11,10,1
1862-06-16,NA,NA,NA,NA,NA,NA,NA,0,"empty","empty",NA,0,NA,16.14,NA,NA,NA
1862-06-16 07:00:00,17.78,NA,0,337.5,7.38,NA,1031.16,NA,NA,NA,58,NA,10.44,NA,6.67,10.56,1
1862-06-16 14:00:00,20,NA,0,270,9.18,NA,1028.04,NA,NA,NA,42,NA,19.44,NA,11.67,18.89,2
1862-06-16 21:00:00,14.44,NA,0,225,14.16,NA,1026.08,NA,NA,NA,68,NA,18.56,NA,15,18.33,5
1862-06-17,NA,NA,NA,NA,NA,NA,NA,0,"11pm","4am",NA,0,NA,20.9,NA,NA,NA
1862-06-17 07:00:00,18.33,180,2,180,9.99,NA,1022.69,NA,NA,NA,65,NA,13.5,NA,10,13.33,2
1862-06-17 14:00:00,27.78,180,2,180,18.9,NA,1008.6,NA,NA,NA,56,NA,26.22,NA,20.56,26.11,2
1862-06-17 21:00:00,22.22,NA,1,202.5,13.21,"202.5",1006.77,NA,NA,NA,48,NA,23.06,NA,16.11,22.78,1
1862-06-18,NA,NA,NA,NA,NA,NA,NA,1.27,"6pm | 10pm","8pm | 3am",NA,0,NA,20.03,NA,NA,NA
1862-06-18 07:00:00,23.33,225,3,225,16.12,NA,1002.51,NA,NA,NA,65,NA,20.78,NA,17.22,21.11,5
1862-06-18 14:00:00,26.11,225,3,225,20.72,NA,1003.22,NA,NA,NA,70,NA,24,NA,20.56,23.89,5
1862-06-18 21:00:00,25.56,NA,3,0,13.31,"0",1004.06,NA,NA,NA,81,NA,15.33,NA,12.78,14.44,5
1862-06-19,NA,NA,NA,NA,NA,NA,NA,4.32,"3pm | 8pm","4:50pm | 8:15pm",NA,0,NA,15.98,NA,NA,NA
1862-06-19 07:00:00,15,0,3,0,15.81,NA,1004.81,NA,NA,NA,94,NA,15.11,NA,14.44,15,5
1862-06-19 14:00:00,18.89,22.5,1,22.5,14.26,NA,1007.04,NA,NA,NA,87,NA,15.22,NA,13.33,14.44,1
1862-06-19 21:00:00,17.78,NA,1,22.5,14.02,"22.5",1008.87,NA,NA,NA,72,NA,17.61,NA,14.44,17.22,1
1862-06-20,NA,NA,NA,NA,NA,NA,NA,3.56,"empty","empty",NA,0,NA,18.28,NA,NA,NA
1862-06-20 07:00:00,15.56,NA,0,247.5,10.23,NA,1010.84,NA,NA,NA,70,NA,12.78,NA,10,12.78,2
1862-06-20 14:00:00,23.33,225,2,225,10.67,NA,1012.53,NA,NA,NA,41,NA,22.11,NA,13.89,21.67,2
1862-06-20 21:00:00,20.56,NA,3,247.5,11.78,"247.5",1014.29,NA,NA,NA,52,NA,19.94,NA,13.89,19.44,5
1862-06-21,NA,NA,NA,NA,NA,NA,NA,1.78,"5am | 5:40am | 7pm | 9:30pm","5:30am | 6:30am | 9pm | 3am",NA,0,NA,16.83,NA,NA,NA
1862-06-21 07:00:00,17.78,225,1,225,12.7,NA,1015.85,NA,NA,NA,87,NA,13.5,NA,11.67,12.78,1
1862-06-21 14:00:00,22.22,225,4,225,12.16,NA,1014.97,NA,NA,NA,47,NA,22,NA,15,21.67,11
1862-06-21 21:00:00,20,NA,1,225,14.26,"225",1016.86,NA,NA,NA,81,NA,15,NA,13.33,14.44,1
1862-06-22,NA,NA,NA,NA,NA,NA,NA,7.62,"empty","empty",NA,0,NA,16.74,NA,NA,NA
1862-06-22 07:00:00,18.33,292.5,2,292.5,10.5,NA,1018.56,NA,NA,NA,74,NA,12.5,NA,10,12.22,2
1862-06-22 14:00:00,20.56,337.5,3,337.5,13.27,NA,1021.67,NA,NA,NA,53,NA,21.33,NA,15.56,21.11,5
1862-06-22 21:00:00,18.89,NA,3,337.5,12.12,"337.5",1022.69,NA,NA,NA,67,NA,16.39,NA,12.78,16.11,5
1862-06-23,NA,NA,NA,NA,NA,NA,NA,0,"empty","empty",NA,0,NA,18.35,NA,NA,NA
1862-06-23 07:00:00,18.89,292.5,2,292.5,9.99,NA,1024.72,NA,NA,NA,65,NA,13.33,NA,10,13.33,2
1862-06-23 14:00:00,21.67,292.5,2,292.5,19.51,NA,1024.38,NA,NA,NA,66,NA,24.17,NA,20,23.89,2
1862-06-23 21:00:00,20,NA,2,157.5,12.22,"157.5",1015.92,NA,NA,NA,53,NA,17.56,NA,13.33,17.22,2
1862-06-24,NA,NA,NA,NA,NA,NA,NA,0,"12pm | 6:30pm","2pm | 11pm",NA,0,NA,17.67,NA,NA,NA
1862-06-24 07:00:00,20,135,1,135,13.51,NA,1019.1,NA,NA,NA,72,NA,17.11,NA,13.89,16.67,1
1862-06-24 14:00:00,18.89,202.5,1,202.5,14.7,NA,1018.15,NA,NA,NA,68,NA,19.11,NA,15.56,18.89,1
1862-06-24 21:00:00,17.78,NA,1,67.5,14.46,"67.5",1017.61,NA,NA,NA,77,NA,16.78,NA,14.44,16.67,1
1862-06-25,NA,NA,NA,NA,NA,NA,NA,2.29,"empty","empty",NA,0,NA,19.46,NA,NA,NA
1862-06-25 07:00:00,19.44,0,2,0,12.43,NA,1016.32,NA,NA,NA,76,NA,14.61,NA,12.22,14.44,2
1862-06-25 14:00:00,23.89,337.5,3,337.5,13.21,NA,1015.92,NA,NA,NA,48,NA,22.78,NA,16.11,22.78,5
1862-06-25 21:00:00,21.67,NA,2,337.5,13.11,"337.5",1014.29,NA,NA,NA,56,NA,21,NA,15,20,2
1862-06-26,NA,NA,NA,NA,NA,NA,NA,0,"empty","empty",NA,0,NA,21.2,NA,NA,NA
1862-06-26 07:00:00,18.89,0,2,0,14.32,NA,1013.14,NA,NA,NA,82,NA,16.5,NA,13.89,15.56,2
1862-06-26 14:00:00,23.33,0,1,0,16.83,NA,1015.85,NA,NA,NA,55,NA,24.72,NA,18.89,24.44,1
1862-06-26 21:00:00,21.11,NA,0,225,15.71,NA,1014.22,NA,NA,NA,61,NA,22.39,NA,17.22,21.67,1
1862-06-27,NA,NA,NA,NA,NA,NA,NA,0,"empty","empty",NA,0,NA,24.09,NA,NA,NA
1862-06-27 07:00:00,18.89,315,3,315,10.13,NA,1012.53,NA,NA,NA,58,NA,15.78,NA,11.11,15.56,5
1862-06-27 14:00:00,28.33,270,2,270,17.74,NA,1010.84,NA,NA,NA,43,NA,30.28,NA,21.11,29.44,2
1862-06-27 21:00:00,27.22,NA,0,270,14.53,NA,1009.82,NA,NA,NA,41,NA,26.83,NA,18.33,26.67,5
1862-06-28,NA,NA,NA,NA,NA,NA,NA,0,"empty","empty",NA,0,NA,24.59,NA,NA,NA
1862-06-28 07:00:00,21.11,292.5,1,292.5,11.18,NA,1012.46,NA,NA,NA,47,NA,20.67,NA,13.89,20.56,1
1862-06-28 14:00:00,26.67,135,2,135,18.08,NA,1012.53,NA,NA,NA,50,NA,27.61,NA,20.56,27.22,2
1862-06-28 21:00:00,26.67,NA,1,112.5,17.54,"112.5",1013.88,NA,NA,NA,56,NA,25.5,NA,19.44,25,1
1862-06-29,NA,NA,NA,NA,NA,NA,NA,0,"empty","empty",NA,0,NA,22.74,NA,NA,NA
1862-06-29 07:00:00,22.22,0,1,0,13.11,NA,1013.68,NA,NA,NA,67,NA,18.11,NA,13.89,17.22,1
1862-06-29 14:00:00,28.33,180,3,180,18.76,NA,1011.24,NA,NA,NA,51,NA,28.33,NA,21.11,27.78,5
1862-06-29 21:00:00,21.67,NA,5,180,16.46,"180",1007.65,NA,NA,NA,68,NA,21.78,NA,17.22,20.56,16
1862-06-30,NA,NA,NA,NA,NA,NA,NA,10.16,"2:30am | 7:30am","4am | 10am",NA,0,NA,19.57,NA,NA,NA
1862-06-30 07:00:00,21.11,202.5,3,202.5,16.19,NA,1004.47,NA,NA,NA,78,NA,19.06,NA,16.11,18.33,5
1862-06-30 14:00:00,20,180,1,180,18.32,NA,1000.68,NA,NA,NA,73,NA,21.33,NA,18.33,21.11,1
1862-06-30 21:00:00,19.44,NA,2,292.5,13.65,"292.5",1005.49,NA,NA,NA,67,NA,18.33,NA,14.44,17.78,2
1862-07-01,NA,NA,NA,NA,NA,NA,NA,3.05,"1am","3am",NA,0,NA,17.33,NA,NA,NA
1862-07-01 07:00:00,18.89,NA,1,315,9.75,"315",1006.1,NA,NA,NA,69,NA,12.67,NA,9.44,12.22,1
1862-07-01 14:00:00,21.11,NA,0,292.5,12.77,NA,1007.45,NA,NA,NA,53,NA,20.89,NA,15,20.56,1
1862-07-01 21:00:00,18.89,NA,1,225,11.89,"225",1009.14,NA,NA,NA,59,NA,18.44,NA,13.33,17.78,1
1862-07-02,NA,NA,NA,NA,NA,NA,NA,0,"empty","empty",NA,0,NA,20.07,NA,NA,NA
1862-07-02 07:00:00,20,NA,1,202.5,12.77,"202.5",1012.46,NA,NA,NA,81,NA,14,NA,12.22,13.89,1
1862-07-02 14:00:00,27.22,NA,3,180,11.38,"180",1017.41,NA,NA,NA,40,NA,24.11,NA,15,23.33,5
1862-07-02 21:00:00,22.22,NA,1,225,13.85,"225",1017.61,NA,NA,NA,53,NA,22.11,NA,16.11,21.67,1
1862-07-03,NA,NA,NA,NA,NA,NA,NA,0,"6pm","6:30pm",NA,0,NA,19.56,NA,NA,NA
1862-07-03 07:00:00,19.44,NA,1,NA,11.18,"22.5",1019.3,NA,NA,NA,66,NA,15,NA,11.67,15,0
1862-07-03 14:00:00,26.67,NA,1,NA,16.83,"22.5",1021.33,NA,NA,NA,55,NA,24.61,NA,18.89,24.44,0
1862-07-03 21:00:00,20.56,NA,2,22.5,14.6,"22.5",1025.6,NA,NA,NA,72,NA,19.06,NA,15,17.78,2
1862-07-04,NA,NA,NA,NA,NA,NA,NA,2.54,"12pm","4am",NA,0,NA,23.31,NA,NA,NA
1862-07-04 07:00:00,16.11,NA,2,202.5,14.87,"202.5",1026.41,NA,NA,NA,82,NA,16.22,NA,14.44,16.11,2
1862-07-04 14:00:00,29.44,NA,4,225,15.37,"225",1023.71,NA,NA,NA,40,NA,28.61,NA,19.44,28.33,11
1862-07-04 21:00:00,24.44,NA,3,270,15.54,"270",1022.55,NA,NA,NA,50,NA,25.11,NA,18.33,25,5
1862-07-05,NA,NA,NA,NA,NA,NA,NA,4.06,"9am","9:30 am",NA,0,NA,26.02,NA,NA,NA
1862-07-05 07:00:00,22.22,NA,2,202.5,22.18,"202.5",1021.67,NA,NA,NA,84,NA,22.56,NA,20.56,22.22,2
1862-07-05 14:00:00,28.89,NA,3,225,15.37,"225",1020.66,NA,NA,NA,40,NA,28.67,NA,19.44,28.33,5
1862-07-05 21:00:00,25,NA,1,225,19.57,"225",1016.19,NA,NA,NA,56,NA,26.83,NA,21.11,26.67,1
1862-07-06,NA,NA,NA,NA,NA,NA,NA,0,"empty","empty",NA,0,NA,27.52,NA,NA,NA
1862-07-06 07:00:00,23.89,NA,5,247.5,20.72,"292.5",1013,NA,NA,NA,70,NA,24.11,NA,20.56,23.89,16
1862-07-06 14:00:00,32.22,NA,4,247.5,21.67,"247.5",1012.46,NA,NA,NA,46,NA,32.33,NA,23.89,31.67,11
1862-07-06 21:00:00,27.78,NA,1,315,18.25,"315",1014.63,NA,NA,NA,56,NA,26.11,NA,20,25.56,1
1862-07-07,NA,NA,NA,NA,NA,NA,NA,0,"empty","empty",NA,0,NA,23.44,NA,NA,NA
1862-07-07 07:00:00,22.78,NA,3,0,14.53,"0",1015.92,NA,NA,NA,60,NA,20.78,NA,16.11,20.56,5
1862-07-07 14:00:00,26.11,NA,1,225,16.53,"225",1010.84,NA,NA,NA,53,NA,25.67,NA,18.89,25,1
1862-07-07 21:00:00,23.33,NA,4,247.5,18.76,"247.5",1004.34,NA,NA,NA,66,NA,23.89,NA,19.44,23.33,11
1862-07-08,NA,NA,NA,NA,NA,NA,NA,0,"empty","empty",NA,0,NA,23.57,NA,NA,NA
1862-07-08 07:00:00,23.33,NA,0,270,18.52,NA,1006.1,NA,NA,NA,73,NA,21,NA,17.78,20.56,2
1862-07-08 14:00:00,30.56,NA,4,315,12.63,"315",1007.45,NA,NA,NA,39,NA,26.22,NA,16.67,25.56,11
1862-07-08 21:00:00,23.89,NA,1,270,13.21,"270",1008.4,NA,NA,NA,48,NA,23.5,NA,16.11,22.78,1
1862-07-09,NA,NA,NA,NA,NA,NA,NA,6.6,"6:30am","3pm",NA,0,NA,18.52,NA,NA,NA
1862-07-09 07:00:00,17.22,NA,2,135,14.7,"135",1006.43,NA,NA,NA,68,NA,19.44,NA,15.56,18.89,2
1862-07-09 14:00:00,19.44,NA,3,135,16.32,"135",1003.73,NA,NA,NA,100,NA,16.67,NA,14.44,14.44,5
1862-07-09 21:00:00,19.44,NA,2,45,17.91,"45",1009.14,NA,NA,NA,83,NA,19.44,NA,17.22,18.89,2
1862-07-10,NA,NA,NA,NA,NA,NA,NA,5.59,"empty","empty",NA,0,NA,18.31,NA,NA,NA
1862-07-10 07:00:00,22.78,NA,2,315,13.24,"315",1012.19,NA,NA,NA,87,NA,13.61,NA,12.22,13.33,2
1862-07-10 14:00:00,24.44,NA,0,292.5,10.94,NA,1015.92,NA,NA,NA,44,NA,21.67,NA,13.89,21.11,2
1862-07-10 21:00:00,21.67,NA,0,292.5,11.95,NA,1017.07,NA,NA,NA,50,NA,20.22,NA,14.44,20.56,1
1862-07-11,NA,NA,NA,NA,NA,NA,NA,0,"empty","empty",NA,0,NA,21.03,NA,NA,NA
1862-07-11 07:00:00,17.78,NA,1,247.5,12.73,"247.5",1018.96,NA,NA,NA,63,NA,17.78,NA,13.89,17.78,1
1862-07-11 14:00:00,23.33,NA,3,247.5,15.68,"247.5",1017.95,NA,NA,NA,55,NA,23.78,NA,17.78,23.33,5
1862-07-11 21:00:00,22.22,NA,2,247.5,13.27,"247.5",1015.92,NA,NA,NA,53,NA,21.56,NA,15.56,21.11,2
1862-07-12,NA,NA,NA,NA,NA,NA,NA,12.45,"8:50pm","9:15am",NA,0,NA,21.41,NA,NA,NA
1862-07-12 07:00:00,19.44,NA,1,247.5,12.73,"247.5",1011.85,NA,NA,NA,63,NA,18.56,NA,13.89,17.78,1
1862-07-12 14:00:00,21.67,NA,3,247.5,22.18,"247.5",1007.79,NA,NA,NA,84,NA,22.72,NA,20.56,22.22,5
1862-07-12 21:00:00,21.67,NA,1,NA,18.08,"292.5",1007.38,NA,NA,NA,66,NA,22.94,NA,18.89,22.78,0
1862-07-13,NA,NA,NA,NA,NA,NA,NA,0,"empty","empty",NA,0,NA,23.44,NA,NA,NA
1862-07-13 07:00:00,20.56,NA,2,202.5,16.97,"202.5",1003.93,NA,NA,NA,73,NA,20.22,NA,17.22,20,2
1862-07-13 14:00:00,26.11,NA,4,225,20.49,"225",1002.44,NA,NA,NA,63,NA,26.44,NA,21.11,25.56,11
1862-07-13 21:00:00,22.78,NA,3,225,18.76,"225",1002.44,NA,NA,NA,66,NA,23.67,NA,19.44,23.33,5
1862-07-14,NA,NA,NA,NA,NA,NA,NA,0,"6pm","9:30pm",NA,0,NA,18.74,NA,NA,NA
1862-07-14 07:00:00,20.56,NA,3,315,16.49,"315",1008.87,NA,NA,NA,88,NA,17.56,NA,14.44,16.67,5
1862-07-14 14:00:00,21.11,NA,2,315,13.61,"315",1008.47,NA,NA,NA,56,NA,20.56,NA,15.56,20.56,2
1862-07-14 21:00:00,20.56,NA,0,NA,15,NA,1008.33,NA,NA,NA,57,NA,18.11,NA,15,17.22,0
1862-07-15,NA,NA,NA,NA,NA,NA,NA,9.14,"9:30am","10am",NA,0,NA,20.28,NA,NA,NA
1862-07-15 07:00:00,20,NA,2,22.5,15.61,"22.5",1009.14,NA,NA,NA,77,NA,17.89,NA,15.56,17.78,2
1862-07-15 14:00:00,26.11,NA,3,225,19,"225",1014.22,NA,NA,NA,63,NA,25.17,NA,20,24.44,5
1862-07-15 21:00:00,22.22,NA,3,22.5,16.66,"22.5",1010.84,NA,NA,NA,82,NA,17.78,NA,16.11,17.78,5
1862-07-16,NA,NA,NA,NA,NA,NA,NA,0,"11am","11:30am",NA,0,NA,20.7,NA,NA,NA
1862-07-16 07:00:00,19.44,NA,2,NA,17.78,"315",1011.92,NA,NA,NA,88,NA,18.33,NA,16.67,17.78,0
1862-07-16 14:00:00,24.44,NA,4,225,23.37,"225",1010.9,NA,NA,NA,79,NA,24.56,NA,21.67,23.89,11
1862-07-16 21:00:00,21.67,NA,2,337.5,13.65,"337.5",1013.61,NA,NA,NA,57,NA,19.22,NA,14.44,17.78,2
1862-07-17,NA,NA,NA,NA,NA,NA,NA,0.23,"empty","empty",NA,0,NA,18.24,NA,NA,NA
1862-07-17 07:00:00,20,NA,3,0,12.5,"0",1018.56,NA,NA,NA,71,NA,16.06,NA,12.78,15.56,5
1862-07-17 14:00:00,19.44,NA,1,22.5,13.24,"22.5",1020.93,NA,NA,NA,63,NA,19.11,NA,14.44,18.33,1
1862-07-17 21:00:00,20,NA,0,NA,14.7,NA,1021,NA,NA,NA,68,NA,19.56,NA,15.56,18.89,0
1862-07-18,NA,NA,NA,NA,NA,NA,NA,0,"empty","empty",NA,0,NA,20.81,NA,NA,NA
1862-07-18 07:00:00,16.67,NA,0,0,12.5,NA,1024.38,NA,NA,NA,71,NA,16.11,NA,12.78,15.56,1
1862-07-18 14:00:00,28.33,NA,1,180,13.82,"180",1024.38,NA,NA,NA,48,NA,24.06,NA,16.67,23.33,1
1862-07-18 21:00:00,21.67,NA,0,135,15.71,NA,1022.69,NA,NA,NA,61,NA,22.28,NA,17.22,21.67,1
1862-07-19,NA,NA,NA,NA,NA,NA,NA,7.11,"12:45am","6am",NA,0,NA,22.96,NA,NA,NA
1862-07-19 07:00:00,20.56,NA,2,180,16.97,"180",1022.69,NA,NA,NA,73,NA,20.44,NA,17.22,20,2
1862-07-19 14:00:00,25,NA,2,180,19,"180",1020.45,NA,NA,NA,63,NA,25,NA,20,24.44,2
1862-07-19 21:00:00,22.78,NA,1,135,16.93,"135",1015.85,NA,NA,NA,62,NA,23.44,NA,18.33,22.78,1
1862-07-20,NA,NA,NA,NA,NA,NA,NA,0,"empty","empty",NA,0,NA,19.76,NA,NA,NA
1862-07-20 07:00:00,22.22,NA,3,135,18.42,"135",1012.12,NA,NA,NA,88,NA,18.44,NA,17.22,18.33,5
1862-07-20 14:00:00,21.11,NA,3,135,17.81,"135",1011.85,NA,NA,NA,69,NA,21.94,NA,18.33,21.67,5
1862-07-20 21:00:00,19.44,NA,0,135,16.19,NA,1011.18,NA,NA,NA,78,NA,18.89,NA,16.11,18.33,1
1862-07-21,NA,NA,NA,NA,NA,NA,NA,0,"empty","empty",NA,0,NA,20.91,NA,NA,NA
1862-07-21 07:00:00,19.44,NA,3,22.5,12.5,"22.5",1011.85,NA,NA,NA,71,NA,15.89,NA,12.78,15.56,5
1862-07-21 14:00:00,22.22,NA,3,180,14.43,"180",1015.92,NA,NA,NA,54,NA,22.78,NA,16.67,22.22,5
1862-07-21 21:00:00,22.78,NA,3,180,15.24,"180",1014.7,NA,NA,NA,52,NA,24.06,NA,17.78,23.89,5
1862-07-22,NA,NA,NA,NA,NA,NA,NA,4.06,"2am, 8:30am, 11pm","6am, 9pm, 4am",NA,0,NA,20.46,NA,NA,NA
1862-07-22 07:00:00,22.22,NA,2,0,13.38,"0",1019.91,NA,NA,NA,76,NA,15.89,NA,13.33,15.56,2
1862-07-22 14:00:00,22.78,NA,1,180,20.18,"180",1019.3,NA,NA,NA,67,NA,25.22,NA,20.56,24.44,1
1862-07-22 21:00:00,20.56,NA,1,180,18.59,"180",1020.45,NA,NA,NA,83,NA,20.28,NA,17.78,19.44,1
1862-07-23,NA,NA,NA,NA,NA,NA,NA,30.99,"6pm, 11pm","9pm, 1am",NA,0,NA,16.61,NA,NA,NA
1862-07-23 07:00:00,19.44,NA,6,135,16.05,"135",1015.58,NA,NA,NA,82,NA,17.44,NA,15.56,17.22,20
1862-07-23 14:00:00,19.44,NA,4,135,16.05,"135",1010.84,NA,NA,NA,82,NA,17.44,NA,15.56,17.22,11
1862-07-23 21:00:00,18.89,NA,4,157.5,15.27,"157.5",1009.14,NA,NA,NA,93,NA,14.94,NA,13.89,14.44,11
1862-07-24,NA,NA,NA,NA,NA,NA,NA,7.11,"empty","empty",NA,0,NA,23.24,NA,NA,NA
1862-07-24 07:00:00,17.22,NA,4,202.5,16.19,"202.5",1009.21,NA,NA,NA,78,NA,18.61,NA,16.11,18.33,11
1862-07-24 14:00:00,26.11,NA,3,225,14.22,"225",1009.48,NA,NA,NA,33,NA,31,NA,19.44,30,5
1862-07-24 21:00:00,22.78,NA,3,225,17.44,"225",1009.62,NA,NA,NA,78,NA,20.11,NA,17.22,19.44,5
1862-07-25,NA,NA,NA,NA,NA,NA,NA,0,"empty","empty",NA,0,NA,21.33,NA,NA,NA
1862-07-25 07:00:00,20.56,NA,3,202.5,17.91,"202.5",1011.65,NA,NA,NA,83,NA,19.33,NA,17.22,18.89,5
1862-07-25 14:00:00,21.11,NA,3,225,15.68,"225",1011.58,NA,NA,NA,55,NA,23.78,NA,17.78,23.33,5
1862-07-25 21:00:00,20,NA,0,270,17.51,NA,1012.39,NA,NA,NA,73,NA,20.89,NA,17.78,20.56,5
1862-07-26,NA,NA,NA,NA,NA,NA,NA,0,"5:30pm, 8pm","6:20pm, 11pm",NA,0,NA,21.41,NA,NA,NA
1862-07-26 07:00:00,18.33,NA,0,247.5,15.61,NA,1015.85,NA,NA,NA,77,NA,17.78,NA,15.56,17.78,5
1862-07-26 14:00:00,21.11,NA,2,247.5,17.54,"247.5",1015.58,NA,NA,NA,56,NA,25.5,NA,19.44,25,2
1862-07-26 21:00:00,20,NA,3,225,18.66,"225",1015.24,NA,NA,NA,78,NA,20.94,NA,18.33,20.56,5
1862-07-27,NA,NA,NA,NA,NA,NA,NA,8.89,"3pm","7pm",NA,0,NA,22.06,NA,NA,NA
1862-07-27 07:00:00,20,NA,2,202.5,16.36,"202.5",1017.54,NA,NA,NA,73,NA,19.89,NA,17.78,19.44,2
1862-07-27 14:00:00,26.11,NA,4,225,22.28,"225",1016.53,NA,NA,NA,71,NA,25.78,NA,21.67,25,11
1862-07-27 21:00:00,20.56,NA,3,292.5,19.27,"292.5",1017.88,NA,NA,NA,83,NA,20.5,NA,18.33,20,5
1862-07-28,NA,NA,NA,NA,NA,NA,NA,8.13,"4am, 11am, 3pm, 8pm","8am, 11:10am, 4:30pm, 8:30pm",NA,0,NA,21.06,NA,NA,NA
1862-07-28 07:00:00,21.67,NA,1,202.5,17.27,"202.5",1018.96,NA,NA,NA,83,NA,18.33,NA,16.67,18.33,1
1862-07-28 14:00:00,22.22,NA,2,202.5,22.49,"202.5",1017.61,NA,NA,NA,79,NA,23.33,NA,21.11,23.33,2
1862-07-28 21:00:00,20,NA,2,180,22.05,"180",1016.59,NA,NA,NA,88,NA,21.5,NA,20,21.11,2
1862-07-29,NA,NA,NA,NA,NA,NA,NA,14.73,"empty","empty",NA,0,NA,21.06,NA,NA,NA
1862-07-29 07:00:00,18.89,NA,2,180,19.1,"180",1012.53,NA,NA,NA,88,NA,18.89,NA,17.78,18.89,2
1862-07-29 14:00:00,22.22,NA,2,202.5,24.45,"202.5",1012.53,NA,NA,NA,89,NA,23.06,NA,21.67,22.78,2
1862-07-29 21:00:00,19.44,NA,2,157.5,22.52,"157.5",1012.46,NA,NA,NA,94,NA,21.22,NA,20,20.56,2
1862-07-30,NA,NA,NA,NA,NA,NA,NA,0,"empty","empty",NA,0,NA,22.87,NA,NA,NA
1862-07-30 07:00:00,20,NA,1,225,20.35,"225",1014.97,NA,NA,NA,94,NA,19.39,NA,18.89,18.89,1
1862-07-30 14:00:00,25.56,NA,3,180,21,"180",1014.97,NA,NA,NA,67,NA,25.5,NA,21.11,25,5
1862-07-30 21:00:00,22.78,NA,1,225,25.94,"225",1015.98,NA,NA,NA,94,NA,23.72,NA,22.22,22.78,1
1862-07-31,NA,NA,NA,NA,NA,NA,NA,0,"empty","empty",NA,0,NA,23.31,NA,NA,NA
1862-07-31 07:00:00,19.44,NA,2,270,18.32,"270",1016.05,NA,NA,NA,73,NA,21.33,NA,18.33,21.11,2
1862-07-31 14:00:00,23.33,NA,0,270,18.63,NA,1016.76,NA,NA,NA,59,NA,25.56,NA,20,25,2
1862-07-31 21:00:00,22.22,NA,0,22.5,18.08,NA,1016.93,NA,NA,NA,66,NA,23.06,NA,18.89,22.78,5
1862-08-01,NA,NA,NA,NA,NA,NA,NA,0,"empty","empty",NA,0,NA,21.78,NA,NA,NA
1862-08-01 07:00:00,20.56,NA,0,22.5,16.36,NA,1017.27,NA,NA,NA,73,NA,19.61,NA,16.67,19.44,1
1862-08-01 14:00:00,23.89,NA,0,22.5,21.16,NA,1017.61,NA,NA,NA,74,NA,23.78,NA,20.56,23.33,1
1862-08-01 21:00:00,22.78,NA,1,22.5,18.96,"22.5",1017.61,NA,NA,NA,73,NA,21.94,NA,18.89,21.67,0
1862-08-02,NA,NA,NA,NA,NA,NA,NA,0,"empty","empty",NA,0,NA,24.07,NA,NA,NA
1862-08-02 07:00:00,24.44,225,1,225,13.99,NA,1017.88,NA,NA,NA,60,NA,20.39,NA,15.56,20,1
1862-08-02 14:00:00,28.89,225,2,225,21.13,NA,1017.61,NA,NA,NA,57,NA,28.22,NA,22.22,27.78,2
1862-08-02 21:00:00,24.44,NA,0,0,19.91,NA,1019.3,NA,NA,NA,70,NA,23.61,NA,20,23.33,2
1862-08-03,NA,NA,NA,NA,NA,NA,NA,0,"empty","empty",NA,0,NA,24.14,NA,NA,NA
1862-08-03 07:00:00,24.44,NA,0,67.5,13.99,NA,1019.81,NA,NA,NA,60,NA,20.56,NA,15.56,20,1
1862-08-03 14:00:00,26.11,90,1,90,20.05,NA,1020.12,NA,NA,NA,59,NA,26.78,NA,21.11,26.11,1
1862-08-03 21:00:00,26.11,NA,1,NA,22.28,"112.5",1018.69,NA,NA,NA,71,NA,25.11,NA,21.67,25,1
1862-08-04,NA,NA,NA,NA,NA,NA,NA,0,"empty","empty",NA,0,NA,26.41,NA,NA,NA
1862-08-04 07:00:00,23.89,202.5,1,202.5,19.67,NA,1019.24,NA,NA,NA,74,NA,23,NA,19.44,22.22,1
1862-08-04 14:00:00,27.22,NA,0,202.5,25.36,NA,1017.27,NA,NA,NA,58,NA,30.56,NA,21.67,30.56,1
1862-08-04 21:00:00,26.67,NA,1,180,20.49,"180",1015.58,NA,NA,NA,63,NA,25.67,NA,21.11,25.56,0
1862-08-05,NA,NA,NA,NA,NA,NA,NA,0.23,"9:30am | 11:15am | 7pm","9:35am | 11:30am | 7:15pm",NA,0,NA,25.48,NA,NA,NA
1862-08-05 07:00:00,27.22,180,1,180,23.6,NA,1014.22,NA,NA,NA,75,NA,25.44,NA,22.22,25,1
1862-08-05 14:00:00,30.56,225,3,315,24.42,NA,1012.53,NA,NA,NA,58,NA,30.44,NA,21.67,30,5
1862-08-05 21:00:00,22.22,NA,2,337.5,16.97,"337.5",1015.98,NA,NA,NA,73,NA,20.56,NA,17.22,20,5
1862-08-06,NA,NA,NA,NA,NA,NA,NA,0.23,"empty","empty",NA,0,NA,21.5,NA,NA,NA
1862-08-06 07:00:00,21.11,0,1,0,14.7,NA,1019.98,NA,NA,NA,68,NA,19.33,NA,15.56,18.89,1
1862-08-06 14:00:00,27.22,292.5,2,292.5,11.85,NA,1021.67,NA,NA,NA,40,NA,24.89,NA,15.56,23.89,2
1862-08-06 21:00:00,22.22,NA,1,0,13.44,"0",1023.1,NA,NA,NA,60,NA,20.28,NA,15,19.44,2
1862-08-07,NA,NA,NA,NA,NA,NA,NA,0,"8:30pm","2am",NA,0,NA,21.81,NA,NA,NA
1862-08-07 07:00:00,21.67,0,2,0,13.11,NA,1026.08,NA,NA,NA,67,NA,17.67,NA,13.89,17.22,2
1862-08-07 14:00:00,21.11,180,3,180,11.85,NA,1024.18,NA,NA,NA,37,NA,26,NA,16.11,25.56,5
1862-08-07 21:00:00,20.56,NA,3,180,18.32,"180",1017.54,NA,NA,NA,73,NA,21.78,NA,18.33,21.11,5
1862-08-08,NA,NA,NA,NA,NA,NA,NA,14.48,"empty","empty",NA,0,NA,24.11,NA,NA,NA
1862-08-08 07:00:00,22.78,202.5,1,202.5,21.16,NA,1011.51,NA,NA,NA,88,NA,21.11,NA,19.44,20.56,1
1862-08-08 14:00:00,29.44,270,2,270,24.45,NA,1012.33,NA,NA,NA,75,NA,26.33,NA,22.78,25.56,2
1862-08-08 21:00:00,23.89,NA,0,NA,24.14,"270",1011.04,NA,NA,NA,79,NA,24.89,NA,21.67,24.44,2
1862-08-09,NA,NA,NA,NA,NA,NA,NA,1.27,"5am | 10:15am","7am | 10:30am",NA,0,NA,25.85,NA,NA,NA
1862-08-09 07:00:00,22.78,157.5,3,157.5,24.45,NA,1006.1,NA,NA,NA,89,NA,23.28,NA,21.67,22.78,5
1862-08-09 14:00:00,30.56,225,4,225,25.94,NA,1002.44,NA,NA,NA,68,NA,29.06,NA,24.44,28.33,11
1862-08-09 21:00:00,26.67,NA,1,337.5,21.44,"337.5",1004.34,NA,NA,NA,71,NA,25.22,NA,21.11,24.44,11
1862-08-10,NA,NA,NA,NA,NA,NA,NA,0.51,"empty","empty",NA,0,NA,23.24,NA,NA,NA
1862-08-10 07:00:00,23.33,202.5,1,202.5,15.71,NA,1004.57,NA,NA,NA,73,NA,19.17,NA,16.11,18.89,1
1862-08-10 14:00:00,30,NA,0,202.5,21.13,NA,1005.42,NA,NA,NA,59,NA,28.06,NA,22.22,27.78,1
1862-08-10 21:00:00,26.11,NA,0,202.5,19.67,NA,1007.45,NA,NA,NA,74,NA,22.5,NA,19.44,22.22,0
1862-08-11,NA,NA,NA,NA,NA,NA,NA,0,"empty","empty",NA,0,NA,23.67,NA,NA,NA
1862-08-11 07:00:00,22.78,NA,0,180,14.7,NA,1007.96,NA,NA,NA,68,NA,19.44,NA,15.56,18.89,1
1862-08-11 14:00:00,29.44,180,1,180,19.57,NA,1008.47,NA,NA,NA,56,NA,27,NA,21.11,26.67,1
1862-08-11 21:00:00,23.89,NA,1,180,24.14,"180",1009.14,NA,NA,NA,79,NA,24.56,NA,21.67,24.44,1
1862-08-12,NA,NA,NA,NA,NA,NA,NA,0.51,"2am","3am",NA,0,NA,23.41,NA,NA,NA
1862-08-12 07:00:00,23.33,247.5,4,247.5,22.49,NA,1009.48,NA,NA,NA,79,NA,23.61,NA,21.11,23.33,11
1862-08-12 14:00:00,27.22,315,4,315,21,NA,1014.63,NA,NA,NA,67,NA,26.39,NA,17.22,25,11
1862-08-12 21:00:00,22.22,NA,0,315,11.48,NA,1018.08,NA,NA,NA,49,NA,20.22,NA,13.89,20,11
1862-08-13,NA,NA,NA,NA,NA,NA,NA,0,"empty","empty",NA,0,NA,19.74,NA,NA,NA
1862-08-13 07:00:00,19.44,NA,0,315,9.72,NA,1022.01,NA,NA,NA,57,NA,15.17,NA,10.56,15,1
1862-08-13 14:00:00,23.33,225,5,225,14.43,NA,1021,NA,NA,NA,54,NA,23.22,NA,16.67,22.22,16
1862-08-13 21:00:00,19.44,NA,1,225,12.26,"225",1020.66,NA,NA,NA,52,NA,20.83,NA,14.44,20,16
1862-08-14,NA,NA,NA,NA,NA,NA,NA,0,"7pm","1am",NA,0,NA,20.35,NA,NA,NA
1862-08-14 07:00:00,20.56,202.5,1,202.5,10.84,NA,1019.03,NA,NA,NA,76,NA,16,NA,12.78,15,1
1862-08-14 14:00:00,24.44,202.5,3,202.5,16.83,NA,1012.53,NA,NA,NA,55,NA,24.83,NA,18.89,24.44,5
1862-08-14 21:00:00,19.44,NA,3,202.5,18.08,"202.5",1010.02,NA,NA,NA,78,NA,20.22,NA,17.78,20,5
1862-08-15,NA,NA,NA,NA,NA,NA,NA,4.83,"empty","empty",NA,0,NA,19.53,NA,NA,NA
1862-08-15 07:00:00,21.67,292.5,1,292.5,14.16,NA,1011.85,NA,NA,NA,68,NA,18.72,NA,15,18.33,1
1862-08-15 14:00:00,23.33,270,2,270,11.68,NA,1014.22,NA,NA,NA,47,NA,22.11,NA,14.44,21.11,5
1862-08-15 21:00:00,20,NA,1,270,14.46,"270",1015.92,NA,NA,NA,77,NA,17.78,NA,14.44,16.67,2
1862-08-16,NA,NA,NA,NA,NA,NA,NA,0,"empty","empty",NA,0,NA,16.07,NA,NA,NA
1862-08-16 07:00:00,18.33,315,3,315,10.77,NA,1022.35,NA,NA,NA,66,NA,14.72,NA,11.11,14.44,5
1862-08-16 14:00:00,19.44,270,1,270,12.87,NA,1024.25,NA,NA,NA,60,NA,19.33,NA,14.44,18.89,1
1862-08-16 21:00:00,20,NA,2,270,10.29,"270",1026.08,NA,NA,NA,65,NA,14.17,NA,10.56,13.89,1
1862-08-17,NA,NA,NA,NA,NA,NA,NA,0,"empty","empty",NA,0,NA,19.37,NA,NA,NA
1862-08-17 07:00:00,20,NA,0,NA,14.26,NA,1029.73,NA,NA,NA,87,NA,14.89,NA,13.33,14.44,0
1862-08-17 14:00:00,26.11,225,2,225,13.82,NA,1027.63,NA,NA,NA,48,NA,23.67,NA,16.67,23.33,2
1862-08-17 21:00:00,19.44,NA,1,225,14.36,"225",1025.74,NA,NA,NA,64,NA,19.56,NA,15.56,19.44,2
1862-08-18,NA,NA,NA,NA,NA,NA,NA,0,"12pm","12:30pm",NA,0,NA,20.92,NA,NA,NA
1862-08-18 07:00:00,21.67,202.5,4,202.5,14.02,NA,1022.69,NA,NA,NA,72,NA,17.44,NA,14.44,17.22,11
1862-08-18 14:00:00,24.44,180,2,180,22.49,NA,1021,NA,NA,NA,79,NA,23.78,NA,21.11,23.33,2
1862-08-18 21:00:00,20,NA,1,180,17.2,"180",1017.54,NA,NA,NA,69,NA,21.56,NA,17.78,21.11,2
1862-08-19,NA,NA,NA,NA,NA,NA,NA,0.23,"empty","empty",NA,0,NA,21.35,NA,NA,NA
1862-08-19 07:00:00,22.78,NA,0,202.5,14.46,NA,1018.76,NA,NA,NA,77,NA,17.44,NA,14.44,16.67,2
1862-08-19 14:00:00,24.44,225,3,225,16.22,NA,1017.95,NA,NA,NA,55,NA,24.61,NA,18.33,23.89,5
1862-08-19 21:00:00,22.22,NA,1,270,15.71,"270",1017.61,NA,NA,NA,61,NA,22,NA,17.22,21.67,5
1862-08-20,NA,NA,NA,NA,NA,NA,NA,0,"10:30pm","4am",NA,0,NA,22.31,NA,NA,NA
1862-08-20 07:00:00,22.78,225,3,225,15.34,NA,1020.12,NA,NA,NA,68,NA,19.61,NA,16.11,19.44,5
1862-08-20 14:00:00,27.78,292.5,1,247.5,12.9,NA,1020.59,NA,NA,NA,41,NA,25.61,NA,16.67,25,1
1862-08-20 21:00:00,22.78,NA,1,292.5,16.12,"292.5",1021.2,NA,NA,NA,65,NA,21.89,NA,17.22,21.11,1
1862-08-21,NA,NA,NA,NA,NA,NA,NA,8.89,"empty","empty",NA,0,NA,18.52,NA,NA,NA
1862-08-21 07:00:00,22.78,22.5,4,22.5,14.26,NA,1024.31,NA,NA,NA,87,NA,14.89,NA,13.33,14.44,11
1862-08-21 14:00:00,22.22,45,1,45,16.12,NA,1022.49,NA,NA,NA,65,NA,21.33,NA,17.22,21.11,1
1862-08-21 21:00:00,20.56,NA,2,45,16.8,"45",1021,NA,NA,NA,78,NA,19.33,NA,16.67,18.89,1
1862-08-22,NA,NA,NA,NA,NA,NA,NA,2.03,"1am | 8am","5am | 2pm",NA,0,NA,19.44,NA,NA,NA
1862-08-22 07:00:00,22.22,202.5,1,202.5,14.26,NA,1020.52,NA,NA,NA,87,NA,15,NA,13.33,14.44,1
1862-08-22 14:00:00,22.78,202.5,1,202.5,22.18,NA,1018.96,NA,NA,NA,84,NA,22.22,NA,20.56,22.22,1
1862-08-22 21:00:00,22.22,NA,1,202.5,20.76,"202.5",1017.61,NA,NA,NA,83,NA,21.11,NA,19.44,21.11,1
1862-08-23,NA,NA,NA,NA,NA,NA,NA,7.87,"12pm","1pm",NA,0,NA,15.72,NA,NA,NA
1862-08-23 07:00:00,21.67,225,1,225,15.81,NA,1016.76,NA,NA,NA,94,NA,15.56,NA,14.44,15,1
1862-08-23 14:00:00,20.56,292.5,2,292.5,14.6,NA,1015.58,NA,NA,NA,72,NA,18.06,NA,15,17.78,2
1862-08-23 21:00:00,16.67,NA,0,292.5,9.99,NA,1022.96,NA,NA,NA,65,NA,13.56,NA,10,13.33,2
1862-08-24,NA,NA,NA,NA,NA,NA,NA,0.23,"empty","empty",NA,0,NA,13.72,NA,NA,NA
1862-08-24 07:00:00,18.33,NA,0,315,9.24,NA,1031.09,NA,NA,NA,73,NA,9.83,NA,6.67,8.89,1
1862-08-24 14:00:00,20,225,1,225,15.14,NA,1029.46,NA,NA,NA,73,NA,18.33,NA,15.56,18.33,1
1862-08-24 21:00:00,15,NA,0,202.5,9.41,NA,1027.16,NA,NA,NA,54,NA,16.33,NA,10.56,15.56,1
1862-08-25,NA,NA,NA,NA,NA,NA,NA,0,"empty","empty",NA,0,NA,20.03,NA,NA,NA
1862-08-25 07:00:00,17.22,NA,0,202.5,7.79,NA,1023.64,NA,NA,NA,55,NA,12.67,NA,7.78,12.22,2
1862-08-25 14:00:00,23.89,225,3,225,14.32,NA,1018.69,NA,NA,NA,49,NA,24.22,NA,17.22,23.89,5
1862-08-25 21:00:00,23.33,NA,3,225,15.98,"225",1014.56,NA,NA,NA,58,NA,23.22,NA,17.78,22.78,5
1862-08-26,NA,NA,NA,NA,NA,NA,NA,0,"2pm | 5pm","3pm | 6pm",NA,0,NA,22.5,NA,NA,NA
1862-08-26 07:00:00,23.33,270,2,270,18.08,NA,1013.55,NA,NA,NA,78,NA,20,NA,17.78,20,2
1862-08-26 14:00:00,24.44,247.5,1,247.5,19.51,NA,1012.6,NA,NA,NA,66,NA,24.33,NA,20,23.89,1
1862-08-26 21:00:00,22.78,NA,1,247.5,20.45,"247.5",1012.6,NA,NA,NA,74,NA,23.17,NA,20,22.78,1
1862-08-27,NA,NA,NA,NA,NA,NA,NA,1.02,"empty","empty",NA,0,NA,19.41,NA,NA,NA
1862-08-27 07:00:00,21.67,0,2,0,12.12,NA,1015.92,NA,NA,NA,67,NA,16.28,NA,12.78,16.11,2
1862-08-27 14:00:00,27.78,67.5,1,67.5,14.43,NA,1015.92,NA,NA,NA,54,NA,22.5,NA,16.67,22.22,1
1862-08-27 21:00:00,21.67,NA,2,67.5,13.75,"67.5",1014.49,NA,NA,NA,64,NA,19.44,NA,15,18.89,1
1862-08-28,NA,NA,NA,NA,NA,NA,NA,0.76,"2:28pm","5pm",NA,0,NA,20.18,NA,NA,NA
1862-08-28 07:00:00,22.22,0,1,0,14.46,NA,1011.18,NA,NA,NA,77,NA,17.67,NA,14.44,16.67,1
1862-08-28 14:00:00,21.67,0,1,0,19.88,NA,1006.98,NA,NA,NA,83,NA,21.89,NA,18.89,20.56,1
1862-08-28 21:00:00,20.56,NA,2,225,20.52,"225",1004.06,NA,NA,NA,88,NA,21,NA,18.89,20,1
1862-08-29,NA,NA,NA,NA,NA,NA,NA,1.78,"2:20am","6am",NA,0,NA,15.72,NA,NA,NA
1862-08-29 07:00:00,21.11,292.5,3,292.5,11.58,NA,1011.65,NA,NA,NA,71,NA,15.56,NA,11.67,14.44,5
1862-08-29 14:00:00,26.11,292.5,4,292.5,9.89,NA,1015.85,NA,NA,NA,51,NA,17.44,NA,11.67,17.22,11
1862-08-29 21:00:00,18.33,NA,3,292.5,12.36,"292.5",1019.3,NA,NA,NA,81,NA,14.17,NA,9.44,13.33,11
1862-08-30,NA,NA,NA,NA,NA,NA,NA,0,"empty","empty",NA,0,NA,15.7,NA,NA,NA
1862-08-30 07:00:00,17.78,NA,0,292.5,8.3,NA,1025.8,NA,NA,NA,68,NA,10.44,NA,7.22,10,5
1862-08-30 14:00:00,17.78,NA,0,225,9.45,NA,1024.04,NA,NA,NA,45,NA,19.11,NA,11.67,18.33,11
1862-08-30 21:00:00,17.78,NA,0,225,11.89,NA,1020.73,NA,NA,NA,59,NA,17.56,NA,13.33,17.78,0
1862-08-31,NA,NA,NA,NA,NA,NA,NA,0,"empty","empty",NA,0,NA,19.76,NA,NA,NA
1862-08-31 07:00:00,20,247.5,3,247.5,11.82,NA,1021.27,NA,NA,NA,81,NA,13.61,NA,11.11,12.78,5
1862-08-31 14:00:00,25.56,NA,0,225,13.21,NA,1017.27,NA,NA,NA,43,NA,24.83,NA,16.67,24.44,2
1862-08-31 21:00:00,20,NA,0,225,14.93,NA,1011.65,NA,NA,NA,64,NA,20.83,NA,16.11,20,0
1862-09-01,NA,NA,NA,NA,NA,NA,NA,11.18,NA,"10am | 12:10pm | 1:15pm | 8pm",NA,0,NA,20.92,NA,NA,NA
1862-09-01 07:00:00,21.67,180,3,180,17.14,NA,1003.52,NA,NA,NA,88,NA,17.94,NA,16.11,17.22,5
1862-09-01 14:00:00,23.33,202.5,5,202.5,23.87,NA,995.87,NA,NA,NA,84,NA,24,NA,21.67,23.33,16
1862-09-01 21:00:00,20,NA,4,202.5,21.06,"202.5",995.94,NA,NA,NA,94,NA,20.83,NA,18.89,19.44,11
1862-09-02,NA,NA,NA,NA,NA,NA,NA,18.8,"2am","5:30am",NA,0,NA,14.17,NA,NA,NA
1862-09-02 07:00:00,18.33,292.5,2,292.5,10.5,NA,1004.81,NA,NA,NA,80,NA,12.11,NA,9.44,11.11,2
1862-09-02 14:00:00,16.67,292.5,3,292.5,12.12,NA,1009.14,NA,NA,NA,67,NA,15.11,NA,12.78,16.11,5
1862-09-02 21:00:00,17.22,NA,0,315,12.87,NA,1015.24,NA,NA,NA,76,NA,15.28,NA,12.78,15,1
1862-09-03,NA,NA,NA,NA,NA,NA,NA,0,"empty","empty",NA,0,NA,14.31,NA,NA,NA
1862-09-03 07:00:00,17.78,NA,0,315,7.25,NA,1020.79,NA,NA,NA,67,NA,9.22,NA,5.56,8.33,2
1862-09-03 14:00:00,17.22,270,3,270,10.19,NA,1021.67,NA,NA,NA,54,NA,17.72,NA,11.67,16.67,5
1862-09-03 21:00:00,17.78,NA,0,270,11.99,NA,1022.62,NA,NA,NA,71,NA,16,NA,12.22,15,2
1862-09-04,NA,NA,NA,NA,NA,NA,NA,0,"empty","empty",NA,0,NA,19.18,NA,NA,NA
1862-09-04 07:00:00,12.22,180,2,180,10.5,NA,1022.55,NA,NA,NA,74,NA,12.33,NA,10,12.22,2
1862-09-04 14:00:00,22.78,NA,0,180,17.27,NA,1018.63,NA,NA,NA,58,NA,24.17,NA,18.89,23.89,1
1862-09-04 21:00:00,21.11,NA,1,202.5,18.52,"202.5",1017.61,NA,NA,NA,73,NA,21.06,NA,17.78,20.56,1
1862-09-05,NA,NA,NA,NA,NA,NA,NA,0,"2:15pm","3pm",NA,0,NA,22.59,NA,NA,NA
1862-09-05 07:00:00,20,225,1,225,16.66,NA,1019.3,NA,NA,NA,82,NA,18.06,NA,16.11,17.78,1
1862-09-05 14:00:00,25,225,1,225,20.18,NA,1018.63,NA,NA,NA,67,NA,24.89,NA,20.56,24.44,1
1862-09-05 21:00:00,23.33,NA,1,225,20.18,"225",1015.92,NA,NA,NA,67,NA,24.89,NA,20.56,24.44,1
1862-09-06,NA,NA,NA,NA,NA,NA,NA,22.1,"12:30pm | 11pm","10pm | 6am",NA,0,NA,14.13,NA,NA,NA
1862-09-06 07:00:00,21.11,0,1,0,13.71,NA,1019.64,NA,NA,NA,87,NA,14.72,NA,12.78,13.89,1
1862-09-06 14:00:00,18.89,22.5,3,22.5,13.71,NA,1018.76,NA,NA,NA,87,NA,14.33,NA,12.78,13.89,5
1862-09-06 21:00:00,18.89,NA,4,22.5,13.65,"22.5",1018.69,NA,NA,NA,93,NA,13.33,NA,12.22,12.78,11
1862-09-07,NA,NA,NA,NA,NA,NA,NA,20.32,"empty","empty",NA,0,NA,17.89,NA,NA,NA
1862-09-07 07:00:00,18.33,22.5,1,22.5,14.7,NA,1015.98,NA,NA,NA,96,NA,14.22,NA,13.06,13.33,1
1862-09-07 14:00:00,22.22,202.5,2,NA,20.52,NA,1013.88,NA,NA,NA,88,NA,20.22,NA,18.89,20,0
1862-09-07 21:00:00,20,NA,2,NA,14.36,"247.5",1012.94,NA,NA,NA,64,NA,19.22,NA,15.56,19.44,0
1862-09-08,NA,NA,NA,NA,NA,NA,NA,2.03,"4am | 7am | 11am | 4:30pm","6am | 7:15am | 11:30am | 4:40pm",NA,0,NA,23.31,NA,NA,NA
1862-09-08 07:00:00,22.22,180,1,180,22.52,NA,1012.12,NA,NA,NA,94,NA,20.78,NA,20,20.56,1
1862-09-08 14:00:00,27.22,202.5,4,202.5,22.01,NA,1009.21,NA,NA,NA,63,NA,27.33,NA,22.22,26.67,11
1862-09-08 21:00:00,20,NA,3,270,16.73,"270",1012.94,NA,NA,NA,65,NA,21.83,NA,17.78,21.67,5
1862-09-09,NA,NA,NA,NA,NA,NA,NA,7.87,"empty","empty",NA,0,NA,21.13,NA,NA,NA
1862-09-09 07:00:00,21.11,0,1,0,13.38,NA,1023.03,NA,NA,NA,76,NA,16.33,NA,13.33,15.56,1
1862-09-09 14:00:00,22.22,NA,0,270,20.05,NA,1024.38,NA,NA,NA,59,NA,26.94,NA,21.11,26.11,1
1862-09-09 21:00:00,21.11,NA,0,270,13.99,NA,1026.08,NA,NA,NA,60,NA,20.11,NA,15.56,20,1
1862-09-10,NA,NA,NA,NA,NA,NA,NA,0,"empty","empty",NA,0,NA,20.22,NA,NA,NA
1862-09-10 07:00:00,21.67,NA,0,180,11.58,NA,1026.92,NA,NA,NA,71,NA,14.83,NA,11.67,14.44,1
1862-09-10 14:00:00,25,NA,0,180,15.71,NA,1027.77,NA,NA,NA,61,NA,23.83,NA,17.22,23.33,1
1862-09-10 21:00:00,22.78,NA,0,135,15.92,NA,1026.08,NA,NA,NA,68,NA,22,NA,16.67,20,1
1862-09-11,NA,NA,NA,NA,NA,NA,NA,0,"empty","empty",NA,0,NA,22.42,NA,NA,NA
1862-09-11 07:00:00,20.56,NA,0,202.5,11.85,NA,1025.67,NA,NA,NA,47,NA,15.89,NA,13.89,15,1
1862-09-11 14:00:00,28.33,NA,0,157.5,18.9,NA,1023.1,NA,NA,NA,56,NA,26.94,NA,20.56,26.11,2
1862-09-11 21:00:00,22.22,NA,0,157.5,20.72,NA,1019.64,NA,NA,NA,70,NA,24.44,NA,20.56,23.89,2
1862-09-12,NA,NA,NA,NA,NA,NA,NA,0,"12pm | 1pm | 4pm","12:30pm | 1:30pm | 10pm",NA,0,NA,22.98,NA,NA,NA
1862-09-12 07:00:00,22.22,180,2,180,20.18,NA,1016.86,NA,NA,NA,78,NA,21.94,NA,19.44,21.67,2
1862-09-12 14:00:00,25,180,2,180,22.28,NA,1015.24,NA,NA,NA,71,NA,25.44,NA,21.67,25,2
1862-09-12 21:00:00,21.67,NA,3,180,19.27,"180",1017.61,NA,NA,NA,83,NA,21.56,NA,18.33,20,5
1862-09-13,NA,NA,NA,NA,NA,NA,NA,9.4,"empty","empty",NA,0,NA,12.98,NA,NA,NA
1862-09-13 07:00:00,18.89,315,4,315,6.67,NA,1030.55,NA,NA,NA,66,NA,7.5,NA,4.44,7.22,11
1862-09-13 14:00:00,21.11,0,4,0,13.99,NA,1030.95,NA,NA,NA,60,NA,20.56,NA,15.56,20,11
1862-09-13 21:00:00,17.78,NA,3,22.5,8.64,"22.5",1031.16,NA,NA,NA,68,NA,10.89,NA,7.78,10.56,5
1862-09-14,NA,NA,NA,NA,NA,NA,NA,0,"11:10pm","5am",NA,0,NA,14.94,NA,NA,NA
1862-09-14 07:00:00,18.33,0,1,0,9.31,NA,1031.16,NA,NA,NA,86,NA,8.78,NA,7.22,8.33,1
1862-09-14 14:00:00,19.44,135,1,135,12.73,NA,1026.41,NA,NA,NA,63,NA,17.94,NA,13.89,17.78,1
1862-09-14 21:00:00,18.89,NA,0,157.5,13.51,NA,1025.47,NA,NA,NA,72,NA,18.11,NA,10.56,16.67,1
1862-09-15,NA,NA,NA,NA,NA,NA,NA,0,"empty","empty",NA,0,NA,14.46,NA,NA,NA
1862-09-15 07:00:00,17.22,292.5,1,292.5,12.77,NA,1023.03,NA,NA,NA,81,NA,14.72,NA,12.22,13.89,1
1862-09-15 14:00:00,18.89,0,1,0,14.19,NA,1022.55,NA,NA,NA,93,NA,14.11,NA,12.78,13.33,1
1862-09-15 21:00:00,18.33,NA,1,0,14.19,"0",1023.23,NA,NA,NA,93,NA,14.56,NA,12.78,13.33,1
1862-09-16,NA,NA,NA,NA,NA,NA,NA,6.86,"empty","empty",NA,0,NA,13.52,NA,NA,NA
1862-09-16 07:00:00,18.33,NA,0,0,9.35,NA,1027.5,NA,NA,NA,79,NA,9.44,NA,7.78,9.44,1
1862-09-16 14:00:00,20,247.5,1,247.5,12.97,NA,1025.74,NA,NA,NA,72,NA,16.44,NA,13.33,16.11,1
1862-09-16 21:00:00,18.89,NA,0,247.5,13.38,NA,1024.25,NA,NA,NA,76,NA,14.67,NA,13.33,15.56,1
1862-09-17,NA,NA,NA,NA,NA,NA,NA,0,"empty","empty",NA,0,NA,16.03,NA,NA,NA
1862-09-17 07:00:00,19.44,270,1,270,5.69,NA,1025.33,NA,NA,NA,40,NA,12.22,NA,5.56,12.22,1
1862-09-17 14:00:00,20.56,NA,0,315,14.6,NA,1022.69,NA,NA,NA,72,NA,18.44,NA,15,17.78,1
1862-09-17 21:00:00,18.89,NA,0,22.5,13.51,NA,1021,NA,NA,NA,72,NA,17.44,NA,13.89,16.67,1
1862-09-18,NA,NA,NA,NA,NA,NA,NA,0,"4pm","4:15pm",NA,0,NA,21.24,NA,NA,NA
1862-09-18 07:00:00,22.22,157.5,4,157.5,17.27,NA,1015.51,NA,NA,NA,83,NA,18.56,NA,16.67,18.33,11
1862-09-18 14:00:00,22.78,180,6,180,18.52,NA,1010.77,NA,NA,NA,69,NA,23.06,NA,18.89,22.22,20
1862-09-18 21:00:00,21.11,NA,3,180,20.18,"180",1014.02,NA,NA,NA,78,NA,22.11,NA,19.44,21.67,5
1862-09-19,NA,NA,NA,NA,NA,NA,NA,0.23,"1:35pm","1:45pm",NA,0,NA,18.98,NA,NA,NA
1862-09-19 07:00:00,21.67,225,1,292.5,18.42,NA,1016.39,NA,NA,NA,88,NA,19.11,NA,17.22,18.33,1
1862-09-19 14:00:00,22.22,315,1,315,17.44,NA,1018.35,NA,NA,NA,78,NA,20.39,NA,17.22,19.44,1
1862-09-19 21:00:00,20,NA,2,0,13.88,"0",1022.15,NA,NA,NA,77,NA,17.44,NA,13.89,16.11,1
1862-09-20,NA,NA,NA,NA,NA,NA,NA,0.23,"empty","empty",NA,0,NA,15.22,NA,NA,NA
1862-09-20 07:00:00,19.44,NA,0,22.5,8.91,NA,1023.98,NA,NA,NA,79,NA,8.67,NA,7.22,NA,1
1862-09-20 14:00:00,20.56,225,1,225,14.7,NA,1020.73,NA,NA,NA,68,NA,19.11,NA,15.56,18.89,1
1862-09-20 21:00:00,18.33,NA,1,180,14.02,"180",1019.24,NA,NA,NA,72,NA,17.89,NA,14.44,17.22,1
1862-09-21,NA,NA,NA,NA,NA,NA,NA,0,"empty","empty",NA,0,NA,13.33,NA,NA,NA
1862-09-21 07:00:00,18.89,0,1,0,8.7,NA,1026.08,NA,NA,NA,64,NA,11.67,NA,8.33,11.67,1
1862-09-21 14:00:00,25.56,NA,0,0,10.87,NA,1028.72,NA,NA,NA,62,NA,15.56,NA,11.67,15.56,1
1862-09-21 21:00:00,18.89,NA,0,0,10.9,NA,1027.77,NA,NA,NA,80,NA,12.78,NA,10,11.67,1
1862-09-22,NA,NA,NA,NA,NA,NA,NA,0,"empty","empty",NA,0,NA,16.67,NA,NA,NA
1862-09-22 07:00:00,18.89,135,3,135,9.35,NA,1026.48,NA,NA,NA,79,NA,9.61,NA,7.78,9.44,2
1862-09-22 14:00:00,24.44,180,3,180,15.37,NA,1023.03,NA,NA,NA,57,NA,23,NA,17.22,22.22,5
1862-09-22 21:00:00,17.78,NA,0,180,13.51,NA,1029.12,NA,NA,NA,72,NA,17.39,NA,13.89,16.67,2
1862-09-23,NA,NA,NA,NA,NA,NA,NA,0,"empty","empty",NA,0,NA,20.53,NA,NA,NA
1862-09-23 07:00:00,22.22,NA,0,202.5,13.24,NA,1021.94,NA,NA,NA,87,NA,14.33,NA,12.22,13.33,1
1862-09-23 14:00:00,27.22,180,2,180,19.78,NA,1016.39,NA,NA,NA,63,NA,25.22,NA,20.56,25,2
1862-09-23 21:00:00,21.67,NA,0,202.5,17.81,NA,1012.53,NA,NA,NA,69,NA,22.06,NA,18.33,21.67,1
1862-09-24,NA,NA,NA,NA,NA,NA,NA,3.05,"5am | 10am","10am | 11:30am",NA,0,NA,14.26,NA,NA,NA
1862-09-24 07:00:00,20,292.5,1,292.5,15.34,NA,1009.14,NA,NA,NA,88,NA,16.22,NA,14.44,15.56,1
1862-09-24 14:00:00,20,315,2,315,12.36,NA,1015.37,NA,NA,NA,81,NA,13.89,NA,11.67,13.33,2
1862-09-24 21:00:00,18.89,NA,0,315,8.06,NA,1018.83,NA,NA,NA,59,NA,12.67,NA,7.78,11.67,1
1862-09-25,NA,NA,NA,NA,NA,NA,NA,0.23,"empty","empty",NA,0,NA,15.5,NA,NA,NA
1862-09-25 07:00:00,20,292.5,3,292.5,7.59,NA,1018.9,NA,NA,NA,67,NA,9,NA,6.11,8.89,5
1862-09-25 14:00:00,21.67,292.5,3,292.5,14.36,NA,1018.8,NA,NA,NA,64,NA,19.72,NA,15.56,19.44,5
1862-09-25 21:00:00,21.11,NA,0,270,16.05,NA,1018.76,NA,NA,NA,82,NA,17.61,NA,12.78,17.22,2
1862-09-26,NA,NA,NA,NA,NA,NA,NA,0,"empty","empty",NA,0,NA,17.76,NA,NA,NA
1862-09-26 07:00:00,20.56,225,2,225,11.34,NA,1020.39,NA,NA,NA,86,NA,12.11,NA,10,11.67,2
1862-09-26 14:00:00,21.67,202.5,3,202.5,13.85,NA,1019.3,NA,NA,NA,53,NA,22,NA,16.11,21.67,5
1862-09-26 21:00:00,18.89,NA,0,202.5,13.75,NA,1017.41,NA,NA,NA,64,NA,19.17,NA,15,18.89,2
1862-09-27,NA,NA,NA,NA,NA,NA,NA,0,"empty","empty",NA,0,NA,19.94,NA,NA,NA
1862-09-27 07:00:00,19.44,NA,0,270,13.31,NA,1021.54,NA,NA,NA,81,NA,15,NA,12.78,14.44,1
1862-09-27 14:00:00,26.11,NA,0,135,17.68,NA,1021.67,NA,NA,NA,62,NA,23.89,NA,18.89,23.33,2
1862-09-27 21:00:00,20.56,NA,0,180,13.61,NA,1020.32,NA,NA,NA,56,NA,20.94,NA,15.56,20.56,1
1862-09-28,NA,NA,NA,NA,NA,NA,NA,0,"empty","empty",NA,0,NA,19.79,NA,NA,NA
1862-09-28 07:00:00,20.56,202.5,1,202.5,11.58,NA,1019.3,NA,NA,NA,71,NA,14.72,NA,11.67,14.44,1
1862-09-28 14:00:00,25,135,1,135,16.66,NA,1017.2,NA,NA,NA,58,NA,23.22,NA,18.33,23.33,1
1862-09-28 21:00:00,20.56,NA,0,202.5,16.12,NA,1014.22,NA,NA,NA,65,NA,21.44,NA,17.22,21.11,1
1862-09-29,NA,NA,NA,NA,NA,NA,NA,0,"empty","empty",NA,0,NA,15.37,NA,NA,NA
1862-09-29 07:00:00,21.11,270,4,270,14.32,NA,1011.85,NA,NA,NA,82,NA,15.89,NA,13.89,15.56,11
1862-09-29 14:00:00,20,22.5,1,22.5,12.97,NA,1014.56,NA,NA,NA,72,NA,16.89,NA,13.33,16.11,1
1862-09-29 21:00:00,17.78,NA,1,0,8.8,"0",1018.69,NA,NA,NA,60,NA,13.33,NA,8.89,12.78,1
1862-09-30,NA,NA,NA,NA,NA,NA,NA,0,"1 pm","1.5 pm",NA,NA,NA,6.11,NA,NA,NA
1862-09-30 07:00:00,18.33,0,3,0,6.1,NA,1024.31,NA,NA,NA,70,NA,5.11,NA,2.78,5,5
1862-09-30 14:00:00,16.67,0,3,0,7.59,NA,1025.67,NA,NA,NA,77,NA,7.11,NA,5,6.67,5
1862-09-30 21:00:00,16.11,NA,0,0,6.67,NA,1028.38,NA,NA,NA,77,NA,6.11,NA,3.33,5,1
1862-10-01,NA,NA,NA,NA,NA,NA,NA,0.23,"empty","empty",NA,0,NA,8.24,NA,NA,NA
1862-10-01 07:00:00,16.11,22.5,2,22.5,6.16,NA,1028.11,NA,NA,NA,80,NA,3.11,NA,1.67,2.78,2
1862-10-01 14:00:00,15.56,90,1,90,8.64,NA,1026.75,NA,NA,NA,68,NA,11.11,NA,7.78,10.56,1
1862-10-01 21:00:00,15.56,NA,3,112.5,8.97,"112.5",1026.08,NA,NA,NA,74,NA,10.5,NA,7.78,10,5
1862-10-02,NA,NA,NA,NA,NA,NA,NA,0.23,"2pm | 6pm","4pm | 7pm",NA,0,NA,13.22,NA,NA,NA
1862-10-02 07:00:00,18.33,135,3,135,8.64,NA,1023.98,NA,NA,NA,68,NA,10.89,NA,7.78,10.56,5
1862-10-02 14:00:00,16.67,180,1,180,14.26,NA,1019.1,NA,NA,NA,87,NA,14.44,NA,13.33,12.78,1
1862-10-02 21:00:00,16.67,NA,1,180,14.7,"180",1019.3,NA,NA,NA,93,NA,14.33,NA,13.33,13.89,1
1862-10-03,NA,NA,NA,NA,NA,NA,NA,0.23,"11am","5pm",NA,0,NA,16.26,NA,NA,NA
1862-10-03 07:00:00,18.89,NA,NA,NA,14.16,NA,1023.71,NA,NA,NA,96,NA,13.44,NA,12.5,14.44,0
1862-10-03 14:00:00,21.67,292.5,1,292.5,15.14,NA,1024.04,NA,NA,NA,73,NA,18.33,NA,15.56,18.33,1
1862-10-03 21:00:00,19.44,NA,1,NA,11.99,"292.5",1020.66,NA,NA,NA,66,NA,15.89,NA,12.22,15,0
1862-10-04,NA,NA,NA,NA,NA,NA,NA,1.52,"12:10pm | 6:30pm | 11pm","2pm | 8pm | 2am",NA,0,NA,17.94,NA,NA,NA
1862-10-04 07:00:00,19.44,0,0,NA,6.54,NA,1013.88,NA,NA,NA,91,NA,13.89,NA,12.78,13.33,0
1862-10-04 14:00:00,22.78,180,3,180,23.57,NA,1003.59,NA,NA,NA,89,NA,22.61,NA,21.11,22.22,5
1862-10-04 21:00:00,21.67,NA,0,247.5,12.12,NA,1004.06,NA,NA,NA,67,NA,17.33,NA,12.78,16.11,11
1862-10-05,NA,NA,NA,NA,NA,NA,NA,11.18,"empty","empty",NA,0,NA,12,NA,NA,NA
1862-10-05 07:00:00,18.33,270,3,270,6.98,NA,1018.63,NA,NA,NA,62,NA,9.44,NA,5.56,8.89,5
1862-10-05 14:00:00,23.33,NA,0,292.5,10.29,NA,1023.77,NA,NA,NA,65,NA,14.44,NA,10.56,13.89,2
1862-10-05 21:00:00,20,NA,0,292.5,8.33,NA,1026.08,NA,NA,NA,64,NA,12.11,NA,7.78,11.11,1
1862-10-06,NA,NA,NA,NA,NA,NA,NA,0,"8pm","9:30pm",NA,0,NA,11.39,NA,NA,NA
1862-10-06 07:00:00,19.44,292.5,1,292.5,7.62,NA,1026.89,NA,NA,NA,85,NA,6.56,NA,4.44,5.56,1
1862-10-06 14:00:00,19.44,180,1,180,10.29,NA,1020.25,NA,NA,NA,65,NA,14.56,NA,10.56,13.89,1
1862-10-06 21:00:00,16.67,NA,1,180,11.31,"180",1009.48,NA,NA,NA,80,NA,13.06,NA,10.56,12.22,1
1862-10-07,NA,NA,NA,NA,NA,NA,NA,1.27,"8:05am | 1pm | 4pm","9:30am | 1:20pm | 4:30pm",NA,0,NA,16.35,NA,NA,NA
1862-10-07 07:00:00,20,225,0,NA,16.12,NA,1008.53,NA,NA,NA,88,NA,15.44,NA,13.89,15,0
1862-10-07 14:00:00,19.44,225,0,NA,17.61,NA,1009.48,NA,NA,NA,94,NA,16.83,NA,16.11,16.67,0
1862-10-07 21:00:00,19.44,NA,1,225,15.92,"225",1010.84,NA,NA,NA,88,NA,16.78,NA,15,16.11,1
1862-10-08,NA,NA,NA,NA,NA,NA,NA,8.64,"2am","4am",NA,0,NA,24.29,NA,NA,NA
1862-10-08 07:00:00,21.67,225,1,225,18.59,NA,1009.14,NA,NA,NA,83,NA,20,NA,17.78,19.44,1
1862-10-08 14:00:00,28.89,247.5,4,247.5,22.86,NA,1009.08,NA,NA,NA,64,NA,27.39,NA,22.78,27.22,11
1862-10-08 21:00:00,24.44,NA,0,225,21,NA,1005.76,NA,NA,NA,67,NA,25.5,NA,21.11,25,1
1862-10-09,NA,NA,NA,NA,NA,NA,NA,1.02,"4am","7am",NA,0,NA,21.79,NA,NA,NA
1862-10-09 07:00:00,24.44,292.5,4,292.5,19.81,NA,1011.51,NA,NA,NA,88,NA,20.83,NA,18.33,19.44,11
1862-10-09 14:00:00,24.44,270,3,270,20.05,NA,1014.22,NA,NA,NA,59,NA,26.33,NA,21.11,26.11,5
1862-10-09 21:00:00,16.67,NA,1,270,13.11,"270",1022.42,NA,NA,NA,67,NA,18.22,NA,13.89,17.22,1
1862-10-10,NA,NA,NA,NA,NA,NA,NA,0.23,"2am | 10:30am | 6pm","4am | 10:45am | 4am",NA,0,NA,12.78,NA,NA,NA
1862-10-10 07:00:00,18.33,22.5,1,22.5,8.16,NA,1028.45,NA,NA,NA,56,NA,11.33,NA,8.33,11.11,1
1862-10-10 14:00:00,20,22.5,4,22.5,16.49,NA,1021.81,NA,NA,NA,88,NA,17.44,NA,15.56,16.67,11
1862-10-10 21:00:00,18.89,NA,5,22.5,10.9,"22.5",1014.97,NA,NA,NA,93,NA,9.56,NA,8.89,9.44,16
1862-10-11,NA,NA,NA,NA,NA,NA,NA,8.89,"empty","empty",NA,0,NA,9.35,NA,NA,NA
1862-10-11 07:00:00,17.78,315,1,315,8.57,NA,1012.39,NA,NA,NA,85,NA,7.89,NA,6.11,7.22,1
1862-10-11 14:00:00,16.67,337.5,3,337.5,10.9,NA,1017.61,NA,NA,NA,80,NA,11.83,NA,10,11.67,5
1862-10-11 21:00:00,15,NA,3,337.5,8.97,"337.5",1024.38,NA,NA,NA,86,NA,8.33,NA,6.67,7.78,5
1862-10-12,NA,NA,NA,NA,NA,NA,NA,0,"empty","empty",NA,0,NA,9.07,NA,NA,NA
1862-10-12 07:00:00,12.78,180,3,180,7.89,NA,1025.74,NA,NA,NA,78,NA,7.78,NA,5.56,7.22,5
1862-10-12 14:00:00,22.22,180,4,180,9.72,NA,1025.74,NA,NA,NA,74,NA,11.11,NA,8.89,11.11,11
1862-10-12 21:00:00,14.44,NA,0,45,8.26,NA,1024.38,NA,NA,NA,79,NA,8.33,NA,6.11,7.78,2
1862-10-13,NA,NA,NA,NA,NA,NA,NA,0,"empty","empty",NA,0,NA,10.02,NA,NA,NA
1862-10-13 07:00:00,15.56,180,3,180,7.89,NA,1019.64,NA,NA,NA,78,NA,7.78,NA,5.56,7.22,5
1862-10-13 14:00:00,16.67,157.5,2,157.5,11.75,NA,1018.76,NA,NA,NA,86,NA,12.11,NA,10.56,11.67,2
1862-10-13 21:00:00,15.56,NA,1,157.5,9.69,"135",1017.27,NA,NA,NA,80,NA,10.17,NA,8.33,10,1
1862-10-14,NA,NA,NA,NA,NA,NA,NA,0,"empty","empty",NA,0,NA,10.06,NA,NA,NA
1862-10-14 07:00:00,17.22,NA,NA,NA,7.65,NA,1016.26,NA,NA,NA,92,NA,5.22,NA,3.89,4.44,0
1862-10-14 14:00:00,18.33,225,3,225,11.82,NA,1016.32,NA,NA,NA,81,NA,13.56,NA,11.11,12.78,5
1862-10-14 21:00:00,17.78,NA,3,315,10.5,"315",1024.38,NA,NA,NA,80,NA,11.39,NA,9.44,11.11,5
1862-10-15,NA,NA,NA,NA,NA,NA,NA,0.23,"12:30am","2am",NA,0,NA,3.81,NA,NA,NA
1862-10-15 07:00:00,12.78,0,3,0,5.01,NA,1026.21,NA,NA,NA,72,NA,2,NA,0,1.67,5
1862-10-15 14:00:00,17.22,NA,0,90,5.38,NA,1027.02,NA,NA,NA,60,NA,5.22,NA,2.22,5.56,1
1862-10-15 21:00:00,13.33,NA,0,90,5.55,NA,1024.79,NA,NA,NA,70,NA,4.22,NA,1.67,3.89,1
1862-10-16,NA,NA,NA,NA,NA,NA,NA,0,"4:50pm","2am",NA,0,NA,5.37,NA,NA,NA
1862-10-16 07:00:00,14.44,22.5,1,22.5,5.01,NA,1021,NA,NA,NA,85,NA,-0.11,NA,-1.11,-0.56,1
1862-10-16 14:00:00,15.56,135,2,135,9.31,NA,1015.92,NA,NA,NA,86,NA,8.89,NA,7.22,8.33,2
1862-10-16 21:00:00,18.89,NA,2,135,9.31,"135",1014.56,NA,NA,NA,92,NA,7.33,NA,6.67,7.22,2
1862-10-17,NA,NA,NA,NA,NA,NA,NA,13.97,"empty","empty",NA,0,NA,11.24,NA,NA,NA
1862-10-17 07:00:00,16.67,180,1,180,10.9,NA,1014.02,NA,NA,NA,93,NA,9.89,NA,8.89,9.44,1
1862-10-17 14:00:00,20.56,315,2,315,11.31,NA,1015.92,NA,NA,NA,80,NA,12.89,NA,10.56,12.22,2
1862-10-17 21:00:00,17.22,NA,1,315,9.69,"315",1021.27,NA,NA,NA,80,NA,10.94,NA,8.33,10,1
1862-10-18,NA,NA,NA,NA,NA,NA,NA,0,"empty","empty",NA,0,NA,11.03,NA,NA,NA
1862-10-18 07:00:00,17.22,270,1,270,8.57,NA,1027.63,NA,NA,NA,85,NA,7.56,NA,6.11,7.22,1
1862-10-18 14:00:00,15.56,247.5,3,247.5,11.89,NA,1026.14,NA,NA,NA,75,NA,15.22,NA,11.67,13.89,5
1862-10-18 21:00:00,17.22,NA,1,247.5,10.09,"247.5",1022.69,NA,NA,NA,86,NA,10.33,NA,8.33,9.44,1
1862-10-19,NA,NA,NA,NA,NA,NA,NA,0.23,"2am | 11:30am","2:15am | 3pm",NA,0,NA,8.52,NA,NA,NA
1862-10-19 07:00:00,16.67,202.5,4,202.5,9.65,NA,1012.53,NA,NA,NA,86,NA,9.33,NA,7.78,8.89,11
1862-10-19 14:00:00,15.56,292.5,4,292.5,10.46,NA,1009.21,NA,NA,NA,86,NA,8.89,NA,8.89,10,11
1862-10-19 21:00:00,16.67,NA,3,270,8.26,"270",1009.14,NA,NA,NA,84,NA,7.33,NA,5.56,6.67,5
1862-10-20,NA,NA,NA,NA,NA,NA,NA,2.03,"empty","empty",NA,0,NA,2.39,NA,NA,NA
1862-10-20 07:00:00,15.56,315,2,315,4.98,NA,1017.54,NA,NA,NA,78,NA,0.83,NA,-0.56,0.56,2
1862-10-20 14:00:00,13.33,270,3,270,6.43,NA,1017.54,NA,NA,NA,83,NA,3.89,NA,2.22,3.89,5
1862-10-20 21:00:00,16.11,NA,0,270,11.82,NA,1019.64,NA,NA,NA,81,NA,2.44,NA,0,1.67,1
1862-10-21,NA,NA,NA,NA,NA,NA,NA,0,"11:30am | 4pm","11:55am | 2am",NA,0,NA,8.06,NA,NA,NA
1862-10-21 07:00:00,13.89,157.5,6,157.5,7.01,NA,1010.84,NA,NA,NA,84,NA,4.89,NA,3.33,4.44,20
1862-10-21 14:00:00,15,180,6,180,8.64,NA,1001.22,NA,NA,NA,73,NA,10.11,NA,7.22,9.44,20
1862-10-21 21:00:00,18.89,NA,3,180,10.09,"180",1001.22,NA,NA,NA,93,NA,9.17,NA,7.78,8.33,5
1862-10-22,NA,NA,NA,NA,NA,NA,NA,10.67,"6am | 11am | 2pm","10am | 12pm | 4pm",NA,0,NA,9,NA,NA,NA
1862-10-22 07:00:00,17.78,180,1,180,7.01,NA,994.51,NA,NA,NA,84,NA,4.78,NA,3.33,4.44,1
1862-10-22 14:00:00,15.56,292.5,2,292.5,10.09,NA,992.48,NA,NA,NA,86,NA,10.11,NA,8.33,9.44,2
1862-10-22 21:00:00,15,NA,2,292.5,7.28,"292.5",999.19,NA,NA,NA,78,NA,6.56,NA,4.44,6.11,2
1862-10-23,NA,NA,NA,NA,NA,NA,NA,0.23,"9:15am","9:45am",NA,0.23,NA,3.67,NA,NA,NA
1862-10-23 07:00:00,13.89,270,1,270,5.55,NA,1013.55,NA,NA,NA,80,NA,2.22,NA,0.56,1.67,1
1862-10-23 14:00:00,18.33,292.5,2,292.5,5.89,NA,1022.08,NA,NA,NA,66,NA,6.11,NA,2.78,5.56,2
1862-10-23 21:00:00,15.56,NA,0,292.5,5.93,NA,1026.35,NA,NA,NA,82,NA,2.67,NA,1.11,2.22,1
1862-10-24,NA,NA,NA,NA,NA,NA,NA,0,"empty","empty",NA,0,NA,6.61,NA,NA,NA
1862-10-24 07:00:00,13.33,157.5,3,157.5,5.55,NA,1027.77,NA,NA,NA,80,NA,1.83,NA,0.56,1.67,5
1862-10-24 14:00:00,18.33,180,5,180,7.59,NA,1019.3,NA,NA,NA,77,NA,7.17,NA,7.22,6.67,16
1862-10-24 21:00:00,16.67,NA,3,180,9.35,"180",1015.58,NA,NA,NA,79,NA,10.83,NA,7.78,9.44,5
1862-10-25,NA,NA,NA,NA,NA,NA,NA,6.1,"12am","3am",NA,0,NA,4.61,NA,NA,NA
1862-10-25 07:00:00,15.56,270,2,270,7.01,NA,1022.96,NA,NA,NA,84,NA,5.22,NA,3.33,4.44,2
1862-10-25 14:00:00,13.89,337.5,1,337.5,5.89,NA,1027.77,NA,NA,NA,66,NA,5.72,NA,2.78,5.56,1
1862-10-25 21:00:00,12.78,NA,1,337.5,5.59,"337.5",1031.29,NA,NA,NA,75,NA,2.89,NA,1.11,2.78,1
1862-10-26,NA,NA,NA,NA,NA,NA,NA,0,"12:45pm","12am",NA,0,NA,1.63,NA,NA,NA
1862-10-26 07:00:00,12.78,45,1,45,5.01,NA,1031.49,NA,NA,NA,85,NA,-0.11,NA,-1.11,-0.56,1
1862-10-26 14:00:00,17.22,22.5,1,22.5,6.23,NA,1027.5,NA,NA,NA,90,NA,2.78,NA,1.11,1.67,1
1862-10-26 21:00:00,17.78,NA,1,22.5,5.96,"22.5",1022.69,NA,NA,NA,89,NA,2.22,NA,0.56,1.11,1
1862-10-27,NA,NA,NA,NA,NA,NA,NA,28.45,"12am | 2pm","1pm | 3pm",NA,203.2,NA,2.61,NA,NA,NA
1862-10-27 07:00:00,14.44,0,1,0,6.37,NA,1007.79,NA,NA,NA,100,NA,0.56,NA,0.56,0.56,1
1862-10-27 14:00:00,13.89,315,1,315,7.04,NA,1005.55,NA,NA,NA,91,NA,4.72,NA,2.78,3.33,1
1862-10-27 21:00:00,17.22,NA,0,315,5.35,NA,1022.15,NA,NA,NA,74,NA,2.56,NA,0.56,1.67,1
1862-10-28,NA,NA,NA,NA,NA,NA,NA,0.23,"empty","empty",NA,0.23,NA,3.74,NA,NA,NA
1862-10-28 07:00:00,13.33,270,1,270,8.03,NA,1019.03,NA,NA,NA,75,NA,0.78,NA,-1.11,0,1
1862-10-28 14:00:00,16.11,202.5,1,202.5,6.67,NA,1023.16,NA,NA,NA,77,NA,6.11,NA,3.33,5,1
1862-10-28 21:00:00,18.33,NA,0,225,6.13,NA,1025.87,NA,NA,NA,77,NA,4.33,NA,2.22,3.89,1
1862-10-29,NA,NA,NA,NA,NA,NA,NA,0,"12pm | 4pm","1pm | 5pm",NA,0,NA,5.46,NA,NA,NA
1862-10-29 07:00:00,16.67,22.5,1,22.5,6.43,NA,1022.55,NA,NA,NA,83,NA,3.78,NA,2.22,3.33,1
1862-10-29 14:00:00,13.89,225,1,225,7.92,NA,1017.54,NA,NA,NA,84,NA,6.78,NA,5,6.11,1
1862-10-29 21:00:00,18.89,NA,1,225,7.62,"225",1019.24,NA,NA,NA,85,NA,5.83,NA,4.44,5.56,1
1862-10-30,NA,NA,NA,NA,NA,NA,NA,1.78,"8:30pm","10pm",NA,0,NA,5.96,NA,NA,NA
1862-10-30 07:00:00,16.11,247.5,2,247.5,7.04,NA,1024.04,NA,NA,NA,91,NA,3.83,NA,2.78,3.33,2
1862-10-30 14:00:00,13.89,225,1,225,7.28,NA,1020.86,NA,NA,NA,78,NA,6.5,NA,4.44,6.11,1
1862-10-30 21:00:00,18.89,NA,1,135,8.97,"135",1014.9,NA,NA,NA,92,NA,7.56,NA,6.11,6.67,1
1862-10-31,NA,NA,NA,NA,NA,NA,NA,0.51,"empty","empty",NA,0,NA,7.53,NA,NA,NA
1862-10-31 07:00:00,17.22,NA,0,270,7.96,NA,1017.07,NA,NA,NA,92,NA,6,NA,4.44,5,1
1862-10-31 14:00:00,20,270,1,270,10.94,NA,1012.87,NA,NA,NA,86,NA,11.22,NA,9.44,10.56,1
1862-10-31 21:00:00,15.56,NA,1,0,7.28,"270",1011.11,NA,NA,NA,84,NA,5.39,NA,3.89,5,1
1862-11-01,NA,NA,NA,NA,NA,NA,NA,0,"empty","empty",NA,0,NA,4.31,NA,NA,NA
1862-11-01 07:00:00,17.78,0,1,0,7.92,NA,1018.63,NA,NA,NA,84,NA,6.56,NA,5,6.11,1
1862-11-01 14:00:00,17.78,22.5,1,22.5,6.74,NA,1019.24,NA,NA,NA,84,NA,4.17,NA,2.78,3.89,1
1862-11-01 21:00:00,16.67,NA,4,22.5,5.93,"22.5",1017.61,NA,NA,NA,82,NA,2.22,NA,1.11,2.22,11
1862-11-02,NA,NA,NA,NA,NA,NA,NA,0,"empty","empty",NA,0,NA,3.22,NA,NA,NA
1862-11-02 07:00:00,13.89,0,1,0,4.98,NA,1012.67,NA,NA,NA,78,NA,1,NA,-0.56,0.56,1
1862-11-02 14:00:00,15,22.5,1,22.5,7.01,NA,1010.77,NA,NA,NA,84,NA,4.67,NA,3.33,4.44,1
1862-11-02 21:00:00,11.67,NA,1,0,7.04,"225",1008.4,NA,NA,NA,91,NA,4,NA,2.78,3.33,1
1862-11-03,NA,NA,NA,NA,NA,NA,NA,3.81,"2:30am","6am",NA,0,NA,3.76,NA,NA,NA
1862-11-03 07:00:00,14.44,0,1,0,7.38,NA,995.67,NA,NA,NA,92,NA,4.33,NA,3.33,3.89,1
1862-11-03 14:00:00,16.67,225,4,225,7.01,NA,1009.14,NA,NA,NA,84,NA,4.89,NA,3.33,4.44,11
1862-11-03 21:00:00,15.56,NA,1,292.5,8.67,"292.5",1016.8,NA,NA,NA,79,NA,2.06,NA,0,1.11,1
1862-11-04,NA,NA,NA,NA,NA,NA,NA,0,"empty","empty",NA,0,NA,4.79,NA,NA,NA
1862-11-04 07:00:00,15.56,337.5,1,337.5,8.03,NA,1027.43,NA,NA,NA,75,NA,0.5,NA,-1.11,0,1
1862-11-04 14:00:00,16.11,202.5,1,202.5,7.99,NA,1029.46,NA,NA,NA,63,NA,11.33,NA,7.22,10.56,1
1862-11-04 21:00:00,16.11,NA,1,112.5,5.93,"180",1027.77,NA,NA,NA,82,NA,2.56,NA,1.11,2.22,1
1862-11-05,NA,NA,NA,NA,NA,NA,NA,0,"3:35pm | 8:10pm","4:50p | 10pm",NA,0,NA,7.48,NA,NA,NA
1862-11-05 07:00:00,13.89,202.5,4,202.5,6.4,NA,1017.61,NA,NA,NA,76,NA,4.67,NA,2.78,4.44,11
1862-11-05 14:00:00,13.89,180,2,180,8.64,NA,1010.63,NA,NA,NA,73,NA,9.56,NA,7.78,9.44,2
1862-11-05 21:00:00,14.44,NA,1,180,8.97,"180",1008.47,NA,NA,NA,86,NA,8.22,NA,6.67,7.78,1
1862-11-06,NA,NA,NA,NA,NA,NA,NA,3.05,"9:15am","9:36am",NA,0.23,NA,0.29,NA,NA,NA
1862-11-06 07:00:00,10.56,315,2,315,5.96,NA,1013.21,NA,NA,NA,89,NA,1.28,NA,0.56,1.11,2
1862-11-06 14:00:00,11.67,337.5,1,337.5,5.32,NA,1015.65,NA,NA,NA,87,NA,0.17,NA,-0.56,0,1
1862-11-06 21:00:00,18.89,NA,1,337.5,3.93,"337.5",1020.93,NA,NA,NA,68,NA,-0.56,NA,-2.22,-1.11,1
1862-11-07,NA,NA,NA,NA,NA,NA,NA,0,"10pm","12pm",NA,0,NA,-5.25,NA,NA,NA
1862-11-07 07:00:00,13.33,0,1,0,2.24,NA,1026.08,NA,NA,NA,68,NA,-7.22,NA,-8.33,-7.78,1
1862-11-07 14:00:00,16.11,45,4,315,2.3,NA,1024.25,NA,NA,NA,53,NA,-4.28,NA,-5.56,-4.44,11
1862-11-07 21:00:00,14.44,NA,5,315,3.18,"315",1025.33,NA,NA,NA,73,NA,-4.28,NA,-5,-4.44,16
1862-11-08,NA,NA,NA,NA,NA,NA,NA,18.29,"6am | 12pm | 3pm | 10pm","8am | 2pm | 5pm | 1am",NA,53.34,NA,-1.22,NA,NA,NA
1862-11-08 07:00:00,15.56,45,6,45,3.18,NA,1022.49,NA,NA,NA,73,NA,-4.17,NA,-5,-4.44,20
1862-11-08 14:00:00,14.44,45,5,45,5.32,NA,1023.64,NA,NA,NA,87,NA,0.28,NA,-0.56,0,16
1862-11-08 21:00:00,16.67,NA,3,45,5.32,"45",1024.45,NA,NA,NA,87,NA,0.22,NA,-0.56,0,5
1862-11-09,NA,NA,NA,NA,NA,NA,NA,13.72,"5am | 10am","10am | 10pm",NA,127,NA,2.17,NA,NA,NA
1862-11-09 07:00:00,13.89,22.5,1,22.5,5.32,NA,1016.53,NA,NA,NA,87,NA,0.39,NA,-0.56,0,1
1862-11-09 14:00:00,20.56,337.5,1,337.5,7.04,NA,1011.79,NA,NA,NA,91,NA,3.72,NA,2.78,3.33,1
1862-11-09 21:00:00,18.89,NA,1,337.5,5.96,"337.5",1010.09,NA,NA,NA,89,NA,2.39,NA,0.56,1.11,1
1862-11-10,NA,NA,NA,NA,NA,NA,NA,8.64,"empty","empty",NA,76.2,NA,1.94,NA,NA,NA
1862-11-10 07:00:00,12.22,292.5,2,292.5,8.67,NA,1016.32,NA,NA,NA,79,NA,1.89,NA,0,1.11,2
1862-11-10 14:00:00,16.11,292.5,1,292.5,5.01,NA,1020.66,NA,NA,NA,72,NA,2.67,NA,0,1.67,1
1862-11-10 21:00:00,17.78,NA,1,292.5,4.98,"292.5",1024.99,NA,NA,NA,78,NA,1.28,NA,-0.56,0.56,1
1862-11-11,NA,NA,NA,NA,NA,NA,NA,0,"empty","empty",NA,0,NA,0.39,NA,NA,NA
1862-11-11 07:00:00,17.22,NA,NA,NA,2.37,NA,1027.77,NA,NA,NA,68,NA,-6.78,NA,-7.78,-7.22,0
1862-11-11 14:00:00,21.11,135,1,135,5.55,NA,1020.79,NA,NA,NA,80,NA,1.67,NA,0.56,1.67,1
1862-11-11 21:00:00,19.44,NA,1,135,7.01,"135",1013.95,NA,NA,NA,78,NA,6.28,NA,3.89,5.56,1
1862-11-12,NA,NA,NA,NA,NA,NA,NA,1.27,"4am | 10am","10am | 11:35am",NA,0,NA,5.87,NA,NA,NA
1862-11-12 07:00:00,14.44,202.5,0,NA,7.96,NA,1012.39,NA,NA,NA,92,NA,5.94,NA,4.44,5,0
1862-11-12 14:00:00,13.33,270,2,270,7.96,NA,1018.02,NA,NA,NA,92,NA,5.56,NA,4.44,5,2
1862-11-12 21:00:00,21.11,NA,1,270,7.01,"270",1019.78,NA,NA,NA,84,NA,6.11,NA,3.33,4.44,1
1862-11-13,NA,NA,NA,NA,NA,NA,NA,2.79,"empty","empty",NA,0,NA,5.68,NA,NA,NA
1862-11-13 07:00:00,17.22,202.5,2,202.5,6.43,NA,1017.61,NA,NA,NA,83,NA,4.78,NA,2.22,3.33,2
1862-11-13 14:00:00,16.67,270,1,270,6.67,NA,1022.49,NA,NA,NA,77,NA,5.83,NA,3.33,5,1
1862-11-13 21:00:00,20.56,NA,1,270,7.01,"270",1025.94,NA,NA,NA,84,NA,6.44,NA,3.33,4.44,1
1862-11-14,NA,NA,NA,NA,NA,NA,NA,0,"12pm","1pm",NA,0,NA,6.37,NA,NA,NA
1862-11-14 07:00:00,15,202.5,1,202.5,6.43,NA,1023.37,NA,NA,NA,83,NA,4.28,NA,2.22,3.33,1
1862-11-14 14:00:00,19.44,180,1,180,7.59,NA,1024.92,NA,NA,NA,77,NA,7.89,NA,5,6.67,1
1862-11-14 21:00:00,21.11,NA,1,292.5,7.62,"292.5",1025.2,NA,NA,NA,85,NA,7.11,NA,4.44,5.56,1
1862-11-15,NA,NA,NA,NA,NA,NA,NA,0.23,"empty","empty",NA,0,NA,-5.76,NA,NA,NA
1862-11-15 07:00:00,12.22,0,2,0,2.13,NA,1032.85,NA,NA,NA,68,NA,-8.06,NA,-8.89,-8.33,2
1862-11-15 14:00:00,21.67,NA,0,0,2.3,NA,1047.41,NA,NA,NA,53,NA,-3.89,NA,-5.56,-4.44,2
1862-11-15 21:00:00,20,NA,0,0,2,NA,1050.05,NA,NA,NA,50,NA,-5.33,NA,-6.67,-5.56,2
1862-11-16,NA,NA,NA,NA,NA,NA,NA,0,"empty","empty",NA,0,NA,-5.91,NA,NA,NA
1862-11-16 07:00:00,15.56,22.5,3,22.5,1.63,NA,1050.59,NA,NA,NA,67,NA,-10.44,NA,-12.22,-11.67,5
1862-11-16 14:00:00,17.22,45,1,45,2.3,NA,1045.92,NA,NA,NA,53,NA,-4.61,NA,-5.56,-4.44,1
1862-11-16 21:00:00,16.11,NA,1,45,3.62,"45",1040.57,NA,NA,NA,76,NA,-2.67,NA,-3.89,-3.33,1
1862-11-17,NA,NA,NA,NA,NA,NA,NA,6.35,"2am | 10am","10am | 3pm",NA,0.23,NA,5.17,NA,NA,NA
1862-11-17 07:00:00,18.33,180,3,180,6.77,NA,1027.77,NA,NA,NA,91,NA,4.44,NA,2.22,2.78,5
1862-11-17 14:00:00,18.33,270,1,270,6.74,NA,1025.26,NA,NA,NA,84,NA,6.56,NA,2.78,3.89,1
1862-11-17 21:00:00,18.89,NA,1,270,7.38,"270",1028.78,NA,NA,NA,92,NA,4.5,NA,3.33,3.89,1
1862-11-18,NA,NA,NA,NA,NA,NA,NA,1.52,"empty","empty",NA,0,NA,-0.43,NA,NA,NA
1862-11-18 07:00:00,15,22.5,1,22.5,4.64,NA,1034.54,NA,NA,NA,75,NA,0.72,NA,-1.11,0,1
1862-11-18 14:00:00,16.11,22.5,0,22.5,4.98,NA,1031.16,NA,NA,NA,78,NA,0.83,NA,-0.56,0.56,1
1862-11-18 21:00:00,19.44,NA,0,22.5,2.74,NA,1027.09,NA,NA,NA,58,NA,-2.83,NA,-4.44,-3.33,1
1862-11-19,NA,NA,NA,NA,NA,NA,NA,5.33,"5am | 10am","10am | 6:30am",NA,0,NA,2.92,NA,NA,NA
1862-11-19 07:00:00,16.11,0,1,0,5.32,NA,1019.37,NA,NA,NA,87,NA,0,NA,-0.56,0,1
1862-11-19 14:00:00,22.22,0,1,0,7.96,NA,1012.53,NA,NA,NA,92,NA,6.33,NA,4.44,5,1
1862-11-19 21:00:00,13.89,NA,1,0,6.84,"0",1010.97,NA,NA,NA,95,NA,2.44,NA,1.94,2.22,1
1862-11-20,NA,NA,NA,NA,NA,NA,NA,19.81,"9:30am | 10am","10am | 1:30pm",NA,0,NA,-0.67,NA,NA,NA
1862-11-20 07:00:00,17.22,22.5,6,22.5,6.57,NA,1007.38,NA,NA,NA,99,NA,1.56,NA,0.83,1.11,20
1862-11-20 14:00:00,18.33,22.5,5,22.5,5.42,NA,1005.42,NA,NA,NA,100,NA,-1.17,NA,-1.67,-1.67,16
1862-11-20 21:00:00,18.89,NA,4,22.5,5.18,"22.5",1009.48,NA,NA,NA,100,NA,-2.39,NA,-2.22,-2.22,11
1862-11-21,NA,NA,NA,NA,NA,NA,NA,3.81,"empty","empty",NA,0,NA,-1.74,NA,NA,NA
1862-11-21 07:00:00,16.11,0,2,0,3.86,NA,1013.28,NA,NA,NA,79,NA,-2.56,NA,-3.33,-2.78,2
1862-11-21 14:00:00,9.44,225,2,225,4.74,NA,1011.45,NA,NA,NA,83,NA,-0.67,NA,-1.67,-1.11,2
1862-11-21 21:00:00,18.89,NA,1,225,3.86,"225",1013.07,NA,NA,NA,79,NA,-2.33,NA,-3.33,-2.78,1
1862-11-22,NA,NA,NA,NA,NA,NA,NA,0,"4pm","5pm",NA,0,NA,-0.72,NA,NA,NA
1862-11-22 07:00:00,17.78,292.5,2,292.5,3.39,NA,1013.55,NA,NA,NA,74,NA,-3.56,NA,-4.44,-3.89,2
1862-11-22 14:00:00,14.44,315,2,315,5.55,NA,1010.63,NA,NA,NA,80,NA,1.83,NA,0.56,1.67,2
1862-11-22 21:00:00,20.56,NA,2,315,5.01,"315",1010.84,NA,NA,NA,85,NA,-0.44,NA,-1.11,-0.56,2
1862-11-23,NA,NA,NA,NA,NA,NA,NA,0.23,"empty","empty",NA,0.23,NA,-5.11,NA,NA,NA
1862-11-23 07:00:00,20,292.5,2,292.5,2.98,NA,1012.53,NA,NA,NA,72,NA,-4.56,NA,-5.56,-5,2
1862-11-23 14:00:00,18.33,292.5,3,292.5,3.39,NA,1014.22,NA,NA,NA,74,NA,-4.06,NA,-4.44,-3.89,5
1862-11-23 21:00:00,15,NA,0,292.5,2.47,NA,1015.92,NA,NA,NA,68,NA,-6.72,NA,-7.22,-6.67,2
1862-11-24,NA,NA,NA,NA,NA,NA,NA,0,"9:15pm","10pm",NA,0,NA,-5.5,NA,NA,NA
1862-11-24 07:00:00,16.11,270,2,270,2.03,NA,1019.3,NA,NA,NA,67,NA,-8.61,NA,-9.44,-8.89,2
1862-11-24 14:00:00,19.44,270,2,270,2.51,NA,1020.93,NA,NA,NA,55,NA,-3.56,NA,-5,-3.89,2
1862-11-24 21:00:00,13.33,NA,2,270,2.3,"270",1020.45,NA,NA,NA,53,NA,-4.33,NA,-5.56,-4.44,2
1862-11-25,NA,NA,NA,NA,NA,NA,NA,0.23,"empty","empty",NA,0.23,NA,-4.41,NA,NA,NA
1862-11-25 07:00:00,18.33,0,3,0,2.81,NA,1020.86,NA,NA,NA,71,NA,-5.39,NA,-6.11,-5.56,5
1862-11-25 14:00:00,14.44,0,1,0,3.39,NA,1017.61,NA,NA,NA,74,NA,-3.56,NA,-4.44,-3.89,1
1862-11-25 21:00:00,16.11,NA,1,0,2.3,"0",1017.27,NA,NA,NA,53,NA,-4.28,NA,-5.56,-4.44,1
1862-11-26,NA,NA,NA,NA,NA,NA,NA,0,"empty","empty",NA,0,NA,-2.26,NA,NA,NA
1862-11-26 07:00:00,17.22,22.5,2,22.5,2.51,NA,1013.61,NA,NA,NA,55,NA,-3.72,NA,-5,-3.89,2
1862-11-26 14:00:00,13.89,0,2,0,3.93,NA,1009.62,NA,NA,NA,69,NA,-1.11,NA,-2.22,-1.11,2
1862-11-26 21:00:00,12.78,NA,2,0,3.28,"0",1009.21,NA,NA,NA,64,NA,-1.94,NA,-3.33,-2.22,2
1862-11-27,NA,NA,NA,NA,NA,NA,NA,0.23,"5am","8am",NA,0.23,NA,-0.06,NA,NA,NA
1862-11-27 07:00:00,17.22,315,1,315,5.32,NA,1010.5,NA,NA,NA,87,NA,0,NA,-0.56,0,1
1862-11-27 14:00:00,11.67,247.5,2,292.5,5.66,NA,1007.59,NA,NA,NA,89,NA,0.83,NA,0,0.56,2
1862-11-27 21:00:00,20,NA,2,270,4.74,"270",1009.01,NA,NA,NA,83,NA,-1,NA,-1.67,-1.11,2
1862-11-28,NA,NA,NA,NA,NA,NA,NA,0.51,"6am | 10am | 4pm","10am | 11am | 5pm",NA,19.05,NA,-0.87,NA,NA,NA
1862-11-28 07:00:00,21.67,67.5,1,67.5,4.13,NA,1005.83,NA,NA,NA,80,NA,-2.22,NA,-2.78,-2.22,1
1862-11-28 14:00:00,16.67,22.5,1,22.5,4.4,NA,1004,NA,NA,NA,82,NA,-1.22,NA,-2.22,-1.67,1
1862-11-28 21:00:00,13.33,NA,1,NA,4.98,"270",1004,NA,NA,NA,78,NA,0.83,NA,-0.56,0.56,0
1862-11-29,NA,NA,NA,NA,NA,NA,NA,0.23,"2:45pm","6pm",NA,0.23,NA,1.63,NA,NA,NA
1862-11-29 07:00:00,16.67,202.5,1,202.5,4.98,NA,1009.01,NA,NA,NA,78,NA,0.78,NA,-0.56,0.56,1
1862-11-29 14:00:00,11.67,202.5,1,202.5,6.77,NA,1010.5,NA,NA,NA,91,NA,2.89,NA,2.22,2.78,1
1862-11-29 21:00:00,17.78,NA,1,202.5,5.96,"202.5",1012.33,NA,NA,NA,89,NA,1.22,NA,0.56,1.11,1
1862-11-30,NA,NA,NA,NA,NA,NA,NA,3.81,"empty","empty",NA,0.23,NA,1.13,NA,NA,NA
1862-11-30 07:00:00,18.89,270,2,270,8.03,NA,1016.32,NA,NA,NA,75,NA,0.44,NA,-1.11,0,2
1862-11-30 14:00:00,15,270,1,270,5.93,NA,1017.47,NA,NA,NA,92,NA,2.5,NA,1.11,2.22,1
1862-11-30 21:00:00,13.33,NA,2,270,4.64,"270",1017.47,NA,NA,NA,75,NA,0.44,NA,-1.11,0,2
1862-12-01,NA,NA,NA,NA,NA,NA,NA,5.33,"5:10am","12pm",NA,63.5,NA,0.87,NA,NA,NA
1862-12-01 07:00:00,22.22,45,1,45,5.32,NA,1015.92,NA,NA,NA,87,NA,0.44,NA,-0.56,0,1
1862-12-01 14:00:00,22.78,0,1,0,5.66,NA,1015.85,NA,NA,NA,89,NA,0.94,NA,0,0.56,1
1862-12-01 21:00:00,20.56,NA,1,337.5,5.96,"337.5",1018.22,NA,NA,NA,89,NA,1.22,NA,0.56,1.11,1
1862-12-02,NA,NA,NA,NA,NA,NA,NA,1.52,"9:30am | 12:30pm","11am | 2pm",NA,0.23,NA,-7.63,NA,NA,NA
1862-12-02 07:00:00,21.11,0,2,0,2.27,NA,1021.98,NA,NA,NA,60,NA,-5.78,NA,-6.89,-6.11,2
1862-12-02 14:00:00,23.89,315,2,292.5,2.13,NA,1025.26,NA,NA,NA,59,NA,-6.33,NA,-7.44,-6.67,2
1862-12-02 21:00:00,20,NA,0,292.5,1.69,NA,1027.77,NA,NA,NA,66,NA,-10.78,NA,-11.67,-11.11,1
1862-12-03,NA,NA,NA,NA,NA,NA,NA,0,"empty","empty",NA,0,NA,-9.26,NA,NA,NA
1862-12-03 07:00:00,17.78,22.5,1,22.5,1.93,NA,1026.08,NA,NA,NA,67,NA,-9.17,NA,-10,-9.44,1
1862-12-03 14:00:00,20,NA,0,22.5,2.13,NA,1019.3,NA,NA,NA,68,NA,-8.06,NA,-8.89,-8.33,1
1862-12-03 21:00:00,17.22,NA,4,45,1.76,"45",1021,NA,NA,NA,66,NA,-10.56,NA,-11.11,-10.56,11
1862-12-04,NA,NA,NA,NA,NA,NA,NA,0,"6pm","12pm",NA,0,NA,-11.43,NA,NA,NA
1862-12-04 07:00:00,10,NA,0,45,1.52,NA,1020.93,NA,NA,NA,76,NA,-14.44,NA,-14.44,-13.89,16
1862-12-04 14:00:00,9.44,45,4,45,1.76,NA,1016.93,NA,NA,NA,66,NA,-10.56,NA,-11.11,-10.56,11
1862-12-04 21:00:00,22.22,NA,1,0,1.93,"0",1015.92,NA,NA,NA,67,NA,-9.28,NA,-10,-9.44,1
1862-12-05,NA,NA,NA,NA,NA,NA,NA,4.32,"11pm","2am",NA,50.8,NA,-4.67,NA,NA,NA
1862-12-05 07:00:00,14.44,315,1,45,2.98,NA,1011.85,NA,NA,NA,86,NA,-6.78,NA,-7.44,-7.22,1
1862-12-05 14:00:00,16.11,315,1,315,3.62,NA,1009.28,NA,NA,NA,76,NA,-3.33,NA,-3.89,-3.33,1
1862-12-05 21:00:00,23.89,NA,1,0,4.06,"0",1007.11,NA,NA,NA,89,NA,-3.89,NA,-4.11,-3.89,1
1862-12-06,NA,NA,NA,NA,NA,NA,NA,2.03,"9am | 9pm","11am | 8:30am",NA,25.4,NA,-6.54,NA,NA,NA
1862-12-06 07:00:00,23.89,0,1,0,3.86,NA,996.21,NA,NA,NA,88,NA,-4,NA,-4.67,-4.44,1
1862-12-06 14:00:00,17.22,270,3,270,3.86,NA,989.84,NA,NA,NA,88,NA,-3.94,NA,-4.67,-4.44,5
1862-12-06 21:00:00,13.33,NA,4,270,2.03,"270",997.29,NA,NA,NA,85,NA,-11.67,NA,-11.89,-11.67,11
1862-12-07,NA,NA,NA,NA,NA,NA,NA,10.92,"empty","empty",NA,107.95,NA,-15.22,NA,NA,NA
1862-12-07 07:00:00,15,270,6,270,1.35,NA,1006.03,NA,NA,NA,76,NA,-16.22,NA,-17.28,-16.67,20
1862-12-07 14:00:00,14.44,270,4,270,1.66,NA,1010.23,NA,NA,NA,83,NA,-14.56,NA,-15.61,-15,11
1862-12-07 21:00:00,10.56,NA,0,270,1.66,NA,1019.64,NA,NA,NA,83,NA,-14.89,NA,-15.61,-15,5
1862-12-08,NA,NA,NA,NA,NA,NA,NA,0,"empty","empty",NA,0,NA,-14.74,NA,NA,NA
1862-12-08 07:00:00,10,NA,0,270,1.35,NA,1022.69,NA,NA,NA,76,NA,-16.67,NA,-17.28,-16.67,2
1862-12-08 14:00:00,21.11,247.5,2,247.5,1.63,NA,1029.33,NA,NA,NA,77,NA,-12.83,NA,-13.89,-13.33,1
1862-12-08 21:00:00,13.33,NA,0,NA,1.05,NA,1029.46,NA,NA,NA,52,NA,-14.72,NA,-16.67,-15,0
1862-12-09,NA,NA,NA,NA,NA,NA,NA,0,"empty","empty",NA,0,NA,-12.86,NA,NA,NA
1862-12-09 07:00:00,14.44,0,1,0,1.42,NA,1029.33,NA,NA,NA,86,NA,-16,NA,-16.39,-16.11,1
1862-12-09 14:00:00,12.78,0,1,0,1.69,NA,1027.23,NA,NA,NA,66,NA,-11,NA,-11.67,-11.11,1
1862-12-09 21:00:00,12.78,NA,1,0,1.63,"0",1024.25,NA,NA,NA,67,NA,-11.56,NA,-12.22,-11.67,1
1862-12-10,NA,NA,NA,NA,NA,NA,NA,1.02,"12am","4am",NA,12.7,NA,0.76,NA,NA,NA
1862-12-10 07:00:00,16.11,247.5,3,247.5,4.13,NA,1018.35,NA,NA,NA,80,NA,-1.83,NA,-2.78,-2.22,5
1862-12-10 14:00:00,14.44,247.5,2,247.5,6.54,NA,1017.61,NA,NA,NA,91,NA,2.44,NA,1.67,2.22,2
1862-12-10 21:00:00,16.67,NA,1,247.5,6.23,"247.5",1017.61,NA,NA,NA,90,NA,1.67,NA,1.11,1.67,1
1862-12-11,NA,NA,NA,NA,NA,NA,NA,0,"empty","empty",NA,0,NA,2.52,NA,NA,NA
1862-12-11 07:00:00,10.56,202.5,3,202.5,2.74,NA,1012.46,NA,NA,NA,58,NA,-2.89,NA,-4.44,-3.33,5
1862-12-11 14:00:00,18.33,225,2,225,5.55,NA,1010.97,NA,NA,NA,64,NA,4.89,NA,2.22,5,2
1862-12-11 21:00:00,12.22,NA,0,225,5.38,NA,1010.16,NA,NA,NA,60,NA,5.56,NA,2.22,5.56,1
1862-12-12,NA,NA,NA,NA,NA,NA,NA,0,"empty","empty",NA,0,NA,2.03,NA,NA,NA
1862-12-12 07:00:00,14.44,292.5,1,337.5,6.13,NA,1014.22,NA,NA,NA,77,NA,4.44,NA,2.22,3.89,1
1862-12-12 14:00:00,21.67,315,1,315,5.86,NA,1024.04,NA,NA,NA,75,NA,5,NA,1.67,3.33,1
1862-12-12 21:00:00,21.11,NA,3,22.5,2.51,"22.5",1029.46,NA,NA,NA,55,NA,-3.33,NA,-5,-3.89,5
1862-12-13,NA,NA,NA,NA,NA,NA,NA,0,"10am | 2:30pm","1:30pm | 8pm",NA,0,NA,-7.74,NA,NA,NA
1862-12-13 07:00:00,21.67,22.5,3,22.5,2.27,NA,1034.27,NA,NA,NA,78,NA,-9.22,NA,-9.78,-9.44,5
1862-12-13 14:00:00,15.56,22.5,3,22.5,2.71,NA,1028.24,NA,NA,NA,86,NA,-8.22,NA,-8.56,-8.33,5
1862-12-13 21:00:00,18.89,NA,3,22.5,3.28,"22.5",1023.03,NA,NA,NA,87,NA,-5.78,NA,-6.33,-6.11,5
1862-12-14,NA,NA,NA,NA,NA,NA,NA,0.23,"11am | 8pm","11:30am | 4pm",NA,0,NA,-0.74,NA,NA,NA
1862-12-14 07:00:00,17.22,0,1,0,3.86,NA,1019.64,NA,NA,NA,79,NA,-2.78,NA,-3.33,-2.78,1
1862-12-14 14:00:00,12.78,0,1,0,5.01,NA,1016.66,NA,NA,NA,85,NA,-0.17,NA,-1.11,-0.56,1
1862-12-14 21:00:00,15.56,NA,1,0,5.66,"0",1016.05,NA,NA,NA,89,NA,0.72,NA,0,0.56,1
1862-12-15,NA,NA,NA,NA,NA,NA,NA,6.6,"6pm","4am",NA,0,NA,7,NA,NA,NA
1862-12-15 07:00:00,18.89,180,1,180,8.3,NA,1008.53,NA,NA,NA,92,NA,5.78,NA,5,5.56,1
1862-12-15 14:00:00,15.56,202.5,1,202.5,8.97,NA,1003.25,NA,NA,NA,92,NA,7.67,NA,6.11,6.67,1
1862-12-15 21:00:00,20.56,NA,0,NA,9.75,"202.5",1001.15,NA,NA,NA,100,NA,7.56,NA,6.67,6.67,0
1862-12-16,NA,NA,NA,NA,NA,NA,NA,17.02,"7am","11am",NA,0,NA,1.39,NA,NA,NA
1862-12-16 07:00:00,16.67,247.5,3,247.5,8.06,NA,988.42,NA,NA,NA,100,NA,3.89,NA,3.89,3.89,5
1862-12-16 14:00:00,15,247.5,3,247.5,5.28,NA,994.51,NA,NA,NA,79,NA,1.44,NA,0,1.11,5
1862-12-16 21:00:00,20,NA,4,270,4.4,"247.5",1003.79,NA,NA,NA,82,NA,-1.17,NA,-2.22,-1.67,11
1862-12-17,NA,NA,NA,NA,NA,NA,NA,1.52,"empty","empty",NA,0,NA,-10.33,NA,NA,NA
1862-12-17 07:00:00,16.11,315,3,315,1.56,NA,1019.3,NA,NA,NA,67,NA,-11.94,NA,-12.78,-12.22,5
1862-12-17 14:00:00,12.22,337.5,3,292.5,2.27,NA,1027.77,NA,NA,NA,78,NA,-9,NA,-9.78,-9.44,5
1862-12-17 21:00:00,15,NA,3,292.5,2.07,"292.5",1035.49,NA,NA,NA,78,NA,-10.06,NA,-10.89,-9.44,5
1862-12-18,NA,NA,NA,NA,NA,NA,NA,0,"1am","3pm",NA,0,NA,-8.94,NA,NA,NA
1862-12-18 07:00:00,21.67,292.5,3,247.5,1.63,NA,1040.98,NA,NA,NA,67,NA,-11.39,NA,-12.22,-11.67,5
1862-12-18 14:00:00,19.44,202.5,3,202.5,1.93,NA,1035.56,NA,NA,NA,67,NA,-8.89,NA,-10,-9.44,5
1862-12-18 21:00:00,17.78,NA,0,202.5,2.47,NA,1026.14,NA,NA,NA,68,NA,-6.56,NA,-7.22,-6.67,2
1862-12-19,NA,NA,NA,NA,NA,NA,NA,0.23,"7:15am | 10am","8:15am | 11am",NA,0.23,NA,-10.04,NA,NA,NA
1862-12-19 07:00:00,18.89,225,2,225,4.4,NA,1014.16,NA,NA,NA,82,NA,-1.44,NA,-2.22,-1.67,2
1862-12-19 14:00:00,20,NA,0,315,1.76,NA,991.53,NA,NA,NA,66,NA,-10.33,NA,-11.11,-10.56,11
1862-12-19 21:00:00,10.56,NA,0,315,0.95,NA,998.31,NA,NA,NA,68,NA,-18.33,NA,-18.89,-18.33,5
1862-12-20,NA,NA,NA,NA,NA,NA,NA,0.23,"empty","empty",NA,0.23,NA,-22.09,NA,NA,NA
1862-12-20 07:00:00,15,NA,0,NA,0.44,NA,1041.38,NA,NA,NA,57,NA,-24.61,NA,-25,-24.44,0
1862-12-20 14:00:00,12.78,NA,0,270,0.71,NA,1040.1,NA,NA,NA,62,NA,-21.22,NA,-21.67,-21.11,2
1862-12-20 21:00:00,16.67,NA,0,270,0.61,NA,1043.75,NA,NA,NA,58,NA,-20.44,NA,-22.78,-22.22,1
1862-12-21,NA,NA,NA,NA,NA,NA,NA,0,"empty","empty",NA,0,NA,-16.83,NA,NA,NA
1862-12-21 07:00:00,14.44,270,0,NA,0.81,NA,1042.06,NA,NA,NA,65,NA,-20.28,NA,-20.56,-20,0
1862-12-21 14:00:00,18.33,180,1,270,1.46,NA,1039.28,NA,NA,NA,75,NA,-14,NA,-15,-14.44,1
1862-12-21 21:00:00,21.67,NA,1,270,1.02,"180",1034.88,NA,NA,NA,69,NA,-16.22,NA,-17.22,-16.67,1
1862-12-22,NA,NA,NA,NA,NA,NA,NA,0,"5pm","1am",NA,0,NA,-13.89,NA,NA,NA
1862-12-22 07:00:00,16.11,0,2,0,1.08,NA,1026.41,NA,NA,NA,70,NA,-17.22,NA,-17.78,-17.22,2
1862-12-22 14:00:00,18.89,0,2,0,2.03,NA,1023.71,NA,NA,NA,85,NA,-11.39,NA,-11.89,-11.67,2
1862-12-22 21:00:00,16.11,NA,2,0,1.83,"0",1017.95,NA,NA,NA,88,NA,-13.06,NA,-13.61,-13.33,2
1862-12-23,NA,NA,NA,NA,NA,NA,NA,2.79,"empty","empty",NA,31.75,NA,-7.58,NA,NA,NA
1862-12-23 07:00:00,22.22,337.5,1,337.5,2.84,NA,1021,NA,NA,NA,86,NA,-7.44,NA,-8,-7.78,1
1862-12-23 14:00:00,18.89,0,2,0,2.81,NA,1026.08,NA,NA,NA,71,NA,-5.39,NA,-6.11,-5.56,2
1862-12-23 21:00:00,12.78,NA,2,0,2.17,"0",1030.48,NA,NA,NA,78,NA,-9.89,NA,-10.33,-10,2
1862-12-24,NA,NA,NA,NA,NA,NA,NA,0,"empty","empty",NA,0,NA,-10.93,NA,NA,NA
1862-12-24 07:00:00,10.56,22.5,2,22.5,1.52,NA,1032.71,NA,NA,NA,76,NA,-13.72,NA,-14.44,-13.89,1
1862-12-24 14:00:00,19.44,45,1,45,2.17,NA,1031.97,NA,NA,NA,78,NA,-9.44,NA,-10.33,-10,1
1862-12-24 21:00:00,20,NA,1,45,2.17,"45",1026.14,NA,NA,NA,78,NA,-9.61,NA,-10.33,-10,1
1862-12-25,NA,NA,NA,NA,NA,NA,NA,0,"empty","empty",NA,0,NA,-5.76,NA,NA,NA
1862-12-25 07:00:00,17.78,0,2,0,2.13,NA,1017.75,NA,NA,NA,68,NA,-8.17,NA,-8.89,-8.33,2
1862-12-25 14:00:00,15,0,1,0,2.98,NA,1011.85,NA,NA,NA,72,NA,-4.78,NA,-5.56,-5,1
1862-12-25 21:00:00,15.56,NA,1,0,3.62,"0",1011.79,NA,NA,NA,83,NA,-4.33,NA,-4.78,-4.44,1
1862-12-26,NA,NA,NA,NA,NA,NA,NA,0,"8:30pm","9am",NA,0,NA,-2.02,NA,NA,NA
1862-12-26 07:00:00,20,NA,NA,NA,4.81,NA,1013.88,NA,NA,NA,89,NA,-1.44,NA,-2,-1.67,0
1862-12-26 14:00:00,16.11,NA,NA,22.5,4.54,NA,1011.99,NA,NA,NA,87,NA,-2.06,NA,-2.56,-2.22,0
1862-12-26 21:00:00,14.44,NA,1,22.5,4.74,"22.5",1007.45,NA,NA,NA,95,NA,-2.56,NA,-2.89,-2.78,1
1862-12-27,NA,NA,NA,NA,NA,NA,NA,7.87,"3pm","5pm",NA,38.1,NA,0.76,NA,NA,NA
1862-12-27 07:00:00,11.67,337.5,1,337.5,4.81,NA,1002.78,NA,NA,NA,89,NA,-1.67,NA,-2,-1.67,1
1862-12-27 14:00:00,15.56,270,1,270,5.32,NA,1006.3,NA,NA,NA,68,NA,2.89,NA,1.11,3.33,1
1862-12-27 21:00:00,17.22,NA,1,270,5.66,"270",1010.84,NA,NA,NA,89,NA,0.72,NA,0,0.56,1
1862-12-28,NA,NA,NA,NA,NA,NA,NA,0.23,"empty","empty",NA,0,NA,0.98,NA,NA,NA
1862-12-28 07:00:00,19.44,292.5,1,292.5,5.01,NA,1012.67,NA,NA,NA,85,NA,-0.83,NA,-1.11,-0.56,1
1862-12-28 14:00:00,18.89,270,1,270,5.66,NA,1012.53,NA,NA,NA,89,NA,2.11,NA,0,0.56,1
1862-12-28 21:00:00,20.56,NA,1,270,5.96,"270",1012.53,NA,NA,NA,89,NA,1.67,NA,0.56,1.11,1
1862-12-29,NA,NA,NA,NA,NA,NA,NA,0,"2:30pm","3pm",NA,0,NA,2.35,NA,NA,NA
1862-12-29 07:00:00,17.78,225,2,225,5.01,NA,1007.52,NA,NA,NA,85,NA,-0.11,NA,-1.11,-0.56,2
1862-12-29 14:00:00,14.44,225,5,225,6.67,NA,1005.76,NA,NA,NA,77,NA,5.11,NA,3.33,5,16
1862-12-29 21:00:00,13.89,NA,3,225,5.35,"225",1012.33,NA,NA,NA,74,NA,2.06,NA,0.56,2.22,5
1862-12-30,NA,NA,NA,NA,NA,NA,NA,0.23,"empty","empty",NA,0,NA,-5.02,NA,NA,NA
1862-12-30 07:00:00,17.22,292.5,1,292.5,2.98,NA,1019.3,NA,NA,NA,72,NA,-4.56,NA,-5.56,-5,1
1862-12-30 14:00:00,23.33,292.5,1,292.5,3.86,NA,1021.74,NA,NA,NA,79,NA,-2.61,NA,-3.33,-2.78,1
1862-12-30 21:00:00,17.22,NA,2,292.5,2.13,"292.5",1025.26,NA,NA,NA,68,NA,-7.89,NA,-8.89,-8.33,2
1862-12-31,NA,NA,NA,NA,NA,NA,NA,0,"empty","empty",NA,0,NA,-10.82,NA,NA,NA
1862-12-31 07:00:00,18.33,NA,0,22.5,2.13,NA,1026.14,NA,NA,NA,68,NA,-13.06,NA,-13.89,-13.33,1
1862-12-31 14:00:00,22.78,NA,0,0,1.86,NA,1027.77,NA,NA,NA,66,NA,-9.56,NA,-10.56,-10,1
1862-12-31 21:00:00,19.44,NA,0,0,1.86,NA,1030.27,NA,NA,NA,66,NA,-9.83,NA,-10.56,-10,1
1863-02-01,NA,NA,NA,NA,NA,NA,NA,0.23,"empty","empty",NA,0.23,NA,-5.37,NA,NA,NA
1863-02-01 07:00:00,15,22.5,3,22.5,2.47,NA,1021,NA,NA,NA,68,NA,-6.22,NA,-7.22,-6.67,5
1863-02-01 14:00:00,20,0,2,0,1.93,NA,1015.92,NA,NA,NA,67,NA,-9.44,NA,-10,-9.44,2
1863-02-01 21:00:00,15,NA,2,0,5.01,"0",1003.73,NA,NA,NA,85,NA,-0.44,NA,-1.11,-0.56,2
1863-02-02,NA,NA,NA,NA,NA,NA,NA,0,"empty","empty",NA,0,NA,-8,NA,NA,NA
1863-02-02 07:00:00,12.22,225,4,225,2.3,NA,1005.83,NA,NA,NA,52,NA,-4,NA,-5.56,-4.44,11
1863-02-02 14:00:00,22.22,NA,0,225,1.93,NA,1015.92,NA,NA,NA,58,NA,-7.67,NA,-8.56,-7.78,11
1863-02-02 21:00:00,15.56,NA,2,292.5,1.15,"225",1019.78,NA,NA,NA,54,NA,-12.33,NA,-14.44,-13.33,2
1863-02-03,NA,NA,NA,NA,NA,NA,NA,0,"empty","empty",NA,0,NA,-19.35,NA,NA,NA
1863-02-03 07:00:00,15.56,NA,0,45,0.78,NA,1024.72,NA,NA,NA,53,NA,-19.17,NA,-19.72,-19.17,2
1863-02-03 14:00:00,19.44,180,2,180,1.05,NA,1025.87,NA,NA,NA,52,NA,-14.83,NA,-16.11,-15,2
1863-02-03 21:00:00,15.56,NA,0,0,0.58,NA,1029.8,NA,NA,NA,57,NA,-24.06,NA,-24.44,-23.89,1
1863-02-04,NA,NA,NA,NA,NA,NA,NA,0,"empty","empty",NA,0,NA,-28.68,NA,NA,NA
1863-02-04 07:00:00,12.22,NA,0,315,0.27,NA,1043.96,NA,NA,NA,57,NA,-32.61,NA,-32.5,-32.22,2
1863-02-04 14:00:00,12.78,NA,0,247.5,0.27,NA,1048.09,NA,NA,NA,40,NA,-27.33,NA,-26.67,-27.22,2
1863-02-04 21:00:00,12.78,NA,0,225,0.34,NA,1053.51,NA,NA,NA,45,NA,-26.11,NA,-26.67,-26.11,5
1863-02-05,NA,NA,NA,NA,NA,NA,NA,0,"5:30pm","12am",NA,0,NA,-22.85,NA,NA,NA
1863-02-05 07:00:00,10,22.5,2,22.5,0.51,NA,1049.78,NA,NA,NA,71,NA,-27.44,NA,-27.5,-27.22,2
1863-02-05 14:00:00,9.44,22.5,2,22.5,0.81,NA,1041.11,NA,NA,NA,79,NA,-22.22,NA,-22.5,-22.22,2
1863-02-05 21:00:00,12.22,NA,2,22.5,1.35,"22.5",1036.24,NA,NA,NA,100,NA,-18.89,NA,-18.89,-18.89,11
1863-02-06,NA,NA,NA,NA,NA,NA,NA,42.42,"12am","7:30pm",NA,463.55,NA,-6.83,NA,NA,NA
1863-02-06 07:00:00,15,45,2,45,2.13,NA,1024.31,NA,NA,NA,92,NA,-12.22,NA,-12.33,-12.22,2
1863-02-06 14:00:00,13.89,22.5,2,22.5,4.1,NA,1006.91,NA,NA,NA,94,NA,-4.33,NA,-4.56,-4.44,2
1863-02-06 21:00:00,17.22,NA,3,0,3.86,"22.5",1009.08,NA,NA,NA,88,NA,-3.94,NA,-4.67,-4.44,5
1863-02-07,NA,NA,NA,NA,NA,NA,NA,27.43,"empty","empty",NA,228.6,NA,-2.41,NA,NA,NA
1863-02-07 07:00:00,13.89,247.5,2,247.5,3.01,NA,1023.77,NA,NA,NA,76,NA,-5.28,NA,-6.11,-5.56,2
1863-02-07 14:00:00,15,225,2,225,5.93,NA,1026.41,NA,NA,NA,82,NA,2.67,NA,1.11,2.22,2
1863-02-07 21:00:00,15,NA,1,180,2.98,"180",1026.08,NA,NA,NA,72,NA,-4.61,NA,-5.56,-5,1
1863-02-08,NA,NA,NA,NA,NA,NA,NA,0,"empty","empty",NA,0,NA,-2.97,NA,NA,NA
1863-02-08 07:00:00,13.33,225,2,225,2.24,NA,1029.33,NA,NA,NA,68,NA,-7.78,NA,-8.33,-7.78,2
1863-02-08 14:00:00,17.78,225,1,225,4.06,NA,1029.53,NA,NA,NA,61,NA,1.56,NA,-1.11,1.11,1
1863-02-08 21:00:00,15,NA,3,22.5,3.86,"22.5",1032.85,NA,NA,NA,79,NA,-2.67,NA,-3.33,-2.78,5
1863-02-09,NA,NA,NA,NA,NA,NA,NA,0,"5:50pm","11:30pm",NA,0,NA,-12.43,NA,NA,NA
1863-02-09 07:00:00,16.67,22.5,1,22.5,1.46,NA,1040.16,NA,NA,NA,75,NA,-14.28,NA,-15,-14.44,1
1863-02-09 14:00:00,16.67,0,1,0,1.56,NA,1034.95,NA,NA,NA,67,NA,-11.89,NA,-12.78,-12.22,1
1863-02-09 21:00:00,15.56,NA,1,22.5,2.13,"22.5",1022.08,NA,NA,NA,85,NA,-11.11,NA,-11.33,-11.11,1
1863-02-10,NA,NA,NA,NA,NA,NA,NA,14.73,"empty","empty",NA,127,NA,-6.33,NA,NA,NA
1863-02-10 07:00:00,17.22,270,3,270,3.62,NA,1006.1,NA,NA,NA,76,NA,-3.06,NA,-3.89,-3.33,5
1863-02-10 14:00:00,20.56,292.5,3,292.5,2,NA,1019.3,NA,NA,NA,50,NA,-5.39,NA,-6.67,-5.56,5
1863-02-10 21:00:00,14.44,NA,0,270,1.76,NA,1030.41,NA,NA,NA,66,NA,-10.56,NA,-11.11,-10.56,11
1863-02-11,NA,NA,NA,NA,NA,NA,NA,0,"empty","empty",NA,0,NA,-11.59,NA,NA,NA
1863-02-11 07:00:00,10,NA,0,NA,1.08,NA,1031.22,NA,NA,NA,70,NA,-17.22,NA,-17.78,-17.22,0
1863-02-11 14:00:00,18.33,NA,0,180,2.24,NA,1029.8,NA,NA,NA,68,NA,-7.67,NA,-8.33,-7.78,1
1863-02-11 21:00:00,15,NA,NA,157.5,1.86,NA,1024.38,NA,NA,NA,66,NA,-9.89,NA,-10.56,-10,1
1863-02-12,NA,NA,NA,NA,NA,NA,NA,0,"empty","empty",NA,0,NA,-8.78,NA,NA,NA
1863-02-12 07:00:00,16.67,0,1,0,1.63,NA,1019.78,NA,NA,NA,67,NA,-11.28,NA,-12.22,-11.67,1
1863-02-12 14:00:00,16.11,0,1,0,2.81,NA,1015.92,NA,NA,NA,71,NA,-5.28,NA,-6.11,-5.56,1
1863-02-12 21:00:00,16.67,NA,2,0,1.86,"0",1019.3,NA,NA,NA,66,NA,-9.78,NA,-10.56,-10,2
1863-02-13,NA,NA,NA,NA,NA,NA,NA,0,"empty","empty",NA,0,NA,-12.08,NA,NA,NA
1863-02-13 07:00:00,16.11,315,2,315,1.46,NA,1026.08,NA,NA,NA,76,NA,-14.06,NA,-15,-14.44,2
1863-02-13 14:00:00,18.89,NA,0,315,1.86,NA,1027.36,NA,NA,NA,66,NA,-9.5,NA,-10.56,-10,2
1863-02-13 21:00:00,13.33,NA,0,315,1.63,NA,1032.85,NA,NA,NA,77,NA,-13.22,NA,-13.89,-13.33,1
1863-02-14,NA,NA,NA,NA,NA,NA,NA,0,"empty","empty",NA,0,NA,-13.61,NA,NA,NA
1863-02-14 07:00:00,9.44,NA,0,NA,0.81,NA,1038.2,NA,NA,NA,65,NA,-20.67,NA,-21.11,-20.56,0
1863-02-14 14:00:00,17.22,292.5,4,292.5,1.32,NA,1031.09,NA,NA,NA,57,NA,-13.06,NA,-14.44,-13.33,1
1863-02-14 21:00:00,17.22,NA,0,292.5,2.37,NA,1019.71,NA,NA,NA,68,NA,-7.11,NA,-7.78,-7.22,1
1863-02-15,NA,NA,NA,NA,NA,NA,NA,0,"empty","empty",NA,0,NA,-0.86,NA,NA,NA
1863-02-15 07:00:00,14.44,225,4,225,2.37,NA,1015.92,NA,NA,NA,68,NA,-6.67,NA,-7.78,-7.22,11
1863-02-15 14:00:00,12.78,225,1,225,6.4,NA,1010.16,NA,NA,NA,76,NA,4.67,NA,2.78,4.44,11
1863-02-15 21:00:00,14.44,NA,4,225,4.3,"225",1014.16,NA,NA,NA,72,NA,-0.56,NA,-1.67,-0.56,11
1863-02-16,NA,NA,NA,NA,NA,NA,NA,0.23,"8am","8:30am",NA,8.38,NA,-6.5,NA,NA,NA
1863-02-16 07:00:00,12.22,270,2,0,2.98,NA,1019.37,NA,NA,NA,72,NA,-4.56,NA,-5.56,-5,2
1863-02-16 14:00:00,23.33,NA,0,292.5,2,NA,1031.09,NA,NA,NA,50,NA,-5.39,NA,-6.67,-5.56,1
1863-02-16 21:00:00,16.11,NA,0,270,1.86,NA,1035.96,NA,NA,NA,66,NA,-9.56,NA,-10.56,-10,1
1863-02-17,NA,NA,NA,NA,NA,NA,NA,0,"empty","empty",NA,0,NA,-13.24,NA,NA,NA
1863-02-17 07:00:00,15,67.5,2,67.5,1.02,NA,1034,NA,NA,NA,69,NA,-16.67,NA,-17.5,-16.67,2
1863-02-17 14:00:00,15.56,67.5,1,67.5,1.86,NA,1030.48,NA,NA,NA,66,NA,-9.72,NA,-10.56,-10,1
1863-02-17 21:00:00,15,NA,0,45,1.63,NA,1027.43,NA,NA,NA,77,NA,-13.33,NA,-13.89,-13.33,1
1863-02-18,NA,NA,NA,NA,NA,NA,NA,0,"empty","empty",NA,0,NA,-7.67,NA,NA,NA
1863-02-18 07:00:00,15,0,1,0,1.76,NA,1027.29,NA,NA,NA,66,NA,-10.11,NA,-11.11,-10.56,1
1863-02-18 14:00:00,16.67,0,1,0,2.3,NA,1023.77,NA,NA,NA,53,NA,-4.22,NA,-5.56,-4.44,1
1863-02-18 21:00:00,17.22,NA,0,0,2.03,NA,1022.69,NA,NA,NA,67,NA,-8.67,NA,-9.44,-8.89,2
1863-02-19,NA,NA,NA,NA,NA,NA,NA,5.08,"2:10am","2:30am",NA,0,NA,1.48,NA,NA,NA
1863-02-19 07:00:00,15.56,157.5,3,157.5,5.82,NA,1018.35,NA,NA,NA,94,NA,0.33,NA,-0.22,0,5
1863-02-19 14:00:00,15.56,67.5,2,67.5,6.84,NA,1010.16,NA,NA,NA,95,NA,2.5,NA,1.94,2.22,2
1863-02-19 21:00:00,19.44,NA,2,67.5,6.37,"67.5",1002.78,NA,NA,NA,96,NA,1.61,NA,0.89,1.11,2
1863-02-20,NA,NA,NA,NA,NA,NA,NA,1.27,"8:15am","2:30pm",NA,0.23,NA,-3.74,NA,NA,NA
1863-02-20 07:00:00,16.67,270,1,270,6.23,NA,989.16,NA,NA,NA,90,NA,1.78,NA,1.11,1.67,1
1863-02-20 14:00:00,15,270,2,270,4.74,NA,995.6,NA,NA,NA,91,NA,-2.06,NA,-2.44,-2.22,2
1863-02-20 21:00:00,15,NA,0,292.5,1.69,NA,1010.5,NA,NA,NA,66,NA,-10.94,NA,-11.67,-11.11,2
1863-02-21,NA,NA,NA,NA,NA,NA,NA,3.56,"empty","empty",NA,0.23,NA,-16.5,NA,NA,NA
1863-02-21 07:00:00,11.67,NA,0,292.5,0.78,NA,1022.69,NA,NA,NA,53,NA,-18.22,NA,-19.17,-18.33,5
1863-02-21 14:00:00,19.44,NA,0,292.5,1.19,NA,1030.21,NA,NA,NA,61,NA,-14.06,NA,-15.28,-14.44,5
1863-02-21 21:00:00,9.44,NA,0,270,0.88,NA,1037.93,NA,NA,NA,56,NA,-17.22,NA,-18.06,-17.22,2
1863-02-22,NA,NA,NA,NA,NA,NA,NA,0,"empty","empty",NA,0,NA,-16.94,NA,NA,NA
1863-02-22 07:00:00,10.56,NA,0,0,0.75,NA,1037.59,NA,NA,NA,63,NA,-20.83,NA,-21.11,-20.56,2
1863-02-22 14:00:00,15,NA,0,0,1.02,NA,1032.85,NA,NA,NA,59,NA,-16.11,NA,-16.94,-16.11,2
1863-02-22 21:00:00,11.11,NA,0,0,0.91,NA,1034.2,NA,NA,NA,67,NA,-18.89,NA,-19.44,-18.89,2
1863-02-23,NA,NA,NA,NA,NA,NA,NA,0,"empty","empty",NA,0,NA,-10.97,NA,NA,NA
1863-02-23 07:00:00,11.67,NA,0,0,1.76,NA,1033.66,NA,NA,NA,66,NA,-10,NA,-11.11,-10.56,1
1863-02-23 14:00:00,16.67,NA,0,0,1.86,NA,1033.05,NA,NA,NA,66,NA,-10.22,NA,-10.56,-10,1
1863-02-23 21:00:00,13.89,NA,0,0,1.52,NA,1031.49,NA,NA,NA,60,NA,-12.67,NA,-13.33,-12.78,1
1863-02-24,NA,NA,NA,NA,NA,NA,NA,0,"empty","empty",NA,0,NA,-8.09,NA,NA,NA
1863-02-24 07:00:00,16.11,NA,NA,202.5,1.46,NA,1028.51,NA,NA,NA,75,NA,-14.17,NA,-15,-14.44,1
1863-02-24 14:00:00,16.11,202.5,1,202.5,4.13,NA,1023.5,NA,NA,NA,80,NA,-2.22,NA,-2.78,-2.22,1
1863-02-24 21:00:00,17.78,NA,1,202.5,2.13,"202.5",1024.72,NA,NA,NA,68,NA,-7.89,NA,-8.89,-8.33,1
1863-02-25,NA,NA,NA,NA,NA,NA,NA,0,"empty","empty",NA,0,NA,-0.76,NA,NA,NA
1863-02-25 07:00:00,13.33,NA,NA,NA,3.86,NA,1024.38,NA,NA,NA,79,NA,-2.44,NA,-3.33,-2.78,0
1863-02-25 14:00:00,14.44,180,1,180,5.55,NA,1024.31,NA,NA,NA,80,NA,2,NA,0.56,1.67,1
1863-02-25 21:00:00,20,NA,0,225,3.28,NA,1025.67,NA,NA,NA,64,NA,-1.83,NA,-3.33,-2.22,1
1863-02-26,NA,NA,NA,NA,NA,NA,NA,0,"2pm","11pm",NA,0,NA,0.03,NA,NA,NA
1863-02-26 07:00:00,17.78,225,1,225,3.86,NA,1023.03,NA,NA,NA,79,NA,-2.5,NA,-3.33,-2.78,1
1863-02-26 14:00:00,18.33,0,1,0,5.82,NA,1018.35,NA,NA,NA,94,NA,0.5,NA,-0.22,0,1
1863-02-26 21:00:00,17.22,NA,1,0,6.64,"0",1007.45,NA,NA,NA,96,NA,2.11,NA,1.44,1.67,1
1863-02-27,NA,NA,NA,NA,NA,NA,NA,6.1,"8am | 4pm","1:30pm | 5pm",NA,0.23,NA,2.91,NA,NA,NA
1863-02-27 07:00:00,18.33,225,1,225,6.43,NA,1002.44,NA,NA,NA,83,NA,3.44,NA,2.22,3.33,1
1863-02-27 14:00:00,16.11,225,3,225,7.28,NA,1002.78,NA,NA,NA,84,NA,5.17,NA,3.89,5,5
1863-02-27 21:00:00,17.78,NA,3,315,5.11,"225",1015.65,NA,NA,NA,87,NA,0.11,NA,-0.56,0,2
1863-02-28,NA,NA,NA,NA,NA,NA,NA,0.23,"8am","10am",NA,0.23,NA,-3.11,NA,NA,NA
1863-02-28 07:00:00,18.33,292.5,1,292.5,3.39,NA,1029.19,NA,NA,NA,74,NA,-3.56,NA,-4.44,-3.89,1
1863-02-28 14:00:00,19.44,22.5,1,22.5,3.62,NA,1028.11,NA,NA,NA,76,NA,-2.89,NA,-3.89,-3.33,1
1863-02-28 21:00:00,18.89,NA,1,225,3.62,"315",1026.41,NA,NA,NA,76,NA,-2.89,NA,-3.89,-3.33,1
1863-05-01,NA,NA,NA,NA,NA,NA,NA,0,"empty","empty",NA,0,NA,11.83,NA,NA,NA
1863-05-01 07:00:00,18.33,NA,0,112.5,6.13,NA,1017.88,NA,NA,NA,60,NA,6.94,NA,3.89,7.22,1
1863-05-01 14:00:00,25,NA,0,225,8.97,NA,1014.97,NA,NA,NA,40,NA,19.11,NA,11.67,19.44,5
1863-05-01 21:00:00,21.67,NA,0,NA,7.96,NA,1014.22,NA,NA,NA,67,NA,9.44,NA,6.67,9.44,0
1863-05-02,NA,NA,NA,NA,NA,NA,NA,0.23,"9am","10:15am",NA,0,NA,9.63,NA,NA,NA
1863-05-02 07:00:00,16.67,45,2,45,7.89,NA,1011.51,NA,NA,NA,73,NA,8.33,NA,6.11,8.33,2
1863-05-02 14:00:00,22.22,22.5,2,22.5,9.35,NA,1014.9,NA,NA,NA,74,NA,10.83,NA,8.33,10.56,2
1863-05-02 21:00:00,18.33,NA,0,22.5,7.96,NA,1015.92,NA,NA,NA,67,NA,9.72,NA,6.67,9.44,2
1863-05-03,NA,NA,NA,NA,NA,NA,NA,0,"empty","empty",NA,0,NA,5,NA,NA,NA
1863-05-03 07:00:00,16.11,NA,0,45,5.35,NA,1024.04,NA,NA,NA,74,NA,1.67,NA,0.56,2.22,2
1863-05-03 14:00:00,21.67,NA,0,90,5.15,NA,1022.62,NA,NA,NA,50,NA,6.94,NA,2.78,7.22,1
1863-05-03 21:00:00,15.56,NA,1,202.5,5.62,"202.5",1019.64,NA,NA,NA,55,NA,6.39,NA,3.33,7.22,1
1863-05-04,NA,NA,NA,NA,NA,NA,NA,0.23,"6am","10am",NA,0.23,NA,5.24,NA,NA,NA
1863-05-04 07:00:00,16.11,0,1,0,6.67,NA,1017.61,NA,NA,NA,77,NA,4.89,NA,3.33,5,1
1863-05-04 14:00:00,15.56,135,1,135,7.59,NA,1016.19,NA,NA,NA,77,NA,6.67,NA,5,6.67,1
1863-05-04 21:00:00,15,NA,0,135,7.01,NA,1017.41,NA,NA,NA,84,NA,4.17,NA,3.33,4.44,1
1863-05-05,NA,NA,NA,NA,NA,NA,NA,0,"empty","empty",NA,0,NA,6.48,NA,NA,NA
1863-05-05 07:00:00,14.44,22.5,2,22.5,4.81,NA,1021.4,NA,NA,NA,62,NA,3.22,NA,0.56,3.33,2
1863-05-05 14:00:00,17.78,45,2,45,5.38,NA,1022.08,NA,NA,NA,48,NA,8.89,NA,3.89,8.89,2
1863-05-05 21:00:00,15,NA,0,45,5.38,NA,1021,NA,NA,NA,51,NA,7.33,NA,3.33,7.78,1
1863-05-06,NA,NA,NA,NA,NA,NA,NA,0,"empty","empty",NA,0,NA,9.17,NA,NA,NA
1863-05-06 07:00:00,15,22.5,3,22.5,5.82,NA,1022.49,NA,NA,NA,59,NA,6.94,NA,3.33,6.67,5
1863-05-06 14:00:00,18.89,22.5,2,22.5,6.57,NA,1021.67,NA,NA,NA,50,NA,11.39,NA,6.11,11.11,2
1863-05-06 21:00:00,15,NA,1,0,6.77,"0",1020.73,NA,NA,NA,57,NA,9.17,NA,5.56,9.44,1
1863-05-07,NA,NA,NA,NA,NA,NA,NA,0,"empty","empty",NA,0,NA,9.78,NA,NA,NA
1863-05-07 07:00:00,15.56,180,1,180,7.59,NA,1019.3,NA,NA,NA,77,NA,6.33,NA,5,6.67,1
1863-05-07 14:00:00,22.22,135,2,135,9.31,NA,1017.14,NA,NA,NA,57,NA,14.28,NA,10,14.44,2
1863-05-07 21:00:00,17.78,NA,0,180,8.23,NA,1016.26,NA,NA,NA,75,NA,8.72,NA,6.67,8.89,1
1863-05-08,NA,NA,NA,NA,NA,NA,NA,0,"empty","empty",NA,0,NA,12.83,NA,NA,NA
1863-05-08 07:00:00,16.11,NA,0,202.5,8.64,NA,1017.61,NA,NA,NA,73,NA,9.5,NA,7.22,9.44,1
1863-05-08 14:00:00,28.89,NA,0,45,11.89,NA,1016.19,NA,NA,NA,59,NA,17.78,NA,13.33,17.78,1
1863-05-08 21:00:00,18.89,NA,0,45,8.33,NA,1015.1,NA,NA,NA,64,NA,11.22,NA,7.78,11.11,1
1863-05-09,NA,NA,NA,NA,NA,NA,NA,0,"empty","empty",NA,0,NA,16.87,NA,NA,NA
1863-05-09 07:00:00,18.33,NA,0,225,9.72,NA,1015.65,NA,NA,NA,74,NA,11.61,NA,8.89,11.11,1
1863-05-09 14:00:00,28.33,NA,0,225,10.94,NA,1014.22,NA,NA,NA,44,NA,21.11,NA,13.89,21.11,1
1863-05-09 21:00:00,20.56,NA,0,202.5,9.69,NA,1013.61,NA,NA,NA,48,NA,17.89,NA,11.67,17.78,1
1863-05-10,NA,NA,NA,NA,NA,NA,NA,0,"5pm","7pm",NA,0,NA,17.76,NA,NA,NA
1863-05-10 07:00:00,20.56,270,1,270,10.84,NA,1016.66,NA,NA,NA,74,NA,11.94,NA,10,12.22,1
1863-05-10 14:00:00,28.33,202.5,1,202.5,16.83,NA,1015.85,NA,NA,NA,55,NA,24.28,NA,18.89,24.44,1
1863-05-10 21:00:00,20.56,NA,4,202.5,13.11,"202.5",1014.22,NA,NA,NA,67,NA,17.06,NA,13.89,17.22,11
1863-05-11,NA,NA,NA,NA,NA,NA,NA,7.62,"1am | 6:30am | 8pm","3am | 11:30am | 10am",NA,0,NA,10.41,NA,NA,NA
1863-05-11 07:00:00,18.89,22.5,1,22.5,12.22,NA,1016.39,NA,NA,NA,100,NA,9.78,NA,10,10,1
1863-05-11 14:00:00,17.22,22.5,1,22.5,10.13,NA,1019.1,NA,NA,NA,74,NA,11.78,NA,9.44,11.67,1
1863-05-11 21:00:00,17.22,NA,3,22.5,10.46,"22.5",1021,NA,NA,NA,86,NA,9.67,NA,8.89,10,5
1863-05-12,NA,NA,NA,NA,NA,NA,NA,5.84,"8pm","8:30pm",NA,0,NA,9.07,NA,NA,NA
1863-05-12 07:00:00,17.78,337.5,3,337.5,7.92,NA,1021.17,NA,NA,NA,84,NA,5.28,NA,5,6.11,5
1863-05-12 14:00:00,18.89,22.5,2,22.5,11.31,NA,1020.93,NA,NA,NA,80,NA,12.5,NA,10.56,12.22,5
1863-05-12 21:00:00,17.22,NA,3,22.5,9.35,"22.5",1018.63,NA,NA,NA,79,NA,9.44,NA,7.78,9.44,5
1863-05-13,NA,NA,NA,NA,NA,NA,NA,0.23,"empty","empty",NA,0,NA,13.11,NA,NA,NA
1863-05-13 07:00:00,16.11,247.5,2,247.5,10.13,NA,1017.61,NA,NA,NA,80,NA,10.67,NA,8.89,10.56,2
1863-05-13 14:00:00,28.89,247.5,3,247.5,11.31,NA,1017.54,NA,NA,NA,62,NA,16.11,NA,12.22,16.11,5
1863-05-13 21:00:00,17.22,NA,1,225,11.82,"225",1015.78,NA,NA,NA,81,NA,12.56,NA,11.11,12.78,1
1863-05-14,NA,NA,NA,NA,NA,NA,NA,0,"2:15pm | 4:20pm","2:30pm | 11am",NA,0,NA,10.33,NA,NA,NA
1863-05-14 07:00:00,17.22,0,2,0,9.31,NA,1015.51,NA,NA,NA,92,NA,7.44,NA,6.67,7.22,2
1863-05-14 14:00:00,17.22,0,1,0,11.51,NA,1012.6,NA,NA,NA,75,NA,13.44,NA,11.11,13.33,1
1863-05-14 21:00:00,16.67,NA,1,45,11.78,"45",1012.53,NA,NA,NA,93,NA,10.11,NA,10,10.56,1
1863-05-15,NA,NA,NA,NA,NA,NA,NA,25.15,"empty","empty",NA,0,NA,7.29,NA,NA,NA
1863-05-15 07:00:00,15.56,22.5,3,22.5,8.97,NA,1012.67,NA,NA,NA,92,NA,6.22,NA,6.11,6.67,5
1863-05-15 14:00:00,17.22,22.5,1,22.5,8.64,NA,1014.29,NA,NA,NA,73,NA,9.33,NA,7.22,9.44,1
1863-05-15 21:00:00,14.44,NA,0,180,8.64,NA,1015.85,NA,NA,NA,92,NA,6.33,NA,5.56,6.11,1
1863-05-16,NA,NA,NA,NA,NA,NA,NA,0,"12:15pm | 1pm | 2pm | 7pm","12:30pm | 1:30pm | 3:30pm | 2am",NA,0,NA,10.37,NA,NA,NA
1863-05-16 07:00:00,15.56,135,4,135,8.91,NA,1017.14,NA,NA,NA,79,NA,9.39,NA,7.22,8.89,11
1863-05-16 14:00:00,15.56,135,5,135,10.13,NA,1012.46,NA,NA,NA,74,NA,11.89,NA,9.44,11.67,16
1863-05-16 21:00:00,15,NA,4,135,10.9,"135",1011.85,NA,NA,NA,93,NA,9.83,NA,8.89,9.44,11
1863-05-17,NA,NA,NA,NA,NA,NA,NA,7.11,"1:25pm","5:35am",NA,0,NA,12.17,NA,NA,NA
1863-05-17 07:00:00,16.11,135,3,135,11.78,NA,1011.51,NA,NA,NA,93,NA,10.67,NA,10,10.56,5
1863-05-17 14:00:00,17.22,135,2,135,13.71,NA,1011.68,NA,NA,NA,87,NA,13.89,NA,12.78,13.89,2
1863-05-17 21:00:00,17.22,NA,1,NA,13.14,"112.5",1011.85,NA,NA,NA,93,NA,11.94,NA,11.67,12.22,0
1863-05-18,NA,NA,NA,NA,NA,NA,NA,9.65,"1pm | 3pm | 7pm","1:15pm | 4pm | 1am",NA,0,NA,11.92,NA,NA,NA
1863-05-18 07:00:00,18.33,0,5,NA,11.78,NA,1009.14,NA,NA,NA,93,NA,10.56,NA,10,10.56,0
1863-05-18 14:00:00,21.67,292.5,3,292.5,11.58,NA,1009.41,NA,NA,NA,71,NA,14.56,NA,11.67,14.44,5
1863-05-18 21:00:00,17.22,NA,3,292.5,10.94,"292.5",1012.87,NA,NA,NA,86,NA,10.67,NA,9.44,10.56,5
1863-05-19,NA,NA,NA,NA,NA,NA,NA,8.64,"empty","empty",NA,0,NA,15.2,NA,NA,NA
1863-05-19 07:00:00,17.78,270,2,270,10.5,NA,1015.98,NA,NA,NA,74,NA,12.33,NA,10,12.22,2
1863-05-19 14:00:00,24.44,270,4,270,12.06,NA,1014.29,NA,NA,NA,56,NA,18.61,NA,13.89,18.89,11
1863-05-19 21:00:00,17.78,NA,2,247.5,9.72,"247.5",1014.22,NA,NA,NA,57,NA,14.67,NA,10.56,15,2
1863-05-20,NA,NA,NA,NA,NA,NA,NA,0,"empty","empty",NA,0,NA,17.63,NA,NA,NA
1863-05-20 07:00:00,17.78,247.5,2,247.5,9.31,NA,1016.19,NA,NA,NA,57,NA,14.56,NA,10,14.44,2
1863-05-20 14:00:00,30.56,247.5,4,247.5,12.46,NA,1015.98,NA,NA,NA,50,NA,21,NA,15,21.11,11
1863-05-20 21:00:00,20.56,NA,4,247.5,12.73,"247.5",1017.47,NA,NA,NA,63,NA,17.33,NA,13.89,17.78,11
1863-05-21,NA,NA,NA,NA,NA,NA,NA,0,"empty","empty",NA,0,NA,20.76,NA,NA,NA
1863-05-21 07:00:00,18.33,225,5,225,10.43,NA,1019.3,NA,NA,NA,61,NA,15.28,NA,11.11,15,16
1863-05-21 14:00:00,29.44,NA,0,225,17.27,NA,1021.27,NA,NA,NA,56,NA,24.56,NA,18.89,23.89,11
1863-05-21 21:00:00,24.44,NA,0,270,13.51,NA,1021,NA,NA,NA,51,NA,22.44,NA,16.11,22.22,20
1863-05-22,NA,NA,NA,NA,NA,NA,NA,0,"empty","empty",NA,0,NA,23.94,NA,NA,NA
1863-05-22 07:00:00,22.22,NA,0,270,12.87,NA,1021.54,NA,NA,NA,60,NA,18.61,NA,14.44,18.89,5
1863-05-22 14:00:00,32.78,247.5,5,247.5,17.03,NA,1021,NA,NA,NA,47,NA,27.33,NA,20,27.22,16
1863-05-22 21:00:00,26.67,NA,0,270,15.78,NA,1019.1,NA,NA,NA,47,NA,25.89,NA,18.89,26.11,5
1863-05-23,NA,NA,NA,NA,NA,NA,NA,0,"empty","empty",NA,0,NA,22.37,NA,NA,NA
1863-05-23 07:00:00,23.89,NA,0,292.5,14.93,NA,1019.3,NA,NA,NA,64,NA,20.11,NA,16.11,20,1
1863-05-23 14:00:00,30,NA,0,225,13.65,NA,1015.92,NA,NA,NA,36,NA,28.11,NA,18.33,28.33,2
1863-05-23 21:00:00,24.44,NA,3,0,12.06,"0",1013.41,NA,NA,NA,56,NA,18.89,NA,13.89,18.89,5
1863-05-24,NA,NA,NA,NA,NA,NA,NA,0,"empty","empty",NA,0,NA,13.53,NA,NA,NA
1863-05-24 07:00:00,21.67,22.5,5,22.5,8.4,NA,1015.92,NA,NA,NA,59,NA,11.78,NA,8.33,12.22,16
1863-05-24 14:00:00,22.78,22.5,5,22.5,10.53,NA,1017.54,NA,NA,NA,58,NA,16.06,NA,11.67,16.11,16
1863-05-24 21:00:00,18.33,NA,0,NA,9.48,NA,1020.39,NA,NA,NA,65,NA,12.78,NA,9.44,12.78,0
1863-05-25,NA,NA,NA,NA,NA,NA,NA,0,"empty","empty",NA,0,NA,15.17,NA,NA,NA
1863-05-25 07:00:00,19.44,NA,0,45,8.64,NA,1022.89,NA,NA,NA,68,NA,11.22,NA,7.78,10.56,1
1863-05-25 14:00:00,21.11,135,1,135,10.53,NA,1021,NA,NA,NA,48,NA,19,NA,12.78,18.89,1
1863-05-25 21:00:00,18.89,NA,0,NA,12.5,NA,1020.39,NA,NA,NA,71,NA,15.28,NA,12.78,15.56,0
1863-05-26,NA,NA,NA,NA,NA,NA,NA,0,"empty","empty",NA,0,NA,18.91,NA,NA,NA
1863-05-26 07:00:00,16.11,NA,0,202.5,12.97,NA,1020.39,NA,NA,NA,72,NA,16.06,NA,13.33,16.11,1
1863-05-26 14:00:00,23.89,315,1,315,11.62,NA,1020.39,NA,NA,NA,42,NA,22.78,NA,15,22.78,1
1863-05-26 21:00:00,19.44,NA,0,22.5,8.8,NA,1021.4,NA,NA,NA,42,NA,17.89,NA,11.11,18.33,1
1863-05-27,NA,NA,NA,NA,NA,NA,NA,0,"empty","empty",NA,0,NA,19.2,NA,NA,NA
1863-05-27 07:00:00,20,NA,0,22.5,8.6,NA,1026.01,NA,NA,NA,56,NA,13.22,NA,8.89,13.33,2
1863-05-27 14:00:00,24.44,NA,0,180,10.23,NA,1024.11,NA,NA,NA,37,NA,22.89,NA,13.89,22.78,1
1863-05-27 21:00:00,21.11,NA,3,225,10.67,"225",1021,NA,NA,NA,41,NA,21.5,NA,13.89,21.67,1
1863-05-28,NA,NA,NA,NA,NA,NA,NA,0,"empty","empty",NA,0,NA,21.14,NA,NA,NA
1863-05-28 07:00:00,17.78,270,4,270,9.79,NA,1019.37,NA,NA,NA,54,NA,16.39,NA,11.11,16.11,11
1863-05-28 14:00:00,26.67,247.5,3,247.5,13.99,NA,1016.19,NA,NA,NA,42,NA,25.83,NA,17.78,26.11,5
1863-05-28 21:00:00,21.67,NA,5,247.5,10.94,"247.5",1014.22,NA,NA,NA,44,NA,21.22,NA,13.89,21.11,16
1863-05-29,NA,NA,NA,NA,NA,NA,NA,0,"empty","empty",NA,0,NA,23.11,NA,NA,NA
1863-05-29 07:00:00,19.44,270,4,270,11.01,NA,1015.85,NA,NA,NA,49,NA,19.33,NA,13.33,19.44,11
1863-05-29 14:00:00,25,NA,0,270,15.78,NA,1010.9,NA,NA,NA,47,NA,26,NA,18.89,26.11,11
1863-05-29 21:00:00,24.44,NA,3,247.5,18.35,"247.5",1009.48,NA,NA,NA,62,NA,24,NA,19.44,23.89,5
1863-05-30,NA,NA,NA,NA,NA,NA,NA,0,"4:15pm | 7:15pm","5pm | 8am",NA,0,NA,22.91,NA,NA,NA
1863-05-30 07:00:00,20,202.5,1,202.5,13.99,NA,1006.23,NA,NA,NA,60,NA,20.11,NA,15.56,20,1
1863-05-30 14:00:00,26.67,157.5,1,157.5,17.2,NA,1003.52,NA,NA,NA,53,NA,25.39,NA,19.44,25.56,1
1863-05-30 21:00:00,21.67,NA,1,225,20.45,"225",999.26,NA,NA,NA,74,NA,23.22,NA,20,22.78,1
1863-05-31,NA,NA,NA,NA,NA,NA,NA,22.35,"empty","empty",NA,0,NA,21.03,NA,NA,NA
1863-05-31 07:00:00,20,0,1,0,15.34,NA,997.56,NA,NA,NA,88,NA,15.11,NA,14.44,15.56,1
1863-05-31 14:00:00,22.78,247.5,3,247.5,21,NA,994.58,NA,NA,NA,67,NA,25.44,NA,21.11,25,5
1863-05-31 21:00:00,22.22,NA,2,270,17.41,"270",993.16,NA,NA,NA,65,NA,22.56,NA,18.33,22.22,2
1863-06-01,NA,NA,NA,NA,NA,NA,NA,0.76,"12:30am | 4pm | 8pm","3am | 5pm | 9pm",NA,0,NA,18.89,NA,NA,NA
1863-06-01 07:00:00,19.44,225,2,225,17.44,NA,994.24,NA,NA,NA,78,NA,19.78,NA,17.22,19.44,2
1863-06-01 14:00:00,22.22,NA,0,270,11.85,NA,993.91,NA,NA,NA,45,NA,21.78,NA,15,22.22,11
1863-06-01 21:00:00,20,NA,1,0,15.34,"0",998.92,NA,NA,NA,88,NA,15.11,NA,14.44,15.56,1
1863-06-02,NA,NA,NA,NA,NA,NA,NA,1.78,"2:35pm | 4:15pm","2:50pm | 4:25pm",NA,0,NA,15.46,NA,NA,NA
1863-06-02 07:00:00,18.33,225,4,225,13.11,NA,997.29,NA,NA,NA,67,NA,17.11,NA,13.89,17.22,11
1863-06-02 14:00:00,17.78,270,1,270,13.48,NA,1000.68,NA,NA,NA,76,NA,15.28,NA,13.33,15.56,1
1863-06-02 21:00:00,16.67,NA,1,315,9.28,"315",1004.81,NA,NA,NA,60,NA,14,NA,9.44,13.33,1
1863-06-03,NA,NA,NA,NA,NA,NA,NA,0.51,"empty","empty",NA,0,NA,15.85,NA,NA,NA
1863-06-03 07:00:00,15,247.5,3,247.5,10.43,NA,1011.11,NA,NA,NA,61,NA,15.56,NA,11.11,15,5
1863-06-03 14:00:00,16.67,270,1,270,8.47,NA,1010.84,NA,NA,NA,47,NA,15.67,NA,10,16.11,1
1863-06-03 21:00:00,17.22,NA,1,270,9.72,"270",1011.85,NA,NA,NA,57,NA,16.33,NA,10.56,15,1
1863-06-04,NA,NA,NA,NA,NA,NA,NA,0,"empty","empty",NA,0,NA,15.92,NA,NA,NA
1863-06-04 07:00:00,16.67,270,3,270,10.43,NA,1013.48,NA,NA,NA,61,NA,15.28,NA,11.11,15,5
1863-06-04 14:00:00,18.33,292.5,1,292.5,9.69,NA,1015.37,NA,NA,NA,48,NA,17.56,NA,11.67,17.78,1
1863-06-04 21:00:00,13.89,NA,0,202.5,10.13,NA,1015.51,NA,NA,NA,58,NA,14.94,NA,11.11,15.56,1
1863-06-05,NA,NA,NA,NA,NA,NA,NA,0.23,"8:45am | 5pm | 11:30pm","8:50am | 6:20pm | 10am",NA,0,NA,15.63,NA,NA,NA
1863-06-05 07:00:00,17.78,180,2,180,10.53,NA,1015.92,NA,NA,NA,58,NA,15.83,NA,11.67,16.11,2
1863-06-05 14:00:00,18.33,315,1,315,7.86,NA,1017.2,NA,NA,NA,39,NA,17.72,NA,10,17.78,1
1863-06-05 21:00:00,17.22,NA,1,0,13.24,"0",1017.27,NA,NA,NA,87,NA,13.33,NA,12.22,13.33,1
1863-06-06,NA,NA,NA,NA,NA,NA,NA,12.19,"12:05pm","12:10pm",NA,0,NA,14.74,NA,NA,NA
1863-06-06 07:00:00,14.44,225,1,225,14.19,NA,1013.82,NA,NA,NA,93,NA,13.89,NA,12.78,13.33,1
1863-06-06 14:00:00,18.33,315,3,315,13.38,NA,1017.61,NA,NA,NA,76,NA,15.11,NA,13.33,15.56,5
1863-06-06 21:00:00,16.67,NA,0,315,10.43,NA,1019.3,NA,NA,NA,61,NA,15.22,NA,11.11,15,1
1863-06-07,NA,NA,NA,NA,NA,NA,NA,0.23,"empty","empty",NA,0,NA,15.85,NA,NA,NA
1863-06-07 07:00:00,17.22,225,2,225,11.18,NA,1019.57,NA,NA,NA,66,NA,16.17,NA,11.67,15,2
1863-06-07 14:00:00,20.56,270,2,270,11.41,NA,1018.9,NA,NA,NA,59,NA,17.83,NA,12.78,17.78,2
1863-06-07 21:00:00,18.89,NA,1,315,11.51,"315",1018.35,NA,NA,NA,75,NA,13.56,NA,11.11,13.33,1
1863-06-08,NA,NA,NA,NA,NA,NA,NA,3.3,"1am | 12pm | 3pm | 7:30pm","10am | 12:31pm | 4pm | empty",NA,0,NA,13.46,NA,NA,NA
1863-06-08 07:00:00,16.67,45,4,0,11.34,NA,1015.37,NA,NA,NA,86,NA,11.22,NA,10,11.11,2
1863-06-08 14:00:00,17.78,22.5,4,22.5,12.5,NA,1015.58,NA,NA,NA,71,NA,15.17,NA,12.78,15.56,11
1863-06-08 21:00:00,17.78,NA,4,22.5,13.71,"22.5",1010.7,NA,NA,NA,87,NA,14,NA,12.78,13.89,11
1863-06-09,NA,NA,NA,NA,NA,NA,NA,0,"empty","empty",NA,0,NA,15.91,NA,NA,NA
1863-06-09 07:00:00,18.33,45,1,292.5,11.99,NA,1008.33,NA,NA,NA,71,NA,15.28,NA,12.22,15,1
1863-06-09 14:00:00,20.56,22.5,1,22.5,11.78,NA,1009.14,NA,NA,NA,52,NA,19,NA,13.89,19.44,1
1863-06-09 21:00:00,21.11,NA,2,22.5,10.43,"22.5",1009.48,NA,NA,NA,61,NA,13.44,NA,11.11,13.33,2
1863-06-10,NA,NA,NA,NA,NA,NA,NA,0,"empty","empty",NA,0,NA,20.79,NA,NA,NA
1863-06-10 07:00:00,22.22,247.5,3,247.5,12.22,NA,1009.65,NA,NA,NA,63,NA,17.44,NA,13.33,17.22,5
1863-06-10 14:00:00,25,247.5,4,247.5,16.22,NA,1009.75,NA,NA,NA,55,NA,23.72,NA,18.33,23.89,11
1863-06-10 21:00:00,22.78,NA,3,247.5,15.1,"292.5",1010.94,NA,NA,NA,61,NA,21.22,NA,16.67,21.11,5
1863-06-11,NA,NA,NA,NA,NA,NA,NA,0,"empty","empty",NA,0,NA,22.78,NA,NA,NA
1863-06-11 07:00:00,21.67,270,2,270,8.77,NA,1012.53,NA,NA,NA,37,NA,19.56,NA,11.67,20,2
1863-06-11 14:00:00,26.11,225,3,225,14.05,NA,1013.34,NA,NA,NA,46,NA,24.78,NA,17.22,24.44,5
1863-06-11 21:00:00,23.89,NA,1,225,16.22,"225",1014.36,NA,NA,NA,55,NA,24,NA,18.33,23.89,1
1863-06-12,NA,NA,NA,NA,NA,NA,NA,0,"empty","empty",NA,0,NA,18.02,NA,NA,NA
1863-06-12 07:00:00,22.78,22.5,3,22.5,14.02,NA,1016.73,NA,NA,NA,72,NA,16.33,NA,14.44,17.22,5
1863-06-12 14:00:00,20.56,0,4,0,15.48,NA,1015.92,NA,NA,NA,64,NA,20.67,NA,16.67,20.56,11
1863-06-12 21:00:00,18.89,NA,1,0,14.02,"0",1017.88,NA,NA,NA,72,NA,17.06,NA,14.44,17.22,1
1863-06-13,NA,NA,NA,NA,NA,NA,NA,0,"empty","empty",NA,0,NA,19.14,NA,NA,NA
1863-06-13 07:00:00,20.56,0,1,0,12.77,NA,1021.54,NA,NA,NA,81,NA,13.89,NA,12.22,13.89,1
1863-06-13 14:00:00,24.44,157.5,1,157.5,16.66,NA,1021,NA,NA,NA,58,NA,23.06,NA,18.33,23.33,1
1863-06-13 21:00:00,20,NA,0,NA,15.48,NA,1019.1,NA,NA,NA,64,NA,20.5,NA,16.67,20.56,0
1863-06-14,NA,NA,NA,NA,NA,NA,NA,0.76,"6:05am | 6:25am | 12pm","6:20am | 6:45am | 12:50pm",NA,0,NA,20.98,NA,NA,NA
1863-06-14 07:00:00,20,270,1,270,17.27,NA,1019.3,NA,NA,NA,83,NA,18.33,NA,16.67,18.33,1
1863-06-14 14:00:00,23.89,247.5,3,247.5,18.76,NA,1015.65,NA,NA,NA,66,NA,23.44,NA,19.44,23.33,5
1863-06-14 21:00:00,22.22,NA,2,225,17.2,"225",1012.26,NA,NA,NA,69,NA,21.17,NA,17.78,21.11,2
1863-06-15,NA,NA,NA,NA,NA,NA,NA,0.23,"empty","empty",NA,0,NA,20.26,NA,NA,NA
1863-06-15 07:00:00,19.44,337.5,4,337.5,15,NA,1011.85,NA,NA,NA,57,NA,16.94,NA,15,17.22,11
1863-06-15 14:00:00,21.67,337.5,4,337.5,20.45,NA,1007.79,NA,NA,NA,74,NA,23,NA,20,22.78,11
1863-06-15 21:00:00,20,NA,4,337.5,18.52,"337.5",1010.9,NA,NA,NA,73,NA,20.83,NA,17.78,20.56,11
1863-06-16,NA,NA,NA,NA,NA,NA,NA,0,"empty","empty",NA,0,NA,17.28,NA,NA,NA
1863-06-16 07:00:00,19.44,315,3,315,12.77,NA,1012.53,NA,NA,NA,81,NA,14.11,NA,12.22,13.89,5
1863-06-16 14:00:00,20,315,3,315,16.36,NA,1015.1,NA,NA,NA,73,NA,19.22,NA,16.67,19.44,5
1863-06-16 21:00:00,18.89,NA,1,292.5,8.57,"292.5",1013.28,NA,NA,NA,44,NA,18.5,NA,10.56,17.22,1
1863-06-17,NA,NA,NA,NA,NA,NA,NA,0,"empty","empty",NA,0,NA,17.57,NA,NA,NA
1863-06-17 07:00:00,18.33,292.5,1,292.5,8.67,NA,1009.82,NA,NA,NA,53,NA,15.33,NA,9.44,14.44,1
1863-06-17 14:00:00,21.11,225,4,225,12.26,NA,1001.02,NA,NA,NA,52,NA,19.94,NA,14.44,20,11
1863-06-17 21:00:00,20,NA,0,247.5,12.22,NA,1000.47,NA,NA,NA,63,NA,17.5,NA,13.33,17.22,5
1863-06-18,NA,NA,NA,NA,NA,NA,NA,0,"empty","empty",NA,0,NA,18.89,NA,NA,NA
1863-06-18 07:00:00,20,270,5,270,12.22,NA,1004,NA,NA,NA,63,NA,16.78,NA,13.33,17.22,16
1863-06-18 14:00:00,23.89,247.5,3,247.5,14.09,NA,1006.37,NA,NA,NA,51,NA,22.56,NA,16.67,22.78,5
1863-06-18 21:00:00,20,NA,0,45,12.22,NA,1009.14,NA,NA,NA,63,NA,17.33,NA,13.33,17.22,1
1863-06-19,NA,NA,NA,NA,NA,NA,NA,0,"empty","empty",NA,0,NA,15.76,NA,NA,NA
1863-06-19 07:00:00,17.22,22.5,4,22.5,9.38,NA,1012.53,NA,NA,NA,69,NA,11.39,NA,8.89,11.67,11
1863-06-19 14:00:00,21.11,22.5,3,22.5,13.11,NA,1013.75,NA,NA,NA,56,NA,19.67,NA,15,20,5
1863-06-19 21:00:00,19.44,NA,1,0,13.88,"0",1014.97,NA,NA,NA,77,NA,16.22,NA,13.89,16.11,1
1863-06-20,NA,NA,NA,NA,NA,NA,NA,0,"empty","empty",NA,0,NA,18.03,NA,NA,NA
1863-06-20 07:00:00,19.44,135,2,135,12.12,NA,1018.49,NA,NA,NA,67,NA,17.22,NA,12.78,16.11,2
1863-06-20 14:00:00,19.44,112.5,1,112.5,12.87,NA,1018.49,NA,NA,NA,60,NA,18.44,NA,14.44,18.89,1
1863-06-20 21:00:00,18.89,NA,1,135,13.75,"135",1017.27,NA,NA,NA,64,NA,18.44,NA,15,18.89,1
1863-06-21,NA,NA,NA,NA,NA,NA,NA,2.79,"1:53am | 12pm | 8pm","6am | 2pm | 10pm",NA,0,NA,15.53,NA,NA,NA
1863-06-21 07:00:00,17.22,180,3,180,12.87,NA,1015.92,NA,NA,NA,76,NA,15.11,NA,12.78,15,5
1863-06-21 14:00:00,15.56,180,3,180,14.46,NA,1015.58,NA,NA,NA,77,NA,16.17,NA,14.44,16.67,5
1863-06-21 21:00:00,16.67,NA,3,180,13.78,"180",1014.22,NA,NA,NA,82,NA,15.33,NA,13.33,15,5
1863-06-22,NA,NA,NA,NA,NA,NA,NA,3.81,"empty","empty",NA,0,NA,17.91,NA,NA,NA
1863-06-22 07:00:00,17.22,202.5,1,202.5,13.11,NA,1015.51,NA,NA,NA,67,NA,17.56,NA,13.89,17.22,1
1863-06-22 14:00:00,19.44,180,1,180,13.75,NA,1011.85,NA,NA,NA,64,NA,18.56,NA,15,18.89,1
1863-06-22 21:00:00,17.22,NA,2,202.5,13.11,"202.5",1010.84,NA,NA,NA,61,NA,17.61,NA,13.89,17.22,2
1863-06-23,NA,NA,NA,NA,NA,NA,NA,0,"5:10pm | 6pm | 10pm","5:20pm | 7pm | 2am",NA,0,NA,17.48,NA,NA,NA
1863-06-23 07:00:00,20,247.5,2,247.5,13.78,NA,1011.65,NA,NA,NA,82,NA,15.56,NA,13.33,15,2
1863-06-23 14:00:00,19.44,225,3,225,14.7,NA,1012.94,NA,NA,NA,68,NA,19,NA,15.56,18.89,5
1863-06-23 21:00:00,18.33,NA,2,247.5,15.14,"247.5",1016.32,NA,NA,NA,73,NA,17.89,NA,15.56,18.33,2
1863-06-24,NA,NA,NA,NA,NA,NA,NA,3.05,"empty","empty",NA,0,NA,18.11,NA,NA,NA
1863-06-24 07:00:00,21.11,315,4,315,11.58,NA,1019.71,NA,NA,NA,71,NA,14.5,NA,11.67,14.44,11
1863-06-24 14:00:00,21.67,270,1,270,9.79,NA,1019.3,NA,NA,NA,41,NA,20.67,NA,12.78,20.56,1
1863-06-24 21:00:00,18.89,NA,0,270,11.58,NA,1021.67,NA,NA,NA,55,NA,19.17,NA,13.33,18.33,1
1863-06-25,NA,NA,NA,NA,NA,NA,NA,0,"empty","empty",NA,0,NA,20.18,NA,NA,NA
1863-06-25 07:00:00,18.33,225,3,225,12.6,NA,1022.69,NA,NA,NA,67,NA,17.11,NA,13.33,16.67,5
1863-06-25 14:00:00,24.44,247.5,4,247.5,13.51,NA,1024.04,NA,NA,NA,51,NA,22.22,NA,16.11,22.22,11
1863-06-25 21:00:00,21.67,NA,0,225,13.27,NA,1021.74,NA,NA,NA,53,NA,21.22,NA,15.56,21.11,1
1863-06-26,NA,NA,NA,NA,NA,NA,NA,0,"empty","empty",NA,0,NA,21.7,NA,NA,NA
1863-06-26 07:00:00,20.56,292.5,1,292.5,15.14,NA,1022.35,NA,NA,NA,73,NA,18.61,NA,15.56,18.33,1
1863-06-26 14:00:00,25,292.5,1,292.5,20.18,NA,1022.55,NA,NA,NA,87,NA,24,NA,20.56,24.44,1
1863-06-26 21:00:00,22.78,NA,0,NA,15.98,NA,1015.92,NA,NA,NA,58,NA,22.5,NA,17.78,22.22,0
1863-06-27,NA,NA,NA,NA,NA,NA,NA,0,"empty","empty",NA,0,NA,23.96,NA,NA,NA
1863-06-27 07:00:00,22.78,NA,0,225,16.12,NA,1025.2,NA,NA,NA,65,NA,20.67,NA,17.22,21.11,1
1863-06-27 14:00:00,28.33,180,1,180,16.76,NA,1024.25,NA,NA,NA,50,NA,26.56,NA,19.44,26.11,1
1863-06-27 21:00:00,25,NA,0,NA,16.83,NA,1021.94,NA,NA,NA,55,NA,24.67,NA,18.89,24.44,0
1863-06-28,NA,NA,NA,NA,NA,NA,NA,0,"empty","empty",NA,0,NA,25.37,NA,NA,NA
1863-06-28 07:00:00,23.89,NA,0,270,16.36,NA,1022.62,NA,NA,NA,61,NA,22.33,NA,17.78,22.22,5
1863-06-28 14:00:00,28.33,157.5,1,157.5,17.03,NA,1021.4,NA,NA,NA,47,NA,27.94,NA,20,27.22,1
1863-06-28 21:00:00,26.11,NA,1,202.5,17.2,"202.5",1019.24,NA,NA,NA,53,NA,25.83,NA,19.44,25.56,1
1863-06-29,NA,NA,NA,NA,NA,NA,NA,0,"empty","empty",NA,0,NA,25.2,NA,NA,NA
1863-06-29 07:00:00,23.33,180,1,180,15.37,NA,1020.66,NA,NA,NA,57,NA,22.89,NA,17.22,22.22,1
1863-06-29 14:00:00,29.44,225,3,225,15.37,NA,1018.63,NA,NA,NA,40,NA,28.06,NA,19.44,28.33,5
1863-06-29 21:00:00,24.44,NA,0,180,14.93,NA,1017.61,NA,NA,NA,49,NA,24.67,NA,17.78,24.44,1
1863-06-30,NA,NA,NA,NA,NA,NA,NA,0,"empty","empty",NA,0,NA,25.59,NA,NA,NA
1863-06-30 07:00:00,23.89,180,2,180,18.52,NA,1018.83,NA,NA,NA,69,NA,22,NA,18.89,22.22,2
1863-06-30 14:00:00,29.44,180,1,180,20.25,NA,1017.88,NA,NA,NA,51,NA,28.44,NA,22.22,28.89,1
1863-06-30 21:00:00,26.67,NA,1,225,20.76,"225",1017.61,NA,NA,NA,59,NA,26.33,NA,21.67,26.67,1
