"stationName","latitude","longitude","elevation","timeZone","UTCoffset","WMOID","MSCID"
"NewWestminster","49.2","-122.9","10","America/Vancouver","8","71892","1108395"
"Short_Name","What","Material","Error","Units","Seasonality","Data_Type","Detail","Method","Data_Format","Additional_Information"
"atb","temperature","atmospheric material",NA,"C","sub-daily","instrumental","original_observation","field method","n",NA
"dd","wind direction","atmospheric material",NA,"degrees","sub-daily","historical","original_observation","field method","n",NA
"e","specific humidity","atmospheric material",NA,"hPa","sub-daily","instrumental","original_observation","field method","n",NA
"p","surface pressure","atmospheric material",NA,"hPa","sub-daily","instrumental","original_observation","field method","n",NA
"pr","precipitation","precipitation",NA,"mm","sub-daily","instrumental","original_observation","field method","n",NA
"rh","relative humidity","atmospheric material",NA,"%","sub-daily","instrumental","original_observation","field method","n",NA
"ta_mean","air temperature","atmospheric material",NA,"C","daily","instrumental","mean","computational method","n",NA
"tb","humidity","atmospheric material",NA,"C","sub-daily","instrumental","original_observation","field method","n",NA
"td","hydroclimatic variable","atmospheric material",NA,"C","sub-daily","instrumental","calculated","computational method","n",NA
"tdb","temperature","atmospheric material",NA,"C","sub-daily","instrumental","original_observation","field method","n",NA
"Tn","minimum surface temperature","atmospheric material",NA,"C","daily","instrumental","original_observation","field method","n",NA
"Tx","maximum air temperature","atmospheric material",NA,"C","daily","instrumental","original_observation","field method","n",NA
"Txs","maximum air temperature","atmospheric material",NA,"C","daily","instrumental","original_observation","field method","n",NA
"w","wind speed","atmospheric material",NA,"mps","sub-daily","instrumental","original_observation","field method","n",NA
"ww","weather","atmospheric material",NA,"synop","sub-daily","historical","original_observation","field method","c",NA
"ObservationDate","atb","dd","e","p","pr","rh","ta_mean","tb","td","tdb","Tn","Tx","Txs","w","ww"
1865-01-01,NA,NA,NA,NA,NA,NA,2.61,NA,NA,NA,0.11,5.17,NA,NA,NA
1865-01-01 07:00:00,NA,NA,6.26,NA,NA,92.1,NA,1,NA,1.44,NA,NA,3,NA,NA
1865-01-01 09:00:00,1.22,NA,NA,1011.18,1.02,NA,NA,NA,0.33,NA,NA,NA,NA,0,",ovc"
1865-01-01 14:00:00,2.5,NA,6.57,1016.49,NA,91.6,NA,1.72,NA,2.22,NA,NA,NA,NA,NA
1865-01-01 15:00:00,NA,45,NA,NA,NA,NA,NA,NA,0.94,NA,NA,NA,NA,8.84,",skc"
1865-01-02,NA,NA,NA,NA,NA,NA,2.78,NA,NA,NA,1.67,3.89,NA,NA,NA
1865-01-02 07:00:00,NA,NA,7.35,NA,NA,97.3,NA,2.78,NA,2.94,NA,NA,2.78,NA,NA
1865-01-02 09:00:00,2.67,90,NA,1022.22,18.8,NA,NA,NA,2.56,NA,NA,NA,NA,8.84,",ra"
1865-01-02 14:00:00,3.06,NA,7.52,1024.35,NA,100,NA,2.89,NA,2.89,NA,NA,NA,NA,NA
1865-01-02 15:00:00,NA,NA,NA,NA,NA,NA,NA,NA,2.89,NA,NA,NA,NA,0,",ra"
1865-01-03,NA,NA,NA,NA,NA,NA,3.39,NA,NA,NA,-0.28,7.11,NA,NA,NA
1865-01-03 07:00:00,NA,NA,7.42,NA,NA,97.3,NA,2.89,NA,3.06,NA,NA,5.83,NA,NA
1865-01-03 09:00:00,2.67,NA,NA,1010.53,8.13,NA,NA,NA,2.67,NA,NA,NA,NA,0,",ra"
1865-01-03 14:00:00,5.33,NA,7.96,1012.84,NA,90.7,NA,4.5,NA,5.11,NA,NA,NA,NA,NA
1865-01-03 15:00:00,NA,270,NA,NA,NA,NA,NA,NA,3.67,NA,NA,NA,NA,8.84,",sh"
1865-01-04,NA,NA,NA,NA,NA,NA,4.44,NA,NA,NA,0.78,8.11,NA,NA,NA
1865-01-04 07:00:00,NA,NA,7.52,NA,NA,92.5,NA,3.56,NA,4,NA,NA,2.78,NA,NA
1865-01-04 09:00:00,3.39,NA,NA,1024.86,0,NA,NA,NA,2.89,NA,NA,NA,NA,0,",skc"
1865-01-04 14:00:00,9.44,NA,8.09,1027.13,NA,94.1,NA,4.44,NA,4.83,NA,NA,NA,NA,NA
1865-01-04 15:00:00,NA,0,NA,NA,NA,NA,NA,NA,3.94,NA,NA,NA,NA,8.84,",skc"
1865-01-05,NA,NA,NA,NA,NA,NA,2.67,NA,NA,NA,-0.44,5.83,NA,NA,NA
1865-01-05 07:00:00,NA,NA,6.71,NA,NA,90.4,NA,2.11,NA,2.67,NA,NA,2.11,NA,NA
1865-01-05 09:00:00,2.22,45,NA,1017.24,10.16,NA,NA,NA,1.22,NA,NA,NA,NA,8.84,",sn"
1865-01-05 14:00:00,2.89,NA,6.81,1007.69,NA,27.1,NA,2.67,NA,3.44,NA,NA,NA,NA,NA
1865-01-05 15:00:00,NA,225,NA,NA,NA,NA,NA,NA,1.5,NA,NA,NA,NA,8.84,",skc"
1865-01-06,NA,NA,NA,NA,NA,NA,2.06,NA,NA,NA,-0.56,4.17,NA,NA,NA
1865-01-06 07:00:00,NA,NA,6.3,NA,NA,97.9,NA,0,NA,0.67,NA,NA,1.78,NA,NA
1865-01-06 09:00:00,0.67,90,NA,1010.3,1.52,NA,NA,NA,0.39,NA,NA,NA,NA,15.3,",sn"
1865-01-06 14:00:00,2.17,NA,6.98,1012.53,NA,97.2,NA,2.06,NA,2.22,NA,NA,NA,NA,NA
1865-01-06 15:00:00,NA,315,NA,NA,NA,NA,NA,NA,1.83,NA,NA,NA,NA,8.84,",skc"
1865-01-07,NA,NA,NA,NA,NA,NA,2.06,NA,NA,NA,-1.72,5.83,NA,NA,NA
1865-01-07 07:00:00,NA,NA,6.3,NA,NA,91.2,NA,1.17,NA,1.67,NA,NA,1.56,NA,NA
1865-01-07 09:00:00,1.78,NA,NA,1027.02,0,NA,NA,NA,0.39,NA,NA,NA,NA,0,NA
1865-01-07 14:00:00,2.33,NA,6.3,1028.75,NA,94.9,NA,0.83,NA,1.11,NA,NA,NA,NA,NA
1865-01-07 15:00:00,NA,NA,NA,NA,NA,NA,NA,NA,0.39,NA,NA,NA,NA,0,",skc"
1865-01-08,NA,NA,NA,NA,NA,NA,0,NA,NA,NA,-3.89,3.89,NA,NA,NA
1865-01-08 07:00:00,NA,NA,6.13,NA,NA,93.3,NA,0.61,NA,1,NA,NA,1.11,NA,NA
1865-01-08 09:00:00,1.11,NA,NA,1029.16,0,NA,NA,NA,0,NA,NA,NA,NA,0,",skc"
1865-01-08 14:00:00,2.5,NA,6.33,1028.99,NA,92.6,NA,1.11,NA,1.56,NA,NA,NA,NA,NA
1865-01-08 15:00:00,NA,NA,NA,NA,NA,NA,NA,NA,0.44,NA,NA,NA,NA,0,",skc"
1865-01-09,NA,NA,NA,NA,NA,NA,0.83,NA,NA,NA,-1.78,3.44,NA,NA,NA
1865-01-09 07:00:00,NA,NA,5.99,NA,NA,93.6,NA,0.28,NA,0.61,NA,NA,1.39,NA,NA
1865-01-09 09:00:00,-0.17,NA,NA,1023.64,0,NA,NA,NA,-0.28,NA,NA,NA,NA,0,",ovc"
1865-01-09 14:00:00,2.17,NA,5.96,1021.78,NA,89.8,NA,0.56,NA,1.11,NA,NA,NA,NA,NA
1865-01-09 15:00:00,NA,NA,NA,NA,NA,NA,NA,NA,-0.33,NA,NA,NA,NA,0,",ra"
1865-01-10,NA,NA,NA,NA,NA,NA,1.5,NA,NA,NA,-0.22,3.28,NA,NA,NA
1865-01-10 07:00:00,NA,NA,7.11,NA,NA,95.5,NA,2.5,NA,2.78,NA,NA,3.33,NA,NA
1865-01-10 09:00:00,0.44,NA,NA,1022.22,7.11,NA,NA,NA,2.11,NA,NA,NA,NA,0,",skc"
1865-01-10 14:00:00,1.39,NA,6.57,1021.74,NA,90,NA,1.33,NA,1.56,NA,NA,NA,NA,NA
1865-01-10 15:00:00,NA,NA,NA,NA,NA,NA,NA,NA,1,NA,NA,NA,NA,0,",skc"
1865-01-11,NA,NA,NA,NA,NA,NA,1.06,NA,NA,NA,-3.72,5.89,NA,NA,NA
1865-01-11 07:00:00,NA,NA,5.55,NA,NA,87.2,NA,-0.11,NA,0.56,NA,NA,1.83,NA,NA
1865-01-11 09:00:00,2.5,NA,NA,1026.85,0,NA,NA,NA,-1.28,NA,NA,NA,NA,0,",skc"
1865-01-11 14:00:00,3.89,NA,6.98,1027.33,NA,93.7,NA,2.39,NA,2.78,NA,NA,NA,NA,NA
1865-01-11 15:00:00,NA,315,NA,NA,NA,NA,NA,NA,1.83,NA,NA,NA,NA,8.84,",skc"
1865-01-12,NA,NA,NA,NA,NA,NA,0.22,NA,NA,NA,-2.89,3.39,NA,NA,NA
1865-01-12 07:00:00,NA,NA,5.66,NA,NA,88.8,NA,0,NA,0.56,NA,NA,0.56,NA,NA
1865-01-12 09:00:00,1.44,NA,NA,1031.93,0,NA,NA,NA,-1,NA,NA,NA,NA,0,",ovc"
1865-01-12 14:00:00,1.89,NA,5.38,1031.93,NA,83.3,NA,-0.11,NA,0.78,NA,NA,NA,NA,NA
1865-01-12 15:00:00,NA,NA,NA,NA,NA,NA,NA,NA,-1.67,NA,NA,NA,NA,0,",ovc"
1865-01-13,NA,NA,NA,NA,NA,NA,0.94,NA,NA,NA,-0.89,2.78,NA,NA,NA
1865-01-13 07:00:00,NA,NA,6.57,NA,NA,95.1,NA,1.39,NA,1.67,NA,NA,3.06,NA,NA
1865-01-13 09:00:00,0.17,135,NA,1030.65,1.52,NA,NA,NA,0.94,NA,NA,NA,NA,8.84,NA
1865-01-13 14:00:00,1.67,NA,6.37,1029.7,NA,92.6,NA,1.17,NA,1.61,NA,NA,NA,NA,NA
1865-01-13 15:00:00,NA,NA,NA,NA,NA,NA,NA,NA,0.5,NA,NA,NA,NA,0,NA
1865-01-14,NA,NA,NA,NA,NA,NA,2.5,NA,NA,NA,-2.89,7.94,NA,NA,NA
1865-01-14 07:00:00,NA,NA,5.62,NA,NA,92.2,NA,-0.44,NA,-0.11,NA,NA,0.44,NA,NA
1865-01-14 09:00:00,1.94,NA,NA,1030.41,0,NA,NA,NA,-1.11,NA,NA,NA,NA,0,",skc"
1865-01-14 14:00:00,6.94,NA,7.65,1028.72,NA,91.1,NA,3.94,NA,4.5,NA,NA,NA,NA,NA
1865-01-14 15:00:00,NA,NA,NA,NA,NA,NA,NA,NA,2.94,NA,NA,NA,NA,0,",skc"
1865-01-15,NA,NA,NA,NA,NA,NA,1.94,NA,NA,NA,-0.56,4.44,NA,NA,NA
1865-01-15 07:00:00,NA,NA,7.86,NA,NA,97.5,NA,3.72,NA,3.89,NA,NA,3.89,NA,NA
1865-01-15 09:00:00,0,NA,NA,1024.96,4.57,NA,NA,NA,3.5,NA,NA,NA,NA,0,",skc"
1865-01-15 14:00:00,2.89,NA,7.08,1024.15,NA,97.6,NA,2.22,NA,2.39,NA,NA,NA,NA,NA
1865-01-15 15:00:00,NA,90,NA,NA,NA,NA,NA,NA,2,NA,NA,NA,NA,8.84,",skc"
1865-01-16,NA,NA,NA,NA,NA,NA,4.5,NA,NA,NA,1.11,7.89,NA,NA,NA
1865-01-16 07:00:00,NA,NA,7.15,NA,NA,95.9,NA,2.5,NA,2.72,NA,NA,3.78,NA,NA
1865-01-16 09:00:00,3.33,315,NA,1017.24,9.91,NA,NA,NA,2.17,NA,NA,NA,NA,8.84,",ovc"
1865-01-16 14:00:00,4.33,NA,8.33,1019.37,NA,95.7,NA,4.72,NA,5,NA,NA,NA,NA,NA
1865-01-16 15:00:00,NA,NA,NA,NA,NA,NA,NA,NA,4.33,NA,NA,NA,NA,0,",ovc"
1865-01-17,NA,NA,NA,NA,NA,NA,4.11,NA,NA,NA,1.67,6.56,NA,NA,NA
1865-01-17 07:00:00,NA,NA,7.92,NA,NA,98.3,NA,3.78,NA,3.89,NA,NA,4.17,NA,NA
1865-01-17 09:00:00,2.5,NA,NA,1020.52,11.18,NA,NA,NA,3.61,NA,NA,NA,NA,0,",ovc"
1865-01-17 14:00:00,2.78,NA,8.36,1019.57,NA,99.6,NA,4.44,NA,4.44,NA,NA,NA,NA,NA
1865-01-17 15:00:00,NA,NA,NA,NA,NA,NA,NA,NA,4.39,NA,NA,NA,NA,0,",br"
1865-01-18,NA,NA,NA,NA,NA,NA,3.11,NA,NA,NA,-0.61,6.94,NA,NA,NA
1865-01-18 07:00:00,NA,NA,6.67,NA,NA,94.3,NA,1.67,NA,2,NA,NA,5.28,NA,NA
1865-01-18 09:00:00,3.61,135,NA,1011.31,7.37,NA,NA,NA,1.17,NA,NA,NA,NA,12.5,",ra"
1865-01-18 14:00:00,3.78,NA,8.16,1006.43,NA,97.2,NA,4.28,NA,4.44,NA,NA,NA,NA,NA
1865-01-18 15:00:00,NA,NA,NA,NA,NA,NA,NA,NA,4.06,NA,NA,NA,NA,0,",ra"
1865-01-19,NA,NA,NA,NA,NA,NA,1.56,NA,NA,NA,-3.33,6.5,NA,NA,NA
1865-01-19 07:00:00,NA,NA,5.35,NA,NA,80.6,NA,0,NA,1.11,NA,NA,5.28,NA,NA
1865-01-19 09:00:00,1.67,NA,NA,1014.43,0.76,NA,NA,NA,-1.78,NA,NA,NA,NA,0,",skc"
1865-01-19 14:00:00,4.72,NA,7.45,1017.27,NA,86.3,NA,4,NA,4.89,NA,NA,NA,NA,NA
1865-01-19 15:00:00,NA,NA,NA,NA,NA,NA,NA,NA,2.78,NA,NA,NA,NA,0,",skc"
1865-01-20,NA,NA,NA,NA,NA,NA,0.78,NA,NA,NA,-4.44,6.06,NA,NA,NA
1865-01-20 07:00:00,NA,NA,5.28,NA,NA,86.7,NA,-0.67,NA,-0.06,NA,NA,2.5,NA,NA
1865-01-20 09:00:00,2.89,NA,NA,1026.89,NA,NA,NA,NA,-1.94,NA,NA,NA,NA,0,",skc"
1865-01-20 14:00:00,4,NA,6.13,1026.62,NA,77.4,NA,2.17,NA,3.61,NA,NA,NA,NA,NA
1865-01-20 15:00:00,NA,NA,NA,NA,NA,NA,NA,NA,0,NA,NA,NA,NA,0,",skc"
1865-01-21,NA,NA,NA,NA,NA,NA,1.5,NA,NA,NA,-4.17,7.22,NA,NA,NA
1865-01-21 07:00:00,NA,NA,3.83,NA,NA,56.3,NA,-1.39,NA,1.5,NA,NA,0.56,NA,NA
1865-01-21 09:00:00,1.94,NA,NA,1025.43,0,NA,NA,NA,-6,NA,NA,NA,NA,0,",skc"
1865-01-21 14:00:00,1.78,NA,5.86,1022.66,NA,84.9,NA,0.78,NA,1.67,NA,NA,NA,NA,NA
1865-01-21 15:00:00,NA,NA,NA,NA,NA,NA,NA,NA,-0.61,NA,NA,NA,NA,0,",skc"
1865-01-22,NA,NA,NA,NA,NA,NA,-1.72,NA,NA,NA,-7.67,4.22,NA,NA,NA
1865-01-22 07:00:00,NA,NA,2.91,NA,NA,53.8,NA,-3.11,NA,-1.56,NA,NA,2.22,NA,NA
1865-01-22 09:00:00,1.67,90,NA,1026.65,0,NA,NA,NA,-9.44,NA,NA,NA,NA,23.38,",skc"
1865-01-22 14:00:00,2.89,NA,3.52,1026.79,NA,45.5,NA,-0.83,NA,3.33,NA,NA,NA,NA,NA
1865-01-22 15:00:00,NA,90,NA,NA,NA,NA,NA,NA,-7.06,NA,NA,NA,NA,19.76,",skc"
1865-01-23,NA,NA,NA,NA,NA,NA,-2.78,NA,NA,NA,-8.17,2.61,NA,NA,NA
1865-01-23 07:00:00,NA,NA,2.2,NA,NA,44.5,NA,-4.44,NA,-2.78,NA,NA,-0.56,NA,NA
1865-01-23 09:00:00,0,90,NA,1029.36,0,NA,NA,NA,-12.94,NA,NA,NA,NA,8.84,",skc"
1865-01-23 14:00:00,0.44,NA,3.39,1028.01,NA,53.2,NA,-2.33,NA,0.56,NA,NA,NA,NA,NA
1865-01-23 15:00:00,NA,NA,NA,NA,NA,NA,NA,NA,-7.5,NA,NA,NA,NA,0,",skc"
1865-01-24,NA,NA,NA,NA,NA,NA,-6.61,NA,NA,NA,-8.67,1.06,NA,NA,NA
1865-01-24 07:00:00,NA,NA,3.18,NA,NA,67.2,NA,-4.17,NA,-3.33,NA,NA,-1.11,NA,NA
1865-01-24 09:00:00,-1.39,135,NA,1026.69,0,NA,NA,NA,-8.39,NA,NA,NA,NA,8.84,",skc"
1865-01-24 14:00:00,-0.33,NA,3.15,1025.13,NA,55.7,NA,-2.67,NA,-1.06,NA,NA,NA,NA,NA
1865-01-24 15:00:00,NA,NA,NA,NA,NA,NA,NA,NA,-8.44,NA,NA,NA,NA,0,",skc"
1865-01-25,NA,NA,NA,NA,NA,NA,-2.72,NA,NA,NA,-7.06,1.67,NA,NA,NA
1865-01-25 07:00:00,NA,NA,3.42,NA,NA,75.4,NA,-4.44,NA,-3.89,NA,NA,-1.72,NA,NA
1865-01-25 09:00:00,-2.06,90,NA,1018.86,0,NA,NA,NA,-7.44,NA,NA,NA,NA,8.84,",skc"
1865-01-25 14:00:00,-0.11,NA,4.2,1014.7,NA,68.9,NA,-1.56,NA,0,NA,NA,NA,NA,NA
1865-01-25 15:00:00,NA,NA,NA,NA,NA,NA,NA,NA,-4.78,NA,NA,NA,NA,0,NA
1865-01-26,NA,NA,NA,NA,NA,NA,-2,NA,NA,NA,-5.56,1.56,NA,NA,NA
1865-01-26 07:00:00,NA,NA,4.67,NA,NA,87.3,NA,-2.11,NA,-2.33,NA,NA,0.33,NA,NA
1865-01-26 09:00:00,-4.89,NA,NA,1002.68,0,NA,NA,NA,-3.44,NA,NA,NA,NA,0,NA
1865-01-26 14:00:00,0.11,NA,4.2,999.53,NA,67.1,NA,-1.56,NA,0.28,NA,NA,NA,NA,NA
1865-01-26 15:00:00,NA,NA,NA,NA,NA,NA,NA,NA,-4.83,NA,NA,NA,NA,0,NA
1865-01-27,NA,NA,NA,NA,NA,NA,-0.72,NA,NA,NA,-3.06,1.61,NA,NA,NA
1865-01-27 07:00:00,NA,NA,NA,NA,NA,NA,NA,NA,NA,NA,NA,NA,0.28,NA,NA
1865-01-27 09:00:00,-2.33,45,NA,995.56,4.83,NA,NA,NA,NA,NA,NA,NA,NA,12.5,",ovc"
1865-01-27 14:00:00,-0.28,NA,5.59,1000.61,NA,90.1,NA,-0.44,NA,0,NA,NA,NA,NA,NA
1865-01-27 15:00:00,NA,67.5,NA,NA,NA,NA,NA,NA,-1.33,NA,NA,NA,NA,15.3,NA
1865-01-28,NA,NA,NA,NA,NA,NA,0.28,NA,NA,NA,-0.61,2.28,NA,NA,NA
1865-01-28 07:00:00,NA,NA,6.26,NA,NA,94.9,NA,0.78,NA,1.06,NA,NA,0.56,NA,NA
1865-01-28 09:00:00,0.56,NA,NA,998.17,0,NA,NA,NA,0.33,NA,NA,NA,NA,0,",sn"
1865-01-28 14:00:00,0.56,NA,6.13,998,NA,93.3,NA,0.61,NA,1,NA,NA,NA,NA,NA
1865-01-28 15:00:00,NA,NA,NA,NA,NA,NA,NA,NA,0,NA,NA,NA,NA,0,",sn"
1865-01-29,NA,NA,NA,NA,NA,NA,1.39,NA,NA,NA,-1.11,3.89,NA,NA,NA
1865-01-29 07:00:00,NA,NA,6.47,NA,NA,89.7,NA,1.67,NA,2.28,NA,NA,2.78,NA,NA
1865-01-29 09:00:00,1.67,NA,NA,1003.93,7.37,NA,NA,NA,0.72,NA,NA,NA,NA,0,NA
1865-01-29 14:00:00,2.78,NA,7.25,1004.2,NA,93.9,NA,2.89,NA,3.28,NA,NA,NA,NA,NA
1865-01-29 15:00:00,NA,NA,NA,NA,NA,NA,NA,NA,2.33,NA,NA,NA,NA,0,",ra"
1865-01-30,NA,NA,NA,NA,NA,NA,1.67,NA,NA,NA,-0.72,4.11,NA,NA,NA
1865-01-30 07:00:00,NA,NA,7.25,NA,NA,95.1,NA,2.78,NA,3.06,NA,NA,1.72,NA,NA
1865-01-30 09:00:00,4.72,NA,NA,1013.34,1.78,NA,NA,NA,2.39,NA,NA,NA,NA,0,",skc"
1865-01-30 14:00:00,1.56,NA,6.37,1014.77,NA,92.2,NA,1.22,NA,1.67,NA,NA,NA,NA,NA
1865-01-30 15:00:00,NA,22.5,NA,NA,NA,NA,NA,NA,0.56,NA,NA,NA,NA,8.84,",skc"
1865-01-31 07:00:00,NA,NA,6.26,NA,NA,84.1,NA,1.78,NA,2.78,NA,NA,NA,NA,NA
1865-01-31 09:00:00,2.5,NA,NA,1003.45,0.76,NA,NA,NA,0.28,NA,NA,NA,NA,0,NA
1865-01-31 14:00:00,4.17,NA,6.84,997.05,NA,80.8,NA,3.33,NA,3.33,NA,NA,NA,NA,NA
1865-01-31 15:00:00,NA,337.5,NA,NA,NA,NA,NA,NA,1.28,NA,NA,NA,NA,8.84,NA
1865-02-01,NA,NA,NA,NA,NA,NA,3.5,NA,NA,NA,1.11,5.33,NA,NA,NA
1865-02-01 07:00:00,NA,NA,7.25,NA,NA,91.9,NA,2.67,NA,2.89,NA,NA,4.56,NA,NA
1865-02-01 09:00:00,2.5,180,NA,987.74,3.05,NA,NA,NA,2.33,NA,NA,NA,NA,8.84,",ra"
1865-02-01 14:00:00,9.17,NA,6.64,999.76,NA,82.4,NA,2.78,NA,3.89,NA,NA,NA,NA,NA
1865-02-01 15:00:00,NA,315,NA,NA,NA,NA,NA,NA,1.11,NA,NA,NA,NA,15.3,",skc"
1865-02-02,NA,NA,NA,NA,NA,NA,1.89,NA,NA,NA,-1.89,5.72,NA,NA,NA
1865-02-02 07:00:00,NA,NA,5.15,NA,NA,64.4,NA,0.44,NA,2.11,NA,NA,3.39,NA,NA
1865-02-02 09:00:00,3,NA,NA,1016.83,0,NA,NA,NA,-2.22,NA,NA,NA,NA,0,",skc"
1865-02-02 14:00:00,3.44,NA,6.06,1023.43,NA,76.2,NA,2.17,NA,3.72,NA,NA,NA,NA,NA
1865-02-02 15:00:00,NA,NA,NA,NA,NA,NA,NA,NA,-0.17,NA,NA,NA,NA,0,",skc"
1865-02-03,NA,NA,NA,NA,NA,NA,1.22,NA,NA,NA,-2.28,4.89,NA,NA,NA
1865-02-03 07:00:00,NA,NA,5.35,NA,NA,80.6,NA,0,NA,1.11,NA,NA,3.06,NA,NA
1865-02-03 09:00:00,2.33,90,NA,1036.2,0,NA,NA,NA,-1.78,NA,NA,NA,NA,12.5,",skc"
1865-02-03 14:00:00,2.5,NA,5.35,1033.63,NA,70.2,NA,1.11,NA,3.06,NA,NA,NA,NA,NA
1865-02-03 15:00:00,NA,45,NA,NA,NA,NA,NA,NA,-1.78,NA,NA,NA,NA,8.84,",skc"
1865-02-04,NA,NA,NA,NA,NA,NA,0.44,NA,NA,NA,-2.83,3.78,NA,NA,NA
1865-02-04 07:00:00,NA,NA,4.61,NA,NA,68,NA,-0.56,NA,1.39,NA,NA,1.78,NA,NA
1865-02-04 09:00:00,0.61,0,NA,1029.5,0,NA,NA,NA,-3.67,NA,NA,NA,NA,8.84,",skc"
1865-02-04 14:00:00,2.67,NA,6.1,1027.67,NA,82,NA,1.61,NA,2.78,NA,NA,NA,NA,NA
1865-02-04 15:00:00,NA,NA,NA,NA,NA,NA,NA,NA,-0.11,NA,NA,NA,NA,0,",skc"
1865-02-05,NA,NA,NA,NA,NA,NA,-0.39,NA,NA,NA,-3.5,2.78,NA,NA,NA
1865-02-05 07:00:00,NA,NA,6.3,NA,NA,93,NA,1,NA,1.39,NA,NA,13.33,NA,NA
1865-02-05 09:00:00,3.61,NA,NA,1023.37,0,NA,NA,NA,0.39,NA,NA,NA,NA,0,",skc"
1865-02-05 14:00:00,5.56,NA,5.76,1019.71,NA,62.5,NA,3.06,NA,5.83,NA,NA,NA,NA,NA
1865-02-05 15:00:00,NA,NA,NA,NA,NA,NA,NA,NA,-0.83,NA,NA,NA,NA,0,",skc"
1865-02-06,NA,NA,NA,NA,NA,NA,1.06,NA,NA,NA,-3.44,5.56,NA,NA,NA
1865-02-06 07:00:00,NA,NA,5.32,NA,NA,66.2,NA,-0.06,NA,1.06,NA,NA,18.33,NA,NA
1865-02-06 09:00:00,2.67,NA,NA,1018.29,0,NA,NA,NA,-1.83,NA,NA,NA,NA,0,",skc"
1865-02-06 14:00:00,6.39,NA,6.81,1014.12,NA,69.3,NA,4.44,NA,6.78,NA,NA,NA,NA,NA
1865-02-06 15:00:00,NA,NA,NA,NA,NA,NA,NA,NA,1.44,NA,NA,NA,NA,0,",skc"
1865-02-07,NA,NA,NA,NA,NA,NA,1.89,NA,NA,NA,-3.89,7.67,NA,NA,NA
1865-02-07 07:00:00,NA,NA,6.06,NA,NA,89.5,NA,0.78,NA,1.39,NA,NA,15.22,NA,NA
1865-02-07 09:00:00,2.22,NA,NA,1017.81,0,NA,NA,NA,-0.17,NA,NA,NA,NA,0,",skc"
1865-02-07 14:00:00,6.11,NA,7.25,1021.23,NA,79,NA,4.33,NA,5.78,NA,NA,NA,NA,NA
1865-02-07 15:00:00,NA,NA,NA,NA,NA,NA,NA,NA,2.33,NA,NA,NA,NA,0,",skc"
1865-02-08,NA,NA,NA,NA,NA,NA,1.83,NA,NA,NA,-2.67,6.39,NA,NA,NA
1865-02-08 07:00:00,NA,NA,5.35,NA,NA,80.6,NA,0,NA,1.11,NA,NA,14.94,NA,NA
1865-02-08 09:00:00,1.56,NA,NA,1024.76,0,NA,NA,NA,-1.78,NA,NA,NA,NA,0,",skc"
1865-02-08 14:00:00,5,NA,7.08,1024.28,NA,76,NA,4.33,NA,6,NA,NA,NA,NA,NA
1865-02-08 15:00:00,NA,NA,NA,NA,NA,NA,NA,NA,2,NA,NA,NA,NA,0,",skc"
1865-02-09,NA,NA,NA,NA,NA,NA,1.67,NA,NA,NA,-1.78,5.11,NA,NA,NA
1865-02-09 07:00:00,NA,NA,6.3,NA,NA,93,NA,1,NA,1.39,NA,NA,15.11,NA,NA
1865-02-09 09:00:00,1.78,NA,NA,1024.86,0,NA,NA,NA,0.39,NA,NA,NA,NA,0,",skc"
1865-02-09 14:00:00,6.67,NA,8.5,1026.31,NA,84.8,NA,6,NA,7.06,NA,NA,NA,NA,NA
1865-02-09 15:00:00,NA,NA,NA,NA,NA,NA,NA,NA,4.67,NA,NA,NA,NA,0,",skc"
1865-02-10,NA,NA,NA,NA,NA,NA,3.72,NA,NA,NA,0,7.5,NA,NA,NA
1865-02-10 07:00:00,NA,NA,7.08,NA,NA,97.7,NA,2.22,NA,2.39,NA,NA,18.83,NA,NA
1865-02-10 09:00:00,2.17,NA,NA,1022.05,0,NA,NA,NA,2,NA,NA,NA,NA,0,",sh"
1865-02-10 14:00:00,5.28,NA,8.3,1020.45,NA,90.7,NA,5.11,NA,5.72,NA,NA,NA,NA,NA
1865-02-10 15:00:00,NA,NA,NA,NA,NA,NA,NA,NA,4.28,NA,NA,NA,NA,0,NA
1865-02-11,NA,NA,NA,NA,NA,NA,3.28,NA,NA,NA,1,5.56,NA,NA,NA
1865-02-11 07:00:00,NA,NA,8.06,NA,NA,94.8,NA,4.33,NA,4.67,NA,NA,12.22,NA,NA
1865-02-11 09:00:00,4.17,90,NA,1012.7,0,NA,NA,NA,3.89,NA,NA,NA,NA,8.84,",ra"
1865-02-11 14:00:00,4.78,NA,8.3,1007.86,NA,92.5,NA,4.94,NA,5.44,NA,NA,NA,NA,NA
1865-02-11 15:00:00,NA,0,NA,NA,NA,NA,NA,NA,4.28,NA,NA,NA,NA,8.84,",sh"
1865-02-12,NA,NA,NA,NA,NA,NA,3.39,NA,NA,NA,1.56,5.22,NA,NA,NA
1865-02-12 07:00:00,NA,NA,8.36,NA,NA,97.6,NA,4.61,NA,4.78,NA,NA,11.94,NA,NA
1865-02-12 09:00:00,5.5,45,NA,1009.25,0,NA,NA,NA,4.39,NA,NA,NA,NA,8.84,",skc"
1865-02-12 14:00:00,5.28,NA,7.48,1011.18,NA,84.7,NA,4.22,NA,5.22,NA,NA,NA,NA,NA
1865-02-12 15:00:00,NA,225,NA,NA,NA,NA,NA,NA,2.83,NA,NA,NA,NA,8.84,",skc"
1865-02-13,NA,NA,NA,NA,NA,NA,2.61,NA,NA,NA,-1.39,6.67,NA,NA,NA
1865-02-13 07:00:00,NA,NA,6.77,NA,NA,90.9,NA,2.22,NA,2.78,NA,NA,17.44,NA,NA
1865-02-13 09:00:00,2.22,135,NA,991.06,0,NA,NA,NA,1.39,NA,NA,NA,NA,19.76,",ra"
1865-02-13 14:00:00,4.5,NA,6.57,1001.9,NA,75.8,NA,3.28,NA,4.94,NA,NA,NA,NA,NA
1865-02-13 15:00:00,NA,180,NA,NA,NA,NA,NA,NA,0.94,NA,NA,NA,NA,8.84,NA
1865-02-14,NA,NA,NA,NA,NA,NA,1.78,NA,NA,NA,-1.39,5,NA,NA,NA
1865-02-14 07:00:00,NA,NA,6.37,NA,NA,94.9,NA,1,NA,1.28,NA,NA,6.39,NA,NA
1865-02-14 09:00:00,0.67,90,NA,1010.02,0,NA,NA,NA,0.56,NA,NA,NA,NA,15.3,",sn"
1865-02-14 14:00:00,2.17,NA,6.81,1002.64,NA,91.8,NA,2.17,NA,2.67,NA,NA,NA,NA,NA
1865-02-14 15:00:00,NA,90,NA,NA,NA,NA,NA,NA,1.44,NA,NA,NA,NA,15.3,",ra"
1865-02-15,NA,NA,NA,NA,NA,NA,1.06,NA,NA,NA,-0.28,2.39,NA,NA,NA
1865-02-15 07:00:00,NA,NA,6.6,NA,NA,97,NA,1.28,NA,1.44,NA,NA,5.72,NA,NA
1865-02-15 09:00:00,1.22,NA,NA,987.37,0,NA,NA,NA,1.06,NA,NA,NA,NA,0,",ra"
1865-02-15 14:00:00,2.17,NA,6.26,994.24,NA,84.9,NA,1.67,NA,2.61,NA,NA,NA,NA,NA
1865-02-15 15:00:00,NA,225,NA,NA,NA,NA,NA,NA,0.28,NA,NA,NA,NA,12.5,",sn"
1865-02-16,NA,NA,NA,NA,NA,NA,1.39,NA,NA,NA,-2,4.78,NA,NA,NA
1865-02-16 07:00:00,NA,NA,6.37,NA,NA,95.9,NA,0.89,NA,1.11,NA,NA,10.28,NA,NA
1865-02-16 09:00:00,1.44,90,NA,1005.18,0,NA,NA,NA,0.56,NA,NA,NA,NA,15.3,",skc"
1865-02-16 14:00:00,2.22,NA,5.66,997.26,NA,74.6,NA,1.17,NA,3,NA,NA,NA,NA,NA
1865-02-16 15:00:00,NA,90,NA,NA,NA,NA,NA,NA,0,NA,NA,NA,NA,21.64,NA
1865-02-17,NA,NA,NA,NA,NA,NA,1.22,NA,NA,NA,-0.28,2.78,NA,NA,NA
1865-02-17 07:00:00,NA,NA,6.43,NA,NA,93.1,NA,1.28,NA,1.67,NA,NA,13.06,NA,NA
1865-02-17 09:00:00,1.11,90,NA,1001.52,0,NA,NA,NA,0.67,NA,NA,NA,NA,15.3,",ra"
1865-02-17 14:00:00,2.5,NA,6.74,1003.49,NA,90.3,NA,2.22,NA,2.83,NA,NA,NA,NA,NA
1865-02-17 15:00:00,NA,135,NA,NA,NA,NA,NA,NA,1.33,NA,NA,NA,NA,15.3,",ra"
1865-02-18,NA,NA,NA,NA,NA,NA,1.67,NA,NA,NA,-1.39,4.72,NA,NA,NA
1865-02-18 07:00:00,NA,NA,6.57,NA,NA,94.2,NA,1.5,NA,1.83,NA,NA,6.67,NA,NA
1865-02-18 09:00:00,1.56,45,NA,1007.21,0,NA,NA,NA,1,NA,NA,NA,NA,8.84,",skc"
1865-02-18 14:00:00,5.83,NA,6.71,1003.25,NA,73.1,NA,3.89,NA,5.78,NA,NA,NA,NA,NA
1865-02-18 15:00:00,NA,NA,NA,NA,NA,NA,NA,NA,1.28,NA,NA,NA,NA,0,",skc"
1865-02-19,NA,NA,NA,NA,NA,NA,2.11,NA,NA,NA,-1.78,6,NA,NA,NA
1865-02-19 07:00:00,NA,NA,5.22,NA,NA,84.2,NA,-0.56,NA,0.17,NA,NA,15.28,NA,NA
1865-02-19 09:00:00,0.44,NA,NA,1003.42,0,NA,NA,NA,-2.06,NA,NA,NA,NA,0,",skc"
1865-02-19 14:00:00,7.11,NA,6.77,1004.13,NA,69.2,NA,4.39,NA,6.72,NA,NA,NA,NA,NA
1865-02-19 15:00:00,NA,180,NA,NA,NA,NA,NA,NA,1.39,NA,NA,NA,NA,8.84,",skc"
1865-02-20,NA,NA,NA,NA,NA,NA,2.06,NA,NA,NA,-2.33,6.5,NA,NA,NA
1865-02-20 07:00:00,NA,NA,6.23,NA,NA,90.2,NA,1.11,NA,1.67,NA,NA,15.5,NA,NA
1865-02-20 09:00:00,1.28,NA,NA,1008.4,0,NA,NA,NA,0.22,NA,NA,NA,NA,0,",skc"
1865-02-20 14:00:00,5,NA,6.26,1009.82,NA,71.2,NA,3.11,NA,5.17,NA,NA,NA,NA,NA
1865-02-20 15:00:00,NA,NA,NA,NA,NA,NA,NA,NA,0.28,NA,NA,NA,NA,0,",skc"
1865-02-21,NA,NA,NA,NA,NA,NA,1.11,NA,NA,NA,-4.44,6.67,NA,NA,NA
1865-02-21 07:00:00,NA,NA,5.52,NA,NA,83.2,NA,0.17,NA,1.11,NA,NA,15.5,NA,NA
1865-02-21 09:00:00,1.83,NA,NA,1021.13,0,NA,NA,NA,-1.33,NA,NA,NA,NA,0,",skc"
1865-02-21 14:00:00,7,NA,5.18,1023.77,NA,53.4,NA,2.78,NA,6.61,NA,NA,NA,NA,NA
1865-02-21 15:00:00,NA,180,NA,NA,NA,NA,NA,NA,-2.17,NA,NA,NA,NA,12.5,",skc"
1865-02-22,NA,NA,NA,NA,NA,NA,1,NA,NA,NA,-4.33,6.39,NA,NA,NA
1865-02-22 07:00:00,NA,NA,5.01,NA,NA,86,NA,-0.5,NA,0.83,NA,NA,12.78,NA,NA
1865-02-22 09:00:00,1.56,NA,NA,1031.19,0,NA,NA,NA,-2.61,NA,NA,NA,NA,0,",skc"
1865-02-22 14:00:00,6.44,NA,5.35,1031.02,NA,58.3,NA,2.61,NA,5.78,NA,NA,NA,NA,NA
1865-02-22 15:00:00,NA,180,NA,NA,NA,NA,NA,NA,-1.78,NA,NA,NA,NA,8.84,",skc"
1865-02-23,NA,NA,NA,NA,NA,NA,2.33,NA,NA,NA,-1.11,5.83,NA,NA,NA
1865-02-23 07:00:00,NA,NA,5.59,NA,NA,80.9,NA,0.56,NA,1.67,NA,NA,12.78,NA,NA
1865-02-23 09:00:00,1.11,90,NA,1024.69,0,NA,NA,NA,-1.22,NA,NA,NA,NA,8.84,",sh"
1865-02-23 14:00:00,2.33,NA,6.84,1019.88,NA,92.2,NA,2.22,NA,2.67,NA,NA,NA,NA,NA
1865-02-23 15:00:00,NA,90,NA,NA,NA,NA,NA,NA,1.56,NA,NA,NA,NA,8.84,",ra"
1865-02-24,NA,NA,NA,NA,NA,NA,0.5,NA,NA,NA,-3.44,4.44,NA,NA,NA
1865-02-24 07:00:00,NA,NA,6.33,NA,NA,87.8,NA,1.56,NA,2.22,NA,NA,12.78,NA,NA
1865-02-24 09:00:00,2.78,NA,NA,1028.11,0,NA,NA,NA,0.44,NA,NA,NA,NA,0,",skc"
1865-02-24 14:00:00,6.11,NA,6.1,1027.9,NA,66.4,NA,3.33,NA,5.78,NA,NA,NA,NA,NA
1865-02-24 15:00:00,NA,180,NA,NA,NA,NA,NA,NA,-0.06,NA,NA,NA,NA,8.84,",skc"
1865-02-26,NA,NA,NA,NA,NA,NA,-5.83,NA,NA,NA,-1.11,6.11,NA,NA,NA
1865-02-26 07:00:00,NA,NA,5.49,NA,NA,86.2,NA,-0.17,NA,0.56,NA,NA,15,NA,NA
1865-02-26 09:00:00,0.28,90,NA,1018.49,0,NA,NA,NA,-1.44,NA,NA,NA,NA,12.5,",sn"
1865-02-26 14:00:00,0.56,NA,6.26,1013.65,NA,96.4,NA,0.61,NA,0.83,NA,NA,NA,NA,NA
1865-02-26 15:00:00,NA,90,NA,NA,NA,NA,NA,NA,0.28,NA,NA,NA,NA,8.84,",sn"
1865-02-27,NA,NA,NA,NA,NA,NA,1.39,NA,NA,NA,-0.56,3.33,NA,NA,NA
1865-02-27 07:00:00,NA,NA,6.47,NA,NA,97,NA,1.17,NA,1.17,NA,NA,3.33,NA,NA
1865-02-27 09:00:00,0.83,90,NA,1001.39,0,NA,NA,NA,0.78,NA,NA,NA,NA,15.3,",sn"
1865-02-27 14:00:00,2.78,NA,4.57,999.7,NA,60.3,NA,0.28,NA,3,NA,NA,NA,NA,NA
1865-02-27 15:00:00,NA,135,NA,NA,NA,NA,NA,NA,-3.78,NA,NA,NA,NA,15.3,",sn"
1865-02-28,NA,NA,NA,NA,NA,NA,-2.94,NA,NA,NA,-9.72,3.89,NA,NA,NA
1865-02-28 07:00:00,NA,NA,2.17,NA,NA,56.6,NA,-6.94,NA,-6.11,NA,NA,12.78,NA,NA
1865-02-28 09:00:00,-5.33,90,NA,1005.62,0,NA,NA,NA,-13.06,NA,NA,NA,NA,15.3,",skc"
1865-02-28 14:00:00,-6,NA,1.46,1014.8,NA,41,NA,-8.67,NA,-6.94,NA,NA,NA,NA,NA
1865-02-28 15:00:00,NA,90,NA,NA,NA,NA,NA,NA,-14,NA,NA,NA,NA,12.5,",skc"
1865-03-01,NA,NA,NA,NA,NA,NA,-9.89,NA,NA,NA,-13.61,-5.56,NA,NA,NA
1865-03-01 07:00:00,NA,NA,1.12,NA,NA,33,NA,-8.78,NA,-7.56,NA,NA,10.56,NA,NA
1865-03-01 09:00:00,-7.11,45,NA,1017.47,0,NA,NA,NA,-17.61,NA,NA,NA,NA,15.3,",skc"
1865-03-01 14:00:00,-1.11,NA,3.93,1021.5,NA,76.3,NA,-2.83,NA,-2.22,NA,NA,NA,NA,NA
1865-03-01 15:00:00,NA,225,NA,NA,NA,NA,NA,NA,-5.67,NA,NA,NA,NA,12.5,",skc"
1865-03-02,NA,NA,NA,NA,NA,NA,-6.22,NA,NA,NA,-10.17,-2.22,NA,NA,NA
1865-03-02 07:00:00,NA,NA,2.78,NA,NA,74.1,NA,-6.56,NA,-6.11,NA,NA,5.56,NA,NA
1865-03-02 09:00:00,-6.61,90,NA,1021.33,0,NA,NA,NA,-9.89,NA,NA,NA,NA,12.5,",ovc"
1865-03-02 14:00:00,-4.17,NA,4.06,1020.35,NA,91.8,NA,-4.33,NA,-4.17,NA,NA,NA,NA,NA
1865-03-02 15:00:00,NA,90,NA,NA,NA,NA,NA,NA,-5.22,NA,NA,NA,NA,12.5,",ovc"
1865-03-03,NA,NA,NA,NA,NA,NA,-4.44,NA,NA,NA,-7.11,-1.78,NA,NA,NA
1865-03-03 07:00:00,NA,NA,4.27,NA,NA,82.9,NA,-2.67,NA,-2.28,NA,NA,0.72,NA,NA
1865-03-03 09:00:00,-2.33,90,NA,1004.2,0,NA,NA,NA,-5.17,NA,NA,NA,NA,12.5,NA
1865-03-03 14:00:00,2.06,NA,5.45,1004.13,NA,77.4,NA,0.61,NA,1.94,NA,NA,NA,NA,NA
1865-03-03 15:00:00,NA,NA,NA,NA,NA,NA,NA,NA,-1.56,NA,NA,NA,NA,0,NA
1865-03-04,NA,NA,NA,NA,NA,NA,-0.94,NA,NA,NA,-3.06,1.22,NA,NA,NA
1865-03-04 07:00:00,NA,NA,5.01,NA,NA,85.5,NA,-1.11,NA,-0.56,NA,NA,14.33,NA,NA
1865-03-04 09:00:00,-0.56,NA,NA,1009.04,1.02,NA,NA,NA,-2.61,NA,NA,NA,NA,0,",sn"
1865-03-04 14:00:00,0.56,NA,5.96,1009.01,NA,89.3,NA,0.56,NA,1.17,NA,NA,NA,NA,NA
1865-03-04 15:00:00,NA,90,NA,NA,NA,NA,NA,NA,-0.39,NA,NA,NA,NA,8.84,NA
1865-03-05,NA,NA,NA,NA,NA,NA,1,NA,NA,NA,-1.11,3.17,NA,NA,NA
1865-03-05 07:00:00,NA,NA,7.48,NA,NA,90.9,NA,3.61,NA,4.17,NA,NA,4.44,NA,NA
1865-03-05 09:00:00,3.89,225,NA,1003.52,6.6,NA,NA,NA,2.83,NA,NA,NA,NA,15.3,",ovc"
1865-03-05 14:00:00,4.33,NA,5.69,998.68,NA,68,NA,2.22,NA,4.44,NA,NA,NA,NA,NA
1865-03-05 15:00:00,NA,270,NA,NA,NA,NA,NA,NA,-0.89,NA,NA,NA,NA,21.64,",missing"
1865-03-06,NA,NA,NA,NA,NA,NA,0.94,NA,NA,NA,-4.56,6.44,NA,NA,NA
1865-03-06 07:00:00,NA,NA,7.48,NA,NA,91.7,NA,3.56,NA,4.06,NA,NA,11.78,NA,NA
1865-03-06 09:00:00,4.17,0,NA,1008.13,0,NA,NA,NA,2.83,NA,NA,NA,NA,8.84,",skc"
1865-03-06 14:00:00,-5.28,NA,1.96,1013.38,NA,48.7,NA,-6.44,NA,-5.39,NA,NA,NA,NA,NA
1865-03-06 15:00:00,NA,90,NA,NA,NA,NA,NA,NA,-14.33,NA,NA,NA,NA,17.67,",ovc"
1865-03-07,NA,NA,NA,NA,NA,NA,-6.44,NA,NA,NA,-11.33,-1.56,NA,NA,NA
1865-03-07 07:00:00,NA,NA,2.17,NA,NA,47.5,NA,-10,NA,-8.33,NA,NA,1.83,NA,NA
1865-03-07 09:00:00,-6.94,90,NA,1023.67,0,NA,NA,NA,-13.06,NA,NA,NA,NA,8.84,",skc"
1865-03-07 14:00:00,-3.89,NA,2.51,1024.99,NA,62.2,NA,-7.61,NA,-5.39,NA,NA,NA,NA,NA
1865-03-07 15:00:00,NA,90,NA,NA,NA,NA,NA,NA,-11.28,NA,NA,NA,NA,12.5,",skc"
1865-03-08,NA,NA,NA,NA,NA,NA,-10.89,NA,NA,NA,-16.39,-5.33,NA,NA,NA
1865-03-08 07:00:00,NA,NA,2.24,NA,NA,76.7,NA,-9.83,NA,-9.44,NA,NA,4.44,NA,NA
1865-03-08 09:00:00,-9.44,90,NA,1029.87,0,NA,NA,NA,-12.72,NA,NA,NA,NA,15.3,",skc"
1865-03-08 14:00:00,-4.06,NA,3.05,1027.84,NA,68.7,NA,-4.89,NA,-4.17,NA,NA,NA,NA,NA
1865-03-08 15:00:00,NA,90,NA,NA,NA,NA,NA,NA,-8.78,NA,NA,NA,NA,15.3,",skc"
1865-03-09,NA,NA,NA,NA,NA,NA,-6.83,NA,NA,NA,-10.44,-3.17,NA,NA,NA
1865-03-09 07:00:00,NA,NA,3.86,NA,NA,76.5,NA,-3.11,NA,-2.5,NA,NA,2.22,NA,NA
1865-03-09 09:00:00,-2.33,NA,NA,1015.61,0,NA,NA,NA,-5.94,NA,NA,NA,NA,0,",sn"
1865-03-09 14:00:00,-0.44,NA,4.84,1016.46,NA,81.2,NA,-1.11,NA,-0.39,NA,NA,NA,NA,NA
1865-03-09 15:00:00,NA,90,NA,NA,NA,NA,NA,NA,-3.06,NA,NA,NA,NA,12.5,",sn"
1865-03-10,NA,NA,NA,NA,NA,NA,-1.61,NA,NA,NA,-3.56,0.33,NA,NA,NA
1865-03-10 07:00:00,NA,NA,6.47,NA,NA,100,NA,0.72,NA,0.72,NA,NA,8.44,NA,NA
1865-03-10 09:00:00,0.56,NA,NA,1011.41,7.62,NA,NA,NA,0.72,NA,NA,NA,NA,0,",sn"
1865-03-10 14:00:00,1.11,NA,6.54,1007.69,NA,97.5,NA,1.11,NA,1.28,NA,NA,NA,NA,NA
1865-03-10 15:00:00,NA,45,NA,NA,NA,NA,NA,NA,0.89,NA,NA,NA,NA,15.3,",ra"
1865-03-11,NA,NA,NA,NA,NA,NA,3.61,NA,NA,NA,-0.56,4.44,NA,NA,NA
1865-03-11 07:00:00,NA,NA,6.2,NA,NA,76.9,NA,2.33,NA,3.89,NA,NA,10.83,NA,NA
1865-03-11 09:00:00,3.89,225,NA,1006.5,15.75,NA,NA,NA,0.17,NA,NA,NA,NA,12.5,",skc"
1865-03-11 14:00:00,5,NA,6.71,1012.09,NA,76.7,NA,3.44,NA,5.06,NA,NA,NA,NA,NA
1865-03-11 15:00:00,NA,225,NA,NA,NA,NA,NA,NA,1.22,NA,NA,NA,NA,12.5,",skc"
1865-03-12,NA,NA,NA,NA,NA,NA,1.61,NA,NA,NA,-2.33,5.56,NA,NA,NA
1865-03-12 07:00:00,NA,NA,6.74,NA,NA,88.8,NA,2.33,NA,3,NA,NA,16.22,NA,NA
1865-03-12 09:00:00,4,45,NA,1016.66,0,NA,NA,NA,1.33,NA,NA,NA,NA,8.84,",skc"
1865-03-12 14:00:00,5.44,NA,6.1,1014.8,NA,68.2,NA,3.11,NA,5.39,NA,NA,NA,NA,NA
1865-03-12 15:00:00,NA,45,NA,NA,NA,NA,NA,NA,-0.06,NA,NA,NA,NA,8.84,",skc"
1865-03-13,NA,NA,NA,NA,NA,NA,2.78,NA,NA,NA,-0.56,6.11,NA,NA,NA
1865-03-13 07:00:00,NA,NA,6.26,NA,NA,96.9,NA,0.56,NA,0.72,NA,NA,16.5,NA,NA
1865-03-13 09:00:00,0.56,90,NA,1006.84,4.32,NA,NA,NA,0.28,NA,NA,NA,NA,8.84,",sn"
1865-03-13 14:00:00,1.89,NA,7.11,1006.33,NA,94.2,NA,2.61,NA,2.94,NA,NA,NA,NA,NA
1865-03-13 15:00:00,NA,135,NA,NA,NA,NA,NA,NA,2.11,NA,NA,NA,NA,12.5,",ra"
1865-03-14,NA,NA,NA,NA,NA,NA,1.44,NA,NA,NA,-0.56,3.44,NA,NA,NA
1865-03-14 07:00:00,NA,NA,6.98,NA,NA,92.4,NA,2.5,NA,2.94,NA,NA,10.83,NA,NA
1865-03-14 09:00:00,2.78,NA,NA,1018.05,3.56,NA,NA,NA,1.78,NA,NA,NA,NA,0,NA
1865-03-14 14:00:00,3.33,NA,7.21,1018.8,NA,89.1,NA,3.28,NA,3.94,NA,NA,NA,NA,NA
1865-03-14 15:00:00,NA,225,NA,NA,NA,NA,NA,NA,2.28,NA,NA,NA,NA,19.76,",ra"
1865-03-15,NA,NA,NA,NA,NA,NA,2.5,NA,NA,NA,-0.11,5.17,NA,NA,NA
1865-03-15 07:00:00,NA,NA,6.91,NA,NA,92.7,NA,2.33,NA,2.78,NA,NA,9.89,NA,NA
1865-03-15 09:00:00,2.44,NA,NA,1016.73,1.02,NA,NA,NA,1.67,NA,NA,NA,NA,0,",skc"
1865-03-15 14:00:00,2.44,NA,6.94,1015.58,NA,93.2,NA,2.33,NA,2.72,NA,NA,NA,NA,NA
1865-03-15 15:00:00,NA,NA,NA,NA,NA,NA,NA,NA,1.78,NA,NA,NA,NA,0,",ra"
1865-03-16,NA,NA,NA,NA,NA,NA,1.39,NA,NA,NA,-0.44,3.22,NA,NA,NA
1865-03-16 07:00:00,NA,NA,6.6,NA,NA,87.1,NA,2.22,NA,3,NA,NA,12.94,NA,NA
1865-03-16 09:00:00,3.17,NA,NA,1011.41,4.57,NA,NA,NA,1.06,NA,NA,NA,NA,0,",skc"
1865-03-16 14:00:00,7.5,NA,7.04,1015.82,NA,67.3,NA,5.17,NA,7.67,NA,NA,NA,NA,NA
1865-03-16 15:00:00,NA,225,NA,NA,NA,NA,NA,NA,1.94,NA,NA,NA,NA,8.84,",skc"
1865-03-17,NA,NA,NA,NA,NA,NA,3.06,NA,NA,NA,-1.11,7.22,NA,NA,NA
1865-03-17 07:00:00,NA,NA,6.6,NA,NA,90.3,NA,1.94,NA,2.5,NA,NA,22.22,NA,NA
1865-03-17 09:00:00,2.17,90,NA,1017.71,0,NA,NA,NA,1.06,NA,NA,NA,NA,8.84,",skc"
1865-03-17 14:00:00,6.67,NA,5.59,1011.35,NA,56.5,NA,3.33,NA,6.83,NA,NA,NA,NA,NA
1865-03-17 15:00:00,NA,270,NA,NA,NA,NA,NA,NA,-1.17,NA,NA,NA,NA,8.84,",skc"
1865-03-18,NA,NA,NA,NA,NA,NA,3.06,NA,NA,NA,-0.33,6.44,NA,NA,NA
1865-03-18 07:00:00,NA,NA,6.33,NA,NA,77.4,NA,0.67,NA,0.83,NA,NA,21,NA,NA
1865-03-18 09:00:00,0.44,90,NA,997.8,2.79,NA,NA,NA,0.44,NA,NA,NA,NA,12.5,",sn"
1865-03-18 14:00:00,5.39,NA,7.45,991.2,NA,82.4,NA,4.33,NA,5.56,NA,NA,NA,NA,NA
1865-03-18 15:00:00,NA,135,NA,NA,NA,NA,NA,NA,2.78,NA,NA,NA,NA,21.64,",ra"
1865-03-19,NA,NA,NA,NA,NA,NA,2.5,NA,NA,NA,-0.28,5.33,NA,NA,NA
1865-03-19 07:00:00,NA,NA,6.2,NA,NA,73.5,NA,2.72,NA,4.56,NA,NA,14.06,NA,NA
1865-03-19 09:00:00,4.22,225,NA,1006.74,2.03,NA,NA,NA,0.17,NA,NA,NA,NA,8.84,",skc"
1865-03-19 14:00:00,2.67,NA,6.77,1009.86,NA,88.5,NA,2.44,NA,3.17,NA,NA,NA,NA,NA
1865-03-19 15:00:00,NA,180,NA,NA,NA,NA,NA,NA,1.39,NA,NA,NA,NA,19.76,",gr"
1865-03-20,NA,NA,NA,NA,NA,NA,2.78,NA,NA,NA,-0.33,5.89,NA,NA,NA
1865-03-20 07:00:00,NA,NA,7.52,NA,NA,78.7,NA,4.89,NA,6.33,NA,NA,14.94,NA,NA
1865-03-20 09:00:00,6.22,180,NA,1004.37,3.3,NA,NA,NA,2.89,NA,NA,NA,NA,19.76,NA
1865-03-20 14:00:00,6,NA,6.77,1014.77,NA,71.4,NA,4.17,NA,5.67,NA,NA,NA,NA,NA
1865-03-20 15:00:00,NA,225,NA,NA,NA,NA,NA,NA,1.33,NA,NA,NA,NA,15.3,",skc"
1865-03-21,NA,NA,NA,NA,NA,NA,3.5,NA,NA,NA,0.39,6.67,NA,NA,NA
1865-03-21 07:00:00,NA,NA,7.65,NA,NA,91.1,NA,3.89,NA,4.44,NA,NA,14.67,NA,NA
1865-03-21 09:00:00,3.61,180,NA,1006.98,10.92,NA,NA,NA,3.11,NA,NA,NA,NA,23.38,NA
1865-03-21 14:00:00,6.94,NA,7.96,1013.48,NA,77.1,NA,5.83,NA,7.5,NA,NA,NA,NA,NA
1865-03-21 15:00:00,NA,180,NA,NA,NA,NA,NA,NA,3.67,NA,NA,NA,NA,12.5,",skc"
1865-03-22,NA,NA,NA,NA,NA,NA,3.78,NA,NA,NA,0.28,7.33,NA,NA,NA
1865-03-22 07:00:00,NA,NA,7.82,NA,NA,83.1,NA,5,NA,6.11,NA,NA,16.89,NA,NA
1865-03-22 09:00:00,5.94,180,NA,1018.49,4.57,NA,NA,NA,3.44,NA,NA,NA,NA,17.67,",skc"
1865-03-22 14:00:00,8.61,NA,6.77,1022.01,NA,61.7,NA,5.17,NA,8.39,NA,NA,NA,NA,NA
1865-03-22 15:00:00,NA,180,NA,NA,NA,NA,NA,NA,1.33,NA,NA,NA,NA,12.5,",skc"
1865-03-23,NA,NA,NA,NA,NA,NA,5,NA,NA,NA,1.67,8.33,NA,NA,NA
1865-03-23 07:00:00,NA,NA,7.25,NA,NA,94.5,NA,2.89,NA,3.22,NA,NA,18.22,NA,NA
1865-03-23 09:00:00,2.78,NA,NA,1005.49,4.57,NA,NA,NA,2.39,NA,NA,NA,NA,0,",ra"
1865-03-23 14:00:00,4.17,NA,7.59,1007.25,NA,90.3,NA,3.83,NA,4.44,NA,NA,NA,NA,NA
1865-03-23 15:00:00,NA,90,NA,NA,NA,NA,NA,NA,3,NA,NA,NA,NA,8.84,",skc"
1865-03-24,NA,NA,NA,NA,NA,NA,3.94,NA,NA,NA,1.22,6.67,NA,NA,NA
1865-03-24 07:00:00,NA,NA,6.26,NA,NA,64.2,NA,3.89,NA,6.67,NA,NA,17.06,NA,NA
1865-03-24 09:00:00,6.94,180,NA,1020.76,0,NA,NA,NA,0.28,NA,NA,NA,NA,17.67,",skc"
1865-03-24 14:00:00,7.39,NA,4.81,1024.31,NA,78.3,NA,2.94,NA,7.61,NA,NA,NA,NA,NA
1865-03-24 15:00:00,NA,225,NA,NA,NA,NA,NA,NA,-3.11,NA,NA,NA,NA,19.76,",skc"
1865-03-25,NA,NA,NA,NA,NA,NA,2.61,NA,NA,NA,-1.89,7.11,NA,NA,NA
1865-03-25 07:00:00,NA,NA,12.29,NA,NA,73.1,NA,1.22,NA,2.94,NA,NA,18.17,NA,NA
1865-03-25 09:00:00,2.67,90,NA,1030.61,0,NA,NA,NA,-1.33,NA,NA,NA,NA,17.67,",skc"
1865-03-25 14:00:00,6.56,NA,5.66,1027.9,NA,58,NA,3.33,NA,6.67,NA,NA,NA,NA,NA
1865-03-25 15:00:00,NA,NA,NA,NA,NA,NA,NA,NA,-1,NA,NA,NA,NA,0,",skc"
1865-03-26,NA,NA,NA,NA,NA,NA,3.94,NA,NA,NA,0.83,7.11,NA,NA,NA
1865-03-26 07:00:00,NA,NA,6.5,NA,NA,94.1,NA,1.33,NA,1.67,NA,NA,16.22,NA,NA
1865-03-26 09:00:00,1.22,NA,NA,1022.22,2.03,NA,NA,NA,0.83,NA,NA,NA,NA,0,",ra"
1865-03-26 14:00:00,3.39,NA,7.45,1019.51,NA,92.4,NA,3.44,NA,3.89,NA,NA,NA,NA,NA
1865-03-26 15:00:00,NA,NA,NA,NA,NA,NA,NA,NA,2.78,NA,NA,NA,NA,0,",ra"
1865-03-27,NA,NA,NA,NA,NA,NA,3.11,NA,NA,NA,0.44,5.22,NA,NA,NA
1865-03-27 07:00:00,NA,NA,7.72,NA,NA,86.4,NA,4.5,NA,5.39,NA,NA,13.56,NA,NA
1865-03-27 09:00:00,5,NA,NA,1025.64,5.84,NA,NA,NA,3.28,NA,NA,NA,NA,0,",skc"
1865-03-27 14:00:00,8.61,NA,6.81,1028.85,NA,60.5,NA,5.44,NA,8.78,NA,NA,NA,NA,NA
1865-03-27 15:00:00,NA,NA,NA,NA,NA,NA,NA,NA,1.44,NA,NA,NA,NA,0,",skc"
1865-03-28,NA,NA,NA,NA,NA,NA,5.67,NA,NA,NA,2.72,8.61,NA,NA,NA
1865-03-28 07:00:00,NA,NA,8.84,NA,NA,91.6,NA,5.94,NA,6.5,NA,NA,14.72,NA,NA
1865-03-28 09:00:00,5.78,135,NA,1027.97,1.27,NA,NA,NA,5.22,NA,NA,NA,NA,8.84,NA
1865-03-28 14:00:00,8.67,NA,8.26,1028.11,NA,89,NA,7,NA,9.33,NA,NA,NA,NA,NA
1865-03-28 15:00:00,NA,225,NA,NA,NA,NA,NA,NA,4.22,NA,NA,NA,NA,8.84,NA
1865-03-29,NA,NA,NA,NA,NA,NA,5.56,NA,NA,NA,2.22,8.89,NA,NA,NA
1865-03-29 07:00:00,NA,NA,8.26,NA,NA,76.3,NA,6.39,NA,8.22,NA,NA,21.33,NA,NA
1865-03-29 09:00:00,7.5,90,NA,1019.44,0,NA,NA,NA,4.22,NA,NA,NA,NA,8.84,",skc"
1865-03-29 14:00:00,11.11,NA,7.86,1017.03,NA,59.5,NA,7.33,NA,11.17,NA,NA,NA,NA,NA
1865-03-29 15:00:00,NA,225,NA,NA,NA,NA,NA,NA,3.5,NA,NA,NA,NA,8.84,",skc"
1865-03-30,NA,NA,NA,NA,NA,NA,6.17,NA,NA,NA,0.56,11.78,NA,NA,NA
1865-03-30 07:00:00,NA,NA,6.6,NA,NA,78,NA,3.11,NA,4.61,NA,NA,23.06,NA,NA
1865-03-30 09:00:00,4.94,90,NA,1025.4,0.51,NA,NA,NA,1.06,NA,NA,NA,NA,8.84,",skc"
1865-03-30 14:00:00,8.78,NA,6.1,1025.06,NA,54.4,NA,4.72,NA,8.72,NA,NA,NA,NA,NA
1865-03-30 15:00:00,NA,NA,NA,NA,NA,NA,NA,NA,-0.06,NA,NA,NA,NA,0,",skc"
1865-03-31,NA,NA,NA,NA,NA,NA,5.39,NA,NA,NA,1.89,8.89,NA,NA,NA
1865-03-31 07:00:00,NA,NA,6.81,NA,NA,81.7,NA,3.11,NA,4.33,NA,NA,20,NA,NA
1865-03-31 09:00:00,-1.67,NA,NA,1022.38,0,NA,NA,NA,1.44,NA,NA,NA,NA,0,NA
1865-03-31 14:00:00,5.5,NA,7.48,1019.13,NA,76.7,NA,5,NA,6.67,NA,NA,NA,NA,NA
1865-03-31 15:00:00,NA,NA,NA,NA,NA,NA,NA,NA,2.83,NA,NA,NA,NA,0,NA
1865-04-01,NA,NA,NA,NA,NA,NA,5.5,NA,NA,NA,3.83,7.22,NA,NA,NA
1865-04-01 07:00:00,NA,NA,8.33,NA,NA,90.1,NA,5.22,NA,5.89,NA,NA,16.11,NA,NA
1865-04-01 09:00:00,5.17,225,NA,1015.65,9.14,NA,NA,NA,4.33,NA,NA,NA,NA,8.84,NA
1865-04-01 14:00:00,8.06,NA,5.89,1017.17,NA,53.7,NA,4.33,NA,8.39,NA,NA,NA,NA,NA
1865-04-01 15:00:00,NA,180,NA,NA,NA,NA,NA,NA,-0.5,NA,NA,NA,NA,15.3,",skc"
1865-04-02,NA,NA,NA,NA,NA,NA,6.06,NA,NA,NA,3.89,8.22,NA,NA,NA
1865-04-02 07:00:00,NA,NA,6.06,NA,NA,68.3,NA,3.22,NA,5.28,NA,NA,20.5,NA,NA
1865-04-02 09:00:00,5.56,135,NA,1019.78,0,NA,NA,NA,-0.17,NA,NA,NA,NA,8.84,",skc"
1865-04-02 14:00:00,9.33,NA,6.57,1024.72,NA,59.9,NA,5,NA,8.39,NA,NA,NA,NA,NA
1865-04-02 15:00:00,NA,0,NA,NA,NA,NA,NA,NA,0.94,NA,NA,NA,NA,8.84,",skc"
1865-04-03,NA,NA,NA,NA,NA,NA,3.22,NA,NA,NA,-2.5,9,NA,NA,NA
1865-04-03 07:00:00,NA,NA,6.57,NA,NA,67.6,NA,4.17,NA,6.61,NA,NA,18.78,NA,NA
1865-04-03 09:00:00,6.56,180,NA,1031.32,0,NA,NA,NA,1,NA,NA,NA,NA,8.84,",skc"
1865-04-03 14:00:00,10.44,NA,5.45,1030.55,NA,48.8,NA,5.67,NA,10.44,NA,NA,NA,NA,NA
1865-04-03 15:00:00,NA,225,NA,NA,NA,NA,NA,NA,0,NA,NA,NA,NA,12.5,",skc"
1865-04-04,NA,NA,NA,NA,NA,NA,3.94,NA,NA,NA,-2.11,10,NA,NA,NA
1865-04-04 07:00:00,NA,NA,6.23,NA,NA,52.3,NA,4.89,NA,8.78,NA,NA,21.94,NA,NA
1865-04-04 09:00:00,8.94,NA,NA,1032.61,0,NA,NA,NA,0.22,NA,NA,NA,NA,0,",skc"
1865-04-04 14:00:00,9.11,NA,5.42,1029.7,NA,46,NA,4.44,NA,9.44,NA,NA,NA,NA,NA
1865-04-04 15:00:00,NA,NA,NA,NA,NA,NA,NA,NA,-1.56,NA,NA,NA,NA,0,",skc"
1865-04-05,NA,NA,NA,NA,NA,NA,4,NA,NA,NA,-2.22,10.28,NA,NA,NA
1865-04-05 07:00:00,NA,NA,4.3,NA,NA,42.3,NA,2.11,NA,7.28,NA,NA,24.39,NA,NA
1865-04-05 09:00:00,6.94,90,NA,1030,0,NA,NA,NA,-4.56,NA,NA,NA,NA,15.3,",skc"
1865-04-05 14:00:00,9.22,NA,9.99,1027.02,NA,84.8,NA,2.78,NA,9.44,NA,NA,NA,NA,NA
1865-04-05 15:00:00,NA,135,NA,NA,NA,NA,NA,NA,7,NA,NA,NA,NA,19.76,",skc"
1865-04-06,NA,NA,NA,NA,NA,NA,5.28,NA,NA,NA,1.11,9.44,NA,NA,NA
1865-04-06 07:00:00,NA,NA,5.35,NA,NA,51.6,NA,3.5,NA,7.56,NA,NA,19.72,NA,NA
1865-04-06 09:00:00,7.22,135,NA,1028.58,0,NA,NA,NA,-1.72,NA,NA,NA,NA,15.3,",skc"
1865-04-06 14:00:00,10.61,NA,11.62,1026.11,NA,92.6,NA,4.5,NA,10.61,NA,NA,NA,NA,NA
1865-04-06 15:00:00,NA,180,NA,NA,NA,NA,NA,NA,9.44,NA,NA,NA,NA,15.3,",skc"
1865-04-07,NA,NA,NA,NA,NA,NA,3.83,NA,NA,NA,-2.78,10.44,NA,NA,NA
1865-04-07 07:00:00,NA,NA,5.72,NA,NA,50.4,NA,4.44,NA,8.89,NA,NA,22.67,NA,NA
1865-04-07 09:00:00,9.17,NA,NA,1022.35,0,NA,NA,NA,-0.89,NA,NA,NA,NA,0,",skc"
1865-04-07 14:00:00,11.78,NA,5.52,1018.39,NA,39,NA,5.44,NA,12.22,NA,NA,NA,NA,NA
1865-04-07 15:00:00,NA,45,NA,NA,NA,NA,NA,NA,-1.33,NA,NA,NA,NA,12.5,",skc"
1865-04-08,NA,NA,NA,NA,NA,NA,5.17,NA,NA,NA,-1.72,12.11,NA,NA,NA
1865-04-08 07:00:00,NA,NA,6.2,NA,NA,54.5,NA,4.94,NA,8.94,NA,NA,26.11,NA,NA
1865-04-08 09:00:00,9.06,225,NA,1021.88,0,NA,NA,NA,0.17,NA,NA,NA,NA,8.84,",skc"
1865-04-08 14:00:00,14.33,NA,12.56,1017.71,NA,79.1,NA,6.56,NA,14,NA,NA,NA,NA,NA
1865-04-08 15:00:00,NA,225,NA,NA,NA,NA,NA,NA,10.44,NA,NA,NA,NA,12.5,",skc"
1865-04-09,NA,NA,NA,NA,NA,NA,6,NA,NA,NA,-1.44,13.44,NA,NA,NA
1865-04-09 07:00:00,NA,NA,6.64,NA,NA,55.5,NA,5.78,NA,9.67,NA,NA,23.33,NA,NA
1865-04-09 09:00:00,9.94,225,NA,1021.47,0,NA,NA,NA,1.11,NA,NA,NA,NA,8.84,",skc"
1865-04-09 14:00:00,13.61,NA,7.65,1019.98,NA,48.7,NA,8.17,NA,13.83,NA,NA,NA,NA,NA
1865-04-09 15:00:00,NA,135,NA,NA,NA,NA,NA,NA,3.11,NA,NA,NA,NA,12.5,",skc"
1865-04-10,NA,NA,NA,NA,NA,NA,3.17,NA,NA,NA,-1.67,13.61,NA,NA,NA
1865-04-10 07:00:00,NA,NA,7.25,NA,NA,78.7,NA,4.39,NA,5.83,NA,NA,22.78,NA,NA
1865-04-10 09:00:00,5.28,45,NA,1019.51,0,NA,NA,NA,2.39,NA,NA,NA,NA,15.3,",skc"
1865-04-10 14:00:00,11.72,NA,7.96,1019.24,NA,50.6,NA,7.67,NA,11.61,NA,NA,NA,NA,NA
1865-04-10 15:00:00,NA,225,NA,NA,NA,NA,NA,NA,3.72,NA,NA,NA,NA,12.5,",skc"
1865-04-11,NA,NA,NA,NA,NA,NA,6.33,NA,NA,NA,0.56,11.67,NA,NA,NA
1865-04-11 07:00:00,NA,NA,8.16,NA,NA,82.5,NA,5.61,NA,6.83,NA,NA,25,NA,NA
1865-04-11 09:00:00,6.61,NA,NA,1022.86,0,NA,NA,NA,4.06,NA,NA,NA,NA,0,NA
1865-04-11 14:00:00,13.39,NA,6.23,1023.13,NA,40,NA,9.33,NA,13.33,NA,NA,NA,NA,NA
1865-04-11 15:00:00,NA,135,NA,NA,NA,NA,NA,NA,0.22,NA,NA,NA,NA,12.5,",skc"
1865-04-12,NA,NA,NA,NA,NA,NA,8.72,NA,NA,NA,4.72,12.78,NA,NA,NA
1865-04-12 07:00:00,NA,NA,8.23,NA,NA,88.4,NA,5.22,NA,6,NA,NA,28.06,NA,NA
1865-04-12 09:00:00,5.44,90,NA,1021.81,0,NA,NA,NA,4.17,NA,NA,NA,NA,15.3,NA
1865-04-12 14:00:00,9.28,NA,8.3,1018.9,NA,70.2,NA,7.11,NA,9.5,NA,NA,NA,NA,NA
1865-04-12 15:00:00,NA,225,NA,NA,NA,NA,NA,NA,4.28,NA,NA,NA,NA,8.84,NA
1865-04-13,NA,NA,NA,NA,NA,NA,6.89,NA,NA,NA,4.72,9.06,NA,NA,NA
1865-04-13 07:00:00,NA,NA,8.53,NA,NA,96.7,NA,5.56,NA,6.17,NA,NA,16,NA,NA
1865-04-13 09:00:00,5.72,90,NA,1014.49,6.86,NA,NA,NA,4.72,NA,NA,NA,NA,8.84,",ra"
1865-04-13 14:00:00,7.33,NA,9.65,1013.04,NA,91.9,NA,7.22,NA,7.78,NA,NA,NA,NA,NA
1865-04-13 15:00:00,NA,NA,NA,NA,NA,NA,NA,NA,6.5,NA,NA,NA,NA,0,",skc"
1865-04-14,NA,NA,NA,NA,NA,NA,6.5,NA,NA,NA,4.78,8.22,NA,NA,NA
1865-04-14 07:00:00,NA,NA,9.04,NA,NA,92.7,NA,6.17,NA,6.67,NA,NA,12.56,NA,NA
1865-04-14 09:00:00,6.22,90,NA,1024.25,3.81,NA,NA,NA,5.56,NA,NA,NA,NA,15.3,NA
1865-04-14 14:00:00,8.89,NA,8.8,1024.21,NA,81.4,NA,7.5,NA,9.44,NA,NA,NA,NA,NA
1865-04-14 15:00:00,NA,NA,NA,NA,NA,NA,NA,NA,5.17,NA,NA,NA,NA,0,",ra"
1865-04-15,NA,NA,NA,NA,NA,NA,6.78,NA,NA,NA,4.72,8.89,NA,NA,NA
1865-04-15 07:00:00,NA,NA,8.43,NA,NA,71.6,NA,7.22,NA,9.44,NA,NA,18.06,NA,NA
1865-04-15 09:00:00,8.89,180,NA,1018.73,7.87,NA,NA,NA,4.56,NA,NA,NA,NA,15.3,",skc"
1865-04-15 14:00:00,9.44,NA,7.59,1019.64,NA,62.7,NA,6.56,NA,9.83,NA,NA,NA,NA,NA
1865-04-15 15:00:00,NA,180,NA,NA,NA,NA,NA,NA,3,NA,NA,NA,NA,15.3,",skc"
1865-04-16,NA,NA,NA,NA,NA,NA,6.78,NA,NA,NA,2.5,11.11,NA,NA,NA
1865-04-16 07:00:00,NA,NA,7.38,NA,NA,69.4,NA,5.61,NA,7.94,NA,NA,21,NA,NA
1865-04-16 09:00:00,7.78,180,NA,1023.03,0,NA,NA,NA,2.61,NA,NA,NA,NA,17.67,",skc"
1865-04-16 14:00:00,9.17,NA,7.01,1021.13,NA,59.5,NA,6,NA,9.44,NA,NA,NA,NA,NA
1865-04-16 15:00:00,NA,NA,NA,NA,NA,NA,NA,NA,1.89,NA,NA,NA,NA,0,",skc"
1865-04-17,NA,NA,NA,NA,NA,NA,7.17,NA,NA,NA,4.33,10,NA,NA,NA
1865-04-17 07:00:00,NA,NA,6.91,NA,NA,62.9,NA,5.33,NA,8.39,NA,NA,20,NA,NA
1865-04-17 09:00:00,8.33,225,NA,1012.26,5.33,NA,NA,NA,1.67,NA,NA,NA,NA,12.5,",skc"
1865-04-17 14:00:00,10.89,NA,6.98,1013.44,NA,54.6,NA,6.44,NA,10.67,NA,NA,NA,NA,NA
1865-04-17 15:00:00,NA,180,NA,NA,NA,NA,NA,NA,1.83,NA,NA,NA,NA,19.76,",skc"
1865-04-18,NA,NA,NA,NA,NA,NA,5.28,NA,NA,NA,0.28,10.28,NA,NA,NA
1865-04-18 07:00:00,NA,NA,6.16,NA,NA,56.3,NA,4.56,NA,8.33,NA,NA,20.11,NA,NA
1865-04-18 09:00:00,8.78,180,NA,1019.64,0,NA,NA,NA,0.06,NA,NA,NA,NA,15.3,",skc"
1865-04-18 14:00:00,10.5,NA,6.74,1020.08,NA,52.4,NA,6.11,NA,10.5,NA,NA,NA,NA,NA
1865-04-18 15:00:00,NA,225,NA,NA,NA,NA,NA,NA,1.33,NA,NA,NA,NA,17.67,",skc"
1865-04-19,NA,NA,NA,NA,NA,NA,4.5,NA,NA,NA,-0.67,10.22,NA,NA,NA
1865-04-19 07:00:00,NA,NA,6.87,NA,NA,69.8,NA,4.56,NA,6.83,NA,NA,20.94,NA,NA
1865-04-19 09:00:00,6.78,NA,NA,1029.39,0,NA,NA,NA,1.61,NA,NA,NA,NA,0,",skc"
1865-04-19 14:00:00,10.5,NA,6.47,1034.61,NA,51.1,NA,5.89,NA,10.56,NA,NA,NA,NA,NA
1865-04-19 15:00:00,NA,135,NA,NA,NA,NA,NA,NA,0.78,NA,NA,NA,NA,8.84,",skc"
1865-04-20,NA,NA,NA,NA,NA,NA,5.33,NA,NA,NA,0,10.72,NA,NA,NA
1865-04-20 07:00:00,NA,NA,7.25,NA,NA,61.5,NA,6.22,NA,9.44,NA,NA,26.11,NA,NA
1865-04-20 09:00:00,9.33,NA,NA,1031.36,0,NA,NA,NA,2.39,NA,NA,NA,NA,0,",skc"
1865-04-20 14:00:00,15.06,NA,7.42,1024.59,NA,41,NA,8.61,NA,16.06,NA,NA,NA,NA,NA
1865-04-20 15:00:00,NA,45,NA,NA,NA,NA,NA,NA,2.67,NA,NA,NA,NA,15.3,",skc"
1865-04-21,NA,NA,NA,NA,NA,NA,10.22,NA,NA,NA,5,15.5,NA,NA,NA
1865-04-21 07:00:00,NA,NA,7.89,NA,NA,66.8,NA,6.78,NA,9.5,NA,NA,28.33,NA,NA
1865-04-21 09:00:00,9.11,NA,NA,1025.94,0,NA,NA,NA,3.56,NA,NA,NA,NA,0,",ovc"
1865-04-21 14:00:00,15.67,NA,9.11,1027.94,NA,51.5,NA,10.11,NA,15.67,NA,NA,NA,NA,NA
1865-04-21 15:00:00,NA,180,NA,NA,NA,NA,NA,NA,5.67,NA,NA,NA,NA,12.5,",skc"
1865-04-22,NA,NA,NA,NA,NA,NA,8.5,NA,NA,NA,1.5,15.22,NA,NA,NA
1865-04-22 07:00:00,NA,NA,9.38,NA,NA,74.7,NA,8.33,NA,10.44,NA,NA,26.44,NA,NA
1865-04-22 09:00:00,10.39,NA,NA,1030.95,0,NA,NA,NA,6.06,NA,NA,NA,NA,0,",skc"
1865-04-22 14:00:00,13.56,NA,8.23,1028.14,NA,53.4,NA,8.61,NA,13.56,NA,NA,NA,NA,NA
1865-04-22 15:00:00,NA,225,NA,NA,NA,NA,NA,NA,4.17,NA,NA,NA,NA,12.5,",skc"
1865-04-23,NA,NA,NA,NA,NA,NA,11.44,NA,NA,NA,2.78,20.11,NA,NA,NA
1865-04-23 07:00:00,NA,NA,8.47,NA,NA,74.6,NA,6.94,NA,8.89,NA,NA,26.56,NA,NA
1865-04-23 09:00:00,8.33,135,NA,1022.22,0,NA,NA,NA,4.61,NA,NA,NA,NA,8.84,NA
1865-04-23 14:00:00,9,NA,8.2,1020.39,NA,69.5,NA,7,NA,9.44,NA,NA,NA,NA,NA
1865-04-23 15:00:00,NA,180,NA,NA,NA,NA,NA,NA,4.11,NA,NA,NA,NA,8.84,",skc"
1865-04-24,NA,NA,NA,NA,NA,NA,7,NA,NA,NA,2.89,11.11,NA,NA,NA
1865-04-24 07:00:00,NA,NA,6.6,NA,NA,59.3,NA,5.17,NA,8.61,NA,NA,23.89,NA,NA
1865-04-24 09:00:00,8.78,135,NA,1023.23,0,NA,NA,NA,0.5,NA,NA,NA,NA,12.5,",skc"
1865-04-24 14:00:00,11.78,NA,6.43,1024.59,NA,47.6,NA,6.11,NA,11.56,NA,NA,NA,NA,NA
1865-04-24 15:00:00,NA,180,NA,NA,NA,NA,NA,NA,0.67,NA,NA,NA,NA,12.5,",skc"
1865-04-25,NA,NA,NA,NA,NA,NA,5.5,NA,NA,NA,-0.11,11.11,NA,NA,NA
1865-04-25 07:00:00,NA,NA,7.48,NA,NA,58,NA,6.83,NA,10.83,NA,NA,25,NA,NA
1865-04-25 09:00:00,10.5,NA,NA,1025.2,0,NA,NA,NA,2.83,NA,NA,NA,NA,0,",skc"
1865-04-25 14:00:00,12.44,NA,6.94,1019.98,NA,46.7,NA,7.39,NA,13,NA,NA,NA,NA,NA
1865-04-25 15:00:00,NA,180,NA,NA,NA,NA,NA,NA,1.78,NA,NA,NA,NA,8.84,",skc"
1865-04-26,NA,NA,NA,NA,NA,NA,8.83,NA,NA,NA,4.39,13.33,NA,NA,NA
1865-04-26 07:00:00,NA,NA,9.24,NA,NA,91,NA,6.67,NA,7.28,NA,NA,27.78,NA,NA
1865-04-26 09:00:00,6.89,NA,NA,1015.61,2.03,NA,NA,NA,5.89,NA,NA,NA,NA,0,",ra"
1865-04-26 14:00:00,6.94,NA,9.11,1010.09,NA,89.7,NA,6.56,NA,7.28,NA,NA,NA,NA,NA
1865-04-26 15:00:00,NA,NA,NA,NA,NA,NA,NA,NA,5.67,NA,NA,NA,NA,0,",ra"
1865-04-27,NA,NA,NA,NA,NA,NA,6,NA,NA,NA,4.17,7.83,NA,NA,NA
1865-04-27 07:00:00,NA,NA,8.94,NA,NA,91.7,NA,6.11,NA,6.67,NA,NA,11.56,NA,NA
1865-04-27 09:00:00,6.22,NA,NA,1016.76,6.35,NA,NA,NA,5.39,NA,NA,NA,NA,0,",ra"
1865-04-27 14:00:00,12.72,NA,10.4,1018.12,NA,75.4,NA,9.72,NA,11.83,NA,NA,NA,NA,NA
1865-04-27 15:00:00,NA,135,NA,NA,NA,NA,NA,NA,7.61,NA,NA,NA,NA,8.84,",skc"
1865-04-28,NA,NA,NA,NA,NA,NA,8.11,NA,NA,NA,4.06,12.22,NA,NA,NA
1865-04-28 07:00:00,NA,NA,8.91,NA,NA,88,NA,6.39,NA,7.22,NA,NA,28.06,NA,NA
1865-04-28 09:00:00,6.67,45,NA,1008.74,0.51,NA,NA,NA,5.33,NA,NA,NA,NA,12.5,",ra"
1865-04-28 14:00:00,6.67,NA,9.41,1007.45,NA,93.6,NA,6.67,NA,7.11,NA,NA,NA,NA,NA
1865-04-28 15:00:00,NA,90,NA,NA,NA,NA,NA,NA,6.11,NA,NA,NA,NA,12.5,",ra"
1865-04-29,NA,NA,NA,NA,NA,NA,7.17,NA,NA,NA,5.78,8.56,NA,NA,NA
1865-04-29 07:00:00,NA,NA,10.33,NA,NA,96.5,NA,7.78,NA,8,NA,NA,10.28,NA,NA
1865-04-29 09:00:00,7.5,45,NA,1019.37,6.35,NA,NA,NA,7.5,NA,NA,NA,NA,12.5,",ovc"
1865-04-29 14:00:00,10,NA,11.99,1022.01,NA,94.9,NA,10.11,NA,10.5,NA,NA,NA,NA,NA
1865-04-29 15:00:00,NA,NA,NA,NA,NA,NA,NA,NA,9.72,NA,NA,NA,NA,0,",ovc"
1865-04-30,NA,NA,NA,NA,NA,NA,9.22,NA,NA,NA,7.22,11.28,NA,NA,NA
1865-04-30 07:00:00,NA,NA,10.87,NA,NA,72,NA,10.61,NA,13.22,NA,NA,14.72,NA,NA
1865-04-30 09:00:00,11.33,180,NA,1023.71,2.29,NA,NA,NA,8.28,NA,NA,NA,NA,8.84,NA
1865-04-30 14:00:00,16.11,NA,11.89,1024.69,NA,65.2,NA,12.5,NA,16.17,NA,NA,NA,NA,NA
1865-04-30 15:00:00,NA,225,NA,NA,NA,NA,NA,NA,9.61,NA,NA,NA,NA,8.84,",skc"
1865-05-01,NA,NA,NA,NA,NA,NA,11.33,NA,NA,NA,6.94,15.78,NA,NA,NA
1865-05-01 07:00:00,NA,NA,10.26,NA,NA,85,NA,9.83,NA,10.17,NA,NA,24,NA,NA
1865-05-01 09:00:00,9.83,90,NA,1016.53,0,NA,NA,NA,7.39,NA,NA,NA,NA,8.84,NA
1865-05-01 14:00:00,15.33,NA,11.95,1011.38,NA,67.6,NA,12.33,NA,15.67,NA,NA,NA,NA,NA
1865-05-01 15:00:00,NA,NA,NA,NA,NA,NA,NA,NA,9.67,NA,NA,NA,NA,0,",skc"
1865-05-02,NA,NA,NA,NA,NA,NA,11.5,NA,NA,NA,8.33,14.72,NA,NA,NA
1865-05-02 07:00:00,NA,NA,12.36,NA,NA,83.9,NA,11.5,NA,12.83,NA,NA,20,NA,NA
1865-05-02 09:00:00,12.22,NA,NA,1009.72,3.05,NA,NA,NA,10.28,NA,NA,NA,NA,0,NA
1865-05-02 14:00:00,16,NA,13,1012.16,NA,76.3,NA,12.78,NA,15.11,NA,NA,NA,NA,NA
1865-05-02 15:00:00,NA,NA,NA,NA,NA,NA,NA,NA,10.94,NA,NA,NA,NA,0,",skc"
1865-05-03,NA,NA,NA,NA,NA,NA,11.17,NA,NA,NA,6.67,15.72,NA,NA,NA
1865-05-03 07:00:00,NA,NA,10.57,NA,NA,95.1,NA,8.22,NA,8.56,NA,NA,21.11,NA,NA
1865-05-03 09:00:00,8.06,NA,NA,1013.28,1.78,NA,NA,NA,7.83,NA,NA,NA,NA,0,",ovc"
1865-05-03 14:00:00,15.11,NA,11.72,1014.19,NA,95.6,NA,9.72,NA,10.06,NA,NA,NA,NA,NA
1865-05-03 15:00:00,NA,45,NA,NA,NA,NA,NA,NA,9.39,NA,NA,NA,NA,8.84,",ra"
1865-05-04,NA,NA,NA,NA,NA,NA,11.44,NA,NA,NA,7.78,10.72,NA,NA,NA
1865-05-04 07:00:00,NA,NA,12.26,NA,NA,91.6,NA,10.72,NA,11.39,NA,NA,17.56,NA,NA
1865-05-04 09:00:00,10.78,NA,NA,1025.06,5.08,NA,NA,NA,10.06,NA,NA,NA,NA,0,NA
1865-05-04 14:00:00,16.39,NA,13.44,1028.31,NA,67.5,NA,12.94,NA,16.33,NA,NA,NA,NA,NA
1865-05-04 15:00:00,NA,180,NA,NA,NA,NA,NA,NA,10.28,NA,NA,NA,NA,8.84,",skc"
1865-05-05,NA,NA,NA,NA,NA,NA,11.67,NA,NA,NA,7.22,16.11,NA,NA,NA
1865-05-05 07:00:00,NA,NA,11.21,NA,NA,76.1,NA,10.78,NA,12.83,NA,NA,25.83,NA,NA
1865-05-05 09:00:00,12.83,45,NA,1029.87,2.54,NA,NA,NA,8.72,NA,NA,NA,NA,8.84,",skc"
1865-05-05 14:00:00,20.5,NA,14.56,1028.24,NA,92.7,NA,15.5,NA,21.17,NA,NA,NA,NA,NA
1865-05-05 15:00:00,NA,NA,NA,NA,NA,NA,NA,NA,12.67,NA,NA,NA,NA,0,",skc"
1865-05-06,NA,NA,NA,NA,NA,NA,13.83,NA,NA,NA,7.67,20,NA,NA,NA
1865-05-06 07:00:00,NA,NA,11.51,NA,NA,71.3,NA,11.56,NA,14.28,NA,NA,33.78,NA,NA
1865-05-06 09:00:00,14.28,NA,NA,1025.36,0,NA,NA,NA,9.11,NA,NA,NA,NA,0,",skc"
1865-05-06 14:00:00,17.78,NA,13.48,1025.2,NA,64.9,NA,14,NA,18.22,NA,NA,NA,NA,NA
1865-05-06 15:00:00,NA,225,NA,NA,NA,NA,NA,NA,11.5,NA,NA,NA,NA,12.5,",skc"
1865-05-07,NA,NA,NA,NA,NA,NA,12.11,NA,NA,NA,6,18.22,NA,NA,NA
1865-05-07 07:00:00,NA,NA,11.78,NA,NA,96.9,NA,11.33,NA,13.44,NA,NA,31.78,NA,NA
1865-05-07 09:00:00,13.06,NA,NA,1027.29,0,NA,NA,NA,9.44,NA,NA,NA,NA,0,",skc"
1865-05-07 14:00:00,17.33,NA,9.52,1025.8,NA,45.7,NA,12.28,NA,18.28,NA,NA,NA,NA,NA
1865-05-07 15:00:00,NA,225,NA,NA,NA,NA,NA,NA,6.28,NA,NA,NA,NA,12.5,",skc"
1865-05-08,NA,NA,NA,NA,NA,NA,10.67,NA,NA,NA,3.61,17.78,NA,NA,NA
1865-05-08 07:00:00,NA,NA,9.72,NA,NA,61.7,NA,10.06,NA,13.89,NA,NA,33.78,NA,NA
1865-05-08 09:00:00,13.94,135,NA,1024.55,0,NA,NA,NA,6.61,NA,NA,NA,NA,8.84,",skc"
1865-05-08 14:00:00,19.17,NA,11.48,1022.66,NA,51.7,NA,12.89,NA,19.33,NA,NA,NA,NA,NA
1865-05-08 15:00:00,NA,135,NA,NA,NA,NA,NA,NA,9.06,NA,NA,NA,NA,8.84,",skc"
1865-05-09,NA,NA,NA,NA,NA,NA,11.22,NA,NA,NA,3.56,18.89,NA,NA,NA
1865-05-09 07:00:00,NA,NA,8.8,NA,NA,45.9,NA,10,NA,16.94,NA,NA,27.67,NA,NA
1865-05-09 09:00:00,16.94,NA,NA,1023.64,0,NA,NA,NA,5.17,NA,NA,NA,NA,0,",skc"
1865-05-09 14:00:00,19.22,NA,8.64,1023.1,NA,37.5,NA,10.5,NA,19.89,NA,NA,NA,NA,NA
1865-05-09 15:00:00,NA,135,NA,NA,NA,NA,NA,NA,4.89,NA,NA,NA,NA,8.84,",skc"
1865-05-10,NA,NA,NA,NA,NA,NA,11.17,NA,NA,NA,3.33,19,NA,NA,NA
1865-05-10 07:00:00,NA,NA,8.53,NA,NA,48.8,NA,9.5,NA,15.5,NA,NA,32.22,NA,NA
1865-05-10 09:00:00,15.5,135,NA,1023.64,0,NA,NA,NA,4.72,NA,NA,NA,NA,8.84,",skc"
1865-05-10 14:00:00,19.89,NA,10.29,1022.01,NA,43.8,NA,12.22,NA,20.22,NA,NA,NA,NA,NA
1865-05-10 15:00:00,NA,135,NA,NA,NA,NA,NA,NA,7.44,NA,NA,NA,NA,8.84,",skc"
1865-05-11,NA,NA,NA,NA,NA,NA,13.17,NA,NA,NA,6.89,19.44,NA,NA,NA
1865-05-11 07:00:00,NA,NA,13.44,NA,NA,89,NA,12.28,NA,13.22,NA,NA,31,NA,NA
1865-05-11 09:00:00,13.06,NA,NA,1017.27,0,NA,NA,NA,11.44,NA,NA,NA,NA,0,",skc"
1865-05-11 14:00:00,20.5,NA,12.67,1015.92,NA,53.2,NA,13.83,NA,20.44,NA,NA,NA,NA,NA
1865-05-11 15:00:00,NA,225,NA,NA,NA,NA,NA,NA,10.56,NA,NA,NA,NA,8.84,",skc"
1865-05-12,NA,NA,NA,NA,NA,NA,14.67,NA,NA,NA,9.39,20,NA,NA,NA
1865-05-12 07:00:00,NA,NA,11.82,NA,NA,85.1,NA,10.72,NA,11.94,NA,NA,30.56,NA,NA
1865-05-12 09:00:00,11.17,NA,NA,1014.43,0,NA,NA,NA,9.5,NA,NA,NA,NA,0,",ra"
1865-05-12 14:00:00,10,NA,12.39,1013.34,NA,75.5,NA,10.61,NA,11,NA,NA,NA,NA,NA
1865-05-12 15:00:00,NA,NA,NA,NA,NA,NA,NA,NA,10.22,NA,NA,NA,NA,0,",ra"
1865-05-13,NA,NA,NA,NA,NA,NA,9.78,NA,NA,NA,7.11,12.5,NA,NA,NA
1865-05-13 07:00:00,NA,NA,9.14,NA,NA,82.1,NA,7.28,NA,8.61,NA,NA,15.44,NA,NA
1865-05-13 09:00:00,8.67,NA,NA,1011.04,13.46,NA,NA,NA,5.72,NA,NA,NA,NA,0,",ra"
1865-05-13 14:00:00,12.61,NA,9.52,1014.97,NA,64.2,NA,9.61,NA,12.94,NA,NA,NA,NA,NA
1865-05-13 15:00:00,NA,225,NA,NA,NA,NA,NA,NA,6.28,NA,NA,NA,NA,8.84,",skc"
1865-05-14,NA,NA,NA,NA,NA,NA,10.61,NA,NA,NA,7.89,13.33,NA,NA,NA
1865-05-14 07:00:00,NA,NA,9.89,NA,NA,83.2,NA,8.33,NA,9.61,NA,NA,21.94,NA,NA
1865-05-14 09:00:00,9,90,NA,1022.82,0,NA,NA,NA,6.83,NA,NA,NA,NA,8.84,NA
1865-05-14 14:00:00,13.22,NA,10.13,1025.06,NA,66.6,NA,10.11,NA,13.33,NA,NA,NA,NA,NA
1865-05-14 15:00:00,NA,NA,NA,NA,NA,NA,NA,NA,7.22,NA,NA,NA,NA,0,",ovc"
1865-05-15,NA,NA,NA,NA,NA,NA,10.33,NA,NA,NA,8.33,12.33,NA,NA,NA
1865-05-15 07:00:00,NA,NA,11.78,NA,NA,81.9,NA,11,NA,12.5,NA,NA,25,NA,NA
1865-05-15 09:00:00,12.22,45,NA,1015.24,0,NA,NA,NA,9.5,NA,NA,NA,NA,8.84,NA
1865-05-15 14:00:00,14.06,NA,11.01,1012.43,NA,66.9,NA,11.33,NA,14.56,NA,NA,NA,NA,NA
1865-05-15 15:00:00,NA,NA,NA,NA,NA,NA,NA,NA,8.44,NA,NA,NA,NA,0,NA
1865-05-16,NA,NA,NA,NA,NA,NA,12.17,NA,NA,NA,9.72,14.67,NA,NA,NA
1865-05-16 07:00:00,NA,NA,11.82,NA,NA,95.6,NA,9.83,NA,10.17,NA,NA,26.72,NA,NA
1865-05-16 09:00:00,9.72,NA,NA,1012.43,0,NA,NA,NA,9.5,NA,NA,NA,NA,0,",ra"
1865-05-16 14:00:00,10.22,NA,12.56,1014.93,NA,95.6,NA,10.78,NA,11.11,NA,NA,NA,NA,NA
1865-05-16 15:00:00,NA,NA,NA,NA,NA,NA,NA,NA,10.44,NA,NA,NA,NA,0,",ra"
1865-05-17,NA,NA,NA,NA,NA,NA,9.78,NA,NA,NA,9.06,10.56,NA,NA,NA
1865-05-17 07:00:00,NA,NA,11.55,NA,NA,91.2,NA,9.89,NA,10.56,NA,NA,14.33,NA,NA
1865-05-17 09:00:00,10.22,135,NA,1016.97,8.89,NA,NA,NA,9.17,NA,NA,NA,NA,8.84,NA
1865-05-17 14:00:00,15.22,NA,10.5,1017.2,NA,61.6,NA,11,NA,15.11,NA,NA,NA,NA,NA
1865-05-17 15:00:00,NA,225,NA,NA,NA,NA,NA,NA,7.72,NA,NA,NA,NA,12.5,",skc"
1865-05-18,NA,NA,NA,NA,NA,NA,11.78,NA,NA,NA,3.33,20.22,NA,NA,NA
1865-05-18 07:00:00,NA,NA,11.14,NA,NA,70.8,NA,11.11,NA,11.67,NA,NA,31.11,NA,NA
1865-05-18 09:00:00,13.67,135,NA,1013.75,0,NA,NA,NA,8.61,NA,NA,NA,NA,8.84,",skc"
1865-05-18 14:00:00,17.94,NA,11.31,1009.96,NA,54.1,NA,12.39,NA,18.33,NA,NA,NA,NA,NA
1865-05-18 15:00:00,NA,225,NA,NA,NA,NA,NA,NA,8.83,NA,NA,NA,NA,12.5,",skc"
1865-05-19,NA,NA,NA,NA,NA,NA,11.11,NA,NA,NA,5,17.22,NA,NA,NA
1865-05-19 07:00:00,NA,NA,10.33,NA,NA,89.4,NA,8.39,NA,9.17,NA,NA,31.33,NA,NA
1865-05-19 09:00:00,8.56,90,NA,1010.09,0,NA,NA,NA,7.5,NA,NA,NA,NA,8.84,NA
1865-05-19 14:00:00,10.56,NA,9.92,1013.24,NA,76.5,NA,8.89,NA,10.89,NA,NA,NA,NA,NA
1865-05-19 15:00:00,NA,90,NA,NA,NA,NA,NA,NA,6.89,NA,NA,NA,NA,8.84,NA
1865-05-20,NA,NA,NA,NA,NA,NA,7.83,NA,NA,NA,4.89,10.83,NA,NA,NA
1865-05-20 07:00:00,NA,NA,8.13,NA,NA,71.6,NA,6.67,NA,8.89,NA,NA,15.83,NA,NA
1865-05-20 09:00:00,8.44,90,NA,1017.07,0,NA,NA,NA,4,NA,NA,NA,NA,15.3,NA
1865-05-20 14:00:00,11.56,NA,8.47,1017.51,NA,61.9,NA,8.33,NA,11.72,NA,NA,NA,NA,NA
1865-05-20 15:00:00,NA,225,NA,NA,NA,NA,NA,NA,4.61,NA,NA,NA,NA,8.84,",skc"
1865-05-21,NA,NA,NA,NA,NA,NA,9.28,NA,NA,NA,7.28,11.33,NA,NA,NA
1865-05-21 07:00:00,NA,NA,10.29,NA,NA,77.2,NA,9.39,NA,11.33,NA,NA,30.44,NA,NA
1865-05-21 09:00:00,10.83,NA,NA,1017.98,0.76,NA,NA,NA,7.44,NA,NA,NA,NA,0,NA
1865-05-21 14:00:00,14.33,NA,9.55,1017,NA,57.3,NA,10.06,NA,14.72,NA,NA,NA,NA,NA
1865-05-21 15:00:00,NA,NA,NA,NA,NA,NA,NA,NA,5.78,NA,NA,NA,NA,0,NA
1865-05-22,NA,NA,NA,NA,NA,NA,11.22,NA,NA,NA,8.33,15.33,NA,NA,NA
1865-05-22 07:00:00,NA,NA,10.84,NA,NA,88.4,NA,9.17,NA,10.06,NA,NA,35.83,NA,NA
1865-05-22 09:00:00,9.67,135,NA,1015.24,1.02,NA,NA,NA,8.22,NA,NA,NA,NA,12.5,",skc"
1865-05-22 14:00:00,15.72,NA,10.73,1016.09,NA,59.1,NA,11.61,NA,16.11,NA,NA,NA,NA,NA
1865-05-22 15:00:00,NA,135,NA,NA,NA,NA,NA,NA,8.06,NA,NA,NA,NA,12.5,",skc"
1865-05-23,NA,NA,NA,NA,NA,NA,12.5,NA,NA,NA,8.89,16.11,NA,NA,NA
1865-05-23 07:00:00,NA,NA,9.82,NA,NA,69.4,NA,9.5,NA,12.22,NA,NA,27.5,NA,NA
1865-05-23 09:00:00,11.83,NA,NA,1012.43,0,NA,NA,NA,6.78,NA,NA,NA,NA,0,",ovc"
1865-05-23 14:00:00,13.61,NA,9.79,1010.5,NA,62.2,NA,10.11,NA,13.89,NA,NA,NA,NA,NA
1865-05-23 15:00:00,NA,NA,NA,NA,NA,NA,NA,NA,6.72,NA,NA,NA,NA,0,",skc"
1865-05-24,NA,NA,NA,NA,NA,NA,11.39,NA,NA,NA,7.78,3.89,NA,NA,NA
1865-05-24 07:00:00,NA,NA,11.31,NA,NA,93,NA,9.22,NA,9.56,NA,NA,26.39,NA,NA
1865-05-24 09:00:00,9,45,NA,1016.19,7.11,NA,NA,NA,8.83,NA,NA,NA,NA,8.84,NA
1865-05-24 14:00:00,11.44,NA,11.34,1013.14,NA,88.7,NA,10.5,NA,12.11,NA,NA,NA,NA,NA
1865-05-24 15:00:00,NA,135,NA,NA,NA,NA,NA,NA,8.89,NA,NA,NA,NA,8.84,NA
1865-05-25,NA,NA,NA,NA,NA,NA,9.28,NA,NA,NA,7.22,11.39,NA,NA,NA
1865-05-25 07:00:00,NA,NA,9.79,NA,NA,84.8,NA,8.06,NA,9.17,NA,NA,13.33,NA,NA
1865-05-25 09:00:00,8.78,90,NA,1016.7,4.32,NA,NA,NA,6.72,NA,NA,NA,NA,12.5,",ovc"
1865-05-25 14:00:00,9.39,NA,10.97,1011.41,NA,89.8,NA,9.22,NA,10,NA,NA,NA,NA,NA
1865-05-25 15:00:00,NA,45,NA,NA,NA,NA,NA,NA,8.39,NA,NA,NA,NA,12.5,",ra"
1865-05-26,NA,NA,NA,NA,NA,NA,9.28,NA,NA,NA,7.44,11.11,NA,NA,NA
1865-05-26 07:00:00,NA,NA,10.06,NA,NA,80.5,NA,8.78,NA,10.33,NA,NA,18.78,NA,NA
1865-05-26 09:00:00,10.22,90,NA,1019.4,5.59,NA,NA,NA,9.33,NA,NA,NA,NA,8.84,",ra"
1865-05-26 14:00:00,12.78,NA,8.5,1019.17,NA,57.6,NA,8.78,NA,12.89,NA,NA,NA,NA,NA
1865-05-26 15:00:00,NA,45,NA,NA,NA,NA,NA,NA,4.67,NA,NA,NA,NA,12.5,NA
1865-05-27,NA,NA,NA,NA,NA,NA,10.67,NA,NA,NA,8.06,13.33,NA,NA,NA
1865-05-27 07:00:00,NA,NA,10.7,NA,NA,71.2,NA,11,NA,13.17,NA,NA,28.22,NA,NA
1865-05-27 09:00:00,13.44,135,NA,1013.38,1.78,NA,NA,NA,8,NA,NA,NA,NA,15.3,",skc"
1865-05-27 14:00:00,13.61,NA,8.23,1014.63,NA,51.3,NA,8.89,NA,14.17,NA,NA,NA,NA,NA
1865-05-27 15:00:00,NA,225,NA,NA,NA,NA,NA,NA,4.17,NA,NA,NA,NA,15.3,",skc"
1865-05-28,NA,NA,NA,NA,NA,NA,10.89,NA,NA,NA,7.11,14.72,NA,NA,NA
1865-05-28 07:00:00,NA,NA,7.75,NA,NA,54,NA,7.89,NA,12.44,NA,NA,27.33,NA,NA
1865-05-28 09:00:00,12.11,90,NA,1017.24,0,NA,NA,NA,3.33,NA,NA,NA,NA,15.3,",skc"
1865-05-28 14:00:00,17.94,NA,10.7,1014.63,NA,50.9,NA,11.33,NA,18.44,NA,NA,NA,NA,NA
1865-05-28 15:00:00,NA,135,NA,NA,NA,NA,NA,NA,8,NA,NA,NA,NA,8.84,",skc"
1865-05-29,NA,NA,NA,NA,NA,NA,13.83,NA,NA,NA,9.72,18,NA,NA,NA
1865-05-29 07:00:00,NA,NA,11.65,NA,NA,84.5,NA,10.56,NA,11.78,NA,NA,31.67,NA,NA
1865-05-29 09:00:00,11.28,90,NA,1013.99,1.27,NA,NA,NA,9.28,NA,NA,NA,NA,17.67,NA
1865-05-29 14:00:00,15.28,NA,10.57,1017.24,NA,60.9,NA,11.17,NA,15.39,NA,NA,NA,NA,NA
1865-05-29 15:00:00,NA,225,NA,NA,NA,NA,NA,NA,7.83,NA,NA,NA,NA,12.5,NA
1865-05-30,NA,NA,NA,NA,NA,NA,11.44,NA,NA,NA,7.61,15.33,NA,NA,NA
1865-05-30 07:00:00,NA,NA,10.46,NA,NA,76.7,NA,9.67,NA,11.67,NA,NA,27.5,NA,NA
1865-05-30 09:00:00,11.33,180,NA,1022.89,2.29,NA,NA,NA,7.67,NA,NA,NA,NA,8.84,",skc"
1865-05-30 14:00:00,12.89,NA,8.87,1023.87,NA,51.5,NA,9.72,NA,15.28,NA,NA,NA,NA,NA
1865-05-30 15:00:00,NA,225,NA,NA,NA,NA,NA,NA,5.28,NA,NA,NA,NA,17.67,",skc"
1865-05-31,NA,NA,NA,NA,NA,NA,11,NA,NA,NA,5.28,16.78,NA,NA,NA
1865-05-31 07:00:00,NA,NA,10.06,NA,NA,66.6,NA,10,NA,13.22,NA,NA,30.56,NA,NA
1865-05-31 09:00:00,11.67,NA,NA,1022.22,0,NA,NA,NA,7.11,NA,NA,NA,NA,0,",skc"
1865-05-31 14:00:00,16.67,NA,9.45,1020.59,NA,50,NA,10.5,NA,16.72,NA,NA,NA,NA,NA
1865-05-31 15:00:00,NA,135,NA,NA,NA,NA,NA,NA,6.17,NA,NA,NA,NA,8.84,",skc"
1865-06-01,NA,NA,NA,NA,NA,NA,NA,NA,NA,NA,4.39,16.11,NA,NA,NA
1865-06-01 07:00:00,NA,NA,10.73,NA,NA,63.7,NA,11.11,NA,14.94,NA,NA,33.11,NA,NA
1865-06-01 09:00:00,14.72,225,NA,1021.2,0,NA,NA,NA,8.06,NA,NA,NA,NA,12.5,",skc"
1865-06-01 14:00:00,16.28,NA,10.13,1019.34,NA,53.8,NA,11.11,NA,16.67,NA,NA,NA,NA,NA
1865-06-01 15:00:00,NA,225,NA,NA,NA,NA,NA,NA,7.22,NA,NA,NA,NA,12.5,",skc"
1865-06-02,NA,NA,NA,NA,NA,NA,NA,NA,NA,NA,3.89,16.39,NA,NA,NA
1865-06-02 07:00:00,NA,NA,11.58,NA,NA,69.4,NA,11.11,NA,14.78,NA,NA,28.94,NA,NA
1865-06-02 09:00:00,14.22,135,NA,1017.17,0,NA,NA,NA,9.22,NA,NA,NA,NA,12.5,",skc"
1865-06-02 14:00:00,17.11,NA,9.89,1014.93,NA,50.7,NA,11.11,NA,17.22,NA,NA,NA,NA,NA
1865-06-02 15:00:00,NA,225,NA,NA,NA,NA,NA,NA,6.83,NA,NA,NA,NA,8.84,",skc"
1865-06-03,NA,NA,NA,NA,NA,NA,NA,NA,NA,NA,7.22,16.78,NA,NA,NA
1865-06-03 07:00:00,NA,NA,11.18,NA,NA,78.9,NA,10.44,NA,12.22,NA,NA,29.72,NA,NA
1865-06-03 09:00:00,11.94,NA,NA,1014.77,0,NA,NA,NA,8.67,NA,NA,NA,NA,0,NA
1865-06-03 14:00:00,13.89,NA,10.09,1015.82,NA,62.2,NA,10.56,NA,14.33,NA,NA,NA,NA,NA
1865-06-03 15:00:00,NA,NA,NA,NA,NA,NA,NA,NA,7.17,NA,NA,NA,NA,0,",ovc"
1865-06-04,NA,NA,NA,NA,NA,NA,NA,NA,NA,NA,9.33,13.72,NA,NA,NA
1865-06-04 07:00:00,NA,NA,8.91,NA,NA,63.4,NA,8.72,NA,12.11,NA,NA,22.22,NA,NA
1865-06-04 09:00:00,11.61,90,NA,1021.71,0,NA,NA,NA,5.33,NA,NA,NA,NA,8.84,NA
1865-06-04 14:00:00,16,NA,10.09,1023.87,NA,55.2,NA,11.17,NA,16.22,NA,NA,NA,NA,NA
1865-06-04 15:00:00,NA,135,NA,NA,NA,NA,NA,NA,7.17,NA,NA,NA,NA,15.3,",skc"
1865-06-05,NA,NA,NA,NA,NA,NA,NA,NA,NA,NA,8.78,16.67,NA,NA,NA
1865-06-05 07:00:00,NA,NA,11.89,NA,NA,96.2,NA,9.89,NA,10.17,NA,NA,31.67,NA,NA
1865-06-05 09:00:00,9.72,135,NA,1024.99,4.32,NA,NA,NA,9.61,NA,NA,NA,NA,8.84,",ra"
1865-06-05 14:00:00,12.67,NA,13.48,1025.8,NA,90.2,NA,12.22,NA,13.06,NA,NA,NA,NA,NA
1865-06-05 15:00:00,NA,NA,NA,NA,NA,NA,NA,NA,11.5,NA,NA,NA,NA,0,",skc"
1865-06-06,NA,NA,NA,NA,NA,NA,NA,NA,NA,NA,9.56,14.78,NA,NA,NA
1865-06-06 07:00:00,NA,NA,13.27,NA,NA,75.7,NA,13.17,NA,15.56,NA,NA,29.89,NA,NA
1865-06-06 09:00:00,15.39,NA,NA,1026.14,2.54,NA,NA,NA,11.28,NA,NA,NA,NA,0,",skc"
1865-06-06 14:00:00,19.44,NA,13.85,1024.65,NA,88,NA,14.72,NA,19.44,NA,NA,NA,NA,NA
1865-06-06 15:00:00,NA,NA,NA,NA,NA,NA,NA,NA,11.89,NA,NA,NA,NA,0,",skc"
1865-06-07,NA,NA,NA,NA,NA,NA,NA,NA,NA,NA,7.67,20.28,NA,NA,NA
1865-06-07 07:00:00,NA,NA,14.6,NA,NA,66.3,NA,15.11,NA,19.17,NA,NA,35.44,NA,NA
1865-06-07 09:00:00,18.89,225,NA,1023.4,0,NA,NA,NA,12.72,NA,NA,NA,NA,8.84,",skc"
1865-06-07 14:00:00,23.33,NA,15.1,1020.29,NA,52.3,NA,16.67,NA,23.61,NA,NA,NA,NA,NA
1865-06-07 15:00:00,NA,180,NA,NA,NA,NA,NA,NA,13.22,NA,NA,NA,NA,12.5,",skc"
1865-06-08,NA,NA,NA,NA,NA,NA,NA,NA,NA,NA,8.89,23.06,NA,NA,NA
1865-06-08 07:00:00,NA,NA,14.83,NA,NA,61,NA,15.56,NA,20.78,NA,NA,32.89,NA,NA
1865-06-08 09:00:00,20.56,180,NA,1018.96,0,NA,NA,NA,12.94,NA,NA,NA,NA,8.84,",skc"
1865-06-08 14:00:00,20.33,NA,15.98,1014.97,NA,64.8,NA,16.39,NA,21,NA,NA,NA,NA,NA
1865-06-08 15:00:00,NA,225,NA,NA,NA,NA,NA,NA,14.11,NA,NA,NA,NA,8.84,",skc"
1865-06-09,NA,NA,NA,NA,NA,NA,NA,NA,NA,NA,12.56,23.06,NA,NA,NA
1865-06-09 07:00:00,NA,NA,14.22,NA,NA,70,NA,14.61,NA,17.89,NA,NA,34.89,NA,NA
1865-06-09 09:00:00,17.22,NA,NA,1018.32,0,NA,NA,NA,12.33,NA,NA,NA,NA,0,",skc"
1865-06-09 14:00:00,15.28,NA,14.43,1015.65,NA,82.4,NA,13.89,NA,15.56,NA,NA,NA,NA,NA
1865-06-09 15:00:00,NA,NA,NA,NA,NA,NA,NA,NA,12.56,NA,NA,NA,NA,0,",ra"
1865-06-10,NA,NA,NA,NA,NA,NA,NA,NA,NA,NA,9.33,20,NA,NA,NA
1865-06-10 07:00:00,NA,NA,11.85,NA,NA,81.6,NA,11.11,NA,12.67,NA,NA,35.28,NA,NA
1865-06-10 09:00:00,12.22,90,NA,1021.33,1.02,NA,NA,NA,9.56,NA,NA,NA,NA,8.84,NA
1865-06-10 14:00:00,18.83,NA,13.17,1018.29,NA,61,NA,14.06,NA,18.89,NA,NA,NA,NA,NA
1865-06-10 15:00:00,NA,NA,NA,NA,NA,NA,NA,NA,11.17,NA,NA,NA,NA,0,",skc"
1865-06-11,NA,NA,NA,NA,NA,NA,NA,NA,NA,NA,8.72,20.06,NA,NA,NA
1865-06-11 07:00:00,NA,NA,11.75,NA,NA,80.2,NA,11.11,NA,12.78,NA,NA,36.11,NA,NA
1865-06-11 09:00:00,12.11,90,NA,1012.6,0,NA,NA,NA,9.44,NA,NA,NA,NA,15.3,NA
1865-06-11 14:00:00,14.17,NA,13.61,1014.43,NA,82.5,NA,13.44,NA,14.44,NA,NA,NA,NA,NA
1865-06-11 15:00:00,NA,NA,NA,NA,NA,NA,NA,NA,11.67,NA,NA,NA,NA,0,",sh"
1865-06-12,NA,NA,NA,NA,NA,NA,NA,NA,NA,NA,8.61,16.83,NA,NA,NA
1865-06-12 07:00:00,NA,NA,9.75,NA,NA,71.6,NA,9.17,NA,11.11,NA,NA,31.94,NA,NA
1865-06-12 09:00:00,11.22,135,NA,1017.1,0.51,NA,NA,NA,6.67,NA,NA,NA,NA,8.84,NA
1865-06-12 14:00:00,13.44,NA,10.36,1017.81,NA,65.8,NA,10.56,NA,13.89,NA,NA,NA,NA,NA
1865-06-12 15:00:00,NA,270,NA,NA,NA,NA,NA,NA,7.56,NA,NA,NA,NA,8.84,",skc"
1865-06-13,NA,NA,NA,NA,NA,NA,NA,NA,NA,NA,7.78,16.83,NA,NA,NA
1865-06-13 07:00:00,NA,NA,11.31,NA,NA,72.7,NA,11.06,NA,13.5,NA,NA,26.83,NA,NA
1865-06-13 09:00:00,13.89,180,NA,1023.5,0,NA,NA,NA,8.89,NA,NA,NA,NA,17.67,",skc"
1865-06-13 14:00:00,16.67,NA,10.73,1023.23,NA,57.3,NA,11.61,NA,16.61,NA,NA,NA,NA,NA
1865-06-13 15:00:00,NA,225,NA,NA,NA,NA,NA,NA,8.11,NA,NA,NA,NA,15.3,",skc"
1865-06-14,NA,NA,NA,NA,NA,NA,NA,NA,NA,NA,9.61,16.39,NA,NA,NA
1865-06-14 07:00:00,NA,NA,10.87,NA,NA,84.9,NA,9.56,NA,10.72,NA,NA,27.5,NA,NA
1865-06-14 09:00:00,10.44,NA,NA,1015,2.54,NA,NA,NA,8.28,NA,NA,NA,NA,0,NA
1865-06-14 14:00:00,10.56,NA,11.72,1011.48,NA,83.2,NA,10.22,NA,11.06,NA,NA,NA,NA,NA
1865-06-14 15:00:00,NA,135,NA,NA,NA,NA,NA,NA,9.39,NA,NA,NA,NA,12.5,",ra"
1865-06-15,NA,NA,NA,NA,NA,NA,NA,NA,NA,NA,8.61,11.39,NA,NA,NA
1865-06-15 07:00:00,NA,NA,10.97,NA,NA,92.3,NA,9.5,NA,10.06,NA,NA,21.56,NA,NA
1865-06-15 09:00:00,9.39,90,NA,1004.81,15.75,NA,NA,NA,8.89,NA,NA,NA,NA,15.3,",ra"
1865-06-15 14:00:00,12.67,NA,11.92,1006.33,NA,78.6,NA,11.39,NA,13.33,NA,NA,NA,NA,NA
1865-06-15 15:00:00,NA,NA,NA,NA,NA,NA,NA,NA,9.67,NA,NA,NA,NA,0,",skc"
1865-06-16,NA,NA,NA,NA,NA,NA,NA,NA,NA,NA,8.33,14.72,NA,NA,NA
1865-06-16 07:00:00,NA,NA,11.58,NA,NA,96.3,NA,9.5,NA,9.78,NA,NA,27.33,NA,NA
1865-06-16 09:00:00,14.72,180,NA,1016.32,6.1,NA,NA,NA,9.22,NA,NA,NA,NA,8.84,",ra"
1865-06-16 14:00:00,14.06,NA,11.21,1016.56,NA,68.4,NA,11.44,NA,14.5,NA,NA,NA,NA,NA
1865-06-16 15:00:00,NA,180,NA,NA,NA,NA,NA,NA,8.72,NA,NA,NA,NA,8.84,",ovc"
1865-06-17,NA,NA,NA,NA,NA,NA,NA,NA,NA,NA,8.61,14,NA,NA,NA
1865-06-17 07:00:00,NA,NA,9.79,NA,NA,72.1,NA,9.17,NA,11.61,NA,NA,26.56,NA,NA
1865-06-17 09:00:00,11.11,180,NA,1022.93,0.25,NA,NA,NA,6.72,NA,NA,NA,NA,8.84,NA
1865-06-17 14:00:00,15.72,NA,10.57,1023.64,NA,59.2,NA,11.39,NA,15.83,NA,NA,NA,NA,NA
1865-06-17 15:00:00,NA,180,NA,NA,NA,NA,NA,NA,7.83,NA,NA,NA,NA,8.84,",skc"
1865-06-18,NA,NA,NA,NA,NA,NA,NA,NA,NA,NA,5.44,15.56,NA,NA,NA
1865-06-18 07:00:00,NA,NA,10.29,NA,NA,68.9,NA,10.22,NA,13,NA,NA,29.61,NA,NA
1865-06-18 09:00:00,12,NA,NA,1024.59,0,NA,NA,NA,7.44,NA,NA,NA,NA,0,NA
1865-06-18 14:00:00,17.78,NA,13.58,1024.31,NA,65,NA,14.11,NA,18.33,NA,NA,NA,NA,NA
1865-06-18 15:00:00,NA,180,NA,NA,NA,NA,NA,NA,11.61,NA,NA,NA,NA,12.5,",skc"
1865-06-19,NA,NA,NA,NA,NA,NA,NA,NA,NA,NA,10.83,18.89,NA,NA,NA
1865-06-19 07:00:00,NA,NA,15.2,NA,NA,68.2,NA,15.56,NA,19.33,NA,NA,31.83,NA,NA
1865-06-19 09:00:00,18.78,180,NA,1021.06,0,NA,NA,NA,13.33,NA,NA,NA,NA,8.84,",skc"
1865-06-19 14:00:00,23,NA,17.91,1019.24,NA,63.8,NA,18.33,NA,23.22,NA,NA,NA,NA,NA
1865-06-19 15:00:00,NA,180,NA,NA,NA,NA,NA,NA,15.89,NA,NA,NA,NA,8.84,",skc"
1865-06-20,NA,NA,NA,NA,NA,NA,NA,NA,NA,NA,11.5,23.33,NA,NA,NA
1865-06-20 07:00:00,NA,NA,18.29,NA,NA,77.6,NA,17,NA,20.28,NA,NA,36.94,NA,NA
1865-06-20 09:00:00,20,225,NA,1013.14,0,NA,NA,NA,16.22,NA,NA,NA,NA,8.84,",skc"
1865-06-20 14:00:00,16.11,NA,16.93,1012.12,NA,91.6,NA,15.56,NA,16.39,NA,NA,NA,NA,NA
1865-06-20 15:00:00,NA,225,NA,NA,NA,NA,NA,NA,15,NA,NA,NA,NA,12.5,",skc"
1865-06-21,NA,NA,NA,NA,NA,NA,NA,NA,NA,NA,9.17,20.83,NA,NA,NA
1865-06-21 07:00:00,NA,NA,11.31,NA,NA,83.9,NA,10.17,NA,11.5,NA,NA,31.78,NA,NA
1865-06-21 09:00:00,11.11,180,NA,1018.9,11.68,NA,NA,NA,8.83,NA,NA,NA,NA,12.5,",sh"
1865-06-21 14:00:00,14.78,NA,11.51,1020.45,NA,67.2,NA,11.78,NA,15.17,NA,NA,NA,NA,NA
1865-06-21 15:00:00,NA,NA,NA,NA,NA,NA,NA,NA,9.11,NA,NA,NA,NA,0,",skc"
1865-06-22,NA,NA,NA,NA,NA,NA,NA,NA,NA,NA,8.33,18.61,NA,NA,NA
1865-06-22 07:00:00,NA,NA,11.62,NA,NA,83.3,NA,10.83,NA,12.22,NA,NA,35.56,NA,NA
1865-06-22 09:00:00,11.89,NA,NA,1025.03,0.51,NA,NA,NA,9.44,NA,NA,NA,NA,0,",skc"
1865-06-22 14:00:00,15.56,NA,10.87,1024.69,NA,60.5,NA,11.67,NA,15.94,NA,NA,NA,NA,NA
1865-06-22 15:00:00,NA,NA,NA,NA,NA,NA,NA,NA,8.28,NA,NA,NA,NA,0,",skc"
1865-06-23,NA,NA,NA,NA,NA,NA,NA,NA,NA,NA,5.78,18.44,NA,NA,NA
1865-06-23 07:00:00,NA,NA,13.27,NA,NA,70.9,NA,13.44,NA,16.61,NA,NA,36.39,NA,NA
1865-06-23 09:00:00,16.39,135,NA,1024.42,1.02,NA,NA,NA,11.28,NA,NA,NA,NA,12.5,",skc"
1865-06-23 14:00:00,19.72,NA,15.07,1023.5,NA,63.9,NA,15.56,NA,20.28,NA,NA,NA,NA,NA
1865-06-23 15:00:00,NA,135,NA,NA,NA,NA,NA,NA,13.22,NA,NA,NA,NA,8.84,",skc"
1865-06-24,NA,NA,NA,NA,NA,NA,NA,NA,NA,NA,9.33,20.28,NA,NA,NA
1865-06-24 07:00:00,NA,NA,14.09,NA,NA,72.6,NA,14.44,NA,16.94,NA,NA,30.56,NA,NA
1865-06-24 09:00:00,16.39,180,NA,1022.28,0,NA,NA,NA,12.72,NA,NA,NA,NA,8.84,",skc"
1865-06-24 14:00:00,16.94,NA,15.31,1021.98,NA,72.7,NA,15.11,NA,18.11,NA,NA,NA,NA,NA
1865-06-24 15:00:00,NA,NA,NA,NA,NA,NA,NA,NA,13.44,NA,NA,NA,NA,0,NA
1865-06-25,NA,NA,NA,NA,NA,NA,NA,NA,NA,NA,10.17,18.67,NA,NA,NA
1865-06-25 07:00:00,NA,NA,12.43,NA,NA,64.4,NA,14.67,NA,17.11,NA,NA,36.33,NA,NA
1865-06-25 09:00:00,16.5,NA,NA,1021.98,0,NA,NA,NA,13,NA,NA,NA,NA,0,",skc"
1865-06-25 14:00:00,20.56,NA,16.02,1020.73,NA,65.7,NA,16.39,NA,20.83,NA,NA,NA,NA,NA
1865-06-25 15:00:00,NA,270,NA,NA,NA,NA,NA,NA,14.17,NA,NA,NA,NA,15.3,",skc"
1865-06-26,NA,NA,NA,NA,NA,NA,NA,NA,NA,NA,9.11,20.83,NA,NA,NA
1865-06-26 07:00:00,NA,NA,15.31,NA,NA,75.1,NA,15.17,NA,18.06,NA,NA,37.5,NA,NA
1865-06-26 09:00:00,17.5,NA,NA,1020.01,0,NA,NA,NA,13.44,NA,NA,NA,NA,0,",skc"
1865-06-26 14:00:00,20.56,NA,15.61,1017.64,NA,63,NA,16.22,NA,21.11,NA,NA,NA,NA,NA
1865-06-26 15:00:00,NA,225,NA,NA,NA,NA,NA,NA,13.78,NA,NA,NA,NA,12.5,",skc"
1865-06-27,NA,NA,NA,NA,NA,NA,NA,NA,NA,NA,9.22,21.11,NA,NA,NA
1865-06-27 07:00:00,NA,NA,15.51,NA,NA,89.1,NA,14.44,NA,15.44,NA,NA,33.89,NA,NA
1865-06-27 09:00:00,14.94,NA,NA,1019.34,0,NA,NA,NA,13.67,NA,NA,NA,NA,0,",ovc"
1865-06-27 14:00:00,18.83,NA,14.9,1020.89,NA,68.4,NA,15.28,NA,19,NA,NA,NA,NA,NA
1865-06-27 15:00:00,NA,135,NA,NA,NA,NA,NA,NA,13.06,NA,NA,NA,NA,12.5,",skc"
1865-06-28,NA,NA,NA,NA,NA,NA,NA,NA,NA,NA,10,18.89,NA,NA,NA
1865-06-28 07:00:00,NA,NA,14.12,NA,NA,69.5,NA,14.56,NA,17.89,NA,NA,35.78,NA,NA
1865-06-28 09:00:00,18.33,180,NA,1021.61,0,NA,NA,NA,12.22,NA,NA,NA,NA,12.5,",skc"
1865-06-28 14:00:00,21.22,NA,17.3,1021.23,NA,69.2,NA,16.94,NA,21.44,NA,NA,NA,NA,NA
1865-06-28 15:00:00,NA,180,NA,NA,NA,NA,NA,NA,15.56,NA,NA,NA,NA,12.5,",skc"
1865-06-29,NA,NA,NA,NA,NA,NA,NA,NA,NA,NA,9.72,20.78,NA,NA,NA
1865-06-29 07:00:00,NA,NA,15.58,NA,NA,72.3,NA,15.61,NA,18.83,NA,NA,39.17,NA,NA
1865-06-29 09:00:00,18.61,NA,NA,1022.25,0,NA,NA,NA,13.72,NA,NA,NA,NA,0,",skc"
1865-06-29 14:00:00,21.28,NA,14.39,1022.45,NA,57,NA,15.61,NA,18.83,NA,NA,NA,NA,NA
1865-06-29 15:00:00,NA,180,NA,NA,NA,NA,NA,NA,12.5,NA,NA,NA,NA,8.84,",skc"
1865-06-30,NA,NA,NA,NA,NA,NA,NA,NA,NA,NA,9.56,21.11,NA,NA,NA
1865-06-30 07:00:00,NA,NA,15.98,NA,NA,65.8,NA,16.67,NA,21.11,NA,NA,39.33,NA,NA
1865-06-30 09:00:00,20.5,NA,NA,1022.32,0,NA,NA,NA,14.44,NA,NA,NA,NA,0,",skc"
1865-06-30 14:00:00,25,NA,13.99,1020.32,NA,44.3,NA,16.39,NA,25.11,NA,NA,NA,NA,NA
1865-06-30 15:00:00,NA,225,NA,NA,NA,NA,NA,NA,11.5,NA,NA,NA,NA,15.3,",skc"
1865-07-01,NA,NA,NA,NA,NA,NA,NA,NA,NA,NA,10.56,25,NA,NA,NA
1865-07-01 07:00:00,NA,NA,15.37,NA,NA,69.4,NA,15.67,NA,19.28,NA,NA,39.17,NA,NA
1865-07-01 09:00:00,19.11,180,NA,1020.01,0,NA,NA,NA,13.5,NA,NA,NA,NA,12.5,",skc"
1865-07-01 14:00:00,20.33,NA,16.8,1019.57,NA,70.1,NA,16.78,NA,20.56,NA,NA,NA,NA,NA
1865-07-01 15:00:00,NA,225,NA,NA,NA,NA,NA,NA,14.89,NA,NA,NA,NA,15.3,",skc"
1865-07-02,NA,NA,NA,NA,NA,NA,NA,NA,NA,NA,8.06,21.11,NA,NA,NA
1865-07-02 07:00:00,NA,NA,13.27,NA,NA,66.2,NA,13.89,NA,17.5,NA,NA,40.44,NA,NA
1865-07-02 09:00:00,17.33,180,NA,1021.91,0,NA,NA,NA,11.28,NA,NA,NA,NA,8.84,",skc"
1865-07-02 14:00:00,19.39,NA,11.82,1021.23,NA,52.6,NA,13.22,NA,19.5,NA,NA,NA,NA,NA
1865-07-02 15:00:00,NA,225,NA,NA,NA,NA,NA,NA,9.5,NA,NA,NA,NA,15.3,",skc"
1865-07-03,NA,NA,NA,NA,NA,NA,NA,NA,NA,NA,4.44,20.56,NA,NA,NA
1865-07-03 07:00:00,NA,NA,11.65,NA,NA,67.6,NA,11.94,NA,15.28,NA,NA,39.17,NA,NA
1865-07-03 09:00:00,14.33,NA,NA,1018.39,0,NA,NA,NA,9.28,NA,NA,NA,NA,0,",skc"
1865-07-03 14:00:00,18.06,NA,12.39,1019.1,NA,59.7,NA,13.22,NA,18.22,NA,NA,NA,NA,NA
1865-07-03 15:00:00,NA,135,NA,NA,NA,NA,NA,NA,10.22,NA,NA,NA,NA,12.5,",skc"
1865-07-04,NA,NA,NA,NA,NA,NA,NA,NA,NA,NA,7.39,17.78,NA,NA,NA
1865-07-04 07:00:00,NA,NA,12.87,NA,NA,62.9,NA,13.61,NA,17.17,NA,NA,40,NA,NA
1865-07-04 09:00:00,17.44,NA,NA,1018.42,0,NA,NA,NA,10.78,NA,NA,NA,NA,0,",skc"
1865-07-04 14:00:00,16.94,NA,13.99,1019.4,NA,69.3,NA,14.39,NA,17.78,NA,NA,NA,NA,NA
1865-07-04 15:00:00,NA,NA,NA,NA,NA,NA,NA,NA,12.06,NA,NA,NA,NA,0,",missing"
1865-07-05,NA,NA,NA,NA,NA,NA,NA,NA,NA,NA,9.28,21.67,NA,NA,NA
1865-07-05 07:00:00,NA,NA,14.83,NA,NA,69.7,NA,15,NA,18.61,NA,NA,42.22,NA,NA
1865-07-05 09:00:00,18.44,180,NA,1018.69,0,NA,NA,NA,12.94,NA,NA,NA,NA,15.3,",skc"
1865-07-05 14:00:00,21.94,NA,15.2,1018.32,NA,59.2,NA,16.11,NA,22.11,NA,NA,NA,NA,NA
1865-07-05 15:00:00,NA,180,NA,NA,NA,NA,NA,NA,13.33,NA,NA,NA,NA,15.3,",skc"
1865-07-06,NA,NA,NA,NA,NA,NA,NA,NA,NA,NA,9.22,21.67,NA,NA,NA
1865-07-06 07:00:00,NA,NA,14.36,NA,NA,65.2,NA,14.94,NA,19.17,NA,NA,36.11,NA,NA
1865-07-06 09:00:00,19.39,225,NA,1017.17,0,NA,NA,NA,12.44,NA,NA,NA,NA,15.3,",skc"
1865-07-06 14:00:00,22.22,NA,16.05,1019.37,NA,57.7,NA,17.11,NA,23,NA,NA,NA,NA,NA
1865-07-06 15:00:00,NA,225,NA,NA,NA,NA,NA,NA,14.17,NA,NA,NA,NA,12.5,",skc"
1865-07-07,NA,NA,NA,NA,NA,NA,NA,NA,NA,NA,10.89,22.28,NA,NA,NA
1865-07-07 07:00:00,NA,NA,16.49,NA,NA,78.9,NA,16,NA,18.33,NA,NA,35.28,NA,NA
1865-07-07 09:00:00,18.22,180,NA,1018.08,0,NA,NA,NA,14.61,NA,NA,NA,NA,8.84,",skc"
1865-07-07 14:00:00,18.33,NA,16.22,1018.08,NA,75.6,NA,16,NA,18.78,NA,NA,NA,NA,NA
1865-07-07 15:00:00,NA,180,NA,NA,NA,NA,NA,NA,14.33,NA,NA,NA,NA,8.84,NA
1865-07-08,NA,NA,NA,NA,NA,NA,NA,NA,NA,NA,12.28,19.44,NA,NA,NA
1865-07-08 07:00:00,NA,NA,14.39,NA,NA,72.5,NA,14,NA,17.5,NA,NA,35.11,NA,NA
1865-07-08 09:00:00,16.61,180,NA,1020.79,0,NA,NA,NA,12.5,NA,NA,NA,NA,8.84,",skc"
1865-07-08 14:00:00,17.5,NA,13.34,1021.06,NA,65.9,NA,14,NA,17.83,NA,NA,NA,NA,NA
1865-07-08 15:00:00,NA,225,NA,NA,NA,NA,NA,NA,11.33,NA,NA,NA,NA,12.5,NA
1865-07-09,NA,NA,NA,NA,NA,NA,NA,NA,NA,NA,12.06,20,NA,NA,NA
1865-07-09 07:00:00,NA,NA,15.54,NA,NA,76.5,NA,15.39,NA,17.89,NA,NA,35.89,NA,NA
1865-07-09 09:00:00,17.67,NA,NA,1019.37,0,NA,NA,NA,13.67,NA,NA,NA,NA,0,NA
1865-07-09 14:00:00,18.83,NA,17,1018.32,NA,77.8,NA,16.56,NA,19.06,NA,NA,NA,NA,NA
1865-07-09 15:00:00,NA,225,NA,NA,NA,NA,NA,NA,15.06,NA,NA,NA,NA,15.3,NA
1865-07-10,NA,NA,NA,NA,NA,NA,NA,NA,NA,NA,13.61,20.56,NA,NA,NA
1865-07-10 07:00:00,NA,NA,16.73,NA,NA,90.5,NA,15.44,NA,16.39,NA,NA,31.39,NA,NA
1865-07-10 09:00:00,15.67,NA,NA,1015.68,7.87,NA,NA,NA,14.83,NA,NA,NA,NA,0,NA
1865-07-10 14:00:00,17.78,NA,15.81,1016.49,NA,77.3,NA,15.61,NA,18,NA,NA,NA,NA,NA
1865-07-10 15:00:00,NA,NA,NA,NA,NA,NA,NA,NA,13.94,NA,NA,NA,NA,0,",skc"
1865-07-11,NA,NA,NA,NA,NA,NA,NA,NA,NA,NA,13.06,18.89,NA,NA,NA
1865-07-11 07:00:00,NA,NA,16.69,NA,NA,82.7,NA,16,NA,17.78,NA,NA,33.33,NA,NA
1865-07-11 09:00:00,18.17,NA,NA,1017.88,2.29,NA,NA,NA,14.78,NA,NA,NA,NA,0,NA
1865-07-11 14:00:00,21.06,NA,17.1,1020.73,NA,71.3,NA,16.94,NA,20.56,NA,NA,NA,NA,NA
1865-07-11 15:00:00,NA,135,NA,NA,NA,NA,NA,NA,15.17,NA,NA,NA,NA,12.5,",skc"
1865-07-12,NA,NA,NA,NA,NA,NA,NA,NA,NA,NA,14.06,21.67,NA,NA,NA
1865-07-12 07:00:00,NA,NA,19.64,NA,NA,73.5,NA,19,NA,22.33,NA,NA,34.89,NA,NA
1865-07-12 09:00:00,22.22,180,NA,1012.6,0,NA,NA,NA,17.33,NA,NA,NA,NA,12.5,",skc"
1865-07-12 14:00:00,23.61,NA,16.63,1013.61,NA,50.8,NA,18.39,NA,25.72,NA,NA,NA,NA,NA
1865-07-12 15:00:00,NA,180,NA,NA,NA,NA,NA,NA,14.72,NA,NA,NA,NA,8.84,",skc"
1865-07-13,NA,NA,NA,NA,NA,NA,NA,NA,NA,NA,13.28,23.22,NA,NA,NA
1865-07-13 07:00:00,NA,NA,17.1,NA,NA,69.2,NA,17.11,NA,21.06,NA,NA,35.11,NA,NA
1865-07-13 09:00:00,21,135,NA,1018.83,0,NA,NA,NA,15.17,NA,NA,NA,NA,15.3,",skc"
1865-07-13 14:00:00,25.67,NA,19.03,1016.49,NA,59.3,NA,19.67,NA,25.39,NA,NA,NA,NA,NA
1865-07-13 15:00:00,NA,135,NA,NA,NA,NA,NA,NA,16.83,NA,NA,NA,NA,15.3,",skc"
1865-07-14,NA,NA,NA,NA,NA,NA,NA,NA,NA,NA,10.22,25.17,NA,NA,NA
1865-07-14 07:00:00,NA,NA,18.49,NA,NA,79,NA,17.78,NA,20.17,NA,NA,35.78,NA,NA
1865-07-14 09:00:00,20,135,NA,1015.41,0,NA,NA,NA,16.39,NA,NA,NA,NA,15.3,",skc"
1865-07-14 14:00:00,22.67,NA,22.86,1015.82,NA,83.2,NA,20.78,NA,22.78,NA,NA,NA,NA,NA
1865-07-14 15:00:00,NA,225,NA,NA,NA,NA,NA,NA,19.78,NA,NA,NA,NA,15.3,",skc"
1865-07-15,NA,NA,NA,NA,NA,NA,NA,NA,NA,NA,13.33,23.33,NA,NA,NA
1865-07-15 07:00:00,NA,NA,18.96,NA,NA,66.4,NA,19,NA,23.44,NA,NA,36.56,NA,NA
1865-07-15 09:00:00,23.33,180,NA,1011.14,0,NA,NA,NA,16.78,NA,NA,NA,NA,8.84,",skc"
1865-07-15 14:00:00,26.39,NA,20.76,1008.64,NA,59,NA,21.11,NA,26.94,NA,NA,NA,NA,NA
1865-07-15 15:00:00,NA,225,NA,NA,NA,NA,NA,NA,18.22,NA,NA,NA,NA,12.5,",skc"
1865-07-16,NA,NA,NA,NA,NA,NA,NA,NA,NA,NA,14.56,26.78,NA,NA,NA
1865-07-16 07:00:00,NA,NA,16.69,NA,NA,96.5,NA,15,NA,15.33,NA,NA,39.72,NA,NA
1865-07-16 09:00:00,14.44,NA,NA,1008.47,15.75,NA,NA,NA,14.78,NA,NA,NA,NA,0,",ra"
1865-07-16 14:00:00,13.89,NA,15.92,1009.48,NA,96.1,NA,14.33,NA,14.67,NA,NA,NA,NA,NA
1865-07-16 15:00:00,NA,225,NA,NA,NA,NA,NA,NA,14.06,NA,NA,NA,NA,12.5,",ra"
1865-07-17,NA,NA,NA,NA,NA,NA,NA,NA,NA,NA,12.33,15.56,NA,NA,NA
1865-07-17 07:00:00,NA,NA,15.04,NA,NA,90.4,NA,13.83,NA,14.72,NA,NA,18.33,NA,NA
1865-07-17 09:00:00,14.11,NA,NA,1014.26,10.41,NA,NA,NA,13.17,NA,NA,NA,NA,0,NA
1865-07-17 14:00:00,17.11,NA,14.29,1021.88,NA,73.9,NA,14.33,NA,17.11,NA,NA,NA,NA,NA
1865-07-17 15:00:00,NA,180,NA,NA,NA,NA,NA,NA,12.39,NA,NA,NA,NA,12.5,",skc"
1865-07-18,NA,NA,NA,NA,NA,NA,NA,NA,NA,NA,7.89,16.89,NA,NA,NA
1865-07-18 07:00:00,NA,NA,13.38,NA,NA,76.3,NA,13.22,NA,15.56,NA,NA,31,NA,NA
1865-07-18 09:00:00,15.44,135,NA,1026.01,0,NA,NA,NA,11.39,NA,NA,NA,NA,8.84,",skc"
1865-07-18 14:00:00,19.61,NA,13.95,1026.08,NA,60.2,NA,15,NA,20,NA,NA,NA,NA,NA
1865-07-18 15:00:00,NA,180,NA,NA,NA,NA,NA,NA,12,NA,NA,NA,NA,12.5,",skc"
1865-07-19,NA,NA,NA,NA,NA,NA,NA,NA,NA,NA,8.06,16.89,NA,NA,NA
1865-07-19 07:00:00,NA,NA,15.65,NA,NA,74.6,NA,15.5,NA,18.39,NA,NA,32.78,NA,NA
1865-07-19 09:00:00,18.28,225,NA,1024.01,0,NA,NA,NA,13.78,NA,NA,NA,NA,12.5,",skc"
1865-07-19 14:00:00,22.44,NA,16.56,1025.7,NA,60.5,NA,17.33,NA,22.72,NA,NA,NA,NA,NA
1865-07-19 15:00:00,NA,225,NA,NA,NA,NA,NA,NA,14.67,NA,NA,NA,NA,12.5,",skc"
1865-07-20,NA,NA,NA,NA,NA,NA,NA,NA,NA,NA,11.89,21.89,NA,NA,NA
1865-07-20 07:00:00,NA,NA,18.29,NA,NA,68.9,NA,18.22,NA,22.22,NA,NA,33.61,NA,NA
1865-07-20 09:00:00,21.56,135,NA,1020.73,0,NA,NA,NA,16.22,NA,NA,NA,NA,8.84,",skc"
1865-07-20 14:00:00,27.5,NA,18.56,1017.95,NA,50.2,NA,20.22,NA,27.78,NA,NA,NA,NA,NA
1865-07-20 15:00:00,NA,180,NA,NA,NA,NA,NA,NA,16.44,NA,NA,NA,NA,12.5,",skc"
1865-07-21,NA,NA,NA,NA,NA,NA,NA,NA,NA,NA,14.44,26.67,NA,NA,NA
1865-07-21 07:00:00,NA,NA,20.15,NA,NA,66.1,NA,20,NA,24.5,NA,NA,37.44,NA,NA
1865-07-21 09:00:00,24.67,135,NA,1018.69,0,NA,NA,NA,17.78,NA,NA,NA,NA,8.84,",skc"
1865-07-21 14:00:00,28.61,NA,19.47,1018.49,NA,49.5,NA,21.11,NA,28.83,NA,NA,NA,NA,NA
1865-07-21 15:00:00,NA,225,NA,NA,NA,NA,NA,NA,17.28,NA,NA,NA,NA,12.5,",skc"
1865-07-22,NA,NA,NA,NA,NA,NA,NA,NA,NA,NA,14.83,27.89,NA,NA,NA
1865-07-22 07:00:00,NA,NA,20.59,NA,NA,71.1,NA,19.94,NA,23.67,NA,NA,38.22,NA,NA
1865-07-22 09:00:00,23.06,225,NA,1017.91,0,NA,NA,NA,18.11,NA,NA,NA,NA,8.84,",skc"
1865-07-22 14:00:00,28.44,NA,20.69,1016.32,NA,53.1,NA,21.67,NA,28.67,NA,NA,NA,NA,NA
1865-07-22 15:00:00,NA,180,NA,NA,NA,NA,NA,NA,18.17,NA,NA,NA,NA,12.5,",skc"
1865-07-23,NA,NA,NA,NA,NA,NA,NA,NA,NA,NA,13.89,26.94,NA,NA,NA
1865-07-23 07:00:00,NA,NA,10.6,NA,NA,65.6,NA,13.39,NA,14.28,NA,NA,37.06,NA,NA
1865-07-23 09:00:00,13.72,180,NA,1019.81,1.02,NA,NA,NA,7.89,NA,NA,NA,NA,8.84,",ra"
1865-07-23 14:00:00,16.06,NA,15.48,1019.81,NA,81.8,NA,14.89,NA,16.78,NA,NA,NA,NA,NA
1865-07-23 15:00:00,NA,135,NA,NA,NA,NA,NA,NA,13.61,NA,NA,NA,NA,8.84,",skc"
1865-07-24,NA,NA,NA,NA,NA,NA,NA,NA,NA,NA,10.28,17.5,NA,NA,NA
1865-07-24 07:00:00,NA,NA,13.48,NA,NA,79.8,NA,13.06,NA,15,NA,NA,30.17,NA,NA
1865-07-24 09:00:00,14.44,45,NA,1022.66,0,NA,NA,NA,11.5,NA,NA,NA,NA,8.84,",skc"
1865-07-24 14:00:00,18.61,NA,13.07,1023.37,NA,48.9,NA,13.89,NA,18.61,NA,NA,NA,NA,NA
1865-07-24 15:00:00,NA,225,NA,NA,NA,NA,NA,NA,11.06,NA,NA,NA,NA,15.3,",skc"
1865-07-25,NA,NA,NA,NA,NA,NA,NA,NA,NA,NA,7.39,18.78,NA,NA,NA
1865-07-25 07:00:00,NA,NA,13.95,NA,NA,71.8,NA,14.17,NA,17.22,NA,NA,34.44,NA,NA
1865-07-25 09:00:00,16.39,135,NA,1023.87,0,NA,NA,NA,12.06,NA,NA,NA,NA,8.84,",skc"
1865-07-25 14:00:00,20.11,NA,13.58,1024.48,NA,57,NA,14.56,NA,20.44,NA,NA,NA,NA,NA
1865-07-25 15:00:00,NA,225,NA,NA,NA,NA,NA,NA,11.61,NA,NA,NA,NA,8.84,",skc"
1865-07-26,NA,NA,NA,NA,NA,NA,NA,NA,NA,NA,8.22,20,NA,NA,NA
1865-07-26 07:00:00,NA,NA,14.6,NA,NA,66.5,NA,15.44,NA,20,NA,NA,32.94,NA,NA
1865-07-26 09:00:00,19.83,135,NA,1026.18,0,NA,NA,NA,12.72,NA,NA,NA,NA,12.5,",skc"
1865-07-26 14:00:00,23.22,NA,15.98,1025.26,NA,55.7,NA,17.22,NA,23.5,NA,NA,NA,NA,NA
1865-07-26 15:00:00,NA,180,NA,NA,NA,NA,NA,NA,14.11,NA,NA,NA,NA,15.3,",skc"
1865-07-27,NA,NA,NA,NA,NA,NA,NA,NA,NA,NA,8.06,23.06,NA,NA,NA
1865-07-27 07:00:00,NA,NA,16.59,NA,NA,59.5,NA,17.5,NA,23.06,NA,NA,35.83,NA,NA
1865-07-27 09:00:00,22.78,180,NA,1024.18,0,NA,NA,NA,14.72,NA,NA,NA,NA,15.3,",skc"
1865-07-27 14:00:00,28.06,NA,16.9,1021.44,NA,44.3,NA,19.44,NA,28.33,NA,NA,NA,NA,NA
1865-07-27 15:00:00,NA,180,NA,NA,NA,NA,NA,NA,15,NA,NA,NA,NA,15.3,",skc"
1865-07-28,NA,NA,NA,NA,NA,NA,NA,NA,NA,NA,13,27.22,NA,NA,NA
1865-07-28 07:00:00,NA,NA,18.96,NA,NA,77.1,NA,19.44,NA,24.83,NA,NA,36.67,NA,NA
1865-07-28 09:00:00,24.61,180,NA,1013.75,0,NA,NA,NA,16.78,NA,NA,NA,NA,8.84,",skc"
1865-07-28 14:00:00,28.61,NA,19.71,1009.18,NA,50.8,NA,21.11,NA,28.61,NA,NA,NA,NA,NA
1865-07-28 15:00:00,NA,225,NA,NA,NA,NA,NA,NA,17.39,NA,NA,NA,NA,12.5,",skc"
1865-07-29,NA,NA,NA,NA,NA,NA,NA,NA,NA,NA,13.33,28.89,NA,NA,NA
1865-07-29 07:00:00,NA,NA,13.99,NA,NA,79.7,NA,13.61,NA,15.56,NA,NA,40.56,NA,NA
1865-07-29 09:00:00,15.28,225,NA,1012.19,2.03,NA,NA,NA,12.06,NA,NA,NA,NA,12.5,NA
1865-07-29 14:00:00,19.11,NA,14.16,1018.42,NA,64.1,NA,14.83,NA,19.22,NA,NA,NA,NA,NA
1865-07-29 15:00:00,NA,180,NA,NA,NA,NA,NA,NA,12.22,NA,NA,NA,NA,8.84,",skc"
1865-07-30,NA,NA,NA,NA,NA,NA,NA,NA,NA,NA,10.56,23.06,NA,NA,NA
1865-07-30 07:00:00,NA,NA,13.24,NA,NA,73,NA,13.39,NA,16.11,NA,NA,34.89,NA,NA
1865-07-30 09:00:00,15.94,NA,NA,1024.65,0,NA,NA,NA,11.22,NA,NA,NA,NA,0,",skc"
1865-07-30 14:00:00,18.33,NA,12.9,1023.87,NA,60.7,NA,13.72,NA,18.61,NA,NA,NA,NA,NA
1865-07-30 15:00:00,NA,225,NA,NA,NA,NA,NA,NA,10.83,NA,NA,NA,NA,8.84,",skc"
1865-07-31,NA,NA,NA,NA,NA,NA,NA,NA,NA,NA,11.11,23.33,NA,NA,NA
1865-07-31 07:00:00,NA,NA,13.88,NA,NA,70,NA,14.22,NA,17.5,NA,NA,35.33,NA,NA
1865-07-31 09:00:00,17.61,180,NA,1022.15,0,NA,NA,NA,11.94,NA,NA,NA,NA,12.5,",skc"
1865-07-31 14:00:00,21.28,NA,16.22,1021.98,NA,64.2,NA,16.67,NA,21.39,NA,NA,NA,NA,NA
1865-07-31 15:00:00,NA,180,NA,NA,NA,NA,NA,NA,14.33,NA,NA,NA,NA,15.3,",skc"
1865-08-01,NA,NA,NA,NA,NA,NA,NA,NA,NA,NA,9.72,NA,NA,NA,NA
1865-08-01 07:00:00,NA,NA,17.3,NA,NA,71.5,NA,17.11,NA,20.72,NA,NA,36.17,NA,NA
1865-08-01 09:00:00,20.44,135,NA,1024.62,0,NA,NA,NA,15.33,NA,NA,NA,NA,12.5,",skc"
1865-08-01 14:00:00,26.06,NA,17.3,1021.61,NA,50.7,NA,19,NA,26.39,NA,NA,NA,NA,NA
1865-08-01 15:00:00,NA,270,NA,NA,NA,NA,NA,NA,15.33,NA,NA,NA,NA,8.84,",skc"
1865-08-02,NA,NA,NA,NA,NA,NA,NA,NA,NA,NA,9.89,NA,NA,NA,NA
1865-08-02 07:00:00,NA,NA,16.22,NA,NA,57.1,NA,17.33,NA,23.33,NA,NA,37.17,NA,NA
1865-08-02 09:00:00,22.78,225,NA,1018.93,0,NA,NA,NA,14.06,NA,NA,NA,NA,8.84,",skc"
1865-08-02 14:00:00,27.61,NA,16.22,1016.19,NA,45.2,NA,18.89,NA,28.06,NA,NA,NA,NA,NA
1865-08-02 15:00:00,NA,225,NA,NA,NA,NA,NA,NA,14.33,NA,NA,NA,NA,12.5,",skc"
1865-08-03,NA,NA,NA,NA,NA,NA,NA,NA,NA,NA,12.5,NA,NA,NA,NA
1865-08-03 07:00:00,NA,NA,16.49,NA,NA,49.7,NA,18.39,NA,25.94,NA,NA,40,NA,NA
1865-08-03 09:00:00,25.56,180,NA,1016.46,0,NA,NA,NA,14.61,NA,NA,NA,NA,12.5,",skc"
1865-08-03 14:00:00,28.61,NA,15.65,1015.1,NA,59,NA,18.89,NA,29.17,NA,NA,NA,NA,NA
1865-08-03 15:00:00,NA,225,NA,NA,NA,NA,NA,NA,13.78,NA,NA,NA,NA,8.84,",skc"
1865-08-04,NA,NA,NA,NA,NA,NA,NA,NA,NA,NA,13.17,NA,NA,NA,NA
1865-08-04 07:00:00,NA,NA,14.93,NA,NA,54.7,NA,17,NA,22.67,NA,NA,42.5,NA,NA
1865-08-04 09:00:00,22.61,225,NA,1017.88,0,NA,NA,NA,13.06,NA,NA,NA,NA,12.5,",skc"
1865-08-04 14:00:00,25.78,NA,15.98,1017.24,NA,48.7,NA,18,NA,25.78,NA,NA,NA,NA,NA
1865-08-04 15:00:00,NA,225,NA,NA,NA,NA,NA,NA,14.11,NA,NA,NA,NA,15.3,",skc"
1865-08-05,NA,NA,NA,NA,NA,NA,NA,NA,NA,NA,12.22,NA,NA,NA,NA
1865-08-05 07:00:00,NA,NA,19.4,NA,NA,73.1,NA,18.83,NA,22.22,NA,NA,38.06,NA,NA
1865-08-05 09:00:00,22.22,180,NA,1018.69,0,NA,NA,NA,17.17,NA,NA,NA,NA,8.84,",skc"
1865-08-05 14:00:00,27.17,NA,20.52,1016.05,NA,58.3,NA,21,NA,26.94,NA,NA,NA,NA,NA
1865-08-05 15:00:00,NA,225,NA,NA,NA,NA,NA,NA,18.06,NA,NA,NA,NA,12.5,",skc"
1865-08-06,NA,NA,NA,NA,NA,NA,NA,NA,NA,NA,13.39,NA,NA,NA,NA
1865-08-06 07:00:00,NA,NA,15.81,NA,NA,98.6,NA,15.5,NA,17.78,NA,NA,38.28,NA,NA
1865-08-06 09:00:00,17.72,135,NA,1018.05,1.52,NA,NA,NA,13.94,NA,NA,NA,NA,8.84,NA
1865-08-06 14:00:00,17.61,NA,14.87,1017.64,NA,73.2,NA,15,NA,17.89,NA,NA,NA,NA,NA
1865-08-06 15:00:00,NA,135,NA,NA,NA,NA,NA,NA,13,NA,NA,NA,NA,15.3,NA
1865-08-07,NA,NA,NA,NA,NA,NA,NA,NA,NA,NA,12.72,NA,NA,NA,NA
1865-08-07 07:00:00,NA,NA,15.14,NA,NA,92.4,NA,13.83,NA,14.5,NA,NA,21,NA,NA
1865-08-07 09:00:00,13.78,135,NA,1018.39,6.1,NA,NA,NA,13.28,NA,NA,NA,NA,8.84,NA
1865-08-07 14:00:00,15.11,NA,15.58,1019.1,NA,68.5,NA,14.56,NA,15.61,NA,NA,NA,NA,NA
1865-08-07 15:00:00,NA,135,NA,NA,NA,NA,NA,NA,13.72,NA,NA,NA,NA,8.84,NA
1865-08-08,NA,NA,NA,NA,NA,NA,NA,NA,NA,NA,10.83,NA,NA,NA,NA
1865-08-08 07:00:00,NA,NA,15.88,NA,NA,84.1,NA,15.11,NA,16.72,NA,NA,26.17,NA,NA
1865-08-08 09:00:00,16.33,NA,NA,1019.68,0,NA,NA,NA,14,NA,NA,NA,NA,0,",skc"
1865-08-08 14:00:00,19.39,NA,16.8,1019.54,NA,73.3,NA,16.72,NA,19.83,NA,NA,NA,NA,NA
1865-08-08 15:00:00,NA,NA,NA,NA,NA,NA,NA,NA,14.89,NA,NA,NA,NA,0,",skc"
1865-08-09,NA,NA,NA,NA,NA,NA,NA,NA,NA,NA,11.11,NA,NA,NA,NA
1865-08-09 07:00:00,NA,NA,17.61,NA,NA,77.6,NA,17.11,NA,19.67,NA,NA,33.61,NA,NA
1865-08-09 09:00:00,19.44,135,NA,1019.4,0,NA,NA,NA,15.61,NA,NA,NA,NA,8.84,",skc"
1865-08-09 14:00:00,23.33,NA,19.57,1017.44,NA,68.5,NA,19.33,NA,23.44,NA,NA,NA,NA,NA
1865-08-09 15:00:00,NA,225,NA,NA,NA,NA,NA,NA,17.28,NA,NA,NA,NA,12.5,",skc"
1865-08-10,NA,NA,NA,NA,NA,NA,NA,NA,NA,NA,11.11,NA,NA,NA,NA
1865-08-10 07:00:00,NA,NA,13.04,NA,NA,84.5,NA,12.22,NA,13.61,NA,NA,39.72,NA,NA
1865-08-10 09:00:00,13.22,45,NA,1018.52,0,NA,NA,NA,11,NA,NA,NA,NA,17.67,NA
1865-08-10 14:00:00,16.83,NA,15.54,1018.59,NA,77.8,NA,15.28,NA,17.61,NA,NA,NA,NA,NA
1865-08-10 15:00:00,NA,90,NA,NA,NA,NA,NA,NA,13.67,NA,NA,NA,NA,17.67,",skc"
1865-08-11,NA,NA,NA,NA,NA,NA,NA,NA,NA,NA,11.11,NA,NA,NA,NA
1865-08-11 07:00:00,NA,NA,15.58,NA,NA,97.5,NA,13.89,NA,14.11,NA,NA,33.56,NA,NA
1865-08-11 09:00:00,13.39,NA,NA,1015.14,10.92,NA,NA,NA,13.72,NA,NA,NA,NA,0,",ra"
1865-08-11 14:00:00,16.56,NA,15.92,1015.95,NA,81,NA,15.39,NA,17.33,NA,NA,NA,NA,NA
1865-08-11 15:00:00,NA,180,NA,NA,NA,NA,NA,NA,14.06,NA,NA,NA,NA,8.84,NA
1865-08-12,NA,NA,NA,NA,NA,NA,NA,NA,NA,NA,9.44,NA,NA,NA,NA
1865-08-12 07:00:00,NA,NA,13.38,NA,NA,90.2,NA,12.17,NA,12.94,NA,NA,21.94,NA,NA
1865-08-12 09:00:00,12.44,45,NA,1017.85,1.27,NA,NA,NA,11.39,NA,NA,NA,NA,12.5,",skc"
1865-08-12 14:00:00,17.78,NA,12.56,1020.56,NA,60.5,NA,13.33,NA,18.22,NA,NA,NA,NA,NA
1865-08-12 15:00:00,NA,180,NA,NA,NA,NA,NA,NA,10.44,NA,NA,NA,NA,12.5,",skc"
1865-08-13,NA,NA,NA,NA,NA,NA,NA,NA,NA,NA,7.28,NA,NA,NA,NA
1865-08-13 07:00:00,NA,NA,14.56,NA,NA,72,NA,14.61,NA,18.56,NA,NA,31.83,NA,NA
1865-08-13 09:00:00,17.61,180,NA,1022.18,0,NA,NA,NA,12.67,NA,NA,NA,NA,12.5,",skc"
1865-08-13 14:00:00,20.5,NA,16.32,1021.67,NA,67.1,NA,16.56,NA,20.78,NA,NA,NA,NA,NA
1865-08-13 15:00:00,NA,180,NA,NA,NA,NA,NA,NA,14.44,NA,NA,NA,NA,12.5,",skc"
1865-08-14,NA,NA,NA,NA,NA,NA,NA,NA,NA,NA,8.78,NA,NA,NA,NA
1865-08-14 07:00:00,NA,NA,15.24,NA,NA,69.2,NA,15.56,NA,19.17,NA,NA,31.83,NA,NA
1865-08-14 09:00:00,19.06,180,NA,1022.01,0,NA,NA,NA,13.39,NA,NA,NA,NA,12.5,",skc"
1865-08-14 14:00:00,23.06,NA,19.71,1021.81,NA,69.9,NA,19.11,NA,23.22,NA,NA,NA,NA,NA
1865-08-14 15:00:00,NA,225,NA,NA,NA,NA,NA,NA,17.39,NA,NA,NA,NA,8.84,",skc"
1865-08-15,NA,NA,NA,NA,NA,NA,NA,NA,NA,NA,8.78,NA,NA,NA,NA
1865-08-15 07:00:00,NA,NA,17.24,NA,NA,69.9,NA,17.17,NA,21,NA,NA,33.89,NA,NA
1865-08-15 09:00:00,20.56,180,NA,1021.5,0,NA,NA,NA,15.28,NA,NA,NA,NA,8.84,",skc"
1865-08-15 14:00:00,25.44,NA,18.9,1018.25,NA,57.5,NA,19.72,NA,25.78,NA,NA,NA,NA,NA
1865-08-15 15:00:00,NA,180,NA,NA,NA,NA,NA,NA,16.72,NA,NA,NA,NA,8.84,",skc"
1865-08-16,NA,NA,NA,NA,NA,NA,NA,NA,NA,NA,10.78,NA,NA,NA,NA
1865-08-16 07:00:00,NA,NA,18.49,NA,NA,77.1,NA,17.78,NA,20.56,NA,NA,34.56,NA,NA
1865-08-16 09:00:00,19.33,NA,NA,1018.63,0,NA,NA,NA,16.39,NA,NA,NA,NA,0,",skc"
1865-08-16 14:00:00,24.61,NA,17.3,1018.69,NA,55.9,NA,18.44,NA,24.72,NA,NA,NA,NA,NA
1865-08-16 15:00:00,NA,225,NA,NA,NA,NA,NA,NA,15.33,NA,NA,NA,NA,8.84,",skc"
1865-08-17,NA,NA,NA,NA,NA,NA,NA,NA,NA,NA,11.67,NA,NA,NA,NA
1865-08-17 07:00:00,NA,NA,15.75,NA,NA,59.3,NA,16.67,NA,19.44,NA,NA,34.33,NA,NA
1865-08-17 09:00:00,19.17,180,NA,1018.8,0,NA,NA,NA,13.89,NA,NA,NA,NA,8.84,",skc"
1865-08-17 14:00:00,24.5,NA,19.51,1019.24,NA,64.7,NA,19.72,NA,24.72,NA,NA,NA,NA,NA
1865-08-17 15:00:00,NA,180,NA,NA,NA,NA,NA,NA,17.22,NA,NA,NA,NA,12.5,",skc"
1865-08-18,NA,NA,NA,NA,NA,NA,NA,NA,NA,NA,12.33,NA,NA,NA,NA
1865-08-18 07:00:00,NA,NA,18.63,NA,NA,71.3,NA,18.11,NA,21.39,NA,NA,35.72,NA,NA
1865-08-18 09:00:00,21.39,NA,NA,1019.98,0,NA,NA,NA,16.5,NA,NA,NA,NA,0,",skc"
1865-08-18 14:00:00,28.06,NA,18.96,1018.08,NA,50.4,NA,20.56,NA,28.11,NA,NA,NA,NA,NA
1865-08-18 15:00:00,NA,180,NA,NA,NA,NA,NA,NA,16.78,NA,NA,NA,NA,8.84,",skc"
1865-08-19,NA,NA,NA,NA,NA,NA,NA,NA,NA,NA,13.22,NA,NA,NA,NA
1865-08-19 07:00:00,NA,NA,17.61,NA,NA,95.1,NA,15.94,NA,16.44,NA,NA,38.22,NA,NA
1865-08-19 09:00:00,15.78,45,NA,1016.63,0.76,NA,NA,NA,15.61,NA,NA,NA,NA,8.84,NA
1865-08-19 14:00:00,21.11,NA,10.84,1015.98,NA,43.7,NA,12.5,NA,21.11,NA,NA,NA,NA,NA
1865-08-19 15:00:00,NA,135,NA,NA,NA,NA,NA,NA,8.22,NA,NA,NA,NA,8.84,",skc"
1865-08-20,NA,NA,NA,NA,NA,NA,NA,NA,NA,NA,14.67,NA,NA,NA,NA
1865-08-20 07:00:00,NA,NA,18.63,NA,NA,86.8,NA,17.33,NA,18.78,NA,NA,36.78,NA,NA
1865-08-20 09:00:00,18.33,45,NA,1016.93,0.76,NA,NA,NA,16.5,NA,NA,NA,NA,8.84,",skc"
1865-08-20 14:00:00,24.89,NA,20.15,1015.31,NA,63.6,NA,20.28,NA,25.17,NA,NA,NA,NA,NA
1865-08-20 15:00:00,NA,225,NA,NA,NA,NA,NA,NA,17.78,NA,NA,NA,NA,8.84,",skc"
1865-08-21,NA,NA,NA,NA,NA,NA,NA,NA,NA,NA,12.11,NA,NA,NA,NA
1865-08-21 07:00:00,NA,NA,22.55,NA,NA,92.1,NA,18.33,NA,20.89,NA,NA,37.06,NA,NA
1865-08-21 09:00:00,20.28,NA,NA,1016.53,0,NA,NA,NA,19.56,NA,NA,NA,NA,0,",skc"
1865-08-21 14:00:00,23.44,NA,18.49,1014.56,NA,64.2,NA,18.78,NA,23.56,NA,NA,NA,NA,NA
1865-08-21 15:00:00,NA,180,NA,NA,NA,NA,NA,NA,16.39,NA,NA,NA,NA,8.84,",skc"
1865-08-22,NA,NA,NA,NA,NA,NA,NA,NA,NA,NA,12.78,NA,NA,NA,NA
1865-08-22 07:00:00,NA,NA,14.83,NA,NA,96.3,NA,13.22,NA,13.56,NA,NA,38.78,NA,NA
1865-08-22 09:00:00,12.94,NA,NA,1016.09,27.94,NA,NA,NA,12.94,NA,NA,NA,NA,0,",ra"
1865-08-22 14:00:00,14.44,NA,14.39,1020.05,NA,85,NA,13.61,NA,15,NA,NA,NA,NA,NA
1865-08-22 15:00:00,NA,45,NA,NA,NA,NA,NA,NA,12.5,NA,NA,NA,NA,17.67,",skc"
1865-08-23,NA,NA,NA,NA,NA,NA,NA,NA,NA,NA,11.94,NA,NA,NA,NA
1865-08-23 07:00:00,NA,NA,14.19,NA,NA,93.3,NA,12.78,NA,13.33,NA,NA,22.22,NA,NA
1865-08-23 09:00:00,12.78,45,NA,1019.3,3.56,NA,NA,NA,12.28,NA,NA,NA,NA,8.84,",ra"
1865-08-23 14:00:00,10,NA,15.75,1021.13,NA,92.9,NA,14.39,NA,15.06,NA,NA,NA,NA,NA
1865-08-23 15:00:00,NA,45,NA,NA,NA,NA,NA,NA,13.89,NA,NA,NA,NA,15.3,NA
1865-08-24,NA,NA,NA,NA,NA,NA,NA,NA,NA,NA,10.33,NA,NA,NA,NA
1865-08-24 07:00:00,NA,NA,14.73,NA,NA,87,NA,13.78,NA,15,NA,NA,23.06,NA,NA
1865-08-24 09:00:00,14.44,NA,NA,1021.3,0,NA,NA,NA,12.83,NA,NA,NA,NA,0,",ra"
1865-08-24 14:00:00,18.5,NA,14.66,1021.71,NA,67.8,NA,14.72,NA,18.89,NA,NA,NA,NA,NA
1865-08-24 15:00:00,NA,225,NA,NA,NA,NA,NA,NA,12.78,NA,NA,NA,NA,8.84,",skc"
1865-08-25,NA,NA,NA,NA,NA,NA,NA,NA,NA,NA,6.94,NA,NA,NA,NA
1865-08-25 07:00:00,NA,NA,13.88,NA,NA,75.9,NA,13.83,NA,16.22,NA,NA,34.44,NA,NA
1865-08-25 09:00:00,16.11,180,NA,1017.78,0,NA,NA,NA,11.94,NA,NA,NA,NA,8.84,",skc"
1865-08-25 14:00:00,17.89,NA,15.14,1015,NA,72.5,NA,15.17,NA,18.33,NA,NA,NA,NA,NA
1865-08-25 15:00:00,NA,NA,NA,NA,NA,NA,NA,NA,13.28,NA,NA,NA,NA,0,NA
1865-08-26,NA,NA,NA,NA,NA,NA,NA,NA,NA,NA,8.33,NA,NA,NA,NA
1865-08-26 07:00:00,NA,NA,14.93,NA,NA,74,NA,15,NA,17.78,NA,NA,33.89,NA,NA
1865-08-26 09:00:00,17.39,NA,NA,1015.58,0,NA,NA,NA,13.06,NA,NA,NA,NA,0,",skc"
1865-08-26 14:00:00,19.44,NA,16.09,1014.46,NA,69.4,NA,16.39,NA,20,NA,NA,NA,NA,NA
1865-08-26 15:00:00,NA,135,NA,NA,NA,NA,NA,NA,14.22,NA,NA,NA,NA,12.5,NA
1865-08-27,NA,NA,NA,NA,NA,NA,NA,NA,NA,NA,13.06,NA,NA,NA,NA
1865-08-27 07:00:00,NA,NA,14.19,NA,NA,79.5,NA,13.83,NA,15.83,NA,NA,33.89,NA,NA
1865-08-27 09:00:00,15,45,NA,1009.18,0,NA,NA,NA,12.28,NA,NA,NA,NA,15.3,NA
1865-08-27 14:00:00,17.89,NA,16.93,1010.67,NA,80.5,NA,16.28,NA,18.44,NA,NA,NA,NA,NA
1865-08-27 15:00:00,NA,45,NA,NA,NA,NA,NA,NA,15,NA,NA,NA,NA,8.84,",skc"
1865-08-28,NA,NA,NA,NA,NA,NA,NA,NA,NA,NA,12.33,NA,NA,NA,NA
1865-08-28 07:00:00,NA,NA,13,NA,NA,78.9,NA,12.56,NA,14.39,NA,NA,24.89,NA,NA
1865-08-28 09:00:00,13.5,135,NA,1012.84,1.27,NA,NA,NA,10.94,NA,NA,NA,NA,8.84,NA
1865-08-28 14:00:00,13.89,NA,14.36,1014.7,NA,87.2,NA,13.44,NA,14.56,NA,NA,NA,NA,NA
1865-08-28 15:00:00,NA,90,NA,NA,NA,NA,NA,NA,12.44,NA,NA,NA,NA,12.5,",ra"
1865-08-29,NA,NA,NA,NA,NA,NA,NA,NA,NA,NA,12,NA,NA,NA,NA
1865-08-29 07:00:00,NA,NA,15.24,NA,NA,81.5,NA,14.67,NA,16.56,NA,NA,33.72,NA,NA
1865-08-29 09:00:00,16.67,NA,NA,1019.44,3.3,NA,NA,NA,13.39,NA,NA,NA,NA,0,",skc"
1865-08-29 14:00:00,14.61,NA,15.75,1019.44,NA,94.3,NA,14.28,NA,14.78,NA,NA,NA,NA,NA
1865-08-29 15:00:00,NA,NA,NA,NA,NA,NA,NA,NA,13.89,NA,NA,NA,NA,0,NA
1865-08-30,NA,NA,NA,NA,NA,NA,NA,NA,NA,NA,9.17,NA,NA,NA,NA
1865-08-30 07:00:00,NA,NA,12.53,NA,NA,79.7,NA,11.44,NA,13.83,NA,NA,30.56,NA,NA
1865-08-30 09:00:00,13.39,45,NA,1017.51,6.1,NA,NA,NA,10.39,NA,NA,NA,NA,12.5,",skc"
1865-08-30 14:00:00,17.5,NA,13.88,1016.59,NA,68.8,NA,14.33,NA,17.78,NA,NA,NA,NA,NA
1865-08-30 15:00:00,NA,225,NA,NA,NA,NA,NA,NA,11.94,NA,NA,NA,NA,8.84,",skc"
1865-08-31,NA,NA,NA,NA,NA,NA,NA,NA,NA,NA,11.5,NA,NA,NA,NA
1865-08-31 07:00:00,NA,NA,13.78,NA,NA,76.4,NA,12.11,NA,12.39,NA,NA,32.5,NA,NA
1865-08-31 09:00:00,11.78,45,NA,1009.92,5.08,NA,NA,NA,11.83,NA,NA,NA,NA,15.3,",sh"
1865-08-31 14:00:00,14.56,NA,15.88,1008.47,NA,93.4,NA,14.44,NA,15.06,NA,NA,NA,NA,NA
1865-08-31 15:00:00,NA,45,NA,NA,NA,NA,NA,NA,14,NA,NA,NA,NA,15.3,",sh"
1865-09-01,NA,NA,NA,NA,NA,NA,NA,NA,NA,NA,11.67,NA,NA,NA,NA
1865-09-01 07:00:00,NA,NA,13.78,NA,NA,89.6,NA,12.61,NA,13.5,NA,NA,25.28,NA,NA
1865-09-01 09:00:00,13,45,NA,1013.58,5.84,NA,NA,NA,11.83,NA,NA,NA,NA,8.84,NA
1865-09-01 14:00:00,18.44,NA,13.85,1015.07,NA,65.9,NA,11,NA,18.44,NA,NA,NA,NA,NA
1865-09-01 15:00:00,NA,NA,NA,NA,NA,NA,NA,NA,11.89,NA,NA,NA,NA,0,",skc"
1865-09-02,NA,NA,NA,NA,NA,NA,NA,NA,NA,NA,10.56,NA,NA,NA,NA
1865-09-02 07:00:00,NA,NA,13.85,NA,NA,88,NA,12.83,NA,13.89,NA,NA,30.56,NA,NA
1865-09-02 09:00:00,13.33,NA,NA,1019.34,0,NA,NA,NA,11.89,NA,NA,NA,NA,0,",skc"
1865-09-02 14:00:00,16.78,NA,15.54,1020.56,NA,86.9,NA,15.11,NA,17.56,NA,NA,NA,NA,NA
1865-09-02 15:00:00,NA,NA,NA,NA,NA,NA,NA,NA,13.67,NA,NA,NA,NA,0,",skc"
1865-09-03,NA,NA,NA,NA,NA,NA,NA,NA,NA,NA,11.67,NA,NA,NA,NA
1865-09-03 07:00:00,NA,NA,13.24,NA,NA,87.7,NA,12.17,NA,13.28,NA,NA,30,NA,NA
1865-09-03 09:00:00,12.78,135,NA,1021.1,1.52,NA,NA,NA,11.22,NA,NA,NA,NA,8.84,NA
1865-09-03 14:00:00,15.56,NA,14.26,1022.49,NA,78.7,NA,13.94,NA,16.06,NA,NA,NA,NA,NA
1865-09-03 15:00:00,NA,NA,NA,NA,NA,NA,NA,NA,12.33,NA,NA,NA,NA,0,NA
1865-09-04,NA,NA,NA,NA,NA,NA,NA,NA,NA,NA,10.67,NA,NA,NA,NA
1865-09-04 07:00:00,NA,NA,15.65,NA,NA,96,NA,13.44,NA,13.78,NA,NA,30,NA,NA
1865-09-04 09:00:00,13.06,45,NA,1024.35,0.76,NA,NA,NA,13.17,NA,NA,NA,NA,12.5,",ra"
1865-09-04 14:00:00,14,NA,16.09,1024.31,NA,96.7,NA,14.44,NA,14.72,NA,NA,NA,NA,NA
1865-09-04 15:00:00,NA,45,NA,NA,NA,NA,NA,NA,14.22,NA,NA,NA,NA,12.5,NA
1865-09-05,NA,NA,NA,NA,NA,NA,NA,NA,NA,NA,13.06,NA,NA,NA,NA
1865-09-05 07:00:00,NA,NA,16.86,NA,NA,99,NA,15,NA,15.11,NA,NA,16.39,NA,NA
1865-09-05 09:00:00,14.22,NA,NA,1019.47,1.52,NA,NA,NA,14.94,NA,NA,NA,NA,0,",ra"
1865-09-05 14:00:00,14.44,NA,16.86,1017,NA,99,NA,15,NA,15.11,NA,NA,NA,NA,NA
1865-09-05 15:00:00,NA,45,NA,NA,NA,NA,NA,NA,14.94,NA,NA,NA,NA,8.84,",ra"
1865-09-06,NA,NA,NA,NA,NA,NA,NA,NA,NA,NA,11.11,NA,NA,NA,NA
1865-09-06 07:00:00,NA,NA,12.09,NA,NA,74.5,NA,10.83,NA,14.33,NA,NA,24.89,NA,NA
1865-09-06 09:00:00,14.44,180,NA,1014.43,8.38,NA,NA,NA,9.83,NA,NA,NA,NA,19.76,",skc"
1865-09-06 14:00:00,16.67,NA,10.19,1014.12,NA,54.1,NA,11.17,NA,16.67,NA,NA,NA,NA,NA
1865-09-06 15:00:00,NA,225,NA,NA,NA,NA,NA,NA,7.33,NA,NA,NA,NA,15.3,",skc"
1865-09-07,NA,NA,NA,NA,NA,NA,NA,NA,NA,NA,6.94,NA,NA,NA,NA
1865-09-07 07:00:00,NA,NA,10.84,NA,NA,73.4,NA,10.67,NA,12.89,NA,NA,31.56,NA,NA
1865-09-07 09:00:00,13.22,270,NA,1015.92,0.51,NA,NA,NA,8.22,NA,NA,NA,NA,12.5,NA
1865-09-07 14:00:00,16.11,NA,10.06,1016.15,NA,55.4,NA,11.11,NA,16.11,NA,NA,NA,NA,NA
1865-09-07 15:00:00,NA,225,NA,NA,NA,NA,NA,NA,7.11,NA,NA,NA,NA,12.5,",skc"
1865-09-08,NA,NA,NA,NA,NA,NA,NA,NA,NA,NA,6.17,NA,NA,NA,NA
1865-09-08 07:00:00,NA,NA,12.22,NA,NA,78.1,NA,11.78,NA,13.78,NA,NA,24.33,NA,NA
1865-09-08 09:00:00,13.44,NA,NA,1026.08,0,NA,NA,NA,10,NA,NA,NA,NA,0,",skc"
1865-09-08 14:00:00,16.61,NA,13.14,1025.47,NA,69.3,NA,13.44,NA,16.78,NA,NA,NA,NA,NA
1865-09-08 15:00:00,NA,225,NA,NA,NA,NA,NA,NA,11.11,NA,NA,NA,NA,15.3,",skc"
1865-09-09,NA,NA,NA,NA,NA,NA,NA,NA,NA,NA,7.83,NA,NA,NA,NA
1865-09-09 07:00:00,NA,NA,11.89,NA,NA,82.6,NA,11.06,NA,12.5,NA,NA,25.17,NA,NA
1865-09-09 09:00:00,11.94,45,NA,1020.66,0,NA,NA,NA,9.61,NA,NA,NA,NA,12.5,NA
1865-09-09 14:00:00,11.78,NA,12.67,1018.49,NA,89.5,NA,11.39,NA,12.22,NA,NA,NA,NA,NA
1865-09-09 15:00:00,NA,NA,NA,NA,NA,NA,NA,NA,10.56,NA,NA,NA,NA,0,",ra"
1865-09-10,NA,NA,NA,NA,NA,NA,NA,NA,NA,NA,9.56,NA,NA,NA,NA
1865-09-10 07:00:00,NA,NA,13.04,NA,NA,91.6,NA,11.67,NA,12.33,NA,NA,21.94,NA,NA
1865-09-10 09:00:00,11.89,180,NA,1017.34,3.81,NA,NA,NA,10.72,NA,NA,NA,NA,8.84,NA
1865-09-10 14:00:00,16.67,NA,13.99,1017.51,NA,71.7,NA,14.17,NA,16.67,NA,NA,NA,NA,NA
1865-09-10 15:00:00,NA,225,NA,NA,NA,NA,NA,NA,12.06,NA,NA,NA,NA,12.5,",skc"
1865-09-11,NA,NA,NA,NA,NA,NA,NA,NA,NA,NA,9.44,NA,NA,NA,NA
1865-09-11 07:00:00,NA,NA,11.68,NA,NA,92.5,NA,9.94,NA,10.5,NA,NA,22.78,NA,NA
1865-09-11 09:00:00,9.94,45,NA,1010.5,10.41,NA,NA,NA,9.33,NA,NA,NA,NA,15.3,NA
1865-09-11 14:00:00,10.83,NA,12.39,1006.98,NA,94.3,NA,10.67,NA,11.11,NA,NA,NA,NA,NA
1865-09-11 15:00:00,NA,90,NA,NA,NA,NA,NA,NA,10.22,NA,NA,NA,NA,12.5,",ra"
1865-09-12,NA,NA,NA,NA,NA,NA,NA,NA,NA,NA,6.44,NA,NA,NA,NA
1865-09-12 07:00:00,NA,NA,10.97,NA,NA,82,NA,9.89,NA,11.39,NA,NA,21.56,NA,NA
1865-09-12 09:00:00,11.22,135,NA,1009.82,18.8,NA,NA,NA,8.39,NA,NA,NA,NA,17.67,NA
1865-09-12 14:00:00,11.06,NA,11.78,1010.6,NA,87,NA,10.5,NA,11.56,NA,NA,NA,NA,NA
1865-09-12 15:00:00,NA,180,NA,NA,NA,NA,NA,NA,9.44,NA,NA,NA,NA,8.84,",ra"
1865-09-13,NA,NA,NA,NA,NA,NA,NA,NA,NA,NA,8.06,NA,NA,NA,NA
1865-09-13 07:00:00,NA,NA,11.01,NA,NA,81.9,NA,9.94,NA,11.44,NA,NA,18.06,NA,NA
1865-09-13 09:00:00,11.11,225,NA,1016.93,8.13,NA,NA,NA,8.44,NA,NA,NA,NA,12.5,NA
1865-09-13 14:00:00,11.61,NA,11.78,1018.42,NA,83.3,NA,10.83,NA,12.22,NA,NA,NA,NA,NA
1865-09-13 15:00:00,NA,45,NA,NA,NA,NA,NA,NA,9.44,NA,NA,NA,NA,17.67,NA
1865-09-14,NA,NA,NA,NA,NA,NA,NA,NA,NA,NA,8.06,NA,NA,NA,NA
1865-09-14 07:00:00,NA,NA,11.48,NA,NA,93.7,NA,9.56,NA,10.06,NA,NA,23.22,NA,NA
1865-09-14 09:00:00,9.44,45,NA,1015.24,1.52,NA,NA,NA,9.06,NA,NA,NA,NA,15.3,NA
1865-09-14 14:00:00,10.28,NA,11.72,1015.61,NA,91.6,NA,10.06,NA,10.67,NA,NA,NA,NA,NA
1865-09-14 15:00:00,NA,90,NA,NA,NA,NA,NA,NA,9.39,NA,NA,NA,NA,15.3,",ra"
1865-09-15,NA,NA,NA,NA,NA,NA,NA,NA,NA,NA,9.44,NA,NA,NA,NA
1865-09-15 07:00:00,NA,NA,12.67,NA,NA,90.1,NA,11.33,NA,12.11,NA,NA,15.44,NA,NA
1865-09-15 09:00:00,11.61,180,NA,1012.36,1.78,NA,NA,NA,10.56,NA,NA,NA,NA,12.5,",ra"
1865-09-15 14:00:00,11.89,NA,13.21,1015.24,NA,91.8,NA,11.83,NA,12.5,NA,NA,NA,NA,NA
1865-09-15 15:00:00,NA,NA,NA,NA,NA,NA,NA,NA,11.17,NA,NA,NA,NA,0,NA
1865-09-16,NA,NA,NA,NA,NA,NA,NA,NA,NA,NA,9.17,NA,NA,NA,NA
1865-09-16 07:00:00,NA,NA,12.29,NA,NA,86.2,NA,11.22,NA,12.33,NA,NA,24.44,NA,NA
1865-09-16 09:00:00,12.17,NA,NA,1016.86,0.51,NA,NA,NA,10.11,NA,NA,NA,NA,0,",skc"
1865-09-16 14:00:00,14.06,NA,12.16,1017.88,NA,91.5,NA,12.22,NA,15.11,NA,NA,NA,NA,NA
1865-09-16 15:00:00,NA,NA,NA,NA,NA,NA,NA,NA,9.94,NA,NA,NA,NA,0,",skc"
1865-09-17,NA,NA,NA,NA,NA,NA,NA,NA,NA,NA,11,NA,NA,NA,NA
1865-09-17 07:00:00,NA,NA,13.88,NA,NA,95.1,NA,12.33,NA,12.72,NA,NA,30,NA,NA
1865-09-17 09:00:00,12,45,NA,1016.86,1.78,NA,NA,NA,11.94,NA,NA,NA,NA,12.5,",ra"
1865-09-17 14:00:00,12.5,NA,14.39,1017.27,NA,96.4,NA,12.78,NA,13.06,NA,NA,NA,NA,NA
1865-09-17 15:00:00,NA,45,NA,NA,NA,NA,NA,NA,12.5,NA,NA,NA,NA,12.5,NA
1865-09-18,NA,NA,NA,NA,NA,NA,NA,NA,NA,NA,12.17,NA,NA,NA,NA
1865-09-18 07:00:00,NA,NA,15.04,NA,NA,86.4,NA,14.17,NA,15.44,NA,NA,26.67,NA,NA
1865-09-18 09:00:00,15,NA,NA,1017,1.52,NA,NA,NA,13.17,NA,NA,NA,NA,0,",skc"
1865-09-18 14:00:00,21.56,NA,19.03,1015.61,NA,74.3,NA,18.44,NA,21.67,NA,NA,NA,NA,NA
1865-09-18 15:00:00,NA,180,NA,NA,NA,NA,NA,NA,16.83,NA,NA,NA,NA,8.84,",skc"
1865-09-19,NA,NA,NA,NA,NA,NA,NA,NA,NA,NA,13.33,NA,NA,NA,NA
1865-09-19 07:00:00,NA,NA,17.61,NA,NA,92.4,NA,16.11,NA,16.89,NA,NA,30.44,NA,NA
1865-09-19 09:00:00,16.11,NA,NA,1015.78,0,NA,NA,NA,15.61,NA,NA,NA,NA,0,NA
1865-09-19 14:00:00,16.78,NA,17.03,1013.75,NA,84.7,NA,16.17,NA,17.72,NA,NA,NA,NA,NA
1865-09-19 15:00:00,NA,NA,NA,NA,NA,NA,NA,NA,15.11,NA,NA,NA,NA,0,",ra"
1865-09-20,NA,NA,NA,NA,NA,NA,NA,NA,NA,NA,13.89,NA,NA,NA,NA
1865-09-20 07:00:00,NA,NA,16.46,NA,NA,93.8,NA,15,NA,15.56,NA,NA,28.06,NA,NA
1865-09-20 09:00:00,14.72,0,NA,1013.58,1.02,NA,NA,NA,14.56,NA,NA,NA,NA,8.84,",ra"
1865-09-20 14:00:00,13.06,NA,14.05,1007.79,NA,89.8,NA,12.89,NA,13.78,NA,NA,NA,NA,NA
1865-09-20 15:00:00,NA,180,NA,NA,NA,NA,NA,NA,12.11,NA,NA,NA,NA,12.5,",ra"
1865-09-21,NA,NA,NA,NA,NA,NA,NA,NA,NA,NA,10.56,NA,NA,NA,NA
1865-09-21 07:00:00,NA,NA,12.12,NA,NA,89.3,NA,10.72,NA,11.61,NA,NA,23.33,NA,NA
1865-09-21 09:00:00,11.06,45,NA,1020.79,13.72,NA,NA,NA,9.83,NA,NA,NA,NA,8.84,NA
1865-09-21 14:00:00,11.39,NA,12.02,1024.15,NA,81.2,NA,11.17,NA,12.56,NA,NA,NA,NA,NA
1865-09-21 15:00:00,NA,45,NA,NA,NA,NA,NA,NA,9.78,NA,NA,NA,NA,8.84,NA
1865-09-22,NA,NA,NA,NA,NA,NA,NA,NA,NA,NA,6.11,NA,NA,NA,NA
1865-09-22 07:00:00,NA,NA,11.21,NA,NA,82.2,NA,10.11,NA,11.5,NA,NA,22.78,NA,NA
1865-09-22 09:00:00,11.5,45,NA,1017.68,0,NA,NA,NA,8.72,NA,NA,NA,NA,8.84,",skc"
1865-09-22 14:00:00,15.83,NA,13.99,1014.36,NA,76.5,NA,13.89,NA,16.22,NA,NA,NA,NA,NA
1865-09-22 15:00:00,NA,180,NA,NA,NA,NA,NA,NA,12.06,NA,NA,NA,NA,8.84,",skc"
1865-09-23,NA,NA,NA,NA,NA,NA,NA,NA,NA,NA,6.67,NA,NA,NA,NA
1865-09-23 07:00:00,NA,NA,11.51,NA,NA,84.4,NA,10.39,NA,11.67,NA,NA,27.17,NA,NA
1865-09-23 09:00:00,11,NA,NA,1009.69,0,NA,NA,NA,9.11,NA,NA,NA,NA,0,",skc"
1865-09-23 14:00:00,11.67,NA,13.14,1010.97,NA,92.8,NA,11.83,NA,12.22,NA,NA,NA,NA,NA
1865-09-23 15:00:00,NA,NA,NA,NA,NA,NA,NA,NA,11.11,NA,NA,NA,NA,0,",ra"
1865-09-24,NA,NA,NA,NA,NA,NA,NA,NA,NA,NA,10.78,NA,NA,NA,NA
1865-09-24 07:00:00,NA,NA,13,NA,NA,91,NA,11.67,NA,12.39,NA,NA,20.28,NA,NA
1865-09-24 09:00:00,11.78,45,NA,1006.67,5.84,NA,NA,NA,10.94,NA,NA,NA,NA,15.3,",skc"
1865-09-24 14:00:00,13.89,NA,14.26,999.46,NA,87.3,NA,13.33,NA,14.44,NA,NA,NA,NA,NA
1865-09-24 15:00:00,NA,NA,NA,NA,NA,NA,NA,NA,12.33,NA,NA,NA,NA,0,NA
1865-09-25,NA,NA,NA,NA,NA,NA,NA,NA,NA,NA,10.44,NA,NA,NA,NA
1865-09-25 07:00:00,NA,NA,12.16,NA,NA,90.9,NA,10.67,NA,11.39,NA,NA,25,NA,NA
1865-09-25 09:00:00,10.89,135,NA,1006.74,13.72,NA,NA,NA,9.94,NA,NA,NA,NA,15.3,",ra"
1865-09-25 14:00:00,11.56,NA,11.85,1007.04,NA,84.2,NA,10.83,NA,12.11,NA,NA,NA,NA,NA
1865-09-25 15:00:00,NA,45,NA,NA,NA,NA,NA,NA,9.56,NA,NA,NA,NA,12.5,NA
1865-09-26,NA,NA,NA,NA,NA,NA,NA,NA,NA,NA,9.44,NA,NA,NA,NA
1865-09-26 07:00:00,NA,NA,11.78,NA,NA,92.6,NA,10,NA,10.56,NA,NA,19.89,NA,NA
1865-09-26 09:00:00,10.67,45,NA,1004.3,3.05,NA,NA,NA,9.44,NA,NA,NA,NA,8.84,NA
1865-09-26 14:00:00,11.22,NA,12.26,1006.27,NA,88.3,NA,11,NA,11.94,NA,NA,NA,NA,NA
1865-09-26 15:00:00,NA,NA,NA,NA,NA,NA,NA,NA,10.06,NA,NA,NA,NA,0,NA
1865-09-27,NA,NA,NA,NA,NA,NA,NA,NA,NA,NA,9.44,NA,NA,NA,NA
1865-09-27 07:00:00,NA,NA,11.58,NA,NA,84.9,NA,10.44,NA,11.67,NA,NA,15,NA,NA
1865-09-27 09:00:00,11.22,180,NA,1014.63,8.38,NA,NA,NA,9.22,NA,NA,NA,NA,8.84,",skc"
1865-09-27 14:00:00,13.67,NA,11.04,1017.88,NA,68.8,NA,11.17,NA,14.17,NA,NA,NA,NA,NA
1865-09-27 15:00:00,NA,225,NA,NA,NA,NA,NA,NA,8.5,NA,NA,NA,NA,12.5,",skc"
1865-09-28,NA,NA,NA,NA,NA,NA,NA,NA,NA,NA,9.17,NA,NA,NA,NA
1865-09-28 07:00:00,NA,NA,11.99,NA,NA,96.5,NA,10,NA,10.28,NA,NA,20.17,NA,NA
1865-09-28 09:00:00,9.72,90,NA,1021.33,6.1,NA,NA,NA,9.72,NA,NA,NA,NA,8.84,",ra"
1865-09-28 14:00:00,10.78,NA,13,1021.23,NA,97.2,NA,11.17,NA,11.39,NA,NA,NA,NA,NA
1865-09-28 15:00:00,NA,135,NA,NA,NA,NA,NA,NA,10.94,NA,NA,NA,NA,15.3,NA
1865-09-29,NA,NA,NA,NA,NA,NA,NA,NA,NA,NA,6.67,NA,NA,NA,NA
1865-09-29 07:00:00,NA,NA,13.75,NA,NA,84.4,NA,13,NA,14.39,NA,NA,25.22,NA,NA
1865-09-29 09:00:00,14.28,NA,NA,1017.61,1.27,NA,NA,NA,11.78,NA,NA,NA,NA,0,",skc"
1865-09-29 14:00:00,20.06,NA,17.85,1012.36,NA,75.7,NA,16.94,NA,20.28,NA,NA,NA,NA,NA
1865-09-29 15:00:00,NA,180,NA,NA,NA,NA,NA,NA,15.83,NA,NA,NA,NA,8.84,",skc"
1865-09-30,NA,NA,NA,NA,NA,NA,NA,NA,NA,NA,7.61,NA,NA,NA,NA
1865-09-30 07:00:00,NA,NA,14.43,NA,NA,75.3,NA,14.33,NA,16.94,NA,NA,27.89,NA,NA
1865-09-30 09:00:00,16.72,NA,NA,1008.94,0,NA,NA,NA,12.56,NA,NA,NA,NA,0,",skc"
1865-09-30 14:00:00,16.67,NA,14.39,1008.97,NA,74.4,NA,14.39,NA,17.11,NA,NA,NA,NA,NA
1865-09-30 15:00:00,NA,225,NA,NA,NA,NA,NA,NA,12.5,NA,NA,NA,NA,8.84,",skc"
