"stationName","latitude","longitude","elevation","timeZone","UTCoffset","WMOID","MSCID"
"Niagara","43.15","-79.3","82","America/Toronto","5","71171","6136626"
"Short_Name","What","Material","Error","Units","Seasonality","Data_Type","Detail","Method","Data_Format","Additional_Information"
"au","phenomemon","atmospheric material",NA,"text","daily","historical","original_observation","field method","c",NA
"ch","cloud type","atmospheric material",NA,"cloudatlas","sub-daily","historical","original_observation","field method","c",NA
"dd","wind direction","atmospheric material",NA,"degrees","sub-daily","historical","original_observation","field method","n",NA
"e","specific humidity","atmospheric material",NA,"hPa","sub-daily","instrumental","original_observation","field method","n",NA
"e_mean","specific humidity","atmospheric material",NA,"hPa","daily","instrumental","mean","computational method","n",NA
"pr","precipitation","precipitation",NA,"mm","sub-daily","instrumental","original_observation","field method","n",NA
"ptb","hour","precipitation",NA,"hh:mm","sub-daily","historical","original_observation","field method","n",NA
"pte","hour","precipitation",NA,"hh:mm","sub-daily","historical","original_observation","field method","n",NA
"rh","relative humidity","atmospheric material",NA,"%","sub-daily","instrumental","original_observation","field method","n",NA
"rh_mean","relative humidity","atmospheric material",NA,"%","daily","instrumental","mean","computational method","n",NA
"rr","precipitation","atmospheric material",NA,"mm","sub-daily","instrumental","original_observation","field method","n",NA
"sd","snowfall","precipitation",NA,"cm","sub-daily","instrumental","original_observation","field method","n",NA
"ta","air temperature","atmospheric material",NA,"C","sub-daily","instrumental","original_observation","field method","n",NA
"ta_mean","air temperature","atmospheric material",NA,"C","daily","instrumental","mean","computational method","n",NA
"ta_range","air temperature","atmospheric material",NA,"C","daily","instrumental","original_observation","field method","n",NA
"Tn","minimum surface temperature","atmospheric material",NA,"C","daily","instrumental","original_observation","field method","n",NA
"Tx","maximum air temperature","atmospheric material",NA,"C","daily","instrumental","original_observation","field method","n",NA
"w","wind speed","atmospheric material",NA,"mps","sub-daily","instrumental","original_observation","field method","n",NA
"ObservationDate","au","ch","dd","e","e_mean","pr","ptb","pte","rh","rh_mean","rr","sd","ta","ta_mean","ta_range","Tn","Tx","w"
1861-02-01,NA,NA,NA,NA,4.29,0,"empty,empty","empty,empty",NA,100,NA,0,NA,-5.06,-6.78,-11.17,-0.17,NA
1861-02-01 07:00:00,NA,NA,NA,2.68,NA,NA,NA,NA,100,NA,NA,NA,-10.11,NA,NA,NA,NA,0
1861-02-01 14:00:00,NA,NA,90,4.4,NA,NA,NA,NA,100,NA,NA,NA,-4.39,NA,NA,NA,NA,1
1861-02-01 21:00:00,NA,NA,90,5.79,NA,NA,NA,NA,100,NA,NA,NA,-0.67,NA,NA,NA,NA,1
1861-02-02,NA,NA,NA,NA,5.42,0,"empty,empty","empty,empty",NA,94.66,0,0,NA,-0.86,-12.56,-4.17,1.06,NA
1861-02-02 07:00:00,NA,NA,90,6.06,NA,NA,NA,NA,98,NA,NA,NA,0.33,NA,NA,NA,NA,0
1861-02-02 14:00:00,NA,NA,NA,6.2,NA,NA,NA,NA,100,NA,NA,NA,0.56,NA,NA,NA,NA,0
1861-02-02 21:00:00,NA,NA,270,4,NA,NA,NA,NA,86,NA,NA,NA,-3.44,NA,NA,NA,NA,5
1861-02-03,NA,NA,NA,NA,NA,0,"empty,empty","empty,empty",NA,NA,0,0,NA,NA,NA,NA,NA,NA
1861-02-03 07:00:00,NA,"Ch0",NA,NA,NA,NA,NA,NA,NA,NA,NA,NA,NA,NA,NA,NA,NA,0
1861-02-03 14:00:00,NA,"Ch0",NA,NA,NA,NA,NA,NA,NA,NA,NA,NA,NA,NA,NA,NA,NA,0
1861-02-03 21:00:00,NA,"Ch0",NA,NA,NA,NA,NA,NA,NA,NA,NA,NA,NA,NA,NA,NA,NA,0
1861-02-04,NA,NA,NA,NA,4.42,0,"empty,empty","empty,empty",NA,84,0,0,NA,-0.65,-7.67,-8.78,1.33,NA
1861-02-04 07:00:00,NA,NA,180,NA,NA,NA,NA,NA,NA,NA,NA,NA,0.67,NA,NA,NA,NA,0
1861-02-04 14:00:00,NA,"Ch6",NA,3.79,NA,NA,NA,NA,68,NA,NA,NA,-0.39,NA,NA,NA,NA,1
1861-02-04 21:00:00,NA,NA,225,5.05,NA,NA,NA,NA,100,NA,NA,NA,-2.22,NA,NA,NA,NA,0
1861-02-05,NA,NA,NA,NA,4.17,0,"empty,empty","empty,empty",NA,77.5,0,0,NA,-1.82,-13.22,-3.61,0.94,NA
1861-02-05 07:00:00,NA,NA,180,4.37,NA,NA,NA,NA,88,NA,NA,NA,3.28,NA,NA,NA,NA,0
1861-02-05 14:00:00,NA,NA,NA,3.96,NA,NA,NA,NA,67,NA,NA,NA,-0.33,NA,NA,NA,NA,1
1861-02-05 21:00:00,NA,NA,NA,NA,NA,NA,NA,NA,NA,NA,NA,NA,-2.83,NA,NA,NA,NA,0
1861-02-06,NA,NA,NA,NA,4.59,0,"empty,empty","empty,empty",NA,87.33,0,0,NA,-1.69,-10.72,-5.28,1.78,NA
1861-02-06 07:00:00,NA,NA,180,4.3,NA,NA,NA,NA,75,NA,NA,NA,-0.28,NA,NA,NA,NA,11
1861-02-06 14:00:00,NA,NA,NA,5.72,NA,NA,NA,NA,95,NA,NA,NA,0.44,NA,NA,NA,NA,11
1861-02-06 21:00:00,NA,NA,0,3.76,NA,NA,NA,NA,92,NA,NA,NA,-5.22,NA,NA,NA,NA,1
1861-02-07,NA,NA,NA,NA,1.56,30.48,"1 pm,1 pm","1 pm,1 pm",NA,67.5,0,304.8,NA,-17.94,2.17,-25.22,-5.28,NA
1861-02-07 07:00:00,NA,NA,90,2.64,NA,NA,NA,NA,83,NA,NA,NA,-8.17,NA,NA,NA,NA,11
1861-02-07 14:00:00,NA,NA,315,0.14,NA,NA,NA,NA,52,NA,NA,NA,-20.44,NA,NA,NA,NA,34
1861-02-07 21:00:00,NA,NA,315,NA,NA,NA,NA,NA,NA,NA,NA,NA,-25.22,NA,NA,NA,NA,34
1861-02-08,NA,NA,NA,NA,1.03,0,"empty","empty",NA,69.66,30.48,NA,NA,-17.92,-9.11,-25.22,-16.56,NA
1861-02-08 07:00:00,NA,NA,247.5,0.78,NA,NA,NA,NA,65,NA,NA,NA,-20.17,NA,NA,NA,NA,2
1861-02-08 14:00:00,NA,NA,225,1.12,NA,NA,NA,NA,73,NA,NA,NA,-17.22,NA,NA,NA,NA,2
1861-02-08 21:00:00,NA,NA,112.5,1.19,NA,NA,NA,NA,71,NA,NA,NA,-16.39,NA,NA,NA,NA,0
1861-02-09,NA,NA,NA,NA,2.57,0,"empty,empty","empty,empty",NA,82,0,0,NA,-8.5,-6.39,-17,-5.61,NA
1861-02-09 07:00:00,NA,NA,NA,1.83,NA,NA,NA,NA,78,NA,NA,NA,-12.06,NA,NA,NA,NA,1
1861-02-09 14:00:00,NA,NA,90,2.64,NA,NA,NA,NA,77,NA,NA,NA,-6.89,NA,NA,NA,NA,1
1861-02-09 21:00:00,NA,NA,NA,3.25,NA,NA,NA,NA,91,NA,NA,NA,-6.56,NA,NA,NA,NA,0
1861-02-10,NA,NA,NA,NA,NA,0,"empty,empty","empty,empty",NA,NA,0,0,NA,NA,NA,NA,NA,NA
1861-02-10 07:00:00,NA,"Ch0",NA,NA,NA,NA,NA,NA,NA,NA,NA,NA,NA,NA,NA,NA,NA,0
1861-02-10 14:00:00,NA,"Ch0",NA,NA,NA,NA,NA,NA,NA,NA,NA,NA,NA,NA,NA,NA,NA,0
1861-02-10 21:00:00,NA,"Ch0",NA,NA,NA,NA,NA,NA,NA,NA,NA,NA,NA,NA,NA,NA,NA,0
1861-02-11,NA,NA,NA,NA,10.26,10.69,"12 am","empty",NA,86.33,0,0,NA,9.61,2.78,-7.11,13.44,NA
1861-02-11 07:00:00,NA,NA,NA,9.72,NA,NA,NA,NA,92,NA,NA,NA,7.94,NA,NA,NA,NA,1
1861-02-11 14:00:00,NA,"Ch6",NA,10.43,NA,NA,NA,NA,77,NA,NA,NA,11.56,NA,NA,NA,NA,1
1861-02-11 21:00:00,NA,"Ch6",180,10.63,NA,NA,NA,NA,90,NA,NA,NA,9.44,NA,NA,NA,NA,1
1861-02-12,NA,NA,NA,NA,6.05,0,"empty,empty","empty,empty",NA,82.33,10.69,0,NA,2.78,-7.39,-0.56,9.83,NA
1861-02-12 07:00:00,NA,"Ch6",180,7.31,NA,NA,NA,NA,84,NA,NA,NA,5.06,NA,NA,NA,NA,0
1861-02-12 14:00:00,NA,"Ch6",180,5.15,NA,NA,NA,NA,74,NA,NA,NA,2,NA,NA,NA,NA,11
1861-02-12 21:00:00,NA,NA,NA,5.69,NA,NA,NA,NA,89,NA,NA,NA,0.44,NA,NA,NA,NA,11
1861-02-13,NA,NA,NA,NA,5.06,0,"empty,empty","empty,empty",NA,82.33,0,0,NA,0.64,-13.22,-1.67,2.89,NA
1861-02-13 07:00:00,NA,"Ch6",NA,5.69,NA,NA,NA,NA,95,NA,NA,NA,0.33,NA,NA,NA,NA,2
1861-02-13 14:00:00,NA,NA,247.5,4.37,NA,NA,NA,NA,61,NA,NA,NA,2.22,NA,NA,NA,NA,1
1861-02-13 21:00:00,NA,NA,NA,5.11,NA,NA,NA,NA,91,NA,NA,NA,-0.61,NA,NA,NA,NA,0
1861-02-14,NA,NA,NA,NA,4.73,0,"empty,empty","empty,empty",NA,80.33,0,0,NA,-0.13,-15.33,-1.78,0.67,NA
1861-02-14 07:00:00,NA,"Ch8",90,4.27,NA,NA,NA,NA,79,NA,NA,NA,-1,NA,NA,NA,NA,1
1861-02-14 14:00:00,NA,"Ch6",67.5,3.93,NA,NA,NA,NA,66,NA,NA,NA,0.17,NA,NA,NA,NA,2
1861-02-14 21:00:00,NA,NA,90,5.99,NA,NA,NA,NA,96,NA,NA,NA,0.44,NA,NA,NA,NA,2
1861-02-15,NA,NA,NA,NA,6.08,24.91,"6:45 pm","empty",NA,95.66,0,0,NA,0.83,-16,-0.28,1.5,NA
1861-02-15 07:00:00,NA,NA,90,5.99,NA,NA,NA,NA,96,NA,NA,NA,0.44,NA,NA,NA,NA,0
1861-02-15 14:00:00,NA,NA,67.5,6.26,NA,NA,NA,NA,100,NA,NA,NA,0.5,NA,NA,NA,NA,0
1861-02-15 21:00:00,NA,"Ch6",NA,5.99,NA,NA,NA,NA,91,NA,NA,NA,1.56,NA,NA,NA,NA,0
1861-02-16,NA,NA,NA,NA,5.34,5.08,"empty","empty",NA,87.66,24.91,50.8,NA,0.46,-14.61,-1.11,2.06,NA
1861-02-16 07:00:00,NA,"Ch6",NA,5.11,NA,NA,NA,NA,85,NA,NA,NA,0,NA,NA,NA,NA,2
1861-02-16 14:00:00,NA,"Ch6",180,5.08,NA,NA,NA,NA,80,NA,NA,NA,1.22,NA,NA,NA,NA,1
1861-02-16 21:00:00,NA,NA,135,5.82,NA,NA,NA,NA,98,NA,NA,NA,0.17,NA,NA,NA,NA,0
1861-02-17,NA,NA,NA,NA,NA,0,"empty,empty","empty,empty",NA,NA,0,0,NA,NA,NA,NA,NA,NA
1861-02-17 07:00:00,NA,"Ch0",NA,NA,NA,NA,NA,NA,NA,NA,NA,NA,NA,NA,NA,NA,NA,0
1861-02-17 14:00:00,NA,"Ch0",NA,NA,NA,NA,NA,NA,NA,NA,NA,NA,NA,NA,NA,NA,NA,0
1861-02-17 21:00:00,NA,"Ch0",NA,NA,NA,NA,NA,NA,NA,NA,NA,NA,NA,NA,NA,NA,NA,0
1861-02-18,NA,NA,NA,NA,4.67,0,"empty,empty","empty,empty",NA,92.33,0,0,NA,-2.3,-13.5,-3.61,0.67,NA
1861-02-18 07:00:00,NA,"Ch6",180,4.27,NA,NA,NA,NA,90,NA,NA,NA,-3.44,NA,NA,NA,NA,1
1861-02-18 14:00:00,NA,"Cm8",225,4.98,NA,NA,NA,NA,94,NA,NA,NA,-1.11,NA,NA,NA,NA,1
1861-02-18 21:00:00,NA,NA,180,4.77,NA,NA,NA,NA,93,NA,NA,NA,-2.33,NA,NA,NA,NA,1
1861-02-19,NA,NA,NA,NA,4.58,0,"empty,empty","empty,empty",NA,83,0,0,NA,-1.02,-11.56,-5.56,0.67,NA
1861-02-19 07:00:00,NA,NA,180,4.57,NA,NA,NA,NA,93,NA,NA,NA,-2.89,NA,NA,NA,NA,0
1861-02-19 14:00:00,NA,NA,135,4.13,NA,NA,NA,NA,72,NA,NA,NA,-0.33,NA,NA,NA,NA,0
1861-02-19 21:00:00,NA,NA,NA,5.05,NA,NA,NA,NA,84,NA,NA,NA,0.17,NA,NA,NA,NA,0
1861-02-20,NA,NA,NA,NA,5.38,0,"empty","empty",NA,83.33,0,NA,NA,1,-12.61,-1.11,-1.5,NA
1861-02-20 07:00:00,NA,NA,NA,5.82,NA,NA,NA,NA,87,NA,NA,NA,1.44,NA,NA,NA,NA,1
1861-02-20 14:00:00,NA,NA,NA,5.18,NA,NA,NA,NA,77,NA,NA,NA,1.56,NA,NA,NA,NA,1
1861-02-20 21:00:00,NA,"Ch6",180,5.15,NA,NA,NA,NA,86,NA,NA,NA,0,NA,NA,NA,NA,1
1861-02-21,NA,NA,NA,NA,4.05,0,"empty","empty",NA,82.33,0,NA,NA,-2.36,-10.72,-6.39,0.67,NA
1861-02-21 07:00:00,NA,NA,270,4.06,NA,NA,NA,NA,84,NA,NA,NA,-2.61,NA,NA,NA,NA,5
1861-02-21 14:00:00,NA,"Ch6",270,3.79,NA,NA,NA,NA,72,NA,NA,NA,-1.67,NA,NA,NA,NA,2
1861-02-21 21:00:00,NA,"Ch6",270,4.3,NA,NA,NA,NA,91,NA,NA,NA,-2.78,NA,NA,NA,NA,20
1861-02-22,NA,NA,NA,NA,4.14,0,"9:30 am","empty",NA,94.33,0,NA,NA,-4.09,-14.33,-5.56,-2.11,NA
1861-02-22 07:00:00,NA,"Ch6",292.5,4.06,NA,NA,NA,NA,96,NA,NA,NA,-4.28,NA,NA,NA,NA,1
1861-02-22 14:00:00,NA,NA,180,4.33,NA,NA,NA,NA,92,NA,NA,NA,-3.44,NA,NA,NA,NA,0
1861-02-22 21:00:00,NA,NA,90,4.03,NA,NA,NA,NA,95,NA,NA,NA,-4.56,NA,NA,NA,NA,1
1861-02-23,NA,NA,NA,NA,5.17,15.24,"empty","empty",NA,85.33,NA,152.4,NA,0.11,-4.61,-5.56,7.61,NA
1861-02-23 07:00:00,NA,NA,90,4.88,NA,NA,NA,NA,92,NA,NA,NA,-2.33,NA,NA,NA,NA,0
1861-02-23 14:00:00,NA,NA,90,5.93,NA,NA,NA,NA,94,NA,NA,NA,0.44,NA,NA,NA,NA,0
1861-02-23 21:00:00,NA,"Ch6",180,4.84,NA,NA,NA,NA,70,NA,NA,NA,2.22,NA,NA,NA,NA,20
1861-02-24,NA,NA,NA,NA,NA,0,"empty,empty","empty,empty",NA,NA,0,0,NA,NA,NA,NA,NA,NA
1861-02-24 07:00:00,NA,"Ch0",NA,NA,NA,NA,NA,NA,NA,NA,NA,NA,NA,NA,NA,NA,NA,0
1861-02-24 14:00:00,NA,"Ch0",NA,NA,NA,NA,NA,NA,NA,NA,NA,NA,NA,NA,NA,NA,NA,0
1861-02-24 21:00:00,NA,"Ch0",NA,NA,NA,NA,NA,NA,NA,NA,NA,NA,NA,NA,NA,NA,NA,0
1861-02-25,NA,NA,NA,NA,4.86,0,"empty,empty","empty,empty",NA,80.33,0,0,NA,0.07,-1.22,-11.44,5.11,NA
1861-02-25 07:00:00,NA,"Ch8",180,3.42,NA,NA,NA,NA,91,NA,NA,NA,-5.67,NA,NA,NA,NA,1
1861-02-25 14:00:00,NA,"Ch6",180,4.57,NA,NA,NA,NA,68,NA,NA,NA,1.56,NA,NA,NA,NA,5
1861-02-25 21:00:00,NA,NA,180,6.71,NA,NA,NA,NA,82,NA,NA,NA,4.33,NA,NA,NA,NA,1
1861-02-26,NA,NA,NA,NA,5.82,0,"empty,empty","empty,empty",NA,75,0,0,NA,3.59,-9,0.83,9.61,NA
1861-02-26 07:00:00,NA,NA,180,5.22,NA,NA,NA,NA,74,NA,NA,NA,2.11,NA,NA,NA,NA,0
1861-02-26 14:00:00,NA,NA,225,6.43,NA,NA,NA,NA,70,NA,NA,NA,7.28,NA,NA,NA,NA,0
1861-02-26 21:00:00,NA,NA,180,5.82,NA,NA,NA,NA,81,NA,NA,NA,2.5,NA,NA,NA,NA,0
1861-02-27,NA,NA,NA,NA,7.22,0,"empty,empty","empty,empty",NA,86.33,0,0,NA,5.18,-7.22,-0.83,9.72,NA
1861-02-27 07:00:00,NA,NA,180,6.37,NA,NA,NA,NA,88,NA,NA,NA,3.11,NA,NA,NA,NA,0
1861-02-27 14:00:00,NA,"Cm8",180,8.16,NA,NA,NA,NA,78,NA,NA,NA,8.39,NA,NA,NA,NA,1
1861-02-27 21:00:00,NA,NA,180,7.15,NA,NA,NA,NA,93,NA,NA,NA,4.06,NA,NA,NA,NA,0
1861-02-28,NA,NA,NA,NA,8.51,0,"empty,empty","empty,empty",NA,92,0,0,NA,6.24,-7.94,1.67,11.5,NA
1861-02-28 07:00:00,NA,NA,180,9.04,NA,NA,NA,NA,95,NA,NA,NA,2.44,NA,NA,NA,NA,0
1861-02-28 14:00:00,NA,"Cm8",180,8.91,NA,NA,NA,NA,91,NA,NA,NA,7.06,NA,NA,NA,NA,0
1861-02-28 21:00:00,NA,NA,180,9.96,NA,NA,NA,NA,90,NA,NA,NA,9.22,NA,NA,NA,NA,1
1861-03-01,"empty",NA,NA,NA,8.65,0,"empty,empty","empty,empty",NA,87,0,0,NA,7.22,-7.94,3.61,13.44,NA
1861-03-01 07:00:00,NA,"Ch9",225,8.8,NA,NA,NA,NA,83,NA,NA,NA,8.06,NA,NA,NA,NA,1
1861-03-01 14:00:00,NA,"Ch9",270,8.16,NA,NA,NA,NA,78,NA,NA,NA,8.17,NA,NA,NA,NA,0
1861-03-01 21:00:00,NA,NA,NA,8.97,NA,NA,NA,NA,100,NA,NA,NA,5.44,NA,NA,NA,NA,0
1861-03-02,"empty",NA,NA,NA,8.64,0.83,"3:30 pm","empty",NA,100,0,0,NA,4.78,-6,2.5,14.28,NA
1861-03-02 07:00:00,NA,NA,90,7.59,NA,NA,NA,NA,100,NA,NA,NA,2.94,NA,NA,NA,NA,0
1861-03-02 14:00:00,NA,NA,90,10.7,NA,NA,NA,NA,100,NA,NA,NA,8.11,NA,NA,NA,NA,0
1861-03-02 21:00:00,NA,NA,NA,7.62,NA,NA,NA,NA,100,NA,NA,NA,3.33,NA,NA,NA,NA,0
1861-03-03,"empty",NA,NA,NA,NA,0,"12 am","empty",NA,NA,0.83,0,NA,NA,NA,NA,NA,NA
1861-03-03 07:00:00,NA,"Ch0",NA,NA,NA,NA,NA,NA,NA,NA,NA,NA,NA,NA,NA,NA,NA,0
1861-03-03 14:00:00,NA,"Ch0",NA,NA,NA,NA,NA,NA,NA,NA,NA,NA,NA,NA,NA,NA,NA,0
1861-03-03 21:00:00,NA,"Ch0",NA,NA,NA,NA,NA,NA,NA,NA,NA,NA,NA,NA,NA,NA,NA,0
1861-03-04,"empty",NA,NA,NA,4.82,0,"empty,empty","empty,empty",NA,76,12.54,0,NA,0.89,-1,-1.94,14.83,NA
1861-03-04 07:00:00,NA,NA,180,5.99,NA,NA,NA,NA,90,NA,NA,NA,1.39,NA,NA,NA,NA,2
1861-03-04 14:00:00,NA,"Ch9",NA,4.81,NA,NA,NA,NA,70,NA,NA,NA,2.44,NA,NA,NA,NA,5
1861-03-04 21:00:00,NA,"Cm2",225,3.66,NA,NA,NA,NA,68,NA,NA,NA,-1.17,NA,NA,NA,NA,34
1861-03-05,"empty",NA,NA,NA,3.87,0,"empty,empty","empty,empty",NA,99.33,0,0,NA,-5.32,-12.11,-6.67,-1,NA
1861-03-05 07:00:00,NA,"Ch9",270,3.83,NA,NA,NA,NA,100,NA,NA,NA,-5.39,NA,NA,NA,NA,5
1861-03-05 14:00:00,NA,"Ch6",270,4.2,NA,NA,NA,NA,100,NA,NA,NA,-4.44,NA,NA,NA,NA,11
1861-03-05 21:00:00,NA,"Cm2",270,3.59,NA,NA,NA,NA,98,NA,NA,NA,-6.11,NA,NA,NA,NA,2
1861-03-06,"empty",NA,NA,NA,2.86,0,"empty,empty","empty,empty",NA,70.33,0,0,NA,-5,-7.61,-11.17,-1,NA
1861-03-06 07:00:00,NA,"Ch6",225,3.86,NA,NA,NA,NA,78,NA,NA,NA,-2.67,NA,NA,NA,NA,11
1861-03-06 14:00:00,NA,"Ch6",270,2.4,NA,NA,NA,NA,48,NA,NA,NA,-2.22,NA,NA,NA,NA,27
1861-03-06 21:00:00,NA,"Cl9",270,2.34,NA,NA,NA,NA,85,NA,NA,NA,-10.11,NA,NA,NA,NA,34
1861-03-07,"empty",NA,NA,NA,1.93,0,"empty,empty","empty,empty",NA,82,0,0,NA,-11.89,-11.5,-15.44,-9.17,NA
1861-03-07 07:00:00,NA,NA,0,1.56,NA,NA,NA,NA,81,NA,NA,NA,-14,NA,NA,NA,NA,1
1861-03-07 14:00:00,NA,NA,NA,1.66,NA,NA,NA,NA,74,NA,NA,NA,-12.33,NA,NA,NA,NA,0
1861-03-07 21:00:00,NA,NA,90,2.57,NA,NA,NA,NA,91,NA,NA,NA,-9.33,NA,NA,NA,NA,0
1861-03-08,"empty",NA,NA,NA,4.93,0,"empty,empty","empty,empty",NA,70.66,0,0,NA,2.39,4.17,-10.33,11.61,NA
1861-03-08 07:00:00,NA,NA,90,3.39,NA,NA,NA,NA,89,NA,NA,NA,-5.67,NA,NA,NA,NA,0
1861-03-08 14:00:00,NA,NA,180,5.25,NA,NA,NA,NA,45,NA,NA,NA,9.33,NA,NA,NA,NA,2
1861-03-08 21:00:00,NA,NA,180,6.16,NA,NA,NA,NA,78,NA,NA,NA,3.5,NA,NA,NA,NA,0
1861-03-09,"empty",NA,NA,NA,6.11,2.54,"empty","empty",NA,91.66,0,25.4,NA,1.78,-12.83,0,4.94,NA
1861-03-09 07:00:00,NA,NA,270,6.37,NA,NA,NA,NA,100,NA,NA,NA,1,NA,NA,NA,NA,0
1861-03-09 14:00:00,NA,"Ch6",247.5,6.23,NA,NA,NA,NA,85,NA,NA,NA,3.06,NA,NA,NA,NA,1
1861-03-09 21:00:00,NA,NA,225,5.72,NA,NA,NA,NA,90,NA,NA,NA,1.28,NA,NA,NA,NA,1
1861-03-10,"empty",NA,NA,NA,NA,0,"empty,empty","empty,empty",NA,NA,0,0,NA,NA,NA,NA,NA,NA
1861-03-10 07:00:00,NA,"Ch0",NA,NA,NA,NA,NA,NA,NA,NA,NA,NA,NA,NA,NA,NA,NA,0
1861-03-10 14:00:00,NA,"Ch0",NA,NA,NA,NA,NA,NA,NA,NA,NA,NA,NA,NA,NA,NA,NA,0
1861-03-10 21:00:00,NA,"Ch0",NA,NA,NA,NA,NA,NA,NA,NA,NA,NA,NA,NA,NA,NA,NA,0
1861-03-11,"empty",NA,NA,NA,4.85,0,"empty,empty","empty,empty",NA,94.66,0,0,NA,-2.36,-5.83,-9.33,2.61,NA
1861-03-11 07:00:00,NA,"Ch6",180,3.35,NA,NA,NA,NA,93,NA,NA,NA,-6.67,NA,NA,NA,NA,1
1861-03-11 14:00:00,NA,"Ch6",NA,5.52,NA,NA,NA,NA,96,NA,NA,NA,-0.39,NA,NA,NA,NA,2
1861-03-11 21:00:00,NA,NA,180,5.69,NA,NA,NA,NA,95,NA,NA,NA,0.11,NA,NA,NA,NA,27
1861-03-12,"empty",NA,NA,NA,4.76,0,"empty,empty","empty,empty",NA,91.33,0,0,NA,-1.87,-10.94,-4.44,2.39,NA
1861-03-12 07:00:00,NA,NA,NA,5.42,NA,NA,NA,NA,94,NA,NA,NA,0,NA,NA,NA,NA,1
1861-03-12 14:00:00,NA,NA,90,4.27,NA,NA,NA,NA,80,NA,NA,NA,-1.78,NA,NA,NA,NA,2
1861-03-12 21:00:00,NA,NA,90,4.61,NA,NA,NA,NA,100,NA,NA,NA,-3.83,NA,NA,NA,NA,2
1861-03-13,"empty",NA,NA,NA,4.17,2.54,"empty","empty",NA,91.33,0,25.4,NA,-3.65,-13.33,-5.28,-0.83,NA
1861-03-13 07:00:00,NA,NA,315,4.4,NA,NA,NA,NA,100,NA,NA,NA,-4.39,NA,NA,NA,NA,0
1861-03-13 14:00:00,NA,"Ch6",NA,3.96,NA,NA,NA,NA,82,NA,NA,NA,-2.56,NA,NA,NA,NA,1
1861-03-13 21:00:00,NA,NA,0,4.13,NA,NA,NA,NA,92,NA,NA,NA,-4,NA,NA,NA,NA,1
1861-03-14,"empty",NA,NA,NA,3.78,0,"empty,empty","empty,empty",NA,94.33,0,0,NA,-4.94,-13.22,-6.67,-2.11,NA
1861-03-14 07:00:00,NA,NA,90,3.93,NA,NA,NA,NA,97,NA,NA,NA,-4.72,NA,NA,NA,NA,1
1861-03-14 14:00:00,NA,"Ch6",90,3.96,NA,NA,NA,NA,87,NA,NA,NA,-3.17,NA,NA,NA,NA,1
1861-03-14 21:00:00,NA,NA,NA,3.45,NA,NA,NA,NA,99,NA,NA,NA,-6.94,NA,NA,NA,NA,0
1861-03-15,"empty",NA,NA,NA,4.62,0,"empty,empty","empty,empty",NA,89.32,0,0,NA,-2,-5.56,-8.78,3.44,NA
1861-03-15 07:00:00,NA,NA,180,4.1,NA,NA,NA,NA,89,NA,NA,NA,-5,NA,NA,NA,NA,0
1861-03-15 14:00:00,NA,"Ch6",180,5.18,NA,NA,NA,NA,82,NA,NA,NA,1.06,NA,NA,NA,NA,0
1861-03-15 21:00:00,NA,NA,NA,4.57,NA,NA,NA,NA,88,NA,NA,NA,-2.06,NA,NA,NA,NA,0
1861-03-16,"empty",NA,NA,NA,6.12,0,"empty,empty","empty,empty",NA,86.33,0,0,NA,1.74,-5.06,-4.44,8.28,NA
1861-03-16 07:00:00,NA,NA,180,4.54,NA,NA,NA,NA,81,NA,NA,NA,-0.67,NA,NA,NA,NA,0
1861-03-16 14:00:00,NA,"Cm8",180,9.41,NA,NA,NA,NA,100,NA,NA,NA,7,NA,NA,NA,NA,1
1861-03-16 21:00:00,NA,NA,270,4.4,NA,NA,NA,NA,78,NA,NA,NA,-1.11,NA,NA,NA,NA,34
1861-03-17,"empty",NA,NA,NA,NA,0,"empty,empty","empty,empty",NA,NA,0,0,NA,NA,NA,NA,NA,NA
1861-03-17 07:00:00,NA,"Ch0",NA,NA,NA,NA,NA,NA,NA,NA,NA,NA,NA,NA,NA,NA,NA,0
1861-03-17 14:00:00,NA,"Ch0",NA,NA,NA,NA,NA,NA,NA,NA,NA,NA,NA,NA,NA,NA,NA,0
1861-03-17 21:00:00,NA,"Ch0",NA,NA,NA,NA,NA,NA,NA,NA,NA,NA,NA,NA,NA,NA,NA,0
1861-03-18,"empty",NA,NA,NA,2.66,0,"empty,empty","empty,empty",NA,91.66,0,0,NA,-10.06,-0.94,-15.89,0.94,NA
1861-03-18 07:00:00,NA,NA,45,1.76,NA,NA,NA,NA,87,NA,NA,NA,-13.67,NA,NA,NA,NA,1
1861-03-18 14:00:00,NA,"Ch6",45,2.1,NA,NA,NA,NA,89,NA,NA,NA,-11.67,NA,NA,NA,NA,1
1861-03-18 21:00:00,NA,NA,90,4.13,NA,NA,NA,NA,99,NA,NA,NA,-4.83,NA,NA,NA,NA,0
1861-03-19,"empty",NA,NA,NA,3.52,0,"empty,empty","empty,empty",NA,96,0,0,NA,-6.41,-4.44,-13.22,0.11,NA
1861-03-19 07:00:00,NA,NA,90,4.06,NA,NA,NA,NA,98,NA,NA,NA,-4.83,NA,NA,NA,NA,1
1861-03-19 14:00:00,NA,NA,45,3.69,NA,NA,NA,NA,100,NA,NA,NA,-6.22,NA,NA,NA,NA,1
1861-03-19 21:00:00,NA,NA,90,2.81,NA,NA,NA,NA,90,NA,NA,NA,-8.17,NA,NA,NA,NA,1
1861-03-20,"empty",NA,NA,NA,4.27,0,"empty,empty","empty,empty",NA,90.33,0,0,NA,-3.44,-6.22,-10.61,0.94,NA
1861-03-20 07:00:00,NA,NA,90,3.18,NA,NA,NA,NA,93,NA,NA,NA,-7.17,NA,NA,NA,NA,0
1861-03-20 14:00:00,NA,NA,45,4.3,NA,NA,NA,NA,81,NA,NA,NA,-1.67,NA,NA,NA,NA,1
1861-03-20 21:00:00,NA,"Ch6",90,5.32,NA,NA,NA,NA,97,NA,NA,NA,-1.5,NA,NA,NA,NA,1
1861-03-21,"empty",NA,NA,NA,4.29,1.27,"empty","empty",NA,87.66,0,12.7,NA,-2.58,-12.28,-5.28,0.22,NA
1861-03-21 07:00:00,NA,NA,180,4.03,NA,NA,NA,NA,96,NA,NA,NA,-4.67,NA,NA,NA,NA,1
1861-03-21 14:00:00,NA,NA,292.5,4.67,NA,NA,NA,NA,90,NA,NA,NA,-2,NA,NA,NA,NA,1
1861-03-21 21:00:00,NA,NA,0,4.17,NA,NA,NA,NA,77,NA,NA,NA,-1.06,NA,NA,NA,NA,1
1861-03-22,"empty",NA,NA,NA,4.22,0,"empty","empty",NA,73.66,0,NA,NA,-0.5,-10.44,-2.78,4.56,NA
1861-03-22 07:00:00,NA,NA,270,3.96,NA,NA,NA,NA,72,NA,NA,NA,-1.11,NA,NA,NA,NA,1
1861-03-22 14:00:00,NA,NA,270,4.2,NA,NA,NA,NA,63,NA,NA,NA,1.56,NA,NA,NA,NA,0
1861-03-22 21:00:00,NA,NA,180,4.5,NA,NA,NA,NA,86,NA,NA,NA,-1.94,NA,NA,NA,NA,0
1861-03-23,"empty",NA,NA,NA,5.35,1.82,"8:30 am","empty",NA,65.33,0,0,NA,4.57,-4.78,-2.33,10.67,NA
1861-03-23 07:00:00,NA,"Cm8",180,4.57,NA,NA,NA,NA,61,NA,NA,NA,3.5,NA,NA,NA,NA,0
1861-03-23 14:00:00,NA,"Cm8",135,6.6,NA,NA,NA,NA,68,NA,NA,NA,7.56,NA,NA,NA,NA,0
1861-03-23 21:00:00,NA,"Cm8",NA,4.88,NA,NA,NA,NA,67,NA,NA,NA,2.67,NA,NA,NA,NA,27
1861-03-24,"empty",NA,NA,NA,NA,0,"empty","empty",NA,NA,1.82,NA,NA,NA,NA,NA,NA,NA
1861-03-24 07:00:00,NA,"Ch0",NA,NA,NA,NA,NA,NA,NA,NA,NA,NA,NA,NA,NA,NA,NA,0
1861-03-24 14:00:00,NA,"Ch0",NA,NA,NA,NA,NA,NA,NA,NA,NA,NA,NA,NA,NA,NA,NA,0
1861-03-24 21:00:00,NA,"Ch0",NA,NA,NA,NA,NA,NA,NA,NA,NA,NA,NA,NA,NA,NA,NA,0
1861-03-25,"empty",NA,NA,NA,5.81,0,"empty,empty","empty,empty",NA,74.66,0,0,NA,4.28,-2.33,-3.61,11.83,NA
1861-03-25 07:00:00,NA,NA,180,4.74,NA,NA,NA,NA,77,NA,NA,NA,0.17,NA,NA,NA,NA,0
1861-03-25 14:00:00,NA,NA,180,5.69,NA,NA,NA,NA,47,NA,NA,NA,10.44,NA,NA,NA,NA,0
1861-03-25 21:00:00,NA,NA,180,7.01,NA,NA,NA,NA,100,NA,NA,NA,2.22,NA,NA,NA,NA,0
1861-03-26,"empty",NA,NA,NA,9.67,17.82,"6:15 pm","empty",NA,94.33,0,0,NA,7.85,-6,1.94,13.72,NA
1861-03-26 07:00:00,NA,"Cm8",180,9.72,NA,NA,NA,NA,99,NA,NA,NA,7.67,NA,NA,NA,NA,1
1861-03-26 14:00:00,NA,NA,180,11.65,NA,NA,NA,NA,84,NA,NA,NA,12.67,NA,NA,NA,NA,1
1861-03-26 21:00:00,NA,NA,90,7.65,NA,NA,NA,NA,100,NA,NA,NA,3.22,NA,NA,NA,NA,1
1861-03-27,"empty",NA,NA,NA,6.78,7.59,"5 pm","empty",NA,75.33,17.82,0,NA,5.59,-7.39,-0.28,10.11,NA
1861-03-27 07:00:00,NA,"Ch6",180,9.31,NA,NA,NA,NA,92,NA,NA,NA,8,NA,NA,NA,NA,2
1861-03-27 14:00:00,NA,"Ch6",NA,6.37,NA,NA,NA,NA,68,NA,NA,NA,6.67,NA,NA,NA,NA,5
1861-03-27 21:00:00,NA,NA,225,4.67,NA,NA,NA,NA,66,NA,NA,NA,2.11,NA,NA,NA,NA,16
1861-03-28,"empty",NA,NA,NA,5.22,0,"empty","empty",NA,78.33,7.59,NA,NA,1.74,-11.56,-2.22,4,NA
1861-03-28 07:00:00,NA,"Ch6",225,4.91,NA,NA,NA,NA,76,NA,NA,NA,1.56,NA,NA,NA,NA,11
1861-03-28 14:00:00,NA,"Ch6",270,5.42,NA,NA,NA,NA,83,NA,NA,NA,1.11,NA,NA,NA,NA,5
1861-03-28 21:00:00,NA,NA,90,5.32,NA,NA,NA,NA,76,NA,NA,NA,2.56,NA,NA,NA,NA,0
1861-03-29,"empty",NA,NA,NA,8.01,0,"11 am","empty",NA,71.5,0,0,NA,8.64,-6.28,0.56,12.06,NA
1861-03-29 07:00:00,NA,"Ch6",90,5.76,NA,NA,NA,NA,66,NA,NA,NA,5.17,NA,NA,NA,NA,1
1861-03-29 14:00:00,NA,NA,NA,NA,NA,NA,NA,NA,NA,NA,NA,NA,NA,NA,NA,NA,NA,NA
1861-03-29 21:00:00,NA,NA,135,10.26,NA,NA,NA,NA,77,NA,NA,NA,12.11,NA,NA,NA,NA,2
1861-03-30,"empty",NA,NA,NA,5.45,12.37,"1 pm","empty",NA,83.5,0,0,NA,1.47,-1,-1.94,14.83,NA
1861-03-30 07:00:00,NA,NA,292.5,5.62,NA,NA,NA,NA,87,NA,NA,NA,1.28,NA,NA,NA,NA,5
1861-03-30 14:00:00,NA,NA,315,5.28,NA,NA,NA,NA,80,NA,NA,NA,1.67,NA,NA,NA,NA,5
1861-03-30 21:00:00,NA,NA,NA,NA,NA,NA,NA,NA,NA,NA,NA,NA,NA,NA,NA,NA,NA,NA
1861-03-31,"empty",NA,NA,NA,NA,0,"empty,empty","empty,empty",NA,NA,12.37,0,NA,NA,NA,NA,NA,NA
1861-03-31 07:00:00,NA,"Ch0",NA,NA,NA,NA,NA,NA,NA,NA,NA,NA,NA,NA,NA,NA,NA,0
1861-03-31 14:00:00,NA,"Ch0",NA,NA,NA,NA,NA,NA,NA,NA,NA,NA,NA,NA,NA,NA,NA,0
1861-03-31 21:00:00,NA,"Ch0",NA,NA,NA,NA,NA,NA,NA,NA,NA,NA,NA,NA,NA,NA,NA,0
1861-04-01,"empty",NA,NA,NA,5.77,7.62,"empty","empty",NA,89.6,0,76.2,NA,1.02,-14.06,-1.94,1.78,NA
1861-04-01 07:00:00,NA,NA,90,4.74,NA,NA,NA,NA,69,NA,NA,NA,1.78,NA,NA,NA,NA,1
1861-04-01 14:00:00,NA,NA,90,6.13,NA,NA,NA,NA,100,NA,NA,NA,0.17,NA,NA,NA,NA,1
1861-04-01 21:00:00,NA,NA,180,6.43,NA,NA,NA,NA,100,NA,NA,NA,1.11,NA,NA,NA,NA,1
1861-04-02,"empty",NA,NA,NA,6.05,5.08,"empty","empty",NA,88.33,0,50.8,NA,1.92,-15.39,0.22,2.61,NA
1861-04-02 07:00:00,NA,NA,180,5.76,NA,NA,NA,NA,91,NA,NA,NA,0.89,NA,NA,NA,NA,1
1861-04-02 14:00:00,NA,"Cm8",NA,5.93,NA,NA,NA,NA,84,NA,NA,NA,2.11,NA,NA,NA,NA,0
1861-04-02 21:00:00,NA,NA,180,6.47,NA,NA,NA,NA,90,NA,NA,NA,2.78,NA,NA,NA,NA,0
1861-04-03,"empty",NA,NA,NA,5.73,0,"empty,empty","empty,empty",NA,83,0,0,NA,1.81,-11.39,-2.5,3.89,NA
1861-04-03 07:00:00,NA,NA,180,6.03,NA,NA,NA,NA,76,NA,NA,NA,3.78,NA,NA,NA,NA,0
1861-04-03 14:00:00,NA,NA,270,5.66,NA,NA,NA,NA,83,NA,NA,NA,1.56,NA,NA,NA,NA,0
1861-04-03 21:00:00,NA,NA,90,5.52,NA,NA,NA,NA,90,NA,NA,NA,0.11,NA,NA,NA,NA,0
1861-04-04,"empty",NA,NA,NA,5.7,0,"empty,empty","empty,empty",NA,86,0,0,NA,1.78,-12.39,-1.39,4,NA
1861-04-04 07:00:00,NA,NA,90,5.49,NA,NA,NA,NA,74,NA,NA,NA,3.22,NA,NA,NA,NA,0
1861-04-04 14:00:00,NA,"Cm8",0,6.2,NA,NA,NA,NA,90,NA,NA,NA,2.11,NA,NA,NA,NA,1
1861-04-04 21:00:00,NA,NA,90,5.42,NA,NA,NA,NA,94,NA,NA,NA,0,NA,NA,NA,NA,0
1861-04-05,"empty",NA,NA,NA,6.39,0,"empty,empty","empty,empty",NA,90,0,0,NA,2.76,-8.44,-2.5,6.83,NA
1861-04-05 07:00:00,NA,NA,90,6.6,NA,NA,NA,NA,93,NA,NA,NA,2.83,NA,NA,NA,NA,0
1861-04-05 14:00:00,NA,NA,45,6.16,NA,NA,NA,NA,83,NA,NA,NA,3.39,NA,NA,NA,NA,0
1861-04-05 21:00:00,NA,NA,90,6.4,NA,NA,NA,NA,94,NA,NA,NA,2.06,NA,NA,NA,NA,1
1861-04-06,"empty",NA,NA,NA,6.16,0,"empty,empty","empty,empty",NA,73.33,0,0,NA,5.07,-8.67,-0.78,8.33,NA
1861-04-06 07:00:00,NA,NA,45,6.67,NA,NA,NA,NA,83,NA,NA,NA,4.44,NA,NA,NA,NA,1
1861-04-06 14:00:00,NA,"Ch6",45,6.06,NA,NA,NA,NA,71,NA,NA,NA,5,NA,NA,NA,NA,2
1861-04-06 21:00:00,NA,NA,90,5.76,NA,NA,NA,NA,66,NA,NA,NA,5.78,NA,NA,NA,NA,1
1861-04-07,"empty",NA,NA,NA,NA,0,"empty,empty","empty,empty",NA,NA,0,0,NA,NA,NA,NA,NA,NA
1861-04-07 07:00:00,NA,"Ch0",NA,NA,NA,NA,NA,NA,NA,NA,NA,NA,NA,NA,NA,NA,NA,0
1861-04-07 14:00:00,NA,"Ch0",NA,NA,NA,NA,NA,NA,NA,NA,NA,NA,NA,NA,NA,NA,NA,0
1861-04-07 21:00:00,NA,"Ch0",NA,NA,NA,NA,NA,NA,NA,NA,NA,NA,NA,NA,NA,NA,NA,0
1861-04-08,"empty",NA,NA,NA,7.54,0,"empty,empty","empty,empty",NA,71,0,0,NA,8.48,-5.89,1.67,13.56,NA
1861-04-08 07:00:00,NA,NA,90,6.84,NA,NA,NA,NA,71,NA,NA,NA,7.11,NA,NA,NA,NA,0
1861-04-08 14:00:00,NA,"Cm8",112.5,8.4,NA,NA,NA,NA,61,NA,NA,NA,11.94,NA,NA,NA,NA,1
1861-04-08 21:00:00,NA,NA,90,7.38,NA,NA,NA,NA,81,NA,NA,NA,6.39,NA,NA,NA,NA,0
1861-04-09,"empty",NA,NA,NA,7.86,4.46,"am","am",NA,90.33,0,0,NA,5.37,-12.22,2.78,8.33,NA
1861-04-09 07:00:00,NA,NA,90,7.21,NA,NA,NA,NA,94,NA,NA,NA,3.78,NA,NA,NA,NA,1
1861-04-09 14:00:00,NA,"Ch6",45,7.15,NA,NA,NA,NA,87,NA,NA,NA,4.78,NA,NA,NA,NA,5
1861-04-09 21:00:00,NA,NA,90,9.21,NA,NA,NA,NA,90,NA,NA,NA,7.56,NA,NA,NA,NA,1
1861-04-10,"empty",NA,NA,NA,6.99,0,"empty,empty","empty,empty",NA,91.66,4.46,0,NA,3.81,-9.06,-0.56,8.17,NA
1861-04-10 07:00:00,NA,NA,90,7.31,NA,NA,NA,NA,85,NA,NA,NA,5.56,NA,NA,NA,NA,0
1861-04-10 14:00:00,NA,NA,45,7.28,NA,NA,NA,NA,90,NA,NA,NA,4.5,NA,NA,NA,NA,0
1861-04-10 21:00:00,NA,NA,90,6.37,NA,NA,NA,NA,100,NA,NA,NA,12.5,NA,NA,NA,NA,0
1861-04-11,"empty",NA,NA,NA,9.59,0,"empty,empty","empty,empty",NA,95.33,0,0,NA,7.33,-5.06,-0.94,11.78,NA
1861-04-11 07:00:00,NA,NA,67.5,8.57,NA,NA,NA,NA,91,NA,NA,NA,6.56,NA,NA,NA,NA,0
1861-04-11 14:00:00,NA,NA,67.5,8.6,NA,NA,NA,NA,98,NA,NA,NA,5.56,NA,NA,NA,NA,1
1861-04-11 21:00:00,NA,NA,112.5,11.62,NA,NA,NA,NA,97,NA,NA,NA,9.89,NA,NA,NA,NA,1
1861-04-12,"empty",NA,NA,NA,11.05,0.99,"not known","6 am",NA,81.66,0,NA,NA,12.63,-4.89,5.28,18.17,NA
1861-04-12 07:00:00,NA,"Cm8",180,9.38,NA,NA,NA,NA,80,NA,NA,NA,10.11,NA,NA,NA,NA,1
1861-04-12 14:00:00,NA,"Cm8",180,12.43,NA,NA,NA,NA,65,NA,NA,NA,17.89,NA,NA,NA,NA,1
1861-04-12 21:00:00,NA,NA,180,11.34,NA,NA,NA,NA,100,NA,NA,NA,9.89,NA,NA,NA,NA,1
1861-04-13,"empty",NA,NA,NA,11.2,5.12,"6:45 pm","empty",NA,92.66,0.99,0,NA,-6.52,-7.11,5.83,16.5,NA
1861-04-13 07:00:00,NA,"Cm8",180,11.99,NA,NA,NA,NA,96,NA,NA,NA,10.72,NA,NA,NA,NA,0
1861-04-13 14:00:00,NA,"Ch6",90,11.38,NA,NA,NA,NA,94,NA,NA,NA,9.94,NA,NA,NA,NA,0
1861-04-13 21:00:00,NA,NA,180,10.23,NA,NA,NA,NA,88,NA,NA,NA,9.78,NA,NA,NA,NA,1
1861-04-14,"empty",NA,NA,NA,NA,0,"empty,empty","empty,empty",NA,NA,5.12,0,NA,NA,NA,NA,NA,NA
1861-04-14 07:00:00,NA,"Ch0",NA,NA,NA,NA,NA,NA,NA,NA,NA,NA,NA,NA,NA,NA,NA,0
1861-04-14 14:00:00,NA,"Ch0",NA,NA,NA,NA,NA,NA,NA,NA,NA,NA,NA,NA,NA,NA,NA,0
1861-04-14 21:00:00,NA,"Ch0",NA,NA,NA,NA,NA,NA,NA,NA,NA,NA,NA,NA,NA,NA,NA,0
1861-04-15,"empty",NA,NA,NA,5.96,0,"empty,empty","empty,empty",NA,84.33,0,0,NA,2.5,-9.06,0.83,9.56,NA
1861-04-15 07:00:00,NA,NA,270,5.89,NA,NA,NA,NA,83,NA,NA,NA,2.61,NA,NA,NA,NA,0
1861-04-15 14:00:00,NA,"Cm8",45,6.23,NA,NA,NA,NA,85,NA,NA,NA,3.33,NA,NA,NA,NA,0
1861-04-15 21:00:00,NA,NA,180,5.76,NA,NA,NA,NA,85,NA,NA,NA,1.56,NA,NA,NA,NA,0
1861-04-16,"empty",NA,NA,NA,6.33,0,"empty,empty","empty,empty",NA,87,0,0,NA,2.67,-12.39,-0.56,4.83,NA
1861-04-16 07:00:00,NA,"Cm8",90,6.03,NA,NA,NA,NA,86,NA,NA,NA,2.11,NA,NA,NA,NA,2
1861-04-16 14:00:00,NA,NA,0,6.64,NA,NA,NA,NA,88,NA,NA,NA,3.22,NA,NA,NA,NA,1
1861-04-16 21:00:00,NA,NA,45,NA,NA,NA,NA,NA,NA,NA,NA,NA,NA,NA,NA,NA,NA,2
1861-04-17,"empty",NA,NA,NA,6.15,2.54,"empty","empty",NA,85,0,25.4,NA,2.67,-10.78,-0.89,6.11,NA
1861-04-17 07:00:00,NA,NA,NA,5.42,NA,NA,NA,NA,83,NA,NA,NA,1,NA,NA,NA,NA,1
1861-04-17 14:00:00,NA,"Ch6",292.5,7.96,NA,NA,NA,NA,97,NA,NA,NA,4.89,NA,NA,NA,NA,1
1861-04-17 21:00:00,NA,NA,270,5.08,NA,NA,NA,NA,75,NA,NA,NA,2.11,NA,NA,NA,NA,2
1861-04-18,"empty",NA,NA,NA,5.82,2.64,"empty","empty",NA,93,0,25.4,NA,0.78,-12.83,-2.06,2.89,NA
1861-04-18 07:00:00,NA,NA,180,5.05,NA,NA,NA,NA,79,NA,NA,NA,1.28,NA,NA,NA,NA,0
1861-04-18 14:00:00,NA,NA,135,6.16,NA,NA,NA,NA,100,NA,NA,NA,0.72,NA,NA,NA,NA,0
1861-04-18 21:00:00,NA,NA,90,6.26,NA,NA,NA,NA,100,NA,NA,NA,0.33,NA,NA,NA,NA,1
1861-04-19,"empty",NA,NA,NA,5.33,4.12,"empty","empty",NA,74,0,40.64,NA,2.68,-10.22,-0.67,6.89,NA
1861-04-19 07:00:00,NA,NA,0,4.5,NA,NA,NA,NA,66,NA,NA,NA,1.67,NA,NA,NA,NA,1
1861-04-19 14:00:00,NA,NA,315,5.38,NA,NA,NA,NA,69,NA,NA,NA,3.78,NA,NA,NA,NA,1
1861-04-19 21:00:00,NA,"Cm8",270,6.1,NA,NA,NA,NA,87,NA,NA,NA,2.61,NA,NA,NA,NA,1
1861-04-20,"empty",NA,NA,NA,6.56,0,"empty,empty","empty,empty",NA,71,0,0,NA,6.57,-7.61,-0.22,9.94,NA
1861-04-20 07:00:00,NA,NA,270,6.03,NA,NA,NA,NA,71,NA,NA,NA,5.06,NA,NA,NA,NA,0
1861-04-20 14:00:00,NA,"Cm8",180,6.2,NA,NA,NA,NA,54,NA,NA,NA,9.33,NA,NA,NA,NA,5
1861-04-20 21:00:00,NA,NA,225,7.45,NA,NA,NA,NA,88,NA,NA,NA,5.33,NA,NA,NA,NA,0
1861-04-21,"empty",NA,NA,NA,NA,0,"empty,empty","empty,empty",NA,NA,0,0,NA,NA,NA,NA,NA,NA
1861-04-21 07:00:00,NA,"Ch0",NA,NA,NA,NA,NA,NA,NA,NA,NA,NA,NA,NA,NA,NA,NA,0
1861-04-21 14:00:00,NA,"Ch0",NA,NA,NA,NA,NA,NA,NA,NA,NA,NA,NA,NA,NA,NA,NA,0
1861-04-21 21:00:00,NA,"Ch0",NA,NA,NA,NA,NA,NA,NA,NA,NA,NA,NA,NA,NA,NA,NA,0
1861-04-22,"empty",NA,NA,NA,13.23,0,"empty,empty","empty,empty",NA,79.33,0,0,NA,15.28,5,2.5,25.28,NA
1861-04-22 07:00:00,NA,NA,270,8.77,NA,NA,NA,NA,92,NA,NA,NA,6.39,NA,NA,NA,NA,0
1861-04-22 14:00:00,NA,NA,180,14.9,NA,NA,NA,NA,58,NA,NA,NA,22.44,NA,NA,NA,NA,27
1861-04-22 21:00:00,NA,NA,270,16.02,NA,NA,NA,NA,88,NA,NA,NA,17,NA,NA,NA,NA,1
1861-04-23,"empty",NA,NA,NA,10.3,0,"empty,empty","empty,empty",NA,99,0,0,NA,8.17,-1.17,5.22,18.5,NA
1861-04-23 07:00:00,NA,"Cm8",270,11.41,NA,NA,NA,NA,100,NA,NA,NA,9.56,NA,NA,NA,NA,0
1861-04-23 14:00:00,NA,"Cm8",67.5,10.84,NA,NA,NA,NA,98,NA,NA,NA,9.61,NA,NA,NA,NA,0
1861-04-23 21:00:00,NA,"Cm8",45,8.67,NA,NA,NA,NA,99,NA,NA,NA,5.33,NA,NA,NA,NA,0
1861-04-24,"empty",NA,NA,NA,11.16,4.95,"2:30 pm","empty",NA,85,0,0,NA,11.61,-5.61,4.61,16.78,NA
1861-04-24 07:00:00,NA,"Cm8",180,13.11,NA,NA,NA,NA,99,NA,NA,NA,11.39,NA,NA,NA,NA,1
1861-04-24 14:00:00,NA,"Cm8",NA,11.34,NA,NA,NA,NA,69,NA,NA,NA,15.33,NA,NA,NA,NA,11
1861-04-24 21:00:00,NA,"Ch6",NA,9.04,NA,NA,NA,NA,87,NA,NA,NA,8.11,NA,NA,NA,NA,1
1861-04-25,"empty",NA,NA,NA,9.43,0,"empty,empty","empty,empty",NA,94.33,4.95,0,NA,7.64,-11.56,5.39,11.61,NA
1861-04-25 07:00:00,NA,"Cm8",247.5,9.08,NA,NA,NA,NA,94,NA,NA,NA,6.94,NA,NA,NA,NA,1
1861-04-25 14:00:00,NA,"Ch6",270,9.89,NA,NA,NA,NA,90,NA,NA,NA,8.89,NA,NA,NA,NA,1
1861-04-25 21:00:00,NA,NA,180,9.35,NA,NA,NA,NA,99,NA,NA,NA,7.11,NA,NA,NA,NA,0
1861-04-26,"empty",NA,NA,NA,8.28,0,"empty,empty","empty,empty",NA,89.66,0,0,NA,6.26,-9.67,1.39,9.5,NA
1861-04-26 07:00:00,NA,NA,270,8.3,NA,NA,NA,NA,86,NA,NA,NA,6.89,NA,NA,NA,NA,0
1861-04-26 14:00:00,NA,"Cm8",45,7.82,NA,NA,NA,NA,83,NA,NA,NA,6.22,NA,NA,NA,NA,2
1861-04-26 21:00:00,NA,NA,90,8.74,NA,NA,NA,NA,100,NA,NA,NA,5.67,NA,NA,NA,NA,1
1861-04-27,"empty",NA,NA,NA,12.19,0,"10:15 am","empty",NA,99.33,0,0,NA,10.46,4.06,2.22,24.06,NA
1861-04-27 07:00:00,NA,NA,180,8.97,NA,NA,NA,NA,98,NA,NA,NA,6.56,NA,NA,NA,NA,0
1861-04-27 14:00:00,NA,NA,45,14.19,NA,NA,NA,NA,100,NA,NA,NA,13,NA,NA,NA,NA,0
1861-04-27 21:00:00,NA,NA,90,13.41,NA,NA,NA,NA,100,NA,NA,NA,11.83,NA,NA,NA,NA,0
1861-04-28,"empty",NA,NA,NA,NA,0,"empty,empty","empty,empty",NA,NA,0,0,NA,NA,NA,NA,NA,NA
1861-04-28 07:00:00,NA,"Ch0",NA,NA,NA,NA,NA,NA,NA,NA,NA,NA,NA,NA,NA,NA,NA,0
1861-04-28 14:00:00,NA,"Ch0",NA,NA,NA,NA,NA,NA,NA,NA,NA,NA,NA,NA,NA,NA,NA,0
1861-04-28 21:00:00,NA,"Ch0",NA,NA,NA,NA,NA,NA,NA,NA,NA,NA,NA,NA,NA,NA,NA,0
1861-04-29,"empty",NA,NA,NA,12.14,0,"empty,empty","empty,empty",NA,75,0,0,NA,14.87,-1.67,4.11,20.22,NA
1861-04-29 07:00:00,NA,NA,180,10.43,NA,NA,NA,NA,74,NA,NA,NA,12.44,NA,NA,NA,NA,0
1861-04-29 14:00:00,NA,NA,225,13.44,NA,NA,NA,NA,60,NA,NA,NA,19.78,NA,NA,NA,NA,34
1861-04-29 21:00:00,NA,"Cm2",180,12.56,NA,NA,NA,NA,91,NA,NA,NA,12.39,NA,NA,NA,NA,1
1861-04-30,"empty",NA,NA,NA,10.35,0,"empty,empty","empty,empty",NA,83,0,0,NA,10.68,-6.56,5.11,16.33,NA
1861-04-30 07:00:00,NA,NA,180,10.67,NA,NA,NA,NA,89,NA,NA,NA,9.72,NA,NA,NA,NA,1
1861-04-30 14:00:00,NA,"Cl9",225,10.36,NA,NA,NA,NA,62,NA,NA,NA,14.67,NA,NA,NA,NA,1
1861-04-30 21:00:00,NA,NA,90,10.02,NA,NA,NA,NA,98,NA,NA,NA,7.67,NA,NA,NA,NA,0
1861-05-01,NA,NA,NA,NA,5.37,21.78,"during night.","6 am",NA,78.66,0,0,NA,2.42,-8.72,0,9.06,NA
1861-05-01 07:00:00,NA,"Ch0",0,6.3,NA,NA,NA,NA,100,NA,NA,NA,0.44,NA,NA,NA,NA,16
1861-05-01 14:00:00,NA,"Ch6",315,5.38,NA,NA,NA,NA,72,NA,NA,NA,3.06,NA,NA,NA,NA,16
1861-05-01 21:00:00,NA,"Ch0",315,4.44,NA,NA,NA,NA,64,NA,NA,NA,2.11,NA,NA,NA,NA,34
1861-05-02,NA,NA,NA,NA,4.95,0,"empty,empty","empty,empty",NA,71.33,0,0,NA,2.39,-8.5,-0.22,9.06,NA
1861-05-02 07:00:00,NA,"Ch0",0,4.27,NA,NA,NA,NA,65,NA,NA,NA,1.11,NA,NA,NA,NA,1
1861-05-02 14:00:00,NA,"Ch0",292.5,4.23,NA,NA,NA,NA,55,NA,NA,NA,3.89,NA,NA,NA,NA,1
1861-05-02 21:00:00,NA,"Ch0",180,6.37,NA,NA,NA,NA,94,NA,NA,NA,2.17,NA,NA,NA,NA,0
1861-05-03,NA,NA,NA,NA,6.64,0,"empty,empty","empty,empty",NA,80.66,0,0,NA,4.64,-12.39,1.22,6.61,NA
1861-05-03 07:00:00,NA,"Ch0",180,7.18,NA,NA,NA,NA,88,NA,NA,NA,4.72,NA,NA,NA,NA,0
1861-05-03 14:00:00,NA,"Cm8",67.5,6.6,NA,NA,NA,NA,77,NA,NA,NA,5.44,NA,NA,NA,NA,2
1861-05-03 21:00:00,NA,"Ch0",90,6.13,NA,NA,NA,NA,77,NA,NA,NA,3.78,NA,NA,NA,NA,0
1861-05-04,NA,NA,NA,NA,7.54,0,"empty,empty","empty,empty",NA,82,0,0,NA,6.44,-6.06,0.33,12.06,NA
1861-05-04 07:00:00,NA,"Ch0",90,7.11,NA,NA,NA,NA,76,NA,NA,NA,6.56,NA,NA,NA,NA,0
1861-05-04 14:00:00,NA,"Ch0",67.5,8.03,NA,NA,NA,NA,82,NA,NA,NA,7.5,NA,NA,NA,NA,0
1861-05-04 21:00:00,NA,"Ch0",90,7.48,NA,NA,NA,NA,88,NA,NA,NA,5.28,NA,NA,NA,NA,0
1861-05-05,NA,NA,NA,NA,NA,0,"empty,empty","empty,empty",NA,NA,0,0,NA,NA,NA,NA,NA,NA
1861-05-05 07:00:00,NA,"Ch0",NA,NA,NA,NA,NA,NA,NA,NA,NA,NA,NA,NA,NA,NA,NA,0
1861-05-05 14:00:00,NA,"Ch0",NA,NA,NA,NA,NA,NA,NA,NA,NA,NA,NA,NA,NA,NA,NA,0
1861-05-05 21:00:00,NA,"Ch0",NA,NA,NA,NA,NA,NA,NA,NA,NA,NA,NA,NA,NA,NA,NA,0
1861-05-06,NA,NA,NA,NA,10.95,4.29,"12 am","empty",NA,91.66,0,0,NA,9.83,-0.44,0,17.33,NA
1861-05-06 07:00:00,NA,"Ch0",180,11.95,NA,NA,NA,NA,83,NA,NA,NA,12.67,NA,NA,NA,NA,1
1861-05-06 14:00:00,NA,"Ch6",90,10.46,NA,NA,NA,NA,92,NA,NA,NA,9.28,NA,NA,NA,NA,1
1861-05-06 21:00:00,NA,"Ch0",90,10.43,NA,NA,NA,NA,100,NA,NA,NA,7.56,NA,NA,NA,NA,1
1861-05-07,NA,NA,NA,NA,11.49,22.44,"2 pm","empty",NA,88,4.29,0,NA,11.76,-7.61,6.11,16.28,NA
1861-05-07 07:00:00,NA,"Ch6",NA,11.48,NA,NA,NA,NA,95,NA,NA,NA,10.61,NA,NA,NA,NA,2
1861-05-07 14:00:00,NA,"Ch6",180,12.43,NA,NA,NA,NA,76,NA,NA,NA,15.44,NA,NA,NA,NA,27
1861-05-07 21:00:00,NA,"Ch0",225,10.57,NA,NA,NA,NA,93,NA,NA,NA,9.22,NA,NA,NA,NA,2
1861-05-08,NA,NA,NA,NA,8.49,1.16,"3:45 pm","empty",NA,85.33,22.44,0,NA,7.57,-10.56,5.28,12.5,NA
1861-05-08 07:00:00,NA,"Cm8",NA,8.53,NA,NA,NA,NA,84,NA,NA,NA,7.56,NA,NA,NA,NA,1
1861-05-08 14:00:00,NA,"Cm8",270,8.2,NA,NA,NA,NA,84,NA,NA,NA,7.5,NA,NA,NA,NA,1
1861-05-08 21:00:00,NA,"Ch0",90,8.74,NA,NA,NA,NA,88,NA,NA,NA,7.67,NA,NA,NA,NA,0
1861-05-09,NA,NA,NA,NA,8.76,0,"empty,empty","empty,empty",NA,85.33,1.16,0,NA,7.63,-1.72,1,17.06,NA
1861-05-09 07:00:00,NA,"Ch0",90,8.47,NA,NA,NA,NA,89,NA,NA,NA,6.78,NA,NA,NA,NA,0
1861-05-09 14:00:00,NA,"Ch0",90,8.67,NA,NA,NA,NA,81,NA,NA,NA,8.78,NA,NA,NA,NA,0
1861-05-09 21:00:00,NA,"Ch0",180,9.14,NA,NA,NA,NA,95,NA,NA,NA,7.39,NA,NA,NA,NA,0
1861-05-10,NA,NA,NA,NA,10.79,0,"empty,empty","empty,empty",NA,86,0,0,NA,10.92,-6,3.72,15.5,NA
1861-05-10 07:00:00,NA,"Ch0",180,10.26,NA,NA,NA,NA,82,NA,NA,NA,11,NA,NA,NA,NA,0
1861-05-10 14:00:00,NA,"Cm8",135,11.95,NA,NA,NA,NA,76,NA,NA,NA,14.56,NA,NA,NA,NA,0
1861-05-10 21:00:00,NA,"Ch0",180,10.16,NA,NA,NA,NA,100,NA,NA,NA,7.22,NA,NA,NA,NA,0
1861-05-11,NA,NA,NA,NA,11.24,2.8,"2 pm","empty",NA,86.66,0,0,NA,11.22,-4.44,5.28,18.61,NA
1861-05-11 07:00:00,NA,"Cm8",NA,10.9,NA,NA,NA,NA,92,NA,NA,NA,9.44,NA,NA,NA,NA,1
1861-05-11 14:00:00,NA,"Cm8",270,11.75,NA,NA,NA,NA,80,NA,NA,NA,13.33,NA,NA,NA,NA,0
1861-05-11 21:00:00,NA,"Ch0",225,11.07,NA,NA,NA,NA,88,NA,NA,NA,10.89,NA,NA,NA,NA,0
1861-05-12,NA,NA,NA,NA,NA,0,"empty,empty","empty,empty",NA,NA,2.55,0,NA,NA,NA,NA,NA,NA
1861-05-12 07:00:00,NA,"Ch0",NA,NA,NA,NA,NA,NA,NA,NA,NA,NA,NA,NA,NA,NA,NA,0
1861-05-12 14:00:00,NA,"Ch0",NA,NA,NA,NA,NA,NA,NA,NA,NA,NA,NA,NA,NA,NA,NA,0
1861-05-12 21:00:00,NA,"Ch0",NA,NA,NA,NA,NA,NA,NA,NA,NA,NA,NA,NA,NA,NA,NA,0
1861-05-13,NA,NA,NA,NA,10.61,1.16,"7 am","empty",NA,100,0,0,NA,8.2,-8.39,5.56,14.94,NA
1861-05-13 07:00:00,NA,"Ch0",90,10.94,NA,NA,NA,NA,100,NA,NA,NA,9.06,NA,NA,NA,NA,1
1861-05-13 14:00:00,NA,"Cm8",67.5,11.34,NA,NA,NA,NA,100,NA,NA,NA,8.89,NA,NA,NA,NA,1
1861-05-13 21:00:00,NA,"Ch0",225,9.55,NA,NA,NA,NA,100,NA,NA,NA,6.67,NA,NA,NA,NA,1
1861-05-14,NA,NA,NA,NA,11.09,4.79,"2 pm","empty",NA,82.66,1.16,0,NA,11.78,-10.06,6.33,14.06,NA
1861-05-14 07:00:00,NA,"Cm8",180,10.87,NA,NA,NA,NA,80,NA,NA,NA,11.89,NA,NA,NA,NA,0
1861-05-14 14:00:00,NA,"Ch6",247.5,11.28,NA,NA,NA,NA,79,NA,NA,NA,13.11,NA,NA,NA,NA,1
1861-05-14 21:00:00,NA,"Cm8",180,11.14,NA,NA,NA,NA,89,NA,NA,NA,10.33,NA,NA,NA,NA,1
1861-05-15,NA,NA,NA,NA,12.87,0,"empty,empty","empty,empty",NA,85.33,4.79,0,NA,13.72,-3.5,6,20.28,NA
1861-05-15 07:00:00,NA,"Ch0",180,11.82,NA,NA,NA,NA,86,NA,NA,NA,12.11,NA,NA,NA,NA,0
1861-05-15 14:00:00,NA,"Ch0",180,15,NA,NA,NA,NA,70,NA,NA,NA,19.61,NA,NA,NA,NA,2
1861-05-15 21:00:00,NA,"Ch0",180,11.78,NA,NA,NA,NA,100,NA,NA,NA,9.44,NA,NA,NA,NA,1
1861-05-16,NA,NA,NA,NA,9.41,6.1,"5 pm","empty",NA,92,0,0,NA,8.11,-13.5,6.28,10.56,NA
1861-05-16 07:00:00,NA,"Ch6",225,9.75,NA,NA,NA,NA,93,NA,NA,NA,8,NA,NA,NA,NA,5
1861-05-16 14:00:00,NA,"Ch6",225,9.89,NA,NA,NA,NA,89,NA,NA,NA,9.33,NA,NA,NA,NA,16
1861-05-16 21:00:00,NA,"Ch0",225,8.6,NA,NA,NA,NA,92,NA,NA,NA,7,NA,NA,NA,NA,1
1861-05-17,NA,NA,NA,NA,8.45,0,"empty,empty","empty,empty",NA,92,6.1,0,NA,6.35,-11.22,4.11,10.67,NA
1861-05-17 07:00:00,NA,"Ch6",270,8.26,NA,NA,NA,NA,91,NA,NA,NA,6.22,NA,NA,NA,NA,2
1861-05-17 14:00:00,NA,"Ch0",NA,9.41,NA,NA,NA,NA,93,NA,NA,NA,7.83,NA,NA,NA,NA,1
1861-05-17 21:00:00,NA,"Ch6",0,7.69,NA,NA,NA,NA,92,NA,NA,NA,5,NA,NA,NA,NA,1
1861-05-18,NA,NA,NA,NA,9.32,0,"empty,empty","empty,empty",NA,90.33,0,0,NA,8.07,-8.56,3.11,12.33,NA
1861-05-18 07:00:00,NA,"Ch6",270,8.09,NA,NA,NA,NA,93,NA,NA,NA,5.72,NA,NA,NA,NA,0
1861-05-18 14:00:00,NA,"Ch0",0,10.7,NA,NA,NA,NA,89,NA,NA,NA,10.44,NA,NA,NA,NA,0
1861-05-18 21:00:00,NA,"Ch0",180,9.18,NA,NA,NA,NA,89,NA,NA,NA,8.06,NA,NA,NA,NA,0
1861-05-19,NA,NA,NA,NA,NA,0,"empty,empty","empty,empty",NA,NA,0,0,NA,NA,NA,NA,NA,NA
1861-05-19 07:00:00,NA,"Ch0",NA,NA,NA,NA,NA,NA,NA,NA,NA,NA,NA,NA,NA,NA,NA,0
1861-05-19 14:00:00,NA,"Ch0",NA,NA,NA,NA,NA,NA,NA,NA,NA,NA,NA,NA,NA,NA,NA,0
1861-05-19 21:00:00,NA,"Ch0",NA,NA,NA,NA,NA,NA,NA,NA,NA,NA,NA,NA,NA,NA,NA,0
1861-05-20,NA,NA,NA,NA,10.1,0,"empty,empty","empty,empty",NA,96.33,0,0,NA,8.02,-8.22,3.17,12.72,NA
1861-05-20 07:00:00,NA,"Cm8",67.5,9.31,NA,NA,NA,NA,98,NA,NA,NA,6.94,NA,NA,NA,NA,1
1861-05-20 14:00:00,NA,"Ch6",45,11.65,NA,NA,NA,NA,91,NA,NA,NA,11.06,NA,NA,NA,NA,1
1861-05-20 21:00:00,NA,"Ch0",NA,9.35,NA,NA,NA,NA,100,NA,NA,NA,6.06,NA,NA,NA,NA,0
1861-05-21,NA,NA,NA,NA,10.7,0,"empty,empty","empty,empty",NA,87,0,0,NA,10.94,-4.22,3.17,16.72,NA
1861-05-21 07:00:00,NA,"Ch6",67.5,11.01,NA,NA,NA,NA,88,NA,NA,NA,10.94,NA,NA,NA,NA,0
1861-05-21 14:00:00,NA,"Ch0",270,11.48,NA,NA,NA,NA,76,NA,NA,NA,14.22,NA,NA,NA,NA,1
1861-05-21 21:00:00,NA,"Ch0",270,9.62,NA,NA,NA,NA,97,NA,NA,NA,7.67,NA,NA,NA,NA,0
1861-05-22,NA,NA,NA,NA,10.25,0,"empty,empty","empty,empty",NA,82.66,0,0,NA,11.06,-1.94,3.11,18.94,NA
1861-05-22 07:00:00,NA,"Ch0",292.5,9.65,NA,NA,NA,NA,91,NA,NA,NA,8.67,NA,NA,NA,NA,1
1861-05-22 14:00:00,NA,"Ch0",0,10.8,NA,NA,NA,NA,68,NA,NA,NA,15.06,NA,NA,NA,NA,0
1861-05-22 21:00:00,NA,"Ch0",180,10.29,NA,NA,NA,NA,89,NA,NA,NA,9.44,NA,NA,NA,NA,0
1861-05-23,NA,NA,NA,NA,11.68,0,"empty,empty","empty,empty",NA,82.66,0,0,NA,12.85,-2.78,5.11,20.11,NA
1861-05-23 07:00:00,NA,"Ch6",180,12.6,NA,NA,NA,NA,91,NA,NA,NA,12.39,NA,NA,NA,NA,0
1861-05-23 14:00:00,NA,"Cm8",45,10.77,NA,NA,NA,NA,78,NA,NA,NA,12.39,NA,NA,NA,NA,1
1861-05-23 21:00:00,NA,"Ch0",180,11.68,NA,NA,NA,NA,79,NA,NA,NA,13.78,NA,NA,NA,NA,0
1861-05-24,NA,NA,NA,NA,16.06,0,"9 am","empty",NA,73.33,0,0,NA,19.41,1.39,5.11,24.28,NA
1861-05-24 07:00:00,NA,NA,180,11.92,NA,NA,NA,NA,61,NA,NA,NA,17.67,NA,NA,NA,NA,11
1861-05-24 14:00:00,NA,"Ch6",180,19.51,NA,NA,NA,NA,77,NA,NA,NA,21.78,NA,NA,NA,NA,11
1861-05-24 21:00:00,NA,"Ch0",180,16.76,NA,NA,NA,NA,82,NA,NA,NA,18.78,NA,NA,NA,NA,5
1861-05-25,NA,NA,NA,NA,13.86,0,"1 am","empty",NA,74,0,0,NA,17.57,-7.06,11.06,21.78,NA
1861-05-25 07:00:00,NA,"Ch0",225,15.81,NA,NA,NA,NA,93,NA,NA,NA,16,NA,NA,NA,NA,0
1861-05-25 14:00:00,NA,"Ch0",225,14.46,NA,NA,NA,NA,65,NA,NA,NA,20.56,NA,NA,NA,NA,11
1861-05-25 21:00:00,NA,"Ch0",180,11.31,NA,NA,NA,NA,64,NA,NA,NA,16,NA,NA,NA,NA,1
1861-05-26,NA,NA,NA,NA,NA,0,"6 pm","empty",NA,NA,0,0,NA,NA,NA,NA,NA,NA
1861-05-26 07:00:00,NA,"Ch0",NA,NA,NA,NA,NA,NA,NA,NA,NA,NA,NA,NA,NA,NA,NA,0
1861-05-26 14:00:00,NA,"Ch0",NA,NA,NA,NA,NA,NA,NA,NA,NA,NA,NA,NA,NA,NA,NA,0
1861-05-26 21:00:00,NA,"Ch0",NA,NA,NA,NA,NA,NA,NA,NA,NA,NA,NA,NA,NA,NA,NA,0
1861-05-27,NA,NA,NA,NA,10.28,0,"empty,empty","empty,empty",NA,92.33,0,0,NA,9.5,-5.78,7.94,19.94,NA
1861-05-27 07:00:00,NA,"Ch0",270,11.38,NA,NA,NA,NA,93,NA,NA,NA,10.72,NA,NA,NA,NA,16
1861-05-27 14:00:00,NA,"Ch0",247.5,10.7,NA,NA,NA,NA,89,NA,NA,NA,11,NA,NA,NA,NA,16
1861-05-27 21:00:00,NA,"Ch0",247.5,8.77,NA,NA,NA,NA,95,NA,NA,NA,6.78,NA,NA,NA,NA,16
1861-05-28,NA,NA,NA,NA,10.34,0,"6:30 pm","empty",NA,87,0,0,NA,9.85,-7.33,5.67,16.11,NA
1861-05-28 07:00:00,NA,"Ch6",270,9.21,NA,NA,NA,NA,90,NA,NA,NA,8.11,NA,NA,NA,NA,11
1861-05-28 14:00:00,NA,"Ch0",247.5,11.89,NA,NA,NA,NA,75,NA,NA,NA,13.94,NA,NA,NA,NA,1
1861-05-28 21:00:00,NA,"Ch0",270,9.92,NA,NA,NA,NA,96,NA,NA,NA,7.5,NA,NA,NA,NA,2
1861-05-29,NA,NA,NA,NA,10.11,0,"empty,empty","empty,empty",NA,90,0,0,NA,9.24,-8.67,5.56,14.67,NA
1861-05-29 07:00:00,NA,"Ch6",270,9.82,NA,NA,NA,NA,94,NA,NA,NA,7.72,NA,NA,NA,NA,1
1861-05-29 14:00:00,NA,"Ch6",270,10.5,NA,NA,NA,NA,81,NA,NA,NA,10.89,NA,NA,NA,NA,0
1861-05-29 21:00:00,NA,"Ch0",45,10.02,NA,NA,NA,NA,91,NA,NA,NA,9.11,NA,NA,NA,NA,1
1861-05-30,NA,NA,NA,NA,11.35,0,"empty,empty","empty,empty",NA,82.33,0,0,NA,12.33,-0.17,2.61,20.22,NA
1861-05-30 07:00:00,NA,"Ch0",270,10.4,NA,NA,NA,NA,78,NA,NA,NA,11.39,NA,NA,NA,NA,1
1861-05-30 14:00:00,NA,"Ch0",225,11.82,NA,NA,NA,NA,69,NA,NA,NA,15.28,NA,NA,NA,NA,1
1861-05-30 21:00:00,NA,"Ch0",180,11.85,NA,NA,NA,NA,100,NA,NA,NA,10.33,NA,NA,NA,NA,0
1861-05-31,NA,NA,NA,NA,13.69,0,"empty,empty","empty,empty",NA,91,0,0,NA,13.87,-5.89,5.89,17.78,NA
1861-05-31 07:00:00,NA,"Ch0",180,14.7,NA,NA,NA,NA,93,NA,NA,NA,14.89,NA,NA,NA,NA,0
1861-05-31 14:00:00,NA,"Ch0",0,12.39,NA,NA,NA,NA,82,NA,NA,NA,14.17,NA,NA,NA,NA,1
1861-05-31 21:00:00,NA,"Ch0",180,13.99,NA,NA,NA,NA,98,NA,NA,NA,12.56,NA,NA,NA,NA,0
1861-06-01,NA,NA,NA,NA,NA,NA,NA,NA,NA,NA,0,NA,NA,NA,NA,NA,NA,NA
1861-09-01,NA,NA,NA,NA,NA,0,"empty,empty","empty,empty",NA,NA,NA,0,NA,NA,NA,NA,NA,NA
1861-09-01 07:00:00,NA,"Ch0",NA,NA,NA,NA,NA,NA,NA,NA,NA,NA,NA,NA,NA,NA,NA,0
1861-09-01 14:00:00,NA,"Ch0",NA,NA,NA,NA,NA,NA,NA,NA,NA,NA,NA,NA,NA,NA,NA,0
1861-09-01 21:00:00,NA,"Ch0",NA,NA,NA,NA,NA,NA,NA,NA,NA,NA,NA,NA,NA,NA,NA,0
1861-09-02,NA,NA,NA,NA,26.33,0,"empty,empty","empty,empty",NA,82.5,0,0,NA,25.5,-10.89,21.61,28.5,NA
1861-09-02 07:00:00,NA,"Ch6",180,29.09,NA,NA,NA,NA,79,NA,NA,NA,28.17,NA,NA,NA,NA,2
1861-09-02 14:00:00,NA,NA,NA,NA,NA,NA,NA,NA,NA,NA,NA,NA,22.83,NA,NA,NA,NA,NA
1861-09-02 21:00:00,NA,"Ch6",180,23.57,NA,NA,NA,NA,86,NA,NA,NA,22.83,NA,NA,NA,NA,5
1861-09-03,NA,NA,NA,NA,20.86,0,"10:30 pm","empty",NA,89,0,0,NA,21.31,-8.22,17.94,27.5,NA
1861-09-03 07:00:00,NA,NA,NA,21.03,NA,NA,NA,NA,93,NA,NA,NA,21,NA,NA,NA,NA,2
1861-09-03 14:00:00,NA,NA,247.5,24.38,NA,NA,NA,NA,87,NA,NA,NA,24.39,NA,NA,NA,NA,1
1861-09-03 21:00:00,NA,NA,270,17.17,NA,NA,NA,NA,87,NA,NA,NA,18.56,NA,NA,NA,NA,16
1861-09-04,NA,NA,NA,NA,15.63,0,"empty,empty","empty,empty",NA,89,0,0,NA,16.29,-10.72,13.72,20.78,NA
1861-09-04 07:00:00,NA,"Ch6",315,16.46,NA,NA,NA,NA,93,NA,NA,NA,16.72,NA,NA,NA,NA,1
1861-09-04 14:00:00,NA,NA,NA,17,NA,NA,NA,NA,85,NA,NA,NA,18.11,NA,NA,NA,NA,1
1861-09-04 21:00:00,NA,NA,270,13.44,NA,NA,NA,NA,89,NA,NA,NA,14.06,NA,NA,NA,NA,2
1861-09-05,NA,NA,NA,NA,14.31,0,"empty,empty","empty,empty",NA,69,0,0,NA,18.96,-5,11.78,24.56,NA
1861-09-05 07:00:00,NA,NA,270,14.16,NA,NA,NA,NA,67,NA,NA,NA,19.33,NA,NA,NA,NA,1
1861-09-05 14:00:00,NA,NA,90,14.73,NA,NA,NA,NA,62,NA,NA,NA,21.28,NA,NA,NA,NA,0
1861-09-05 21:00:00,NA,NA,270,14.05,NA,NA,NA,NA,78,NA,NA,NA,16.28,NA,NA,NA,NA,2
1861-09-06,NA,NA,NA,NA,16.8,0,"empty,empty","empty,empty",NA,NA,0,0,NA,21.56,NA,NA,NA,NA
1861-09-06 07:00:00,NA,NA,180,17,NA,NA,NA,NA,78,NA,NA,NA,19.89,NA,NA,NA,NA,2
1861-09-06 14:00:00,NA,NA,180,16.59,NA,NA,NA,NA,62,NA,NA,NA,23.22,NA,NA,NA,NA,2
1861-09-06 21:00:00,NA,NA,NA,NA,NA,NA,NA,NA,NA,NA,NA,NA,NA,NA,NA,NA,NA,NA
1861-09-07,NA,NA,NA,NA,NA,0,"empty,empty","empty,empty",NA,NA,0,0,NA,NA,NA,NA,NA,NA
1861-09-07 07:00:00,NA,"Ch0",NA,NA,NA,NA,NA,NA,NA,NA,NA,NA,NA,NA,NA,NA,NA,0
1861-09-07 14:00:00,NA,"Ch0",NA,NA,NA,NA,NA,NA,NA,NA,NA,NA,NA,NA,NA,NA,NA,0
1861-09-07 21:00:00,NA,"Ch0",NA,NA,NA,NA,NA,NA,NA,NA,NA,NA,NA,NA,NA,NA,NA,0
1861-09-08,NA,NA,NA,NA,NA,0,"empty,empty","empty,empty",NA,NA,0,0,NA,NA,NA,NA,NA,NA
1861-09-08 07:00:00,NA,"Ch0",NA,NA,NA,NA,NA,NA,NA,NA,NA,NA,NA,NA,NA,NA,NA,0
1861-09-08 14:00:00,NA,NA,NA,NA,NA,NA,NA,NA,NA,NA,NA,NA,NA,NA,NA,NA,NA,0
1861-09-08 21:00:00,NA,"Ch0",NA,NA,NA,NA,NA,NA,NA,NA,NA,NA,NA,NA,NA,NA,NA,0
1861-09-09,NA,NA,NA,NA,NA,0,"empty,empty","empty,empty",NA,NA,0,0,NA,NA,NA,NA,NA,NA
1861-09-09 07:00:00,NA,"Ch0",NA,NA,NA,NA,NA,NA,NA,NA,NA,NA,NA,NA,NA,NA,NA,0
1861-09-09 14:00:00,NA,"Ch0",NA,NA,NA,NA,NA,NA,NA,NA,NA,NA,NA,NA,NA,NA,NA,0
1861-09-09 21:00:00,NA,"Ch0",NA,NA,NA,NA,NA,NA,NA,NA,NA,NA,NA,NA,NA,NA,NA,0
1861-09-10,NA,NA,NA,NA,NA,0,"empty,empty","empty,empty",NA,NA,0,0,NA,NA,NA,NA,NA,NA
1861-09-10 07:00:00,NA,"Ch0",NA,NA,NA,NA,NA,NA,NA,NA,NA,NA,NA,NA,NA,NA,NA,0
1861-09-10 14:00:00,NA,"Ch0",NA,NA,NA,NA,NA,NA,NA,NA,NA,NA,NA,NA,NA,NA,NA,0
1861-09-10 21:00:00,NA,"Ch0",NA,NA,NA,NA,NA,NA,NA,NA,NA,NA,NA,NA,NA,NA,NA,0
1861-09-11,NA,NA,NA,NA,NA,0,"empty,empty","empty,empty",NA,96,0,0,NA,NA,-4.06,10.39,24.11,NA
1861-09-11 07:00:00,NA,"Ch0",NA,NA,NA,NA,NA,NA,NA,NA,NA,NA,NA,NA,NA,NA,NA,0
1861-09-11 14:00:00,NA,"Ch0",NA,NA,NA,NA,NA,NA,NA,NA,NA,NA,NA,NA,NA,NA,NA,0
1861-09-11 21:00:00,NA,"Ch0",270,18.52,NA,NA,NA,NA,NA,NA,NA,NA,16.78,NA,NA,NA,NA,1
1861-09-12,NA,NA,NA,NA,17.7,0,"empty,empty","empty,empty",NA,88.66,0,0,NA,17.28,-8.89,13.06,21.94,NA
1861-09-12 07:00:00,NA,"Ch6",270,18.46,NA,NA,NA,NA,95,NA,NA,NA,17.28,NA,NA,NA,NA,0
1861-09-12 14:00:00,NA,"Ch6",270,19.91,NA,NA,NA,NA,81,NA,NA,NA,21,NA,NA,NA,NA,2
1861-09-12 21:00:00,NA,NA,180,14.73,NA,NA,NA,NA,90,NA,NA,NA,13.56,NA,NA,NA,NA,0
1861-09-13,NA,NA,NA,NA,19.3,0,"empty,empty","empty,empty",NA,92.66,NA,0,NA,18.67,-2.33,10.22,25.67,NA
1861-09-13 07:00:00,NA,NA,247.5,17.91,NA,NA,NA,NA,96,NA,NA,NA,16.83,NA,NA,NA,NA,0
1861-09-13 14:00:00,NA,"Ch6",NA,22.28,NA,NA,NA,NA,82,NA,NA,NA,23.11,NA,NA,NA,NA,2
1861-09-13 21:00:00,NA,NA,180,17.71,NA,NA,NA,NA,100,NA,NA,NA,16.06,NA,NA,NA,NA,0
1861-09-14,NA,NA,NA,NA,21.89,2.47,"10:30 am","empty",NA,92.5,0,0,NA,20.64,-5.61,10.17,22.33,NA
1861-09-14 07:00:00,NA,"Cm8",180,19.67,NA,NA,NA,NA,93,NA,NA,NA,19.44,NA,NA,NA,NA,0
1861-09-14 14:00:00,NA,NA,NA,NA,NA,NA,NA,NA,NA,NA,NA,NA,NA,NA,NA,NA,NA,NA
1861-09-14 21:00:00,NA,"Ch6",225,24.11,NA,NA,NA,NA,92,NA,NA,NA,21.83,NA,NA,NA,NA,1
1861-09-15,NA,NA,NA,NA,NA,5.12,"1 pm on 14th","empty",NA,92.5,2.47,0,NA,NA,NA,NA,NA,NA
1861-09-15 07:00:00,NA,NA,90,NA,NA,NA,NA,NA,95,NA,NA,NA,NA,NA,NA,NA,NA,1
1861-09-15 14:00:00,NA,NA,45,NA,NA,NA,NA,NA,90,NA,NA,NA,NA,NA,NA,NA,NA,2
1861-09-15 21:00:00,NA,NA,NA,NA,NA,NA,NA,NA,92,NA,NA,NA,NA,NA,NA,NA,NA,NA
1861-09-16,NA,NA,NA,NA,16.41,0,"empty,empty","empty,empty",NA,99.6,5.12,0,NA,16.25,-5.17,12.89,25.5,NA
1861-09-16 07:00:00,NA,NA,67.5,15.98,NA,NA,NA,NA,100,NA,NA,NA,15.39,NA,NA,NA,NA,1
1861-09-16 14:00:00,NA,"Cm8",67.5,16.83,NA,NA,NA,NA,99,NA,NA,NA,17.11,NA,NA,NA,NA,2
1861-09-16 21:00:00,NA,"Ch6",90,NA,NA,NA,NA,NA,100,NA,NA,NA,NA,NA,NA,NA,NA,0
1861-09-17,NA,NA,NA,NA,15.38,0,"empty,empty","empty,empty",NA,NA,0,0,NA,14.14,-14.22,13.06,16.61,NA
1861-09-17 07:00:00,NA,"Ch0",NA,15.78,NA,NA,NA,NA,100,NA,NA,NA,14.39,NA,NA,NA,NA,0
1861-09-17 14:00:00,NA,"Ch0",0,15.71,NA,NA,NA,NA,93,NA,NA,NA,15.06,NA,NA,NA,NA,0
1861-09-17 21:00:00,NA,"Ch0",NA,14.66,NA,NA,NA,NA,NA,NA,NA,NA,13,NA,NA,NA,NA,NA
1861-09-18,NA,NA,NA,NA,NA,0,"empty,empty","empty,empty",NA,93.6,0,0,NA,NA,-4.44,9.5,22.83,NA
1861-09-18 07:00:00,NA,NA,180,15,NA,NA,NA,NA,96,NA,NA,NA,13.22,NA,NA,NA,NA,5
1861-09-18 14:00:00,NA,"Ch6",NA,18.25,NA,NA,NA,NA,92,NA,NA,NA,18.33,NA,NA,NA,NA,11
1861-09-18 21:00:00,NA,"Ch6",270,NA,NA,NA,NA,NA,93,NA,NA,NA,NA,NA,NA,NA,NA,0
1861-09-19,NA,NA,NA,NA,22.26,1.16,"6 am","empty",NA,100,0,0,NA,22.39,-9.28,19.28,27.78,NA
1861-09-19 07:00:00,NA,"Cm8",0,16.12,NA,NA,NA,NA,100,NA,NA,NA,21.17,NA,NA,NA,NA,1
1861-09-19 14:00:00,NA,"Cm8",45,29.63,NA,NA,NA,NA,100,NA,NA,NA,25.89,NA,NA,NA,NA,5
1861-09-19 21:00:00,NA,NA,90,21.03,NA,NA,NA,NA,100,NA,NA,NA,20.11,NA,NA,NA,NA,0
1861-09-20,NA,NA,NA,NA,20.71,24.91,"9:30 am","empty",NA,96.6,1.16,0,NA,18.41,-13.56,16.06,20.28,NA
1861-09-20 07:00:00,NA,"Ch0",0,18.93,NA,NA,NA,NA,100,NA,NA,NA,17.11,NA,NA,NA,NA,5
1861-09-20 14:00:00,NA,"Ch0",0,20.32,NA,NA,NA,NA,95,NA,NA,NA,18.33,NA,NA,NA,NA,2
1861-09-20 21:00:00,NA,"Ch0",0,22.89,NA,NA,NA,NA,95,NA,NA,NA,19.78,NA,NA,NA,NA,5
1861-09-21,NA,NA,NA,NA,13.84,0,"empty,empty","empty,empty",NA,NA,24.91,0,NA,12.42,-11,10.94,17.72,NA
1861-09-21 07:00:00,NA,"Ch0",NA,14.83,NA,NA,NA,NA,NA,NA,NA,NA,12.94,NA,NA,NA,NA,0
1861-09-21 14:00:00,NA,"Ch0",NA,12.87,NA,NA,NA,NA,NA,NA,NA,NA,11.56,NA,NA,NA,NA,0
1861-09-21 21:00:00,NA,"Ch0",NA,13.82,NA,NA,NA,NA,NA,NA,NA,NA,12.78,NA,NA,NA,NA,0
1861-09-22,NA,NA,NA,NA,NA,0,"empty,empty","empty,empty",NA,NA,0,0,NA,NA,NA,NA,NA,NA
1861-09-22 07:00:00,NA,"Ch0",NA,NA,NA,NA,NA,NA,NA,NA,NA,NA,NA,NA,NA,NA,NA,0
1861-09-22 14:00:00,NA,"Ch0",NA,NA,NA,NA,NA,NA,NA,NA,NA,NA,NA,NA,NA,NA,NA,0
1861-09-22 21:00:00,NA,"Ch0",NA,NA,NA,NA,NA,NA,NA,NA,NA,NA,NA,NA,NA,NA,NA,0
1861-09-23,NA,NA,NA,NA,17.31,0.66,"empty","empty",NA,95.6,0,0,NA,16.72,-5.5,9.67,21.94,NA
1861-09-23 07:00:00,NA,NA,270,16.59,NA,NA,NA,NA,96,NA,NA,NA,15.56,NA,NA,NA,NA,1
1861-09-23 14:00:00,NA,NA,247.5,19.67,NA,NA,NA,NA,93,NA,NA,NA,19.72,NA,NA,NA,NA,1
1861-09-23 21:00:00,NA,NA,270,15.68,NA,NA,NA,NA,98,NA,NA,NA,14.89,NA,NA,NA,NA,1
1861-09-24,NA,NA,NA,NA,NA,0,"empty,empty","empty,empty",NA,NA,0.66,0,NA,NA,-6.83,7.5,18.44,NA
1861-09-24 07:00:00,NA,NA,180,15.61,NA,NA,NA,NA,98,NA,NA,NA,14.44,NA,NA,NA,NA,0
1861-09-24 14:00:00,NA,NA,315,16.36,NA,NA,NA,NA,92,NA,NA,NA,16.5,NA,NA,NA,NA,1
1861-09-24 21:00:00,NA,NA,NA,NA,NA,NA,NA,NA,NA,NA,NA,NA,NA,NA,NA,NA,NA,1
1861-09-25,NA,NA,NA,NA,18.57,0,"empty,empty","empty,empty",NA,92.3,0,0,NA,18.2,-7.78,14.56,24.56,NA
1861-09-25 07:00:00,NA,NA,180,17.51,NA,NA,NA,NA,99,NA,NA,NA,16.28,NA,NA,NA,NA,1
1861-09-25 14:00:00,NA,NA,180,21.54,NA,NA,NA,NA,82,NA,NA,NA,22.33,NA,NA,NA,NA,1
1861-09-25 21:00:00,NA,NA,180,16.66,NA,NA,NA,NA,96,NA,NA,NA,16,NA,NA,NA,NA,0
1861-09-26,NA,NA,NA,NA,20,0,"empty,empty","empty,empty",NA,92.6,0,0,NA,19.48,-7.22,14.5,25.06,NA
1861-09-26 07:00:00,NA,"Ch6",180,20.05,NA,NA,NA,NA,98,NA,NA,NA,18.67,NA,NA,NA,NA,1
1861-09-26 14:00:00,NA,"Ch6",180,23.16,NA,NA,NA,NA,82,NA,NA,NA,24.61,NA,NA,NA,NA,11
1861-09-26 21:00:00,NA,NA,180,16.8,NA,NA,NA,NA,98,NA,NA,NA,15.17,NA,NA,NA,NA,1
1861-09-27,NA,NA,NA,NA,14.13,18.15,"3:30 pm","empty",NA,100,0,0,NA,12.11,-13.33,11.06,15.5,NA
1861-09-27 07:00:00,NA,NA,180,14.63,NA,NA,NA,NA,100,NA,NA,NA,12.67,NA,NA,NA,NA,0
1861-09-27 14:00:00,NA,NA,NA,14.49,NA,NA,NA,NA,100,NA,NA,NA,12.67,NA,NA,NA,NA,0
1861-09-27 21:00:00,NA,NA,0,13.27,NA,NA,NA,NA,100,NA,NA,NA,11,NA,NA,NA,NA,20
1861-09-28,NA,NA,NA,NA,12.44,32.99,"1 pm","empty",NA,97.8,18.15,0,NA,11,-12.78,8.72,13.72,NA
1861-09-28 07:00:00,NA,"Ch6",225,11.68,NA,NA,NA,NA,98,NA,NA,NA,10.33,NA,NA,NA,NA,16
1861-09-28 14:00:00,NA,"Ch6",225,14.22,NA,NA,NA,NA,94,NA,NA,NA,13.33,NA,NA,NA,NA,11
1861-09-28 21:00:00,NA,"Cm8",225,11.41,NA,NA,NA,NA,100,NA,NA,NA,9.33,NA,NA,NA,NA,1
1861-09-29,NA,NA,NA,NA,NA,0,"empty,empty","empty,empty",NA,NA,32.99,0,NA,NA,NA,NA,NA,NA
1861-09-29 07:00:00,NA,"Ch0",NA,NA,NA,NA,NA,NA,NA,NA,NA,NA,NA,NA,NA,NA,NA,0
1861-09-29 14:00:00,NA,"Ch0",NA,NA,NA,NA,NA,NA,NA,NA,NA,NA,NA,NA,NA,NA,NA,0
1861-09-29 21:00:00,NA,"Ch0",NA,NA,NA,NA,NA,NA,NA,NA,NA,NA,NA,NA,NA,NA,NA,0
1861-09-30,NA,NA,NA,NA,NA,2.64,"28th 4pm","empty",NA,NA,0,0,NA,11.44,-7.5,4.83,15.11,NA
1861-09-30 07:00:00,NA,NA,270,12.22,NA,NA,NA,NA,100,NA,NA,NA,10,NA,NA,NA,NA,0
1861-09-30 14:00:00,NA,"Cm8",292.5,14.16,NA,NA,NA,NA,100,NA,NA,NA,13.06,NA,NA,NA,NA,0
1861-09-30 21:00:00,NA,"Ch6",225,NA,NA,NA,NA,NA,NA,NA,NA,NA,11.28,NA,NA,NA,NA,0
1861-10-01,"empty",NA,NA,NA,NA,0,"empty,empty","empty,empty",NA,87.3,2.64,0,NA,14.56,-6.44,7,18.33,NA
1861-10-01 07:00:00,NA,"Ch6",0,NA,NA,NA,NA,NA,80,NA,NA,NA,13.28,NA,NA,NA,NA,0
1861-10-01 14:00:00,NA,"Ch6",180,NA,NA,NA,NA,NA,83,NA,NA,NA,17.5,NA,NA,NA,NA,0
1861-10-01 21:00:00,NA,"Ch0",90,NA,NA,NA,NA,NA,100,NA,NA,NA,12.89,NA,NA,NA,NA,0
1861-10-02,"empty",NA,NA,NA,17.78,0,"empty,empty","empty,empty",NA,94,0,0,NA,17.17,NA,NA,NA,NA
1861-10-02 07:00:00,NA,"Ch6",180,15.95,NA,NA,NA,NA,95,NA,NA,NA,15.56,NA,NA,NA,NA,2
1861-10-02 14:00:00,NA,"Ch0",NA,NA,NA,NA,NA,NA,NA,NA,NA,NA,NA,NA,NA,NA,NA,0
1861-10-02 21:00:00,NA,"Ch0",180,19.61,NA,NA,NA,NA,93,NA,NA,NA,18.78,NA,NA,NA,NA,1
1861-10-03,"empty",NA,NA,NA,15.34,0,"empty,empty","empty,empty",NA,93,0,0,NA,15.35,-10,11.78,19.56,NA
1861-10-03 07:00:00,NA,"Ch6",270,15.27,NA,NA,NA,NA,93,NA,NA,NA,15.39,NA,NA,NA,NA,5
1861-10-03 14:00:00,NA,"Ch0",270,17.17,NA,NA,NA,NA,95,NA,NA,NA,17,NA,NA,NA,NA,2
1861-10-03 21:00:00,NA,"Ch0",90,13.58,NA,NA,NA,NA,91,NA,NA,NA,13.67,NA,NA,NA,NA,1
1861-10-04,"empty",NA,NA,NA,15.11,2.47,"6:30 am","empty,empty",NA,99.3,0,0,NA,13.56,-12.78,11.22,16.22,NA
1861-10-04 07:00:00,NA,"Ch0",90,14.26,NA,NA,NA,NA,100,NA,NA,NA,12.56,NA,NA,NA,NA,1
1861-10-04 14:00:00,NA,"Ch0",NA,16.8,NA,NA,NA,NA,98,NA,NA,NA,15.44,NA,NA,NA,NA,0
1861-10-04 21:00:00,NA,"Ch0",90,14.29,NA,NA,NA,NA,100,NA,NA,NA,12.67,NA,NA,NA,NA,1
1861-10-05,"empty",NA,NA,NA,19.23,37.95,"1 pm on the 4th","empty",NA,98.5,2.47,0,NA,17.47,-7.94,12.06,21.89,NA
1861-10-05 07:00:00,NA,"Ch0",0,17,NA,NA,NA,NA,100,NA,NA,NA,15.56,NA,NA,NA,NA,0
1861-10-05 14:00:00,NA,"Ch0",NA,NA,NA,NA,NA,NA,NA,NA,NA,NA,NA,NA,NA,NA,NA,0
1861-10-05 21:00:00,NA,"Ch0",180,21.47,NA,NA,NA,NA,97,NA,NA,NA,19.39,NA,NA,NA,NA,1
1861-10-06,"empty",NA,NA,NA,NA,0,"empty,empty","empty,empty",NA,NA,37.95,0,NA,NA,NA,NA,NA,NA
1861-10-06 07:00:00,NA,"Ch0",NA,NA,NA,NA,NA,NA,NA,NA,NA,NA,NA,NA,NA,NA,NA,0
1861-10-06 14:00:00,NA,"Ch0",NA,NA,NA,NA,NA,NA,NA,NA,NA,NA,NA,NA,NA,NA,NA,0
1861-10-06 21:00:00,NA,"Ch0",NA,NA,NA,NA,NA,NA,NA,NA,NA,NA,NA,NA,NA,NA,NA,0
1861-10-07,"empty",NA,NA,NA,11.13,0,"empty,empty","empty,empty",NA,93.6,0,0,NA,10.03,-6.83,8.83,19.78,NA
1861-10-07 07:00:00,NA,"Ch6",180,10.57,NA,NA,NA,NA,100,NA,NA,NA,8.06,NA,NA,NA,NA,0
1861-10-07 14:00:00,NA,"Ch6",0,11.07,NA,NA,NA,NA,82,NA,NA,NA,12,NA,NA,NA,NA,1
1861-10-07 21:00:00,NA,"Ch0",90,11.75,NA,NA,NA,NA,99,NA,NA,NA,10.06,NA,NA,NA,NA,0
1861-10-08,"empty",NA,NA,NA,10.99,0,"empty,empty","empty,empty",NA,94.6,0,0,NA,9.57,-8.67,5.83,14.94,NA
1861-10-08 07:00:00,NA,"Ch6",0,9.75,NA,NA,NA,NA,93,NA,NA,NA,8,NA,NA,NA,NA,0
1861-10-08 14:00:00,NA,"Ch0",67.5,13.04,NA,NA,NA,NA,91,NA,NA,NA,13.33,NA,NA,NA,NA,1
1861-10-08 21:00:00,NA,"Ch0",270,10.19,NA,NA,NA,NA,100,NA,NA,NA,7.39,NA,NA,NA,NA,0
1861-10-09,"empty",NA,NA,NA,12.59,0,"empty,empty","empty,empty",NA,92.6,0,0,NA,11.76,NA,NA,NA,NA
1861-10-09 07:00:00,NA,"Ch0",270,10.4,NA,NA,NA,NA,90,NA,NA,NA,9.61,NA,NA,NA,NA,0
1861-10-09 14:00:00,NA,"Ch6",135,15.98,NA,NA,NA,NA,88,NA,NA,NA,16.17,NA,NA,NA,NA,1
1861-10-09 21:00:00,NA,"Ch0",180,11.38,NA,NA,NA,NA,100,NA,NA,NA,9.5,NA,NA,NA,NA,0
1861-10-10,"empty",NA,NA,NA,14.82,0,"empty,empty","empty,empty",NA,94.5,0,0,NA,14.33,NA,NA,NA,NA
1861-10-10 07:00:00,NA,"Ch0",180,14.26,NA,NA,NA,NA,94,NA,NA,NA,13.67,NA,NA,NA,NA,1
1861-10-10 14:00:00,NA,"Ch0",45,15.37,NA,NA,NA,NA,95,NA,NA,NA,15,NA,NA,NA,NA,1
1861-10-10 21:00:00,NA,"Ch0",NA,NA,NA,NA,NA,NA,NA,NA,NA,NA,NA,NA,NA,NA,NA,0
1861-10-11,"empty",NA,NA,NA,NA,0,"empty,empty","empty,empty",NA,NA,0,0,NA,NA,-3.39,5.56,19.94,NA
1861-10-11 07:00:00,NA,"Ch0",NA,NA,NA,NA,NA,NA,NA,NA,NA,NA,NA,NA,NA,NA,NA,0
1861-10-11 14:00:00,NA,"Ch0",NA,NA,NA,NA,NA,NA,NA,NA,NA,NA,NA,NA,NA,NA,NA,0
1861-10-11 21:00:00,NA,"Ch0",180,11.45,NA,NA,NA,NA,94,NA,NA,NA,10.22,NA,NA,NA,NA,1
1861-10-12,"empty",NA,NA,NA,10.96,4.29,"10:30 am","empty",NA,93.3,0,0,NA,9.76,-10.22,4.22,11.78,NA
1861-10-12 07:00:00,NA,"Ch6",180,11.24,NA,NA,NA,NA,85,NA,NA,NA,11.44,NA,NA,NA,NA,11
1861-10-12 14:00:00,NA,"Cm8",180,11.14,NA,NA,NA,NA,96,NA,NA,NA,9.28,NA,NA,NA,NA,11
1861-10-12 21:00:00,NA,"Cm8",225,10.5,NA,NA,NA,NA,99,NA,NA,NA,8.56,NA,NA,NA,NA,11
1861-10-13,"empty",NA,NA,NA,NA,0,"empty,empty","empty,empty",NA,NA,4.29,0,NA,NA,NA,NA,NA,NA
1861-10-13 07:00:00,NA,"Ch0",NA,NA,NA,NA,NA,NA,NA,NA,NA,NA,NA,NA,NA,NA,NA,0
1861-10-13 14:00:00,NA,"Ch0",NA,NA,NA,NA,NA,NA,NA,NA,NA,NA,NA,NA,NA,NA,NA,0
1861-10-13 21:00:00,NA,"Ch0",NA,NA,NA,NA,NA,NA,NA,NA,NA,NA,NA,NA,NA,NA,NA,0
1861-10-14,"empty",NA,NA,NA,12.9,0.83,"1 pm on the 12th","empty,empty",NA,87.3,0,0,NA,13.35,-3.44,4.56,18.89,NA
1861-10-14 07:00:00,NA,"Ch0",180,9.48,NA,NA,NA,NA,88,NA,NA,NA,8.78,NA,NA,NA,NA,1
1861-10-14 14:00:00,NA,"Ch0",NA,15.75,NA,NA,NA,NA,84,NA,NA,NA,17.11,NA,NA,NA,NA,11
1861-10-14 21:00:00,NA,"Ch0",0,13.48,NA,NA,NA,NA,90,NA,NA,NA,14.17,NA,NA,NA,NA,5
1861-10-15,"empty",NA,NA,NA,NA,0,"empty,empty","empty,empty",NA,NA,0.83,0,NA,11.44,-6.72,4.11,15.17,NA
1861-10-15 07:00:00,NA,"Ch0",180,8.5,NA,NA,NA,NA,73,NA,NA,NA,9.89,NA,NA,NA,NA,0
1861-10-15 14:00:00,NA,"Ch0",0,12.94,NA,NA,NA,NA,89,NA,NA,NA,13,NA,NA,NA,NA,1
1861-10-15 21:00:00,NA,"Ch0",90,NA,NA,NA,NA,NA,NA,NA,NA,NA,NA,NA,NA,NA,NA,0
1861-10-16,"empty",NA,NA,NA,13.79,0,"empty,empty","empty,empty",NA,98,0,0,NA,12.33,-8.22,6.56,16.11,NA
1861-10-16 07:00:00,NA,"Ch0",90,11.75,NA,NA,NA,NA,99,NA,NA,NA,9.72,NA,NA,NA,NA,0
1861-10-16 14:00:00,NA,"Ch0",90,14.83,NA,NA,NA,NA,95,NA,NA,NA,13.94,NA,NA,NA,NA,0
1861-10-16 21:00:00,NA,"Ch0",180,14.8,NA,NA,NA,NA,100,NA,NA,NA,13.33,NA,NA,NA,NA,0
1861-10-17,"empty",NA,NA,NA,NA,0,"empty,empty","empty,empty",NA,NA,0,0,NA,14.92,NA,NA,NA,NA
1861-10-17 07:00:00,NA,"Cm8",180,14.16,NA,NA,NA,NA,100,NA,NA,NA,13.33,NA,NA,NA,NA,0
1861-10-17 14:00:00,NA,"Ch6",315,15.81,NA,NA,NA,NA,85,NA,NA,NA,16.5,NA,NA,NA,NA,0
1861-10-17 21:00:00,NA,"Ch0",NA,NA,NA,NA,NA,NA,NA,NA,NA,NA,NA,NA,NA,NA,NA,0
1861-10-18,"empty",NA,NA,NA,NA,0,"empty,empty","empty,empty",NA,NA,0,0,NA,NA,-14.39,12.67,16.06,NA
1861-10-18 07:00:00,NA,"Ch0",90,16.22,NA,NA,NA,NA,100,NA,NA,NA,14.33,NA,NA,NA,NA,1
1861-10-18 14:00:00,NA,"Ch0",NA,NA,NA,NA,NA,NA,NA,NA,NA,NA,NA,NA,NA,NA,NA,0
1861-10-18 21:00:00,NA,"Ch0",NA,NA,NA,NA,NA,NA,NA,NA,NA,NA,NA,NA,NA,NA,NA,0
1861-10-19,"empty",NA,NA,NA,13.75,1.65,"5:30 pm","empty",NA,100,0,0,NA,11.96,-10.44,7.22,14.56,NA
1861-10-19 07:00:00,NA,"Ch0",67.5,16.15,NA,NA,NA,NA,100,NA,NA,NA,14.33,NA,NA,NA,NA,0
1861-10-19 14:00:00,NA,"Ch0",247.5,15.31,NA,NA,NA,NA,100,NA,NA,NA,14,NA,NA,NA,NA,5
1861-10-19 21:00:00,NA,"Ch0",180,9.79,NA,NA,NA,NA,100,NA,NA,NA,7.56,NA,NA,NA,NA,0
1861-10-20,"empty",NA,NA,NA,NA,0,"empty,empty","empty,empty",NA,NA,1.65,0,NA,NA,NA,NA,NA,NA
1861-10-20 07:00:00,NA,"Ch0",NA,NA,NA,NA,NA,NA,NA,NA,NA,NA,NA,NA,NA,NA,NA,0
1861-10-20 14:00:00,NA,"Ch0",NA,NA,NA,NA,NA,NA,NA,NA,NA,NA,NA,NA,NA,NA,NA,0
1861-10-20 21:00:00,NA,"Ch0",NA,NA,NA,NA,NA,NA,NA,NA,NA,NA,NA,NA,NA,NA,NA,0
1861-10-21,"empty",NA,NA,NA,NA,0,"empty,empty","empty,empty",NA,85,0,0,NA,7.25,-6.89,1.5,12.39,NA
1861-10-21 07:00:00,NA,"Ch0",45,8.3,NA,NA,NA,NA,80,NA,NA,NA,8.22,NA,NA,NA,NA,1
1861-10-21 14:00:00,NA,"Ch0",67.5,NA,NA,NA,NA,NA,NA,NA,NA,NA,NA,NA,NA,NA,NA,5
1861-10-21 21:00:00,NA,"Ch0",90,8.47,NA,NA,NA,NA,90,NA,NA,NA,6.28,NA,NA,NA,NA,2
1861-10-22,"empty",NA,NA,NA,12.93,0,"empty,empty","empty,empty",NA,86,0,0,NA,13.67,-4.28,3.33,16.83,NA
1861-10-22 07:00:00,NA,"Ch6",90,10.5,NA,NA,NA,NA,80,NA,NA,NA,11.06,NA,NA,NA,NA,0
1861-10-22 14:00:00,NA,"Ch6",180,14.05,NA,NA,NA,NA,84,NA,NA,NA,15.67,NA,NA,NA,NA,2
1861-10-22 21:00:00,NA,"Cm8",180,14.22,NA,NA,NA,NA,94,NA,NA,NA,14.28,NA,NA,NA,NA,5
1861-10-23,"empty",NA,NA,NA,8.77,8.91,"2 am","empty",NA,88.3,0,0,NA,7.09,-6.11,4.17,15.83,NA
1861-10-23 07:00:00,NA,"Cm8",270,9.79,NA,NA,NA,NA,89,NA,NA,NA,8.22,NA,NA,NA,NA,5
1861-10-23 14:00:00,NA,"Cm8",247.5,8.74,NA,NA,NA,NA,82,NA,NA,NA,8.28,NA,NA,NA,NA,11
1861-10-23 21:00:00,NA,"Ch6",270,7.79,NA,NA,NA,NA,94,NA,NA,NA,4.78,NA,NA,NA,NA,11
1861-10-24,"iii",NA,NA,NA,6.34,0,"empty","empty",NA,89,8.91,0,NA,2.74,-12.44,0.72,6.06,NA
1861-10-24 07:00:00,NA,"Ch6",315,6.74,NA,NA,NA,NA,90,NA,NA,NA,3.17,NA,NA,NA,NA,11
1861-10-24 14:00:00,NA,"Ch6",270,6.5,NA,NA,NA,NA,80,NA,NA,NA,4.72,NA,NA,NA,NA,5
1861-10-24 21:00:00,NA,"Ch0",270,5.79,NA,NA,NA,NA,97,NA,NA,NA,0.33,NA,NA,NA,NA,0
1861-10-25,"empty",NA,NA,NA,7.94,0,"empty,empty","empty,empty",NA,88.6,0,0,NA,5.94,-3.33,-0.39,14.06,NA
1861-10-25 07:00:00,NA,"Ch0",180,5.79,NA,NA,NA,NA,97,NA,NA,NA,0.33,NA,NA,NA,NA,1
1861-10-25 14:00:00,NA,"Ch0",180,9.28,NA,NA,NA,NA,69,NA,NA,NA,11.67,NA,NA,NA,NA,5
1861-10-25 21:00:00,NA,"Ch0",180,8.77,NA,NA,NA,NA,100,NA,NA,NA,5.83,NA,NA,NA,NA,0
1861-10-26,"empty",NA,NA,NA,10.89,1.32,"12 pm","empty",NA,95,0,0,NA,9.46,-9.72,5.39,13.44,NA
1861-10-26 07:00:00,NA,"Cm8",180,11.34,NA,NA,NA,NA,86,NA,NA,NA,11.5,NA,NA,NA,NA,1
1861-10-26 14:00:00,NA,"Cm8",180,12.33,NA,NA,NA,NA,100,NA,NA,NA,10.78,NA,NA,NA,NA,2
1861-10-26 21:00:00,NA,"Ch0",180,9.01,NA,NA,NA,NA,99,NA,NA,NA,6.11,NA,NA,NA,NA,0
1861-10-27,"empty",NA,NA,NA,NA,0,"empty,empty","empty,empty",NA,NA,1.32,0,NA,NA,NA,NA,NA,NA
1861-10-27 07:00:00,NA,"Ch0",NA,NA,NA,NA,NA,NA,NA,NA,NA,NA,NA,NA,NA,NA,NA,0
1861-10-27 14:00:00,NA,"Ch0",NA,NA,NA,NA,NA,NA,NA,NA,NA,NA,NA,NA,NA,NA,NA,0
1861-10-27 21:00:00,NA,"Ch0",NA,NA,NA,NA,NA,NA,NA,NA,NA,NA,NA,NA,NA,NA,NA,0
1861-10-28,"empty",NA,NA,NA,7.41,1.65,"1 pm on the 28th","empty",NA,86,0,0,NA,5.02,-7.33,-0.44,10,NA
1861-10-28 07:00:00,NA,"Ch0",180,7.15,NA,NA,NA,NA,87,NA,NA,NA,1.61,NA,NA,NA,NA,0
1861-10-28 14:00:00,NA,"Ch0",0,8.33,NA,NA,NA,NA,75,NA,NA,NA,9.06,NA,NA,NA,NA,0
1861-10-28 21:00:00,NA,"Ch0",0,6.74,NA,NA,NA,NA,96,NA,NA,NA,1.89,NA,NA,NA,NA,0
1861-10-29,"empty",NA,NA,NA,8.93,0,"empty,empty","empty,empty",NA,86.3,1.65,0,NA,7.72,-2.78,-0.94,14.06,NA
1861-10-29 07:00:00,NA,"Ch0",90,6.64,NA,NA,NA,NA,94,NA,NA,NA,2.22,NA,NA,NA,NA,0
1861-10-29 14:00:00,NA,"Ch0",112.5,9.01,NA,NA,NA,NA,65,NA,NA,NA,12.33,NA,NA,NA,NA,1
1861-10-29 21:00:00,NA,"Ch0",180,11.14,NA,NA,NA,NA,100,NA,NA,NA,8.61,NA,NA,NA,NA,0
1861-10-30,"empty",NA,NA,NA,8.53,9.4,"10 pm","empty",NA,97.6,0,0,NA,5.41,-11.33,3.17,9.61,NA
1861-10-30 07:00:00,NA,"Ch0",225,9.38,NA,NA,NA,NA,99,NA,NA,NA,6.56,NA,NA,NA,NA,1
1861-10-30 14:00:00,NA,"Cm8",225,8.43,NA,NA,NA,NA,100,NA,NA,NA,4.89,NA,NA,NA,NA,1
1861-10-30 21:00:00,NA,"Ch0",NA,7.79,NA,NA,NA,NA,94,NA,NA,NA,4.78,NA,NA,NA,NA,1
1861-10-31,"empty",NA,NA,NA,9.71,3.79,"1:30 pm","empty",NA,90,9.4,0,NA,8.53,-9.94,2.67,10.5,NA
1861-10-31 07:00:00,NA,"Ch6",NA,9.24,NA,NA,NA,NA,91,NA,NA,NA,7.39,NA,NA,NA,NA,2
1861-10-31 14:00:00,NA,"Cm8",225,9.62,NA,NA,NA,NA,84,NA,NA,NA,9.56,NA,NA,NA,NA,2
1861-10-31 21:00:00,NA,"Ch0",0,10.26,NA,NA,NA,NA,95,NA,NA,NA,8.67,NA,NA,NA,NA,1
1861-11-01,"empty",NA,NA,NA,9.02,0,"empty,empty","empty,empty",NA,90.3,3.79,0,NA,6.44,-13.94,5.78,9.61,NA
1861-11-01 07:00:00,NA,"Cm8",45,9.21,NA,NA,NA,NA,96,NA,NA,NA,7.28,NA,NA,NA,NA,0
1861-11-01 14:00:00,NA,"Ch6",45,9.41,NA,NA,NA,NA,87,NA,NA,NA,8.83,NA,NA,NA,NA,5
1861-11-01 21:00:00,NA,NA,90,8.43,NA,NA,NA,NA,88,NA,NA,NA,6.56,NA,NA,NA,NA,5
1861-11-02,"empty",NA,NA,NA,9.51,32,"12 am","empty",NA,98.3,0,0,NA,6.67,-15.17,5.33,7.94,NA
1861-11-02 07:00:00,NA,NA,90,9.21,NA,NA,NA,NA,96,NA,NA,NA,6.44,NA,NA,NA,NA,11
1861-11-02 14:00:00,NA,NA,67.5,9.75,NA,NA,NA,NA,99,NA,NA,NA,7.22,NA,NA,NA,NA,20
1861-11-02 21:00:00,NA,NA,90,9.55,NA,NA,NA,NA,100,NA,NA,NA,6.33,NA,NA,NA,NA,34
1861-11-03,"empty",NA,NA,NA,NA,0,"2:30 pm","empty,empty",NA,NA,32,0,NA,NA,NA,NA,NA,NA
1861-11-03 07:00:00,NA,"Ch0",NA,NA,NA,NA,NA,NA,NA,NA,NA,NA,NA,NA,NA,NA,NA,0
1861-11-03 14:00:00,NA,"Ch0",NA,NA,NA,NA,NA,NA,NA,NA,NA,NA,NA,NA,NA,NA,NA,0
1861-11-03 21:00:00,NA,"Ch0",NA,NA,NA,NA,NA,NA,NA,NA,NA,NA,NA,NA,NA,NA,NA,0
1861-11-04,"empty",NA,NA,NA,7.53,48.5,"empty,empty","empty",NA,93,NA,0,NA,4.5,-7.44,2.5,8.39,NA
1861-11-04 07:00:00,NA,"Cm8",225,7.21,NA,NA,NA,NA,95,NA,NA,NA,3.28,NA,NA,NA,NA,2
1861-11-04 14:00:00,NA,"Cm8",NA,7.92,NA,NA,NA,NA,85,NA,NA,NA,6.67,NA,NA,NA,NA,5
1861-11-04 21:00:00,NA,NA,NA,7.45,NA,NA,NA,NA,99,NA,NA,NA,3.56,NA,NA,NA,NA,0
1861-11-05,"empty",NA,NA,NA,10.09,0,"empty,empty","empty,empty",NA,89,NA,0,NA,8.98,-6.56,1.67,12.89,NA
1861-11-05 07:00:00,NA,"Ch6",180,9.52,NA,NA,NA,NA,88,NA,NA,NA,8.11,NA,NA,NA,NA,1
1861-11-05 14:00:00,NA,"Ch6",180,11.41,NA,NA,NA,NA,81,NA,NA,NA,12.11,NA,NA,NA,NA,2
1861-11-05 21:00:00,NA,NA,180,9.35,NA,NA,NA,NA,98,NA,NA,NA,6.72,NA,NA,NA,NA,0
1861-11-06,"empty",NA,NA,NA,9.75,0,"empty,empty","empty,empty",NA,90.3,0,0,NA,8.46,-12.94,5.39,10.22,NA
1861-11-06 07:00:00,NA,"Ch6",22.5,10.57,NA,NA,NA,NA,100,NA,NA,NA,8.61,NA,NA,NA,NA,1
1861-11-06 14:00:00,NA,NA,0,9.92,NA,NA,NA,NA,83,NA,NA,NA,9.61,NA,NA,NA,NA,1
1861-11-06 21:00:00,NA,NA,270,8.77,NA,NA,NA,NA,88,NA,NA,NA,7.11,NA,NA,NA,NA,2
1861-11-07,"empty",NA,NA,NA,7.74,0,"empty,empty","empty,empty",NA,88.6,0,0,NA,5.46,-14.28,4.56,8.06,NA
1861-11-07 07:00:00,NA,"Cm8",292.5,7.42,NA,NA,NA,NA,87,NA,NA,NA,5.17,NA,NA,NA,NA,5
1861-11-07 14:00:00,NA,"Ch6",292.5,7.92,NA,NA,NA,NA,85,NA,NA,NA,6.28,NA,NA,NA,NA,1
1861-11-07 21:00:00,NA,NA,270,7.89,NA,NA,NA,NA,94,NA,NA,NA,4.94,NA,NA,NA,NA,0
1861-11-08,"empty",NA,NA,NA,8.23,0,"empty,empty","empty,empty",NA,93.3,0,0,NA,5.79,-10.17,0.89,8.5,NA
1861-11-08 07:00:00,NA,NA,90,7.65,NA,NA,NA,NA,97,NA,NA,NA,4.33,NA,NA,NA,NA,0
1861-11-08 14:00:00,NA,"Ch6",NA,8.8,NA,NA,NA,NA,83,NA,NA,NA,8.17,NA,NA,NA,NA,1
1861-11-08 21:00:00,NA,"Ch6",90,8.43,NA,NA,NA,NA,100,NA,NA,NA,4.89,NA,NA,NA,NA,0
1861-11-09,"empty",NA,NA,NA,6.32,0,"empty,empty","empty,empty",NA,84,0,0,NA,3.2,-9.06,-0.83,7.89,NA
1861-11-09 07:00:00,NA,"Ch6",315,7.04,NA,NA,NA,NA,85,NA,NA,NA,4.44,NA,NA,NA,NA,2
1861-11-09 14:00:00,NA,"Ch6",0,6.67,NA,NA,NA,NA,75,NA,NA,NA,5.28,NA,NA,NA,NA,1
1861-11-09 21:00:00,NA,NA,180,5.25,NA,NA,NA,NA,89,NA,NA,NA,3.22,NA,NA,NA,NA,0
1861-11-10,"empty",NA,NA,NA,NA,0,"empty,empty","empty,empty",NA,NA,0,0,NA,NA,NA,NA,NA,NA
1861-11-10 07:00:00,NA,"Ch0",NA,NA,NA,NA,NA,NA,NA,NA,NA,NA,NA,NA,NA,NA,NA,0
1861-11-10 14:00:00,NA,"Ch0",NA,NA,NA,NA,NA,NA,NA,NA,NA,NA,NA,NA,NA,NA,NA,0
1861-11-10 21:00:00,NA,"Ch0",NA,NA,NA,NA,NA,NA,NA,NA,NA,NA,NA,NA,NA,NA,NA,0
1861-11-11,"empty",NA,NA,NA,7.98,6.76,"12 am","empty",NA,84,0,0,NA,6.44,-2.5,-2.06,13.22,NA
1861-11-11 07:00:00,NA,"Ch6",180,7.31,NA,NA,NA,NA,91,NA,NA,NA,4.33,NA,NA,NA,NA,0
1861-11-11 14:00:00,NA,"Ch6",270,8.8,NA,NA,NA,NA,78,NA,NA,NA,8.89,NA,NA,NA,NA,16
1861-11-11 21:00:00,NA,"Ch6",270,7.82,NA,NA,NA,NA,83,NA,NA,NA,6.11,NA,NA,NA,NA,16
1861-11-12,"empty",NA,NA,NA,7.29,0,"empty,empty","empty,empty",NA,89.6,6.76,0,NA,4.54,-11.83,1.11,7.06,NA
1861-11-12 07:00:00,NA,"Ch6",292.5,6.84,NA,NA,NA,NA,87,NA,NA,NA,4.22,NA,NA,NA,NA,1
1861-11-12 14:00:00,NA,"Ch6",0,7.75,NA,NA,NA,NA,87,NA,NA,NA,5.72,NA,NA,NA,NA,0
1861-11-12 21:00:00,NA,"Ch6",90,7.28,NA,NA,NA,NA,95,NA,NA,NA,3.67,NA,NA,NA,NA,0
1861-11-13,"empty",NA,NA,NA,8.77,1.16,"during night","during night",NA,94,0,0,NA,6.56,-11.67,2.89,9,NA
1861-11-13 07:00:00,NA,NA,90,7.65,NA,NA,NA,NA,91,NA,NA,NA,5.06,NA,NA,NA,NA,0
1861-11-13 14:00:00,NA,NA,90,9.72,NA,NA,NA,NA,99,NA,NA,NA,7.67,NA,NA,NA,NA,0
1861-11-13 21:00:00,NA,"Ch6",315,8.94,NA,NA,NA,NA,92,NA,NA,NA,6.94,NA,NA,NA,NA,2
1861-11-14,"empty",NA,NA,NA,7.45,0,"empty,empty","empty,empty",NA,91.3,1.16,0,NA,4.46,-12.94,2.89,7.72,NA
1861-11-14 07:00:00,NA,"Ch6",315,7.59,NA,NA,NA,NA,90,NA,NA,NA,4.67,NA,NA,NA,NA,5
1861-11-14 14:00:00,NA,"Ch6",337.5,7.45,NA,NA,NA,NA,88,NA,NA,NA,5.11,NA,NA,NA,NA,1
1861-11-14 21:00:00,NA,"Ch6",45,7.31,NA,NA,NA,NA,96,NA,NA,NA,3.61,NA,NA,NA,NA,2
1861-11-15,"empty",NA,NA,NA,6.15,0,"empty","empty",NA,92.7,0,0,NA,1.53,-13,-0.11,4.67,NA
1861-11-15 07:00:00,NA,"Cm8",45,6.26,NA,NA,NA,NA,97,NA,NA,NA,0.89,NA,NA,NA,NA,1
1861-11-15 14:00:00,NA,"Ch6",0,6.03,NA,NA,NA,NA,86,NA,NA,NA,2.56,NA,NA,NA,NA,1
1861-11-15 21:00:00,NA,"Ch6",0,6.16,NA,NA,NA,NA,95,NA,NA,NA,1.17,NA,NA,NA,NA,20
1861-11-16,"empty",NA,NA,NA,5.99,0,"empty,empty","empty,empty",NA,88.3,0,0,NA,1.63,-13.72,-0.78,3.28,NA
1861-11-16 07:00:00,NA,"Ch6",315,5.52,NA,NA,NA,NA,90,NA,NA,NA,0.22,NA,NA,NA,NA,16
1861-11-16 14:00:00,NA,"Cm8",315,6.1,NA,NA,NA,NA,87,NA,NA,NA,2.11,NA,NA,NA,NA,11
1861-11-16 21:00:00,NA,"Cm8",0,6.37,NA,NA,NA,NA,88,NA,NA,NA,2.56,NA,NA,NA,NA,11
1861-11-17,"empty",NA,NA,NA,NA,0,"empty,empty","empty,empty",NA,NA,0,0,NA,NA,NA,NA,NA,NA
1861-11-17 07:00:00,NA,"Ch0",NA,NA,NA,NA,NA,NA,NA,NA,NA,NA,NA,NA,NA,NA,NA,0
1861-11-17 14:00:00,NA,"Ch0",NA,NA,NA,NA,NA,NA,NA,NA,NA,NA,NA,NA,NA,NA,NA,0
1861-11-17 21:00:00,NA,"Ch0",NA,NA,NA,NA,NA,NA,NA,NA,NA,NA,NA,NA,NA,NA,NA,0
1861-11-18,"empty",NA,NA,NA,6.33,0,"empty,empty","empty,empty",NA,94,0,0,NA,1.96,-11.83,-0.94,5,NA
1861-11-18 07:00:00,NA,"Ch6",337.5,5.42,NA,NA,NA,NA,94,NA,NA,NA,-0.11,NA,NA,NA,NA,1
1861-11-18 14:00:00,NA,"Ch6",315,6.43,NA,NA,NA,NA,89,NA,NA,NA,3.06,NA,NA,NA,NA,1
1861-11-18 21:00:00,NA,NA,0,7.15,NA,NA,NA,NA,99,NA,NA,NA,2.94,NA,NA,NA,NA,1
1861-11-19,"empty",NA,NA,NA,6.05,0,"empty,empty","empty,empty",NA,96,0,0,NA,3.89,-11.11,-2.78,3.89,NA
1861-11-19 07:00:00,NA,NA,180,5.25,NA,NA,NA,NA,100,NA,NA,NA,3.22,NA,NA,NA,NA,0
1861-11-19 14:00:00,NA,NA,0,7.28,NA,NA,NA,NA,95,NA,NA,NA,-0.06,NA,NA,NA,NA,0
1861-11-19 21:00:00,NA,NA,90,5.62,NA,NA,NA,NA,93,NA,NA,NA,0.46,NA,NA,NA,NA,0
1861-11-20,"empty",NA,NA,NA,6.46,0,"empty,empty","empty,empty",NA,91,0,0,NA,2.39,-10,-1.94,6.22,NA
1861-11-20 07:00:00,NA,NA,90,5.01,NA,NA,NA,NA,89,NA,NA,NA,-0.33,NA,NA,NA,NA,1
1861-11-20 14:00:00,NA,"Ch6",90,7.01,NA,NA,NA,NA,84,NA,NA,NA,4.67,NA,NA,NA,NA,1
1861-11-20 21:00:00,NA,"Ch6",180,7.35,NA,NA,NA,NA,100,NA,NA,NA,2.83,NA,NA,NA,NA,0
1861-11-21,"empty",NA,NA,NA,8.04,2.14,"3 pm","empty",NA,98.6,0,0,NA,4.13,-10.89,-0.17,6.78,NA
1861-11-21 07:00:00,NA,"Cm8",0,8.94,NA,NA,NA,NA,98,NA,NA,NA,5.67,NA,NA,NA,NA,0
1861-11-21 14:00:00,NA,"Cm8",0,8.94,NA,NA,NA,NA,93,NA,NA,NA,6.11,NA,NA,NA,NA,0
1861-11-21 21:00:00,NA,NA,NA,6.23,NA,NA,NA,NA,100,NA,NA,NA,0.61,NA,NA,NA,NA,0
1861-11-22,"empty",NA,NA,NA,7.49,0,"empty,empty","empty,empty",NA,92,2.14,0,NA,4.2,-8.44,-0.56,5.5,NA
1861-11-22 07:00:00,NA,NA,90,7.15,NA,NA,NA,NA,93,NA,NA,NA,3.39,NA,NA,NA,NA,1
1861-11-22 14:00:00,NA,NA,90,7.75,NA,NA,NA,NA,87,NA,NA,NA,5.44,NA,NA,NA,NA,1
1861-11-22 21:00:00,NA,NA,90,7.59,NA,NA,NA,NA,96,NA,NA,NA,3.78,NA,NA,NA,NA,1
1861-11-23,"empty",NA,NA,NA,6.21,2.97,"9:40 pm","empty",NA,90.6,0,0,NA,2.17,-8.28,0.89,8.5,NA
1861-11-23 07:00:00,NA,"Ch6",180,6.13,NA,NA,NA,NA,89,NA,NA,NA,2.56,NA,NA,NA,NA,2
1861-11-23 14:00:00,NA,"Ch6",180,6.16,NA,NA,NA,NA,84,NA,NA,NA,2.67,NA,NA,NA,NA,1
1861-11-23 21:00:00,NA,NA,180,6.33,NA,NA,NA,NA,99,NA,NA,NA,1.28,NA,NA,NA,NA,1
1861-11-24,"empty",NA,NA,NA,NA,0,"empty,empty","empty,empty",NA,NA,2.97,0,NA,NA,NA,NA,NA,NA
1861-11-24 07:00:00,NA,"Ch0",NA,NA,NA,NA,NA,NA,NA,NA,NA,NA,NA,NA,NA,NA,NA,0
1861-11-24 14:00:00,NA,NA,NA,NA,NA,NA,NA,NA,NA,NA,NA,NA,NA,NA,NA,NA,NA,0
1861-11-24 21:00:00,NA,"Ch0",NA,NA,NA,NA,NA,NA,NA,NA,NA,NA,NA,NA,NA,NA,NA,0
1861-11-25,"empty",NA,NA,NA,5.38,2.54,"empty","empty",NA,94.7,0,25.4,NA,-0.71,-9.06,-5.56,3.17,NA
1861-11-25 07:00:00,NA,NA,180,4.23,NA,NA,NA,NA,100,NA,NA,NA,-4.44,NA,NA,NA,NA,1
1861-11-25 14:00:00,NA,NA,0,5.93,NA,NA,NA,NA,84,NA,NA,NA,2.39,NA,NA,NA,NA,0
1861-11-25 21:00:00,NA,NA,180,5.99,NA,NA,NA,NA,100,NA,NA,NA,-0.06,NA,NA,NA,NA,0
1861-11-26,"empty",NA,NA,NA,4.92,0,"empty,empty","empty,empty",NA,93.7,0,0,NA,-1.65,-8.5,-3.06,6.22,NA
1861-11-26 07:00:00,NA,NA,180,5.01,NA,NA,NA,NA,100,NA,NA,NA,-2.44,NA,NA,NA,NA,0
1861-11-26 14:00:00,NA,NA,225,4.4,NA,NA,NA,NA,83,NA,NA,NA,-1.72,NA,NA,NA,NA,1
1861-11-26 21:00:00,NA,NA,180,5.35,NA,NA,NA,NA,98,NA,NA,NA,-0.78,NA,NA,NA,NA,0
1861-11-27,"empty",NA,NA,NA,6.06,0,"empty,empty","empty,empty",NA,92.7,NA,0,NA,1.31,-11.78,-2.17,3.83,NA
1861-11-27 07:00:00,NA,"Ch6",90,5.22,NA,NA,NA,NA,88,NA,NA,NA,-0.11,NA,NA,NA,NA,0
1861-11-27 14:00:00,NA,NA,135,7.01,NA,NA,NA,NA,100,NA,NA,NA,2.17,NA,NA,NA,NA,1
1861-11-27 21:00:00,NA,"Cm8",180,5.96,NA,NA,NA,NA,90,NA,NA,NA,1.89,NA,NA,NA,NA,1
1861-11-28,"empty",NA,NA,NA,5.34,0,"empty,empty","empty,empty",NA,94,0,0,NA,-0.71,-11.11,-3.61,3.06,NA
1861-11-28 07:00:00,NA,"Cm8",225,4.44,NA,NA,NA,NA,89,NA,NA,NA,-2.28,NA,NA,NA,NA,5
1861-11-28 14:00:00,NA,NA,225,5.62,NA,NA,NA,NA,93,NA,NA,NA,0.44,NA,NA,NA,NA,0
1861-11-28 21:00:00,NA,NA,90,5.96,NA,NA,NA,NA,100,NA,NA,NA,-0.28,NA,NA,NA,NA,0
1861-11-29,"empty",NA,NA,NA,7.12,0,"empty","empty",NA,91.3,0,NA,NA,3.53,-11.33,-0.94,5.5,NA
1861-11-29 07:00:00,NA,"Cm8",NA,8.2,NA,NA,NA,NA,95,NA,NA,NA,4.78,NA,NA,NA,NA,2
1861-11-29 14:00:00,NA,"Ch6",225,7.15,NA,NA,NA,NA,93,NA,NA,NA,3.94,NA,NA,NA,NA,2
1861-11-29 21:00:00,NA,"Cm8",225,6.03,NA,NA,NA,NA,86,NA,NA,NA,1.89,NA,NA,NA,NA,1
1861-11-30,"empty",NA,NA,NA,5.55,7.59,"during night","during night",NA,93.3,0,0,NA,-0.19,-11.33,2.28,3.17,NA
1861-11-30 07:00:00,NA,"Ch6",247.5,5.86,NA,NA,NA,NA,88,NA,NA,NA,1.28,NA,NA,NA,NA,1
1861-11-30 14:00:00,NA,NA,202.5,5.66,NA,NA,NA,NA,94,NA,NA,NA,0.06,NA,NA,NA,NA,2
1861-11-30 21:00:00,NA,"Ch0",225,5.15,NA,NA,NA,NA,99,NA,NA,NA,-1.89,NA,NA,NA,NA,1
1861-12-01,"empty",NA,NA,NA,NA,0,"empty,empty","empty,empty",NA,NA,0,0,NA,NA,NA,NA,NA,NA
1861-12-01 07:00:00,NA,"Ch0",NA,NA,NA,NA,NA,NA,NA,NA,NA,NA,NA,NA,NA,NA,NA,0
1861-12-01 14:00:00,NA,"Ch0",NA,NA,NA,NA,NA,NA,NA,NA,NA,NA,NA,NA,NA,NA,NA,0
1861-12-01 21:00:00,NA,"Ch0",NA,NA,NA,NA,NA,NA,NA,NA,NA,NA,NA,NA,NA,NA,NA,0
1861-12-02,"empty",NA,NA,NA,3.45,13.97,"empty","empty",NA,93.6,0,139.7,NA,-6.37,-8.56,-9.06,0.17,NA
1861-12-02 07:00:00,NA,"Cm8",225,3.25,NA,NA,NA,NA,96,NA,NA,NA,-7.17,NA,NA,NA,NA,1
1861-12-02 14:00:00,NA,"Ch6",247.5,4.3,NA,NA,NA,NA,91,NA,NA,NA,-3.11,NA,NA,NA,NA,2
1861-12-02 21:00:00,NA,"Ch0",270,2.81,NA,NA,NA,NA,64,NA,NA,NA,-8.83,NA,NA,NA,NA,2
1861-12-03,"empty",NA,NA,NA,2.94,0,"empty,empty","empty,empty",NA,94,0,0,NA,-8.28,-10.56,-11.56,-4.33,NA
1861-12-03 07:00:00,NA,"Cm8",337.5,3.08,NA,NA,NA,NA,96,NA,NA,NA,-7.89,NA,NA,NA,NA,2
1861-12-03 14:00:00,NA,"Ch6",0,3.35,NA,NA,NA,NA,88,NA,NA,NA,-5.78,NA,NA,NA,NA,0
1861-12-03 21:00:00,NA,"Ch0",225,2.37,NA,NA,NA,NA,98,NA,NA,NA,-11.17,NA,NA,NA,NA,0
1861-12-04,"empty",NA,NA,NA,5.29,0,"empty,empty","empty,empty",NA,92.3,0,0,NA,-0.83,-2.22,-12.5,3.06,NA
1861-12-04 07:00:00,NA,"Ch6",180,3.89,NA,NA,NA,NA,100,NA,NA,NA,-5.56,NA,NA,NA,NA,0
1861-12-04 14:00:00,NA,"Ch6",180,4.91,NA,NA,NA,NA,80,NA,NA,NA,0,NA,NA,NA,NA,2
1861-12-04 21:00:00,NA,"Ch0",180,7.08,NA,NA,NA,NA,97,NA,NA,NA,3.06,NA,NA,NA,NA,11
1861-12-05,"empty",NA,NA,NA,6.18,0,"empty,empty","empty,empty",NA,94.3,0,0,NA,1.39,-11.61,-0.94,5.22,NA
1861-12-05 07:00:00,NA,"Ch0",180,5.59,NA,NA,NA,NA,98,NA,NA,NA,-0.44,NA,NA,NA,NA,0
1861-12-05 14:00:00,NA,"Ch0",0,7.28,NA,NA,NA,NA,90,NA,NA,NA,4.61,NA,NA,NA,NA,0
1861-12-05 21:00:00,NA,"Ch0",180,5.69,NA,NA,NA,NA,95,NA,NA,NA,0,NA,NA,NA,NA,0
1861-12-06,"empty",NA,NA,NA,9.8,0,"empty,empty","empty,empty",NA,90.6,0,0,NA,8.78,-6.94,1.56,12.39,NA
1861-12-06 07:00:00,NA,"Ch0",180,8.3,NA,NA,NA,NA,98,NA,NA,NA,5.06,NA,NA,NA,NA,0
1861-12-06 14:00:00,NA,"Ch6",180,9.82,NA,NA,NA,NA,82,NA,NA,NA,10.44,NA,NA,NA,NA,1
1861-12-06 21:00:00,NA,"Ch0",180,11.28,NA,NA,NA,NA,92,NA,NA,NA,10.83,NA,NA,NA,NA,5
1861-12-07,"empty",NA,NA,NA,12.46,0,"empty,empty","empty,empty",NA,85,0,0,NA,13.28,-9.61,8.11,16.28,NA
1861-12-07 07:00:00,NA,"Ch6",180,10.8,NA,NA,NA,NA,79,NA,NA,NA,12.11,NA,NA,NA,NA,2
1861-12-07 14:00:00,NA,"Ch6",180,12.97,NA,NA,NA,NA,77,NA,NA,NA,15.33,NA,NA,NA,NA,5
1861-12-07 21:00:00,NA,"Ch0",202.5,13.61,NA,NA,NA,NA,99,NA,NA,NA,12.39,NA,NA,NA,NA,11
1861-12-08,"4 pm",NA,NA,NA,NA,0,"not known. night.","empty",NA,NA,0,0,NA,NA,NA,NA,NA,NA
1861-12-08 07:00:00,NA,"Ch0",NA,NA,NA,NA,NA,NA,NA,NA,NA,NA,NA,NA,NA,NA,NA,0
1861-12-08 14:00:00,NA,"Ch0",NA,NA,NA,NA,NA,NA,NA,NA,NA,NA,NA,NA,NA,NA,NA,0
1861-12-08 21:00:00,NA,"Ch0",NA,NA,NA,NA,NA,NA,NA,NA,NA,NA,NA,NA,NA,NA,NA,0
1861-12-09,"empty",NA,NA,NA,11.49,16,"9:30 pm","empty",NA,95,0,0,NA,10.03,-7.83,5.72,15.67,NA
1861-12-09 07:00:00,NA,"Ch0",0,10.09,NA,NA,NA,NA,100,NA,NA,NA,7.11,NA,NA,NA,NA,0
1861-12-09 14:00:00,NA,"Ch0",180,12.06,NA,NA,NA,NA,97,NA,NA,NA,10.61,NA,NA,NA,NA,0
1861-12-09 21:00:00,NA,"Cm8",225,12.33,NA,NA,NA,NA,88,NA,NA,NA,12.39,NA,NA,NA,NA,0
1861-12-10,"empty",NA,NA,NA,15.16,0,"empty,empty","empty,empty",NA,82,16,0,NA,15.72,-10.72,10.94,18,NA
1861-12-10 07:00:00,NA,"Cm8",180,13.51,NA,NA,NA,NA,90,NA,NA,NA,13.17,NA,NA,NA,NA,0
1861-12-10 14:00:00,NA,"Ch6",180,16.39,NA,NA,NA,NA,93,NA,NA,NA,16.33,NA,NA,NA,NA,2
1861-12-10 21:00:00,NA,"Ch6",180,15.58,NA,NA,NA,NA,63,NA,NA,NA,17.67,NA,NA,NA,NA,20
1861-12-11,"empty",NA,NA,NA,4.5,8.74,"10:30 pm","empty",NA,82.6,0,0,NA,-1.19,3.56,-3.28,18.06,NA
1861-12-11 07:00:00,NA,"Ch6",292.5,4.2,NA,NA,NA,NA,70,NA,NA,NA,0.33,NA,NA,NA,NA,20
1861-12-11 14:00:00,NA,"Ch6",315,4.67,NA,NA,NA,NA,84,NA,NA,NA,-1.22,NA,NA,NA,NA,5
1861-12-11 21:00:00,NA,"Ch6",270,4.64,NA,NA,NA,NA,94,NA,NA,NA,-2.67,NA,NA,NA,NA,0
1861-12-12,"empty",NA,NA,NA,4.84,0,"empty,empty","empty,empty",NA,85.3,8.74,0,NA,-0.47,-9.78,-4.56,3.44,NA
1861-12-12 07:00:00,NA,"Ch0",225,4.4,NA,NA,NA,NA,89,NA,NA,NA,-2.72,NA,NA,NA,NA,0
1861-12-12 14:00:00,NA,"Ch0",247.5,4.77,NA,NA,NA,NA,69,NA,NA,NA,2.11,NA,NA,NA,NA,1
1861-12-12 21:00:00,NA,"Ch0",180,5.35,NA,NA,NA,NA,98,NA,NA,NA,-0.78,NA,NA,NA,NA,0
1861-12-13,"empty",NA,NA,NA,6.88,0,"empty,empty","empty,empty",NA,90,0,0,NA,3.79,-8.72,-1.83,7.22,NA
1861-12-13 07:00:00,NA,"Ch6",180,5.49,NA,NA,NA,NA,96,NA,NA,NA,-0.11,NA,NA,NA,NA,0
1861-12-13 14:00:00,NA,"Ch6",180,7.28,NA,NA,NA,NA,79,NA,NA,NA,6.56,NA,NA,NA,NA,1
1861-12-13 21:00:00,NA,"Ch6",180,7.89,NA,NA,NA,NA,95,NA,NA,NA,4.94,NA,NA,NA,NA,2
1861-12-14,"empty",NA,NA,NA,8.68,0,"empty,empty","empty,empty",NA,83.6,0,0,NA,8,-11.44,2.78,9.11,NA
1861-12-14 07:00:00,NA,"Ch6",180,7.35,NA,NA,NA,NA,80,NA,NA,NA,6.56,NA,NA,NA,NA,5
1861-12-14 14:00:00,NA,"Ch6",180,8.13,NA,NA,NA,NA,78,NA,NA,NA,8.22,NA,NA,NA,NA,5
1861-12-14 21:00:00,NA,"Ch0",270,10.57,NA,NA,NA,NA,93,NA,NA,NA,9.22,NA,NA,NA,NA,5
1861-12-15,"empty",NA,NA,NA,NA,0,"empty,empty","empty,empty",NA,NA,0,0,NA,NA,NA,NA,NA,NA
1861-12-15 07:00:00,NA,"Ch0",NA,NA,NA,NA,NA,NA,NA,NA,NA,NA,NA,NA,NA,NA,NA,0
1861-12-15 14:00:00,NA,"Ch0",NA,NA,NA,NA,NA,NA,NA,NA,NA,NA,NA,NA,NA,NA,NA,0
1861-12-15 21:00:00,NA,"Ch0",NA,NA,NA,NA,NA,NA,NA,NA,NA,NA,NA,NA,NA,NA,NA,0
1861-12-16,"empty",NA,NA,NA,8.69,0,"empty,empty","empty,empty",NA,92.3,0,0,NA,6.39,-7.06,-1.11,9.61,NA
1861-12-16 07:00:00,NA,"Ch6",180,8.09,NA,NA,NA,NA,93,NA,NA,NA,5.72,NA,NA,NA,NA,20
1861-12-16 14:00:00,NA,"Ch6",202.5,11.01,NA,NA,NA,NA,100,NA,NA,NA,8.67,NA,NA,NA,NA,20
1861-12-16 21:00:00,NA,"Ch6",0,6.98,NA,NA,NA,NA,84,NA,NA,NA,4.78,NA,NA,NA,NA,0
1861-12-17,"empty",NA,NA,NA,6.83,0,"empty,empty","empty,empty",NA,80.7,0,0,NA,4.61,-9.5,-0.5,7.78,NA
1861-12-17 07:00:00,NA,"Ch0",90,5.08,NA,NA,NA,NA,80,NA,NA,NA,0.56,NA,NA,NA,NA,0
1861-12-17 14:00:00,NA,"Ch6",180,6.94,NA,NA,NA,NA,73,NA,NA,NA,6.28,NA,NA,NA,NA,0
1861-12-17 21:00:00,NA,"Ch6",180,8.47,NA,NA,NA,NA,89,NA,NA,NA,7,NA,NA,NA,NA,2
1861-12-18,"empty",NA,NA,NA,6.37,0,"empty,empty","empty,empty",NA,81,0,0,NA,3.94,-8.67,0.56,9.67,NA
1861-12-18 07:00:00,NA,"Ch0",270,6.71,NA,NA,NA,NA,78,NA,NA,NA,4.78,NA,NA,NA,NA,2
1861-12-18 14:00:00,NA,"Ch0",270,6.13,NA,NA,NA,NA,68,NA,NA,NA,5.72,NA,NA,NA,NA,1
1861-12-18 21:00:00,NA,"Ch0",180,6.26,NA,NA,NA,NA,97,NA,NA,NA,1.33,NA,NA,NA,NA,0
1861-12-19,"empty",NA,NA,NA,9.03,0,"empty,empty","empty,empty",NA,87.3,0,0,NA,7.85,-4.89,-0.56,12.33,NA
1861-12-19 07:00:00,NA,"Ch6",180,7.79,NA,NA,NA,NA,88,NA,NA,NA,5.5,NA,NA,NA,NA,1
1861-12-19 14:00:00,NA,"Ch6",202.5,10.87,NA,NA,NA,NA,86,NA,NA,NA,11.5,NA,NA,NA,NA,5
1861-12-19 21:00:00,NA,"Ch0",225,8.43,NA,NA,NA,NA,88,NA,NA,NA,6.56,NA,NA,NA,NA,2
1861-12-20,"empty",NA,NA,NA,3.46,0,"7 pm","empty",NA,77,0,0,NA,-3.91,-1.94,-8.06,7.78,NA
1861-12-20 07:00:00,NA,"Ch6",315,4.37,NA,NA,NA,NA,77,NA,NA,NA,-0.28,NA,NA,NA,NA,1
1861-12-20 14:00:00,NA,"Ch6",337.5,3.08,NA,NA,NA,NA,70,NA,NA,NA,-4.28,NA,NA,NA,NA,5
1861-12-20 21:00:00,NA,"Ch6",315,2.95,NA,NA,NA,NA,84,NA,NA,NA,-7.17,NA,NA,NA,NA,11
1861-12-21,"empty",NA,NA,NA,2.84,0,"empty,empty","empty,empty",NA,71,0,0,NA,-5.41,-14.44,-8.06,-4.72,NA
1861-12-21 07:00:00,NA,"Ch6",247.5,2.57,NA,NA,NA,NA,66,NA,NA,NA,-5.78,NA,NA,NA,NA,11
1861-12-21 14:00:00,NA,"Cm8",247.5,2.78,NA,NA,NA,NA,69,NA,NA,NA,-5.22,NA,NA,NA,NA,1
1861-12-21 21:00:00,NA,"Ch0",247.5,3.18,NA,NA,NA,NA,78,NA,NA,NA,-5.22,NA,NA,NA,NA,1
1861-12-22,"empty",NA,NA,NA,NA,0,"empty,empty","empty,empty",NA,NA,0,0,NA,NA,NA,NA,NA,NA
1861-12-22 07:00:00,NA,"Ch0",NA,NA,NA,NA,NA,NA,NA,NA,NA,NA,NA,NA,NA,NA,NA,0
1861-12-22 14:00:00,NA,"Ch0",NA,NA,NA,NA,NA,NA,NA,NA,NA,NA,NA,NA,NA,NA,NA,0
1861-12-22 21:00:00,NA,"Ch0",NA,NA,NA,NA,NA,NA,NA,NA,NA,NA,NA,NA,NA,NA,NA,0
1861-12-23,"empty",NA,NA,NA,4.97,6.35,"empty","empty",NA,99.3,0,63.5,NA,-2.13,-7.94,-9.11,0.72,NA
1861-12-23 07:00:00,NA,"Ch0",90,5.52,NA,NA,NA,NA,100,NA,NA,NA,0,NA,NA,NA,NA,0
1861-12-23 14:00:00,NA,"Ch0",0,5.08,NA,NA,NA,NA,100,NA,NA,NA,-2.17,NA,NA,NA,NA,5
1861-12-23 21:00:00,NA,"Ch0",315,4.3,NA,NA,NA,NA,98,NA,NA,NA,-4.22,NA,NA,NA,NA,20
1861-12-24,"empty",NA,NA,NA,2.9,0,"empty,empty","empty,empty",NA,81.3,0,0,NA,-6.72,-12.78,-9,-4,NA
1861-12-24 07:00:00,NA,"Cm8",315,3.22,NA,NA,NA,NA,84,NA,NA,NA,-6.06,NA,NA,NA,NA,11
1861-12-24 14:00:00,NA,"Ch6",315,2.61,NA,NA,NA,NA,72,NA,NA,NA,-6.28,NA,NA,NA,NA,1
1861-12-24 21:00:00,NA,"Ch0",90,2.88,NA,NA,NA,NA,88,NA,NA,NA,-7.83,NA,NA,NA,NA,0
1861-12-25,"empty",NA,NA,NA,2.98,0,"empty,empty","empty,empty",NA,83.6,0,0,NA,-6.82,-13.11,-10.06,-5.39,NA
1861-12-25 07:00:00,NA,"Ch0",67.5,3.01,NA,NA,NA,NA,77,NA,NA,NA,-5.72,NA,NA,NA,NA,0
1861-12-25 14:00:00,NA,"Ch0",67.5,3.42,NA,NA,NA,NA,86,NA,NA,NA,-5.28,NA,NA,NA,NA,1
1861-12-25 21:00:00,NA,"Ch0",90,2.51,NA,NA,NA,NA,88,NA,NA,NA,-9.44,NA,NA,NA,NA,0
1861-12-26,"empty",NA,NA,NA,6.37,0,"empty,empty","empty,empty",NA,93,0,0,NA,1.2,1.94,-11.39,8.33,NA
1861-12-26 07:00:00,NA,"Ch0",90,3.56,NA,NA,NA,NA,91,NA,NA,NA,-5.33,NA,NA,NA,NA,0
1861-12-26 14:00:00,NA,"Ch0",90,6.13,NA,NA,NA,NA,94,NA,NA,NA,1.11,NA,NA,NA,NA,0
1861-12-26 21:00:00,NA,"Ch0",180,9.41,NA,NA,NA,NA,94,NA,NA,NA,7.83,NA,NA,NA,NA,16
1861-12-27,"empty",NA,NA,NA,4.4,0,"11:30 am","empty",NA,85.3,0,0,NA,-2.47,-4.17,-5.44,8.17,NA
1861-12-27 07:00:00,NA,"Ch6",270,5.25,NA,NA,NA,NA,89,NA,NA,NA,-0.56,NA,NA,NA,NA,20
1861-12-27 14:00:00,NA,"Ch6",292.5,4.61,NA,NA,NA,NA,89,NA,NA,NA,-2.17,NA,NA,NA,NA,20
1861-12-27 21:00:00,NA,"Ch6",315,3.35,NA,NA,NA,NA,78,NA,NA,NA,-4.67,NA,NA,NA,NA,1
1861-12-28,"empty",NA,NA,NA,3.43,9.4,"1 pm","empty",NA,89.6,0,0,NA,-5.72,-14,-8.33,-4.56,NA
1861-12-28 07:00:00,NA,"Ch0",0,3.32,NA,NA,NA,NA,93,NA,NA,NA,-6.28,NA,NA,NA,NA,0
1861-12-28 14:00:00,NA,"Ch0",90,3.49,NA,NA,NA,NA,88,NA,NA,NA,-5.33,NA,NA,NA,NA,0
1861-12-28 21:00:00,NA,"Ch0",90,3.49,NA,NA,NA,NA,88,NA,NA,NA,-5.56,NA,NA,NA,NA,1
1861-12-29,"empty",NA,NA,NA,NA,0,"empty,empty","empty,empty",NA,NA,9.4,0,NA,NA,NA,NA,NA,NA
1861-12-29 07:00:00,NA,"Ch0",NA,NA,NA,NA,NA,NA,NA,NA,NA,NA,NA,NA,NA,NA,NA,0
1861-12-29 14:00:00,NA,"Ch0",NA,NA,NA,NA,NA,NA,NA,NA,NA,NA,NA,NA,NA,NA,NA,0
1861-12-29 21:00:00,NA,"Ch0",NA,NA,NA,NA,NA,NA,NA,NA,NA,NA,NA,NA,NA,NA,NA,0
1861-12-30,"empty",NA,NA,NA,4.9,0,"empty,empty","empty,empty",NA,91,0,0,NA,-1.22,-9.33,-6.39,2.06,NA
1861-12-30 07:00:00,NA,"Cm8",0,5.25,NA,NA,NA,NA,95,NA,NA,NA,-0.67,NA,NA,NA,NA,2
1861-12-30 14:00:00,NA,"Ch0",315,5.01,NA,NA,NA,NA,89,NA,NA,NA,-0.39,NA,NA,NA,NA,1
1861-12-30 21:00:00,NA,"Ch0",225,4.44,NA,NA,NA,NA,89,NA,NA,NA,-2.61,NA,NA,NA,NA,0
1861-12-31,"empty",NA,NA,NA,5.3,0,"empty,empty","empty,empty",NA,62,0,0,NA,5.22,NA,NA,NA,NA
1861-12-31 07:00:00,NA,"Ch6",180,4.81,NA,NA,NA,NA,58,NA,NA,NA,4.89,NA,NA,NA,NA,5
1861-12-31 14:00:00,NA,"Ch6",202.5,5.79,NA,NA,NA,NA,66,NA,NA,NA,5.56,NA,NA,NA,NA,2
1861-12-31 21:00:00,NA,"Ch0",225,NA,NA,NA,NA,NA,NA,NA,NA,NA,NA,NA,NA,NA,NA,0
1862-01-01,"empty",NA,NA,NA,NA,0,"empty","empty",NA,NA,0,0,NA,NA,NA,NA,NA,NA
1862-01-01 07:00:00,NA,NA,NA,NA,NA,NA,NA,NA,NA,NA,NA,NA,NA,NA,NA,NA,NA,NA
1862-01-01 14:00:00,NA,NA,225,6.1,NA,NA,NA,NA,82,NA,NA,NA,3.39,NA,NA,NA,NA,20
1862-01-01 21:00:00,NA,NA,NA,NA,NA,NA,NA,NA,NA,NA,NA,NA,NA,NA,NA,NA,NA,NA
1862-01-02,"empty",NA,NA,NA,2.48,0,"empty,empty","empty,empty",NA,74.7,0,0,NA,-7.82,3.28,-11.11,9.94,NA
1862-01-02 07:00:00,NA,"Ch6",315,2.57,NA,NA,NA,NA,71,NA,NA,NA,-6.67,NA,NA,NA,NA,5
1862-01-02 14:00:00,NA,"Ch6",315,2.71,NA,NA,NA,NA,71,NA,NA,NA,-6.17,NA,NA,NA,NA,2
1862-01-02 21:00:00,NA,"Ch6",0,2.17,NA,NA,NA,NA,82,NA,NA,NA,-10.61,NA,NA,NA,NA,2
1862-01-03,"empty",NA,NA,NA,NA,0,"empty,empty","empty,empty",NA,NA,0,0,NA,NA,NA,NA,NA,NA
1862-01-03 07:00:00,NA,NA,NA,NA,NA,NA,NA,NA,NA,NA,NA,NA,NA,NA,NA,NA,NA,NA
1862-01-03 14:00:00,NA,"Cm8",45,1.96,NA,NA,NA,NA,81,NA,NA,NA,-11.28,NA,NA,NA,NA,1
1862-01-03 21:00:00,NA,NA,NA,NA,NA,NA,NA,NA,NA,NA,NA,NA,NA,NA,NA,NA,NA,NA
1862-01-04,"empty",NA,NA,NA,20.32,0,"empty,empty","empty,empty",NA,81.3,0,0,NA,-11.06,-13.72,-13.83,-9.78,NA
1862-01-04 07:00:00,NA,NA,NA,1.93,NA,NA,NA,NA,79,NA,NA,NA,-11.22,NA,NA,NA,NA,NA
1862-01-04 14:00:00,NA,"Ch6",45,2.03,NA,NA,NA,NA,80,NA,NA,NA,-11.06,NA,NA,NA,NA,1
1862-01-04 21:00:00,NA,NA,315,2.13,NA,NA,NA,NA,85,NA,NA,NA,-10.89,NA,NA,NA,NA,0
1862-01-05,"empty",NA,NA,NA,NA,0,"empty,empty","empty,empty",NA,NA,0,0,NA,NA,NA,NA,NA,NA
1862-01-05 07:00:00,NA,"Ch0",NA,NA,NA,NA,NA,NA,NA,NA,NA,NA,NA,NA,NA,NA,NA,0
1862-01-05 14:00:00,NA,"Ch0",NA,NA,NA,NA,NA,NA,NA,NA,NA,NA,NA,NA,NA,NA,NA,0
1862-01-05 21:00:00,NA,"Ch0",NA,NA,NA,NA,NA,NA,NA,NA,NA,NA,NA,NA,NA,NA,NA,0
1862-01-06,"empty",NA,NA,NA,NA,5.08,"empty","empty",NA,NA,0,50.8,NA,NA,NA,NA,NA,NA
1862-01-06 07:00:00,NA,"Ch0",NA,NA,NA,NA,NA,NA,NA,NA,NA,NA,NA,NA,NA,NA,NA,0
1862-01-06 14:00:00,NA,"Ch0",NA,NA,NA,NA,NA,NA,NA,NA,NA,NA,NA,NA,NA,NA,NA,0
1862-01-06 21:00:00,NA,"Ch0",NA,NA,NA,NA,NA,NA,NA,NA,NA,NA,NA,NA,NA,NA,NA,0
1862-01-07,"empty",NA,NA,NA,NA,0,"empty,empty","empty,empty",NA,NA,0,0,NA,NA,NA,NA,NA,NA
1862-01-07 07:00:00,NA,"Ch0",NA,NA,NA,NA,NA,NA,NA,NA,NA,NA,NA,NA,NA,NA,NA,0
1862-01-07 14:00:00,NA,"Ch0",NA,NA,NA,NA,NA,NA,NA,NA,NA,NA,NA,NA,NA,NA,NA,0
1862-01-07 21:00:00,NA,"Ch0",NA,NA,NA,NA,NA,NA,NA,NA,NA,NA,NA,NA,NA,NA,NA,0
1862-01-08,"9 pm",NA,NA,NA,NA,0,"empty","empty,empty",NA,NA,0,0,NA,NA,NA,NA,NA,NA
1862-01-08 07:00:00,NA,"Ch0",NA,NA,NA,NA,NA,NA,NA,NA,NA,NA,NA,NA,NA,NA,NA,0
1862-01-08 14:00:00,NA,"Ch0",NA,NA,NA,NA,NA,NA,NA,NA,NA,NA,NA,NA,NA,NA,NA,0
1862-01-08 21:00:00,NA,"Ch0",NA,NA,NA,NA,NA,NA,NA,NA,NA,NA,NA,NA,NA,NA,NA,0
1862-01-09,"empty",NA,NA,NA,NA,2.14,"showers, not known","2:00 pm",NA,NA,0,0.23,NA,NA,-1.67,-11.72,4.39,NA
1862-01-09 07:00:00,NA,NA,NA,NA,NA,NA,NA,NA,NA,NA,NA,NA,NA,NA,NA,NA,NA,0
1862-01-09 14:00:00,NA,NA,NA,NA,NA,NA,NA,NA,NA,NA,NA,NA,NA,NA,NA,NA,NA,0
1862-01-09 21:00:00,NA,NA,270,NA,NA,NA,NA,NA,NA,NA,NA,NA,NA,NA,NA,NA,NA,0
1862-01-10,"empty",NA,NA,NA,7.59,0,"empty,empty","empty,empty",NA,82.7,2.14,0,NA,3.83,-4.11,-4.56,9.11,NA
1862-01-10 07:00:00,NA,"Ch6",180,9.69,NA,NA,NA,NA,98,NA,NA,NA,7,NA,NA,NA,NA,2
1862-01-10 14:00:00,NA,"Ch6",180,10.02,NA,NA,NA,NA,81,NA,NA,NA,8.5,NA,NA,NA,NA,5
1862-01-10 21:00:00,NA,"Ch6",270,3.05,NA,NA,NA,NA,69,NA,NA,NA,-4,NA,NA,NA,NA,11
1862-01-11,"empty",NA,NA,NA,4.84,0,"empty,empty","empty,empty",NA,100,0,0,NA,-3.39,-13.61,-7.33,-3.44,NA
1862-01-11 07:00:00,NA,NA,NA,NA,NA,NA,NA,NA,NA,NA,NA,NA,NA,NA,NA,NA,NA,NA
1862-01-11 14:00:00,NA,NA,67.5,4.81,NA,NA,NA,NA,100,NA,NA,NA,-3.28,NA,NA,NA,NA,0
1862-01-11 21:00:00,NA,NA,90,4.88,NA,NA,NA,NA,100,NA,NA,NA,-3.44,NA,NA,NA,NA,0
1862-01-12,"empty",NA,NA,NA,NA,7.62,"12:30 pm","12:00 am",NA,NA,0,76.2,NA,NA,NA,NA,NA,NA
1862-01-12 07:00:00,NA,"Ch0",NA,NA,NA,NA,NA,NA,NA,NA,NA,NA,NA,NA,NA,NA,NA,0
1862-01-12 14:00:00,NA,"Ch0",NA,NA,NA,NA,NA,NA,NA,NA,NA,NA,NA,NA,NA,NA,NA,0
1862-01-12 21:00:00,NA,"Ch0",NA,NA,NA,NA,NA,NA,NA,NA,NA,NA,NA,NA,NA,NA,NA,0
1862-01-13,"empty",NA,NA,NA,2.12,8.86,"12th not known","2:00 pm",NA,83.3,NA,12.7,NA,-10.59,-2.11,-12.94,2.72,NA
1862-01-13 07:00:00,NA,"Ch6",270,2,NA,NA,NA,NA,70,NA,NA,NA,-9,NA,NA,NA,NA,16
1862-01-13 14:00:00,NA,"Ch6",0,2.37,NA,NA,NA,NA,91,NA,NA,NA,-10.28,NA,NA,NA,NA,0
1862-01-13 21:00:00,NA,"Ch6",270,2,NA,NA,NA,NA,89,NA,NA,NA,-12.5,NA,NA,NA,NA,0
1862-01-14,"empty",NA,NA,NA,2.34,0,"empty,empty","empty,empty",NA,82,7.59,0,NA,-9.59,-11.11,-14.67,-8,NA
1862-01-14 07:00:00,NA,"Ch6",225,1.83,NA,NA,NA,NA,78,NA,NA,NA,-11.94,NA,NA,NA,NA,0
1862-01-14 14:00:00,NA,NA,NA,2.37,NA,NA,NA,NA,78,NA,NA,NA,-8.5,NA,NA,NA,NA,0
1862-01-14 21:00:00,NA,NA,90,2.81,NA,NA,NA,NA,90,NA,NA,NA,-8.33,NA,NA,NA,NA,1
1862-01-15,"empty",NA,NA,NA,5.45,15.24,"10:30 am","10:30 am",NA,94,0,152.4,NA,-0.22,-0.39,-14.67,2.72,NA
1862-01-15 07:00:00,NA,NA,90,5.49,NA,NA,NA,NA,96,NA,NA,NA,-0.5,NA,NA,NA,NA,0
1862-01-15 14:00:00,NA,"Ch6",180,5.99,NA,NA,NA,NA,90,NA,NA,NA,1.83,NA,NA,NA,NA,1
1862-01-15 21:00:00,NA,NA,225,4.88,NA,NA,NA,NA,96,NA,NA,NA,-2,NA,NA,NA,NA,20
1862-01-16,"empty",NA,NA,NA,2.54,0,"empty,empty","empty,empty",NA,80.3,0.23,0,NA,-8.09,-6.67,-12.11,-1,NA
1862-01-16 07:00:00,NA,"Ch6",247.5,2.84,NA,NA,NA,NA,77,NA,NA,NA,-6.33,NA,NA,NA,NA,11
1862-01-16 14:00:00,NA,"Ch6",225,2.68,NA,NA,NA,NA,75,NA,NA,NA,-6.61,NA,NA,NA,NA,5
1862-01-16 21:00:00,NA,NA,225,2.1,NA,NA,NA,NA,89,NA,NA,NA,-11.33,NA,NA,NA,NA,0
1862-01-17,"empty",NA,NA,NA,4.14,3.81,"empty","empty",NA,98,0,38.1,NA,-5,-3.06,-13.44,1.28,NA
1862-01-17 07:00:00,NA,NA,180,3.25,NA,NA,NA,NA,100,NA,NA,NA,-7.89,NA,NA,NA,NA,0
1862-01-17 14:00:00,NA,NA,157.5,4,NA,NA,NA,NA,94,NA,NA,NA,-4.78,NA,NA,NA,NA,0
1862-01-17 21:00:00,NA,NA,180,5.18,NA,NA,NA,NA,100,NA,NA,NA,-2.33,NA,NA,NA,NA,0
1862-01-18,"empty",NA,NA,NA,5.31,5.08,"empty","empty",NA,100,0,50.8,NA,-1.91,-11.94,-6.44,-0.61,NA
1862-01-18 07:00:00,NA,NA,90,5.28,NA,NA,NA,NA,100,NA,NA,NA,-2,NA,NA,NA,NA,0
1862-01-18 14:00:00,NA,NA,90,5.49,NA,NA,NA,NA,100,NA,NA,NA,-1.39,NA,NA,NA,NA,1
1862-01-18 21:00:00,NA,NA,90,5.15,NA,NA,NA,NA,100,NA,NA,NA,-2.33,NA,NA,NA,NA,1
1862-01-19,"empty",NA,NA,NA,NA,15.24,"empty","empty",NA,NA,0,152.4,NA,NA,NA,NA,NA,NA
1862-01-19 07:00:00,NA,"Ch0",NA,NA,NA,NA,NA,NA,NA,NA,NA,NA,NA,NA,NA,NA,NA,0
1862-01-19 14:00:00,NA,"Ch0",NA,NA,NA,NA,NA,NA,NA,NA,NA,NA,NA,NA,NA,NA,NA,0
1862-01-19 21:00:00,NA,"Ch0",NA,NA,NA,NA,NA,NA,NA,NA,NA,NA,NA,NA,NA,NA,NA,0
1862-01-20,"empty",NA,NA,NA,4.97,15.24,"empty","empty",NA,98.7,0,152.4,NA,-2.36,-13.78,-4.44,-0.44,NA
1862-01-20 07:00:00,NA,NA,45,5.01,NA,NA,NA,NA,100,NA,NA,NA,-2.67,NA,NA,NA,NA,5
1862-01-20 14:00:00,NA,NA,45,5.01,NA,NA,NA,NA,100,NA,NA,NA,-2.39,NA,NA,NA,NA,2
1862-01-20 21:00:00,NA,NA,90,4.88,NA,NA,NA,NA,96,NA,NA,NA,-2,NA,NA,NA,NA,5
1862-01-21,"empty",NA,NA,NA,5.31,0,"empty","empty",NA,99.7,0,0.23,NA,-1.76,-14.17,-4.06,-0.44,NA
1862-01-21 07:00:00,NA,NA,90,5.08,NA,NA,NA,NA,100,NA,NA,NA,-2.28,NA,NA,NA,NA,1
1862-01-21 14:00:00,NA,NA,67.5,5.45,NA,NA,NA,NA,100,NA,NA,NA,-1.67,NA,NA,NA,NA,1
1862-01-21 21:00:00,NA,NA,112.5,5.38,NA,NA,NA,NA,99,NA,NA,NA,-1.33,NA,NA,NA,NA,1
1862-01-22,"empty",NA,NA,NA,5.55,0,"empty,empty","empty,empty",NA,94.7,0,0,NA,-0.15,-13.5,-2.39,1.89,NA
1862-01-22 07:00:00,NA,NA,135,5.45,NA,NA,NA,NA,100,NA,NA,NA,-0.94,NA,NA,NA,NA,0
1862-01-22 14:00:00,NA,NA,180,5.93,NA,NA,NA,NA,94,NA,NA,NA,0.72,NA,NA,NA,NA,0
1862-01-22 21:00:00,NA,NA,180,5.28,NA,NA,NA,NA,90,NA,NA,NA,-0.22,NA,NA,NA,NA,0
1862-01-23,"empty",NA,NA,NA,4.76,0,"empty,empty","empty,empty",NA,95.3,0,0,NA,-2.48,-10.89,-6.22,0.67,NA
1862-01-23 07:00:00,NA,NA,180,4.67,NA,NA,NA,NA,91,NA,NA,NA,-2.33,NA,NA,NA,NA,0
1862-01-23 14:00:00,NA,NA,270,5.25,NA,NA,NA,NA,95,NA,NA,NA,-0.67,NA,NA,NA,NA,0
1862-01-23 21:00:00,NA,NA,180,4.37,NA,NA,NA,NA,100,NA,NA,NA,-4.44,NA,NA,NA,NA,0
1862-01-24,"empty",NA,NA,NA,3.97,0,"empty,empty","empty,empty",NA,81.7,0,0,NA,-2.78,-13.06,-5.11,-0.39,NA
1862-01-24 07:00:00,NA,NA,90,3.69,NA,NA,NA,NA,79,NA,NA,NA,-3.33,NA,NA,NA,NA,1
1862-01-24 14:00:00,NA,NA,67.5,4.27,NA,NA,NA,NA,79,NA,NA,NA,-1.28,NA,NA,NA,NA,2
1862-01-24 21:00:00,NA,NA,90,3.96,NA,NA,NA,NA,87,NA,NA,NA,-3.72,NA,NA,NA,NA,1
1862-01-25,"empty",NA,NA,NA,5.02,5.08,"empty","empty",NA,94.7,0,50.8,NA,-1.21,-11.39,-5.33,1.06,NA
1862-01-25 07:00:00,NA,NA,90,4.57,NA,NA,NA,NA,100,NA,NA,NA,-3.17,NA,NA,NA,NA,1
1862-01-25 14:00:00,NA,NA,NA,5.32,NA,NA,NA,NA,97,NA,NA,NA,-0.78,NA,NA,NA,NA,0
1862-01-25 21:00:00,NA,NA,180,5.18,NA,NA,NA,NA,87,NA,NA,NA,0.33,NA,NA,NA,NA,5
1862-01-26,"empty",NA,NA,NA,NA,2.54,"empty","empty",NA,NA,0,25.4,NA,NA,NA,NA,NA,NA
1862-01-26 07:00:00,NA,"Ch0",NA,NA,NA,NA,NA,NA,NA,NA,NA,NA,NA,NA,NA,NA,NA,0
1862-01-26 14:00:00,NA,"Ch0",NA,NA,NA,NA,NA,NA,NA,NA,NA,NA,NA,NA,NA,NA,NA,0
1862-01-26 21:00:00,NA,"Ch0",NA,NA,NA,NA,NA,NA,NA,NA,NA,NA,NA,NA,NA,NA,NA,0
1862-01-27,"empty",NA,NA,NA,3.33,2.54,"empty","empty",NA,85.3,0,25.4,NA,-5.52,-5.89,-10.61,1.28,NA
1862-01-27 07:00:00,NA,"Ch6",270,3.05,NA,NA,NA,NA,88,NA,NA,NA,-6.67,NA,NA,NA,NA,2
1862-01-27 14:00:00,NA,"Ch6",180,3.89,NA,NA,NA,NA,80,NA,NA,NA,-2.56,NA,NA,NA,NA,1
1862-01-27 21:00:00,NA,NA,90,3.05,NA,NA,NA,NA,88,NA,NA,NA,-7.33,NA,NA,NA,NA,0
1862-01-28,"empty",NA,NA,NA,3.97,0,"empty,empty","empty,empty",NA,94.3,0,0,NA,-5.02,-11.28,-8.89,-2.39,NA
1862-01-28 07:00:00,NA,"Ch6",90,2.74,NA,NA,NA,NA,83,NA,NA,NA,-7.33,NA,NA,NA,NA,5
1862-01-28 14:00:00,NA,NA,90,3.73,NA,NA,NA,NA,100,NA,NA,NA,-6.06,NA,NA,NA,NA,5
1862-01-28 21:00:00,NA,NA,90,5.45,NA,NA,NA,NA,100,NA,NA,NA,-1.67,NA,NA,NA,NA,1
1862-01-29,"empty",NA,NA,NA,6.27,6.27,"12:00 pm","empty",NA,91,0,0,NA,2.22,-3.06,-10.61,4.11,NA
1862-01-29 07:00:00,NA,NA,180,6.4,NA,NA,NA,NA,100,NA,NA,NA,1.33,NA,NA,NA,NA,0
1862-01-29 14:00:00,NA,"Ch6",202.5,6.71,NA,NA,NA,NA,89,NA,NA,NA,3.5,NA,NA,NA,NA,1
1862-01-29 21:00:00,NA,NA,180,5.72,NA,NA,NA,NA,84,NA,NA,NA,1.83,NA,NA,NA,NA,1
1862-01-30,"empty",NA,NA,NA,4.1,0,"empty,empty","empty,empty",NA,78.3,6.27,0,NA,-1.96,-10.67,-4.39,2.72,NA
1862-01-30 07:00:00,NA,"Ch6",270,4.1,NA,NA,NA,NA,75,NA,NA,NA,-1.22,NA,NA,NA,NA,5
1862-01-30 14:00:00,NA,"Ch6",270,4.33,NA,NA,NA,NA,81,NA,NA,NA,-1.78,NA,NA,NA,NA,1
1862-01-30 21:00:00,NA,NA,315,3.86,NA,NA,NA,NA,79,NA,NA,NA,-2.89,NA,NA,NA,NA,2
1862-01-31,"empty",NA,NA,NA,3.85,0,"empty,empty","empty,empty",NA,80.3,0,0,NA,-4.76,-13.33,-7.67,-3.22,NA
1862-01-31 07:00:00,NA,"Ch6",90,3.42,NA,NA,NA,NA,80,NA,NA,NA,-4.11,NA,NA,NA,NA,1
1862-01-31 14:00:00,NA,NA,90,3.22,NA,NA,NA,NA,69,NA,NA,NA,-3.5,NA,NA,NA,NA,1
1862-01-31 21:00:00,NA,NA,90,4.91,NA,NA,NA,NA,92,NA,NA,NA,-6.67,NA,NA,NA,NA,1
1862-02-01,"empty",NA,NA,NA,4.6,0,"empty","empty",NA,83.3,0,0,NA,-1.17,-7,-8.61,2.17,NA
1862-02-01 07:00:00,NA,"Ch0",180,5.38,NA,NA,NA,NA,93,NA,NA,NA,-0.11,NA,NA,NA,NA,0
1862-02-01 14:00:00,NA,"Cm8",225,5.08,NA,NA,NA,NA,80,NA,NA,NA,1,NA,NA,NA,NA,1
1862-02-01 21:00:00,NA,"Ch0",225,3.32,NA,NA,NA,NA,77,NA,NA,NA,-4.39,NA,NA,NA,NA,1
1862-02-02,"empty",NA,NA,NA,NA,0,"empty,empty","empty,empty",NA,NA,0,0,NA,NA,NA,NA,NA,NA
1862-02-02 07:00:00,NA,"Ch0",NA,NA,NA,NA,NA,NA,NA,NA,NA,NA,-4.06,NA,NA,NA,NA,0
1862-02-02 14:00:00,NA,"Ch0",NA,NA,NA,NA,NA,NA,NA,NA,NA,NA,-2.06,NA,NA,NA,NA,0
1862-02-02 21:00:00,NA,"Ch0",NA,NA,NA,NA,NA,NA,NA,NA,NA,NA,-4.78,NA,NA,NA,NA,0
1862-02-03,"empty",NA,NA,NA,3.38,0,"empty","empty",NA,89,0,0,NA,-6.07,-7.28,-13.28,-2.78,NA
1862-02-03 07:00:00,NA,"Ch0",90,2.4,NA,NA,NA,NA,74,NA,NA,NA,-8,NA,NA,NA,NA,0
1862-02-03 14:00:00,NA,"Ch0",90,3.62,NA,NA,NA,NA,93,NA,NA,NA,-5.11,NA,NA,NA,NA,1
1862-02-03 21:00:00,NA,"Ch0",90,4.1,NA,NA,NA,NA,100,NA,NA,NA,-5.11,NA,NA,NA,NA,0
1862-02-04,"empty",NA,NA,NA,3.84,1.27,"empty","empty",NA,92.7,0,12.7,NA,-4.78,-13.56,-7.5,-3.28,NA
1862-02-04 07:00:00,NA,"Ch0",270,4.1,NA,NA,NA,NA,100,NA,NA,NA,-4.56,NA,NA,NA,NA,0
1862-02-04 14:00:00,NA,"Ch0",225,4.23,NA,NA,NA,NA,89,NA,NA,NA,-3,NA,NA,NA,NA,0
1862-02-04 21:00:00,NA,"Ch0",225,3.18,NA,NA,NA,NA,89,NA,NA,NA,-6.78,NA,NA,NA,NA,1
1862-02-05,"empty",NA,NA,NA,4.21,0,"empty,empty","empty,empty",NA,91.7,0,0,NA,-3.87,-6.28,-11.39,0.11,NA
1862-02-05 07:00:00,NA,"Ch6",180,2.57,NA,NA,NA,NA,97,NA,NA,NA,-9.83,NA,NA,NA,NA,0
1862-02-05 14:00:00,NA,"Cm8",90,4.88,NA,NA,NA,NA,85,NA,NA,NA,-0.56,NA,NA,NA,NA,0
1862-02-05 21:00:00,NA,"Ch0",270,5.18,NA,NA,NA,NA,93,NA,NA,NA,-1.22,NA,NA,NA,NA,0
1862-02-06,"empty",NA,NA,NA,5.81,4.29,"9:40 am","empty",NA,88.3,0,0,NA,1.18,-8.22,-4.06,5.5,NA
1862-02-06 07:00:00,NA,"Ch0",180,4.33,NA,NA,NA,NA,77,NA,NA,NA,-0.89,NA,NA,NA,NA,0
1862-02-06 14:00:00,NA,"Ch0",180,7.08,NA,NA,NA,NA,97,NA,NA,NA,3,NA,NA,NA,NA,2
1862-02-06 21:00:00,NA,"Ch0",225,6.03,NA,NA,NA,NA,91,NA,NA,NA,1.44,NA,NA,NA,NA,16
1862-02-07,"empty",NA,NA,NA,3.96,0,"1:00 pm","showers",NA,78,4.29,0,NA,-2.24,-9.17,-6,2.61,NA
1862-02-07 07:00:00,NA,"Ch6",270,4.23,NA,NA,NA,NA,74,NA,NA,NA,-0.78,NA,NA,NA,NA,11
1862-02-07 14:00:00,NA,NA,270,4.2,NA,NA,NA,NA,73,NA,NA,NA,-0.67,NA,NA,NA,NA,2
1862-02-07 21:00:00,NA,"Ch6",0,3.45,NA,NA,NA,NA,87,NA,NA,NA,-5.28,NA,NA,NA,NA,1
1862-02-08,"empty",NA,NA,NA,3.7,0,"empty","empty",NA,98,0.23,0,NA,-4.91,-14.89,-6.78,-3.89,NA
1862-02-08 07:00:00,NA,"Ch0",90,3.76,NA,NA,NA,NA,92,NA,NA,NA,-5.11,NA,NA,NA,NA,1
1862-02-08 14:00:00,NA,"Ch0",90,3.76,NA,NA,NA,NA,86,NA,NA,NA,-3.94,NA,NA,NA,NA,0
1862-02-08 21:00:00,NA,"Ch0",270,3.59,NA,NA,NA,NA,92,NA,NA,NA,-5.67,NA,NA,NA,NA,0
1862-02-09,"empty",NA,NA,NA,NA,0,"empty,empty","empty,empty",NA,NA,0,0,NA,NA,NA,NA,NA,NA
1862-02-09 07:00:00,NA,"Ch0",NA,NA,NA,NA,NA,NA,NA,NA,NA,NA,-7.61,NA,NA,NA,NA,0
1862-02-09 14:00:00,NA,"Ch0",NA,NA,NA,NA,NA,NA,NA,NA,NA,NA,-3.78,NA,NA,NA,NA,0
1862-02-09 21:00:00,NA,"Ch0",NA,NA,NA,NA,NA,NA,NA,NA,NA,NA,-5.89,NA,NA,NA,NA,0
1862-02-10,"empty",NA,NA,NA,2.95,0,"empty,empty","empty,empty",NA,80.7,0,0,NA,-6.61,-9.67,-11.83,-3.72,NA
1862-02-10 07:00:00,NA,"Ch0",180,2.13,NA,NA,NA,NA,81,NA,NA,NA,-10.11,NA,NA,NA,NA,0
1862-02-10 14:00:00,NA,"Ch6",180,3.83,NA,NA,NA,NA,83,NA,NA,NA,-3.56,NA,NA,NA,NA,0
1862-02-10 21:00:00,NA,"Ch0",90,2.88,NA,NA,NA,NA,78,NA,NA,NA,-6.17,NA,NA,NA,NA,0
1862-02-11,"empty",NA,NA,NA,4.38,0,"empty,empty","empty,empty",NA,83,0,0,NA,-1.83,-9.33,-7.5,0.94,NA
1862-02-11 07:00:00,NA,"Ch6",90,2.81,NA,NA,NA,NA,75,NA,NA,NA,-6.06,NA,NA,NA,NA,0
1862-02-11 14:00:00,NA,"Ch0",112.5,4.67,NA,NA,NA,NA,80,NA,NA,NA,0,NA,NA,NA,NA,0
1862-02-11 21:00:00,NA,"Ch0",180,5.66,NA,NA,NA,NA,94,NA,NA,NA,0.56,NA,NA,NA,NA,1
1862-02-12,"empty",NA,NA,NA,4.5,2.54,"empty","empty",NA,87.7,0,25.4,NA,-2.13,-10.56,-6.11,1.11,NA
1862-02-12 07:00:00,NA,"Ch0",202.5,5.38,NA,NA,NA,NA,93,NA,NA,NA,-0.56,NA,NA,NA,NA,1
1862-02-12 14:00:00,NA,"Ch0",225,4.91,NA,NA,NA,NA,86,NA,NA,NA,-0.17,NA,NA,NA,NA,2
1862-02-12 21:00:00,NA,"Ch0",180,3.22,NA,NA,NA,NA,84,NA,NA,NA,-5.67,NA,NA,NA,NA,0
1862-02-13,"empty",NA,NA,NA,5.12,7.62,"empty","empty",NA,100,0,76.2,NA,-2.24,-10.33,-6.33,1.11,NA
1862-02-13 07:00:00,NA,"Ch0",90,4.81,NA,NA,NA,NA,100,NA,NA,NA,-3.28,NA,NA,NA,NA,0
1862-02-13 14:00:00,NA,"Ch0",67.5,5.08,NA,NA,NA,NA,100,NA,NA,NA,-2.22,NA,NA,NA,NA,2
1862-02-13 21:00:00,NA,"Ch0",225,5.49,NA,NA,NA,NA,100,NA,NA,NA,-1.22,NA,NA,NA,NA,0
1862-02-14,"empty",NA,NA,NA,2.09,0,"empty","empty",NA,74.3,0,0,NA,-10.18,-2.39,-15.28,0.11,NA
1862-02-14 07:00:00,NA,"Ch0",315,2.81,NA,NA,NA,NA,79,NA,NA,NA,-6.89,NA,NA,NA,NA,5
1862-02-14 14:00:00,NA,NA,270,2.2,NA,NA,NA,NA,70,NA,NA,NA,-8.11,NA,NA,NA,NA,5
1862-02-14 21:00:00,NA,"Ch6",270,1.25,NA,NA,NA,NA,74,NA,NA,NA,-15.56,NA,NA,NA,NA,1
1862-02-15,"empty",NA,NA,NA,2.48,0,"empty,empty","empty,empty",NA,83,0,0,NA,-8.83,-8.56,-17.06,-7.83,NA
1862-02-15 07:00:00,NA,"Ch0",180,2.03,NA,NA,NA,NA,77,NA,NA,NA,-10,NA,NA,NA,NA,0
1862-02-15 14:00:00,NA,"Ch0",202.5,2.34,NA,NA,NA,NA,76,NA,NA,NA,-8.33,NA,NA,NA,NA,1
1862-02-15 21:00:00,NA,"Ch0",202.5,3.08,NA,NA,NA,NA,96,NA,NA,NA,-8.17,NA,NA,NA,NA,5
1862-02-16,"empty",NA,NA,NA,NA,0,"empty,empty","empty,empty",NA,NA,0,0,NA,NA,-11.56,-11.72,-5.5,NA
1862-02-16 07:00:00,NA,"Ch0",NA,NA,NA,NA,NA,NA,NA,NA,NA,NA,-8.61,NA,NA,NA,NA,0
1862-02-16 14:00:00,NA,"Ch0",NA,NA,NA,NA,NA,NA,NA,NA,NA,NA,-5.39,NA,NA,NA,NA,0
1862-02-16 21:00:00,NA,"Ch0",NA,NA,NA,NA,NA,NA,NA,NA,NA,NA,-4.06,NA,NA,NA,NA,0
1862-02-17,"empty",NA,NA,NA,3.87,0,"empty,empty","empty,empty",NA,79.3,0,0,NA,-3.26,-4.11,-13.28,0.39,NA
1862-02-17 07:00:00,NA,"Ch0",90,2.57,NA,NA,NA,NA,75,NA,NA,NA,-7.28,NA,NA,NA,NA,0
1862-02-17 14:00:00,NA,"Ch6",90,3.25,NA,NA,NA,NA,66,NA,NA,NA,-2.5,NA,NA,NA,NA,1
1862-02-17 21:00:00,NA,"Ch0",90,5.79,NA,NA,NA,NA,97,NA,NA,NA,0,NA,NA,NA,NA,0
1862-02-18,"5:10 pm | 9:00 pm",NA,NA,NA,4.95,6.43,"6:00 pm","not known",NA,76,0,0.23,NA,1.46,-12.94,-0.89,3.94,NA
1862-02-18 07:00:00,NA,"Ch6",202.5,5.96,NA,NA,NA,NA,84,NA,NA,NA,2.78,NA,NA,NA,NA,2
1862-02-18 14:00:00,NA,"Ch6",247.5,4.5,NA,NA,NA,NA,66,NA,NA,NA,2.06,NA,NA,NA,NA,5
1862-02-18 21:00:00,NA,"Ch0",225,4.4,NA,NA,NA,NA,78,NA,NA,NA,-0.44,NA,NA,NA,NA,5
1862-02-19,"empty",NA,NA,NA,4.85,0,"empty,empty","empty,empty",NA,92.3,6.43,0,NA,-1.78,-10.11,-6.94,0.72,NA
1862-02-19 07:00:00,NA,"Ch0",135,4.13,NA,NA,NA,NA,92,NA,NA,NA,-4,NA,NA,NA,NA,0
1862-02-19 14:00:00,NA,"Ch0",67.5,4.84,NA,NA,NA,NA,85,NA,NA,NA,-0.11,NA,NA,NA,NA,2
1862-02-19 21:00:00,NA,"Ch0",67.5,5.59,NA,NA,NA,NA,100,NA,NA,NA,-1.22,NA,NA,NA,NA,20
1862-02-20,"empty",NA,NA,NA,3.54,0,"empty,empty","empty,empty",NA,82.3,0,0,NA,-4.11,-11,-6,0.78,NA
1862-02-20 07:00:00,NA,"Ch0",337.5,4.23,NA,NA,NA,NA,96,NA,NA,NA,-4,NA,NA,NA,NA,11
1862-02-20 14:00:00,NA,"Ch6",315,3.62,NA,NA,NA,NA,77,NA,NA,NA,-2.78,NA,NA,NA,NA,11
1862-02-20 21:00:00,NA,"Ch0",270,2.78,NA,NA,NA,NA,74,NA,NA,NA,-5.56,NA,NA,NA,NA,2
1862-02-21,"empty",NA,NA,NA,3.52,20.32,"empty","empty",NA,85.3,0,203.2,NA,-4.83,-6.89,-10.94,-0.06,NA
1862-02-21 07:00:00,NA,"Ch0",180,3.18,NA,NA,NA,NA,93,NA,NA,NA,-7.39,NA,NA,NA,NA,1
1862-02-21 14:00:00,NA,"Ch6",180,3.96,NA,NA,NA,NA,72,NA,NA,NA,-1.39,NA,NA,NA,NA,1
1862-02-21 21:00:00,NA,"Ch0",180,3.42,NA,NA,NA,NA,91,NA,NA,NA,-5.72,NA,NA,NA,NA,0
1862-02-22,"empty",NA,NA,NA,4.75,0,"empty,empty","empty,empty",NA,80,0,0,NA,-0.59,-8.39,-6.56,2.83,NA
1862-02-22 07:00:00,NA,"Ch0",180,4.47,NA,NA,NA,NA,80,NA,NA,NA,-2.39,NA,NA,NA,NA,0
1862-02-22 14:00:00,NA,"Ch0",180,4.71,NA,NA,NA,NA,75,NA,NA,NA,0.83,NA,NA,NA,NA,0
1862-02-22 21:00:00,NA,"Ch0",180,5.08,NA,NA,NA,NA,85,NA,NA,NA,-0.22,NA,NA,NA,NA,0
1862-02-23,"empty",NA,NA,NA,NA,0,"morning drizzle.","morning drizzle.",NA,NA,0,0,NA,NA,NA,NA,NA,NA
1862-02-23 07:00:00,NA,"Ch0",NA,NA,NA,NA,NA,NA,NA,NA,NA,NA,-0.56,NA,NA,NA,NA,0
1862-02-23 14:00:00,NA,"Ch0",NA,NA,NA,NA,NA,NA,NA,NA,NA,NA,-3.39,NA,NA,NA,NA,0
1862-02-23 21:00:00,NA,"Ch0",NA,NA,NA,NA,NA,NA,NA,NA,NA,NA,-4.5,NA,NA,NA,NA,0
1862-02-24,"empty",NA,NA,NA,3.85,21.84,"12:00 am","not known",NA,84,0,152.4,NA,-5.07,-2.78,-9.89,5.11,NA
1862-02-24 07:00:00,NA,"Ch0",0,6.71,NA,NA,NA,NA,100,NA,NA,NA,1.22,NA,NA,NA,NA,11
1862-02-24 14:00:00,NA,"Cm8",292.5,2.71,NA,NA,NA,NA,81,NA,NA,NA,-7.61,NA,NA,NA,NA,20
1862-02-24 21:00:00,NA,"Ch6",270,2.13,NA,NA,NA,NA,71,NA,NA,NA,-8.83,NA,NA,NA,NA,20
1862-02-25,"empty",NA,NA,NA,2.18,0,"empty,empty","empty,empty",NA,79,6.6,0,NA,-9.94,-10,-13.22,-5.44,NA
1862-02-25 07:00:00,NA,"Ch0",0,1.9,NA,NA,NA,NA,82,NA,NA,NA,-11.94,NA,NA,NA,NA,1
1862-02-25 14:00:00,NA,"Ch0",180,2.57,NA,NA,NA,NA,82,NA,NA,NA,-8.22,NA,NA,NA,NA,0
1862-02-25 21:00:00,NA,"Ch0",90,2.07,NA,NA,NA,NA,73,NA,NA,NA,-9.67,NA,NA,NA,NA,1
1862-02-26,"empty",NA,NA,NA,5.35,0.64,"empty","empty",NA,91,0,6.35,NA,-1.07,-3.5,-11.22,3.06,NA
1862-02-26 07:00:00,NA,"Ch0",90,3.08,NA,NA,NA,NA,85,NA,NA,NA,-6.44,NA,NA,NA,NA,0
1862-02-26 14:00:00,NA,"Ch0",90,5.55,NA,NA,NA,NA,89,NA,NA,NA,0.17,NA,NA,NA,NA,0
1862-02-26 21:00:00,NA,"Ch0",45,7.42,NA,NA,NA,NA,99,NA,NA,NA,3.06,NA,NA,NA,NA,0
1862-02-27,"empty",NA,NA,NA,3.02,0.5,"7:00 pm","empty",NA,73.7,0,0,NA,-4.67,-8.28,-7.72,1.78,NA
1862-02-27 07:00:00,NA,NA,292.5,3.25,NA,NA,NA,NA,66,NA,NA,NA,-2.89,NA,NA,NA,NA,16
1862-02-27 14:00:00,NA,NA,270,3.49,NA,NA,NA,NA,88,NA,NA,NA,-4.5,NA,NA,NA,NA,16
1862-02-27 21:00:00,NA,NA,270,2.34,NA,NA,NA,NA,67,NA,NA,NA,-6.61,NA,NA,NA,NA,27
1862-02-28,"empty",NA,NA,NA,2.66,0,"empty,empty","empty,empty",NA,83,0.5,0,NA,-8.02,-12.89,-10.5,-5.61,NA
1862-02-28 07:00:00,NA,"Ch0",292.5,2.27,NA,NA,NA,NA,81,NA,NA,NA,-9.56,NA,NA,NA,NA,27
1862-02-28 14:00:00,NA,"Ch0",292.5,2.64,NA,NA,NA,NA,83,NA,NA,NA,-8,NA,NA,NA,NA,27
1862-02-28 21:00:00,NA,NA,270,3.08,NA,NA,NA,NA,85,NA,NA,NA,-6.5,NA,NA,NA,NA,34
1862-03-01,NA,NA,NA,NA,3.31,0,"empty,empty","empty,empty",NA,86.7,0,0,NA,-5.71,-9.83,-8.5,-0.56,NA
1862-03-01 07:00:00,NA,NA,292.5,3.08,NA,NA,NA,NA,89,NA,NA,NA,-7.33,NA,NA,NA,NA,11
1862-03-01 14:00:00,NA,"Ch6",225,3.42,NA,NA,NA,NA,80,NA,NA,NA,-4.11,NA,NA,NA,NA,2
1862-03-01 21:00:00,NA,NA,0,3.42,NA,NA,NA,NA,91,NA,NA,NA,-5.67,NA,NA,NA,NA,2
1862-03-02,NA,NA,NA,NA,NA,0,"empty,empty","empty,empty",NA,NA,0,0,NA,NA,NA,NA,NA,NA
1862-03-02 07:00:00,NA,"Ch0",NA,NA,NA,NA,NA,NA,NA,NA,NA,NA,-5.44,NA,NA,NA,NA,0
1862-03-02 14:00:00,NA,"Ch0",NA,NA,NA,NA,NA,NA,NA,NA,NA,NA,-2.33,NA,NA,NA,NA,0
1862-03-02 21:00:00,NA,"Ch0",0,NA,NA,NA,NA,NA,NA,NA,NA,NA,-1.94,NA,NA,NA,NA,0
1862-03-03,NA,NA,NA,NA,5.45,0,"7:00 am","empty",NA,95.7,0,0,NA,-0.79,-8,-7.56,2.22,NA
1862-03-03 07:00:00,NA,NA,90,3.96,NA,NA,NA,NA,87,NA,NA,NA,-3.61,NA,NA,NA,NA,5
1862-03-03 14:00:00,NA,NA,90,5.72,NA,NA,NA,NA,100,NA,NA,NA,-0.56,NA,NA,NA,NA,2
1862-03-03 21:00:00,NA,NA,180,6.67,NA,NA,NA,NA,100,NA,NA,NA,1.78,NA,NA,NA,NA,0
1862-03-04,NA,NA,NA,NA,3.66,14.91,"3:00 pm","10:00 pm",NA,84.7,0.23,25.4,NA,-4.35,-7.94,-7.56,2.28,NA
1862-03-04 07:00:00,NA,NA,180,3.32,NA,NA,NA,NA,83,NA,NA,NA,-5.39,NA,NA,NA,NA,2
1862-03-04 14:00:00,NA,NA,180,3.76,NA,NA,NA,NA,81,NA,NA,NA,-3.61,NA,NA,NA,NA,2
1862-03-04 21:00:00,NA,NA,180,3.89,NA,NA,NA,NA,90,NA,NA,NA,-4.06,NA,NA,NA,NA,1
1862-03-05,NA,NA,NA,NA,3.78,0,"empty,empty","empty,empty",NA,88.7,12.37,0,NA,-1.83,-10.83,-6.33,0.61,NA
1862-03-05 07:00:00,NA,NA,225,3.73,NA,NA,NA,NA,96,NA,NA,NA,-5.39,NA,NA,NA,NA,1
1862-03-05 14:00:00,NA,"Ch6",180,3.96,NA,NA,NA,NA,82,NA,NA,NA,-2.78,NA,NA,NA,NA,1
1862-03-05 21:00:00,NA,NA,180,3.66,NA,NA,NA,NA,88,NA,NA,NA,-5.67,NA,NA,NA,NA,1
1862-03-06,NA,NA,NA,NA,3.16,0,"empty,empty","empty,empty",NA,81,0,0,NA,-5.43,-7.83,-9.22,0.72,NA
1862-03-06 07:00:00,NA,"Ch6",180,3.01,NA,NA,NA,NA,93,NA,NA,NA,-7.89,NA,NA,NA,NA,1
1862-03-06 14:00:00,NA,"Ch6",202.5,3.05,NA,NA,NA,NA,64,NA,NA,NA,-3.28,NA,NA,NA,NA,1
1862-03-06 21:00:00,NA,NA,180,3.42,NA,NA,NA,NA,86,NA,NA,NA,-5.11,NA,NA,NA,NA,1
1862-03-07,NA,NA,NA,NA,5.07,0,"empty,empty","empty,empty",NA,86.7,0,0,NA,-0.39,-7.28,-6.11,4.39,NA
1862-03-07 07:00:00,NA,"Ch6",202.5,3.83,NA,NA,NA,NA,88,NA,NA,NA,-4.39,NA,NA,NA,NA,1
1862-03-07 14:00:00,NA,NA,180,5.35,NA,NA,NA,NA,81,NA,NA,NA,1.67,NA,NA,NA,NA,1
1862-03-07 21:00:00,NA,NA,180,6.03,NA,NA,NA,NA,91,NA,NA,NA,1.56,NA,NA,NA,NA,1
1862-03-08,NA,NA,NA,NA,5.6,0,"empty,empty","empty,empty",NA,83.7,0,0,NA,1.65,-15.28,0.22,2.72,NA
1862-03-08 07:00:00,NA,"Cm8",202.5,6.2,NA,NA,NA,NA,90,NA,NA,NA,1.67,NA,NA,NA,NA,1
1862-03-08 14:00:00,NA,NA,180,4.84,NA,NA,NA,NA,71,NA,NA,NA,2.22,NA,NA,NA,NA,0
1862-03-08 21:00:00,NA,NA,180,5.76,NA,NA,NA,NA,90,NA,NA,NA,1.06,NA,NA,NA,NA,0
1862-03-09,NA,NA,NA,NA,NA,0,"empty,empty","empty,empty",NA,NA,0,0,NA,NA,NA,NA,NA,NA
1862-03-09 07:00:00,NA,"Ch0",NA,NA,NA,NA,NA,NA,NA,NA,NA,NA,3.83,NA,NA,NA,NA,0
1862-03-09 14:00:00,NA,"Ch0",NA,NA,NA,NA,NA,NA,NA,NA,NA,NA,4.39,NA,NA,NA,NA,0
1862-03-09 21:00:00,NA,"Ch0",NA,NA,NA,NA,NA,NA,NA,NA,NA,NA,1.39,NA,NA,NA,NA,0
1862-03-10,NA,NA,NA,NA,7.46,0,"4:30 pm","empty",NA,88.7,0,0,NA,4.78,-9.78,2.28,7.5,NA
1862-03-10 07:00:00,NA,NA,180,7.86,NA,NA,NA,NA,89,NA,NA,NA,6,NA,NA,NA,NA,2
1862-03-10 14:00:00,NA,NA,180,8.43,NA,NA,NA,NA,89,NA,NA,NA,6.56,NA,NA,NA,NA,1
1862-03-10 21:00:00,NA,NA,225,6.1,NA,NA,NA,NA,88,NA,NA,NA,1.78,NA,NA,NA,NA,5
1862-03-11,NA,NA,NA,NA,5.1,1.65,"1:30 pm","empty",NA,82.3,0,0,NA,0.54,-11.72,-1.94,4.11,NA
1862-03-11 07:00:00,NA,"Ch6",180,4.91,NA,NA,NA,NA,86,NA,NA,NA,-0.44,NA,NA,NA,NA,1
1862-03-11 14:00:00,NA,"Ch6",180,4.88,NA,NA,NA,NA,71,NA,NA,NA,2,NA,NA,NA,NA,2
1862-03-11 21:00:00,NA,"Ch6",180,5.52,NA,NA,NA,NA,90,NA,NA,NA,0.06,NA,NA,NA,NA,1
1862-03-12,NA,NA,NA,NA,4.58,0,"empty,empty","empty,empty",NA,79,1.65,0,NA,-0.21,-11.67,-2.89,3.22,NA
1862-03-12 07:00:00,NA,"Ch6",225,4.54,NA,NA,NA,NA,77,NA,NA,NA,-0.28,NA,NA,NA,NA,1
1862-03-12 14:00:00,NA,"Ch6",270,4.1,NA,NA,NA,NA,62,NA,NA,NA,1.44,NA,NA,NA,NA,2
1862-03-12 21:00:00,NA,NA,0,5.11,NA,NA,NA,NA,98,NA,NA,NA,-1.78,NA,NA,NA,NA,1
1862-03-13,NA,NA,NA,NA,4.43,0,"empty","empty",NA,81.3,0,0.23,NA,-1.43,-12.72,-4.44,0.61,NA
1862-03-13 07:00:00,NA,NA,90,3.42,NA,NA,NA,NA,71,NA,NA,NA,-3,NA,NA,NA,NA,1
1862-03-13 14:00:00,NA,"Ch6",90,4.64,NA,NA,NA,NA,79,NA,NA,NA,-0.17,NA,NA,NA,NA,2
1862-03-13 21:00:00,NA,"Ch6",90,5.22,NA,NA,NA,NA,94,NA,NA,NA,-1.11,NA,NA,NA,NA,5
1862-03-14,NA,NA,NA,NA,5.54,0,"9:00 am","empty",NA,96,0,0,NA,-0.68,-15.28,-2.06,0.44,NA
1862-03-14 07:00:00,NA,NA,45,5.22,NA,NA,NA,NA,94,NA,NA,NA,-1.11,NA,NA,NA,NA,1
1862-03-14 14:00:00,NA,NA,90,5.59,NA,NA,NA,NA,97,NA,NA,NA,-0.39,NA,NA,NA,NA,1
1862-03-14 21:00:00,NA,NA,90,5.82,NA,NA,NA,NA,97,NA,NA,NA,-0.56,NA,NA,NA,NA,11
1862-03-15,NA,NA,NA,NA,6.03,25.57,"1:00 pm","empty",NA,97,0.23,0,NA,-0.11,-15.72,-1.5,0.56,NA
1862-03-15 07:00:00,NA,NA,67.5,6.03,NA,NA,NA,NA,97,NA,NA,NA,-0.11,NA,NA,NA,NA,11
1862-03-15 14:00:00,NA,NA,67.5,6.03,NA,NA,NA,NA,97,NA,NA,NA,-0.11,NA,NA,NA,NA,11
1862-03-15 21:00:00,NA,NA,67.5,6.03,NA,NA,NA,NA,97,NA,NA,NA,-0.11,NA,NA,NA,NA,16
1862-03-16,NA,NA,NA,NA,NA,12.57,"2:00 pm","9:30 pm",NA,NA,25.57,76.2,NA,NA,NA,NA,NA,NA
1862-03-16 07:00:00,NA,"Ch0",NA,NA,NA,NA,NA,NA,NA,NA,NA,NA,-1.22,NA,NA,NA,NA,0
1862-03-16 14:00:00,NA,"Ch0",NA,NA,NA,NA,NA,NA,NA,NA,NA,NA,-0.06,NA,NA,NA,NA,0
1862-03-16 21:00:00,NA,"Ch0",NA,NA,NA,NA,NA,NA,NA,NA,NA,NA,-0.61,NA,NA,NA,NA,0
1862-03-17,NA,NA,NA,NA,4.85,0,"2","empty,empty",NA,89,4.95,0,NA,-1.15,-11.78,-3.61,2.39,NA
1862-03-17 07:00:00,NA,NA,0,4.57,NA,NA,NA,NA,91,NA,NA,NA,-2.33,NA,NA,NA,NA,1
1862-03-17 14:00:00,NA,"Cm2",0,4.57,NA,NA,NA,NA,77,NA,NA,NA,0,NA,NA,NA,NA,0
1862-03-17 21:00:00,NA,NA,180,5.49,NA,NA,NA,NA,99,NA,NA,NA,-1.11,NA,NA,NA,NA,0
1862-03-18,NA,NA,NA,NA,4.84,0,"empty,empty","empty,empty",NA,87.7,0,0,NA,-0.93,-11.22,-1.28,2.5,NA
1862-03-18 07:00:00,NA,"Ch6",90,5.45,NA,NA,NA,NA,88,NA,NA,NA,0.72,NA,NA,NA,NA,0
1862-03-18 14:00:00,NA,NA,0,4.81,NA,NA,NA,NA,78,NA,NA,NA,0.06,NA,NA,NA,NA,0
1862-03-18 21:00:00,NA,NA,180,4.27,NA,NA,NA,NA,97,NA,NA,NA,-3.56,NA,NA,NA,NA,0
1862-03-19,NA,NA,NA,NA,4.73,0,"empty,empty","empty,empty",NA,82.7,0,0,NA,-0.57,-9.94,-6.56,1.28,NA
1862-03-19 07:00:00,NA,NA,180,5.18,NA,NA,NA,NA,93,NA,NA,NA,-1.33,NA,NA,NA,NA,0
1862-03-19 14:00:00,NA,"Ch6",90,5.15,NA,NA,NA,NA,86,NA,NA,NA,0.22,NA,NA,NA,NA,1
1862-03-19 21:00:00,NA,NA,90,3.86,NA,NA,NA,NA,69,NA,NA,NA,-0.61,NA,NA,NA,NA,1
1862-03-20,NA,NA,NA,NA,4.89,0,"empty,empty","empty,empty",NA,81.3,0,0,NA,-0.04,-12.67,-2.94,2.17,NA
1862-03-20 07:00:00,NA,"Ch6",90,3.89,NA,NA,NA,NA,70,NA,NA,NA,-0.61,NA,NA,NA,NA,2
1862-03-20 14:00:00,NA,"Ch6",67.5,5.25,NA,NA,NA,NA,84,NA,NA,NA,0.67,NA,NA,NA,NA,5
1862-03-20 21:00:00,NA,NA,90,5.52,NA,NA,NA,NA,90,NA,NA,NA,-0.17,NA,NA,NA,NA,11
1862-03-21,NA,NA,NA,NA,6.33,12.7,"empty","empty",NA,98,0,127,NA,0.52,-13.94,-1.94,1.89,NA
1862-03-21 07:00:00,NA,NA,90,6.03,NA,NA,NA,NA,98,NA,NA,NA,-0.11,NA,NA,NA,NA,5
1862-03-21 14:00:00,NA,NA,112.5,6.67,NA,NA,NA,NA,99,NA,NA,NA,1.28,NA,NA,NA,NA,1
1862-03-21 21:00:00,NA,NA,180,6.3,NA,NA,NA,NA,97,NA,NA,NA,0.39,NA,NA,NA,NA,0
1862-03-22,NA,NA,NA,NA,6.06,1.49,"7:30 pm","empty",NA,91.7,0,0,NA,1.26,-14.22,-0.56,3,NA
1862-03-22 07:00:00,NA,NA,270,5.96,NA,NA,NA,NA,95,NA,NA,NA,0.22,NA,NA,NA,NA,0
1862-03-22 14:00:00,NA,NA,180,5.89,NA,NA,NA,NA,78,NA,NA,NA,2.94,NA,NA,NA,NA,0
1862-03-22 21:00:00,NA,NA,0,6.33,NA,NA,NA,NA,99,NA,NA,NA,0.61,NA,NA,NA,NA,0
1862-03-23,NA,NA,NA,NA,NA,0,"empty,empty","empty,empty",NA,NA,1.49,0,NA,NA,NA,NA,NA,NA
1862-03-23 07:00:00,NA,"Ch0",NA,NA,NA,NA,NA,NA,NA,NA,NA,NA,-0.78,NA,NA,NA,NA,0
1862-03-23 14:00:00,NA,"Ch0",NA,NA,NA,NA,NA,NA,NA,NA,NA,NA,0.89,NA,NA,NA,NA,0
1862-03-23 21:00:00,NA,"Ch0",NA,NA,NA,NA,NA,NA,NA,NA,NA,NA,-0.56,NA,NA,NA,NA,0
1862-03-24,NA,NA,NA,NA,4.48,0,"empty","empty",NA,86.3,0,0,NA,-1.61,-10.11,-2.67,5,NA
1862-03-24 07:00:00,NA,NA,337.5,4.88,NA,NA,NA,NA,95,NA,NA,NA,-1.83,NA,NA,NA,NA,1
1862-03-24 14:00:00,NA,NA,292.5,4.4,NA,NA,NA,NA,82,NA,NA,NA,-1.22,NA,NA,NA,NA,1
1862-03-24 21:00:00,NA,NA,315,4.17,NA,NA,NA,NA,82,NA,NA,NA,-1.78,NA,NA,NA,NA,1
1862-03-25,NA,NA,NA,NA,3.31,0,"empty,empty","empty,empty",NA,73,0,0,NA,-3.44,-9.22,-6.17,2.39,NA
1862-03-25 07:00:00,NA,NA,292.5,3.42,NA,NA,NA,NA,72,NA,NA,NA,-3,NA,NA,NA,NA,1
1862-03-25 14:00:00,NA,NA,0,3.35,NA,NA,NA,NA,61,NA,NA,NA,-1.11,NA,NA,NA,NA,0
1862-03-25 21:00:00,NA,NA,180,3.15,NA,NA,NA,NA,86,NA,NA,NA,-6.22,NA,NA,NA,NA,0
1862-03-26,NA,NA,NA,NA,3.51,0,"empty,empty","empty,empty",NA,70.7,0,0,NA,-2.18,-2.11,-10.28,5.39,NA
1862-03-26 07:00:00,NA,NA,180,3.22,NA,NA,NA,NA,88,NA,NA,NA,-6.22,NA,NA,NA,NA,0
1862-03-26 14:00:00,NA,NA,0,3.49,NA,NA,NA,NA,52,NA,NA,NA,1.39,NA,NA,NA,NA,0
1862-03-26 21:00:00,NA,NA,180,3.83,NA,NA,NA,NA,72,NA,NA,NA,-1.72,NA,NA,NA,NA,0
1862-03-27,NA,NA,NA,NA,5.16,0,"empty,empty","empty,empty",NA,70.3,0,0,NA,2.07,-4.67,-5.89,7.22,NA
1862-03-27 07:00:00,NA,"Ch6",180,3.25,NA,NA,NA,NA,65,NA,NA,NA,-2.33,NA,NA,NA,NA,0
1862-03-27 14:00:00,NA,"Ch6",202.5,7.82,NA,NA,NA,NA,83,NA,NA,NA,6.39,NA,NA,NA,NA,1
1862-03-27 21:00:00,NA,NA,202.5,4.4,NA,NA,NA,NA,63,NA,NA,NA,2.17,NA,NA,NA,NA,1
1862-03-28,NA,NA,NA,NA,4.8,0,"empty,empty","empty,empty",NA,81.7,0,0,NA,-0.18,-12,-2.44,3.33,NA
1862-03-28 07:00:00,NA,NA,270,5.93,NA,NA,NA,NA,94,NA,NA,NA,0.67,NA,NA,NA,NA,1
1862-03-28 14:00:00,NA,NA,0,4.2,NA,NA,NA,NA,67,NA,NA,NA,0.72,NA,NA,NA,NA,0
1862-03-28 21:00:00,NA,NA,90,4.27,NA,NA,NA,NA,84,NA,NA,NA,-1.94,NA,NA,NA,NA,1
1862-03-29,NA,NA,NA,NA,3.57,0,"empty,empty","empty,empty",NA,69.3,0,0,NA,-1.78,-10.28,-5.94,1.56,NA
1862-03-29 07:00:00,NA,"Ch6",90,3.22,NA,NA,NA,NA,69,NA,NA,NA,-3.22,NA,NA,NA,NA,1
1862-03-29 14:00:00,NA,"Ch6",90,3.15,NA,NA,NA,NA,49,NA,NA,NA,0.72,NA,NA,NA,NA,1
1862-03-29 21:00:00,NA,NA,90,4.33,NA,NA,NA,NA,90,NA,NA,NA,-2.83,NA,NA,NA,NA,1
1862-03-30,NA,NA,NA,NA,NA,0,"empty,empty","empty,empty",NA,NA,0,0,NA,NA,NA,NA,NA,NA
1862-03-30 07:00:00,NA,"Ch0",NA,NA,NA,NA,NA,NA,NA,NA,NA,NA,0.61,NA,NA,NA,NA,0
1862-03-30 14:00:00,NA,"Ch0",NA,NA,NA,NA,NA,NA,NA,NA,NA,NA,2.39,NA,NA,NA,NA,0
1862-03-30 21:00:00,NA,"Ch0",NA,NA,NA,NA,NA,NA,NA,NA,NA,NA,0,NA,NA,NA,NA,0
1862-03-31,NA,NA,NA,NA,5.95,0,"empty,empty","empty,empty",NA,79.3,0,0,NA,3.39,-8.33,-4.61,4.83,NA
1862-03-31 07:00:00,NA,NA,180,6.13,NA,NA,NA,NA,83,NA,NA,NA,3.28,NA,NA,NA,NA,1
1862-03-31 14:00:00,NA,"Ch6",225,5.55,NA,NA,NA,NA,71,NA,NA,NA,4.06,NA,NA,NA,NA,2
1862-03-31 21:00:00,NA,NA,225,6.16,NA,NA,NA,NA,84,NA,NA,NA,2.83,NA,NA,NA,NA,2
1862-04-01,NA,NA,NA,NA,NA,NA,NA,NA,NA,NA,0,NA,NA,NA,NA,NA,NA,NA
1863-06-01,"empty",NA,NA,NA,11.62,14.68,"showers","showers",NA,70.3,NA,0,NA,15.17,-5.39,9.39,21.78,NA
1863-06-01 07:00:00,NA,"Ch6",180,15.41,NA,NA,NA,NA,82,NA,NA,NA,16.89,NA,NA,NA,NA,11
1863-06-01 14:00:00,NA,"Ch6",NA,8.91,NA,NA,NA,NA,44,NA,NA,NA,18.33,NA,NA,NA,NA,16
1863-06-01 21:00:00,NA,"Cm2",202.5,10.53,NA,NA,NA,NA,85,NA,NA,NA,10.28,NA,NA,NA,NA,11
1863-06-02,"empty",NA,NA,NA,11.08,3.63,"not known","not known",NA,81.7,14.68,0,NA,11.84,-11.06,9,15.72,NA
1863-06-02 07:00:00,NA,NA,202.5,11.11,NA,NA,NA,NA,82,NA,NA,NA,11.94,NA,NA,NA,NA,11
1863-06-02 14:00:00,NA,NA,225,11.55,NA,NA,NA,NA,77,NA,NA,NA,13.33,NA,NA,NA,NA,5
1863-06-02 21:00:00,NA,"Ch6",225,10.6,NA,NA,NA,NA,86,NA,NA,NA,10.28,NA,NA,NA,NA,2
1863-06-03,"empty",NA,NA,NA,10.69,0,"empty,empty","empty,empty",NA,82,3.63,0,NA,11.65,-8.78,8.28,17.28,NA
1863-06-03 07:00:00,NA,"Ch0",270,11.04,NA,NA,NA,NA,92,NA,NA,NA,10.22,NA,NA,NA,NA,0
1863-06-03 14:00:00,NA,"Ch6",247.5,9.89,NA,NA,NA,NA,60,NA,NA,NA,14.83,NA,NA,NA,NA,1
1863-06-03 21:00:00,NA,"Cm8",180,11.14,NA,NA,NA,NA,94,NA,NA,NA,9.89,NA,NA,NA,NA,0
1863-06-04,"empty",NA,NA,NA,11.18,0,"empty,empty","empty,empty",NA,68.3,0,0,NA,15.13,-2.61,5,20.17,NA
1863-06-04 07:00:00,NA,"Ch0",180,10.73,NA,NA,NA,NA,71,NA,NA,NA,13.78,NA,NA,NA,NA,1
1863-06-04 14:00:00,NA,"Ch6",180,11.72,NA,NA,NA,NA,54,NA,NA,NA,19.11,NA,NA,NA,NA,2
1863-06-04 21:00:00,NA,"Ch6",180,11.38,NA,NA,NA,NA,80,NA,NA,NA,12.5,NA,NA,NA,NA,1
1863-06-05,"empty",NA,NA,NA,13.42,0,"10:40 am","empty",NA,85.3,0,0,NA,14.29,-10.28,10.39,17.89,NA
1863-06-05 07:00:00,NA,"Ch6",202.5,13.31,NA,NA,NA,NA,74,NA,NA,NA,16.33,NA,NA,NA,NA,1
1863-06-05 14:00:00,NA,"Ch6",180,14.56,NA,NA,NA,NA,82,NA,NA,NA,16,NA,NA,NA,NA,0
1863-06-05 21:00:00,NA,"Ch0",45,12.39,NA,NA,NA,NA,100,NA,NA,NA,10.56,NA,NA,NA,NA,1
1863-06-06,"empty",NA,NA,NA,11.55,0,"empty,empty","empty,empty",NA,84.7,0,0,NA,11.98,-8.83,7.83,16.78,NA
1863-06-06 07:00:00,NA,NA,0,12.16,NA,NA,NA,NA,96,NA,NA,NA,11,NA,NA,NA,NA,1
1863-06-06 14:00:00,NA,"Ch6",180,11.62,NA,NA,NA,NA,72,NA,NA,NA,14.39,NA,NA,NA,NA,0
1863-06-06 21:00:00,NA,"Ch6",0,10.87,NA,NA,NA,NA,86,NA,NA,NA,10.56,NA,NA,NA,NA,2
1863-06-07,"empty",NA,NA,NA,NA,0,"6:30 pm","empty",NA,NA,0,0,NA,NA,NA,NA,NA,NA
1863-06-07 07:00:00,NA,"Ch0",NA,NA,NA,NA,NA,NA,NA,NA,NA,NA,11.17,NA,NA,NA,NA,0
1863-06-07 14:00:00,NA,"Ch0",NA,NA,NA,NA,NA,NA,NA,NA,NA,NA,16.17,NA,NA,NA,NA,0
1863-06-07 21:00:00,NA,"Ch0",NA,NA,NA,NA,NA,NA,NA,NA,NA,NA,12.5,NA,NA,NA,NA,0
1863-06-08,"empty",NA,NA,NA,12.08,0,"empty,empty","empty,empty",NA,76.3,1.75,0,NA,14.56,-6.22,8.11,19.67,NA
1863-06-08 07:00:00,NA,"Ch6",315,11.75,NA,NA,NA,NA,90,NA,NA,NA,11.33,NA,NA,NA,NA,1
1863-06-08 14:00:00,NA,"Ch6",270,12.26,NA,NA,NA,NA,62,NA,NA,NA,17.89,NA,NA,NA,NA,5
1863-06-08 21:00:00,NA,"Ch6",270,12.22,NA,NA,NA,NA,77,NA,NA,NA,14.44,NA,NA,NA,NA,5
1863-06-09,"iv",NA,NA,NA,12.24,0,"empty,empty","empty,empty",NA,66.7,0,0,NA,16.83,-7.61,11.5,21.67,NA
1863-06-09 07:00:00,NA,"Ch0",270,11.82,NA,NA,NA,NA,73,NA,NA,NA,14.61,NA,NA,NA,NA,5
1863-06-09 14:00:00,NA,"Ch0",270,12.8,NA,NA,NA,NA,54,NA,NA,NA,21,NA,NA,NA,NA,2
1863-06-09 21:00:00,NA,"Ch0",225,12.09,NA,NA,NA,NA,73,NA,NA,NA,14.89,NA,NA,NA,NA,0
1863-06-10,"iii | iv",NA,NA,NA,13.62,0,"empty,empty","empty,empty",NA,64.7,0,0,NA,19.44,-0.67,11.06,28.17,NA
1863-06-10 07:00:00,NA,"Ch0",225,14.26,NA,NA,NA,NA,67,NA,NA,NA,18.94,NA,NA,NA,NA,1
1863-06-10 14:00:00,NA,"Ch6",270,13.38,NA,NA,NA,NA,42,NA,NA,NA,25.17,NA,NA,NA,NA,1
1863-06-10 21:00:00,NA,"Ch0",180,13.24,NA,NA,NA,NA,85,NA,NA,NA,14.22,NA,NA,NA,NA,1
1863-06-11,"iii | iv",NA,NA,NA,15.8,0.5,"7:30 am","empty",NA,87,0,0,NA,16.37,-11,12.28,19.06,NA
1863-06-11 07:00:00,NA,"Ch6",180,15.17,NA,NA,NA,NA,85,NA,NA,NA,16.17,NA,NA,NA,NA,0
1863-06-11 14:00:00,NA,"Ch6",0,15.75,NA,NA,NA,NA,77,NA,NA,NA,18,NA,NA,NA,NA,0
1863-06-11 21:00:00,NA,"Ch0",180,16.49,NA,NA,NA,NA,99,NA,NA,NA,14.94,NA,NA,NA,NA,0
1863-06-12,"empty",NA,NA,NA,15.92,0,"not known pm","empty",NA,92,0.5,0,NA,15.63,-13.72,12.89,16.94,NA
1863-06-12 07:00:00,NA,NA,225,15.24,NA,NA,NA,NA,90,NA,NA,NA,15.44,NA,NA,NA,NA,0
1863-06-12 14:00:00,NA,"Ch0",225,15.75,NA,NA,NA,NA,91,NA,NA,NA,15.44,NA,NA,NA,NA,1
1863-06-12 21:00:00,NA,"Ch0",0,16.76,NA,NA,NA,NA,95,NA,NA,NA,16,NA,NA,NA,NA,1
1863-06-13,"empty",NA,NA,NA,17.17,0,"empty,empty","empty,empty",NA,92.7,0,0,NA,17.02,-6.17,12,23.61,NA
1863-06-13 07:00:00,NA,"Ch0",0,16.83,NA,NA,NA,NA,88,NA,NA,NA,17.67,NA,NA,NA,NA,0
1863-06-13 14:00:00,NA,"Ch0",NA,17.91,NA,NA,NA,NA,93,NA,NA,NA,17.67,NA,NA,NA,NA,1
1863-06-13 21:00:00,NA,"Ch0",180,16.76,NA,NA,NA,NA,97,NA,NA,NA,15.72,NA,NA,NA,NA,0
1863-06-14,"empty",NA,NA,NA,NA,0,"empty,empty","empty,empty",NA,NA,0,0,NA,NA,NA,NA,NA,NA
1863-06-14 07:00:00,NA,"Ch0",NA,NA,NA,NA,NA,NA,NA,NA,NA,NA,20.72,NA,NA,NA,NA,0
1863-06-14 14:00:00,NA,"Ch0",NA,NA,NA,NA,NA,NA,NA,NA,NA,NA,22.67,NA,NA,NA,NA,0
1863-06-14 21:00:00,NA,"Ch0",NA,NA,NA,NA,NA,NA,NA,NA,NA,NA,15.33,NA,NA,NA,NA,0
1863-06-15,"iv",NA,NA,NA,18.5,0,"empty,empty","empty,empty",NA,70.3,0,0,NA,22.15,-0.39,13,30.39,NA
1863-06-15 07:00:00,NA,"Ch0",180,20.35,NA,NA,NA,NA,70,NA,NA,NA,23.78,NA,NA,NA,NA,5
1863-06-15 14:00:00,NA,"Ch0",225,21.16,NA,NA,NA,NA,57,NA,NA,NA,27.67,NA,NA,NA,NA,5
1863-06-15 21:00:00,NA,"Ch0",0,13.99,NA,NA,NA,NA,84,NA,NA,NA,15,NA,NA,NA,NA,NA
1863-06-16,"empty",NA,NA,NA,10.33,0,"empty,empty","empty,empty",NA,65.7,0,0,NA,13.89,-9.61,11.39,19.56,NA
1863-06-16 07:00:00,NA,"Ch0",45,9.62,NA,NA,NA,NA,59,NA,NA,NA,14.44,NA,NA,NA,NA,5
1863-06-16 14:00:00,NA,"Ch0",45,10.36,NA,NA,NA,NA,67,NA,NA,NA,13.78,NA,NA,NA,NA,1
1863-06-16 21:00:00,NA,"Ch0",180,11.01,NA,NA,NA,NA,71,NA,NA,NA,13.44,NA,NA,NA,NA,0
1863-06-17,"empty",NA,NA,NA,13.35,0,"empty,empty","empty,empty",NA,79.7,0,0,NA,15.71,-5,11.78,24.56,NA
1863-06-17 07:00:00,NA,"Ch6",90,11.55,NA,NA,NA,NA,55,NA,NA,NA,18.78,NA,NA,NA,NA,0
1863-06-17 14:00:00,NA,"Ch0",22.5,14.49,NA,NA,NA,NA,87,NA,NA,NA,15.33,NA,NA,NA,NA,2
1863-06-17 21:00:00,NA,"Ch0",225,14.02,NA,NA,NA,NA,97,NA,NA,NA,13,NA,NA,NA,NA,1
1863-06-18,"empty",NA,NA,NA,15.33,0,"empty,empty","empty,empty",NA,83.7,0,0,NA,16.83,-3.61,9.67,23.83,NA
1863-06-18 07:00:00,NA,"Ch0",225,14.22,NA,NA,NA,NA,84,NA,NA,NA,15.56,NA,NA,NA,NA,1
1863-06-18 14:00:00,NA,"Ch0",0,17,NA,NA,NA,NA,77,NA,NA,NA,20.17,NA,NA,NA,NA,0
1863-06-18 21:00:00,NA,"Ch0",180,14.76,NA,NA,NA,NA,90,NA,NA,NA,14.78,NA,NA,NA,NA,0
1863-06-19,"empty",NA,NA,NA,15.23,0,"empty,empty","empty,empty",NA,86.3,0,0,NA,15.72,-5.67,11.06,23.17,NA
1863-06-19 07:00:00,NA,"Cm8",180,14.87,NA,NA,NA,NA,88,NA,NA,NA,15,NA,NA,NA,NA,0
1863-06-19 14:00:00,NA,"Ch0",45,17.34,NA,NA,NA,NA,83,NA,NA,NA,18.5,NA,NA,NA,NA,2
1863-06-19 21:00:00,NA,"Ch0",180,13.48,NA,NA,NA,NA,88,NA,NA,NA,13.67,NA,NA,NA,NA,0
1863-06-20,"empty",NA,NA,NA,17.31,0,"8:15 am","empty",NA,87.3,0,0,NA,17.91,NA,NA,NA,NA
1863-06-20 07:00:00,NA,NA,180,17.03,NA,NA,NA,NA,92,NA,NA,NA,16.72,NA,NA,NA,NA,0
1863-06-20 14:00:00,NA,"Ch0",135,17.61,NA,NA,NA,NA,83,NA,NA,NA,19.11,NA,NA,NA,NA,0
1863-06-20 21:00:00,NA,"Ch0",NA,17.3,NA,NA,NA,NA,87,NA,NA,NA,17.89,NA,NA,NA,NA,NA
1863-06-21,"empty",NA,NA,NA,NA,0,"not known","not known",NA,NA,0,0,NA,NA,NA,NA,NA,NA
1863-06-21 07:00:00,NA,"Ch0",NA,NA,NA,NA,NA,NA,NA,NA,NA,NA,15.89,NA,NA,NA,NA,0
1863-06-21 14:00:00,NA,"Ch0",NA,NA,NA,NA,NA,NA,NA,NA,NA,NA,18.5,NA,NA,NA,NA,0
1863-06-21 21:00:00,NA,"Ch0",NA,NA,NA,NA,NA,NA,NA,NA,NA,NA,15.44,NA,NA,NA,NA,0
1863-06-22,"empty",NA,NA,NA,15.32,0,"5:00 pm","empty",NA,91.3,3.13,0,NA,15.32,-9.67,10.94,19.06,NA
1863-06-22 07:00:00,NA,NA,180,15.34,NA,NA,NA,NA,92,NA,NA,NA,15.06,NA,NA,NA,NA,1
1863-06-22 14:00:00,NA,"Cm2",225,16.36,NA,NA,NA,NA,83,NA,NA,NA,17.94,NA,NA,NA,NA,2
1863-06-22 21:00:00,NA,NA,225,14.26,NA,NA,NA,NA,99,NA,NA,NA,12.94,NA,NA,NA,NA,1
1863-06-23,"empty",NA,NA,NA,12.99,0,"empty,empty","empty,empty",NA,76,0,0,NA,15.41,-8.83,10.11,19.06,NA
1863-06-23 07:00:00,NA,"Ch0",225,13,NA,NA,NA,NA,82,NA,NA,NA,14.11,NA,NA,NA,NA,1
1863-06-23 14:00:00,NA,"Ch6",247.5,12.8,NA,NA,NA,NA,67,NA,NA,NA,17.22,NA,NA,NA,NA,11
1863-06-23 21:00:00,NA,"Ch0",225,13.17,NA,NA,NA,NA,79,NA,NA,NA,14.89,NA,NA,NA,NA,1
1863-06-24,"empty",NA,NA,NA,17,0,"empty,empty","empty,empty",NA,85,0,0,NA,16.74,-8.17,10.67,20.28,NA
1863-06-24 07:00:00,NA,"Ch0",180,13.68,NA,NA,NA,NA,89,NA,NA,NA,13.89,NA,NA,NA,NA,1
1863-06-24 14:00:00,NA,"Ch6",225,16.83,NA,NA,NA,NA,75,NA,NA,NA,16.44,NA,NA,NA,NA,1
1863-06-24 21:00:00,NA,"Ch0",225,20.49,NA,NA,NA,NA,91,NA,NA,NA,19.89,NA,NA,NA,NA,0
1863-06-25,"empty",NA,NA,NA,17.15,0,"empty,empty","empty,empty",NA,92.7,0,0,NA,16.85,-7.89,9.94,19.83,NA
1863-06-25 07:00:00,NA,"Ch0",225,16.19,NA,NA,NA,NA,89,NA,NA,NA,16.67,NA,NA,NA,NA,1
1863-06-25 14:00:00,NA,"Ch0",90,18.25,NA,NA,NA,NA,90,NA,NA,NA,18.33,NA,NA,NA,NA,0
1863-06-25 21:00:00,NA,"Ch0",180,17,NA,NA,NA,NA,99,NA,NA,NA,15.56,NA,NA,NA,NA,0
1863-06-26,"empty",NA,NA,NA,19.34,0,"empty,empty","empty,empty",NA,88,0,0,NA,19.33,NA,NA,NA,NA
1863-06-26 07:00:00,NA,"Ch0",180,12.39,NA,NA,NA,NA,87,NA,NA,NA,19.33,NA,NA,NA,NA,0
1863-06-26 14:00:00,NA,"Ch0",45,19.51,NA,NA,NA,NA,89,NA,NA,NA,19.33,NA,NA,NA,NA,1
1863-06-26 21:00:00,NA,"Ch0",NA,NA,NA,NA,NA,NA,NA,NA,NA,NA,16.5,NA,NA,NA,NA,0
1863-06-27,"empty",NA,NA,NA,19.32,0,"empty,empty","empty,empty",NA,88.5,0,0,NA,19.44,-4.06,11.94,25.67,NA
1863-06-27 07:00:00,NA,"Ch0",225,19.67,NA,NA,NA,NA,78,NA,NA,NA,21.44,NA,NA,NA,NA,0
1863-06-27 14:00:00,NA,"Ch0",NA,NA,NA,NA,NA,NA,NA,NA,NA,NA,20.33,NA,NA,NA,NA,0
1863-06-27 21:00:00,NA,"Ch6",180,18.96,NA,NA,NA,NA,99,NA,NA,NA,17.44,NA,NA,NA,NA,0
1863-06-28,"empty",NA,NA,NA,NA,0,"empty,empty","empty,empty",NA,NA,0,0,NA,NA,NA,NA,NA,NA
1863-06-28 07:00:00,NA,"Ch0",NA,NA,NA,NA,NA,NA,NA,NA,NA,NA,22.06,NA,NA,NA,NA,0
1863-06-28 14:00:00,NA,"Ch0",NA,NA,NA,NA,NA,NA,NA,NA,NA,NA,20.33,NA,NA,NA,NA,0
1863-06-28 21:00:00,NA,"Ch0",NA,NA,NA,NA,NA,NA,NA,NA,NA,NA,NA,NA,NA,NA,NA,0
1863-06-29,"empty",NA,NA,NA,21.25,0,"empty,empty","empty,empty",NA,83.5,0,0,NA,22,-3.44,14.28,28.61,NA
1863-06-29 07:00:00,NA,"Ch6",180,21,NA,NA,NA,NA,78,NA,NA,NA,22.67,NA,NA,NA,NA,1
1863-06-29 14:00:00,NA,"Ch6",90,21.5,NA,NA,NA,NA,89,NA,NA,NA,21.33,NA,NA,NA,NA,2
1863-06-29 21:00:00,NA,"Cm2",180,NA,NA,NA,NA,NA,NA,NA,NA,NA,NA,NA,NA,NA,NA,11
1863-06-30,"empty",NA,NA,NA,25.6,4.95,"11:15 am","empty",NA,78,0,0,NA,26,NA,NA,NA,NA
1863-06-30 07:00:00,NA,"Ch6",180,23.67,NA,NA,NA,NA,68,NA,NA,NA,26.94,NA,NA,NA,NA,5
1863-06-30 14:00:00,NA,"Ch6",180,27.53,NA,NA,NA,NA,88,NA,NA,NA,25.06,NA,NA,NA,NA,1
1863-06-30 21:00:00,NA,"Ch0",NA,NA,NA,NA,NA,NA,NA,NA,NA,NA,NA,NA,NA,NA,NA,0
1863-07-01,NA,NA,NA,NA,NA,NA,NA,NA,NA,NA,4.95,NA,NA,NA,NA,NA,NA,NA
