"stationName","latitude","longitude","elevation","timeZone","UTCoffset","WMOID","MSCID"
"Pictou","45.68","-62.71","40","America/Halifax","4","71310","8204421"
"Short_Name","What","Material","Error","Units","Seasonality","Data_Type","Detail","Method","Data_Format","Additional_Information"
"atb","temperature","atmospheric material",NA,"C","sub-daily","instrumental","original_observation","field method","n",NA
"au","phenomemon","atmospheric material",NA,"text","daily","historical","original_observation","field method","c",NA
"ch","cloud type","atmospheric material",NA,"cloudatlas","sub-daily","historical","original_observation","field method","c",NA
"cl","cloud type","atmospheric material",NA,"cloudatlas","sub-daily","historical","original_observation","field method","c",NA
"dd","wind direction","atmospheric material",NA,"degrees","sub-daily","historical","original_observation","field method","n",NA
"e","specific humidity","atmospheric material",NA,"hPa","sub-daily","instrumental","original_observation","field method","n",NA
"e_mean","specific humidity","atmospheric material",NA,"hPa","daily","instrumental","mean","computational method","n",NA
"hd","wind direction","atmospheric material",NA,"degrees","sub-daily","historical","original_observation","field method","n",NA
"hv","wind direction","atmospheric material",NA,"okta","sub-daily","historical","original_observation","field method","n",NA
"p","surface pressure","atmospheric material",NA,"hPa","sub-daily","instrumental","original_observation","field method","n",NA
"ptb","hour","precipitation",NA,"hh:mm","sub-daily","historical","original_observation","field method","n",NA
"pte","hour","precipitation",NA,"hh:mm","sub-daily","historical","original_observation","field method","n",NA
"rh","relative humidity","atmospheric material",NA,"%","sub-daily","instrumental","original_observation","field method","n",NA
"rh_mean","relative humidity","atmospheric material",NA,"%","daily","instrumental","mean","computational method","n",NA
"swe","preciptiation","atmospheric material",NA,"mm","sub-daily","instrumental","original_observation","field method","n",NA
"ta","air temperature","atmospheric material",NA,"C","sub-daily","instrumental","original_observation","field method","n",NA
"ta_mean","air temperature","atmospheric material",NA,"C","daily","instrumental","mean","computational method","n",NA
"ta_range","air temperature","atmospheric material",NA,"C","daily","instrumental","original_observation","field method","n",NA
"tb","humidity","atmospheric material",NA,"C","sub-daily","instrumental","original_observation","field method","n",NA
"Tn","minimum surface temperature","atmospheric material",NA,"C","daily","instrumental","original_observation","field method","n",NA
"Tx","maximum air temperature","atmospheric material",NA,"C","daily","instrumental","original_observation","field method","n",NA
"w","wind speed","atmospheric material",NA,"mps","sub-daily","instrumental","original_observation","field method","n",NA
"ww","weather","atmospheric material",NA,"synop","sub-daily","historical","original_observation","field method","c",NA
"ObservationDate","atb","au","ch","cl","dd","e","e_mean","hd","hv","p","ptb","pte","rh","rh_mean","swe","ta","ta_mean","ta_range","tb","Tn","Tx","w","ww"
1872-01-01,NA,"0",NA,NA,NA,NA,5.86,NA,NA,NA,NA,NA,NA,95,NA,NA,-0.61,-5,NA,-5.28,7.5,NA,NA
1872-01-01 07:00:00,16.67,NA,"Ch0","Cl7",225,8.91,NA,NA,0,1009.08,NA,NA,98,NA,NA,5.83,NA,NA,5.56,NA,NA,13,",ovc"
1872-01-01 14:00:00,16.94,NA,"Ch0","Cl7",292.5,4.91,NA,NA,0,1015.17,NA,NA,94,NA,NA,-2.22,NA,NA,-2.5,NA,NA,24,",ovc"
1872-01-01 21:00:00,18.06,NA,"Ch0","Cl0",337.5,3.79,NA,NA,0,1024.45,NA,NA,93,NA,NA,-5.28,NA,NA,-5.56,NA,NA,12,NA
1872-01-02,NA,"0",NA,NA,NA,NA,1.79,NA,NA,NA,NA,NA,NA,82,NA,NA,-13,-15.17,NA,-14.44,-11.83,NA,NA
1872-01-02 07:00:00,13.89,NA,"Ch9","Cl7",315,1.52,NA,"270",NA,1031.77,NA,NA,72,NA,NA,-13.17,NA,NA,-13.89,NA,NA,45,NA
1872-01-02 14:00:00,15.83,NA,"Ch8","Cl7",337.5,2.1,NA,"225",NA,1033.39,NA,NA,90,NA,NA,-11.94,NA,NA,-12.22,NA,NA,13,NA
1872-01-02 21:00:00,13.89,NA,"Ch0","Cl0",0,1.73,NA,NA,0,1034.95,NA,NA,85,NA,NA,-13.89,NA,NA,-14.22,NA,NA,40,NA
1872-01-03,NA,"0",NA,NA,NA,NA,2.07,NA,NA,NA,NA,NA,NA,87,NA,NA,-11.89,-10.78,NA,-16.11,-9.11,NA,NA
1872-01-03 07:00:00,13.33,NA,"Ch0","Cl0",270,1.63,NA,NA,0,1034.14,NA,NA,90,NA,NA,-15.17,NA,NA,-15.39,NA,NA,16,NA
1872-01-03 14:00:00,13.5,NA,"Ch8","Cl7",22.5,2.3,NA,"45",NA,1033.93,NA,NA,82,NA,NA,-9.44,NA,NA,-10,NA,NA,5,NA
1872-01-03 21:00:00,12.78,NA,"Ch0","Cl0",0,2.3,NA,NA,0,1035.22,NA,NA,90,NA,NA,-11.11,NA,NA,-11.39,NA,NA,0,NA
1872-01-04,NA,"imp",NA,NA,NA,NA,4.98,NA,NA,NA,"6pm","12pm",NA,90,NA,NA,-2.17,-2.5,NA,-11.67,3.61,NA,",gr"
1872-01-04 07:00:00,13.33,NA,"Ch0","Cl7",135,2.47,NA,NA,0,1033.26,NA,NA,87,NA,NA,-9.44,NA,NA,-9.89,NA,NA,5,",ovc"
1872-01-04 14:00:00,14.44,NA,"Ch8","Cl7",157.5,5.18,NA,"45",NA,1025.4,NA,NA,92,NA,NA,-1,NA,NA,-1.44,NA,NA,34,",ovc"
1872-01-04 21:00:00,18.67,NA,"Ch0","Cl7",180,7.31,NA,NA,0,1018.22,NA,NA,91,NA,NA,3.89,NA,NA,3.33,NA,NA,40,",ovc"
1872-01-05,NA,"imp",NA,NA,NA,NA,7.35,NA,NA,NA,"12am","1am | 4am",NA,100,NA,NA,2.39,-10.83,NA,-0.56,6.39,NA,NA
1872-01-05 07:00:00,18.06,NA,"Ch0","Cl7",225,9.04,NA,NA,0,1014.29,NA,NA,100,NA,NA,5.56,NA,NA,5.56,NA,NA,0,",fg"
1872-01-05 14:00:00,19.44,NA,"Ch8","Cl7",315,6.84,NA,"45",NA,1011.68,NA,NA,100,NA,NA,1.56,NA,NA,1.56,NA,NA,40,",ts"
1872-01-05 21:00:00,17.5,NA,"Ch0","Cl7",45,6.13,NA,NA,0,1006.71,NA,NA,100,NA,NA,0,NA,NA,0,NA,NA,0,",ts"
1872-01-06,NA,"imp",NA,NA,NA,NA,5.01,NA,NA,NA,"9am | 12am","10pm | 16:30pm",NA,89,1.78,NA,-1.56,-14.28,NA,-3.33,0.17,NA,",gr"
1872-01-06 07:00:00,16.67,NA,"Ch0","Cl7",337.5,6.03,NA,NA,0,994.65,NA,NA,100,NA,NA,-0.28,NA,NA,-0.28,NA,NA,2,",ts"
1872-01-06 14:00:00,16.5,NA,"Ch8","Cl7",315,4.2,NA,"45",NA,988.69,NA,NA,78,NA,NA,-1.67,NA,NA,-2.78,NA,NA,27,",sn"
1872-01-06 21:00:00,15,NA,"Ch0","Cl7",270,4.84,NA,NA,0,990.93,NA,NA,89,NA,NA,-1.67,NA,NA,-2.11,NA,NA,12,",ovc"
1872-01-07,NA,"imp",NA,NA,NA,NA,1.32,NA,NA,NA,NA,NA,NA,90,NA,NA,-18.33,-9.44,NA,-21.94,-13.61,NA,NA
1872-01-07 07:00:00,8.89,NA,"Ch0","Cl7",270,1.15,NA,NA,0,994.85,NA,NA,90,NA,NA,-19.89,NA,NA,-20,NA,NA,15,",sn"
1872-01-07 14:00:00,12.78,NA,"Ch8","Cl7",270,0.95,NA,"45",NA,992.75,NA,NA,92,NA,NA,-21.56,NA,NA,-21.67,NA,NA,18,",sn"
1872-01-07 21:00:00,11.11,NA,"Ch0","Cl0",270,1.83,NA,NA,0,993.63,NA,NA,89,NA,NA,-13.61,NA,NA,-13.89,NA,NA,30,",ovc"
1872-01-08,NA,"0",NA,NA,NA,NA,2.51,NA,NA,NA,NA,NA,NA,93,NA,NA,-10.56,-12.06,NA,-13.89,-8.17,NA,NA
1872-01-08 07:00:00,11.67,NA,"Ch0","Cl0",292.5,1.83,NA,NA,0,1003.93,NA,NA,79,NA,NA,-12.22,NA,NA,-12.78,NA,NA,18,NA
1872-01-08 14:00:00,14.72,NA,"Ch0","Cl0",292.5,3.18,NA,NA,0,1009.55,NA,NA,100,NA,NA,-8.33,NA,NA,-8.33,NA,NA,14,NA
1872-01-08 21:00:00,12.22,NA,"Ch0","Cl0",292.5,2.54,NA,NA,0,1014.97,NA,NA,100,NA,NA,-11.11,NA,NA,-11.11,NA,NA,34,NA
1872-01-09,NA,"0",NA,NA,NA,NA,3.39,NA,NA,NA,NA,NA,NA,87,NA,NA,-6.67,-6.28,NA,-13.17,-1.67,NA,NA
1872-01-09 07:00:00,13.61,NA,"Ch0","Cl0",270,2.17,NA,NA,0,1015.17,NA,NA,87,NA,NA,-12.22,NA,NA,-12.39,NA,NA,20,NA
1872-01-09 14:00:00,15,NA,"Ch8","Cl0",225,4.67,NA,"180",NA,1010.57,NA,NA,94,NA,NA,-2.78,NA,NA,-3.06,NA,NA,16,NA
1872-01-09 21:00:00,16.11,NA,"Ch0","Cl0",270,3.35,NA,NA,0,1007.38,NA,NA,80,NA,NA,-5,NA,NA,-5.83,NA,NA,20,NA
1872-01-10,NA,"0",NA,NA,NA,NA,2.88,NA,NA,NA,"7am","4pm",NA,91,2.29,NA,-8.61,-11.39,NA,-13.06,-6.67,NA,NA
1872-01-10 07:00:00,11.67,NA,"Ch0","Cl7",292.5,2.91,NA,NA,0,1005.49,NA,NA,91,NA,NA,-8.33,NA,NA,-8.61,NA,NA,34,",sn"
1872-01-10 14:00:00,14.44,NA,"Ch8","Cl7",315,3.39,NA,"180",NA,1007.92,NA,NA,92,NA,NA,-6.67,NA,NA,-6.94,NA,NA,15,",sn"
1872-01-10 21:00:00,12.78,NA,"Ch0","Cl0",315,2.34,NA,NA,0,1012.53,NA,NA,90,NA,NA,-10.83,NA,NA,-11.11,NA,NA,40,",ovc"
1872-01-11,NA,"imp",NA,NA,NA,NA,2.84,NA,NA,NA,NA,NA,NA,100,NA,NA,-9.94,-10.72,NA,-13.33,-6.28,NA,",frst"
1872-01-11 07:00:00,11.11,NA,"Ch0","Cl0",292.5,2.2,NA,NA,0,1015.98,NA,NA,100,NA,NA,-12.78,NA,NA,-12.78,NA,NA,5,NA
1872-01-11 14:00:00,15,NA,"Ch8","Cl7",315,3.32,NA,"180",NA,1027.16,NA,NA,100,NA,NA,-7.78,NA,NA,-7.78,NA,NA,11,",ovc"
1872-01-11 21:00:00,15,NA,"Ch0","Cl7",157.5,2.98,NA,NA,0,1016.66,NA,NA,100,NA,NA,-9.22,NA,NA,-9.22,NA,NA,5,",ovc"
1872-01-12,NA,"0",NA,NA,NA,NA,6.03,NA,NA,NA,"10am","12:20pm",NA,98,NA,NA,-0.11,-4.33,NA,-10.56,2.89,NA,",ra,"
1872-01-12 07:00:00,14.17,NA,"Ch0","Cl7",225,4.91,NA,NA,0,1005.76,NA,NA,94,NA,NA,-2.5,NA,NA,-2.78,NA,NA,27,",ovc"
1872-01-12 14:00:00,15,NA,"Ch8","Cl7",270,7.45,NA,"180",NA,991.94,NA,NA,100,NA,NA,2.78,NA,NA,2.78,NA,NA,12,",ovc"
1872-01-12 21:00:00,15.56,NA,"Ch0","Cl7",315,5.89,NA,NA,0,999.59,NA,NA,100,NA,NA,-0.56,NA,NA,-0.56,NA,NA,18,",ovc"
1872-01-13,NA,"0",NA,NA,NA,NA,5.62,NA,NA,NA,NA,NA,NA,92,NA,NA,-0.11,-11.11,NA,-4.17,2.5,NA,NA
1872-01-13 07:00:00,12.5,NA,"Ch0","Cl7",180,4.47,NA,NA,0,1006.16,NA,NA,85,NA,NA,-2.06,NA,NA,-2.78,NA,NA,27,",ovc"
1872-01-13 14:00:00,14.44,NA,"Ch8","Cl7",225,6.6,NA,"180",NA,1005.76,NA,NA,95,NA,NA,1.78,NA,NA,1.5,NA,NA,27,",ovc"
1872-01-13 21:00:00,15.28,NA,"Ch0","Cl0",135,5.82,NA,NA,0,1006.57,NA,NA,95,NA,NA,0,NA,NA,-0.28,NA,NA,5,NA
1872-01-14,NA,"imp",NA,NA,NA,NA,3.83,NA,NA,NA,NA,NA,NA,97,NA,NA,-6.06,-9.28,NA,-9.44,-0.94,NA,",br"
1872-01-14 07:00:00,11.67,NA,"Ch0","Cl7",0,5.11,NA,NA,0,1004.94,NA,NA,98,NA,NA,-2.22,NA,NA,-2.33,NA,NA,40,",br"
1872-01-14 14:00:00,16.11,NA,"Ch8","Cl7",0,3.66,NA,"180",NA,1007.38,NA,NA,100,NA,NA,-6.67,NA,NA,-6.67,NA,NA,11,",sn"
1872-01-14 21:00:00,15.39,NA,"Ch0","Cl7",337.5,2.71,NA,NA,0,1007.79,NA,NA,93,NA,NA,-9.33,NA,NA,-9.56,NA,NA,2,",ovc"
1872-01-15,NA,"imp",NA,NA,NA,NA,2.47,NA,NA,NA,NA,NA,NA,88,NA,NA,-9.89,-15.56,NA,-11.11,-8.89,NA,NA
1872-01-15 07:00:00,12.5,NA,"Ch0","Cl7",337.5,2.54,NA,NA,0,1008.2,NA,NA,92,NA,NA,-10,NA,NA,-10.22,NA,NA,15,",sn"
1872-01-15 14:00:00,11.67,NA,"Ch8","Cl7",135,2.51,NA,"180",NA,1008.2,NA,NA,83,NA,NA,-8.89,NA,NA,-9.44,NA,NA,13,",ovc"
1872-01-15 21:00:00,12.78,NA,"Ch0","Cl7",337.5,2.34,NA,NA,0,1011.92,NA,NA,90,NA,NA,-10.83,NA,NA,-11.11,NA,NA,16,NA
1872-01-16,NA,"imp",NA,NA,NA,NA,3.25,NA,NA,NA,NA,NA,NA,90,NA,NA,-6.83,-12.06,NA,-11.11,-5.39,NA,",sn"
1872-01-16 07:00:00,11.11,NA,"Ch0","Cl7",292.5,2.64,NA,NA,0,1014.16,NA,NA,100,NA,NA,-10.56,NA,NA,-10.56,NA,NA,12,NA
1872-01-16 14:00:00,15,NA,"Ch8","Cl7",225,3.22,NA,"180",NA,1018.83,NA,NA,74,NA,NA,-4.44,NA,NA,-5.56,NA,NA,16,",br"
1872-01-16 21:00:00,17.22,NA,"Ch0","Cl7",247.5,3.93,NA,NA,0,1027.43,NA,NA,97,NA,NA,-5.44,NA,NA,-5.56,NA,NA,5,NA
1872-01-17,NA,"imp",NA,NA,NA,NA,5.25,NA,NA,NA,"4pm","9pm",NA,96,8.89,NA,-1.89,-7.78,NA,-6.11,3.89,NA,NA
1872-01-17 07:00:00,12.5,NA,"Ch0","Cl7",90,3.83,NA,NA,0,1021.61,NA,NA,93,NA,NA,-4.89,NA,NA,-5.28,NA,NA,27,",ra"
1872-01-17 14:00:00,14.44,NA,"Ch8","Cl7",90,4.54,NA,"180",NA,1012.53,NA,NA,98,NA,NA,-3.78,NA,NA,-3.89,NA,NA,25,",sn"
1872-01-17 21:00:00,13.89,NA,"Ch0","Cl7",270,7.38,NA,NA,0,998.1,NA,NA,98,NA,NA,3.06,NA,NA,2.89,NA,NA,27,",ra"
1872-01-18,NA,"iii at 10 pm.",NA,NA,NA,NA,4.5,NA,NA,NA,NA,NA,NA,87,NA,NA,-2.67,-12.78,NA,-5.17,-0.17,NA,NA
1872-01-18 07:00:00,12.22,NA,"Ch0","Cl7",180,5.59,NA,NA,0,992.89,NA,NA,92,NA,NA,-0.56,NA,NA,-1,NA,NA,40,NA
1872-01-18 14:00:00,14.72,NA,"Ch8","Cl7",247.5,4.88,NA,"180",NA,992.35,NA,NA,97,NA,NA,-2.5,NA,NA,-2.67,NA,NA,18,",sn"
1872-01-18 21:00:00,13.89,NA,"Ch0","Cl0",247.5,3.05,NA,NA,0,1001.36,NA,NA,73,NA,NA,-5,NA,NA,-6.11,NA,NA,18,NA
1872-01-19,NA,"imp",NA,NA,NA,NA,3.59,NA,NA,NA,"empty","empty",NA,75,9.14,NA,-3.28,-10.28,NA,-7.78,-0.28,NA,NA
1872-01-19 07:00:00,7.78,NA,"Ch0","Cl7",247.5,2.78,NA,NA,0,1006.16,NA,NA,76,NA,NA,-6.56,NA,NA,-7.44,NA,NA,20,NA
1872-01-19 14:00:00,15.28,NA,"Ch0","Cl0",270,4.27,NA,NA,0,1010.9,NA,NA,69,NA,NA,0,NA,NA,-1.67,NA,NA,20,NA
1872-01-19 21:00:00,14.44,NA,"Ch0","Cl7",270,3.76,NA,NA,0,1017.41,NA,NA,79,NA,NA,-3.33,NA,NA,-4.28,NA,NA,12,NA
1872-01-20,NA,"imp",NA,NA,NA,NA,5.52,NA,NA,NA,"11am","11am",NA,91,5.84,NA,-0.28,-4.72,NA,-7.5,5.56,NA,",sn"
1872-01-20 07:00:00,8.89,NA,"Ch0","Cl7",90,4.1,NA,NA,0,1011.24,NA,NA,95,NA,NA,-4.44,NA,NA,-4.67,NA,NA,20,",sn"
1872-01-20 14:00:00,11.11,NA,"Ch0","Cl7",180,5.76,NA,NA,0,997.7,NA,NA,85,NA,NA,0.83,NA,NA,0.22,NA,NA,5,",ra"
1872-01-20 21:00:00,10.83,NA,"Ch0","Cl7",247.5,6.74,NA,NA,0,996.34,NA,NA,90,NA,NA,2.78,NA,NA,2.22,NA,NA,40,NA
1872-01-21,NA,"imp",NA,NA,NA,NA,4.74,NA,NA,NA,NA,NA,NA,86,NA,NA,-1.83,-12.39,NA,-4.44,0.94,NA,NA
1872-01-21 07:00:00,11.11,NA,"Ch0","Cl4",270,5.52,NA,NA,0,1000.47,NA,NA,87,NA,NA,0.56,NA,NA,-0.17,NA,NA,5,NA
1872-01-21 14:00:00,16.39,NA,"Ch0","Cl4",270,4.5,NA,NA,0,1002.64,NA,NA,83,NA,NA,-1.67,NA,NA,-2.5,NA,NA,20,NA
1872-01-21 21:00:00,14.72,NA,"Ch0","Cl7",270,4.17,NA,NA,0,1003.12,NA,NA,87,NA,NA,-4.44,NA,NA,-5,NA,NA,40,NA
1872-01-22,NA,"imp",NA,NA,NA,NA,4.33,NA,NA,NA,"empty","empty",NA,91,NA,NA,-3.72,-10.17,NA,-7.78,-0.17,NA,NA
1872-01-22 07:00:00,14.72,NA,"Ch0","Cl4",247.5,2.95,NA,NA,0,1007.45,NA,NA,85,NA,NA,-7.22,NA,NA,-7.78,NA,NA,2,NA
1872-01-22 14:00:00,16.94,NA,"Ch9","Cl4",270,5.05,NA,"270",NA,1009.89,NA,NA,93,NA,NA,-1.67,NA,NA,-2,NA,NA,20,NA
1872-01-22 21:00:00,14.44,NA,"Cm8","Cl7",180,5.01,NA,"270",NA,1011.24,NA,NA,94,NA,NA,-2.22,NA,NA,-2.22,NA,NA,20,NA
1872-01-23,NA,"imp",NA,NA,NA,NA,6.84,NA,NA,NA,"2am","6am",NA,94,NA,NA,2.33,-9.06,NA,-2.61,6.11,NA,",coro"
1872-01-23 07:00:00,15.83,NA,"Ch0","Cl7",180,5.86,NA,NA,0,1010.43,NA,NA,95,NA,NA,0.11,NA,NA,-0.17,NA,NA,20,NA
1872-01-23 14:00:00,16.94,NA,"Ch6","Cl7",180,7.86,NA,"90",0,1005.96,NA,NA,93,NA,NA,4.56,NA,NA,4.11,NA,NA,34,NA
1872-01-23 21:00:00,16.39,NA,"Cm8","Cl7",180,6.77,NA,"180",NA,1004,NA,NA,93,NA,NA,2.39,NA,NA,2,NA,NA,2,NA
1872-01-24,NA,"imp",NA,NA,NA,NA,3.96,NA,NA,NA,"10:30am","10pm",NA,98,10.16,NA,-5.72,-9.06,NA,-10.56,-0.56,NA,",drsn"
1872-01-24 07:00:00,17.78,NA,"Ch0","Cl7",270,5.38,NA,NA,0,1002.1,NA,NA,98,NA,NA,-1.44,NA,NA,-1.56,NA,NA,0,",missing"
1872-01-24 14:00:00,19.17,NA,"Ch6","Cl7",337.5,3.89,NA,"90",0,993.63,NA,NA,96,NA,NA,-5.22,NA,NA,-5.39,NA,NA,20,",sn"
1872-01-24 21:00:00,13.89,NA,"Cm8","Cl7",315,2.64,NA,"180",NA,985.44,NA,NA,100,NA,NA,-10.56,NA,NA,-10.56,NA,NA,33,",sn"
1872-01-25,NA,"0",NA,NA,NA,NA,1.56,NA,NA,NA,NA,NA,NA,83,NA,NA,-14.61,-11.67,NA,-17.78,-11.67,NA,",drsn"
1872-01-25 07:00:00,13.33,NA,"Ch0","Cl7",270,1.39,NA,NA,0,988.55,NA,NA,94,NA,NA,-17.56,NA,NA,-17.67,NA,NA,25,NA
1872-01-25 14:00:00,14.17,NA,"Ch0","Cl0",270,1.69,NA,NA,0,988.83,NA,NA,78,NA,NA,-13.06,NA,NA,-13.61,NA,NA,45,NA
1872-01-25 21:00:00,13.61,NA,"Ch9","Cl7",270,1.56,NA,"270",NA,991.74,NA,NA,76,NA,NA,-13.22,NA,NA,-13.89,NA,NA,12,NA
1872-01-26,NA,"0",NA,NA,NA,NA,1.9,NA,NA,NA,NA,NA,NA,78,NA,NA,-11.44,-10.72,NA,-15,-7.94,NA,NA
1872-01-26 07:00:00,11.11,NA,"Ch0","Cl7",225,2,NA,NA,0,988.96,NA,NA,91,NA,NA,-12.67,NA,NA,-12.89,NA,NA,27,NA
1872-01-26 14:00:00,11.11,NA,"Ch0","Cl7",270,1.76,NA,NA,NA,986.52,NA,NA,64,NA,NA,-10,NA,NA,-11.11,NA,NA,45,NA
1872-01-26 21:00:00,10.56,NA,"Ch0","Cl0",270,1.93,NA,NA,0,992.21,NA,NA,79,NA,NA,-11.67,NA,NA,-12.22,NA,NA,14,NA
1872-01-27,NA,"0",NA,NA,NA,NA,2.71,NA,NA,NA,NA,NA,NA,82,NA,NA,-6.94,-10.28,NA,-11.39,-3.89,NA,NA
1872-01-27 07:00:00,6.67,NA,"Ch0","Cl7",247.5,2.81,NA,NA,0,996.34,NA,NA,95,NA,NA,-8.61,NA,NA,-9.33,NA,NA,27,",ovc"
1872-01-27 14:00:00,11.11,NA,"Cm8","Cl7",225,2.68,NA,"270",NA,998.98,NA,NA,61,NA,NA,-4.44,NA,NA,-6.11,NA,NA,11,NA
1872-01-27 21:00:00,11.67,NA,"Ch0","Cl0",247.5,2.61,NA,NA,0,1001.69,NA,NA,89,NA,NA,-7.78,NA,NA,-8.5,NA,NA,11,NA
1872-01-28,NA,"iv",NA,NA,NA,NA,2.91,NA,NA,NA,NA,NA,NA,88,NA,NA,-7.67,-9.44,NA,-10.56,-2.22,NA,NA
1872-01-28 07:00:00,7.5,NA,"Ch0","Cl4",270,2.74,NA,NA,0,1003.79,NA,NA,93,NA,NA,-9.22,NA,NA,-9.44,NA,NA,0,NA
1872-01-28 14:00:00,15.56,NA,"Cm8","Cl7",135,3.12,NA,"270",NA,1002.24,NA,NA,70,NA,NA,-4.28,NA,NA,-5.56,NA,NA,11,NA
1872-01-28 21:00:00,13.89,NA,"Ch0","Cl0",0,2.91,NA,NA,0,1002.78,NA,NA,100,NA,NA,-9.44,NA,NA,-9.44,NA,NA,0,NA
1872-01-29,NA,"imp",NA,NA,NA,NA,3.08,NA,NA,NA,"3am","12pm",NA,95,2.54,NA,-8.17,-11.11,NA,-11.67,-5,NA,NA
1872-01-29 07:00:00,13.72,NA,"Ch0","Cl7",0,3.18,NA,NA,0,999.39,NA,NA,100,NA,NA,-8.33,NA,NA,-8.33,NA,NA,5,",sn"
1872-01-29 14:00:00,16.11,NA,"Cm8","Cl4",315,3.42,NA,"270",NA,995.33,NA,NA,86,NA,NA,-5.56,NA,NA,-6.11,NA,NA,16,NA
1872-01-29 21:00:00,13.33,NA,"Ch0","Cl4",315,2.64,NA,NA,0,995.6,NA,NA,100,NA,NA,-10.56,NA,NA,-10.56,NA,NA,0,NA
1872-01-30,NA,"iv",NA,NA,NA,NA,1.76,NA,NA,NA,NA,NA,NA,71,NA,NA,-11.33,-10.83,NA,-16.67,-9.72,NA,NA
1872-01-30 07:00:00,11.94,NA,"Ch0","Cl0",270,1.76,NA,NA,0,999.39,NA,NA,79,NA,NA,-12.61,NA,NA,-13.17,NA,NA,12,NA
1872-01-30 14:00:00,14.72,NA,"Ch0","Cl0",270,1.73,NA,NA,0,1002.37,NA,NA,70,NA,NA,-11.39,NA,NA,-12.22,NA,NA,45,NA
1872-01-30 21:00:00,13.06,NA,"Ch0","Cl0",292.5,1.76,NA,NA,0,1007.86,NA,NA,64,NA,NA,-10,NA,NA,-11.11,NA,NA,16,NA
1872-01-31,NA,"iv",NA,NA,NA,NA,1.86,NA,NA,NA,NA,NA,NA,84,NA,NA,-12.94,-12.33,NA,-15,-9.56,NA,NA
1872-01-31 07:00:00,11.39,NA,"Ch0","Cl0",0,1.56,NA,NA,0,1012.94,NA,NA,82,NA,NA,-14.72,NA,NA,-15.11,NA,NA,11,NA
1872-01-31 14:00:00,15.28,NA,"Ch0","Cl7",315,2.34,NA,NA,0,1012.6,NA,NA,87,NA,NA,-10.44,NA,NA,-10.83,NA,NA,20,NA
1872-01-31 21:00:00,13.06,NA,"Ch0","Cl0",315,1.73,NA,NA,0,1014.16,NA,NA,84,NA,NA,-13.61,NA,NA,-14,NA,NA,2,NA
1872-02-01,NA,"0",NA,NA,NA,NA,1.69,NA,NA,NA,NA,NA,NA,87,NA,NA,-14.67,-9.72,NA,-18.89,-10.83,NA,NA
1872-02-01 07:00:00,8.89,NA,NA,"Cl6",270,1.29,NA,NA,NA,1015.65,NA,NA,94,NA,NA,-18.61,NA,NA,-18.72,NA,NA,0,NA
1872-02-01 14:00:00,14.44,NA,"Ch0","Cl0",315,2.34,NA,NA,NA,1016.32,NA,NA,90,NA,NA,-10.83,NA,NA,-11.11,NA,NA,12,NA
1872-02-01 21:00:00,13.61,NA,"Ch0","Cl0",270,1.46,NA,NA,0,1020.66,NA,NA,76,NA,NA,-14.44,NA,NA,-15,NA,NA,34,NA
1872-02-02,NA,"0",NA,NA,NA,NA,2.44,NA,NA,NA,NA,NA,NA,91,NA,NA,-11,-6.39,NA,-16.67,-5.28,NA,NA
1872-02-02 07:00:00,10.83,NA,"Ch6","Cl6",247.5,1.66,NA,"270",NA,1023.71,NA,NA,91,NA,NA,-15.83,NA,NA,-15.94,NA,NA,0,NA
1872-02-02 14:00:00,15.28,NA,"Ch0","Cl0",315,3.18,NA,NA,0,1024.31,NA,NA,85,NA,NA,-6.39,NA,NA,-6.94,NA,NA,15,NA
1872-02-02 21:00:00,14.44,NA,"Ch0","Cl0",315,2.47,NA,NA,0,1028.65,NA,NA,96,NA,NA,-10.83,NA,NA,-11.11,NA,NA,0,NA
1872-02-03,NA,"imp",NA,NA,NA,NA,2.4,NA,NA,NA,NA,NA,NA,86,NA,NA,-10.11,-6.22,NA,-17.5,-5.94,NA,NA
1872-02-03 07:00:00,4.44,NA,"Ch0","Cl0",225,1.52,NA,NA,0,1033.19,NA,NA,100,NA,NA,-17.22,NA,NA,-17.22,NA,NA,0,",fg"
1872-02-03 14:00:00,13.33,NA,"Ch0","Cl0",67.5,2.57,NA,NA,0,1034.07,NA,NA,67,NA,NA,-5.94,NA,NA,-7.22,NA,NA,20,NA
1872-02-03 21:00:00,13.33,NA,NA,"Cl7",90,3.12,NA,NA,NA,1029.87,NA,NA,91,NA,NA,-7.22,NA,NA,-7.61,NA,NA,20,NA
1872-02-04,NA,"imp",NA,NA,NA,NA,5.28,NA,NA,NA,"7 am","7 am",NA,94,24.13,NA,-1.28,-2.22,NA,-11.11,4.44,NA,",sn,"
1872-02-04 07:00:00,5,NA,NA,"Cl7",67.5,3.83,NA,NA,NA,1004.13,NA,NA,100,NA,NA,-6.11,NA,NA,-6.11,NA,NA,20,",sn"
1872-02-04 14:00:00,14.44,NA,"Ch6",NA,90,6.57,NA,"247.5",NA,986.86,NA,NA,82,NA,NA,3.89,NA,NA,2.78,NA,NA,1,",ra"
1872-02-04 21:00:00,16.11,NA,NA,"Cl7",270,5.42,NA,NA,NA,986.18,NA,NA,100,NA,NA,-1.67,NA,NA,-1.67,NA,NA,20,",ra"
1872-02-05,NA,"0",NA,NA,NA,NA,4.61,NA,NA,NA,NA,NA,NA,91,NA,NA,-3.06,-5.28,NA,-10.83,1.67,NA,NA
1872-02-05 07:00:00,14.72,NA,"Ch8",NA,270,2.61,NA,"315",NA,1008.53,NA,NA,83,NA,NA,-8.44,NA,NA,-9,NA,NA,12,",sn"
1872-02-05 14:00:00,18.89,NA,NA,"Cl4",270,6.03,NA,NA,NA,1014.29,NA,NA,95,NA,NA,0.56,NA,NA,0.28,NA,NA,20,",ra"
1872-02-05 21:00:00,17.5,NA,"Ch0","Cl0",247.5,5.18,NA,NA,0,1021.4,NA,NA,94,NA,NA,-1.33,NA,NA,-1.67,NA,NA,20,",ra"
1872-02-06,NA,"imp",NA,NA,NA,NA,5.45,NA,NA,NA,"during night","during night",NA,94,NA,NA,-0.83,-10.56,NA,-5,2.22,NA,NA
1872-02-06 07:00:00,15.56,NA,"Cm8",NA,180,4.23,NA,"270",NA,1026.21,NA,NA,97,NA,NA,-4.44,NA,NA,-4.56,NA,NA,5,",sn"
1872-02-06 14:00:00,20,NA,NA,"Cl7",90,5.49,NA,NA,NA,1024.18,NA,NA,90,NA,NA,0,NA,NA,-0.56,NA,NA,11,",ovc"
1872-02-06 21:00:00,14.44,NA,"Ch0","Cl0",180,6.67,NA,NA,0,1011.18,NA,NA,95,NA,NA,1.94,NA,NA,1.67,NA,NA,27,",ra"
1872-02-07,NA,"iv",NA,NA,NA,NA,3.42,NA,NA,NA,NA,NA,NA,81,NA,NA,-5.78,-7.78,NA,-10.56,-0.56,NA,NA
1872-02-07 07:00:00,17.22,NA,"Ch8","Ch6",270,4.71,NA,"225",NA,1005.69,NA,NA,84,NA,NA,-1.11,NA,NA,-1.94,NA,NA,21,",ra"
1872-02-07 14:00:00,17.22,NA,"Ch9",NA,315,3.62,NA,"270",NA,1014.63,NA,NA,93,NA,NA,-5.83,NA,NA,-6.11,NA,NA,30,",frst"
1872-02-07 21:00:00,12.78,NA,"Cm8",NA,0,1.9,NA,"315",NA,1025.06,NA,NA,66,NA,NA,-10.39,NA,NA,-11.39,NA,NA,27,",ra"
1872-02-08,NA,"imp",NA,NA,NA,NA,2.3,NA,NA,NA,NA,NA,NA,85,NA,NA,-10.5,-11.39,NA,-14.17,-7.78,NA,NA
1872-02-08 07:00:00,5,NA,"Ch6",NA,292.5,1.83,NA,"270",NA,1028.45,NA,NA,88,NA,NA,-13.72,NA,NA,-14,NA,NA,12,",ra"
1872-02-08 14:00:00,18.33,NA,"Ch0","Cl0",270,2.81,NA,NA,0,1026.35,NA,NA,84,NA,NA,-7.78,NA,NA,-8.33,NA,NA,5,",ovc"
1872-02-08 21:00:00,11.11,NA,NA,"Cl7",180,2.27,NA,NA,NA,1024.31,NA,NA,82,NA,NA,-10,NA,NA,-10.56,NA,NA,0,",ra"
1872-02-09,NA,"iv",NA,NA,NA,NA,3.28,NA,NA,NA,NA,NA,NA,96,NA,NA,-7.72,-9.89,NA,-11.39,-3.5,NA,NA
1872-02-09 07:00:00,9.44,NA,"Ch0","Cl0",270,2.95,NA,NA,0,1023.64,NA,NA,91,NA,NA,-8,NA,NA,-8.33,NA,NA,2,",fg"
1872-02-09 14:00:00,17.78,NA,"Ch6",NA,0,4.57,NA,NA,0,1028.18,NA,NA,100,NA,NA,-3.89,NA,NA,-3.89,NA,NA,12,",ovc"
1872-02-09 21:00:00,10.28,NA,"Ch0","Cl0",90,2.37,NA,NA,0,1027.77,NA,NA,96,NA,NA,-11.28,NA,NA,-11.39,NA,NA,0,",ra"
1872-02-10,NA,"iv",NA,NA,NA,NA,2.84,NA,NA,NA,NA,NA,NA,89,NA,NA,-9.22,-6.11,NA,-15.56,-3.89,NA,",frst,"
1872-02-10 07:00:00,5.56,NA,NA,"Cl4",337.5,1.86,NA,NA,NA,1025.06,NA,NA,100,NA,NA,-15,NA,NA,-15,NA,NA,0,",frst"
1872-02-10 14:00:00,12.22,NA,"Ch6",NA,270,3.35,NA,"270",NA,1023.84,NA,NA,79,NA,NA,-4.83,NA,NA,-5.72,NA,NA,11,NA
1872-02-10 21:00:00,12.78,NA,NA,"Cl6",45,3.32,NA,NA,NA,1023.37,NA,NA,88,NA,NA,-7.78,NA,NA,-8.17,NA,NA,34,NA
1872-02-11,NA,"0",NA,NA,NA,NA,3.69,NA,NA,NA,NA,NA,NA,82,9.14,NA,-4,-6.67,NA,-11,0.11,NA,NA
1872-02-11 07:00:00,7.39,NA,"Ch6","Cl6",67.5,2.71,NA,NA,0,1019.64,NA,NA,91,NA,NA,-9.17,NA,NA,-9.44,NA,NA,2,",frst"
1872-02-11 14:00:00,14.44,NA,"Ch6","Cl6",67.5,3.89,NA,NA,0,1017.68,NA,NA,66,NA,NA,-0.39,NA,NA,-2.22,NA,NA,34,",ovc"
1872-02-11 21:00:00,14.17,NA,"Ch0",NA,45,4.5,NA,NA,0,1016.05,NA,NA,88,NA,NA,-2.5,NA,NA,-3.06,NA,NA,45,",ra"
1872-02-12,NA,"imp",NA,NA,NA,NA,5.45,NA,NA,NA,"6 pm | 11 pm | 1 am","6 pm | 3:30",NA,100,4.83,NA,-1.56,-13.89,NA,-3.89,0,NA,",sn,"
1872-02-12 07:00:00,13.89,NA,NA,"Cl7",0,5.28,NA,NA,NA,1011.04,NA,NA,100,NA,NA,-1.94,NA,NA,-1.94,NA,NA,34,",sn"
1872-02-12 14:00:00,15,NA,NA,"Cl7",45,5.89,NA,NA,NA,1010.23,NA,NA,100,NA,NA,-0.56,NA,NA,-0.56,NA,NA,40,",sn"
1872-02-12 21:00:00,17.22,NA,NA,"Cl7",315,5.18,NA,NA,NA,1013.61,NA,NA,100,NA,NA,-2.22,NA,NA,-2.22,NA,NA,14,",ra"
1872-02-13,NA,"imp",NA,NA,NA,NA,4.4,NA,NA,NA,NA,NA,NA,95,NA,NA,-3.78,-14.17,NA,-5.56,-1.94,NA,NA
1872-02-13 07:00:00,15.56,NA,NA,"Cl7",315,3.89,NA,NA,NA,1016.59,NA,NA,97,NA,NA,-5.56,NA,NA,-5.67,NA,NA,20,",sn"
1872-02-13 14:00:00,17.22,NA,NA,"Cl7",315,4.91,NA,NA,NA,1016.93,NA,NA,94,NA,NA,-2.22,NA,NA,-2.5,NA,NA,45,",sn"
1872-02-13 21:00:00,17.78,NA,NA,"Cl7",45,4.37,NA,NA,NA,1018.32,NA,NA,94,NA,NA,-3.61,NA,NA,-3.89,NA,NA,20,",ra"
1872-02-14,NA,"imp",NA,NA,NA,NA,3.96,NA,NA,NA,NA,NA,NA,98,4.57,NA,-5.94,-6.94,NA,-11.11,-0.28,NA,",fg,"
1872-02-14 07:00:00,13.06,NA,"Cm8",NA,67.5,2.64,NA,NA,0,1012.8,NA,NA,100,NA,NA,-10.56,NA,NA,-10.56,NA,NA,2,",fg"
1872-02-14 14:00:00,14.44,NA,NA,"Cl7",90,3.56,NA,NA,NA,1008.81,NA,NA,100,NA,NA,-6.94,NA,NA,-6.94,NA,NA,5,",fg"
1872-02-14 21:00:00,14.44,NA,NA,"Cl7",135,5.69,NA,NA,NA,1004.81,NA,NA,95,NA,NA,-0.28,NA,NA,-0.56,NA,NA,34,",ra"
1872-02-15,NA,"imp",NA,NA,NA,NA,6.33,NA,NA,NA,"9 pm","12.00",NA,99,17.78,NA,0.56,-16.67,NA,0,1.11,NA,",sn,"
1872-02-15 07:00:00,13.89,NA,NA,"Cl7",157.5,6.37,NA,NA,NA,1000.68,NA,NA,98,NA,NA,0.83,NA,NA,0.72,NA,NA,5,",sn"
1872-02-15 14:00:00,17.78,NA,NA,"Cl7",0,6.5,NA,NA,NA,995.33,NA,NA,100,NA,NA,0.83,NA,NA,0.83,NA,NA,5,",sn"
1872-02-15 21:00:00,17.78,NA,NA,"Cl7",22.5,6.13,NA,NA,NA,985.44,NA,NA,100,NA,NA,0,NA,NA,0,NA,NA,16,",ra"
1872-02-16,NA,"imp",NA,NA,NA,NA,5.59,NA,NA,NA,"0.00 am,0.00 am","10 pm",NA,98,5.84,NA,-1,-15.56,NA,-2.22,0,NA,",sn,"
1872-02-16 07:00:00,16.11,NA,NA,"Cl7",225,5.45,NA,NA,NA,980.43,NA,NA,98,NA,NA,-1.28,NA,NA,-1.39,NA,NA,11,",sn"
1872-02-16 14:00:00,15.56,NA,NA,"Cl7",225,6.06,NA,NA,NA,979.01,NA,NA,97,NA,NA,-0.11,NA,NA,-0.28,NA,NA,20,",ra"
1872-02-16 21:00:00,14.44,NA,NA,"Cl7",315,5.42,NA,NA,NA,982.46,NA,NA,100,NA,NA,-1.67,NA,NA,-1.67,NA,NA,20,",sn"
1872-02-17,NA,"imp",NA,NA,NA,NA,2.88,NA,NA,NA,"9 pm","12 pm",NA,84,2.54,NA,-7.56,-12.61,NA,-10.56,-5.39,NA,NA
1872-02-17 07:00:00,9.72,NA,NA,"Cl7",315,3.25,NA,NA,NA,993.23,NA,NA,86,NA,NA,-6.11,NA,NA,-6.67,NA,NA,21,",sn"
1872-02-17 14:00:00,17.22,NA,NA,"Cl7",337.5,3.12,NA,NA,NA,1000.61,NA,NA,85,NA,NA,-6.67,NA,NA,-7.22,NA,NA,27,",ra"
1872-02-17 21:00:00,16.11,NA,NA,"Cl7",292.5,2.3,NA,NA,NA,1006.71,NA,NA,82,NA,NA,-9.89,NA,NA,-10.44,NA,NA,11,",sn"
1872-02-18,NA,"imp",NA,NA,NA,NA,2.44,NA,NA,NA,"0.00 am","4.00 pm",NA,97,0.76,NA,-11.61,-15.83,NA,-12.22,-10.28,NA,",sn,"
1872-02-18 07:00:00,8.33,NA,NA,"Cl7",337.5,2.27,NA,NA,NA,1006.57,NA,NA,96,NA,NA,-12,NA,NA,-12.11,NA,NA,15,",sn"
1872-02-18 14:00:00,13.89,NA,NA,"Cl7",337.5,2.37,NA,NA,NA,1005.76,NA,NA,100,NA,NA,-11.94,NA,NA,-11.94,NA,NA,22,",sn"
1872-02-18 21:00:00,11.11,NA,NA,"Cl7",315,2.68,NA,NA,NA,1007.59,NA,NA,94,NA,NA,-10.94,NA,NA,-11.11,NA,NA,20,",sn"
1872-02-19,NA,"iv",NA,NA,NA,NA,3.08,NA,NA,NA,NA,NA,NA,93,NA,NA,-8.06,-8.33,NA,-12.5,-3.06,NA,",fg"
1872-02-19 07:00:00,10.56,NA,"Ch8",NA,270,2.2,NA,"270",NA,1011.24,NA,NA,92,NA,NA,-11.56,NA,NA,-11.78,NA,NA,16,",sn"
1872-02-19 14:00:00,18.33,NA,"Ch0","Cl0",270,3.96,NA,NA,0,1013.28,NA,NA,87,NA,NA,-3.89,NA,NA,-4.44,NA,NA,11,",sn"
1872-02-19 21:00:00,16.11,NA,"Ch0","Cl0",225,3.08,NA,NA,0,1014.29,NA,NA,100,NA,NA,-8.78,NA,NA,-8.78,NA,NA,2,",sn"
1872-02-20,NA,"0",NA,NA,NA,NA,NA,NA,NA,NA,NA,NA,NA,NA,NA,NA,-7.67,1.11,NA,-16.11,2.78,NA,",frst,"
1872-02-20 07:00:00,11.39,NA,"Ch0","Cl0",247.5,NA,NA,NA,0,1015.17,NA,NA,NA,NA,NA,-15.78,NA,NA,-15.56,NA,NA,0,",fg"
1872-02-20 14:00:00,18.33,NA,"Ch0","Cl0",67.5,3.96,NA,NA,0,1013.95,NA,NA,77,NA,NA,-2.22,NA,NA,-3.33,NA,NA,1,",sn"
1872-02-20 21:00:00,16.94,NA,"Ch0","Cl0",180,3.32,NA,NA,0,1010.57,NA,NA,79,NA,NA,-5,NA,NA,-5.83,NA,NA,2,",sn"
1872-02-21,NA,"0",NA,NA,NA,NA,5.18,NA,NA,NA,NA,NA,NA,89,NA,NA,-1.94,-1.67,NA,-10.56,5.56,NA,NA
1872-02-21 07:00:00,11.11,NA,"Ch0","Cl0",180,2.81,NA,NA,0,1002.78,NA,NA,97,NA,NA,-9.44,NA,NA,-9.56,NA,NA,1,",fg"
1872-02-21 14:00:00,20,NA,"Ch0","Cl0",180,7.72,NA,NA,0,998.38,NA,NA,76,NA,NA,5.56,NA,NA,3.89,NA,NA,5,",sn"
1872-02-21 21:00:00,15.56,NA,"Ch8",NA,225,5.01,NA,"225",NA,997.29,NA,NA,94,NA,NA,-1.94,NA,NA,-2.22,NA,NA,27,",sn"
1872-02-22,NA,"imp",NA,NA,NA,NA,3.62,NA,NA,NA,"7.00 am","2.00 pm",NA,93,0.76,NA,-5.83,-14.17,NA,-8.06,-4.44,NA,NA
1872-02-22 07:00:00,15.56,NA,NA,"Cl7",292.5,3.49,NA,NA,NA,996.28,NA,NA,86,NA,NA,-5.28,NA,NA,-5.83,NA,NA,2,",sn"
1872-02-22 14:00:00,15,NA,NA,"Cl7",315,4.06,NA,NA,NA,998.98,NA,NA,93,NA,NA,-4.44,NA,NA,-4.72,NA,NA,5,",sn"
1872-02-22 21:00:00,15.56,NA,NA,"Cl7",45,3.32,NA,NA,NA,1000.2,NA,NA,100,NA,NA,-7.78,NA,NA,-7.78,NA,NA,11,",sn"
1872-02-23,NA,"0",NA,NA,NA,NA,1.52,NA,NA,NA,NA,NA,NA,96,NA,NA,-17.06,-10,NA,-21.67,-13.89,NA,NA
1872-02-23 07:00:00,10,NA,"Ch0","Cl0",0,1.86,NA,NA,0,1003.79,NA,NA,100,NA,NA,-15,NA,NA,-15,NA,NA,20,",sn"
1872-02-23 14:00:00,14.44,NA,NA,"Cl7",22.5,1.69,NA,NA,NA,1004.2,NA,NA,88,NA,NA,-14.44,NA,NA,-14.72,NA,NA,14,",sq"
1872-02-23 21:00:00,10,NA,"Ch0","Cl0",247.5,1.05,NA,NA,0,1006.43,NA,NA,100,NA,NA,-21.67,NA,NA,-21.67,NA,NA,1,",sn"
1872-02-24,NA,"imp",NA,NA,NA,NA,2.78,NA,NA,NA,NA,NA,NA,80,NA,NA,-8.17,0,NA,-21.94,-4.17,NA,",br"
1872-02-24 07:00:00,6.67,NA,NA,"Cl7",180,1.59,NA,NA,NA,1005.76,NA,NA,69,NA,NA,-12.22,NA,NA,-13.06,NA,NA,0,",sn"
1872-02-24 14:00:00,10,NA,NA,"Cl7",225,3.62,NA,NA,NA,1005.55,NA,NA,86,NA,NA,-5,NA,NA,-5.56,NA,NA,20,",sq"
1872-02-24 21:00:00,11.67,NA,NA,"Cl4",90,3.12,NA,NA,NA,1007.45,NA,NA,85,NA,NA,-7.22,NA,NA,-7.22,NA,NA,0,",sn"
1872-02-25,NA,"imp",NA,NA,NA,NA,4.91,NA,NA,NA,NA,NA,NA,92,NA,NA,-2.11,-6.11,NA,-9.44,2.22,NA,",br,"
1872-02-25 07:00:00,9.44,NA,"Ch6",NA,90,1.66,NA,"270",NA,1008.57,NA,NA,100,NA,NA,-8.33,NA,NA,-8.33,NA,NA,0,",fg"
1872-02-25 14:00:00,15.56,NA,"Ch6",NA,180,5.49,NA,NA,0,1005.69,NA,NA,80,NA,NA,1.67,NA,NA,0.56,NA,NA,16,",sq"
1872-02-25 21:00:00,13.61,NA,NA,"Cl7",180,6.03,NA,NA,NA,1000.2,NA,NA,97,NA,NA,0.28,NA,NA,0.11,NA,NA,11,",sn"
1872-02-26,NA,"imp",NA,NA,NA,NA,4.88,NA,NA,NA,"3 am","1 pm",NA,99,0.64,NA,-3.5,-2.5,NA,-10,5.28,NA,NA
1872-02-26 07:00:00,15,NA,NA,"Cl7",90,6.91,NA,NA,NA,982.8,NA,NA,100,NA,NA,1.67,NA,NA,1.67,NA,NA,34,",ra"
1872-02-26 14:00:00,15,NA,NA,"Cl7",292.5,5.18,NA,NA,NA,980.43,NA,NA,100,NA,NA,-2.22,NA,NA,-2.22,NA,NA,18,",ra"
1872-02-26 21:00:00,14.44,NA,NA,"Cl7",270,2.57,NA,NA,NA,984.69,NA,NA,97,NA,NA,-10,NA,NA,-10.17,NA,NA,27,",sn"
1872-02-27,NA,"imp",NA,NA,NA,NA,2.13,NA,NA,NA,"4 am | 5 am | 5 pm","12 am",NA,95,NA,NA,-12.61,-13.22,NA,-15,-10.44,NA,NA
1872-02-27 07:00:00,6.67,NA,NA,"Cl7",270,1.93,NA,NA,NA,984.22,NA,NA,100,NA,NA,-13.89,NA,NA,-13.89,NA,NA,20,",sn"
1872-02-27 14:00:00,12.22,NA,"Ch6","Cl4",270,1.83,NA,"45",NA,984.83,NA,NA,86,NA,NA,-13.44,NA,NA,-13.78,NA,NA,34,",ra"
1872-02-27 21:00:00,11.94,NA,NA,"Cl7",270,2.57,NA,NA,NA,985.03,NA,NA,98,NA,NA,-10.44,NA,NA,-10.56,NA,NA,5,",sn"
1872-02-28,NA,"mip",NA,NA,NA,NA,5.45,NA,NA,NA,"0.00 am | 5 pm","1 pm | 11 pm",NA,100,14.73,NA,-1.89,-6.67,NA,-10.83,0.28,NA,",sn,"
1872-02-28 07:00:00,14.44,NA,NA,"Cl7",270,4.57,NA,NA,NA,981.78,NA,NA,100,NA,NA,-3.89,NA,NA,-3.89,NA,NA,15,",sn"
1872-02-28 14:00:00,16.11,NA,NA,"Cl7",315,6.13,NA,NA,NA,984.9,NA,NA,100,NA,NA,0,NA,NA,0,NA,NA,24,",ra"
1872-02-28 21:00:00,17.22,NA,NA,"Cl7",315,5.66,NA,NA,NA,991.2,NA,NA,100,NA,NA,-1.67,NA,NA,-1.67,NA,NA,12,",sn"
1872-02-29,NA,"imp",NA,NA,NA,NA,3.66,NA,NA,NA,NA,NA,NA,98,NA,NA,-6.39,-15,NA,-7.78,-5,NA,NA
1872-02-29 07:00:00,13.06,NA,NA,"Cl7",270,3.66,NA,NA,NA,995.26,NA,NA,100,NA,NA,-6.67,NA,NA,-6.67,NA,NA,40,",sn"
1872-02-29 14:00:00,14.44,NA,NA,"Cl7",270,3.69,NA,NA,NA,995.73,NA,NA,93,NA,NA,-5.56,NA,NA,-5.83,NA,NA,45,",ra"
1872-02-29 21:00:00,15.56,NA,NA,"Cl7",315,3.59,NA,NA,NA,998.98,NA,NA,100,NA,NA,-6.94,NA,NA,-6.94,NA,NA,16,",sn"
1872-03-01,NA,"imp",NA,NA,NA,NA,3.96,NA,NA,NA,"empty","empty",NA,95,2.67,NA,-5.11,-10.11,NA,-9.17,-1.5,NA,",br,"
1872-03-01 07:00:00,11.67,NA,"Ch0","Cl7",292.5,3.32,NA,NA,NA,999.53,NA,NA,96,NA,NA,-7.22,NA,NA,-7.39,NA,NA,20,NA
1872-03-01 14:00:00,17.22,NA,"Ch0","Cl7",45,4.61,NA,NA,NA,1003.45,NA,NA,88,NA,NA,-2.22,NA,NA,-2.78,NA,NA,20,",sn"
1872-03-01 21:00:00,16.67,NA,"Ch0","Cl7",315,3.93,NA,NA,NA,1008.81,NA,NA,100,NA,NA,-5.83,NA,NA,-5.83,NA,NA,34,",sn"
1872-03-02,NA,"imp",NA,NA,NA,NA,2.44,NA,NA,NA,"empty,empty","empty,empty",NA,94,8.89,NA,-10.78,-4.28,NA,-15,-1.5,NA,",frst"
1872-03-02 07:00:00,8.89,NA,"Ch0","Cl0",0,2.4,NA,NA,0,1013.55,NA,NA,100,NA,NA,-11.67,NA,NA,-11.67,NA,NA,5,NA
1872-03-02 14:00:00,16.11,NA,"Ch0","Cl0",90,2.68,NA,NA,0,1014.16,NA,NA,83,NA,NA,-8.22,NA,NA,-8.78,NA,NA,16,NA
1872-03-02 21:00:00,13.33,NA,"Ch0","Cl7",45,2.24,NA,NA,NA,1007.79,NA,NA,100,NA,NA,-12.5,NA,NA,-12.5,NA,NA,16,NA
1872-03-03,NA,"0",NA,NA,NA,NA,3.52,NA,NA,NA,"empty","empty",NA,100,11.18,NA,-7.11,-9.72,NA,-13.61,-5.56,NA,NA
1872-03-03 07:00:00,7.5,NA,"Ch0","Cl7",0,3.66,NA,NA,NA,989.84,NA,NA,100,NA,NA,-6.67,NA,NA,-6.67,NA,NA,25,NA
1872-03-03 14:00:00,12.22,NA,"Ch0","Cl7",0,3.76,NA,NA,NA,993.43,NA,NA,100,NA,NA,-6.39,NA,NA,-6.39,NA,NA,24,NA
1872-03-03 21:00:00,11.11,NA,"Ch0","Cl0",315,3.18,NA,NA,0,1002.78,NA,NA,100,NA,NA,-8.33,NA,NA,-8.33,NA,NA,15,NA
1872-03-04,NA,"imp",NA,NA,NA,NA,3.93,NA,NA,NA,"empty,empty","empty,empty",NA,90,0,NA,-5.11,-1.67,NA,-15.56,0.56,NA,NA
1872-03-04 07:00:00,5.83,NA,"Ch0","Cl0",225,2.1,NA,NA,0,1009.41,NA,NA,100,NA,NA,-13.33,NA,NA,-13.33,NA,NA,2,NA
1872-03-04 14:00:00,15.83,NA,"Ch9","Cl0",225,5.01,NA,"270",NA,1010.5,NA,NA,76,NA,NA,0.83,NA,NA,-0.56,NA,NA,2,NA
1872-03-04 21:00:00,13.89,NA,"Ch0","Cl7",135,4.67,NA,NA,NA,1009.89,NA,NA,94,NA,NA,-2.78,NA,NA,-4.17,NA,NA,34,NA
1872-03-05,NA,"0",NA,NA,NA,NA,2.88,NA,NA,NA,"empty","empty",NA,91,13.72,NA,-5.89,-4,NA,-13.89,-0.11,NA,NA
1872-03-05 07:00:00,10,NA,"Ch0","Cl7",135,1.25,NA,NA,NA,997.02,NA,NA,96,NA,NA,-3.17,NA,NA,-3.33,NA,NA,45,NA
1872-03-05 14:00:00,16.11,NA,"Ch0","Cl7",135,5.76,NA,NA,NA,984.49,NA,NA,100,NA,NA,-0.83,NA,NA,-0.83,NA,NA,28,",sn"
1872-03-05 21:00:00,15.56,NA,"Ch0","Cl7",225,1.59,NA,NA,NA,990.52,NA,NA,78,NA,NA,-13.61,NA,NA,-14.17,NA,NA,12,NA
1872-03-06,NA,"imp",NA,NA,NA,NA,1.93,NA,NA,NA,"empty","empty",NA,88,0.38,NA,-13.89,-3.89,NA,-23.33,-9.44,NA,NA
1872-03-06 07:00:00,4.44,NA,"Cm8","Cl0",112.5,0.98,NA,"225",NA,998.71,NA,NA,92,NA,NA,-21.67,NA,NA,-21.78,NA,NA,11,NA
1872-03-06 14:00:00,10,NA,"Ch0","Cl7",90,2.4,NA,NA,NA,998.44,NA,NA,82,NA,NA,-9.44,NA,NA,-10,NA,NA,20,",sn"
1872-03-06 21:00:00,11.67,NA,"Ch0","Cl7",135,2.4,NA,NA,NA,998.04,NA,NA,90,NA,NA,-10.56,NA,NA,-10.83,NA,NA,27,NA
1872-03-07,NA,"imp",NA,NA,NA,NA,2.68,NA,NA,NA,"empty","empty",NA,100,NA,NA,-10.5,-14.44,NA,-12.22,-8.89,NA,",sn,"
1872-03-07 07:00:00,8.61,NA,"Ch0","Cl7",225,2.34,NA,NA,NA,992.21,NA,NA,100,NA,NA,-12.06,NA,NA,-12.06,NA,NA,5,",sn"
1872-03-07 14:00:00,9.44,NA,"Ch0","Cl7",315,2.64,NA,NA,NA,989.57,NA,NA,100,NA,NA,-10.56,NA,NA,-10.56,NA,NA,32,",sn"
1872-03-07 21:00:00,12.78,NA,"Ch0","Cl7",315,3.05,NA,NA,NA,990.93,NA,NA,100,NA,NA,-8.89,NA,NA,-8.89,NA,NA,30,",sn"
1872-03-08,NA,"imp",NA,NA,NA,NA,1.69,NA,NA,NA,"empty,empty","empty,empty",NA,89,0,NA,-8.5,-13.33,NA,-11.11,-6.67,NA,",ra,"
1872-03-08 07:00:00,7.22,NA,"Ch0","Cl7",315,2.4,NA,NA,NA,990.52,NA,NA,90,NA,NA,-10.44,NA,NA,-10.67,NA,NA,25,NA
1872-03-08 14:00:00,12.78,NA,"Ch0","Cl7",315,2.64,NA,NA,NA,993.23,NA,NA,83,NA,NA,-8.33,NA,NA,-8.89,NA,NA,24,NA
1872-03-08 21:00:00,12.78,NA,"Ch0","Cl7",315,3.39,NA,NA,NA,996,NA,NA,93,NA,NA,-6.67,NA,NA,-6.94,NA,NA,33,NA
1872-03-09,NA,"0",NA,NA,NA,NA,2.64,NA,NA,NA,"empty,empty","empty,empty",NA,84,0,NA,-8.78,-9.44,NA,-12.78,-4.44,NA,NA
1872-03-09 07:00:00,7.78,NA,"Ch0","Cl0",292.5,2.51,NA,NA,0,1008.2,NA,NA,88,NA,NA,-9.17,NA,NA,-9.56,NA,NA,16,NA
1872-03-09 14:00:00,15.56,NA,"Ch0","Cl0",315,3.62,NA,NA,0,1014.97,NA,NA,86,NA,NA,-5,NA,NA,-5.56,NA,NA,11,NA
1872-03-09 21:00:00,16.67,NA,"Ch0","Cl0",270,1.83,NA,NA,0,1019.3,NA,NA,79,NA,NA,-12.22,NA,NA,-12.78,NA,NA,0,NA
1872-03-10,NA,"imp",NA,NA,NA,NA,5.72,NA,NA,NA,"10:00 pm","empty,empty",NA,95,0,NA,-0.67,3.06,NA,-16.94,3.89,NA,",ra,"
1872-03-10 07:00:00,7.78,NA,"Ch0","Cl4",180,3.73,NA,NA,NA,1015.85,NA,NA,91,NA,NA,-5.28,NA,NA,-5.67,NA,NA,40,NA
1872-03-10 14:00:00,12.22,NA,"Ch0","Cl7",157.5,5.45,NA,NA,NA,1011.99,NA,NA,95,NA,NA,-0.56,NA,NA,-1.11,NA,NA,18,",ra"
1872-03-10 21:00:00,12.78,NA,"Ch0","Cl7",157.5,7.96,NA,NA,NA,989.23,NA,NA,98,NA,NA,3.89,NA,NA,3.78,NA,NA,24,",ra"
1872-03-11,NA,"imp",NA,NA,NA,NA,NA,NA,NA,NA,"empty,empty","empty",NA,NA,0,NA,0.28,-16.11,NA,-0.56,1.11,NA,",ra,"
1872-03-11 07:00:00,12.78,NA,"Ch0","Cl7",270,NA,NA,NA,NA,989.5,NA,NA,NA,NA,NA,-0.17,NA,NA,0.11,NA,NA,15,",sn"
1872-03-11 14:00:00,16.94,NA,"Ch0","Cl7",337.5,4.61,NA,NA,NA,1004.54,NA,NA,69,NA,NA,1.11,NA,NA,-0.67,NA,NA,15,",ovc"
1872-03-11 21:00:00,18.06,NA,"Ch0","Cl7",337.5,4.98,NA,NA,NA,1016.32,NA,NA,82,NA,NA,-0.11,NA,NA,-1.11,NA,NA,12,",ovc"
1872-03-12,NA,"imp",NA,NA,NA,NA,2.03,NA,NA,NA,"empty","empty",NA,97,19.81,NA,-13.39,-14.44,NA,-15,-11.67,NA,NA
1872-03-12 07:00:00,8.33,NA,"Ch0","Cl7",0,2.17,NA,NA,NA,1023.91,NA,NA,92,NA,NA,-11.78,NA,NA,-12,NA,NA,18,NA
1872-03-12 14:00:00,13.89,NA,"Ch0","Cl7",45,2,NA,NA,NA,1022.96,NA,NA,100,NA,NA,-13.89,NA,NA,-13.89,NA,NA,18,NA
1872-03-12 21:00:00,12.22,NA,"Ch0","Cl7",22.5,1.93,NA,NA,NA,1013.65,NA,NA,100,NA,NA,-14.44,NA,NA,-14.44,NA,NA,42,",sn"
1872-03-13,NA,"imp",NA,NA,NA,NA,2.54,NA,NA,NA,"empty,empty","empty,empty",NA,94,0,NA,-10.28,-12.5,NA,-15,-9.72,NA,",drsn,"
1872-03-13 07:00:00,6.67,NA,"Ch0","Cl7",22.5,2.4,NA,NA,NA,1005.49,NA,NA,96,NA,NA,-11.11,NA,NA,-11.22,NA,NA,36,",sn"
1872-03-13 14:00:00,11.11,NA,"Ch0","Cl7",0,2.68,NA,NA,NA,990.32,NA,NA,96,NA,NA,-10,NA,NA,-10.11,NA,NA,20,",sn"
1872-03-13 21:00:00,12.22,NA,"Cm8","Cl0",337.5,2.57,NA,"0",NA,1012.87,NA,NA,91,NA,NA,-9.72,NA,NA,-10,NA,NA,18,NA
1872-03-14,NA,"imp",NA,NA,NA,NA,2.84,NA,NA,NA,"empty,empty","empty,empty",NA,82,0,NA,-7.5,-7.89,NA,-13.61,-3.72,NA,NA
1872-03-14 07:00:00,7.22,NA,"Ch8","Cl0",270,1.96,NA,"270",NA,1015.65,NA,NA,89,NA,NA,-12.78,NA,NA,-13.06,NA,NA,16,NA
1872-03-14 14:00:00,17.5,NA,"Ch8","Cl0",315,2.84,NA,"270",NA,1017.41,NA,NA,62,NA,NA,-3.89,NA,NA,-5.56,NA,NA,16,NA
1872-03-14 21:00:00,14.44,NA,"Ch0","Cl7",180,3.69,NA,NA,NA,1016.59,NA,NA,94,NA,NA,-5.89,NA,NA,-6.11,NA,NA,2,NA
1872-03-15,NA,"imp",NA,NA,NA,NA,4.23,NA,NA,NA,"empty","empty",NA,100,72.14,NA,-4.83,-13.61,NA,-6.39,-2.22,NA,NA
1872-03-15 07:00:00,11.94,NA,"Ch0","Cl7",180,4,NA,NA,NA,1010.23,NA,NA,100,NA,NA,-5.56,NA,NA,-5.56,NA,NA,40,NA
1872-03-15 14:00:00,13.33,NA,"Ch0","Cl7",45,4.47,NA,NA,NA,994.24,NA,NA,100,NA,NA,-4.17,NA,NA,-4.17,NA,NA,20,",sn"
1872-03-15 21:00:00,13.89,NA,"Ch0","Cl7",0,4.27,NA,NA,NA,978.6,NA,NA,100,NA,NA,-4.72,NA,NA,-4.72,NA,NA,30,",sn"
1872-03-16,NA,"imp",NA,NA,NA,NA,2.17,NA,NA,NA,"empty,empty","empty,empty",NA,87,0,NA,-11.28,-12.61,NA,-13.61,-8.44,NA,",drsn,"
1872-03-16 07:00:00,5.56,NA,"Ch0","Cl7",315,2.27,NA,NA,NA,987.06,NA,NA,100,NA,NA,-12.5,NA,NA,-12.5,NA,NA,43,NA
1872-03-16 14:00:00,11.39,NA,"Cm8","Cl0",292.5,2.2,NA,"315",NA,993.23,NA,NA,83,NA,NA,-10.72,NA,NA,-11.22,NA,NA,40,NA
1872-03-16 21:00:00,13.61,NA,"Ch0","Cl0",270,2.03,NA,NA,0,998.38,NA,NA,77,NA,NA,-10.56,NA,NA,-11.28,NA,NA,30,NA
1872-03-17,NA,"0",NA,NA,NA,NA,2.51,NA,NA,NA,"empty,empty","empty,empty",NA,65,0,NA,-6.61,-8.06,NA,-11.94,-2.22,NA,NA
1872-03-17 07:00:00,7.22,NA,"Ch0","Cl0",270,1.49,NA,NA,0,1000.2,NA,NA,52,NA,NA,-9.83,NA,NA,-11.28,NA,NA,24,NA
1872-03-17 14:00:00,15,NA,"Ch0","Cl0",270,2.84,NA,NA,0,1001.08,NA,NA,62,NA,NA,-3.89,NA,NA,-5.56,NA,NA,45,NA
1872-03-17 21:00:00,14.17,NA,"Ch0","Cl0",247.5,3.18,NA,NA,0,1003.12,NA,NA,82,NA,NA,-6.11,NA,NA,-6.78,NA,NA,34,NA
1872-03-18,NA,"0",NA,NA,NA,NA,3.52,NA,NA,NA,"empty,empty","empty,empty",NA,92,0,NA,-6.5,-10.11,NA,-9.17,-1.5,NA,NA
1872-03-18 07:00:00,14.17,NA,"Ch0","Cl7",135,2.98,NA,NA,NA,996.34,NA,NA,92,NA,NA,-8.06,NA,NA,-8.33,NA,NA,0,NA
1872-03-18 14:00:00,16.67,NA,"Ch9","Cl0",315,4.77,NA,"270",NA,993.43,NA,NA,94,NA,NA,-2.5,NA,NA,-2.78,NA,NA,16,NA
1872-03-18 21:00:00,13.33,NA,"Ch0","Cl0",247.5,2.78,NA,NA,0,998.98,NA,NA,91,NA,NA,-8.89,NA,NA,-9.17,NA,NA,34,NA
1872-03-19,NA,"imp",NA,NA,NA,NA,2.71,NA,NA,NA,"empty","empty,empty",NA,72,2.79,NA,-6.78,-6.94,NA,-11.11,-0.28,NA,NA
1872-03-19 07:00:00,10.56,NA,"Ch0","Cl0",270,1.56,NA,NA,0,1005.62,NA,NA,59,NA,NA,-10.83,NA,NA,-12,NA,NA,16,NA
1872-03-19 14:00:00,17.5,NA,"Ch0","Cl7",247.5,2.78,NA,NA,NA,1003.79,NA,NA,65,NA,NA,-4.28,NA,NA,-5.83,NA,NA,34,NA
1872-03-19 21:00:00,16.11,NA,"Ch0","Cl7",247.5,3.79,NA,NA,NA,993.77,NA,NA,93,NA,NA,-5.28,NA,NA,-5.56,NA,NA,5,",sn"
1872-03-20,NA,"0",NA,NA,NA,NA,2.84,NA,NA,NA,"empty,empty","empty",NA,85,0,NA,-8.61,-6.67,NA,-13.89,-2.78,NA,NA
1872-03-20 07:00:00,10.28,NA,"Ch0","Cl7",270,3.05,NA,NA,NA,995.94,NA,NA,92,NA,NA,-7.78,NA,NA,-8.06,NA,NA,20,",sn"
1872-03-20 14:00:00,15,NA,"Ch0","Cl7",247.5,3.89,NA,NA,NA,994.24,NA,NA,87,NA,NA,-4.17,NA,NA,-4.72,NA,NA,20,NA
1872-03-20 21:00:00,12.22,NA,"Ch0","Cl0",247.5,1.56,NA,NA,0,993.91,NA,NA,77,NA,NA,-13.89,NA,NA,-14.44,NA,NA,20,NA
1872-03-21,NA,"0",NA,NA,NA,NA,1.9,NA,NA,NA,"empty,empty","empty,empty",NA,79,0,NA,-11.83,-7.06,NA,-18.89,-8.17,NA,NA
1872-03-21 07:00:00,5.56,NA,"Ch0","Cl6",270,1.76,NA,NA,NA,992.96,NA,NA,95,NA,NA,-15.56,NA,NA,-15.67,NA,NA,20,NA
1872-03-21 14:00:00,12.78,NA,"Ch8","Cl0",315,2.13,NA,"270",NA,994.99,NA,NA,81,NA,NA,-10.56,NA,NA,-11.11,NA,NA,16,NA
1872-03-21 21:00:00,12.5,NA,"Ch0","Cl0",270,1.83,NA,NA,0,998.31,NA,NA,62,NA,NA,-9.33,NA,NA,-10.56,NA,NA,18,NA
1872-03-22,NA,"iii",NA,NA,NA,NA,2.57,NA,NA,NA,"empty,empty","empty,empty",NA,82,0,NA,-8.83,-5.56,NA,-15.83,-3.61,NA,NA
1872-03-22 07:00:00,8.33,NA,"Ch6","Cl0",247.5,1.59,NA,"270",NA,1002.71,NA,NA,69,NA,NA,-12.22,NA,NA,-13.06,NA,NA,11,NA
1872-03-22 14:00:00,14.44,NA,"Ch6","Cl0",225,4.1,NA,"270",NA,1004.4,NA,NA,93,NA,NA,-4.44,NA,NA,-4.72,NA,NA,16,NA
1872-03-22 21:00:00,15,NA,"Ch0","Cl0",247.5,2.07,NA,NA,0,1009.28,NA,NA,85,NA,NA,-9.89,NA,NA,-10.67,NA,NA,20,NA
1872-03-23,NA,"imp",NA,NA,NA,NA,2.81,NA,NA,NA,"empty,empty","empty,empty",NA,78,0,NA,-7.17,-6.56,NA,-14.72,-3.5,NA,",ra,"
1872-03-23 07:00:00,7.22,NA,"Ch0","Cl0",225,2.27,NA,NA,0,1015.51,NA,NA,75,NA,NA,-8.89,NA,NA,-9.72,NA,NA,16,NA
1872-03-23 14:00:00,15.56,NA,"Ch0","Cl0",90,4.06,NA,NA,0,1016.73,NA,NA,91,NA,NA,-4.22,NA,NA,-4.61,NA,NA,40,NA
1872-03-23 21:00:00,11.67,NA,"Ch0","Cl7",90,2.13,NA,NA,NA,1012.73,NA,NA,67,NA,NA,-8.33,NA,NA,-9.44,NA,NA,45,NA
1872-03-24,NA,"imp",NA,NA,NA,NA,4.17,NA,NA,NA,"empty","empty",NA,100,20.32,NA,-5,-10.28,NA,-10,-2.5,NA,",drsn,"
1872-03-24 07:00:00,7.22,NA,"Ch0","Cl7",90,4.17,NA,NA,NA,988.08,NA,NA,100,NA,NA,-5,NA,NA,-5,NA,NA,36,NA
1872-03-24 14:00:00,11.67,NA,"Ch0","Cl7",0,4.37,NA,NA,NA,987.88,NA,NA,100,NA,NA,-4.44,NA,NA,-4.44,NA,NA,36,",ovc"
1872-03-24 21:00:00,9.44,NA,"Ch0","Cl7",337.5,4,NA,NA,NA,1001.76,NA,NA,100,NA,NA,-5.56,NA,NA,-5.56,NA,NA,24,",ovc"
1872-03-25,NA,"0",NA,NA,NA,NA,4.27,NA,NA,NA,"empty,empty","empty,empty",NA,97,0,NA,-4.44,-12.78,NA,-7.22,-2.22,NA,NA
1872-03-25 07:00:00,11.94,NA,"Ch0","Cl7",337.5,3.83,NA,NA,NA,1014.83,NA,NA,92,NA,NA,-5,NA,NA,-5.33,NA,NA,15,NA
1872-03-25 14:00:00,16.11,NA,"Ch0","Cl7",337.5,5.18,NA,NA,NA,1021.74,NA,NA,100,NA,NA,-2.22,NA,NA,-2.22,NA,NA,15,NA
1872-03-25 21:00:00,13.89,NA,"Ch0","Cl0",315,3.83,NA,NA,0,1025.94,NA,NA,100,NA,NA,-6.11,NA,NA,-6.11,NA,NA,15,NA
1872-03-26,NA,"imp",NA,NA,NA,NA,4.67,NA,NA,NA,"empty,empty","empty,empty",NA,94,0,NA,-2.44,-5.83,NA,-10.28,1.67,NA,",lt"
1872-03-26 07:00:00,10,NA,"Ch0","Cl0",315,3.42,NA,NA,0,1025.94,NA,NA,86,NA,NA,-5.56,NA,NA,-6.11,NA,NA,16,NA
1872-03-26 14:00:00,13.89,NA,"Ch0","Cl7",0,5.42,NA,NA,NA,1027.29,NA,NA,85,NA,NA,0.56,NA,NA,-0.28,NA,NA,11,NA
1872-03-26 21:00:00,16.11,NA,"Ch0","Cl7",67.5,5.18,NA,NA,NA,1025.94,NA,NA,100,NA,NA,-2.22,NA,NA,-2.22,NA,NA,34,",fg"
1872-03-27,NA,"imp",NA,NA,NA,NA,6.26,NA,NA,NA,"empty,empty","empty,empty",NA,90,0,NA,1.67,-10,NA,-2.78,5,NA,NA
1872-03-27 07:00:00,15,NA,"Ch0","Cl7",45,5.66,NA,NA,NA,1023.5,NA,NA,100,NA,NA,-1.11,NA,NA,-1.11,NA,NA,0,NA
1872-03-27 14:00:00,17.78,NA,"Ch0","Cl7",112.5,7.55,NA,NA,NA,1020.73,NA,NA,87,NA,NA,5,NA,NA,4.17,NA,NA,16,NA
1872-03-27 21:00:00,16.11,NA,"Ch0","Cl7",90,5.55,NA,NA,NA,1018.35,NA,NA,83,NA,NA,1.11,NA,NA,0.22,NA,NA,20,NA
1872-03-28,NA,"imp",NA,NA,NA,NA,5.69,NA,NA,NA,"empty,empty","empty,empty",NA,87,0,NA,0.94,-13.33,NA,-1.67,2.78,NA,",ra,"
1872-03-28 07:00:00,15,NA,"Ch0","Cl7",45,5.32,NA,NA,NA,1014.36,NA,NA,85,NA,NA,0.28,NA,NA,-0.56,NA,NA,11,NA
1872-03-28 14:00:00,20,NA,"Ch0","Cl7",22.5,6.23,NA,NA,NA,1012.39,NA,NA,85,NA,NA,2.5,NA,NA,1.67,NA,NA,11,NA
1872-03-28 21:00:00,18.06,NA,"Ch0","Cl7",315,5.49,NA,NA,NA,1011.04,NA,NA,90,NA,NA,0,NA,NA,-0.56,NA,NA,34,NA
1872-03-29,NA,"0",NA,NA,NA,NA,5.08,NA,NA,NA,"empty,empty","empty,empty",NA,90,0,NA,-1.11,-12.22,NA,-2.78,2.78,NA,NA
1872-03-29 07:00:00,12.22,NA,"Ch0","Cl7",270,4.77,NA,NA,NA,1012.26,NA,NA,92,NA,NA,-2.22,NA,NA,-2.61,NA,NA,45,NA
1872-03-29 14:00:00,18.61,NA,"Ch0","Cl0",0,5.25,NA,NA,0,1015.98,NA,NA,79,NA,NA,1.11,NA,NA,0,NA,NA,11,NA
1872-03-29 21:00:00,16.11,NA,"Ch0","Cl0",90,5.18,NA,NA,0,1015.85,NA,NA,100,NA,NA,-2.22,NA,NA,-2.22,NA,NA,0,NA
1872-03-30,NA,"0",NA,NA,NA,NA,5.11,NA,NA,NA,"empty,empty","empty,empty",NA,94,0,NA,-1,-12.22,NA,-5,0.56,NA,NA
1872-03-30 07:00:00,10.83,NA,NA,"Cl0",315,5.42,NA,"270",NA,1010.36,NA,NA,95,NA,NA,-0.28,NA,NA,-0.78,NA,NA,20,NA
1872-03-30 14:00:00,15,NA,"Ch0","Cl4",315,5.93,NA,NA,NA,1011.99,NA,NA,95,NA,NA,0.28,NA,NA,0,NA,NA,34,NA
1872-03-30 21:00:00,14.44,NA,"Ch0","Cl0",315,4,NA,NA,0,1015.31,NA,NA,93,NA,NA,-3.06,NA,NA,-3.33,NA,NA,5,NA
1872-03-31,NA,"imp",NA,NA,NA,NA,3.73,NA,NA,NA,"empty,empty","empty,empty",NA,77,0,NA,-3.17,-10,NA,-8.89,-1.11,NA,",sn,"
1872-03-31 07:00:00,10.56,NA,"Cm8","Cl0",270,2.95,NA,"270",NA,1017.07,NA,NA,70,NA,NA,0.83,NA,NA,-6,NA,NA,11,NA
1872-03-31 14:00:00,17.78,NA,"Cm8","Cl0",90,4.47,NA,"270",NA,1016.32,NA,NA,85,NA,NA,-2.06,NA,NA,-2.78,NA,NA,20,NA
1872-03-31 21:00:00,12.22,NA,"Ch0","Cl7",90,3.79,NA,NA,NA,1010.84,NA,NA,76,NA,NA,-2.78,NA,NA,-3.89,NA,NA,45,NA
1872-04-01,NA,"imp",NA,NA,NA,NA,5.25,NA,NA,NA,NA,NA,NA,86,NA,NA,-0.17,-10,NA,-5,2.78,NA,NA
1872-04-01 07:00:00,12.22,NA,NA,"Cl7",90,4.06,NA,NA,NA,995.6,NA,NA,82,NA,NA,-2.78,NA,NA,-3.61,NA,NA,20,",sn"
1872-04-01 14:00:00,13.33,NA,NA,"Cl7",135,5.76,NA,NA,NA,991.81,NA,NA,80,NA,NA,-1.11,NA,NA,1.11,NA,NA,12,NA
1872-04-01 21:00:00,13.89,NA,NA,"Cl7",247.5,5.93,NA,NA,NA,987.54,NA,NA,97,NA,NA,0,NA,NA,-0.17,NA,NA,45,",sn"
1872-04-02,NA,"imp",NA,NA,NA,NA,5.05,NA,NA,NA,"11:00am","12:00pm",NA,88,7.62,NA,-0.94,-12.78,NA,-5,0,NA,NA
1872-04-02 07:00:00,10,NA,"Cm8","Cl6",270,4.57,NA,"270",NA,984.76,NA,NA,80,NA,NA,-1.11,NA,NA,-2.11,NA,NA,20,NA
1872-04-02 14:00:00,15,NA,"Ch0","Cl7",315,5.66,NA,NA,NA,991.4,NA,NA,100,NA,NA,-1.11,NA,NA,-1.11,NA,NA,20,",sn"
1872-04-02 21:00:00,16.39,NA,"Ch0","Cl7",315,4.94,NA,NA,NA,995.6,NA,NA,84,NA,NA,-0.56,NA,NA,-1.39,NA,NA,30,",sn"
1872-04-03,NA,"iv",NA,NA,NA,NA,5.49,NA,NA,NA,"0.00am [12am?]","7.30",NA,85,0,NA,0.67,-13.33,NA,-2.22,2.22,NA,NA
1872-04-03 07:00:00,16.39,NA,"Ch0","Cl7",315,5.49,NA,NA,NA,996.48,NA,NA,80,NA,NA,-0.56,NA,NA,-0.56,NA,NA,20,",sn"
1872-04-03 14:00:00,18.33,NA,"Ch0","Cl7",337.5,5.72,NA,NA,NA,1001.76,NA,NA,85,NA,NA,1.39,NA,NA,0.56,NA,NA,18,",ovc"
1872-04-03 21:00:00,14.44,NA,"Ch0","Cl0",315,5.25,NA,NA,0,1004,NA,NA,79,NA,NA,1.11,NA,NA,0,NA,NA,18,NA
1872-04-04,NA,"imp",NA,NA,NA,NA,5.55,NA,NA,NA,NA,NA,NA,91,NA,NA,-0.11,-14.44,NA,-1.94,1.39,NA,NA
1872-04-04 07:00:00,13.89,NA,NA,"Cl7",315,5.15,NA,NA,NA,1006.98,NA,NA,89,NA,NA,-1.11,NA,NA,-1.39,NA,NA,17,NA
1872-04-04 14:00:00,21.11,NA,NA,"Cl7",0,5.59,NA,NA,NA,1010.77,NA,NA,84,NA,NA,1.11,NA,NA,0.28,NA,NA,45,",sn"
1872-04-04 21:00:00,16.39,NA,NA,"Cl7",337.5,5.89,NA,NA,NA,1012.33,NA,NA,100,NA,NA,-0.56,NA,NA,-0.56,NA,NA,15,NA
1872-04-05,NA,"iv",NA,NA,NA,NA,4.71,NA,NA,NA,NA,NA,NA,85,NA,NA,-1.11,-10,NA,-5,2.78,NA,NA
1872-04-05 07:00:00,10,NA,"Ch0","Cl7",337.5,5.25,NA,NA,NA,1013.34,NA,NA,95,NA,NA,-1.33,NA,NA,-1.61,NA,NA,20,NA
1872-04-05 14:00:00,14.44,NA,"Ch0","Cl0",337.5,4.71,NA,"315",NA,1014.97,NA,NA,65,NA,NA,2.22,NA,NA,0.28,NA,NA,20,NA
1872-04-05 21:00:00,11.67,NA,"Ch0","Cl0",45,4.13,NA,NA,0,1016.8,NA,NA,94,NA,NA,-4.28,NA,NA,-4.56,NA,NA,16,NA
1872-04-06,NA,"iv",NA,NA,NA,NA,3.86,NA,NA,NA,NA,NA,NA,72,NA,NA,-2.06,-2.78,NA,-10.56,4.44,NA,NA
1872-04-06 07:00:00,7.78,NA,"Ch0","Cl0",0,2.47,NA,NA,0,1016.73,NA,NA,76,NA,NA,-8.06,NA,NA,-8.89,NA,NA,1,NA
1872-04-06 14:00:00,17.22,NA,"Ch6","Cl0",90,4.74,NA,"270",NA,1016.86,NA,NA,62,NA,NA,3.06,NA,NA,0.83,NA,NA,16,NA
1872-04-06 21:00:00,14.44,NA,"Ch0","Cl0",0,4.4,NA,NA,0,1018.76,NA,NA,78,NA,NA,-1.11,NA,NA,-2.22,NA,NA,5,NA
1872-04-07,NA,"iii",NA,NA,NA,NA,4.84,NA,NA,NA,NA,NA,NA,71,NA,NA,1.39,1.11,NA,-10.28,8.61,NA,NA
1872-04-07 07:00:00,9.44,NA,"Ch6","Cl0",225,4.4,NA,"225",NA,1020.93,NA,NA,78,NA,NA,-1.11,NA,NA,-2.22,NA,NA,1,NA
1872-04-07 14:00:00,15.56,NA,"Ch6","Cl2",90,5.49,NA,"0",NA,1021.88,NA,NA,61,NA,NA,5.28,NA,NA,2.78,NA,NA,16,NA
1872-04-07 21:00:00,14.44,NA,"Ch0","Cl0",202.5,4.61,NA,NA,0,1023.5,NA,NA,74,NA,NA,0,NA,NA,-1.28,NA,NA,20,NA
1872-04-08,NA,"imp",NA,NA,NA,NA,5.79,NA,NA,NA,NA,NA,NA,70,NA,NA,4.33,-5.56,NA,-3.89,8.33,NA,NA
1872-04-08 07:00:00,14.17,NA,"Ch8","Cl0",180,5.18,NA,"270",NA,1024.45,NA,NA,83,NA,NA,0.22,NA,NA,-0.72,NA,NA,2,NA
1872-04-08 14:00:00,18.89,NA,"Ch0","Cl0",225,6.06,NA,NA,0,1023.5,NA,NA,55,NA,NA,8.33,NA,NA,5,NA,NA,20,NA
1872-04-08 21:00:00,17.78,NA,"Ch0","Cl7",202.5,6.13,NA,NA,NA,1022.55,NA,NA,73,NA,NA,4.44,NA,NA,2.78,NA,NA,20,NA
1872-04-09,NA,"imp",NA,NA,NA,NA,9.21,NA,NA,NA,"12pm","empty",NA,87,NA,NA,7.78,-7.78,NA,3.33,13.33,NA,NA
1872-04-09 07:00:00,13.89,NA,NA,"Cl7",225,8.57,NA,NA,NA,1018.83,NA,NA,100,NA,NA,4.72,NA,NA,4.72,NA,NA,5,",fg"
1872-04-09 14:00:00,19.44,NA,NA,"Cl6",157.5,11.34,NA,NA,NA,1014.16,NA,NA,75,NA,NA,13.33,NA,NA,11.11,NA,NA,16,NA
1872-04-09 21:00:00,18.33,NA,NA,"Cl7",225,7.72,NA,NA,NA,1012.67,NA,NA,87,NA,NA,5.28,NA,NA,4.44,NA,NA,34,NA
1872-04-10,NA,"imp",NA,NA,NA,NA,9.99,NA,NA,NA,"4:00am","3pm",NA,96,NA,NA,7.61,-10.28,NA,3.33,14.17,NA,NA
1872-04-10 07:00:00,16.11,NA,NA,"Cl7",270,9.75,NA,NA,NA,1006.16,NA,NA,100,NA,NA,6.67,NA,NA,6.67,NA,NA,16,",ra"
1872-04-10 14:00:00,16.11,NA,NA,"Cl7",225,10.9,NA,NA,NA,999.8,NA,NA,93,NA,NA,9.44,NA,NA,8.89,NA,NA,27,",ra"
1872-04-10 21:00:00,15.56,NA,NA,"Cl7",225,9.35,NA,NA,NA,996,NA,NA,96,NA,NA,6.67,NA,NA,6.39,NA,NA,20,NA
1872-04-11,NA,"imp",NA,NA,NA,NA,6.5,NA,NA,NA,NA,NA,NA,73,NA,NA,5.22,-10.72,NA,3.33,10.39,NA,NA
1872-04-11 07:00:00,13.89,NA,"Ch9","Cl0",225,5.99,NA,"270",NA,997.49,NA,NA,73,NA,NA,4.17,NA,NA,2.22,NA,NA,15,NA
1872-04-11 14:00:00,20.56,NA,"Ch0","Cl7",0,7.15,NA,NA,NA,999.7,NA,NA,72,NA,NA,6.94,NA,NA,5,NA,NA,45,NA
1872-04-11 21:00:00,13.33,NA,"Ch0","Cl7",270,6.4,NA,NA,NA,1005.83,NA,NA,75,NA,NA,4.61,NA,NA,3.06,NA,NA,20,NA
1872-04-12,NA,"0",NA,NA,NA,NA,4.44,NA,NA,NA,NA,NA,NA,67,NA,NA,1.39,-10.72,NA,-0.83,6.22,NA,NA
1872-04-12 07:00:00,13.33,NA,"Cm8","Cl0",270,4.57,NA,"270",NA,1014.09,NA,NA,72,NA,NA,0.56,NA,NA,-1,NA,NA,12,NA
1872-04-12 14:00:00,13.33,NA,"Ch9","Cl0",315,3.86,NA,"270",NA,1018.35,NA,NA,48,NA,NA,4.17,NA,NA,0.83,NA,NA,34,NA
1872-04-12 21:00:00,16.39,NA,"Ch6","Cl0",270,4.84,NA,"270",NA,1022.15,NA,NA,82,NA,NA,-0.56,NA,NA,-1.5,NA,NA,0,NA
1872-04-13,NA,"imp",NA,NA,NA,NA,6.94,NA,NA,NA,NA,NA,NA,92,NA,NA,2.78,-13.33,NA,-1.11,3.33,NA,NA
1872-04-13 07:00:00,14.44,NA,NA,"Cl7",180,6.47,NA,NA,NA,1018.35,NA,NA,90,NA,NA,2.22,NA,NA,1.67,NA,NA,2,NA
1872-04-13 14:00:00,6.11,NA,NA,"Cl7",247.5,7.28,NA,NA,NA,1007.18,NA,NA,92,NA,NA,3.33,NA,NA,2.89,NA,NA,11,NA
1872-04-13 21:00:00,14.44,NA,NA,"Cl7",225,7.08,NA,NA,NA,1005.49,NA,NA,95,NA,NA,2.78,NA,NA,2.5,NA,NA,2,NA
1872-04-14,NA,"imp",NA,NA,NA,NA,6.77,NA,NA,NA,"11:00am","7:00pm",NA,89,4.32,NA,3,-9.44,NA,0.56,8.89,NA,NA
1872-04-14 07:00:00,11.94,NA,"Cm8","Cl0",225,7.38,NA,"270",NA,999.73,NA,NA,80,NA,NA,5.72,NA,NA,4.44,NA,NA,27,NA
1872-04-14 14:00:00,16.11,NA,"Ch0","Cl7",270,6.81,NA,NA,NA,997.16,NA,NA,88,NA,NA,3.33,NA,NA,2.61,NA,NA,16,",ra"
1872-04-14 21:00:00,12.5,NA,"Ch0","Cl7",315,6.13,NA,NA,NA,996.95,NA,NA,100,NA,NA,0,NA,NA,0,NA,NA,27,",sn"
1872-04-15,NA,"ii",NA,NA,NA,NA,NA,NA,NA,NA,"0.00am [12am]","6:30am",NA,NA,0,NA,2.78,-7.5,NA,-1.11,9.17,NA,",au"
1872-04-15 07:00:00,12.78,NA,"Ch0","Cl7",292.5,NA,NA,NA,NA,999.39,NA,NA,NA,NA,NA,0,NA,NA,0.83,NA,NA,27,NA
1872-04-15 14:00:00,17.22,NA,"Ch0","Cl7",270,9.62,NA,NA,NA,1002.37,NA,NA,85,NA,NA,8.89,NA,NA,7.78,NA,NA,11,NA
1872-04-15 21:00:00,15,NA,"Cm8","Cl0",270,4.64,NA,"315",NA,1005.55,NA,NA,79,NA,NA,-0.56,NA,NA,-1.67,NA,NA,2,NA
1872-04-16,NA,"0",NA,NA,NA,NA,5.66,NA,NA,NA,NA,NA,NA,88,NA,NA,0.56,-12.39,NA,-2.5,2.89,NA,NA
1872-04-16 07:00:00,12.78,NA,NA,"Cl0",270,5.25,NA,"315",NA,1004.2,NA,NA,79,NA,NA,1.11,NA,NA,0,NA,NA,11,NA
1872-04-16 14:00:00,16.67,NA,"Ch0","Cl7",315,6.64,NA,NA,NA,1004.94,NA,NA,100,NA,NA,1.11,NA,NA,1.11,NA,NA,11,NA
1872-04-16 21:00:00,16.94,NA,"Cm8","Cl0",0,5.08,NA,"337.5",NA,1005.55,NA,NA,86,NA,NA,-0.56,NA,NA,-1.28,NA,NA,45,NA
1872-04-17,NA,"imp",NA,NA,NA,NA,5.38,NA,NA,NA,"2:00am","5:00am",NA,86,2.03,NA,0.28,-14.17,NA,-1.11,2.5,NA,NA
1872-04-17 07:00:00,12.22,NA,NA,"Cl7",0,6.13,NA,NA,NA,1005.62,NA,NA,100,NA,NA,0,NA,NA,0,NA,NA,15,NA
1872-04-17 14:00:00,15,NA,NA,"Cl7",337.5,5.35,NA,NA,NA,1006.1,NA,NA,79,NA,NA,1.39,NA,NA,0.28,NA,NA,20,NA
1872-04-17 21:00:00,14.44,NA,NA,"Cl7",315,4.64,NA,NA,NA,1005.15,NA,NA,79,NA,NA,-0.56,NA,NA,-1.67,NA,NA,15,NA
1872-04-18,NA,"0",NA,NA,NA,NA,6.06,NA,NA,NA,NA,NA,NA,82,NA,NA,2.89,-12.78,NA,3.33,8.33,NA,NA
1872-04-18 07:00:00,11.67,NA,"Ch8","Cl0",292.5,4.5,NA,"315",NA,1000.75,NA,NA,79,NA,NA,1.11,NA,NA,-0.72,NA,NA,15,NA
1872-04-18 14:00:00,16.11,NA,"Ch0","Cl0",315,8.6,NA,NA,0,1001.08,NA,NA,92,NA,NA,6.11,NA,NA,5.56,NA,NA,45,NA
1872-04-18 21:00:00,15.56,NA,"Ch0","Cl0",225,5.05,NA,NA,0,1003.45,NA,NA,74,NA,NA,1.39,NA,NA,0,NA,NA,2,NA
1872-04-19,NA,"0",NA,NA,NA,NA,5.01,NA,NA,NA,NA,NA,NA,55,NA,NA,5.72,-6.39,NA,0,11.39,NA,NA
1872-04-19 07:00:00,15,NA,"Ch0","Cl0",247.5,4.17,NA,NA,0,1006.84,NA,NA,57,NA,NA,2.5,NA,NA,0,NA,NA,16,NA
1872-04-19 14:00:00,18.89,NA,"Ch6","Cl0",180,5.99,NA,"270",NA,1008.2,NA,NA,45,NA,NA,11.39,NA,NA,6.67,NA,NA,16,NA
1872-04-19 21:00:00,16.67,NA,"Ch0","Cl0",225,4.88,NA,NA,0,1009.01,NA,NA,63,NA,NA,3.33,NA,NA,1.11,NA,NA,11,NA
1872-04-20,NA,"imp",NA,NA,NA,NA,6.91,NA,NA,NA,"9:30pm","12pm",NA,87,NA,NA,3.72,-6.67,NA,0,11.11,NA,NA
1872-04-20 07:00:00,10.56,NA,NA,"Cl7",0,6.47,NA,NA,NA,1009.82,NA,NA,90,NA,NA,2.22,NA,NA,1.67,NA,NA,5,NA
1872-04-20 14:00:00,16.39,NA,NA,"Cl7",315,7.92,NA,NA,NA,1011.18,NA,NA,80,NA,NA,6.94,NA,NA,5.56,NA,NA,20,NA
1872-04-20 21:00:00,16.11,NA,NA,"Cl7",0,6.33,NA,NA,NA,1013.75,NA,NA,90,NA,NA,1.94,NA,NA,1.39,NA,NA,27,NA
1872-04-21,NA,"imp",NA,NA,NA,NA,6.81,NA,NA,NA,"0:00am","3:00am",NA,100,NA,NA,1.5,-15.28,NA,0.56,2.78,NA,",ra"
1872-04-21 07:00:00,12.78,NA,NA,"Cl7",315,6.91,NA,NA,NA,1011.99,NA,NA,100,NA,NA,1.67,NA,NA,1.67,NA,NA,11,",ovc"
1872-04-21 14:00:00,16.11,NA,NA,"Cl7",292.5,7.18,NA,NA,NA,1011.31,NA,NA,100,NA,NA,2.22,NA,NA,2.22,NA,NA,12,",ovc"
1872-04-21 21:00:00,15.56,NA,NA,"Cl7",270,6.37,NA,NA,NA,1011.51,NA,NA,100,NA,NA,0.56,NA,NA,0.56,NA,NA,45,",ovc"
1872-04-22,NA,"imp",NA,NA,NA,NA,7.45,NA,NA,NA,NA,NA,NA,92,NA,NA,4.06,-8.89,NA,0.56,9.44,NA,NA
1872-04-22 07:00:00,15,NA,NA,"Cl7",292.5,6.91,NA,NA,NA,1011.72,NA,NA,100,NA,NA,1.67,NA,NA,1.67,NA,NA,16,NA
1872-04-22 14:00:00,16.11,NA,NA,"Cl6",90,8.16,NA,NA,NA,1012.67,NA,NA,84,NA,NA,6.67,NA,NA,5.56,NA,NA,16,NA
1872-04-22 21:00:00,12.78,NA,NA,"Cl7",202.5,7.31,NA,NA,NA,1013.48,NA,NA,91,NA,NA,3.89,NA,NA,3.33,NA,NA,5,NA
1872-04-23,NA,"0",NA,NA,NA,NA,7.65,NA,NA,NA,"5:00pm","8:00pm",NA,81,NA,NA,5.94,-6.94,NA,2.78,13.61,NA,NA
1872-04-23 07:00:00,11.67,NA,"Ch0","Cl7",135,6.87,NA,NA,NA,1012.8,NA,NA,82,NA,NA,4.44,NA,NA,3.33,NA,NA,11,NA
1872-04-23 14:00:00,13.89,NA,"Ch0","Cl7",157.5,10.02,NA,NA,NA,1008.33,NA,NA,79,NA,NA,10.56,NA,NA,8.89,NA,NA,20,NA
1872-04-23 21:00:00,12.78,NA,"Ch0","Cl0",270,6.03,NA,NA,0,1010.63,NA,NA,81,NA,NA,2.78,NA,NA,1.67,NA,NA,20,NA
1872-04-24,NA,"0",NA,NA,NA,NA,4.98,NA,NA,NA,NA,NA,NA,64,NA,NA,3.5,-8.89,NA,-2.22,6.67,NA,NA
1872-04-24 07:00:00,11.11,NA,"Ch0","Cl0",247.5,4.61,NA,NA,0,1017.34,NA,NA,62,NA,NA,2.78,NA,NA,0.56,NA,NA,11,NA
1872-04-24 14:00:00,12.22,NA,"Ch0","Cm2",225,5.25,NA,NA,NA,1017.34,NA,NA,58,NA,NA,5.56,NA,NA,2.78,NA,NA,16,NA
1872-04-24 21:00:00,11.11,NA,"Ch0","Cl7",202.5,5.05,NA,NA,NA,1015.1,NA,NA,71,NA,NA,2.22,NA,NA,0.56,NA,NA,27,NA
1872-04-25,NA,"0",NA,NA,NA,NA,6.6,NA,NA,NA,NA,NA,NA,91,NA,NA,2.39,-11.39,NA,0.28,6.67,NA,",sn,"
1872-04-25 07:00:00,7.22,NA,"Ch0","Cl7",180,6.06,NA,NA,NA,1012.94,NA,NA,90,NA,NA,1.39,NA,NA,0.83,NA,NA,0,NA
1872-04-25 14:00:00,17.78,NA,"Ch0","Cl7",292.5,7.72,NA,NA,NA,1014.63,NA,NA,87,NA,NA,5.28,NA,NA,4.44,NA,NA,11,NA
1872-04-25 21:00:00,14.72,NA,"Ch0","Cl0",180,6.06,NA,NA,0,1015.31,NA,NA,95,NA,NA,0.56,NA,NA,0.28,NA,NA,0,NA
1872-04-26,NA,"imp",NA,NA,NA,NA,7.48,NA,NA,NA,"5:00pm","during night",NA,76,NA,NA,6.78,-3.33,NA,-1.94,12.5,NA,",lt,"
1872-04-26 07:00:00,14.44,NA,"Ch0","Cl0",225,7.04,NA,NA,0,1011.72,NA,NA,75,NA,NA,6.11,NA,NA,4.44,NA,NA,11,NA
1872-04-26 14:00:00,18.89,NA,"Ch0","Cl7",225,8.7,NA,NA,NA,1007.18,NA,NA,66,NA,NA,11.11,NA,NA,8.33,NA,NA,16,NA
1872-04-26 21:00:00,12.22,NA,"Ch0","Cl7",225,6.74,NA,NA,NA,997.22,NA,NA,88,NA,NA,3.06,NA,NA,2.39,NA,NA,45,NA
1872-04-27,NA,"imp",NA,NA,NA,NA,6.13,NA,NA,NA,NA,NA,NA,76,NA,NA,4.11,-5.28,NA,0,12.5,NA,",sn,"
1872-04-27 07:00:00,12.78,NA,"Ch0","Cl0",315,6.3,NA,NA,0,994.92,NA,NA,67,NA,NA,6.11,NA,NA,3.89,NA,NA,20,NA
1872-04-27 14:00:00,18.33,NA,"Cm8","Cl0",270,5.99,NA,"292.5",NA,994.58,NA,NA,62,NA,NA,6.28,NA,NA,3.72,NA,NA,18,NA
1872-04-27 21:00:00,17.78,NA,"Ch0","Cl7",337.5,6.13,NA,NA,NA,1000.75,NA,NA,100,NA,NA,0,NA,NA,0,NA,NA,25,NA
1872-04-28,NA,"imp",NA,NA,NA,NA,6.26,NA,NA,NA,"empty","empty",NA,73,NA,NA,4.72,-10,NA,0,7.78,NA,",ra,"
1872-04-28 07:00:00,16.11,NA,"Ch9","Cl0",270,6.6,NA,"315",NA,1001.56,NA,NA,84,NA,NA,3.33,NA,NA,2.39,NA,NA,24,NA
1872-04-28 14:00:00,17.5,NA,"Ch0","Cl4",292.5,6.06,NA,NA,NA,996.34,NA,NA,63,NA,NA,6.39,NA,NA,3.89,NA,NA,30,NA
1872-04-28 21:00:00,16.11,NA,"Ch0","Cl7",315,6.13,NA,NA,NA,1000.75,NA,NA,73,NA,NA,4.44,NA,NA,2.78,NA,NA,27,NA
1872-04-29,NA,"iv",NA,NA,NA,NA,6.81,NA,NA,NA,"2:00am","8:00am",NA,93,NA,NA,2.28,-11.28,NA,-0.56,5.94,NA,NA
1872-04-29 07:00:00,15.56,NA,"Ch0","Cl7",0,6.2,NA,NA,NA,1008.13,NA,NA,90,NA,NA,1.67,NA,NA,1.11,NA,NA,45,",sn"
1872-04-29 14:00:00,16.94,NA,"Ch0","Cl4",315,8.43,NA,NA,NA,1015.88,NA,NA,93,NA,NA,5.56,NA,NA,5,NA,NA,15,NA
1872-04-29 21:00:00,13.89,NA,"Ch0","Cl0",337.5,5.76,NA,NA,0,1022.15,NA,NA,97,NA,NA,-0.39,NA,NA,-0.56,NA,NA,45,NA
1872-04-30,NA,"iv",NA,NA,NA,NA,7.48,NA,NA,NA,NA,NA,NA,82,NA,NA,5.61,-2.39,NA,-2.22,13.17,NA,NA
1872-04-30 07:00:00,13.33,NA,"Ch6","Cl0",225,6.47,NA,"0",NA,1026.01,NA,NA,80,NA,NA,4,NA,NA,2.78,NA,NA,5,NA
1872-04-30 14:00:00,17.78,NA,"Ch9","Cl0",90,9.18,NA,"90",0,1025.2,NA,NA,78,NA,NA,9.44,NA,NA,7.78,NA,NA,5,NA
1872-04-30 21:00:00,15.56,NA,"Ch0","Cl0",202.5,6.81,NA,NA,0,1024.45,NA,NA,87,NA,NA,3.33,NA,NA,2.61,NA,NA,0,NA
1872-05-01,NA,"0",NA,NA,NA,NA,8.09,NA,NA,NA,NA,NA,NA,70,NA,NA,9.72,-1.39,NA,0.56,16.94,NA,NA
1872-05-01 07:00:00,16.67,NA,"Ch6","Cl0",202.5,8.84,NA,"0",NA,1024.79,NA,NA,87,NA,NA,7.22,NA,NA,6.33,NA,NA,2,NA
1872-05-01 14:00:00,18.89,NA,"Cm8","Cl0",247.5,8.43,NA,"225",NA,1022.82,NA,NA,47,NA,NA,15.83,NA,NA,10.56,NA,NA,5,NA
1872-05-01 21:00:00,18.89,NA,"Ch0","Cl0",180,7.04,NA,NA,0,1021.81,NA,NA,75,NA,NA,6.11,NA,NA,4.44,NA,NA,20,NA
1872-05-02,NA,"imp",NA,NA,NA,NA,12.73,NA,NA,NA,NA,NA,NA,83,NA,NA,12.11,0,NA,0.56,18.33,NA,NA
1872-05-02 07:00:00,14.44,NA,"Cm8","Cl0",247.5,9.85,NA,"247.5",NA,1019.3,NA,NA,74,NA,NA,8.33,NA,NA,6.5,NA,NA,34,NA
1872-05-02 14:00:00,18.33,NA,"Ch6","Cl7",202.5,18.83,NA,NA,0,1018.96,NA,NA,81,NA,NA,17.78,NA,NA,16.11,NA,NA,20,NA
1872-05-02 21:00:00,16.67,NA,"Ch0","Cl7",180,11.24,NA,NA,NA,1018.35,NA,NA,91,NA,NA,10.28,NA,NA,9.56,NA,NA,45,NA
1872-05-03,NA,"imp",NA,NA,NA,NA,11.62,NA,NA,NA,"empty","empty",NA,81,NA,NA,12.44,-12.67,NA,9.72,14.83,NA,NA
1872-05-03 07:00:00,13.89,NA,NA,"Cl7",180,12.29,NA,NA,NA,1017.54,NA,NA,86,NA,NA,12.5,NA,NA,11.28,NA,NA,45,NA
1872-05-03 14:00:00,16.11,NA,NA,"Cl7",180,11.48,NA,NA,NA,1016.66,NA,NA,74,NA,NA,13.72,NA,NA,11.39,NA,NA,20,NA
1872-05-03 21:00:00,14.44,NA,NA,"Cl7",180,11.04,NA,NA,NA,1013.82,NA,NA,84,NA,NA,11.11,NA,NA,9.83,NA,NA,15,NA
1872-05-04,NA,"imp",NA,NA,NA,NA,11.04,NA,NA,NA,"during night | 5pm","7am | 12pm",NA,92,NA,NA,9.61,-10.28,NA,7.22,14.72,NA,",ra"
1872-05-04 07:00:00,13.33,NA,NA,"Cl7",157.5,10.5,NA,NA,NA,1013.28,NA,NA,96,NA,NA,8.33,NA,NA,8.06,NA,NA,2,NA
1872-05-04 14:00:00,15.56,NA,NA,"Cl7",180,12.8,NA,NA,NA,1013.34,NA,NA,83,NA,NA,13.33,NA,NA,11.83,NA,NA,20,NA
1872-05-04 21:00:00,16.11,NA,NA,"Cl7",180,9.85,NA,NA,NA,1012.26,NA,NA,98,NA,NA,7.22,NA,NA,7.06,NA,NA,20,",ra"
1872-05-05,NA,"0",NA,NA,NA,NA,9.52,NA,NA,NA,"12am","4am",NA,89,NA,NA,7.61,-6.94,NA,4.17,14.72,NA,NA
1872-05-05 07:00:00,13.06,NA,"Ch0","Cl7",67.5,9.75,NA,NA,NA,1006.5,NA,NA,100,NA,NA,6.67,NA,NA,6.67,NA,NA,34,",fg"
1872-05-05 14:00:00,15,NA,"Ch0","Cl7",90,12.02,NA,NA,NA,1005.28,NA,NA,86,NA,NA,11.94,NA,NA,10.83,NA,NA,16,NA
1872-05-05 21:00:00,14.44,NA,"Ch0","Cl0",180,6.77,NA,NA,0,1009.55,NA,NA,82,NA,NA,4.28,NA,NA,3.17,NA,NA,20,NA
1872-05-06,NA,"0",NA,NA,NA,NA,7.35,NA,NA,NA,"empty","empty",NA,93,NA,NA,3.72,-13.61,NA,2.22,6.39,NA,",ra,"
1872-05-06 07:00:00,15,NA,NA,"Cl7",157.5,7.01,NA,NA,NA,1012.94,NA,NA,91,NA,NA,3.33,NA,NA,2.78,NA,NA,11,NA
1872-05-06 14:00:00,15,NA,NA,"Cl7",22.5,7.62,NA,NA,NA,1010.77,NA,NA,91,NA,NA,4.44,NA,NA,3.89,NA,NA,27,NA
1872-05-06 21:00:00,15,NA,NA,"Cl7",180,7.45,NA,NA,NA,1010.23,NA,NA,96,NA,NA,3.33,NA,NA,3.11,NA,NA,5,NA
1872-05-07,NA,"imp",NA,NA,NA,NA,7.28,NA,NA,NA,"5am","12pm",NA,99,NA,NA,2.5,-9.44,NA,1.11,3.89,NA,",ra,"
1872-05-07 07:00:00,11.11,NA,NA,"Cl7",67.5,6.91,NA,NA,NA,1009.75,NA,NA,98,NA,NA,1.94,NA,NA,1.83,NA,NA,20,",ra"
1872-05-07 14:00:00,11.11,NA,NA,"Cl7",315,7.45,NA,NA,NA,1002.91,NA,NA,100,NA,NA,2.78,NA,NA,2.78,NA,NA,18,",ra"
1872-05-07 21:00:00,15,NA,NA,"Cl7",0,7.45,NA,NA,NA,1004.81,NA,NA,100,NA,NA,2.78,NA,NA,2.78,NA,NA,45,",ra"
1872-05-08,NA,"imp",NA,NA,NA,NA,7.99,NA,NA,NA,"12am","10pm",NA,100,NA,NA,3.72,-9.72,NA,0.83,8.89,NA,",ra,"
1872-05-08 07:00:00,14.17,NA,NA,"Cl7",315,6.91,NA,NA,NA,1005.83,NA,NA,100,NA,NA,1.67,NA,NA,1.67,NA,NA,40,NA
1872-05-08 14:00:00,13.33,NA,NA,"Cl7",315,8.2,NA,NA,NA,1009.82,NA,NA,100,NA,NA,4.17,NA,NA,4.17,NA,NA,34,NA
1872-05-08 21:00:00,14.44,NA,NA,"Cl7",315,8.87,NA,NA,NA,1014.02,NA,NA,100,NA,NA,5.28,NA,NA,5.28,NA,NA,15,",ra"
1872-05-09,NA,NA,NA,NA,NA,NA,6.57,NA,NA,NA,"5pm","empty",NA,83,NA,NA,3.61,-12.78,NA,0.83,5.83,NA,NA
1872-05-09 07:00:00,13.06,NA,"Ch6","Cl0",0,6.03,NA,"315",NA,1017,NA,NA,81,NA,NA,2.78,NA,NA,1.67,NA,NA,5,NA
1872-05-09 14:00:00,15.56,NA,"Ch0","Cl7",270,6.5,NA,NA,NA,1016.59,NA,NA,77,NA,NA,4.44,NA,NA,3.06,NA,NA,16,NA
1872-05-09 21:00:00,15.56,NA,"Ch0","Cl7",180,7.15,NA,NA,NA,1010.5,NA,NA,91,NA,NA,3.61,NA,NA,3.06,NA,NA,34,",ra"
1872-05-10,NA,"0",NA,NA,NA,NA,7.04,NA,NA,NA,"empty","5am",NA,92,NA,NA,2.89,-7.78,NA,0,10,NA,NA
1872-05-10 07:00:00,13.06,NA,"Ch0","Cl7",180,8.91,NA,NA,NA,1000.41,NA,NA,97,NA,NA,5.83,NA,NA,5.67,NA,NA,5,",ra"
1872-05-10 14:00:00,12.78,NA,"Ch0","Cl7",315,6.74,NA,NA,NA,1007.25,NA,NA,90,NA,NA,2.78,NA,NA,2.22,NA,NA,45,NA
1872-05-10 21:00:00,8.89,NA,"Ch0","Cl0",337.5,5.49,NA,NA,0,1020.18,NA,NA,90,NA,NA,0,NA,NA,-0.56,NA,NA,20,NA
1872-05-11,NA,"imp",NA,NA,NA,NA,6.4,NA,NA,NA,"5:30pm","11:30pm",NA,63,NA,NA,7.94,-1.11,NA,-1.39,15.28,NA,NA
1872-05-11 07:00:00,10.28,NA,"Cm8","Cl0",225,6.06,NA,"315",NA,1026.48,NA,NA,77,NA,NA,3.61,NA,NA,2.22,NA,NA,1,NA
1872-05-11 14:00:00,16.11,NA,"Ch6","Cl0",180,5.79,NA,NA,0,1026.21,NA,NA,35,NA,NA,14.72,NA,NA,8.33,NA,NA,5,NA
1872-05-11 21:00:00,15,NA,"Ch0","Cl7",202.5,6.81,NA,NA,NA,1025.8,NA,NA,76,NA,NA,5.56,NA,NA,4.06,NA,NA,45,NA
1872-05-12,NA,NA,NA,NA,NA,NA,11.51,NA,NA,NA,NA,NA,NA,91,NA,NA,10.44,-5.72,NA,3.5,15.56,NA,NA
1872-05-12 07:00:00,11.67,NA,NA,"Cl7",180,8.94,NA,NA,NA,1015.24,NA,NA,92,NA,NA,6.67,NA,NA,6.11,NA,NA,20,NA
1872-05-12 14:00:00,15.56,NA,NA,"Cl7",180,13.24,NA,NA,NA,1005.76,NA,NA,87,NA,NA,13.33,NA,NA,12.22,NA,NA,45,NA
1872-05-12 21:00:00,20.56,NA,NA,"Cl7",225,12.33,NA,NA,NA,1009.08,NA,NA,93,NA,NA,11.28,NA,NA,10.72,NA,NA,20,NA
1872-05-13,NA,NA,NA,NA,NA,NA,9.24,NA,NA,NA,"7am","empty",NA,100,NA,NA,5.72,-12.5,NA,3.33,8.61,NA,",br"
1872-05-13 07:00:00,15,NA,NA,"Cl7",0,10.94,NA,NA,NA,1009.55,NA,NA,100,NA,NA,8.33,NA,NA,8.33,NA,NA,45,",ra"
1872-05-13 14:00:00,13.89,NA,NA,"Cl7",90,9.41,NA,NA,NA,1009.55,NA,NA,100,NA,NA,5.56,NA,NA,5.56,NA,NA,2,",ra"
1872-05-13 21:00:00,13.33,NA,NA,"Cl7",315,7.75,NA,NA,NA,1010.9,NA,NA,100,NA,NA,3.33,NA,NA,3.33,NA,NA,45,",ra"
1872-05-14,NA,NA,NA,NA,NA,NA,7.45,NA,NA,NA,"empty","2am",NA,95,NA,NA,14.5,-10.28,NA,1.67,9.17,NA,NA
1872-05-14 07:00:00,10.56,NA,NA,"Cl7",0,7.45,NA,NA,NA,1014.56,NA,NA,100,NA,NA,2.78,NA,NA,2.78,NA,NA,16,NA
1872-05-14 14:00:00,12.22,NA,NA,"Cl7",337.5,8.26,NA,NA,NA,1015.37,NA,NA,91,NA,NA,5.56,NA,NA,5,NA,NA,16,NA
1872-05-14 21:00:00,15,NA,NA,"Cl7",315,6.67,NA,NA,NA,1018.02,NA,NA,95,NA,NA,1.89,NA,NA,1.67,NA,NA,20,NA
1872-05-15,NA,"empty",NA,NA,NA,NA,5.22,NA,NA,NA,NA,NA,NA,53,NA,NA,7.11,-7.22,NA,0.56,11.11,NA,NA
1872-05-15 07:00:00,15,NA,"Ch0","Cl0",315,5.55,NA,NA,0,1017,NA,NA,62,NA,NA,5.56,NA,NA,3.06,NA,NA,45,NA
1872-05-15 14:00:00,15.28,NA,"Ch0","Cl0",315,4.88,NA,NA,0,1016.32,NA,NA,39,NA,NA,10.28,NA,NA,5.28,NA,NA,34,NA
1872-05-15 21:00:00,13.33,NA,"Ch9","Cl7",337.5,5.25,NA,NA,NA,1013.28,NA,NA,58,NA,NA,5.56,NA,NA,2.78,NA,NA,34,NA
1872-05-16,NA,NA,NA,NA,NA,NA,5.52,NA,NA,NA,NA,NA,NA,71,NA,NA,3.61,-12.78,NA,0.56,5.56,NA,NA
1872-05-16 07:00:00,12.78,NA,NA,"Cl7",270,4.33,NA,NA,NA,1006.16,NA,NA,52,NA,NA,4.44,NA,NA,1.39,NA,NA,45,NA
1872-05-16 14:00:00,12.78,NA,NA,"Cl7",315,5.69,NA,NA,NA,1006.03,NA,NA,65,NA,NA,5,NA,NA,2.78,NA,NA,34,NA
1872-05-16 21:00:00,14.72,NA,NA,"Cl7",315,6.57,NA,NA,NA,1006.16,NA,NA,97,NA,NA,1.39,NA,NA,1.22,NA,NA,34,NA
1872-05-17,NA,NA,NA,NA,NA,NA,6.4,NA,NA,NA,"before daylight","before daylight",NA,83,NA,NA,3.5,-11.39,NA,0.28,6.67,NA,NA
1872-05-17 07:00:00,12.78,NA,NA,"Cl7",45,6.94,NA,NA,NA,1008.2,NA,NA,95,NA,NA,2.5,NA,NA,2.22,NA,NA,20,NA
1872-05-17 14:00:00,13.33,NA,NA,"Cl7",45,6.06,NA,NA,NA,1009.55,NA,NA,63,NA,NA,6.39,NA,NA,3.89,NA,NA,12,NA
1872-05-17 21:00:00,12.22,NA,NA,"Cl7",315,6.2,NA,NA,NA,1009.55,NA,NA,90,NA,NA,1.67,NA,NA,1.11,NA,NA,18,NA
1872-05-18,NA,NA,NA,NA,NA,NA,7.28,NA,NA,NA,NA,NA,NA,82,NA,NA,5.33,-10.44,NA,0.17,7.5,NA,NA
1872-05-18 07:00:00,8.61,NA,NA,"Cl7",315,7.01,NA,NA,NA,1006.84,NA,NA,91,NA,NA,3.33,NA,NA,2.78,NA,NA,15,NA
1872-05-18 14:00:00,11.11,NA,NA,"Cl7",315,7.82,NA,NA,NA,1005.76,NA,NA,83,NA,NA,6.11,NA,NA,5,NA,NA,12,NA
1872-05-18 21:00:00,12.22,NA,NA,"Cl7",315,7.01,NA,NA,NA,1004.06,NA,NA,72,NA,NA,6.67,NA,NA,4.72,NA,NA,20,NA
1872-05-19,NA,"0",NA,NA,NA,NA,7.65,NA,NA,NA,NA,NA,NA,65,NA,NA,10.17,-7.5,NA,5,15.28,NA,NA
1872-05-19 07:00:00,12.89,NA,"Cm8","Cl0",247.5,7.92,NA,"315",NA,1003.45,NA,NA,65,NA,NA,10.28,NA,NA,7.22,NA,NA,16,NA
1872-05-19 14:00:00,16.11,NA,"Ch0","Cl0",315,7.75,NA,NA,0,1004.47,NA,NA,48,NA,NA,14.44,NA,NA,9.44,NA,NA,16,NA
1872-05-19 21:00:00,12.5,NA,"Ch6","Cl0",90,7.65,NA,"270",NA,1005.76,NA,NA,83,NA,NA,5.83,NA,NA,4.72,NA,NA,1,NA
1872-05-20,NA,"imp",NA,NA,NA,NA,11.92,NA,NA,NA,"3:30pm","7pm",NA,95,NA,NA,10.33,-11.67,NA,5,11.11,NA,NA
1872-05-20 07:00:00,11.67,NA,NA,"Cl7",90,11.92,NA,NA,NA,1001.08,NA,NA,98,NA,NA,9.83,NA,NA,9.72,NA,NA,40,NA
1872-05-20 14:00:00,11.67,NA,NA,"Cl7",225,12.22,NA,NA,NA,991.6,NA,NA,93,NA,NA,11.11,NA,NA,10.56,NA,NA,11,",ra"
1872-05-20 21:00:00,12.78,NA,NA,"Cl7",180,11.65,NA,NA,NA,991.94,NA,NA,95,NA,NA,10.11,NA,NA,9.72,NA,NA,16,NA
1872-05-21,NA,"0",NA,NA,NA,NA,8.23,NA,NA,NA,"7am","11:00",NA,95,NA,NA,4.83,-9.72,NA,3.61,11.67,NA,NA
1872-05-21 07:00:00,11.11,NA,"Ch0","Cl7",270,8.53,NA,NA,NA,996,NA,NA,100,NA,NA,4.72,NA,NA,4.72,NA,NA,20,NA
1872-05-21 14:00:00,11.67,NA,"Ch0","Cl7",315,8.87,NA,NA,NA,1001.69,NA,NA,100,NA,NA,5.28,NA,NA,5.28,NA,NA,27,NA
1872-05-21 21:00:00,12.22,NA,"Cm8","Cl0",337.5,7.25,NA,NA,NA,1009.55,NA,NA,86,NA,NA,4.44,NA,NA,3.61,NA,NA,16,NA
1872-05-22,NA,"imp",NA,NA,NA,NA,9.08,NA,NA,NA,NA,NA,NA,79,NA,NA,9.33,-4.17,NA,2.22,15.83,NA,",ra,"
1872-05-22 07:00:00,12.22,NA,"Ch0","Cl0",315,9.48,NA,NA,0,1012.94,NA,NA,92,NA,NA,7.5,NA,NA,6.94,NA,NA,5,NA
1872-05-22 14:00:00,16.67,NA,"Ch0","Cl2",315,9.96,NA,NA,NA,1015.65,NA,NA,61,NA,NA,14.44,NA,NA,14.17,NA,NA,27,NA
1872-05-22 21:00:00,14.44,NA,"Cm8","Cl0",90,7.82,NA,"337.5",NA,1017.95,NA,NA,83,NA,NA,6.11,NA,NA,5,NA,NA,16,NA
1872-05-23,NA,NA,NA,NA,NA,NA,9.24,NA,NA,NA,"6pm","empty",NA,70,NA,NA,11.67,-1.67,NA,1.67,17.78,NA,",br,"
1872-05-23 07:00:00,13.89,NA,NA,"Cl6",90,9.14,NA,NA,NA,1018.22,NA,NA,72,NA,NA,11.11,NA,NA,8.61,NA,NA,5,NA
1872-05-23 14:00:00,16.11,NA,NA,"Cl2",180,8.91,NA,NA,NA,1016.32,NA,NA,46,NA,NA,16.94,NA,NA,11.39,NA,NA,27,NA
1872-05-23 21:00:00,13.33,NA,NA,"Cl7",225,9.48,NA,NA,NA,1012.94,NA,NA,92,NA,NA,7.5,NA,NA,6.94,NA,NA,16,",ra"
1872-05-24,NA,NA,NA,NA,NA,NA,10.63,NA,NA,NA,"empty","2am",NA,93,NA,NA,8.78,-5.28,NA,5.28,17.78,NA,NA
1872-05-24 07:00:00,11.67,NA,NA,"Cl7",180,10.9,NA,NA,NA,1005.49,NA,NA,92,NA,NA,9.44,NA,NA,8.89,NA,NA,5,NA
1872-05-24 14:00:00,15.28,NA,NA,"Cl7",337.5,11.99,NA,NA,NA,1007.18,NA,NA,89,NA,NA,11.39,NA,NA,10.56,NA,NA,12,NA
1872-05-24 21:00:00,13.61,NA,NA,"Cl7",270,9.04,NA,NA,NA,1009.89,NA,NA,100,NA,NA,5.56,NA,NA,5.56,NA,NA,45,NA
1872-05-25,NA,NA,NA,NA,NA,NA,9.79,NA,NA,NA,"6pm","12pm",NA,86,NA,NA,8.39,-7.78,NA,3.89,13.89,NA,NA
1872-05-25 07:00:00,12.22,NA,"Ch0","Cl7",292.5,8.33,NA,NA,NA,1011.18,NA,NA,95,NA,NA,5,NA,NA,4.72,NA,NA,5,NA
1872-05-25 14:00:00,13.89,NA,"Ch6","Cl0",0,11.51,NA,NA,NA,1011.24,NA,NA,85,NA,NA,10.17,NA,NA,9,NA,NA,16,NA
1872-05-25 21:00:00,13.5,NA,"Cm8","Cl7",270,9.58,NA,NA,NA,1010.57,NA,NA,78,NA,NA,10,NA,NA,8.33,NA,NA,2,NA
1872-05-26,NA,NA,NA,NA,NA,NA,12.06,NA,NA,NA,"12pm","3am",NA,79,NA,NA,13.11,-3.89,NA,4.44,18.33,NA,NA
1872-05-26 07:00:00,11.94,NA,"Ch0","Cl7",225,11.78,NA,NA,NA,1005.76,NA,NA,92,NA,NA,10.56,NA,NA,10,NA,NA,2,NA
1872-05-26 14:00:00,16.67,NA,"Ch9","Cl0",0,13.51,NA,"270",NA,1007.45,NA,NA,71,NA,NA,16.67,NA,NA,13.89,NA,NA,5,NA
1872-05-26 21:00:00,15.56,NA,"Ch0","Cl7",180,10.87,NA,NA,NA,1011.58,NA,NA,76,NA,NA,12.22,NA,NA,10.28,NA,NA,1,NA
1872-05-27,NA,NA,NA,NA,NA,NA,11.34,NA,NA,NA,"11am","12pm",NA,86,NA,NA,11.17,-6.67,NA,4.44,15.56,NA,NA
1872-05-27 07:00:00,15,NA,NA,"Cl7",135,11.34,NA,NA,NA,1014.63,NA,NA,80,NA,NA,12.22,NA,NA,10.56,NA,NA,2,",fg"
1872-05-27 14:00:00,15.56,NA,NA,"Cl7",135,12.56,NA,NA,NA,1013.61,NA,NA,78,NA,NA,14.17,NA,NA,12.22,NA,NA,2,",ra"
1872-05-27 21:00:00,13.89,NA,NA,"Cl7",90,10.13,NA,NA,NA,1006.16,NA,NA,100,NA,NA,7.22,NA,NA,7.22,NA,NA,5,",ra"
1872-05-28,NA,NA,NA,NA,NA,NA,11.11,NA,NA,NA,"12am","2am",NA,84,NA,NA,11,-3.33,NA,3.89,18.33,NA,NA
1872-05-28 07:00:00,12.78,NA,NA,"Cl7",180,10.9,NA,NA,NA,1003.05,NA,NA,96,NA,NA,8.89,NA,NA,8.61,NA,NA,16,NA
1872-05-28 14:00:00,15.56,NA,NA,"Cl7",180,11.62,NA,NA,NA,1006.16,NA,NA,69,NA,NA,14.72,NA,NA,13.06,NA,NA,11,",ra"
1872-05-28 21:00:00,15.56,NA,NA,"Cl7",180,10.46,NA,NA,NA,1011.24,NA,NA,88,NA,NA,9.44,NA,NA,8.61,NA,NA,11,NA
1872-05-29,NA,"0",NA,NA,NA,NA,11.24,NA,NA,NA,NA,NA,NA,81,NA,NA,11.44,-11.39,NA,12.78,19.17,NA,NA
1872-05-29 07:00:00,13.33,NA,"Ch6","Cl7",180,10.46,NA,"225",NA,1012.87,NA,NA,88,NA,NA,9.44,NA,NA,8.61,NA,NA,45,NA
1872-05-29 14:00:00,15.56,NA,"Ch0","Cl7",180,14.9,NA,NA,NA,1011.58,NA,NA,85,NA,NA,15.56,NA,NA,14.17,NA,NA,16,NA
1872-05-29 21:00:00,16.11,NA,"Ch0","Cl0",180,8.36,NA,NA,0,1012.8,NA,NA,71,NA,NA,9.44,NA,NA,7.22,NA,NA,40,NA
1872-05-30,NA,"imp",NA,NA,NA,NA,10.16,NA,NA,NA,NA,NA,NA,69,NA,NA,13.11,-8.89,NA,8.89,17.78,NA,NA
1872-05-30 07:00:00,14.44,NA,"Ch9","Cl7",247.5,9.55,NA,"270",NA,1013.55,NA,NA,72,NA,NA,11.11,NA,NA,8.89,NA,NA,12,NA
1872-05-30 14:00:00,16.11,NA,"Ch9","Cl0",270,9.62,NA,"270",NA,1013.28,NA,NA,49,NA,NA,17.22,NA,NA,11.94,NA,NA,20,NA
1872-05-30 21:00:00,17.78,NA,"Ch9","Cl0",315,11.31,NA,"315",NA,1020.39,NA,NA,86,NA,NA,11.11,NA,NA,10,NA,NA,5,NA
1872-05-31,NA,NA,NA,NA,NA,NA,9.99,NA,NA,NA,"10am","9:30pm",NA,95,NA,NA,7.78,-10,NA,3.89,11.67,NA,",ra,"
1872-05-31 07:00:00,15.28,NA,NA,"Cl7",157.5,10.87,NA,NA,NA,1015.65,NA,NA,89,NA,NA,10,NA,NA,9.17,NA,NA,1,",dz"
1872-05-31 14:00:00,15.56,NA,NA,"Cl7",90,10.46,NA,NA,NA,1008.87,NA,NA,96,NA,NA,8.33,NA,NA,8.06,NA,NA,45,",ra"
1872-05-31 21:00:00,12.78,NA,NA,"Cl7",0,8.7,NA,NA,NA,999.12,NA,NA,100,NA,NA,5.06,NA,NA,5,NA,NA,34,",ra"
1872-06-01,NA,"imp",NA,NA,NA,NA,8.87,NA,NA,NA,"r","empty",NA,85,NA,NA,7.67,-10.28,NA,4.17,11.67,NA,NA
1872-06-01 07:00:00,11.11,NA,"Ch0","Cl7",315,8.4,NA,NA,NA,1006.1,NA,NA,100,NA,NA,4.44,NA,NA,4.44,NA,NA,20,",ra"
1872-06-01 14:00:00,13.61,NA,"Cm8","Cl0",315,9.35,NA,"225",NA,1010.23,NA,NA,72,NA,NA,10.83,NA,NA,8.61,NA,NA,16,NA
1872-06-01 21:00:00,13.89,NA,"Cm8","Cl0",67.5,8.87,NA,"270",NA,1011.92,NA,NA,84,NA,NA,7.78,NA,NA,6.67,NA,NA,34,NA
1872-06-02,NA,NA,NA,NA,NA,NA,9.21,NA,NA,NA,"1:45 pm | 4:00 pm","3:00 pm | 7:00 pm",NA,96,NA,NA,6.39,-8.89,NA,3.89,12.78,NA,",gr"
1872-06-02 07:00:00,11.67,NA,"Cm8","Cl0",180,10.06,NA,"0",NA,1012.87,NA,NA,92,NA,NA,8.33,NA,NA,7.78,NA,NA,5,NA
1872-06-02 14:00:00,14.44,NA,"Ch0","Cl7",90,9.55,NA,NA,NA,1012.94,NA,NA,96,NA,NA,6.94,NA,NA,6.67,NA,NA,12,",ts"
1872-06-02 21:00:00,12.5,NA,"Ch0","Cl7",45,8.06,NA,NA,NA,1013.95,NA,NA,100,NA,NA,3.89,NA,NA,3.89,NA,NA,12,",ra"
1872-06-03,NA,NA,NA,NA,NA,NA,8.97,NA,NA,NA,"2:00 am","10:00 pm",NA,99,NA,NA,5.67,-13.44,NA,3.89,7.78,NA,NA
1872-06-03 07:00:00,10.56,NA,"Ch0","Cl7",45,9.58,NA,NA,NA,1010.23,NA,NA,100,NA,NA,6.39,NA,NA,6.39,NA,NA,15,",ra"
1872-06-03 14:00:00,11.11,NA,"Ch0","Cl7",45,8.67,NA,NA,NA,1010.57,NA,NA,96,NA,NA,5.56,NA,NA,5.28,NA,NA,15,",ts"
1872-06-03 21:00:00,10.56,NA,"Ch0","Cl7",337.5,8.7,NA,NA,NA,1008.87,NA,NA,100,NA,NA,5,NA,NA,5,NA,NA,15,",ts"
1872-06-04,NA,"iii",NA,NA,NA,NA,8.16,NA,NA,NA,"empty","empty",NA,85,NA,NA,6.5,-8.89,NA,3.61,12.5,NA,NA
1872-06-04 07:00:00,9.44,NA,"Ch0","Cl7",315,8.33,NA,NA,NA,1006.5,NA,NA,96,NA,NA,5,NA,NA,4.72,NA,NA,12,NA
1872-06-04 14:00:00,11.11,NA,"Cm8","Cl0",337.5,7.72,NA,"0",NA,1005.76,NA,NA,76,NA,NA,7.22,NA,NA,5.56,NA,NA,12,NA
1872-06-04 21:00:00,12.22,NA,"Ch0","Cl0",247.5,8.5,NA,NA,0,1005.49,NA,NA,84,NA,NA,7.22,NA,NA,6.11,NA,NA,16,NA
1872-06-05,NA,"imp",NA,NA,NA,NA,9.31,NA,NA,NA,"empty","empty",NA,68,NA,NA,12.06,-7.22,NA,6.67,17.22,NA,NA
1872-06-05 07:00:00,11.11,NA,"Cm8","Cl0",225,9.18,NA,"247.5",NA,1008.06,NA,NA,75,NA,NA,10,NA,NA,8.06,NA,NA,27,NA
1872-06-05 14:00:00,14.17,NA,"Ch0","Cl0",225,9.14,NA,NA,0,1011.18,NA,NA,48,NA,NA,16.67,NA,NA,11.39,NA,NA,34,NA
1872-06-05 21:00:00,15,NA,"Ch0","Cl7",90,9.62,NA,NA,NA,1013.95,NA,NA,81,NA,NA,9.44,NA,NA,8.06,NA,NA,20,NA
1872-06-06,NA,NA,NA,NA,NA,NA,12.36,NA,NA,NA,"1:00 am","9:00 am",NA,95,NA,NA,11.06,-10.56,NA,8.33,15.56,NA,NA
1872-06-06 07:00:00,13.06,NA,"Ch0","Cl7",90,11.34,NA,NA,NA,1011.24,NA,NA,100,NA,NA,8.89,NA,NA,8.89,NA,NA,18,",ra"
1872-06-06 14:00:00,15.56,NA,"Ch0","Cl7",90,13.78,NA,NA,NA,1011.04,NA,NA,87,NA,NA,13.89,NA,NA,12.78,NA,NA,45,NA
1872-06-06 21:00:00,16.11,NA,"Ch0","Cl7",90,11.99,NA,NA,NA,1012.53,NA,NA,96,NA,NA,10.39,NA,NA,10,NA,NA,12,NA
1872-06-07,NA,NA,NA,NA,NA,NA,13.85,NA,NA,NA,"9:00 pm","12:00 pm",NA,97,NA,NA,12.44,-12.5,NA,10.28,15.56,NA,NA
1872-06-07 07:00:00,14.44,NA,"Ch0","Cl7",90,13.14,NA,NA,NA,1012.53,NA,NA,100,NA,NA,11.22,NA,NA,11.11,NA,NA,16,",fg"
1872-06-07 14:00:00,15.56,NA,"Cm8","Cl0",315,15.1,NA,"225",NA,1010.9,NA,NA,91,NA,NA,14.72,NA,NA,13.89,NA,NA,20,NA
1872-06-07 21:00:00,15.56,NA,"Ch0","Cl7",180,13.38,NA,NA,NA,1009.21,NA,NA,100,NA,NA,11.39,NA,NA,11.39,NA,NA,0,",ts"
1872-06-08,NA,NA,NA,NA,NA,NA,13.31,NA,NA,NA,"0:00 am","5:00 am",NA,94,NA,NA,12.11,-11.39,NA,7.78,14.17,NA,NA
1872-06-08 07:00:00,14.44,NA,"Ch0","Cl7",315,11.99,NA,NA,NA,1009.01,NA,NA,96,NA,NA,10.28,NA,NA,10,NA,NA,11,NA
1872-06-08 14:00:00,15.56,NA,"Ch0","Cl7",180,14.76,NA,NA,NA,1008.47,NA,NA,94,NA,NA,13.89,NA,NA,13.33,NA,NA,2,NA
1872-06-08 21:00:00,16.11,NA,"Ch0","Cl7",135,13.17,NA,NA,NA,1007.72,NA,NA,93,NA,NA,12.22,NA,NA,11.67,NA,NA,2,NA
1872-06-09,NA,NA,NA,NA,NA,NA,9.24,NA,NA,NA,"11:00 pm | 0:00 am","12:00 pm | 4:00 am",NA,95,NA,NA,10.44,-12.5,NA,8.61,13.89,NA,NA
1872-06-09 07:00:00,13.89,NA,"Ch0","Cl7",0,1.39,NA,NA,NA,1001.69,NA,NA,100,NA,NA,9.17,NA,NA,9.17,NA,NA,34,NA
1872-06-09 14:00:00,16.67,NA,"Ch0","Cl7",337.5,13.48,NA,NA,NA,1003.12,NA,NA,90,NA,NA,13.33,NA,NA,12.61,NA,NA,14,NA
1872-06-09 21:00:00,16.67,NA,"Ch0","Cl7",0,12.6,NA,NA,NA,1008.2,NA,NA,96,NA,NA,8.89,NA,NA,8.61,NA,NA,16,NA
1872-06-10,NA,NA,NA,NA,NA,NA,11.28,NA,NA,NA,"8:00 pm | 5:00 pm","11:00 pm | 12:00 pm",NA,92,NA,NA,10.11,-11.39,NA,7.22,13.61,NA,NA
1872-06-10 07:00:00,15,NA,"Ch0","Cl7",0,11.55,NA,NA,NA,1010.77,NA,NA,96,NA,NA,9.72,NA,NA,9.44,NA,NA,16,NA
1872-06-10 14:00:00,15,NA,"Ch0","Cl7",90,11.82,NA,NA,NA,1010.43,NA,NA,80,NA,NA,12.78,NA,NA,11.11,NA,NA,15,NA
1872-06-10 21:00:00,13.33,NA,"Ch0","Cl7",90,10.53,NA,NA,NA,1009.55,NA,NA,100,NA,NA,7.78,NA,NA,7.78,NA,NA,20,",ts"
1872-06-11,NA,NA,NA,NA,NA,NA,14.9,NA,NA,NA,"0:00 am","7:30 am",NA,92,NA,NA,14.33,-6.11,NA,7.22,18.89,NA,NA
1872-06-11 07:00:00,13.89,NA,"Ch0","Cl7",180,13.68,NA,NA,NA,1001.49,NA,NA,93,NA,NA,12.78,NA,NA,12.22,NA,NA,11,",ts"
1872-06-11 14:00:00,16.11,NA,"Ch0","Cl7",270,15.85,NA,NA,NA,999.05,NA,NA,82,NA,NA,16.94,NA,NA,15.28,NA,NA,5,NA
1872-06-11 21:00:00,17.78,NA,"Ch0","Cl7",270,15.2,NA,NA,NA,1001.42,NA,NA,100,NA,NA,13.33,NA,NA,13.33,NA,NA,5,",ts"
1872-06-12,NA,NA,NA,NA,NA,NA,10.8,NA,NA,NA,"9:00 pm | 0:00 am","12:00 pm | 5:00 am",NA,90,NA,NA,9.72,-11.67,NA,7.78,13.89,NA,NA
1872-06-12 07:00:00,15.83,NA,"Ch0","Cl7",315,10.06,NA,NA,NA,1005.15,NA,NA,92,NA,NA,8.33,NA,NA,7.78,NA,NA,18,NA
1872-06-12 14:00:00,16.11,NA,"Ch0","Cl7",315,11.07,NA,NA,NA,1008.87,NA,NA,86,NA,NA,10.83,NA,NA,9.72,NA,NA,15,NA
1872-06-12 21:00:00,15,NA,"Ch0","Cl7",90,11.34,NA,NA,NA,1010.57,NA,NA,93,NA,NA,10,NA,NA,9.44,NA,NA,16,NA
1872-06-13,NA,NA,NA,NA,NA,NA,12.8,NA,NA,NA,"1:00 am","4:00 am",NA,82,NA,NA,13.78,-5.56,NA,7.22,19.44,NA,NA
1872-06-13 07:00:00,12.78,NA,"Ch0","Cl7",180,10.7,NA,NA,NA,1007.79,NA,NA,92,NA,NA,9.17,NA,NA,8.61,NA,NA,18,NA
1872-06-13 14:00:00,14.44,NA,"Ch0","Cl0",292.5,13.78,NA,NA,0,1005.28,NA,NA,64,NA,NA,18.89,NA,NA,15,NA,NA,34,NA
1872-06-13 21:00:00,16.67,NA,"Ch0","Cl0",0,13.99,NA,NA,0,1008.53,NA,NA,90,NA,NA,13.33,NA,NA,12.78,NA,NA,0,NA
1872-06-14,NA,NA,NA,NA,NA,NA,13.21,NA,NA,NA,"empty","empty",NA,85,NA,NA,13.78,-10.83,NA,10.83,17.78,NA,NA
1872-06-14 07:00:00,15,NA,"Ch0","Cl7",180,12.53,NA,NA,NA,1009.01,NA,NA,84,NA,NA,12.94,NA,NA,11.67,NA,NA,2,NA
1872-06-14 14:00:00,16.67,NA,"Ch0","Cl7",180,12.97,NA,NA,NA,1007.52,NA,NA,71,NA,NA,16.11,NA,NA,13.33,NA,NA,5,NA
1872-06-14 21:00:00,15.56,NA,"Ch0","Cl7",202.5,14.16,NA,NA,NA,1003.18,NA,NA,100,NA,NA,12.22,NA,NA,12.22,NA,NA,2,NA
1872-06-15,NA,"iv",NA,NA,NA,NA,14.76,NA,NA,NA,"2:00 am","5:00 am",NA,84,NA,NA,15.83,-7.78,NA,12.22,22.22,NA,NA
1872-06-15 07:00:00,15,NA,"Ch0","Cl7",180,14.63,NA,NA,NA,1002.44,NA,NA,97,NA,NA,13.33,NA,NA,13.06,NA,NA,1,NA
1872-06-15 14:00:00,17.78,NA,"Ch9","Cl0",247.5,15.65,NA,"270",NA,1003.25,NA,NA,65,NA,NA,20.56,NA,NA,16.67,NA,NA,13,NA
1872-06-15 21:00:00,18.33,NA,"Ch6","Cl0",202.5,13.99,NA,"270",NA,1009.14,NA,NA,90,NA,NA,13.61,NA,NA,12.78,NA,NA,2,NA
1872-06-16,NA,"imp",NA,NA,NA,NA,13.68,NA,NA,NA,"empty","empty",NA,77,NA,NA,16.72,-9.17,NA,12.78,21.39,NA,NA
1872-06-16 07:00:00,16.11,NA,"Ch8","Cl0",247.5,13.92,NA,"270",NA,1012.94,NA,NA,79,NA,NA,15.56,NA,NA,13.5,NA,NA,0,NA
1872-06-16 14:00:00,20.56,NA,"Ch6","Cl0",0,14.63,NA,"270",NA,1013.95,NA,NA,59,NA,NA,21.11,NA,NA,16.39,NA,NA,11,NA
1872-06-16 21:00:00,18.33,NA,"Cm8","Cl0",45,12.53,NA,"270",NA,1016.26,NA,NA,84,NA,NA,13.5,NA,NA,11.67,NA,NA,0,",dz"
1872-06-17,NA,"0",NA,NA,NA,NA,12.09,NA,NA,NA,"empty","empty",NA,75,NA,NA,14.39,-10,NA,11.11,18.89,NA,NA
1872-06-17 07:00:00,16.67,NA,"Ch0","Cl7",67.5,13.55,NA,NA,NA,1026.41,NA,NA,57,NA,NA,14.06,NA,NA,12.78,NA,NA,0,",ra"
1872-06-17 14:00:00,16.11,NA,"Cm8","Cl0",67.5,11.62,NA,"270",NA,1017.47,NA,NA,83,NA,NA,17.78,NA,NA,13.33,NA,NA,45,NA
1872-06-17 21:00:00,18.06,NA,"Cm8","Cl0",67.5,11.11,NA,"270",NA,1017.68,NA,NA,75,NA,NA,11.39,NA,NA,10,NA,NA,5,",ra"
1872-06-18,NA,"iii",NA,NA,NA,NA,13,NA,NA,NA,"empty","empty",NA,81,NA,NA,14.28,-5.28,NA,8.89,21.39,NA,NA
1872-06-18 07:00:00,16.94,NA,"Ch6","Cl0",90,12.8,NA,"270",NA,1018.08,NA,NA,81,NA,NA,13.89,NA,NA,12.22,NA,NA,0,",ra"
1872-06-18 14:00:00,18.33,NA,"Ch0","Cl7",0,13.48,NA,NA,NA,1019.03,NA,NA,74,NA,NA,16.11,NA,NA,13.61,NA,NA,2,NA
1872-06-18 21:00:00,17.22,NA,"Ch0","Cl0",180,12.73,NA,NA,0,1018.9,NA,NA,87,NA,NA,12.78,NA,NA,11.67,NA,NA,2,",ra"
1872-06-19,NA,"imp",NA,NA,NA,NA,13.61,NA,NA,NA,"empty","empty",NA,73,NA,NA,16.56,-3.06,NA,9.44,24.17,NA,",lt"
1872-06-19 07:00:00,16.94,NA,"Ch0","Cl0",202.5,13.65,NA,NA,0,1019.71,NA,NA,79,NA,NA,15.17,NA,NA,13.33,NA,NA,0,",ra"
1872-06-19 14:00:00,17.22,NA,"Ch9","Cl0",90,13.78,NA,NA,0,1019.3,NA,NA,64,NA,NA,18.89,NA,NA,15,NA,NA,15,NA
1872-06-19 21:00:00,18.33,NA,"Ch9","Cl0",67.5,13.41,NA,"0",NA,1021.74,NA,NA,76,NA,NA,15.56,NA,NA,13.33,NA,NA,20,",lt"
1872-06-20,NA,"0",NA,NA,NA,NA,12.83,NA,NA,NA,"empty","empty",NA,50,NA,NA,19.06,-3.89,NA,11.11,25,NA,NA
1872-06-20 07:00:00,19.17,NA,"Ch0","Cl0",180,14.32,NA,NA,0,1024.79,NA,NA,75,NA,NA,16.94,NA,NA,14.44,NA,NA,2,",ra"
1872-06-20 14:00:00,21.11,NA,"Ch0","Cl0",225,12.8,NA,NA,0,1023.71,NA,NA,11,NA,NA,24.72,NA,NA,16.94,NA,NA,34,NA
1872-06-20 21:00:00,18.89,NA,"Cm8","Cl0",180,11.45,NA,"270",NA,1023.77,NA,NA,65,NA,NA,15.56,NA,NA,12.22,NA,NA,20,NA
1872-06-21,NA,"iii",NA,NA,NA,NA,16.19,NA,NA,NA,"empty","empty",NA,66,NA,NA,20.56,-4.72,NA,13.89,26.94,NA,",fu,"
1872-06-21 07:00:00,18.33,NA,"Ch6","Cl0",225,12.56,NA,NA,0,1019.71,NA,NA,64,NA,NA,17.22,NA,NA,13.61,NA,NA,20,NA
1872-06-21 14:00:00,21.67,NA,"Ch0","Cl0",202.5,21.16,NA,NA,0,1016.73,NA,NA,65,NA,NA,25.56,NA,NA,21.11,NA,NA,15,NA
1872-06-21 21:00:00,20.56,NA,"Ch0","Cl0",112.5,14.83,NA,NA,0,1015.65,NA,NA,68,NA,NA,18.89,NA,NA,15.56,NA,NA,14,NA
1872-06-22,NA,"imp",NA,NA,NA,NA,17.41,NA,NA,NA,"empty","empty",NA,87,NA,NA,18.44,-13.06,NA,16.11,20.83,NA,NA
1872-06-22 07:00:00,21.11,NA,"Ch0","Cl7",90,16.32,NA,NA,NA,1015.65,NA,NA,72,NA,NA,19.72,NA,NA,16.67,NA,NA,20,NA
1872-06-22 14:00:00,20.56,NA,"Ch0","Cl7",0,18.83,NA,NA,NA,1016.32,NA,NA,84,NA,NA,19.44,NA,NA,17.78,NA,NA,20,NA
1872-06-22 21:00:00,19.44,NA,"Ch0","Cl7",90,17.1,NA,NA,NA,1021.06,NA,NA,94,NA,NA,16.11,NA,NA,15.56,NA,NA,0,",ra"
1872-06-23,NA,"0",NA,NA,NA,NA,18.46,NA,NA,NA,"during night","during night",NA,92,NA,NA,17.78,-9.61,NA,13.5,21.67,NA,",fg,"
1872-06-23 07:00:00,17.78,NA,"Ch0","Cl7",90,16.69,NA,NA,NA,1017.61,NA,NA,97,NA,NA,15.56,NA,NA,15,NA,NA,5,",fg"
1872-06-23 14:00:00,20.28,NA,"Ch0","Cl7",90,20.28,NA,NA,NA,1017.34,NA,NA,85,NA,NA,20.56,NA,NA,18.89,NA,NA,20,NA
1872-06-23 21:00:00,20,NA,"Ch8","Cl0",180,18.35,NA,NA,0,1017.47,NA,NA,94,NA,NA,17.22,NA,NA,16.67,NA,NA,2,",ra"
1872-06-24,NA,"0",NA,NA,NA,NA,19.54,NA,NA,NA,"3:00 pm","5:00 pm",NA,84,NA,NA,20.11,-8.33,NA,15,24.44,NA,",ra"
1872-06-24 07:00:00,18.33,NA,"Ch0","Cl0",202.5,19.07,NA,NA,0,1016.59,NA,NA,87,NA,NA,19.17,NA,NA,17.78,NA,NA,1,",ra"
1872-06-24 14:00:00,23.33,NA,"Cm8","Cl0",90,20.93,NA,"270",NA,1015.92,NA,NA,76,NA,NA,22.78,NA,NA,20,NA,NA,45,NA
1872-06-24 21:00:00,20.83,NA,"Ch0","Cl6",180,18.59,NA,NA,NA,1014.97,NA,NA,89,NA,NA,18.33,NA,NA,17.22,NA,NA,5,NA
1872-06-25,NA,"imp",NA,NA,NA,NA,19.03,NA,NA,NA,"empty","empty",NA,92,NA,NA,17.89,-3.89,NA,10.56,24.44,NA,",fg,"
1872-06-25 07:00:00,20.56,NA,"Cm8","Cl0",202.5,21.2,NA,NA,0,1014.97,NA,NA,95,NA,NA,19.44,NA,NA,18.89,NA,NA,0,NA
1872-06-25 14:00:00,22.78,NA,"Ch6","Cl0",90,22.99,NA,"90",NA,1016.32,NA,NA,81,NA,NA,23.33,NA,NA,21.11,NA,NA,0,NA
1872-06-25 21:00:00,19.44,NA,"Ch0","Cl7",90,12.87,NA,NA,NA,1020.05,NA,NA,100,NA,NA,10.83,NA,NA,10.83,NA,NA,20,NA
1872-06-26,NA,"0",NA,NA,NA,NA,13.58,NA,NA,NA,"empty","empty",NA,88,NA,NA,13.56,-12.22,NA,9.44,15,NA,NA
1872-06-26 07:00:00,17.22,NA,"Ch0","Cl7",90,13.55,NA,NA,NA,1022.42,NA,NA,84,NA,NA,14.17,NA,NA,12.78,NA,NA,34,NA
1872-06-26 14:00:00,17.78,NA,"Ch0","Cl7",90,13.99,NA,NA,NA,1021.74,NA,NA,90,NA,NA,13.72,NA,NA,12.78,NA,NA,16,NA
1872-06-26 21:00:00,16.11,NA,"Ch0","Cl0",180,13.21,NA,NA,0,1020.05,NA,NA,90,NA,NA,12.78,NA,NA,11.94,NA,NA,16,NA
1872-06-27,NA,"0",NA,NA,NA,NA,16.12,NA,NA,NA,"empty","empty",NA,81,NA,NA,17.33,-4.89,NA,9.17,22.06,NA,NA
1872-06-27 07:00:00,17.22,NA,"Ch0","Cl0",247.5,12.8,NA,NA,0,1018.02,NA,NA,81,NA,NA,13.89,NA,NA,12.22,NA,NA,20,NA
1872-06-27 14:00:00,20.56,NA,"Cm8","Cl0",90,19.2,NA,"225",NA,1017.68,NA,NA,77,NA,NA,21.11,NA,NA,18.61,NA,NA,34,NA
1872-06-27 21:00:00,19.44,NA,"Cm8","Cl0",67.5,16.42,NA,"90",NA,1018.96,NA,NA,86,NA,NA,16.94,NA,NA,15.56,NA,NA,20,NA
1872-06-28,NA,"0",NA,NA,NA,NA,17.1,NA,NA,NA,"empty","empty",NA,80,NA,NA,18.5,-9.17,NA,14.44,23.06,NA,NA
1872-06-28 07:00:00,19.44,NA,"Cm8","Cl0",202.5,18.83,NA,NA,0,1020.05,NA,NA,84,NA,NA,19.44,NA,NA,17.78,NA,NA,1,NA
1872-06-28 14:00:00,22.22,NA,NA,"Cl4",90,19.54,NA,"270",NA,1019.3,NA,NA,4,NA,NA,20,NA,NA,18.33,NA,NA,45,NA
1872-06-28 21:00:00,19.17,NA,"Ch0","Cl4",180,12.97,NA,NA,NA,1018.63,NA,NA,71,NA,NA,16.11,NA,NA,13.33,NA,NA,16,NA
1872-06-29,NA,"iv",NA,NA,NA,NA,17.78,NA,NA,NA,"empty","empty",NA,80,NA,NA,18.89,-5.28,NA,12.22,24.72,NA,",lt"
1872-06-29 07:00:00,16.94,NA,"Ch0","Cl7",270,11.89,NA,NA,NA,1015.65,NA,NA,70,NA,NA,15,NA,NA,12.22,NA,NA,5,NA
1872-06-29 14:00:00,21.67,NA,"Ch0","Cl4",225,21.71,NA,NA,NA,1013.41,NA,NA,76,NA,NA,23.33,NA,NA,20.56,NA,NA,20,NA
1872-06-29 21:00:00,21.11,NA,"Ch0","Cl0",202.5,19.74,NA,NA,NA,1012.94,NA,NA,94,NA,NA,18.33,NA,NA,17.78,NA,NA,20,NA
1872-06-30,NA,"0",NA,NA,NA,NA,19.67,NA,NA,NA,"empty","empty",NA,65,NA,NA,24.28,-5,NA,16.11,28.89,NA,NA
1872-06-30 07:00:00,22.5,NA,"Ch6","Cl0",292.5,18.63,NA,NA,0,1015.92,NA,NA,75,NA,NA,21.11,NA,NA,18.33,NA,NA,20,NA
1872-06-30 14:00:00,26.11,NA,"Ch6","Cl0",0,21.3,NA,NA,0,1012.53,NA,NA,55,NA,NA,28.61,NA,NA,22.22,NA,NA,11,NA
1872-06-30 21:00:00,24.72,NA,"Ch0","Cl6",180,19.13,NA,NA,NA,1011.58,NA,NA,64,NA,NA,23.06,NA,NA,19.72,NA,NA,2,NA
1872-07-01,NA,"imp",NA,NA,NA,NA,20.59,NA,NA,NA,"1:30pm | 3:30pm","1:45pm | 6:00pm",NA,87,NA,NA,20.28,-5.28,NA,15,27.5,NA,",ts"
1872-07-01 07:00:00,25,NA,"Ch6","Cl0",225,20.93,NA,NA,0,1008.2,NA,NA,76,NA,NA,22.78,NA,NA,20,NA,NA,11,NA
1872-07-01 14:00:00,25,NA,"Cm8","Cl0",0,24.75,NA,"270",NA,1004.81,NA,NA,90,NA,NA,22.78,NA,NA,21.67,NA,NA,34,",ra"
1872-07-01 21:00:00,22.22,NA,"Ch0","Cl7",337.5,16.15,NA,NA,NA,1007.32,NA,NA,94,NA,NA,15.28,NA,NA,14.72,NA,NA,45,NA
1872-07-02,NA,"0",NA,NA,NA,NA,11.99,NA,NA,NA,NA,NA,NA,74,NA,NA,14.56,-10.83,NA,11.11,18.06,NA,NA
1872-07-02 07:00:00,20.56,NA,"Cm8","Cl0",90,13.65,NA,NA,0,1010.23,NA,NA,79,NA,NA,15.28,NA,NA,13.33,NA,NA,16,NA
1872-07-02 14:00:00,18.89,NA,"Cm8","Cl0",90,11.07,NA,"270",NA,1011.11,NA,NA,57,NA,NA,17.22,NA,NA,12.78,NA,NA,15,NA
1872-07-02 21:00:00,16.67,NA,"Ch0","Cl0",90,11.31,NA,NA,0,1012.8,NA,NA,86,NA,NA,11.11,NA,NA,10,NA,NA,11,NA
1872-07-03,NA,"imp",NA,NA,NA,NA,12.09,NA,NA,NA,NA,NA,NA,62,NA,NA,17.61,-1.67,NA,6.67,22.78,NA,NA
1872-07-03 07:00:00,17.22,NA,"Ch0","Cl0",180,11.38,NA,NA,0,1013.95,NA,NA,70,NA,NA,14.44,NA,NA,11.67,NA,NA,2,",dz"
1872-07-03 14:00:00,21.11,NA,"Ch0","Cl4",247.5,13.88,NA,NA,NA,1011.92,NA,NA,54,NA,NA,22.22,NA,NA,16.39,NA,NA,16,NA
1872-07-03 21:00:00,18.61,NA,"Ch0","Cl7",225,11.01,NA,NA,NA,1011.92,NA,NA,61,NA,NA,16.11,NA,NA,12.22,NA,NA,45,NA
1872-07-04,NA,"0",NA,NA,NA,NA,19.54,NA,NA,NA,NA,NA,NA,73,NA,NA,22.78,-3.44,NA,15.28,29.61,NA,NA
1872-07-04 07:00:00,17.78,NA,"Ch0","Cl7",225,16.25,NA,NA,NA,1005.49,NA,NA,81,NA,NA,17.78,NA,NA,15.83,NA,NA,45,NA
1872-07-04 14:00:00,23.89,NA,"Ch0","Cl0",247.5,22.35,NA,NA,0,1004.47,NA,NA,56,NA,NA,29.44,NA,NA,23.06,NA,NA,12,NA
1872-07-04 21:00:00,23.06,NA,"Ch0","Cl0",225,20.05,NA,NA,0,1008.06,NA,NA,82,NA,NA,21.11,NA,NA,19.17,NA,NA,5,NA
1872-07-05,NA,"iv",NA,NA,NA,NA,21.4,NA,NA,NA,NA,NA,NA,86,NA,NA,21.28,-9.72,NA,18.33,26.39,NA,NA
1872-07-05 07:00:00,21.11,NA,"Ch0","Cl7",180,21.5,NA,NA,NA,1009.14,NA,NA,90,NA,NA,20.56,NA,NA,19.44,NA,NA,11,NA
1872-07-05 14:00:00,23.89,NA,"Ch0","Cl4",247.5,22.32,NA,NA,NA,1010.09,NA,NA,75,NA,NA,24.44,NA,NA,21.39,NA,NA,20,NA
1872-07-05 21:00:00,21.67,NA,"Ch0","Cl0",202.5,20.45,NA,NA,NA,1009.89,NA,NA,94,NA,NA,18.89,NA,NA,18.33,NA,NA,45,NA
1872-07-06,NA,"iii",NA,NA,NA,NA,19.03,NA,NA,NA,NA,NA,NA,80,NA,NA,20.72,-7.22,NA,17.22,27.78,NA,",au"
1872-07-06 07:00:00,22.22,NA,"Cm8","Cl0",202.5,19.54,NA,"270",NA,1011.24,NA,NA,84,NA,NA,20,NA,NA,18.33,NA,NA,16,NA
1872-07-06 14:00:00,23.89,NA,"Ch9","Cl0",0,18.76,NA,"270",NA,1012.26,NA,NA,64,NA,NA,23.89,NA,NA,19.44,NA,NA,5,NA
1872-07-06 21:00:00,22.22,NA,"Ch0","Cl0",90,18.83,NA,NA,0,1012.94,NA,NA,92,NA,NA,18.33,NA,NA,17.5,NA,NA,1,NA
1872-07-07,NA,"0",NA,NA,NA,NA,17.14,NA,NA,NA,"7:30pm","3:45pm",NA,68,NA,NA,22.33,-5.28,NA,15.56,28.06,NA,",ra"
1872-07-07 07:00:00,23.33,NA,"Ch0","Cl0",247.5,17.71,NA,NA,0,1013.28,NA,NA,73,NA,NA,21.11,NA,NA,18.06,NA,NA,5,NA
1872-07-07 14:00:00,25,NA,"Cm8","Cl0",315,16.05,NA,"270",NA,1012.73,NA,NA,45,NA,NA,27.22,NA,NA,19.44,NA,NA,34,NA
1872-07-07 21:00:00,22.78,NA,"Ch0","Cl0",225,17.68,NA,NA,0,1015.1,NA,NA,86,NA,NA,18.61,NA,NA,16.67,NA,NA,2,NA
1872-07-08,NA,"0",NA,NA,NA,NA,14.7,NA,NA,NA,NA,NA,NA,75,NA,NA,17.78,-3.89,NA,14.44,28.33,NA,NA
1872-07-08 07:00:00,22.22,NA,"Ch0","Cl0",315,16.63,NA,NA,0,1020.59,NA,NA,88,NA,NA,16.67,NA,NA,15.56,NA,NA,45,NA
1872-07-08 14:00:00,22.22,NA,"Ch0","Cl0",292.5,13.21,NA,NA,0,1022.42,NA,NA,50,NA,NA,22.22,NA,NA,16.11,NA,NA,2,NA
1872-07-08 21:00:00,20,NA,"Ch0","Cl0",45,14.29,NA,NA,0,1022.42,NA,NA,88,NA,NA,14.44,NA,NA,13.33,NA,NA,1,NA
1872-07-09,NA,"0",NA,NA,NA,NA,16.76,NA,NA,NA,NA,NA,NA,71,NA,NA,20.17,-6.67,NA,17.78,28.89,NA,NA
1872-07-09 07:00:00,20,NA,"Ch6","Cl0",225,15.27,NA,"225",NA,1022.42,NA,NA,73,NA,NA,18.33,NA,NA,15.56,NA,NA,11,NA
1872-07-09 14:00:00,22.78,NA,"Ch6","Ch6",180,18.46,NA,"270",NA,1021.33,NA,NA,67,NA,NA,22.78,NA,NA,18.89,NA,NA,2,NA
1872-07-09 21:00:00,21.11,NA,"Ch0","Cl6",270,16.56,NA,NA,NA,1019.64,NA,NA,74,NA,NA,19.44,NA,NA,16.67,NA,NA,0,NA
1872-07-10,NA,"imp",NA,NA,NA,NA,20.01,NA,NA,NA,"empty","empty",NA,75,NA,NA,22.06,-6.83,NA,16.11,27.06,NA,",lt"
1872-07-10 07:00:00,20,NA,"Ch0","Cl7",202.5,16.56,NA,NA,NA,1017.47,NA,NA,74,NA,NA,19.44,NA,NA,16.67,NA,NA,5,NA
1872-07-10 14:00:00,22.22,NA,"Ch0","Cl7",202.5,22.96,NA,NA,NA,1014.29,NA,NA,73,NA,NA,25,NA,NA,21.67,NA,NA,20,NA
1872-07-10 21:00:00,23.06,NA,"Ch0","Cl7",225,20.59,NA,NA,NA,1010.84,NA,NA,80,NA,NA,21.67,NA,NA,19.44,NA,NA,16,NA
1872-07-11,NA,"0",NA,NA,NA,NA,23.37,NA,NA,NA,"3:00am","7:00am",NA,89,NA,NA,21.28,-10.28,NA,18.89,26.39,NA,",ts"
1872-07-11 07:00:00,21.67,NA,"Ch0","Cl7",225,21.44,NA,NA,NA,1004.88,NA,NA,97,NA,NA,19.17,NA,NA,18.89,NA,NA,2,",ra"
1872-07-11 14:00:00,23.89,NA,"Ch6","Cl2",292.5,24.31,NA,"270",NA,1003.25,NA,NA,77,NA,NA,25,NA,NA,22.22,NA,NA,15,NA
1872-07-11 21:00:00,22.5,NA,"Cm8","Cl0",0,20.96,NA,NA,0,1005.76,NA,NA,92,NA,NA,19.72,NA,NA,18.89,NA,NA,1,NA
1872-07-12,NA,"0",NA,NA,NA,NA,19.4,NA,NA,NA,NA,NA,NA,79,NA,NA,20.78,-5.56,NA,15.56,27.78,NA,NA
1872-07-12 07:00:00,21.39,NA,"Ch0","Cl0",202.5,19.95,NA,NA,0,1007.45,NA,NA,97,NA,NA,19.06,NA,NA,17.78,NA,NA,0,",ra"
1872-07-12 14:00:00,24.44,NA,"Ch6","Cl0",90,21.88,NA,"315",NA,1007.45,NA,NA,71,NA,NA,24.72,NA,NA,21.11,NA,NA,27,NA
1872-07-12 21:00:00,22.22,NA,"Ch0","Cl0",180,16.36,NA,NA,0,1006.91,NA,NA,78,NA,NA,18.61,NA,NA,16.39,NA,NA,1,NA
1872-07-13,NA,"0",NA,NA,NA,NA,15.68,NA,NA,NA,"5:00am","7:00am",NA,92,NA,NA,15.11,-10.56,NA,13.33,20.56,NA,NA
1872-07-13 07:00:00,20.56,NA,"Ch0","Cl7",292.5,18.83,NA,NA,NA,1006.64,NA,NA,100,NA,NA,16.67,NA,NA,16.67,NA,NA,34,",ra"
1872-07-13 14:00:00,18.89,NA,"Ch0","Cl7",315,14.76,NA,NA,NA,1008.87,NA,NA,80,NA,NA,16.39,NA,NA,14.44,NA,NA,12,NA
1872-07-13 21:00:00,18.06,NA,"Ch0","Cl7",315,13.41,NA,NA,NA,1008.87,NA,NA,97,NA,NA,12.22,NA,NA,11.94,NA,NA,1,NA
1872-07-14,NA,"imp",NA,NA,NA,NA,13.14,NA,NA,NA,"10:55pm | 10:30pm","11:10pm | 10:45pm",NA,68,NA,NA,17.94,-6.67,NA,12.78,23.89,NA,NA
1872-07-14 07:00:00,11.39,NA,"Ch0","Cl6",270,15.31,NA,NA,NA,1014.97,NA,NA,94,NA,NA,14.44,NA,NA,13.89,NA,NA,1,NA
1872-07-14 14:00:00,21.11,NA,"Ch0","Cl6",225,11.07,NA,NA,NA,1014.97,NA,NA,42,NA,NA,22.22,NA,NA,15,NA,NA,5,NA
1872-07-14 21:00:00,19.44,NA,"Ch0","Cl7",225,13.07,NA,NA,NA,1011.58,NA,NA,67,NA,NA,17.22,NA,NA,13.89,NA,NA,1,NA
1872-07-15,NA,"imp",NA,NA,NA,NA,17.81,NA,NA,NA,NA,NA,NA,76,NA,NA,20.39,-7.22,NA,15,25.56,NA,",sh"
1872-07-15 07:00:00,19.44,NA,"Ch6","Cl0",225,15.14,NA,"225",NA,1014.7,NA,NA,78,NA,NA,17.22,NA,NA,15,NA,NA,1,NA
1872-07-15 14:00:00,23.06,NA,"Ch0","Cl4",225,19.23,NA,NA,NA,1014.9,NA,NA,68,NA,NA,23.33,NA,NA,19.44,NA,NA,1,NA
1872-07-15 21:00:00,22.22,NA,"Ch9","Cl0",225,19.1,NA,"225",NA,1008.2,NA,NA,80,NA,NA,20.56,NA,NA,18.33,NA,NA,5,NA
1872-07-16,NA,"imp",NA,NA,NA,NA,14.73,NA,NA,NA,NA,NA,NA,78,NA,NA,16.83,-12.5,NA,13.89,19.17,NA,NA
1872-07-16 07:00:00,20.56,NA,"Ch0","Cl7",90,14.87,NA,NA,NA,1008.13,NA,NA,88,NA,NA,15,NA,NA,13.89,NA,NA,1,NA
1872-07-16 14:00:00,19.44,NA,"Cm8","Cl0",90,14.83,NA,NA,0,1011.72,NA,NA,68,NA,NA,18.89,NA,NA,15.56,NA,NA,40,NA
1872-07-16 21:00:00,18.89,NA,"Ch0","Cl7",180,14.53,NA,NA,NA,1012.53,NA,NA,77,NA,NA,16.67,NA,NA,14.44,NA,NA,40,NA
1872-07-17,NA,"imp",NA,NA,NA,NA,11.99,NA,NA,NA,NA,NA,NA,56,NA,NA,18.44,-10.56,NA,15.28,22.5,NA,NA
1872-07-17 07:00:00,17.78,NA,"Ch0","Cl0",135,11.07,NA,NA,0,1012.53,NA,NA,57,NA,NA,17.22,NA,NA,12.78,NA,NA,5,NA
1872-07-17 14:00:00,20.56,NA,NA,"Cl4",90,15.44,NA,NA,NA,1013,NA,NA,63,NA,NA,20.83,NA,NA,16.67,NA,NA,20,NA
1872-07-17 21:00:00,19.17,NA,"Ch0","Cl4",135,9.45,NA,NA,NA,1014.29,NA,NA,46,NA,NA,17.22,NA,NA,12.5,NA,NA,27,NA
1872-07-18,NA,"0",NA,NA,NA,NA,26.38,NA,NA,NA,NA,NA,NA,74,NA,NA,18.44,-6.94,NA,13.89,24.72,NA,NA
1872-07-18 07:00:00,16.94,NA,"Ch0","Cl4",180,12.5,NA,NA,NA,1015.37,NA,NA,66,NA,NA,16.67,NA,NA,13.33,NA,NA,0,NA
1872-07-18 14:00:00,21.11,NA,"Ch0","Cl0",90,24.55,NA,NA,0,1014.29,NA,NA,88,NA,NA,23.06,NA,NA,21.67,NA,NA,20,NA
1872-07-18 21:00:00,18.89,NA,"Cm8","Ch6",180,11.68,NA,NA,NA,1013.41,NA,NA,68,NA,NA,15.56,NA,NA,12.5,NA,NA,45,NA
1872-07-19,NA,"imp",NA,NA,NA,NA,19.67,NA,NA,NA,"9:30am","10:00pm",NA,90,NA,NA,19.28,-10.56,NA,13.33,20.56,NA,NA
1872-07-19 07:00:00,18.33,NA,"Ch0","Cl7",180,17.03,NA,NA,NA,1010.5,NA,NA,86,NA,NA,17.78,NA,NA,16.39,NA,NA,34,NA
1872-07-19 14:00:00,20.56,NA,"Ch0","Cl7",180,20.52,NA,NA,NA,1008.13,NA,NA,87,NA,NA,20.56,NA,NA,19.17,NA,NA,5,",ra"
1872-07-19 21:00:00,21.11,NA,"Ch0","Cl7",180,21.44,NA,NA,NA,1008.33,NA,NA,97,NA,NA,19.44,NA,NA,18.89,NA,NA,0,NA
1872-07-20,NA,"ii",NA,NA,NA,NA,18.15,NA,NA,NA,"12:30pm","2:30pm",NA,99,NA,NA,16.22,-13.06,NA,14.44,19.17,NA,NA
1872-07-20 07:00:00,20,NA,"Ch0","Cl7",180,19.51,NA,NA,NA,1009.48,NA,NA,100,NA,NA,17.22,NA,NA,17.22,NA,NA,34,",fg"
1872-07-20 14:00:00,19.44,NA,"Ch0","Cl7",90,18.59,NA,NA,NA,1011.51,NA,NA,97,NA,NA,16.94,NA,NA,16.67,NA,NA,27,",ra"
1872-07-20 21:00:00,18.33,NA,"Ch0","Cl7",270,16.32,NA,NA,0,1013.75,NA,NA,100,NA,NA,14.44,NA,NA,14.44,NA,NA,1,NA
1872-07-21,NA,"imp",NA,NA,NA,NA,15.81,NA,NA,NA,NA,NA,NA,67,NA,NA,20.94,-4.44,NA,13.89,27.22,NA,NA
1872-07-21 07:00:00,20,NA,"Ch0","Cl0",225,15.27,NA,NA,0,1015.51,NA,NA,73,NA,NA,18.33,NA,NA,15.56,NA,NA,2,NA
1872-07-21 14:00:00,23.33,NA,"Ch9","Cl4",270,16.05,NA,"0",NA,1016.39,NA,NA,45,NA,NA,27.22,NA,NA,19.44,NA,NA,34,NA
1872-07-21 21:00:00,18.33,NA,"Cm8","Cl0",180,16.19,NA,"270",NA,1012.53,NA,NA,83,NA,NA,17.22,NA,NA,15.56,NA,NA,5,NA
1872-07-22,NA,"imp",NA,NA,NA,NA,19.3,NA,NA,NA,"12:30pm","10:00pm",NA,90,NA,NA,19.06,-5.56,NA,15,27.22,NA,NA
1872-07-22 07:00:00,20,NA,"Ch6","Ch6",180,18.15,NA,"270",NA,1011.58,NA,NA,77,NA,NA,20.56,NA,NA,18.06,NA,NA,11,NA
1872-07-22 14:00:00,21.94,NA,"Ch0","Cl7",292.5,20.96,NA,NA,NA,1006.03,NA,NA,92,NA,NA,20,NA,NA,19.28,NA,NA,5,",ra"
1872-07-22 21:00:00,20,NA,"Ch0","Cl7",180,18.83,NA,NA,NA,1002.24,NA,NA,100,NA,NA,16.67,NA,NA,16.67,NA,NA,0,",ra"
1872-07-23,NA,"iii",NA,NA,NA,NA,15.54,NA,NA,NA,NA,NA,NA,87,NA,NA,16.11,-3.33,NA,13.89,28.33,NA,NA
1872-07-23 07:00:00,13.33,NA,"Ch0","Cl7",292.5,15.31,NA,NA,NA,1001.42,NA,NA,94,NA,NA,14.44,NA,NA,13.89,NA,NA,16,NA
1872-07-23 14:00:00,20.56,NA,"Ch0","Cl4",315,17.91,NA,NA,NA,1001.42,NA,NA,75,NA,NA,20.56,NA,NA,17.78,NA,NA,2,NA
1872-07-23 21:00:00,19.44,NA,"Ch0","Cl0",225,13.48,NA,NA,0,1001.36,NA,NA,90,NA,NA,13.33,NA,NA,12.5,NA,NA,11,NA
1872-07-24,NA,"imp",NA,NA,NA,NA,15.75,NA,NA,NA,"1:30pm","3:00pm",NA,68,NA,NA,17.61,-7.22,NA,12.22,22.78,NA,NA
1872-07-24 07:00:00,18.33,NA,"Ch6","Cl0",225,11.85,NA,"225",NA,1011.45,NA,NA,51,NA,NA,20,NA,NA,14.44,NA,NA,16,NA
1872-07-24 14:00:00,20.56,NA,"Ch0","Cl7",225,16.19,NA,NA,NA,1011.85,NA,NA,83,NA,NA,17.22,NA,NA,15.56,NA,NA,20,NA
1872-07-24 21:00:00,18.33,NA,"Ch0","Cl7",180,19.23,NA,NA,NA,1009.55,NA,NA,68,NA,NA,15.56,NA,NA,19.44,NA,NA,20,NA
1872-07-25,NA,"imp",NA,NA,NA,NA,13.58,NA,NA,NA,"7:00pm","10:00pm",NA,85,NA,NA,14.28,-7.78,NA,12.22,22.22,NA,",ts"
1872-07-25 07:00:00,17.22,NA,"Ch0","Cl7",90,14.22,NA,NA,NA,1008.2,NA,NA,93,NA,NA,13.33,NA,NA,12.78,NA,NA,27,NA
1872-07-25 14:00:00,19.44,NA,"Ch0","Cl4",315,14.09,NA,NA,NA,1008.81,NA,NA,72,NA,NA,17.22,NA,NA,14.44,NA,NA,1,NA
1872-07-25 21:00:00,19.44,NA,"Ch0","Cl7",292.5,12.46,NA,NA,NA,1012.87,NA,NA,90,NA,NA,12.22,NA,NA,11.39,NA,NA,20,NA
1872-07-26,NA,"0",NA,NA,NA,NA,12.63,NA,NA,NA,NA,NA,NA,71,NA,NA,16.11,-7.22,NA,10,20.56,NA,NA
1872-07-26 07:00:00,18.33,NA,"Ch0","Cl0",292.5,13.31,NA,NA,0,1014.43,NA,NA,82,NA,NA,14.44,NA,NA,12.78,NA,NA,16,NA
1872-07-26 14:00:00,20,NA,"Ch0","Cl2",337.5,11.48,NA,NA,NA,1013.14,NA,NA,52,NA,NA,19.17,NA,NA,13.89,NA,NA,45,NA
1872-07-26 21:00:00,18.61,NA,"Ch0","Cl0",180,13.11,NA,NA,0,1011.51,NA,NA,79,NA,NA,14.72,NA,NA,12.78,NA,NA,0,NA
1872-07-27,NA,"imp",NA,NA,NA,NA,14.39,NA,NA,NA,"9:30pm","empty",NA,82,NA,NA,16,-10,NA,12.5,20.28,NA,NA
1872-07-27 07:00:00,17.22,NA,"Cm8","Cl0",225,14.87,NA,NA,0,1006.77,NA,NA,88,NA,NA,15,NA,NA,13.89,NA,NA,0,",dz"
1872-07-27 14:00:00,19.72,NA,"Cm8","Cl0",247.5,13.11,NA,NA,0,1003.59,NA,NA,58,NA,NA,19.72,NA,NA,15,NA,NA,2,NA
1872-07-27 21:00:00,18.33,NA,"Ch0","Cl7",315,15.2,NA,NA,NA,1004.06,NA,NA,100,NA,NA,13.33,NA,NA,13.33,NA,NA,11,",ra"
1872-07-28,NA,"imp",NA,NA,NA,NA,13.58,NA,NA,NA,"empty | 7:45","4:00am | 8:00",NA,80,NA,NA,15.44,-10.83,NA,12.22,19.17,NA,NA
1872-07-28 07:00:00,17.22,NA,"Ch0","Cl4",270,13.99,NA,NA,NA,1006.71,NA,NA,90,NA,NA,13.89,NA,NA,13.06,NA,NA,40,NA
1872-07-28 14:00:00,19.44,NA,"Ch0","Cl4",270,11.95,NA,NA,NA,1009.48,NA,NA,56,NA,NA,18.61,NA,NA,13.89,NA,NA,12,NA
1872-07-28 21:00:00,18.33,NA,"Ch0","Cl7",180,14.76,NA,NA,NA,1013.55,NA,NA,94,NA,NA,13.89,NA,NA,13.33,NA,NA,0,NA
1872-07-29,NA,"0",NA,NA,NA,NA,16.02,NA,NA,NA,NA,NA,NA,90,NA,NA,15.83,-8.06,NA,10.56,20.28,NA,NA
1872-07-29 07:00:00,17.5,NA,"Ch8","Cl0",202.5,14.29,NA,"270",NA,1017.14,NA,NA,88,NA,NA,14.44,NA,NA,13.33,NA,NA,15,NA
1872-07-29 14:00:00,19.44,NA,"Ch0","Cl7",180,18.83,NA,NA,NA,1016.66,NA,NA,84,NA,NA,19.44,NA,NA,17.78,NA,NA,5,NA
1872-07-29 21:00:00,18.33,NA,"Ch0","Cl7",180,14.97,NA,NA,NA,1016.32,NA,NA,97,NA,NA,13.61,NA,NA,13.33,NA,NA,34,NA
1872-07-30,NA,"imp",NA,NA,NA,NA,16.93,NA,NA,NA,"1:00am | 9:30","4:00am | 6:00pm",NA,93,NA,NA,16,-12.22,NA,13.06,18.61,NA,NA
1872-07-30 07:00:00,17.22,NA,"Ch0","Cl7",180,17.95,NA,NA,NA,1009.82,NA,NA,97,NA,NA,16.39,NA,NA,16.11,NA,NA,2,NA
1872-07-30 14:00:00,18.33,NA,"Ch0","Cl7",180,18.59,NA,NA,NA,1004.94,NA,NA,89,NA,NA,18.33,NA,NA,17.22,NA,NA,15,",ra"
1872-07-30 21:00:00,18.33,NA,"Ch0","Cl7",270,14.22,NA,NA,NA,1004.27,NA,NA,93,NA,NA,13.33,NA,NA,12.78,NA,NA,15,NA
1872-07-31,NA,"iv",NA,NA,NA,NA,11.34,NA,NA,NA,NA,NA,NA,64,NA,NA,15.83,-8.61,NA,10.56,19.72,NA,NA
1872-07-31 07:00:00,17.22,NA,"Ch0","Cl0",225,12.29,NA,NA,0,1004.27,NA,NA,81,NA,NA,13.33,NA,NA,11.67,NA,NA,16,NA
1872-07-31 14:00:00,19.44,NA,"Ch0","Cl0",247.5,10.5,NA,NA,0,1004,NA,NA,48,NA,NA,19.17,NA,NA,13.33,NA,NA,20,NA
1872-07-31 21:00:00,18.06,NA,"Ch0","Cl0",180,11.24,NA,NA,0,1005.83,NA,NA,63,NA,NA,15,NA,NA,12.22,NA,NA,20,NA
1872-08-01,NA,"0",NA,NA,NA,NA,12.56,NA,NA,NA,NA,NA,NA,72,NA,NA,15.83,-6.94,NA,11.11,21.94,NA,NA
1872-08-01 07:00:00,18.33,NA,"Ch0","Cl0",247.5,12.73,NA,NA,0,1007.79,NA,NA,68,NA,NA,16.39,NA,NA,13.33,NA,NA,5,NA
1872-08-01 14:00:00,20,NA,"Ch9","Cl0",315,12.29,NA,"315",NA,1008.33,NA,NA,55,NA,NA,19.44,NA,NA,14.44,NA,NA,15,NA
1872-08-01 21:00:00,18.33,NA,"Ch0","Cl0",270,12.7,NA,NA,0,1012.8,NA,NA,93,NA,NA,11.67,NA,NA,11.11,NA,NA,0,NA
1872-08-02,NA,"imp",NA,NA,NA,NA,13.04,NA,NA,NA,NA,NA,NA,71,NA,NA,16.44,-6.67,NA,10.56,21.67,NA,NA
1872-08-02 07:00:00,17.78,NA,"Ch0","Cl0",225,13.41,NA,NA,0,1014.02,NA,NA,76,NA,NA,15.56,NA,NA,13.33,NA,NA,0,",dz"
1872-08-02 14:00:00,18.89,NA,"Ch8","Cl0",112.5,13.92,NA,NA,0,1015.92,NA,NA,60,NA,NA,20,NA,NA,10,NA,NA,16,NA
1872-08-02 21:00:00,17.78,NA,"Cm8","Cl0",112.5,11.85,NA,NA,0,1017.47,NA,NA,75,NA,NA,13.89,NA,NA,11.67,NA,NA,16,NA
1872-08-03,NA,"imp",NA,NA,NA,NA,14.16,NA,NA,NA,"1:30pm","12:00pm",NA,86,NA,NA,14.72,-10.83,NA,9.44,16.39,NA,NA
1872-08-03 07:00:00,17.78,NA,"Ch6","Cl0",225,12.56,NA,"270",NA,1019.57,NA,NA,78,NA,NA,14.17,NA,NA,12.22,NA,NA,0,",dz"
1872-08-03 14:00:00,19.44,NA,"Ch0","Cl7",90,15.2,NA,NA,NA,1020.66,NA,NA,85,NA,NA,16.11,NA,NA,14.72,NA,NA,20,",ra"
1872-08-03 21:00:00,19.17,NA,"Ch0","Cl7",135,14.76,NA,NA,NA,1021.33,NA,NA,94,NA,NA,13.89,NA,NA,13.33,NA,NA,16,",ra"
1872-08-04,NA,"imp",NA,NA,NA,NA,15.71,NA,NA,NA,"0:00am [12am]","9:00am",NA,97,NA,NA,14.56,-11.94,NA,9.44,15.28,NA,",br"
1872-08-04 07:00:00,16.67,NA,NA,"Cl7",90,14.97,NA,NA,NA,1020.52,NA,NA,97,NA,NA,13.89,NA,NA,13.61,NA,NA,45,",ra"
1872-08-04 14:00:00,18.33,NA,NA,"Cl7",90,15.88,NA,NA,NA,1019.71,NA,NA,94,NA,NA,15.28,NA,NA,14.72,NA,NA,20,",ra"
1872-08-04 21:00:00,17.78,NA,NA,"Cl7",90,16.32,NA,NA,NA,1019.44,NA,NA,100,NA,NA,14.44,NA,NA,14.44,NA,NA,0,",ra"
1872-08-05,NA,"imp",NA,NA,NA,NA,15.2,NA,NA,NA,NA,NA,NA,87,NA,NA,15.44,-14.44,NA,13.89,17.22,NA,NA
1872-08-05 07:00:00,17.22,NA,"Ch0","Cl7",315,16.25,NA,NA,NA,1019.51,NA,NA,91,NA,NA,15.83,NA,NA,15,NA,NA,16,NA
1872-08-05 14:00:00,19.44,NA,"Ch0","Cl7",315,16.19,NA,NA,NA,1019.71,NA,NA,83,NA,NA,17.22,NA,NA,15.56,NA,NA,34,NA
1872-08-05 21:00:00,18.61,NA,"Ch9","Cl0",315,13.24,NA,"315",NA,1020.05,NA,NA,87,NA,NA,13.33,NA,NA,12.22,NA,NA,5,NA
1872-08-06,NA,"imp",NA,NA,NA,NA,14.73,NA,NA,NA,"empty","empty",NA,79,NA,NA,16.67,-10.56,NA,12.78,20,NA,NA
1872-08-06 07:00:00,18.06,NA,"Ch9","Cl0",315,13.78,NA,"315",NA,1021.4,NA,NA,87,NA,NA,13.89,NA,NA,12.78,NA,NA,11,",ra"
1872-08-06 14:00:00,19.44,NA,"Ch0","Cl6",315,14.83,NA,NA,NA,1019.71,NA,NA,68,NA,NA,18.89,NA,NA,15.56,NA,NA,20,NA
1872-08-06 21:00:00,18.33,NA,"Ch0","Cl7",135,15.58,NA,NA,NA,1018.02,NA,NA,83,NA,NA,16.67,NA,NA,15,NA,NA,1,NA
1872-08-07,NA,"imp",NA,NA,NA,NA,17.37,NA,NA,NA,"during last night","during last night",NA,87,NA,NA,17.22,-9.44,NA,13.33,21.67,NA,NA
1872-08-07 07:00:00,17.22,NA,NA,"Cl7",315,16.49,NA,NA,NA,1019.03,NA,NA,94,NA,NA,15.56,NA,NA,15,NA,NA,11,NA
1872-08-07 14:00:00,20,NA,NA,"Cl7",315,17.24,NA,NA,NA,1018.29,NA,NA,74,NA,NA,20,NA,NA,17.22,NA,NA,2,NA
1872-08-07 21:00:00,19.44,NA,NA,"Cl7",315,18.35,NA,NA,NA,1018.08,NA,NA,94,NA,NA,17.22,NA,NA,16.67,NA,NA,1,NA
1872-08-08,NA,"0",NA,NA,NA,NA,20.42,NA,NA,NA,"2:00pm","3:00pm",NA,91,NA,NA,19.44,-9.44,NA,16.67,25,NA,",ts"
1872-08-08 07:00:00,19.44,NA,NA,"Cl6",225,18.59,NA,NA,NA,1018.35,NA,NA,89,NA,NA,18.33,NA,NA,17.22,NA,NA,1,",ra"
1872-08-08 14:00:00,21.67,NA,NA,"Cl7",180,21.94,NA,NA,NA,1017.95,NA,NA,95,NA,NA,20,NA,NA,19.44,NA,NA,5,",ra"
1872-08-08 21:00:00,21.67,NA,NA,"Cl7",135,20.72,NA,NA,NA,1016.32,NA,NA,90,NA,NA,20,NA,NA,18.89,NA,NA,1,NA
1872-08-09,NA,"0",NA,NA,NA,NA,18.29,NA,NA,NA,NA,NA,NA,76,NA,NA,23.33,-6.67,NA,17.22,28.33,NA,NA
1872-08-09 07:00:00,20.56,NA,"Ch0","Cl6",315,20.72,NA,NA,NA,1011.58,NA,NA,89,NA,NA,20,NA,NA,18.89,NA,NA,5,NA
1872-08-09 14:00:00,24.44,NA,"Ch0","Cl4",315,13.21,NA,NA,NA,1016.26,NA,NA,63,NA,NA,27.78,NA,NA,22.78,NA,NA,1,NA
1872-08-09 21:00:00,24.44,NA,"Ch0","Cl0",225,20.93,NA,NA,0,1014.97,NA,NA,76,NA,NA,22.78,NA,NA,20,NA,NA,1,NA
1872-08-10,NA,"0",NA,NA,NA,NA,21.2,NA,NA,NA,NA,NA,NA,74,NA,NA,23.89,-6.67,NA,17.78,28.89,NA,NA
1872-08-10 07:00:00,22.78,NA,"Ch0","Cl0",225,22.72,NA,NA,0,1011.99,NA,NA,95,NA,NA,20.56,NA,NA,20,NA,NA,5,",ra"
1872-08-10 14:00:00,27.78,NA,"Ch0","Cl0",225,23.84,NA,NA,0,1013.07,NA,NA,60,NA,NA,28.89,NA,NA,23.33,NA,NA,5,NA
1872-08-10 21:00:00,23.61,NA,"Ch0","Cl7",225,17.03,NA,NA,NA,1014.9,NA,NA,66,NA,NA,21.67,NA,NA,17.78,NA,NA,16,NA
1872-08-11,NA,"imp",NA,NA,NA,NA,19.67,NA,NA,NA,"8:15am | 9:00pm","8:30am | 0:00pm [midnight?]",NA,96,NA,NA,18.06,-15,NA,17.78,20.56,NA,",br"
1872-08-11 07:00:00,21.94,NA,NA,"Cl7",315,19.03,NA,NA,NA,1016.26,NA,NA,94,NA,NA,17.78,NA,NA,17.22,NA,NA,1,",ra"
1872-08-11 14:00:00,21.11,NA,NA,"Cl7",315,20.69,NA,NA,NA,1023.1,NA,NA,97,NA,NA,18.61,NA,NA,18.33,NA,NA,11,",ra"
1872-08-11 21:00:00,21.11,NA,NA,"Cl7",180,19.27,NA,NA,NA,1028.58,NA,NA,97,NA,NA,17.78,NA,NA,17.5,NA,NA,0,",ra"
1872-08-12,NA,"0",NA,NA,NA,NA,19.3,NA,NA,NA,"7:00am","8:00am",NA,89,NA,NA,18.89,-11.94,NA,16.94,22.78,NA,NA
1872-08-12 07:00:00,20.83,NA,NA,"Cl7",225,19.74,NA,NA,NA,1016.26,NA,NA,94,NA,NA,18.33,NA,NA,17.78,NA,NA,1,NA
1872-08-12 14:00:00,21.67,NA,NA,"Cl4",135,20.28,NA,NA,NA,1015.04,NA,NA,85,NA,NA,20.56,NA,NA,18.89,NA,NA,5,NA
1872-08-12 21:00:00,20,NA,NA,"Cl6",90,17.91,NA,NA,NA,1016.46,NA,NA,89,NA,NA,17.78,NA,NA,16.67,NA,NA,0,NA
1872-08-13,NA,"0",NA,NA,NA,NA,19.13,NA,NA,NA,"4:30pm","6:30pm",NA,86,NA,NA,19.44,-6.11,NA,13.33,25,NA,NA
1872-08-13 07:00:00,18.89,NA,"Ch6","Cl0",135,18.35,NA,"180",NA,1018.49,NA,NA,94,NA,NA,17.22,NA,NA,16.67,NA,NA,2,",ra"
1872-08-13 14:00:00,23.89,NA,"Ch0","Cl4",180,19.54,NA,NA,NA,1016.39,NA,NA,64,NA,NA,24.44,NA,NA,20,NA,NA,1,NA
1872-08-13 21:00:00,20,NA,"Ch9","Cl0",180,19.51,NA,"0",NA,1012.8,NA,NA,100,NA,NA,17.22,NA,NA,17.22,NA,NA,2,NA
1872-08-14,NA,"imp",NA,NA,NA,NA,18.66,NA,NA,NA,NA,NA,NA,86,NA,NA,19.44,-10.56,NA,15.56,22.78,NA,NA
1872-08-14 07:00:00,20,NA,NA,"Cl4",247.5,20.22,NA,NA,NA,1013.07,NA,NA,92,NA,NA,19.44,NA,NA,18.61,NA,NA,2,NA
1872-08-14 14:00:00,22.5,NA,NA,"Cl4",45,20.35,NA,NA,NA,1015.24,NA,NA,78,NA,NA,22.22,NA,NA,19.72,NA,NA,11,NA
1872-08-14 21:00:00,20.56,NA,NA,"Cl7",90,15.44,NA,NA,NA,1019.84,NA,NA,88,NA,NA,15.56,NA,NA,14.44,NA,NA,5,NA
1872-08-15,NA,"imp",NA,NA,NA,NA,17.27,NA,NA,NA,"11:30am","4:00pm",NA,91,NA,NA,16.94,-14.17,NA,14.44,18.06,NA,",br,"
1872-08-15 07:00:00,18.61,NA,NA,"Cl7",135,16.63,NA,NA,NA,1020.66,NA,NA,88,NA,NA,16.94,NA,NA,15.83,NA,NA,11,NA
1872-08-15 14:00:00,18.89,NA,NA,"Cl7",135,17.27,NA,NA,NA,1019.17,NA,NA,89,NA,NA,17.22,NA,NA,16.11,NA,NA,2,",ra"
1872-08-15 21:00:00,19.44,NA,NA,"Cl7",225,17.95,NA,NA,NA,1015.92,NA,NA,97,NA,NA,16.67,NA,NA,16.39,NA,NA,20,NA
1872-08-16,NA,"imp",NA,NA,NA,NA,17.91,NA,NA,NA,NA,NA,NA,92,NA,NA,17.22,-11.94,NA,14.44,20.28,NA,NA
1872-08-16 07:00:00,18.89,NA,NA,"Cl7",315,21.44,NA,NA,NA,1016.93,NA,NA,97,NA,NA,19.17,NA,NA,18.89,NA,NA,20,NA
1872-08-16 14:00:00,18.89,NA,NA,"Cl7",0,17.27,NA,NA,NA,1019.98,NA,NA,89,NA,NA,17.22,NA,NA,16.11,NA,NA,20,NA
1872-08-16 21:00:00,18.33,NA,NA,"Cl7",90,15.1,NA,NA,NA,1022.28,NA,NA,91,NA,NA,14.72,NA,NA,13.89,NA,NA,11,NA
1872-08-17,NA,"imp",NA,NA,NA,NA,17.41,NA,NA,NA,"7:00am","11:00pm",NA,95,NA,NA,16.39,-14.44,NA,14.44,17.78,NA,NA
1872-08-17 07:00:00,17.78,NA,NA,"Cl7",247.5,15.88,NA,NA,NA,1023.5,NA,NA,94,NA,NA,15,NA,NA,14.44,NA,NA,11,",ra"
1872-08-17 14:00:00,18.33,NA,NA,"Cl7",180,17.1,NA,NA,NA,1021.06,NA,NA,94,NA,NA,16.39,NA,NA,15.83,NA,NA,20,",ra"
1872-08-17 21:00:00,19.44,NA,NA,"Cl7",180,19.27,NA,NA,NA,1013.75,NA,NA,97,NA,NA,17.78,NA,NA,17.5,NA,NA,12,",ra"
1872-08-18,NA,"imp",NA,NA,NA,NA,16.12,NA,NA,NA,NA,NA,NA,92,NA,NA,15.67,-15,NA,14.44,17.22,NA,",ra"
1872-08-18 07:00:00,18.61,NA,NA,"Cl7",315,17.07,NA,NA,NA,1014.63,NA,NA,94,NA,NA,16.11,NA,NA,15.56,NA,NA,45,NA
1872-08-18 14:00:00,20,NA,NA,"Cl7",315,15,NA,NA,NA,1016.73,NA,NA,83,NA,NA,16.39,NA,NA,14.83,NA,NA,34,NA
1872-08-18 21:00:00,19.17,NA,NA,"Cl7",0,16.32,NA,NA,NA,1018.83,NA,NA,100,NA,NA,14.44,NA,NA,14.44,NA,NA,1,",ra"
1872-08-19,NA,"imp",NA,NA,NA,NA,17.44,NA,NA,NA,NA,NA,NA,89,NA,NA,16.72,-9.72,NA,13.89,21.94,NA,NA
1872-08-19 07:00:00,17.78,NA,NA,"Cl7",315,15.54,NA,NA,NA,1019.44,NA,NA,97,NA,NA,14.06,NA,NA,13.89,NA,NA,11,NA
1872-08-19 14:00:00,18.61,NA,NA,"Cl7",0,17.27,NA,NA,NA,1018.63,NA,NA,87,NA,NA,17.22,NA,NA,16.11,NA,NA,1,NA
1872-08-19 21:00:00,19.44,NA,NA,"Cl7",270,19.51,NA,NA,NA,1017.41,NA,NA,92,NA,NA,18.89,NA,NA,18.06,NA,NA,5,NA
1872-08-20,NA,"0",NA,NA,NA,NA,16.25,NA,NA,NA,NA,NA,NA,95,NA,NA,15.28,-8.61,NA,12.78,21.94,NA,NA
1872-08-20 07:00:00,18.89,NA,"Ch0","Cl7",0,16.49,NA,NA,NA,1022.01,NA,NA,94,NA,NA,15.83,NA,NA,15.28,NA,NA,16,NA
1872-08-20 14:00:00,19.44,NA,"Ch0","Cl7",135,18.35,NA,NA,NA,1017.07,NA,NA,94,NA,NA,17.22,NA,NA,16.67,NA,NA,2,NA
1872-08-20 21:00:00,17.78,NA,"Ch0","Cl0",180,13.92,NA,NA,0,1023.71,NA,NA,97,NA,NA,12.78,NA,NA,12.5,NA,NA,0,",ra"
1872-08-21,NA,"imp",NA,NA,NA,NA,18.86,NA,NA,NA,NA,NA,NA,89,NA,NA,18.33,-5.28,NA,11.11,23.61,NA,NA
1872-08-21 07:00:00,17.22,NA,"Ch0","Cl0",202.5,16.02,NA,NA,0,1023.03,NA,NA,88,NA,NA,16.11,NA,NA,15,NA,NA,2,",dz"
1872-08-21 14:00:00,20,NA,"Ch0","Cl0",202.5,23.47,NA,NA,0,1020.66,NA,NA,85,NA,NA,22.78,NA,NA,21.11,NA,NA,2,NA
1872-08-21 21:00:00,20,NA,"Ch9","Cl0",225,17.1,NA,"225",NA,1018.69,NA,NA,94,NA,NA,16.11,NA,NA,15.56,NA,NA,11,NA
1872-08-22,NA,"imp",NA,NA,NA,NA,17.41,NA,NA,NA,"9:00pm","empty",NA,81,NA,NA,18.89,-5,NA,11.11,23.89,NA,NA
1872-08-22 07:00:00,18.89,NA,NA,"Cl7",247.5,16.86,NA,NA,NA,1016.93,NA,NA,91,NA,NA,16.67,NA,NA,15.83,NA,NA,11,NA
1872-08-22 14:00:00,22.22,NA,NA,"Cl4",270,19.23,NA,NA,NA,1014.22,NA,NA,68,NA,NA,23.33,NA,NA,19.44,NA,NA,20,NA
1872-08-22 21:00:00,19.44,NA,NA,"Cl7",247.5,16.19,NA,NA,NA,1011.99,NA,NA,83,NA,NA,17.22,NA,NA,15.56,NA,NA,20,NA
1872-08-23,NA,"imp",NA,NA,NA,NA,18.59,NA,NA,NA,"empty","10:am",NA,81,NA,NA,20,-9.72,NA,16.11,24.17,NA,",ts"
1872-08-23 07:00:00,18.89,NA,"Ch0","Cl7",202.5,20.69,NA,NA,NA,1005.35,NA,NA,97,NA,NA,18.61,NA,NA,18.33,NA,NA,20,",ra"
1872-08-23 14:00:00,22.22,NA,"Ch0","Cl4",315,16.66,NA,NA,NA,1005.76,NA,NA,53,NA,NA,23.89,NA,NA,18.89,NA,NA,2,NA
1872-08-23 21:00:00,20.56,NA,"Ch9","Cl0",180,18.35,NA,"0",NA,1008.2,NA,NA,94,NA,NA,17.5,NA,NA,16.94,NA,NA,0,",dz"
1872-08-24,NA,"iii",NA,NA,NA,NA,15.61,NA,NA,NA,NA,NA,NA,77,NA,NA,17.67,-8.33,NA,12.22,21.67,NA,NA
1872-08-24 07:00:00,19.44,NA,"Ch0","Cl0",0,14.32,NA,NA,0,1012.12,NA,NA,75,NA,NA,16.94,NA,NA,14.44,NA,NA,20,",dz"
1872-08-24 14:00:00,20.56,NA,"Ch0","Cl0",0,18.63,NA,NA,0,1012.19,NA,NA,75,NA,NA,21.11,NA,NA,18.33,NA,NA,45,NA
1872-08-24 21:00:00,19.17,NA,"Ch0","Cl0",0,13.85,NA,NA,0,1012.46,NA,NA,82,NA,NA,15,NA,NA,13.33,NA,NA,45,",dz"
1872-08-25,NA,"i",NA,NA,NA,NA,14.8,NA,NA,NA,NA,NA,NA,73,NA,NA,17.89,-9.17,NA,12.78,21.39,NA,NA
1872-08-25 07:00:00,18.89,NA,"Ch0","Ch6",270,15.48,NA,NA,NA,1013.61,NA,NA,69,NA,NA,19.72,NA,NA,16.11,NA,NA,20,",dz"
1872-08-25 14:00:00,21.39,NA,"Cm8","Cl0",315,15.88,NA,"315",8,1014.63,NA,NA,67,NA,NA,20.28,NA,NA,16.67,NA,NA,16,NA
1872-08-25 21:00:00,18.33,NA,"Ch0","Cl6",0,13.04,NA,NA,NA,1016.59,NA,NA,84,NA,NA,13.61,NA,NA,12.22,NA,NA,0,NA
1872-08-26,NA,"0",NA,NA,NA,NA,14.7,NA,NA,NA,NA,NA,NA,81,NA,NA,16.11,-8.33,NA,11.11,20.56,NA,NA
1872-08-26 07:00:00,17.78,NA,"Ch0","Cl4",180,13.55,NA,NA,NA,1017.81,NA,NA,84,NA,NA,14.17,NA,NA,12.78,NA,NA,0,NA
1872-08-26 14:00:00,19.44,NA,"Ch0","Cl4",135,14.09,NA,NA,NA,1016.8,NA,NA,72,NA,NA,17.22,NA,NA,14.44,NA,NA,2,NA
1872-08-26 21:00:00,18.33,NA,"Ch0","Cl0",180,16.42,NA,NA,0,1016.46,NA,NA,86,NA,NA,16.94,NA,NA,15.56,NA,NA,34,",ra"
1872-08-27,NA,"imp",NA,NA,NA,NA,17.98,NA,NA,NA,"10:00pm","12:00pm",NA,87,NA,NA,18.22,-10.28,NA,13.33,20.83,NA,NA
1872-08-27 07:00:00,17.22,NA,NA,"Cl7",202.5,16.42,NA,NA,NA,1013.34,NA,NA,86,NA,NA,16.94,NA,NA,15.56,NA,NA,16,",ra"
1872-08-27 14:00:00,20,NA,NA,"Cl7",180,20.28,NA,NA,NA,1010.36,NA,NA,85,NA,NA,20.56,NA,NA,18.89,NA,NA,20,NA
1872-08-27 21:00:00,19.44,NA,NA,"Cl7",180,17.27,NA,NA,NA,1007.38,NA,NA,89,NA,NA,17.22,NA,NA,16.11,NA,NA,20,NA
1872-08-28,NA,"imp",NA,NA,NA,NA,15.92,NA,NA,NA,"0:00am","5:30pm",NA,93,NA,NA,15.17,-12.78,NA,11.11,16.11,NA,",ra"
1872-08-28 07:00:00,18.33,NA,NA,"Cl7",157.5,16.49,NA,NA,NA,1002.71,NA,NA,94,NA,NA,15.83,NA,NA,15.28,NA,NA,11,",ra"
1872-08-28 14:00:00,18.89,NA,NA,"Cl7",0,17.3,NA,NA,NA,1004.4,NA,NA,97,NA,NA,15.83,NA,NA,15.56,NA,NA,20,",ra"
1872-08-28 21:00:00,16.94,NA,NA,"Cl7",337.5,13.99,NA,NA,NA,1007.59,NA,NA,90,NA,NA,13.89,NA,NA,13.06,NA,NA,45,NA
1872-08-29,NA,"0",NA,NA,NA,NA,13.92,NA,NA,NA,NA,NA,NA,85,NA,NA,14.22,-10,NA,10.56,18.33,NA,NA
1872-08-29 07:00:00,18.33,NA,"Cm8","Cl0",315,15,NA,"315",NA,1010.43,NA,NA,82,NA,NA,15.56,NA,NA,14.44,NA,NA,45,NA
1872-08-29 14:00:00,19.44,NA,"Cm8","Cl0",337.5,15,NA,"315",NA,1013.55,NA,NA,82,NA,NA,16.11,NA,NA,14.44,NA,NA,20,NA
1872-08-29 21:00:00,17.78,NA,"Ch0","Cl0",0,11.78,NA,NA,0,1014.9,NA,NA,93,NA,NA,10.56,NA,NA,10,NA,NA,2,NA
1872-08-30,NA,"imp",NA,NA,NA,NA,12.16,NA,NA,NA,"7:30pm","12:00pm",NA,82,NA,NA,13.33,-6.94,NA,6.39,17.22,NA,",fg"
1872-08-30 07:00:00,18.33,NA,"Cm8","Cl0",247.5,11.99,NA,NA,0,1015.1,NA,NA,90,NA,NA,11.67,NA,NA,10.83,NA,NA,0,",ra"
1872-08-30 14:00:00,17.78,NA,"Ch0","Cl7",270,12.43,NA,NA,NA,1015.24,NA,NA,71,NA,NA,15.56,NA,NA,12.78,NA,NA,20,NA
1872-08-30 21:00:00,16.94,NA,"Ch0","Cl7",247.5,12.02,NA,NA,NA,1012.94,NA,NA,84,NA,NA,12.5,NA,NA,11.11,NA,NA,45,",ra"
1872-08-31,NA,"imp",NA,NA,NA,NA,17.03,NA,NA,NA,"0:00am","10:00am",NA,95,NA,NA,15.72,-8.33,NA,11.11,20.56,NA,NA
1872-08-31 07:00:00,15.56,NA,NA,"Cl7",247.5,12.7,NA,NA,NA,1001.49,NA,NA,93,NA,NA,11.67,NA,NA,11.11,NA,NA,45,",ra"
1872-08-31 14:00:00,18.33,NA,NA,"Cl7",90,21.94,NA,NA,NA,999.66,NA,NA,95,NA,NA,20,NA,NA,19.44,NA,NA,2,NA
1872-08-31 21:00:00,18.33,NA,NA,"Cl7",315,16.49,NA,NA,NA,998.98,NA,NA,94,NA,NA,15.56,NA,NA,15,NA,NA,11,NA
1872-09-01,NA,"0",NA,NA,NA,NA,13.27,NA,NA,NA,NA,NA,NA,79,NA,NA,15,-8.06,NA,10.56,20.28,NA,NA
1872-09-01 07:00:00,16.67,NA,NA,"Cl0",247.5,13.04,NA,"225",0,1000.54,NA,NA,84,NA,NA,13.33,NA,NA,12.5,NA,NA,11,NA
1872-09-01 14:00:00,19.44,NA,NA,"Cl0",247.5,14.22,NA,"247.5",NA,1001.42,NA,NA,68,NA,NA,18.33,NA,NA,15,NA,NA,20,NA
1872-09-01 21:00:00,17.5,NA,NA,"Cl0",225,12.53,NA,NA,0,1002.51,NA,NA,84,NA,NA,13.33,NA,NA,11.94,NA,NA,40,NA
1872-09-02,NA,"0",NA,NA,NA,NA,16.9,NA,NA,NA,NA,NA,NA,89,NA,NA,16.11,-6.39,NA,10.56,21.94,NA,NA
1872-09-02 07:00:00,16.11,NA,"Ch0","Cl0",225,11.85,NA,NA,0,1005.22,NA,NA,75,NA,NA,13.89,NA,NA,11.67,NA,NA,40,",ra"
1872-09-02 14:00:00,20,NA,"Ch0","Cl7",270,22.42,NA,NA,NA,1005.55,NA,NA,100,NA,NA,19.44,NA,NA,19.44,NA,NA,12,NA
1872-09-02 21:00:00,16.94,NA,"Ch0","Cl0",202.5,16.49,NA,NA,0,1006.3,NA,NA,94,NA,NA,15.56,NA,NA,15,NA,NA,14,NA
1872-09-03,NA,"imp",NA,NA,NA,NA,12.16,NA,NA,NA,"6:00pm","12:00pm",NA,68,NA,NA,16,-8.61,NA,11.11,20.28,NA,",ra"
1872-09-03 07:00:00,17.78,NA,"Ch0","Cl4",225,13.99,NA,NA,NA,1005.28,NA,NA,90,NA,NA,13.89,NA,NA,13.06,NA,NA,20,",ra"
1872-09-03 14:00:00,18.89,NA,"Ch0","Cl7",315,14.09,NA,NA,NA,1002.71,NA,NA,72,NA,NA,17.22,NA,NA,14.44,NA,NA,34,NA
1872-09-03 21:00:00,18.61,NA,"Ch0","Cl7",270,8.43,NA,NA,NA,1000.47,NA,NA,44,NA,NA,16.94,NA,NA,11.11,NA,NA,20,",ra"
1872-09-04,NA,"0",NA,NA,NA,NA,13.51,NA,NA,NA,"0:00am","4:00am",NA,85,NA,NA,11.39,-10.56,NA,8.33,15.56,NA,NA
1872-09-04 07:00:00,15,NA,"Ch0","Cl7",270,11.34,NA,NA,NA,1002.71,NA,NA,93,NA,NA,10,NA,NA,8.89,NA,NA,12,NA
1872-09-04 14:00:00,17.22,NA,"Ch0","Cl7",270,16.56,NA,NA,NA,1004.13,NA,NA,84,NA,NA,13.89,NA,NA,11.11,NA,NA,45,NA
1872-09-04 21:00:00,15.56,NA,"Ch0","Cl0",225,12.7,NA,NA,0,1006.5,NA,NA,79,NA,NA,10.28,NA,NA,9.17,NA,NA,11,",ra"
1872-09-05,NA,"imp",NA,NA,NA,NA,12.63,NA,NA,NA,"9:00am","9:30pm",NA,79,NA,NA,12.22,-8.33,NA,7.22,16.67,NA,",ra"
1872-09-05 07:00:00,20.44,NA,"Ch0","Cl0",270,13.34,NA,NA,0,1007.18,NA,NA,68,NA,NA,12.22,NA,NA,10.28,NA,NA,13,",ra"
1872-09-05 14:00:00,16.67,NA,"Ch0","Cl7",270,13.95,NA,NA,NA,1007.38,NA,NA,75,NA,NA,14.44,NA,NA,11.11,NA,NA,12,NA
1872-09-05 21:00:00,16.67,NA,"Ch0","Cl7",180,10.63,NA,NA,NA,1010.3,NA,NA,93,NA,NA,11.11,NA,NA,10,NA,NA,5,NA
1872-09-06,NA,"iii",NA,NA,NA,NA,13.68,NA,NA,NA,NA,NA,NA,69,NA,NA,15,-5.56,NA,8.61,20.83,NA,NA
1872-09-06 07:00:00,14.44,NA,"Ch6","Cl0",225,16.32,NA,"292.5",NA,1013.55,NA,NA,66,NA,NA,13.33,NA,NA,17.22,NA,NA,5,NA
1872-09-06 14:00:00,18.33,NA,"Ch0","Cl4",270,12.73,NA,NA,NA,1014.22,NA,NA,59,NA,NA,18.89,NA,NA,14.44,NA,NA,2,NA
1872-09-06 21:00:00,17.22,NA,"Ch0","Cl0",180,12.02,NA,NA,0,1015.85,NA,NA,83,NA,NA,12.78,NA,NA,11.39,NA,NA,11,",ra"
1872-09-07,NA,"imp",NA,NA,NA,NA,14.6,NA,NA,NA,NA,NA,NA,72,NA,NA,17.89,-5.72,NA,10,22.06,NA,NA
1872-09-07 07:00:00,15,NA,"Ch6","Cl0",180,13.04,NA,"315",NA,1016.93,NA,NA,84,NA,NA,13.89,NA,NA,12.61,NA,NA,2,",ra"
1872-09-07 14:00:00,19.44,NA,"Ch6","Cl0",225,15.88,NA,"225",NA,1015.31,NA,NA,62,NA,NA,21.67,NA,NA,17.28,NA,NA,2,NA
1872-09-07 21:00:00,18.89,NA,"Ch0","Cl7",225,14.83,NA,NA,NA,1009.82,NA,NA,70,NA,NA,18.06,NA,NA,16.67,NA,NA,15,NA
1872-09-08,NA,"imp",NA,NA,NA,NA,13.68,NA,NA,NA,"2:00am","3:00am",NA,81,NA,NA,20,-8.89,NA,15.56,24.44,NA,",ts"
1872-09-08 07:00:00,20,NA,"Cm8","Cl0",225,13.27,NA,"270",NA,1005.96,NA,NA,63,NA,NA,19.44,NA,NA,18.89,NA,NA,12,NA
1872-09-08 14:00:00,22.78,NA,"Cm8","Cl0",270,13.99,NA,"270",NA,1007.18,NA,NA,87,NA,NA,24.44,NA,NA,21.39,NA,NA,11,NA
1872-09-08 21:00:00,19.17,NA,"Ch0","Cl7",315,13.78,NA,NA,NA,1011.31,NA,NA,92,NA,NA,15.56,NA,NA,14.72,NA,NA,2,NA
1872-09-09,NA,"iii",NA,NA,NA,NA,10.87,NA,NA,NA,"4:00am","8:00am",NA,78,NA,NA,12.17,-9.44,NA,8.89,17.22,NA,NA
1872-09-09 07:00:00,17.22,NA,"Ch0","Cl7",337.5,12.94,NA,NA,NA,1013.88,NA,NA,96,NA,NA,11.5,NA,NA,11.11,NA,NA,5,",ra"
1872-09-09 14:00:00,18.89,NA,"Ch0","Cl4",337.5,13.44,NA,NA,NA,1017.41,NA,NA,55,NA,NA,16.11,NA,NA,11.67,NA,NA,14,NA
1872-09-09 21:00:00,17.5,NA,"Ch0","Cl0",315,9.62,NA,NA,0,1022.15,NA,NA,85,NA,NA,8.89,NA,NA,7.78,NA,NA,16,NA
1872-09-10,NA,"0",NA,NA,NA,NA,10.94,NA,NA,NA,NA,NA,NA,77,NA,NA,11.67,-7.22,NA,6.67,17.22,NA,NA
1872-09-10 07:00:00,14.72,NA,"Ch0","Cl0",0,11.99,NA,NA,0,1024.92,NA,NA,96,NA,NA,10.28,NA,NA,10,NA,NA,5,",ra"
1872-09-10 14:00:00,17.5,NA,"Ch0","Cl4",315,10.09,NA,NA,NA,1025.67,NA,NA,52,NA,NA,17.22,NA,NA,12.22,NA,NA,5,NA
1872-09-10 21:00:00,17.78,NA,"Ch0","Cl0",22.5,10.73,NA,NA,0,1028.11,NA,NA,73,NA,NA,8.06,NA,NA,7.22,NA,NA,5,NA
1872-09-11,NA,"imp",NA,NA,NA,NA,11.99,NA,NA,NA,NA,NA,NA,78,NA,NA,12.78,-5,NA,5,17.78,NA,NA
1872-09-11 07:00:00,20.28,NA,"Ch0","Ch6",337.5,13.78,NA,NA,NA,1028.38,NA,NA,83,NA,NA,8.89,NA,NA,8.33,NA,NA,0,",ra"
1872-09-11 14:00:00,15.83,NA,"Ch0","Cl0",270,11.14,NA,NA,0,1027.5,NA,NA,68,NA,NA,17.22,NA,NA,15.56,NA,NA,5,NA
1872-09-11 21:00:00,15.83,NA,"Ch0","Cl7",225,11.11,NA,NA,NA,1026.48,NA,NA,83,NA,NA,11.67,NA,NA,10.28,NA,NA,0,NA
1872-09-12,NA,"empty",NA,NA,NA,NA,13.07,NA,NA,NA,"during night","during night",NA,83,NA,NA,14,-11.11,NA,10.83,17.5,NA,NA
1872-09-12 07:00:00,15,NA,"Cm8","Cl0",225,12.94,NA,"270",NA,1026.08,NA,NA,96,NA,NA,11.39,NA,NA,11.11,NA,NA,5,NA
1872-09-12 14:00:00,17.22,NA,"Ch0","Cl7",270,13.07,NA,NA,NA,1024.79,NA,NA,67,NA,NA,17.22,NA,NA,13.89,NA,NA,16,NA
1872-09-12 21:00:00,17.22,NA,"Ch0","Cl7",180,13.24,NA,NA,NA,1024.79,NA,NA,87,NA,NA,13.33,NA,NA,12.22,NA,NA,34,NA
1872-09-13,NA,"0",NA,NA,NA,NA,15.75,NA,NA,NA,NA,NA,NA,81,NA,NA,17.5,-8.33,NA,13.33,22.78,NA,NA
1872-09-13 07:00:00,15.83,NA,"Cm8","Cl0",202.5,15.44,NA,"292.5",NA,1023.84,NA,NA,88,NA,NA,15.56,NA,NA,14.44,NA,NA,11,NA
1872-09-13 14:00:00,19.44,NA,"Cm8","Cl0",225,15.88,NA,"112.5",NA,1023.23,NA,NA,62,NA,NA,21.67,NA,NA,17.22,NA,NA,11,NA
1872-09-13 21:00:00,18.89,NA,"Cm8","Cl0",180,15.88,NA,"202.5",NA,1022.69,NA,NA,94,NA,NA,15.28,NA,NA,14.72,NA,NA,0,NA
1872-09-14,NA,"imp",NA,NA,NA,NA,19.17,NA,NA,NA,"empty","empty",NA,83,NA,NA,20,-8.06,NA,15,24.72,NA,NA
1872-09-14 07:00:00,18.33,NA,"Ch0","Cl0",180,19.27,NA,NA,0,1020.66,NA,NA,89,NA,NA,18.89,NA,NA,17.78,NA,NA,16,NA
1872-09-14 14:00:00,23.06,NA,"Ch0","Cl4",270,18.69,NA,NA,NA,1018.96,NA,NA,69,NA,NA,22.5,NA,NA,18.89,NA,NA,45,NA
1872-09-14 21:00:00,20.83,NA,"Cm8","Cl0",225,19.51,NA,"225",NA,1017.07,NA,NA,92,NA,NA,18.61,NA,NA,17.78,NA,NA,14,NA
1872-09-15,NA,"0",NA,NA,NA,NA,14.53,NA,NA,NA,"6:00am","4:00pm",NA,95,NA,NA,13.33,-14.17,NA,11.67,15.28,NA,NA
1872-09-15 07:00:00,20,NA,"Ch0","Cl7",315,16.12,NA,NA,NA,1017.61,NA,NA,97,NA,NA,14.72,NA,NA,14.44,NA,NA,12,",ra"
1872-09-15 14:00:00,18.89,NA,"Ch0","Cl7",0,14.76,NA,NA,NA,1017.95,NA,NA,94,NA,NA,14.17,NA,NA,13.61,NA,NA,27,NA
1872-09-15 21:00:00,18.06,NA,"Ch6","Cl4",0,12.7,NA,NA,0,1019.64,NA,NA,93,NA,NA,11.67,NA,NA,11.11,NA,NA,16,NA
1872-09-16,NA,"imp",NA,NA,NA,NA,12.6,NA,NA,NA,"empty","empty",NA,85,NA,NA,13.33,-12.5,NA,10.28,15.56,NA,NA
1872-09-16 07:00:00,16.67,NA,"Ch0","Cl7",292.5,12.97,NA,NA,NA,1019.44,NA,NA,90,NA,NA,12.78,NA,NA,11.83,NA,NA,40,NA
1872-09-16 14:00:00,17.22,NA,"Ch0","Cl7",45,12.36,NA,NA,NA,1021.74,NA,NA,76,NA,NA,14.44,NA,NA,12.22,NA,NA,2,NA
1872-09-16 21:00:00,17.22,NA,"Ch0","Cl7",270,12.46,NA,NA,NA,1016.53,NA,NA,90,NA,NA,12.22,NA,NA,11.39,NA,NA,11,NA
1872-09-17,NA,"empty",NA,NA,NA,NA,13.75,NA,NA,NA,"4:30am | 8:00pm","7:00am | 9:00pm",NA,89,NA,NA,13.89,-15,NA,11.67,14.44,NA,NA
1872-09-17 07:00:00,16.11,NA,"Ch0","Cl7",292.5,13.92,NA,NA,NA,1014.16,NA,NA,97,NA,NA,12.78,NA,NA,12.5,NA,NA,12,NA
1872-09-17 14:00:00,16.39,NA,"Ch0","Cl7",67.5,12.8,NA,NA,NA,1013.41,NA,NA,81,NA,NA,13.89,NA,NA,12.22,NA,NA,18,NA
1872-09-17 21:00:00,17.22,NA,"Ch0","Cl7",90,14.53,NA,NA,NA,1011.58,NA,NA,91,NA,NA,14.44,NA,NA,13.61,NA,NA,45,NA
1872-09-18,NA,"imp",NA,NA,NA,NA,13.24,NA,NA,NA,"1:00pm","12:00pm",NA,89,NA,NA,12.78,-14.72,NA,12.22,15.28,NA,NA
1872-09-18 07:00:00,15.83,NA,"Ch0","Cl7",67.5,13.04,NA,NA,NA,1009.55,NA,NA,84,NA,NA,13.61,NA,NA,12.22,NA,NA,20,NA
1872-09-18 14:00:00,16.67,NA,"Ch0","Cl7",67.5,12.73,NA,NA,NA,1008.2,NA,NA,87,NA,NA,12.78,NA,NA,11.67,NA,NA,18,",ra"
1872-09-18 21:00:00,16.94,NA,"Ch0","Cl7",0,13.92,NA,NA,NA,1007.79,NA,NA,97,NA,NA,12.5,NA,NA,12.22,NA,NA,21,NA
1872-09-19,NA,"empty",NA,NA,NA,NA,16.32,NA,NA,NA,NA,NA,NA,89,NA,NA,13.89,-13.61,NA,11.94,16.11,NA,NA
1872-09-19 07:00:00,15.28,NA,"Ch0","Cl7",0,14.43,NA,NA,NA,1007.79,NA,NA,97,NA,NA,13.33,NA,NA,13.06,NA,NA,18,NA
1872-09-19 14:00:00,16.67,NA,"Ch0","Cl7",315,17,NA,NA,NA,1007.79,NA,NA,79,NA,NA,15,NA,NA,13.89,NA,NA,18,NA
1872-09-19 21:00:00,16.94,NA,"Ch0","Cl7",337.5,12.46,NA,NA,NA,1006.98,NA,NA,90,NA,NA,12.78,NA,NA,11.94,NA,NA,45,NA
1872-09-20,NA,"empty",NA,NA,NA,NA,9.48,NA,NA,NA,"3:00pm","5:00pm",NA,91,NA,NA,14.56,-9.44,NA,11.67,20,NA,",ra,"
1872-09-20 07:00:00,15,NA,"Ch0","Cl7",180,12.7,NA,NA,NA,1000.88,NA,NA,93,NA,NA,12.78,NA,NA,12.22,NA,NA,16,NA
1872-09-20 14:00:00,18.06,NA,"Ch0","Cl7",135,12.8,NA,NA,NA,997.29,NA,NA,81,NA,NA,18.89,NA,NA,16.67,NA,NA,12,NA
1872-09-20 21:00:00,18.06,NA,"Ch0","Cl0",202.5,13.14,NA,NA,0,997.97,NA,NA,100,NA,NA,17.5,NA,NA,11.11,NA,NA,16,",ts"
1872-09-21,NA,"empty",NA,NA,NA,NA,12.43,NA,NA,NA,"9:00pm","12:00pm",NA,75,NA,NA,12.22,-12.22,NA,11.11,16.67,NA,NA
1872-09-21 07:00:00,15,NA,"Ch0","Cl7",270,12.46,NA,NA,NA,998.38,NA,NA,90,NA,NA,11.67,NA,NA,11.11,NA,NA,20,NA
1872-09-21 14:00:00,17.22,NA,"Ch0","Cl7",225,12.97,NA,NA,NA,1000.41,NA,NA,61,NA,NA,13.89,NA,NA,12.22,NA,NA,12,NA
1872-09-21 21:00:00,15.56,NA,"Ch0","Cl7",270,11.85,NA,NA,NA,1004.47,NA,NA,75,NA,NA,11.11,NA,NA,11.11,NA,NA,20,",ra"
1872-09-22,NA,"empty",NA,NA,NA,NA,17.2,NA,NA,NA,NA,NA,NA,80,NA,NA,14.72,-8.61,NA,10.28,19.44,NA,NA
1872-09-22 07:00:00,15,NA,"Cm8","Cl0",270,17.47,NA,"337.5",NA,1009.96,NA,NA,84,NA,NA,11.94,NA,NA,16.67,NA,NA,16,NA
1872-09-22 14:00:00,19.44,NA,"Cm8","Cl0",225,21.64,NA,"270",NA,1010.9,NA,NA,100,NA,NA,18.33,NA,NA,18.89,NA,NA,20,NA
1872-09-22 21:00:00,16.67,NA,"Ch0","Cl7",247.5,12.5,NA,NA,NA,1012.67,NA,NA,57,NA,NA,13.89,NA,NA,14.44,NA,NA,5,NA
1872-09-23,NA,"0",NA,NA,NA,NA,13.44,NA,NA,NA,NA,NA,NA,80,NA,NA,13.33,-8.89,NA,8.33,17.22,NA,NA
1872-09-23 07:00:00,16.67,NA,"Ch0","Cl4",337.5,13.44,NA,NA,NA,1016.59,NA,NA,82,NA,NA,14.44,NA,NA,11.11,NA,NA,15,NA
1872-09-23 14:00:00,18.33,NA,"Ch0","Cl4",292.5,12.97,NA,NA,NA,1019.71,NA,NA,61,NA,NA,16.67,NA,NA,14.72,NA,NA,12,NA
1872-09-23 21:00:00,18.33,NA,"Ch0","Cl0",0,13.92,NA,NA,0,1024.38,NA,NA,97,NA,NA,8.33,NA,NA,11.67,NA,NA,5,NA
1872-09-24,NA,"imp",NA,NA,NA,NA,12.36,NA,NA,NA,NA,NA,NA,83,NA,NA,11.83,-7.22,NA,5.56,16.11,NA,NA
1872-09-24 07:00:00,14.44,NA,"Ch6","Cl0",0,13.31,NA,"315",NA,1028.45,NA,NA,82,NA,NA,9.44,NA,NA,12.78,NA,NA,5,NA
1872-09-24 14:00:00,17.22,NA,"Ch0","Cl4",270,13.51,NA,NA,NA,1029.12,NA,NA,72,NA,NA,15.56,NA,NA,13.89,NA,NA,5,NA
1872-09-24 21:00:00,16.67,NA,"Ch0","Cl7",202.5,10.29,NA,NA,NA,1029.46,NA,NA,96,NA,NA,11.11,NA,NA,8.06,NA,NA,5,",dz"
1872-09-25,NA,"0",NA,NA,NA,NA,11.92,NA,NA,NA,NA,NA,NA,87,NA,NA,17.11,-6.67,NA,11.11,22.22,NA,NA
1872-09-25 07:00:00,15.56,NA,"Ch0","Cl7",225,11.14,NA,NA,NA,1027.43,NA,NA,96,NA,NA,14.61,NA,NA,9.17,NA,NA,20,",ra"
1872-09-25 14:00:00,20,NA,"Ch0","Cl0",225,12.43,NA,NA,0,1025.06,NA,NA,71,NA,NA,21.67,NA,NA,12.78,NA,NA,15,NA
1872-09-25 21:00:00,19.44,NA,"Ch0","Cl0",225,12.22,NA,NA,0,1024.25,NA,NA,93,NA,NA,15,NA,NA,10.56,NA,NA,45,NA
1872-09-26,NA,"0",NA,NA,NA,NA,15,NA,NA,NA,NA,NA,NA,79,NA,NA,19.44,-7.22,NA,14.44,25,NA,NA
1872-09-26 07:00:00,17.22,NA,"Ch0","Cl0",225,14.09,NA,NA,0,1023.57,NA,NA,85,NA,NA,17.22,NA,NA,13.33,NA,NA,5,NA
1872-09-26 14:00:00,21.11,NA,"Ch0","Cl0",225,15.88,NA,NA,0,1021.74,NA,NA,62,NA,NA,24.44,NA,NA,17.22,NA,NA,12,NA
1872-09-26 21:00:00,20.56,NA,"Ch0","Cl0",180,15.1,NA,NA,0,1022.08,NA,NA,91,NA,NA,16.67,NA,NA,14.17,NA,NA,20,NA
1872-09-27,NA,"imp",NA,NA,NA,NA,17.2,NA,NA,NA,NA,NA,NA,78,NA,NA,18.89,-8.61,NA,15,24.17,NA,",lt"
1872-09-27 07:00:00,18.33,NA,"Cm8","Cl0",202.5,16.42,NA,NA,0,1021.06,NA,NA,86,NA,NA,18.61,NA,NA,15.83,NA,NA,11,NA
1872-09-27 14:00:00,21.39,NA,"Ch0","Cl7",202.5,18.35,NA,NA,NA,1021.37,NA,NA,60,NA,NA,20.56,NA,NA,19.44,NA,NA,20,NA
1872-09-27 21:00:00,20,NA,"Ch0","Cl7",157.5,16.86,NA,NA,NA,1018.76,NA,NA,90,NA,NA,16.94,NA,NA,15.83,NA,NA,20,NA
1872-09-28,NA,"empty",NA,NA,NA,NA,17.17,NA,NA,NA,"9:00am","7:00pm",NA,81,NA,NA,18.78,-13.61,NA,15,19.17,NA,NA
1872-09-28 07:00:00,18.89,NA,"Ch0","Cl7",202.5,17.24,NA,NA,NA,1014.56,NA,NA,81,NA,NA,18.33,NA,NA,16.67,NA,NA,20,NA
1872-09-28 14:00:00,19.72,NA,"Ch0","Cl7",225,16.76,NA,NA,NA,1012.53,NA,NA,70,NA,NA,18.89,NA,NA,17.22,NA,NA,12,NA
1872-09-28 21:00:00,20,NA,"Ch0","Cl7",337.5,17.51,NA,NA,NA,1014.9,NA,NA,91,NA,NA,19.17,NA,NA,16.11,NA,NA,20,NA
1872-09-29,NA,"empty",NA,NA,NA,NA,12.36,NA,NA,NA,NA,NA,NA,76,NA,NA,14.56,-16.67,NA,11.94,13.06,NA,NA
1872-09-29 07:00:00,19.17,NA,"Ch6","Cl0",0,12.06,NA,"0",NA,1018.96,NA,NA,78,NA,NA,13.61,NA,NA,11.67,NA,NA,11,NA
1872-09-29 14:00:00,19.44,NA,"Cm8","Cl0",0,12.29,NA,"270",NA,1019.71,NA,NA,64,NA,NA,16.94,NA,NA,13.33,NA,NA,0,NA
1872-09-29 21:00:00,17.5,NA,"Ch0","Cl7",112.5,12.73,NA,NA,NA,1020.05,NA,NA,87,NA,NA,13.06,NA,NA,11.94,NA,NA,11,NA
1872-09-30,NA,"empty",NA,NA,NA,NA,13.95,NA,NA,NA,NA,NA,NA,81,NA,NA,14.28,-8.06,NA,12.5,22.22,NA,NA
1872-09-30 07:00:00,16.67,NA,"Ch0","Cl4",225,13.48,NA,NA,NA,1016.26,NA,NA,90,NA,NA,13.06,NA,NA,12.22,NA,NA,11,NA
1872-09-30 14:00:00,18.89,NA,"Ch0","Cl7",225,14.39,NA,NA,NA,1018.08,NA,NA,64,NA,NA,19.44,NA,NA,15.56,NA,NA,2,NA
1872-09-30 21:00:00,17.5,NA,"Cm8","Ch6",180,13.99,NA,NA,0,1017.54,NA,NA,90,NA,NA,13.61,NA,NA,12.78,NA,NA,20,NA
1872-10-01,NA,"imp",NA,NA,NA,NA,19.64,NA,NA,NA,"4:00am","12pm",NA,97,NA,NA,17.67,-11.39,NA,13.33,19.72,NA,NA
1872-10-01 07:00:00,16.67,NA,NA,"Cl7",180,16.39,NA,NA,NA,1012.53,NA,NA,97,NA,NA,15,NA,NA,14.72,NA,NA,11,",ra"
1872-10-01 14:00:00,18.89,NA,NA,"Cl7",180,20.28,NA,NA,NA,1009.14,NA,NA,97,NA,NA,18.33,NA,NA,18.06,NA,NA,20,",ra"
1872-10-01 21:00:00,19.72,NA,NA,"Cl7",202.5,22.21,NA,NA,NA,1008.67,NA,NA,97,NA,NA,19.72,NA,NA,19.44,NA,NA,45,",ra"
1872-10-02,NA,"0",NA,NA,NA,NA,14.22,NA,NA,NA,"0:00am [12am]","9:30am",NA,78,NA,NA,15.83,-7.5,NA,10.56,20.83,NA,NA
1872-10-02 07:00:00,19.17,NA,"Ch0","Cl7",180,19.51,NA,NA,NA,997.29,NA,NA,92,NA,NA,18.61,NA,NA,17.78,NA,NA,27,",ra"
1872-10-02 14:00:00,20,NA,"Ch0","Cl7",270,13.17,NA,NA,NA,992.14,NA,NA,63,NA,NA,18.33,NA,NA,14.44,NA,NA,24,NA
1872-10-02 21:00:00,18.33,NA,"Ch0","Cl0",225,10.02,NA,NA,0,998.44,NA,NA,79,NA,NA,10.56,NA,NA,8.89,NA,NA,25,NA
1872-10-03,NA,"iv",NA,NA,NA,NA,8.97,NA,NA,NA,"3:00am","12:00pm",NA,72,NA,NA,10.67,-10,NA,7.22,15,NA,NA
1872-10-03 07:00:00,14.44,NA,"Ch0","Cl4",225,8.97,NA,NA,NA,1000.95,NA,NA,75,NA,NA,9.72,NA,NA,7.78,NA,NA,24,NA
1872-10-03 14:00:00,15.56,NA,"Ch0","Cl4",270,8.64,NA,NA,NA,1000.88,NA,NA,53,NA,NA,14.44,NA,NA,10,NA,NA,24,NA
1872-10-03 21:00:00,16.39,NA,"Ch0","Cl0",202.5,9.28,NA,NA,0,1003.32,NA,NA,88,NA,NA,7.78,NA,NA,6.94,NA,NA,5,NA
1872-10-04,NA,"imp",NA,NA,NA,NA,9.48,NA,NA,NA,"0:00am [12am]","7:00am",NA,83,NA,NA,9.28,-12.5,NA,7.22,12.5,NA,",ra,"
1872-10-04 07:00:00,13.06,NA,NA,"Cl7",270,10.73,NA,NA,NA,999.87,NA,NA,100,NA,NA,8.06,NA,NA,8.06,NA,NA,20,",ra"
1872-10-04 14:00:00,16.39,NA,NA,"Cl7",315,8.47,NA,NA,NA,1003.25,NA,NA,61,NA,NA,11.94,NA,NA,8.61,NA,NA,24,NA
1872-10-04 21:00:00,18.33,NA,NA,"Cl7",315,9.24,NA,NA,NA,1010.9,NA,NA,88,NA,NA,7.78,NA,NA,6.94,NA,NA,20,NA
1872-10-05,NA,"iii",NA,NA,NA,NA,7.55,NA,NA,NA,NA,NA,NA,82,NA,NA,6.11,-10,NA,2.78,10.56,NA,",au,"
1872-10-05 07:00:00,14.17,NA,"Ch0","Cl7",270,9.18,NA,NA,NA,1019.98,NA,NA,96,NA,NA,6.67,NA,NA,6.28,NA,NA,1,NA
1872-10-05 14:00:00,16.67,NA,"Ch0","Cl4",337.5,6.4,NA,NA,NA,1025.94,NA,NA,56,NA,NA,8.89,NA,NA,5.56,NA,NA,16,NA
1872-10-05 21:00:00,15.83,NA,"Ch0","Cl0",315,7.08,NA,NA,0,1028.11,NA,NA,95,NA,NA,2.78,NA,NA,2.5,NA,NA,5,NA
1872-10-06,NA,"0",NA,NA,NA,NA,9.85,NA,NA,NA,NA,NA,NA,68,NA,NA,13.06,-2.5,NA,1.67,16.94,NA,",frst,"
1872-10-06 07:00:00,12.78,NA,"Ch0","Cl0",225,9.99,NA,NA,0,1026.41,NA,NA,76,NA,NA,11.11,NA,NA,9.17,NA,NA,16,NA
1872-10-06 14:00:00,20.28,NA,"Ch0","Cl4",225,9.35,NA,NA,NA,1024.72,NA,NA,57,NA,NA,15.56,NA,NA,11.39,NA,NA,20,NA
1872-10-06 21:00:00,19.44,NA,"Ch0","Cl0",315,10.19,NA,NA,0,1024.25,NA,NA,71,NA,NA,12.5,NA,NA,10,NA,NA,16,NA
1872-10-07,NA,"0",NA,NA,NA,NA,13.11,NA,NA,NA,NA,NA,NA,74,NA,NA,15.28,-9.17,NA,11.67,20.28,NA,NA
1872-10-07 07:00:00,18.89,NA,"Ch6","Cl0",225,13.99,NA,"225",NA,1025.06,NA,NA,90,NA,NA,13.61,NA,NA,12.78,NA,NA,12,NA
1872-10-07 14:00:00,20,NA,"Ch6","Cl0",225,12.73,NA,"180",NA,1023.37,NA,NA,59,NA,NA,18.89,NA,NA,14.44,NA,NA,12,NA
1872-10-07 21:00:00,17.22,NA,"Ch0","Cl0",225,12.63,NA,NA,0,1022.62,NA,NA,73,NA,NA,13.33,NA,NA,12.78,NA,NA,45,NA
1872-10-08,NA,"imp",NA,NA,NA,NA,18.39,NA,NA,NA,"8:00pm","12:00pm",NA,90,NA,NA,17.78,-10,NA,12.78,20.56,NA,NA
1872-10-08 07:00:00,16.67,NA,NA,"Cl4",180,15.48,NA,NA,NA,1019.3,NA,NA,85,NA,NA,16.11,NA,NA,14.72,NA,NA,45,NA
1872-10-08 14:00:00,18.33,NA,NA,"Cl7",180,20.72,NA,NA,NA,1015.51,NA,NA,89,NA,NA,20,NA,NA,18.89,NA,NA,25,NA
1872-10-08 21:00:00,19.17,NA,NA,"Cl7",180,18.93,NA,NA,NA,1009.08,NA,NA,97,NA,NA,17.22,NA,NA,16.94,NA,NA,18,",ra"
1872-10-09,NA,"0",NA,NA,NA,NA,11.75,NA,NA,NA,"0:00am [12am]","3:00am",NA,89,NA,NA,11.22,-8.89,NA,8.33,17.22,NA,NA
1872-10-09 07:00:00,17.78,NA,NA,"Cl7",247.5,12.22,NA,NA,NA,1009.48,NA,NA,93,NA,NA,11.11,NA,NA,10.56,NA,NA,12,NA
1872-10-09 14:00:00,18.33,NA,NA,"Cl7",315,12.8,NA,NA,NA,1010.57,NA,NA,81,NA,NA,13.89,NA,NA,12.22,NA,NA,2,NA
1872-10-09 21:00:00,17.5,NA,NA,"Cl6",247.5,10.26,NA,NA,NA,1012.33,NA,NA,92,NA,NA,8.61,NA,NA,8.06,NA,NA,20,NA
1872-10-10,NA,"0",NA,NA,NA,NA,11.07,NA,NA,NA,NA,NA,NA,84,NA,NA,11.39,-3.33,NA,4.44,18.89,NA,NA
1872-10-10 07:00:00,12.22,NA,"Ch0","Cl0",247.5,9.75,NA,NA,0,1011.31,NA,NA,100,NA,NA,6.67,NA,NA,6.67,NA,NA,11,",ra"
1872-10-10 14:00:00,17.22,NA,"Ch0","Cl0",270,13.17,NA,NA,0,1009.55,NA,NA,63,NA,NA,18.33,NA,NA,14.44,NA,NA,20,NA
1872-10-10 21:00:00,16.67,NA,"Ch0","Cl0",180,10.26,NA,NA,0,1007.38,NA,NA,89,NA,NA,9.17,NA,NA,8.33,NA,NA,11,NA
1872-10-11,NA,"imp",NA,NA,NA,NA,11.38,NA,NA,NA,"6:00pm","8:00pm",NA,88,NA,NA,10.67,-5,NA,6.11,18.89,NA,NA
1872-10-11 07:00:00,14.72,NA,NA,"Cl7",202.5,11.11,NA,NA,NA,1007.11,NA,NA,89,NA,NA,10.28,NA,NA,9.44,NA,NA,1,NA
1872-10-11 14:00:00,17.22,NA,NA,"Cl7",225,14.43,NA,NA,NA,1006.16,NA,NA,82,NA,NA,15.56,NA,NA,13.89,NA,NA,20,NA
1872-10-11 21:00:00,16.11,NA,NA,"Cl7",270,8.6,NA,NA,NA,1012.12,NA,NA,92,NA,NA,6.11,NA,NA,5.56,NA,NA,5,NA
1872-10-12,NA,"iii",NA,NA,NA,NA,7.65,NA,NA,NA,NA,NA,NA,82,NA,NA,6.22,-8.06,NA,1.11,10.83,NA,NA
1872-10-12 07:00:00,11.67,NA,"Ch0","Cl4",292.5,7.86,NA,NA,NA,1023.03,NA,NA,87,NA,NA,5.56,NA,NA,4.72,NA,NA,11,NA
1872-10-12 14:00:00,12.78,NA,"Ch0","Cl4",337.5,8.13,NA,NA,NA,1017.14,NA,NA,68,NA,NA,9.72,NA,NA,7.22,NA,NA,34,NA
1872-10-12 21:00:00,17.22,NA,"Cm8","Cl0",292.5,7.01,NA,"315",NA,1020.73,NA,NA,90,NA,NA,3.33,NA,NA,2.78,NA,NA,2,NA
1872-10-13,NA,"imp",NA,NA,NA,NA,7.01,NA,NA,NA,NA,NA,NA,68,NA,NA,7.61,-5.28,NA,0.56,13.06,NA,",frst,"
1872-10-13 07:00:00,16.67,NA,"Ch0","Cl0",270,5.01,NA,NA,0,1023.3,NA,NA,49,NA,NA,7.22,NA,NA,3.61,NA,NA,1,NA
1872-10-13 14:00:00,18.89,NA,"Ch6","Cl0",90,8.13,NA,NA,0,1021.74,NA,NA,68,NA,NA,10,NA,NA,7.22,NA,NA,45,NA
1872-10-13 21:00:00,16.67,NA,"Cm8","Cl0",157.5,7.86,NA,"135",NA,1018.76,NA,NA,87,NA,NA,5.56,NA,NA,4.72,NA,NA,20,NA
1872-10-14,NA,"2 at 7 to 8pm",NA,NA,NA,NA,14.87,NA,NA,NA,"6:00am","12:00pm",NA,95,NA,NA,13.61,-7.5,NA,5.28,15.56,NA,",ra,"
1872-10-14 07:00:00,14.44,NA,NA,"Cl7",135,11.11,NA,NA,NA,1008.87,NA,NA,93,NA,NA,9.72,NA,NA,9.17,NA,NA,34,NA
1872-10-14 14:00:00,15.56,NA,NA,"Cl7",135,16.49,NA,NA,NA,1001.69,NA,NA,94,NA,NA,15.56,NA,NA,15,NA,NA,20,NA
1872-10-14 21:00:00,20.83,NA,NA,"Cl7",135,17,NA,NA,NA,1001.42,NA,NA,97,NA,NA,15.56,NA,NA,15.28,NA,NA,11,NA
1872-10-15,NA,"iii",NA,NA,NA,NA,9.79,NA,NA,NA,"0:00am","6:00am",NA,80,NA,NA,10.11,-8.89,NA,5.56,14.44,NA,NA
1872-10-15 07:00:00,17.5,NA,"Ch0","Cl4",270,11.11,NA,NA,NA,1001.42,NA,NA,90,NA,NA,10.28,NA,NA,9.44,NA,NA,20,NA
1872-10-15 14:00:00,16.67,NA,"Ch0","Cl0",270,9.99,NA,NA,0,1002.71,NA,NA,63,NA,NA,13.89,NA,NA,10.56,NA,NA,20,NA
1872-10-15 21:00:00,13.89,NA,"Cm8","Cl0",225,8.23,NA,"270",NA,1010.23,NA,NA,87,NA,NA,6.11,NA,NA,5.28,NA,NA,11,NA
1872-10-16,NA,"imp",NA,NA,NA,NA,11.11,NA,NA,NA,"10:00pm","12:00pm",NA,88,NA,NA,10.28,-8.33,NA,3.33,12.78,NA,NA
1872-10-16 07:00:00,12.5,NA,"Ch6","Cl0",225,8.36,NA,"225",NA,1017.51,NA,NA,88,NA,NA,6.39,NA,NA,5.56,NA,NA,5,NA
1872-10-16 14:00:00,16.67,NA,"Ch0","Cl4",225,13.68,NA,NA,NA,1015.92,NA,NA,93,NA,NA,12.78,NA,NA,12.22,NA,NA,20,NA
1872-10-16 21:00:00,15,NA,"Ch0","Cl4",225,11.31,NA,NA,NA,1015.65,NA,NA,83,NA,NA,11.67,NA,NA,10.28,NA,NA,18,NA
1872-10-17,NA,"ii",NA,NA,NA,NA,7.18,NA,NA,NA,NA,NA,NA,84,NA,NA,4.83,-9.44,NA,0.83,9.17,NA,",frst"
1872-10-17 07:00:00,13.33,NA,"Ch0","Cl7",270,7.72,NA,NA,NA,1025.53,NA,NA,87,NA,NA,5.28,NA,NA,4.44,NA,NA,34,NA
1872-10-17 14:00:00,13.89,NA,"Ch0","Cl0",315,7.62,NA,NA,0,1028.38,NA,NA,70,NA,NA,8.33,NA,NA,6.11,NA,NA,20,NA
1872-10-17 21:00:00,15.56,NA,"Ch0","Cl0",292.5,6.16,NA,NA,0,1030.21,NA,NA,95,NA,NA,0.83,NA,NA,0.56,NA,NA,0,NA
1872-10-18,NA,"imp",NA,NA,NA,NA,11.55,NA,NA,NA,"9:00pm","12:00pm",NA,91,NA,NA,10.39,-3.06,NA,0.56,15.28,NA,",ts,"
1872-10-18 07:00:00,12.78,NA,"Cm8","Cl0",225,7.96,NA,"225",NA,1027.02,NA,NA,91,NA,NA,5,NA,NA,4.44,NA,NA,1,NA
1872-10-18 14:00:00,13.89,NA,"Ch0","Cl7",225,12.29,NA,NA,NA,1022.08,NA,NA,81,NA,NA,13.33,NA,NA,11.67,NA,NA,45,NA
1872-10-18 21:00:00,13.89,NA,"Ch0","Cl7",225,14.39,NA,NA,NA,1015.92,NA,NA,100,NA,NA,12.78,NA,NA,12.61,NA,NA,0,",ra"
1872-10-19,NA,"imp",NA,NA,NA,NA,14.76,NA,NA,NA,"0:00am","4:00am",NA,98,NA,NA,13.17,-11.67,NA,10.56,16.67,NA,",ts,"
1872-10-19 07:00:00,15.56,NA,NA,"Cl7",112.5,15.78,NA,NA,NA,1009.55,NA,NA,100,NA,NA,13.89,NA,NA,13.89,NA,NA,11,NA
1872-10-19 14:00:00,18.33,NA,NA,"Cl7",90,15.88,NA,NA,NA,1001.08,NA,NA,94,NA,NA,15,NA,NA,14.44,NA,NA,2,NA
1872-10-19 21:00:00,20,NA,NA,"Cl7",270,12.67,NA,NA,NA,998.38,NA,NA,100,NA,NA,10.56,NA,NA,10.56,NA,NA,2,NA
1872-10-20,NA,"imp",NA,NA,NA,NA,7.62,NA,NA,NA,"6:00pm | 0:00am [12am]","12:00pm | 10:00pm",NA,82,NA,NA,6.22,-14.44,NA,3.33,6.67,NA,NA
1872-10-20 07:00:00,15,NA,NA,"Cl7",270,7.18,NA,NA,NA,998.58,NA,NA,63,NA,NA,8.89,NA,NA,6.11,NA,NA,2,",ra"
1872-10-20 14:00:00,19.44,NA,NA,"Cl7",270,8.87,NA,NA,NA,999.73,NA,NA,96,NA,NA,6.11,NA,NA,5.72,NA,NA,34,NA
1872-10-20 21:00:00,18.89,NA,NA,"Cl7",270,6.81,NA,NA,NA,1004.88,NA,NA,86,NA,NA,3.61,NA,NA,2.78,NA,NA,45,",ra"
1872-10-21,NA,"0",NA,NA,NA,NA,6.23,NA,NA,NA,NA,NA,NA,66,NA,NA,4.89,-12.22,NA,1.67,7.22,NA,NA
1872-10-21 07:00:00,10,NA,"Ch0","Cl0",270,5.55,NA,NA,0,1009.96,NA,NA,76,NA,NA,2.94,NA,NA,1.39,NA,NA,34,NA
1872-10-21 14:00:00,17.78,NA,"Ch0","Cl0",270,6.84,NA,NA,0,1013.82,NA,NA,62,NA,NA,8.33,NA,NA,5.56,NA,NA,45,NA
1872-10-21 21:00:00,17.78,NA,"Ch0","Cl0",270,6.3,NA,NA,0,1019.37,NA,NA,61,NA,NA,3.33,NA,NA,2.22,NA,NA,1,NA
1872-10-22,NA,"0",NA,NA,NA,NA,9.21,NA,NA,NA,NA,NA,NA,80,NA,NA,9.44,-4.17,NA,1.67,15.28,NA,NA
1872-10-22 07:00:00,14.72,NA,"Ch0","Cl0",180,7.62,NA,NA,0,1023.03,NA,NA,91,NA,NA,4.44,NA,NA,3.89,NA,NA,34,NA
1872-10-22 14:00:00,18.33,NA,"Ch0","Cl0",225,9.35,NA,NA,0,1023.84,NA,NA,54,NA,NA,15.28,NA,NA,10.83,NA,NA,20,NA
1872-10-22 21:00:00,17.78,NA,"Ch0","Cl0",225,10.7,NA,NA,0,1025.53,NA,NA,96,NA,NA,8.61,NA,NA,8.33,NA,NA,45,NA
1872-10-23,NA,"imp",NA,NA,NA,NA,11.51,NA,NA,NA,NA,NA,NA,84,NA,NA,12.06,-3.89,NA,1.67,15.56,NA,NA
1872-10-23 07:00:00,18.33,NA,"Ch0","Cl0",202.5,10.67,NA,NA,0,1025.53,NA,NA,89,NA,NA,9.72,NA,NA,8.89,NA,NA,45,NA
1872-10-23 14:00:00,18.06,NA,"Ch0","Cl0",270,10.94,NA,NA,0,1023.98,NA,NA,65,NA,NA,15,NA,NA,11.67,NA,NA,12,NA
1872-10-23 21:00:00,17.78,NA,"Ch0","Cl7",0,12.94,NA,NA,NA,1025.4,NA,NA,97,NA,NA,11.39,NA,NA,11.11,NA,NA,45,NA
1872-10-24,NA,"0",NA,NA,NA,NA,6.74,NA,NA,NA,"5:00am","5:30am",NA,76,NA,NA,5.56,-9.06,NA,2.22,10.94,NA,NA
1872-10-24 07:00:00,15,NA,"Ch6","Cl0",0,7.75,NA,"90",NA,1030.75,NA,NA,87,NA,NA,5.56,NA,NA,4.61,NA,NA,12,NA
1872-10-24 14:00:00,14.44,NA,"Ch0","Cl0",0,6.06,NA,NA,0,1030.48,NA,NA,55,NA,NA,8.33,NA,NA,5,NA,NA,20,NA
1872-10-24 21:00:00,16.67,NA,"Ch0","Cl0",90,6.37,NA,NA,0,1031.36,NA,NA,85,NA,NA,2.78,NA,NA,1.94,NA,NA,0,NA
1872-10-25,NA,"0",NA,NA,NA,NA,8.6,NA,NA,NA,NA,NA,NA,75,NA,NA,9.06,-1.11,NA,1.39,18.06,NA,NA
1872-10-25 07:00:00,12.78,NA,"Ch0","Cl0",202.5,7.82,NA,NA,0,1028.65,NA,NA,83,NA,NA,6.11,NA,NA,5,NA,NA,2,NA
1872-10-25 14:00:00,15.56,NA,"Ch0","Cl0",225,10.5,NA,NA,0,1026.48,NA,NA,60,NA,NA,15.56,NA,NA,11.67,NA,NA,20,NA
1872-10-25 21:00:00,19.44,NA,"Ch0","Cl0",225,7.48,NA,NA,0,1024.45,NA,NA,83,NA,NA,5.56,NA,NA,4.44,NA,NA,45,NA
1872-10-26,NA,"imp",NA,NA,NA,NA,10.73,NA,NA,NA,"6:00pm","12:00pm",NA,89,NA,NA,9.61,-10.28,NA,4.17,11.67,NA,NA
1872-10-26 07:00:00,13.33,NA,NA,"Cl7",180,7.75,NA,NA,NA,1020.73,NA,NA,80,NA,NA,6.67,NA,NA,5.28,NA,NA,5,NA
1872-10-26 14:00:00,13.61,NA,NA,"Cl7",180,12.7,NA,NA,NA,1023.1,NA,NA,93,NA,NA,11.67,NA,NA,11.11,NA,NA,16,NA
1872-10-26 21:00:00,16.94,NA,NA,"Cl7",202.5,11.78,NA,NA,NA,1013.95,NA,NA,93,NA,NA,10.56,NA,NA,10,NA,NA,0,",ra"
1872-10-27,NA,"imp",NA,NA,NA,NA,9.75,NA,NA,NA,"0:00am [12am]","10:00pm",NA,95,NA,NA,6.94,-10.67,NA,3.06,10.17,NA,",ra,"
1872-10-27 07:00:00,20,NA,NA,"Cl7",292.5,12.22,NA,NA,NA,1001.08,NA,NA,100,NA,NA,10,NA,NA,10,NA,NA,15,",ra"
1872-10-27 14:00:00,20,NA,NA,"Cl7",292.5,10.53,NA,NA,NA,1001.42,NA,NA,100,NA,NA,7.78,NA,NA,7.78,NA,NA,30,",ra"
1872-10-27 21:00:00,17.78,NA,NA,"Cl7",0,6.5,NA,NA,NA,1010.84,NA,NA,86,NA,NA,3.06,NA,NA,2.22,NA,NA,25,",ra"
1872-10-28,NA,"imp",NA,NA,NA,NA,5.38,NA,NA,NA,NA,NA,NA,68,NA,NA,3.72,-13.33,NA,1.67,6.11,NA,",gr,"
1872-10-28 07:00:00,12.78,NA,NA,"Cl7",0,5.22,NA,NA,NA,1016.26,NA,NA,67,NA,NA,3.33,NA,NA,1.39,NA,NA,15,",sq"
1872-10-28 14:00:00,12.78,NA,NA,"Cl4",0,6.2,NA,NA,NA,1019.17,NA,NA,70,NA,NA,5.56,NA,NA,3.5,NA,NA,45,NA
1872-10-28 21:00:00,17.5,NA,NA,"Cl7",0,4.71,NA,NA,NA,1026.08,NA,NA,66,NA,NA,2.22,NA,NA,0.28,NA,NA,45,NA
1872-10-29,NA,"imp",NA,NA,NA,NA,5.45,NA,NA,NA,NA,NA,NA,76,NA,NA,2.67,-14.72,NA,1.11,4.17,NA,NA
1872-10-29 07:00:00,13.89,NA,NA,"Cl7",0,6.23,NA,NA,NA,1028.78,NA,NA,85,NA,NA,2.5,NA,NA,1.67,NA,NA,5,NA
1872-10-29 14:00:00,10,NA,NA,"Cl7",0,4.17,NA,NA,NA,1030.55,NA,NA,54,NA,NA,3.33,NA,NA,0.56,NA,NA,45,NA
1872-10-29 21:00:00,15.56,NA,NA,"Cl7",45,5.93,NA,NA,NA,1033.93,NA,NA,89,NA,NA,2.22,NA,NA,0.56,NA,NA,11,NA
1872-10-30,NA,"0",NA,NA,NA,NA,6.43,NA,NA,NA,NA,NA,NA,82,NA,NA,3.72,-7.78,NA,-0.28,9.72,NA,",frst"
1872-10-30 07:00:00,12.22,NA,"Cm8","Cl0",0,6.37,NA,"45",NA,1034.41,NA,NA,77,NA,NA,4.17,NA,NA,2.78,NA,NA,11,NA
1872-10-30 14:00:00,16.94,NA,"Ch0","Cl0",315,6.94,NA,NA,0,1034.54,NA,NA,68,NA,NA,7.22,NA,NA,5,NA,NA,11,NA
1872-10-30 21:00:00,14.44,NA,"Ch0","Cl0",0,6.03,NA,NA,0,1029.8,NA,NA,100,NA,NA,-0.28,NA,NA,-0.28,NA,NA,0,NA
1872-10-31,NA,"imp",NA,NA,NA,NA,7.96,NA,NA,NA,NA,NA,NA,84,NA,NA,6.22,-3.5,NA,-1.67,12.61,NA,",fg"
1872-10-31 07:00:00,12.22,NA,"Ch6","Cl0",0,6.13,NA,"90",0,1023.77,NA,NA,100,NA,NA,0,NA,NA,0,NA,NA,0,NA
1872-10-31 14:00:00,16.94,NA,"Ch0","Cl7",90,9.41,NA,NA,NA,1021,NA,NA,81,NA,NA,9.17,NA,NA,7.78,NA,NA,45,NA
1872-10-31 21:00:00,14.44,NA,"Ch0","Cl7",90,8.36,NA,NA,NA,1029.8,NA,NA,71,NA,NA,9.44,NA,NA,7.22,NA,NA,14,NA
