"stationName","latitude","longitude","elevation","timeZone","UTCoffset","WMOID","MSCID"
"Rigolet","54.30","-58.54",NA,"America/Goose_Bay","4",NA,"8503090"
"Short_Name","What","Material","Error","Units","Seasonality","Data_Type","Detail","Method","Data_Format","Additional_Information"
"atb","temperature","atmospheric material",NA,"C","sub-daily","instrumental","original_observation","field method","n",NA
"cd","wind direction","atmospheric material",NA,"degrees","sub-daily","historical","original_observation","field method","n",NA
"dd","wind direction","atmospheric material",NA,"degrees","sub-daily","historical","original_observation","field method","n",NA
"hd","wind direction","atmospheric material",NA,"degrees","sub-daily","historical","original_observation","field method","n",NA
"p","surface pressure","atmospheric material",NA,"hPa","sub-daily","instrumental","original_observation","field method","n",NA
"pr","precipitation","precipitation",NA,"mm","sub-daily","instrumental","original_observation","field method","n",NA
"ptb","hour","precipitation",NA,"hh:mm","sub-daily","historical","original_observation","field method","n",NA
"pte","hour","precipitation",NA,"hh:mm","sub-daily","historical","original_observation","field method","n",NA
"sd","snowfall","precipitation",NA,"cm","sub-daily","instrumental","original_observation","field method","n",NA
"ta","air temperature","atmospheric material",NA,"C","sub-daily","instrumental","original_observation","field method","n",NA
"ta_mean","air temperature","atmospheric material",NA,"C","daily","instrumental","mean","computational method","n",NA
"w","wind speed","atmospheric material",NA,"mps","sub-daily","instrumental","original_observation","field method","n",NA
"ww","weather","atmospheric material",NA,"synop","sub-daily","historical","original_observation","field method","c",NA
"ObservationDate","atb","cd","dd","hd","p","pr","ptb","pte","sd","ta","ta_mean","w","ww"
1860-07-01,NA,NA,NA,NA,NA,NA,NA,NA,NA,NA,NA,NA,NA
1860-07-01 07:00:00,NA,NA,45,NA,NA,NA,NA,NA,NA,6.11,NA,0,",bkn"
1860-07-01 14:00:00,NA,NA,NA,NA,NA,NA,NA,NA,NA,NA,NA,0,NA
1860-07-01 21:00:00,NA,NA,45,NA,NA,NA,NA,NA,NA,5.56,NA,0,NA
1860-07-02,NA,NA,NA,NA,NA,NA,NA,NA,NA,NA,NA,NA,"rain"
1860-07-02 07:00:00,NA,NA,0,NA,NA,NA,NA,NA,NA,6.11,NA,0,",ra"
1860-07-02 14:00:00,NA,NA,NA,NA,NA,NA,NA,NA,NA,NA,NA,0,NA
1860-07-02 21:00:00,NA,NA,45,NA,NA,NA,NA,NA,NA,7.22,NA,0,NA
1860-07-03,NA,NA,NA,NA,NA,NA,NA,NA,NA,NA,NA,NA,NA
1860-07-03 07:00:00,NA,NA,NA,NA,NA,NA,NA,NA,NA,-2.22,NA,0,",skc"
1860-07-03 14:00:00,NA,NA,NA,NA,NA,NA,NA,NA,NA,NA,NA,0,NA
1860-07-03 21:00:00,NA,NA,45,NA,NA,NA,NA,NA,NA,5,NA,0,",bkn"
1860-07-04,NA,NA,NA,NA,NA,NA,NA,NA,NA,NA,NA,NA,"rain"
1860-07-04 07:00:00,NA,NA,45,NA,NA,NA,NA,NA,NA,3.33,NA,0,",ra"
1860-07-04 14:00:00,NA,NA,NA,NA,NA,NA,NA,NA,NA,NA,NA,0,NA
1860-07-04 21:00:00,NA,NA,45,NA,NA,NA,NA,NA,NA,5.56,NA,0,",bkn"
1860-07-05,NA,NA,NA,NA,NA,NA,NA,NA,NA,NA,NA,NA,"rain"
1860-07-05 07:00:00,NA,NA,45,NA,NA,NA,NA,NA,NA,5,NA,0,",ra"
1860-07-05 14:00:00,NA,NA,NA,NA,NA,NA,NA,NA,NA,NA,NA,0,NA
1860-07-05 21:00:00,NA,NA,45,NA,NA,NA,NA,NA,NA,5.56,NA,0,",skc"
1860-07-06,NA,NA,NA,NA,NA,NA,NA,NA,NA,NA,NA,NA,NA
1860-07-06 07:00:00,NA,NA,0,NA,NA,NA,NA,NA,NA,4.44,NA,0,",skc"
1860-07-06 14:00:00,NA,NA,NA,NA,NA,NA,NA,NA,NA,NA,NA,0,NA
1860-07-06 21:00:00,NA,NA,NA,NA,NA,NA,NA,NA,NA,7.22,NA,0,",bkn"
1860-07-07,NA,NA,NA,NA,NA,NA,NA,NA,NA,NA,NA,NA,NA
1860-07-07 07:00:00,NA,NA,270,NA,NA,NA,NA,NA,NA,-0.56,NA,0,",skc"
1860-07-07 14:00:00,NA,NA,NA,NA,NA,NA,NA,NA,NA,NA,NA,0,NA
1860-07-07 21:00:00,NA,NA,NA,NA,NA,NA,NA,NA,NA,6.11,NA,0,",bkn"
1860-07-08,NA,NA,NA,NA,NA,NA,NA,NA,NA,NA,NA,NA,NA
1860-07-08 07:00:00,NA,NA,270,NA,NA,NA,NA,NA,NA,2.22,NA,0,",bkn"
1860-07-08 14:00:00,NA,NA,NA,NA,NA,NA,NA,NA,NA,NA,NA,0,NA
1860-07-08 21:00:00,NA,NA,NA,NA,NA,NA,NA,NA,NA,10,NA,0,",bkn"
1860-07-09,NA,NA,NA,NA,NA,NA,NA,NA,NA,NA,NA,NA,NA
1860-07-09 07:00:00,NA,NA,45,NA,NA,NA,NA,NA,NA,4.44,NA,0,",fg"
1860-07-09 14:00:00,NA,NA,NA,NA,NA,NA,NA,NA,NA,NA,NA,0,NA
1860-07-09 21:00:00,NA,NA,45,NA,NA,NA,NA,NA,NA,3.33,NA,0,NA
1860-07-10,NA,NA,NA,NA,NA,NA,NA,NA,NA,NA,NA,NA,NA
1860-07-10 07:00:00,NA,NA,45,NA,NA,NA,NA,NA,NA,2.22,NA,0,",ra"
1860-07-10 14:00:00,NA,NA,NA,NA,NA,NA,NA,NA,NA,NA,NA,0,NA
1860-07-10 21:00:00,NA,NA,45,NA,NA,NA,NA,NA,NA,7.22,NA,0,NA
1860-07-11,NA,NA,NA,NA,NA,NA,NA,NA,NA,NA,NA,NA,NA
1860-07-11 07:00:00,NA,NA,45,NA,NA,NA,NA,NA,NA,4.44,NA,0,",skc"
1860-07-11 14:00:00,NA,NA,NA,NA,NA,NA,NA,NA,NA,NA,NA,0,NA
1860-07-11 21:00:00,NA,NA,45,NA,NA,NA,NA,NA,NA,7.78,NA,0,",skc"
1860-07-12,NA,NA,NA,NA,NA,NA,NA,NA,NA,NA,NA,NA,NA
1860-07-12 07:00:00,NA,NA,315,NA,NA,NA,NA,NA,NA,5.56,NA,0,",skc"
1860-07-12 14:00:00,NA,NA,NA,NA,NA,NA,NA,NA,NA,NA,NA,0,NA
1860-07-12 21:00:00,NA,NA,NA,NA,NA,NA,NA,NA,NA,7.22,NA,0,",bkn"
1860-07-13,NA,NA,NA,NA,NA,NA,NA,NA,NA,NA,NA,NA,NA
1860-07-13 07:00:00,NA,NA,NA,NA,NA,NA,NA,NA,NA,2.22,NA,0,",skc"
1860-07-13 14:00:00,NA,NA,NA,NA,NA,NA,NA,NA,NA,NA,NA,0,NA
1860-07-13 21:00:00,NA,NA,45,NA,NA,NA,NA,NA,NA,7.22,NA,0,",bkn"
1860-07-14,NA,NA,NA,NA,NA,NA,NA,NA,NA,NA,NA,NA,NA
1860-07-14 07:00:00,NA,NA,315,NA,NA,NA,NA,NA,NA,4.44,NA,0,",bkn"
1860-07-14 14:00:00,NA,NA,NA,NA,NA,NA,NA,NA,NA,NA,NA,0,NA
1860-07-14 21:00:00,NA,NA,45,NA,NA,NA,NA,NA,NA,12.22,NA,0,",bkn"
1860-07-15,NA,NA,NA,NA,NA,NA,NA,NA,NA,NA,NA,NA,"rain"
1860-07-15 07:00:00,NA,NA,315,NA,NA,NA,NA,NA,NA,10,NA,0,",ra"
1860-07-15 14:00:00,NA,NA,NA,NA,NA,NA,NA,NA,NA,NA,NA,0,NA
1860-07-15 21:00:00,NA,NA,90,NA,NA,NA,NA,NA,NA,12.22,NA,0,",bkn"
1860-07-16,NA,NA,NA,NA,NA,NA,NA,NA,NA,NA,NA,NA,"rain"
1860-07-16 07:00:00,NA,NA,315,NA,NA,NA,NA,NA,NA,10,NA,0,",skc"
1860-07-16 14:00:00,NA,NA,NA,NA,NA,NA,NA,NA,NA,NA,NA,0,NA
1860-07-16 21:00:00,NA,NA,45,NA,NA,NA,NA,NA,NA,8.89,NA,0,",ra"
1860-07-17,NA,NA,NA,NA,NA,NA,NA,NA,NA,NA,NA,NA,NA
1860-07-17 07:00:00,NA,NA,NA,NA,NA,NA,NA,NA,NA,6.11,NA,0,NA
1860-07-17 14:00:00,NA,NA,NA,NA,NA,NA,NA,NA,NA,NA,NA,0,NA
1860-07-17 21:00:00,NA,NA,45,NA,NA,NA,NA,NA,NA,6.67,NA,0,",skc"
1860-07-18,NA,NA,NA,NA,NA,NA,NA,NA,NA,NA,NA,NA,"rain"
1860-07-18 07:00:00,NA,NA,315,NA,NA,NA,NA,NA,NA,-1.11,NA,0,",ra"
1860-07-18 14:00:00,NA,NA,NA,NA,NA,NA,NA,NA,NA,NA,NA,0,NA
1860-07-18 21:00:00,NA,NA,NA,NA,NA,NA,NA,NA,NA,8.89,NA,0,",bkn"
1860-07-19,NA,NA,NA,NA,NA,NA,NA,NA,NA,NA,NA,NA,"rain"
1860-07-19 07:00:00,NA,NA,NA,NA,NA,NA,NA,NA,NA,10.56,NA,0,",ra"
1860-07-19 14:00:00,NA,NA,NA,NA,NA,NA,NA,NA,NA,NA,NA,0,NA
1860-07-19 21:00:00,NA,NA,315,NA,NA,NA,NA,NA,NA,7.78,NA,0,",bkn"
1860-07-20,NA,NA,NA,NA,NA,NA,NA,NA,NA,NA,NA,NA,NA
1860-07-20 07:00:00,NA,NA,315,NA,NA,NA,NA,NA,NA,4.44,NA,0,NA
1860-07-20 14:00:00,NA,NA,NA,NA,NA,NA,NA,NA,NA,NA,NA,0,NA
1860-07-20 21:00:00,NA,NA,NA,NA,NA,NA,NA,NA,NA,10.56,NA,0,",bkn"
1860-07-21,NA,NA,NA,NA,NA,NA,NA,NA,NA,NA,NA,NA,"rain"
1860-07-21 07:00:00,NA,NA,315,NA,NA,NA,NA,NA,NA,7.22,NA,0,",ra"
1860-07-21 14:00:00,NA,NA,NA,NA,NA,NA,NA,NA,NA,NA,NA,0,NA
1860-07-21 21:00:00,NA,NA,270,NA,NA,NA,NA,NA,NA,18.33,NA,0,",ra"
1860-07-22,NA,NA,NA,NA,NA,NA,NA,NA,NA,NA,NA,NA,NA
1860-07-22 07:00:00,NA,NA,45,NA,NA,NA,NA,NA,NA,8.89,NA,0,",bkn"
1860-07-22 14:00:00,NA,NA,NA,NA,NA,NA,NA,NA,NA,NA,NA,0,NA
1860-07-22 21:00:00,NA,NA,315,NA,NA,NA,NA,NA,NA,4.44,NA,0,",skc"
1860-07-23,NA,NA,NA,NA,NA,NA,NA,NA,NA,NA,NA,NA,"rain"
1860-07-23 07:00:00,NA,NA,315,NA,NA,NA,NA,NA,NA,10,NA,0,",ra"
1860-07-23 14:00:00,NA,NA,NA,NA,NA,NA,NA,NA,NA,NA,NA,0,NA
1860-07-23 21:00:00,NA,NA,315,NA,NA,NA,NA,NA,NA,15,NA,0,",skc"
1860-07-24,NA,NA,NA,NA,NA,NA,NA,NA,NA,NA,NA,NA,NA
1860-07-24 07:00:00,NA,NA,315,NA,NA,NA,NA,NA,NA,8.89,NA,0,",bkn"
1860-07-24 14:00:00,NA,NA,NA,NA,NA,NA,NA,NA,NA,NA,NA,0,NA
1860-07-24 21:00:00,NA,NA,315,NA,NA,NA,NA,NA,NA,10,NA,0,",skc"
1860-07-25,NA,NA,NA,NA,NA,NA,NA,NA,NA,NA,NA,NA,NA
1860-07-25 07:00:00,NA,NA,315,NA,NA,NA,NA,NA,NA,4.44,NA,0,",skc"
1860-07-25 14:00:00,NA,NA,NA,NA,NA,NA,NA,NA,NA,NA,NA,0,NA
1860-07-25 21:00:00,NA,NA,315,NA,NA,NA,NA,NA,NA,16.11,NA,0,",bkn"
1860-07-26,NA,NA,NA,NA,NA,NA,NA,NA,NA,NA,NA,NA,"rain"
1860-07-26 07:00:00,NA,NA,315,NA,NA,NA,NA,NA,NA,13.33,NA,0,",ra"
1860-07-26 14:00:00,NA,NA,NA,NA,NA,NA,NA,NA,NA,NA,NA,0,NA
1860-07-26 21:00:00,NA,NA,315,NA,NA,NA,NA,NA,NA,18.89,NA,0,",bkn"
1860-07-27,NA,NA,NA,NA,NA,NA,NA,NA,NA,NA,NA,NA,NA
1860-07-27 07:00:00,NA,NA,315,NA,NA,NA,NA,NA,NA,10,NA,0,",skc"
1860-07-27 14:00:00,NA,NA,NA,NA,NA,NA,NA,NA,NA,NA,NA,0,NA
1860-07-27 21:00:00,NA,NA,135,NA,NA,NA,NA,NA,NA,15.56,NA,0,",bkn"
1860-07-28,NA,NA,NA,NA,NA,NA,NA,NA,NA,NA,NA,NA,NA
1860-07-28 07:00:00,NA,NA,315,NA,NA,NA,NA,NA,NA,4.44,NA,0,",skc"
1860-07-28 14:00:00,NA,NA,NA,NA,NA,NA,NA,NA,NA,NA,NA,0,NA
1860-07-28 21:00:00,NA,NA,135,NA,NA,NA,NA,NA,NA,13.33,NA,0,",bkn"
1860-07-29,NA,NA,NA,NA,NA,NA,NA,NA,NA,NA,NA,NA,NA
1860-07-29 07:00:00,NA,NA,315,NA,NA,NA,NA,NA,NA,-1.11,NA,0,",skc"
1860-07-29 14:00:00,NA,NA,NA,NA,NA,NA,NA,NA,NA,NA,NA,0,NA
1860-07-29 21:00:00,NA,NA,315,NA,NA,NA,NA,NA,NA,21.11,NA,0,",skc"
1860-07-30,NA,NA,NA,NA,NA,NA,NA,NA,NA,NA,NA,NA,NA
1860-07-30 07:00:00,NA,NA,315,NA,NA,NA,NA,NA,NA,15.56,NA,0,",skc"
1860-07-30 14:00:00,NA,NA,NA,NA,NA,NA,NA,NA,NA,NA,NA,0,NA
1860-07-30 21:00:00,NA,NA,315,NA,NA,NA,NA,NA,NA,21.11,NA,0,",skc"
1860-07-31,NA,NA,NA,NA,NA,NA,NA,NA,NA,NA,NA,NA,NA
1860-07-31 07:00:00,NA,NA,315,NA,NA,NA,NA,NA,NA,15.56,NA,0,",skc"
1860-07-31 14:00:00,NA,NA,NA,NA,NA,NA,NA,NA,NA,NA,NA,0,NA
1860-07-31 21:00:00,NA,NA,45,NA,NA,NA,NA,NA,NA,10,NA,0,",skc"
1860-08-01,NA,NA,NA,NA,NA,NA,NA,NA,NA,NA,NA,NA,"rain"
1860-08-01 07:00:00,NA,NA,45,NA,NA,NA,NA,NA,NA,10,NA,NA,NA
1860-08-01 21:00:00,NA,NA,45,NA,NA,NA,NA,NA,NA,4.44,NA,NA,NA
1860-08-02,NA,NA,NA,NA,NA,NA,NA,NA,NA,NA,NA,NA,",bkn,"
1860-08-02 07:00:00,NA,NA,0,NA,NA,NA,NA,NA,NA,3.33,NA,NA,NA
1860-08-02 21:00:00,NA,NA,315,NA,NA,NA,NA,NA,NA,7.22,NA,NA,NA
1860-08-03,NA,NA,NA,NA,NA,NA,NA,NA,NA,NA,NA,NA,",bkn,"
1860-08-03 07:00:00,NA,NA,45,NA,NA,NA,NA,NA,NA,8.89,NA,NA,NA
1860-08-03 21:00:00,NA,NA,NA,NA,NA,NA,NA,NA,NA,12.78,NA,NA,NA
1860-08-04,NA,NA,NA,NA,NA,NA,NA,NA,NA,NA,NA,NA,",bkn,"
1860-08-04 07:00:00,NA,NA,NA,NA,NA,NA,NA,NA,NA,4.44,NA,NA,NA
1860-08-04 21:00:00,NA,NA,NA,NA,NA,NA,NA,NA,NA,18.33,NA,NA,NA
1860-08-05,NA,NA,NA,NA,NA,NA,NA,NA,NA,NA,NA,NA,",skc,"
1860-08-05 07:00:00,NA,NA,NA,NA,NA,NA,NA,NA,NA,8.89,NA,0,NA
1860-08-05 14:00:00,NA,NA,NA,NA,NA,NA,NA,NA,NA,NA,NA,0,NA
1860-08-05 21:00:00,NA,NA,45,NA,NA,NA,NA,NA,NA,16.67,NA,0,NA
1860-08-06,NA,NA,NA,NA,NA,NA,NA,NA,NA,NA,NA,NA,",skc,"
1860-08-06 07:00:00,NA,NA,NA,NA,NA,NA,NA,NA,NA,-1.11,NA,0,NA
1860-08-06 14:00:00,NA,NA,NA,NA,NA,NA,NA,NA,NA,NA,NA,0,NA
1860-08-06 21:00:00,NA,NA,NA,NA,NA,NA,NA,NA,NA,18.33,NA,0,NA
1860-08-07,NA,NA,NA,NA,NA,NA,NA,NA,NA,NA,NA,NA,",skc,"
1860-08-07 07:00:00,NA,NA,315,NA,NA,NA,NA,NA,NA,15.56,NA,NA,NA
1860-08-07 21:00:00,NA,NA,NA,NA,NA,NA,NA,NA,NA,18.89,NA,NA,NA
1860-08-08,NA,NA,NA,NA,NA,NA,NA,NA,NA,NA,NA,NA,",skc,"
1860-08-08 07:00:00,NA,NA,45,NA,NA,NA,NA,NA,NA,15.56,NA,NA,NA
1860-08-08 21:00:00,NA,NA,45,NA,NA,NA,NA,NA,NA,12.78,NA,NA,NA
1860-08-09,NA,NA,NA,NA,NA,NA,NA,NA,NA,NA,NA,NA,"rain"
1860-08-09 07:00:00,NA,NA,45,NA,NA,NA,NA,NA,NA,10,NA,NA,NA
1860-08-09 21:00:00,NA,NA,270,NA,NA,NA,NA,NA,NA,17.78,NA,NA,NA
1860-08-10,NA,NA,NA,NA,NA,NA,NA,NA,NA,NA,NA,NA,",bkn,"
1860-08-10 07:00:00,NA,NA,45,NA,NA,NA,NA,NA,NA,8.89,NA,NA,NA
1860-08-10 21:00:00,NA,NA,315,NA,NA,NA,NA,NA,NA,12.78,NA,NA,NA
1860-08-11,NA,NA,NA,NA,NA,NA,NA,NA,NA,NA,NA,NA,NA
1860-08-11 07:00:00,NA,NA,0,NA,NA,NA,NA,NA,NA,7.22,NA,NA,NA
1860-08-11 21:00:00,NA,NA,315,NA,NA,NA,NA,NA,NA,12.22,NA,NA,NA
1860-08-12,NA,NA,NA,NA,NA,NA,NA,NA,NA,NA,NA,NA,",skc,"
1860-08-12 07:00:00,NA,NA,0,NA,NA,NA,NA,NA,NA,3.33,NA,NA,NA
1860-08-12 21:00:00,NA,NA,NA,NA,NA,NA,NA,NA,NA,12.22,NA,NA,NA
1860-08-13 07:00:00,NA,NA,315,NA,NA,NA,NA,NA,NA,2.22,NA,NA,NA
1860-08-13 21:00:00,NA,NA,NA,NA,NA,NA,NA,NA,NA,15.56,NA,NA,NA
1860-08-14,NA,NA,NA,NA,NA,NA,NA,NA,NA,NA,NA,NA,"rain"
1860-08-14 07:00:00,NA,NA,315,NA,NA,NA,NA,NA,NA,7.22,NA,NA,NA
1860-08-14 21:00:00,NA,NA,45,NA,NA,NA,NA,NA,NA,13.33,NA,NA,NA
1860-08-15,NA,NA,NA,NA,NA,NA,NA,NA,NA,NA,NA,NA,"rain"
1860-08-15 07:00:00,NA,NA,315,NA,NA,NA,NA,NA,NA,12.22,NA,NA,NA
1860-08-15 21:00:00,NA,NA,315,NA,NA,NA,NA,NA,NA,12.22,NA,NA,NA
1860-08-16,NA,NA,NA,NA,NA,NA,NA,NA,NA,NA,NA,NA,"rain"
1860-08-16 07:00:00,NA,NA,0,NA,NA,NA,NA,NA,NA,10,NA,NA,NA
1860-08-16 21:00:00,NA,NA,315,NA,NA,NA,NA,NA,NA,7.22,NA,NA,NA
1860-08-17,NA,NA,NA,NA,NA,NA,NA,NA,NA,NA,NA,NA,",skc,"
1860-08-17 07:00:00,NA,NA,315,NA,NA,NA,NA,NA,NA,-1.67,NA,NA,NA
1860-08-17 21:00:00,NA,NA,0,NA,NA,NA,NA,NA,NA,12.22,NA,NA,NA
1860-08-18,NA,NA,NA,NA,NA,NA,NA,NA,NA,NA,NA,NA,",bkn,"
1860-08-18 07:00:00,NA,NA,0,NA,NA,NA,NA,NA,NA,17.78,NA,NA,NA
1860-08-18 21:00:00,NA,NA,0,NA,NA,NA,NA,NA,NA,7.22,NA,NA,NA
1860-08-19,NA,NA,NA,NA,NA,NA,NA,NA,NA,NA,NA,NA,",skc,"
1860-08-19 07:00:00,NA,NA,0,NA,NA,NA,NA,NA,NA,4.44,NA,NA,NA
1860-08-19 21:00:00,NA,NA,0,NA,NA,NA,NA,NA,NA,12.78,NA,NA,NA
1860-08-20,NA,NA,NA,NA,NA,NA,NA,NA,NA,NA,NA,NA,",skc,"
1860-08-20 07:00:00,NA,NA,315,NA,NA,NA,NA,NA,NA,7.22,NA,NA,NA
1860-08-20 21:00:00,NA,NA,315,NA,NA,NA,NA,NA,NA,17.78,NA,NA,NA
1860-08-21,NA,NA,NA,NA,NA,NA,NA,NA,NA,NA,NA,NA,",skc,"
1860-08-21 07:00:00,NA,NA,315,NA,NA,NA,NA,NA,NA,10,NA,NA,NA
1860-08-21 21:00:00,NA,NA,45,NA,NA,NA,NA,NA,NA,12.22,NA,NA,NA
1860-08-22,NA,NA,NA,NA,NA,NA,NA,NA,NA,NA,NA,NA,",bkn,"
1860-08-22 07:00:00,NA,NA,315,NA,NA,NA,NA,NA,NA,10,NA,NA,NA
1860-08-22 21:00:00,NA,NA,NA,NA,NA,NA,NA,NA,NA,18.89,NA,NA,NA
1860-08-23,NA,NA,NA,NA,NA,NA,NA,NA,NA,NA,NA,NA,",fg,"
1860-08-23 07:00:00,NA,NA,45,NA,NA,NA,NA,NA,NA,12.78,NA,NA,NA
1860-08-23 21:00:00,NA,NA,45,NA,NA,NA,NA,NA,NA,13.33,NA,NA,NA
1860-08-24,NA,NA,NA,NA,NA,NA,NA,NA,NA,NA,NA,NA,"rain"
1860-08-24 07:00:00,NA,NA,45,NA,NA,NA,NA,NA,NA,7.22,NA,NA,NA
1860-08-24 21:00:00,NA,NA,45,NA,NA,NA,NA,NA,NA,7.78,NA,NA,NA
1860-08-25,NA,NA,NA,NA,NA,NA,NA,NA,NA,NA,NA,NA,",skc,"
1860-08-25 07:00:00,NA,NA,0,NA,NA,NA,NA,NA,NA,7.22,NA,NA,NA
1860-08-25 21:00:00,NA,NA,45,NA,NA,NA,NA,NA,NA,7.78,NA,NA,NA
1860-08-26,NA,NA,NA,NA,NA,NA,NA,NA,NA,NA,NA,NA,"rain"
1860-08-26 07:00:00,NA,NA,45,NA,NA,NA,NA,NA,NA,8.33,NA,NA,NA
1860-08-26 21:00:00,NA,NA,45,NA,NA,NA,NA,NA,NA,6.67,NA,NA,NA
1860-08-27,NA,NA,NA,NA,NA,NA,NA,NA,NA,NA,NA,NA,",bkn,"
1860-08-27 07:00:00,NA,NA,45,NA,NA,NA,NA,NA,NA,6.67,NA,NA,NA
1860-08-27 21:00:00,NA,NA,NA,NA,NA,NA,NA,NA,NA,5.56,NA,NA,NA
1860-08-28,NA,NA,NA,NA,NA,NA,NA,NA,NA,NA,NA,NA,",skc,"
1860-08-28 07:00:00,NA,NA,NA,NA,NA,NA,NA,NA,NA,-1.67,NA,NA,NA
1860-08-28 21:00:00,NA,NA,45,NA,NA,NA,NA,NA,NA,7.78,NA,NA,NA
1860-08-29,NA,NA,NA,NA,NA,NA,NA,NA,NA,NA,NA,NA,",skc,"
1860-08-29 07:00:00,NA,NA,45,NA,NA,NA,NA,NA,NA,6.67,NA,NA,NA
1860-08-29 21:00:00,NA,NA,NA,NA,NA,NA,NA,NA,NA,12.78,NA,NA,NA
1860-08-30,NA,NA,NA,NA,NA,NA,NA,NA,NA,NA,NA,NA,",ra,"
1860-08-30 07:00:00,NA,NA,45,NA,NA,NA,NA,NA,NA,8.33,NA,NA,NA
1860-08-30 21:00:00,NA,NA,NA,NA,NA,NA,NA,NA,NA,13.33,NA,NA,NA
1860-08-31,NA,NA,NA,NA,NA,NA,NA,NA,NA,NA,NA,NA,",bkn,"
1860-08-31 07:00:00,NA,NA,315,NA,NA,NA,NA,NA,NA,10,NA,NA,NA
1860-08-31 21:00:00,NA,NA,NA,NA,NA,NA,NA,NA,NA,12.78,NA,NA,NA
1861-01-01,NA,NA,NA,NA,NA,NA,NA,NA,NA,NA,-21.28,NA,NA
1861-01-01 07:00:00,13.33,315,315,NA,968.51,NA,NA,NA,NA,-19.44,NA,16,",bkn"
1861-01-01 14:00:00,15.56,NA,315,NA,971.89,NA,NA,NA,NA,-20,NA,11,",skc"
1861-01-01 21:00:00,18.89,NA,315,NA,971.89,NA,NA,NA,NA,-24.44,NA,11,",skc"
1861-01-02,NA,NA,NA,NA,NA,NA,NA,NA,NA,NA,-24.61,NA,"au"
1861-01-02 07:00:00,8.89,NA,315,NA,971.89,NA,NA,NA,NA,-25,NA,0,",skc"
1861-01-02 14:00:00,14.44,NA,315,NA,971.89,NA,NA,NA,NA,-23.33,NA,11,",skc"
1861-01-02 21:00:00,21.11,NA,315,NA,971.89,NA,NA,NA,NA,-25.56,NA,11,",skc"
1861-01-03,NA,NA,NA,NA,NA,NA,NA,NA,NA,NA,-26.28,NA,NA
1861-01-03 07:00:00,12.22,NA,315,NA,978.67,NA,NA,NA,NA,-26.67,NA,0,",skc"
1861-01-03 14:00:00,21.11,NA,315,NA,982.05,NA,NA,NA,NA,-25.56,NA,0,",skc"
1861-01-03 21:00:00,20,NA,315,NA,983.75,NA,NA,NA,NA,-26.67,NA,0,",skc"
1861-01-04,NA,NA,NA,NA,NA,NA,NA,NA,NA,NA,-25.17,NA,"halo"
1861-01-04 07:00:00,11.67,NA,315,NA,980.36,NA,NA,NA,NA,-28.89,NA,0,",skc"
1861-01-04 14:00:00,21.11,270,315,NA,975.28,NA,NA,NA,NA,-23.33,NA,0,",bkn"
1861-01-04 21:00:00,20.56,NA,0,NA,966.14,NA,NA,NA,NA,-23.33,NA,0,",bkn"
1861-01-05,NA,NA,NA,NA,NA,NA,NA,NA,NA,NA,-24.44,NA,"halo"
1861-01-05 07:00:00,10,NA,315,NA,975.28,NA,NA,NA,NA,-26.11,NA,0,",skc"
1861-01-05 14:00:00,21.11,NA,315,NA,973.59,NA,NA,NA,NA,-23.33,NA,0,",skc"
1861-01-05 21:00:00,20,NA,0,NA,973.59,NA,NA,NA,NA,-23.89,NA,0,",skc"
1861-01-06,NA,NA,NA,NA,NA,NA,NA,NA,NA,NA,-23.11,NA,"halo"
1861-01-06 07:00:00,11.11,NA,315,NA,973.59,NA,NA,NA,NA,-25.56,NA,0,",bkn"
1861-01-06 14:00:00,21.11,NA,315,NA,971.89,NA,NA,NA,NA,-20,NA,5,",skc"
1861-01-06 21:00:00,21.11,NA,315,NA,973.59,NA,NA,NA,NA,-23.33,NA,0,",skc"
1861-01-07,NA,NA,NA,NA,NA,NA,NA,NA,NA,NA,-28.67,NA,NA
1861-01-07 07:00:00,14.44,NA,315,NA,978.67,NA,NA,NA,NA,-29.44,NA,16,",skc"
1861-01-07 14:00:00,21.11,NA,315,NA,982.05,NA,NA,NA,NA,-26.67,NA,11,",skc"
1861-01-07 21:00:00,21.67,NA,315,NA,967.83,NA,NA,NA,NA,-30,NA,16,",skc"
1861-01-08,NA,NA,NA,NA,NA,NA,NA,NA,NA,NA,-30.17,NA,"au"
1861-01-08 07:00:00,8.89,NA,315,NA,982.05,NA,NA,NA,NA,-32.78,NA,0,",skc"
1861-01-08 14:00:00,21.11,NA,315,NA,982.05,NA,NA,NA,NA,-28.89,NA,0,",skc"
1861-01-08 21:00:00,21.11,NA,315,NA,982.05,NA,NA,NA,NA,-28.89,NA,5,",skc"
1861-01-09,NA,NA,NA,NA,NA,NA,NA,NA,NA,NA,-31.11,NA,NA
1861-01-09 07:00:00,10,NA,315,NA,982.05,NA,NA,NA,NA,-35,NA,0,",skc"
1861-01-09 14:00:00,21.11,NA,315,NA,982.05,NA,NA,NA,NA,-26.67,NA,0,",skc"
1861-01-09 21:00:00,20,NA,315,NA,982.05,NA,NA,NA,NA,-31.67,NA,0,",skc"
1861-01-10,NA,NA,NA,NA,NA,NA,NA,NA,NA,NA,-27.39,NA,"au"
1861-01-10 07:00:00,14.44,NA,315,NA,980.36,NA,NA,NA,NA,-32.22,NA,0,",skc"
1861-01-10 14:00:00,21.11,NA,315,NA,982.05,NA,NA,NA,NA,-23.33,NA,0,",bkn"
1861-01-10 21:00:00,20.56,NA,315,NA,982.05,NA,NA,NA,NA,-26.67,NA,0,",skc"
1861-01-11,NA,NA,NA,NA,NA,NA,"empty","3:00 pm",NA,NA,-2.78,NA,"snow"
1861-01-11 07:00:00,15.56,NA,90,NA,958.35,NA,NA,NA,NA,-3.33,NA,16,",sn"
1861-01-11 14:00:00,21.11,135,180,NA,932.95,NA,NA,NA,NA,-1.11,NA,0,",bkn"
1861-01-11 21:00:00,21.11,NA,180,"135",932.95,NA,NA,NA,NA,-31.67,NA,11,",bkn"
1861-01-12,NA,NA,NA,NA,NA,NA,NA,NA,NA,NA,-21.28,NA,NA
1861-01-12 07:00:00,14.44,NA,315,NA,939.72,NA,NA,NA,NA,-21.67,NA,16,",skc"
1861-01-12 14:00:00,18.33,315,315,NA,953.27,NA,NA,NA,NA,-21.11,NA,16,",skc"
1861-01-12 21:00:00,21.11,NA,315,NA,960.04,NA,NA,NA,NA,-21.11,NA,16,",skc"
1861-01-13,NA,NA,NA,NA,NA,NA,NA,NA,NA,NA,-21.44,NA,"au"
1861-01-13 07:00:00,13.33,NA,315,NA,971.89,NA,NA,NA,NA,-24.44,NA,0,",skc"
1861-01-13 14:00:00,19.44,315,315,NA,973.59,NA,NA,NA,NA,-20,NA,0,",skc"
1861-01-13 21:00:00,20,NA,315,NA,973.59,NA,NA,NA,NA,-20,NA,0,",skc"
1861-01-14,NA,NA,NA,NA,NA,NA,NA,NA,NA,NA,-16.33,NA,"au"
1861-01-14 07:00:00,14.44,315,315,NA,966.81,NA,NA,NA,NA,-16.11,NA,16,",bkn"
1861-01-14 14:00:00,20,315,315,NA,966.81,NA,NA,NA,NA,-15,NA,0,",skc"
1861-01-14 21:00:00,21.67,NA,315,NA,971.89,NA,NA,NA,NA,-17.78,NA,16,",skc"
1861-01-15,NA,NA,NA,NA,NA,NA,"6:00 pm","10:00 pm",NA,NA,-14.28,NA,"snow"
1861-01-15 07:00:00,10,315,315,NA,973.59,NA,NA,NA,NA,-15,NA,0,",bkn"
1861-01-15 14:00:00,20.56,315,315,NA,975.28,NA,NA,NA,NA,-12.22,NA,0,",bkn"
1861-01-15 21:00:00,20,NA,315,NA,975.28,NA,NA,NA,NA,-15.56,NA,16,",sn"
1861-01-16,NA,NA,NA,NA,NA,NA,NA,NA,NA,NA,-17.78,NA,NA
1861-01-16 07:00:00,16.11,0,315,NA,980.36,NA,NA,NA,NA,-16.67,NA,5,",bkn"
1861-01-16 14:00:00,21.67,0,0,NA,982.05,NA,NA,NA,NA,-16.67,NA,16,",skc"
1861-01-16 21:00:00,20,NA,315,NA,982.05,NA,NA,NA,NA,-17.78,NA,0,",skc"
1861-01-17,NA,NA,NA,NA,NA,NA,"12:00 am","3:00 pm",NA,NA,-25.56,NA,"snow"
1861-01-17 07:00:00,15.56,NA,315,NA,980.36,NA,NA,NA,NA,-24.44,NA,5,",skc"
1861-01-17 14:00:00,18.89,0,315,NA,976.97,NA,NA,NA,NA,-25,NA,11,",skc"
1861-01-17 21:00:00,21.11,NA,315,NA,976.97,NA,NA,NA,NA,-27.22,NA,0,",skc"
1861-01-18,NA,NA,NA,NA,NA,NA,NA,NA,NA,NA,-21.67,NA,NA
1861-01-18 07:00:00,14.44,315,315,NA,975.28,NA,NA,NA,NA,-27.78,NA,0,",sn"
1861-01-18 14:00:00,21.67,315,315,NA,968.51,NA,NA,NA,NA,-19.44,NA,11,",sn"
1861-01-18 21:00:00,21.11,NA,315,NA,968.51,NA,NA,NA,NA,-17.78,NA,0,",skc"
1861-01-19,NA,NA,NA,NA,NA,NA,"1:00 pm",NA,NA,NA,-15.39,NA,"snow"
1861-01-19 07:00:00,15.56,NA,315,NA,961.73,NA,NA,NA,NA,-16.67,NA,0,",bkn"
1861-01-19 14:00:00,21.11,315,315,NA,956.65,NA,NA,NA,NA,-14.44,NA,0,",sn"
1861-01-19 21:00:00,21.11,NA,315,NA,956.65,NA,NA,NA,NA,-15,NA,0,",sn"
1861-01-20,NA,NA,NA,NA,NA,NA,NA,"1:00 pm",NA,NA,-7.22,NA,NA
1861-01-20 07:00:00,14.44,NA,315,NA,953.27,NA,NA,NA,NA,-9.44,NA,0,",sn"
1861-01-20 14:00:00,20,0,315,NA,951.58,NA,NA,NA,NA,-5.56,NA,0,",bkn"
1861-01-20 21:00:00,21.11,NA,315,"0",951.58,NA,NA,NA,NA,-6.67,NA,16,",bkn"
1861-01-21,NA,NA,NA,NA,NA,NA,NA,NA,NA,NA,-7.22,NA,NA
1861-01-21 07:00:00,15.56,0,0,NA,951.58,NA,NA,NA,NA,-6.11,NA,16,",bkn"
1861-01-21 14:00:00,21.11,0,315,NA,956.65,NA,NA,NA,NA,-7.22,NA,16,",bkn"
1861-01-21 21:00:00,21.11,NA,315,"0",958.35,NA,NA,NA,NA,-8.33,NA,16,",bkn"
1861-01-22,NA,NA,NA,NA,NA,NA,NA,NA,NA,NA,-13.33,NA,NA
1861-01-22 07:00:00,15,0,0,NA,968.51,NA,NA,NA,NA,-12.22,NA,16,",bkn"
1861-01-22 14:00:00,21.11,0,315,NA,968.51,NA,NA,NA,NA,-12.78,NA,16,",bkn"
1861-01-22 21:00:00,21.11,NA,315,"0",973.59,NA,NA,NA,NA,-15,NA,16,",bkn"
1861-01-23,NA,NA,NA,NA,NA,NA,NA,NA,NA,NA,-16.67,NA,NA
1861-01-23 07:00:00,13.33,0,315,NA,978.67,NA,NA,NA,NA,-17.22,NA,16,",bkn"
1861-01-23 14:00:00,21.11,0,315,NA,982.05,NA,NA,NA,NA,-15,NA,0,",bkn"
1861-01-23 21:00:00,21.11,NA,315,"0",983.75,NA,NA,NA,NA,-17.78,NA,16,",bkn"
1861-01-24,NA,NA,NA,NA,NA,NA,NA,NA,NA,NA,-16.11,NA,"au"
1861-01-24 07:00:00,10,NA,315,NA,987.13,NA,NA,NA,NA,-21.11,NA,16,",skc"
1861-01-24 14:00:00,21.11,NA,315,NA,987.13,NA,NA,NA,NA,-16.11,NA,16,",bkn"
1861-01-24 21:00:00,21.11,NA,315,"0",987.13,NA,NA,NA,NA,-17.78,NA,0,",skc"
1861-01-25,NA,NA,NA,NA,NA,NA,"9:00 am","12:00 am",NA,NA,-8.56,NA,"snow"
1861-01-25 07:00:00,14.44,NA,315,NA,971.89,NA,NA,NA,NA,-13.33,NA,0,",bkn"
1861-01-25 14:00:00,21.11,225,315,NA,961.73,NA,NA,NA,NA,-5.56,NA,16,",bkn"
1861-01-25 21:00:00,20.56,NA,315,"225",961.73,NA,NA,NA,NA,-6.67,NA,16,",bkn"
1861-01-26,NA,NA,NA,NA,NA,NA,NA,NA,NA,NA,NA,NA,"au"
1861-01-26 07:00:00,13.33,0,0,NA,970.2,NA,NA,NA,NA,-13.89,NA,16,",bkn"
1861-01-26 14:00:00,21.11,0,0,NA,980.36,NA,NA,NA,NA,-17.78,NA,16,",skc"
1861-01-26 21:00:00,21.67,NA,315,"0",983.75,NA,NA,NA,NA,-22.22,NA,16,",skc"
1861-01-27,NA,NA,NA,NA,NA,NA,NA,NA,NA,NA,-24.78,NA,"au"
1861-01-27 07:00:00,10,NA,315,NA,985.44,NA,NA,NA,NA,-30,NA,0,",skc"
1861-01-27 14:00:00,18.89,NA,315,NA,982.05,NA,NA,NA,NA,-20,NA,0,",skc"
1861-01-27 21:00:00,20,NA,315,NA,982.05,NA,NA,NA,NA,-24.44,NA,0,",bkn"
1861-01-28,NA,NA,NA,NA,NA,NA,NA,NA,NA,NA,-20.72,NA,NA
1861-01-28 07:00:00,15.56,0,315,NA,976.97,NA,NA,NA,NA,-25,NA,0,",bkn"
1861-01-28 14:00:00,24.44,0,315,NA,978.67,NA,NA,NA,NA,-17.78,NA,0,",bkn"
1861-01-28 21:00:00,21.11,NA,315,NA,978.67,NA,NA,NA,NA,-19.44,NA,0,",bkn"
1861-01-29,NA,NA,NA,NA,NA,NA,"4:00 am",NA,NA,NA,-19.78,NA,"snow"
1861-01-29 07:00:00,12.22,NA,315,NA,978.67,NA,NA,NA,NA,-20,NA,0,",sn"
1861-01-29 14:00:00,23.33,NA,315,NA,NA,NA,NA,NA,NA,-19.44,NA,0,",sn"
1861-01-29 21:00:00,23.89,NA,315,NA,NA,NA,NA,NA,NA,-15.56,NA,0,",sn"
1861-01-30,NA,NA,NA,NA,NA,NA,NA,NA,NA,NA,NA,NA,NA
1861-01-30 07:00:00,18.33,90,315,NA,NA,NA,NA,NA,NA,-15.56,NA,0,",bkn"
1861-01-30 14:00:00,21.11,NA,315,NA,NA,NA,NA,NA,NA,-11.67,NA,0,",sn"
1861-01-30 21:00:00,23.89,NA,315,"135",NA,NA,NA,NA,NA,-15.56,NA,0,",bkn"
1861-01-31,NA,NA,NA,NA,NA,NA,NA,NA,NA,NA,NA,NA,NA
1861-01-31 07:00:00,15.56,NA,315,NA,NA,NA,NA,NA,NA,-6.67,NA,0,",sn"
1861-01-31 14:00:00,21.11,NA,315,NA,NA,NA,NA,NA,NA,-4.44,NA,0,",sn"
1861-01-31 21:00:00,15.56,NA,315,"45",NA,NA,NA,NA,NA,-3.33,NA,0,",sn"
1861-02-01,NA,NA,NA,NA,NA,NA,NA,NA,NA,NA,-5.56,NA,NA
1861-02-01 07:00:00,15,NA,45,NA,954.96,NA,NA,NA,NA,-7.78,NA,0,",bkn"
1861-02-01 14:00:00,23.89,NA,315,NA,965.12,NA,NA,NA,NA,-3.33,NA,NA,",skc"
1861-02-01 21:00:00,23.89,NA,315,NA,971.89,NA,NA,NA,NA,-6.67,NA,NA,",bkn"
1861-02-02,NA,NA,NA,NA,NA,NA,NA,NA,NA,NA,-16.33,NA,NA
1861-02-02 07:00:00,14.44,NA,315,NA,982.05,NA,NA,NA,NA,-17.78,NA,NA,",bkn"
1861-02-02 14:00:00,21.67,NA,315,NA,982.05,NA,NA,NA,NA,-15,NA,NA,",bkn"
1861-02-02 21:00:00,23.89,NA,315,NA,982.05,NA,NA,NA,NA,-16.11,NA,NA,",bkn"
1861-02-03,NA,NA,NA,NA,NA,NA,NA,NA,NA,NA,-14.83,NA,NA
1861-02-03 07:00:00,13.33,NA,90,NA,965.12,NA,NA,NA,NA,-15,NA,NA,",bkn"
1861-02-03 14:00:00,20,NA,90,NA,961.73,NA,NA,NA,NA,-13.33,NA,NA,",sn"
1861-02-03 21:00:00,17.22,NA,90,NA,965.12,NA,NA,NA,NA,-16.11,NA,NA,",sn"
1861-02-04,NA,NA,NA,NA,NA,NA,NA,NA,NA,NA,-17.22,NA,NA
1861-02-04 07:00:00,13.33,NA,315,NA,978.67,NA,NA,NA,NA,-18.89,NA,NA,",skc"
1861-02-04 14:00:00,25.56,NA,315,NA,978.67,NA,NA,NA,NA,-20.56,NA,NA,",skc"
1861-02-04 21:00:00,19.44,NA,315,NA,978.67,NA,NA,NA,NA,-12.22,NA,NA,",skc"
1861-02-05,NA,NA,NA,NA,NA,NA,NA,NA,NA,NA,-18.33,NA,NA
1861-02-05 07:00:00,20,NA,315,NA,971.89,NA,NA,NA,NA,-19.44,NA,NA,",skc"
1861-02-05 14:00:00,21.11,NA,315,NA,982.05,NA,NA,NA,NA,-19.44,NA,NA,",skc"
1861-02-05 21:00:00,18.89,NA,315,NA,973.59,NA,NA,NA,NA,-16.11,NA,NA,",skc"
1861-02-06,NA,NA,NA,NA,NA,NA,NA,NA,NA,NA,-11.67,NA,NA
1861-02-06 07:00:00,20,NA,315,NA,973.59,NA,NA,NA,NA,-15,NA,NA,",bkn"
1861-02-06 14:00:00,19.44,NA,315,NA,971.89,NA,NA,NA,NA,-10.56,NA,NA,",bkn"
1861-02-06 21:00:00,15.56,NA,180,NA,961.73,NA,NA,NA,NA,-9.44,NA,NA,",bkn"
1861-02-07,NA,NA,NA,NA,NA,NA,NA,NA,NA,NA,-13.89,NA,NA
1861-02-07 07:00:00,13.33,NA,315,NA,953.27,NA,NA,NA,NA,-20.56,NA,NA,",skc"
1861-02-07 14:00:00,15.56,NA,315,NA,956.65,NA,NA,NA,NA,-11.67,NA,NA,",bkn"
1861-02-07 21:00:00,22.22,NA,315,NA,948.19,NA,NA,NA,NA,-15,NA,NA,",skc"
1861-02-08,NA,NA,NA,NA,NA,NA,NA,NA,NA,NA,-19.22,NA,NA
1861-02-08 07:00:00,16.67,NA,45,NA,965.12,NA,NA,NA,NA,-13.89,NA,NA,",sn"
1861-02-08 14:00:00,15.56,NA,0,NA,953.27,NA,NA,NA,NA,-15,NA,NA,",sn"
1861-02-08 21:00:00,21.11,NA,315,NA,961.73,NA,NA,NA,NA,-28.89,NA,NA,",skc"
1861-02-09,NA,NA,NA,NA,NA,NA,NA,NA,NA,NA,-22.94,NA,NA
1861-02-09 07:00:00,12.78,NA,315,NA,965.12,NA,NA,NA,NA,-26.11,NA,NA,",skc"
1861-02-09 14:00:00,23.33,NA,315,NA,982.05,NA,NA,NA,NA,-20.56,NA,NA,",skc"
1861-02-09 21:00:00,21.11,NA,315,NA,983.07,NA,NA,NA,NA,-22.22,NA,NA,",skc"
1861-02-10,NA,NA,NA,NA,NA,NA,NA,NA,NA,NA,-15.94,NA,NA
1861-02-10 07:00:00,21.11,NA,315,NA,978.67,NA,NA,NA,NA,-20.56,NA,NA,",skc"
1861-02-10 14:00:00,23.89,NA,315,NA,948.19,NA,NA,NA,NA,-13.33,NA,NA,",skc"
1861-02-10 21:00:00,26.11,NA,315,NA,944.8,NA,NA,NA,NA,-13.89,NA,NA,",skc"
1861-02-11,NA,NA,NA,NA,NA,NA,NA,NA,NA,NA,-12.06,NA,"au"
1861-02-11 07:00:00,20,NA,315,NA,949.88,NA,NA,NA,NA,-13.33,NA,NA,",bkn"
1861-02-11 14:00:00,26.67,NA,315,NA,951.58,NA,NA,NA,NA,-9.44,NA,NA,",bkn"
1861-02-11 21:00:00,21.11,NA,315,NA,956.65,NA,NA,NA,NA,-13.33,NA,NA,",skc"
1861-02-12,NA,NA,NA,NA,NA,NA,NA,NA,NA,NA,-8.56,NA,NA
1861-02-12 07:00:00,14.44,NA,90,NA,978.67,NA,NA,NA,NA,-11.11,NA,0,",sn"
1861-02-12 14:00:00,21.11,NA,90,NA,979.01,NA,NA,NA,NA,-6.67,NA,0,",bkn"
1861-02-12 21:00:00,20,NA,45,NA,970.2,NA,NA,NA,NA,-7.78,NA,0,",sn"
1861-02-13,NA,NA,NA,NA,NA,NA,NA,NA,NA,NA,0.33,NA,NA
1861-02-13 07:00:00,15.56,NA,0,NA,949.88,NA,NA,NA,NA,0,NA,0,",sn"
1861-02-13 14:00:00,21.11,NA,45,NA,948.19,NA,NA,NA,NA,2.22,NA,16,",ra"
1861-02-13 21:00:00,21.11,NA,45,NA,939.72,NA,NA,NA,NA,-1.11,NA,NA,",sn"
1861-02-14,NA,NA,NA,NA,NA,NA,NA,NA,NA,NA,-8.17,NA,"au"
1861-02-14 07:00:00,15.56,NA,315,NA,956.65,NA,NA,NA,NA,-2.78,NA,16,",sn"
1861-02-14 14:00:00,21.11,NA,0,NA,968.51,NA,NA,NA,NA,-9.44,NA,16,",bkn"
1861-02-14 21:00:00,23.89,NA,0,"45",973.59,NA,NA,NA,NA,-12.22,NA,0,",sn"
1861-02-15,NA,NA,NA,NA,NA,NA,NA,NA,NA,NA,-16.67,NA,NA
1861-02-15 07:00:00,15.56,NA,315,NA,980.36,NA,NA,NA,NA,-17.78,NA,NA,",sn"
1861-02-15 14:00:00,21.11,NA,315,NA,980.36,NA,NA,NA,NA,-13.33,NA,0,",skc"
1861-02-15 21:00:00,20.56,NA,315,NA,983.75,NA,NA,NA,NA,-18.89,NA,0,",skc"
1861-02-16,NA,NA,NA,NA,NA,NA,NA,NA,NA,NA,-20.17,NA,NA
1861-02-16 07:00:00,14.44,NA,315,NA,983.75,NA,NA,NA,NA,-22.78,NA,NA,",skc"
1861-02-16 14:00:00,18.89,NA,315,NA,982.05,NA,NA,NA,NA,-17.78,NA,0,",skc"
1861-02-16 21:00:00,18.33,NA,315,NA,980.36,NA,NA,NA,NA,-20,NA,0,",skc"
1861-02-17,NA,NA,NA,NA,NA,NA,NA,NA,NA,NA,-14.44,NA,NA
1861-02-17 07:00:00,15.56,NA,315,NA,980.36,NA,NA,NA,NA,-20.56,NA,NA,",skc"
1861-02-17 14:00:00,20,NA,45,NA,978.67,NA,NA,NA,NA,-9.44,NA,0,",skc"
1861-02-17 21:00:00,14.44,NA,45,NA,975.28,NA,NA,NA,NA,-13.33,NA,0,",skc"
1861-02-18,NA,NA,NA,NA,NA,NA,NA,NA,NA,NA,-10.78,NA,NA
1861-02-18 07:00:00,18.33,NA,90,NA,961.73,NA,NA,NA,NA,-11.11,NA,NA,",sn"
1861-02-18 14:00:00,21.11,NA,90,NA,961.73,NA,NA,NA,NA,-10.56,NA,16,",sn"
1861-02-18 21:00:00,20.56,NA,315,NA,961.73,NA,NA,NA,NA,-10.56,NA,NA,",skc"
1861-02-19,NA,NA,NA,NA,NA,NA,NA,NA,NA,NA,-17.22,NA,NA
1861-02-19 07:00:00,15.56,NA,315,NA,968.51,NA,NA,NA,NA,-20,NA,NA,",skc"
1861-02-19 14:00:00,17.22,NA,315,NA,970.2,NA,NA,NA,NA,-9.44,NA,NA,",skc"
1861-02-19 21:00:00,24.44,NA,0,NA,971.89,NA,NA,NA,NA,-22.22,NA,NA,",skc"
1861-02-20,NA,NA,NA,NA,NA,NA,NA,NA,NA,NA,-13.56,NA,NA
1861-02-20 07:00:00,18.33,NA,NA,NA,968.51,NA,NA,NA,NA,-17.78,NA,NA,",skc"
1861-02-20 14:00:00,24.44,NA,315,NA,965.12,NA,NA,NA,NA,-6.67,NA,NA,",skc"
1861-02-20 21:00:00,26.11,NA,315,NA,954.96,NA,NA,NA,NA,-16.11,NA,NA,",skc"
1861-02-21,NA,NA,NA,NA,NA,NA,NA,NA,NA,NA,-10.56,NA,NA
1861-02-21 07:00:00,7.22,NA,90,NA,961.73,NA,NA,NA,NA,-17.78,NA,NA,",bkn"
1861-02-21 14:00:00,21.11,NA,90,NA,961.73,NA,NA,NA,NA,-7.22,NA,NA,",bkn"
1861-02-21 21:00:00,21.11,NA,90,NA,961.73,NA,NA,NA,NA,-6.67,NA,NA,",sn"
1861-02-22,NA,NA,NA,NA,NA,NA,NA,NA,NA,NA,-2.06,NA,NA
1861-02-22 07:00:00,6.11,NA,315,NA,944.8,NA,NA,NA,NA,-5,NA,NA,",bkn"
1861-02-22 14:00:00,22.78,NA,315,NA,949.88,NA,NA,NA,NA,3.89,NA,NA,",skc"
1861-02-22 21:00:00,25.56,NA,0,NA,956.65,NA,NA,NA,NA,-5,NA,NA,",skc"
1861-02-23,NA,NA,NA,NA,NA,NA,NA,NA,NA,NA,-8.89,NA,NA
1861-02-23 07:00:00,13.33,NA,315,NA,961.73,NA,NA,NA,NA,-7.78,NA,NA,",bkn"
1861-02-23 14:00:00,20,NA,315,NA,960.04,NA,NA,NA,NA,-6.67,NA,NA,",sn"
1861-02-23 21:00:00,26.11,NA,315,NA,958.35,NA,NA,NA,NA,-12.22,NA,NA,",bkn"
1861-02-24,NA,NA,NA,NA,NA,NA,NA,NA,NA,NA,-14.67,NA,NA
1861-02-24 07:00:00,13.89,NA,315,NA,953.27,NA,NA,NA,NA,-19.44,NA,NA,",skc"
1861-02-24 14:00:00,21.11,NA,315,NA,956.65,NA,NA,NA,NA,-12.22,NA,NA,",skc"
1861-02-24 21:00:00,21.11,NA,315,NA,958.35,NA,NA,NA,NA,-12.22,NA,NA,",bkn"
1861-02-25,NA,NA,NA,NA,NA,NA,NA,NA,NA,NA,-19.44,NA,NA
1861-02-25 07:00:00,10,NA,315,NA,951.58,NA,NA,NA,NA,-15.56,NA,16,",sn"
1861-02-25 14:00:00,21.11,NA,315,NA,951.58,NA,NA,NA,NA,-18.89,NA,16,",sn"
1861-02-25 21:00:00,21.11,NA,315,NA,956.65,NA,NA,NA,NA,-19.44,NA,16,",sn"
1861-02-26,NA,NA,NA,NA,NA,NA,NA,NA,NA,NA,NA,NA,NA
1861-02-26 07:00:00,13.33,NA,315,NA,965.12,NA,NA,NA,NA,-18.33,NA,16,",skc"
1861-02-26 14:00:00,21.11,NA,315,NA,973.59,NA,NA,NA,NA,-14.44,NA,16,",skc"
1861-02-26 21:00:00,24.44,NA,315,NA,975.28,NA,NA,NA,NA,-18.89,NA,16,",skc"
1861-02-27,NA,NA,NA,NA,NA,NA,NA,NA,NA,NA,-14.67,NA,NA
1861-02-27 07:00:00,6.11,NA,315,NA,975.28,NA,NA,NA,NA,-19.44,NA,0,",bkn"
1861-02-27 14:00:00,21.11,NA,315,NA,980.36,NA,NA,NA,NA,-9.44,NA,16,",bkn"
1861-02-27 21:00:00,21.11,NA,315,NA,978.67,NA,NA,NA,NA,-15,NA,16,",bkn"
1861-02-28,NA,NA,NA,NA,NA,NA,NA,NA,NA,NA,-15.78,NA,"au"
1861-02-28 07:00:00,14.44,NA,315,NA,975.28,NA,NA,NA,NA,-19.44,NA,0,",skc"
1861-02-28 14:00:00,21.11,NA,315,NA,973.59,NA,NA,NA,NA,-10,NA,0,",skc"
1861-02-28 21:00:00,21.11,NA,315,NA,973.59,NA,NA,NA,NA,-17.78,NA,0,",skc"
1861-03-01,NA,NA,NA,NA,NA,NA,NA,NA,NA,NA,-16.67,NA,"halo"
1861-03-01 07:00:00,15.56,315,315,NA,973.59,NA,NA,NA,NA,-22.78,NA,0,",skc"
1861-03-01 14:00:00,25,315,315,NA,971.89,NA,NA,NA,NA,-9.44,NA,0,",skc"
1861-03-01 21:00:00,25.56,NA,315,"315",971.89,NA,NA,NA,NA,-17.78,NA,0,",skc"
1861-03-02,NA,NA,NA,NA,NA,NA,NA,NA,NA,NA,-9.44,NA,"halo"
1861-03-02 07:00:00,11.11,315,315,NA,970.2,NA,NA,NA,NA,-18.89,NA,0,",bkn"
1861-03-02 14:00:00,17.22,NA,315,NA,970.2,NA,NA,NA,NA,-2.78,NA,0,",skc"
1861-03-02 21:00:00,21.11,NA,315,"315",968.51,NA,NA,NA,NA,-6.67,NA,0,",skc"
1861-03-03,NA,NA,NA,NA,NA,NA,NA,NA,NA,NA,-1.67,NA,NA
1861-03-03 07:00:00,15.56,315,315,NA,961.73,NA,NA,NA,NA,-2.78,NA,0,",bkn"
1861-03-03 14:00:00,23.89,315,315,NA,960.04,NA,NA,NA,NA,1.67,NA,0,",bkn"
1861-03-03 21:00:00,21.11,NA,315,NA,960.04,NA,NA,NA,NA,-3.89,NA,0,",bkn"
1861-03-04,NA,NA,NA,NA,NA,NA,NA,NA,NA,NA,-3.89,NA,NA
1861-03-04 07:00:00,15.56,0,0,NA,953.27,NA,NA,NA,NA,-5.56,NA,0,NA
1861-03-04 14:00:00,18.33,90,135,NA,948.19,NA,NA,NA,NA,-2.78,NA,0,NA
1861-03-04 21:00:00,23.89,NA,135,NA,948.19,NA,NA,NA,NA,-3.33,NA,0,NA
1861-03-05,NA,NA,NA,NA,NA,NA,"4:00 am","8:00 am",NA,NA,-4.67,NA,"snow"
1861-03-05 07:00:00,12.22,0,315,NA,953.27,NA,NA,NA,NA,-4.44,NA,11,",sn"
1861-03-05 14:00:00,21.11,0,315,NA,953.27,NA,NA,NA,NA,-3.89,NA,11,",bkn"
1861-03-05 21:00:00,18.89,NA,315,NA,954.96,NA,NA,NA,NA,-5.56,NA,11,",skc"
1861-03-06,NA,NA,NA,NA,NA,NA,NA,NA,NA,NA,-20.17,NA,NA
1861-03-06 07:00:00,15.56,315,315,NA,954.96,NA,NA,NA,NA,-17.78,NA,11,",bkn"
1861-03-06 14:00:00,23.89,NA,315,NA,961.73,NA,NA,NA,NA,-16.11,NA,11,",skc"
1861-03-06 21:00:00,23.89,NA,315,NA,963.43,NA,NA,NA,NA,-26.67,NA,0,",skc"
1861-03-07,NA,NA,NA,NA,NA,NA,NA,NA,NA,NA,-21.28,NA,"halo"
1861-03-07 07:00:00,11.11,NA,315,NA,963.43,NA,NA,NA,NA,-28.89,NA,0,",skc"
1861-03-07 14:00:00,22.78,NA,315,NA,973.59,NA,NA,NA,NA,-15.56,NA,0,",skc"
1861-03-07 21:00:00,23.89,NA,315,NA,973.59,NA,NA,NA,NA,-20,NA,0,",skc"
1861-03-08,NA,NA,NA,NA,NA,NA,NA,NA,NA,NA,-21.11,NA,"halo"
1861-03-08 07:00:00,15.56,NA,315,NA,983.75,NA,NA,NA,NA,-26.67,NA,0,",skc"
1861-03-08 14:00:00,23.89,NA,315,NA,978.67,NA,NA,NA,NA,-17.22,NA,11,",skc"
1861-03-08 21:00:00,21.11,NA,315,NA,978.67,NA,NA,NA,NA,-19.44,NA,0,",skc"
1861-03-09,NA,NA,NA,NA,NA,NA,"5:00 am","1:00 pm",NA,NA,-17.22,NA,"snow"
1861-03-09 07:00:00,12.22,315,0,NA,965.12,NA,NA,NA,NA,-16.67,NA,0,",sn"
1861-03-09 14:00:00,23.33,315,45,NA,971.89,NA,NA,NA,NA,-17.22,NA,0,",bkn"
1861-03-09 21:00:00,23.33,NA,45,NA,980.36,NA,NA,NA,NA,-17.78,NA,0,",bkn"
1861-03-10,NA,NA,NA,NA,NA,NA,"11:00 pm",NA,NA,NA,-9.28,NA,"snow"
1861-03-10 07:00:00,10,NA,90,NA,971.89,NA,NA,NA,NA,-17.22,NA,16,NA
1861-03-10 14:00:00,18.89,180,135,NA,980.36,NA,NA,NA,NA,-3.89,NA,0,",bkn"
1861-03-10 21:00:00,20,NA,270,"225",982.05,NA,NA,NA,NA,-6.67,NA,0,",bkn"
1861-03-11,NA,NA,NA,NA,NA,NA,NA,"12:00 am",NA,NA,-12.06,NA,NA
1861-03-11 07:00:00,10,NA,315,NA,980.36,NA,NA,NA,NA,-13.33,NA,0,",bkn"
1861-03-11 14:00:00,19.44,NA,315,NA,982.05,NA,NA,NA,NA,-7.22,NA,0,",skc"
1861-03-11 21:00:00,16.67,NA,315,NA,982.05,NA,NA,NA,NA,-14.44,NA,0,",skc"
1861-03-12,NA,NA,NA,NA,NA,NA,NA,NA,NA,NA,-13.17,NA,"halo"
1861-03-12 07:00:00,15.56,NA,0,NA,975.28,NA,NA,NA,NA,-16.11,NA,0,",bkn"
1861-03-12 14:00:00,24.44,NA,0,NA,975.28,NA,NA,NA,NA,-7.22,NA,11,",skc"
1861-03-12 21:00:00,21.11,NA,0,NA,975.28,NA,NA,NA,NA,-16.11,NA,0,",skc"
1861-03-13,NA,NA,NA,NA,NA,NA,NA,NA,NA,NA,-15.78,NA,"halo"
1861-03-13 07:00:00,11.67,NA,315,NA,971.89,NA,NA,NA,NA,-16.11,NA,0,",bkn"
1861-03-13 14:00:00,23.33,NA,315,NA,978.67,NA,NA,NA,NA,-11.67,NA,0,",bkn"
1861-03-13 21:00:00,14.44,NA,315,NA,978.67,NA,NA,NA,NA,-19.44,NA,0,",skc"
1861-03-14,NA,NA,NA,NA,NA,NA,NA,NA,NA,NA,-23.11,NA,"au"
1861-03-14 07:00:00,10.56,NA,315,NA,978.67,NA,NA,NA,NA,-25,NA,0,",skc"
1861-03-14 14:00:00,15.56,NA,315,NA,982.05,NA,NA,NA,NA,-16.67,NA,16,",skc"
1861-03-14 21:00:00,18.89,NA,315,NA,985.44,NA,NA,NA,NA,-27.78,NA,0,",skc"
1861-03-15,NA,NA,NA,NA,NA,NA,NA,NA,NA,NA,-9.67,NA,"halo"
1861-03-15 07:00:00,16.67,315,315,NA,983.75,NA,NA,NA,NA,-23.89,NA,0,",bkn"
1861-03-15 14:00:00,18.33,315,315,NA,978.67,NA,NA,NA,NA,-1.11,NA,0,",bkn"
1861-03-15 21:00:00,20,NA,315,NA,978.67,NA,NA,NA,NA,-3.89,NA,0,",skc"
1861-03-16,NA,NA,NA,NA,NA,NA,"9:30 pm",NA,NA,NA,-10.39,NA,"snow"
1861-03-16 07:00:00,10,270,315,NA,973.59,NA,NA,NA,NA,-15,NA,0,",skc"
1861-03-16 14:00:00,16.11,270,270,NA,976.97,NA,NA,NA,NA,-2.22,NA,0,",bkn"
1861-03-16 21:00:00,20,NA,90,NA,976.97,NA,NA,NA,NA,-13.89,NA,16,",bkn"
1861-03-17,NA,NA,NA,NA,NA,NA,NA,NA,NA,NA,-15.56,NA,"sn"
1861-03-17 07:00:00,12.22,NA,0,NA,961.73,NA,NA,NA,NA,-15.56,NA,20,",sn"
1861-03-17 14:00:00,20,NA,315,NA,960.04,NA,NA,NA,NA,-13.33,NA,20,",sn"
1861-03-17 21:00:00,17.22,NA,315,NA,970.2,NA,NA,NA,NA,-17.78,NA,11,",sn"
1861-03-18,NA,NA,NA,NA,NA,NA,NA,"6:00 pm",NA,NA,-19.61,NA,"halo"
1861-03-18 07:00:00,18.89,NA,315,NA,978.67,NA,NA,NA,NA,-19.44,NA,0,",sn"
1861-03-18 14:00:00,20.56,NA,315,NA,980.36,NA,NA,NA,NA,-16.67,NA,0,",sn"
1861-03-18 21:00:00,13.33,NA,315,NA,983.75,NA,NA,NA,NA,-22.78,NA,2,",skc"
1861-03-19,NA,NA,NA,NA,NA,NA,NA,NA,NA,NA,-21.11,NA,"au"
1861-03-19 07:00:00,16.67,NA,315,NA,987.13,NA,NA,NA,NA,-27.78,NA,0,",skc"
1861-03-19 14:00:00,18.33,NA,315,NA,992.21,NA,NA,NA,NA,-16.11,NA,11,",skc"
1861-03-19 21:00:00,22.22,NA,315,NA,992.21,NA,NA,NA,NA,-19.44,NA,16,",skc"
1861-03-20,NA,NA,NA,NA,NA,NA,NA,NA,NA,NA,-21.17,NA,"halo"
1861-03-20 07:00:00,7.22,NA,315,NA,987.13,NA,NA,NA,NA,-22.78,NA,0,",skc"
1861-03-20 14:00:00,21.67,NA,315,NA,987.13,NA,NA,NA,NA,-10.56,NA,0,",skc"
1861-03-20 21:00:00,20,NA,315,NA,983.75,NA,NA,NA,NA,-19.44,NA,0,",skc"
1861-03-21,NA,NA,NA,NA,NA,NA,NA,NA,NA,NA,-14.39,NA,"halo"
1861-03-21 07:00:00,10,NA,315,NA,982.05,NA,NA,NA,NA,-22.22,NA,0,",skc"
1861-03-21 14:00:00,21.11,NA,315,NA,983.75,NA,NA,NA,NA,-7.22,NA,2,",skc"
1861-03-21 21:00:00,20.56,NA,315,NA,983.75,NA,NA,NA,NA,-13.33,NA,0,",skc"
1861-03-22,NA,NA,NA,NA,NA,NA,NA,NA,NA,NA,-7.61,NA,NA
1861-03-22 07:00:00,4.44,NA,315,NA,983.75,NA,NA,NA,NA,-18.89,NA,0,",skc"
1861-03-22 14:00:00,23.33,270,270,NA,983.75,NA,NA,NA,NA,1.67,NA,0,",bkn"
1861-03-22 21:00:00,20,NA,315,"270",982.05,NA,NA,NA,NA,-5.56,NA,0,",bkn"
1861-03-23,NA,NA,NA,NA,NA,NA,NA,NA,NA,NA,-10.22,NA,"au"
1861-03-23 07:00:00,13.33,315,0,NA,975.28,NA,NA,NA,NA,-10,NA,0,",bkn"
1861-03-23 14:00:00,23.89,NA,0,NA,978.67,NA,NA,NA,NA,-5.56,NA,11,",skc"
1861-03-23 21:00:00,21.67,NA,0,NA,982.05,NA,NA,NA,NA,-15,NA,0,",skc"
1861-03-24,NA,NA,NA,NA,NA,NA,NA,NA,NA,NA,-9.28,NA,"halo"
1861-03-24 07:00:00,10,NA,315,NA,982.05,NA,NA,NA,NA,-17.78,NA,0,",skc"
1861-03-24 14:00:00,20,225,0,NA,982.05,NA,NA,NA,NA,-4.44,NA,0,",bkn"
1861-03-24 21:00:00,18.89,NA,0,"270",980.36,NA,NA,NA,NA,-5.56,NA,11,",bkn"
1861-03-25,NA,NA,NA,NA,NA,NA,"7:30 am","1:00 pm",NA,NA,-1.33,NA,"snow"
1861-03-25 07:00:00,8.89,NA,225,NA,975.28,NA,NA,NA,NA,-6.11,NA,0,",sn"
1861-03-25 14:00:00,20,315,270,NA,976.97,NA,NA,NA,NA,6.11,NA,0,",skc"
1861-03-25 21:00:00,22.22,NA,315,"315",978.67,NA,NA,NA,NA,-3.89,NA,0,",bkn"
1861-03-26,NA,NA,NA,NA,NA,NA,NA,NA,NA,NA,-1.89,NA,NA
1861-03-26 07:00:00,15.56,315,0,NA,982.05,NA,NA,NA,NA,-6.11,NA,0,NA
1861-03-26 14:00:00,20,315,45,NA,980.36,NA,NA,NA,NA,5.56,NA,1,",skc"
1861-03-26 21:00:00,17.78,NA,0,"315",982.05,NA,NA,NA,NA,-5,NA,0,",bkn"
1861-03-27,NA,NA,NA,NA,NA,NA,"1:00 am","9:00  am",NA,NA,-10,NA,"snow"
1861-03-27 07:00:00,15,NA,315,NA,988.83,NA,NA,NA,NA,-9.44,NA,1,",bkn"
1861-03-27 14:00:00,19.44,NA,90,NA,993.91,NA,NA,NA,NA,-7.78,NA,2,",skc"
1861-03-27 21:00:00,16.11,NA,225,NA,993.91,NA,NA,NA,NA,-12.78,NA,11,",bkn"
1861-03-28,NA,NA,NA,NA,NA,NA,"3:00 pm","4:00 pm",NA,NA,3.33,NA,"rain"
1861-03-28 07:00:00,4.44,NA,135,NA,980.36,NA,NA,NA,NA,-6.11,NA,11,NA
1861-03-28 14:00:00,21.11,NA,180,NA,963.43,NA,NA,NA,NA,7.78,NA,1,",bkn"
1861-03-28 21:00:00,20,NA,225,"270",960.04,NA,NA,NA,NA,3.33,NA,2,",bkn"
1861-03-29,NA,NA,NA,NA,NA,NA,NA,NA,NA,NA,-2.06,NA,NA
1861-03-29 07:00:00,15.56,315,315,NA,956.65,NA,NA,NA,NA,1.67,NA,11,",bkn"
1861-03-29 14:00:00,21.11,NA,315,NA,965.12,NA,NA,NA,NA,-0.56,NA,11,",bkn"
1861-03-29 21:00:00,20.56,NA,315,"315",971.89,NA,NA,NA,NA,-7.22,NA,11,",bkn"
1861-03-30,NA,NA,NA,NA,NA,NA,"8:00 pm",NA,NA,NA,-7.61,NA,"snow"
1861-03-30 07:00:00,15.56,NA,315,NA,976.97,NA,NA,NA,NA,-10.56,NA,1,",skc"
1861-03-30 14:00:00,21.11,NA,0,NA,978.67,NA,NA,NA,NA,-3.89,NA,0,",bkn"
1861-03-30 21:00:00,20,NA,0,NA,975.28,NA,NA,NA,NA,-6.67,NA,11,",bkn"
1861-03-31,NA,NA,NA,NA,NA,NA,NA,"6:00 am",NA,NA,-9.28,NA,NA
1861-03-31 07:00:00,14.44,315,315,NA,968.51,NA,NA,NA,NA,-6.67,NA,5,",bkn"
1861-03-31 14:00:00,21.11,NA,315,NA,976.97,NA,NA,NA,NA,-5,NA,16,",bkn"
1861-03-31 21:00:00,22.22,NA,315,"315",988.83,NA,NA,NA,NA,-17.22,NA,16,",skc"
1861-04-01,NA,NA,NA,NA,NA,NA,NA,NA,NA,NA,NA,NA,"au"
1861-04-01 07:00:00,8.89,315,315,NA,995.6,NA,NA,NA,NA,-24.44,NA,5,",bkn"
1861-04-01 14:00:00,23.89,NA,315,NA,997.29,NA,NA,NA,NA,-12.78,NA,1,",skc"
1861-04-01 21:00:00,20.56,NA,315,NA,1002.37,NA,NA,NA,NA,-21.67,NA,0,",skc"
1861-04-02,NA,NA,NA,NA,NA,NA,NA,NA,NA,NA,-16.67,NA,"au"
1861-04-02 07:00:00,9.44,NA,315,NA,1000.68,NA,NA,NA,NA,-25.56,NA,0,",skc"
1861-04-02 14:00:00,23.33,NA,315,NA,998.98,NA,NA,NA,NA,-5.56,NA,1,",skc"
1861-04-02 21:00:00,18.89,NA,315,NA,998.98,NA,NA,NA,NA,-18.89,NA,0,",skc"
1861-04-03,NA,NA,NA,NA,NA,NA,NA,NA,NA,NA,-9.11,NA,"halo"
1861-04-03 07:00:00,10,NA,315,NA,993.91,NA,NA,NA,NA,-21.67,NA,0,",skc"
1861-04-03 14:00:00,21.11,NA,45,NA,992.21,NA,NA,NA,NA,2.78,NA,1,",bkn"
1861-04-03 21:00:00,22.78,NA,315,NA,992.21,NA,NA,NA,NA,-8.33,NA,0,",skc"
1861-04-04,NA,NA,NA,NA,NA,NA,NA,NA,NA,NA,-1.89,NA,NA
1861-04-04 07:00:00,3.89,0,0,NA,988.83,NA,NA,NA,NA,-3.89,NA,11,",bkn"
1861-04-04 14:00:00,22.22,0,0,NA,992.21,NA,NA,NA,NA,-0.56,NA,16,",bkn"
1861-04-04 21:00:00,19.44,NA,0,NA,993.91,NA,NA,NA,NA,-1.11,NA,16,",bkn"
1861-04-05,NA,NA,NA,NA,NA,NA,NA,NA,NA,NA,-8.17,NA,"au"
1861-04-05 07:00:00,8.89,0,0,NA,992.21,NA,NA,NA,NA,-4.44,NA,11,",bkn"
1861-04-05 14:00:00,22.22,90,0,NA,997.29,NA,NA,NA,NA,-2.22,NA,16,",bkn"
1861-04-05 21:00:00,21.11,NA,0,NA,997.29,NA,NA,NA,NA,-17.78,NA,16,",skc"
1861-04-06,NA,NA,NA,NA,NA,NA,NA,NA,NA,NA,-13.56,NA,"halo"
1861-04-06 07:00:00,5.56,0,315,NA,992.21,NA,NA,NA,NA,-14.44,NA,16,",bkn"
1861-04-06 14:00:00,22.78,90,315,NA,993.91,NA,NA,NA,NA,-10,NA,16,",bkn"
1861-04-06 21:00:00,16.11,NA,315,NA,992.21,NA,NA,NA,NA,-16.11,NA,16,",skc"
1861-04-07,NA,NA,NA,NA,NA,NA,NA,NA,NA,NA,-13.33,NA,NA
1861-04-07 07:00:00,15.56,0,315,NA,990.52,NA,NA,NA,NA,-17.78,NA,16,",bkn"
1861-04-07 14:00:00,19.44,0,315,NA,988.83,NA,NA,NA,NA,-10,NA,16,",bkn"
1861-04-07 21:00:00,19.44,NA,315,NA,988.83,NA,NA,NA,NA,-12.22,NA,11,",skc"
1861-04-08,NA,NA,NA,NA,NA,NA,"4:00 am","10:00 am",NA,NA,-6.11,NA,"snow"
1861-04-08 07:00:00,13.33,0,315,NA,983.75,NA,NA,NA,NA,-11.11,NA,16,",sn"
1861-04-08 14:00:00,19.44,0,315,NA,983.75,NA,NA,NA,NA,-1.67,NA,0,",bkn"
1861-04-08 21:00:00,19.44,NA,315,NA,983.75,NA,NA,NA,NA,-5.56,NA,0,",skc"
1861-04-09,NA,NA,NA,NA,NA,NA,NA,NA,NA,NA,-3.89,NA,"halo"
1861-04-09 07:00:00,10,90,225,NA,982.05,NA,NA,NA,NA,-12.22,NA,0,",bkn"
1861-04-09 14:00:00,23.89,NA,315,NA,980.36,NA,NA,NA,NA,5.56,NA,0,",skc"
1861-04-09 21:00:00,17.22,NA,315,NA,975.28,NA,NA,NA,NA,-5,NA,0,",skc"
1861-04-10,NA,NA,NA,NA,NA,NA,NA,NA,NA,NA,-8.17,NA,NA
1861-04-10 07:00:00,11.67,315,0,NA,970.2,NA,NA,NA,NA,-1.11,NA,0,",bkn"
1861-04-10 14:00:00,23.33,NA,315,NA,980.36,NA,NA,NA,NA,-8.33,NA,16,",bkn"
1861-04-10 21:00:00,22.22,NA,315,NA,980.36,NA,NA,NA,NA,-15,NA,16,",skc"
1861-04-11,NA,NA,NA,NA,NA,NA,NA,NA,NA,NA,-14.11,NA,NA
1861-04-11 07:00:00,17.78,NA,315,NA,978.67,NA,NA,NA,NA,-15,NA,0,",skc"
1861-04-11 14:00:00,22.78,NA,315,NA,982.05,NA,NA,NA,NA,-12.22,NA,16,",skc"
1861-04-11 21:00:00,16.67,NA,315,NA,982.05,NA,NA,NA,NA,-15,NA,0,",skc"
1861-04-12,NA,NA,NA,NA,NA,NA,NA,NA,NA,NA,-13.17,NA,"halo"
1861-04-12 07:00:00,12.22,NA,315,NA,982.05,NA,NA,NA,NA,-15.56,NA,0,",skc"
1861-04-12 14:00:00,23.33,NA,315,NA,987.13,NA,NA,NA,NA,-12.22,NA,1,",skc"
1861-04-12 21:00:00,23.33,NA,315,NA,985.44,NA,NA,NA,NA,-11.67,NA,0,",skc"
1861-04-13,NA,NA,NA,NA,NA,NA,NA,NA,NA,NA,-0.56,NA,"halo"
1861-04-13 07:00:00,15.56,270,315,NA,978.67,NA,NA,NA,NA,-9.44,NA,0,",bkn"
1861-04-13 14:00:00,22.78,NA,270,NA,976.97,NA,NA,NA,NA,5.56,NA,11,",skc"
1861-04-13 21:00:00,21.11,NA,270,"270",975.28,NA,NA,NA,NA,2.22,NA,0,",bkn"
1861-04-14,NA,NA,NA,NA,NA,NA,"6:00 am",NA,NA,NA,5.89,NA,"rain"
1861-04-14 07:00:00,18.89,270,315,NA,970.2,NA,NA,NA,NA,6.11,NA,0,",ra"
1861-04-14 14:00:00,21.11,NA,0,NA,963.43,NA,NA,NA,NA,7.22,NA,0,",ra"
1861-04-14 21:00:00,20,NA,0,NA,965.12,NA,NA,NA,NA,4.44,NA,0,",ra"
1861-04-15,NA,NA,NA,NA,NA,NA,"12:00 am","3:00 am",NA,NA,0.33,NA,"snow"
1861-04-15 07:00:00,14.44,NA,315,NA,953.27,NA,NA,NA,NA,4.44,NA,0,",bkn"
1861-04-15 14:00:00,23.89,NA,315,NA,963.43,NA,NA,NA,NA,2.22,NA,11,",sn"
1861-04-15 21:00:00,19.44,NA,315,NA,963.43,NA,NA,NA,NA,-5.56,NA,16,",sn"
1861-04-16,NA,NA,NA,NA,NA,NA,NA,NA,NA,NA,-5.78,NA,NA
1861-04-16 07:00:00,17.78,NA,0,NA,970.2,NA,NA,NA,NA,-6.67,NA,0,",sn"
1861-04-16 14:00:00,22.22,NA,0,NA,973.59,NA,NA,NA,NA,-3.33,NA,1,",sn"
1861-04-16 21:00:00,23.89,NA,0,NA,978.67,NA,NA,NA,NA,-7.22,NA,2,",sn"
1861-04-17,NA,NA,NA,NA,NA,NA,NA,NA,NA,NA,-3.56,NA,NA
1861-04-17 07:00:00,15.56,NA,90,NA,975.28,NA,NA,NA,NA,-3.89,NA,0,",skc"
1861-04-17 14:00:00,21.11,NA,90,NA,975.28,NA,NA,NA,NA,-1.67,NA,16,",skc"
1861-04-17 21:00:00,23.89,NA,90,NA,976.97,NA,NA,NA,NA,-5,NA,16,",bkn"
1861-04-18,NA,NA,NA,NA,NA,NA,NA,NA,NA,NA,-0.22,NA,"rain"
1861-04-18 07:00:00,22.78,NA,90,NA,983.75,NA,NA,NA,NA,-1.67,NA,0,",sn"
1861-04-18 14:00:00,23.89,NA,90,NA,987.13,NA,NA,NA,NA,0.56,NA,NA,",ra"
1861-04-18 21:00:00,21.67,NA,90,NA,988.83,NA,NA,NA,NA,0.56,NA,NA,",bkn"
1861-04-19,NA,NA,NA,NA,NA,NA,NA,NA,NA,NA,1.28,NA,NA
1861-04-19 07:00:00,18.89,NA,0,NA,985.44,NA,NA,NA,NA,1.67,NA,NA,",bkn"
1861-04-19 14:00:00,25.56,NA,0,NA,992.21,NA,NA,NA,NA,3.33,NA,NA,",sn"
1861-04-19 21:00:00,19.44,NA,0,NA,992.21,NA,NA,NA,NA,-1.11,NA,0,",bkn"
1861-04-20,NA,NA,NA,NA,NA,NA,NA,NA,NA,NA,-2.06,NA,NA
1861-04-20 07:00:00,13.89,NA,90,NA,968.51,NA,NA,NA,NA,-5,NA,NA,",bkn"
1861-04-20 14:00:00,23.89,NA,90,NA,975.28,NA,NA,NA,NA,2.78,NA,NA,",skc"
1861-04-20 21:00:00,23.89,NA,90,NA,978.67,NA,NA,NA,NA,-3.89,NA,NA,",skc"
1861-04-21,NA,NA,NA,NA,NA,NA,NA,NA,NA,NA,-1.33,NA,"snow"
1861-04-21 07:00:00,13.33,NA,90,NA,971.89,NA,NA,NA,NA,-3.89,NA,NA,",sn"
1861-04-21 14:00:00,20.56,NA,90,NA,954.96,NA,NA,NA,NA,0.56,NA,16,",sn"
1861-04-21 21:00:00,18.33,NA,0,NA,948.19,NA,NA,NA,NA,-0.56,NA,16,",sn"
1861-04-22,NA,NA,NA,NA,NA,NA,NA,NA,NA,NA,-4.44,NA,"snow"
1861-04-22 07:00:00,13.33,NA,180,NA,956.65,NA,NA,NA,NA,-5,NA,NA,",sn"
1861-04-22 14:00:00,22.78,NA,180,NA,971.89,NA,NA,NA,NA,-3.33,NA,NA,",sn"
1861-04-22 21:00:00,23.89,NA,180,NA,978.67,NA,NA,NA,NA,-5,NA,NA,",sn"
1861-04-23,NA,NA,NA,NA,NA,NA,NA,NA,NA,NA,-6.5,NA,"au"
1861-04-23 07:00:00,23.89,NA,315,NA,978.67,NA,NA,NA,NA,-16.11,NA,0,",skc"
1861-04-23 14:00:00,18.89,NA,315,NA,975.28,NA,NA,NA,NA,4.44,NA,0,",skc"
1861-04-23 21:00:00,21.11,NA,315,NA,975.28,NA,NA,NA,NA,-7.78,NA,0,",skc"
1861-04-24,NA,NA,NA,NA,NA,NA,NA,NA,NA,NA,0.72,NA,NA
1861-04-24 07:00:00,18.33,NA,315,NA,976.97,NA,NA,NA,NA,-2.22,NA,0,",bkn"
1861-04-24 14:00:00,21.67,NA,180,NA,978.67,NA,NA,NA,NA,7.22,NA,NA,",skc"
1861-04-24 21:00:00,21.11,NA,180,NA,978.67,NA,NA,NA,NA,-2.78,NA,NA,",skc"
1861-04-25,NA,NA,NA,NA,NA,NA,NA,NA,NA,NA,5.17,NA,"rain"
1861-04-25 07:00:00,17.78,NA,0,NA,971.89,NA,NA,NA,NA,4.44,NA,0,",bkn"
1861-04-25 14:00:00,21.11,NA,45,NA,968.51,NA,NA,NA,NA,8.89,NA,0,",ra"
1861-04-25 21:00:00,21.11,NA,45,NA,970.2,NA,NA,NA,NA,2.22,NA,0,",bkn"
1861-04-26,NA,NA,NA,NA,NA,NA,NA,NA,NA,NA,4.44,NA,NA
1861-04-26 07:00:00,16.67,NA,90,NA,968.51,NA,NA,NA,NA,4.44,NA,NA,",bkn"
1861-04-26 14:00:00,21.11,NA,90,NA,968.51,NA,NA,NA,NA,5.56,NA,NA,",bkn"
1861-04-26 21:00:00,22.22,NA,90,NA,970.2,NA,NA,NA,NA,3.33,NA,NA,",bkn"
1861-04-27,NA,NA,NA,NA,NA,NA,"4:00 am","10:00 am",NA,NA,1.83,NA,"snow"
1861-04-27 07:00:00,15.56,NA,90,NA,971.89,NA,NA,NA,NA,2.22,NA,NA,",sn"
1861-04-27 14:00:00,21.11,NA,45,NA,975.28,NA,NA,NA,NA,2.22,NA,2,",fg"
1861-04-27 21:00:00,21.11,NA,45,NA,975.28,NA,NA,NA,NA,1.11,NA,NA,",fg"
1861-04-28,NA,NA,NA,NA,NA,NA,NA,NA,NA,NA,2.22,NA,NA
1861-04-28 07:00:00,20,NA,45,NA,976.97,NA,NA,NA,NA,4.44,NA,NA,",bkn"
1861-04-28 14:00:00,20.56,NA,45,NA,978.67,NA,NA,NA,NA,2.22,NA,NA,",bkn"
1861-04-28 21:00:00,21.11,NA,45,NA,978.67,NA,NA,NA,NA,0,NA,NA,",bkn"
1861-04-29,NA,NA,NA,NA,NA,NA,NA,NA,NA,NA,3.11,NA,NA
1861-04-29 07:00:00,18.33,NA,45,NA,978.67,NA,NA,NA,NA,-0.56,NA,NA,",bkn"
1861-04-29 14:00:00,21.11,NA,45,NA,978.67,NA,NA,NA,NA,7.78,NA,NA,",bkn"
1861-04-29 21:00:00,20,NA,45,NA,975.28,NA,NA,NA,NA,2.22,NA,NA,",bkn"
1861-04-30,NA,NA,NA,NA,NA,NA,NA,NA,NA,NA,3.5,NA,"au"
1861-04-30 07:00:00,17.78,NA,315,NA,970.2,NA,NA,NA,NA,0,NA,NA,",bkn"
1861-04-30 14:00:00,21.11,NA,315,NA,970.2,NA,NA,NA,NA,8.89,NA,NA,",skc"
1861-04-30 21:00:00,18.89,NA,270,NA,968.51,NA,NA,NA,NA,1.67,NA,NA,",skc"
1861-05-01,NA,NA,NA,NA,NA,NA,NA,NA,NA,NA,2.56,NA,"halo"
1861-05-01 07:00:00,13.33,NA,45,NA,966.81,NA,NA,NA,NA,0,NA,0,",skc"
1861-05-01 14:00:00,18.89,NA,45,NA,966.81,NA,NA,NA,NA,4.44,NA,11,",bkn"
1861-05-01 21:00:00,21.11,NA,45,NA,968.51,NA,NA,NA,NA,2.22,NA,NA,",skc"
1861-05-02,NA,NA,NA,NA,NA,NA,NA,NA,NA,NA,-0.39,NA,NA
1861-05-02 07:00:00,12.22,NA,0,NA,966.81,NA,NA,NA,NA,-2.22,NA,11,",bkn"
1861-05-02 14:00:00,20,NA,0,NA,971.89,NA,NA,NA,NA,3.33,NA,11,",bkn"
1861-05-02 21:00:00,21.11,NA,0,NA,971.89,NA,NA,NA,NA,-2.22,NA,0,",bkn"
1861-05-03,NA,NA,NA,NA,NA,NA,"4 am","6 pm",NA,NA,-2.06,NA,"snow"
1861-05-03 07:00:00,15.56,NA,315,NA,965.12,NA,NA,NA,NA,-5,NA,0,",sn"
1861-05-03 14:00:00,21.11,NA,225,NA,960.04,NA,NA,NA,NA,0,NA,0,",sn"
1861-05-03 21:00:00,21.67,NA,315,NA,960.04,NA,NA,NA,NA,-1.11,NA,16,",bkn"
1861-05-04,NA,NA,NA,NA,NA,NA,"12 am","1 pm",NA,NA,-0.22,NA,"snow"
1861-05-04 07:00:00,14.44,NA,315,NA,963.43,NA,NA,NA,NA,-2.22,NA,2,",bkn"
1861-05-04 14:00:00,21.11,NA,315,NA,965.12,NA,NA,NA,NA,5.56,NA,0,",bkn"
1861-05-04 21:00:00,20.56,NA,90,NA,966.81,NA,NA,NA,NA,-3.89,NA,11,",bkn"
1861-05-05,NA,NA,NA,NA,NA,NA,NA,NA,NA,NA,-3.33,NA,NA
1861-05-05 07:00:00,15.56,NA,315,NA,970.2,NA,NA,NA,NA,-6.67,NA,11,",bkn"
1861-05-05 14:00:00,22.22,NA,315,NA,971.89,NA,NA,NA,NA,1.67,NA,11,",skc"
1861-05-05 21:00:00,20,NA,90,NA,971.89,NA,NA,NA,NA,-5,NA,0,",bkn"
1861-05-06,NA,NA,NA,NA,NA,NA,NA,NA,NA,NA,-3.17,NA,"halo"
1861-05-06 07:00:00,16.67,NA,315,NA,965.12,NA,NA,NA,NA,-7.22,NA,16,",bkn"
1861-05-06 14:00:00,21.67,NA,315,NA,965.12,NA,NA,NA,NA,-0.56,NA,16,",bkn"
1861-05-06 21:00:00,21.11,NA,90,NA,963.43,NA,NA,NA,NA,-1.67,NA,0,",bkn"
1861-05-07,NA,NA,NA,NA,NA,NA,NA,NA,NA,NA,0.17,NA,NA
1861-05-07 07:00:00,15.56,NA,90,NA,965.12,NA,NA,NA,NA,-1.11,NA,1,",skc"
1861-05-07 14:00:00,19.44,NA,315,NA,968.51,NA,NA,NA,NA,5.56,NA,0,",skc"
1861-05-07 21:00:00,21.11,NA,90,NA,970.2,NA,NA,NA,NA,-3.89,NA,0,",skc"
1861-05-08,NA,NA,NA,NA,NA,NA,"8 am","9 am",NA,NA,2.39,NA,"rain"
1861-05-08 07:00:00,16.67,NA,0,NA,965.12,NA,NA,NA,NA,2.22,NA,1,",ra"
1861-05-08 14:00:00,21.67,NA,315,NA,965.12,NA,NA,NA,NA,10,NA,0,",skc"
1861-05-08 21:00:00,21.11,NA,90,NA,963.43,NA,NA,NA,NA,0.56,NA,0,",skc"
1861-05-09,NA,NA,NA,NA,NA,NA,"4:30 pm","5 pm",NA,NA,5.89,NA,"rain"
1861-05-09 07:00:00,15.56,NA,0,NA,965.12,NA,NA,NA,NA,-1.11,NA,0,",bkn"
1861-05-09 14:00:00,19.44,NA,315,NA,968.51,NA,NA,NA,NA,10,NA,0,",bkn"
1861-05-09 21:00:00,21.11,NA,90,NA,970.2,NA,NA,NA,NA,8.89,NA,0,",bkn"
1861-05-10,NA,NA,NA,NA,NA,NA,"4 pm",NA,NA,NA,2.22,NA,"rain"
1861-05-10 07:00:00,17.78,NA,45,NA,971.89,NA,NA,NA,NA,4.44,NA,1,",bkn"
1861-05-10 14:00:00,21.11,NA,45,NA,975.28,NA,NA,NA,NA,3.33,NA,1,",bkn"
1861-05-10 21:00:00,21.11,NA,45,NA,975.28,NA,NA,NA,NA,1.67,NA,0,",ra"
1861-05-11,NA,NA,NA,NA,NA,NA,NA,"12 am",NA,NA,4.06,NA,"rain"
1861-05-11 07:00:00,10.56,NA,45,NA,976.97,NA,NA,NA,NA,1.11,NA,0,",ra"
1861-05-11 14:00:00,16.67,NA,45,NA,982.05,NA,NA,NA,NA,11.11,NA,1,",bkn"
1861-05-11 21:00:00,21.67,NA,45,NA,982.05,NA,NA,NA,NA,0,NA,1,",bkn"
1861-05-12,NA,NA,NA,NA,NA,NA,NA,NA,NA,NA,6.28,NA,NA
1861-05-12 07:00:00,15,NA,315,NA,980.36,NA,NA,NA,NA,0,NA,0,",bkn"
1861-05-12 14:00:00,23.33,NA,315,NA,980.36,NA,NA,NA,NA,15.56,NA,0,",skc"
1861-05-12 21:00:00,21.11,NA,315,NA,980.36,NA,NA,NA,NA,3.33,NA,0,",bkn"
1861-05-13,NA,NA,NA,NA,NA,NA,NA,NA,NA,NA,6.67,NA,"halo"
1861-05-13 07:00:00,13.33,NA,315,NA,978.67,NA,NA,NA,NA,-1.11,NA,0,",skc"
1861-05-13 14:00:00,23.33,NA,45,NA,978.67,NA,NA,NA,NA,16.67,NA,1,",bkn"
1861-05-13 21:00:00,21.11,NA,45,NA,980.36,NA,NA,NA,NA,4.44,NA,0,",bkn"
1861-05-14,NA,NA,NA,NA,NA,NA,NA,NA,NA,NA,0.72,NA,NA
1861-05-14 07:00:00,15.56,NA,45,NA,980.36,NA,NA,NA,NA,0.56,NA,2,",bkn"
1861-05-14 14:00:00,21.11,NA,45,NA,980.36,NA,NA,NA,NA,1.67,NA,11,",skc"
1861-05-14 21:00:00,20,NA,45,NA,980.36,NA,NA,NA,NA,0,NA,1,",bkn"
1861-05-15,NA,NA,NA,NA,NA,NA,NA,NA,NA,NA,0.72,NA,NA
1861-05-15 07:00:00,14.44,NA,45,NA,980.36,NA,NA,NA,NA,-1.11,NA,1,",bkn"
1861-05-15 14:00:00,21.11,NA,45,NA,980.36,NA,NA,NA,NA,2.22,NA,16,",bkn"
1861-05-15 21:00:00,17.78,NA,45,NA,980.36,NA,NA,NA,NA,1.11,NA,0,",bkn"
1861-05-16,NA,NA,NA,NA,NA,NA,"9 pm","10 pm",NA,NA,2,NA,"snow"
1861-05-16 07:00:00,15.56,NA,45,NA,980.36,NA,NA,NA,NA,0,NA,0,",bkn"
1861-05-16 14:00:00,20,NA,45,NA,980.36,NA,NA,NA,NA,4.44,NA,0,",bkn"
1861-05-16 21:00:00,18.89,NA,45,NA,980.36,NA,NA,NA,NA,1.67,NA,0,",sn"
1861-05-17,NA,NA,NA,NA,NA,NA,NA,NA,NA,NA,2.56,NA,NA
1861-05-17 07:00:00,13.33,NA,45,NA,976.97,NA,NA,NA,NA,3.33,NA,16,",bkn"
1861-05-17 14:00:00,21.11,NA,0,NA,976.97,NA,NA,NA,NA,4.44,NA,16,",bkn"
1861-05-17 21:00:00,20,NA,45,NA,976.97,NA,NA,NA,NA,0,NA,0,",bkn"
1861-05-18,NA,NA,NA,NA,NA,NA,"7 pm",NA,NA,NA,0.56,NA,"snow"
1861-05-18 07:00:00,15.56,NA,0,NA,971.89,NA,NA,NA,NA,0,NA,2,",sn"
1861-05-18 14:00:00,22.22,NA,0,NA,971.89,NA,NA,NA,NA,1.67,NA,11,",sn"
1861-05-18 21:00:00,21.11,NA,45,NA,970.2,NA,NA,NA,NA,0,NA,16,",sn"
1861-05-19,NA,NA,NA,NA,NA,NA,NA,"7 pm",NA,NA,-0.56,NA,"snow"
1861-05-19 07:00:00,14.44,NA,0,NA,970.2,NA,NA,NA,NA,-1.11,NA,16,",sn"
1861-05-19 14:00:00,21.11,NA,0,NA,971.89,NA,NA,NA,NA,0.56,NA,16,",sn"
1861-05-19 21:00:00,21.67,NA,45,NA,973.59,NA,NA,NA,NA,-1.11,NA,16,",bkn"
1861-05-20,NA,NA,NA,NA,NA,NA,NA,NA,NA,NA,0.33,NA,"au"
1861-05-20 07:00:00,13.33,NA,0,NA,975.28,NA,NA,NA,NA,-1.11,NA,11,",bkn"
1861-05-20 14:00:00,21.11,NA,0,NA,978.67,NA,NA,NA,NA,3.33,NA,0,",skc"
1861-05-20 21:00:00,21.11,NA,90,NA,978.67,NA,NA,NA,NA,-1.11,NA,0,",skc"
1861-05-21,NA,NA,NA,NA,NA,NA,NA,NA,NA,NA,0.06,NA,"au"
1861-05-21 07:00:00,10,NA,45,NA,980.36,NA,NA,NA,NA,-2.22,NA,0,",skc"
1861-05-21 14:00:00,20,NA,45,NA,983.75,NA,NA,NA,NA,2.22,NA,11,",skc"
1861-05-21 21:00:00,21.11,NA,45,NA,983.75,NA,NA,NA,NA,-1.11,NA,0,",skc"
1861-05-22,NA,NA,NA,NA,NA,NA,NA,NA,NA,NA,0.33,NA,"au"
1861-05-22 07:00:00,12.22,NA,90,NA,980.36,NA,NA,NA,NA,-3.33,NA,16,",fg"
1861-05-22 14:00:00,21.67,NA,90,NA,975.28,NA,NA,NA,NA,2.78,NA,16,",skc"
1861-05-22 21:00:00,21.11,NA,90,NA,976.97,NA,NA,NA,NA,0,NA,0,",skc"
1861-05-23,NA,NA,NA,NA,NA,NA,NA,NA,NA,NA,3.67,NA,NA
1861-05-23 07:00:00,13.33,NA,0,NA,978.67,NA,NA,NA,NA,-1.11,NA,0,",skc"
1861-05-23 14:00:00,18.33,NA,315,NA,980.36,NA,NA,NA,NA,12.22,NA,0,",skc"
1861-05-23 21:00:00,20,NA,90,NA,980.36,NA,NA,NA,NA,0,NA,0,",skc"
1861-05-24,NA,NA,NA,NA,NA,NA,NA,NA,NA,NA,7.28,NA,"au"
1861-05-24 07:00:00,12.22,NA,315,NA,982.05,NA,NA,NA,NA,2.22,NA,11,",skc"
1861-05-24 14:00:00,21.67,NA,315,NA,978.67,NA,NA,NA,NA,17.78,NA,11,",skc"
1861-05-24 21:00:00,21.11,NA,90,NA,976.97,NA,NA,NA,NA,2.22,NA,0,",skc"
1861-05-25,NA,NA,NA,NA,NA,NA,NA,NA,NA,NA,9.26,NA,NA
1861-05-25 07:00:00,15.56,NA,315,NA,973.59,NA,NA,NA,NA,3.33,NA,0,",bkn"
1861-05-25 14:00:00,21.11,NA,315,NA,966.81,NA,NA,NA,NA,20,NA,0,",skc"
1861-05-25 21:00:00,21.67,NA,315,NA,961.73,NA,NA,NA,NA,4.44,NA,0,",bkn"
1861-05-26,NA,NA,NA,NA,NA,NA,NA,NA,NA,NA,9.26,NA,NA
1861-05-26 07:00:00,15.56,NA,315,NA,961.73,NA,NA,NA,NA,3.33,NA,0,",bkn"
1861-05-26 14:00:00,22.22,NA,45,NA,960.04,NA,NA,NA,NA,20,NA,0,",bkn"
1861-05-26 21:00:00,21.11,NA,45,NA,960.04,NA,NA,NA,NA,4.44,NA,0,",bkn"
1861-05-27,NA,NA,NA,NA,NA,NA,"4 pm",NA,NA,NA,8.33,NA,"rain"
1861-05-27 07:00:00,10,NA,45,NA,958.35,NA,NA,NA,NA,10,NA,0,",bkn"
1861-05-27 14:00:00,20.56,NA,45,NA,956.65,NA,NA,NA,NA,8.33,NA,0,",bkn"
1861-05-27 21:00:00,21.11,NA,45,NA,960.04,NA,NA,NA,NA,6.67,NA,0,",ra"
1861-05-28,NA,NA,NA,NA,NA,NA,NA,"2 am",NA,NA,2.78,NA,"rain"
1861-05-28 07:00:00,15.56,NA,45,NA,963.43,NA,NA,NA,NA,4.44,NA,0,",bkn"
1861-05-28 14:00:00,21.11,NA,45,NA,963.43,NA,NA,NA,NA,3.33,NA,11,",bkn"
1861-05-28 21:00:00,21.11,NA,45,NA,965.12,NA,NA,NA,NA,0.56,NA,11,",bkn"
1861-05-29,NA,NA,NA,NA,NA,NA,NA,NA,NA,NA,2.83,NA,NA
1861-05-29 07:00:00,14.44,NA,315,NA,963.43,NA,NA,NA,NA,0,NA,0,",skc"
1861-05-29 14:00:00,20,NA,45,NA,963.43,NA,NA,NA,NA,5.56,NA,0,",bkn"
1861-05-29 21:00:00,18.33,NA,45,NA,965.12,NA,NA,NA,NA,3.33,NA,0,",bkn"
1861-05-30,NA,NA,NA,NA,NA,NA,NA,NA,NA,NA,11.28,NA,NA
1861-05-30 07:00:00,12.78,NA,0,NA,968.51,NA,NA,NA,NA,1.67,NA,0,",bkn"
1861-05-30 14:00:00,21.11,NA,315,NA,965.12,NA,NA,NA,NA,13.33,NA,0,",bkn"
1861-05-30 21:00:00,20.56,NA,45,NA,965.12,NA,NA,NA,NA,2.22,NA,0,",bkn"
1861-05-31,NA,NA,NA,NA,NA,NA,"8 pm","9 pm",NA,NA,7.39,NA,"snow"
1861-05-31 07:00:00,13.33,NA,45,NA,966.81,NA,NA,NA,NA,4.44,NA,0,",bkn"
1861-05-31 14:00:00,22.22,NA,315,NA,965.12,NA,NA,NA,NA,12.22,NA,11,",bkn"
1861-05-31 21:00:00,21.11,NA,0,NA,966.81,NA,NA,NA,NA,0,NA,16,",bkn"
1861-06-01,NA,NA,NA,NA,NA,NA,NA,NA,NA,NA,4.61,NA,"halo"
1861-06-01 07:00:00,13.33,315,315,NA,971.89,NA,NA,NA,NA,4.44,NA,16,",skc"
1861-06-01 14:00:00,21.11,315,315,NA,975.28,NA,NA,NA,NA,10,NA,16,",bkn"
1861-06-01 21:00:00,20,NA,0,"315",975.28,NA,NA,NA,NA,-0.56,NA,0,",bkn"
1861-06-02,NA,NA,NA,NA,NA,NA,NA,NA,NA,NA,3.67,NA,"halo"
1861-06-02 07:00:00,11.11,315,315,NA,976.97,NA,NA,NA,NA,2.78,NA,16,",bkn"
1861-06-02 14:00:00,21.11,315,315,NA,978.67,NA,NA,NA,NA,6.67,NA,16,",bkn"
1861-06-02 21:00:00,21.11,NA,0,"315",978.67,NA,NA,NA,NA,1.67,NA,0,",bkn"
1861-06-03,NA,NA,NA,NA,NA,NA,"1 pm",NA,NA,NA,5,NA,"rain"
1861-06-03 07:00:00,13.33,315,225,NA,976.97,NA,NA,NA,NA,3.33,NA,16,",bkn"
1861-06-03 14:00:00,20,315,315,NA,970.2,NA,NA,NA,NA,7.22,NA,16,",ra"
1861-06-03 21:00:00,21.11,NA,0,"315",961.73,NA,NA,NA,NA,4.44,NA,16,",sn"
1861-06-04,NA,NA,NA,NA,NA,NA,"6 pm","2 pm",NA,NA,2.94,NA,"snow"
1861-06-04 07:00:00,15.56,90,45,NA,954.96,NA,NA,NA,NA,3.33,NA,0,",ra"
1861-06-04 14:00:00,18.89,0,0,NA,958.35,NA,NA,NA,NA,3.89,NA,11,",bkn"
1861-06-04 21:00:00,20.56,NA,0,"45",958.35,NA,NA,NA,NA,1.67,NA,16,",sn"
1861-06-05,NA,NA,NA,NA,NA,NA,NA,"10 pm",NA,NA,5.33,NA,"snow"
1861-06-05 07:00:00,13.33,45,45,NA,966.81,NA,NA,NA,NA,1.67,NA,16,",bkn"
1861-06-05 14:00:00,21.11,NA,45,NA,966.81,NA,NA,NA,NA,7.22,NA,0,",bkn"
1861-06-05 21:00:00,20.56,NA,0,"45",968.51,NA,NA,NA,NA,7.22,NA,0,",bkn"
1861-06-06,NA,NA,NA,NA,NA,NA,"7 pm",NA,NA,NA,10.89,NA,"rain"
1861-06-06 07:00:00,15.56,NA,315,NA,968.51,NA,NA,NA,NA,4.44,NA,11,",skc"
1861-06-06 14:00:00,21.11,NA,315,NA,968.51,NA,NA,NA,NA,23.89,NA,16,",skc"
1861-06-06 21:00:00,20.56,NA,0,NA,970.2,NA,NA,NA,NA,4.44,NA,0,",ra"
1861-06-07,NA,NA,NA,NA,NA,NA,"empty","1 am",NA,NA,2.39,NA,"au"
1861-06-07 07:00:00,15.56,NA,0,NA,978.67,NA,NA,NA,NA,3.33,NA,1,",bkn"
1861-06-07 14:00:00,21.67,NA,0,NA,978.67,NA,NA,NA,NA,3.33,NA,0,",skc"
1861-06-07 21:00:00,21.11,NA,0,NA,978.67,NA,NA,NA,NA,0.56,NA,11,",bkn"
1861-06-08,NA,NA,NA,NA,NA,NA,"10 pm",NA,NA,NA,5.89,NA,"rain"
1861-06-08 07:00:00,13.33,NA,315,NA,980.36,NA,NA,NA,NA,3.33,NA,2,",skc"
1861-06-08 14:00:00,21.11,NA,315,NA,978.67,NA,NA,NA,NA,12.22,NA,16,",skc"
1861-06-08 21:00:00,20,NA,45,NA,976.97,NA,NA,NA,NA,2.22,NA,0,",bkn"
1861-06-09,NA,NA,NA,NA,NA,NA,NA,"2 am",NA,NA,2.78,NA,"halo"
1861-06-09 07:00:00,11.67,NA,0,NA,970.2,NA,NA,NA,NA,2.22,NA,11,",bkn"
1861-06-09 14:00:00,21.67,NA,0,NA,970.2,NA,NA,NA,NA,6.67,NA,11,",bkn"
1861-06-09 21:00:00,20.56,NA,45,NA,970.2,NA,NA,NA,NA,0,NA,0,",bkn"
1861-06-10,NA,NA,NA,NA,NA,NA,NA,NA,NA,NA,0.93,NA,"rain"
1861-06-10 07:00:00,13.33,NA,45,NA,965.12,NA,NA,NA,NA,1.11,NA,11,",ra"
1861-06-10 14:00:00,21.11,NA,45,NA,965.12,NA,NA,NA,NA,1.67,NA,2,",fg"
1861-06-10 21:00:00,20,NA,45,NA,968.51,NA,NA,NA,NA,0,NA,0,",fg"
1861-06-11,NA,NA,NA,NA,NA,NA,NA,NA,NA,NA,2.78,NA,NA
1861-06-11 07:00:00,13.33,NA,45,NA,970.2,NA,NA,NA,NA,0.56,NA,1,",fg"
1861-06-11 14:00:00,22.22,NA,45,NA,970.2,NA,NA,NA,NA,4.44,NA,16,",bkn"
1861-06-11 21:00:00,20,NA,45,NA,968.51,NA,NA,NA,NA,3.33,NA,0,",bkn"
1861-06-12,NA,NA,NA,NA,NA,NA,"5 am","6 am",NA,NA,7,NA,"rain"
1861-06-12 07:00:00,14.44,NA,45,NA,961.73,NA,NA,NA,NA,3.89,NA,11,",skc"
1861-06-12 14:00:00,17.78,315,45,NA,951.58,NA,NA,NA,NA,10,NA,0,",bkn"
1861-06-12 21:00:00,21.11,NA,270,"315",951.58,NA,NA,NA,NA,7.22,NA,0,",bkn"
1861-06-13,NA,NA,NA,NA,NA,NA,"3 pm","7 pm",NA,NA,6.28,NA,"rain"
1861-06-13 07:00:00,14.44,NA,0,NA,954.96,NA,NA,NA,NA,4.44,NA,0,",bkn"
1861-06-13 14:00:00,22.22,NA,0,NA,958.35,NA,NA,NA,NA,11.11,NA,0,",bkn"
1861-06-13 21:00:00,21.11,NA,315,NA,958.35,NA,NA,NA,NA,3.33,NA,0,",skc"
1861-06-14,NA,NA,NA,NA,NA,NA,NA,NA,NA,NA,6.11,NA,NA
1861-06-14 07:00:00,10,NA,45,NA,965.12,NA,NA,NA,NA,5.56,NA,1,",skc"
1861-06-14 14:00:00,18.89,NA,315,NA,966.81,NA,NA,NA,NA,11.11,NA,16,",bkn"
1861-06-14 21:00:00,21.11,NA,45,NA,968.51,NA,NA,NA,NA,1.67,NA,0,",bkn"
1861-06-15,NA,NA,NA,NA,NA,NA,NA,NA,NA,NA,8.33,NA,NA
1861-06-15 07:00:00,18.89,NA,225,NA,970.2,NA,NA,NA,NA,4.44,NA,0,",skc"
1861-06-15 14:00:00,21.11,NA,45,NA,970.2,NA,NA,NA,NA,12.78,NA,0,",bkn"
1861-06-15 21:00:00,20,NA,45,NA,970.2,NA,NA,NA,NA,7.78,NA,0,",bkn"
1861-06-16,NA,NA,NA,NA,NA,NA,"1:30 pm",NA,NA,NA,2.78,NA,"rain"
1861-06-16 07:00:00,15.56,NA,45,NA,970.2,NA,NA,NA,NA,3.33,NA,0,",bkn"
1861-06-16 14:00:00,18.89,NA,45,NA,965.12,NA,NA,NA,NA,3.33,NA,20,",ra"
1861-06-16 21:00:00,20,NA,45,NA,961.73,NA,NA,NA,NA,1.67,NA,20,",ra"
1861-06-17,NA,NA,NA,NA,NA,NA,NA,"2 am",NA,NA,8.33,NA,NA
1861-06-17 07:00:00,16.67,NA,45,NA,954.96,NA,NA,NA,NA,3.33,NA,0,",fg"
1861-06-17 14:00:00,18.89,315,315,NA,963.43,NA,NA,NA,NA,14.44,NA,16,",skc"
1861-06-17 21:00:00,19.44,NA,315,NA,965.12,NA,NA,NA,NA,7.22,NA,0,",skc"
1861-06-18,NA,NA,NA,NA,NA,NA,NA,NA,NA,NA,10.56,NA,NA
1861-06-18 07:00:00,13.33,NA,315,NA,965.12,NA,NA,NA,NA,4.44,NA,16,",skc"
1861-06-18 14:00:00,21.11,315,315,NA,966.81,NA,NA,NA,NA,19.44,NA,16,",skc"
1861-06-18 21:00:00,21.11,NA,315,"315",968.51,NA,NA,NA,NA,7.78,NA,0,",skc"
1861-06-19,NA,NA,NA,NA,NA,NA,NA,NA,NA,NA,12.22,NA,NA
1861-06-19 07:00:00,15.56,NA,315,NA,970.2,NA,NA,NA,NA,6.67,NA,0,",bkn"
1861-06-19 14:00:00,21.11,NA,315,NA,970.2,NA,NA,NA,NA,20,NA,0,",skc"
1861-06-19 21:00:00,21.11,NA,315,NA,970.2,NA,NA,NA,NA,10,NA,0,",bkn"
1861-06-20,NA,NA,NA,NA,NA,NA,NA,NA,NA,NA,6.44,NA,NA
1861-06-20 07:00:00,17.78,NA,90,NA,968.51,NA,NA,NA,NA,7.78,NA,0,",bkn"
1861-06-20 14:00:00,20.56,NA,90,NA,965.12,NA,NA,NA,NA,7.22,NA,16,",bkn"
1861-06-20 21:00:00,20.56,NA,90,NA,965.12,NA,NA,NA,NA,4.44,NA,0,",bkn"
1861-06-21,NA,NA,NA,NA,NA,NA,"10 am","3 pm",NA,NA,2.94,NA,"rain"
1861-06-21 07:00:00,17.22,NA,90,NA,966.81,NA,NA,NA,NA,3.33,NA,16,",bkn"
1861-06-21 14:00:00,21.11,NA,90,NA,966.81,NA,NA,NA,NA,3.33,NA,16,",ra"
1861-06-21 21:00:00,20,NA,90,NA,965.12,NA,NA,NA,NA,2.22,NA,0,",bkn"
1861-06-22,NA,NA,NA,NA,NA,NA,NA,NA,NA,NA,5.89,NA,NA
1861-06-22 07:00:00,15.56,NA,45,NA,965.12,NA,NA,NA,NA,2.22,NA,0,",bkn"
1861-06-22 14:00:00,21.11,NA,45,NA,966.81,NA,NA,NA,NA,10,NA,0,",bkn"
1861-06-22 21:00:00,22.22,NA,45,NA,968.51,NA,NA,NA,NA,5.56,NA,0,",bkn"
1861-06-23,NA,NA,NA,NA,NA,NA,NA,NA,NA,NA,5.72,NA,NA
1861-06-23 07:00:00,15.56,NA,45,NA,968.51,NA,NA,NA,NA,5,NA,11,",bkn"
1861-06-23 14:00:00,21.11,NA,45,NA,966.81,NA,NA,NA,NA,7.78,NA,11,",bkn"
1861-06-23 21:00:00,22.22,NA,45,NA,966.81,NA,NA,NA,NA,5.56,NA,0,",bkn"
1861-06-24,NA,NA,NA,NA,NA,NA,NA,NA,NA,NA,5.89,NA,NA
1861-06-24 07:00:00,15.56,NA,45,NA,968.51,NA,NA,NA,NA,3.33,NA,0,",fg"
1861-06-24 14:00:00,19.44,NA,45,NA,971.89,NA,NA,NA,NA,9.44,NA,16,",bkn"
1861-06-24 21:00:00,22.78,NA,45,NA,975.28,NA,NA,NA,NA,5,NA,0,",bkn"
1861-06-25,NA,NA,NA,NA,NA,NA,NA,NA,NA,NA,7.22,NA,NA
1861-06-25 07:00:00,14.44,NA,45,NA,975.28,NA,NA,NA,NA,5,NA,0,",bkn"
1861-06-25 14:00:00,21.11,NA,45,NA,976.97,NA,NA,NA,NA,11.11,NA,0,",bkn"
1861-06-25 21:00:00,22.22,NA,45,NA,976.97,NA,NA,NA,NA,5.56,NA,0,",bkn"
1861-06-26,NA,NA,NA,NA,NA,NA,"6 pm","11 pm",NA,NA,10.17,NA,"rain"
1861-06-26 07:00:00,13.33,NA,45,NA,971.89,NA,NA,NA,NA,7.22,NA,0,",bkn"
1861-06-26 14:00:00,22.22,NA,45,NA,968.51,NA,NA,NA,NA,12.22,NA,0,",bkn"
1861-06-26 21:00:00,21.11,NA,270,NA,968.51,NA,NA,NA,NA,11.11,NA,0,",ra"
1861-06-27,NA,NA,NA,NA,NA,NA,NA,NA,NA,NA,15.18,NA,NA
1861-06-27 07:00:00,15.56,315,315,NA,958.35,NA,NA,NA,NA,10.56,NA,0,",bkn"
1861-06-27 14:00:00,21.11,NA,315,NA,956.65,NA,NA,NA,NA,22.22,NA,0,",bkn"
1861-06-27 21:00:00,20.56,NA,45,NA,956.65,NA,NA,NA,NA,12.78,NA,1,",bkn"
1861-06-28,NA,NA,NA,NA,NA,NA,NA,NA,NA,NA,13.11,NA,NA
1861-06-28 07:00:00,15.56,315,315,NA,954.96,NA,NA,NA,NA,11.67,NA,2,",bkn"
1861-06-28 14:00:00,20,NA,315,NA,953.27,NA,NA,NA,NA,18.89,NA,16,",skc"
1861-06-28 21:00:00,17.78,NA,45,"315",954.96,NA,NA,NA,NA,8.89,NA,2,",bkn"
1861-06-29,NA,NA,NA,NA,NA,NA,NA,NA,NA,NA,11.83,NA,NA
1861-06-29 07:00:00,18.89,NA,315,NA,958.35,NA,NA,NA,NA,7.78,NA,5,",bkn"
1861-06-29 14:00:00,20,NA,315,NA,960.04,NA,NA,NA,NA,18.89,NA,16,",skc"
1861-06-29 21:00:00,21.11,NA,45,"315",961.73,NA,NA,NA,NA,8.89,NA,0,",skc"
1861-06-30,NA,NA,NA,NA,NA,NA,NA,NA,NA,NA,14.06,NA,NA
1861-06-30 07:00:00,20,NA,315,NA,963.43,NA,NA,NA,NA,6.67,NA,20,",bkn"
1861-06-30 14:00:00,21.67,NA,315,NA,963.43,NA,NA,NA,NA,23.33,NA,20,",skc"
1861-06-30 21:00:00,20,NA,45,NA,965.12,NA,NA,NA,NA,12.22,NA,0,",bkn"
1861-07-01,NA,NA,NA,NA,NA,0,"empty","empty",0,NA,12.94,NA,"empty"
1861-07-01 07:00:00,13.33,NA,315,NA,968.51,NA,NA,NA,NA,10,NA,5,",skc"
1861-07-01 14:00:00,18.89,315,0,NA,970.2,NA,NA,NA,NA,20,NA,0,",bkn"
1861-07-01 21:00:00,20,NA,45,NA,970.2,NA,NA,NA,NA,8.89,NA,0,",skc"
1861-07-02,NA,NA,NA,NA,NA,0,"empty","empty",0,NA,15,NA,"empty"
1861-07-02 07:00:00,14.44,NA,45,NA,973.59,NA,NA,NA,NA,7.22,NA,0,",skc"
1861-07-02 14:00:00,20.56,NA,315,NA,973.59,NA,NA,NA,NA,22.22,NA,16,",skc"
1861-07-02 21:00:00,21.11,NA,0,NA,975.28,NA,NA,NA,NA,15.56,NA,0,",bkn"
1861-07-03,NA,NA,NA,NA,NA,0,"empty","empty",0,NA,9.61,NA,"empty"
1861-07-03 07:00:00,18.89,NA,0,NA,978.67,NA,NA,NA,NA,10,NA,2,",skc"
1861-07-03 14:00:00,18.33,NA,45,NA,980.36,NA,NA,NA,NA,10,NA,20,",skc"
1861-07-03 21:00:00,20,NA,45,NA,980.36,NA,NA,NA,NA,8.89,NA,11,",skc"
1861-07-04,NA,NA,NA,NA,NA,0,"empty","empty",0,NA,14.22,NA,"empty"
1861-07-04 07:00:00,15.56,NA,0,NA,976.97,NA,NA,NA,NA,4.44,NA,1,",skc"
1861-07-04 14:00:00,22.78,NA,315,NA,970.2,NA,NA,NA,NA,23.89,NA,20,",skc"
1861-07-04 21:00:00,20,NA,45,NA,970.2,NA,NA,NA,NA,14.44,NA,5,",bkn"
1861-07-05,NA,NA,NA,NA,NA,0,"8 pm","11 pm",0,NA,13.11,NA,"rain"
1861-07-05 07:00:00,14.44,NA,315,NA,965.12,NA,NA,NA,NA,11.11,NA,2,",skc"
1861-07-05 14:00:00,18.33,NA,45,NA,965.12,NA,NA,NA,NA,18.33,NA,5,",skc"
1861-07-05 21:00:00,20,NA,45,NA,968.51,NA,NA,NA,NA,10,NA,0,",ra"
1861-07-06,NA,NA,NA,NA,NA,0,"empty","empty",0,NA,11.44,NA,"empty"
1861-07-06 07:00:00,15.56,NA,45,NA,966.81,NA,NA,NA,NA,11.67,NA,0,",bkn"
1861-07-06 14:00:00,18.33,NA,45,NA,966.81,NA,NA,NA,NA,15.56,NA,5,",bkn"
1861-07-06 21:00:00,18.33,NA,45,NA,966.81,NA,NA,NA,NA,7.22,NA,0,",bkn"
1861-07-07,NA,NA,NA,NA,NA,0,"empty","empty",0,NA,5.56,NA,"empty"
1861-07-07 07:00:00,21.11,NA,45,NA,975.28,NA,NA,NA,NA,6.11,NA,0,",bkn"
1861-07-07 14:00:00,23.89,NA,45,NA,975.28,NA,NA,NA,NA,6.11,NA,5,",bkn"
1861-07-07 21:00:00,21.11,NA,135,NA,975.28,NA,NA,NA,NA,5,NA,0,",bkn"
1861-07-08,NA,NA,NA,NA,NA,0,"empty","empty",0,NA,6.11,NA,"empty"
1861-07-08 07:00:00,17.22,NA,225,NA,982.05,NA,NA,NA,NA,7.78,NA,0,",bkn"
1861-07-08 14:00:00,20,NA,135,NA,982.05,NA,NA,NA,NA,6.67,NA,0,",bkn"
1861-07-08 21:00:00,20,NA,135,NA,975.28,NA,NA,NA,NA,5.56,NA,1,",bkn"
1861-07-09,NA,NA,NA,NA,NA,0,"empty","empty",0,NA,19.61,NA,"empty"
1861-07-09 07:00:00,21.11,NA,315,NA,958.35,NA,NA,NA,NA,17.22,NA,11,",bkn"
1861-07-09 14:00:00,21.11,NA,315,NA,956.65,NA,NA,NA,NA,23.89,NA,11,",bkn"
1861-07-09 21:00:00,20,NA,135,NA,954.96,NA,NA,NA,NA,17.78,NA,0,",bkn"
1861-07-10,NA,NA,NA,NA,NA,0,"empty","empty",0,NA,11.83,NA,"empty"
1861-07-10 07:00:00,15.56,NA,315,NA,963.43,NA,NA,NA,NA,16.67,NA,0,",bkn"
1861-07-10 14:00:00,21.11,NA,315,NA,968.51,NA,NA,NA,NA,11.11,NA,0,",bkn"
1861-07-10 21:00:00,17.78,NA,315,NA,968.51,NA,NA,NA,NA,7.78,NA,0,",bkn"
1861-07-11,NA,NA,NA,NA,NA,0,"empty","empty",0,NA,10.89,NA,"empty"
1861-07-11 07:00:00,16.67,NA,90,NA,975.28,NA,NA,NA,NA,6.11,NA,2,",skc"
1861-07-11 14:00:00,16.67,NA,225,NA,978.67,NA,NA,NA,NA,19.44,NA,1,",skc"
1861-07-11 21:00:00,18.33,NA,90,NA,983.75,NA,NA,NA,NA,7.22,NA,11,",skc"
1861-07-12,NA,NA,NA,NA,NA,0,"4 pm","empty",0,NA,6.28,NA,"rain"
1861-07-12 07:00:00,13.33,NA,90,NA,983.75,NA,NA,NA,NA,6.11,NA,1,",bkn"
1861-07-12 14:00:00,21.11,NA,45,NA,978.67,NA,NA,NA,NA,7.22,NA,2,",ra"
1861-07-12 21:00:00,20,NA,90,NA,975.28,NA,NA,NA,NA,5.56,NA,0,",ra"
1861-07-13,NA,NA,NA,NA,NA,0,"empty","9 am",0,NA,8.33,NA,"rain"
1861-07-13 07:00:00,15.56,NA,90,NA,968.51,NA,NA,NA,NA,7.22,NA,0,",ra"
1861-07-13 14:00:00,18.89,NA,135,NA,978.67,NA,NA,NA,NA,11.67,NA,2,",bkn"
1861-07-13 21:00:00,18.33,NA,90,NA,983.75,NA,NA,NA,NA,6.11,NA,0,",ra"
1861-07-14,NA,NA,NA,NA,NA,0,"6 am","8 am",0,NA,8.33,NA,"rain"
1861-07-14 07:00:00,16.67,NA,90,NA,988.83,NA,NA,NA,NA,6.11,NA,0,",ra"
1861-07-14 14:00:00,18.89,NA,135,NA,988.83,NA,NA,NA,NA,14.44,NA,2,",skc"
1861-07-14 21:00:00,20,NA,90,NA,988.83,NA,NA,NA,NA,4.44,NA,0,",skc"
1861-07-15,NA,NA,NA,NA,NA,0,"empty","empty",0,NA,10.33,NA,"empty"
1861-07-15 07:00:00,18.89,NA,45,NA,988.83,NA,NA,NA,NA,7.78,NA,0,",skc"
1861-07-15 14:00:00,16.11,NA,45,NA,983.75,NA,NA,NA,NA,14.44,NA,0,",bkn"
1861-07-15 21:00:00,16.11,NA,90,NA,983.75,NA,NA,NA,NA,8.89,NA,0,",bkn"
1861-07-16,NA,NA,NA,NA,NA,0,"empty","empty",0,NA,8.33,NA,"empty"
1861-07-16 07:00:00,15.56,NA,45,NA,980.36,NA,NA,NA,NA,7.22,NA,0,",skc"
1861-07-16 14:00:00,18.89,NA,225,NA,975.28,NA,NA,NA,NA,10,NA,0,",bkn"
1861-07-16 21:00:00,15.56,NA,90,NA,968.51,NA,NA,NA,NA,7.78,NA,0,",bkn"
1861-07-17,NA,NA,NA,NA,NA,0,"empty","empty",0,NA,17.22,NA,"empty"
1861-07-17 07:00:00,18.33,NA,315,NA,968.51,NA,NA,NA,NA,7.78,NA,16,",skc"
1861-07-17 14:00:00,23.89,NA,315,NA,968.51,NA,NA,NA,NA,26.11,NA,16,",skc"
1861-07-17 21:00:00,22.22,NA,315,NA,968.51,NA,NA,NA,NA,17.78,NA,16,",bkn"
1861-07-18,NA,NA,NA,NA,NA,0,"6 pm","empty",0,NA,15.17,NA,"rain"
1861-07-18 07:00:00,20,NA,315,NA,966.81,NA,NA,NA,NA,14.44,NA,0,",skc"
1861-07-18 14:00:00,22.22,NA,315,NA,965.12,NA,NA,NA,NA,22.22,NA,16,",bkn"
1861-07-18 21:00:00,18.33,NA,45,NA,965.12,NA,NA,NA,NA,8.89,NA,16,",ra"
1861-07-19,NA,NA,NA,NA,NA,0,"8 am","9 am",0,NA,14.06,NA,"rain"
1861-07-19 07:00:00,16.11,NA,45,NA,965.12,NA,NA,NA,NA,10,NA,0,",ra"
1861-07-19 14:00:00,18.89,NA,315,NA,968.51,NA,NA,NA,NA,18.33,NA,1,",skc"
1861-07-19 21:00:00,20,NA,45,NA,968.51,NA,NA,NA,NA,13.89,NA,16,",bkn"
1861-07-20,NA,NA,NA,NA,NA,0,"empty","empty",0,NA,8.33,NA,"empty"
1861-07-20 07:00:00,14.44,NA,45,NA,970.2,NA,NA,NA,NA,7.22,NA,2,",bkn"
1861-07-20 14:00:00,15.56,NA,315,NA,971.89,NA,NA,NA,NA,10.56,NA,1,",skc"
1861-07-20 21:00:00,18.89,NA,45,NA,971.89,NA,NA,NA,NA,7.22,NA,11,",bkn"
1861-07-21,NA,NA,NA,NA,NA,0,"empty","empty",0,NA,8.11,NA,"empty"
1861-07-21 07:00:00,15.56,NA,45,NA,973.59,NA,NA,NA,NA,10,NA,0,",skc"
1861-07-21 14:00:00,16.11,NA,45,NA,973.59,NA,NA,NA,NA,10,NA,16,",skc"
1861-07-21 21:00:00,15.56,NA,45,NA,973.59,NA,NA,NA,NA,4.44,NA,0,",bkn"
1861-07-22,NA,NA,NA,NA,NA,0,"empty","empty",0,NA,9.44,NA,"empty"
1861-07-22 07:00:00,12.78,NA,45,NA,971.89,NA,NA,NA,NA,8.89,NA,0,",bkn"
1861-07-22 14:00:00,20.56,NA,45,NA,973.59,NA,NA,NA,NA,12.22,NA,0,",skc"
1861-07-22 21:00:00,21.11,NA,45,NA,973.59,NA,NA,NA,NA,7.22,NA,0,",skc"
1861-07-23,NA,NA,NA,NA,NA,0,"empty","empty",0,NA,12.39,NA,"empty"
1861-07-23 07:00:00,12.22,NA,45,NA,973.59,NA,NA,NA,NA,4.44,NA,0,",skc"
1861-07-23 14:00:00,18.33,NA,180,NA,973.59,NA,NA,NA,NA,23.33,NA,0,",bkn"
1861-07-23 21:00:00,17.78,NA,90,NA,973.59,NA,NA,NA,NA,9.44,NA,0,",bkn"
1861-07-24,NA,NA,NA,NA,NA,0,"empty","empty",0,NA,7.56,NA,"empty"
1861-07-24 07:00:00,13.89,NA,45,NA,973.59,NA,NA,NA,NA,6.11,NA,0,",bkn"
1861-07-24 14:00:00,15.56,NA,45,NA,976.97,NA,NA,NA,NA,12.22,NA,1,",bkn"
1861-07-24 21:00:00,20,NA,45,NA,978.67,NA,NA,NA,NA,4.44,NA,0,",bkn"
1861-07-25,NA,NA,NA,NA,NA,0,"empty","empty",0,NA,11.11,NA,"empty"
1861-07-25 07:00:00,15.56,NA,315,NA,978.67,NA,NA,NA,NA,3.33,NA,0,",skc"
1861-07-25 14:00:00,21.11,NA,315,NA,978.67,NA,NA,NA,NA,21.11,NA,0,",skc"
1861-07-25 21:00:00,18.89,NA,315,NA,978.67,NA,NA,NA,NA,8.89,NA,0,",skc"
1861-07-26,NA,NA,NA,NA,NA,0,"empty","empty",0,NA,16.83,NA,"empty"
1861-07-26 07:00:00,21.11,NA,0,NA,978.67,NA,NA,NA,NA,11.11,NA,0,",skc"
1861-07-26 14:00:00,20,NA,315,NA,978.67,NA,NA,NA,NA,26.67,NA,0,",skc"
1861-07-26 21:00:00,17.78,NA,45,NA,976.97,NA,NA,NA,NA,12.78,NA,0,",skc"
1861-07-27,NA,NA,NA,NA,NA,0,"empty","empty",0,NA,24.44,NA,"empty"
1861-07-27 07:00:00,17.78,NA,315,NA,976.97,NA,NA,NA,NA,21.11,NA,16,",skc"
1861-07-27 14:00:00,26.67,NA,315,NA,978.67,NA,NA,NA,NA,28.89,NA,0,",skc"
1861-07-27 21:00:00,24.44,NA,0,NA,978.67,NA,NA,NA,NA,23.33,NA,20,",bkn"
1861-07-28,NA,NA,NA,NA,NA,0,"empty","empty",0,NA,18.33,NA,"empty"
1861-07-28 07:00:00,22.22,NA,0,NA,983.75,NA,NA,NA,NA,17.78,NA,0,",skc"
1861-07-28 14:00:00,22.22,NA,315,NA,983.75,NA,NA,NA,NA,23.89,NA,0,",skc"
1861-07-28 21:00:00,17.78,NA,0,NA,983.75,NA,NA,NA,NA,13.33,NA,11,",skc"
1861-07-29,NA,NA,NA,NA,NA,0,"empty","empty",0,NA,17.39,NA,"empty"
1861-07-29 07:00:00,17.78,NA,0,NA,983.75,NA,NA,NA,NA,10,NA,0,",skc"
1861-07-29 14:00:00,23.33,NA,45,NA,976.97,NA,NA,NA,NA,25.56,NA,0,",skc"
1861-07-29 21:00:00,17.78,NA,0,NA,980.36,NA,NA,NA,NA,11.11,NA,0,",skc"
1861-07-30,NA,NA,NA,NA,NA,0,"empty","empty",0,NA,18.5,NA,"empty"
1861-07-30 07:00:00,21.11,NA,0,NA,978.67,NA,NA,NA,NA,10,NA,0,",skc"
1861-07-30 14:00:00,22.22,NA,45,NA,976.97,NA,NA,NA,NA,31.11,NA,0,",skc"
1861-07-30 21:00:00,18.89,NA,0,NA,975.28,NA,NA,NA,NA,14.44,NA,0,",skc"
1861-07-31,NA,NA,NA,NA,NA,0,"empty","empty",0,NA,18.33,NA,"empty"
1861-07-31 07:00:00,15.56,NA,0,NA,971.89,NA,NA,NA,NA,13.33,NA,0,",bkn"
1861-07-31 14:00:00,21.11,NA,45,NA,966.81,NA,NA,NA,NA,25.56,NA,0,",ra"
1861-07-31 21:00:00,21.67,NA,0,NA,963.43,NA,NA,NA,NA,16.11,NA,0,",bkn"
1861-08-01,NA,NA,NA,NA,NA,NA,"8 am","11 am",NA,NA,15.17,NA,"au"
1861-08-01 07:00:00,20,45,0,NA,960.04,NA,NA,NA,NA,15.56,NA,1,",bkn"
1861-08-01 14:00:00,19.44,NA,0,NA,961.73,NA,NA,NA,NA,20,NA,0,",bkn"
1861-08-01 21:00:00,18.33,NA,0,NA,965.12,NA,NA,NA,NA,10,NA,0,",skc"
1861-08-02,NA,NA,NA,NA,NA,NA,NA,NA,NA,NA,14.06,NA,NA
1861-08-02 07:00:00,15.56,NA,0,NA,965.12,NA,NA,NA,NA,8.89,NA,2,",skc"
1861-08-02 14:00:00,20.56,NA,0,NA,966.81,NA,NA,NA,NA,22.22,NA,1,",skc"
1861-08-02 21:00:00,18.33,NA,0,NA,965.12,NA,NA,NA,NA,11.11,NA,NA,",skc"
1861-08-03,NA,NA,NA,NA,NA,NA,"4 pm",NA,NA,NA,12.39,NA,"ts"
1861-08-03 07:00:00,16.11,NA,0,NA,961.73,NA,NA,NA,NA,7.22,NA,0,",skc"
1861-08-03 14:00:00,21.67,NA,45,NA,961.73,NA,NA,NA,NA,20,NA,16,",bkn"
1861-08-03 21:00:00,21.11,NA,45,NA,960.04,NA,NA,NA,NA,10,NA,16,",ra"
1861-08-04,NA,NA,NA,NA,NA,NA,NA,"5 am",NA,NA,12.94,NA,"au"
1861-08-04 07:00:00,18.33,0,0,NA,958.35,NA,NA,NA,NA,8.89,NA,11,",bkn"
1861-08-04 14:00:00,19.44,0,0,NA,958.35,NA,NA,NA,NA,18.89,NA,2,",bkn"
1861-08-04 21:00:00,20,NA,0,NA,956.65,NA,NA,NA,NA,11.11,NA,0,",skc"
1861-08-05,NA,NA,NA,NA,NA,NA,"11 am","12 pm",NA,NA,8.33,NA,NA
1861-08-05 07:00:00,18.89,0,0,NA,956.65,NA,NA,NA,NA,6.11,NA,0,",bkn"
1861-08-05 14:00:00,18.33,NA,45,NA,954.96,NA,NA,NA,NA,10,NA,2,",ra"
1861-08-05 21:00:00,18.89,NA,45,NA,954.96,NA,NA,NA,NA,8.89,NA,11,",ra"
1861-08-06,NA,NA,NA,NA,NA,NA,NA,NA,NA,NA,9.22,NA,NA
1861-08-06 07:00:00,15.56,45,45,NA,958.35,NA,NA,NA,NA,8.33,NA,0,",bkn"
1861-08-06 14:00:00,20,NA,45,NA,961.73,NA,NA,NA,NA,12.22,NA,0,",bkn"
1861-08-06 21:00:00,17.22,NA,45,NA,965.12,NA,NA,NA,NA,7.22,NA,0,",bkn"
1861-08-07,NA,NA,NA,NA,NA,NA,NA,NA,NA,NA,7.22,NA,NA
1861-08-07 07:00:00,16.11,45,90,NA,966.81,NA,NA,NA,NA,7.78,NA,1,",fg"
1861-08-07 14:00:00,23.89,NA,90,NA,970.2,NA,NA,NA,NA,7.22,NA,11,",fg"
1861-08-07 21:00:00,21.11,NA,90,NA,973.59,NA,NA,NA,NA,6.67,NA,1,",fg"
1861-08-08,NA,NA,NA,NA,NA,NA,NA,NA,NA,NA,8.89,NA,NA
1861-08-08 07:00:00,17.22,45,90,NA,973.59,NA,NA,NA,NA,7.22,NA,0,",bkn"
1861-08-08 14:00:00,17.22,NA,90,NA,973.59,NA,NA,NA,NA,9.44,NA,2,",bkn"
1861-08-08 21:00:00,17.78,NA,90,NA,973.59,NA,NA,NA,NA,10,NA,0,",bkn"
1861-08-09,NA,NA,NA,NA,NA,NA,NA,NA,NA,NA,8.5,NA,"ra"
1861-08-09 07:00:00,12.22,NA,90,NA,971.89,NA,NA,NA,NA,8.89,NA,0,",bkn"
1861-08-09 14:00:00,12.78,NA,90,NA,970.2,NA,NA,NA,NA,10,NA,16,",bkn"
1861-08-09 21:00:00,16.67,NA,90,NA,970.2,NA,NA,NA,NA,6.67,NA,11,",bkn"
1861-08-10,NA,NA,NA,NA,NA,NA,NA,NA,NA,NA,5.33,NA,NA
1861-08-10 07:00:00,16.11,NA,90,NA,970.2,NA,NA,NA,NA,5.56,NA,0,",bkn"
1861-08-10 14:00:00,20,NA,90,NA,970.2,NA,NA,NA,NA,6.11,NA,11,",bkn"
1861-08-10 21:00:00,16.11,NA,90,NA,970.2,NA,NA,NA,NA,4.44,NA,11,",fg"
1861-08-11,NA,NA,NA,NA,NA,NA,"8 pm","10 pm",NA,NA,10,NA,NA
1861-08-11 07:00:00,14.44,NA,45,NA,968.51,NA,NA,NA,NA,8.89,NA,0,",fg"
1861-08-11 14:00:00,14.44,NA,45,NA,968.51,NA,NA,NA,NA,12.22,NA,11,",bkn"
1861-08-11 21:00:00,17.78,NA,90,NA,970.2,NA,NA,NA,NA,8.89,NA,11,",ra"
1861-08-12,NA,NA,NA,NA,NA,NA,NA,NA,NA,NA,7.56,NA,"au"
1861-08-12 07:00:00,13.33,NA,45,NA,970.2,NA,NA,NA,NA,6.11,NA,0,",bkn"
1861-08-12 14:00:00,11.11,NA,45,NA,971.89,NA,NA,NA,NA,9.44,NA,0,",fg"
1861-08-12 21:00:00,12.22,NA,90,NA,973.59,NA,NA,NA,NA,7.22,NA,0,",bkn"
1861-08-13,NA,NA,NA,NA,NA,NA,NA,NA,NA,NA,8.5,NA,NA
1861-08-13 07:00:00,13.33,NA,315,NA,976.97,NA,NA,NA,NA,3.89,NA,0,",skc"
1861-08-13 14:00:00,15.56,NA,315,NA,976.97,NA,NA,NA,NA,15.56,NA,0,",skc"
1861-08-13 21:00:00,14.44,NA,90,NA,976.97,NA,NA,NA,NA,6.11,NA,0,",skc"
1861-08-14,NA,NA,NA,NA,NA,NA,NA,NA,NA,NA,10.33,NA,NA
1861-08-14 07:00:00,12.78,NA,315,NA,976.97,NA,NA,NA,NA,2.22,NA,11,",skc"
1861-08-14 14:00:00,15.56,NA,315,NA,976.97,NA,NA,NA,NA,17.78,NA,5,",skc"
1861-08-14 21:00:00,16.11,NA,90,NA,976.97,NA,NA,NA,NA,11.11,NA,0,",skc"
1861-08-15,NA,NA,NA,NA,NA,NA,NA,NA,NA,NA,10.89,NA,NA
1861-08-15 07:00:00,12.78,NA,45,NA,976.97,NA,NA,NA,NA,3.89,NA,0,",bkn"
1861-08-15 14:00:00,14.44,NA,45,NA,975.28,NA,NA,NA,NA,18.89,NA,2,",bkn"
1861-08-15 21:00:00,11.67,NA,45,NA,975.28,NA,NA,NA,NA,10,NA,0,",bkn"
1861-08-16,NA,NA,NA,NA,NA,NA,NA,NA,NA,NA,16.83,NA,NA
1861-08-16 07:00:00,15.56,NA,45,NA,973.59,NA,NA,NA,NA,15,NA,0,",skc"
1861-08-16 14:00:00,17.78,NA,315,NA,971.89,NA,NA,NA,NA,23.33,NA,11,",skc"
1861-08-16 21:00:00,19.44,NA,45,NA,971.89,NA,NA,NA,NA,12.22,NA,0,",skc"
1861-08-17,NA,NA,NA,NA,NA,NA,NA,NA,NA,NA,20.72,NA,NA
1861-08-17 07:00:00,18.33,NA,270,NA,971.89,NA,NA,NA,NA,15.56,NA,16,",bkn"
1861-08-17 14:00:00,24.44,NA,315,NA,970.2,NA,NA,NA,NA,25.56,NA,16,",skc"
1861-08-17 21:00:00,23.33,NA,315,"315",968.51,NA,NA,NA,NA,21.11,NA,2,",bkn"
1861-08-18,NA,NA,NA,NA,NA,NA,"4 pm","7 pm",NA,NA,15.56,NA,NA
1861-08-18 07:00:00,19.44,315,315,NA,968.51,NA,NA,NA,NA,14.44,NA,0,",bkn"
1861-08-18 14:00:00,18.89,NA,0,NA,971.89,NA,NA,NA,NA,23.33,NA,2,",bkn"
1861-08-18 21:00:00,18.89,NA,0,NA,971.89,NA,NA,NA,NA,8.89,NA,1,",bkn"
1861-08-19,NA,NA,NA,NA,NA,NA,NA,NA,NA,NA,6.28,NA,NA
1861-08-19 07:00:00,16.67,45,45,NA,973.59,NA,NA,NA,NA,5.56,NA,1,",bkn"
1861-08-19 14:00:00,12.78,NA,45,NA,976.97,NA,NA,NA,NA,7.78,NA,2,",bkn"
1861-08-19 21:00:00,12.22,NA,0,NA,976.97,NA,NA,NA,NA,5.56,NA,0,",bkn"
1861-08-20,NA,NA,NA,NA,NA,NA,NA,NA,NA,NA,9.78,NA,NA
1861-08-20 07:00:00,8.89,0,315,NA,976.97,NA,NA,NA,NA,3.33,NA,0,",bkn"
1861-08-20 14:00:00,18.33,NA,0,NA,976.97,NA,NA,NA,NA,15.56,NA,0,",skc"
1861-08-20 21:00:00,16.11,NA,0,NA,976.97,NA,NA,NA,NA,10.56,NA,0,",skc"
1861-08-21,NA,NA,NA,NA,NA,NA,NA,NA,NA,NA,13.11,NA,NA
1861-08-21 07:00:00,12.22,NA,0,NA,976.97,NA,NA,NA,NA,7.22,NA,0,",skc"
1861-08-21 14:00:00,18.89,NA,315,NA,975.28,NA,NA,NA,NA,22.22,NA,16,",skc"
1861-08-21 21:00:00,18.33,NA,315,NA,973.59,NA,NA,NA,NA,10,NA,0,",skc"
1861-08-22,NA,NA,NA,NA,NA,NA,"6 am","12 am",NA,NA,13.67,NA,NA
1861-08-22 07:00:00,15.56,NA,315,NA,968.51,NA,NA,NA,NA,11.11,NA,0,",ra"
1861-08-22 14:00:00,15,NA,315,NA,966.81,NA,NA,NA,NA,20,NA,0,",bkn"
1861-08-22 21:00:00,15,NA,0,NA,966.81,NA,NA,NA,NA,10,NA,0,",bkn"
1861-08-23,NA,NA,NA,NA,NA,NA,NA,NA,NA,NA,6.83,NA,NA
1861-08-23 07:00:00,12.78,NA,0,NA,961.73,NA,NA,NA,NA,8.33,NA,2,",fg"
1861-08-23 14:00:00,14.44,NA,0,NA,966.81,NA,NA,NA,NA,7.78,NA,11,",bkn"
1861-08-23 21:00:00,20.56,NA,0,NA,971.89,NA,NA,NA,NA,5.56,NA,0,",bkn"
1861-08-24,NA,NA,NA,NA,NA,NA,NA,NA,NA,NA,6.28,NA,"ra"
1861-08-24 07:00:00,12.22,NA,315,NA,973.59,NA,NA,NA,NA,4.44,NA,0,",bkn"
1861-08-24 14:00:00,13.33,NA,45,NA,978.67,NA,NA,NA,NA,8.89,NA,2,",bkn"
1861-08-24 21:00:00,17.78,NA,0,NA,980.36,NA,NA,NA,NA,5.56,NA,0,",skc"
1861-08-25,NA,NA,NA,NA,NA,NA,NA,NA,NA,NA,6.67,NA,NA
1861-08-25 07:00:00,12.78,NA,0,NA,980.36,NA,NA,NA,NA,4.44,NA,0,",bkn"
1861-08-25 14:00:00,16.67,NA,45,NA,982.05,NA,NA,NA,NA,9.44,NA,5,",bkn"
1861-08-25 21:00:00,18.33,NA,45,NA,982.05,NA,NA,NA,NA,6.11,NA,11,",skc"
1861-08-26,NA,NA,NA,NA,NA,NA,"6 pm",NA,NA,NA,11.28,NA,NA
1861-08-26 07:00:00,13.33,NA,0,NA,978.67,NA,NA,NA,NA,5,NA,0,",bkn"
1861-08-26 14:00:00,20,NA,270,NA,978.67,NA,NA,NA,NA,20,NA,0,",bkn"
1861-08-26 21:00:00,18.89,NA,45,NA,978.67,NA,NA,NA,NA,8.89,NA,2,",ra"
1861-08-27,NA,NA,NA,NA,NA,NA,"6 pm","1 pm",NA,NA,8.11,NA,"empty"
1861-08-27 07:00:00,15.56,NA,0,NA,975.28,NA,NA,NA,NA,7.78,NA,5,",ra"
1861-08-27 14:00:00,20,NA,45,NA,975.28,NA,NA,NA,NA,9.44,NA,16,",ra"
1861-08-27 21:00:00,21.11,NA,45,NA,975.28,NA,NA,NA,NA,7.22,NA,16,",ra"
1861-08-28,NA,NA,NA,NA,NA,NA,NA,"6 am",NA,NA,5.72,NA,NA
1861-08-28 07:00:00,12.78,NA,90,NA,978.67,NA,NA,NA,NA,4.44,NA,1,",ra"
1861-08-28 14:00:00,18.33,270,90,NA,978.67,NA,NA,NA,NA,9.44,NA,16,",bkn"
1861-08-28 21:00:00,15,NA,0,NA,980.36,NA,NA,NA,NA,3.33,NA,0,",skc"
1861-08-29,NA,NA,NA,NA,NA,NA,NA,NA,NA,NA,5.72,NA,NA
1861-08-29 07:00:00,15.56,NA,90,NA,978.67,NA,NA,NA,NA,3.33,NA,0,",skc"
1861-08-29 14:00:00,21.11,NA,90,NA,976.97,NA,NA,NA,NA,9.44,NA,5,",skc"
1861-08-29 21:00:00,21.11,NA,45,NA,976.97,NA,NA,NA,NA,4.44,NA,0,",skc"
1861-08-30,NA,NA,NA,NA,NA,NA,NA,NA,NA,NA,8.89,NA,"halo"
1861-08-30 07:00:00,12.78,NA,0,NA,971.89,NA,NA,NA,NA,5.56,NA,0,",bkn"
1861-08-30 14:00:00,21.11,NA,45,NA,971.89,NA,NA,NA,NA,12.22,NA,1,",bkn"
1861-08-30 21:00:00,20,NA,45,NA,971.89,NA,NA,NA,NA,9.44,NA,0,",bkn"
1861-08-31,NA,NA,NA,NA,NA,NA,NA,NA,NA,NA,11.28,NA,NA
1861-08-31 07:00:00,13.89,270,180,NA,970.2,NA,NA,NA,NA,7.22,NA,0,",bkn"
1861-08-31 14:00:00,20.56,NA,180,NA,971.89,NA,NA,NA,NA,16.67,NA,2,",bkn"
1861-08-31 21:00:00,22.22,NA,45,NA,973.59,NA,NA,NA,NA,10,NA,11,",bkn"
1861-09-01,NA,NA,NA,NA,NA,NA,NA,NA,NA,NA,8.11,NA,"rain"
1861-09-01 07:00:00,16.67,NA,135,NA,978.67,NA,NA,NA,NA,8.89,NA,1,",bkn"
1861-09-01 14:00:00,18.33,NA,90,NA,980.36,NA,NA,NA,NA,8.89,NA,16,",bkn"
1861-09-01 21:00:00,17.78,NA,90,NA,982.05,NA,NA,NA,NA,6.67,NA,0,",bkn"
1861-09-02,NA,NA,NA,NA,NA,NA,NA,NA,NA,NA,7.22,NA,NA
1861-09-02 07:00:00,12.78,NA,90,NA,982.05,NA,NA,NA,NA,4.44,NA,0,",bkn"
1861-09-02 14:00:00,22.22,NA,90,NA,983.75,NA,NA,NA,NA,13.33,NA,0,",bkn"
1861-09-02 21:00:00,16.67,NA,90,NA,982.05,NA,NA,NA,NA,3.89,NA,0,",skc"
1861-09-03,NA,NA,NA,NA,NA,NA,NA,NA,NA,NA,6.44,NA,NA
1861-09-03 07:00:00,12.22,NA,0,NA,980.36,NA,NA,NA,NA,1.67,NA,0,",skc"
1861-09-03 14:00:00,18.33,NA,90,NA,976.97,NA,NA,NA,NA,13.33,NA,0,",skc"
1861-09-03 21:00:00,16.67,NA,90,NA,975.28,NA,NA,NA,NA,4.44,NA,0,",skc"
1861-09-04,NA,NA,NA,NA,NA,NA,"1 am",NA,NA,NA,6.83,NA,"rain"
1861-09-04 07:00:00,12.22,NA,0,NA,970.2,NA,NA,NA,NA,3.33,NA,0,",bkn"
1861-09-04 14:00:00,19.44,NA,135,NA,968.51,NA,NA,NA,NA,12.22,NA,1,",ra"
1861-09-04 21:00:00,17.78,NA,90,NA,966.81,NA,NA,NA,NA,5,NA,0,",ra"
1861-09-05,NA,NA,NA,NA,NA,NA,NA,"10 pm",NA,NA,4.78,NA,"rain"
1861-09-05 07:00:00,16.67,NA,45,NA,963.43,NA,NA,NA,NA,4.44,NA,1,",ra"
1861-09-05 14:00:00,15.56,NA,45,NA,965.12,NA,NA,NA,NA,5,NA,1,",ra"
1861-09-05 21:00:00,20,NA,45,NA,966.81,NA,NA,NA,NA,4.44,NA,0,",ra"
1861-09-06,NA,NA,NA,NA,NA,NA,NA,NA,NA,NA,7.22,NA,NA
1861-09-06 07:00:00,13.33,NA,45,NA,970.2,NA,NA,NA,NA,3.33,NA,0,",bkn"
1861-09-06 14:00:00,18.89,NA,45,NA,973.59,NA,NA,NA,NA,11.11,NA,0,",bkn"
1861-09-06 21:00:00,21.11,NA,45,NA,973.59,NA,NA,NA,NA,7.22,NA,0,",bkn"
1861-09-07,NA,NA,NA,NA,NA,NA,"12 am","8 pm",NA,NA,5,NA,"rain"
1861-09-07 07:00:00,20,NA,45,NA,968.51,NA,NA,NA,NA,6.11,NA,0,",bkn"
1861-09-07 14:00:00,15.56,NA,180,NA,965.12,NA,NA,NA,NA,4.44,NA,0,",ra"
1861-09-07 21:00:00,22.22,NA,270,NA,963.43,NA,NA,NA,NA,4.44,NA,0,",ra"
1861-09-08,NA,NA,NA,NA,NA,NA,NA,NA,NA,NA,7.94,NA,NA
1861-09-08 07:00:00,17.22,NA,315,NA,963.43,NA,NA,NA,NA,5,NA,16,",bkn"
1861-09-08 14:00:00,22.22,NA,315,NA,965.12,NA,NA,NA,NA,11.11,NA,16,",skc"
1861-09-08 21:00:00,18.89,NA,315,NA,966.81,NA,NA,NA,NA,7.78,NA,NA,",bkn"
1861-09-09,NA,NA,NA,NA,NA,NA,NA,NA,NA,NA,5.72,NA,NA
1861-09-09 07:00:00,12.78,NA,315,NA,968.51,NA,NA,NA,NA,3.89,NA,16,",skc"
1861-09-09 14:00:00,22.22,NA,315,NA,973.59,NA,NA,NA,NA,10,NA,16,",skc"
1861-09-09 21:00:00,18.33,NA,315,NA,975.28,NA,NA,NA,NA,3.33,NA,0,",skc"
1861-09-10,NA,NA,NA,NA,NA,NA,NA,NA,NA,NA,7.22,NA,NA
1861-09-10 07:00:00,18.89,NA,315,NA,971.89,NA,NA,NA,NA,8.89,NA,1,",bkn"
1861-09-10 14:00:00,22.22,NA,0,NA,976.97,NA,NA,NA,NA,11.11,NA,11,",bkn"
1861-09-10 21:00:00,20,NA,315,NA,978.67,NA,NA,NA,NA,1.67,NA,0,",skc"
1861-09-11,NA,NA,NA,NA,NA,NA,NA,NA,NA,NA,12.22,NA,NA
1861-09-11 07:00:00,16.67,NA,0,NA,976.97,NA,NA,NA,NA,3.33,NA,0,",bkn"
1861-09-11 14:00:00,21.11,NA,315,NA,973.59,NA,NA,NA,NA,22.22,NA,11,",bkn"
1861-09-11 21:00:00,18.89,NA,315,NA,973.59,NA,NA,NA,NA,11.11,NA,0,",bkn"
1861-09-12,NA,NA,NA,NA,NA,NA,NA,NA,NA,NA,9.61,NA,NA
1861-09-12 07:00:00,15.56,NA,315,NA,971.89,NA,NA,NA,NA,2.22,NA,1,",skc"
1861-09-12 14:00:00,18.89,NA,315,NA,971.89,NA,NA,NA,NA,14.44,NA,11,",bkn"
1861-09-12 21:00:00,15.56,NA,315,NA,968.51,NA,NA,NA,NA,12.22,NA,0,",bkn"
1861-09-13,NA,NA,NA,NA,NA,NA,"10 am","6 pm",NA,NA,7.56,NA,"rain"
1861-09-13 07:00:00,18.33,NA,315,NA,971.89,NA,NA,NA,NA,8.89,NA,11,",bkn"
1861-09-13 14:00:00,18.89,NA,45,NA,971.89,NA,NA,NA,NA,9.44,NA,0,",ra"
1861-09-13 21:00:00,20,NA,315,NA,970.2,NA,NA,NA,NA,3.89,NA,16,",bkn"
1861-09-14,NA,NA,NA,NA,NA,NA,NA,NA,NA,NA,7.39,NA,NA
1861-09-14 07:00:00,15.56,NA,0,NA,971.89,NA,NA,NA,NA,3.33,NA,11,",bkn"
1861-09-14 14:00:00,21.11,NA,315,NA,975.28,NA,NA,NA,NA,14.44,NA,11,",bkn"
1861-09-14 21:00:00,20,NA,315,NA,973.59,NA,NA,NA,NA,4.44,NA,0,",bkn"
1861-09-15,NA,NA,NA,NA,NA,NA,NA,NA,NA,NA,7.56,NA,NA
1861-09-15 07:00:00,18.89,NA,315,NA,958.35,NA,NA,NA,NA,10,NA,20,",bkn"
1861-09-15 14:00:00,21.11,NA,0,NA,961.73,NA,NA,NA,NA,11.11,NA,11,",bkn"
1861-09-15 21:00:00,22.22,NA,0,NA,968.51,NA,NA,NA,NA,1.67,NA,0,",skc"
1861-09-16,NA,NA,NA,NA,NA,NA,NA,NA,NA,NA,3.89,NA,NA
1861-09-16 07:00:00,15.56,NA,0,NA,971.89,NA,NA,NA,NA,0.56,NA,0,",bkn"
1861-09-16 14:00:00,22.22,NA,315,NA,973.59,NA,NA,NA,NA,9.44,NA,0,",bkn"
1861-09-16 21:00:00,16.67,NA,315,NA,971.89,NA,NA,NA,NA,1.67,NA,0,",skc"
1861-09-17,NA,NA,NA,NA,NA,NA,NA,NA,NA,NA,3.33,NA,NA
1861-09-17 07:00:00,18.33,NA,315,NA,963.43,NA,NA,NA,NA,3.33,NA,16,",bkn"
1861-09-17 14:00:00,21.11,NA,0,NA,961.73,NA,NA,NA,NA,7.22,NA,11,",bkn"
1861-09-17 21:00:00,22.22,NA,0,NA,965.12,NA,NA,NA,NA,-0.56,NA,0,",bkn"
1861-09-18,NA,NA,NA,NA,NA,NA,NA,NA,NA,NA,4.44,NA,NA
1861-09-18 07:00:00,20,NA,315,NA,966.81,NA,NA,NA,NA,2.22,NA,11,",skc"
1861-09-18 14:00:00,21.11,NA,0,NA,966.81,NA,NA,NA,NA,6.67,NA,11,",skc"
1861-09-18 21:00:00,20,NA,0,NA,968.51,NA,NA,NA,NA,4.44,NA,2,",skc"
1861-09-19,NA,NA,NA,NA,NA,NA,NA,NA,NA,NA,4.61,NA,NA
1861-09-19 07:00:00,15.56,NA,45,NA,958.35,NA,NA,NA,NA,4.44,NA,2,",bkn"
1861-09-19 14:00:00,18.33,NA,45,NA,963.43,NA,NA,NA,NA,5,NA,11,",bkn"
1861-09-19 21:00:00,15.56,NA,0,NA,956.65,NA,NA,NA,NA,4.44,NA,16,",ra"
1861-09-20,NA,NA,NA,NA,NA,NA,NA,NA,NA,NA,3.5,NA,NA
1861-09-20 07:00:00,14.44,NA,315,NA,944.8,NA,NA,NA,NA,4.44,NA,16,",skc"
1861-09-20 14:00:00,18.89,NA,0,NA,953.27,NA,NA,NA,NA,5.56,NA,16,",bkn"
1861-09-20 21:00:00,17.22,NA,0,NA,961.73,NA,NA,NA,NA,0.56,NA,16,",skc"
1861-09-21,NA,NA,NA,NA,NA,NA,NA,NA,NA,NA,1.44,NA,NA
1861-09-21 07:00:00,11.11,NA,0,NA,966.81,NA,NA,NA,NA,-1.67,NA,2,",skc"
1861-09-21 14:00:00,18.33,NA,0,NA,975.28,NA,NA,NA,NA,3.89,NA,2,",bkn"
1861-09-21 21:00:00,19.44,NA,0,NA,982.05,NA,NA,NA,NA,2.22,NA,1,",bkn"
1861-09-22,NA,NA,NA,NA,NA,NA,NA,NA,NA,NA,1.28,NA,NA
1861-09-22 07:00:00,17.22,NA,0,NA,982.05,NA,NA,NA,NA,-2.22,NA,0,",skc"
1861-09-22 14:00:00,21.11,NA,0,NA,985.44,NA,NA,NA,NA,4.44,NA,0,",bkn"
1861-09-22 21:00:00,20,NA,45,NA,983.75,NA,NA,NA,NA,1.67,NA,11,",skc"
1861-09-23,NA,NA,NA,NA,NA,NA,"8 pm",NA,NA,NA,1.44,NA,"snow"
1861-09-23 07:00:00,12.22,NA,90,NA,982.05,NA,NA,NA,NA,0,NA,16,",skc"
1861-09-23 14:00:00,15.56,NA,135,NA,978.67,NA,NA,NA,NA,2.78,NA,16,",bkn"
1861-09-23 21:00:00,20,NA,90,NA,976.97,NA,NA,NA,NA,1.67,NA,11,",sn"
1861-09-24,NA,NA,NA,NA,NA,NA,NA,"7 am",NA,NA,1.78,NA,"snow"
1861-09-24 07:00:00,20,NA,45,NA,968.51,NA,NA,NA,NA,0.56,NA,2,",sn"
1861-09-24 14:00:00,21.11,NA,0,NA,966.81,NA,NA,NA,NA,3.33,NA,1,",bkn"
1861-09-24 21:00:00,21.11,NA,0,NA,965.12,NA,NA,NA,NA,2.22,NA,1,",sn"
1861-09-25,NA,NA,NA,NA,NA,NA,NA,NA,NA,NA,2.78,NA,NA
1861-09-25 07:00:00,15.56,NA,45,NA,965.12,NA,NA,NA,NA,1.11,NA,11,",bkn"
1861-09-25 14:00:00,21.67,NA,0,NA,970.2,NA,NA,NA,NA,4.44,NA,5,",bkn"
1861-09-25 21:00:00,20,NA,0,NA,975.28,NA,NA,NA,NA,2.78,NA,0,",bkn"
1861-09-26,NA,NA,NA,NA,NA,NA,"9 pm",NA,NA,NA,4.56,NA,"rain"
1861-09-26 07:00:00,18.33,NA,0,NA,975.28,NA,NA,NA,NA,2.22,NA,1,",bkn"
1861-09-26 14:00:00,22.22,NA,315,NA,976.97,NA,NA,NA,NA,7.78,NA,0,",bkn"
1861-09-26 21:00:00,21.11,NA,0,NA,978.67,NA,NA,NA,NA,4.44,NA,0,",ra"
1861-09-27,NA,NA,NA,NA,NA,NA,NA,"10 pm",NA,NA,1.28,NA,"snow"
1861-09-27 07:00:00,15.56,NA,45,NA,975.28,NA,NA,NA,NA,0.56,NA,1,",sn"
1861-09-27 14:00:00,22.22,NA,45,NA,973.59,NA,NA,NA,NA,1.11,NA,11,",ra"
1861-09-27 21:00:00,21.11,NA,45,NA,973.59,NA,NA,NA,NA,2.22,NA,0,",ra"
1861-09-28,NA,NA,NA,NA,NA,NA,"1 am","10 pm",NA,NA,2,NA,"rain"
1861-09-28 07:00:00,16.11,NA,45,NA,970.2,NA,NA,NA,NA,1.67,NA,1,",ra"
1861-09-28 14:00:00,21.11,NA,45,NA,965.12,NA,NA,NA,NA,2.78,NA,2,",ra"
1861-09-28 21:00:00,20,NA,45,NA,958.35,NA,NA,NA,NA,1.67,NA,0,",ra"
1861-09-29,NA,NA,NA,NA,NA,NA,NA,NA,NA,NA,5.56,NA,NA
1861-09-29 07:00:00,15.56,NA,315,NA,951.58,NA,NA,NA,NA,8.89,NA,16,",bkn"
1861-09-29 14:00:00,21.11,NA,315,NA,956.65,NA,NA,NA,NA,8.89,NA,16,",skc"
1861-09-29 21:00:00,23.33,NA,0,NA,965.12,NA,NA,NA,NA,3.33,NA,0,",skc"
1861-09-30,NA,NA,NA,NA,NA,NA,NA,NA,NA,NA,2.39,NA,NA
1861-09-30 07:00:00,18.89,NA,0,NA,973.59,NA,NA,NA,NA,0.56,NA,1,",skc"
1861-09-30 14:00:00,21.67,NA,0,NA,978.67,NA,NA,NA,NA,5,NA,1,",bkn"
1861-09-30 21:00:00,20,NA,315,NA,978.67,NA,NA,NA,NA,1.67,NA,11,",skc"
1861-10-01,NA,NA,NA,NA,NA,NA,NA,NA,NA,NA,3.5,NA,NA
1861-10-01 07:00:00,15.56,NA,315,NA,978.67,NA,NA,NA,NA,0,NA,2,",skc"
1861-10-01 14:00:00,20,315,315,NA,973.59,NA,NA,NA,NA,7.22,NA,16,",bkn"
1861-10-01 21:00:00,21.11,NA,0,NA,968.51,NA,NA,NA,NA,3.33,NA,1,",bkn"
1861-10-02,NA,NA,NA,NA,NA,NA,NA,NA,NA,NA,-0.22,NA,NA
1861-10-02 07:00:00,18.33,NA,0,NA,968.51,NA,NA,NA,NA,-1.11,NA,16,",skc"
1861-10-02 14:00:00,21.67,NA,0,NA,968.51,NA,NA,NA,NA,1.67,NA,16,",bkn"
1861-10-02 21:00:00,21.11,NA,0,NA,971.89,NA,NA,NA,NA,-1.11,NA,11,",bkn"
1861-10-03,NA,NA,NA,NA,NA,NA,NA,NA,NA,NA,0.89,NA,"halo"
1861-10-03 07:00:00,11.11,NA,0,NA,971.89,NA,NA,NA,NA,0,NA,5,",skc"
1861-10-03 14:00:00,22.22,NA,0,NA,973.59,NA,NA,NA,NA,4.44,NA,1,",skc"
1861-10-03 21:00:00,21.11,NA,0,NA,973.59,NA,NA,NA,NA,-1.67,NA,0,",skc"
1861-10-04,NA,NA,NA,NA,NA,NA,NA,NA,NA,NA,2.78,NA,NA
1861-10-04 07:00:00,15.56,90,45,NA,973.59,NA,NA,NA,NA,-1.11,NA,0,",bkn"
1861-10-04 14:00:00,21.11,NA,90,NA,978.67,NA,NA,NA,NA,5,NA,0,",bkn"
1861-10-04 21:00:00,21.11,NA,45,NA,978.67,NA,NA,NA,NA,4.44,NA,0,",skc"
1861-10-05,NA,NA,NA,NA,NA,NA,NA,NA,NA,NA,0.89,NA,"au"
1861-10-05 07:00:00,14.44,NA,315,NA,978.67,NA,NA,NA,NA,0.56,NA,0,",bkn"
1861-10-05 14:00:00,23.89,NA,315,NA,982.05,NA,NA,NA,NA,3.33,NA,1,",bkn"
1861-10-05 21:00:00,20,NA,315,NA,983.75,NA,NA,NA,NA,-2.22,NA,0,",bkn"
1861-10-06,NA,NA,NA,NA,NA,NA,"1 pm","8 pm",NA,NA,4.06,NA,"rain"
1861-10-06 07:00:00,17.78,NA,315,NA,975.28,NA,NA,NA,NA,0,NA,0,",bkn"
1861-10-06 14:00:00,24.44,NA,180,NA,966.81,NA,NA,NA,NA,4.44,NA,1,",ra"
1861-10-06 21:00:00,20.56,NA,180,NA,965.12,NA,NA,NA,NA,7.78,NA,0,",bkn"
1861-10-07,NA,NA,NA,NA,NA,NA,NA,NA,NA,NA,1.11,NA,NA
1861-10-07 07:00:00,18.33,NA,0,NA,976.97,NA,NA,NA,NA,1.67,NA,0,",bkn"
1861-10-07 14:00:00,24.44,NA,45,NA,983.75,NA,NA,NA,NA,1.67,NA,1,",bkn"
1861-10-07 21:00:00,17.78,NA,45,NA,987.13,NA,NA,NA,NA,0,NA,0,",bkn"
1861-10-08,NA,NA,NA,NA,NA,NA,NA,NA,NA,NA,2.78,NA,NA
1861-10-08 07:00:00,15.56,NA,135,NA,987.13,NA,NA,NA,NA,-0.56,NA,0,",bkn"
1861-10-08 14:00:00,20,NA,180,NA,985.44,NA,NA,NA,NA,5.56,NA,0,",bkn"
1861-10-08 21:00:00,20,NA,180,NA,982.05,NA,NA,NA,NA,3.33,NA,0,",bkn"
1861-10-09,NA,NA,NA,NA,NA,NA,NA,NA,NA,NA,3.33,NA,NA
1861-10-09 07:00:00,13.33,NA,315,NA,978.67,NA,NA,NA,NA,3.33,NA,0,",bkn"
1861-10-09 14:00:00,22.22,NA,315,NA,978.67,NA,NA,NA,NA,4.44,NA,1,",bkn"
1861-10-09 21:00:00,21.11,NA,315,NA,978.67,NA,NA,NA,NA,2.22,NA,1,",bkn"
1861-10-10,NA,NA,NA,NA,NA,NA,NA,NA,NA,NA,0.33,NA,NA
1861-10-10 07:00:00,15.56,NA,315,NA,976.97,NA,NA,NA,NA,0,NA,16,",bkn"
1861-10-10 14:00:00,23.33,NA,315,NA,975.28,NA,NA,NA,NA,2.22,NA,16,",bkn"
1861-10-10 21:00:00,20,NA,315,NA,976.97,NA,NA,NA,NA,-1.11,NA,16,",bkn"
1861-10-11,NA,NA,NA,NA,NA,NA,NA,NA,NA,NA,1.11,NA,NA
1861-10-11 07:00:00,11.11,NA,315,NA,978.67,NA,NA,NA,NA,-1.11,NA,16,",bkn"
1861-10-11 14:00:00,21.11,NA,315,NA,978.67,NA,NA,NA,NA,4.44,NA,16,",bkn"
1861-10-11 21:00:00,21.11,NA,315,NA,976.97,NA,NA,NA,NA,0,NA,16,",bkn"
1861-10-12,NA,NA,NA,NA,NA,NA,NA,NA,NA,NA,0.17,NA,NA
1861-10-12 07:00:00,13.33,NA,0,NA,978.67,NA,NA,NA,NA,-1.11,NA,1,",skc"
1861-10-12 14:00:00,21.67,NA,45,NA,976.97,NA,NA,NA,NA,1.11,NA,2,",bkn"
1861-10-12 21:00:00,20.56,NA,135,NA,978.67,NA,NA,NA,NA,-1.11,NA,2,",bkn"
1861-10-13,NA,NA,NA,NA,NA,NA,NA,NA,NA,NA,0.72,NA,"halo"
1861-10-13 07:00:00,14.44,NA,225,NA,978.67,NA,NA,NA,NA,-0.56,NA,0,",bkn"
1861-10-13 14:00:00,20,NA,135,NA,966.81,NA,NA,NA,NA,1.67,NA,0,",bkn"
1861-10-13 21:00:00,21.11,NA,45,NA,968.51,NA,NA,NA,NA,1.11,NA,0,",bkn"
1861-10-14,NA,NA,NA,NA,NA,NA,"2 pm","3 pm",NA,NA,2.94,NA,"rain"
1861-10-14 07:00:00,13.33,NA,45,NA,944.8,NA,NA,NA,NA,2.22,NA,0,",bkn"
1861-10-14 14:00:00,21.67,NA,315,NA,934.64,NA,NA,NA,NA,4.44,NA,16,",ra"
1861-10-14 21:00:00,20,NA,315,NA,939.72,NA,NA,NA,NA,2.22,NA,16,",bkn"
1861-10-15,NA,NA,NA,NA,NA,NA,NA,NA,NA,NA,4.06,NA,NA
1861-10-15 07:00:00,15.56,NA,315,NA,948.19,NA,NA,NA,NA,3.89,NA,16,",bkn"
1861-10-15 14:00:00,22.22,NA,315,NA,953.27,NA,NA,NA,NA,5,NA,20,",bkn"
1861-10-15 21:00:00,22.22,NA,315,NA,956.65,NA,NA,NA,NA,3.33,NA,16,",bkn"
1861-10-16,NA,NA,NA,NA,NA,NA,NA,NA,NA,NA,0.56,NA,"sn"
1861-10-16 07:00:00,20.56,NA,315,NA,968.51,NA,NA,NA,NA,1.67,NA,1,",bkn"
1861-10-16 14:00:00,21.11,NA,315,NA,973.59,NA,NA,NA,NA,1.11,NA,20,",bkn"
1861-10-16 21:00:00,20.56,NA,315,NA,976.97,NA,NA,NA,NA,-1.11,NA,11,",skc"
1861-10-17,NA,NA,NA,NA,NA,NA,NA,NA,NA,NA,-0.56,NA,"halo"
1861-10-17 07:00:00,15.56,NA,315,NA,980.36,NA,NA,NA,NA,-3.89,NA,2,",bkn"
1861-10-17 14:00:00,22.78,NA,315,NA,980.36,NA,NA,NA,NA,1.67,NA,1,",bkn"
1861-10-17 21:00:00,21.11,NA,315,NA,982.05,NA,NA,NA,NA,0.56,NA,0,",skc"
1861-10-18,NA,NA,NA,NA,NA,NA,NA,NA,NA,NA,2.39,NA,"au"
1861-10-18 07:00:00,13.33,NA,315,NA,978.67,NA,NA,NA,NA,-0.56,NA,0,",bkn"
1861-10-18 14:00:00,22.22,NA,315,NA,978.67,NA,NA,NA,NA,3.33,NA,0,",bkn"
1861-10-18 21:00:00,23.33,NA,0,NA,978.67,NA,NA,NA,NA,-1.11,NA,0,",skc"
1861-10-19,NA,NA,NA,NA,NA,NA,NA,NA,NA,NA,-2.06,NA,"halo"
1861-10-19 07:00:00,13.33,NA,0,NA,978.67,NA,NA,NA,NA,-6.67,NA,1,",skc"
1861-10-19 14:00:00,23.33,NA,0,NA,982.05,NA,NA,NA,NA,1.67,NA,0,",bkn"
1861-10-19 21:00:00,21.67,NA,315,NA,982.05,NA,NA,NA,NA,-1.11,NA,0,",bkn"
1861-10-20,NA,NA,NA,NA,NA,NA,"10 am","10 pm",NA,NA,-1.5,NA,"snow"
1861-10-20 07:00:00,15.56,NA,135,NA,976.97,NA,NA,NA,NA,-2.78,NA,1,",bkn"
1861-10-20 14:00:00,20,NA,135,NA,968.51,NA,NA,NA,NA,-2.22,NA,1,",sn"
1861-10-20 21:00:00,18.33,NA,90,NA,961.73,NA,NA,NA,NA,0.56,NA,11,",sn"
1861-10-21,NA,NA,NA,NA,NA,NA,NA,NA,NA,NA,-0.22,NA,NA
1861-10-21 07:00:00,15.56,NA,0,NA,960.04,NA,NA,NA,NA,0,NA,1,",bkn"
1861-10-21 14:00:00,21.67,NA,0,NA,970.2,NA,NA,NA,NA,0.56,NA,16,",bkn"
1861-10-21 21:00:00,21.67,NA,0,NA,975.28,NA,NA,NA,NA,-1.11,NA,0,",bkn"
1861-10-22,NA,NA,NA,NA,NA,NA,NA,NA,NA,NA,-2.06,NA,"halo"
1861-10-22 07:00:00,14.44,NA,0,NA,975.28,NA,NA,NA,NA,-5,NA,1,",bkn"
1861-10-22 14:00:00,21.11,NA,315,NA,975.28,NA,NA,NA,NA,0,NA,2,",skc"
1861-10-22 21:00:00,23.33,NA,315,NA,975.28,NA,NA,NA,NA,-1.11,NA,0,",bkn"
1861-10-23,NA,NA,NA,NA,NA,NA,NA,NA,NA,NA,-0.56,NA,NA
1861-10-23 07:00:00,16.67,NA,315,NA,966.81,NA,NA,NA,NA,-2.78,NA,1,",bkn"
1861-10-23 14:00:00,22.22,NA,315,NA,963.43,NA,NA,NA,NA,0,NA,1,",bkn"
1861-10-23 21:00:00,21.11,NA,315,NA,961.73,NA,NA,NA,NA,1.11,NA,0,",bkn"
1861-10-24,NA,NA,NA,NA,NA,NA,NA,NA,NA,NA,4.78,NA,"snow"
1861-10-24 07:00:00,13.33,NA,180,NA,944.8,NA,NA,NA,NA,5,NA,0,",bkn"
1861-10-24 14:00:00,22.22,NA,315,NA,943.11,NA,NA,NA,NA,7.22,NA,1,",bkn"
1861-10-24 21:00:00,23.33,NA,315,NA,954.96,NA,NA,NA,NA,2.22,NA,0,",sn"
1861-10-25,NA,NA,NA,NA,NA,NA,NA,NA,NA,NA,-7.06,NA,"au"
1861-10-25 07:00:00,14.44,NA,315,NA,973.59,NA,NA,NA,NA,-7.78,NA,1,",bkn"
1861-10-25 14:00:00,23.33,NA,315,NA,982.05,NA,NA,NA,NA,-3.89,NA,1,",skc"
1861-10-25 21:00:00,23.33,NA,315,NA,982.05,NA,NA,NA,NA,-5.56,NA,1,",skc"
1861-10-26,NA,NA,NA,NA,NA,NA,NA,NA,NA,NA,2,NA,"halo"
1861-10-26 07:00:00,12.78,NA,270,NA,978.67,NA,NA,NA,NA,-0.56,NA,11,",bkn"
1861-10-26 14:00:00,18.89,NA,315,NA,978.67,NA,NA,NA,NA,3.89,NA,11,",bkn"
1861-10-26 21:00:00,22.22,NA,315,NA,978.67,NA,NA,NA,NA,2.78,NA,11,",skc"
1861-10-27,NA,NA,NA,NA,NA,NA,NA,NA,NA,NA,3.33,NA,"au"
1861-10-27 07:00:00,14.44,NA,270,NA,971.89,NA,NA,NA,NA,3.33,NA,2,",bkn"
1861-10-27 14:00:00,21.67,NA,315,NA,978.67,NA,NA,NA,NA,4.44,NA,16,",bkn"
1861-10-27 21:00:00,23.33,NA,315,NA,982.05,NA,NA,NA,NA,2.22,NA,16,",skc"
1861-10-28,NA,NA,NA,NA,NA,NA,NA,NA,NA,NA,-2.22,NA,"au"
1861-10-28 07:00:00,10,NA,270,NA,985.44,NA,NA,NA,NA,-9.44,NA,0,",skc"
1861-10-28 14:00:00,21.67,NA,225,NA,987.13,NA,NA,NA,NA,2.22,NA,0,",skc"
1861-10-28 21:00:00,21.11,NA,315,NA,985.44,NA,NA,NA,NA,0.56,NA,16,",skc"
1861-10-29,NA,NA,NA,NA,NA,NA,"8 am","4 pm",NA,NA,1.67,NA,"rain"
1861-10-29 07:00:00,15.56,NA,45,NA,985.44,NA,NA,NA,NA,0,NA,0,",bkn"
1861-10-29 14:00:00,22.22,NA,45,NA,985.44,NA,NA,NA,NA,3.33,NA,11,",ra"
1861-10-29 21:00:00,21.11,NA,90,NA,985.44,NA,NA,NA,NA,1.67,NA,2,",fg"
1861-10-30,NA,NA,NA,NA,NA,NA,NA,NA,NA,NA,7.39,NA,"au"
1861-10-30 07:00:00,13.33,NA,45,NA,978.67,NA,NA,NA,NA,4.44,NA,1,",bkn"
1861-10-30 14:00:00,23.33,NA,225,NA,975.28,NA,NA,NA,NA,10,NA,2,",bkn"
1861-10-30 21:00:00,21.67,NA,225,NA,971.89,NA,NA,NA,NA,7.78,NA,2,",bkn"
1861-10-31,NA,NA,NA,NA,NA,NA,NA,NA,NA,NA,6.67,NA,NA
1861-10-31 07:00:00,14.44,NA,225,NA,971.89,NA,NA,NA,NA,2.22,NA,0,",skc"
1861-10-31 14:00:00,22.22,NA,225,NA,975.28,NA,NA,NA,NA,13.33,NA,0,",bkn"
1861-10-31 21:00:00,21.11,NA,225,NA,971.89,NA,NA,NA,NA,4.44,NA,0,",bkn"
1861-11-01,NA,NA,NA,NA,NA,NA,NA,NA,NA,NA,NA,NA,NA
1861-11-01 07:00:00,15.56,NA,315,NA,970.2,NA,NA,NA,NA,4.44,NA,1,",bkn"
1861-11-01 14:00:00,21.67,NA,315,NA,975.28,NA,NA,NA,NA,10,NA,1,",bkn"
1861-11-01 21:00:00,20,NA,315,NA,978.67,NA,NA,NA,NA,3.33,NA,0,",bkn"
1861-11-02,NA,NA,NA,NA,NA,NA,NA,NA,NA,NA,NA,NA,"au"
1861-11-02 07:00:00,13.33,NA,315,NA,982.05,NA,NA,NA,NA,-2.22,NA,11,",bkn"
1861-11-02 14:00:00,22.22,NA,315,NA,983.75,NA,NA,NA,NA,0.56,NA,11,",bkn"
1861-11-02 21:00:00,23.33,NA,315,NA,983.75,NA,NA,NA,NA,-1.11,NA,0,",bkn"
1861-11-03,NA,NA,NA,NA,NA,NA,NA,NA,NA,NA,NA,NA,NA
1861-11-03 07:00:00,15.56,NA,315,NA,993.91,NA,NA,NA,NA,-7.78,NA,0,",skc"
1861-11-03 14:00:00,23.33,NA,270,NA,993.91,NA,NA,NA,NA,0,NA,0,",skc"
1861-11-03 21:00:00,21.67,NA,315,NA,993.91,NA,NA,NA,NA,-3.33,NA,0,",skc"
1861-11-04,NA,NA,NA,NA,NA,NA,NA,NA,NA,NA,NA,NA,NA
1861-11-04 07:00:00,7.78,NA,135,NA,988.83,NA,NA,NA,NA,-1.11,NA,1,",bkn"
1861-11-04 14:00:00,18.33,NA,225,NA,987.13,NA,NA,NA,NA,1.67,NA,1,",skc"
1861-11-04 21:00:00,20,NA,90,NA,987.13,NA,NA,NA,NA,0,NA,1,",skc"
1861-11-05,NA,NA,NA,NA,NA,NA,"3 pm",NA,NA,NA,NA,NA,"rain"
1861-11-05 07:00:00,8.89,NA,135,NA,980.36,NA,NA,NA,NA,1.11,NA,1,",bkn"
1861-11-05 14:00:00,18.33,NA,90,NA,978.67,NA,NA,NA,NA,1.11,NA,1,",bkn"
1861-11-05 21:00:00,20,NA,45,NA,978.67,NA,NA,NA,NA,0.56,NA,16,",sn"
1861-11-06,NA,NA,NA,NA,NA,NA,"8 pm","2 am",NA,NA,NA,NA,"rain"
1861-11-06 07:00:00,10,NA,45,NA,970.2,NA,NA,NA,NA,1.67,NA,1,",bkn"
1861-11-06 14:00:00,22.22,NA,0,NA,970.2,NA,NA,NA,NA,3.33,NA,0,",bkn"
1861-11-06 21:00:00,21.11,NA,0,NA,968.51,NA,NA,NA,NA,1.67,NA,0,",bkn"
1861-11-07 07:00:00,13.33,NA,0,NA,968.51,NA,NA,NA,NA,0.56,NA,0,",bkn"
1861-11-07 14:00:00,21.11,NA,45,NA,971.89,NA,NA,NA,NA,3.33,NA,0,",bkn"
1861-11-07 21:00:00,22.22,NA,45,NA,971.89,NA,NA,NA,NA,1.11,NA,11,",bkn"
1861-11-08 07:00:00,10,NA,45,NA,965.12,NA,NA,NA,NA,3.33,NA,2,",bkn"
1861-11-08 14:00:00,21.67,NA,45,NA,965.12,NA,NA,NA,NA,3.89,NA,2,",bkn"
1861-11-08 21:00:00,21.11,NA,45,NA,965.12,NA,NA,NA,NA,3.33,NA,1,",bkn"
1861-11-09,NA,NA,NA,NA,NA,NA,"7 pm","10 pm",NA,NA,NA,NA,"rain"
1861-11-09 07:00:00,11.11,NA,180,NA,965.12,NA,NA,NA,NA,5,NA,2,",bkn"
1861-11-09 14:00:00,22.22,NA,135,NA,965.12,NA,NA,NA,NA,2.78,NA,0,",bkn"
1861-11-09 21:00:00,21.11,NA,135,NA,973.59,NA,NA,NA,NA,1.67,NA,0,",ra"
1861-11-10,NA,NA,NA,NA,NA,NA,NA,NA,NA,NA,NA,NA,"halo"
1861-11-10 07:00:00,12.22,NA,315,NA,982.05,NA,NA,NA,NA,-6.11,NA,0,",skc"
1861-11-10 14:00:00,23.33,NA,0,NA,985.44,NA,NA,NA,NA,-0.56,NA,0,",bkn"
1861-11-10 21:00:00,21.11,NA,0,NA,988.83,NA,NA,NA,NA,-2.22,NA,0,",skc"
1861-11-11,NA,NA,NA,NA,NA,NA,"3 am (s); 7 am (r)","6 am (s); 7 pm (r)",NA,NA,NA,NA,"snow and rain"
1861-11-11 07:00:00,18.33,NA,45,NA,980.36,NA,NA,NA,NA,0.56,NA,16,",sn"
1861-11-11 14:00:00,22.22,NA,45,NA,979.01,NA,NA,NA,NA,2.22,NA,1,",ra"
1861-11-11 21:00:00,21.11,NA,45,NA,978.67,NA,NA,NA,NA,0.56,NA,1,",bkn"
1861-11-12 07:00:00,12.78,NA,90,NA,975.28,NA,NA,NA,NA,1.11,NA,2,",bkn"
1861-11-12 14:00:00,23.33,NA,90,NA,978.67,NA,NA,NA,NA,3.89,NA,1,",bkn"
1861-11-12 21:00:00,21.11,NA,90,NA,978.67,NA,NA,NA,NA,2.22,NA,1,",bkn"
1861-11-13 07:00:00,15.56,NA,90,NA,982.05,NA,NA,NA,NA,0.56,NA,1,",bkn"
1861-11-13 14:00:00,22.22,NA,90,NA,982.05,NA,NA,NA,NA,2.78,NA,1,",bkn"
1861-11-13 21:00:00,21.11,NA,135,NA,982.05,NA,NA,NA,NA,1.67,NA,1,",bkn"
1861-11-14,NA,NA,NA,NA,NA,NA,"2 pm",NA,NA,NA,NA,NA,"rain"
1861-11-14 07:00:00,12.22,NA,90,NA,978.67,NA,NA,NA,NA,0.56,NA,16,",fg"
1861-11-14 14:00:00,22.22,NA,90,NA,978.67,NA,NA,NA,NA,2.22,NA,16,",ra"
1861-11-14 21:00:00,21.11,NA,90,NA,976.97,NA,NA,NA,NA,1.11,NA,16,",ra"
1861-11-15 07:00:00,13.33,NA,90,NA,968.51,NA,NA,NA,NA,2.78,NA,20,",ra"
1861-11-15 14:00:00,21.11,NA,90,NA,968.51,NA,NA,NA,NA,2.22,NA,20,",ra"
1861-11-15 21:00:00,21.11,NA,90,NA,965.12,NA,NA,NA,NA,1.67,NA,20,",ra"
1861-11-16,NA,NA,NA,NA,NA,NA,NA,"3 am",NA,NA,NA,NA,"rain"
1861-11-16 07:00:00,10,NA,45,NA,960.04,NA,NA,NA,NA,2.22,NA,11,",bkn"
1861-11-16 14:00:00,21.67,NA,45,NA,960.04,NA,NA,NA,NA,1.67,NA,11,",bkn"
1861-11-16 21:00:00,20,NA,45,NA,960.04,NA,NA,NA,NA,0.56,NA,20,",bkn"
1861-11-17,NA,NA,NA,NA,NA,NA,"8 am","9 am",NA,NA,NA,NA,"snow"
1861-11-17 07:00:00,13.33,NA,315,NA,951.58,NA,NA,NA,NA,1.67,NA,1,",bkn"
1861-11-17 14:00:00,22.22,NA,45,NA,949.88,NA,NA,NA,NA,1.67,NA,11,",ra"
1861-11-17 21:00:00,21.11,NA,45,NA,949.88,NA,NA,NA,NA,0.56,NA,11,",ra"
1861-11-18,NA,NA,NA,NA,NA,NA,"4 am","3 pm",NA,NA,NA,NA,"rain"
1861-11-18 07:00:00,10,NA,315,NA,951.58,NA,NA,NA,NA,-0.56,NA,1,",sn"
1861-11-18 14:00:00,21.11,NA,315,NA,958.35,NA,NA,NA,NA,-0.56,NA,2,",sn"
1861-11-18 21:00:00,20.56,NA,315,NA,965.12,NA,NA,NA,NA,-0.56,NA,2,",skc"
1861-11-19,NA,NA,NA,NA,NA,NA,NA,NA,NA,NA,NA,NA,NA
1861-11-19 07:00:00,10.56,NA,315,NA,971.89,NA,NA,NA,NA,-5,NA,1,",skc"
1861-11-19 14:00:00,19.44,NA,315,NA,980.36,NA,NA,NA,NA,-2.22,NA,1,",bkn"
1861-11-19 21:00:00,22.22,NA,315,NA,983.75,NA,NA,NA,NA,-3.89,NA,0,",bkn"
1861-11-20,NA,NA,NA,NA,NA,NA,NA,NA,NA,NA,NA,NA,NA
1861-11-20 07:00:00,13.33,NA,315,NA,987.13,NA,NA,NA,NA,-10.56,NA,1,",skc"
1861-11-20 14:00:00,20.56,NA,315,NA,988.83,NA,NA,NA,NA,-12.22,NA,1,",skc"
1861-11-20 21:00:00,18.89,NA,315,NA,988.83,NA,NA,NA,NA,-12.22,NA,1,",skc"
1861-11-21,NA,NA,NA,NA,NA,NA,NA,NA,NA,NA,NA,NA,"au"
1861-11-21 07:00:00,7.78,NA,315,NA,987.13,NA,NA,NA,NA,-11.67,NA,0,",skc"
1861-11-21 14:00:00,20,NA,315,NA,988.83,NA,NA,NA,NA,-9.44,NA,1,",skc"
1861-11-21 21:00:00,18.89,NA,315,NA,988.83,NA,NA,NA,NA,-11.11,NA,1,",skc"
1861-11-22,NA,NA,NA,NA,NA,NA,NA,NA,NA,NA,NA,NA,NA
1861-11-22 07:00:00,11.11,NA,315,NA,987.13,NA,NA,NA,NA,-7.78,NA,1,",skc"
1861-11-22 14:00:00,20.56,NA,225,NA,985.44,NA,NA,NA,NA,-2.22,NA,2,",skc"
1861-11-22 21:00:00,22.22,NA,270,NA,985.44,NA,NA,NA,NA,-10,NA,1,",skc"
1861-11-23,NA,NA,NA,NA,NA,NA,NA,NA,NA,NA,NA,NA,NA
1861-11-23 07:00:00,7.78,NA,270,NA,982.05,NA,NA,NA,NA,-11.11,NA,0,",bkn"
1861-11-23 14:00:00,19.44,NA,270,NA,982.05,NA,NA,NA,NA,-1.67,NA,0,",bkn"
1861-11-23 21:00:00,22.22,NA,45,NA,982.05,NA,NA,NA,NA,-3.33,NA,1,",skc"
1861-11-24,NA,NA,NA,NA,NA,NA,NA,NA,NA,NA,NA,NA,"sn"
1861-11-24 07:00:00,13.33,NA,0,NA,982.05,NA,NA,NA,NA,-5,NA,2,",bkn"
1861-11-24 14:00:00,22.22,NA,0,NA,985.44,NA,NA,NA,NA,-4.44,NA,2,",bkn"
1861-11-24 21:00:00,21.11,NA,0,NA,987.13,NA,NA,NA,NA,-5.56,NA,11,",bkn"
1861-11-25,NA,NA,NA,NA,NA,NA,NA,NA,NA,NA,NA,NA,"au"
1861-11-25 07:00:00,7.78,NA,0,NA,987.13,NA,NA,NA,NA,-5.56,NA,1,",bkn"
1861-11-25 14:00:00,22.22,NA,0,NA,987.13,NA,NA,NA,NA,-5,NA,1,",bkn"
1861-11-25 21:00:00,19.44,NA,0,NA,987.13,NA,NA,NA,NA,-12.22,NA,1,",skc"
1861-11-26,NA,NA,NA,NA,NA,NA,NA,NA,NA,NA,NA,NA,NA
1861-11-26 07:00:00,6.11,NA,315,NA,978.67,NA,NA,NA,NA,-12.22,NA,1,",skc"
1861-11-26 14:00:00,23.33,NA,315,NA,976.97,NA,NA,NA,NA,-8.33,NA,11,",skc"
1861-11-26 21:00:00,18.33,NA,315,NA,976.97,NA,NA,NA,NA,-10,NA,0,",skc"
1861-11-27 07:00:00,13.33,NA,315,NA,975.28,NA,NA,NA,NA,-11.67,NA,0,",skc"
1861-11-27 14:00:00,20,NA,0,NA,978.67,NA,NA,NA,NA,-6.11,NA,1,",bkn"
1861-11-27 21:00:00,18.89,NA,0,NA,980.36,NA,NA,NA,NA,-6.67,NA,0,",bkn"
1861-11-28,NA,NA,NA,NA,NA,NA,NA,NA,NA,NA,NA,NA,NA
1861-11-28 07:00:00,12.78,NA,315,NA,980.36,NA,NA,NA,NA,-9.44,NA,1,",bkn"
1861-11-28 14:00:00,19.44,NA,315,NA,982.05,NA,NA,NA,NA,-11.67,NA,0,",skc"
1861-11-28 21:00:00,18.89,NA,315,NA,982.05,NA,NA,NA,NA,-12.22,NA,0,",skc"
1861-11-29,NA,NA,NA,NA,NA,NA,NA,NA,NA,NA,NA,NA,NA
1861-11-29 07:00:00,10,NA,315,NA,975.28,NA,NA,NA,NA,-14.44,NA,0,",bkn"
1861-11-29 14:00:00,21.11,NA,315,NA,975.28,NA,NA,NA,NA,-9.44,NA,0,",bkn"
1861-11-29 21:00:00,20,NA,315,NA,975.28,NA,NA,NA,NA,-10.56,NA,NA,",skc"
1861-11-30,NA,NA,NA,NA,NA,NA,NA,NA,NA,NA,NA,NA,"sn"
1861-11-30 07:00:00,12.22,NA,315,NA,971.89,NA,NA,NA,NA,-11.11,NA,1,",bkn"
1861-11-30 14:00:00,23.33,NA,315,NA,973.59,NA,NA,NA,NA,-8.33,NA,0,",bkn"
1861-11-30 21:00:00,21.11,NA,315,NA,971.89,NA,NA,NA,NA,-9.44,NA,0,",skc"
1861-12-01,NA,NA,NA,NA,NA,NA,NA,NA,NA,NA,NA,NA,"sn"
1861-12-01 07:00:00,10,NA,0,NA,963.43,NA,NA,NA,NA,-4.44,NA,11,",bkn"
1861-12-01 14:00:00,23.33,NA,0,NA,965.12,NA,NA,NA,NA,-4.44,NA,5,",bkn"
1861-12-01 21:00:00,21.11,NA,0,NA,968.51,NA,NA,NA,NA,-9.44,NA,2,",bkn"
1861-12-02,NA,NA,NA,NA,NA,NA,NA,NA,NA,NA,NA,NA,NA
1861-12-02 07:00:00,13.33,NA,315,NA,968.51,NA,NA,NA,NA,-15.56,NA,11,",bkn"
1861-12-02 14:00:00,16.67,NA,315,NA,970.2,NA,NA,NA,NA,-11.11,NA,16,",bkn"
1861-12-02 21:00:00,15.56,NA,315,NA,968.51,NA,NA,NA,NA,-13.89,NA,2,",bkn"
1861-12-03,NA,NA,NA,NA,NA,NA,NA,NA,NA,NA,NA,NA,NA
1861-12-03 07:00:00,12.22,NA,315,NA,970.2,NA,NA,NA,NA,-13.33,NA,1,",skc"
1861-12-03 14:00:00,20.56,NA,315,NA,973.59,NA,NA,NA,NA,-12.22,NA,0,",skc"
1861-12-03 21:00:00,15.56,NA,315,NA,973.59,NA,NA,NA,NA,-13.33,NA,0,",skc"
1861-12-04,NA,NA,NA,NA,NA,NA,NA,NA,NA,NA,NA,NA,NA
1861-12-04 07:00:00,12.78,NA,315,NA,973.59,NA,NA,NA,NA,-18.89,NA,0,",bkn"
1861-12-04 14:00:00,15.56,NA,315,NA,971.89,NA,NA,NA,NA,-15,NA,11,",skc"
1861-12-04 21:00:00,17.78,NA,315,NA,973.59,NA,NA,NA,NA,-15.56,NA,11,",skc"
1861-12-05,NA,NA,NA,NA,NA,NA,NA,NA,NA,NA,NA,NA,"au"
1861-12-05 07:00:00,15.56,NA,315,NA,961.73,NA,NA,NA,NA,-11.11,NA,1,",skc"
1861-12-05 14:00:00,18.89,NA,315,NA,961.73,NA,NA,NA,NA,-7.78,NA,2,",skc"
1861-12-05 21:00:00,17.78,NA,315,NA,965.12,NA,NA,NA,NA,-12.22,NA,11,",skc"
1861-12-06,NA,NA,NA,NA,NA,NA,NA,NA,NA,NA,NA,NA,NA
1861-12-06 07:00:00,15.56,NA,315,NA,983.75,NA,NA,NA,NA,-19.44,NA,20,",bkn"
1861-12-06 14:00:00,20,NA,315,NA,988.83,NA,NA,NA,NA,-16.11,NA,20,",sn"
1861-12-06 21:00:00,21.11,NA,315,NA,988.83,NA,NA,NA,NA,-16.67,NA,0,",bkn"
1861-12-07,NA,NA,NA,NA,NA,NA,"7 pm","10 pm",NA,NA,NA,NA,"halo"
1861-12-07 07:00:00,7.22,NA,315,NA,987.13,NA,NA,NA,NA,-18.89,NA,0,",skc"
1861-12-07 14:00:00,20,NA,315,NA,985.44,NA,NA,NA,NA,-12.22,NA,0,",bkn"
1861-12-07 21:00:00,17.78,NA,45,NA,980.36,NA,NA,NA,NA,-11.11,NA,11,",sn"
1861-12-08,NA,NA,NA,NA,NA,NA,NA,NA,NA,NA,NA,NA,"fg"
1861-12-08 07:00:00,15.56,NA,45,NA,973.59,NA,NA,NA,NA,-7.78,NA,0,",bkn"
1861-12-08 14:00:00,22.22,NA,0,NA,971.89,NA,NA,NA,NA,-7.78,NA,0,",skc"
1861-12-08 21:00:00,21.11,NA,0,NA,971.89,NA,NA,NA,NA,-8.89,NA,0,",bkn"
1861-12-09,NA,NA,NA,NA,NA,NA,NA,NA,NA,NA,NA,NA,"halo"
1861-12-09 07:00:00,18.33,NA,0,NA,978.67,NA,NA,NA,NA,-6.67,NA,0,",bkn"
1861-12-09 14:00:00,21.11,NA,0,NA,982.05,NA,NA,NA,NA,-12.22,NA,0,",skc"
1861-12-09 21:00:00,21.11,NA,0,NA,982.05,NA,NA,NA,NA,-13.33,NA,0,",skc"
1861-12-10,NA,NA,NA,NA,NA,NA,NA,NA,NA,NA,NA,NA,NA
1861-12-10 07:00:00,13.33,NA,315,NA,961.73,NA,NA,NA,NA,-17.78,NA,0,",skc"
1861-12-10 14:00:00,21.11,NA,315,NA,956.65,NA,NA,NA,NA,-15,NA,0,",skc"
1861-12-10 21:00:00,18.89,NA,0,NA,958.35,NA,NA,NA,NA,-21.67,NA,0,",skc"
1861-12-11,NA,NA,NA,NA,NA,NA,"6 am","12 pm",NA,NA,NA,NA,NA
1861-12-11 07:00:00,10,NA,315,NA,973.59,NA,NA,NA,NA,-10.56,NA,0,",sn"
1861-12-11 14:00:00,22.22,NA,315,NA,978.67,NA,NA,NA,NA,-2.22,NA,0,",sn"
1861-12-11 21:00:00,21.11,NA,0,NA,985.44,NA,NA,NA,NA,-6.67,NA,16,",sn"
1861-12-12,NA,NA,NA,NA,NA,NA,NA,NA,NA,NA,NA,NA,"au"
1861-12-12 07:00:00,11.67,NA,315,NA,982.05,NA,NA,NA,NA,-20.56,NA,20,",skc"
1861-12-12 14:00:00,21.11,NA,315,NA,968.51,NA,NA,NA,NA,-18.33,NA,16,",skc"
1861-12-12 21:00:00,18.33,NA,0,NA,965.12,NA,NA,NA,NA,-22.78,NA,11,",skc"
1861-12-13,NA,NA,NA,NA,NA,NA,NA,NA,NA,NA,NA,NA,"halo"
1861-12-13 07:00:00,13.33,NA,315,NA,975.28,NA,NA,NA,NA,-21.67,NA,0,",skc"
1861-12-13 14:00:00,20,NA,315,NA,976.97,NA,NA,NA,NA,-15.56,NA,0,",bkn"
1861-12-13 21:00:00,19.44,NA,0,NA,978.67,NA,NA,NA,NA,-12.22,NA,11,",bkn"
1861-12-14 07:00:00,15.56,NA,0,NA,970.2,NA,NA,NA,NA,-15,NA,11,",bkn"
1861-12-14 14:00:00,22.22,NA,0,NA,973.59,NA,NA,NA,NA,-20,NA,0,",skc"
1861-12-14 21:00:00,20,NA,0,NA,973.59,NA,NA,NA,NA,-21.11,NA,0,",bkn"
1861-12-15,NA,NA,NA,NA,NA,NA,"7 am",NA,NA,NA,NA,NA,NA
1861-12-15 07:00:00,15.56,NA,0,NA,963.43,NA,NA,NA,NA,-10,NA,11,",sn"
1861-12-15 14:00:00,20,NA,0,NA,961.73,NA,NA,NA,NA,-7.78,NA,16,",sn"
1861-12-15 21:00:00,18.89,NA,315,NA,961.73,NA,NA,NA,NA,-9.44,NA,16,",sn"
1861-12-16,NA,NA,NA,NA,NA,NA,NA,"8 pm",NA,NA,NA,NA,NA
1861-12-16 07:00:00,13.33,NA,315,NA,953.27,NA,NA,NA,NA,-8.89,NA,16,",sn"
1861-12-16 14:00:00,22.22,NA,315,NA,949.88,NA,NA,NA,NA,-11.11,NA,16,",sn"
1861-12-16 21:00:00,21.11,NA,315,NA,946.5,NA,NA,NA,NA,-15,NA,11,",bkn"
1861-12-17,NA,NA,NA,NA,NA,NA,NA,NA,NA,NA,NA,NA,"au"
1861-12-17 07:00:00,15.56,NA,315,NA,958.35,NA,NA,NA,NA,-16.67,NA,1,",bkn"
1861-12-17 14:00:00,22.22,NA,315,NA,963.43,NA,NA,NA,NA,-20,NA,0,",bkn"
1861-12-17 21:00:00,22.22,NA,315,NA,971.89,NA,NA,NA,NA,-26.67,NA,0,",skc"
1861-12-18,NA,NA,NA,NA,NA,NA,NA,NA,NA,NA,NA,NA,"halo"
1861-12-18 07:00:00,7.22,NA,0,NA,973.59,NA,NA,NA,NA,-28.89,NA,0,",skc"
1861-12-18 14:00:00,21.11,NA,0,NA,978.67,NA,NA,NA,NA,-25.56,NA,0,",bkn"
1861-12-18 21:00:00,22.22,NA,0,NA,983.75,NA,NA,NA,NA,-26.67,NA,0,",bkn"
1861-12-19 07:00:00,10,NA,0,NA,987.13,NA,NA,NA,NA,-27.22,NA,0,",skc"
1861-12-19 14:00:00,20.56,NA,0,NA,987.13,NA,NA,NA,NA,-22.78,NA,0,",skc"
1861-12-19 21:00:00,18.33,NA,0,NA,982.05,NA,NA,NA,NA,-22.22,NA,0,",bkn"
1861-12-20,NA,NA,NA,NA,NA,NA,"8 am","10 pm",NA,NA,NA,NA,NA
1861-12-20 07:00:00,13.33,NA,180,NA,965.12,NA,NA,NA,NA,-11.11,NA,0,",bkn"
1861-12-20 14:00:00,23.33,NA,180,NA,961.73,NA,NA,NA,NA,-7.22,NA,0,",sn"
1861-12-20 21:00:00,20,NA,315,NA,956.65,NA,NA,NA,NA,-9.44,NA,0,",sn"
1861-12-21,NA,NA,NA,NA,NA,NA,NA,NA,NA,NA,NA,NA,"halo"
1861-12-21 07:00:00,18.33,NA,315,NA,951.58,NA,NA,NA,NA,-20,NA,2,",bkn"
1861-12-21 14:00:00,20,NA,315,NA,951.58,NA,NA,NA,NA,-21.67,NA,16,",bkn"
1861-12-21 21:00:00,20,NA,315,NA,953.27,NA,NA,NA,NA,-22.22,NA,16,",bkn"
1861-12-22,NA,NA,NA,NA,NA,NA,NA,NA,NA,NA,NA,NA,"drsn"
1861-12-22 07:00:00,12.22,NA,315,NA,961.73,NA,NA,NA,NA,-22.22,NA,20,",bkn"
1861-12-22 14:00:00,21.11,NA,315,NA,965.12,NA,NA,NA,NA,-21.11,NA,16,",bkn"
1861-12-22 21:00:00,21.11,NA,315,NA,966.81,NA,NA,NA,NA,-21.67,NA,16,",skc"
1861-12-23,NA,NA,NA,NA,NA,NA,NA,NA,NA,NA,NA,NA,"au"
1861-12-23 07:00:00,10,NA,315,NA,971.89,NA,NA,NA,NA,-24.44,NA,11,",skc"
1861-12-23 14:00:00,19.44,NA,315,NA,978.67,NA,NA,NA,NA,-21.11,NA,2,",skc"
1861-12-23 21:00:00,21.11,NA,315,NA,982.05,NA,NA,NA,NA,-22.22,NA,11,",skc"
1861-12-24,NA,NA,NA,NA,NA,NA,"12 am",NA,NA,NA,NA,NA,"sn"
1861-12-24 07:00:00,13.33,NA,315,NA,978.67,NA,NA,NA,NA,-22.22,NA,0,",bkn"
1861-12-24 14:00:00,21.11,NA,90,NA,975.28,NA,NA,NA,NA,-17.78,NA,2,",sn"
1861-12-24 21:00:00,21.11,NA,90,NA,968.51,NA,NA,NA,NA,-15,NA,2,",sn"
1861-12-25,NA,NA,NA,NA,NA,NA,NA,"6 pm",NA,NA,NA,NA,"au"
1861-12-25 07:00:00,15.56,NA,45,NA,966.81,NA,NA,NA,NA,-6.11,NA,16,",sn"
1861-12-25 14:00:00,22.22,NA,0,NA,970.2,NA,NA,NA,NA,-9.44,NA,20,",sn"
1861-12-25 21:00:00,18.33,NA,90,NA,970.2,NA,NA,NA,NA,-14.44,NA,16,",skc"
1861-12-26,NA,NA,NA,NA,NA,NA,NA,NA,NA,NA,NA,NA,NA
1861-12-26 07:00:00,7.78,NA,315,NA,975.28,NA,NA,NA,NA,-17.22,NA,16,",skc"
1861-12-26 14:00:00,21.11,NA,0,NA,982.05,NA,NA,NA,NA,-17.78,NA,20,",skc"
1861-12-26 21:00:00,21.11,NA,315,NA,982.05,NA,NA,NA,NA,-18.33,NA,16,",skc"
1861-12-27 07:00:00,10,NA,315,NA,978.67,NA,NA,NA,NA,-21.11,NA,0,",sn"
1861-12-27 14:00:00,21.11,NA,0,NA,978.67,NA,NA,NA,NA,-17.78,NA,11,",skc"
1861-12-27 21:00:00,21.11,NA,315,NA,970.2,NA,NA,NA,NA,-19.44,NA,40,",skc"
1861-12-28 07:00:00,19.44,NA,90,NA,968.51,NA,NA,NA,NA,-8.89,NA,0,",sn"
1861-12-28 14:00:00,15.56,NA,90,NA,971.89,NA,NA,NA,NA,-7.78,NA,11,",sn"
1861-12-28 21:00:00,19.44,NA,45,NA,980.36,NA,NA,NA,NA,-11.11,NA,0,",sn"
1861-12-29 07:00:00,14.44,NA,0,NA,978.67,NA,NA,NA,NA,-12.78,NA,16,",sn"
1861-12-29 14:00:00,21.11,NA,0,NA,980.36,NA,NA,NA,NA,-13.89,NA,16,",sn"
1861-12-29 21:00:00,18.89,NA,45,NA,980.36,NA,NA,NA,NA,-12.22,NA,16,",sn"
1861-12-30 07:00:00,16.11,NA,45,NA,971.89,NA,NA,NA,NA,-13.33,NA,0,",sn"
1861-12-30 14:00:00,22.22,NA,315,NA,973.59,NA,NA,NA,NA,-10,NA,16,",sn"
1861-12-30 21:00:00,21.11,NA,0,NA,973.59,NA,NA,NA,NA,-11.11,NA,16,",sn"
1861-12-31 07:00:00,18.33,NA,315,NA,956.65,NA,NA,NA,NA,-5,NA,20,",sn"
1861-12-31 14:00:00,20,NA,315,NA,951.58,NA,NA,NA,NA,-10,NA,20,",sn"
1861-12-31 21:00:00,21.11,NA,0,NA,951.58,NA,NA,NA,NA,-12.22,NA,11,",sn"
1862-01-01,NA,NA,NA,NA,NA,NA,NA,NA,NA,NA,NA,NA,NA
1862-01-01 07:00:00,13.33,NA,315,NA,961.73,NA,NA,NA,NA,-16.67,NA,2,",skc"
1862-01-01 14:00:00,17.78,NA,315,NA,965.12,NA,NA,NA,NA,-18.89,NA,1,",skc"
1862-01-01 21:00:00,20,NA,315,NA,966.81,NA,NA,NA,NA,-24.44,NA,1,",skc"
1862-01-02,NA,NA,NA,NA,NA,NA,"4 am",NA,NA,NA,NA,NA,"ra"
1862-01-02 07:00:00,16.11,NA,0,NA,953.27,NA,NA,NA,NA,-6.67,NA,16,",sn"
1862-01-02 14:00:00,21.11,NA,315,NA,941.42,NA,NA,NA,NA,-2.22,NA,20,",sn"
1862-01-02 21:00:00,21.11,NA,0,NA,938.03,NA,NA,NA,NA,-5.56,NA,20,",sn"
1862-01-03,NA,NA,NA,NA,NA,NA,NA,"10 pm",NA,NA,NA,NA,NA
1862-01-03 07:00:00,17.78,NA,45,NA,951.58,NA,NA,NA,NA,-9.44,NA,16,",sn"
1862-01-03 14:00:00,21.11,NA,45,NA,951.58,NA,NA,NA,NA,-5.56,NA,16,",sn"
1862-01-03 21:00:00,21.11,NA,45,NA,946.5,NA,NA,NA,NA,-6.67,NA,0,",sn"
1862-01-04,NA,NA,NA,NA,NA,NA,"6 am",NA,NA,NA,NA,NA,"rain"
1862-01-04 07:00:00,10,NA,45,NA,944.8,NA,NA,NA,NA,-5.56,NA,2,",ra"
1862-01-04 14:00:00,20,NA,45,NA,944.8,NA,NA,NA,NA,-2.78,NA,2,",bkn"
1862-01-04 21:00:00,21.11,NA,45,NA,944.8,NA,NA,NA,NA,-4.44,NA,2,",ra"
1862-01-05,NA,NA,NA,NA,NA,NA,"8 am","10 am",NA,NA,NA,NA,"snow"
1862-01-05 07:00:00,7.78,NA,0,NA,946.5,NA,NA,NA,NA,-5,NA,2,",bkn"
1862-01-05 14:00:00,23.33,NA,0,NA,948.19,NA,NA,NA,NA,-6.11,NA,2,",bkn"
1862-01-05 21:00:00,18.89,NA,315,NA,949.88,NA,NA,NA,NA,-11.67,NA,1,",bkn"
1862-01-06,NA,NA,NA,NA,NA,NA,NA,NA,NA,NA,NA,NA,"au"
1862-01-06 07:00:00,13.33,NA,270,NA,954.96,NA,NA,NA,NA,-17.22,NA,1,",bkn"
1862-01-06 14:00:00,15.56,NA,270,NA,956.65,NA,NA,NA,NA,-17.22,NA,2,",skc"
1862-01-06 21:00:00,21.11,NA,270,NA,960.04,NA,NA,NA,NA,-18.89,NA,0,",skc"
1862-01-07,NA,NA,NA,NA,NA,NA,NA,NA,NA,NA,NA,NA,NA
1862-01-07 07:00:00,10,NA,270,NA,965.12,NA,NA,NA,NA,-18.33,NA,0,",skc"
1862-01-07 14:00:00,21.11,NA,270,NA,966.81,NA,NA,NA,NA,-13.33,NA,1,",bkn"
1862-01-07 21:00:00,20,NA,270,NA,966.81,NA,NA,NA,NA,-17.22,NA,0,",skc"
1862-01-08,NA,NA,NA,NA,NA,NA,NA,NA,NA,NA,NA,NA,NA
1862-01-08 07:00:00,12.22,NA,315,NA,975.28,NA,NA,NA,NA,-20.56,NA,2,",skc"
1862-01-08 14:00:00,21.67,NA,270,NA,978.67,NA,NA,NA,NA,-20,NA,0,",skc"
1862-01-08 21:00:00,21.11,NA,270,NA,978.67,NA,NA,NA,NA,-23.89,NA,0,",skc"
1862-01-09,NA,NA,NA,NA,NA,NA,NA,NA,NA,NA,NA,NA,"halo"
1862-01-09 07:00:00,15.56,NA,315,NA,973.59,NA,NA,NA,NA,-22.78,NA,0,",skc"
1862-01-09 14:00:00,18.33,NA,270,NA,965.12,NA,NA,NA,NA,-17.78,NA,0,",skc"
1862-01-09 21:00:00,21.11,NA,270,NA,961.73,NA,NA,NA,NA,-12.78,NA,0,",skc"
1862-01-10 07:00:00,10,NA,315,NA,966.81,NA,NA,NA,NA,-26.67,NA,11,",skc"
1862-01-10 14:00:00,21.11,NA,315,NA,970.2,NA,NA,NA,NA,-26.67,NA,16,",skc"
1862-01-10 21:00:00,21.11,NA,270,NA,971.89,NA,NA,NA,NA,-29.44,NA,0,",skc"
1862-01-11,NA,NA,NA,NA,NA,NA,"6 am","4 pm",NA,NA,NA,NA,NA
1862-01-11 07:00:00,12.78,NA,90,NA,963.43,NA,NA,NA,NA,-25,NA,1,",sn"
1862-01-11 14:00:00,20,NA,45,NA,961.73,NA,NA,NA,NA,-24.44,NA,16,",sn"
1862-01-11 21:00:00,18.89,NA,0,NA,965.12,NA,NA,NA,NA,-28.89,NA,2,",skc"
1862-01-12,NA,NA,NA,NA,NA,NA,NA,NA,NA,NA,NA,NA,"halo"
1862-01-12 07:00:00,6.11,NA,315,NA,970.2,NA,NA,NA,NA,-30.56,NA,2,",skc"
1862-01-12 14:00:00,21.67,NA,315,NA,975.28,NA,NA,NA,NA,-23.89,NA,0,",bkn"
1862-01-12 21:00:00,18.89,NA,0,NA,971.89,NA,NA,NA,NA,-26.11,NA,1,",bkn"
1862-01-13,NA,NA,NA,NA,NA,NA,"5 am",NA,NA,NA,NA,NA,NA
1862-01-13 07:00:00,12.78,NA,90,NA,948.19,NA,NA,NA,NA,-15,NA,1,",sn"
1862-01-13 14:00:00,21.11,NA,45,NA,941.42,NA,NA,NA,NA,-13.89,NA,11,",sn"
1862-01-13 21:00:00,20,NA,45,NA,948.19,NA,NA,NA,NA,-16.11,NA,16,",sn"
1862-01-14,NA,NA,NA,NA,NA,NA,NA,NA,NA,NA,NA,NA,"au"
1862-01-14 07:00:00,10,NA,315,NA,975.28,NA,NA,NA,NA,-33.89,NA,20,",skc"
1862-01-14 14:00:00,21.11,NA,315,NA,978.67,NA,NA,NA,NA,-31.67,NA,16,",skc"
1862-01-14 21:00:00,21.11,NA,315,NA,983.75,NA,NA,NA,NA,-33.89,NA,16,",skc"
1862-01-15,NA,NA,NA,NA,NA,NA,NA,NA,NA,NA,NA,NA,NA
1862-01-15 07:00:00,7.78,NA,315,NA,987.13,NA,NA,NA,NA,-32.22,NA,11,",skc"
1862-01-15 14:00:00,21.11,NA,315,NA,987.13,NA,NA,NA,NA,-26.67,NA,11,",skc"
1862-01-15 21:00:00,21.67,NA,315,NA,988.83,NA,NA,NA,NA,-27.22,NA,11,",skc"
1862-01-16,NA,NA,NA,NA,NA,NA,"6 am","8 pm",NA,NA,NA,NA,"halo"
1862-01-16 07:00:00,10,NA,135,NA,963.43,NA,NA,NA,NA,-22.78,NA,1,",sn"
1862-01-16 14:00:00,21.11,NA,90,NA,956.65,NA,NA,NA,NA,-18.33,NA,11,",sn"
1862-01-16 21:00:00,20,NA,90,NA,951.58,NA,NA,NA,NA,-19.44,NA,0,",sn"
1862-01-17,NA,NA,NA,NA,NA,NA,NA,NA,NA,NA,NA,NA,"halo"
1862-01-17 07:00:00,13.33,NA,315,NA,968.51,NA,NA,NA,NA,-25.56,NA,16,",skc"
1862-01-17 14:00:00,21.11,NA,315,NA,973.59,NA,NA,NA,NA,-23.89,NA,16,",skc"
1862-01-17 21:00:00,18.89,NA,315,NA,973.59,NA,NA,NA,NA,-24.44,NA,0,",bkn"
1862-01-18,NA,NA,NA,NA,NA,NA,NA,NA,NA,NA,NA,NA,NA
1862-01-18 07:00:00,18.33,NA,315,NA,975.28,NA,NA,NA,NA,-25,NA,1,",skc"
1862-01-18 14:00:00,18.89,NA,315,NA,975.28,NA,NA,NA,NA,-20.56,NA,2,",skc"
1862-01-18 21:00:00,21.11,NA,315,NA,975.28,NA,NA,NA,NA,-24.44,NA,1,",skc"
1862-01-19,NA,NA,NA,NA,NA,NA,NA,NA,NA,NA,NA,NA,NA
1862-01-19 07:00:00,14.44,NA,315,NA,973.59,NA,NA,NA,NA,-27.22,NA,0,",skc"
1862-01-19 14:00:00,20.56,NA,315,NA,975.28,NA,NA,NA,NA,-22.22,NA,1,",skc"
1862-01-19 21:00:00,20.56,NA,315,NA,976.97,NA,NA,NA,NA,-23.89,NA,1,",skc"
1862-01-20,NA,NA,NA,NA,NA,NA,NA,NA,NA,NA,NA,NA,NA
1862-01-20 07:00:00,15.56,NA,315,NA,976.97,NA,NA,NA,NA,-27.22,NA,0,",skc"
1862-01-20 14:00:00,21.11,NA,315,NA,978.67,NA,NA,NA,NA,-22.78,NA,16,",skc"
1862-01-20 21:00:00,22.22,NA,315,NA,976.97,NA,NA,NA,NA,-23.33,NA,1,",skc"
1862-01-21,NA,NA,NA,NA,NA,NA,NA,NA,NA,NA,NA,NA,NA
1862-01-21 07:00:00,12.22,NA,315,NA,975.28,NA,NA,NA,NA,-22.22,NA,11,",skc"
1862-01-21 14:00:00,23.33,NA,315,NA,978.67,NA,NA,NA,NA,-21.67,NA,11,",skc"
1862-01-21 21:00:00,20,NA,315,NA,983.75,NA,NA,NA,NA,-27.22,NA,2,",skc"
1862-01-22,NA,NA,NA,NA,NA,NA,NA,NA,NA,NA,NA,NA,NA
1862-01-22 07:00:00,17.78,NA,315,NA,982.05,NA,NA,NA,NA,-23.33,NA,16,",bkn"
1862-01-22 14:00:00,23.33,NA,315,NA,982.05,NA,NA,NA,NA,-16.67,NA,1,",bkn"
1862-01-22 21:00:00,18.89,NA,315,NA,982.05,NA,NA,NA,NA,-16.11,NA,0,",skc"
1862-01-23,NA,NA,NA,NA,NA,NA,"8 pm",NA,NA,NA,NA,NA,NA
1862-01-23 07:00:00,19.44,NA,270,NA,976.97,NA,NA,NA,NA,-15,NA,0,",bkn"
1862-01-23 14:00:00,21.11,NA,270,NA,975.28,NA,NA,NA,NA,-8.89,NA,1,",bkn"
1862-01-23 21:00:00,22.22,NA,270,NA,975.28,NA,NA,NA,NA,-10,NA,0,",sn"
1862-01-24,NA,NA,NA,NA,NA,NA,NA,NA,NA,NA,NA,NA,NA
1862-01-24 07:00:00,18.33,NA,0,NA,975.28,NA,NA,NA,NA,-13.33,NA,5,",sn"
1862-01-24 14:00:00,20,NA,0,NA,976.97,NA,NA,NA,NA,-10.56,NA,16,",skc"
1862-01-24 21:00:00,23.33,NA,0,NA,980.36,NA,NA,NA,NA,-12.78,NA,0,",skc"
1862-01-25 07:00:00,18.33,NA,0,NA,987.13,NA,NA,NA,NA,-19.44,NA,0,",bkn"
1862-01-25 14:00:00,21.11,NA,0,NA,988.83,NA,NA,NA,NA,-13.89,NA,NA,",skc"
1862-01-25 21:00:00,22.22,NA,0,NA,990.52,NA,NA,NA,NA,-19.44,NA,NA,",bkn"
1862-01-26 07:00:00,12.78,NA,90,NA,990.52,NA,NA,NA,NA,-14.44,NA,NA,",skc"
1862-01-26 14:00:00,21.11,NA,90,NA,988.83,NA,NA,NA,NA,-10,NA,NA,",bkn"
1862-01-26 21:00:00,23.33,NA,90,NA,985.44,NA,NA,NA,NA,-8.89,NA,NA,",bkn"
1862-01-27 07:00:00,15.56,NA,90,NA,971.89,NA,NA,NA,NA,-14.44,NA,NA,",bkn"
1862-01-27 14:00:00,18.33,NA,90,NA,973.59,NA,NA,NA,NA,-7.78,NA,NA,",sn"
1862-01-27 21:00:00,15.56,NA,90,NA,975.28,NA,NA,NA,NA,-9.44,NA,NA,",sn"
1862-01-28 07:00:00,15.56,NA,0,NA,975.28,NA,NA,NA,NA,-12.22,NA,NA,",bkn"
1862-01-28 14:00:00,21.11,NA,315,NA,978.67,NA,NA,NA,NA,-9.44,NA,NA,",sn"
1862-01-28 21:00:00,24.44,NA,315,NA,975.28,NA,NA,NA,NA,-12.22,NA,NA,",sn"
1862-01-29,NA,NA,NA,NA,NA,NA,NA,NA,NA,NA,NA,NA,NA
1862-01-29 07:00:00,16.67,NA,315,NA,978.67,NA,NA,NA,NA,-15,NA,NA,",bkn"
1862-01-29 14:00:00,22.78,NA,315,NA,978.67,NA,NA,NA,NA,-11.67,NA,NA,",skc"
1862-01-29 21:00:00,22.78,NA,315,NA,978.67,NA,NA,NA,NA,-12.22,NA,NA,",skc"
1862-01-30 07:00:00,15.56,NA,90,NA,978.67,NA,NA,NA,NA,-16.11,NA,NA,",skc"
1862-01-30 14:00:00,20,NA,90,NA,978.67,NA,NA,NA,NA,-8.33,NA,NA,",sn"
1862-01-30 21:00:00,22.22,NA,90,NA,976.97,NA,NA,NA,NA,-6.67,NA,NA,",sn"
1862-01-31 07:00:00,17.22,NA,180,NA,978.67,NA,NA,NA,NA,-6.67,NA,NA,",sn"
1862-01-31 14:00:00,23.33,NA,180,NA,976.97,NA,NA,NA,NA,-6.67,NA,NA,",sn"
1862-01-31 21:00:00,23.33,NA,135,NA,980.36,NA,NA,NA,NA,-5,NA,NA,",sn"
1862-02-01 07:00:00,21.11,NA,315,NA,988.83,NA,NA,NA,NA,-15,NA,0,",sn"
1862-02-01 14:00:00,18.33,NA,315,NA,990.52,NA,NA,NA,NA,-11.67,NA,NA,",bkn"
1862-02-01 21:00:00,26.67,NA,315,NA,988.83,NA,NA,NA,NA,-16.11,NA,NA,",bkn"
1862-02-02 07:00:00,25.56,NA,NA,NA,987.13,NA,NA,NA,NA,-13.89,NA,NA,",bkn"
1862-02-02 14:00:00,21.11,NA,90,NA,983.75,NA,NA,NA,NA,-8.89,NA,NA,",skc"
1862-02-02 21:00:00,24.44,NA,90,NA,978.67,NA,NA,NA,NA,-10.56,NA,NA,",bkn"
1862-02-03 07:00:00,24.44,NA,315,NA,978.67,NA,NA,NA,NA,-9.44,NA,NA,",bkn"
1862-02-03 14:00:00,25.56,NA,315,NA,978.67,NA,NA,NA,NA,-15.56,NA,NA,",skc"
1862-02-03 21:00:00,26.67,NA,315,NA,965.12,NA,NA,NA,NA,-14.44,NA,NA,",skc"
1862-02-04 07:00:00,12.78,NA,315,NA,976.97,NA,NA,NA,NA,-15.56,NA,NA,",bkn"
1862-02-04 14:00:00,23.89,NA,315,NA,976.97,NA,NA,NA,NA,-14.44,NA,NA,",skc"
1862-02-04 21:00:00,24.44,NA,0,NA,973.59,NA,NA,NA,NA,-13.89,NA,NA,",skc"
1862-02-05 07:00:00,15.56,NA,0,NA,958.35,NA,NA,NA,NA,-12.22,NA,16,",sn"
1862-02-05 14:00:00,21.11,NA,0,NA,956.65,NA,NA,NA,NA,-9.44,NA,16,",ra"
1862-02-05 21:00:00,22.78,NA,0,NA,956.65,NA,NA,NA,NA,-10.56,NA,11,",ra"
1862-02-06 07:00:00,15.56,NA,NA,NA,961.73,NA,NA,NA,NA,-11.67,NA,NA,",bkn"
1862-02-06 14:00:00,22.78,NA,315,NA,961.73,NA,NA,NA,NA,-5,NA,NA,",bkn"
1862-02-06 21:00:00,26.67,NA,315,NA,960.04,NA,NA,NA,NA,-6.67,NA,NA,",sn"
1862-02-07 07:00:00,15.56,NA,315,NA,954.96,NA,NA,NA,NA,-9.44,NA,NA,",bkn"
1862-02-07 14:00:00,24.44,NA,315,NA,956.65,NA,NA,NA,NA,-5,NA,NA,",ra"
1862-02-07 21:00:00,26.67,NA,315,NA,958.35,NA,NA,NA,NA,-6.67,NA,NA,",ra"
1862-02-08 07:00:00,21.11,NA,0,NA,956.65,NA,NA,NA,NA,-5,NA,NA,",bkn"
1862-02-08 14:00:00,25,NA,0,NA,961.73,NA,NA,NA,NA,-3.89,NA,NA,",sn"
1862-02-08 21:00:00,26.67,NA,0,NA,963.43,NA,NA,NA,NA,-8.89,NA,NA,",sn"
1862-02-09 07:00:00,17.22,NA,315,NA,954.96,NA,NA,NA,NA,-13.89,NA,NA,",bkn"
1862-02-09 14:00:00,26.67,NA,315,NA,956.65,NA,NA,NA,NA,-10.56,NA,NA,",bkn"
1862-02-09 21:00:00,23.89,NA,0,NA,954.96,NA,NA,NA,NA,-12.78,NA,NA,",gr"
1862-02-10 07:00:00,7.78,NA,0,NA,954.96,NA,NA,NA,NA,-20.56,NA,NA,",bkn"
1862-02-10 14:00:00,24.44,NA,315,NA,961.73,NA,NA,NA,NA,-17.78,NA,NA,",skc"
1862-02-10 21:00:00,21.11,NA,315,NA,965.12,NA,NA,NA,NA,-25.56,NA,NA,",bkn"
1862-02-11 07:00:00,18.89,NA,315,NA,966.81,NA,NA,NA,NA,-21.67,NA,NA,",sn"
1862-02-11 14:00:00,26.67,NA,315,NA,968.51,NA,NA,NA,NA,-15.56,NA,NA,",sn"
1862-02-11 21:00:00,25.56,NA,315,NA,971.89,NA,NA,NA,NA,-17.78,NA,NA,",sn"
1862-02-12 07:00:00,20,NA,315,NA,975.28,NA,NA,NA,NA,-18.33,NA,NA,",bkn"
1862-02-12 14:00:00,26.67,NA,315,NA,975.28,NA,NA,NA,NA,-14.44,NA,NA,",skc"
1862-02-12 21:00:00,27.78,NA,315,NA,975.28,NA,NA,NA,NA,-17.78,NA,NA,",bkn"
1862-02-13,NA,NA,NA,NA,NA,NA,NA,NA,NA,NA,NA,NA,"au"
1862-02-13 07:00:00,15.56,NA,315,NA,971.89,NA,NA,NA,NA,-25.56,NA,NA,",skc"
1862-02-13 14:00:00,23.33,NA,315,NA,971.89,NA,NA,NA,NA,-10.56,NA,NA,",skc"
1862-02-13 21:00:00,32.22,NA,315,NA,971.89,NA,NA,NA,NA,-16.11,NA,NA,",skc"
1862-02-14,NA,NA,NA,NA,NA,NA,NA,NA,NA,NA,NA,NA,NA
1862-02-14 07:00:00,14.44,NA,315,NA,971.89,NA,NA,NA,NA,-18.89,NA,NA,",skc"
1862-02-14 14:00:00,23.33,NA,315,NA,973.59,NA,NA,NA,NA,-11.11,NA,NA,",skc"
1862-02-14 21:00:00,22.22,NA,315,NA,975.28,NA,NA,NA,NA,-17.78,NA,NA,",skc"
1862-02-15,NA,NA,NA,NA,NA,NA,"6 am",NA,NA,NA,NA,NA,NA
1862-02-15 07:00:00,11.67,NA,45,NA,968.51,NA,NA,NA,NA,-12.78,NA,NA,",sn"
1862-02-15 14:00:00,22.22,NA,315,NA,968.51,NA,NA,NA,NA,-6.67,NA,NA,",sn"
1862-02-15 21:00:00,26.67,NA,315,NA,975.28,NA,NA,NA,NA,-15,NA,NA,",skc"
1862-02-16,NA,NA,NA,NA,NA,NA,NA,NA,NA,NA,NA,NA,NA
1862-02-16 07:00:00,13.33,NA,315,NA,971.89,NA,NA,NA,NA,-23.89,NA,1,",bkn"
1862-02-16 14:00:00,21.11,NA,315,NA,968.51,NA,NA,NA,NA,-18.89,NA,0,",skc"
1862-02-16 21:00:00,20,NA,315,NA,966.81,NA,NA,NA,NA,-23.89,NA,0,",skc"
1862-02-17,NA,NA,NA,NA,NA,NA,NA,NA,NA,NA,NA,NA,NA
1862-02-17 07:00:00,15.56,NA,315,NA,968.51,NA,NA,NA,NA,-25,NA,0,",bkn"
1862-02-17 14:00:00,23.33,NA,315,NA,973.59,NA,NA,NA,NA,-22.22,NA,0,",skc"
1862-02-17 21:00:00,21.11,NA,315,NA,975.28,NA,NA,NA,NA,-23.89,NA,0,",skc"
1862-02-18,NA,NA,NA,NA,NA,NA,NA,NA,NA,NA,NA,NA,NA
1862-02-18 07:00:00,14.44,NA,315,NA,973.59,NA,NA,NA,NA,-25,NA,1,",skc"
1862-02-18 14:00:00,21.11,NA,315,NA,973.59,NA,NA,NA,NA,-20,NA,2,",skc"
1862-02-18 21:00:00,21.11,NA,315,NA,971.89,NA,NA,NA,NA,-23.33,NA,2,",skc"
1862-02-19 07:00:00,18.33,NA,315,NA,968.51,NA,NA,NA,NA,-25.56,NA,16,",skc"
1862-02-19 14:00:00,25.56,NA,315,NA,971.89,NA,NA,NA,NA,-18.89,NA,16,",skc"
1862-02-19 21:00:00,21.11,NA,315,NA,971.89,NA,NA,NA,NA,-20,NA,11,",skc"
1862-02-20,NA,NA,NA,NA,NA,NA,NA,NA,NA,NA,NA,NA,NA
1862-02-20 07:00:00,11.11,NA,315,NA,970.2,NA,NA,NA,NA,-25.56,NA,1,",skc"
1862-02-20 14:00:00,23.89,NA,315,NA,968.51,NA,NA,NA,NA,-20,NA,11,",skc"
1862-02-20 21:00:00,22.22,NA,315,NA,966.81,NA,NA,NA,NA,-29.44,NA,16,",skc"
1862-02-21,NA,NA,NA,NA,NA,NA,NA,NA,NA,NA,NA,NA,NA
1862-02-21 07:00:00,15.56,NA,315,NA,961.73,NA,NA,NA,NA,-30,NA,2,",skc"
1862-02-21 14:00:00,22.78,NA,315,NA,963.43,NA,NA,NA,NA,-20.56,NA,2,",skc"
1862-02-21 21:00:00,23.89,NA,315,NA,963.43,NA,NA,NA,NA,-22.22,NA,2,",skc"
1862-02-22,NA,NA,NA,NA,NA,NA,NA,NA,NA,NA,NA,NA,NA
1862-02-22 07:00:00,16.67,NA,315,NA,960.04,NA,NA,NA,NA,-26.11,NA,1,",skc"
1862-02-22 14:00:00,22.22,NA,315,NA,960.04,NA,NA,NA,NA,-15.56,NA,5,",skc"
1862-02-22 21:00:00,21.11,NA,315,NA,960.04,NA,NA,NA,NA,-18.33,NA,11,",skc"
1862-02-23,NA,NA,NA,NA,NA,NA,NA,NA,NA,NA,NA,NA,"halo"
1862-02-23 07:00:00,15.56,NA,315,NA,963.43,NA,NA,NA,NA,-21.11,NA,0,",skc"
1862-02-23 14:00:00,20,NA,315,NA,965.12,NA,NA,NA,NA,-10,NA,0,",bkn"
1862-02-23 21:00:00,21.11,NA,315,NA,968.51,NA,NA,NA,NA,-15,NA,NA,",skc"
1862-02-24,NA,NA,NA,NA,NA,NA,NA,NA,NA,NA,NA,NA,"halo"
1862-02-24 07:00:00,13.33,NA,315,NA,970.2,NA,NA,NA,NA,-14.44,NA,2,",bkn"
1862-02-24 14:00:00,18.89,NA,315,NA,973.59,NA,NA,NA,NA,-7.78,NA,1,",skc"
1862-02-24 21:00:00,21.67,NA,315,NA,973.59,NA,NA,NA,NA,-7.78,NA,1,",skc"
1862-02-25 07:00:00,12.78,NA,315,NA,968.51,NA,NA,NA,NA,-6.11,NA,0,",bkn"
1862-02-25 14:00:00,21.11,NA,45,NA,965.12,NA,NA,NA,NA,-3.33,NA,1,",bkn"
1862-02-25 21:00:00,20,NA,45,NA,966.81,NA,NA,NA,NA,-5,NA,16,",bkn"
1862-02-26,NA,NA,NA,NA,NA,NA,"2 pm",NA,NA,NA,NA,NA,"empty"
1862-02-26 07:00:00,14.44,NA,45,NA,971.89,NA,NA,NA,NA,-2.22,NA,16,",bkn"
1862-02-26 14:00:00,20.56,NA,90,NA,973.59,NA,NA,NA,NA,0.56,NA,16,",sn"
1862-02-26 21:00:00,18.89,NA,90,NA,971.89,NA,NA,NA,NA,0.56,NA,16,",ra"
1862-02-27,NA,NA,NA,NA,NA,NA,NA,NA,NA,NA,NA,NA,"ra"
1862-02-27 07:00:00,15.56,NA,90,NA,970.2,NA,NA,NA,NA,1.67,NA,20,",ra"
1862-02-27 14:00:00,23.33,NA,90,NA,968.51,NA,NA,NA,NA,1.67,NA,16,",sn"
1862-02-27 21:00:00,22.22,NA,90,NA,966.81,NA,NA,NA,NA,1.67,NA,20,",ra"
1862-02-28,NA,NA,NA,NA,NA,NA,NA,NA,NA,NA,NA,NA,"sn"
1862-02-28 07:00:00,15.56,NA,45,NA,965.12,NA,NA,NA,NA,0.56,NA,0,",fg"
1862-02-28 14:00:00,23.33,NA,45,NA,965.12,NA,NA,NA,NA,0.56,NA,11,",sn"
1862-02-28 21:00:00,22.78,NA,90,NA,966.81,NA,NA,NA,NA,-0.56,NA,2,",skc"
1862-03-01,NA,NA,NA,NA,NA,NA,NA,NA,NA,NA,NA,NA,"sn"
1862-03-01 07:00:00,15.56,NA,0,NA,968.51,NA,NA,NA,NA,-1.67,NA,1,",bkn"
1862-03-01 14:00:00,22.22,NA,90,NA,971.89,NA,NA,NA,NA,0.56,NA,1,",ra"
1862-03-01 21:00:00,21.11,NA,90,NA,971.89,NA,NA,NA,NA,0.56,NA,0,",ra"
1862-03-02,NA,NA,NA,NA,NA,NA,NA,NA,NA,NA,NA,NA,"ra"
1862-03-02 07:00:00,16.11,NA,0,NA,973.59,NA,NA,NA,NA,0.56,NA,11,",ra"
1862-03-02 14:00:00,22.22,NA,90,NA,973.59,NA,NA,NA,NA,1.11,NA,11,",ra"
1862-03-02 21:00:00,20,NA,90,NA,973.59,NA,NA,NA,NA,1.67,NA,16,",ra"
1862-03-03,NA,NA,NA,NA,NA,NA,"empty","3 pm",NA,NA,NA,NA,"ra"
1862-03-03 07:00:00,18.33,NA,90,NA,973.59,NA,NA,NA,NA,1.11,NA,16,",ra"
1862-03-03 14:00:00,23.89,NA,90,NA,978.67,NA,NA,NA,NA,1.67,NA,2,",ra"
1862-03-03 21:00:00,23.33,NA,45,NA,980.36,NA,NA,NA,NA,0,NA,2,",skc"
1862-03-04,NA,NA,NA,NA,NA,NA,NA,NA,NA,NA,NA,NA,"au"
1862-03-04 07:00:00,13.89,NA,45,NA,978.67,NA,NA,NA,NA,-1.11,NA,0,",bkn"
1862-03-04 14:00:00,24.44,NA,90,NA,982.05,NA,NA,NA,NA,1.11,NA,2,",bkn"
1862-03-04 21:00:00,21.67,NA,90,NA,982.05,NA,NA,NA,NA,-0.56,NA,2,",skc"
1862-03-05,NA,NA,NA,NA,NA,NA,NA,NA,NA,NA,NA,NA,"sn"
1862-03-05 07:00:00,17.22,NA,45,NA,978.67,NA,NA,NA,NA,-1.11,NA,1,",bkn"
1862-03-05 14:00:00,21.67,NA,90,NA,978.67,NA,NA,NA,NA,0.56,NA,11,",bkn"
1862-03-05 21:00:00,21.11,NA,90,NA,978.67,NA,NA,NA,NA,-0.56,NA,2,",bkn"
1862-03-06 07:00:00,15.56,NA,45,NA,976.97,NA,NA,NA,NA,-1.11,NA,1,",bkn"
1862-03-06 14:00:00,21.11,NA,90,NA,976.97,NA,NA,NA,NA,-0.56,NA,2,",bkn"
1862-03-06 21:00:00,21.11,NA,45,NA,976.97,NA,NA,NA,NA,-1.67,NA,1,",bkn"
1862-03-07 07:00:00,16.67,NA,45,NA,973.59,NA,NA,NA,NA,-3.33,NA,2,",bkn"
1862-03-07 14:00:00,23.33,NA,0,NA,975.28,NA,NA,NA,NA,0,NA,1,",bkn"
1862-03-07 21:00:00,23.89,NA,0,NA,978.67,NA,NA,NA,NA,-5,NA,0,",bkn"
1862-03-08,NA,NA,NA,NA,NA,NA,NA,NA,NA,NA,NA,NA,"sn"
1862-03-08 07:00:00,13.89,NA,45,NA,976.97,NA,NA,NA,NA,-7.22,NA,1,",skc"
1862-03-08 14:00:00,23.89,NA,0,NA,982.05,NA,NA,NA,NA,-5,NA,1,",bkn"
1862-03-08 21:00:00,22.22,NA,0,NA,982.05,NA,NA,NA,NA,-10,NA,0,",bkn"
1862-03-09 07:00:00,15.56,NA,0,NA,985.44,NA,NA,NA,NA,-13.33,NA,1,",skc"
1862-03-09 14:00:00,22.22,NA,270,NA,985.44,NA,NA,NA,NA,-7.78,NA,1,",skc"
1862-03-09 21:00:00,30,NA,270,NA,985.44,NA,NA,NA,NA,-16.11,NA,0,",skc"
1862-03-10,NA,NA,NA,NA,NA,NA,NA,NA,NA,NA,NA,NA,"halo"
1862-03-10 07:00:00,13.33,NA,315,NA,982.05,NA,NA,NA,NA,-18.89,NA,0,",bkn"
1862-03-10 14:00:00,21.11,NA,270,NA,978.67,NA,NA,NA,NA,-6.11,NA,1,",skc"
1862-03-10 21:00:00,18.33,NA,270,NA,971.89,NA,NA,NA,NA,-5.56,NA,0,",skc"
1862-03-11,NA,NA,NA,NA,NA,NA,NA,"3 pm",NA,NA,NA,NA,"sn"
1862-03-11 07:00:00,16.67,NA,0,NA,960.04,NA,NA,NA,NA,-2.78,NA,5,",sn"
1862-03-11 14:00:00,21.11,NA,225,NA,951.58,NA,NA,NA,NA,5,NA,2,",sn"
1862-03-11 21:00:00,21.11,NA,270,NA,948.19,NA,NA,NA,NA,0,NA,2,",bkn"
1862-03-12,NA,NA,NA,NA,NA,NA,"5 am","8 am",NA,NA,NA,NA,NA
1862-03-12 07:00:00,10,NA,0,NA,948.19,NA,NA,NA,NA,-1.67,NA,5,",sn"
1862-03-12 14:00:00,21.67,NA,315,NA,954.96,NA,NA,NA,NA,-4.44,NA,16,",bkn"
1862-03-12 21:00:00,23.33,NA,315,NA,963.43,NA,NA,NA,NA,-9.44,NA,16,",bkn"
1862-03-13,NA,NA,NA,NA,NA,NA,NA,"2pm",NA,NA,NA,NA,"sn"
1862-03-13 07:00:00,7.22,NA,0,NA,970.2,NA,NA,NA,NA,-15.56,NA,11,",sn"
1862-03-13 14:00:00,22.22,NA,0,NA,982.05,NA,NA,NA,NA,-11.11,NA,11,",bkn"
1862-03-13 21:00:00,23.89,NA,0,NA,987.13,NA,NA,NA,NA,-15.56,NA,1,",sn"
1862-03-14,NA,NA,NA,NA,NA,NA,NA,NA,NA,NA,NA,NA,"au"
1862-03-14 07:00:00,5,NA,0,NA,988.83,NA,NA,NA,NA,-20,NA,1,",skc"
1862-03-14 14:00:00,22.22,NA,0,NA,993.91,NA,NA,NA,NA,-7.78,NA,1,",skc"
1862-03-14 21:00:00,21.67,NA,0,NA,993.91,NA,NA,NA,NA,-19.44,NA,1,",skc"
1862-03-15,NA,NA,NA,NA,NA,NA,NA,NA,NA,NA,NA,NA,NA
1862-03-15 07:00:00,6.11,NA,0,NA,990.52,NA,NA,NA,NA,-23.89,NA,0,",skc"
1862-03-15 14:00:00,18.89,NA,180,NA,992.21,NA,NA,NA,NA,-4.44,NA,0,",skc"
1862-03-15 21:00:00,23.89,NA,0,NA,993.91,NA,NA,NA,NA,-20,NA,0,",skc"
1862-03-16,NA,NA,NA,NA,NA,NA,NA,NA,NA,NA,NA,NA,"au"
1862-03-16 07:00:00,11.11,NA,315,NA,992.21,NA,NA,NA,NA,-21.67,NA,1,",skc"
1862-03-16 14:00:00,20,NA,45,NA,993.91,NA,NA,NA,NA,-5.56,NA,1,",skc"
1862-03-16 21:00:00,22.78,NA,315,NA,992.21,NA,NA,NA,NA,-11.67,NA,2,",bkn"
1862-03-17 07:00:00,10.56,NA,45,NA,987.13,NA,NA,NA,NA,-10,NA,1,",skc"
1862-03-17 14:00:00,21.67,NA,45,NA,983.75,NA,NA,NA,NA,-9.44,NA,11,",bkn"
1862-03-17 21:00:00,22.22,NA,45,NA,978.67,NA,NA,NA,NA,-11.11,NA,16,",bkn"
1862-03-18,NA,NA,NA,NA,NA,NA,NA,NA,NA,NA,NA,NA,NA
1862-03-18 07:00:00,12.22,NA,315,NA,970.2,NA,NA,NA,NA,-11.11,NA,2,",bkn"
1862-03-18 14:00:00,20,NA,315,NA,968.51,NA,NA,NA,NA,-6.67,NA,1,",bkn"
1862-03-18 21:00:00,21.11,NA,0,NA,971.89,NA,NA,NA,NA,-7.78,NA,0,",skc"
1862-03-19,NA,NA,NA,NA,NA,NA,"4 am (snow); 12 am (rain)",NA,NA,NA,NA,NA,"rain"
1862-03-19 07:00:00,14.44,NA,315,NA,966.81,NA,NA,NA,NA,-5.56,NA,0,",sn"
1862-03-19 14:00:00,22.22,NA,90,NA,968.51,NA,NA,NA,NA,1.11,NA,16,",ra"
1862-03-19 21:00:00,23.33,NA,90,NA,975.28,NA,NA,NA,NA,1.11,NA,20,",ra"
1862-03-20,NA,NA,NA,NA,NA,NA,NA,"6 am",NA,NA,NA,NA,NA
1862-03-20 07:00:00,7.78,NA,0,NA,975.28,NA,NA,NA,NA,1.11,NA,2,",bkn"
1862-03-20 14:00:00,22.22,NA,0,NA,978.67,NA,NA,NA,NA,1.67,NA,2,",bkn"
1862-03-20 21:00:00,21.11,NA,0,NA,980.36,NA,NA,NA,NA,0,NA,1,",bkn"
1862-03-21,NA,NA,NA,NA,NA,NA,NA,NA,NA,NA,NA,NA,NA
1862-03-21 07:00:00,10,NA,0,NA,985.44,NA,NA,NA,NA,-6.67,NA,5,",skc"
1862-03-21 14:00:00,23.33,NA,0,NA,985.44,NA,NA,NA,NA,1.11,NA,11,",bkn"
1862-03-21 21:00:00,21.11,NA,0,NA,985.44,NA,NA,NA,NA,0,NA,0,",bkn"
1862-03-22 07:00:00,17.22,NA,0,NA,982.05,NA,NA,NA,NA,-2.22,NA,0,",bkn"
1862-03-22 14:00:00,21.67,NA,0,NA,982.05,NA,NA,NA,NA,0.56,NA,2,",bkn"
1862-03-22 21:00:00,20.56,NA,45,NA,980.36,NA,NA,NA,NA,-0.56,NA,2,",bkn"
1862-03-23,NA,NA,NA,NA,NA,NA,NA,NA,NA,NA,NA,NA,"sn"
1862-03-23 07:00:00,15.56,NA,45,NA,976.97,NA,NA,NA,NA,0,NA,16,",bkn"
1862-03-23 14:00:00,21.11,NA,45,NA,971.89,NA,NA,NA,NA,0.56,NA,16,",ra"
1862-03-23 21:00:00,21.67,NA,45,NA,971.89,NA,NA,NA,NA,0,NA,20,",sn"
1862-03-24 07:00:00,13.33,NA,0,NA,966.81,NA,NA,NA,NA,0,NA,20,",sn"
1862-03-24 14:00:00,19.44,NA,0,NA,966.81,NA,NA,NA,NA,0.56,NA,20,",sn"
1862-03-24 21:00:00,21.11,NA,0,NA,966.81,NA,NA,NA,NA,0,NA,20,",sn"
1862-03-25,NA,NA,NA,NA,NA,NA,NA,"1 pm",NA,NA,NA,NA,NA
1862-03-25 07:00:00,10,NA,0,NA,968.51,NA,NA,NA,NA,0,NA,20,",sn"
1862-03-25 14:00:00,22.22,NA,0,NA,970.2,NA,NA,NA,NA,0.56,NA,2,",bkn"
1862-03-25 21:00:00,20,NA,0,NA,971.89,NA,NA,NA,NA,-1.11,NA,0,",bkn"
1862-03-26,NA,NA,NA,NA,NA,NA,NA,NA,NA,NA,NA,NA,"sn"
1862-03-26 07:00:00,15.56,NA,0,NA,970.2,NA,NA,NA,NA,-3.33,NA,11,",bkn"
1862-03-26 14:00:00,19.44,NA,0,NA,971.89,NA,NA,NA,NA,-1.67,NA,16,",bkn"
1862-03-26 21:00:00,21.11,NA,0,NA,971.89,NA,NA,NA,NA,-1.11,NA,0,",sn"
1862-03-27,NA,NA,NA,NA,NA,NA,NA,NA,NA,NA,NA,NA,"skc"
1862-03-27 07:00:00,12.22,NA,315,NA,968.51,NA,NA,NA,NA,-3.89,NA,0,",sn"
1862-03-27 14:00:00,20,NA,45,NA,970.2,NA,NA,NA,NA,0,NA,2,",sn"
1862-03-27 21:00:00,21.11,NA,0,NA,970.2,NA,NA,NA,NA,-5,NA,2,",skc"
1862-03-28,NA,NA,NA,NA,NA,NA,NA,NA,NA,NA,NA,NA,NA
1862-03-28 07:00:00,5,NA,0,NA,971.89,NA,NA,NA,NA,NA,NA,1,",bkn"
1862-03-28 14:00:00,21.11,NA,0,NA,971.89,NA,NA,NA,NA,-0.56,NA,NA,",sn"
1862-03-28 21:00:00,22.22,NA,0,NA,971.89,NA,NA,NA,NA,-1.11,NA,20,",sn"
1862-03-29,NA,NA,NA,NA,NA,NA,NA,NA,NA,NA,NA,NA,NA
1862-03-29 07:00:00,10,NA,0,NA,970.2,NA,NA,NA,NA,-2.22,NA,20,",sn"
1862-03-29 14:00:00,20,NA,0,NA,971.89,NA,NA,NA,NA,-0.56,NA,20,",sn"
1862-03-29 21:00:00,19.44,NA,0,NA,975.28,NA,NA,NA,NA,-5,NA,20,",sn"
1862-03-30,NA,NA,NA,NA,NA,NA,NA,NA,NA,NA,NA,NA,NA
1862-03-30 07:00:00,5,NA,0,NA,975.28,NA,NA,NA,NA,-5,NA,16,",bkn"
1862-03-30 14:00:00,25,NA,0,NA,982.05,NA,NA,NA,NA,-1.67,NA,16,",bkn"
1862-03-30 21:00:00,21.67,NA,0,NA,982.05,NA,NA,NA,NA,-3.89,NA,0,",bkn"
1862-03-31,NA,NA,NA,NA,NA,NA,NA,NA,NA,NA,NA,NA,"au"
1862-03-31 07:00:00,10,NA,315,NA,982.05,NA,NA,NA,NA,-12.78,NA,2,",bkn"
1862-03-31 14:00:00,18.89,NA,315,NA,982.05,NA,NA,NA,NA,-1.11,NA,2,",skc"
1862-03-31 21:00:00,23.33,NA,0,NA,983.75,NA,NA,NA,NA,-12.22,NA,1,",skc"
1862-04-01,NA,NA,NA,NA,NA,NA,NA,NA,NA,NA,NA,NA,NA
1862-04-01 07:00:00,5.56,NA,315,NA,980.36,NA,NA,NA,NA,-12.78,NA,2,",skc"
1862-04-01 14:00:00,21.11,NA,315,NA,982.05,NA,NA,NA,NA,3.33,NA,5,",skc"
1862-04-01 21:00:00,18.89,NA,315,NA,985.44,NA,NA,NA,NA,-8.89,NA,0,",skc"
1862-04-02,NA,NA,NA,NA,NA,NA,NA,NA,NA,NA,NA,NA,NA
1862-04-02 07:00:00,15,NA,180,NA,987.13,NA,NA,NA,NA,-6.67,NA,0,",bkn"
1862-04-02 14:00:00,21.11,NA,315,NA,988.83,NA,NA,NA,NA,3.33,NA,0,",skc"
1862-04-02 21:00:00,20,NA,315,NA,990.52,NA,NA,NA,NA,-8.89,NA,0,",skc"
1862-04-03,NA,NA,NA,NA,NA,NA,NA,NA,NA,NA,NA,NA,"halo"
1862-04-03 07:00:00,15.56,NA,315,NA,982.05,NA,NA,NA,NA,-12.78,NA,0,",skc"
1862-04-03 14:00:00,23.33,NA,180,NA,973.59,NA,NA,NA,NA,8.89,NA,1,",skc"
1862-04-03 21:00:00,22.22,NA,225,NA,970.2,NA,NA,NA,NA,0,NA,16,",skc"
1862-04-04 07:00:00,10,NA,225,NA,NA,NA,NA,NA,NA,-2.22,NA,1,",skc"
1862-04-04 14:00:00,21.67,NA,315,NA,973.59,NA,NA,NA,NA,6.67,NA,1,",bkn"
1862-04-04 21:00:00,21.11,NA,0,NA,983.75,NA,NA,NA,NA,-9.44,NA,16,",bkn"
1862-04-05 07:00:00,4.44,NA,0,NA,987.13,NA,NA,NA,NA,-12.78,NA,2,",sn"
1862-04-05 14:00:00,23.33,NA,0,NA,990.52,NA,NA,NA,NA,-4.44,NA,5,",bkn"
1862-04-05 21:00:00,21.11,NA,0,NA,993.91,NA,NA,NA,NA,-8.89,NA,1,",sn"
1862-04-06 07:00:00,10,NA,0,NA,988.83,NA,NA,NA,NA,-8.89,NA,0,",sn"
1862-04-06 14:00:00,21.11,NA,90,NA,987.13,NA,NA,NA,NA,-2.22,NA,NA,",bkn"
1862-04-06 21:00:00,21.11,NA,90,NA,978.67,NA,NA,NA,NA,-1.11,NA,NA,",bkn"
1862-04-07 07:00:00,NA,NA,0,NA,NA,NA,NA,NA,NA,-1.11,NA,0,",bkn"
1862-04-07 14:00:00,NA,NA,90,NA,NA,NA,NA,NA,NA,3.33,NA,NA,",bkn"
1862-04-07 21:00:00,NA,NA,90,NA,NA,NA,NA,NA,NA,0,NA,NA,",bkn"
1862-04-08 07:00:00,NA,NA,90,NA,NA,NA,NA,NA,NA,-2.78,NA,NA,",bkn"
1862-04-08 14:00:00,NA,NA,90,NA,NA,NA,NA,NA,NA,-1.11,NA,NA,",bkn"
1862-04-08 21:00:00,NA,NA,90,NA,NA,NA,NA,NA,NA,-0.56,NA,NA,",bkn"
1862-04-09 07:00:00,NA,NA,90,NA,NA,NA,NA,NA,NA,-2.22,NA,20,",sn"
1862-04-09 14:00:00,NA,NA,0,NA,NA,NA,NA,NA,NA,-0.56,NA,20,",sn"
1862-04-09 21:00:00,NA,NA,0,NA,NA,NA,NA,NA,NA,-2.78,NA,20,",sn"
1862-04-10 07:00:00,NA,NA,NA,NA,NA,NA,NA,NA,NA,-2.78,NA,NA,NA
1862-04-10 14:00:00,NA,NA,NA,NA,NA,NA,NA,NA,NA,-2.22,NA,NA,NA
1862-04-10 21:00:00,NA,NA,NA,NA,NA,NA,NA,NA,NA,-2.78,NA,NA,NA
1862-04-11 07:00:00,NA,NA,NA,NA,NA,NA,NA,NA,NA,-2.22,NA,NA,NA
1862-04-11 14:00:00,NA,NA,NA,NA,NA,NA,NA,NA,NA,0.56,NA,NA,NA
1862-04-11 21:00:00,NA,NA,NA,NA,NA,NA,NA,NA,NA,-1.67,NA,NA,NA
1862-04-12 07:00:00,NA,NA,NA,NA,NA,NA,NA,NA,NA,-2.78,NA,NA,NA
1862-04-12 14:00:00,NA,NA,NA,NA,NA,NA,NA,NA,NA,0,NA,NA,NA
1862-04-12 21:00:00,NA,NA,NA,NA,NA,NA,NA,NA,NA,-2.22,NA,NA,NA
1862-04-13 07:00:00,NA,NA,NA,NA,NA,NA,NA,NA,NA,-1.67,NA,NA,NA
1862-04-13 14:00:00,NA,NA,NA,NA,NA,NA,NA,NA,NA,-4.44,NA,NA,NA
1862-04-13 21:00:00,NA,NA,NA,NA,NA,NA,NA,NA,NA,-1.67,NA,NA,NA
1862-04-14 07:00:00,NA,NA,NA,NA,NA,NA,NA,NA,NA,-3.33,NA,NA,NA
1862-04-14 14:00:00,NA,NA,NA,NA,NA,NA,NA,NA,NA,-5,NA,NA,NA
1862-04-14 21:00:00,NA,NA,NA,NA,NA,NA,NA,NA,NA,-0.56,NA,NA,NA
1862-04-15 07:00:00,NA,NA,NA,NA,NA,NA,NA,NA,NA,-7.78,NA,NA,NA
1862-04-15 14:00:00,NA,NA,NA,NA,NA,NA,NA,NA,NA,2.78,NA,NA,NA
1862-04-15 21:00:00,NA,NA,NA,NA,NA,NA,NA,NA,NA,-4.44,NA,NA,NA
1862-04-16 07:00:00,NA,NA,NA,NA,NA,NA,NA,NA,NA,-4.44,NA,NA,NA
1862-04-16 14:00:00,NA,NA,NA,NA,NA,NA,NA,NA,NA,2.22,NA,NA,NA
1862-04-16 21:00:00,NA,NA,NA,NA,NA,NA,NA,NA,NA,-6.11,NA,NA,NA
1862-04-17 07:00:00,NA,NA,NA,NA,NA,NA,NA,NA,NA,-4.44,NA,NA,NA
1862-04-17 14:00:00,NA,NA,NA,NA,NA,NA,NA,NA,NA,7.22,NA,NA,NA
1862-04-17 21:00:00,NA,NA,NA,NA,NA,NA,NA,NA,NA,2.78,NA,NA,NA
1862-04-18 07:00:00,NA,NA,NA,NA,NA,NA,NA,NA,NA,2.78,NA,NA,NA
1862-04-18 14:00:00,NA,NA,NA,NA,NA,NA,NA,NA,NA,0,NA,NA,NA
1862-04-18 21:00:00,NA,NA,NA,NA,NA,NA,NA,NA,NA,0.56,NA,NA,NA
1862-04-19 07:00:00,NA,NA,NA,NA,NA,NA,NA,NA,NA,0,NA,NA,NA
1862-04-19 14:00:00,NA,NA,NA,NA,NA,NA,NA,NA,NA,4.44,NA,NA,NA
1862-04-19 21:00:00,NA,NA,NA,NA,NA,NA,NA,NA,NA,2.78,NA,NA,NA
1862-04-20 07:00:00,NA,NA,NA,NA,NA,NA,NA,NA,NA,2.78,NA,NA,NA
1862-04-20 14:00:00,NA,NA,NA,NA,NA,NA,NA,NA,NA,-0.56,NA,NA,NA
1862-04-20 21:00:00,NA,NA,NA,NA,NA,NA,NA,NA,NA,-0.56,NA,NA,NA
1862-04-21 07:00:00,NA,NA,NA,NA,NA,NA,NA,NA,NA,2.78,NA,NA,NA
1862-04-21 14:00:00,NA,NA,NA,NA,NA,NA,NA,NA,NA,1.67,NA,NA,NA
1862-04-21 21:00:00,NA,NA,NA,NA,NA,NA,NA,NA,NA,0.56,NA,NA,NA
1862-04-22 07:00:00,NA,NA,NA,NA,NA,NA,NA,NA,NA,2.78,NA,NA,NA
1862-04-22 14:00:00,NA,NA,NA,NA,NA,NA,NA,NA,NA,1.67,NA,NA,NA
1862-04-22 21:00:00,NA,NA,NA,NA,NA,NA,NA,NA,NA,-4.44,NA,NA,NA
1862-04-23 07:00:00,NA,NA,NA,NA,NA,NA,NA,NA,NA,-4.44,NA,NA,NA
1862-04-23 14:00:00,NA,NA,NA,NA,NA,NA,NA,NA,NA,0,NA,NA,NA
1862-04-23 21:00:00,NA,NA,NA,NA,NA,NA,NA,NA,NA,3.89,NA,NA,NA
1862-04-24 07:00:00,NA,NA,NA,NA,NA,NA,NA,NA,NA,2.78,NA,NA,NA
1862-04-24 14:00:00,NA,NA,NA,NA,NA,NA,NA,NA,NA,7.22,NA,NA,NA
1862-04-24 21:00:00,NA,NA,NA,NA,NA,NA,NA,NA,NA,1.67,NA,NA,NA
1862-04-25 07:00:00,NA,NA,NA,NA,NA,NA,NA,NA,NA,2.22,NA,NA,NA
1862-04-25 14:00:00,NA,NA,NA,NA,NA,NA,NA,NA,NA,6.11,NA,NA,NA
1862-04-25 21:00:00,NA,NA,NA,NA,NA,NA,NA,NA,NA,1.67,NA,NA,NA
1862-04-26 07:00:00,NA,NA,NA,NA,NA,NA,NA,NA,NA,-0.56,NA,NA,NA
1862-04-26 14:00:00,NA,NA,NA,NA,NA,NA,NA,NA,NA,-1.67,NA,NA,NA
1862-04-26 21:00:00,NA,NA,NA,NA,NA,NA,NA,NA,NA,-5,NA,NA,NA
1862-04-27,NA,NA,NA,NA,NA,NA,NA,NA,NA,NA,NA,NA,"halo"
1862-04-27 07:00:00,10,NA,315,NA,992.21,NA,NA,NA,NA,-7.78,NA,5,",skc"
1862-04-27 14:00:00,23.89,NA,315,NA,993.91,NA,NA,NA,NA,-0.56,NA,5,",skc"
1862-04-27 21:00:00,21.67,NA,NA,NA,993.91,NA,NA,NA,NA,-8.33,NA,0,",skc"
1862-04-28,NA,NA,NA,NA,NA,NA,NA,NA,NA,NA,NA,NA,"halo"
1862-04-28 07:00:00,11.11,NA,315,NA,992.21,NA,NA,NA,NA,-8.89,NA,0,",skc"
1862-04-28 14:00:00,23.33,NA,315,NA,993.91,NA,NA,NA,NA,1.67,NA,0,",skc"
1862-04-28 21:00:00,21.11,NA,NA,NA,993.91,NA,NA,NA,NA,0,NA,0,",skc"
1862-04-29,NA,NA,NA,NA,NA,NA,NA,NA,NA,NA,NA,NA,"sn"
1862-04-29 07:00:00,13.33,NA,315,NA,990.52,NA,NA,NA,NA,-7.22,NA,NA,",skc"
1862-04-29 14:00:00,23.89,NA,315,NA,987.13,NA,NA,NA,NA,7.78,NA,NA,",skc"
1862-04-29 21:00:00,21.67,NA,NA,NA,982.05,NA,NA,NA,NA,4.44,NA,NA,",skc"
1862-04-30,NA,NA,NA,NA,NA,NA,"4 am","12 am",NA,NA,NA,NA,"snow"
1862-04-30 07:00:00,10,NA,NA,NA,978.67,NA,NA,NA,NA,0.56,NA,NA,",sn"
1862-04-30 14:00:00,23.89,NA,0,NA,973.59,NA,NA,NA,NA,0.56,NA,2,",bkn"
1862-04-30 21:00:00,21.11,NA,0,NA,973.59,NA,NA,NA,NA,0,NA,1,NA
1862-05-01,NA,NA,NA,NA,NA,NA,NA,NA,NA,NA,NA,NA,"au"
1862-05-01 07:00:00,13.33,NA,0,NA,982.05,NA,NA,NA,NA,-0.56,NA,2,",sn"
1862-05-01 14:00:00,23.33,NA,0,NA,988.83,NA,NA,NA,NA,3.33,NA,1,",bkn"
1862-05-01 21:00:00,23.89,NA,45,NA,988.83,NA,NA,NA,NA,-0.56,NA,1,",bkn"
1862-05-02,NA,NA,NA,NA,NA,NA,NA,NA,NA,NA,NA,NA,"au"
1862-05-02 07:00:00,15.56,NA,0,NA,992.21,NA,NA,NA,NA,-7.22,NA,0,",skc"
1862-05-02 14:00:00,24.44,NA,0,NA,993.91,NA,NA,NA,NA,7.22,NA,0,",skc"
1862-05-02 21:00:00,22.78,NA,0,NA,992.21,NA,NA,NA,NA,-1.11,NA,0,",skc"
1862-05-03,NA,NA,NA,NA,NA,NA,NA,NA,NA,NA,NA,NA,"halo"
1862-05-03 07:00:00,18.33,NA,0,NA,990.52,NA,NA,NA,NA,-2.22,NA,0,",skc"
1862-05-03 14:00:00,23.33,NA,0,NA,990.52,NA,NA,NA,NA,8.89,NA,0,",skc"
1862-05-03 21:00:00,21.67,NA,0,NA,988.83,NA,NA,NA,NA,-1.11,NA,0,",skc"
1862-05-04 07:00:00,15.56,NA,0,NA,982.05,NA,NA,NA,NA,-2.22,NA,0,",skc"
1862-05-04 14:00:00,22.78,NA,90,NA,978.67,NA,NA,NA,NA,7.78,NA,1,",skc"
1862-05-04 21:00:00,23.89,NA,0,NA,975.28,NA,NA,NA,NA,0.56,NA,0,",bkn"
1862-05-05,NA,NA,NA,NA,NA,NA,"2 pm",NA,NA,NA,NA,NA,"snow"
1862-05-05 07:00:00,19.44,NA,45,NA,966.81,NA,NA,NA,NA,-1.11,NA,1,",bkn"
1862-05-05 14:00:00,22.78,NA,45,NA,965.12,NA,NA,NA,NA,2.22,NA,1,",bkn"
1862-05-05 21:00:00,20,NA,45,NA,963.43,NA,NA,NA,NA,0.56,NA,0,",sn"
1862-05-06 07:00:00,15.56,NA,0,NA,961.73,NA,NA,NA,NA,-0.56,NA,1,",bkn"
1862-05-06 14:00:00,21.11,NA,0,NA,963.43,NA,NA,NA,NA,5,NA,2,",bkn"
1862-05-06 21:00:00,21.67,NA,0,NA,963.43,NA,NA,NA,NA,-0.56,NA,0,",bkn"
1862-05-07 07:00:00,12.78,NA,0,NA,966.81,NA,NA,NA,NA,0,NA,1,",bkn"
1862-05-07 14:00:00,23.89,NA,0,NA,963.43,NA,NA,NA,NA,3.33,NA,16,",bkn"
1862-05-07 21:00:00,22.22,NA,0,NA,966.81,NA,NA,NA,NA,0.56,NA,1,",bkn"
1862-05-08 07:00:00,10,NA,0,NA,958.35,NA,NA,NA,NA,0,NA,11,",bkn"
1862-05-08 14:00:00,18.33,NA,0,NA,968.51,NA,NA,NA,NA,5.56,NA,1,",bkn"
1862-05-08 21:00:00,21.11,NA,0,NA,968.51,NA,NA,NA,NA,1.67,NA,0,",bkn"
1862-05-09 07:00:00,10,NA,0,NA,965.12,NA,NA,NA,NA,0.56,NA,1,",bkn"
1862-05-09 14:00:00,20.56,NA,0,NA,961.73,NA,NA,NA,NA,1.67,NA,11,",bkn"
1862-05-09 21:00:00,23.89,NA,0,NA,958.35,NA,NA,NA,NA,-1.11,NA,16,",sn"
1862-05-10,NA,NA,NA,NA,NA,NA,NA,"12 am",NA,NA,NA,NA,NA
1862-05-10 07:00:00,15.56,NA,0,NA,954.96,NA,NA,NA,NA,0,NA,11,",sn"
1862-05-10 14:00:00,21.11,NA,0,NA,961.73,NA,NA,NA,NA,6.67,NA,16,",bkn"
1862-05-10 21:00:00,22.22,NA,0,NA,965.12,NA,NA,NA,NA,3.33,NA,20,",bkn"
1862-05-11,NA,NA,NA,NA,NA,NA,NA,NA,NA,NA,NA,NA,NA
1862-05-11 07:00:00,10,NA,0,NA,968.51,NA,NA,NA,NA,2.22,NA,20,",bkn"
1862-05-11 14:00:00,21.11,NA,0,NA,971.89,NA,NA,NA,NA,5,NA,20,",bkn"
1862-05-11 21:00:00,21.11,NA,0,NA,971.89,NA,NA,NA,NA,0.56,NA,11,",bkn"
1862-05-12,NA,NA,NA,NA,NA,NA,"6 pm","10 pm",NA,NA,NA,NA,"sn"
1862-05-12 07:00:00,12.22,NA,315,NA,968.51,NA,NA,NA,NA,0,NA,0,",bkn"
1862-05-12 14:00:00,18.89,NA,315,NA,961.73,NA,NA,NA,NA,11.67,NA,16,",skc"
1862-05-12 21:00:00,21.11,NA,315,NA,954.96,NA,NA,NA,NA,4.44,NA,20,",ra"
1862-05-13 07:00:00,12.78,NA,315,NA,953.27,NA,NA,NA,NA,2.22,NA,1,",skc"
1862-05-13 14:00:00,21.11,NA,315,NA,954.96,NA,NA,NA,NA,7.22,NA,20,",bkn"
1862-05-13 21:00:00,23.33,NA,0,NA,961.73,NA,NA,NA,NA,-1.11,NA,20,",bkn"
1862-05-14,NA,NA,NA,NA,NA,NA,NA,NA,NA,NA,NA,NA,"sn"
1862-05-14 07:00:00,15.56,NA,315,NA,965.12,NA,NA,NA,NA,-3.89,NA,11,",skc"
1862-05-14 14:00:00,22.22,NA,315,NA,965.12,NA,NA,NA,NA,4.44,NA,16,",bkn"
1862-05-14 21:00:00,21.11,NA,0,NA,965.12,NA,NA,NA,NA,1.11,NA,0,",bkn"
1862-05-15 07:00:00,15.56,NA,45,NA,965.12,NA,NA,NA,NA,0,NA,0,",bkn"
1862-05-15 14:00:00,22.78,NA,0,NA,971.89,NA,NA,NA,NA,4.44,NA,11,",bkn"
1862-05-15 21:00:00,21.11,NA,0,NA,975.28,NA,NA,NA,NA,1.67,NA,0,",bkn"
1862-05-16,NA,NA,NA,NA,NA,NA,NA,NA,NA,NA,NA,NA,NA
1862-05-16 07:00:00,13.33,NA,315,NA,975.28,NA,NA,NA,NA,1.11,NA,0,",skc"
1862-05-16 14:00:00,23.33,NA,270,NA,973.59,NA,NA,NA,NA,12.78,NA,1,",bkn"
1862-05-16 21:00:00,21.67,NA,45,NA,970.2,NA,NA,NA,NA,0.56,NA,0,",bkn"
1862-05-17,NA,NA,NA,NA,NA,NA,NA,NA,NA,NA,NA,NA,"sn"
1862-05-17 07:00:00,15.56,NA,0,NA,971.89,NA,NA,NA,NA,-1.11,NA,0,",bkn"
1862-05-17 14:00:00,23.33,NA,45,NA,973.59,NA,NA,NA,NA,0.56,NA,2,",bkn"
1862-05-17 21:00:00,21.11,NA,90,NA,971.89,NA,NA,NA,NA,-2.22,NA,2,",bkn"
1862-05-18,NA,NA,NA,NA,NA,NA,NA,NA,NA,NA,NA,NA,NA
1862-05-18 07:00:00,15.56,NA,0,NA,971.89,NA,NA,NA,NA,-1.11,NA,0,",bkn"
1862-05-18 14:00:00,21.11,NA,0,NA,971.89,NA,NA,NA,NA,6.67,NA,1,",skc"
1862-05-18 21:00:00,21.11,NA,0,NA,975.28,NA,NA,NA,NA,-1.11,NA,0,",bkn"
1862-05-19,NA,NA,NA,NA,NA,NA,"7 am",NA,NA,NA,NA,NA,"snow"
1862-05-19 07:00:00,14.44,NA,0,NA,976.97,NA,NA,NA,NA,-2.22,NA,0,",bkn"
1862-05-19 14:00:00,21.67,NA,0,NA,976.97,NA,NA,NA,NA,-1.11,NA,0,",skc"
1862-05-19 21:00:00,21.11,NA,0,NA,975.28,NA,NA,NA,NA,-1.67,NA,20,",bkn"
1862-05-20 07:00:00,13.33,NA,45,NA,965.12,NA,NA,NA,NA,-1.11,NA,11,",sn"
1862-05-20 14:00:00,23.33,NA,45,NA,963.43,NA,NA,NA,NA,2.22,NA,1,",bkn"
1862-05-20 21:00:00,22.22,NA,0,NA,965.12,NA,NA,NA,NA,2.78,NA,1,",bkn"
1862-05-21 07:00:00,15.56,NA,0,NA,971.89,NA,NA,NA,NA,1.67,NA,0,",bkn"
1862-05-21 14:00:00,21.11,NA,315,NA,978.67,NA,NA,NA,NA,15.56,NA,16,",skc"
1862-05-21 21:00:00,22.22,NA,315,NA,978.67,NA,NA,NA,NA,2.78,NA,0,",skc"
1862-05-22 07:00:00,10,NA,270,NA,976.97,NA,NA,NA,NA,4.44,NA,1,",bkn"
1862-05-22 14:00:00,19.44,NA,315,NA,975.28,NA,NA,NA,NA,16.67,NA,11,",bkn"
1862-05-22 21:00:00,23.33,NA,315,NA,970.2,NA,NA,NA,NA,7.78,NA,1,",bkn"
1862-05-23,NA,NA,NA,NA,NA,NA,NA,NA,NA,NA,NA,NA,"ra"
1862-05-23 07:00:00,15,NA,315,NA,958.35,NA,NA,NA,NA,4.44,NA,1,",bkn"
1862-05-23 14:00:00,21.11,NA,315,NA,958.35,NA,NA,NA,NA,7.22,NA,1,",bkn"
1862-05-23 21:00:00,23.89,NA,315,NA,958.35,NA,NA,NA,NA,4.44,NA,0,",bkn"
1862-05-24 07:00:00,10,NA,45,NA,951.58,NA,NA,NA,NA,1.11,NA,11,",bkn"
1862-05-24 14:00:00,22.22,NA,315,NA,949.88,NA,NA,NA,NA,1.67,NA,5,",bkn"
1862-05-24 21:00:00,21.11,NA,315,NA,948.19,NA,NA,NA,NA,0.56,NA,1,",sn"
1862-05-25 07:00:00,15.56,NA,0,NA,949.88,NA,NA,NA,NA,4.44,NA,2,",sn"
1862-05-25 14:00:00,21.67,NA,45,NA,954.96,NA,NA,NA,NA,3.89,NA,1,",bkn"
1862-05-25 21:00:00,21.67,NA,0,NA,960.04,NA,NA,NA,NA,-1.11,NA,1,",bkn"
1862-05-26 07:00:00,8.89,NA,0,NA,961.73,NA,NA,NA,NA,-0.56,NA,2,",bkn"
1862-05-26 14:00:00,21.67,NA,315,NA,970.2,NA,NA,NA,NA,3.33,NA,20,",ra"
1862-05-26 21:00:00,21.67,NA,0,NA,976.97,NA,NA,NA,NA,1.11,NA,0,",bkn"
1862-05-27,NA,NA,NA,NA,NA,NA,NA,NA,NA,NA,NA,NA,"halo"
1862-05-27 07:00:00,15.56,NA,315,NA,978.67,NA,NA,NA,NA,0,NA,1,",skc"
1862-05-27 14:00:00,18.89,NA,315,NA,978.67,NA,NA,NA,NA,10,NA,1,",bkn"
1862-05-27 21:00:00,21.11,NA,45,NA,978.67,NA,NA,NA,NA,1.11,NA,2,",bkn"
1862-05-28,NA,NA,NA,NA,NA,NA,"12 am",NA,NA,NA,NA,NA,"empty"
1862-05-28 07:00:00,10,NA,45,NA,971.89,NA,NA,NA,NA,1.11,NA,2,",bkn"
1862-05-28 14:00:00,18.89,NA,90,NA,965.12,NA,NA,NA,NA,4.44,NA,2,",ra"
1862-05-28 21:00:00,20,NA,45,NA,958.35,NA,NA,NA,NA,2.22,NA,16,",ra"
1862-05-29,NA,NA,NA,NA,NA,NA,"9 am",NA,NA,NA,NA,NA,"snow"
1862-05-29 07:00:00,4.44,NA,45,NA,951.58,NA,NA,NA,NA,0.56,NA,20,",ra"
1862-05-29 14:00:00,21.11,NA,0,NA,948.19,NA,NA,NA,NA,0,NA,20,",sn"
1862-05-29 21:00:00,22.22,NA,0,NA,949.88,NA,NA,NA,NA,0.56,NA,20,",ra"
1862-05-30,NA,NA,NA,NA,NA,NA,NA,NA,NA,NA,NA,NA,"sn"
1862-05-30 07:00:00,10,NA,0,NA,949.88,NA,NA,NA,NA,0.56,NA,20,",ra"
1862-05-30 14:00:00,23.33,NA,0,NA,956.65,NA,NA,NA,NA,1.67,NA,20,",sn"
1862-05-30 21:00:00,23.33,NA,0,NA,963.43,NA,NA,NA,NA,-0.56,NA,11,",ra"
1862-05-31 07:00:00,12.22,NA,0,NA,963.43,NA,NA,NA,NA,0,NA,2,",bkn"
1862-05-31 14:00:00,22.22,NA,315,NA,965.12,NA,NA,NA,NA,4.44,NA,1,",bkn"
1862-05-31 21:00:00,22.22,NA,315,NA,970.2,NA,NA,NA,NA,-0.56,NA,1,",bkn"
1862-06-01,NA,NA,NA,NA,NA,NA,"8 am (r); 11 am (s)",NA,NA,NA,NA,NA,"rain and snow"
1862-06-01 07:00:00,10,NA,90,NA,965.12,NA,NA,NA,NA,0.56,NA,2,",bkn"
1862-06-01 14:00:00,21.11,NA,90,NA,965.12,NA,NA,NA,NA,0,NA,5,",sn"
1862-06-01 21:00:00,22.22,NA,45,NA,966.81,NA,NA,NA,NA,0.56,NA,1,",sn"
1862-06-02,NA,NA,NA,NA,NA,NA,NA,"10 am",NA,NA,NA,NA,"sn"
1862-06-02 07:00:00,15.56,NA,45,NA,971.89,NA,NA,NA,NA,0,NA,2,",sn"
1862-06-02 14:00:00,22.22,NA,0,NA,976.97,NA,NA,NA,NA,3.33,NA,1,",bkn"
1862-06-02 21:00:00,22.78,NA,0,NA,976.97,NA,NA,NA,NA,1.11,NA,1,",bkn"
1862-06-03,NA,NA,NA,NA,NA,NA,"9 pm",NA,NA,NA,NA,NA,NA
1862-06-03 07:00:00,14.44,NA,90,NA,980.36,NA,NA,NA,NA,0.56,NA,2,",bkn"
1862-06-03 14:00:00,21.11,NA,90,NA,978.67,NA,NA,NA,NA,1.67,NA,20,",bkn"
1862-06-03 21:00:00,23.33,NA,0,NA,978.67,NA,NA,NA,NA,0.56,NA,2,",sn"
1862-06-04,NA,NA,NA,NA,NA,NA,NA,"9 am",NA,NA,NA,NA,NA
1862-06-04 07:00:00,15.56,NA,0,NA,976.97,NA,NA,NA,NA,0,NA,1,",sn"
1862-06-04 14:00:00,23.33,NA,0,NA,976.97,NA,NA,NA,NA,3.33,NA,2,",bkn"
1862-06-04 21:00:00,22.22,NA,0,NA,976.97,NA,NA,NA,NA,0.56,NA,1,",bkn"
1862-06-05,NA,NA,NA,NA,NA,NA,"10 pm",NA,NA,NA,NA,NA,NA
1862-06-05 07:00:00,16.67,NA,0,NA,978.67,NA,NA,NA,NA,3.33,NA,0,",bkn"
1862-06-05 14:00:00,22.22,NA,0,NA,978.67,NA,NA,NA,NA,4.44,NA,1,",bkn"
1862-06-05 21:00:00,22.22,NA,0,NA,978.67,NA,NA,NA,NA,1.67,NA,0,",bkn"
1862-06-06 07:00:00,15.56,NA,0,NA,976.97,NA,NA,NA,NA,1.11,NA,0,",bkn"
1862-06-06 14:00:00,18.89,NA,0,NA,975.28,NA,NA,NA,NA,8.89,NA,2,",bkn"
1862-06-06 21:00:00,21.11,NA,0,NA,975.28,NA,NA,NA,NA,1.67,NA,0,",bkn"
1862-06-07 07:00:00,13.33,NA,90,NA,975.28,NA,NA,NA,NA,1.11,NA,0,",bkn"
1862-06-07 14:00:00,23.33,NA,0,NA,978.67,NA,NA,NA,NA,4.44,NA,0,",bkn"
1862-06-07 21:00:00,20,NA,0,NA,978.67,NA,NA,NA,NA,1.11,NA,0,",bkn"
1862-06-08,NA,NA,NA,NA,NA,NA,NA,NA,NA,NA,NA,NA,"halo"
1862-06-08 07:00:00,15.56,NA,315,NA,976.97,NA,NA,NA,NA,4.44,NA,16,",skc"
1862-06-08 14:00:00,21.67,NA,315,NA,973.59,NA,NA,NA,NA,15.56,NA,16,",skc"
1862-06-08 21:00:00,21.11,NA,315,NA,968.51,NA,NA,NA,NA,1.67,NA,0,",skc"
1862-06-09,NA,NA,NA,NA,NA,NA,NA,NA,NA,NA,NA,NA,"ra"
1862-06-09 07:00:00,15.56,NA,315,NA,966.81,NA,NA,NA,NA,10,NA,20,",bkn"
1862-06-09 14:00:00,21.67,NA,315,NA,961.73,NA,NA,NA,NA,19.44,NA,20,",skc"
1862-06-09 21:00:00,21.11,NA,315,NA,961.73,NA,NA,NA,NA,6.67,NA,0,",bkn"
1862-06-10,NA,NA,NA,NA,NA,NA,NA,NA,NA,NA,NA,NA,NA
1862-06-10 07:00:00,15.56,NA,315,NA,961.73,NA,NA,NA,NA,5,NA,5,",bkn"
1862-06-10 14:00:00,23.33,NA,0,NA,968.51,NA,NA,NA,NA,11.11,NA,16,",bkn"
1862-06-10 21:00:00,21.67,NA,315,NA,968.51,NA,NA,NA,NA,3.33,NA,0,",skc"
1862-06-11,NA,NA,NA,NA,NA,NA,NA,NA,NA,NA,NA,NA,NA
1862-06-11 07:00:00,13.33,NA,315,NA,968.51,NA,NA,NA,NA,2.22,NA,0,",skc"
1862-06-11 14:00:00,22.22,NA,0,NA,966.81,NA,NA,NA,NA,10.56,NA,11,",bkn"
1862-06-11 21:00:00,21.11,NA,0,NA,966.81,NA,NA,NA,NA,2.78,NA,5,",bkn"
1862-06-12,NA,NA,NA,NA,NA,NA,"10 am",NA,NA,NA,NA,NA,"snow"
1862-06-12 07:00:00,15.56,NA,45,NA,965.12,NA,NA,NA,NA,1.67,NA,11,",bkn"
1862-06-12 14:00:00,21.67,NA,45,NA,965.12,NA,NA,NA,NA,0,NA,16,",sn"
1862-06-12 21:00:00,22.22,NA,0,NA,965.12,NA,NA,NA,NA,0,NA,2,",sn"
1862-06-13,NA,NA,NA,NA,NA,NA,NA,NA,NA,NA,NA,NA,"sn"
1862-06-13 07:00:00,18.89,NA,0,NA,968.51,NA,NA,NA,NA,1.11,NA,0,",bkn"
1862-06-13 14:00:00,23.33,NA,45,NA,968.51,NA,NA,NA,NA,6.67,NA,0,",bkn"
1862-06-13 21:00:00,21.11,NA,0,NA,968.51,NA,NA,NA,NA,2.78,NA,0,",bkn"
1862-06-14,NA,NA,NA,NA,NA,NA,NA,NA,NA,NA,NA,NA,"sn"
1862-06-14 07:00:00,13.33,NA,90,NA,963.43,NA,NA,NA,NA,1.11,NA,11,",bkn"
1862-06-14 14:00:00,23.33,NA,90,NA,961.73,NA,NA,NA,NA,2.78,NA,16,",bkn"
1862-06-14 21:00:00,21.11,NA,90,NA,961.73,NA,NA,NA,NA,1.11,NA,20,",bkn"
1862-06-15,NA,NA,NA,NA,NA,NA,"empty","11 am",NA,NA,NA,NA,"sn"
1862-06-15 07:00:00,15.56,NA,90,NA,963.43,NA,NA,NA,NA,1.67,NA,16,",ra"
1862-06-15 14:00:00,23.33,NA,0,NA,970.54,NA,NA,NA,NA,3.33,NA,16,",bkn"
1862-06-15 21:00:00,21.11,NA,0,NA,970.2,NA,NA,NA,NA,1.67,NA,0,",bkn"
1862-06-16,NA,NA,NA,NA,NA,NA,NA,NA,NA,NA,NA,NA,"frst"
1862-06-16 07:00:00,14.44,NA,0,NA,975.28,NA,NA,NA,NA,4.44,NA,2,",skc"
1862-06-16 14:00:00,20,NA,315,NA,973.59,NA,NA,NA,NA,11.67,NA,20,",skc"
1862-06-16 21:00:00,21.11,NA,315,NA,971.89,NA,NA,NA,NA,6.67,NA,2,",skc"
1862-06-17,NA,NA,NA,NA,NA,NA,NA,NA,NA,NA,NA,NA,"halo"
1862-06-17 07:00:00,15.56,NA,315,NA,968.51,NA,NA,NA,NA,4.44,NA,1,",bkn"
1862-06-17 14:00:00,23.89,NA,315,NA,960.04,NA,NA,NA,NA,22.22,NA,16,",skc"
1862-06-17 21:00:00,21.11,NA,0,NA,956.65,NA,NA,NA,NA,10.56,NA,2,",bkn"
1862-06-18,NA,NA,NA,NA,NA,NA,NA,NA,NA,NA,NA,NA,"sn"
1862-06-18 07:00:00,16.67,NA,0,NA,958.35,NA,NA,NA,NA,3.33,NA,16,",bkn"
1862-06-18 14:00:00,22.22,NA,0,NA,966.81,NA,NA,NA,NA,5,NA,16,",bkn"
1862-06-18 21:00:00,21.11,NA,0,NA,968.51,NA,NA,NA,NA,0,NA,1,",sn"
1862-06-19,NA,NA,NA,NA,NA,NA,NA,NA,NA,NA,NA,NA,"sn"
1862-06-19 07:00:00,10,NA,45,NA,966.81,NA,NA,NA,NA,1.67,NA,1,",ra"
1862-06-19 14:00:00,23.89,NA,45,NA,971.89,NA,NA,NA,NA,4.44,NA,0,",bkn"
1862-06-19 21:00:00,21.11,NA,0,NA,975.28,NA,NA,NA,NA,1.67,NA,1,",bkn"
1862-06-20,NA,NA,NA,NA,NA,NA,"10 am",NA,NA,NA,NA,NA,"empty"
1862-06-20 07:00:00,15.56,NA,45,NA,976.97,NA,NA,NA,NA,2.78,NA,0,",bkn"
1862-06-20 14:00:00,23.33,NA,45,NA,976.97,NA,NA,NA,NA,3.33,NA,1,",ra"
1862-06-20 21:00:00,21.11,NA,45,NA,976.97,NA,NA,NA,NA,2.22,NA,1,",ra"
1862-06-21 07:00:00,12.78,NA,45,NA,978.67,NA,NA,NA,NA,1.67,NA,0,",bkn"
1862-06-21 14:00:00,19.44,NA,45,NA,980.36,NA,NA,NA,NA,4.44,NA,0,",bkn"
1862-06-21 21:00:00,21.67,NA,45,NA,980.36,NA,NA,NA,NA,10,NA,2,",bkn"
1862-06-22 07:00:00,15.56,NA,180,NA,975.28,NA,NA,NA,NA,7.22,NA,0,",bkn"
1862-06-22 14:00:00,21.67,NA,225,NA,973.59,NA,NA,NA,NA,15.56,NA,11,",skc"
1862-06-22 21:00:00,21.11,NA,270,NA,971.89,NA,NA,NA,NA,3.33,NA,0,",skc"
1862-06-23 07:00:00,15.56,NA,315,NA,968.51,NA,NA,NA,NA,4.44,NA,0,",bkn"
1862-06-23 14:00:00,23.89,NA,0,NA,975.28,NA,NA,NA,NA,15.56,NA,11,",skc"
1862-06-23 21:00:00,21.11,NA,0,NA,976.97,NA,NA,NA,NA,4.44,NA,0,",bkn"
1862-06-24 07:00:00,13.89,NA,315,NA,971.89,NA,NA,NA,NA,1.67,NA,1,",skc"
1862-06-24 14:00:00,23.89,NA,315,NA,971.89,NA,NA,NA,NA,24.44,NA,20,",skc"
1862-06-24 21:00:00,21.11,NA,315,NA,971.89,NA,NA,NA,NA,10,NA,1,",skc"
1862-06-25,NA,NA,NA,NA,NA,NA,NA,NA,NA,NA,NA,NA,"frst"
1862-06-25 07:00:00,15.56,NA,315,NA,970.2,NA,NA,NA,NA,7.22,NA,2,",skc"
1862-06-25 14:00:00,23.89,NA,0,NA,970.2,NA,NA,NA,NA,18.33,NA,20,",skc"
1862-06-25 21:00:00,22.22,NA,0,NA,978.67,NA,NA,NA,NA,4.44,NA,1,",bkn"
1862-06-26,NA,NA,NA,NA,NA,NA,"9 am",NA,NA,NA,NA,NA,NA
1862-06-26 07:00:00,10,NA,45,NA,978.67,NA,NA,NA,NA,3.33,NA,20,",ra"
1862-06-26 14:00:00,24.44,NA,45,NA,980.36,NA,NA,NA,NA,6.11,NA,2,",bkn"
1862-06-26 21:00:00,21.11,NA,45,NA,978.67,NA,NA,NA,NA,4.44,NA,2,",bkn"
1862-06-27 07:00:00,15.56,NA,45,NA,970.2,NA,NA,NA,NA,2.78,NA,11,",ra"
1862-06-27 14:00:00,23.89,NA,45,NA,968.51,NA,NA,NA,NA,5.56,NA,11,",bkn"
1862-06-27 21:00:00,23.33,NA,45,NA,975.28,NA,NA,NA,NA,2.78,NA,0,",bkn"
1862-06-28 07:00:00,15.56,NA,45,NA,976.97,NA,NA,NA,NA,2.78,NA,0,",ra"
1862-06-28 14:00:00,23.89,NA,45,NA,976.97,NA,NA,NA,NA,6.11,NA,1,",skc"
1862-06-28 21:00:00,21.11,NA,45,NA,976.97,NA,NA,NA,NA,0.56,NA,0,",skc"
1862-06-29 07:00:00,10,NA,180,NA,975.28,NA,NA,NA,NA,1.67,NA,0,",skc"
1862-06-29 14:00:00,20,NA,225,NA,973.59,NA,NA,NA,NA,18.89,NA,1,",skc"
1862-06-29 21:00:00,21.11,NA,45,NA,973.59,NA,NA,NA,NA,7.22,NA,0,",skc"
1862-06-30,NA,NA,NA,NA,NA,NA,NA,NA,NA,NA,NA,NA,NA
1862-06-30 07:00:00,15.56,NA,180,NA,971.89,NA,NA,NA,NA,3.33,NA,0,",skc"
1862-06-30 14:00:00,22.78,NA,225,NA,970.2,NA,NA,NA,NA,23.89,NA,0,",skc"
1862-06-30 21:00:00,21.11,NA,45,NA,966.81,NA,NA,NA,NA,10,NA,0,",skc"
1862-08-01,NA,NA,NA,NA,NA,NA,NA,NA,NA,NA,NA,NA,"au"
1862-08-01 07:00:00,18.89,NA,45,NA,982.05,NA,NA,NA,NA,7.22,NA,2,",skc"
1862-08-01 14:00:00,21.11,NA,45,NA,980.36,NA,NA,NA,NA,8.89,NA,11,",skc"
1862-08-01 21:00:00,23.33,NA,45,NA,978.67,NA,NA,NA,NA,7.78,NA,11,",skc"
1862-08-02,NA,NA,NA,NA,NA,NA,NA,NA,NA,NA,NA,NA,"halo"
1862-08-02 07:00:00,15.56,NA,0,NA,976.97,NA,NA,NA,NA,8.89,NA,0,",skc"
1862-08-02 14:00:00,19.44,NA,45,NA,975.28,NA,NA,NA,NA,15,NA,1,",skc"
1862-08-02 21:00:00,18.33,NA,90,NA,975.28,NA,NA,NA,NA,10,NA,11,",bkn"
1862-08-03,NA,NA,NA,NA,NA,NA,NA,NA,NA,NA,NA,NA,"halo"
1862-08-03 07:00:00,15,NA,45,NA,978.67,NA,NA,NA,NA,8.89,NA,11,",bkn"
1862-08-03 14:00:00,22.22,NA,45,NA,982.05,NA,NA,NA,NA,9.44,NA,20,",skc"
1862-08-03 21:00:00,19.44,NA,45,NA,983.75,NA,NA,NA,NA,6.67,NA,16,",bkn"
1862-08-04,NA,NA,NA,NA,NA,NA,NA,NA,NA,NA,NA,NA,"au"
1862-08-04 07:00:00,15.56,NA,45,NA,982.05,NA,NA,NA,NA,5,NA,1,",fg"
1862-08-04 14:00:00,18.89,NA,45,NA,980.36,NA,NA,NA,NA,12.78,NA,11,",skc"
1862-08-04 21:00:00,21.11,NA,45,NA,978.67,NA,NA,NA,NA,8.89,NA,5,",skc"
1862-08-05,NA,NA,NA,NA,NA,NA,NA,NA,NA,NA,NA,NA,NA
1862-08-05 07:00:00,17.22,NA,315,NA,976.97,NA,NA,NA,NA,10,NA,1,",skc"
1862-08-05 14:00:00,25,NA,315,NA,973.59,NA,NA,NA,NA,28.33,NA,1,",skc"
1862-08-05 21:00:00,20,NA,45,NA,970.2,NA,NA,NA,NA,13.33,NA,0,",skc"
1862-08-06,NA,NA,NA,NA,NA,NA,"8 pm",NA,NA,NA,NA,NA,NA
1862-08-06 07:00:00,15.56,NA,315,NA,970.2,NA,NA,NA,NA,10,NA,0,",skc"
1862-08-06 14:00:00,24.44,NA,315,NA,971.89,NA,NA,NA,NA,26.11,NA,11,",skc"
1862-08-06 21:00:00,15.56,NA,0,NA,973.59,NA,NA,NA,NA,15,NA,2,",ra"
1862-08-07 07:00:00,18.33,NA,0,NA,978.67,NA,NA,NA,NA,8.89,NA,1,",ra"
1862-08-07 14:00:00,23.33,NA,0,NA,980.36,NA,NA,NA,NA,13.33,NA,0,",ra"
1862-08-07 21:00:00,23.89,NA,0,NA,980.36,NA,NA,NA,NA,8.89,NA,0,",bkn"
1862-08-08,NA,NA,NA,NA,NA,NA,NA,NA,NA,NA,NA,NA,"frst"
1862-08-08 07:00:00,18.89,NA,0,NA,976.97,NA,NA,NA,NA,8.89,NA,1,",skc"
1862-08-08 14:00:00,20.56,NA,0,NA,973.59,NA,NA,NA,NA,12.22,NA,11,",bkn"
1862-08-08 21:00:00,24.44,NA,0,NA,971.89,NA,NA,NA,NA,7.78,NA,2,",bkn"
1862-08-09 07:00:00,15.56,NA,0,NA,968.51,NA,NA,NA,NA,8.89,NA,0,",bkn"
1862-08-09 14:00:00,19.44,NA,315,NA,966.81,NA,NA,NA,NA,18.33,NA,5,",skc"
1862-08-09 21:00:00,17.78,NA,0,NA,966.81,NA,NA,NA,NA,10.56,NA,0,",bkn"
1862-08-10,NA,NA,NA,NA,NA,NA,NA,NA,NA,NA,NA,NA,"au"
1862-08-10 07:00:00,17.22,NA,0,NA,965.12,NA,NA,NA,NA,10,NA,0,",bkn"
1862-08-10 14:00:00,23.33,NA,0,NA,968.51,NA,NA,NA,NA,15.56,NA,0,",bkn"
1862-08-10 21:00:00,17.22,NA,0,NA,970.2,NA,NA,NA,NA,7.22,NA,0,",skc"
1862-08-11,NA,NA,NA,NA,NA,NA,NA,NA,NA,NA,NA,NA,"halo"
1862-08-11 07:00:00,18.89,NA,45,NA,971.89,NA,NA,NA,NA,10.56,NA,1,",skc"
1862-08-11 14:00:00,17.78,NA,45,NA,970.2,NA,NA,NA,NA,15.56,NA,1,",skc"
1862-08-11 21:00:00,21.11,NA,90,NA,968.51,NA,NA,NA,NA,10,NA,0,",bkn"
1862-08-12 07:00:00,17.78,NA,45,NA,965.12,NA,NA,NA,NA,7.78,NA,0,",skc"
1862-08-12 14:00:00,22.78,NA,315,NA,961.73,NA,NA,NA,NA,30,NA,2,",skc"
1862-08-12 21:00:00,22.22,NA,45,NA,960.04,NA,NA,NA,NA,17.22,NA,1,",bkn"
1862-08-13,NA,NA,NA,NA,NA,NA,"2 pm","12 pm",NA,NA,NA,NA,NA
1862-08-13 07:00:00,16.11,NA,45,NA,961.73,NA,NA,NA,NA,9.44,NA,2,",bkn"
1862-08-13 14:00:00,21.11,NA,45,NA,965.12,NA,NA,NA,NA,7.78,NA,11,",ra"
1862-08-13 21:00:00,20,NA,45,NA,966.81,NA,NA,NA,NA,3.33,NA,2,",ra"
1862-08-14,NA,NA,NA,NA,NA,NA,NA,NA,NA,NA,NA,NA,"ra"
1862-08-14 07:00:00,16.67,NA,0,NA,966.81,NA,NA,NA,NA,3.33,NA,11,",bkn"
1862-08-14 14:00:00,21.11,NA,0,NA,968.51,NA,NA,NA,NA,9.44,NA,16,",bkn"
1862-08-14 21:00:00,19.44,NA,45,NA,968.51,NA,NA,NA,NA,2.22,NA,0,",skc"
1862-08-15,NA,NA,NA,NA,NA,NA,NA,NA,NA,NA,NA,NA,"frst"
1862-08-15 07:00:00,12.22,NA,315,NA,968.51,NA,NA,NA,NA,10,NA,1,",skc"
1862-08-15 14:00:00,20,NA,315,NA,968.51,NA,NA,NA,NA,15,NA,0,",bkn"
1862-08-15 21:00:00,19.44,NA,45,NA,970.2,NA,NA,NA,NA,6.67,NA,0,",bkn"
1862-08-16,NA,NA,NA,NA,NA,NA,NA,NA,NA,NA,NA,NA,"au"
1862-08-16 07:00:00,15.56,NA,45,NA,970.2,NA,NA,NA,NA,6.11,NA,2,",bkn"
1862-08-16 14:00:00,21.67,NA,45,NA,971.89,NA,NA,NA,NA,13.33,NA,2,",bkn"
1862-08-16 21:00:00,20.56,NA,45,NA,975.28,NA,NA,NA,NA,4.44,NA,0,",skc"
1862-08-17 07:00:00,16.67,NA,315,NA,975.28,NA,NA,NA,NA,10,NA,2,",bkn"
1862-08-17 14:00:00,20.56,NA,315,NA,975.28,NA,NA,NA,NA,20,NA,16,",skc"
1862-08-17 21:00:00,18.33,NA,45,NA,975.28,NA,NA,NA,NA,11.11,NA,0,",skc"
1862-08-18,NA,NA,NA,NA,NA,NA,NA,NA,NA,NA,NA,NA,NA
1862-08-18 07:00:00,15.56,NA,315,NA,971.89,NA,NA,NA,NA,12.78,NA,2,",bkn"
1862-08-18 14:00:00,18.89,NA,315,NA,966.81,NA,NA,NA,NA,20.56,NA,20,",skc"
1862-08-18 21:00:00,18.89,NA,45,NA,971.89,NA,NA,NA,NA,8.89,NA,0,",skc"
1862-08-19,NA,NA,NA,NA,NA,NA,NA,NA,NA,NA,NA,NA,NA
1862-08-19 07:00:00,17.78,NA,315,NA,976.97,NA,NA,NA,NA,10,NA,5,",skc"
1862-08-19 14:00:00,17.78,NA,315,NA,975.28,NA,NA,NA,NA,18.89,NA,11,",skc"
1862-08-19 21:00:00,21.11,NA,45,NA,973.59,NA,NA,NA,NA,8.89,NA,11,",skc"
1862-08-20,NA,NA,NA,NA,NA,NA,"7 pm","empty",NA,NA,NA,NA,NA
1862-08-20 07:00:00,20.56,NA,0,NA,970.2,NA,NA,NA,NA,13.89,NA,0,",skc"
1862-08-20 14:00:00,24.44,NA,315,NA,966.81,NA,NA,NA,NA,25,NA,16,",skc"
1862-08-20 21:00:00,20,NA,0,NA,966.81,NA,NA,NA,NA,7.22,NA,20,",ra"
1862-08-21,NA,NA,NA,NA,NA,NA,NA,NA,NA,NA,NA,NA,NA
1862-08-21 07:00:00,16.67,NA,0,NA,973.59,NA,NA,NA,NA,7.22,NA,11,",skc"
1862-08-21 14:00:00,22.22,NA,315,NA,975.28,NA,NA,NA,NA,15,NA,20,",bkn"
1862-08-21 21:00:00,18.33,NA,0,NA,976.97,NA,NA,NA,NA,4.44,NA,0,",skc"
1862-08-22,NA,NA,NA,NA,NA,NA,NA,NA,NA,NA,NA,NA,NA
1862-08-22 07:00:00,20,NA,315,NA,976.97,NA,NA,NA,NA,11.11,NA,2,",skc"
1862-08-22 14:00:00,20,NA,315,NA,975.28,NA,NA,NA,NA,15.56,NA,16,",skc"
1862-08-22 21:00:00,17.78,NA,315,NA,971.89,NA,NA,NA,NA,7.78,NA,0,",skc"
1862-08-23,NA,NA,NA,NA,NA,NA,"2 am","9 am",NA,NA,NA,NA,NA
1862-08-23 07:00:00,15.56,NA,315,NA,961.73,NA,NA,NA,NA,4.44,NA,16,",ra"
1862-08-23 14:00:00,21.11,NA,315,NA,958.35,NA,NA,NA,NA,22.22,NA,2,",skc"
1862-08-23 21:00:00,16.67,NA,315,NA,961.73,NA,NA,NA,NA,12.78,NA,0,",bkn"
1862-08-24,NA,NA,NA,NA,NA,NA,NA,NA,NA,NA,NA,NA,NA
1862-08-24 07:00:00,15.56,NA,45,NA,966.81,NA,NA,NA,NA,5,NA,1,",ra"
1862-08-24 14:00:00,20.56,NA,45,NA,966.81,NA,NA,NA,NA,8.33,NA,5,",bkn"
1862-08-24 21:00:00,22.22,NA,45,NA,965.12,NA,NA,NA,NA,5,NA,0,",bkn"
1862-08-25,NA,NA,NA,NA,NA,NA,"4 pm","8 pm",NA,NA,NA,NA,NA
1862-08-25 07:00:00,20,NA,315,NA,961.73,NA,NA,NA,NA,5.56,NA,11,",skc"
1862-08-25 14:00:00,20,NA,45,NA,958.35,NA,NA,NA,NA,11.11,NA,2,",bkn"
1862-08-25 21:00:00,21.11,NA,45,NA,954.96,NA,NA,NA,NA,8.89,NA,1,",bkn"
1862-08-26 07:00:00,14.44,NA,45,NA,954.96,NA,NA,NA,NA,6.67,NA,1,",bkn"
1862-08-26 14:00:00,20,NA,45,NA,954.96,NA,NA,NA,NA,7.78,NA,5,",bkn"
1862-08-26 21:00:00,21.11,NA,0,NA,954.96,NA,NA,NA,NA,5.56,NA,2,",bkn"
1862-08-27 07:00:00,15.56,NA,315,NA,963.43,NA,NA,NA,NA,3.33,NA,16,",bkn"
1862-08-27 14:00:00,23.33,NA,315,NA,966.81,NA,NA,NA,NA,8.33,NA,20,",bkn"
1862-08-27 21:00:00,23.89,NA,315,NA,968.51,NA,NA,NA,NA,7.22,NA,11,",bkn"
1862-08-28 07:00:00,16.67,NA,45,NA,960.04,NA,NA,NA,NA,6.11,NA,0,",bkn"
1862-08-28 14:00:00,21.67,NA,45,NA,954.96,NA,NA,NA,NA,14.44,NA,1,",bkn"
1862-08-28 21:00:00,21.11,NA,315,NA,954.96,NA,NA,NA,NA,13.33,NA,0,",bkn"
1862-08-29,NA,NA,NA,NA,NA,NA,NA,NA,NA,NA,NA,NA,NA
1862-08-29 07:00:00,21.11,NA,315,NA,953.27,NA,NA,NA,NA,11.11,NA,2,",bkn"
1862-08-29 14:00:00,23.33,NA,315,NA,951.58,NA,NA,NA,NA,6.67,NA,20,",bkn"
1862-08-29 21:00:00,23.89,NA,315,NA,953.27,NA,NA,NA,NA,7.22,NA,0,",bkn"
1862-08-30,NA,NA,NA,NA,NA,NA,NA,NA,NA,NA,NA,NA,"ra"
1862-08-30 07:00:00,18.33,NA,0,NA,958.35,NA,NA,NA,NA,7.22,NA,1,",bkn"
1862-08-30 14:00:00,20,NA,315,NA,958.35,NA,NA,NA,NA,8.89,NA,11,",bkn"
1862-08-30 21:00:00,22.78,NA,315,NA,960.04,NA,NA,NA,NA,4.44,NA,0,",bkn"
1862-08-31,NA,NA,NA,NA,NA,NA,"2 am","10 am",NA,NA,NA,NA,NA
1862-08-31 07:00:00,15.56,NA,0,NA,961.73,NA,NA,NA,NA,5.56,NA,1,",ra"
1862-08-31 14:00:00,23.33,NA,315,NA,965.12,NA,NA,NA,NA,12.22,NA,0,",bkn"
1862-08-31 21:00:00,21.11,NA,315,NA,968.51,NA,NA,NA,NA,7.78,NA,0,",bkn"
1862-09-01,NA,NA,NA,NA,NA,NA,"6 am",NA,NA,NA,NA,NA,NA
1862-09-01 07:00:00,15.56,NA,45,NA,965.12,NA,NA,NA,NA,6.11,NA,1,",ra"
1862-09-01 14:00:00,21.11,NA,90,NA,963.43,NA,NA,NA,NA,6.67,NA,2,",ra"
1862-09-01 21:00:00,23.33,NA,90,NA,963.43,NA,NA,NA,NA,6.11,NA,5,",ra"
1862-09-02 07:00:00,14.44,NA,0,NA,954.96,NA,NA,NA,NA,5.56,NA,11,",ra"
1862-09-02 14:00:00,23.33,NA,0,NA,958.35,NA,NA,NA,NA,5,NA,20,",ra"
1862-09-02 21:00:00,21.67,NA,0,NA,961.73,NA,NA,NA,NA,3.89,NA,20,",ra"
1862-09-03,NA,NA,NA,NA,NA,NA,NA,"1 pm",NA,NA,NA,NA,NA
1862-09-03 07:00:00,15.56,NA,0,NA,954.96,NA,NA,NA,NA,3.33,NA,20,",ra"
1862-09-03 14:00:00,23.89,NA,0,NA,961.73,NA,NA,NA,NA,7.22,NA,16,",bkn"
1862-09-03 21:00:00,23.89,NA,315,NA,970.2,NA,NA,NA,NA,1.67,NA,1,",skc"
1862-09-04,NA,NA,NA,NA,NA,NA,"7 pm",NA,NA,NA,NA,NA,NA
1862-09-04 07:00:00,15.56,NA,315,NA,975.28,NA,NA,NA,NA,4.44,NA,11,",skc"
1862-09-04 14:00:00,19.44,NA,315,NA,973.59,NA,NA,NA,NA,13.89,NA,5,",bkn"
1862-09-04 21:00:00,22.22,NA,315,NA,970.2,NA,NA,NA,NA,7.22,NA,1,",ra"
1862-09-05 07:00:00,13.33,NA,0,NA,965.12,NA,NA,NA,NA,5.56,NA,16,",sh"
1862-09-05 14:00:00,22.78,NA,0,NA,971.89,NA,NA,NA,NA,10,NA,5,",skc"
1862-09-05 21:00:00,23.33,NA,0,NA,978.67,NA,NA,NA,NA,4.44,NA,0,",skc"
1862-09-06 07:00:00,15.56,NA,0,NA,978.67,NA,NA,NA,NA,2.78,NA,0,",bkn"
1862-09-06 14:00:00,18.89,NA,315,NA,982.05,NA,NA,NA,NA,10.56,NA,1,",skc"
1862-09-06 21:00:00,23.89,NA,315,NA,985.44,NA,NA,NA,NA,4.44,NA,0,",bkn"
1862-09-07 07:00:00,12.22,NA,315,NA,983.75,NA,NA,NA,NA,1.67,NA,16,",skc"
1862-09-07 14:00:00,22.22,NA,315,NA,982.05,NA,NA,NA,NA,10,NA,11,",skc"
1862-09-07 21:00:00,15.56,NA,315,NA,978.67,NA,NA,NA,NA,8.89,NA,11,",skc"
1862-09-08 07:00:00,15.56,NA,315,NA,971.89,NA,NA,NA,NA,3.33,NA,2,",bkn"
1862-09-08 14:00:00,21.11,NA,225,NA,965.12,NA,NA,NA,NA,16.67,NA,2,",bkn"
1862-09-08 21:00:00,23.89,NA,225,NA,965.12,NA,NA,NA,NA,13.33,NA,0,",bkn"
1862-09-09 07:00:00,16.67,NA,315,NA,960.04,NA,NA,NA,NA,7.78,NA,11,",bkn"
1862-09-09 14:00:00,23.89,NA,315,NA,960.04,NA,NA,NA,NA,18.89,NA,20,",bkn"
1862-09-09 21:00:00,21.11,NA,315,NA,961.73,NA,NA,NA,NA,13.89,NA,2,",bkn"
1862-09-10 07:00:00,18.89,NA,315,NA,968.51,NA,NA,NA,NA,10,NA,2,",skc"
1862-09-10 14:00:00,23.33,NA,315,NA,968.51,NA,NA,NA,NA,15.56,NA,11,",bkn"
1862-09-10 21:00:00,21.11,NA,315,NA,968.51,NA,NA,NA,NA,10,NA,1,",bkn"
1862-09-11 07:00:00,18.89,NA,315,NA,971.89,NA,NA,NA,NA,16.67,NA,2,",skc"
1862-09-11 14:00:00,21.11,NA,315,NA,976.97,NA,NA,NA,NA,20,NA,2,",skc"
1862-09-11 21:00:00,22.22,NA,315,NA,980.36,NA,NA,NA,NA,8.89,NA,1,",bkn"
1862-09-12 07:00:00,15.56,NA,0,NA,980.36,NA,NA,NA,NA,5.56,NA,2,",bkn"
1862-09-12 14:00:00,21.67,NA,45,NA,973.59,NA,NA,NA,NA,8.89,NA,11,",skc"
1862-09-12 21:00:00,23.33,NA,90,NA,968.51,NA,NA,NA,NA,4.44,NA,1,",skc"
1862-09-13 07:00:00,17.78,NA,315,NA,970.2,NA,NA,NA,NA,7.22,NA,1,",bkn"
1862-09-13 14:00:00,22.22,NA,0,NA,980.36,NA,NA,NA,NA,7.22,NA,20,",bkn"
1862-09-13 21:00:00,23.89,NA,0,NA,987.13,NA,NA,NA,NA,-0.56,NA,0,",skc"
1862-09-14 07:00:00,10,NA,0,NA,988.83,NA,NA,NA,NA,8.89,NA,20,",skc"
1862-09-14 14:00:00,21.11,NA,0,NA,985.44,NA,NA,NA,NA,17.78,NA,2,",skc"
1862-09-14 21:00:00,22.22,NA,0,NA,982.05,NA,NA,NA,NA,10,NA,0,",bkn"
1862-09-15 07:00:00,10,NA,315,NA,973.59,NA,NA,NA,NA,4.44,NA,2,",bkn"
1862-09-15 14:00:00,23.33,NA,315,NA,968.51,NA,NA,NA,NA,11.11,NA,2,",bkn"
1862-09-15 21:00:00,20,NA,0,NA,970.2,NA,NA,NA,NA,4.44,NA,11,",bkn"
1862-09-16 07:00:00,12.78,NA,0,NA,970.2,NA,NA,NA,NA,5,NA,1,",skc"
1862-09-16 14:00:00,21.11,NA,315,NA,968.51,NA,NA,NA,NA,7.22,NA,1,",bkn"
1862-09-16 21:00:00,21.11,NA,0,NA,966.81,NA,NA,NA,NA,4.44,NA,0,",bkn"
1862-09-17,NA,NA,NA,NA,NA,NA,"6 am","9 am",NA,NA,NA,NA,NA
1862-09-17 07:00:00,15.56,NA,45,NA,961.73,NA,NA,NA,NA,2.78,NA,2,",ra"
1862-09-17 14:00:00,23.33,NA,45,NA,970.2,NA,NA,NA,NA,8.33,NA,20,",bkn"
1862-09-17 21:00:00,21.11,NA,45,NA,982.05,NA,NA,NA,NA,4.44,NA,11,",skc"
1862-09-18,NA,NA,NA,NA,NA,NA,"8 pm",NA,NA,NA,NA,NA,NA
1862-09-18 07:00:00,13.89,NA,225,NA,985.44,NA,NA,NA,NA,4.44,NA,0,",skc"
1862-09-18 14:00:00,21.67,NA,225,NA,985.44,NA,NA,NA,NA,9.44,NA,0,",bkn"
1862-09-18 21:00:00,22.22,NA,180,NA,976.97,NA,NA,NA,NA,7.78,NA,11,",ra"
1862-09-19,NA,NA,NA,NA,NA,NA,NA,"10 am",NA,NA,NA,NA,NA
1862-09-19 07:00:00,16.67,NA,225,NA,968.51,NA,NA,NA,NA,5.56,NA,1,",ra"
1862-09-19 14:00:00,21.11,NA,0,NA,968.51,NA,NA,NA,NA,12.22,NA,1,",bkn"
1862-09-19 21:00:00,21.67,NA,0,NA,971.89,NA,NA,NA,NA,5.56,NA,1,",bkn"
1862-09-20 07:00:00,15.56,NA,0,NA,976.97,NA,NA,NA,NA,3.33,NA,2,",skc"
1862-09-20 14:00:00,21.67,NA,0,NA,976.97,NA,NA,NA,NA,11.67,NA,1,",bkn"
1862-09-20 21:00:00,22.22,NA,180,NA,978.67,NA,NA,NA,NA,3.33,NA,1,",bkn"
1862-09-21 07:00:00,13.33,NA,180,NA,975.28,NA,NA,NA,NA,5,NA,1,",skc"
1862-09-21 14:00:00,23.89,NA,315,NA,973.59,NA,NA,NA,NA,13.33,NA,1,",bkn"
1862-09-21 21:00:00,23.89,NA,0,NA,975.28,NA,NA,NA,NA,4.44,NA,11,",bkn"
1862-09-22 07:00:00,15.56,NA,0,NA,980.36,NA,NA,NA,NA,1.11,NA,2,",bkn"
1862-09-22 14:00:00,21.11,NA,0,NA,980.36,NA,NA,NA,NA,5,NA,1,",bkn"
1862-09-22 21:00:00,22.22,NA,0,NA,978.67,NA,NA,NA,NA,1.67,NA,0,",skc"
1862-09-23 07:00:00,12.78,NA,225,NA,968.51,NA,NA,NA,NA,3.89,NA,1,",bkn"
1862-09-23 14:00:00,22.22,NA,270,NA,968.51,NA,NA,NA,NA,13.33,NA,1,",bkn"
1862-09-23 21:00:00,23.89,NA,270,NA,970.2,NA,NA,NA,NA,1.67,NA,0,",skc"
1862-09-24,NA,NA,NA,NA,NA,NA,"2 pm (r); 8 pm (s)","12 pm",NA,NA,NA,NA,"rain and snow"
1862-09-24 07:00:00,14.44,NA,225,NA,963.43,NA,NA,NA,NA,6.11,NA,1,",bkn"
1862-09-24 14:00:00,23.89,NA,45,NA,960.04,NA,NA,NA,NA,8.89,NA,16,",ra"
1862-09-24 21:00:00,22.22,NA,0,NA,966.81,NA,NA,NA,NA,0.56,NA,0,",sn"
1862-09-25 07:00:00,13.89,NA,0,NA,970.2,NA,NA,NA,NA,0.56,NA,1,",bkn"
1862-09-25 14:00:00,20.56,NA,315,NA,973.59,NA,NA,NA,NA,6.67,NA,2,",bkn"
1862-09-25 21:00:00,23.33,NA,315,NA,973.59,NA,NA,NA,NA,2.22,NA,0,",bkn"
1862-09-26 07:00:00,13.33,NA,315,NA,968.51,NA,NA,NA,NA,1.67,NA,0,",bkn"
1862-09-26 14:00:00,21.11,NA,0,NA,968.51,NA,NA,NA,NA,4.44,NA,1,",bkn"
1862-09-26 21:00:00,22.22,NA,0,NA,971.89,NA,NA,NA,NA,1.11,NA,0,",skc"
1862-09-27 07:00:00,13.89,NA,0,NA,971.89,NA,NA,NA,NA,0,NA,0,",bkn"
1862-09-27 14:00:00,23.33,NA,0,NA,971.89,NA,NA,NA,NA,5,NA,0,",bkn"
1862-09-27 21:00:00,21.11,NA,0,NA,975.28,NA,NA,NA,NA,-0.56,NA,0,",skc"
1862-09-28,NA,NA,NA,NA,NA,NA,"5 pm",NA,NA,NA,NA,NA,"snow"
1862-09-28 07:00:00,13.33,NA,315,NA,975.28,NA,NA,NA,NA,-1.11,NA,0,",bkn"
1862-09-28 14:00:00,24.44,NA,225,NA,976.97,NA,NA,NA,NA,6.11,NA,1,",bkn"
1862-09-28 21:00:00,20.56,NA,135,NA,971.89,NA,NA,NA,NA,-0.56,NA,2,",sn"
1862-09-29,NA,NA,NA,NA,NA,NA,NA,"9 am",NA,NA,NA,NA,NA
1862-09-29 07:00:00,15.56,NA,180,NA,958.35,NA,NA,NA,NA,-1.11,NA,1,",ra"
1862-09-29 14:00:00,22.22,NA,315,NA,958.35,NA,NA,NA,NA,6.67,NA,2,",bkn"
1862-09-29 21:00:00,23.33,NA,315,NA,965.12,NA,NA,NA,NA,0.56,NA,0,",skc"
1862-09-30 07:00:00,16.11,NA,0,NA,973.59,NA,NA,NA,NA,-0.56,NA,1,",bkn"
1862-09-30 14:00:00,20,NA,90,NA,976.97,NA,NA,NA,NA,2.78,NA,1,",bkn"
1862-09-30 21:00:00,20.56,NA,0,NA,980.36,NA,NA,NA,NA,-2.22,NA,2,",bkn"
1862-10-01 07:00:00,12.22,NA,0,NA,982.05,NA,NA,NA,NA,-3.89,NA,1,",bkn"
1862-10-01 14:00:00,19.44,NA,315,NA,983.75,NA,NA,NA,NA,-2.22,NA,2,",bkn"
1862-10-01 21:00:00,21.67,NA,0,NA,983.75,NA,NA,NA,NA,0.56,NA,0,",bkn"
1862-10-02,NA,NA,NA,NA,NA,NA,NA,NA,NA,NA,NA,NA,"halo"
1862-10-02 07:00:00,13.33,NA,315,NA,982.05,NA,NA,NA,NA,-2.78,NA,1,",skc"
1862-10-02 14:00:00,22.22,NA,315,NA,978.67,NA,NA,NA,NA,4.44,NA,16,",skc"
1862-10-02 21:00:00,22.22,NA,0,NA,973.59,NA,NA,NA,NA,1.11,NA,0,",bkn"
1862-10-03,NA,NA,NA,NA,NA,NA,"1 am","2 pm",NA,NA,NA,NA,"rain"
1862-10-03 07:00:00,15.56,NA,135,NA,956.65,NA,NA,NA,NA,3.33,NA,1,",ra"
1862-10-03 14:00:00,23.89,NA,0,NA,956.65,NA,NA,NA,NA,6.67,NA,1,",ra"
1862-10-03 21:00:00,21.67,NA,0,NA,966.81,NA,NA,NA,NA,4.44,NA,0,",bkn"
1862-10-04 07:00:00,18.89,NA,0,NA,976.97,NA,NA,NA,NA,1.67,NA,1,",skc"
1862-10-04 14:00:00,22.22,NA,315,NA,978.67,NA,NA,NA,NA,3.33,NA,1,",bkn"
1862-10-04 21:00:00,23.89,NA,0,NA,976.97,NA,NA,NA,NA,0.56,NA,20,",bkn"
1862-10-05,NA,NA,NA,NA,NA,NA,"1 am (r); 9 pm (s)",NA,NA,NA,NA,NA,"rain and snow"
1862-10-05 07:00:00,18.33,NA,135,NA,956.65,NA,NA,NA,NA,1.67,NA,20,",bkn"
1862-10-05 14:00:00,21.11,NA,45,NA,944.8,NA,NA,NA,NA,5,NA,11,",bkn"
1862-10-05 21:00:00,21.67,NA,45,NA,948.19,NA,NA,NA,NA,1.11,NA,11,",sn"
1862-10-06,NA,NA,NA,NA,NA,NA,NA,NA,NA,NA,NA,NA,"sn"
1862-10-06 07:00:00,12.78,NA,0,NA,965.12,NA,NA,NA,NA,-1.67,NA,11,",bkn"
1862-10-06 14:00:00,23.33,NA,315,NA,970.2,NA,NA,NA,NA,1.67,NA,1,",bkn"
1862-10-06 21:00:00,23.89,NA,315,NA,970.2,NA,NA,NA,NA,-1.11,NA,1,",skc"
1862-10-07,NA,NA,NA,NA,NA,NA,"6 am","10 am",NA,NA,NA,NA,NA
1862-10-07 07:00:00,15.56,NA,315,NA,965.12,NA,NA,NA,NA,3.33,NA,1,",ra"
1862-10-07 14:00:00,23.89,NA,0,NA,965.12,NA,NA,NA,NA,5,NA,1,",bkn"
1862-10-07 21:00:00,24.44,NA,315,NA,966.81,NA,NA,NA,NA,2.22,NA,1,",bkn"
1862-10-08,NA,NA,NA,NA,NA,NA,NA,NA,NA,NA,NA,NA,"au"
1862-10-08 07:00:00,16.67,NA,45,NA,971.89,NA,NA,NA,NA,3.33,NA,1,",bkn"
1862-10-08 14:00:00,23.33,NA,45,NA,975.28,NA,NA,NA,NA,4.44,NA,0,",skc"
1862-10-08 21:00:00,23.33,NA,270,NA,978.67,NA,NA,NA,NA,-1.11,NA,1,",bkn"
1862-10-09,NA,NA,NA,NA,NA,NA,"3 am","3 pm",NA,NA,NA,NA,"snow"
1862-10-09 07:00:00,15.56,NA,180,NA,965.12,NA,NA,NA,NA,0.56,NA,5,",sn"
1862-10-09 14:00:00,21.67,NA,225,NA,949.88,NA,NA,NA,NA,6.67,NA,0,",sn"
1862-10-09 21:00:00,23.89,NA,315,NA,949.88,NA,NA,NA,NA,4.44,NA,20,",bkn"
1862-10-10 07:00:00,13.33,NA,315,NA,954.96,NA,NA,NA,NA,2.22,NA,20,",bkn"
1862-10-10 14:00:00,23.33,NA,0,NA,971.89,NA,NA,NA,NA,5,NA,20,",sn"
1862-10-10 21:00:00,21.67,NA,45,NA,980.36,NA,NA,NA,NA,0,NA,11,",bkn"
1862-10-11,NA,NA,NA,NA,NA,NA,NA,NA,NA,NA,NA,NA,"halo"
1862-10-11 07:00:00,14.44,NA,315,NA,980.36,NA,NA,NA,NA,-3.89,NA,1,",skc"
1862-10-11 14:00:00,23.89,NA,0,NA,980.36,NA,NA,NA,NA,1.11,NA,0,",bkn"
1862-10-11 21:00:00,21.11,NA,0,NA,976.97,NA,NA,NA,NA,-1.11,NA,0,",bkn"
1862-10-12,NA,NA,NA,NA,NA,NA,NA,NA,NA,NA,NA,NA,"au"
1862-10-12 07:00:00,15.56,NA,315,NA,973.59,NA,NA,NA,NA,-7.22,NA,0,",skc"
1862-10-12 14:00:00,20,NA,315,NA,976.97,NA,NA,NA,NA,3.89,NA,2,",bkn"
1862-10-12 21:00:00,24.44,NA,0,NA,982.05,NA,NA,NA,NA,-4.44,NA,0,",skc"
1862-10-13,NA,NA,NA,NA,NA,NA,NA,NA,NA,NA,NA,NA,NA
1862-10-13 07:00:00,11.11,NA,270,NA,978.67,NA,NA,NA,NA,-1.11,NA,0,",skc"
1862-10-13 14:00:00,22.22,NA,315,NA,973.59,NA,NA,NA,NA,7.22,NA,20,",bkn"
1862-10-13 21:00:00,21.11,NA,315,NA,973.59,NA,NA,NA,NA,5.56,NA,11,",skc"
1862-10-14,NA,NA,NA,NA,NA,NA,"9 pm",NA,NA,NA,NA,NA,"snow"
1862-10-14 07:00:00,16.67,NA,0,NA,975.28,NA,NA,NA,NA,-5,NA,0,",bkn"
1862-10-14 14:00:00,22.22,NA,45,NA,975.28,NA,NA,NA,NA,3.33,NA,11,",bkn"
1862-10-14 21:00:00,21.67,NA,45,NA,976.97,NA,NA,NA,NA,0,NA,2,",sn"
1862-10-15,NA,NA,NA,NA,NA,NA,NA,NA,NA,NA,NA,NA,"sn"
1862-10-15 07:00:00,15.56,NA,45,NA,978.67,NA,NA,NA,NA,-4.44,NA,2,",bkn"
1862-10-15 14:00:00,23.89,NA,0,NA,978.67,NA,NA,NA,NA,-1.11,NA,2,",skc"
1862-10-15 21:00:00,21.11,NA,0,NA,982.05,NA,NA,NA,NA,-3.89,NA,0,",skc"
1862-10-16,NA,NA,NA,NA,NA,NA,NA,NA,NA,NA,NA,NA,"au"
1862-10-16 07:00:00,10,NA,315,NA,983.75,NA,NA,NA,NA,-11.11,NA,0,",skc"
1862-10-16 14:00:00,21.11,NA,315,NA,983.75,NA,NA,NA,NA,-0.56,NA,1,",skc"
1862-10-16 21:00:00,22.22,NA,315,NA,983.75,NA,NA,NA,NA,-9.44,NA,0,",skc"
1862-10-17,NA,NA,NA,NA,NA,NA,NA,NA,NA,NA,NA,NA,"halo"
1862-10-17 07:00:00,11.11,NA,315,NA,978.67,NA,NA,NA,NA,-11.11,NA,0,",bkn"
1862-10-17 14:00:00,23.33,NA,315,NA,982.05,NA,NA,NA,NA,2.22,NA,1,",bkn"
1862-10-17 21:00:00,22.22,NA,315,NA,982.05,NA,NA,NA,NA,-1.11,NA,0,",bkn"
1862-10-18,NA,NA,NA,NA,NA,NA,NA,NA,NA,NA,NA,NA,"au"
1862-10-18 07:00:00,15.56,NA,315,NA,978.67,NA,NA,NA,NA,-2.78,NA,0,",bkn"
1862-10-18 14:00:00,22.78,NA,225,NA,976.97,NA,NA,NA,NA,6.11,NA,1,",bkn"
1862-10-18 21:00:00,21.67,NA,315,NA,975.28,NA,NA,NA,NA,-0.56,NA,0,",skc"
1862-10-19,NA,NA,NA,NA,NA,NA,"10 pm",NA,NA,NA,NA,NA,"snow"
1862-10-19 07:00:00,17.78,NA,270,NA,968.51,NA,NA,NA,NA,-2.22,NA,2,",bkn"
1862-10-19 14:00:00,23.33,NA,270,NA,965.12,NA,NA,NA,NA,6.67,NA,11,",bkn"
1862-10-19 21:00:00,22.22,NA,0,NA,961.73,NA,NA,NA,NA,2.22,NA,0,",bkn"
1862-10-20,NA,NA,NA,NA,NA,NA,NA,"1 pm",NA,NA,NA,NA,"sn"
1862-10-20 07:00:00,12.78,NA,45,NA,961.73,NA,NA,NA,NA,-7.22,NA,1,",sn"
1862-10-20 14:00:00,22.22,NA,0,NA,965.12,NA,NA,NA,NA,-0.56,NA,16,",bkn"
1862-10-20 21:00:00,23.89,NA,0,NA,970.2,NA,NA,NA,NA,-2.22,NA,2,",skc"
1862-10-21,NA,NA,NA,NA,NA,NA,NA,NA,NA,NA,NA,NA,"au"
1862-10-21 07:00:00,13.33,NA,0,NA,975.28,NA,NA,NA,NA,-8.33,NA,0,",skc"
1862-10-21 14:00:00,24.44,NA,315,NA,976.97,NA,NA,NA,NA,-0.56,NA,1,",skc"
1862-10-21 21:00:00,21.11,NA,315,NA,973.59,NA,NA,NA,NA,-2.78,NA,0,",bkn"
1862-10-22,NA,NA,NA,NA,NA,NA,"10 pm",NA,NA,NA,NA,NA,NA
1862-10-22 07:00:00,10.56,NA,315,NA,965.12,NA,NA,NA,NA,1.11,NA,2,",bkn"
1862-10-22 14:00:00,24.44,NA,270,NA,965.12,NA,NA,NA,NA,8.33,NA,1,",bkn"
1862-10-22 21:00:00,22.22,NA,270,NA,961.73,NA,NA,NA,NA,4.44,NA,0,",bkn"
1862-10-23,NA,NA,NA,NA,NA,NA,NA,"6 am",NA,NA,NA,NA,"sn"
1862-10-23 07:00:00,15.56,NA,45,NA,934.64,NA,NA,NA,NA,2.22,NA,2,",ra"
1862-10-23 14:00:00,21.11,NA,315,NA,936.34,NA,NA,NA,NA,4.44,NA,11,",bkn"
1862-10-23 21:00:00,19.44,NA,315,NA,949.88,NA,NA,NA,NA,-0.56,NA,20,",bkn"
1862-10-24,NA,NA,NA,NA,NA,NA,NA,NA,NA,NA,NA,NA,"au"
1862-10-24 07:00:00,11.11,NA,315,NA,954.96,NA,NA,NA,NA,-3.89,NA,20,",bkn"
1862-10-24 14:00:00,21.67,NA,315,NA,968.51,NA,NA,NA,NA,-3.33,NA,11,",bkn"
1862-10-24 21:00:00,23.89,NA,315,NA,976.97,NA,NA,NA,NA,-6.67,NA,1,",skc"
1862-10-25,NA,NA,NA,NA,NA,NA,"5 am","6 pm",NA,NA,NA,NA,"snow"
1862-10-25 07:00:00,15.56,NA,225,NA,971.89,NA,NA,NA,NA,-5,NA,1,",bkn"
1862-10-25 14:00:00,23.89,NA,90,NA,963.43,NA,NA,NA,NA,-2.22,NA,1,",sn"
1862-10-25 21:00:00,22.78,NA,45,NA,968.51,NA,NA,NA,NA,-3.89,NA,1,",bkn"
1862-10-26,NA,NA,NA,NA,NA,NA,NA,NA,NA,NA,NA,NA,NA
1862-10-26 07:00:00,13.33,NA,0,NA,978.67,NA,NA,NA,NA,-11.11,NA,20,",skc"
1862-10-26 14:00:00,24.44,NA,315,NA,987.13,NA,NA,NA,NA,-6.67,NA,11,",skc"
1862-10-26 21:00:00,18.89,NA,315,NA,992.21,NA,NA,NA,NA,-9.44,NA,1,",skc"
1862-10-27,NA,NA,NA,NA,NA,NA,"5 pm",NA,NA,NA,NA,NA,"snow"
1862-10-27 07:00:00,17.78,NA,315,NA,988.83,NA,NA,NA,NA,-13.89,NA,0,",skc"
1862-10-27 14:00:00,23.89,NA,315,NA,985.44,NA,NA,NA,NA,-2.22,NA,16,",bkn"
1862-10-27 21:00:00,19.44,NA,90,NA,982.05,NA,NA,NA,NA,-5,NA,0,",sn"
1862-10-28,NA,NA,NA,NA,NA,NA,NA,NA,NA,NA,NA,NA,"sn"
1862-10-28 07:00:00,15.56,NA,90,NA,949.88,NA,NA,NA,NA,-1.11,NA,20,",ra"
1862-10-28 14:00:00,23.33,NA,45,NA,946.5,NA,NA,NA,NA,0,NA,11,",ra"
1862-10-28 21:00:00,20.56,NA,45,NA,956.65,NA,NA,NA,NA,-0.56,NA,11,",sn"
1862-10-29,NA,NA,NA,NA,NA,NA,NA,NA,NA,NA,NA,NA,"halo"
1862-10-29 07:00:00,11.11,NA,315,NA,976.97,NA,NA,NA,NA,-0.56,NA,1,",bkn"
1862-10-29 14:00:00,23.89,NA,315,NA,983.75,NA,NA,NA,NA,-1.11,NA,1,",skc"
1862-10-29 21:00:00,20,NA,315,NA,983.75,NA,NA,NA,NA,-7.22,NA,0,",bkn"
1862-10-30,NA,NA,NA,NA,NA,NA,NA,NA,NA,NA,NA,NA,"halo"
1862-10-30 07:00:00,12.78,NA,315,NA,975.28,NA,NA,NA,NA,-3.89,NA,0,",bkn"
1862-10-30 14:00:00,23.33,NA,315,NA,973.59,NA,NA,NA,NA,-2.22,NA,1,",bkn"
1862-10-30 21:00:00,20.56,NA,315,NA,970.2,NA,NA,NA,NA,-5,NA,2,",bkn"
1862-10-31,NA,NA,NA,NA,NA,NA,NA,NA,NA,NA,NA,NA,"halo"
1862-10-31 07:00:00,15.56,NA,315,NA,963.43,NA,NA,NA,NA,-6.67,NA,0,",bkn"
1862-10-31 14:00:00,21.11,NA,315,NA,961.73,NA,NA,NA,NA,-1.11,NA,1,",bkn"
1862-10-31 21:00:00,21.11,NA,0,NA,968.51,NA,NA,NA,NA,-11.67,NA,16,",bkn"
1862-11-01,NA,NA,NA,NA,NA,NA,NA,NA,NA,NA,NA,NA,"au"
1862-11-01 07:00:00,12.78,NA,315,NA,973.59,NA,NA,NA,NA,-16.67,NA,2,",skc"
1862-11-01 14:00:00,23.89,NA,315,NA,980.36,NA,NA,NA,NA,-11.67,NA,5,",skc"
1862-11-01 21:00:00,18.89,NA,315,NA,982.05,NA,NA,NA,NA,-15.56,NA,2,",skc"
1862-11-02,NA,NA,NA,NA,NA,NA,NA,NA,NA,NA,NA,NA,NA
1862-11-02 07:00:00,16.67,NA,315,NA,980.36,NA,NA,NA,NA,-14.44,NA,1,",skc"
1862-11-02 14:00:00,23.89,NA,315,NA,978.67,NA,NA,NA,NA,-6.67,NA,11,",skc"
1862-11-02 21:00:00,18.33,NA,315,NA,973.59,NA,NA,NA,NA,-11.11,NA,2,",skc"
1862-11-03 07:00:00,12.78,NA,315,NA,966.81,NA,NA,NA,NA,-5.56,NA,1,",bkn"
1862-11-03 14:00:00,22.22,NA,315,NA,965.12,NA,NA,NA,NA,-0.56,NA,0,",bkn"
1862-11-03 21:00:00,23.89,NA,45,NA,958.35,NA,NA,NA,NA,-2.22,NA,11,",sn"
1862-11-04,NA,NA,NA,NA,NA,NA,NA,NA,NA,NA,NA,NA,NA
1862-11-04 07:00:00,15.56,NA,45,NA,956.65,NA,NA,NA,NA,-6.67,NA,20,",sn"
1862-11-04 14:00:00,21.11,NA,0,NA,966.81,NA,NA,NA,NA,-9.44,NA,20,",sn"
1862-11-04 21:00:00,23.89,NA,0,NA,973.59,NA,NA,NA,NA,-15,NA,2,",skc"
1862-11-05,NA,NA,NA,NA,NA,NA,NA,NA,NA,NA,NA,NA,"halo"
1862-11-05 07:00:00,13.33,NA,315,NA,976.97,NA,NA,NA,NA,-13.33,NA,1,",bkn"
1862-11-05 14:00:00,23.89,NA,315,NA,975.28,NA,NA,NA,NA,-2.22,NA,1,",bkn"
1862-11-05 21:00:00,22.22,NA,315,NA,973.59,NA,NA,NA,NA,-3.89,NA,0,",sn"
1862-11-06 07:00:00,15.56,NA,45,NA,966.81,NA,NA,NA,NA,-3.89,NA,2,",sn"
1862-11-06 14:00:00,22.22,NA,90,NA,968.51,NA,NA,NA,NA,-6.67,NA,2,",sn"
1862-11-06 21:00:00,22.22,NA,90,NA,971.89,NA,NA,NA,NA,-7.78,NA,16,",sn"
1862-11-07,NA,NA,NA,NA,NA,NA,NA,NA,NA,NA,NA,NA,"au"
1862-11-07 07:00:00,18.33,NA,315,NA,978.67,NA,NA,NA,NA,-20.56,NA,1,",skc"
1862-11-07 14:00:00,23.89,NA,315,NA,983.75,NA,NA,NA,NA,-15.56,NA,2,",skc"
1862-11-07 21:00:00,22.22,NA,315,NA,990.52,NA,NA,NA,NA,-15,NA,1,",skc"
1862-11-08,NA,NA,NA,NA,NA,NA,NA,NA,NA,NA,NA,NA,NA
1862-11-08 07:00:00,15.56,NA,270,NA,993.91,NA,NA,NA,NA,-17.78,NA,0,",skc"
1862-11-08 14:00:00,22.22,NA,315,NA,997.29,NA,NA,NA,NA,-7.22,NA,1,",skc"
1862-11-08 21:00:00,21.11,NA,315,NA,997.29,NA,NA,NA,NA,-13.89,NA,0,",skc"
1862-11-09 07:00:00,15.56,NA,315,NA,990.52,NA,NA,NA,NA,-11.11,NA,0,",bkn"
1862-11-09 14:00:00,23.33,NA,315,NA,983.75,NA,NA,NA,NA,-5.56,NA,0,",bkn"
1862-11-09 21:00:00,21.11,NA,315,NA,980.36,NA,NA,NA,NA,-6.67,NA,0,",bkn"
1862-11-10,NA,NA,NA,NA,NA,NA,NA,NA,NA,NA,NA,NA,NA
1862-11-10 07:00:00,16.67,NA,45,NA,958.35,NA,NA,NA,NA,-1.11,NA,20,",sn"
1862-11-10 14:00:00,23.33,NA,45,NA,946.5,NA,NA,NA,NA,0,NA,1,",sn"
1862-11-10 21:00:00,22.22,NA,315,NA,946.5,NA,NA,NA,NA,-2.78,NA,11,",skc"
1862-11-11,NA,NA,NA,NA,NA,NA,NA,NA,NA,NA,NA,NA,NA
1862-11-11 07:00:00,15.56,NA,0,NA,956.65,NA,NA,NA,NA,-2.22,NA,20,",sn"
1862-11-11 14:00:00,23.33,NA,0,NA,965.12,NA,NA,NA,NA,-2.22,NA,20,",bkn"
1862-11-11 21:00:00,22.22,NA,0,NA,970.2,NA,NA,NA,NA,-7.22,NA,20,",skc"
1862-11-12 07:00:00,10,NA,225,NA,968.51,NA,NA,NA,NA,-7.22,NA,0,",bkn"
1862-11-12 14:00:00,22.22,NA,270,NA,965.12,NA,NA,NA,NA,-0.56,NA,0,",sn"
1862-11-12 21:00:00,22.22,NA,0,NA,971.89,NA,NA,NA,NA,-0.56,NA,1,",bkn"
1862-11-13,NA,NA,NA,NA,NA,NA,NA,NA,NA,NA,NA,NA,NA
1862-11-13 07:00:00,14.44,NA,315,NA,978.67,NA,NA,NA,NA,-16.11,NA,1,",skc"
1862-11-13 14:00:00,24.44,NA,180,NA,973.59,NA,NA,NA,NA,-6.11,NA,1,",sn"
1862-11-13 21:00:00,21.11,NA,315,NA,966.81,NA,NA,NA,NA,-6.67,NA,2,",skc"
1862-11-14,NA,NA,NA,NA,NA,NA,NA,NA,NA,NA,NA,NA,NA
1862-11-14 07:00:00,12.78,NA,315,NA,973.59,NA,NA,NA,NA,-19.44,NA,0,",skc"
1862-11-14 14:00:00,22.78,NA,315,NA,983.75,NA,NA,NA,NA,-15,NA,16,",skc"
1862-11-14 21:00:00,18.89,NA,315,NA,985.44,NA,NA,NA,NA,-22.22,NA,0,",skc"
1862-11-15,NA,NA,NA,NA,NA,NA,NA,NA,NA,NA,NA,NA,NA
1862-11-15 07:00:00,17.78,NA,315,NA,985.44,NA,NA,NA,NA,-16.11,NA,0,",bkn"
1862-11-15 14:00:00,21.11,NA,315,NA,988.83,NA,NA,NA,NA,-13.89,NA,2,",skc"
1862-11-15 21:00:00,21.11,NA,315,NA,993.91,NA,NA,NA,NA,-17.22,NA,0,",skc"
1862-11-16,NA,NA,NA,NA,NA,NA,NA,NA,NA,NA,NA,NA,NA
1862-11-16 07:00:00,12.22,NA,315,NA,995.6,NA,NA,NA,NA,-20,NA,0,",skc"
1862-11-16 14:00:00,24.44,NA,315,NA,998.98,NA,NA,NA,NA,-12.78,NA,5,",skc"
1862-11-16 21:00:00,18.89,NA,315,NA,995.6,NA,NA,NA,NA,-16.67,NA,16,",skc"
1862-11-17 07:00:00,14.44,NA,315,NA,983.75,NA,NA,NA,NA,-13.33,NA,16,",bkn"
1862-11-17 14:00:00,18.89,NA,315,NA,975.28,NA,NA,NA,NA,-6.67,NA,2,",sn"
1862-11-17 21:00:00,22.78,NA,315,NA,970.2,NA,NA,NA,NA,-7.78,NA,16,",bkn"
1862-11-18,NA,NA,NA,NA,NA,NA,NA,NA,NA,NA,NA,NA,NA
1862-11-18 07:00:00,14.44,NA,0,NA,968.51,NA,NA,NA,NA,-12.78,NA,20,",bkn"
1862-11-18 14:00:00,20,NA,315,NA,973.59,NA,NA,NA,NA,-11.11,NA,11,",bkn"
1862-11-18 21:00:00,21.11,NA,315,NA,976.97,NA,NA,NA,NA,-9.44,NA,0,",bkn"
1862-11-19,NA,NA,NA,NA,NA,NA,NA,NA,NA,NA,NA,NA,"halo"
1862-11-19 07:00:00,16.67,NA,315,NA,978.67,NA,NA,NA,NA,-13.33,NA,1,",skc"
1862-11-19 14:00:00,24.44,NA,315,NA,975.28,NA,NA,NA,NA,-7.22,NA,0,",bkn"
1862-11-19 21:00:00,18.89,NA,315,NA,968.51,NA,NA,NA,NA,-11.11,NA,0,",sn"
1862-11-20 07:00:00,18.33,NA,315,NA,968.51,NA,NA,NA,NA,-3.33,NA,20,",bkn"
1862-11-20 14:00:00,21.11,NA,315,NA,970.2,NA,NA,NA,NA,-8.33,NA,20,",skc"
1862-11-20 21:00:00,22.22,NA,315,NA,976.97,NA,NA,NA,NA,-9.44,NA,1,",bkn"
1862-11-21 07:00:00,14.44,NA,270,NA,978.67,NA,NA,NA,NA,-16.11,NA,0,",skc"
1862-11-21 14:00:00,24.44,NA,270,NA,982.05,NA,NA,NA,NA,-9.44,NA,0,",bkn"
1862-11-21 21:00:00,23.33,NA,45,NA,982.05,NA,NA,NA,NA,-9.44,NA,1,",sn"
1862-11-22 07:00:00,15.56,NA,45,NA,975.28,NA,NA,NA,NA,-6.67,NA,1,",ra"
1862-11-22 14:00:00,22.22,NA,90,NA,975.28,NA,NA,NA,NA,-3.89,NA,1,",ra"
1862-11-22 21:00:00,20.56,NA,90,NA,971.89,NA,NA,NA,NA,-2.22,NA,16,",ra"
1862-11-23 07:00:00,15.56,NA,90,NA,958.35,NA,NA,NA,NA,-1.11,NA,2,",sn"
1862-11-23 14:00:00,20,NA,90,NA,943.11,NA,NA,NA,NA,0,NA,11,",sn"
1862-11-23 21:00:00,24.44,NA,315,NA,931.26,NA,NA,NA,NA,1.67,NA,2,",skc"
1862-11-24 07:00:00,14.44,NA,315,NA,931.26,NA,NA,NA,NA,-7.22,NA,20,",bkn"
1862-11-24 14:00:00,22.78,NA,315,NA,939.72,NA,NA,NA,NA,-9.44,NA,20,",bkn"
1862-11-24 21:00:00,20,NA,315,NA,944.8,NA,NA,NA,NA,-10,NA,20,",bkn"
1862-11-25,NA,NA,NA,NA,NA,NA,NA,NA,NA,NA,NA,NA,"au"
1862-11-25 07:00:00,15.56,NA,315,NA,951.58,NA,NA,NA,NA,-13.33,NA,20,",skc"
1862-11-25 14:00:00,22.22,NA,315,NA,960.04,NA,NA,NA,NA,-11.11,NA,11,",skc"
1862-11-25 21:00:00,21.11,NA,315,NA,965.12,NA,NA,NA,NA,-9.44,NA,11,",skc"
1862-11-26,NA,NA,NA,NA,NA,NA,NA,NA,NA,NA,NA,NA,"missing"
1862-11-26 07:00:00,15.56,NA,315,NA,971.89,NA,NA,NA,NA,-15,NA,0,",skc"
1862-11-26 14:00:00,23.33,NA,315,NA,975.28,NA,NA,NA,NA,-8.89,NA,2,",bkn"
1862-11-26 21:00:00,21.11,NA,315,NA,976.97,NA,NA,NA,NA,-15.56,NA,1,",bkn"
1862-11-27 07:00:00,14.44,NA,315,NA,975.28,NA,NA,NA,NA,-18.89,NA,0,",sn"
1862-11-27 14:00:00,23.33,NA,0,NA,970.2,NA,NA,NA,NA,-9.44,NA,1,",bkn"
1862-11-27 21:00:00,21.11,NA,45,NA,963.43,NA,NA,NA,NA,-6.67,NA,20,",skc"
1862-11-28,NA,NA,NA,NA,NA,NA,NA,NA,NA,NA,NA,NA,"au"
1862-11-28 07:00:00,15.56,NA,45,NA,953.27,NA,NA,NA,NA,-3.33,NA,20,",skc"
1862-11-28 14:00:00,23.89,NA,0,NA,958.35,NA,NA,NA,NA,-3.89,NA,16,",bkn"
1862-11-28 21:00:00,21.11,NA,315,NA,965.12,NA,NA,NA,NA,-7.78,NA,11,",bkn"
1862-11-29,NA,NA,NA,NA,NA,NA,NA,NA,NA,NA,NA,NA,NA
1862-11-29 07:00:00,12.78,NA,315,NA,968.51,NA,NA,NA,NA,-13.89,NA,1,",skc"
1862-11-29 14:00:00,22.78,NA,315,NA,975.28,NA,NA,NA,NA,-8.89,NA,2,",bkn"
1862-11-29 21:00:00,22.22,NA,315,NA,978.67,NA,NA,NA,NA,-6.67,NA,0,",bkn"
1862-11-30 07:00:00,14.44,NA,315,NA,980.36,NA,NA,NA,NA,-17.78,NA,0,NA
1862-11-30 14:00:00,22.78,NA,0,NA,982.05,NA,NA,NA,NA,-8.33,NA,0,NA
1862-11-30 21:00:00,18.33,NA,0,NA,982.05,NA,NA,NA,NA,-9.44,NA,0,NA
1862-12-01,NA,NA,NA,NA,NA,NA,NA,NA,NA,NA,NA,NA,"halo"
1862-12-01 07:00:00,15.56,NA,0,NA,982.05,NA,NA,NA,NA,-10,NA,0,",bkn"
1862-12-01 14:00:00,23.33,NA,0,NA,983.75,NA,NA,NA,NA,-7.78,NA,0,",bkn"
1862-12-01 21:00:00,21.67,NA,0,NA,983.75,NA,NA,NA,NA,-9.44,NA,0,",bkn"
1862-12-02,NA,NA,NA,NA,NA,NA,NA,NA,NA,NA,NA,NA,"halo"
1862-12-02 07:00:00,15.56,NA,0,NA,978.67,NA,NA,NA,NA,-13.89,NA,0,",bkn"
1862-12-02 14:00:00,20,NA,90,NA,975.28,NA,NA,NA,NA,-10,NA,1,",bkn"
1862-12-02 21:00:00,21.11,NA,45,NA,975.28,NA,NA,NA,NA,-14.44,NA,0,",bkn"
1862-12-03 07:00:00,16.11,NA,315,NA,975.28,NA,NA,NA,NA,-13.33,NA,0,",sn"
1862-12-03 14:00:00,21.67,NA,0,NA,976.97,NA,NA,NA,NA,-12.22,NA,2,",sn"
1862-12-03 21:00:00,22.78,NA,45,NA,978.67,NA,NA,NA,NA,-17.78,NA,0,",bkn"
1862-12-04,NA,NA,NA,NA,NA,NA,NA,NA,NA,NA,NA,NA,"au"
1862-12-04 07:00:00,15.56,NA,315,NA,980.36,NA,NA,NA,NA,-21.67,NA,2,",skc"
1862-12-04 14:00:00,22.22,NA,315,NA,982.05,NA,NA,NA,NA,-14.44,NA,0,",skc"
1862-12-04 21:00:00,23.33,NA,315,NA,983.75,NA,NA,NA,NA,-22.78,NA,0,",bkn"
1862-12-05 07:00:00,13.33,NA,315,NA,983.75,NA,NA,NA,NA,-28.33,NA,0,",skc"
1862-12-05 14:00:00,22.78,NA,315,NA,983.75,NA,NA,NA,NA,-17.22,NA,0,",skc"
1862-12-05 21:00:00,18.33,NA,315,NA,983.75,NA,NA,NA,NA,-17.78,NA,0,",bkn"
1862-12-06,NA,NA,NA,NA,NA,NA,NA,NA,NA,NA,NA,NA,"sn"
1862-12-06 07:00:00,15.56,NA,315,NA,983.75,NA,NA,NA,NA,-21.67,NA,0,",skc"
1862-12-06 14:00:00,23.33,NA,45,NA,982.05,NA,NA,NA,NA,-11.67,NA,1,",bkn"
1862-12-06 21:00:00,21.11,NA,90,NA,975.28,NA,NA,NA,NA,-12.22,NA,1,",bkn"
1862-12-07,NA,NA,NA,NA,NA,NA,NA,NA,NA,NA,NA,NA,"sn"
1862-12-07 07:00:00,18.33,NA,90,NA,958.35,NA,NA,NA,NA,-5,NA,20,",sn"
1862-12-07 14:00:00,22.22,NA,90,NA,951.58,NA,NA,NA,NA,-5.56,NA,20,",sn"
1862-12-07 21:00:00,21.11,NA,90,NA,949.88,NA,NA,NA,NA,-6.67,NA,20,",sn"
1862-12-08,NA,NA,NA,NA,NA,NA,NA,NA,NA,NA,NA,NA,"au"
1862-12-08 07:00:00,10,NA,0,NA,956.65,NA,NA,NA,NA,-15,NA,20,",bkn"
1862-12-08 14:00:00,23.33,NA,0,NA,965.12,NA,NA,NA,NA,-13.33,NA,16,",skc"
1862-12-08 21:00:00,23.33,NA,0,NA,970.2,NA,NA,NA,NA,-19.44,NA,0,",skc"
1862-12-09,NA,NA,NA,NA,NA,NA,NA,NA,NA,NA,NA,NA,NA
1862-12-09 07:00:00,13.33,NA,315,NA,971.89,NA,NA,NA,NA,-21.11,NA,0,",bkn"
1862-12-09 14:00:00,23.33,NA,315,NA,976.97,NA,NA,NA,NA,-18.89,NA,2,",skc"
1862-12-09 21:00:00,22.22,NA,315,NA,976.97,NA,NA,NA,NA,-18.33,NA,5,",skc"
1862-12-10,NA,NA,NA,NA,NA,NA,NA,NA,NA,NA,NA,NA,NA
1862-12-10 07:00:00,12.78,NA,315,NA,968.51,NA,NA,NA,NA,-15,NA,2,",bkn"
1862-12-10 14:00:00,23.89,NA,315,NA,968.51,NA,NA,NA,NA,-9.44,NA,2,",bkn"
1862-12-10 21:00:00,20,NA,315,NA,966.81,NA,NA,NA,NA,-12.22,NA,1,",sn"
1862-12-11 07:00:00,15.56,NA,315,NA,968.51,NA,NA,NA,NA,-16.67,NA,1,",bkn"
1862-12-11 14:00:00,21.11,NA,315,NA,968.51,NA,NA,NA,NA,-13.33,NA,0,",skc"
1862-12-11 21:00:00,22.22,NA,315,NA,965.12,NA,NA,NA,NA,-16.11,NA,0,",bkn"
1862-12-12 07:00:00,13.33,NA,0,NA,954.96,NA,NA,NA,NA,-12.78,NA,0,",bkn"
1862-12-12 14:00:00,22.22,NA,0,NA,956.65,NA,NA,NA,NA,-7.22,NA,0,",sn"
1862-12-12 21:00:00,22.22,NA,315,NA,961.73,NA,NA,NA,NA,-9.44,NA,20,",sn"
1862-12-13,NA,NA,NA,NA,NA,NA,NA,NA,NA,NA,NA,NA,"au"
1862-12-13 07:00:00,10,NA,315,NA,973.59,NA,NA,NA,NA,-15,NA,20,",bkn"
1862-12-13 14:00:00,23.33,NA,315,NA,982.05,NA,NA,NA,NA,-12.22,NA,2,",bkn"
1862-12-13 21:00:00,21.67,NA,315,NA,985.44,NA,NA,NA,NA,-21.67,NA,16,",skc"
1862-12-14,NA,NA,NA,NA,NA,NA,NA,NA,NA,NA,NA,NA,NA
1862-12-14 07:00:00,14.44,NA,315,NA,983.75,NA,NA,NA,NA,-23.89,NA,0,",skc"
1862-12-14 14:00:00,23.33,NA,315,NA,985.44,NA,NA,NA,NA,-18.33,NA,1,",skc"
1862-12-14 21:00:00,18.33,NA,315,NA,980.36,NA,NA,NA,NA,-22.78,NA,0,",skc"
1862-12-15 07:00:00,10,NA,315,NA,968.51,NA,NA,NA,NA,-8.33,NA,1,",bkn"
1862-12-15 14:00:00,23.33,NA,315,NA,965.12,NA,NA,NA,NA,-4.44,NA,1,",sn"
1862-12-15 21:00:00,18.33,NA,315,NA,951.58,NA,NA,NA,NA,-6.67,NA,1,",sn"
1862-12-16 07:00:00,15.56,NA,0,NA,960.04,NA,NA,NA,NA,-8.33,NA,0,",bkn"
1862-12-16 14:00:00,20,NA,0,NA,961.73,NA,NA,NA,NA,-10,NA,1,",bkn"
1862-12-16 21:00:00,17.22,NA,0,NA,958.35,NA,NA,NA,NA,-11.11,NA,0,",sn"
1862-12-17,NA,NA,NA,NA,NA,NA,NA,NA,NA,NA,NA,NA,"sn"
1862-12-17 07:00:00,15.56,NA,0,NA,948.19,NA,NA,NA,NA,-10,NA,20,",sn"
1862-12-17 14:00:00,20.56,NA,0,NA,958.35,NA,NA,NA,NA,-12.22,NA,20,",sn"
1862-12-17 21:00:00,21.11,NA,315,NA,975.28,NA,NA,NA,NA,-20,NA,1,",skc"
1862-12-18,NA,NA,NA,NA,NA,NA,NA,NA,NA,NA,NA,NA,"au"
1862-12-18 07:00:00,15.56,NA,315,NA,988.83,NA,NA,NA,NA,-25,NA,0,",skc"
1862-12-18 14:00:00,22.78,NA,315,NA,992.21,NA,NA,NA,NA,-18.89,NA,0,",skc"
1862-12-18 21:00:00,18.33,NA,315,NA,992.21,NA,NA,NA,NA,-23.89,NA,1,",skc"
1862-12-19 07:00:00,13.33,NA,315,NA,980.36,NA,NA,NA,NA,-24.44,NA,1,",br"
1862-12-19 14:00:00,22.22,NA,315,NA,976.97,NA,NA,NA,NA,-15,NA,0,",skc"
1862-12-19 21:00:00,21.67,NA,315,NA,973.59,NA,NA,NA,NA,-15.56,NA,1,",bkn"
1862-12-20 07:00:00,15.56,NA,315,NA,971.89,NA,NA,NA,NA,-12.22,NA,1,",sn"
1862-12-20 14:00:00,21.11,NA,315,NA,975.28,NA,NA,NA,NA,-15,NA,0,",bkn"
1862-12-20 21:00:00,21.11,NA,315,NA,978.67,NA,NA,NA,NA,-15.56,NA,2,",bkn"
1862-12-21,NA,NA,NA,NA,NA,NA,NA,NA,NA,NA,NA,NA,NA
1862-12-21 07:00:00,15.56,NA,315,NA,987.13,NA,NA,NA,NA,-25.56,NA,1,",bkn"
1862-12-21 14:00:00,23.33,NA,315,NA,992.21,NA,NA,NA,NA,-25,NA,1,",skc"
1862-12-21 21:00:00,20,NA,315,NA,993.91,NA,NA,NA,NA,-29.44,NA,11,",skc"
1862-12-22 07:00:00,14.44,NA,315,NA,985.44,NA,NA,NA,NA,-31.11,NA,5,",bkn"
1862-12-22 14:00:00,18.89,NA,315,NA,980.36,NA,NA,NA,NA,-25.56,NA,16,",bkn"
1862-12-22 21:00:00,18.89,NA,315,NA,975.28,NA,NA,NA,NA,-26.11,NA,2,",bkn"
1862-12-23,NA,NA,NA,NA,NA,NA,NA,NA,NA,NA,NA,NA,"au"
1862-12-23 07:00:00,15.56,NA,315,NA,973.59,NA,NA,NA,NA,-29.44,NA,0,",skc"
1862-12-23 14:00:00,23.89,NA,315,NA,976.97,NA,NA,NA,NA,-20.56,NA,0,",skc"
1862-12-23 21:00:00,21.11,NA,315,NA,978.67,NA,NA,NA,NA,-23.89,NA,0,",skc"
1862-12-24 07:00:00,13.33,NA,315,NA,978.67,NA,NA,NA,NA,-18.89,NA,0,",bkn"
1862-12-24 14:00:00,21.11,NA,315,NA,983.75,NA,NA,NA,NA,-15.56,NA,0,",bkn"
1862-12-24 21:00:00,18.89,NA,315,NA,988.83,NA,NA,NA,NA,-17.78,NA,0,",bkn"
1862-12-25,NA,NA,NA,NA,NA,NA,NA,NA,NA,NA,NA,NA,NA
1862-12-25 07:00:00,16.67,NA,315,NA,988.83,NA,NA,NA,NA,-17.22,NA,0,",bkn"
1862-12-25 14:00:00,21.67,NA,315,NA,987.13,NA,NA,NA,NA,-15,NA,0,",bkn"
1862-12-25 21:00:00,20.56,NA,315,NA,985.44,NA,NA,NA,NA,-16.67,NA,0,",bkn"
1862-12-26,NA,NA,NA,NA,NA,NA,NA,NA,NA,NA,NA,NA,NA
1862-12-26 07:00:00,14.44,NA,315,NA,978.67,NA,NA,NA,NA,-16.11,NA,0,",bkn"
1862-12-26 14:00:00,23.33,NA,315,NA,976.97,NA,NA,NA,NA,-12.78,NA,0,",bkn"
1862-12-26 21:00:00,21.11,NA,315,NA,976.97,NA,NA,NA,NA,-16.11,NA,0,",bkn"
1862-12-27 07:00:00,15.56,NA,315,NA,973.59,NA,NA,NA,NA,-12.22,NA,0,",bkn"
1862-12-27 14:00:00,23.89,NA,315,NA,975.28,NA,NA,NA,NA,-7.22,NA,1,",skc"
1862-12-27 21:00:00,21.11,NA,315,NA,973.59,NA,NA,NA,NA,-9.44,NA,0,",bkn"
1862-12-28,NA,NA,NA,NA,NA,NA,NA,NA,NA,NA,NA,NA,"halo"
1862-12-28 07:00:00,14.44,NA,315,NA,968.51,NA,NA,NA,NA,-12.22,NA,0,",bkn"
1862-12-28 14:00:00,21.11,NA,315,NA,971.89,NA,NA,NA,NA,-6.67,NA,0,",bkn"
1862-12-28 21:00:00,22.22,NA,315,NA,971.89,NA,NA,NA,NA,-9.44,NA,0,",bkn"
1862-12-29 07:00:00,16.67,NA,315,NA,971.89,NA,NA,NA,NA,-11.67,NA,0,",bkn"
1862-12-29 14:00:00,21.67,NA,180,NA,971.89,NA,NA,NA,NA,-9.44,NA,0,",bkn"
1862-12-29 21:00:00,21.67,NA,180,NA,966.81,NA,NA,NA,NA,-10.56,NA,0,",bkn"
1862-12-30 07:00:00,15.56,NA,0,NA,958.35,NA,NA,NA,NA,-11.11,NA,0,",bkn"
1862-12-30 14:00:00,21.11,NA,315,NA,956.65,NA,NA,NA,NA,-9.44,NA,1,",sn"
1862-12-30 21:00:00,21.11,NA,315,NA,961.73,NA,NA,NA,NA,-11.11,NA,1,",bkn"
1862-12-31 07:00:00,13.89,NA,315,NA,971.89,NA,NA,NA,NA,-15.56,NA,0,",bkn"
1862-12-31 14:00:00,21.11,NA,315,NA,975.28,NA,NA,NA,NA,-16.67,NA,0,",skc"
1862-12-31 21:00:00,20,NA,315,NA,978.67,NA,NA,NA,NA,-16.11,NA,1,",bkn"
1863-02-01,NA,NA,NA,NA,NA,0,"empty","empty",0,NA,NA,NA,"empty"
1863-02-01 07:00:00,15.56,NA,315,NA,965.12,NA,NA,NA,NA,-20,NA,16,",skc"
1863-02-01 14:00:00,23.33,NA,315,NA,970.2,NA,NA,NA,NA,-22.78,NA,20,",skc"
1863-02-01 21:00:00,23.33,NA,315,NA,980.36,NA,NA,NA,NA,-27.22,NA,11,",skc"
1863-02-02,NA,NA,NA,NA,NA,0,"2 pm","7 pm",0,NA,NA,NA,"snow"
1863-02-02 07:00:00,15.56,NA,315,NA,978.67,NA,NA,NA,NA,-26.67,NA,1,",bkn"
1863-02-02 14:00:00,20,NA,90,NA,963.43,NA,NA,NA,NA,-18.33,NA,1,",sn"
1863-02-02 21:00:00,20.56,NA,0,NA,946.5,NA,NA,NA,NA,-20.56,NA,1,",bkn"
1863-02-03,NA,NA,NA,NA,NA,0,"empty","empty",0,NA,NA,NA,"empty"
1863-02-03 07:00:00,13.33,NA,315,NA,956.65,NA,NA,NA,NA,-21.67,NA,2,",bkn"
1863-02-03 14:00:00,21.11,NA,315,NA,966.81,NA,NA,NA,NA,-23.33,NA,20,",skc"
1863-02-03 21:00:00,21.11,NA,315,NA,980.36,NA,NA,NA,NA,-29.44,NA,16,",skc"
1863-02-04,NA,NA,NA,NA,NA,0,"empty","empty",0,NA,NA,NA,"empty"
1863-02-04 07:00:00,16.67,NA,315,NA,978.67,NA,NA,NA,NA,-35,NA,1,",bkn"
1863-02-04 14:00:00,22.22,NA,315,NA,978.67,NA,NA,NA,NA,-30.56,NA,16,",skc"
1863-02-04 21:00:00,23.89,NA,315,NA,982.05,NA,NA,NA,NA,-33.33,NA,11,",skc"
1863-02-05,NA,NA,NA,NA,NA,0,"empty","empty",0,NA,NA,NA,"empty"
1863-02-05 07:00:00,10,NA,315,NA,987.13,NA,NA,NA,NA,-33.89,NA,5,",skc"
1863-02-05 14:00:00,21.11,NA,315,NA,992.21,NA,NA,NA,NA,-23.33,NA,11,",skc"
1863-02-05 21:00:00,23.33,NA,315,NA,995.6,NA,NA,NA,NA,-22.78,NA,20,",skc"
1863-02-06,NA,NA,NA,NA,NA,0,"empty","empty",0,NA,NA,NA,"empty"
1863-02-06 07:00:00,15.56,NA,315,NA,985.44,NA,NA,NA,NA,-18.33,NA,2,",bkn"
1863-02-06 14:00:00,23.33,NA,315,NA,987.13,NA,NA,NA,NA,-25.56,NA,20,",bkn"
1863-02-06 21:00:00,21.11,NA,315,NA,987.13,NA,NA,NA,NA,-23.33,NA,1,",bkn"
1863-02-07,NA,NA,NA,NA,NA,0,"2 am","1 pm",0,NA,NA,NA,"snow"
1863-02-07 07:00:00,15.56,NA,90,NA,970.2,NA,NA,NA,NA,-26.11,NA,11,",sn"
1863-02-07 14:00:00,20,NA,90,NA,970.2,NA,NA,NA,NA,-28.89,NA,2,",bkn"
1863-02-07 21:00:00,20.56,NA,NA,NA,973.59,NA,NA,NA,NA,-22.22,NA,20,",skc"
1863-02-08,NA,NA,NA,NA,NA,0,"empty","empty",0,NA,NA,NA,"snow"
1863-02-08 07:00:00,16.67,NA,270,NA,976.97,NA,NA,NA,NA,-22.22,NA,1,",missing"
1863-02-08 14:00:00,23.89,NA,180,NA,973.59,NA,NA,NA,NA,-28.89,NA,0,",missing"
1863-02-08 21:00:00,21.11,NA,270,NA,968.51,NA,NA,NA,NA,-29.44,NA,1,",skc"
1863-02-09,NA,NA,NA,NA,NA,0,"empty","empty",0,NA,NA,NA,"empty"
1863-02-09 07:00:00,7.78,NA,315,NA,978.67,NA,NA,NA,NA,-22.22,NA,2,",skc"
1863-02-09 14:00:00,18.89,NA,315,NA,983.75,NA,NA,NA,NA,-26.11,NA,1,",bkn"
1863-02-09 21:00:00,22.22,NA,315,NA,987.13,NA,NA,NA,NA,-30,NA,16,",skc"
1863-02-10,NA,NA,NA,NA,NA,0,"empty","empty",0,NA,NA,NA,"empty"
1863-02-10 07:00:00,10,NA,315,NA,982.05,NA,NA,NA,NA,-32.78,NA,2,",skc"
1863-02-10 14:00:00,21.67,NA,315,NA,983.75,NA,NA,NA,NA,-27.78,NA,16,",bkn"
1863-02-10 21:00:00,20,NA,315,NA,982.05,NA,NA,NA,NA,-32.22,NA,0,",skc"
1863-02-11,NA,NA,NA,NA,NA,0,"empty","empty",0,NA,NA,NA,"empty"
1863-02-11 07:00:00,13.33,NA,0,NA,978.67,NA,NA,NA,NA,-33.89,NA,20,",skc"
1863-02-11 14:00:00,23.33,NA,315,NA,978.67,NA,NA,NA,NA,-27.78,NA,2,",bkn"
1863-02-11 21:00:00,22.78,NA,315,NA,978.67,NA,NA,NA,NA,-37.22,NA,2,",skc"
1863-02-12,NA,NA,NA,NA,NA,0,"empty","empty",0,NA,NA,NA,"empty"
1863-02-12 07:00:00,14.44,NA,315,NA,975.28,NA,NA,NA,NA,-32.22,NA,2,",skc"
1863-02-12 14:00:00,22.22,NA,315,NA,976.97,NA,NA,NA,NA,-25.56,NA,5,",bkn"
1863-02-12 21:00:00,21.11,NA,315,NA,976.97,NA,NA,NA,NA,-25.56,NA,0,",skc"
1863-02-13,NA,NA,NA,NA,NA,0,"empty","empty",0,NA,NA,NA,"empty"
1863-02-13 07:00:00,8.89,NA,315,NA,975.28,NA,NA,NA,NA,-26.11,NA,5,",skc"
1863-02-13 14:00:00,21.11,NA,315,NA,978.67,NA,NA,NA,NA,-20.56,NA,11,",bkn"
1863-02-13 21:00:00,20,NA,315,NA,978.67,NA,NA,NA,NA,-24.44,NA,0,",skc"
1863-02-14,NA,NA,NA,NA,NA,0,"empty","empty",0,NA,NA,NA,"empty"
1863-02-14 07:00:00,15.56,NA,315,NA,983.75,NA,NA,NA,NA,-27.78,NA,1,",skc"
1863-02-14 14:00:00,18.89,NA,315,NA,983.75,NA,NA,NA,NA,-20,NA,5,",bkn"
1863-02-14 21:00:00,21.11,NA,315,NA,985.44,NA,NA,NA,NA,-20,NA,0,",skc"
1863-02-15,NA,NA,NA,NA,NA,0,"empty","empty",0,NA,NA,NA,"empty"
1863-02-15 07:00:00,13.33,NA,315,NA,978.67,NA,NA,NA,NA,-20,NA,0,",skc"
1863-02-15 14:00:00,23.33,NA,270,NA,971.89,NA,NA,NA,NA,-25.56,NA,0,",bkn"
1863-02-15 21:00:00,21.67,NA,315,NA,963.43,NA,NA,NA,NA,-27.78,NA,2,",bkn"
1863-02-16,NA,NA,NA,NA,NA,0,"1 pm","empty",0,NA,NA,NA,"snow"
1863-02-16 07:00:00,15.56,NA,0,NA,954.96,NA,NA,NA,NA,-26.67,NA,1,",bkn"
1863-02-16 14:00:00,23.89,NA,0,NA,956.65,NA,NA,NA,NA,-31.11,NA,1,",sn"
1863-02-16 21:00:00,17.78,NA,0,NA,961.73,NA,NA,NA,NA,-18.89,NA,0,",sn"
1863-02-17,NA,NA,NA,NA,NA,0,"empty","empty",0,NA,NA,NA,"empty"
1863-02-17 07:00:00,16.11,NA,0,NA,966.81,NA,NA,NA,NA,-20.56,NA,11,",bkn"
1863-02-17 14:00:00,21.11,NA,0,NA,971.89,NA,NA,NA,NA,-17.78,NA,20,",skc"
1863-02-17 21:00:00,21.11,NA,315,NA,975.28,NA,NA,NA,NA,-23.89,NA,16,",skc"
1863-02-18,NA,NA,NA,NA,NA,0,"empty","empty",0,NA,NA,NA,"empty"
1863-02-18 07:00:00,12.22,NA,315,NA,978.67,NA,NA,NA,NA,-27.78,NA,20,",skc"
1863-02-18 14:00:00,22.22,NA,315,NA,983.75,NA,NA,NA,NA,-22.78,NA,16,",skc"
1863-02-18 21:00:00,21.67,NA,315,NA,987.13,NA,NA,NA,NA,-25,NA,11,",skc"
1863-02-19,NA,NA,NA,NA,NA,0,"1 pm","9 pm",0,NA,NA,NA,"snow"
1863-02-19 07:00:00,15.56,NA,315,NA,983.75,NA,NA,NA,NA,-25,NA,2,",skc"
1863-02-19 14:00:00,18.89,NA,90,NA,975.28,NA,NA,NA,NA,-20.56,NA,0,",sn"
1863-02-19 21:00:00,20,NA,90,NA,968.51,NA,NA,NA,NA,-25.56,NA,0,",bkn"
1863-02-20,NA,NA,NA,NA,NA,0,"1 pm","empty",0,NA,NA,NA,"snow"
1863-02-20 07:00:00,15.56,NA,135,NA,971.89,NA,NA,NA,NA,-22.22,NA,16,",bkn"
1863-02-20 14:00:00,21.11,NA,135,NA,973.59,NA,NA,NA,NA,-19.44,NA,16,",sn"
1863-02-20 21:00:00,21.11,NA,135,NA,963.43,NA,NA,NA,NA,-18.33,NA,20,",sn"
1863-02-21,NA,NA,NA,NA,NA,0,"empty","empty",0,NA,NA,NA,"snow"
1863-02-21 07:00:00,13.33,NA,135,NA,948.19,NA,NA,NA,NA,-23.33,NA,20,",sn"
1863-02-21 14:00:00,20,NA,135,NA,953.27,NA,NA,NA,NA,-18.33,NA,20,",sn"
1863-02-21 21:00:00,20.56,NA,135,NA,963.43,NA,NA,NA,NA,-22.22,NA,20,",sn"
1863-02-22,NA,NA,NA,NA,NA,0,"empty","3 am",0,NA,NA,NA,"snow"
1863-02-22 07:00:00,15.56,NA,0,NA,975.28,NA,NA,NA,NA,-26.11,NA,16,",bkn"
1863-02-22 14:00:00,22.22,NA,0,NA,976.97,NA,NA,NA,NA,-23.33,NA,16,",skc"
1863-02-22 21:00:00,21.11,NA,0,NA,980.36,NA,NA,NA,NA,-27.78,NA,11,",skc"
1863-02-23,NA,NA,NA,NA,NA,0,"empty","empty",0,NA,NA,NA,"empty"
1863-02-23 07:00:00,10,NA,315,NA,978.67,NA,NA,NA,NA,-30,NA,16,",skc"
1863-02-23 14:00:00,21.11,NA,315,NA,982.05,NA,NA,NA,NA,-26.11,NA,16,",skc"
1863-02-23 21:00:00,20,NA,315,NA,975.28,NA,NA,NA,NA,-20.56,NA,0,",skc"
1863-02-24,NA,NA,NA,NA,NA,0,"empty","empty",0,NA,NA,NA,"empty"
1863-02-24 07:00:00,15.56,NA,315,NA,965.12,NA,NA,NA,NA,-24.44,NA,0,",bkn"
1863-02-24 14:00:00,21.67,NA,315,NA,963.43,NA,NA,NA,NA,-31.67,NA,11,",bkn"
1863-02-24 21:00:00,20.56,NA,315,NA,963.43,NA,NA,NA,NA,-24.44,NA,16,",bkn"
1863-02-25,NA,NA,NA,NA,NA,0,"empty","empty",0,NA,NA,NA,"empty"
1863-02-25 07:00:00,14.44,NA,315,NA,973.59,NA,NA,NA,NA,-21.67,NA,0,",skc"
1863-02-25 14:00:00,22.22,NA,315,NA,976.97,NA,NA,NA,NA,-18.33,NA,20,",skc"
1863-02-25 21:00:00,20.56,NA,315,NA,976.97,NA,NA,NA,NA,-23.89,NA,1,",skc"
1863-02-26,NA,NA,NA,NA,NA,0,"empty","empty",0,NA,NA,NA,"empty"
1863-02-26 07:00:00,15.56,NA,315,NA,978.67,NA,NA,NA,NA,-23.33,NA,1,",skc"
1863-02-26 14:00:00,21.11,NA,315,NA,978.67,NA,NA,NA,NA,-19.44,NA,16,",skc"
1863-02-26 21:00:00,18.33,NA,315,NA,978.67,NA,NA,NA,NA,-23.89,NA,0,",skc"
1863-02-27,NA,NA,NA,NA,NA,0,"empty","empty",0,NA,NA,NA,"empty"
1863-02-27 07:00:00,13.33,NA,0,NA,976.97,NA,NA,NA,NA,-25.56,NA,0,",skc"
1863-02-27 14:00:00,18.89,NA,315,NA,976.97,NA,NA,NA,NA,-20,NA,0,",skc"
1863-02-27 21:00:00,18.89,NA,90,NA,975.28,NA,NA,NA,NA,-22.78,NA,2,",skc"
1863-02-28,NA,NA,NA,NA,NA,0,"empty","empty",0,NA,NA,NA,"empty"
1863-02-28 07:00:00,15.56,NA,0,NA,976.97,NA,NA,NA,NA,-31.11,NA,1,",skc"
1863-02-28 14:00:00,19.44,NA,315,NA,978.67,NA,NA,NA,NA,-20.56,NA,0,",skc"
1863-02-28 21:00:00,20,NA,315,NA,980.36,NA,NA,NA,NA,-33.89,NA,0,",skc"
1863-03-01,NA,NA,NA,NA,NA,NA,NA,NA,NA,NA,NA,NA,"au"
1863-03-01 07:00:00,15.56,NA,0,NA,978.67,NA,NA,NA,NA,-27.78,NA,0,",skc"
1863-03-01 14:00:00,18.89,NA,315,NA,971.89,NA,NA,NA,NA,-11.67,NA,0,",bkn"
1863-03-01 21:00:00,19.44,NA,315,NA,971.89,NA,NA,NA,NA,-23.89,NA,0,",skc"
1863-03-02,NA,NA,NA,NA,NA,NA,NA,NA,NA,NA,NA,NA,"au"
1863-03-02 07:00:00,16.11,NA,315,NA,968.51,NA,NA,NA,NA,-26.11,NA,0,",skc"
1863-03-02 14:00:00,19.44,NA,315,NA,970.2,NA,NA,NA,NA,-16.67,NA,0,",skc"
1863-03-02 21:00:00,18.89,NA,315,NA,968.51,NA,NA,NA,NA,-29.44,NA,0,",skc"
1863-03-03,NA,NA,NA,NA,NA,NA,NA,NA,NA,NA,NA,NA,"au"
1863-03-03 07:00:00,11.11,NA,315,NA,968.51,NA,NA,NA,NA,-29.44,NA,0,",skc"
1863-03-03 14:00:00,20,NA,315,NA,973.59,NA,NA,NA,NA,-23.33,NA,16,",skc"
1863-03-03 21:00:00,21.11,NA,315,NA,971.89,NA,NA,NA,NA,-27.22,NA,2,",skc"
1863-03-04,NA,NA,NA,NA,NA,NA,NA,NA,NA,NA,NA,NA,"au"
1863-03-04 07:00:00,14.44,NA,315,NA,966.81,NA,NA,NA,NA,-28.33,NA,0,",skc"
1863-03-04 14:00:00,18.33,NA,315,NA,968.51,NA,NA,NA,NA,-22.22,NA,16,",skc"
1863-03-04 21:00:00,16.67,NA,315,NA,970.2,NA,NA,NA,NA,-27.78,NA,16,",skc"
1863-03-05,NA,NA,NA,NA,NA,NA,NA,NA,NA,NA,NA,NA,"halo"
1863-03-05 07:00:00,15.56,NA,315,NA,968.51,NA,NA,NA,NA,-29.44,NA,11,",skc"
1863-03-05 14:00:00,21.11,NA,315,NA,970.2,NA,NA,NA,NA,-19.44,NA,20,",skc"
1863-03-05 21:00:00,19.44,NA,315,NA,970.2,NA,NA,NA,NA,-20.56,NA,0,",skc"
1863-03-06,NA,NA,NA,NA,NA,NA,NA,NA,NA,NA,NA,NA,"halo"
1863-03-06 07:00:00,14.44,NA,315,NA,968.51,NA,NA,NA,NA,-18.33,NA,11,",skc"
1863-03-06 14:00:00,21.11,NA,315,NA,963.43,NA,NA,NA,NA,-7.78,NA,1,",bkn"
1863-03-06 21:00:00,18.89,NA,315,NA,960.04,NA,NA,NA,NA,-10.56,NA,1,",bkn"
1863-03-07,NA,NA,NA,NA,NA,NA,NA,NA,NA,NA,NA,NA,"halo"
1863-03-07 07:00:00,13.33,NA,315,NA,954.96,NA,NA,NA,NA,-12.78,NA,0,",bkn"
1863-03-07 14:00:00,22.22,NA,315,NA,965.12,NA,NA,NA,NA,-15.56,NA,20,",bkn"
1863-03-07 21:00:00,22.22,NA,315,NA,975.28,NA,NA,NA,NA,-25.56,NA,20,",skc"
1863-03-08,NA,NA,NA,NA,NA,NA,NA,NA,NA,NA,NA,NA,"au"
1863-03-08 07:00:00,18.33,NA,315,NA,985.44,NA,NA,NA,NA,-27.78,NA,11,",skc"
1863-03-08 14:00:00,20,NA,315,NA,990.52,NA,NA,NA,NA,-18.89,NA,16,",skc"
1863-03-08 21:00:00,18.33,NA,315,NA,990.52,NA,NA,NA,NA,-26.11,NA,0,",skc"
1863-03-09,NA,NA,NA,NA,NA,NA,"6 pm","empty",NA,NA,NA,NA,NA
1863-03-09 07:00:00,14.44,NA,45,NA,985.44,NA,NA,NA,NA,-25,NA,0,",bkn"
1863-03-09 14:00:00,18.89,NA,45,NA,978.67,NA,NA,NA,NA,-10.56,NA,11,",bkn"
1863-03-09 21:00:00,13.33,NA,90,NA,966.81,NA,NA,NA,NA,-15.56,NA,16,",sn"
1863-03-10,NA,NA,NA,NA,NA,NA,NA,"6 pm",NA,NA,NA,NA,"au"
1863-03-10 07:00:00,11.11,NA,0,NA,958.35,NA,NA,NA,NA,-13.89,NA,11,",sn"
1863-03-10 14:00:00,22.22,NA,0,NA,960.04,NA,NA,NA,NA,-8.33,NA,5,",sn"
1863-03-10 21:00:00,19.44,NA,315,NA,968.51,NA,NA,NA,NA,-15,NA,0,",skc"
1863-03-11 07:00:00,12.78,NA,315,NA,971.89,NA,NA,NA,NA,-22.22,NA,1,",skc"
1863-03-11 14:00:00,21.11,NA,315,NA,975.28,NA,NA,NA,NA,-11.67,NA,5,",skc"
1863-03-11 21:00:00,22.22,NA,315,NA,975.28,NA,NA,NA,NA,-21.11,NA,0,",skc"
1863-03-12,NA,NA,NA,NA,NA,NA,"3 pm",NA,NA,NA,NA,NA,NA
1863-03-12 07:00:00,14.44,NA,45,NA,965.12,NA,NA,NA,NA,-16.11,NA,1,",bkn"
1863-03-12 14:00:00,22.22,NA,45,NA,963.43,NA,NA,NA,NA,-11.11,NA,1,",bkn"
1863-03-12 21:00:00,22.78,NA,45,NA,963.43,NA,NA,NA,NA,-12.22,NA,1,",sn"
1863-03-13,NA,NA,NA,NA,NA,NA,NA,NA,NA,NA,NA,NA,"halo"
1863-03-13 07:00:00,10,NA,315,NA,965.12,NA,NA,NA,NA,-16.67,NA,1,",bkn"
1863-03-13 14:00:00,20,NA,315,NA,968.51,NA,NA,NA,NA,-8.89,NA,1,",skc"
1863-03-13 21:00:00,22.22,NA,0,NA,970.2,NA,NA,NA,NA,-16.11,NA,1,",skc"
1863-03-14 07:00:00,15.56,NA,315,NA,968.51,NA,NA,NA,NA,-20,NA,0,",bkn"
1863-03-14 14:00:00,18.89,NA,315,NA,968.51,NA,NA,NA,NA,-5,NA,0,",bkn"
1863-03-14 21:00:00,17.78,NA,0,NA,968.51,NA,NA,NA,NA,-16.11,NA,0,",bkn"
1863-03-15,NA,NA,NA,NA,NA,NA,"5 pm",NA,NA,NA,NA,NA,"halo"
1863-03-15 07:00:00,16.67,NA,315,NA,965.12,NA,NA,NA,NA,-16.67,NA,0,",bkn"
1863-03-15 14:00:00,21.11,NA,0,NA,966.81,NA,NA,NA,NA,-10.56,NA,2,",bkn"
1863-03-15 21:00:00,21.67,NA,0,NA,965.12,NA,NA,NA,NA,-14.44,NA,1,",sn"
1863-03-16,NA,NA,NA,NA,NA,NA,NA,"3 pm",NA,NA,NA,NA,NA
1863-03-16 07:00:00,12.78,NA,0,NA,958.35,NA,NA,NA,NA,-12.78,NA,1,",sn"
1863-03-16 14:00:00,20.56,NA,315,NA,958.35,NA,NA,NA,NA,-8.89,NA,11,",sn"
1863-03-16 21:00:00,18.89,NA,315,NA,960.04,NA,NA,NA,NA,-15,NA,20,",bkn"
1863-03-17,NA,NA,NA,NA,NA,NA,NA,NA,NA,NA,NA,NA,"au"
1863-03-17 07:00:00,10,NA,315,NA,961.73,NA,NA,NA,NA,-17.22,NA,16,",bkn"
1863-03-17 14:00:00,20,NA,315,NA,971.89,NA,NA,NA,NA,-10,NA,5,",skc"
1863-03-17 21:00:00,21.67,NA,315,NA,971.89,NA,NA,NA,NA,-16.67,NA,1,",skc"
1863-03-18,NA,NA,NA,NA,NA,NA,NA,NA,NA,NA,NA,NA,"halo"
1863-03-18 07:00:00,11.11,NA,0,NA,970.2,NA,NA,NA,NA,-22.22,NA,0,",skc"
1863-03-18 14:00:00,18.89,NA,45,NA,973.59,NA,NA,NA,NA,-10,NA,5,",bkn"
1863-03-18 21:00:00,18.33,NA,0,NA,973.59,NA,NA,NA,NA,-14.44,NA,2,",skc"
1863-03-19,NA,NA,NA,NA,NA,NA,NA,NA,NA,NA,NA,NA,"halo"
1863-03-19 07:00:00,15.56,NA,0,NA,973.59,NA,NA,NA,NA,-17.22,NA,2,",skc"
1863-03-19 14:00:00,18.89,NA,0,NA,975.28,NA,NA,NA,NA,-12.22,NA,11,",bkn"
1863-03-19 21:00:00,15.56,NA,0,NA,976.97,NA,NA,NA,NA,-17.78,NA,1,",skc"
1863-03-20,NA,NA,NA,NA,NA,NA,NA,NA,NA,NA,NA,NA,"halo"
1863-03-20 07:00:00,16.67,NA,315,NA,976.97,NA,NA,NA,NA,-22.22,NA,1,",bkn"
1863-03-20 14:00:00,22.22,NA,0,NA,980.36,NA,NA,NA,NA,-12.22,NA,2,",bkn"
1863-03-20 21:00:00,18.33,NA,0,NA,982.05,NA,NA,NA,NA,-20,NA,0,",skc"
1863-03-21 07:00:00,15.56,NA,315,NA,975.28,NA,NA,NA,NA,-20,NA,16,",skc"
1863-03-21 14:00:00,18.33,NA,315,NA,968.51,NA,NA,NA,NA,-8.33,NA,2,",bkn"
1863-03-21 21:00:00,23.33,NA,315,NA,966.81,NA,NA,NA,NA,-2.78,NA,1,",bkn"
1863-03-22 07:00:00,21.11,NA,0,NA,961.73,NA,NA,NA,NA,-3.89,NA,0,",bkn"
1863-03-22 14:00:00,21.67,NA,0,NA,960.04,NA,NA,NA,NA,2.78,NA,16,",bkn"
1863-03-22 21:00:00,20.56,NA,90,NA,965.12,NA,NA,NA,NA,-10,NA,1,",bkn"
1863-03-23,NA,NA,NA,NA,NA,NA,NA,NA,NA,NA,NA,NA,"au"
1863-03-23 07:00:00,15.56,NA,90,NA,975.28,NA,NA,NA,NA,-17.78,NA,0,",skc"
1863-03-23 14:00:00,18.33,NA,0,NA,980.36,NA,NA,NA,NA,-12.22,NA,NA,",skc"
1863-03-23 21:00:00,21.67,NA,315,NA,985.44,NA,NA,NA,NA,-17.78,NA,NA,",skc"
1863-03-24,NA,NA,NA,NA,NA,NA,NA,NA,NA,NA,NA,NA,NA
1863-03-24 07:00:00,16.11,NA,0,NA,985.44,NA,NA,NA,NA,-18.33,NA,NA,",skc"
1863-03-24 14:00:00,21.11,NA,0,NA,985.44,NA,NA,NA,NA,-6.67,NA,NA,",skc"
1863-03-24 21:00:00,20.56,NA,315,NA,987.13,NA,NA,NA,NA,-18.33,NA,NA,",skc"
1863-03-25 07:00:00,10,NA,315,NA,978.67,NA,NA,NA,NA,-18.33,NA,NA,",bkn"
1863-03-25 14:00:00,21.11,NA,315,NA,973.59,NA,NA,NA,NA,5.56,NA,NA,",skc"
1863-03-25 21:00:00,23.33,NA,315,NA,971.89,NA,NA,NA,NA,-1.11,NA,NA,",bkn"
1863-03-26 07:00:00,21.11,NA,315,NA,973.59,NA,NA,NA,NA,-1.11,NA,NA,",bkn"
1863-03-26 14:00:00,23.33,NA,315,NA,971.89,NA,NA,NA,NA,10,NA,NA,",skc"
1863-03-26 21:00:00,21.11,NA,315,NA,970.2,NA,NA,NA,NA,4.44,NA,NA,",bkn"
1863-03-27 07:00:00,15.56,NA,45,NA,965.12,NA,NA,NA,NA,4.44,NA,NA,",bkn"
1863-03-27 14:00:00,21.11,NA,45,NA,966.81,NA,NA,NA,NA,11.67,NA,NA,",skc"
1863-03-27 21:00:00,23.33,NA,45,NA,965.12,NA,NA,NA,NA,1.67,NA,NA,",bkn"
1863-03-28 07:00:00,15.56,NA,45,NA,970.2,NA,NA,NA,NA,-7.22,NA,NA,",bkn"
1863-03-28 14:00:00,21.11,NA,45,NA,973.59,NA,NA,NA,NA,-7.22,NA,NA,",sn"
1863-03-28 21:00:00,18.33,NA,45,NA,976.97,NA,NA,NA,NA,-13.33,NA,NA,",bkn"
1863-03-29 07:00:00,12.78,NA,0,NA,978.67,NA,NA,NA,NA,-8.89,NA,NA,",skc"
1863-03-29 14:00:00,19.44,NA,90,NA,982.05,NA,NA,NA,NA,-13.89,NA,NA,",sn"
1863-03-29 21:00:00,17.78,NA,90,NA,980.36,NA,NA,NA,NA,-18.33,NA,NA,",bkn"
1863-03-30,NA,NA,NA,NA,NA,NA,NA,NA,NA,NA,NA,NA,NA
1863-03-30 07:00:00,12.78,NA,90,NA,971.89,NA,NA,NA,NA,-16.11,NA,NA,",bkn"
1863-03-30 14:00:00,23.33,NA,90,NA,971.89,NA,NA,NA,NA,-13.33,NA,NA,",sn"
1863-03-30 21:00:00,21.11,NA,315,NA,975.28,NA,NA,NA,NA,-22.22,NA,NA,",bkn"
1863-03-31 07:00:00,12.78,NA,90,NA,973.59,NA,NA,NA,NA,-13.33,NA,NA,",skc"
1863-03-31 14:00:00,18.33,NA,315,NA,973.59,NA,NA,NA,NA,-1.11,NA,NA,",bkn"
1863-03-31 21:00:00,21.11,NA,315,NA,970.2,NA,NA,NA,NA,-8.89,NA,NA,",skc"
1863-05-01,NA,NA,NA,NA,NA,0,"empty","empty",0,NA,NA,NA,"empty"
1863-05-01 07:00:00,18.33,NA,NA,NA,976.97,NA,NA,NA,NA,NA,NA,NA,NA
1863-05-01 14:00:00,23.33,NA,NA,NA,976.97,NA,NA,NA,NA,NA,NA,NA,NA
1863-05-01 21:00:00,22.78,NA,NA,NA,973.59,NA,NA,NA,NA,NA,NA,NA,NA
1863-05-02,NA,NA,NA,NA,NA,0,"empty","empty",0,NA,NA,NA,"empty"
1863-05-02 07:00:00,17.22,NA,NA,NA,970.2,NA,NA,NA,NA,NA,NA,NA,NA
1863-05-02 14:00:00,21.11,NA,NA,NA,971.89,NA,NA,NA,NA,NA,NA,NA,NA
1863-05-02 21:00:00,19.44,NA,NA,NA,973.59,NA,NA,NA,NA,NA,NA,NA,NA
1863-05-03 07:00:00,11.11,NA,NA,NA,975.28,NA,NA,NA,NA,NA,NA,NA,NA
1863-05-03 14:00:00,17.78,NA,NA,NA,978.67,NA,NA,NA,NA,NA,NA,NA,NA
1863-05-03 21:00:00,18.33,NA,NA,NA,980.36,NA,NA,NA,NA,NA,NA,NA,NA
1863-05-04 07:00:00,14.44,NA,NA,NA,980.36,NA,NA,NA,NA,NA,NA,NA,NA
1863-05-04 14:00:00,21.11,NA,NA,NA,978.67,NA,NA,NA,NA,NA,NA,NA,NA
1863-05-04 21:00:00,21.67,NA,NA,NA,980.36,NA,NA,NA,NA,NA,NA,NA,NA
1863-05-05 07:00:00,15.56,NA,NA,NA,978.67,NA,NA,NA,NA,NA,NA,NA,NA
1863-05-05 14:00:00,21.67,NA,NA,NA,971.89,NA,NA,NA,NA,NA,NA,NA,NA
1863-05-05 21:00:00,22.78,NA,NA,NA,970.2,NA,NA,NA,NA,NA,NA,NA,NA
1863-05-06 07:00:00,20,NA,NA,NA,968.51,NA,NA,NA,NA,NA,NA,NA,NA
1863-05-06 14:00:00,21.11,NA,NA,NA,973.59,NA,NA,NA,NA,NA,NA,NA,NA
1863-05-06 21:00:00,21.11,NA,NA,NA,975.28,NA,NA,NA,NA,NA,NA,NA,NA
1863-05-07,NA,NA,NA,NA,NA,NA,NA,NA,NA,NA,NA,NA,NA
1863-05-07 07:00:00,18.33,NA,NA,NA,975.28,NA,NA,NA,NA,NA,NA,NA,NA
1863-05-07 14:00:00,18.33,NA,NA,NA,975.28,NA,NA,NA,NA,NA,NA,NA,NA
1863-05-07 21:00:00,17.78,NA,NA,NA,975.28,NA,NA,NA,NA,NA,NA,NA,NA
1863-05-08 07:00:00,15.56,NA,NA,NA,976.97,NA,NA,NA,NA,NA,NA,NA,NA
1863-05-08 14:00:00,21.67,NA,NA,NA,976.97,NA,NA,NA,NA,NA,NA,NA,NA
1863-05-08 21:00:00,21.11,NA,NA,NA,975.28,NA,NA,NA,NA,NA,NA,NA,NA
1863-05-09 07:00:00,12.78,NA,NA,NA,971.89,NA,NA,NA,NA,NA,NA,NA,NA
1863-05-09 14:00:00,21.67,NA,NA,NA,968.51,NA,NA,NA,NA,NA,NA,NA,NA
1863-05-09 21:00:00,21.11,NA,NA,NA,970.2,NA,NA,NA,NA,NA,NA,NA,NA
1863-05-10,NA,NA,NA,NA,NA,NA,NA,NA,NA,NA,NA,NA,NA
1863-05-10 07:00:00,17.22,NA,NA,NA,975.28,NA,NA,NA,NA,NA,NA,NA,NA
1863-05-10 14:00:00,22.22,NA,NA,NA,978.67,NA,NA,NA,NA,NA,NA,NA,NA
1863-05-10 21:00:00,23.89,NA,NA,NA,980.36,NA,NA,NA,NA,NA,NA,NA,NA
1863-05-11 07:00:00,18.33,NA,NA,NA,975.28,NA,NA,NA,NA,NA,NA,NA,NA
1863-05-11 14:00:00,21.67,NA,NA,NA,975.28,NA,NA,NA,NA,NA,NA,NA,NA
1863-05-11 21:00:00,22.78,NA,NA,NA,975.28,NA,NA,NA,NA,NA,NA,NA,NA
1863-05-12 07:00:00,15.56,NA,NA,NA,973.59,NA,NA,NA,NA,NA,NA,NA,NA
1863-05-12 14:00:00,20,NA,NA,NA,978.67,NA,NA,NA,NA,NA,NA,NA,NA
1863-05-12 21:00:00,19.44,NA,NA,NA,980.36,NA,NA,NA,NA,NA,NA,NA,NA
1863-05-13 07:00:00,17.22,NA,NA,NA,982.05,NA,NA,NA,NA,NA,NA,NA,NA
1863-05-13 14:00:00,19.44,NA,NA,NA,983.75,NA,NA,NA,NA,NA,NA,NA,NA
1863-05-13 21:00:00,18.33,NA,NA,NA,983.75,NA,NA,NA,NA,NA,NA,NA,NA
1863-05-14,NA,NA,NA,NA,NA,NA,NA,NA,NA,NA,NA,NA,"au"
1863-05-14 07:00:00,15.56,NA,NA,NA,985.44,NA,NA,NA,NA,NA,NA,NA,NA
1863-05-14 14:00:00,21.67,NA,NA,NA,988.83,NA,NA,NA,NA,NA,NA,NA,NA
1863-05-14 21:00:00,21.11,NA,NA,NA,988.83,NA,NA,NA,NA,NA,NA,NA,NA
1863-05-15 07:00:00,15.56,NA,NA,NA,988.83,NA,NA,NA,NA,NA,NA,NA,NA
1863-05-15 14:00:00,22.22,NA,NA,NA,988.83,NA,NA,NA,NA,NA,NA,NA,NA
1863-05-15 21:00:00,21.11,NA,NA,NA,985.44,NA,NA,NA,NA,NA,NA,NA,NA
1863-05-16,NA,NA,NA,NA,NA,NA,NA,NA,NA,NA,NA,NA,"halo"
1863-05-16 07:00:00,18.33,NA,NA,NA,983.75,NA,NA,NA,NA,NA,NA,NA,NA
1863-05-16 14:00:00,19.44,NA,NA,NA,980.36,NA,NA,NA,NA,NA,NA,NA,NA
1863-05-16 21:00:00,21.11,NA,NA,NA,980.36,NA,NA,NA,NA,NA,NA,NA,NA
1863-05-17,NA,NA,NA,NA,NA,NA,NA,NA,NA,NA,NA,NA,"halo"
1863-05-17 07:00:00,15.56,NA,NA,NA,985.44,NA,NA,NA,NA,NA,NA,NA,NA
1863-05-17 14:00:00,22.22,NA,NA,NA,985.44,NA,NA,NA,NA,NA,NA,NA,NA
1863-05-17 21:00:00,21.11,NA,NA,NA,983.75,NA,NA,NA,NA,NA,NA,NA,NA
1863-05-18 07:00:00,16.67,NA,NA,NA,980.36,NA,NA,NA,NA,NA,NA,NA,NA
1863-05-18 14:00:00,18.89,NA,NA,NA,973.59,NA,NA,NA,NA,NA,NA,NA,NA
1863-05-18 21:00:00,20,NA,NA,NA,968.51,NA,NA,NA,NA,NA,NA,NA,NA
1863-05-19,NA,NA,NA,NA,NA,NA,NA,NA,NA,NA,NA,NA,"sn"
1863-05-19 07:00:00,15.56,NA,NA,NA,960.04,NA,NA,NA,NA,NA,NA,NA,NA
1863-05-19 14:00:00,21.11,NA,NA,NA,961.73,NA,NA,NA,NA,NA,NA,NA,NA
1863-05-19 21:00:00,20,NA,NA,NA,966.81,NA,NA,NA,NA,NA,NA,NA,NA
1863-05-20 07:00:00,16.11,NA,NA,NA,970.2,NA,NA,NA,NA,NA,NA,NA,NA
1863-05-20 14:00:00,21.11,NA,NA,NA,970.2,NA,NA,NA,NA,NA,NA,NA,NA
1863-05-20 21:00:00,22.22,NA,NA,NA,970.2,NA,NA,NA,NA,NA,NA,NA,NA
1863-05-21 07:00:00,14.44,NA,NA,NA,970.2,NA,NA,NA,NA,NA,NA,NA,NA
1863-05-21 14:00:00,22.22,NA,NA,NA,973.59,NA,NA,NA,NA,NA,NA,NA,NA
1863-05-21 21:00:00,21.11,NA,NA,NA,973.59,NA,NA,NA,NA,NA,NA,NA,NA
1863-05-22,NA,NA,NA,NA,NA,NA,NA,NA,NA,NA,NA,NA,NA
1863-05-22 07:00:00,15.56,NA,NA,NA,978.67,NA,NA,NA,NA,NA,NA,NA,NA
1863-05-22 14:00:00,19.44,NA,NA,NA,983.75,NA,NA,NA,NA,NA,NA,NA,NA
1863-05-22 21:00:00,21.11,NA,NA,NA,985.44,NA,NA,NA,NA,NA,NA,NA,NA
1863-05-23 07:00:00,13.33,NA,NA,NA,985.44,NA,NA,NA,NA,NA,NA,NA,NA
1863-05-23 14:00:00,19.44,NA,NA,NA,987.13,NA,NA,NA,NA,NA,NA,NA,NA
1863-05-23 21:00:00,21.67,NA,NA,NA,987.13,NA,NA,NA,NA,NA,NA,NA,NA
1863-05-24 07:00:00,15.56,NA,NA,NA,988.83,NA,NA,NA,NA,NA,NA,NA,NA
1863-05-24 14:00:00,22.22,NA,NA,NA,990.52,NA,NA,NA,NA,NA,NA,NA,NA
1863-05-24 21:00:00,21.11,NA,NA,NA,990.52,NA,NA,NA,NA,NA,NA,NA,NA
1863-05-25 07:00:00,12.78,NA,NA,NA,987.13,NA,NA,NA,NA,NA,NA,NA,NA
1863-05-25 14:00:00,21.67,NA,NA,NA,987.13,NA,NA,NA,NA,NA,NA,NA,NA
1863-05-25 21:00:00,22.22,NA,NA,NA,983.75,NA,NA,NA,NA,NA,NA,NA,NA
1863-05-26 07:00:00,10,NA,NA,NA,980.36,NA,NA,NA,NA,NA,NA,NA,NA
1863-05-26 14:00:00,21.11,NA,NA,NA,980.36,NA,NA,NA,NA,NA,NA,NA,NA
1863-05-26 21:00:00,21.67,NA,NA,NA,980.36,NA,NA,NA,NA,NA,NA,NA,NA
1863-05-27 07:00:00,15.56,NA,NA,NA,978.67,NA,NA,NA,NA,NA,NA,NA,NA
1863-05-27 14:00:00,21.11,NA,NA,NA,978.67,NA,NA,NA,NA,NA,NA,NA,NA
1863-05-27 21:00:00,22.22,NA,NA,NA,978.67,NA,NA,NA,NA,NA,NA,NA,NA
1863-05-28 07:00:00,14.44,NA,NA,NA,976.97,NA,NA,NA,NA,NA,NA,NA,NA
1863-05-28 14:00:00,19.44,NA,NA,NA,978.67,NA,NA,NA,NA,NA,NA,NA,NA
1863-05-28 21:00:00,21.11,NA,NA,NA,976.97,NA,NA,NA,NA,NA,NA,NA,NA
1863-05-29,NA,NA,NA,NA,NA,NA,NA,NA,NA,NA,NA,NA,"halo"
1863-05-29 07:00:00,13.89,NA,NA,NA,973.59,NA,NA,NA,NA,NA,NA,NA,NA
1863-05-29 14:00:00,20,NA,NA,NA,968.51,NA,NA,NA,NA,NA,NA,NA,NA
1863-05-29 21:00:00,21.67,NA,NA,NA,968.51,NA,NA,NA,NA,NA,NA,NA,NA
1863-05-30 07:00:00,10,NA,NA,NA,968.51,NA,NA,NA,NA,NA,NA,NA,NA
1863-05-30 14:00:00,21.11,NA,NA,NA,968.51,NA,NA,NA,NA,NA,NA,NA,NA
1863-05-30 21:00:00,20,NA,NA,NA,971.89,NA,NA,NA,NA,NA,NA,NA,NA
1863-05-31 07:00:00,12.22,NA,NA,NA,975.28,NA,NA,NA,NA,NA,NA,NA,NA
1863-05-31 14:00:00,21.67,NA,NA,NA,976.97,NA,NA,NA,NA,NA,NA,NA,NA
1863-05-31 21:00:00,21.11,NA,NA,NA,978.67,NA,NA,NA,NA,NA,NA,NA,NA
1863-06-01,NA,NA,NA,NA,NA,NA,"6 pm",NA,NA,NA,NA,NA,"snow"
1863-06-01 07:00:00,15.56,NA,45,NA,975.28,NA,NA,NA,NA,1.11,NA,20,",bkn"
1863-06-01 14:00:00,15.56,NA,45,NA,975.28,NA,NA,NA,NA,1.67,NA,20,",bkn"
1863-06-01 21:00:00,21.11,NA,45,NA,973.59,NA,NA,NA,NA,0,NA,11,",sn"
1863-06-02,NA,NA,NA,NA,NA,NA,"4 pm",NA,NA,NA,NA,NA,"rain and snow"
1863-06-02 07:00:00,15.56,NA,45,NA,968.51,NA,NA,NA,NA,0,NA,20,",sn"
1863-06-02 14:00:00,22.22,NA,45,NA,968.51,NA,NA,NA,NA,2.22,NA,20,",sn"
1863-06-02 21:00:00,21.11,NA,45,NA,963.43,NA,NA,NA,NA,0,NA,16,",ra"
1863-06-03,NA,NA,NA,NA,NA,NA,NA,"1 pm",NA,NA,NA,NA,NA
1863-06-03 07:00:00,15.56,NA,45,NA,956.65,NA,NA,NA,NA,0,NA,1,",ra"
1863-06-03 14:00:00,20,NA,0,NA,958.35,NA,NA,NA,NA,4.44,NA,0,",bkn"
1863-06-03 21:00:00,22.22,NA,0,NA,961.73,NA,NA,NA,NA,2.22,NA,0,",bkn"
1863-06-04,NA,NA,NA,NA,NA,NA,NA,NA,NA,NA,NA,NA,"sn"
1863-06-04 07:00:00,13.33,NA,45,NA,965.12,NA,NA,NA,NA,2.22,NA,0,",skc"
1863-06-04 14:00:00,21.67,NA,45,NA,968.51,NA,NA,NA,NA,5,NA,1,",bkn"
1863-06-04 21:00:00,21.11,NA,45,NA,971.89,NA,NA,NA,NA,2.22,NA,1,",bkn"
1863-06-05 07:00:00,10,NA,45,NA,971.89,NA,NA,NA,NA,1.67,NA,0,",skc"
1863-06-05 14:00:00,20,NA,45,NA,975.28,NA,NA,NA,NA,7.22,NA,0,",bkn"
1863-06-05 21:00:00,21.67,NA,45,NA,978.67,NA,NA,NA,NA,-5,NA,0,",bkn"
1863-06-06 07:00:00,15.56,NA,45,NA,982.05,NA,NA,NA,NA,3.33,NA,0,",bkn"
1863-06-06 14:00:00,21.11,NA,45,NA,982.05,NA,NA,NA,NA,6.67,NA,0,",skc"
1863-06-06 21:00:00,22.22,NA,45,NA,983.75,NA,NA,NA,NA,0,NA,2,",skc"
1863-06-07 07:00:00,13.33,NA,315,NA,982.05,NA,NA,NA,NA,-1.11,NA,0,",fg"
1863-06-07 14:00:00,23.33,NA,315,NA,983.75,NA,NA,NA,NA,14.44,NA,11,",skc"
1863-06-07 21:00:00,21.11,NA,0,NA,982.05,NA,NA,NA,NA,3.33,NA,0,",skc"
1863-06-08,NA,NA,NA,NA,NA,NA,NA,NA,NA,NA,NA,NA,"blsn"
1863-06-08 07:00:00,17.78,NA,315,NA,978.67,NA,NA,NA,NA,8.89,NA,11,",skc"
1863-06-08 14:00:00,23.33,NA,315,NA,976.97,NA,NA,NA,NA,20,NA,11,",skc"
1863-06-08 21:00:00,21.11,NA,45,NA,975.28,NA,NA,NA,NA,5,NA,11,",bkn"
1863-06-09 07:00:00,15.56,NA,0,NA,975.28,NA,NA,NA,NA,4.44,NA,16,",bkn"
1863-06-09 14:00:00,21.11,NA,45,NA,976.97,NA,NA,NA,NA,1.67,NA,16,",bkn"
1863-06-09 21:00:00,22.78,NA,45,NA,976.97,NA,NA,NA,NA,-5,NA,16,",bkn"
1863-06-10 07:00:00,15.56,NA,0,NA,970.2,NA,NA,NA,NA,1.67,NA,0,",bkn"
1863-06-10 14:00:00,23.33,NA,315,NA,965.12,NA,NA,NA,NA,19.44,NA,2,",skc"
1863-06-10 21:00:00,22.22,NA,270,NA,963.43,NA,NA,NA,NA,7.78,NA,0,",bkn"
1863-06-11,NA,NA,NA,NA,NA,NA,"1 pm","8:30 pm",NA,NA,NA,NA,"snow"
1863-06-11 07:00:00,18.33,NA,0,NA,965.12,NA,NA,NA,NA,3.33,NA,20,",bkn"
1863-06-11 14:00:00,21.11,NA,0,NA,973.59,NA,NA,NA,NA,0,NA,16,",sn"
1863-06-11 21:00:00,22.78,NA,0,NA,978.67,NA,NA,NA,NA,-6.11,NA,1,",bkn"
1863-06-12 07:00:00,14.44,NA,45,NA,978.67,NA,NA,NA,NA,-1.11,NA,0,",bkn"
1863-06-12 14:00:00,22.78,NA,45,NA,985.44,NA,NA,NA,NA,5,NA,20,",skc"
1863-06-12 21:00:00,21.11,NA,45,NA,985.44,NA,NA,NA,NA,-1.11,NA,0,",skc"
1863-06-13,NA,NA,NA,NA,NA,NA,NA,NA,NA,NA,NA,NA,"au"
1863-06-13 07:00:00,15.56,NA,45,NA,983.75,NA,NA,NA,NA,-3.33,NA,0,",skc"
1863-06-13 14:00:00,22.22,NA,45,NA,975.28,NA,NA,NA,NA,4.44,NA,11,",skc"
1863-06-13 21:00:00,21.11,NA,45,NA,971.89,NA,NA,NA,NA,1.67,NA,0,",skc"
1863-06-14,NA,NA,NA,NA,NA,NA,"11 am","3 pm",NA,NA,NA,NA,NA
1863-06-14 07:00:00,13.33,NA,315,NA,965.12,NA,NA,NA,NA,4.44,NA,16,",skc"
1863-06-14 14:00:00,22.22,NA,315,NA,965.12,NA,NA,NA,NA,7.78,NA,1,",ra"
1863-06-14 21:00:00,22.22,NA,315,NA,966.81,NA,NA,NA,NA,5.56,NA,0,",bkn"
1863-06-15 07:00:00,17.78,NA,0,NA,968.51,NA,NA,NA,NA,5.56,NA,0,",skc"
1863-06-15 14:00:00,21.11,NA,45,NA,968.51,NA,NA,NA,NA,4.44,NA,16,",bkn"
1863-06-15 21:00:00,21.11,NA,45,NA,971.89,NA,NA,NA,NA,1.67,NA,11,",bkn"
1863-06-16,NA,NA,NA,NA,NA,NA,NA,NA,NA,NA,NA,NA,"sn"
1863-06-16 07:00:00,14.44,NA,90,NA,963.43,NA,NA,NA,NA,-0.56,NA,20,",sn"
1863-06-16 14:00:00,15.56,NA,90,NA,961.73,NA,NA,NA,NA,1.11,NA,16,",ra"
1863-06-16 21:00:00,21.11,NA,45,NA,963.43,NA,NA,NA,NA,0.56,NA,11,",ra"
1863-06-17 07:00:00,15.56,NA,90,NA,961.73,NA,NA,NA,NA,1.11,NA,2,",ra"
1863-06-17 14:00:00,20,NA,90,NA,961.73,NA,NA,NA,NA,0.56,NA,16,",ra"
1863-06-17 21:00:00,20,NA,90,NA,966.81,NA,NA,NA,NA,-4.44,NA,16,",ra"
1863-06-18 07:00:00,13.33,NA,90,NA,966.81,NA,NA,NA,NA,1.67,NA,1,",ra"
1863-06-18 14:00:00,21.11,NA,90,NA,970.2,NA,NA,NA,NA,-2.22,NA,2,",ra"
1863-06-18 21:00:00,21.67,NA,45,NA,971.89,NA,NA,NA,NA,2.78,NA,16,",ra"
1863-06-19 07:00:00,18.33,NA,0,NA,976.97,NA,NA,NA,NA,-4.44,NA,0,",bkn"
1863-06-19 14:00:00,20,NA,0,NA,978.67,NA,NA,NA,NA,8.89,NA,11,",skc"
1863-06-19 21:00:00,22.78,NA,0,NA,978.67,NA,NA,NA,NA,3.89,NA,5,",skc"
1863-06-20,NA,NA,NA,NA,NA,NA,NA,NA,NA,NA,NA,NA,"halo"
1863-06-20 07:00:00,15.56,NA,0,NA,978.67,NA,NA,NA,NA,4.44,NA,2,",skc"
1863-06-20 14:00:00,21.67,NA,0,NA,978.67,NA,NA,NA,NA,10.56,NA,1,",skc"
1863-06-20 21:00:00,22.78,NA,0,NA,978.67,NA,NA,NA,NA,1.67,NA,0,",skc"
1863-06-21 07:00:00,15.56,NA,315,NA,975.28,NA,NA,NA,NA,10,NA,1,",skc"
1863-06-21 14:00:00,23.89,NA,0,NA,975.28,NA,NA,NA,NA,16.11,NA,1,",skc"
1863-06-21 21:00:00,22.78,NA,0,NA,975.28,NA,NA,NA,NA,5,NA,2,",skc"
1863-06-22 07:00:00,16.67,NA,0,NA,975.28,NA,NA,NA,NA,2.22,NA,11,",skc"
1863-06-22 14:00:00,22.78,NA,45,NA,973.59,NA,NA,NA,NA,12.22,NA,11,",skc"
1863-06-22 21:00:00,22.78,NA,0,NA,970.2,NA,NA,NA,NA,8.33,NA,0,",bkn"
1863-06-23 07:00:00,18.33,NA,315,NA,968.51,NA,NA,NA,NA,4.44,NA,0,",bkn"
1863-06-23 14:00:00,20,NA,315,NA,965.12,NA,NA,NA,NA,20,NA,16,",skc"
1863-06-23 21:00:00,22.78,NA,0,NA,968.51,NA,NA,NA,NA,7.22,NA,11,",bkn"
1863-06-24 07:00:00,20,NA,0,NA,976.97,NA,NA,NA,NA,4.44,NA,5,",skc"
1863-06-24 14:00:00,23.33,NA,315,NA,978.67,NA,NA,NA,NA,16.11,NA,1,",skc"
1863-06-24 21:00:00,23.89,NA,0,NA,982.05,NA,NA,NA,NA,2.78,NA,0,",skc"
1863-06-25,NA,NA,NA,NA,NA,NA,NA,NA,NA,NA,NA,NA,NA
1863-06-25 07:00:00,17.78,NA,0,NA,982.05,NA,NA,NA,NA,5,NA,2,",skc"
1863-06-25 14:00:00,20,NA,45,NA,978.67,NA,NA,NA,NA,8.89,NA,16,",skc"
1863-06-25 21:00:00,21.11,NA,45,NA,976.97,NA,NA,NA,NA,4.44,NA,1,",skc"
1863-06-26,NA,NA,NA,NA,NA,NA,NA,NA,NA,NA,NA,NA,NA
1863-06-26 07:00:00,15.56,NA,315,NA,973.59,NA,NA,NA,NA,4.44,NA,1,",skc"
1863-06-26 14:00:00,23.33,NA,315,NA,973.59,NA,NA,NA,NA,16.11,NA,2,",bkn"
1863-06-26 21:00:00,23.89,NA,0,NA,975.28,NA,NA,NA,NA,11.11,NA,1,",bkn"
1863-06-27 07:00:00,18.33,NA,315,NA,978.67,NA,NA,NA,NA,7.78,NA,1,",bkn"
1863-06-27 14:00:00,21.11,NA,315,NA,978.67,NA,NA,NA,NA,16.67,NA,5,",skc"
1863-06-27 21:00:00,22.22,NA,45,NA,978.67,NA,NA,NA,NA,6.11,NA,2,",bkn"
1863-06-28,NA,NA,NA,NA,NA,NA,"1 pm",NA,NA,NA,NA,NA,"empty"
1863-06-28 07:00:00,15.56,NA,315,NA,971.89,NA,NA,NA,NA,11.11,NA,0,",bkn"
1863-06-28 14:00:00,22.78,NA,45,NA,973.59,NA,NA,NA,NA,8.89,NA,11,",ra"
1863-06-28 21:00:00,18.89,NA,45,NA,978.67,NA,NA,NA,NA,-1.67,NA,1,",bkn"
1863-06-29 07:00:00,17.78,NA,315,NA,978.67,NA,NA,NA,NA,3.89,NA,0,",skc"
1863-06-29 14:00:00,22.22,NA,45,NA,982.05,NA,NA,NA,NA,8.89,NA,16,",skc"
1863-06-29 21:00:00,23.89,NA,45,NA,982.05,NA,NA,NA,NA,4.44,NA,1,",skc"
1863-06-30 07:00:00,15.56,NA,90,NA,975.28,NA,NA,NA,NA,4.44,NA,0,",bkn"
1863-06-30 14:00:00,23.89,NA,315,NA,973.59,NA,NA,NA,NA,22.22,NA,16,",skc"
1863-06-30 21:00:00,21.11,NA,45,NA,971.89,NA,NA,NA,NA,11.11,NA,1,",skc"
