"stationName","latitude","longitude","elevation","timeZone","UTCoffset","WMOID","MSCID"
"StJohnsCollege","49.9","-97.12","68","America/Winnipeg","6","71852","5023222"
"Short_Name","What","Material","Error","Units","Seasonality","Data_Type","Detail","Method","Data_Format","Additional_Information"
"atb","temperature","atmospheric material",NA,"C","sub-daily","instrumental","original_observation","field method","n",NA
"cd","wind direction","atmospheric material",NA,"degrees","sub-daily","historical","original_observation","field method","n",NA
"dd","wind direction","atmospheric material",NA,"degrees","sub-daily","historical","original_observation","field method","n",NA
"e","specific humidity","atmospheric material",NA,"hPa","sub-daily","instrumental","original_observation","field method","n",NA
"mslp","sea level pressure","atmospheric material",NA,"hPa","sub-daily","instrumental","calculated","field method","n",NA
"p","surface pressure","atmospheric material",NA,"hPa","sub-daily","instrumental","original_observation","field method","n",NA
"pr","precipitation","precipitation",NA,"mm","sub-daily","instrumental","original_observation","field method","n",NA
"sd","snowfall","precipitation",NA,"cm","sub-daily","instrumental","original_observation","field method","n",NA
"tb","humidity","atmospheric material",NA,"C","sub-daily","instrumental","original_observation","field method","n",NA
"td","hydroclimatic variable","atmospheric material",NA,"C","sub-daily","instrumental","calculated","computational method","n",NA
"tdb","temperature","atmospheric material",NA,"C","sub-daily","instrumental","original_observation","field method","n",NA
"Tn","minimum surface temperature","atmospheric material",NA,"C","daily","instrumental","original_observation","field method","n",NA
"Tx","maximum air temperature","atmospheric material",NA,"C","daily","instrumental","original_observation","field method","n",NA
"Txs","maximum air temperature","atmospheric material",NA,"C","daily","instrumental","original_observation","field method","n",NA
"w","wind speed","atmospheric material",NA,"mps","sub-daily","instrumental","original_observation","field method","n",NA
"ww","weather","atmospheric material",NA,"synop","sub-daily","historical","original_observation","field method","c",NA
"ObservationDate","atb","cd","dd","e","mslp","p","pr","sd","tb","td","tdb","Tn","Tx","Txs","w","ww"
1874-01-01,NA,NA,NA,NA,NA,NA,NA,NA,NA,NA,NA,-16.06,-4.28,NA,NA,NA
1874-01-01 09:00:00,1.11,NA,180,1.73,NA,973.93,NA,NA,-15.56,NA,-15.44,NA,NA,NA,0.27,",bkn"
1874-01-01 15:00:00,NA,NA,NA,NA,NA,NA,NA,NA,-4.67,NA,-4.22,NA,NA,NA,NA,",bkn,bkn"
1874-01-01 21:00:00,6.11,NA,180,3.96,NA,970.54,NA,NA,-4.72,NA,-4.28,NA,NA,NA,15,NA
1874-01-02,NA,NA,NA,NA,NA,NA,3.302,33.02,NA,NA,NA,-15.56,1.11,NA,NA,NA
1874-01-02 09:00:00,5.56,NA,225,4.37,NA,966.81,NA,NA,-3.89,NA,-3.5,NA,NA,NA,0.54,",ovc,ovc"
1874-01-02 15:00:00,NA,NA,NA,NA,NA,NA,NA,NA,-11.33,NA,-11,NA,NA,NA,NA,",ovc,ovc"
1874-01-02 21:00:00,7.78,NA,0,2.24,NA,971.15,NA,NA,-11.39,NA,-11,NA,NA,NA,20,NA
1874-01-03,NA,NA,NA,NA,NA,NA,NA,NA,NA,NA,NA,-21.56,-10.83,NA,NA,NA
1874-01-03 09:00:00,0.56,NA,0,1.15,NA,975.55,NA,NA,-20.67,NA,-20.56,NA,NA,NA,7.87,",bkn"
1874-01-03 15:00:00,NA,NA,NA,NA,NA,NA,NA,NA,-8.44,NA,-8.5,NA,NA,NA,NA,",sct"
1874-01-03 21:00:00,-5,NA,0,0.68,NA,989.3,NA,NA,-8.5,NA,-8.61,NA,NA,NA,5,NA
1874-01-05 09:00:00,-6.67,NA,90,9.96,NA,984.42,NA,NA,-20.83,NA,-20.56,NA,NA,NA,9.39,",ovc"
1874-01-05 15:00:00,NA,NA,NA,NA,NA,NA,NA,NA,NA,NA,NA,NA,NA,NA,NA,",ovc,ovc"
1874-01-07 15:00:00,NA,NA,NA,NA,NA,NA,NA,NA,NA,NA,NA,NA,NA,NA,NA,",ovc,ovc"
1874-01-08,NA,NA,NA,NA,NA,NA,6.35,63.5,NA,NA,NA,NA,NA,NA,NA,NA
1874-01-08 15:00:00,NA,NA,NA,NA,NA,NA,NA,NA,-14.72,NA,-14.67,NA,NA,NA,NA,",ovc,ovc"
1874-01-08 21:00:00,1.67,NA,NA,NA,NA,973.72,NA,NA,-14.78,NA,-14.61,NA,NA,NA,NA,NA
1874-01-09,NA,NA,NA,NA,NA,NA,NA,NA,NA,NA,NA,-13,-14.33,NA,NA,NA
1874-01-09 09:00:00,-0.56,NA,0,2.74,NA,978.67,NA,NA,-21.89,NA,-21.78,NA,NA,NA,3.22,",ovc,ovc"
1874-01-09 15:00:00,NA,NA,NA,NA,NA,NA,NA,NA,-16.33,NA,-16.44,NA,NA,NA,NA,",bkn"
1874-01-09 21:00:00,-0.56,NA,0,1.29,NA,979.34,NA,NA,-16.28,NA,-16.56,NA,NA,NA,1,NA
1874-01-10,NA,NA,NA,NA,NA,NA,NA,NA,NA,NA,NA,-23.22,-20,NA,NA,NA
1874-01-10 09:00:00,-2.78,NA,0,1.35,NA,985.44,0,NA,-17.44,NA,-17.22,NA,NA,NA,1.88,",sn"
1874-01-10 15:00:00,NA,NA,NA,NA,NA,NA,NA,NA,-14.28,NA,-14.33,NA,NA,NA,NA,NA
1874-01-10 21:00:00,-6.11,NA,NA,1.08,NA,992.21,NA,NA,-14.33,NA,-14.44,NA,NA,NA,0,NA
1874-01-11,NA,NA,NA,NA,NA,NA,NA,NA,NA,NA,NA,-26.44,-20.83,NA,NA,NA
1874-01-11 15:00:00,NA,NA,NA,NA,NA,NA,NA,NA,NA,NA,NA,NA,NA,NA,NA,",skc"
1874-01-12,NA,NA,NA,NA,NA,NA,NA,NA,NA,NA,NA,-27.72,-20.83,NA,NA,NA
1874-01-12 09:00:00,-11.11,NA,0,0.58,NA,998.98,NA,NA,-26.33,NA,-26.11,NA,NA,NA,0.54,",ovc,ovc"
1874-01-12 15:00:00,NA,NA,NA,NA,NA,NA,NA,NA,-28.67,NA,-28.44,NA,NA,NA,NA,",skc"
1874-01-12 21:00:00,-11.67,NA,0,0.54,NA,1002.85,NA,NA,-28.61,NA,-28.5,NA,NA,NA,20,NA
1874-01-13,NA,NA,NA,NA,NA,NA,NA,NA,NA,NA,NA,-35.17,-28.89,NA,NA,NA
1874-01-13 09:00:00,-15.56,NA,NA,0.41,NA,1006.5,NA,NA,-32.22,NA,-32.61,NA,NA,NA,0,",skc,skc"
1874-01-13 15:00:00,NA,NA,NA,NA,NA,NA,NA,NA,-32.28,NA,-32.61,NA,NA,NA,NA,",ovc"
1874-01-13 21:00:00,-14.44,NA,180,0.41,NA,1008.67,NA,NA,-32.22,NA,-32.5,NA,NA,NA,5,NA
1874-01-14,NA,NA,NA,NA,NA,NA,NA,NA,NA,NA,NA,-32.78,-24.89,NA,NA,NA
1874-01-14 09:00:00,-15.56,NA,180,0.58,NA,1010.84,NA,NA,-29.28,NA,-29.28,NA,NA,NA,1.07,",ovc"
1874-01-14 15:00:00,NA,NA,NA,NA,NA,NA,NA,NA,-24.67,NA,-24.56,NA,NA,NA,NA,",ovc,ovc"
1874-01-14 21:00:00,-10,NA,270,0.75,NA,1008.81,NA,NA,-24.61,NA,-24.44,NA,NA,NA,1,NA
1874-01-15,NA,NA,NA,NA,NA,NA,5.842,58.42,NA,NA,NA,-5.94,-17.67,NA,NA,NA
1874-01-15 09:00:00,-8.89,NA,180,0.91,NA,1004.06,NA,NA,-23.72,NA,-23.61,NA,NA,NA,0.54,",ovc,ovc"
1874-01-15 15:00:00,NA,NA,NA,NA,NA,NA,NA,NA,-18.17,NA,-18,NA,NA,NA,NA,",ovc,ovc"
1874-01-15 21:00:00,-6.67,NA,180,1.35,NA,992.21,NA,NA,-18.17,NA,-17.94,NA,NA,NA,12,NA
1874-01-16,NA,NA,NA,NA,NA,NA,NA,NA,NA,NA,NA,-11.28,-8.33,NA,NA,NA
1874-01-16 09:00:00,-4.44,NA,180,0.73,NA,976.36,NA,NA,-15.17,NA,-14.72,NA,NA,NA,1.88,",bkn"
1874-01-16 15:00:00,NA,NA,NA,NA,NA,NA,NA,NA,-26.89,NA,-27.5,NA,NA,NA,NA,",skc,skc"
1874-01-16 21:00:00,1.11,NA,180,2.68,NA,966.48,NA,NA,-26.89,NA,-27.5,NA,NA,NA,31,NA
1874-01-17,NA,NA,NA,NA,NA,NA,NA,NA,NA,NA,NA,-15,-3.5,NA,NA,NA
1874-01-17 09:00:00,2.78,NA,180,3.93,NA,961.06,0,NA,-4.44,NA,-3.78,NA,NA,NA,1.88,",ovc,ovc"
1874-01-17 15:00:00,NA,NA,NA,NA,NA,NA,NA,NA,-19.11,NA,-19.28,NA,NA,NA,NA,NA
1874-01-17 21:00:00,1.11,NA,270,1.49,NA,975.01,NA,NA,-19.11,NA,-19.33,NA,NA,NA,1,NA
1874-01-18,NA,NA,NA,NA,NA,NA,NA,NA,NA,NA,NA,-29.61,-27.22,NA,NA,NA
1874-01-19,NA,NA,NA,NA,NA,NA,NA,NA,NA,NA,NA,-36.44,-30.56,NA,NA,NA
1874-01-19 09:00:00,-16.11,NA,0,NA,NA,996.82,0,NA,-35.67,NA,-35.83,NA,NA,NA,1.61,",skc,skc"
1874-01-19 15:00:00,NA,NA,NA,NA,NA,NA,NA,NA,-20.33,NA,-20.11,NA,NA,NA,NA,",skc"
1874-01-19 21:00:00,-3.89,NA,180,1.08,NA,989.64,NA,NA,-20.28,NA,-20,NA,NA,NA,27,NA
1874-01-20,NA,NA,NA,NA,NA,NA,18.542,185.42,NA,NA,NA,-36.83,-29.44,NA,NA,NA
1874-01-20 09:00:00,-6.11,NA,NA,1.42,NA,984.08,NA,NA,-17.89,NA,-17.78,NA,NA,NA,0,",ovc,ovc"
1874-01-20 15:00:00,NA,NA,NA,NA,NA,NA,NA,NA,-7.17,NA,-7.11,NA,NA,NA,NA,",ovc,ovc"
1874-01-20 21:00:00,4.44,NA,135,3.45,NA,979.21,NA,NA,-7.22,NA,-7.11,NA,NA,NA,11,NA
1874-01-21,NA,NA,NA,NA,NA,NA,NA,NA,NA,NA,NA,-12.89,-7.22,NA,NA,NA
1874-01-21 09:00:00,-1.67,NA,180,1.05,NA,975.69,NA,NA,-21.89,NA,-21.78,NA,NA,NA,1.07,",ovc,ovc"
1874-01-21 15:00:00,NA,NA,NA,NA,NA,NA,NA,NA,-28.5,NA,-28.44,NA,NA,NA,NA,",skc"
1874-01-21 21:00:00,-6.11,NA,180,0.54,NA,982.87,NA,NA,-28.44,NA,-28.33,NA,NA,NA,1,NA
1874-01-22,NA,NA,NA,NA,NA,NA,NA,NA,NA,NA,NA,-31.83,-23.06,NA,NA,NA
1874-01-22 09:00:00,-1.67,NA,180,0.68,NA,986.12,NA,NA,-27.61,NA,-27.61,NA,NA,NA,0.27,",bkn"
1874-01-22 15:00:00,NA,NA,NA,NA,NA,NA,NA,NA,-30.89,NA,-30.94,NA,NA,NA,NA,",sct"
1874-01-22 21:00:00,-10.56,NA,270,0.47,NA,987.61,NA,NA,-30.83,NA,-30.83,NA,NA,NA,2,NA
1874-01-23,NA,NA,NA,NA,NA,NA,NA,NA,NA,NA,NA,-36.39,-26.33,NA,NA,NA
1874-01-23 09:00:00,-15,NA,NA,0.34,NA,994.51,NA,NA,-29.28,NA,-29.17,NA,NA,NA,0,",skc,skc"
1874-01-23 15:00:00,NA,NA,NA,NA,NA,NA,NA,NA,-34.5,NA,-35.11,NA,NA,NA,NA,",skc"
1874-01-23 21:00:00,-15,NA,270,0.3,NA,998.31,NA,NA,-34.44,NA,-35,NA,NA,NA,0,NA
1874-01-24,NA,NA,NA,NA,NA,NA,NA,NA,NA,NA,NA,-38.83,-30.83,NA,NA,NA
1874-01-24 09:00:00,-17.78,NA,NA,NA,NA,1001.22,NA,NA,-36.17,NA,-36.22,NA,NA,NA,0,",skc,skc"
1874-01-24 15:00:00,NA,NA,NA,NA,NA,NA,NA,NA,-35.17,NA,-35.11,NA,NA,NA,NA,",skc"
1874-01-24 21:00:00,-15,NA,270,0.3,NA,1009.41,NA,NA,-34.56,NA,-35,NA,NA,NA,1,NA
1874-01-25,NA,NA,NA,NA,NA,NA,NA,NA,NA,NA,NA,-41.94,-17.89,NA,NA,NA
1874-01-26,NA,NA,NA,NA,NA,NA,NA,NA,NA,NA,NA,-30.56,-20.61,NA,NA,NA
1874-01-26 09:00:00,-6.67,NA,135,1.19,NA,981.04,NA,NA,-18.89,NA,-18.67,NA,NA,NA,0.54,",bkn,bkn"
1874-01-26 15:00:00,NA,NA,NA,NA,NA,NA,NA,NA,-16.67,NA,-16.61,NA,NA,NA,NA,",bkn,bkn"
1874-01-26 21:00:00,-6.67,NA,0,1.56,NA,982.39,NA,NA,-16.67,NA,-16.5,NA,NA,NA,45,NA
1874-01-27,NA,NA,NA,NA,NA,NA,NA,NA,NA,NA,NA,-16.89,-15.83,NA,NA,NA
1874-01-27 09:00:00,-6.11,NA,0,1.19,NA,987.2,0,NA,-18.89,NA,-18.67,NA,NA,NA,1.88,",ovc,ovc"
1874-01-27 15:00:00,NA,NA,NA,NA,NA,NA,NA,NA,-18.89,NA,-18.39,NA,NA,NA,NA,",ovc,ovc"
1874-01-27 21:00:00,-1.11,NA,0,0.95,NA,991.74,NA,NA,-18.89,NA,-18.33,NA,NA,NA,1,NA
1874-01-28,NA,NA,NA,NA,NA,NA,NA,NA,NA,NA,NA,-21.5,-17.89,NA,NA,NA
1874-01-28 09:00:00,-6.67,NA,0,1.05,NA,995.4,NA,NA,-20.39,NA,-20,NA,NA,NA,0.27,",skc,skc"
1874-01-28 15:00:00,NA,NA,NA,NA,NA,NA,NA,NA,-20.61,NA,-20.22,NA,NA,NA,NA,",ovc,ovc"
1874-01-28 21:00:00,-2.78,NA,0,0.88,NA,998.65,NA,NA,-20.56,NA,-20.11,NA,NA,NA,11,NA
1874-01-29,NA,NA,NA,NA,NA,NA,NA,NA,NA,NA,NA,-31.28,-19.56,NA,NA,NA
1874-01-29 09:00:00,-9.44,NA,0,0.51,NA,1006.5,NA,NA,-30,NA,-30.11,NA,NA,NA,3.49,NA
1874-01-29 15:00:00,NA,NA,NA,NA,NA,NA,NA,NA,-33.89,NA,-33.94,NA,NA,NA,NA,",skc"
1874-01-29 21:00:00,-10.56,NA,315,0.34,NA,1010.36,NA,NA,-33.83,NA,-33.83,NA,NA,NA,1,NA
1874-01-30,NA,NA,NA,NA,NA,NA,NA,NA,NA,NA,NA,-36.44,-24.72,NA,NA,NA
1874-01-30 09:00:00,-13.33,NA,NA,0.47,NA,1007.45,NA,NA,-30.5,NA,-30.56,NA,NA,NA,0,",bkn,bkn"
1874-01-30 15:00:00,NA,NA,NA,NA,NA,NA,NA,NA,-30.5,NA,-30.39,NA,NA,NA,NA,",skc"
1874-01-30 21:00:00,-8.33,NA,NA,0.47,NA,1004.67,NA,NA,-30.44,NA,-30.28,NA,NA,NA,0,NA
1874-01-31,NA,NA,NA,NA,NA,NA,NA,NA,NA,NA,NA,-33.67,-20.44,NA,NA,NA
1874-01-31 09:00:00,-14.44,NA,90,0.17,NA,1003.79,0,NA,-31.83,NA,-31.44,NA,NA,NA,0.13,",skc,skc"
1874-01-31 15:00:00,NA,NA,NA,NA,NA,NA,NA,NA,-24.89,NA,-24.83,NA,NA,NA,NA,",skc,skc"
1874-01-31 21:00:00,-11.11,NA,90,0.81,NA,1004.06,NA,NA,-24.83,NA,-24.72,NA,NA,NA,2,NA
1874-02-01 09:00:00,NA,NA,NA,NA,NA,NA,0,NA,NA,NA,NA,NA,NA,NA,0,NA
1874-02-02,NA,NA,NA,NA,NA,NA,NA,NA,NA,NA,NA,-31.44,-7.78,NA,NA,NA
1874-02-02 09:00:00,-3.33,NA,270,2.3,NA,988.49,NA,NA,-11.33,NA,-11.11,NA,NA,NA,0.54,",ovc,ovc"
1874-02-02 15:00:00,NA,NA,NA,NA,NA,NA,NA,NA,-13.78,NA,-13.61,NA,NA,NA,NA,",ovc"
1874-02-02 21:00:00,0.56,NA,0,1.9,NA,993.63,NA,NA,-13.78,NA,-13.56,NA,NA,NA,11,NA
1874-02-03,NA,NA,NA,NA,NA,NA,NA,NA,NA,NA,NA,-11.28,-9.28,NA,NA,NA
1874-02-03 09:00:00,-3.33,NA,0,1.52,NA,997.02,NA,NA,-16.94,NA,-16.83,NA,NA,NA,0.8,",ovc,ovc"
1874-02-03 15:00:00,NA,NA,NA,NA,NA,NA,NA,NA,-17.39,NA,-17.17,NA,NA,NA,NA,",ovc"
1874-02-03 21:00:00,0,NA,NA,1.32,NA,1000.75,NA,NA,-17.39,NA,-17.11,NA,NA,NA,0,NA
1874-02-04,NA,NA,NA,NA,NA,NA,NA,NA,NA,NA,NA,-17.39,-13.44,NA,NA,NA
1874-02-04 09:00:00,-2.22,NA,90,1.39,NA,1002.37,NA,NA,-16.89,NA,-16.56,NA,NA,NA,0.27,",bkn"
1874-02-04 15:00:00,NA,NA,NA,NA,NA,NA,NA,NA,-20.5,NA,-20.11,NA,NA,NA,NA,",ovc"
1874-02-04 21:00:00,1.11,NA,NA,0.78,NA,1003.05,NA,NA,-20.39,NA,-20.11,NA,NA,NA,0,NA
1874-02-05,NA,NA,NA,NA,NA,NA,NA,NA,NA,NA,NA,-19.56,-13.39,NA,NA,NA
1874-02-05 09:00:00,1.67,NA,180,1.73,NA,999.46,NA,NA,-13.83,NA,-13.39,NA,NA,NA,2.95,",bkn"
1874-02-05 15:00:00,NA,NA,NA,NA,NA,NA,NA,NA,-11.28,NA,-11,NA,NA,NA,NA,",skc"
1874-02-05 21:00:00,1.67,NA,180,2.3,NA,993.23,NA,NA,-11.28,NA,-11,NA,NA,NA,45,NA
1874-02-06,NA,NA,NA,NA,NA,NA,NA,NA,NA,NA,NA,-16.61,-10.33,NA,NA,NA
1874-02-06 09:00:00,0,NA,180,2.03,NA,985.85,NA,NA,-11.89,NA,-11.44,NA,NA,NA,2.95,",bkn"
1874-02-06 15:00:00,NA,NA,NA,NA,NA,NA,NA,NA,-14.22,NA,-13.56,NA,NA,NA,NA,",bkn,bkn"
1874-02-06 21:00:00,2.78,NA,180,1.52,NA,983.54,NA,NA,-14.22,NA,-13.5,NA,NA,NA,1,NA
1874-02-07,NA,NA,NA,NA,NA,NA,9.398,93.98,NA,NA,NA,-14.11,-8.06,NA,NA,",sn,"
1874-02-07 09:00:00,4.44,NA,180,2.47,NA,977.92,NA,NA,-9.33,NA,-8.67,NA,NA,NA,3.76,",ovc"
1874-02-07 15:00:00,NA,NA,NA,NA,NA,NA,NA,NA,-10.67,NA,-10.11,NA,NA,NA,NA,",sct"
1874-02-07 21:00:00,3.89,NA,NA,2.2,NA,977.85,NA,NA,-10.67,NA,-10.11,NA,NA,NA,0,NA
1874-02-08,NA,NA,NA,NA,NA,NA,NA,NA,NA,NA,NA,0,-5.11,NA,NA,NA
1874-02-08 09:00:00,NA,NA,NA,NA,NA,NA,0,NA,NA,NA,NA,NA,NA,NA,0,NA
1874-02-08 15:00:00,NA,NA,NA,NA,NA,NA,NA,NA,NA,NA,NA,NA,NA,NA,NA,NA
1874-02-08 21:00:00,NA,NA,NA,NA,NA,NA,NA,NA,NA,NA,NA,NA,NA,NA,NA,NA
1874-02-09,NA,NA,NA,NA,NA,NA,NA,NA,NA,NA,NA,-13.89,-10,NA,NA,NA
1874-02-09 09:00:00,-2.78,NA,180,0.98,NA,994.31,NA,NA,-21.67,NA,-21.5,NA,NA,NA,0.54,",ovc,ovc"
1874-02-09 15:00:00,NA,NA,NA,NA,NA,NA,NA,NA,-10.83,NA,-10.56,NA,NA,NA,NA,",bkn,bkn"
1874-02-09 21:00:00,-1.11,NA,0,2.37,NA,987.57,NA,NA,-10.83,NA,-10.56,NA,NA,NA,5,NA
1874-02-10,NA,NA,NA,NA,NA,NA,NA,NA,NA,NA,NA,-22.78,-7.5,NA,NA,NA
1874-02-10 09:00:00,-3.33,NA,0,1.12,NA,992.69,NA,NA,-21.33,NA,-21.11,NA,NA,NA,3.22,",ovc"
1874-02-10 15:00:00,NA,NA,NA,NA,NA,NA,NA,NA,-18.61,NA,-18.39,NA,NA,NA,NA,",bkn,bkn"
1874-02-10 21:00:00,-4.44,NA,90,1.25,NA,986.66,NA,NA,-18.61,NA,-18.33,NA,NA,NA,1,NA
1874-02-11,NA,NA,NA,NA,NA,NA,14.732,147.32,NA,NA,NA,-13.89,-9.61,NA,NA,",sn,"
1874-02-11 09:00:00,-0.56,NA,90,2.17,NA,973.59,NA,NA,-10.67,NA,-10,NA,NA,NA,2.95,",bkn,bkn"
1874-02-11 15:00:00,NA,NA,NA,NA,NA,NA,NA,NA,-7.06,NA,-6.94,NA,NA,NA,NA,",ovc"
1874-02-11 21:00:00,1.67,NA,45,3.45,NA,961.73,NA,NA,-7.22,NA,-6.94,NA,NA,NA,1,NA
1874-02-12,NA,NA,NA,NA,NA,NA,3.302,33.02,NA,NA,NA,-17.11,-5,NA,NA,",sn,"
1874-02-12 09:00:00,-3.33,NA,315,1.46,NA,966.41,NA,NA,-16.39,NA,-16.11,NA,NA,NA,2.41,",ovc,ovc"
1874-02-12 15:00:00,NA,NA,NA,NA,NA,NA,NA,NA,-17.94,NA,-17.83,NA,NA,NA,NA,",ovc,ovc"
1874-02-12 21:00:00,-4.44,NA,315,1.42,NA,970.47,NA,NA,-17.94,NA,-17.78,NA,NA,NA,1,NA
1874-02-13,NA,NA,NA,NA,NA,NA,NA,NA,NA,NA,NA,-9.89,-17.78,NA,NA,NA
1874-02-13 09:00:00,-6.67,NA,NA,0.88,NA,978.33,NA,NA,-23.5,NA,-23.33,NA,NA,NA,0,",bkn"
1874-02-13 15:00:00,NA,NA,NA,NA,NA,NA,NA,NA,-25.28,NA,-25.22,NA,NA,NA,NA,",skc"
1874-02-13 21:00:00,-6.11,NA,315,0.75,NA,983.75,NA,NA,-25.22,NA,-25.11,NA,NA,NA,1,NA
1874-02-14,NA,NA,NA,NA,NA,NA,NA,NA,NA,NA,NA,-34.17,-19.06,NA,NA,NA
1874-02-14 09:00:00,-10,NA,NA,0.47,NA,987.34,NA,NA,-30.22,NA,-30.11,NA,NA,NA,0,",skc,skc"
1874-02-14 15:00:00,NA,NA,NA,NA,NA,NA,NA,NA,-21.56,NA,-21.39,NA,NA,NA,NA,",ovc"
1874-02-14 21:00:00,-8.33,NA,NA,1.05,NA,980.36,NA,NA,-21.5,NA,-21.28,NA,NA,NA,0,NA
1874-02-15,NA,NA,NA,NA,NA,NA,NA,NA,NA,NA,NA,-11.83,-13.89,NA,NA,NA
1874-02-15 09:00:00,NA,NA,NA,NA,NA,NA,0,NA,NA,NA,NA,NA,NA,NA,0,NA
1874-02-15 15:00:00,NA,NA,NA,NA,NA,NA,NA,NA,NA,NA,NA,NA,NA,NA,NA,NA
1874-02-15 21:00:00,NA,NA,NA,NA,NA,NA,NA,NA,NA,NA,NA,NA,NA,NA,NA,NA
1874-02-16,NA,NA,NA,NA,NA,NA,NA,NA,NA,NA,NA,-10.94,-14.44,NA,NA,NA
1874-02-16 09:00:00,-6.11,NA,NA,0.71,NA,988.86,NA,NA,-25,NA,-24.83,NA,NA,NA,0,",skc"
1874-02-16 15:00:00,NA,NA,NA,NA,NA,NA,NA,NA,-16.89,NA,-16.72,NA,NA,NA,NA,",skc"
1874-02-16 21:00:00,-4.44,NA,180,1.42,NA,990.52,NA,NA,-16.89,NA,-16.67,NA,NA,NA,2,NA
1874-02-17,NA,NA,NA,NA,NA,NA,6.35,63.5,NA,NA,NA,-17.89,-2.78,NA,NA,",au,"
1874-02-17 09:00:00,-2.22,NA,180,2.68,NA,979.68,NA,NA,-9.11,NA,-8.61,NA,NA,NA,9.03,",skc,skc"
1874-02-17 15:00:00,NA,NA,NA,NA,NA,NA,NA,NA,-5.33,NA,-4.72,NA,NA,NA,NA,",ovc"
1874-02-17 21:00:00,1.67,NA,180,3.69,NA,971.89,NA,NA,-5.39,NA,-4.78,NA,NA,NA,24,NA
1874-02-18,NA,NA,NA,NA,NA,NA,NA,NA,NA,NA,NA,-8.89,-0.94,NA,NA,NA
1874-02-18 09:00:00,3.33,NA,180,4.13,NA,970.81,NA,NA,-4.33,NA,-4,NA,NA,NA,1.88,",ovc,ovc"
1874-02-18 15:00:00,NA,NA,NA,NA,NA,NA,NA,NA,-9.28,NA,-8.83,NA,NA,NA,NA,",ovc,ovc"
1874-02-18 21:00:00,4.44,NA,225,2.61,NA,971.89,NA,NA,-9.33,NA,-8.89,NA,NA,NA,20,NA
1874-02-19,NA,NA,NA,NA,NA,NA,NA,NA,NA,NA,NA,-26.83,-8.89,NA,NA,NA
1874-02-19 09:00:00,-3.33,NA,90,0.68,NA,986.39,NA,NA,-26.94,NA,-26.83,NA,NA,NA,5.63,",skc"
1874-02-19 15:00:00,NA,NA,NA,NA,NA,NA,NA,NA,-23.17,NA,-22.89,NA,NA,NA,NA,",ovc"
1874-02-19 21:00:00,-4.44,NA,180,0.81,NA,981.51,NA,NA,-23.11,NA,-22.78,NA,NA,NA,20,NA
1874-02-20,NA,NA,NA,NA,NA,NA,1.778,17.78,NA,NA,NA,-8.5,-16.72,NA,NA,",sn,"
1874-02-20 09:00:00,-7.22,NA,0,1.39,NA,978.33,NA,NA,-18.72,NA,-18.61,NA,NA,NA,1.88,",ovc,ovc"
1874-02-20 15:00:00,NA,NA,NA,NA,NA,NA,NA,NA,-27.28,NA,-27.22,NA,NA,NA,NA,",skc,skc"
1874-02-20 21:00:00,-8.33,NA,180,0.61,NA,995.94,NA,NA,-27.22,NA,-27.11,NA,NA,NA,1,NA
1874-02-21,NA,NA,NA,NA,NA,NA,NA,NA,NA,NA,NA,-35.61,-20.72,NA,NA,NA
1874-02-21 09:00:00,-11.11,NA,180,0.54,NA,999.46,NA,NA,-30.33,NA,-30.39,NA,NA,NA,0.13,",skc,skc"
1874-02-21 15:00:00,NA,NA,NA,NA,NA,NA,NA,NA,-24.94,NA,-24.83,NA,NA,NA,NA,",skc,skc"
1874-02-21 21:00:00,-6.67,NA,180,0.78,NA,999.32,NA,NA,-24.89,NA,-24.72,NA,NA,NA,27,NA
1874-02-22,NA,NA,NA,NA,NA,NA,NA,NA,NA,NA,NA,-1.5,-16.67,NA,NA,NA
1874-02-22 09:00:00,NA,NA,NA,NA,NA,NA,0,NA,NA,NA,NA,NA,NA,NA,0,NA
1874-02-22 15:00:00,NA,NA,NA,NA,NA,NA,NA,NA,NA,NA,NA,NA,NA,NA,NA,NA
1874-02-22 21:00:00,NA,NA,NA,NA,NA,NA,NA,NA,NA,NA,NA,NA,NA,NA,NA,NA
1874-02-23,NA,NA,NA,NA,NA,NA,NA,NA,NA,NA,NA,-5,-17.78,NA,NA,NA
1874-02-23 09:00:00,-13.89,NA,0,0.44,NA,1001.36,NA,NA,-30,NA,-29.83,NA,NA,NA,1.07,",skc,skc"
1874-02-23 15:00:00,NA,NA,NA,NA,NA,NA,NA,NA,-29.39,NA,-29.28,NA,NA,NA,NA,",skc,skc"
1874-02-23 21:00:00,-3.33,NA,NA,0.51,NA,1001.76,NA,NA,-29.33,NA,-29.17,NA,NA,NA,0,NA
1874-02-24,NA,NA,NA,NA,NA,NA,NA,NA,NA,NA,NA,-1,-15,NA,NA,NA
1874-02-24 09:00:00,-16.11,NA,180,0.34,NA,1001.02,NA,NA,-32.11,NA,-32,NA,NA,NA,1.07,",skc,skc"
1874-02-24 15:00:00,NA,NA,NA,NA,NA,NA,NA,NA,-28.22,NA,-27.72,NA,NA,NA,NA,",missing,missing"
1874-02-24 21:00:00,-8.33,NA,180,0.54,NA,998.44,NA,NA,-27.78,NA,-27.61,NA,NA,NA,2,NA
1874-02-25,NA,NA,NA,NA,NA,NA,NA,NA,NA,NA,NA,-6.11,-14.44,NA,NA,NA
1874-02-25 09:00:00,-10,NA,180,0.85,NA,990.52,NA,NA,-23.89,NA,-23.78,NA,NA,NA,1.88,",skc,skc"
1874-02-25 15:00:00,NA,NA,NA,NA,NA,NA,NA,NA,-14.61,NA,-14.22,NA,NA,NA,NA,",bkn,bkn"
1874-02-25 21:00:00,-5.56,NA,180,1.63,NA,981.1,NA,NA,-14.06,NA,-14.17,NA,NA,NA,20,NA
1874-02-26,NA,NA,NA,NA,NA,NA,NA,NA,NA,NA,NA,-16.11,-12.06,NA,NA,NA
1874-02-26 09:00:00,-7.22,NA,180,1.83,NA,982.59,NA,NA,-15,NA,-14.89,NA,NA,NA,0.54,",ovc"
1874-02-26 15:00:00,NA,NA,NA,NA,NA,NA,NA,NA,-18.33,NA,-18.28,NA,NA,NA,NA,",ovc"
1874-02-26 21:00:00,1.11,NA,180,1.35,NA,991.26,NA,NA,-18.33,NA,-18.22,NA,NA,NA,1,NA
1874-02-27,NA,NA,NA,NA,NA,NA,19.05,190.5,NA,NA,NA,-11.28,-5.56,NA,NA,",sn,"
1874-02-27 09:00:00,-4.44,NA,0,1.35,NA,992.21,NA,NA,-18,NA,-18.33,NA,NA,NA,0.54,",ovc,ovc"
1874-02-27 15:00:00,NA,NA,NA,NA,NA,NA,NA,NA,-25.06,NA,-25,NA,NA,NA,NA,",skc"
1874-02-27 21:00:00,-3.33,NA,0,0.75,NA,994.24,NA,NA,-25,NA,-24.89,NA,NA,NA,1,NA
1874-02-28,NA,NA,NA,NA,NA,NA,NA,NA,NA,NA,NA,-11.67,-3.89,NA,NA,NA
1874-02-28 09:00:00,-5,NA,180,1.93,NA,981.1,NA,NA,-13.39,NA,-13.22,NA,NA,NA,3.22,",bkn,bkn"
1874-02-28 15:00:00,NA,NA,NA,NA,NA,NA,NA,NA,-4.33,NA,-3.83,NA,NA,NA,NA,",bkn,bkn"
1874-02-28 21:00:00,2.78,NA,180,4,NA,976.63,NA,NA,-4.33,NA,-3.89,NA,NA,NA,1,NA
1874-03-01,NA,NA,NA,NA,NA,NA,0,0,NA,NA,NA,-31,-11.56,NA,NA,NA
1874-03-01 09:00:00,NA,NA,NA,NA,NA,NA,0,NA,NA,NA,NA,NA,NA,NA,0,NA
1874-03-01 15:00:00,NA,NA,NA,NA,NA,NA,NA,NA,NA,NA,NA,NA,NA,NA,NA,NA
1874-03-01 21:00:00,NA,NA,NA,NA,NA,NA,NA,NA,NA,NA,NA,NA,NA,NA,0,NA
1874-03-02,NA,NA,NA,NA,NA,NA,0,0,NA,NA,NA,-18.67,2.78,NA,NA,",halo,"
1874-03-02 09:00:00,0.56,NA,270,1.66,NA,973.59,0,NA,-13.67,NA,-13.06,NA,NA,NA,0.54,",skc"
1874-03-02 15:00:00,NA,NA,NA,NA,NA,NA,NA,NA,-18.22,NA,-18,NA,NA,NA,NA,",bkn,bkn"
1874-03-02 21:00:00,2.78,NA,0,1.35,NA,986.79,NA,NA,-18.22,NA,-17.89,NA,NA,NA,11,NA
1874-03-03,NA,NA,NA,NA,NA,NA,0,0,NA,NA,NA,-30,-17.78,NA,NA,NA
1874-03-03 09:00:00,-8.89,NA,0,0.47,NA,994.79,0,NA,-28.17,NA,-27.89,NA,NA,NA,12.07,",skc,skc"
1874-03-03 15:00:00,NA,NA,NA,NA,NA,NA,NA,NA,-28.39,NA,-28.39,NA,NA,NA,NA,",skc,skc"
1874-03-03 21:00:00,-7.22,NA,180,0.58,NA,989.91,NA,NA,-28.33,NA,-28.28,NA,NA,NA,1,NA
1874-03-04,NA,NA,NA,NA,NA,NA,0,0,NA,NA,NA,-31,-11.56,NA,NA,",halo,"
1874-03-04 09:00:00,-7.78,NA,180,2.98,NA,984.83,0,NA,-16.17,NA,-15.67,NA,NA,NA,2.41,",bkn,bkn"
1874-03-04 15:00:00,NA,NA,NA,NA,NA,NA,NA,NA,-16.44,NA,-16.17,NA,NA,NA,NA,",skc"
1874-03-04 21:00:00,-3.33,NA,180,1.46,NA,984.15,NA,NA,-16.44,NA,-16.11,NA,NA,NA,2,NA
1874-03-05,NA,NA,NA,NA,NA,NA,1.27,12.7,NA,NA,NA,-17.56,-1.94,NA,NA,",sn,"
1874-03-05 09:00:00,-2.22,NA,180,2.4,NA,983.41,0,NA,-10,NA,-9.44,NA,NA,NA,1.61,",ovc"
1874-03-05 15:00:00,NA,NA,NA,NA,NA,NA,NA,NA,-6.17,NA,-5.61,NA,NA,NA,NA,",ovc"
1874-03-05 21:00:00,2.78,NA,135,3.42,NA,978.06,NA,NA,-6.17,NA,-5.67,NA,NA,NA,45,NA
1874-03-06,NA,NA,NA,NA,NA,NA,0.508,5.08,NA,NA,NA,-20.61,-5.17,NA,NA,",sn,"
1874-03-06 09:00:00,-0.56,NA,NA,1.59,NA,983.75,0,NA,-14.94,NA,-14.56,NA,NA,NA,0,",bkn"
1874-03-06 15:00:00,NA,NA,NA,NA,NA,NA,NA,NA,-12.11,NA,-11.67,NA,NA,NA,NA,",ovc"
1874-03-06 21:00:00,1.11,NA,0,2.03,NA,986.66,NA,NA,-12.11,NA,-11.67,NA,NA,NA,20,NA
1874-03-07,NA,NA,NA,NA,NA,NA,0.762,7.62,NA,NA,NA,-21.89,-6.61,NA,NA,",sn,"
1874-03-07 09:00:00,-3.89,NA,0,1.32,NA,991.87,0,NA,-17.67,NA,-17.33,NA,NA,NA,1.88,",ovc,ovc"
1874-03-07 15:00:00,NA,NA,NA,NA,NA,NA,NA,NA,-14.22,NA,-14.5,NA,NA,NA,NA,",skc"
1874-03-07 21:00:00,-7.22,NA,0,0.95,NA,998.04,NA,NA,-14.28,NA,-14.61,NA,NA,NA,12,NA
1874-03-08,NA,NA,NA,NA,NA,NA,1.372,13.72,NA,NA,NA,-28.44,-12.22,NA,NA,",sn,"
1874-03-08 09:00:00,NA,NA,NA,NA,NA,NA,0,NA,NA,NA,NA,NA,NA,NA,0,NA
1874-03-08 15:00:00,NA,NA,NA,NA,NA,NA,NA,NA,NA,NA,NA,NA,NA,NA,NA,NA
1874-03-08 21:00:00,NA,NA,NA,NA,NA,NA,NA,NA,NA,NA,NA,NA,NA,NA,0,NA
1874-03-09,NA,NA,NA,NA,NA,NA,0,0,NA,NA,NA,-25.72,-11.5,NA,NA,",sn,"
1874-03-09 09:00:00,-8.33,NA,NA,1.25,NA,1002.37,0,NA,-19.44,NA,-19.33,NA,NA,NA,0,",ovc"
1874-03-09 15:00:00,NA,NA,NA,NA,NA,NA,NA,NA,-13.33,NA,-13.11,NA,NA,NA,NA,",bkn,bkn"
1874-03-09 21:00:00,-2.78,NA,45,1.93,NA,1001.02,NA,NA,-13.33,NA,-13.06,NA,NA,NA,24,NA
1874-03-10,NA,NA,NA,NA,NA,NA,0,0,NA,NA,NA,-24.67,-13.89,NA,NA,NA
1874-03-10 09:00:00,-7.22,NA,NA,0.95,NA,1002.37,0,NA,-21.89,NA,-21.67,NA,NA,NA,0,",skc,skc"
1874-03-10 15:00:00,NA,NA,NA,NA,NA,NA,NA,NA,-16.67,NA,-16.44,NA,NA,NA,NA,",skc"
1874-03-10 21:00:00,-5,NA,180,1.42,NA,1002.37,NA,NA,-16.67,NA,-16.39,NA,NA,NA,5,NA
1874-03-11,NA,NA,NA,NA,NA,NA,0,0,NA,NA,NA,-25.72,-15,NA,NA,NA
1874-03-11 09:00:00,-8.89,NA,0,0.78,NA,1000.2,0,NA,-24.11,NA,-23.89,NA,NA,NA,0.8,",skc,skc"
1874-03-11 15:00:00,NA,NA,NA,NA,NA,NA,NA,NA,-23.28,NA,-22.89,NA,NA,NA,NA,",skc"
1874-03-11 21:00:00,-5,NA,NA,0.71,NA,999.87,NA,NA,-23.22,NA,-22.78,NA,NA,NA,0,NA
1874-03-12,NA,NA,NA,NA,NA,NA,0,0,NA,NA,NA,-31.28,-15,NA,NA,",au,"
1874-03-12 09:00:00,-8.33,NA,270,0.64,NA,1001.29,0,NA,-26.11,NA,-25.94,NA,NA,NA,0.54,",skc,skc"
1874-03-12 15:00:00,NA,NA,NA,NA,NA,NA,NA,NA,-24.44,NA,-24.39,NA,NA,NA,NA,",skc"
1874-03-12 21:00:00,-5.56,NA,NA,0.78,NA,998.38,NA,NA,-24.39,NA,-24.28,NA,NA,NA,0,NA
1874-03-13,NA,NA,NA,NA,NA,NA,0,0,NA,NA,NA,-31.06,-4.89,NA,NA,NA
1874-03-13 09:00:00,-6.11,NA,180,1.25,NA,995.6,0,NA,-18.67,NA,-18.44,NA,NA,NA,1.61,",skc,skc"
1874-03-13 15:00:00,NA,NA,NA,NA,NA,NA,NA,NA,-6.67,NA,-6.44,NA,NA,NA,NA,",bkn,bkn"
1874-03-13 21:00:00,3.33,NA,90,3.49,NA,988.22,NA,NA,-6.67,NA,-6.44,NA,NA,NA,16,NA
1874-03-14,NA,NA,NA,NA,NA,NA,0.762,7.62,NA,NA,NA,-6.72,0.56,NA,NA,",sn,"
1874-03-14 09:00:00,3.89,NA,180,4.33,NA,979.75,0,NA,-3.89,NA,-3.5,NA,NA,NA,11.94,",ovc,ovc"
1874-03-14 15:00:00,NA,NA,NA,NA,NA,NA,NA,NA,-2.72,NA,-2.33,NA,NA,NA,NA,",skc"
1874-03-14 21:00:00,8.33,NA,180,4.74,NA,981.38,NA,NA,-2.78,NA,-2.39,NA,NA,NA,27,NA
1874-03-15,NA,NA,NA,NA,NA,NA,0,0,NA,NA,NA,-9.56,2.61,NA,NA,NA
1874-03-15 09:00:00,NA,NA,NA,NA,NA,NA,0,NA,NA,NA,NA,NA,NA,NA,0,NA
1874-03-15 15:00:00,NA,NA,NA,NA,NA,NA,NA,NA,NA,NA,NA,NA,NA,NA,NA,NA
1874-03-15 21:00:00,NA,NA,NA,NA,NA,NA,NA,NA,NA,NA,NA,NA,NA,NA,0,NA
1874-03-16,NA,NA,NA,NA,NA,NA,0,0,NA,NA,NA,0.28,5.72,NA,NA,",ra,"
1874-03-16 09:00:00,11.11,NA,90,6.64,NA,980.97,14.48,NA,1.67,NA,2.11,NA,NA,NA,1.07,",ovc"
1874-03-16 15:00:00,NA,NA,NA,NA,NA,NA,NA,NA,2,NA,2.44,NA,NA,NA,NA,",ovc,ovc"
1874-03-16 21:00:00,12.22,NA,90,6.74,NA,975.69,NA,NA,1.89,NA,2.33,NA,NA,NA,16,NA
1874-03-17,NA,NA,NA,NA,NA,NA,2.184,21.84,NA,NA,NA,-6.28,2.89,NA,NA,",sn,"
1874-03-17 09:00:00,11.11,NA,90,6.1,NA,970.47,0,NA,0.83,NA,1.44,NA,NA,NA,1.88,",ovc,ovc"
1874-03-17 15:00:00,NA,NA,NA,NA,NA,NA,NA,NA,-2.72,NA,-5.67,NA,NA,NA,NA,",ovc,ovc"
1874-03-17 21:00:00,7.78,NA,270,3.59,NA,978.06,NA,NA,-6.11,NA,-5.72,NA,NA,NA,45,NA
1874-03-18,NA,NA,NA,NA,NA,NA,0,0,NA,NA,NA,-11.61,-3.89,NA,NA,",au,"
1874-03-18 09:00:00,2.78,NA,0,3.01,NA,988.01,0,NA,-8.56,NA,-8.33,NA,NA,NA,1.88,",bkn"
1874-03-18 15:00:00,NA,NA,NA,NA,NA,NA,NA,NA,-11.61,NA,-11.22,NA,NA,NA,NA,",skc"
1874-03-18 21:00:00,3.33,NA,0,2.17,NA,989.98,NA,NA,-11.67,NA,-11.22,NA,NA,NA,1,NA
1874-03-19,NA,NA,NA,NA,NA,NA,10.16,101.6,NA,NA,NA,-15.78,-3.33,NA,NA,",sn,"
1874-03-19 09:00:00,1.11,NA,180,2.95,NA,983.34,0,NA,-8.17,NA,-7.78,NA,NA,NA,1.88,",ovc"
1874-03-19 15:00:00,NA,NA,NA,NA,NA,NA,NA,NA,-9.67,NA,-9.11,NA,NA,NA,NA,",skc"
1874-03-19 21:00:00,3.89,NA,NA,2.47,NA,980.36,NA,NA,-9.72,NA,-9.11,NA,NA,NA,0,NA
1874-03-20,NA,NA,NA,NA,NA,NA,1.524,15.24,NA,NA,NA,-17.44,-5.56,NA,NA,",sn,"
1874-03-20 09:00:00,3.89,NA,0,3.01,NA,979.28,0,NA,-7.56,NA,-7,NA,NA,NA,0.8,",ovc"
1874-03-20 15:00:00,NA,NA,NA,NA,NA,NA,NA,NA,-16.5,NA,-16.33,NA,NA,NA,NA,",skc"
1874-03-20 21:00:00,-2.78,NA,270,1.49,NA,985.44,NA,NA,-16.5,NA,-16.28,NA,NA,NA,5,NA
1874-03-21,NA,NA,NA,NA,NA,NA,4.572,45.72,NA,NA,NA,-17.44,-1.67,NA,NA,NA
1874-03-21 09:00:00,-1.11,NA,180,2.17,NA,985.44,0,NA,-11.06,NA,-10.56,NA,NA,NA,0.54,",ovc,ovc"
1874-03-21 15:00:00,NA,NA,NA,NA,NA,NA,NA,NA,-8.44,NA,-8.06,NA,NA,NA,NA,",ovc"
1874-03-21 21:00:00,2.78,NA,0,2.88,NA,982.05,NA,NA,-8.5,NA,-8.06,NA,NA,NA,27,NA
1874-03-22,NA,NA,NA,NA,NA,NA,0,0,NA,NA,NA,-21.06,-8.22,NA,NA,NA
1874-03-22 09:00:00,NA,NA,NA,NA,NA,NA,0,NA,NA,NA,NA,NA,NA,NA,0,NA
1874-03-22 15:00:00,NA,NA,NA,NA,NA,NA,NA,NA,NA,NA,NA,NA,NA,NA,NA,NA
1874-03-22 21:00:00,NA,NA,NA,NA,NA,NA,NA,NA,NA,NA,NA,NA,NA,NA,0,NA
1874-03-23,NA,NA,NA,NA,NA,NA,0,0,NA,NA,NA,-26.06,-8.33,NA,NA,NA
1874-03-23 09:00:00,-7.78,NA,NA,1.19,NA,1006.1,0,NA,-20.17,NA,-20,NA,NA,NA,0,",skc,skc"
1874-03-23 15:00:00,NA,NA,NA,NA,NA,NA,NA,NA,-16.11,NA,-15.83,NA,NA,NA,NA,",skc"
1874-03-23 21:00:00,-1.11,NA,270,1.49,NA,1000.95,NA,NA,-16.11,NA,-15.83,NA,NA,NA,2,NA
1874-03-24,NA,NA,NA,NA,NA,NA,0,0,NA,NA,NA,-16.89,4.89,NA,NA,NA
1874-03-24 09:00:00,1.67,NA,180,4.27,NA,981.51,0,NA,-4.61,NA,-4.44,NA,NA,NA,2.95,",bkn,bkn"
1874-03-24 15:00:00,NA,NA,NA,NA,NA,NA,NA,NA,-6.61,NA,-6.33,NA,NA,NA,NA,",ovc"
1874-03-24 21:00:00,5,NA,0,3.49,NA,984.22,NA,NA,-6.33,NA,-6.33,NA,NA,NA,2,NA
1874-03-25,NA,NA,NA,NA,NA,NA,0,0,NA,NA,NA,-19.61,-6.33,NA,NA,NA
1874-03-25 09:00:00,-3.33,NA,0,1.29,NA,993.91,0,NA,-17.33,NA,-16.94,NA,NA,NA,1.61,",bkn,bkn"
1874-03-25 15:00:00,NA,NA,NA,NA,NA,NA,NA,NA,-17.11,NA,-16.83,NA,NA,NA,NA,",bkn,bkn"
1874-03-25 21:00:00,-2.22,NA,NA,1.39,NA,991.2,NA,NA,-17.11,NA,-16.78,NA,NA,NA,0,NA
1874-03-26,NA,NA,NA,NA,NA,NA,0,0,NA,NA,NA,-22.78,-7.78,NA,NA,NA
1874-03-26 09:00:00,-5.56,NA,270,1.35,NA,989.37,0,NA,-17.11,NA,-16.78,NA,NA,NA,2.5,",skc,skc"
1874-03-26 15:00:00,NA,NA,NA,NA,NA,NA,NA,NA,-12.22,NA,-12,NA,NA,NA,NA,",bkn,bkn"
1874-03-26 21:00:00,0.56,NA,270,2.03,NA,983,NA,NA,-12.22,NA,-11.94,NA,NA,NA,20,NA
1874-03-27,NA,NA,NA,NA,NA,NA,0,0,NA,NA,NA,-20.44,-11.61,NA,NA,NA
1874-03-27 09:00:00,-6.67,NA,0,1.35,NA,989.23,0,NA,-17.94,NA,-17.78,NA,NA,NA,7.24,",skc,skc"
1874-03-27 15:00:00,NA,NA,NA,NA,NA,NA,NA,NA,-15.61,NA,-15.83,NA,NA,NA,NA,",bkn,bkn"
1874-03-27 21:00:00,-2.78,NA,NA,1.19,NA,994.38,NA,NA,-15.67,NA,-15.94,NA,NA,NA,0,NA
1874-03-28,NA,NA,NA,NA,NA,NA,0,0,NA,NA,NA,-24.94,-6,NA,NA,NA
1874-03-28 09:00:00,-3.33,NA,270,1.56,NA,994.79,0,NA,-16.56,NA,-16.44,NA,NA,NA,10.73,",skc,skc"
1874-03-28 15:00:00,NA,NA,NA,NA,NA,NA,NA,NA,-13.28,NA,-13,NA,NA,NA,NA,",skc"
1874-03-28 21:00:00,0.56,NA,NA,1.93,NA,993.09,NA,NA,-13.28,NA,-13,NA,NA,NA,0,NA
1874-03-29,NA,NA,NA,NA,NA,NA,0,0,NA,NA,NA,-18.78,-2.78,NA,NA,NA
1874-03-29 09:00:00,NA,NA,NA,NA,NA,NA,0,NA,NA,NA,NA,NA,NA,NA,0,NA
1874-03-29 15:00:00,NA,NA,NA,NA,NA,NA,NA,NA,NA,NA,NA,NA,NA,NA,NA,NA
1874-03-29 21:00:00,NA,NA,NA,NA,NA,NA,NA,NA,NA,NA,NA,NA,NA,NA,0,NA
1874-03-30,NA,NA,NA,NA,NA,NA,0,0,NA,NA,NA,-21.61,-6.67,NA,NA,NA
1874-03-30 09:00:00,-4.44,NA,0,1.66,NA,998.31,0,NA,-15,NA,-14.67,NA,NA,NA,1.61,",skc,skc"
1874-03-30 15:00:00,NA,NA,NA,NA,NA,NA,NA,NA,-15,NA,-14.94,NA,NA,NA,NA,",skc"
1874-03-30 21:00:00,1.11,NA,270,1.83,NA,1000.41,NA,NA,-15,NA,-14.89,NA,NA,NA,2,NA
1874-03-31,NA,NA,NA,NA,NA,NA,0,0,NA,NA,NA,-19.5,0,NA,NA,NA
1874-03-31 09:00:00,2.22,NA,270,2.64,NA,998.44,0,NA,-9.89,NA,-9.67,NA,NA,NA,1.07,",skc,skc"
1874-03-31 15:00:00,NA,NA,NA,NA,NA,NA,NA,NA,-4.33,NA,-4,NA,NA,NA,NA,",bkn,bkn"
1874-03-31 21:00:00,6.11,NA,180,4.17,NA,984.56,NA,NA,-4.39,NA,-4.06,NA,NA,NA,11,NA
1874-04-01,NA,NA,NA,NA,NA,NA,NA,NA,NA,NA,NA,-11.11,-2.22,NA,NA,NA
1874-04-01 09:00:00,2.78,NA,270,3.66,NA,986.79,NA,NA,-4.78,NA,-3.89,NA,NA,NA,0.89,",skc,skc"
1874-04-01 15:00:00,NA,NA,NA,NA,NA,NA,NA,NA,-11.33,NA,-11.06,NA,NA,NA,NA,",skc,skc"
1874-04-01 21:00:00,1.11,NA,0,2.3,NA,993.84,NA,NA,-11.39,NA,-11.11,NA,NA,NA,27,NA
1874-04-02,NA,NA,NA,NA,NA,NA,NA,NA,NA,NA,NA,-15.72,-4.44,NA,NA,NA
1874-04-02 09:00:00,-2.78,NA,270,1.76,NA,994.65,NA,NA,-14,NA,-13.61,NA,NA,NA,0.89,",bkn,bkn"
1874-04-02 15:00:00,NA,NA,NA,NA,NA,NA,NA,NA,-12.17,NA,-11.89,NA,NA,NA,NA,",skc"
1874-04-02 21:00:00,-2.78,NA,0,2.1,NA,989.98,NA,NA,-12.22,NA,-11.89,NA,NA,NA,27,NA
1874-04-03,NA,NA,NA,NA,NA,NA,NA,NA,NA,NA,NA,-15.83,-9.44,NA,NA,NA
1874-04-04,NA,NA,NA,NA,NA,NA,NA,NA,NA,NA,NA,-16.39,-1.94,NA,NA,NA
1874-04-04 09:00:00,-1.67,NA,0,2.44,NA,996.61,NA,NA,-10.67,NA,-10.44,NA,NA,NA,0.67,",skc,skc"
1874-04-04 15:00:00,NA,NA,NA,NA,NA,NA,NA,NA,-7.44,NA,-7.17,NA,NA,NA,NA,",skc,skc"
1874-04-04 21:00:00,5.56,NA,180,3.22,NA,988.42,NA,NA,-7.5,NA,-7.22,NA,NA,NA,45,NA
1874-04-05,NA,NA,NA,NA,NA,NA,NA,NA,NA,NA,NA,-10.56,0,NA,NA,NA
1874-04-06,NA,NA,NA,NA,NA,NA,NA,NA,NA,NA,NA,-14.67,-0.83,NA,NA,NA
1874-04-06 09:00:00,0.56,NA,270,2.27,NA,989.3,NA,NA,-11.56,NA,-11.22,NA,NA,NA,1.88,",skc,skc"
1874-04-06 15:00:00,NA,NA,NA,NA,NA,NA,NA,NA,-11.11,NA,-10.56,NA,NA,NA,NA,",skc"
1874-04-06 21:00:00,3.33,NA,225,2.13,NA,987.61,NA,NA,-11.11,NA,-10.56,NA,NA,NA,11,NA
1874-04-07,NA,NA,NA,NA,NA,NA,NA,NA,NA,NA,NA,-16,-1.5,NA,NA,NA
1874-04-07 09:00:00,2.22,NA,135,3.08,NA,988.83,NA,NA,-7.67,NA,-7.22,NA,NA,NA,0.54,",skc,skc"
1874-04-07 15:00:00,NA,NA,NA,NA,NA,NA,NA,NA,-10.94,NA,-10.67,NA,NA,NA,NA,",skc"
1874-04-07 21:00:00,4.44,NA,0,2.37,NA,993.91,NA,NA,-10.94,NA,-10.67,NA,NA,NA,20,NA
1874-04-08,NA,NA,NA,NA,NA,NA,NA,NA,NA,NA,NA,-14.83,-2.22,NA,NA,NA
1874-04-08 09:00:00,0,NA,0,1.79,NA,1002.37,NA,NA,-15,NA,-14.83,NA,NA,NA,1.74,",bkn"
1874-04-08 15:00:00,NA,NA,NA,NA,NA,NA,NA,NA,-6.67,NA,-6.33,NA,NA,NA,NA,",ovc"
1874-04-08 21:00:00,7.22,NA,180,3.42,NA,994.24,NA,NA,-6.67,NA,-6.39,NA,NA,NA,15,NA
1874-04-09,NA,NA,NA,NA,NA,NA,NA,NA,NA,NA,NA,-6.67,7.22,NA,NA,NA
1874-04-09 09:00:00,7.78,NA,180,5.52,NA,987.54,NA,NA,0,NA,0.83,NA,NA,NA,0.54,",ovc,ovc"
1874-04-09 15:00:00,NA,NA,NA,NA,NA,NA,NA,NA,-1.94,NA,-1.17,NA,NA,NA,NA,",ovc"
1874-04-09 21:00:00,8.89,NA,0,4.77,NA,989.1,NA,NA,-2.06,NA,-1.22,NA,NA,NA,0,NA
1874-04-10,NA,NA,NA,NA,NA,NA,NA,NA,NA,NA,NA,-11.83,-0.28,NA,NA,NA
1874-04-10 09:00:00,6.67,NA,45,4.5,NA,994.45,NA,NA,-3.28,NA,-2.78,NA,NA,NA,1.07,",ovc,ovc"
1874-04-10 15:00:00,NA,NA,NA,NA,NA,NA,NA,NA,-11.67,NA,-11.56,NA,NA,NA,NA,",skc"
1874-04-10 21:00:00,2.22,NA,0,2.34,NA,1000.27,NA,NA,-11.72,NA,-11.56,NA,NA,NA,25,NA
1874-04-11,NA,NA,NA,NA,NA,NA,NA,NA,NA,NA,NA,-15.94,1.78,NA,NA,NA
1874-04-11 09:00:00,3.89,NA,45,1.93,NA,1004.06,NA,NA,-11,NA,-10.11,NA,NA,NA,2.41,",skc,skc"
1874-04-11 15:00:00,NA,NA,NA,NA,NA,NA,NA,NA,-8.06,NA,-7.06,NA,NA,NA,NA,",skc,skc"
1874-04-11 21:00:00,6.67,NA,0,2.54,NA,996.34,NA,NA,-8.11,NA,-7.06,NA,NA,NA,5,NA
1874-04-12,NA,NA,NA,NA,NA,NA,NA,NA,NA,NA,NA,-9.11,9.89,NA,NA,NA
1874-04-13,NA,NA,NA,NA,NA,NA,NA,NA,NA,NA,NA,-7.39,8.33,NA,NA,NA
1874-04-13 09:00:00,11.67,NA,180,7.25,NA,970.2,NA,NA,3.89,NA,5,NA,NA,NA,1.07,",bkn,bkn"
1874-04-13 15:00:00,NA,NA,NA,NA,NA,NA,NA,NA,-0.17,NA,0.67,NA,NA,NA,NA,",skc"
1874-04-13 21:00:00,9.44,NA,0,5.49,NA,980.7,NA,NA,-0.28,NA,0.56,NA,NA,NA,45,NA
1874-04-14,NA,NA,NA,NA,NA,NA,NA,NA,NA,NA,NA,-5.39,2.78,NA,NA,NA
1874-04-14 09:00:00,3.89,NA,0,4.06,NA,986.69,NA,NA,-3.56,NA,-2.67,NA,NA,NA,6.79,",ovc"
1874-04-14 15:00:00,NA,NA,NA,NA,NA,NA,NA,NA,-6.06,NA,-5.11,NA,NA,NA,NA,",skc,skc"
1874-04-14 21:00:00,6.11,NA,0,3.18,NA,993.91,NA,NA,-6.11,NA,-5.22,NA,NA,NA,0,NA
1874-04-15,NA,NA,NA,NA,NA,NA,NA,NA,NA,NA,NA,-9.11,2,NA,NA,NA
1874-04-15 09:00:00,5,NA,315,3.86,NA,998.24,NA,NA,-5,NA,-4.56,NA,NA,NA,1.34,",skc,skc"
1874-04-15 15:00:00,NA,NA,NA,NA,NA,NA,NA,NA,-1.56,NA,-1.11,NA,NA,NA,NA,",bkn,bkn"
1874-04-15 21:00:00,7.78,NA,NA,5.11,NA,995.94,NA,NA,-1.67,NA,-1.22,NA,NA,NA,0,NA
1874-04-16,NA,NA,NA,NA,NA,NA,NA,NA,NA,NA,NA,-3.22,7.94,NA,NA,NA
1874-04-16 09:00:00,8.89,NA,90,6.43,NA,999.12,NA,NA,1.83,NA,2.39,NA,NA,NA,1.88,",bkn,bkn"
1874-04-16 15:00:00,NA,NA,NA,NA,NA,NA,NA,NA,0.33,NA,1.67,NA,NA,NA,NA,",ovc,ovc"
1874-04-16 21:00:00,11.11,NA,NA,5.22,NA,995.6,NA,NA,0.22,NA,1.56,NA,NA,NA,0,NA
1874-04-17,NA,NA,NA,NA,NA,NA,NA,NA,NA,NA,NA,-9.44,2.67,NA,NA,NA
1874-04-17 09:00:00,10.56,NA,90,5.76,NA,989.84,NA,NA,0.28,NA,1,NA,NA,NA,0.54,",ovc,ovc"
1874-04-17 15:00:00,NA,NA,NA,NA,NA,NA,NA,NA,-9.78,NA,-9.39,NA,NA,NA,NA,",ovc,ovc"
1874-04-17 21:00:00,0.56,NA,0,2.57,NA,992.21,NA,NA,-9.83,NA,-9.44,NA,NA,NA,45,NA
1874-04-18,NA,NA,NA,NA,NA,NA,NA,NA,NA,NA,NA,-12.22,-2.22,NA,NA,NA
1874-04-18 09:00:00,-0.56,NA,0,2.1,NA,996.89,NA,NA,-11.56,NA,-11.11,NA,NA,NA,2.41,",bkn"
1874-04-18 15:00:00,NA,NA,NA,NA,NA,NA,NA,NA,-11.89,NA,-11.39,NA,NA,NA,NA,",skc,skc"
1874-04-18 21:00:00,3.33,NA,NA,2,NA,999.26,NA,NA,-11.89,NA,-11.39,NA,NA,NA,0,NA
1874-04-19,NA,NA,NA,NA,NA,NA,NA,NA,NA,NA,NA,-12.11,1.44,NA,NA,NA
1874-04-20,NA,NA,NA,NA,NA,NA,NA,NA,NA,NA,NA,-5.78,6.94,NA,NA,NA
1874-04-20 09:00:00,4.44,NA,90,4.74,NA,995.26,NA,NA,-2.56,NA,-1.94,NA,NA,NA,0.27,",skc"
1874-04-20 15:00:00,NA,NA,NA,NA,NA,NA,NA,NA,-2.39,NA,-1.61,NA,NA,NA,NA,",bkn,bkn"
1874-04-20 21:00:00,8.33,NA,315,4.57,NA,991.53,NA,NA,-2.5,NA,-1.67,NA,NA,NA,1,NA
1874-04-21,NA,NA,NA,NA,NA,NA,NA,NA,NA,NA,NA,-8.17,-0.56,NA,NA,NA
1874-04-21 09:00:00,6.67,NA,0,4.03,NA,993.3,NA,NA,-4.28,NA,-3.72,NA,NA,NA,2.95,",bkn,bkn"
1874-04-21 15:00:00,NA,NA,NA,NA,NA,NA,NA,NA,-8,NA,-7.78,NA,NA,NA,NA,",bkn,bkn"
1874-04-21 21:00:00,6.11,NA,NA,3.08,NA,996.28,NA,NA,-8.06,NA,-7.78,NA,NA,NA,0,NA
1874-04-22,NA,NA,NA,NA,NA,NA,NA,NA,NA,NA,NA,-9.44,2,NA,NA,NA
1874-04-22 09:00:00,1.11,0,0,3.96,NA,997.56,NA,NA,-5,NA,-4.67,NA,NA,NA,2.95,",bkn"
1874-04-22 15:00:00,NA,NA,NA,NA,NA,NA,NA,NA,-5.39,NA,-5.22,NA,NA,NA,NA,",skc,skc"
1874-04-22 21:00:00,5.56,NA,NA,3.93,NA,993.3,NA,NA,-5.44,NA,-5.56,NA,NA,NA,0,NA
1874-04-23,NA,NA,NA,NA,NA,NA,NA,NA,NA,NA,NA,-6.78,10.39,NA,NA,NA
1874-04-23 09:00:00,7.22,NA,270,5.89,NA,989.23,NA,NA,0.67,NA,1.39,NA,NA,NA,1.61,",skc,skc"
1874-04-23 15:00:00,NA,NA,NA,NA,NA,NA,NA,NA,-0.17,NA,1.5,NA,NA,NA,NA,",bkn,bkn"
1874-04-23 21:00:00,9.44,NA,135,4.88,NA,980.83,NA,NA,-0.28,NA,1.39,NA,NA,NA,2,NA
1874-04-24,NA,NA,NA,NA,NA,NA,0,0,NA,NA,NA,-0.17,7.39,NA,NA,NA
1874-04-24 09:00:00,10,NA,90,5.69,NA,974.94,4.57,NA,2.06,NA,3.89,NA,NA,NA,1.61,",ovc"
1874-04-24 15:00:00,NA,NA,NA,NA,NA,NA,NA,NA,0.94,NA,2.72,NA,NA,NA,NA,",skc"
1874-04-24 21:00:00,10,0,0,4.91,NA,982.05,NA,NA,0.83,NA,2.61,NA,NA,NA,27,NA
1874-04-25,NA,NA,NA,NA,NA,NA,NA,NA,NA,NA,NA,-6.61,-0.72,NA,NA,NA
1874-04-25 09:00:00,4.44,NA,0,3.28,NA,992.62,NA,NA,-4.72,NA,-3.33,NA,NA,NA,5.63,",skc"
1874-04-25 15:00:00,NA,NA,NA,NA,NA,NA,NA,NA,-6.61,NA,-6.22,NA,NA,NA,NA,",skc"
1874-04-25 21:00:00,5,NA,0,3.39,NA,996.65,NA,NA,-6.67,NA,-6.22,NA,NA,NA,5,NA
1874-04-26,NA,NA,NA,NA,NA,NA,NA,NA,NA,NA,NA,-8.22,0.83,NA,NA,NA
1874-04-27,NA,NA,NA,NA,NA,NA,NA,NA,NA,NA,NA,-2.61,10,NA,NA,NA
1874-04-27 09:00:00,7.78,NA,45,6.23,NA,997.02,NA,NA,1.94,NA,3.06,NA,NA,NA,1.07,",ovc,ovc"
1874-04-27 15:00:00,NA,NA,NA,NA,NA,NA,NA,NA,2,NA,3.17,NA,NA,NA,NA,",skc"
1874-04-27 21:00:00,10.56,NA,NA,5.15,NA,998.1,NA,NA,1.89,NA,3.06,NA,NA,NA,0,NA
1874-04-28,NA,NA,NA,NA,NA,NA,NA,NA,NA,NA,NA,-1.06,10.67,NA,NA,NA
1874-04-28 09:00:00,10.56,NA,135,7.21,NA,999.66,NA,NA,4.44,NA,6,NA,NA,NA,1.07,",ovc"
1874-04-28 15:00:00,NA,NA,NA,NA,NA,NA,NA,NA,5.67,NA,7.17,NA,NA,NA,NA,",skc"
1874-04-28 21:00:00,13.33,NA,180,7.96,NA,991.87,NA,NA,5.56,NA,7.06,NA,NA,NA,12,NA
1874-04-29,NA,NA,NA,NA,NA,NA,NA,NA,NA,NA,NA,3.06,23.89,NA,NA,NA
1874-04-29 09:00:00,14.44,NA,180,8.64,NA,987.47,NA,NA,8.17,NA,11,NA,NA,NA,2.32,",skc,skc"
1874-04-29 15:00:00,NA,NA,NA,NA,NA,NA,NA,NA,8.17,NA,10.11,NA,NA,NA,NA,",bkn,bkn"
1874-04-29 21:00:00,16.11,NA,90,9.24,NA,985.47,NA,NA,8.06,NA,10,NA,NA,NA,2,NA
1874-04-30,NA,NA,NA,NA,NA,NA,NA,NA,NA,NA,NA,2.94,21.67,NA,NA,NA
1874-04-30 09:00:00,15.56,NA,180,9.18,NA,985.57,NA,NA,10,NA,13.89,NA,NA,NA,2.41,",skc,skc"
1874-04-30 15:00:00,NA,NA,NA,NA,NA,NA,NA,NA,6.94,NA,9.56,NA,NA,NA,NA,",skc"
1874-04-30 21:00:00,15.56,NA,180,7.92,NA,984.63,NA,NA,6.83,NA,9.44,NA,NA,NA,2,NA
1874-05-01,NA,NA,NA,NA,NA,NA,NA,NA,NA,NA,NA,5.17,20,NA,NA,NA
1874-05-01 09:00:00,14.44,NA,90,9.31,NA,986.35,NA,NA,9.39,NA,12.56,NA,NA,NA,2.41,",bkn,bkn"
1874-05-01 15:00:00,NA,NA,NA,NA,NA,NA,NA,NA,4.28,NA,7.89,NA,NA,NA,NA,",bkn,bkn"
1874-05-01 21:00:00,14.44,NA,90,5.38,NA,988.55,NA,NA,4.17,NA,7.78,NA,NA,NA,5,NA
1874-05-02,NA,NA,NA,NA,NA,NA,NA,NA,NA,NA,NA,1,15.56,NA,NA,NA
1874-05-02 09:00:00,10.56,NA,45,3.45,NA,993.5,NA,NA,2.61,NA,7.61,NA,NA,NA,4.56,",skc,skc"
1874-05-02 15:00:00,NA,NA,NA,NA,NA,NA,NA,NA,3.72,NA,5.67,NA,NA,NA,NA,",skc"
1874-05-02 21:00:00,11.11,NA,90,6.4,NA,997.29,NA,NA,3.61,NA,5.56,NA,NA,NA,14,NA
1874-05-03,NA,NA,NA,NA,NA,NA,NA,NA,NA,NA,NA,-0.94,16.11,NA,NA,NA
1874-05-04,NA,NA,NA,NA,NA,NA,NA,NA,NA,NA,NA,1.83,21.67,NA,NA,NA
1874-05-04 09:00:00,10.56,NA,0,7.52,NA,1001.76,NA,NA,7.39,NA,10.89,NA,NA,NA,1.07,",skc,skc"
1874-05-04 15:00:00,NA,NA,NA,NA,NA,NA,NA,NA,7.11,NA,8.61,NA,NA,NA,NA,",bkn,bkn"
1874-05-04 21:00:00,11.67,NA,45,8.87,NA,997.29,NA,NA,7,NA,8.5,NA,NA,NA,0,NA
1874-05-05,NA,NA,NA,NA,NA,NA,NA,NA,NA,NA,NA,2.94,19.72,NA,NA,NA
1874-05-05 09:00:00,11.11,NA,45,8.09,NA,996,NA,NA,9.44,NA,14.17,NA,NA,NA,1.07,",bkn,bkn"
1874-05-05 15:00:00,NA,NA,NA,NA,NA,NA,NA,NA,5.11,NA,8.17,NA,NA,NA,NA,",bkn,bkn"
1874-05-05 21:00:00,11.67,NA,45,6.33,NA,994.65,NA,NA,5,NA,8.06,NA,NA,NA,20,NA
1874-05-06,NA,NA,NA,NA,NA,NA,NA,NA,NA,NA,NA,2.44,25.72,NA,NA,NA
1874-05-06 09:00:00,11.11,NA,45,7.69,NA,994.85,NA,NA,7.78,NA,11.39,NA,NA,NA,0.54,",skc,skc"
1874-05-06 15:00:00,NA,NA,NA,NA,NA,NA,NA,NA,7.67,NA,9.83,NA,NA,NA,NA,",skc,skc"
1874-05-06 21:00:00,12.78,NA,180,9.75,NA,990.52,NA,NA,7.56,NA,9.72,NA,NA,NA,2,NA
1874-05-07,NA,NA,NA,NA,NA,NA,NA,NA,NA,NA,NA,4.83,27.94,NA,NA,NA
1874-05-07 09:00:00,13.33,NA,180,8.06,NA,988.22,NA,NA,10.72,NA,16.78,NA,NA,NA,1.88,",skc,skc"
1874-05-07 15:00:00,NA,NA,NA,NA,NA,NA,NA,NA,11.39,NA,14.28,NA,NA,NA,NA,",skc,skc"
1874-05-07 21:00:00,15,NA,90,11.04,NA,977.45,NA,NA,11.28,NA,14.22,NA,NA,NA,16,NA
1874-05-08,NA,NA,NA,NA,NA,NA,NA,NA,NA,NA,NA,10.33,34.89,NA,NA,NA
1874-05-08 09:00:00,16.67,NA,180,12.53,NA,971.62,NA,NA,15.78,NA,22.22,NA,NA,NA,4.74,",skc,skc"
1874-05-08 15:00:00,NA,NA,NA,NA,NA,NA,NA,NA,15.83,NA,21.72,NA,NA,NA,NA,",bkn,bkn"
1874-05-08 21:00:00,20.56,NA,270,13.11,NA,968.51,NA,NA,15.78,NA,21.67,NA,NA,NA,11,NA
1874-05-09,NA,NA,NA,NA,NA,NA,NA,NA,NA,NA,NA,9.17,22.22,NA,NA,NA
1874-05-09 09:00:00,16.11,NA,0,8.94,NA,971.28,NA,NA,9.17,NA,12.5,NA,NA,NA,1.88,",skc"
1874-05-09 15:00:00,NA,NA,NA,NA,NA,NA,NA,NA,7.89,NA,9.67,NA,NA,NA,NA,",ovc"
1874-05-09 21:00:00,15,NA,0,9.14,NA,978.06,NA,NA,7.78,NA,9.56,NA,NA,NA,45,NA
1874-05-10,NA,NA,NA,NA,NA,NA,NA,NA,NA,NA,NA,3.11,25.28,NA,NA,NA
1874-05-10 09:00:00,NA,NA,NA,NA,NA,NA,11.68,NA,NA,NA,NA,NA,NA,NA,NA,NA
1874-05-11,NA,NA,NA,NA,NA,NA,NA,NA,NA,NA,NA,0.39,18.44,NA,NA,NA
1874-05-11 09:00:00,11.67,NA,0,NA,NA,978.46,NA,NA,7.22,NA,7.22,NA,NA,NA,2.73,",ovc,ovc"
1874-05-11 15:00:00,NA,NA,NA,NA,NA,NA,NA,NA,-1,NA,2,NA,NA,NA,NA,",ovc,ovc"
1874-05-11 21:00:00,9.44,NA,315,NA,NA,985.85,NA,NA,-1.11,NA,1.94,NA,NA,NA,2,NA
1874-05-12,NA,NA,NA,NA,NA,NA,NA,NA,NA,NA,NA,0,12.94,NA,NA,NA
1874-05-12 09:00:00,7.78,NA,0,6.43,NA,991.6,NA,NA,2.94,NA,4.44,NA,NA,NA,1.88,",bkn"
1874-05-12 15:00:00,NA,NA,NA,NA,NA,NA,NA,NA,1.22,NA,1.61,NA,NA,NA,NA,",skc"
1874-05-12 21:00:00,9.44,NA,0,6.4,NA,996,NA,NA,1.11,NA,1.5,NA,NA,NA,1,NA
1874-05-13,NA,NA,NA,NA,NA,NA,NA,NA,NA,NA,NA,-1.89,21.5,NA,NA,NA
1874-05-13 09:00:00,8.33,NA,NA,6.5,NA,999.73,NA,NA,3.33,NA,5,NA,NA,NA,0,",skc,skc"
1874-05-13 15:00:00,NA,NA,NA,NA,NA,NA,NA,NA,6.78,NA,7.94,NA,NA,NA,NA,",bkn,bkn"
1874-05-13 21:00:00,10,NA,NA,8.91,NA,996.75,NA,NA,6.67,NA,7.94,NA,NA,NA,0,NA
1874-05-14,NA,NA,NA,NA,NA,NA,NA,NA,NA,NA,NA,2.22,20.83,NA,NA,NA
1874-05-14 09:00:00,10.56,NA,180,9.14,NA,994.58,NA,NA,9.61,NA,13.17,NA,NA,NA,1.61,",bkn"
1874-05-14 15:00:00,NA,NA,NA,NA,NA,NA,NA,NA,8.11,NA,9.83,NA,NA,NA,NA,",bkn,bkn"
1874-05-14 21:00:00,11.67,NA,45,9.35,NA,993.02,NA,NA,8,NA,9.72,NA,NA,NA,27,NA
1874-05-15,NA,NA,NA,NA,NA,NA,NA,NA,NA,NA,NA,2.33,14.61,NA,NA,NA
1874-05-15 09:00:00,11.11,NA,0,9.72,NA,993.91,2.29,NA,8.61,NA,10.44,NA,NA,NA,1.61,",bkn,bkn"
1874-05-15 15:00:00,NA,NA,NA,NA,NA,NA,NA,NA,4.83,NA,5.39,NA,NA,NA,NA,",bkn,bkn"
1874-05-15 21:00:00,11.11,NA,0,8.2,NA,993.23,NA,NA,4.72,NA,5.28,NA,NA,NA,2,NA
1874-05-16,NA,NA,NA,NA,NA,NA,NA,NA,NA,NA,NA,0.11,14.78,NA,NA,NA
1874-05-16 09:00:00,10,NA,0,7.48,NA,992.62,NA,NA,6.11,NA,8.61,NA,NA,NA,1.07,",bkn,bkn"
1874-05-16 15:00:00,NA,NA,NA,NA,NA,NA,NA,NA,3.17,NA,4.56,NA,NA,NA,NA,",bkn,bkn"
1874-05-16 21:00:00,10,NA,0,6.64,NA,993.16,NA,NA,2.78,NA,4.44,NA,NA,NA,20,NA
1874-05-17,NA,NA,NA,NA,NA,NA,NA,NA,NA,NA,NA,-1.89,19.44,NA,NA,NA
1874-05-17 09:00:00,NA,NA,NA,NA,NA,NA,0.76,NA,NA,NA,NA,NA,NA,NA,NA,NA
1874-05-18,NA,NA,NA,NA,NA,NA,NA,NA,NA,NA,NA,6.5,28.67,NA,NA,NA
1874-05-18 09:00:00,10.56,NA,225,9.96,NA,988.83,NA,NA,8.89,NA,10.61,NA,NA,NA,2.95,",bkn,bkn"
1874-05-18 15:00:00,NA,NA,NA,NA,NA,NA,NA,NA,12.44,NA,14.17,NA,NA,NA,NA,",bkn,bkn"
1874-05-18 21:00:00,13.33,NA,270,12.97,NA,986.93,NA,NA,12.33,NA,14.06,NA,NA,NA,0,NA
1874-05-19,NA,NA,NA,NA,NA,NA,NA,NA,NA,NA,NA,10.67,16.39,NA,NA,NA
1874-05-19 09:00:00,11.11,NA,0,8.33,NA,992.48,NA,NA,7.61,NA,10.33,NA,NA,NA,1.88,",bkn"
1874-05-19 15:00:00,NA,NA,NA,NA,NA,NA,NA,NA,4.72,NA,5.56,NA,NA,NA,NA,",skc"
1874-05-19 21:00:00,6.11,NA,0,7.89,NA,994.51,NA,NA,4.61,NA,5.44,NA,NA,NA,5,NA
1874-05-20,NA,NA,NA,NA,NA,NA,NA,NA,NA,NA,NA,-0.17,22,NA,NA,NA
1874-05-20 09:00:00,10.56,NA,0,8.36,NA,995.6,NA,NA,7.83,NA,10.67,NA,NA,NA,1.07,",bkn"
1874-05-20 15:00:00,NA,NA,NA,NA,NA,NA,NA,NA,10.44,NA,12.06,NA,NA,NA,NA,",bkn,bkn"
1874-05-20 21:00:00,17.22,NA,NA,11.24,NA,993.43,NA,NA,10.33,NA,11.94,NA,NA,NA,0,NA
1874-05-21,NA,NA,NA,NA,NA,NA,NA,NA,NA,NA,NA,8.83,20.72,NA,NA,NA
1874-05-21 09:00:00,12.78,NA,90,10.7,NA,993.57,6.6,NA,11.89,NA,15.83,NA,NA,NA,0.54,",bkn,bkn"
1874-05-21 15:00:00,NA,NA,NA,NA,NA,NA,NA,NA,10.94,NA,12.22,NA,NA,NA,NA,",ovc"
1874-05-21 21:00:00,13.33,NA,0,11.99,NA,988.55,NA,NA,11,NA,12.11,NA,NA,NA,11,NA
1874-05-22,NA,NA,NA,NA,NA,NA,NA,NA,NA,NA,NA,10.56,22.22,NA,NA,NA
1874-05-22 09:00:00,13.89,NA,135,14.46,NA,982.32,NA,NA,13.06,NA,13.78,NA,NA,NA,1.07,",ovc,ovc"
1874-05-22 15:00:00,NA,NA,NA,NA,NA,NA,NA,NA,11.78,NA,12.33,NA,NA,NA,NA,",ovc"
1874-05-22 21:00:00,15.56,NA,0,13.27,NA,981.24,NA,NA,11.67,NA,12.22,NA,NA,NA,5,NA
1874-05-23,NA,NA,NA,NA,NA,NA,NA,NA,NA,NA,NA,8.89,21.67,NA,NA,NA
1874-05-23 09:00:00,15,NA,0,13.61,NA,982.05,NA,NA,12.83,NA,14.39,NA,NA,NA,0.45,",ovc,ovc"
1874-05-23 15:00:00,NA,NA,NA,NA,NA,NA,NA,NA,15.11,NA,15.78,NA,NA,NA,NA,",ovc,ovc"
1874-05-23 21:00:00,16.11,NA,NA,16.53,NA,979.14,NA,NA,15,NA,15.67,NA,NA,NA,0,NA
1874-05-24,NA,NA,NA,NA,NA,NA,NA,NA,NA,NA,NA,11.39,26.11,NA,NA,NA
1874-05-24 09:00:00,NA,NA,NA,NA,NA,NA,1.78,NA,NA,NA,NA,NA,NA,NA,NA,NA
1874-05-25,NA,NA,NA,NA,NA,NA,NA,NA,NA,NA,NA,7.5,30.67,NA,NA,NA
1874-05-25 09:00:00,14.44,NA,45,11.55,NA,990.52,NA,NA,9.89,NA,10.72,NA,NA,NA,1.61,",ovc"
1874-05-25 15:00:00,NA,NA,NA,NA,NA,NA,NA,NA,12.44,NA,15.67,NA,NA,NA,NA,",bkn,bkn"
1874-05-25 21:00:00,15.56,NA,180,11.75,NA,982.87,NA,NA,12.33,NA,15.56,NA,NA,NA,27,NA
1874-05-26,NA,NA,NA,NA,NA,NA,NA,NA,NA,NA,NA,10.67,20.17,NA,NA,NA
1874-05-26 09:00:00,16.67,180,180,15.78,NA,974.87,6.35,NA,17.22,NA,21.94,NA,NA,NA,3.22,",bkn"
1874-05-26 15:00:00,NA,NA,NA,NA,NA,NA,NA,NA,17.61,NA,19.72,NA,NA,NA,NA,",bkn,bkn"
1874-05-26 21:00:00,20,NA,270,18.29,NA,974.4,NA,NA,17.22,NA,19.61,NA,NA,NA,0,NA
1874-05-27,NA,NA,NA,NA,NA,NA,NA,NA,NA,NA,NA,7.5,19.17,NA,NA,NA
1874-05-27 09:00:00,11.67,NA,45,12.7,NA,980.97,NA,NA,11.39,NA,12.39,NA,NA,NA,4.56,",ovc"
1874-05-27 15:00:00,NA,NA,NA,NA,NA,NA,NA,NA,9.83,NA,10.72,NA,NA,NA,NA,",ovc"
1874-05-27 21:00:00,15,NA,45,11.38,NA,987.13,NA,NA,9.72,NA,10.61,NA,NA,NA,21,NA
1874-05-28,NA,NA,NA,NA,NA,NA,NA,NA,NA,NA,NA,9.61,22.06,NA,NA,NA
1874-05-28 09:00:00,13.33,NA,45,11.31,NA,986.46,9.4,NA,9.22,NA,9.72,NA,NA,NA,5.63,",ovc,ovc"
1874-05-28 15:00:00,NA,NA,NA,NA,NA,NA,NA,NA,11.5,NA,11.78,NA,NA,NA,NA,",ovc,ovc"
1874-05-28 21:00:00,13.89,NA,90,13.27,NA,985.85,NA,NA,11.39,NA,11.67,NA,NA,NA,12,NA
1874-05-29,NA,NA,NA,NA,NA,NA,NA,NA,NA,NA,NA,11.78,21,NA,NA,NA
1874-05-29 09:00:00,14.44,NA,90,14.19,NA,986.18,NA,NA,12.17,NA,12.22,NA,NA,NA,1.88,",ovc,ovc"
1874-05-29 15:00:00,NA,NA,NA,NA,NA,NA,NA,NA,14.56,NA,14.83,NA,NA,NA,NA,",bkn,bkn"
1874-05-29 21:00:00,15.56,NA,NA,16.22,NA,989.91,NA,NA,3.33,NA,14.72,NA,NA,NA,0,NA
1874-05-30,NA,NA,NA,NA,NA,NA,NA,NA,NA,NA,NA,9.06,22.5,NA,NA,NA
1874-05-30 09:00:00,14.44,225,225,10.19,NA,991.47,NA,NA,10.56,NA,13.33,NA,NA,NA,1.61,",bkn"
1874-05-30 15:00:00,NA,NA,NA,NA,NA,NA,NA,NA,9.94,NA,11.33,NA,NA,NA,NA,",skc"
1874-05-30 21:00:00,15.56,NA,270,11.07,NA,993.5,NA,NA,9.83,NA,11.22,NA,NA,NA,5,NA
1874-05-31,NA,NA,NA,NA,NA,NA,NA,NA,NA,NA,NA,6.28,21.11,NA,NA,NA
1874-06-01,NA,NA,NA,NA,NA,NA,NA,NA,NA,NA,NA,5.72,25.83,NA,NA,NA
1874-06-01 09:00:00,13.89,NA,180,10.94,NA,993.91,5.84,NA,11.72,NA,15.17,NA,NA,NA,0.89,",bkn"
1874-06-01 15:00:00,NA,NA,NA,NA,NA,NA,NA,NA,12.28,NA,13.94,NA,NA,NA,NA,",bkn,bkn"
1874-06-01 21:00:00,15,NA,270,12.87,NA,988.83,NA,NA,12.22,NA,13.89,NA,NA,NA,1,NA
1874-06-02,NA,NA,NA,NA,NA,NA,NA,NA,NA,NA,NA,12.56,21.39,NA,NA,NA
1874-06-02 09:00:00,15,NA,270,15.27,NA,986.52,NA,NA,14.56,NA,16.11,NA,NA,NA,1.07,",ovc"
1874-06-02 15:00:00,NA,NA,NA,NA,NA,NA,NA,NA,13.94,NA,14.22,NA,NA,NA,NA,",ra"
1874-06-02 21:00:00,15.56,NA,270,15.61,NA,984.49,NA,NA,13.89,NA,14.17,NA,NA,NA,5,NA
1874-06-03,NA,NA,NA,NA,NA,NA,NA,NA,NA,NA,NA,7.33,22.5,NA,NA,NA
1874-06-03 09:00:00,16.11,270,270,16.59,NA,982.39,5.08,NA,15.56,NA,16.78,NA,NA,NA,1.07,",bkn"
1874-06-03 15:00:00,NA,NA,NA,NA,NA,NA,NA,NA,14.06,NA,16.33,NA,NA,NA,NA,",ra"
1874-06-03 21:00:00,16.67,270,180,14.09,NA,978.19,NA,NA,14,NA,16.28,NA,NA,NA,0,NA
1874-06-04,NA,NA,NA,NA,NA,NA,NA,NA,NA,NA,NA,9.22,19.44,NA,NA,NA
1874-06-04 09:00:00,13.33,180,180,11.51,NA,977.89,NA,NA,12.78,NA,16.67,NA,NA,NA,0.94,",skc"
1874-06-04 15:00:00,NA,NA,NA,NA,NA,NA,NA,NA,8.39,NA,9,NA,NA,NA,NA,",skc"
1874-06-04 21:00:00,15,180,270,10.5,NA,985.91,NA,NA,8.33,NA,8.94,NA,NA,NA,1,NA
1874-06-05,NA,NA,NA,NA,NA,NA,NA,NA,NA,NA,NA,4.17,22,NA,NA,NA
1874-06-05 09:00:00,15,NA,225,11.18,NA,990.45,NA,NA,11.39,NA,14.17,NA,NA,NA,1.07,",skc,skc"
1874-06-05 15:00:00,NA,NA,NA,NA,NA,NA,NA,NA,13.78,NA,14.72,NA,NA,NA,NA,",bkn,bkn"
1874-06-05 21:00:00,15,270,225,14.9,NA,988.22,NA,NA,13.72,NA,14.61,NA,NA,NA,1,NA
1874-06-06,NA,NA,NA,NA,NA,NA,NA,NA,NA,NA,NA,6.83,19.44,NA,NA,NA
1874-06-06 09:00:00,14.44,135,135,13.75,NA,987.13,NA,NA,12.61,NA,13.67,NA,NA,NA,1.07,",bkn"
1874-06-06 15:00:00,NA,NA,NA,NA,NA,NA,NA,NA,14.28,NA,15.22,NA,NA,NA,NA,",ovc"
1874-06-06 21:00:00,15.56,NA,90,15.41,NA,982.59,NA,NA,14.17,NA,15.11,NA,NA,NA,1,NA
1874-06-07,NA,NA,NA,NA,NA,NA,NA,NA,NA,NA,NA,9.5,24,NA,NA,NA
1874-06-07 09:00:00,NA,NA,NA,NA,NA,NA,6.86,NA,NA,NA,NA,NA,NA,NA,NA,NA
1874-06-07 21:00:00,NA,NA,NA,NA,NA,NA,NA,NA,NA,NA,NA,NA,NA,NA,NA,NA
1874-06-08,NA,NA,NA,NA,NA,NA,NA,NA,NA,NA,NA,4.83,21.39,NA,NA,NA
1874-06-08 09:00:00,12.22,NA,270,NA,NA,985.03,NA,NA,8.06,NA,8.89,NA,NA,NA,2.01,",ovc,ovc"
1874-06-08 15:00:00,NA,NA,NA,NA,NA,NA,NA,NA,6.83,NA,8.67,NA,NA,NA,NA,",bkn"
1874-06-08 21:00:00,12.78,NA,0,NA,NA,991.53,NA,NA,6.78,NA,8.61,NA,NA,NA,27,NA
1874-06-09,NA,NA,NA,NA,NA,NA,NA,NA,NA,NA,NA,1.22,23.06,NA,NA,NA
1874-06-09 09:00:00,11.67,NA,270,9.85,NA,997.02,NA,NA,10.39,NA,13.78,NA,NA,NA,1.61,",skc,skc"
1874-06-09 15:00:00,NA,NA,NA,NA,NA,NA,NA,NA,11.17,NA,12.83,NA,NA,NA,NA,",bkn,bkn"
1874-06-09 21:00:00,13.89,270,0,11.85,NA,997.36,NA,NA,11.11,NA,12.78,NA,NA,NA,2,NA
1874-06-10,NA,NA,NA,NA,NA,NA,NA,NA,NA,NA,NA,7.39,18.06,NA,NA,NA
1874-06-10 09:00:00,13.89,NA,90,11.72,NA,998.98,NA,NA,12.56,NA,15.56,NA,NA,NA,1.07,",bkn"
1874-06-10 15:00:00,NA,NA,NA,NA,NA,NA,NA,NA,10.89,NA,12.83,NA,NA,NA,NA,",bkn,bkn"
1874-06-10 21:00:00,15.56,NA,90,11.34,NA,994.99,NA,NA,10.83,NA,12.78,NA,NA,NA,54,NA
1874-06-11,NA,NA,NA,NA,NA,NA,NA,NA,NA,NA,NA,10.22,25.56,NA,NA,NA
1874-06-11 09:00:00,14.44,NA,90,9.11,NA,992.21,NA,NA,10.56,NA,15,NA,NA,NA,1.07,",bkn"
1874-06-11 15:00:00,NA,NA,NA,NA,NA,NA,NA,NA,9.83,NA,11.28,NA,NA,NA,NA,",bkn"
1874-06-11 21:00:00,14.44,NA,0,10.87,NA,990.11,NA,NA,9.78,NA,11.5,NA,NA,NA,1,NA
1874-06-12,NA,NA,NA,NA,NA,NA,NA,NA,NA,NA,NA,8.5,21,NA,NA,NA
1874-06-12 09:00:00,15.56,NA,270,12.7,NA,987.95,NA,NA,13.94,NA,17.94,NA,NA,NA,1.61,",bkn,bkn"
1874-06-12 15:00:00,NA,NA,NA,NA,NA,NA,NA,NA,12,NA,12.83,NA,NA,NA,NA,",bkn,bkn"
1874-06-12 21:00:00,16.11,NA,90,13.21,NA,986.86,NA,NA,11.94,NA,12.78,NA,NA,NA,2,NA
1874-06-13,NA,NA,NA,NA,NA,NA,NA,NA,NA,NA,NA,8.94,31.17,NA,NA,NA
1874-06-13 09:00:00,16.11,NA,135,14.63,NA,991.06,NA,NA,14.78,NA,17.5,NA,NA,NA,1.07,",bkn,bkn"
1874-06-13 15:00:00,NA,NA,NA,NA,NA,NA,NA,NA,14.17,NA,16.39,NA,NA,NA,NA,",bkn,bkn"
1874-06-13 21:00:00,18.33,NA,0,14.26,NA,993.09,NA,NA,14.06,NA,16.28,NA,NA,NA,2,NA
1874-06-14,NA,NA,NA,NA,NA,NA,NA,NA,NA,NA,NA,8.33,27.78,NA,NA,NA
1874-06-15,NA,NA,NA,NA,NA,NA,NA,NA,NA,NA,NA,10.56,33.89,NA,NA,NA
1874-06-15 09:00:00,18.33,NA,135,17.47,NA,989.03,NA,NA,17.39,NA,20.22,NA,NA,NA,0.54,",bkn"
1874-06-15 15:00:00,NA,NA,NA,NA,NA,NA,NA,NA,16.22,NA,18.06,NA,NA,NA,NA,",bkn,bkn"
1874-06-15 21:00:00,17.22,NA,180,16.83,NA,985.44,NA,NA,16.11,NA,17.94,NA,NA,NA,11,NA
1874-06-16,NA,NA,NA,NA,NA,NA,NA,NA,NA,NA,NA,11.94,28.33,NA,NA,NA
1874-06-16 09:00:00,19.44,NA,315,NA,NA,983.75,NA,NA,17.5,NA,20.56,NA,NA,NA,0.54,",bkn"
1874-06-16 15:00:00,NA,NA,NA,NA,NA,NA,NA,NA,17.28,NA,19,NA,NA,NA,NA,",skc"
1874-06-16 21:00:00,21.11,NA,0,NA,NA,985.17,NA,NA,17.22,NA,18.89,NA,NA,NA,1,NA
1874-06-17,NA,NA,NA,NA,NA,NA,NA,NA,NA,NA,NA,13.94,33.33,NA,NA,NA
1874-06-17 09:00:00,20.56,NA,135,19.88,NA,984.36,NA,NA,19.72,NA,23.5,NA,NA,NA,1.61,",bkn"
1874-06-17 15:00:00,NA,NA,NA,NA,NA,NA,NA,NA,19.94,NA,23.78,NA,NA,NA,NA,",ovc"
1874-06-17 21:00:00,24.44,NA,180,20.05,NA,980.36,NA,NA,19.78,NA,23.61,NA,NA,NA,12,NA
1874-06-18,NA,NA,NA,NA,NA,NA,NA,NA,NA,NA,NA,18.06,30.72,NA,NA,NA
1874-06-18 09:00:00,23.89,NA,180,24.18,NA,979.75,NA,NA,22.22,NA,25.72,NA,NA,NA,5.9,",bkn"
1874-06-18 15:00:00,NA,NA,NA,NA,NA,NA,NA,NA,16.39,NA,18.17,NA,NA,NA,NA,",bkn"
1874-06-18 21:00:00,23.33,NA,180,17.07,NA,986.79,NA,NA,16.28,NA,18.06,NA,NA,NA,11,NA
1874-06-19,NA,NA,NA,NA,NA,NA,NA,NA,NA,NA,NA,11.78,31.67,NA,NA,NA
1874-06-19 09:00:00,22.22,NA,135,11.92,NA,991.2,NA,NA,15.28,NA,21.94,NA,NA,NA,1.07,",skc"
1874-06-19 15:00:00,NA,NA,NA,NA,NA,NA,NA,NA,14.56,NA,17.06,NA,NA,NA,NA,",bkn,bkn"
1874-06-19 21:00:00,22.22,NA,NA,14.39,NA,995.12,NA,NA,14.44,NA,17.11,NA,NA,NA,0,NA
1874-06-20,NA,NA,NA,NA,NA,NA,NA,NA,NA,NA,NA,8.89,33.89,NA,NA,NA
1874-06-20 09:00:00,21.67,NA,135,NA,NA,996.85,18.29,NA,18.44,NA,22.61,NA,NA,NA,2.68,",bkn"
1874-06-20 15:00:00,NA,NA,NA,NA,NA,NA,NA,NA,21.22,NA,23.78,NA,NA,NA,NA,",ra"
1874-06-20 21:00:00,23.89,NA,180,NA,NA,990.52,NA,NA,21.11,NA,23.61,NA,NA,NA,20,NA
1874-06-21,NA,NA,NA,NA,NA,NA,NA,NA,NA,NA,NA,17.22,32.78,NA,NA,NA
1874-06-21 09:00:00,NA,NA,NA,NA,NA,NA,1.27,NA,NA,NA,NA,NA,NA,NA,NA,NA
1874-06-22,NA,NA,NA,NA,NA,NA,NA,NA,NA,NA,NA,12,24,NA,NA,NA
1874-06-22 09:00:00,21.67,NA,270,20.89,NA,988.15,4.83,NA,19.33,NA,21,NA,NA,NA,4.47,",missing"
1874-06-22 15:00:00,NA,NA,NA,NA,NA,NA,NA,NA,16.72,NA,17.33,NA,NA,NA,NA,",ovc,ovc"
1874-06-22 21:00:00,21.67,NA,180,18.35,NA,988.83,NA,NA,16.67,NA,17.22,NA,NA,NA,5,NA
1874-06-23,NA,NA,NA,NA,NA,NA,NA,NA,NA,NA,NA,12.22,30.17,NA,NA,NA
1874-06-23 09:00:00,21.11,NA,0,17,NA,990.25,NA,NA,17.78,NA,21.67,NA,NA,NA,1.88,",bkn"
1874-06-23 15:00:00,NA,NA,NA,NA,NA,NA,NA,NA,22.33,NA,23.28,NA,NA,NA,NA,",bkn,bkn"
1874-06-23 21:00:00,22.78,NA,90,25.97,NA,986.39,NA,NA,22.22,NA,23.11,NA,NA,NA,20,NA
1874-06-24,NA,NA,NA,NA,NA,NA,NA,NA,NA,NA,NA,18.5,34.89,NA,NA,NA
1874-06-24 09:00:00,23.89,NA,180,26.62,NA,983.07,NA,NA,23.33,NA,25.83,NA,NA,NA,5.63,",skc,skc"
1874-06-24 15:00:00,NA,NA,NA,NA,NA,NA,NA,NA,18.5,NA,19.17,NA,NA,NA,NA,",bkn,bkn"
1874-06-24 21:00:00,25,NA,0,19,NA,980.09,NA,NA,18.44,NA,19.06,NA,NA,NA,16,NA
1874-06-25,NA,NA,NA,NA,NA,NA,NA,NA,NA,NA,NA,15.17,25,NA,NA,NA
1874-06-25 09:00:00,22.22,NA,0,16.8,NA,986.79,NA,NA,15.39,NA,15.83,NA,NA,NA,1.88,",bkn"
1874-06-25 15:00:00,NA,NA,NA,NA,NA,NA,NA,NA,14.89,NA,15.39,NA,NA,NA,NA,",bkn,bkn"
1874-06-25 21:00:00,17.78,NA,0,16.39,NA,987.54,NA,NA,14.78,NA,15.28,NA,NA,NA,2,NA
1874-06-26,NA,NA,NA,NA,NA,NA,NA,NA,NA,NA,NA,14.06,26.89,NA,NA,NA
1874-06-26 09:00:00,20.56,NA,90,20.08,NA,983.48,NA,NA,18.5,NA,19.72,NA,NA,NA,0.54,",bkn"
1874-06-26 15:00:00,NA,NA,NA,NA,NA,NA,NA,NA,18.39,NA,18.83,NA,NA,NA,NA,",bkn"
1874-06-26 21:00:00,22.22,180,180,20.62,NA,983.75,NA,NA,18.33,NA,18.72,NA,NA,NA,2,NA
1874-06-27,NA,NA,NA,NA,NA,NA,NA,NA,NA,NA,NA,15,23.5,NA,NA,NA
1874-06-27 09:00:00,21.11,NA,45,NA,NA,982.05,NA,NA,16.94,NA,21.11,NA,NA,NA,1.88,",bkn"
1874-06-27 15:00:00,NA,NA,NA,NA,NA,NA,NA,NA,14.5,NA,16.5,NA,NA,NA,NA,",bkn,bkn"
1874-06-27 21:00:00,20,NA,45,NA,NA,981.58,NA,NA,14.44,NA,16.39,NA,NA,NA,16,NA
1874-06-28,NA,NA,NA,NA,NA,NA,NA,NA,NA,NA,NA,10.11,23.5,NA,NA,NA
1874-06-29,NA,NA,NA,NA,NA,NA,NA,NA,NA,NA,NA,6,25.39,NA,NA,NA
1874-06-29 09:00:00,10.56,NA,90,NA,NA,985.85,NA,NA,12.56,NA,14.67,NA,NA,NA,0.54,",bkn,bkn"
1874-06-29 15:00:00,NA,NA,NA,NA,NA,NA,NA,NA,13.94,NA,15.5,NA,NA,NA,NA,",bkn,bkn"
1874-06-29 21:00:00,18.33,NA,45,NA,NA,985.44,NA,NA,13.89,NA,15.39,NA,NA,NA,11,NA
1874-06-30,NA,NA,NA,NA,NA,NA,NA,NA,NA,NA,NA,13.78,21.44,NA,NA,NA
1874-06-30 09:00:00,17.78,NA,90,16.9,NA,983.75,0,NA,15.11,NA,15.44,NA,NA,NA,1.07,",missing"
1874-06-30 15:00:00,NA,NA,NA,NA,NA,NA,NA,NA,13.22,NA,13.94,NA,NA,NA,NA,NA
1874-06-30 21:00:00,12.78,135,45,13.92,NA,988.01,NA,NA,13.17,NA,13.89,NA,NA,NA,11,NA
1874-07-01,NA,NA,NA,NA,NA,NA,NA,NA,NA,NA,NA,7.5,27.22,NA,NA,NA
1874-07-01 09:00:00,16.67,NA,90,14.26,NA,993.02,0.76,NA,14.44,NA,17.11,NA,NA,NA,0.54,",bkn"
1874-07-01 15:00:00,NA,NA,NA,NA,NA,NA,NA,NA,14.61,NA,15.67,NA,NA,NA,NA,",skc"
1874-07-01 21:00:00,17.78,NA,45,15.68,NA,993.7,NA,NA,14.56,NA,15.56,NA,NA,NA,20,NA
1874-07-02,NA,NA,NA,NA,NA,NA,NA,NA,NA,NA,NA,10.94,27.5,NA,NA,NA
1874-07-02 09:00:00,17.78,NA,90,22.11,NA,990.76,40.39,NA,17.39,NA,18.61,NA,NA,NA,2.41,",bkn"
1874-07-02 15:00:00,NA,NA,NA,NA,NA,NA,NA,NA,19.5,NA,20.28,NA,NA,NA,NA,",ovc"
1874-07-02 21:00:00,21.11,NA,315,21.84,NA,983.54,NA,NA,19.44,NA,20.17,NA,NA,NA,1,NA
1874-07-03,NA,NA,NA,NA,NA,NA,NA,NA,NA,NA,NA,18.94,29.56,NA,NA,",missing,"
1874-07-03 09:00:00,21.11,NA,135,21.98,NA,984.36,NA,NA,19.61,NA,20.56,NA,NA,NA,0.54,",skc"
1874-07-03 15:00:00,NA,NA,NA,NA,NA,NA,NA,NA,19.56,NA,20.17,NA,NA,NA,NA,",skc"
1874-07-03 21:00:00,22.78,NA,NA,22.08,NA,987.13,NA,NA,19.5,NA,20.06,NA,NA,NA,0,NA
1874-07-04,NA,NA,NA,NA,NA,NA,NA,NA,NA,NA,NA,15.56,28.89,NA,NA,NA
1874-07-04 09:00:00,22.22,NA,135,22.08,NA,987.13,21.59,NA,20.78,NA,23.5,NA,NA,NA,2.95,",bkn"
1874-07-04 15:00:00,NA,NA,NA,NA,NA,NA,NA,NA,21.22,NA,22.39,NA,NA,NA,NA,",missing"
1874-07-04 21:00:00,23.89,NA,0,24.04,NA,983.75,NA,NA,21.11,NA,22.22,NA,NA,NA,2,NA
1874-07-05,NA,NA,NA,NA,NA,NA,NA,NA,NA,NA,NA,16.67,27.78,NA,NA,NA
1874-07-06,NA,NA,NA,NA,NA,NA,NA,NA,NA,NA,NA,12.11,33.33,NA,NA,NA
1874-07-06 09:00:00,21.11,NA,NA,16.69,NA,987.71,NA,NA,17.83,NA,22.17,NA,NA,NA,0,",bkn"
1874-07-06 15:00:00,NA,NA,NA,NA,NA,NA,NA,NA,17.06,NA,18.22,NA,NA,NA,NA,",skc,skc"
1874-07-06 21:00:00,22.22,NA,0,18.32,NA,986.39,NA,NA,17,NA,18.11,NA,NA,NA,0,NA
1874-07-07,NA,NA,NA,NA,NA,NA,NA,NA,NA,NA,NA,12.22,28.72,NA,NA,NA
1874-07-07 09:00:00,21.11,NA,270,17.44,NA,988.49,NA,NA,18.06,NA,21.83,NA,NA,NA,0.54,",ra"
1874-07-07 15:00:00,NA,NA,NA,NA,NA,NA,NA,NA,15.61,NA,17.78,NA,NA,NA,NA,",bkn"
1874-07-07 21:00:00,21.67,NA,0,15.88,NA,987.88,NA,NA,15.56,NA,17.67,NA,NA,NA,27,NA
1874-07-08,NA,NA,NA,NA,NA,NA,NA,NA,NA,NA,NA,13.61,27.89,NA,NA,NA
1874-07-08 09:00:00,20.56,NA,90,17.71,NA,987.81,0.76,NA,17.78,NA,20.83,NA,NA,NA,2.41,",skc"
1874-07-08 15:00:00,NA,NA,NA,NA,NA,NA,NA,NA,19.11,NA,20.5,NA,NA,NA,NA,",missing"
1874-07-08 21:00:00,22.78,NA,315,20.93,NA,984.42,NA,NA,19.06,NA,20.39,NA,NA,NA,11,NA
1874-07-09,NA,NA,NA,NA,NA,NA,NA,NA,NA,NA,NA,10.06,27.67,NA,NA,NA
1874-07-09 09:00:00,21.11,NA,315,15.61,NA,987.74,1.27,NA,16.28,NA,19.72,NA,NA,NA,1.07,",ovc"
1874-07-09 15:00:00,NA,NA,NA,NA,NA,NA,NA,NA,14.72,NA,15.94,NA,NA,NA,NA,",bkn"
1874-07-09 21:00:00,20.56,NA,0,15.24,NA,989.23,NA,NA,14.67,NA,15.83,NA,NA,NA,11,NA
1874-07-10,NA,NA,NA,NA,NA,NA,NA,NA,NA,NA,NA,11.39,26.83,NA,NA,NA
1874-07-10 09:00:00,18.33,NA,0,12.67,NA,995.53,NA,NA,13.61,NA,17.11,NA,NA,NA,1.07,",bkn"
1874-07-10 15:00:00,NA,NA,NA,NA,NA,NA,NA,NA,14.17,NA,15.33,NA,NA,NA,NA,",skc"
1874-07-10 21:00:00,19.44,NA,NA,15.14,NA,993.63,NA,NA,14.11,NA,15.28,NA,NA,NA,0,NA
1874-07-11,NA,NA,NA,NA,NA,NA,NA,NA,NA,NA,NA,11.94,27.33,NA,NA,NA
1874-07-11 09:00:00,19.44,NA,225,17.14,NA,991.4,NA,NA,17.22,NA,20.17,NA,NA,NA,2.95,",bkn,bkn"
1874-07-11 15:00:00,NA,NA,NA,NA,NA,NA,NA,NA,18.56,NA,20.67,NA,NA,NA,NA,",ovc"
1874-07-11 21:00:00,21.67,NA,180,19.51,NA,983.75,NA,NA,18.5,NA,20.5,NA,NA,NA,16,NA
1874-07-12,NA,NA,NA,NA,NA,NA,NA,NA,NA,NA,NA,17.5,31.83,NA,NA,NA
1874-07-13,NA,NA,NA,NA,NA,NA,NA,NA,NA,NA,NA,13.5,24.67,NA,NA,NA
1874-07-13 09:00:00,21.67,NA,270,16.53,NA,987.95,6.86,NA,17.22,NA,20.83,NA,NA,NA,0.54,",ovc"
1874-07-13 15:00:00,NA,NA,NA,NA,NA,NA,NA,NA,16.72,NA,17.78,NA,NA,NA,NA,",ra"
1874-07-13 21:00:00,21.67,NA,270,18.69,NA,987.34,NA,NA,16.67,NA,17.67,NA,NA,NA,1,NA
1874-07-14,NA,NA,NA,NA,NA,NA,NA,NA,NA,NA,NA,11.11,24.44,NA,NA,NA
1874-07-14 09:00:00,22.78,NA,225,NA,NA,973.59,0.25,NA,23.06,NA,23.22,NA,NA,NA,1.88,",skc,skc"
1874-07-14 15:00:00,NA,NA,NA,NA,NA,NA,NA,NA,12.39,NA,13.11,NA,NA,NA,NA,",sn"
1874-07-14 21:00:00,20,NA,315,NA,NA,980.5,NA,NA,12.33,NA,13,NA,NA,NA,20,NA
1874-07-15,NA,NA,NA,NA,NA,NA,NA,NA,NA,NA,NA,8.89,30,NA,NA,NA
1874-07-15 09:00:00,18.33,NA,NA,14.9,NA,992.75,NA,NA,14.89,NA,17.22,NA,NA,NA,0,",ovc"
1874-07-15 15:00:00,NA,NA,NA,NA,NA,NA,NA,NA,18.83,NA,19.44,NA,NA,NA,NA,",missing"
1874-07-15 21:00:00,20,NA,180,21.1,NA,988.83,NA,NA,18.78,NA,19.33,NA,NA,NA,12,NA
1874-07-16,NA,NA,NA,NA,NA,NA,NA,NA,NA,NA,NA,13.94,28.44,NA,NA,",missing,"
1874-07-16 09:00:00,20.56,NA,0,24.25,NA,988.01,NA,NA,21.28,NA,22.44,NA,NA,NA,1.34,",ovc"
1874-07-16 15:00:00,NA,NA,NA,NA,NA,NA,NA,NA,16.17,NA,17.78,NA,NA,NA,NA,",skc"
1874-07-16 21:00:00,21.11,NA,NA,16.93,NA,987.74,NA,NA,16.11,NA,17.67,NA,NA,NA,0,NA
1874-07-17,NA,NA,NA,NA,NA,NA,NA,NA,NA,NA,NA,12.28,28.72,NA,NA,NA
1874-07-17 09:00:00,20,NA,NA,15.54,NA,987.95,1.52,NA,16.22,NA,19.61,NA,NA,NA,0,",ovc"
1874-07-17 15:00:00,NA,NA,NA,NA,NA,NA,NA,NA,19.22,NA,21.83,NA,NA,NA,NA,",bkn"
1874-07-17 21:00:00,22.78,NA,180,19.98,NA,982.8,NA,NA,19.17,NA,21.67,NA,NA,NA,2,NA
1874-07-18,NA,NA,NA,NA,NA,NA,NA,NA,NA,NA,NA,11.78,32.06,NA,NA,NA
1874-07-18 09:00:00,21.67,NA,180,NA,NA,978.46,NA,NA,18.89,NA,19.89,NA,NA,NA,3.22,",bkn"
1874-07-18 15:00:00,NA,NA,NA,NA,NA,NA,NA,NA,16.28,NA,17.78,NA,NA,NA,NA,",bkn,bkn"
1874-07-18 21:00:00,23.33,NA,0,NA,NA,977.45,NA,NA,16.22,NA,17.67,NA,NA,NA,11,NA
1874-07-19,NA,NA,NA,NA,NA,NA,NA,NA,NA,NA,NA,10.72,24.28,NA,NA,NA
1874-07-20,NA,NA,NA,NA,NA,NA,NA,NA,NA,NA,NA,9.72,27.94,NA,NA,NA
1874-07-20 09:00:00,18.33,NA,270,NA,NA,995.6,NA,NA,15,NA,19.89,NA,NA,NA,0.27,",bkn"
1874-07-20 15:00:00,NA,NA,NA,NA,NA,NA,NA,NA,16.39,NA,17.61,NA,NA,NA,NA,",bkn"
1874-07-20 21:00:00,20,NA,315,NA,NA,994.31,NA,NA,16.33,NA,17.5,NA,NA,NA,0,NA
1874-07-21,NA,NA,NA,NA,NA,NA,NA,NA,NA,NA,NA,11.44,35.28,NA,NA,NA
1874-07-21 09:00:00,18.89,NA,135,17.24,NA,994.18,2.03,NA,16.89,NA,19.17,NA,NA,NA,1.07,",bkn"
1874-07-21 15:00:00,NA,NA,NA,NA,NA,NA,NA,NA,18.56,NA,22.67,NA,NA,NA,NA,",skc,skc"
1874-07-21 21:00:00,22.78,NA,180,17.88,NA,986.25,NA,NA,18.5,NA,22.5,NA,NA,NA,16,NA
1874-07-22,NA,NA,NA,NA,NA,NA,NA,NA,NA,NA,NA,15.72,28.61,NA,NA,NA
1874-07-22 09:00:00,22.22,NA,180,20.93,NA,981.17,NA,NA,20.22,NA,23.5,NA,NA,NA,5.63,",bkn"
1874-07-22 15:00:00,NA,NA,NA,NA,NA,NA,NA,NA,14.06,NA,17.89,NA,NA,NA,NA,",bkn,bkn"
1874-07-22 21:00:00,22.78,NA,315,12.83,NA,984.15,NA,NA,14,NA,17.78,NA,NA,NA,1,NA
1874-07-23,NA,NA,NA,NA,NA,NA,NA,NA,NA,NA,NA,9.5,30.56,NA,NA,NA
1874-07-23 09:00:00,20.56,NA,270,14.29,NA,988.83,2.29,NA,15.44,NA,19.33,NA,NA,NA,0.4,",skc,skc"
1874-07-23 15:00:00,NA,NA,NA,NA,NA,NA,NA,NA,16.67,NA,20.06,NA,NA,NA,NA,",ovc"
1874-07-23 21:00:00,21.67,NA,135,16.09,NA,982.73,NA,NA,16.61,NA,19.94,NA,NA,NA,12,NA
1874-07-24,NA,NA,NA,NA,NA,NA,NA,NA,NA,NA,NA,17.56,31.22,NA,NA,NA
1874-07-24 09:00:00,21.67,NA,180,17.34,NA,975.96,7.11,NA,18.72,NA,23.72,NA,NA,NA,3.22,",bkn"
1874-07-24 15:00:00,NA,NA,NA,NA,NA,NA,NA,NA,18.56,NA,19.56,NA,NA,NA,NA,",ovc"
1874-07-24 21:00:00,22.78,NA,90,20.42,NA,975.82,NA,NA,18.5,NA,19.44,NA,NA,NA,1,NA
1874-07-25,NA,NA,NA,NA,NA,NA,NA,NA,NA,NA,NA,12.33,19.67,NA,NA,NA
1874-07-25 09:00:00,19.44,NA,0,NA,NA,983.48,NA,NA,14.56,NA,16.11,NA,NA,NA,1.88,",skc,skc"
1874-07-25 15:00:00,NA,NA,NA,NA,NA,NA,NA,NA,11.17,NA,12.17,NA,NA,NA,NA,",ovc,ovc"
1874-07-25 21:00:00,18.33,NA,0,NA,NA,989.23,NA,NA,11.11,NA,12.11,NA,NA,NA,1,NA
1874-07-26,NA,NA,NA,NA,NA,NA,NA,NA,NA,NA,NA,5.83,25,NA,NA,NA
1874-07-26 09:00:00,NA,NA,NA,NA,NA,NA,1.27,NA,NA,NA,NA,NA,NA,NA,NA,NA
1874-07-27,NA,NA,NA,NA,NA,NA,NA,NA,NA,NA,NA,8.5,23.89,NA,NA,NA
1874-07-27 09:00:00,16.67,NA,315,13.71,NA,993.43,4.32,NA,13.5,NA,15.56,NA,NA,NA,1.07,",ovc"
1874-07-27 15:00:00,NA,NA,NA,NA,NA,NA,NA,NA,14.22,NA,17.33,NA,NA,NA,NA,",bkn,bkn"
1874-07-27 21:00:00,18.89,NA,270,13.58,NA,996.07,NA,NA,14.17,NA,17.22,NA,NA,NA,1,NA
1874-07-28,NA,NA,NA,NA,NA,NA,NA,NA,NA,NA,NA,10.39,25.83,NA,NA,NA
1874-07-28 09:00:00,18.33,NA,270,NA,NA,990.86,NA,NA,15.56,NA,17.67,NA,NA,NA,1.88,",ovc"
1874-07-28 15:00:00,NA,NA,NA,NA,NA,NA,NA,NA,14.22,NA,15.39,NA,NA,NA,NA,",bkn,bkn"
1874-07-28 21:00:00,19.44,NA,NA,NA,NA,992.21,NA,NA,14.17,NA,15.33,NA,NA,NA,0,NA
1874-07-29,NA,NA,NA,NA,NA,NA,NA,NA,NA,NA,NA,11.39,23.5,NA,NA,NA
1874-07-29 09:00:00,19.44,NA,90,18.15,NA,989.98,1.02,NA,17.78,NA,20.28,NA,NA,NA,1.07,",bkn"
1874-07-29 15:00:00,NA,NA,NA,NA,NA,NA,NA,NA,17.5,NA,17.78,NA,NA,NA,NA,",bkn,bkn"
1874-07-29 21:00:00,20,NA,NA,19.61,NA,985.44,NA,NA,17.22,NA,17.67,NA,NA,NA,0,NA
1874-07-30,NA,NA,NA,NA,NA,NA,NA,NA,NA,NA,NA,12.61,30.56,NA,NA,NA
1874-07-30 09:00:00,20,NA,270,18.96,NA,984.9,NA,NA,17.94,NA,19.72,NA,NA,NA,1.07,",ovc"
1874-07-30 15:00:00,NA,NA,NA,NA,NA,NA,NA,NA,15.11,NA,18.28,NA,NA,NA,NA,",skc"
1874-07-30 21:00:00,21.67,NA,NA,14.83,NA,984.83,NA,NA,15.06,NA,18.22,NA,NA,NA,0,NA
1874-07-31,NA,NA,NA,NA,NA,NA,NA,NA,NA,NA,NA,9.67,22.5,NA,NA,NA
1874-07-31 09:00:00,18.33,270,315,11.92,NA,986.73,NA,NA,12.94,NA,16.56,NA,NA,NA,0.98,",skc,skc"
1874-07-31 15:00:00,NA,NA,NA,NA,NA,NA,NA,NA,14.33,NA,14.72,NA,NA,NA,NA,",bkn,bkn"
1874-07-31 21:00:00,18.89,270,0,15.95,NA,988.83,NA,NA,14.28,NA,14.61,NA,NA,NA,0,NA
1874-08-01,NA,NA,NA,NA,NA,NA,NA,NA,NA,NA,NA,12.28,23.39,NA,NA,NA
1874-08-01 09:00:00,18.89,NA,0,15.1,NA,993.16,NA,NA,15.28,NA,17.94,NA,NA,NA,0.89,",bkn,bkn"
1874-08-01 15:00:00,NA,NA,NA,NA,NA,NA,NA,NA,11.89,NA,13.44,NA,NA,NA,NA,",skc"
1874-08-01 21:00:00,18.33,NA,45,12.67,NA,993.91,NA,NA,11.83,NA,13.39,NA,NA,NA,2,NA
1874-08-02,NA,NA,NA,NA,NA,NA,NA,NA,NA,NA,NA,6.22,27.72,NA,NA,NA
1874-08-03,NA,NA,NA,NA,NA,NA,NA,NA,NA,NA,NA,11.61,28.28,NA,NA,NA
1874-08-03 09:00:00,18.33,NA,135,15.95,NA,993.91,NA,NA,16.17,NA,19,NA,NA,NA,0.89,NA
1874-08-03 15:00:00,NA,NA,NA,NA,NA,NA,NA,NA,16.61,NA,18.44,NA,NA,NA,NA,",skc"
1874-08-03 21:00:00,20.56,NA,135,17.47,NA,993.36,NA,NA,16.56,NA,18.33,NA,NA,NA,20,NA
1874-08-04,NA,NA,NA,NA,NA,NA,NA,NA,NA,NA,NA,13.11,22.28,NA,NA,NA
1874-08-04 09:00:00,18.89,NA,135,17.98,NA,991.53,24.89,NA,16.56,NA,17.44,NA,NA,NA,2.91,",ovc"
1874-08-04 15:00:00,NA,NA,NA,NA,NA,NA,NA,NA,17.83,NA,18.11,NA,NA,NA,NA,",sn"
1874-08-04 21:00:00,20,NA,180,20.01,NA,990.99,NA,NA,17.78,NA,18.06,NA,NA,NA,11,NA
1874-08-05,NA,NA,NA,NA,NA,NA,NA,NA,NA,NA,NA,12.33,24.06,NA,NA,NA
1874-08-05 09:00:00,19.44,NA,NA,NA,NA,991.53,3.81,NA,17.78,NA,17.94,NA,NA,NA,0,",ovc"
1874-08-05 15:00:00,NA,NA,NA,NA,NA,NA,NA,NA,18,NA,18.44,NA,NA,NA,NA,",ovc,ovc"
1874-08-05 21:00:00,21.11,NA,315,NA,NA,990.93,NA,NA,17.94,NA,18.33,NA,NA,NA,0,NA
1874-08-06,NA,NA,NA,NA,NA,NA,NA,NA,NA,NA,NA,13.17,26.11,NA,NA,NA
1874-08-06 09:00:00,20.56,NA,315,20.05,NA,992.25,NA,NA,18.33,NA,19.44,NA,NA,NA,0.27,",skc"
1874-08-06 15:00:00,NA,NA,NA,NA,NA,NA,NA,NA,16.22,NA,16.94,NA,NA,NA,NA,",skc"
1874-08-06 21:00:00,21.11,NA,NA,17.81,NA,990.52,NA,NA,16.22,NA,16.83,NA,NA,NA,0,NA
1874-08-07,NA,NA,NA,NA,NA,NA,NA,NA,NA,NA,NA,11.28,29.83,NA,NA,NA
1874-08-07 09:00:00,20,NA,NA,16.53,NA,990.18,NA,NA,16.83,NA,19.89,NA,NA,NA,0,",skc,skc"
1874-08-07 15:00:00,NA,NA,NA,NA,NA,NA,NA,NA,18.39,NA,20,NA,NA,NA,NA,",skc"
1874-08-07 21:00:00,22.22,NA,NA,19.67,NA,986.32,NA,NA,18.33,NA,19.89,NA,NA,NA,0,NA
1874-08-08,NA,NA,NA,NA,NA,NA,NA,NA,NA,NA,NA,12.56,30.56,NA,NA,NA
1874-08-08 09:00:00,20.56,NA,225,16.76,NA,985.91,NA,NA,17.78,NA,22,NA,NA,NA,1.88,",skc,skc"
1874-08-08 15:00:00,NA,NA,NA,NA,NA,NA,NA,NA,17.83,NA,18.78,NA,NA,NA,NA,",bkn"
1874-08-08 21:00:00,22.78,NA,0,19.51,NA,985.44,NA,NA,17.78,NA,18.61,NA,NA,NA,11,NA
1874-08-09,NA,NA,NA,NA,NA,NA,NA,NA,NA,NA,NA,14,30.83,NA,NA,NA
1874-08-10,NA,NA,NA,NA,NA,NA,NA,NA,NA,NA,NA,12.56,31.17,NA,NA,NA
1874-08-10 09:00:00,20,NA,270,17.37,NA,979.75,NA,NA,17.94,NA,21.39,NA,NA,NA,1.61,",bkn"
1874-08-10 15:00:00,NA,NA,NA,NA,NA,NA,NA,NA,17.33,NA,18.78,NA,NA,NA,NA,",ovc"
1874-08-10 21:00:00,23.33,NA,90,18.46,NA,982.05,NA,NA,17.22,NA,18.67,NA,NA,NA,12,NA
1874-08-11,NA,NA,NA,NA,NA,NA,NA,NA,NA,NA,NA,14.89,26.22,NA,NA,NA
1874-08-11 09:00:00,18.89,NA,0,11.92,NA,984.22,10.67,NA,12.22,NA,15,NA,NA,NA,2.95,",ovc,ovc"
1874-08-11 15:00:00,NA,NA,NA,NA,NA,NA,NA,NA,13.5,NA,16.78,NA,NA,NA,NA,",ra"
1874-08-11 21:00:00,20.56,NA,315,13.41,NA,989.44,NA,NA,13.44,NA,16.67,NA,NA,NA,27,NA
1874-08-12,NA,NA,NA,NA,NA,NA,NA,NA,NA,NA,NA,12.39,22.56,NA,NA,NA
1874-08-12 09:00:00,17.78,NA,0,13.17,NA,996.68,NA,NA,13.44,NA,16.11,NA,NA,NA,1.88,",ovc"
1874-08-12 15:00:00,NA,NA,NA,NA,NA,NA,NA,NA,14.11,NA,15.56,NA,NA,NA,NA,",bkn"
1874-08-12 21:00:00,19.44,NA,0,14.83,NA,999.59,NA,NA,14.06,NA,15.56,NA,NA,NA,1,NA
1874-08-13,NA,NA,NA,NA,NA,NA,NA,NA,NA,NA,NA,6.83,23,NA,NA,NA
1874-08-13 09:00:00,18.33,NA,0,11.89,NA,1000.75,NA,NA,12.33,NA,15.33,NA,NA,NA,1.07,",bkn"
1874-08-13 15:00:00,NA,NA,NA,NA,NA,NA,NA,NA,15.06,NA,17.22,NA,NA,NA,NA,",skc"
1874-08-13 21:00:00,18.89,NA,90,15.24,NA,998.38,NA,NA,15,NA,17.11,NA,NA,NA,2,NA
1874-08-14,NA,NA,NA,NA,NA,NA,NA,NA,NA,NA,NA,10.17,28.06,NA,NA,NA
1874-08-14 09:00:00,17.78,NA,180,15.78,NA,996.82,6.35,NA,16.11,NA,19.17,NA,NA,NA,1.61,",bkn"
1874-08-14 15:00:00,NA,NA,NA,NA,NA,NA,NA,NA,16.94,NA,18.44,NA,NA,NA,NA,",bkn,bkn"
1874-08-14 21:00:00,20.56,NA,45,17.95,NA,991.94,NA,NA,16.89,NA,18.33,NA,NA,NA,11,NA
1874-08-15,NA,NA,NA,NA,NA,NA,NA,NA,NA,NA,NA,16.83,25,NA,NA,NA
1874-08-15 09:00:00,20.56,NA,90,22.18,NA,989.44,NA,NA,19.44,NA,19.72,NA,NA,NA,1.61,",ovc"
1874-08-15 15:00:00,NA,NA,NA,NA,NA,NA,NA,NA,19.22,NA,19.72,NA,NA,NA,NA,",bkn,bkn"
1874-08-15 21:00:00,22.78,NA,90,21.57,NA,985.51,NA,NA,19.17,NA,19.61,NA,NA,NA,1,NA
1874-08-16,NA,NA,NA,NA,NA,NA,NA,NA,NA,NA,NA,13.44,21.83,NA,NA,NA
1874-08-17,NA,NA,NA,NA,NA,NA,NA,NA,NA,NA,NA,7.44,23.33,NA,NA,NA
1874-08-17 09:00:00,15.56,NA,270,10.77,NA,992.96,NA,NA,11.44,NA,14.83,NA,NA,NA,1.07,",skc,skc"
1874-08-17 15:00:00,NA,NA,NA,NA,NA,NA,NA,NA,12,NA,13.39,NA,NA,NA,NA,",skc"
1874-08-17 21:00:00,17.22,NA,90,12.77,NA,992.21,NA,NA,11.94,NA,13.33,NA,NA,NA,0,NA
1874-08-18,NA,NA,NA,NA,NA,NA,NA,NA,NA,NA,NA,8.61,22.39,NA,NA,NA
1874-08-18 09:00:00,15.56,NA,270,13.55,NA,991.53,NA,NA,14.33,NA,17.67,NA,NA,NA,1.07,",bkn"
1874-08-18 15:00:00,NA,NA,NA,NA,NA,NA,NA,NA,15.89,NA,16.22,NA,NA,NA,NA,",bkn,bkn"
1874-08-18 21:00:00,17.78,NA,180,17.64,NA,987.13,NA,NA,15.83,NA,16.11,NA,NA,NA,20,NA
1874-08-19,NA,NA,NA,NA,NA,NA,NA,NA,NA,NA,NA,14.06,25.28,NA,NA,NA
1874-08-19 09:00:00,17.78,NA,90,17.51,NA,987.13,NA,NA,16.11,NA,16.94,NA,NA,NA,1.07,",ovc"
1874-08-19 15:00:00,NA,NA,NA,NA,NA,NA,NA,NA,14.11,NA,15.11,NA,NA,NA,NA,",bkn,bkn"
1874-08-19 21:00:00,19.44,NA,315,15.2,NA,991.06,NA,NA,14.06,NA,15,NA,NA,NA,0,NA
1874-08-20,NA,NA,NA,NA,NA,NA,NA,NA,NA,NA,NA,13.44,24.06,NA,NA,NA
1874-08-20 09:00:00,18.89,NA,270,16.05,NA,992.89,1.27,NA,16.28,NA,19.17,NA,NA,NA,0.27,",bkn,bkn"
1874-08-20 15:00:00,NA,NA,NA,NA,NA,NA,NA,NA,17.94,NA,18.44,NA,NA,NA,NA,",ovc"
1874-08-20 21:00:00,21.11,NA,225,19.98,NA,990.93,NA,NA,17.89,NA,18.33,NA,NA,NA,2,NA
1874-08-21,NA,NA,NA,NA,NA,NA,NA,NA,NA,NA,NA,12.22,25.17,NA,NA,NA
1874-08-21 09:00:00,19.44,NA,270,18.63,NA,992.21,NA,NA,17.78,NA,19.72,NA,NA,NA,0.54,",bkn"
1874-08-21 15:00:00,NA,NA,NA,NA,NA,NA,NA,NA,13,NA,14,NA,NA,NA,NA,",bkn,bkn"
1874-08-21 21:00:00,19.44,NA,270,14.09,NA,994.85,NA,NA,12.94,NA,13.89,NA,NA,NA,2,NA
1874-08-22,NA,NA,NA,NA,NA,NA,NA,NA,NA,NA,NA,8.33,25,NA,NA,NA
1874-08-22 09:00:00,17.78,NA,270,17.07,NA,994.92,NA,NA,16.11,NA,17.5,NA,NA,NA,0.98,",bkn"
1874-08-22 15:00:00,NA,NA,NA,NA,NA,NA,NA,NA,16.72,NA,17.94,NA,NA,NA,NA,",bkn,bkn"
1874-08-22 21:00:00,19.44,NA,90,17.88,NA,992.58,NA,NA,16.67,NA,17.89,NA,NA,NA,5,NA
1874-08-23,NA,NA,NA,NA,NA,NA,NA,NA,NA,NA,NA,14.06,27.22,NA,NA,NA
1874-08-24,NA,NA,NA,NA,NA,NA,NA,NA,NA,NA,NA,11.28,26.39,NA,NA,NA
1874-08-24 09:00:00,18.33,NA,180,21.33,NA,993.91,NA,NA,19,NA,19.72,NA,NA,NA,0.54,",bkn"
1874-08-24 15:00:00,NA,NA,NA,NA,NA,NA,NA,NA,16.5,NA,17.33,NA,NA,NA,NA,",bkn,bkn"
1874-08-24 21:00:00,21.11,NA,180,17.91,NA,992.21,NA,NA,16.39,NA,17.22,NA,NA,NA,5,NA
1874-08-25,NA,NA,NA,NA,NA,NA,NA,NA,NA,NA,NA,10,29,NA,NA,NA
1874-08-25 09:00:00,18.33,NA,135,18.08,NA,993.57,NA,NA,17.22,NA,19.06,NA,NA,NA,1.07,",bkn"
1874-08-25 15:00:00,NA,NA,NA,NA,NA,NA,NA,NA,17.39,NA,19.72,NA,NA,NA,NA,",bkn,bkn"
1874-08-25 21:00:00,21.11,NA,180,17.78,NA,990.52,NA,NA,17.33,NA,19.61,NA,NA,NA,1,NA
1874-08-26,NA,NA,NA,NA,NA,NA,NA,NA,NA,NA,NA,15.5,24.06,NA,NA,NA
1874-08-26 09:00:00,20.56,NA,270,22.45,NA,987.13,NA,NA,18.89,NA,21.11,NA,NA,NA,1.61,",bkn"
1874-08-26 15:00:00,NA,NA,NA,NA,NA,NA,NA,NA,18.94,NA,19.28,NA,NA,NA,NA,",bkn,bkn"
1874-08-26 21:00:00,22.22,NA,180,21.44,NA,991.26,NA,NA,18.89,NA,19.17,NA,NA,NA,11,NA
1874-08-27,NA,NA,NA,NA,NA,NA,NA,NA,NA,NA,NA,15.17,20.67,NA,NA,NA
1874-08-27 09:00:00,19.44,NA,135,18.39,NA,986.25,NA,NA,17.5,NA,19.33,NA,NA,NA,1.07,",ovc"
1874-08-27 15:00:00,NA,NA,NA,NA,NA,NA,NA,NA,18,NA,19.28,NA,NA,NA,NA,",ovc"
1874-08-27 21:00:00,20.56,NA,180,19.4,NA,982.36,NA,NA,17.94,NA,19.17,NA,NA,NA,1,NA
1874-08-28,NA,NA,NA,NA,NA,NA,NA,NA,NA,NA,NA,17.61,21.28,NA,NA,NA
1874-08-28 09:00:00,20.56,NA,225,20.42,NA,978.67,3.05,NA,18.5,NA,19.44,NA,NA,NA,0.54,",ra"
1874-08-28 15:00:00,NA,NA,NA,NA,NA,NA,NA,NA,18.56,NA,19.17,NA,NA,NA,NA,",ra,ra"
1874-08-28 21:00:00,21.67,NA,225,20.72,NA,973.11,NA,NA,18.44,NA,19.06,NA,NA,NA,1,NA
1874-08-29,NA,NA,NA,NA,NA,NA,NA,NA,NA,NA,NA,15.22,21.33,NA,NA,NA
1874-08-29 09:00:00,18.89,NA,315,NA,NA,984.22,NA,NA,16.67,NA,17.78,NA,NA,NA,1.61,",bkn"
1874-08-29 15:00:00,NA,NA,NA,NA,NA,NA,NA,NA,15.06,NA,17.94,NA,NA,NA,NA,",skc"
1874-08-29 21:00:00,18.89,NA,NA,NA,NA,990.93,NA,NA,15,NA,17.83,NA,NA,NA,2,NA
1874-08-30,NA,NA,NA,NA,NA,NA,NA,NA,NA,NA,NA,10.17,26.5,NA,NA,NA
1874-08-31,NA,NA,NA,NA,NA,NA,NA,NA,NA,NA,NA,16,24.56,NA,NA,NA
1874-08-31 09:00:00,19.44,NA,135,14.87,NA,985.51,3.05,NA,15.72,NA,19.33,NA,NA,NA,1.88,",bkn"
1874-08-31 15:00:00,NA,NA,NA,NA,NA,NA,NA,NA,18,NA,20.44,NA,NA,NA,NA,",bkn,bkn"
1874-08-31 21:00:00,21.11,NA,180,18.29,NA,985.44,NA,NA,17.94,NA,20.33,NA,NA,NA,2,NA
1874-09-01,NA,NA,NA,NA,NA,NA,NA,NA,NA,NA,NA,11.28,22.5,NA,NA,NA
1874-09-01 09:00:00,20,NA,315,17.81,982.05,986.79,NA,NA,16.11,NA,16.56,NA,NA,NA,1.16,",ra"
1874-09-01 15:00:00,NA,NA,NA,NA,NA,NA,NA,NA,10.17,NA,11.72,NA,NA,NA,NA,",ovc"
1874-09-01 21:00:00,16.11,NA,315,11.11,NA,995.19,NA,NA,10.11,NA,11.67,NA,NA,NA,40,NA
1874-09-02,NA,NA,NA,NA,NA,NA,NA,NA,NA,NA,NA,4.61,18.89,NA,NA,NA
1874-09-02 09:00:00,13.33,NA,0,9.28,NA,999.73,NA,NA,9.11,NA,11.94,NA,NA,NA,1.61,",bkn"
1874-09-02 15:00:00,NA,NA,NA,NA,NA,NA,NA,NA,10.39,NA,12,NA,NA,NA,NA,",skc"
1874-09-02 21:00:00,14.44,NA,0,11.21,NA,998.98,NA,NA,10.33,NA,12,NA,NA,NA,1,NA
1874-09-03,NA,NA,NA,NA,NA,NA,NA,NA,NA,NA,NA,5.72,23.61,NA,NA,NA
1874-09-03 09:00:00,15,NA,180,11.38,NA,994.65,NA,NA,12.39,NA,16,NA,NA,NA,3.22,",skc,skc"
1874-09-03 15:00:00,NA,NA,NA,NA,NA,NA,NA,NA,12.89,NA,16.5,NA,NA,NA,NA,",skc"
1874-09-03 21:00:00,18.33,NA,180,11.85,NA,988.83,NA,NA,12.89,NA,16.39,NA,NA,NA,24,NA
1874-09-04,NA,NA,NA,NA,NA,NA,NA,NA,NA,NA,NA,8.94,25.72,NA,NA,NA
1874-09-04 09:00:00,16.11,NA,225,9.41,NA,985.44,NA,NA,11.5,NA,16.56,NA,NA,NA,3.22,",bkn"
1874-09-04 15:00:00,NA,NA,NA,NA,NA,NA,NA,NA,14.06,NA,15.67,NA,NA,NA,NA,",skc"
1874-09-04 21:00:00,19.44,NA,180,14.63,NA,983.75,NA,NA,14,NA,15.56,NA,NA,NA,40,NA
1874-09-05,NA,NA,NA,NA,NA,NA,NA,NA,NA,NA,NA,7.39,24.22,NA,NA,NA
1874-09-05 09:00:00,16.11,NA,180,11.72,NA,983,NA,NA,11.67,NA,14.17,NA,NA,NA,2.95,",skc,skc"
1874-09-05 15:00:00,NA,NA,NA,NA,NA,NA,NA,NA,13.06,NA,13.83,NA,NA,NA,NA,",bkn"
1874-09-05 21:00:00,17.78,NA,180,14.32,NA,983.14,NA,NA,13,NA,13.78,NA,NA,NA,5,NA
1874-09-06,NA,NA,NA,NA,NA,NA,NA,NA,NA,NA,NA,10.11,26.28,NA,NA,NA
1874-09-07,NA,NA,NA,NA,NA,NA,NA,NA,NA,NA,NA,14.17,30.89,NA,NA,NA
1874-09-07 09:00:00,20,NA,315,18.59,NA,979.28,NA,NA,18.33,NA,21.11,NA,NA,NA,1.88,",skc,skc"
1874-09-07 15:00:00,NA,NA,NA,NA,NA,NA,NA,NA,20.72,NA,21.56,NA,NA,NA,NA,",skc"
1874-09-07 21:00:00,25,NA,135,23.54,NA,978.77,NA,NA,20.83,NA,21.39,NA,NA,NA,5,NA
1874-09-08,NA,NA,NA,NA,NA,NA,NA,NA,NA,NA,NA,11.72,31.5,NA,NA,NA
1874-09-08 09:00:00,21.11,NA,45,22.05,NA,984.36,NA,NA,20,NA,21.39,NA,NA,NA,1.61,",bkn"
1874-09-08 15:00:00,NA,NA,NA,NA,NA,NA,NA,NA,21.39,NA,24.5,NA,NA,NA,NA,",bkn,bkn"
1874-09-08 21:00:00,25.56,NA,135,22.72,NA,983.61,NA,NA,21.28,NA,24.33,NA,NA,NA,20,NA
1874-09-09,NA,NA,NA,NA,NA,NA,NA,NA,NA,NA,NA,19.17,29.44,NA,NA,NA
1874-09-09 09:00:00,25,NA,180,23.67,NA,987.13,6.1,NA,21.83,NA,24.83,NA,NA,NA,4.29,",bkn"
1874-09-09 15:00:00,NA,NA,NA,NA,NA,NA,NA,NA,20.06,NA,22.28,NA,NA,NA,NA,",ovc"
1874-09-09 21:00:00,25.56,NA,90,21.5,NA,980.36,NA,NA,19.94,NA,22.11,NA,NA,NA,5,NA
1874-09-10,NA,NA,NA,NA,NA,NA,NA,NA,NA,NA,NA,13.44,22.22,NA,NA,NA
1874-09-10 09:00:00,20,NA,90,11.18,NA,982.05,NA,NA,12.78,NA,17.11,NA,NA,NA,2.68,",ovc"
1874-09-10 15:00:00,NA,NA,NA,NA,NA,NA,NA,NA,12.17,NA,13.67,NA,NA,NA,NA,",skc"
1874-09-10 21:00:00,20.56,NA,180,12.87,NA,986.46,NA,NA,12.11,NA,13.61,NA,NA,NA,5,NA
1874-09-11,NA,NA,NA,NA,NA,NA,NA,NA,NA,NA,NA,6.83,18.44,NA,NA,NA
1874-09-11 09:00:00,17.78,NA,90,14.66,NA,980.83,NA,NA,15,NA,17.67,NA,NA,NA,2.95,",bkn"
1874-09-11 15:00:00,NA,NA,NA,NA,NA,NA,NA,NA,8.39,NA,8.56,NA,NA,NA,NA,",skc"
1874-09-11 21:00:00,18.33,NA,315,10.84,NA,984.36,NA,NA,8.33,NA,8.5,NA,NA,NA,1,NA
1874-09-12,NA,NA,NA,NA,NA,NA,NA,NA,NA,NA,NA,4.5,19.56,NA,NA,NA
1874-09-12 09:00:00,16.11,NA,270,9.85,NA,993.23,NA,NA,9.72,NA,12.78,NA,NA,NA,2.95,",skc,skc"
1874-09-12 15:00:00,NA,NA,NA,NA,NA,NA,NA,NA,10.89,NA,11.72,NA,NA,NA,NA,",bkn"
1874-09-12 21:00:00,16.67,NA,NA,12.26,NA,992.75,NA,NA,14.33,NA,11.67,NA,NA,NA,0,NA
1874-09-13,NA,NA,NA,NA,NA,NA,NA,NA,NA,NA,NA,3.67,21.39,NA,NA,NA
1874-09-13 09:00:00,NA,NA,NA,NA,NA,NA,NA,NA,NA,NA,NA,NA,NA,NA,NA,NA
1874-09-14,NA,NA,NA,NA,NA,NA,NA,NA,NA,NA,NA,1.44,20.39,NA,NA,NA
1874-09-14 09:00:00,12.78,NA,270,NA,NA,990.86,NA,NA,4.44,NA,6,NA,NA,NA,3.22,",ovc"
1874-09-14 15:00:00,NA,NA,NA,NA,NA,NA,NA,NA,1.17,NA,1.72,NA,NA,NA,NA,",skc"
1874-09-14 21:00:00,13.33,NA,270,NA,NA,994.82,NA,NA,1.11,NA,1.67,NA,NA,NA,1,NA
1874-09-15,NA,NA,NA,NA,NA,NA,NA,NA,NA,NA,NA,-0.44,21.67,NA,NA,NA
1874-09-15 09:00:00,11.67,NA,270,8.47,NA,994.65,NA,NA,5.56,NA,7.11,NA,NA,NA,1.88,",bkn"
1874-09-15 15:00:00,NA,NA,NA,NA,NA,NA,NA,NA,7.39,NA,8.89,NA,NA,NA,NA,",bkn,bkn"
1874-09-15 21:00:00,12.78,NA,270,9.45,NA,990.52,NA,NA,7.33,NA,8.83,NA,NA,NA,2,NA
1874-09-16,NA,NA,NA,NA,NA,NA,NA,NA,NA,NA,NA,6.17,15.72,NA,NA,NA
1874-09-16 09:00:00,13.33,NA,270,10.16,NA,991.33,28.45,NA,17.33,NA,14.06,NA,NA,NA,1.07,",ovc"
1874-09-16 15:00:00,NA,NA,NA,NA,NA,NA,NA,NA,7.28,NA,7.44,NA,NA,NA,NA,",ra"
1874-09-16 21:00:00,13.33,NA,225,NA,NA,986.25,NA,NA,7.22,NA,7.39,NA,NA,NA,1,NA
1874-09-17,NA,NA,NA,NA,NA,NA,NA,NA,NA,NA,NA,6.83,13.72,NA,NA,NA
1874-09-17 09:00:00,14.44,NA,90,12.43,NA,973.99,NA,NA,17.28,NA,11.67,NA,NA,NA,1.88,",ra,ra"
1874-09-17 15:00:00,NA,NA,NA,NA,NA,NA,NA,NA,9.33,NA,9.44,NA,NA,NA,NA,",ovc"
1874-09-17 21:00:00,15.56,NA,90,11.58,NA,975.28,NA,NA,9.28,NA,9.39,NA,NA,NA,5,NA
1874-09-18,NA,NA,NA,NA,NA,NA,NA,NA,NA,NA,NA,7.94,12.61,NA,NA,NA
1874-09-18 09:00:00,13.89,NA,0,11.62,NA,986.46,7.62,NA,10,NA,11.5,NA,NA,NA,1.43,",bkn"
1874-09-18 15:00:00,NA,NA,NA,NA,NA,NA,NA,NA,7.94,NA,12.67,NA,NA,NA,NA,",bkn,bkn"
1874-09-18 21:00:00,16.67,NA,315,6.87,NA,992.21,NA,NA,7.94,NA,12.61,NA,NA,NA,20,NA
1874-09-19,NA,NA,NA,NA,NA,NA,NA,NA,NA,NA,NA,2.61,11.28,NA,NA,NA
1874-09-19 09:00:00,8.89,NA,0,8.4,NA,991.53,NA,NA,5.56,NA,6.44,NA,NA,NA,1.07,",bkn,bkn"
1874-09-19 15:00:00,NA,NA,NA,NA,NA,NA,NA,NA,6.61,NA,7.72,NA,NA,NA,NA,",bkn,bkn"
1874-09-19 21:00:00,12.78,NA,0,8.94,NA,992.21,NA,NA,6.56,NA,7.61,NA,NA,NA,5,NA
1874-09-20,NA,NA,NA,NA,NA,NA,NA,NA,NA,NA,NA,3.44,12,NA,NA,NA
1874-09-21,NA,NA,NA,NA,NA,NA,NA,NA,NA,NA,NA,5.28,18.22,NA,NA,NA
1874-09-21 09:00:00,11.67,NA,315,3.08,NA,984.15,NA,NA,9.83,NA,12.61,NA,NA,NA,1.88,",bkn,bkn"
1874-09-21 15:00:00,NA,NA,NA,NA,NA,NA,NA,NA,7.33,NA,8.17,NA,NA,NA,NA,",bkn,bkn"
1874-09-21 21:00:00,13.89,NA,270,9.52,NA,986.12,NA,NA,7.22,NA,8.06,NA,NA,NA,11,NA
1874-09-22,NA,NA,NA,NA,NA,NA,NA,NA,NA,NA,NA,2.67,19.28,NA,NA,NA
1874-09-22 09:00:00,13.33,NA,270,NA,NA,990.04,NA,NA,10.83,NA,12.11,NA,NA,NA,0.54,",bkn,bkn"
1874-09-22 15:00:00,NA,NA,NA,NA,NA,NA,NA,NA,12.67,NA,15,NA,NA,NA,NA,",bkn,bkn"
1874-09-22 21:00:00,17.22,NA,180,NA,NA,983.75,NA,NA,12.61,NA,14.94,NA,NA,NA,15,NA
1874-09-23,NA,NA,NA,NA,NA,NA,NA,NA,NA,NA,NA,8.67,19.72,NA,NA,NA
1874-09-23 09:00:00,15.56,NA,225,12.83,NA,987.13,NA,NA,12.61,NA,14.78,NA,NA,NA,1.39,",bkn"
1874-09-23 15:00:00,NA,NA,NA,NA,NA,NA,NA,NA,10.06,NA,10.39,NA,NA,NA,NA,",bkn,bkn"
1874-09-23 21:00:00,16.67,NA,90,12.33,NA,989.23,NA,NA,10,NA,10.33,NA,NA,NA,1,NA
1874-09-24,NA,NA,NA,NA,NA,NA,NA,NA,NA,NA,NA,7.39,26.67,NA,NA,NA
1874-09-24 09:00:00,15.56,NA,270,14.09,NA,983.75,NA,NA,13.33,NA,15.33,NA,NA,NA,1.61,",bkn"
1874-09-24 15:00:00,NA,NA,NA,NA,NA,NA,NA,NA,15.94,NA,16.78,NA,NA,NA,NA,",bkn,bkn"
1874-09-24 21:00:00,16.67,NA,270,17.3,NA,981.44,NA,NA,15.83,NA,16.67,NA,NA,NA,1,NA
1874-09-25,NA,NA,NA,NA,NA,NA,NA,NA,NA,NA,NA,10.89,26.39,NA,NA,NA
1874-09-25 09:00:00,18.33,NA,270,14.66,NA,980.22,NA,NA,15,NA,17.67,NA,NA,NA,1.88,",skc,skc"
1874-09-25 15:00:00,NA,NA,NA,NA,NA,NA,NA,NA,12.22,NA,14.39,NA,NA,NA,NA,",bkn"
1874-09-25 21:00:00,21.11,NA,270,13.21,NA,982.05,NA,NA,12.17,NA,14.33,NA,NA,NA,16,NA
1874-09-26,NA,NA,NA,NA,NA,NA,NA,NA,NA,NA,NA,5.17,14.39,NA,NA,NA
1874-09-26 09:00:00,17.22,NA,315,10.43,NA,983.2,NA,NA,10,NA,12.22,NA,NA,NA,3.22,",ovc"
1874-09-26 15:00:00,NA,NA,NA,NA,NA,NA,NA,NA,6.89,NA,7.72,NA,NA,NA,NA,",bkn"
1874-09-26 21:00:00,15.56,NA,315,9.24,NA,984.22,NA,NA,6.83,NA,7.67,NA,NA,NA,30,NA
1874-09-27,NA,NA,NA,NA,NA,NA,NA,NA,NA,NA,NA,1.89,20.56,NA,NA,NA
1874-09-28,NA,NA,NA,NA,NA,NA,NA,NA,NA,NA,NA,1.83,18.33,NA,NA,NA
1874-09-28 09:00:00,13.89,NA,315,10.13,NA,989.57,NA,NA,10.56,NA,13.78,NA,NA,NA,1.88,",skc,skc"
1874-09-28 15:00:00,NA,NA,NA,NA,NA,NA,NA,NA,5.61,NA,6.06,NA,NA,NA,NA,",skc,skc"
1874-09-28 21:00:00,13.89,NA,315,9.41,NA,991.87,NA,NA,5.56,NA,6,NA,NA,NA,2,NA
1874-09-29,NA,NA,NA,NA,NA,NA,NA,NA,NA,NA,NA,-2.33,16.83,NA,NA,NA
1874-09-29 09:00:00,12.78,NA,315,8.43,NA,996.82,NA,NA,6.33,NA,7.78,NA,NA,NA,0.54,",skc,skc"
1874-09-29 15:00:00,NA,NA,NA,NA,NA,NA,NA,NA,4.67,NA,6.78,NA,NA,NA,NA,",skc,skc"
1874-09-29 21:00:00,12.78,NA,45,6.84,NA,994.79,NA,NA,4.61,NA,6.72,NA,NA,NA,2,NA
1874-09-30,NA,NA,NA,NA,NA,NA,NA,NA,NA,NA,NA,1.67,22.78,NA,NA,NA
1874-09-30 09:00:00,10,NA,45,9.04,NA,987.13,NA,NA,9.44,NA,13.17,NA,NA,NA,1.88,",skc,skc"
1874-09-30 15:00:00,NA,NA,NA,NA,NA,NA,NA,NA,7.28,NA,7.67,NA,NA,NA,NA,",bkn,bkn"
1874-09-30 21:00:00,15,NA,315,9.85,NA,985.98,NA,NA,7.22,NA,7.61,NA,NA,NA,2,NA
1874-10-01,NA,NA,NA,NA,NA,NA,NA,NA,NA,NA,NA,1.22,16.5,NA,NA,NA
1874-10-01 09:00:00,13.33,NA,315,9.24,NA,989.1,NA,NA,9.44,NA,12.67,NA,NA,NA,1.61,",skc"
1874-10-01 15:00:00,NA,NA,NA,NA,NA,NA,NA,NA,5.44,NA,6.78,NA,NA,NA,NA,",bkn"
1874-10-01 21:00:00,13.89,NA,270,7.92,NA,989.98,NA,NA,5.39,NA,6.67,NA,NA,NA,45,NA
1874-10-02,NA,NA,NA,NA,NA,NA,NA,NA,NA,NA,NA,-3.06,10.72,NA,NA,NA
1874-10-02 09:00:00,9.44,NA,0,7.82,NA,995.06,NA,NA,5.56,NA,7.22,NA,NA,NA,0.54,",bkn"
1874-10-02 15:00:00,NA,NA,NA,NA,NA,NA,NA,NA,3.44,NA,4,NA,NA,NA,NA,",skc"
1874-10-02 21:00:00,12.22,NA,90,7.38,NA,986.12,NA,NA,3.33,NA,3.89,NA,NA,NA,20,NA
1874-10-03,NA,NA,NA,NA,NA,NA,NA,NA,NA,NA,NA,-1.78,15.06,NA,NA,NA
1874-10-03 09:00:00,10.56,NA,135,7.89,NA,998.31,NA,NA,6.89,NA,9.5,NA,NA,NA,2.68,",skc,skc"
1874-10-03 15:00:00,NA,NA,NA,NA,NA,NA,NA,NA,5.11,NA,7.33,NA,NA,NA,NA,",ovc"
1874-10-03 21:00:00,11.67,NA,135,7.01,NA,995.6,NA,NA,5.06,NA,7.22,NA,NA,NA,5,NA
1874-10-04,NA,NA,NA,NA,NA,NA,NA,NA,NA,NA,NA,6.94,20,NA,NA,NA
1874-10-05,NA,NA,NA,NA,NA,NA,NA,NA,NA,NA,NA,2.94,15.28,NA,NA,NA
1874-10-05 09:00:00,13.33,NA,0,9.82,NA,998.98,NA,NA,8.89,NA,10.83,NA,NA,NA,1.61,",ovc,ovc"
1874-10-05 15:00:00,NA,NA,NA,NA,NA,NA,NA,NA,3,NA,3.28,NA,NA,NA,NA,",bkn"
1874-10-05 21:00:00,14.44,NA,315,7.72,NA,999.59,NA,NA,2.89,NA,3.17,NA,NA,NA,5,NA
1874-10-06,NA,NA,NA,NA,NA,NA,NA,NA,NA,NA,NA,-0.5,17.06,NA,NA,NA
1874-10-06 09:00:00,11.67,NA,270,NA,NA,999.19,NA,NA,8.17,NA,12.78,NA,NA,NA,6.39,",skc,skc"
1874-10-06 15:00:00,NA,NA,NA,NA,NA,NA,NA,NA,6.44,NA,7.28,NA,NA,NA,NA,",skc,skc"
1874-10-06 21:00:00,13.33,NA,135,NA,NA,995.06,NA,NA,6.39,NA,7.22,NA,NA,NA,16,NA
1874-10-07,NA,NA,NA,NA,NA,NA,NA,NA,NA,NA,NA,5.17,21.83,NA,NA,NA
1874-10-07 09:00:00,1.11,NA,135,9.89,NA,989.84,0.76,NA,9.28,NA,11.5,NA,NA,NA,12.07,",skc,skc"
1874-10-07 15:00:00,NA,NA,NA,NA,NA,NA,NA,NA,14.5,NA,15.28,NA,NA,NA,NA,",bkn"
1874-10-07 21:00:00,16.67,NA,180,15.68,NA,985.51,NA,NA,14.44,NA,15.17,NA,NA,NA,18,NA
1874-10-08,NA,NA,NA,NA,NA,NA,NA,NA,NA,NA,NA,7.78,19.06,NA,NA,NA
1874-10-08 09:00:00,15.56,NA,0,14.05,NA,988.83,1.78,NA,12.78,NA,13.61,NA,NA,NA,11.18,",bkn,bkn"
1874-10-08 15:00:00,NA,NA,NA,NA,NA,NA,NA,NA,7.56,NA,7.83,NA,NA,NA,NA,",skc"
1874-10-08 21:00:00,13.33,NA,180,10.13,NA,986.73,NA,NA,7.5,NA,7.78,NA,NA,NA,20,NA
1874-10-09,NA,NA,NA,NA,NA,NA,NA,NA,NA,NA,NA,6,16.78,NA,NA,NA
1874-10-09 09:00:00,13.89,NA,315,12.6,NA,978.4,NA,NA,11.28,NA,12.22,NA,NA,NA,8.94,",bkn"
1874-10-09 15:00:00,NA,NA,NA,NA,NA,NA,NA,NA,5.22,NA,7.28,NA,NA,NA,NA,",skc"
1874-10-09 21:00:00,15,NA,NA,7.25,NA,982.93,NA,NA,5.17,NA,7.22,NA,NA,NA,NA,NA
1874-10-10,NA,NA,NA,NA,NA,NA,NA,NA,NA,NA,NA,0,8.61,NA,NA,NA
1874-10-10 09:00:00,11.11,NA,0,6.67,NA,988.49,0.76,NA,4.17,NA,6,NA,NA,NA,12.07,",skc,skc"
1874-10-10 15:00:00,NA,NA,NA,NA,NA,NA,NA,NA,-0.44,NA,0.94,NA,NA,NA,NA,",bkn,bkn"
1874-10-10 21:00:00,12.22,NA,0,4.71,NA,996.82,NA,NA,-0.56,NA,0.83,NA,NA,NA,22,NA
1874-10-11,NA,NA,NA,NA,NA,NA,NA,NA,NA,NA,NA,-5,1.83,NA,NA,NA
1874-10-11 09:00:00,NA,NA,NA,NA,NA,NA,1.02,NA,NA,NA,NA,NA,NA,NA,NA,NA
1874-10-12,NA,NA,NA,NA,NA,NA,NA,NA,NA,NA,NA,-8.72,7.67,NA,NA,NA
1874-10-12 09:00:00,10.56,NA,0,5.49,NA,1007.99,NA,NA,-0.83,NA,-0.39,NA,NA,NA,8.49,",skc"
1874-10-12 15:00:00,NA,NA,NA,NA,NA,NA,NA,NA,1,NA,5.56,NA,NA,NA,NA,",skc,skc"
1874-10-12 21:00:00,12.22,NA,180,2.95,NA,998.98,NA,NA,0.89,NA,5.44,NA,NA,NA,22,NA
1874-10-13,NA,NA,NA,NA,NA,NA,NA,NA,NA,NA,NA,2.22,14.22,NA,NA,NA
1874-10-13 09:00:00,13.33,NA,180,5.93,NA,988.55,NA,NA,2.94,NA,5,NA,NA,NA,11.85,",bkn"
1874-10-13 15:00:00,NA,NA,NA,NA,NA,NA,NA,NA,4,NA,4.44,NA,NA,NA,NA,",bkn,bkn"
1874-10-13 21:00:00,15,NA,0,7.55,NA,989.37,NA,NA,3.89,NA,4.61,NA,NA,NA,16,NA
1874-10-14,NA,NA,NA,NA,NA,NA,NA,NA,NA,NA,NA,0.28,16.5,NA,NA,NA
1874-10-14 09:00:00,13.89,NA,225,9.01,NA,990.25,NA,NA,7.22,NA,8.61,NA,NA,NA,3.35,",br"
1874-10-14 15:00:00,NA,NA,NA,NA,NA,NA,NA,NA,7.28,NA,8.28,NA,NA,NA,NA,",bkn"
1874-10-14 21:00:00,11.11,NA,180,9.38,NA,986.73,NA,NA,7.22,NA,8.22,NA,NA,NA,20,NA
1874-10-15,NA,NA,NA,NA,NA,NA,NA,NA,NA,NA,NA,4.56,15.56,NA,NA,NA
1874-10-15 09:00:00,17.22,NA,180,NA,NA,986.66,NA,NA,5.72,NA,7.22,NA,NA,NA,6.26,",ovc"
1874-10-15 15:00:00,NA,NA,NA,NA,NA,NA,NA,NA,8.44,NA,10.06,NA,NA,NA,NA,",skc"
1874-10-15 21:00:00,15.56,NA,180,NA,NA,983.68,NA,NA,8.39,NA,10,NA,NA,NA,30,NA
1874-10-16,NA,NA,NA,NA,NA,NA,NA,NA,NA,NA,NA,4.61,21,NA,NA,NA
1874-10-16 09:00:00,15,NA,315,10.67,NA,986.39,NA,NA,14.44,NA,15.39,NA,NA,NA,6.93,",br,br"
1874-10-16 15:00:00,NA,NA,NA,NA,NA,NA,NA,NA,3.22,NA,4.83,NA,NA,NA,NA,",br,br"
1874-10-16 21:00:00,10.56,NA,315,6.4,NA,990.52,NA,NA,3.11,NA,4.72,NA,NA,NA,40,NA
1874-10-17,NA,NA,NA,NA,NA,NA,NA,NA,NA,NA,NA,-1.39,14.44,NA,NA,NA
1874-10-17 09:00:00,12.78,NA,315,7.35,NA,995.33,NA,NA,5.83,NA,8.17,NA,NA,NA,3.8,",br,br"
1874-10-17 15:00:00,NA,NA,NA,NA,NA,NA,NA,NA,3.39,NA,5.67,NA,NA,NA,NA,",skc"
1874-10-17 21:00:00,13.89,NA,225,5.99,NA,991.87,NA,NA,3.28,NA,5.56,NA,NA,NA,20,NA
1874-10-18,NA,NA,NA,NA,NA,NA,NA,NA,NA,NA,NA,-1.22,16.06,NA,NA,NA
1874-10-19,NA,NA,NA,NA,NA,NA,NA,NA,NA,NA,NA,-1.22,16.06,NA,NA,NA
1874-10-19 09:00:00,15,NA,180,9.31,NA,980.83,NA,NA,7.22,NA,8.22,NA,NA,NA,11.62,",br,br"
1874-10-19 15:00:00,NA,NA,NA,NA,NA,NA,NA,NA,-1,NA,-0.44,NA,NA,NA,NA,",skc"
1874-10-19 21:00:00,13.33,NA,0,5.25,NA,992.69,NA,NA,-1.11,NA,-0.56,NA,NA,NA,16,NA
1874-10-20,NA,NA,NA,NA,NA,NA,NA,NA,NA,NA,NA,-5.94,12.22,NA,NA,NA
1874-10-20 09:00:00,12.22,NA,0,6.47,NA,1000.47,NA,NA,1.56,NA,2.06,NA,NA,NA,3.13,",skc,skc"
1874-10-20 15:00:00,NA,NA,NA,NA,NA,NA,NA,NA,0.5,NA,1.39,NA,NA,NA,NA,",skc,skc"
1874-10-20 21:00:00,12.22,NA,45,5.76,NA,1000.41,NA,NA,0.39,NA,1.28,NA,NA,NA,2,NA
1874-10-21,NA,NA,NA,NA,NA,NA,NA,NA,NA,NA,NA,-5.17,15,NA,NA,NA
1874-10-21 09:00:00,11.11,NA,NA,4.77,NA,999.8,NA,NA,-0.17,NA,1.67,NA,NA,NA,NA,",skc,skc"
1874-10-21 15:00:00,NA,NA,NA,NA,NA,NA,NA,NA,5.61,NA,7.22,NA,NA,NA,NA,",skc,skc"
1874-10-21 21:00:00,17.78,NA,NA,8.23,NA,995.6,NA,NA,5.56,NA,7.11,NA,NA,NA,NA,NA
1874-10-22,NA,NA,NA,NA,NA,NA,NA,NA,NA,NA,NA,1.78,18.5,NA,NA,NA
1874-10-22 09:00:00,15,NA,225,7.89,NA,992.82,NA,NA,5.56,NA,7.11,NA,NA,NA,29.5,",br"
1874-10-22 15:00:00,NA,NA,NA,NA,NA,NA,NA,NA,11.17,NA,12.33,NA,NA,NA,NA,",br,br"
1874-10-22 21:00:00,17.78,NA,225,12.26,NA,995.6,NA,NA,11.11,NA,12.28,NA,NA,NA,22,NA
1874-10-23,NA,NA,NA,NA,NA,NA,NA,NA,NA,NA,NA,8.17,18.5,NA,NA,NA
1874-10-23 09:00:00,18.33,NA,225,12.09,NA,985.17,NA,NA,10.83,NA,11.89,NA,NA,NA,9.97,",bkn"
1874-10-23 15:00:00,NA,NA,NA,NA,NA,NA,NA,NA,11.72,NA,12.17,NA,NA,NA,NA,",bkn,bkn"
1874-10-23 21:00:00,18.89,NA,180,13.44,NA,982.05,NA,NA,11.11,NA,12.11,NA,NA,NA,17,NA
1874-10-24,NA,NA,NA,NA,NA,NA,NA,NA,NA,NA,NA,8.06,15.83,NA,NA,NA
1874-10-24 09:00:00,17.22,NA,180,12.83,NA,983.34,NA,NA,11.39,NA,12.11,NA,NA,NA,5.59,",ovc"
1874-10-24 15:00:00,NA,NA,NA,NA,NA,NA,NA,NA,12.44,NA,13.28,NA,NA,NA,NA,",bkn"
1874-10-24 21:00:00,17.78,NA,180,13.65,NA,980.83,NA,NA,12.39,NA,13.22,NA,NA,NA,17,NA
1874-10-25,NA,NA,NA,NA,NA,NA,NA,NA,NA,NA,NA,3.11,17.89,NA,NA,NA
1874-10-25 09:00:00,NA,NA,NA,NA,NA,NA,1.78,NA,NA,NA,NA,NA,NA,NA,NA,NA
1874-10-26,NA,NA,NA,NA,NA,NA,NA,NA,NA,NA,NA,0.67,5.39,NA,NA,NA
1874-10-26 09:00:00,15,NA,225,5.72,NA,1000.2,NA,NA,0.33,NA,1.11,NA,NA,NA,11.62,",ovc"
1874-10-26 15:00:00,NA,NA,NA,NA,NA,NA,NA,NA,1.11,NA,1.78,NA,NA,NA,NA,",ovc,ovc"
1874-10-26 21:00:00,17.78,NA,0,6.1,NA,1001.15,NA,NA,1,NA,1.67,NA,NA,NA,20,NA
1874-10-27,NA,NA,NA,NA,NA,NA,NA,NA,NA,NA,NA,-4.89,6.94,NA,NA,NA
1874-10-27 09:00:00,11.67,NA,270,5.25,NA,997.77,NA,NA,-1.56,NA,-1.11,NA,NA,NA,8.49,",skc"
1874-10-27 15:00:00,NA,NA,NA,NA,NA,NA,NA,NA,-3.06,NA,-2.56,NA,NA,NA,NA,",skc"
1874-10-27 21:00:00,17.78,NA,0,4.47,NA,993.91,NA,NA,-3.17,NA,-2.67,NA,NA,NA,16,NA
1874-10-28,NA,NA,NA,NA,NA,NA,NA,NA,NA,NA,NA,-7.5,4.44,NA,NA,NA
1874-10-28 09:00:00,18.33,NA,270,5.66,NA,988.83,NA,NA,0.06,NA,0.72,NA,NA,NA,6.48,",bkn"
1874-10-28 15:00:00,NA,NA,NA,NA,NA,NA,NA,NA,-1,NA,-0.83,NA,NA,NA,NA,",bkn,bkn"
1874-10-28 21:00:00,18.33,NA,270,5.66,NA,985.17,NA,NA,-1.11,NA,-0.94,NA,NA,NA,16,NA
1874-10-29,NA,NA,NA,NA,NA,NA,NA,NA,NA,NA,NA,-5.39,0,NA,NA,NA
1874-10-29 09:00:00,13.33,NA,45,4.67,NA,987.4,NA,NA,-3.33,NA,-3.17,NA,NA,NA,4.92,",ovc"
1874-10-29 15:00:00,NA,NA,NA,NA,NA,NA,NA,NA,-5.33,NA,-5,NA,NA,NA,NA,",sn"
1874-10-29 21:00:00,15.56,NA,0,3.79,NA,996.89,NA,NA,-5.44,NA,-5.11,NA,NA,NA,12,NA
1874-10-30,NA,NA,NA,NA,NA,NA,NA,NA,NA,NA,NA,-10.44,1.22,NA,NA,NA
1874-10-30 09:00:00,11.11,NA,0,3.32,NA,1004.88,NA,NA,-6.56,NA,-6,NA,NA,NA,9.83,",sn"
1874-10-30 15:00:00,NA,NA,NA,NA,NA,NA,NA,NA,-9.78,NA,-9.17,NA,NA,NA,NA,",skc"
1874-10-30 21:00:00,18.33,NA,NA,2.44,NA,1003.25,NA,NA,-9.89,NA,-9.28,NA,NA,NA,NA,NA
1874-10-31 09:00:00,10,NA,0,4.94,NA,988.83,NA,NA,-2.61,NA,-2.33,NA,NA,NA,10.73,",skc,skc"
1874-10-31 15:00:00,NA,NA,NA,NA,NA,NA,NA,NA,-2.83,NA,-2.56,NA,NA,NA,NA,",skc,skc"
1874-10-31 21:00:00,14.44,NA,270,4.84,NA,988.01,NA,NA,-2.94,NA,-2.67,NA,NA,NA,13,NA
1874-11-01,NA,NA,NA,NA,NA,NA,0,0,NA,NA,NA,-3.22,3.67,NA,NA,NA
1874-11-01 09:00:00,NA,NA,NA,NA,NA,NA,0,NA,NA,NA,NA,NA,NA,NA,0,NA
1874-11-01 15:00:00,NA,NA,NA,NA,NA,NA,NA,NA,NA,NA,NA,NA,NA,NA,NA,NA
1874-11-01 21:00:00,NA,NA,NA,NA,NA,NA,NA,NA,NA,NA,NA,NA,NA,NA,0,NA
1874-11-02,NA,NA,NA,NA,NA,NA,0,0,NA,NA,NA,-6.06,12.11,NA,NA,NA
1874-11-02 09:00:00,16.67,NA,225,5.45,NA,979.28,0,NA,0.67,NA,1.78,NA,NA,NA,9.61,",skc"
1874-11-02 15:00:00,NA,NA,NA,NA,NA,NA,NA,NA,-4.33,NA,-3.78,NA,NA,NA,NA,",skc"
1874-11-02 21:00:00,16.11,NA,225,3.96,NA,983.41,NA,NA,-4.44,NA,-3.89,NA,NA,NA,12,NA
1874-11-03,NA,NA,NA,NA,NA,NA,0,0,NA,NA,NA,-6.56,3.22,NA,NA,NA
1874-11-03 09:00:00,10,NA,315,4.23,NA,983.07,0,NA,-3.17,NA,-2.33,NA,NA,NA,5.59,",bkn"
1874-11-03 15:00:00,NA,NA,NA,NA,NA,NA,NA,NA,-2.39,NA,-2.22,NA,NA,NA,NA,",skc"
1874-11-03 21:00:00,13.89,NA,NA,4.98,NA,977.85,NA,NA,-2.5,NA,-2.33,NA,NA,NA,0,NA
1874-11-04,NA,NA,NA,NA,NA,NA,0,0,NA,NA,NA,-6.78,10.17,NA,NA,NA
1874-11-04 09:00:00,19.44,NA,315,5.08,NA,973.38,3.3,NA,-1.67,NA,-1.11,NA,NA,NA,4.69,",skc,skc"
1874-11-04 15:00:00,NA,NA,NA,NA,NA,NA,NA,NA,-0.17,NA,1.11,NA,NA,NA,NA,",bkn"
1874-11-04 21:00:00,17.22,NA,180,5.15,NA,971.42,NA,NA,-0.28,NA,1,NA,NA,NA,13,NA
1874-11-05,NA,NA,NA,NA,NA,NA,0,0,NA,NA,NA,-3.78,4.28,NA,NA,NA
1874-11-05 09:00:00,20,NA,270,5.05,NA,972.3,0,NA,1.28,NA,3.89,NA,NA,NA,8,",bkn"
1874-11-05 15:00:00,NA,NA,NA,NA,NA,NA,NA,NA,1.22,NA,1.67,NA,NA,NA,NA,",skc"
1874-11-05 21:00:00,14.44,NA,270,6.26,NA,985.91,NA,NA,1.11,NA,1.67,NA,NA,NA,40,NA
1874-11-06,NA,NA,NA,NA,NA,NA,0,0,NA,NA,NA,-7.11,8.28,NA,NA,NA
1874-11-06 09:00:00,10.56,NA,90,5.99,NA,983.75,0,NA,-0.56,NA,-0.39,NA,NA,NA,7.15,",bkn"
1874-11-06 15:00:00,NA,NA,NA,NA,NA,NA,NA,NA,3.44,NA,3.56,NA,NA,NA,NA,",ovc"
1874-11-06 21:00:00,18.33,NA,225,7.72,NA,974.13,NA,NA,3.33,NA,3.44,NA,NA,NA,40,NA
1874-11-07,NA,NA,NA,NA,NA,NA,0,0,NA,NA,NA,-1.28,4.33,NA,NA,NA
1874-11-07 09:00:00,13.89,NA,0,6.1,NA,979.48,0,NA,0.56,NA,1,NA,NA,NA,6.93,",bkn"
1874-11-07 15:00:00,NA,NA,NA,NA,NA,NA,NA,NA,-0.28,NA,-0.28,NA,NA,NA,NA,",ovc,ovc"
1874-11-07 21:00:00,13.33,NA,0,6.03,NA,975.96,NA,NA,-0.39,NA,-0.39,NA,NA,NA,25,NA
1874-11-08,NA,NA,NA,NA,NA,NA,0,0,NA,NA,NA,-0.94,1.28,NA,NA,NA
1874-11-08 09:00:00,NA,NA,NA,NA,NA,NA,0,NA,NA,NA,NA,NA,NA,NA,0,NA
1874-11-08 15:00:00,NA,NA,NA,NA,NA,NA,NA,NA,NA,NA,NA,NA,NA,NA,NA,NA
1874-11-08 21:00:00,NA,NA,NA,NA,NA,NA,NA,NA,NA,NA,NA,NA,NA,NA,0,NA
1874-11-09,NA,NA,NA,NA,NA,NA,0,0,NA,NA,NA,-3.33,6,NA,NA,NA
1874-11-09 09:00:00,10.56,NA,0,7.69,NA,982.05,0,NA,3.44,NA,3.61,NA,NA,NA,7.15,",bkn"
1874-11-09 15:00:00,NA,NA,NA,NA,NA,NA,NA,NA,-0.39,NA,-0.33,NA,NA,NA,NA,",ovc"
1874-11-09 21:00:00,13.89,NA,45,5.99,NA,987.47,NA,NA,-0.5,NA,-0.44,NA,NA,NA,40,NA
1874-11-10,NA,NA,NA,NA,NA,NA,0,0,NA,NA,NA,-4.67,0.39,NA,NA,",sn,"
1874-11-10 09:00:00,15.56,NA,45,4.64,NA,992.89,0,NA,-3.5,NA,-3.33,NA,NA,NA,3.8,",sn"
1874-11-10 15:00:00,NA,NA,NA,NA,NA,NA,NA,NA,-4.89,NA,-4.78,NA,NA,NA,NA,",ovc"
1874-11-10 21:00:00,14.44,NA,0,4.2,NA,997.83,NA,NA,-5,NA,-4.83,NA,NA,NA,34,NA
1874-11-11,NA,NA,NA,NA,NA,NA,0,0,NA,NA,NA,-11.56,-3.06,NA,NA,NA
1874-11-11 09:00:00,15.56,NA,45,3.56,NA,1006.5,0,NA,-6.78,NA,-6.5,NA,NA,NA,3.35,",bkn"
1874-11-11 15:00:00,NA,NA,NA,NA,NA,NA,NA,NA,-5.83,NA,-5.83,NA,NA,NA,NA,",bkn,bkn"
1874-11-11 21:00:00,12.78,NA,0,3.93,NA,1009.14,NA,NA,-5.94,NA,-5.94,NA,NA,NA,2,NA
1874-11-12,NA,NA,NA,NA,NA,NA,0,0,NA,NA,NA,-7.39,-1.89,NA,NA,NA
1874-11-12 09:00:00,6.11,NA,315,3.89,NA,1009.35,0,NA,-5.11,NA,-4.72,NA,NA,NA,0.45,",ovc,ovc"
1874-11-12 15:00:00,NA,NA,NA,NA,NA,NA,NA,NA,-4.78,NA,-4.5,NA,NA,NA,NA,",ovc,ovc"
1874-11-12 21:00:00,12.78,NA,NA,4,NA,1006.5,NA,NA,-4.89,NA,-4.61,NA,NA,NA,0,NA
1874-11-13,NA,NA,NA,NA,NA,NA,7.62,76.2,NA,NA,NA,-8.61,3.61,NA,NA,",sn,"
1874-11-13 09:00:00,13.33,NA,135,4.74,NA,994.99,0,NA,-0.28,NA,1.56,NA,NA,NA,12.29,",ovc,ovc"
1874-11-13 15:00:00,NA,NA,NA,NA,NA,NA,NA,NA,-0.39,NA,0.44,NA,NA,NA,NA,",ovc"
1874-11-13 21:00:00,13.33,NA,135,5.08,NA,982.26,NA,NA,-0.5,NA,0.33,NA,NA,NA,22,NA
1874-11-14,NA,NA,NA,NA,NA,NA,0,0,NA,NA,NA,-12.67,2.33,NA,NA,NA
1874-11-14 09:00:00,14.44,NA,270,NA,NA,983.41,0,NA,-7.67,NA,-7.61,NA,NA,NA,6.3,",ovc"
1874-11-14 15:00:00,NA,NA,NA,NA,NA,NA,NA,NA,-12.22,NA,-12.22,NA,NA,NA,NA,",skc"
1874-11-14 21:00:00,12.78,NA,315,NA,NA,990.52,NA,NA,-12.33,NA,-12.33,NA,NA,NA,12,NA
1874-11-15,NA,NA,NA,NA,NA,NA,0,0,NA,NA,NA,-12.67,-6.28,NA,NA,NA
1874-11-15 09:00:00,NA,NA,NA,NA,NA,NA,0,NA,NA,NA,NA,NA,NA,NA,0,NA
1874-11-15 15:00:00,NA,NA,NA,NA,NA,NA,NA,NA,NA,NA,NA,NA,NA,NA,NA,NA
1874-11-15 21:00:00,NA,NA,NA,NA,NA,NA,NA,NA,NA,NA,NA,NA,NA,NA,0,NA
1874-11-16,NA,NA,NA,NA,NA,NA,17.018,170.18,NA,NA,NA,-16,-8.06,NA,NA,",sn,"
1874-11-16 09:00:00,10,NA,315,2.57,NA,1003.59,0,NA,-10.44,NA,-10.28,NA,NA,NA,3.58,",sn"
1874-11-16 15:00:00,NA,NA,NA,NA,NA,NA,NA,NA,-15.72,NA,-15.72,NA,NA,NA,NA,",skc"
1874-11-16 21:00:00,8.33,NA,90,1.73,NA,1001.69,NA,NA,-15.83,NA,-15.83,NA,NA,NA,11,NA
1874-11-17,NA,NA,NA,NA,NA,NA,0,0,NA,NA,NA,-28.78,-14.61,NA,NA,NA
1874-11-17 09:00:00,9.44,NA,45,0.68,NA,1006.84,0,NA,-24.39,NA,-24.44,NA,NA,NA,6.84,",skc"
1874-11-17 15:00:00,NA,NA,NA,NA,NA,NA,NA,NA,-25.56,NA,-25.5,NA,NA,NA,NA,",skc"
1874-11-17 21:00:00,4.44,NA,225,0.71,NA,1008.4,NA,NA,-25.44,NA,-25.39,NA,NA,NA,16,NA
1874-11-18,NA,NA,NA,NA,NA,NA,0,0,NA,NA,NA,-28.28,-15.17,NA,NA,NA
1874-11-18 09:00:00,8.89,NA,225,NA,NA,1010.63,0,NA,-23.44,NA,-23.44,NA,NA,NA,3.8,",skc,skc"
1874-11-18 15:00:00,NA,NA,NA,NA,NA,NA,NA,NA,-23.61,NA,-23.56,NA,NA,NA,NA,",skc"
1874-11-18 21:00:00,8.33,NA,90,NA,NA,1003.12,NA,NA,-23.5,NA,-23.44,NA,NA,NA,18,NA
1874-11-19,NA,NA,NA,NA,NA,NA,1.27,12.7,NA,NA,NA,-23.17,-12.06,NA,NA,",sn,"
1874-11-19 09:00:00,6.11,NA,135,1.42,NA,988.08,0,NA,-16.56,NA,-16.28,NA,NA,NA,11.04,",ovc"
1874-11-19 15:00:00,NA,NA,NA,NA,NA,NA,NA,NA,-12,NA,-11.94,NA,NA,NA,NA,",bkn"
1874-11-19 21:00:00,10.56,NA,NA,2.3,NA,982.05,NA,NA,-12.11,NA,-12.06,NA,NA,NA,0,NA
1874-11-20,NA,NA,NA,NA,NA,NA,0,0,NA,NA,NA,-18.44,-3.83,NA,NA,",sn,"
1874-11-20 09:00:00,12.78,NA,NA,NA,NA,980.09,0,NA,-9.56,NA,-9.17,NA,NA,NA,0,",sn"
1874-11-20 15:00:00,NA,NA,NA,NA,NA,NA,NA,NA,-17.22,NA,-17.22,NA,NA,NA,NA,",bkn"
1874-11-20 21:00:00,15,NA,90,NA,NA,980.02,NA,NA,-17.33,NA,-17.33,NA,NA,NA,0,NA
1874-11-21,NA,NA,NA,NA,NA,NA,12.7,127,NA,NA,NA,-16.94,-5.78,NA,NA,",sn,"
1874-11-21 09:00:00,5,NA,90,2.1,NA,979.75,0,NA,-12.44,NA,-12.22,NA,NA,NA,5.36,",ovc"
1874-11-21 15:00:00,NA,NA,NA,NA,NA,NA,NA,NA,-9.33,NA,-9.17,NA,NA,NA,NA,",sn"
1874-11-21 21:00:00,9.44,NA,45,2.81,NA,975.48,NA,NA,-9.44,NA,-9.28,NA,NA,NA,12,NA
1874-11-22,NA,NA,NA,NA,NA,NA,0,0,NA,NA,NA,-12.06,-4,NA,NA,NA
1874-11-22 09:00:00,NA,NA,NA,NA,NA,NA,0,NA,NA,NA,NA,NA,NA,NA,0,NA
1874-11-22 15:00:00,NA,NA,NA,NA,NA,NA,NA,NA,NA,NA,NA,NA,NA,NA,NA,NA
1874-11-22 21:00:00,NA,NA,NA,NA,NA,NA,NA,NA,NA,NA,-17.22,NA,NA,NA,0,NA
1874-11-23,NA,NA,NA,NA,NA,NA,0,0,NA,NA,NA,-18.94,-7,NA,NA,",sn,"
1874-11-23 09:00:00,3.33,NA,315,NA,NA,980.36,0,NA,-12.22,NA,-11.94,NA,NA,NA,13.41,",sn"
1874-11-23 15:00:00,NA,NA,NA,NA,NA,NA,NA,NA,-16.83,NA,-16.83,NA,NA,NA,NA,",skc"
1874-11-23 21:00:00,6.67,NA,315,NA,NA,990.79,NA,NA,-16.94,NA,-16.94,NA,NA,NA,12,NA
1874-11-24,NA,NA,NA,NA,NA,NA,0,0,NA,NA,NA,-25.83,-16.39,NA,NA,NA
1874-11-24 09:00:00,-2.22,NA,315,0.81,NA,994.65,0,NA,-24.11,NA,-24.11,NA,NA,NA,6.26,",skc,skc"
1874-11-24 15:00:00,NA,NA,NA,NA,NA,NA,NA,NA,-19.83,NA,-19.67,NA,NA,NA,NA,",skc"
1874-11-24 21:00:00,0.56,NA,315,1.22,NA,994.65,NA,NA,-19.72,NA,-19.56,NA,NA,NA,11,NA
1874-11-25,NA,NA,NA,NA,NA,NA,2.286,22.86,NA,NA,NA,-23.83,-14.72,NA,NA,",sn,"
1874-11-25 09:00:00,0.56,NA,315,NA,NA,990.04,0,NA,-16.94,NA,-16.83,NA,NA,NA,2.46,",sn"
1874-11-25 15:00:00,NA,NA,NA,NA,NA,NA,NA,NA,-25.11,NA,-24.83,NA,NA,NA,NA,",bkn,bkn"
1874-11-25 21:00:00,7.22,NA,270,NA,NA,983.27,NA,NA,-25,NA,-24.72,NA,NA,NA,2,NA
1874-11-26,NA,NA,NA,NA,NA,NA,9.144,91.44,NA,NA,NA,-19.22,-14.72,NA,NA,",sn,"
1874-11-26 09:00:00,0.56,NA,0,1.19,NA,973.99,0,NA,-17.67,NA,-17.39,NA,NA,NA,4.38,",sn"
1874-11-26 15:00:00,NA,NA,NA,NA,NA,NA,NA,NA,-23.17,NA,-23.06,NA,NA,NA,NA,",bkn"
1874-11-26 21:00:00,16.11,NA,270,0.88,NA,984.15,NA,NA,-23.06,NA,-22.94,NA,NA,NA,11,NA
1874-11-27,NA,NA,NA,NA,NA,NA,0,0,NA,NA,NA,-27.06,-16.83,NA,NA,NA
1874-11-27 09:00:00,11.67,NA,270,0.64,NA,993.91,0,NA,-26.56,NA,-26.5,NA,NA,NA,4.07,",bkn"
1874-11-27 15:00:00,NA,NA,NA,NA,NA,NA,NA,NA,-25.67,NA,-25.5,NA,NA,NA,NA,",skc"
1874-11-27 21:00:00,9.44,NA,270,0.64,NA,999.09,NA,NA,-25.56,NA,-25.39,NA,NA,NA,40,NA
1874-11-28,NA,NA,NA,NA,NA,NA,0,0,NA,NA,NA,-31.56,-22.61,NA,NA,NA
1874-11-28 09:00:00,1.11,NA,270,0.51,NA,1001.76,0,NA,-30.39,NA,-30.39,NA,NA,NA,4.69,",skc,skc"
1874-11-28 15:00:00,NA,NA,NA,NA,NA,NA,NA,NA,-31.67,NA,-31.67,NA,NA,NA,NA,",skc"
1874-11-28 21:00:00,7.78,NA,225,0.41,NA,1001.69,NA,NA,-31.56,NA,-31.56,NA,NA,NA,5,NA
1874-11-29,NA,NA,NA,NA,NA,NA,0,0,NA,NA,NA,-31.83,-22.89,NA,NA,NA
1874-11-29 09:00:00,NA,NA,NA,NA,NA,NA,0,NA,NA,NA,NA,NA,NA,NA,0,NA
1874-11-29 15:00:00,NA,NA,NA,NA,NA,NA,NA,NA,NA,NA,NA,NA,NA,NA,NA,NA
1874-11-29 21:00:00,NA,NA,NA,NA,NA,NA,NA,NA,NA,NA,NA,NA,NA,NA,0,NA
1874-11-30,NA,NA,NA,NA,NA,NA,10.668,106.68,NA,NA,NA,-36,-8.44,NA,NA,",sn,"
1874-11-30 09:00:00,1.11,NA,270,NA,NA,991.53,0,NA,-23.17,NA,-23.17,NA,NA,NA,5.14,",ovc,ovc"
1874-11-30 15:00:00,NA,NA,NA,NA,NA,NA,NA,NA,-9.33,NA,-9.17,NA,NA,NA,NA,",sn"
1874-11-30 21:00:00,13.33,NA,270,NA,NA,977.92,NA,NA,-9.44,NA,-9.28,NA,NA,NA,40,NA
1874-12-01,NA,NA,NA,NA,NA,NA,NA,NA,NA,NA,NA,-14.28,-5.28,NA,NA,NA
1874-12-01 09:00:00,13.89,NA,270,2.2,NA,986.46,NA,NA,-12.67,NA,-12.61,NA,NA,NA,4.69,",ovc,ovc"
1874-12-01 15:00:00,NA,NA,NA,NA,NA,NA,NA,NA,-6.56,NA,-6.44,NA,NA,NA,NA,",ovc,ovc"
1874-12-01 21:00:00,10,NA,135,3.66,NA,979.92,NA,NA,-6.67,NA,-6.56,NA,NA,NA,14,NA
1874-12-02,NA,NA,NA,NA,NA,NA,NA,NA,NA,NA,NA,-19.94,-3.22,NA,NA,NA
1874-12-02 09:00:00,12.78,NA,315,3.83,NA,987.13,NA,NA,-6,NA,-5.94,NA,NA,NA,5.41,",ovc"
1874-12-02 15:00:00,NA,NA,NA,NA,NA,NA,NA,NA,-20.06,NA,-19.94,NA,NA,NA,NA,",bkn"
1874-12-02 21:00:00,2.78,NA,0,1.69,NA,993.91,NA,NA,-19.94,NA,-19.83,NA,NA,NA,13,NA
1874-12-03,NA,NA,NA,NA,NA,NA,NA,NA,NA,NA,NA,-9.06,-5.56,NA,NA,NA
1874-12-03 09:00:00,7.22,NA,135,3.22,NA,993.91,NA,NA,-21.06,NA,-21.06,NA,NA,NA,6.53,",bkn"
1874-12-03 15:00:00,NA,NA,NA,NA,NA,NA,NA,NA,-5.83,NA,-5.61,NA,NA,NA,NA,",sn"
1874-12-03 21:00:00,10.56,NA,135,3.96,NA,986.86,NA,NA,-5.94,NA,-5.72,NA,NA,NA,27,NA
1874-12-04,NA,NA,NA,NA,NA,NA,NA,NA,NA,NA,NA,-10.17,-1.22,NA,NA,NA
1874-12-04 09:00:00,13.33,NA,225,NA,NA,988.08,NA,NA,-8.06,NA,-8.17,NA,NA,NA,2.28,",bkn"
1874-12-04 15:00:00,NA,NA,NA,NA,NA,NA,NA,NA,-7.5,NA,-7.28,NA,NA,NA,NA,",skc"
1874-12-04 21:00:00,13.89,NA,NA,NA,NA,987.88,NA,NA,-7.61,NA,-7.39,NA,NA,NA,0,NA
1874-12-05,NA,NA,NA,NA,NA,NA,NA,NA,NA,NA,NA,-11.06,0.17,NA,NA,NA
1874-12-05 09:00:00,13.89,NA,270,4,NA,985.44,NA,NA,-2.06,NA,-1.83,NA,NA,NA,6.26,",bkn"
1874-12-05 15:00:00,NA,NA,NA,NA,NA,NA,NA,NA,-1.56,NA,-1.39,NA,NA,NA,NA,",ovc"
1874-12-05 21:00:00,8.33,NA,270,5.55,NA,989.57,NA,NA,-1.5,NA,-1.5,NA,NA,NA,11,NA
1874-12-06,NA,NA,NA,NA,NA,NA,NA,NA,NA,NA,NA,-8.22,-0.94,NA,NA,NA
1874-12-07,NA,NA,NA,NA,NA,NA,NA,NA,NA,NA,NA,-5.94,-1.56,NA,NA,NA
1874-12-07 09:00:00,10.56,NA,45,3.86,NA,993.84,NA,NA,-5,NA,-4.56,NA,NA,NA,1.7,",ovc,ovc"
1874-12-07 15:00:00,NA,NA,NA,NA,NA,NA,NA,NA,-2.83,NA,-2.39,NA,NA,NA,NA,",ovc,ovc"
1874-12-07 21:00:00,3.89,NA,135,4.61,NA,973.11,NA,NA,-2.94,NA,-2.78,NA,NA,NA,28,NA
1874-12-08,NA,NA,NA,NA,NA,NA,NA,NA,NA,NA,NA,-12.61,-1.83,NA,NA,NA
1874-12-08 09:00:00,11.11,NA,315,3.45,NA,975.28,NA,NA,-3.33,NA,-2.89,NA,NA,NA,15.65,",ovc"
1874-12-08 15:00:00,NA,NA,NA,NA,NA,NA,NA,NA,-12.61,NA,-12.5,NA,NA,NA,NA,",ovc,ovc"
1874-12-08 21:00:00,8.89,NA,315,2.27,NA,988.83,NA,NA,-12.72,NA,-12.61,NA,NA,NA,16,NA
1874-12-09,NA,NA,NA,NA,NA,NA,NA,NA,NA,NA,NA,-15.39,-12.11,NA,NA,NA
1874-12-09 09:00:00,5,NA,135,2.03,NA,995.87,NA,NA,-13.67,NA,-13.72,NA,NA,NA,13.41,",ovc"
1874-12-09 15:00:00,NA,NA,NA,NA,NA,NA,NA,NA,-14.94,NA,-14.83,NA,NA,NA,NA,",bkn"
1874-12-09 21:00:00,3.89,NA,315,1.86,NA,994.65,NA,NA,-14.83,NA,-14.94,NA,NA,NA,30,NA
1874-12-10,NA,NA,NA,NA,NA,NA,NA,NA,NA,NA,NA,-26.22,-10.94,NA,NA,NA
1874-12-10 09:00:00,4.44,NA,315,2.64,NA,989.1,NA,NA,-11.5,NA,-11.28,NA,NA,NA,7.82,",sn"
1874-12-10 15:00:00,NA,NA,NA,NA,NA,NA,NA,NA,-26.22,NA,-26.33,NA,NA,NA,NA,",skc"
1874-12-10 21:00:00,2.22,NA,180,0.64,NA,1000.07,NA,NA,-26.11,NA,-26.22,NA,NA,NA,45,NA
1874-12-11,NA,NA,NA,NA,NA,NA,NA,NA,NA,NA,NA,-31.89,-20.72,NA,NA,NA
1874-12-11 09:00:00,11.67,NA,315,0.51,NA,1005.22,NA,NA,-30,NA,-30,NA,NA,NA,7.82,",skc,skc"
1874-12-11 15:00:00,NA,NA,NA,NA,NA,NA,NA,NA,-24,NA,-23.44,NA,NA,NA,NA,",skc,skc"
1874-12-11 21:00:00,2.78,NA,NA,0.88,NA,997.77,NA,NA,-23.89,NA,-23.33,NA,NA,NA,NA,NA
1874-12-12,NA,NA,NA,NA,NA,NA,NA,NA,NA,NA,NA,-11.22,-2.78,NA,NA,NA
1874-12-12 09:00:00,10,NA,45,1.02,NA,994.92,NA,NA,-19.83,NA,-19.56,NA,NA,NA,1.34,",skc"
1874-12-12 15:00:00,NA,NA,NA,NA,NA,NA,NA,NA,-24.17,NA,-24.11,NA,NA,NA,NA,",skc"
1874-12-12 21:00:00,4.44,NA,NA,0.85,NA,995.6,NA,NA,-24.06,NA,-24,NA,NA,NA,NA,NA
1874-12-13,NA,NA,NA,NA,NA,NA,NA,NA,NA,NA,NA,-28.11,-20.72,NA,NA,NA
1874-12-14,NA,NA,NA,NA,NA,NA,NA,NA,NA,NA,NA,-9,-8.61,NA,NA,NA
1874-12-14 09:00:00,1.67,NA,0,1.96,NA,991.6,NA,NA,-15.56,NA,-15.28,NA,NA,NA,10.68,",sn"
1874-12-14 15:00:00,NA,NA,NA,NA,NA,NA,NA,NA,-9.33,NA,-9.33,NA,NA,NA,NA,",skc"
1874-12-14 21:00:00,10,NA,135,2.91,NA,984.42,NA,NA,-9.44,NA,-9.44,NA,NA,NA,11,NA
1874-12-15,NA,NA,NA,NA,NA,NA,NA,NA,NA,NA,NA,-10,-2.06,NA,NA,NA
1874-12-15 09:00:00,8.33,NA,180,4.17,NA,978.12,NA,NA,-5.28,NA,-5,NA,NA,NA,5.27,",bkn"
1874-12-15 15:00:00,NA,NA,NA,NA,NA,NA,NA,NA,-7.56,NA,-7.33,NA,NA,NA,NA,",ovc"
1874-12-15 21:00:00,5.56,NA,0,3.49,NA,985.1,NA,NA,-7.67,NA,-7.44,NA,NA,NA,24,NA
1874-12-16,NA,NA,NA,NA,NA,NA,NA,NA,NA,NA,NA,-8.61,-6.56,NA,NA,NA
1874-12-16 09:00:00,12.22,NA,315,1.19,NA,996.28,0,NA,-19.06,NA,-18.89,NA,NA,NA,8.63,",skc"
1874-12-16 15:00:00,NA,NA,NA,NA,NA,NA,NA,NA,-26.28,NA,-26.33,NA,NA,NA,NA,",skc,skc"
1874-12-16 21:00:00,-0.56,NA,315,6.77,NA,1001.42,NA,NA,-26.17,NA,-26.22,NA,NA,NA,16,NA
1874-12-17,NA,NA,NA,NA,NA,NA,NA,NA,NA,NA,NA,-26.39,-1,NA,NA,NA
1874-12-17 09:00:00,0.56,NA,180,1.35,NA,994.92,NA,NA,-18.72,NA,-18.67,NA,NA,NA,10.64,",skc,skc"
1874-12-17 15:00:00,NA,NA,NA,NA,NA,NA,NA,NA,-3.11,NA,-2.94,NA,NA,NA,NA,",skc"
1874-12-17 21:00:00,7.22,NA,225,4.64,NA,979.75,NA,NA,-3.22,NA,-3.06,NA,NA,NA,40,NA
1874-12-18,NA,NA,NA,NA,NA,NA,NA,NA,NA,NA,NA,-7.94,-2,NA,NA,NA
1874-12-18 09:00:00,10.56,NA,225,3.79,NA,982.15,NA,NA,-6.56,NA,-6.39,NA,NA,NA,3.58,",skc,skc"
1874-12-18 15:00:00,NA,NA,NA,NA,NA,NA,NA,NA,-6.44,NA,-6.28,NA,NA,NA,NA,",ovc"
1874-12-18 21:00:00,15.56,NA,0,3.79,NA,987.13,NA,NA,-6.56,NA,-6.39,NA,NA,NA,45,NA
1874-12-19,NA,NA,NA,NA,NA,NA,NA,NA,NA,NA,NA,-24.06,-5.83,NA,NA,NA
1874-12-19 09:00:00,8.89,NA,315,1.69,NA,997.9,NA,NA,-16.67,NA,-16.56,NA,NA,NA,10.06,",bkn"
1874-12-19 15:00:00,NA,NA,NA,NA,NA,NA,NA,NA,-23.72,NA,-23.56,NA,NA,NA,NA,",bkn"
1874-12-19 21:00:00,4.44,NA,315,0.78,NA,999.46,NA,NA,-23.61,NA,-23.44,NA,NA,NA,40,NA
1874-12-20,NA,NA,NA,NA,NA,NA,NA,NA,NA,NA,NA,-11.5,-3.56,NA,NA,NA
1874-12-21,NA,NA,NA,NA,NA,NA,NA,NA,NA,NA,NA,-14.06,-4.89,NA,NA,NA
1874-12-21 09:00:00,13.33,NA,315,NA,NA,981.31,NA,NA,-13.33,NA,-13.33,NA,NA,NA,12.96,",sn"
1874-12-21 15:00:00,NA,NA,NA,NA,NA,NA,NA,NA,-20.78,NA,-20.83,NA,NA,NA,NA,",bkn"
1874-12-21 21:00:00,7.22,NA,315,NA,NA,981.17,NA,NA,-20.67,NA,-20.72,NA,NA,NA,0,NA
1874-12-22,NA,NA,NA,NA,NA,NA,NA,NA,NA,NA,NA,-11.28,-5.39,NA,NA,NA
1874-12-22 09:00:00,8.89,NA,135,1.08,NA,976.23,NA,NA,-20.56,NA,-20.56,NA,NA,NA,3.58,",bkn"
1874-12-22 15:00:00,NA,NA,NA,NA,NA,NA,NA,NA,-12,NA,-11.72,NA,NA,NA,NA,",bkn"
1874-12-22 21:00:00,11.67,NA,90,2.54,NA,973.59,NA,NA,-12.11,NA,-11.83,NA,NA,NA,11,NA
1874-12-23,NA,NA,NA,NA,NA,NA,NA,NA,NA,NA,NA,-10,-3.89,NA,NA,NA
1874-12-23 09:00:00,8.89,NA,315,2.74,NA,975.89,NA,NA,-10.56,NA,-10.44,NA,NA,NA,15.65,",sn"
1874-12-23 15:00:00,NA,NA,NA,NA,NA,NA,NA,NA,-25.67,NA,-25.67,NA,NA,NA,NA,",sn"
1874-12-23 21:00:00,2.22,NA,315,0.88,NA,987.17,NA,NA,-25.56,NA,-25.56,NA,NA,NA,14,NA
1874-12-24,NA,NA,NA,NA,NA,NA,NA,NA,NA,NA,NA,-30.83,-20.56,NA,NA,NA
1874-12-24 09:00:00,7.78,NA,315,NA,NA,989.16,NA,NA,-28.89,NA,-28.89,NA,NA,NA,0,NA
1874-12-24 15:00:00,NA,NA,NA,NA,NA,NA,NA,NA,-23.44,NA,-23.44,NA,NA,NA,NA,",missing"
1874-12-24 21:00:00,4.44,NA,NA,NA,NA,987.13,NA,NA,-23.33,NA,-23.33,NA,NA,NA,NA,NA
1874-12-25,NA,NA,NA,NA,NA,NA,NA,NA,NA,NA,NA,-23.33,-5.67,NA,NA,NA
1874-12-26,NA,NA,NA,NA,NA,NA,NA,NA,NA,NA,NA,-15.11,-8.61,NA,NA,NA
1874-12-26 09:00:00,0,NA,135,NA,NA,980.29,NA,NA,-12.17,NA,-12.17,NA,NA,NA,1.34,",ovc"
1874-12-26 15:00:00,NA,NA,NA,NA,NA,NA,NA,NA,-14.33,NA,-14.28,NA,NA,NA,NA,",missing"
1874-12-26 21:00:00,7.22,NA,225,NA,NA,978.67,NA,NA,-14.39,NA,-14.39,NA,NA,NA,5,NA
1874-12-27,NA,NA,NA,NA,NA,NA,NA,NA,NA,NA,NA,-26.94,-13.39,NA,NA,NA
1874-12-27 09:00:00,NA,NA,180,NA,NA,NA,NA,NA,NA,NA,NA,NA,NA,NA,NA,NA
1874-12-28,NA,NA,NA,NA,NA,NA,NA,NA,NA,NA,NA,-37.5,-27.33,NA,NA,NA
1874-12-28 09:00:00,-9.44,NA,180,NA,NA,988.83,NA,NA,-36.39,NA,-36.39,NA,NA,NA,6.71,",skc,skc"
1874-12-28 15:00:00,NA,NA,NA,NA,NA,NA,NA,NA,-35.67,NA,-35.67,NA,NA,NA,NA,",skc"
1874-12-28 21:00:00,-8.33,NA,270,NA,NA,991.53,NA,NA,-35.56,NA,-35.56,NA,NA,NA,27,NA
1874-12-29,NA,NA,NA,NA,NA,NA,NA,NA,NA,NA,NA,-37.11,-29.44,NA,NA,NA
1874-12-29 09:00:00,-8.33,NA,225,NA,NA,996.07,NA,NA,-36.11,NA,-36.11,NA,NA,NA,0.54,",skc,skc"
1874-12-29 15:00:00,NA,NA,NA,NA,NA,NA,NA,NA,-32.89,NA,-32.89,NA,NA,NA,NA,",skc"
1874-12-29 21:00:00,0,NA,180,NA,NA,1006.37,NA,NA,-32.78,NA,-32.78,NA,NA,NA,45,NA
1874-12-30,NA,NA,NA,NA,NA,NA,NA,NA,NA,NA,NA,-35.17,-25.67,NA,NA,NA
1874-12-30 09:00:00,-1.11,NA,NA,NA,NA,1009.62,NA,NA,-32.72,NA,-32.78,NA,NA,NA,NA,",bkn"
1874-12-30 15:00:00,NA,NA,NA,NA,NA,NA,NA,NA,-31.78,NA,-31.22,NA,NA,NA,NA,",skc"
1874-12-30 21:00:00,6.11,NA,NA,NA,NA,1010.3,NA,NA,-31.67,NA,-31.11,NA,NA,NA,NA,NA
1874-12-31,NA,NA,NA,NA,NA,NA,NA,NA,NA,NA,NA,-32.56,-6.33,NA,NA,NA
1874-12-31 09:00:00,-10.56,NA,270,1.29,NA,997.09,NA,NA,-22.22,NA,-22.22,NA,NA,NA,6.71,NA
1874-12-31 15:00:00,NA,NA,NA,NA,NA,NA,NA,NA,-10.72,NA,-9.89,NA,NA,NA,NA,",ovc"
1874-12-31 21:00:00,-2.78,NA,135,1.96,NA,982.66,NA,NA,-11.11,NA,-10,NA,NA,NA,48,NA
1875-01-01,NA,NA,NA,NA,NA,NA,NA,NA,NA,NA,NA,-25.89,-7.22,NA,NA,NA
1875-01-01 09:00:00,-5,NA,270,0.64,NA,988.35,0,NA,-21.06,NA,-20.33,NA,NA,NA,5.59,",skc"
1875-01-01 15:00:00,NA,NA,NA,NA,NA,NA,NA,NA,-25.94,NA,-24.56,NA,NA,NA,NA,",skc"
1875-01-01 21:00:00,-4.44,NA,270,NA,NA,997.63,NA,NA,-25.89,NA,-24.44,NA,NA,NA,0,NA
1875-01-02,NA,NA,NA,NA,NA,NA,NA,NA,NA,NA,NA,-33.22,-24.11,NA,NA,NA
1875-01-02 09:00:00,-7.78,NA,270,NA,NA,989.71,NA,NA,-33.33,NA,-31.11,NA,NA,NA,0.45,",skc,skc"
1875-01-02 15:00:00,NA,NA,NA,NA,NA,NA,NA,NA,-31.78,NA,-30.11,NA,NA,NA,NA,",skc,skc"
1875-01-02 21:00:00,-0.56,NA,270,NA,NA,992.21,NA,NA,-31.67,NA,-30,NA,NA,NA,11,NA
1875-01-03 09:00:00,NA,NA,270,NA,NA,NA,NA,NA,NA,NA,NA,NA,NA,NA,4.69,NA
1875-01-04,NA,NA,NA,NA,NA,NA,NA,NA,NA,NA,NA,-33.28,-24.5,NA,NA,NA
1875-01-04 09:00:00,-6.67,NA,NA,NA,NA,999.26,NA,NA,-27.78,NA,-26.11,NA,NA,NA,NA,",bkn"
1875-01-04 15:00:00,NA,NA,NA,NA,NA,NA,NA,NA,-31.11,NA,-29.56,NA,NA,NA,NA,",skc"
1875-01-04 21:00:00,2.22,NA,270,NA,NA,996.61,NA,NA,-31.17,NA,-29.44,NA,NA,NA,0,NA
1875-01-05,NA,NA,NA,NA,NA,NA,NA,NA,NA,NA,NA,-34.67,-19.44,NA,NA,NA
1875-01-05 09:00:00,-8.33,NA,180,NA,NA,988.83,NA,NA,-30.39,NA,-28.89,NA,NA,NA,4.25,",skc,skc"
1875-01-05 15:00:00,NA,NA,NA,NA,NA,NA,NA,NA,-24.5,NA,-24.11,NA,NA,NA,NA,",skc,skc"
1875-01-05 21:00:00,11.11,NA,180,0.54,NA,987.2,NA,NA,-24.44,NA,-24,NA,NA,NA,12,NA
1875-01-06,NA,NA,NA,NA,NA,NA,NA,NA,NA,NA,NA,-34.17,-23.22,NA,NA,NA
1875-01-06 09:00:00,-3.89,NA,NA,NA,NA,987.4,NA,NA,-31.22,NA,-30.61,NA,NA,NA,NA,",skc,skc"
1875-01-06 15:00:00,NA,NA,NA,NA,NA,NA,NA,NA,-30.11,NA,-30.11,NA,NA,NA,NA,",skc"
1875-01-06 21:00:00,-4.44,NA,180,0.51,NA,988.96,NA,NA,-30,NA,-30,NA,NA,NA,34,NA
1875-01-07,NA,NA,NA,NA,NA,NA,NA,NA,NA,NA,NA,-31.39,-23.89,NA,NA,NA
1875-01-07 09:00:00,-1.67,NA,270,0.51,NA,988.08,NA,NA,-30,NA,-30,NA,NA,NA,1.34,",skc"
1875-01-07 15:00:00,NA,NA,NA,NA,NA,NA,NA,NA,-27.89,NA,-27.89,NA,NA,NA,NA,",ovc"
1875-01-07 21:00:00,5,NA,315,0.61,NA,996.14,NA,NA,-27.78,NA,-27.78,NA,NA,NA,11,NA
1875-01-08,NA,NA,NA,NA,NA,NA,NA,NA,NA,NA,NA,-43.06,-27.78,NA,NA,NA
1875-01-08 09:00:00,-2.78,NA,270,0,NA,998.98,NA,NA,-39.44,NA,-39.44,NA,NA,NA,0.31,",skc,skc"
1875-01-08 15:00:00,NA,NA,NA,NA,NA,NA,NA,NA,-39.56,NA,-39.56,NA,NA,NA,NA,",skc,skc"
1875-01-08 21:00:00,-7.78,NA,180,0,NA,998.1,NA,NA,-39.44,NA,-39.44,NA,NA,NA,NA,NA
1875-01-09,NA,NA,NA,NA,NA,NA,NA,NA,NA,NA,NA,-37.89,-25.56,NA,NA,NA
1875-01-09 09:00:00,-12.78,NA,270,0.58,NA,988.83,NA,NA,-28.33,NA,-28.33,NA,NA,NA,NA,",ovc"
1875-01-09 15:00:00,NA,NA,NA,NA,NA,NA,NA,NA,-31.22,NA,-31.22,NA,NA,NA,NA,",skc"
1875-01-09 21:00:00,-5,NA,270,0.44,NA,985.44,NA,NA,-31.11,NA,-31.11,NA,NA,NA,NA,NA
1875-01-11,NA,NA,NA,NA,NA,NA,NA,NA,NA,NA,NA,-37.78,-25,NA,NA,NA
1875-01-11 09:00:00,-5,NA,270,0,NA,997.29,NA,NA,-36.78,NA,-35.61,NA,NA,NA,NA,",skc,skc"
1875-01-11 15:00:00,NA,NA,NA,NA,NA,NA,NA,NA,-35,NA,-35,NA,NA,NA,NA,",skc,skc"
1875-01-11 21:00:00,0,NA,270,0.3,NA,1002.37,NA,NA,-34.89,NA,-34.89,NA,NA,NA,11,NA
1875-01-12,NA,NA,NA,NA,NA,NA,NA,NA,NA,NA,NA,-37.94,-25.56,NA,NA,NA
1875-01-12 09:00:00,-2.22,NA,270,NA,NA,1005.89,NA,NA,-31.06,NA,-29.17,NA,NA,NA,0.31,",bkn"
1875-01-12 15:00:00,NA,NA,NA,NA,NA,NA,NA,NA,-31.44,NA,-31.44,NA,NA,NA,NA,",skc"
1875-01-12 21:00:00,8.89,NA,315,0.44,NA,1003.49,NA,NA,-31.33,NA,-31.33,NA,NA,NA,11,NA
1875-01-13,NA,NA,NA,NA,NA,NA,NA,NA,NA,NA,NA,-38.06,-25.89,NA,NA,NA
1875-01-13 09:00:00,0,NA,315,0,NA,999.59,NA,NA,-36.22,NA,-36.22,NA,NA,NA,0.54,",skc,skc"
1875-01-13 15:00:00,NA,NA,NA,NA,NA,NA,NA,NA,-31.83,NA,-31.83,NA,NA,NA,NA,",skc"
1875-01-13 21:00:00,0.56,NA,270,0.41,NA,999.26,NA,NA,-31.72,NA,-31.72,NA,NA,NA,11,NA
1875-01-14,NA,NA,NA,NA,NA,NA,NA,NA,NA,NA,NA,-37.06,-24.44,NA,NA,NA
1875-01-14 09:00:00,-3.33,NA,225,0.34,NA,997.49,NA,NA,-33.28,NA,-33.28,NA,NA,NA,5.36,",skc,skc"
1875-01-14 15:00:00,NA,NA,NA,NA,NA,NA,NA,NA,-30.94,NA,-30.94,NA,NA,NA,NA,",skc"
1875-01-14 21:00:00,8.89,NA,225,0.47,NA,998.1,NA,NA,-30.83,NA,-30.56,NA,NA,NA,40,NA
1875-01-15,NA,NA,NA,NA,NA,NA,NA,NA,NA,NA,NA,-34.39,-26.39,NA,NA,NA
1875-01-15 09:00:00,-5.56,NA,180,0.58,NA,997.77,NA,NA,-28.61,NA,-28.61,NA,NA,NA,0.8,",bkn"
1875-01-15 15:00:00,NA,NA,NA,NA,NA,NA,NA,NA,-27.78,NA,-27.61,NA,NA,NA,NA,",ovc"
1875-01-15 21:00:00,4.44,NA,NA,0.47,NA,997.09,NA,NA,-27.67,NA,-27.5,NA,NA,NA,NA,NA
1875-01-16,NA,NA,NA,NA,NA,NA,NA,NA,NA,NA,NA,-35.06,-26.11,NA,NA,NA
1875-01-16 09:00:00,-0.56,NA,270,0.34,NA,1000.27,NA,NA,-32,NA,-32,NA,NA,NA,8.05,",skc"
1875-01-16 15:00:00,NA,NA,NA,NA,NA,NA,NA,NA,-32.61,NA,-32.33,NA,NA,NA,NA,",skc"
1875-01-16 21:00:00,-2.78,NA,225,0.2,NA,998.98,NA,NA,-32.22,NA,-32.22,NA,NA,NA,0,NA
1875-01-17,NA,NA,NA,NA,NA,NA,NA,NA,NA,NA,NA,-36.78,-26.11,NA,NA,NA
1875-01-18,NA,NA,NA,NA,NA,NA,NA,NA,NA,NA,NA,-37.11,-25.28,NA,NA,NA
1875-01-18 09:00:00,-10,NA,NA,0.41,NA,995.94,NA,NA,-32.5,NA,-32.5,NA,NA,NA,NA,",skc,skc"
1875-01-18 15:00:00,NA,NA,NA,NA,NA,NA,NA,NA,-30.11,NA,-30.11,NA,NA,NA,NA,",skc,skc"
1875-01-18 21:00:00,-5,NA,NA,NA,NA,998.38,NA,NA,-30.11,NA,-30.11,NA,NA,NA,NA,NA
1875-01-19,NA,NA,NA,NA,NA,NA,NA,NA,NA,NA,NA,-35,-18.89,NA,NA,NA
1875-01-19 09:00:00,-10,NA,NA,0.61,NA,994.24,NA,NA,-28.06,NA,-28.06,NA,NA,NA,NA,",bkn"
1875-01-19 15:00:00,NA,NA,NA,NA,NA,NA,NA,NA,-27.33,NA,-27.33,NA,NA,NA,NA,",bkn"
1875-01-19 21:00:00,-3.33,NA,135,0.64,NA,993.09,NA,NA,-27.28,NA,-27.22,NA,NA,NA,14,NA
1875-01-20,NA,NA,NA,NA,NA,NA,NA,NA,NA,NA,NA,-27.28,-23.33,NA,NA,NA
1875-01-20 09:00:00,-5,NA,135,1.46,NA,981.31,NA,NA,-17.78,NA,-17.78,NA,NA,NA,15.2,",sn"
1875-01-20 15:00:00,NA,NA,NA,NA,NA,NA,NA,NA,-12.61,NA,-12.61,NA,NA,NA,NA,",ovc"
1875-01-20 21:00:00,0,NA,135,2.2,NA,977.31,NA,NA,-12.67,NA,-12.67,NA,NA,NA,12,NA
1875-01-21,NA,NA,NA,NA,NA,NA,NA,NA,NA,NA,NA,-24.28,-23.33,NA,NA,NA
1875-01-21 09:00:00,-3.33,NA,315,1.76,NA,978.46,NA,NA,-15.56,NA,-15.56,NA,NA,NA,12.07,",ovc,ovc"
1875-01-21 15:00:00,NA,NA,NA,NA,NA,NA,NA,NA,-23.39,NA,-23.39,NA,NA,NA,NA,",skc"
1875-01-21 21:00:00,-3.33,NA,315,2.27,NA,987.95,NA,NA,-23.39,NA,-23.33,NA,NA,NA,16,NA
1875-01-22,NA,NA,NA,NA,NA,NA,NA,NA,NA,NA,NA,-32.5,-20,NA,NA,NA
1875-01-22 09:00:00,-3.33,NA,NA,0.61,NA,989.5,NA,NA,-27.78,NA,-27.78,NA,NA,NA,0,",skc,skc"
1875-01-22 15:00:00,NA,NA,NA,NA,NA,NA,NA,NA,-16.61,NA,-16.61,NA,NA,NA,NA,",sn"
1875-01-22 21:00:00,11.11,NA,135,1.59,NA,987.4,NA,NA,-16.67,NA,-16.67,NA,NA,NA,17,NA
1875-01-23,NA,NA,NA,NA,NA,NA,NA,NA,NA,NA,NA,-24.39,-22.28,NA,NA,NA
1875-01-23 09:00:00,0.56,NA,270,1.35,NA,984.42,NA,NA,-18.61,NA,-18.61,NA,NA,NA,5.36,",ovc"
1875-01-23 15:00:00,NA,NA,NA,NA,NA,NA,NA,NA,-22.28,NA,-22.28,NA,NA,NA,NA,",skc,skc"
1875-01-23 21:00:00,-1.11,NA,315,0.98,NA,985.78,NA,NA,-22.22,NA,-22.22,NA,NA,NA,40,NA
1875-01-25,NA,NA,NA,NA,NA,NA,NA,NA,NA,NA,NA,-37.06,-18.11,NA,NA,NA
1875-01-25 09:00:00,-10,NA,315,0.41,NA,996.89,NA,NA,-32.22,NA,-32.22,NA,NA,NA,7.15,",bkn"
1875-01-25 15:00:00,NA,NA,NA,NA,NA,NA,NA,NA,-23.44,NA,-23.44,NA,NA,NA,NA,",skc"
1875-01-25 21:00:00,-0.56,NA,315,0.91,NA,994.92,NA,NA,-23.33,NA,-23.33,NA,NA,NA,0,NA
1875-01-26,NA,NA,NA,NA,NA,NA,NA,NA,NA,NA,NA,-12.89,-9.39,NA,NA,NA
1875-01-26 09:00:00,0,NA,135,1.66,NA,990.86,NA,NA,-14.5,NA,-14.17,NA,NA,NA,2.68,",skc"
1875-01-26 15:00:00,NA,NA,NA,NA,NA,NA,NA,NA,-17.22,NA,-17.22,NA,NA,NA,NA,",skc"
1875-01-26 21:00:00,1.67,NA,270,1.56,NA,990.04,NA,NA,-17.33,NA,-17.33,NA,NA,NA,14,NA
1875-01-27,NA,NA,NA,NA,NA,NA,NA,NA,NA,NA,NA,-27.28,-18.89,NA,NA,NA
1875-01-27 09:00:00,-1.67,NA,315,0.95,NA,989.16,NA,NA,-21.28,NA,-20.56,NA,NA,NA,8.05,",skc,skc"
1875-01-27 15:00:00,NA,NA,NA,NA,NA,NA,NA,NA,-26.22,NA,-26.22,NA,NA,NA,NA,",skc,skc"
1875-01-27 21:00:00,-1.11,NA,315,0.71,NA,989.91,NA,NA,-26.11,NA,-26.11,NA,NA,NA,11,NA
1875-01-28,NA,NA,NA,NA,NA,NA,NA,NA,NA,NA,NA,-33.83,-18.33,NA,NA,NA
1875-01-28 09:00:00,-5,NA,NA,0.41,NA,991.4,NA,NA,-31.94,NA,-31.94,NA,NA,NA,0,",skc,skc"
1875-01-28 15:00:00,NA,NA,NA,NA,NA,NA,NA,NA,-29.28,NA,-29.28,NA,NA,NA,NA,",skc,skc"
1875-01-28 21:00:00,3.89,NA,315,0.54,NA,990.93,NA,NA,-29.17,NA,-29.17,NA,NA,NA,1,NA
1875-01-29,NA,NA,NA,NA,NA,NA,NA,NA,NA,NA,NA,-29.11,-20,NA,NA,NA
1875-01-29 09:00:00,-2.22,NA,NA,0.98,NA,982.05,NA,NA,-22.5,NA,-22.5,NA,NA,NA,0,",ovc"
1875-01-29 15:00:00,NA,NA,NA,NA,NA,NA,NA,NA,-27.67,NA,-27.33,NA,NA,NA,NA,",skc"
1875-01-29 21:00:00,5,NA,315,0.61,NA,982.39,NA,NA,-27.28,NA,-27.22,NA,NA,NA,11,NA
1875-01-30,NA,NA,NA,NA,NA,NA,NA,NA,NA,NA,NA,-29.83,-22.78,NA,NA,NA
1875-01-30 09:00:00,-3.89,NA,315,0.54,NA,989.3,NA,NA,-28.89,NA,-28.89,NA,NA,NA,4.47,",skc,skc"
1875-01-30 15:00:00,NA,NA,NA,NA,NA,NA,NA,NA,-28.72,NA,-28.72,NA,NA,NA,NA,",skc,skc"
1875-01-30 21:00:00,10,NA,225,0.64,NA,991.2,NA,NA,-28.61,NA,-28.61,NA,NA,NA,34,NA
1875-01-31,NA,NA,NA,NA,NA,NA,NA,NA,NA,NA,NA,-29.44,-3.89,NA,NA,NA
1875-02-01,NA,NA,NA,NA,NA,NA,NA,NA,NA,NA,NA,-33.22,-18.89,NA,NA,NA
1875-02-01 09:00:00,2.78,NA,270,0.71,NA,985.78,NA,NA,-26.22,NA,-26.11,NA,NA,NA,3.8,",skc,skc"
1875-02-01 15:00:00,NA,NA,NA,NA,NA,NA,NA,NA,-30.94,NA,-30.94,NA,NA,NA,NA,",skc,skc"
1875-02-01 21:00:00,1.67,NA,315,0.47,NA,993.5,NA,NA,-30.83,NA,-30.83,NA,NA,NA,11,NA
1875-02-02,NA,NA,NA,NA,NA,NA,NA,NA,NA,NA,NA,-33.22,-18.33,NA,NA,NA
1875-02-02 09:00:00,-2.22,NA,315,0.71,NA,999.26,NA,NA,-26.22,NA,-26.11,NA,NA,NA,2.01,",ovc"
1875-02-02 15:00:00,NA,NA,NA,NA,NA,NA,NA,NA,-29.83,NA,-29.83,NA,NA,NA,NA,",bkn"
1875-02-02 21:00:00,8.33,NA,315,0.51,NA,1001.36,NA,NA,-29.72,NA,-29.72,NA,NA,NA,11,NA
1875-02-03,NA,NA,NA,NA,NA,NA,NA,NA,NA,NA,NA,-36.5,-28.33,NA,NA,NA
1875-02-03 09:00:00,3.33,NA,315,0.27,NA,999.66,NA,NA,-34.56,NA,-34.44,NA,NA,NA,6.93,",skc,skc"
1875-02-03 15:00:00,NA,NA,NA,NA,NA,NA,NA,NA,-34.56,NA,-34.56,NA,NA,NA,NA,",skc,skc"
1875-02-03 21:00:00,6.67,NA,315,0.3,NA,999.46,NA,NA,-34.44,NA,-34.44,NA,NA,NA,11,NA
1875-02-04,NA,NA,NA,NA,NA,NA,NA,NA,NA,NA,NA,-39.17,-25.56,NA,NA,NA
1875-02-04 09:00:00,4.44,NA,270,0,NA,999.66,NA,NA,-36.22,NA,-36.11,NA,NA,NA,0.89,",skc,skc"
1875-02-04 15:00:00,NA,NA,NA,NA,NA,NA,NA,NA,-26.22,NA,-26.22,NA,NA,NA,NA,",skc,skc"
1875-02-04 21:00:00,9.44,NA,180,0.71,NA,996.75,NA,NA,-26.11,NA,-26.11,NA,NA,NA,40,NA
1875-02-05,NA,NA,NA,NA,NA,NA,NA,NA,NA,NA,NA,-35.44,-24.5,NA,NA,NA
1875-02-05 09:00:00,7.78,NA,315,0.51,NA,1005.22,NA,NA,-30.11,NA,-30,NA,NA,NA,7.15,",skc"
1875-02-05 15:00:00,NA,NA,NA,NA,NA,NA,NA,NA,-34.83,NA,-34.83,NA,NA,NA,NA,",skc,skc"
1875-02-05 21:00:00,0,NA,315,0.3,NA,1010.5,NA,NA,-34.72,NA,-34.72,NA,NA,NA,34,NA
1875-02-06,NA,NA,NA,NA,NA,NA,NA,NA,NA,NA,NA,-39.11,-24.5,NA,NA,NA
1875-02-06 09:00:00,7.78,NA,225,0,NA,1013.34,NA,NA,-36.22,NA,-36.11,NA,NA,NA,2.68,",skc,skc"
1875-02-06 15:00:00,NA,NA,NA,NA,NA,NA,NA,NA,-29,NA,-29,NA,NA,NA,NA,",skc,skc"
1875-02-06 21:00:00,6.11,NA,225,0.54,NA,1002.57,NA,NA,-28.89,NA,-28.89,NA,NA,NA,16,NA
1875-02-07,NA,NA,NA,NA,NA,NA,NA,NA,NA,NA,NA,NA,NA,NA,NA,NA
1875-02-07 09:00:00,NA,NA,315,NA,NA,NA,NA,NA,NA,NA,NA,NA,NA,NA,4.02,NA
1875-02-07 21:00:00,NA,NA,NA,NA,NA,NA,NA,NA,NA,NA,NA,NA,NA,NA,0,NA
1875-02-08,NA,NA,NA,NA,NA,NA,NA,NA,NA,NA,NA,-38.39,-24.5,NA,NA,NA
1875-02-08 09:00:00,-5,NA,315,0.3,NA,999.26,NA,NA,-34.56,NA,-34.44,NA,NA,NA,1.12,",skc,skc"
1875-02-08 15:00:00,NA,NA,NA,NA,NA,NA,NA,NA,-31.5,NA,-31.5,NA,NA,NA,NA,",skc,skc"
1875-02-08 21:00:00,5,NA,315,0.41,NA,999.19,NA,NA,-31.39,NA,-31.39,NA,NA,NA,0,NA
1875-02-09,NA,NA,NA,NA,NA,NA,NA,NA,NA,NA,NA,-31.72,-12.17,NA,NA,NA
1875-02-09 09:00:00,2.78,NA,180,0.95,NA,991.6,NA,NA,-22.89,NA,-22.78,NA,NA,NA,11.62,",ovc"
1875-02-09 15:00:00,NA,NA,NA,NA,NA,NA,NA,NA,-16.33,NA,-16.33,NA,NA,NA,NA,",ovc,ovc"
1875-02-09 21:00:00,9.44,NA,180,1.59,NA,981.38,NA,NA,-16.39,NA,-16.39,NA,NA,NA,21,NA
1875-02-10,NA,NA,NA,NA,NA,NA,NA,NA,NA,NA,NA,-31.44,-16.22,NA,NA,NA
1875-02-10 09:00:00,4.44,NA,315,1.15,NA,984.49,NA,NA,-20.67,NA,-20.56,NA,NA,NA,14.75,",bkn"
1875-02-10 15:00:00,NA,NA,NA,NA,NA,NA,NA,NA,-31.5,NA,-31.5,NA,NA,NA,NA,",skc,skc"
1875-02-10 21:00:00,6.67,NA,315,0.41,NA,987.47,NA,NA,-31.39,NA,-31.39,NA,NA,NA,16,NA
1875-02-11,NA,NA,NA,NA,NA,NA,NA,NA,NA,NA,NA,-36.83,-30,NA,NA,",au,"
1875-02-11 09:00:00,1.67,NA,315,0.3,NA,983.34,NA,NA,-34.56,NA,-34.44,NA,NA,NA,5.36,",skc,skc"
1875-02-11 15:00:00,NA,NA,NA,NA,NA,NA,NA,NA,-34.56,NA,-34.56,NA,NA,NA,NA,",skc,skc"
1875-02-11 21:00:00,-0.56,NA,270,0.3,NA,984.29,NA,NA,-34.44,NA,-34.44,NA,NA,NA,45,NA
1875-02-12,NA,NA,NA,NA,NA,NA,NA,NA,NA,NA,NA,-40.28,-27.22,NA,NA,NA
1875-02-12 09:00:00,2.22,NA,270,0,NA,985.78,NA,NA,-37.33,NA,-37.22,NA,NA,NA,4.25,",skc,skc"
1875-02-12 15:00:00,NA,NA,NA,NA,NA,NA,NA,NA,-32.89,NA,-32.89,NA,NA,NA,NA,",skc,skc"
1875-02-12 21:00:00,6.67,NA,315,0.37,NA,988.83,NA,NA,-32.78,NA,-32.78,NA,NA,NA,11,NA
1875-02-13,NA,NA,NA,NA,NA,NA,NA,NA,NA,NA,NA,-37.11,-25.28,NA,NA,NA
1875-02-13 09:00:00,3.89,NA,270,0.3,NA,991.81,NA,NA,-34.56,NA,-34.44,NA,NA,NA,3.13,",skc,skc"
1875-02-13 15:00:00,NA,NA,NA,NA,NA,NA,NA,NA,-31.78,NA,-31.78,NA,NA,NA,NA,",skc,skc"
1875-02-13 21:00:00,8.33,NA,315,0.41,NA,996.82,NA,NA,-31.67,NA,-31.67,NA,NA,NA,34,NA
1875-02-14,NA,NA,NA,NA,NA,NA,NA,NA,NA,NA,NA,-33.39,-21.94,NA,NA,NA
1875-02-14 09:00:00,NA,NA,270,NA,NA,NA,NA,NA,NA,NA,NA,NA,NA,NA,3.8,NA
1875-02-14 21:00:00,NA,NA,315,NA,NA,NA,NA,NA,NA,NA,NA,NA,NA,NA,34,NA
1875-02-15,NA,NA,NA,NA,NA,NA,NA,NA,NA,NA,NA,-28.17,-21.67,NA,NA,NA
1875-02-15 09:00:00,3.89,NA,315,0.68,NA,1003.66,NA,NA,-26.78,NA,-26.67,NA,NA,NA,4.47,",skc"
1875-02-15 15:00:00,NA,NA,NA,NA,NA,NA,NA,NA,-26.78,NA,-26.78,NA,NA,NA,NA,",skc,skc"
1875-02-15 21:00:00,8.89,NA,180,0.68,NA,997.97,NA,NA,-26.67,NA,-26.67,NA,NA,NA,45,NA
1875-02-16,NA,NA,NA,NA,NA,NA,NA,NA,NA,NA,NA,-26.11,-18.61,NA,NA,",sn,"
1875-02-16 09:00:00,16.11,NA,0,1.05,NA,988.49,NA,NA,-21.78,NA,-21.67,NA,NA,NA,10.06,",sn"
1875-02-16 15:00:00,NA,NA,NA,NA,NA,NA,NA,NA,-25.67,NA,-25.67,NA,NA,NA,NA,",skc"
1875-02-16 21:00:00,7.78,NA,315,0.75,NA,1002.71,NA,NA,-25.56,NA,-25.56,NA,NA,NA,15,NA
1875-02-17,NA,NA,NA,NA,NA,NA,NA,NA,NA,NA,NA,-31.72,-11.67,NA,NA,NA
1875-02-17 09:00:00,16.67,NA,225,0.51,NA,1004.61,NA,NA,-29.56,NA,-29.44,NA,NA,NA,13.41,",skc,skc"
1875-02-17 15:00:00,NA,NA,NA,NA,NA,NA,NA,NA,-19.28,NA,-19.28,NA,NA,NA,NA,",ovc"
1875-02-17 21:00:00,11.67,NA,180,1.32,NA,986.73,NA,NA,-19.17,NA,-19.17,NA,NA,NA,40,NA
1875-02-18,NA,NA,NA,NA,NA,NA,NA,NA,NA,NA,NA,-18.89,-11.67,NA,NA,NA
1875-02-18 09:00:00,13.33,NA,0,2,NA,979.89,NA,NA,-13.78,NA,-13.89,NA,NA,NA,7.15,",ovc,ovc"
1875-02-18 15:00:00,NA,NA,NA,NA,NA,NA,NA,NA,-15.78,NA,-15.78,NA,NA,NA,NA,",skc"
1875-02-18 21:00:00,12.22,NA,45,1.69,NA,982.66,NA,NA,-15.83,NA,-15.83,NA,NA,NA,5,NA
1875-02-19,NA,NA,NA,NA,NA,NA,NA,NA,NA,NA,NA,-21.33,-9.44,NA,NA,NA
1875-02-19 09:00:00,13.33,NA,180,1.86,NA,976.09,NA,NA,-14.89,NA,-15,NA,NA,NA,4.47,",ovc"
1875-02-19 15:00:00,NA,NA,NA,NA,NA,NA,NA,NA,-15.17,NA,-15.17,NA,NA,NA,NA,",bkn"
1875-02-19 21:00:00,13.33,NA,0,2.13,NA,978.12,NA,NA,-15.28,NA,-15.28,NA,NA,NA,11,NA
1875-02-20,NA,NA,NA,NA,NA,NA,NA,NA,NA,NA,NA,-29.67,-16.67,NA,NA,NA
1875-02-20 09:00:00,4.44,NA,0,0.75,NA,983.75,0,NA,-25.67,NA,-25.56,NA,NA,NA,2.24,",ovc"
1875-02-20 15:00:00,NA,NA,NA,NA,NA,NA,NA,NA,-24.83,NA,-24.83,NA,NA,NA,NA,",skc"
1875-02-20 21:00:00,11.11,NA,315,0.81,NA,988.15,NA,NA,-24.72,NA,-24.72,NA,NA,NA,27,NA
1875-02-21,NA,NA,NA,NA,NA,NA,NA,NA,NA,NA,NA,-26.67,-16.67,NA,NA,NA
1875-02-21 09:00:00,NA,NA,0,NA,NA,NA,NA,NA,NA,NA,NA,NA,NA,NA,3.35,NA
1875-02-21 21:00:00,NA,NA,315,NA,NA,NA,NA,NA,NA,NA,NA,NA,NA,NA,20,NA
1875-02-22,NA,NA,NA,NA,NA,NA,NA,NA,NA,NA,NA,-27.22,-18.89,NA,NA,NA
1875-02-22 09:00:00,9.44,NA,0,1.29,NA,988.42,NA,NA,-19.56,NA,-19.44,NA,NA,NA,0,",ovc,ovc"
1875-02-22 15:00:00,NA,NA,NA,NA,NA,NA,NA,NA,-27.33,NA,-27.33,NA,NA,NA,NA,",skc"
1875-02-22 21:00:00,8.33,NA,270,0.64,NA,989.5,NA,NA,-27.22,NA,-27.22,NA,NA,NA,16,NA
1875-02-23,NA,NA,NA,NA,NA,NA,NA,NA,NA,NA,NA,-34.33,-24.72,NA,NA,NA
1875-02-23 09:00:00,6.67,NA,0,0.41,NA,997.29,NA,NA,-32.33,NA,-32.22,NA,NA,NA,1.07,",skc,skc"
1875-02-23 15:00:00,NA,NA,NA,NA,NA,NA,NA,NA,-30.56,NA,-30.56,NA,NA,NA,NA,",skc,skc"
1875-02-23 21:00:00,11.11,NA,0,0.47,NA,998.38,NA,NA,-30.56,NA,-30.56,NA,NA,NA,16,NA
1875-02-24,NA,NA,NA,NA,NA,NA,NA,NA,NA,NA,NA,-34.83,-18.89,NA,NA,NA
1875-02-24 09:00:00,0.56,NA,0,0.95,NA,995.46,NA,NA,-22.89,NA,-22.78,NA,NA,NA,1.92,",ovc"
1875-02-24 15:00:00,NA,NA,NA,NA,NA,NA,NA,NA,-22.89,NA,-22.89,NA,NA,NA,NA,",ovc"
1875-02-24 21:00:00,13.89,NA,135,0.95,NA,989.16,NA,NA,-22.78,NA,-22.78,NA,NA,NA,2,NA
1875-02-25,NA,NA,NA,NA,NA,NA,NA,NA,NA,NA,NA,-35,-19.56,NA,NA,NA
1875-02-25 09:00:00,0,NA,0,0.95,NA,985.91,NA,NA,-22.89,NA,-22.78,NA,NA,NA,7.15,",skc,skc"
1875-02-25 15:00:00,NA,NA,NA,NA,NA,NA,NA,NA,-32.89,NA,-32.89,NA,NA,NA,NA,",skc,skc"
1875-02-25 21:00:00,11.11,NA,315,0.95,NA,995.26,NA,NA,-32.78,NA,-32.78,NA,NA,NA,11,NA
1875-02-26,NA,NA,NA,NA,NA,NA,NA,NA,NA,NA,NA,-34.17,-19.56,NA,NA,",au,"
1875-02-26 09:00:00,5.56,NA,315,0.68,NA,996.48,NA,NA,-26.78,NA,-26.67,NA,NA,NA,0.67,",ovc"
1875-02-26 15:00:00,NA,NA,NA,NA,NA,NA,NA,NA,-29.83,NA,-29.83,NA,NA,NA,NA,",skc"
1875-02-26 21:00:00,10,NA,315,0.68,NA,994.92,NA,NA,-29.72,NA,-29.72,NA,NA,NA,11,NA
1875-02-27,NA,NA,NA,NA,NA,NA,NA,NA,NA,NA,NA,-35,-23.33,NA,NA,NA
1875-02-27 09:00:00,11.11,NA,315,0.41,NA,997.56,NA,NA,-31.5,NA,-31.5,NA,NA,NA,1.79,",skc"
1875-02-27 15:00:00,NA,NA,NA,NA,NA,NA,NA,NA,NA,NA,NA,NA,NA,NA,NA,",skc,skc"
1875-02-27 21:00:00,NA,NA,315,NA,NA,NA,NA,NA,NA,NA,NA,NA,NA,NA,1,NA
1875-02-28,NA,NA,NA,NA,NA,NA,NA,NA,NA,NA,NA,-2.33,-16.67,NA,NA,NA
1875-02-28 09:00:00,NA,NA,135,NA,NA,NA,NA,NA,NA,NA,NA,NA,NA,NA,8.94,NA
1875-02-28 21:00:00,NA,NA,90,NA,NA,NA,NA,NA,NA,NA,NA,NA,NA,NA,16,NA
1875-03-01,NA,NA,NA,NA,NA,NA,NA,NA,NA,NA,NA,-6,-16.56,NA,NA,NA
1875-03-01 09:00:00,8.33,NA,90,1.22,NA,994.38,NA,NA,-20,NA,-20,NA,NA,NA,2.91,",skc,skc"
1875-03-01 15:00:00,NA,NA,NA,NA,NA,NA,NA,NA,-23.17,NA,-23.17,NA,NA,NA,NA,",skc"
1875-03-01 21:00:00,2.78,NA,135,0.95,NA,996.89,NA,NA,-23.06,NA,-23.06,NA,NA,NA,5,NA
1875-03-02,NA,NA,NA,NA,NA,NA,NA,NA,NA,NA,NA,-33.44,-21.11,NA,NA,NA
1875-03-02 09:00:00,7.22,NA,135,0.91,NA,996.75,NA,NA,-23.33,NA,-23.33,NA,NA,NA,4.69,",skc,skc"
1875-03-02 15:00:00,NA,NA,NA,NA,NA,NA,NA,NA,-20.11,NA,-20.11,NA,NA,NA,NA,",skc,skc"
1875-03-02 21:00:00,14.44,NA,180,1.22,NA,994.92,NA,NA,-20,NA,-20,NA,NA,NA,22,NA
1875-03-03,NA,NA,NA,NA,NA,NA,NA,NA,NA,NA,NA,-12.67,-8.22,NA,NA,NA
1875-03-03 09:00:00,7.78,NA,180,1.86,NA,989.44,NA,NA,-15,NA,-15,NA,NA,NA,15.65,",skc,skc"
1875-03-03 15:00:00,NA,NA,NA,NA,NA,NA,NA,NA,-16.56,-16.56,-16.67,NA,NA,NA,NA,",skc"
1875-03-03 21:00:00,10.56,NA,180,1.59,NA,992.08,NA,NA,-16.67,NA,-16.67,NA,NA,NA,25,NA
1875-03-04,NA,NA,NA,NA,NA,NA,NA,NA,NA,NA,NA,-16.83,-3.78,NA,NA,NA
1875-03-04 09:00:00,12.78,NA,135,2.27,NA,992.62,NA,NA,-10.56,NA,-10,NA,NA,NA,9.83,",ovc"
1875-03-04 15:00:00,NA,NA,NA,NA,NA,NA,NA,NA,-6,NA,-6,NA,NA,NA,NA,",skc"
1875-03-04 21:00:00,16.11,NA,180,3.83,NA,992.75,NA,NA,-6.11,NA,-6.11,NA,NA,NA,27,NA
1875-03-05,NA,NA,NA,NA,NA,NA,NA,NA,NA,NA,NA,-12.22,-4.44,NA,NA,NA
1875-03-05 09:00:00,11.67,NA,NA,3.49,NA,993.91,NA,NA,-6.56,NA,-6.39,NA,NA,NA,0,",sn"
1875-03-05 15:00:00,NA,NA,NA,NA,NA,NA,NA,NA,-12.17,NA,-12.11,NA,NA,NA,NA,",ovc"
1875-03-05 21:00:00,13.89,NA,315,2.3,NA,997.63,NA,NA,-12.22,NA,-12.17,NA,NA,NA,12,NA
1875-03-06,NA,NA,NA,NA,NA,NA,NA,NA,NA,NA,NA,-19.17,-11.67,NA,NA,NA
1875-03-06 09:00:00,6.11,NA,315,1.49,NA,997.73,NA,NA,-16.22,NA,-15.94,NA,NA,NA,4.92,",ovc"
1875-03-06 15:00:00,NA,NA,NA,NA,NA,NA,NA,NA,-18.17,NA,-18.17,NA,NA,NA,NA,",skc"
1875-03-06 21:00:00,13.89,NA,315,1.42,NA,993.84,NA,NA,-18.06,NA,-18.06,NA,NA,NA,2,NA
1875-03-07,NA,NA,NA,NA,NA,NA,NA,NA,NA,NA,NA,-13.39,-6.67,NA,NA,NA
1875-03-07 09:00:00,NA,NA,180,NA,NA,NA,NA,NA,NA,NA,NA,NA,NA,NA,8.05,NA
1875-03-07 21:00:00,NA,NA,135,2.57,NA,NA,NA,NA,NA,NA,NA,NA,NA,NA,11,NA
1875-03-08,NA,NA,NA,NA,NA,NA,NA,NA,NA,NA,NA,-16.83,-0.28,NA,NA,NA
1875-03-08 09:00:00,10.56,NA,90,4.17,NA,987.67,NA,NA,-4.56,NA,-4.28,NA,NA,NA,1.34,",sn"
1875-03-08 15:00:00,NA,NA,NA,NA,NA,NA,NA,NA,-9.89,NA,-9.61,NA,NA,NA,NA,",skc"
1875-03-08 21:00:00,10.56,NA,315,2.64,NA,987.13,NA,NA,-10,NA,-9.72,NA,NA,NA,34,NA
1875-03-09,NA,NA,NA,NA,NA,NA,NA,NA,NA,NA,NA,-15.22,-0.28,NA,NA,NA
1875-03-09 09:00:00,10,NA,180,2.51,NA,984.63,NA,NA,-10.39,NA,-10.11,NA,NA,NA,3.58,",skc"
1875-03-09 15:00:00,NA,NA,NA,NA,NA,NA,NA,NA,-11.28,NA,-11,NA,NA,NA,NA,",ovc,ovc"
1875-03-09 21:00:00,11.11,NA,315,2.3,NA,988.15,NA,NA,-11.5,NA,-11.11,NA,NA,NA,45,NA
1875-03-10,NA,NA,NA,NA,NA,NA,NA,NA,NA,NA,NA,-13.28,-3.33,NA,NA,NA
1875-03-10 09:00:00,15.56,NA,180,2.54,NA,983.24,NA,NA,-10,NA,-9.44,NA,NA,NA,3.8,",ovc"
1875-03-10 15:00:00,NA,NA,NA,NA,NA,NA,NA,NA,-10.44,NA,-9.89,NA,NA,NA,NA,",ovc,ovc"
1875-03-10 21:00:00,16.11,NA,45,2.27,NA,986.32,NA,NA,-10.56,NA,-10,NA,NA,NA,17,NA
1875-03-11,NA,NA,NA,NA,NA,NA,NA,NA,NA,NA,NA,-26.39,-10.28,NA,NA,NA
1875-03-11 09:00:00,10.56,NA,45,0.85,NA,986.73,NA,NA,-23.17,NA,-23.17,NA,NA,NA,2.24,",skc,skc"
1875-03-11 15:00:00,NA,NA,NA,NA,NA,NA,NA,NA,-18.17,NA,-18.17,NA,NA,NA,NA,",skc,skc"
1875-03-11 21:00:00,12.78,NA,180,1.46,NA,983.68,NA,NA,-18.06,NA,-18.06,NA,NA,NA,20,NA
1875-03-12,NA,NA,NA,NA,NA,NA,NA,NA,NA,NA,NA,-19.72,1.78,NA,NA,NA
1875-03-12 09:00:00,10.56,NA,180,2.88,NA,973.25,NA,NA,-5.56,NA,-3.89,NA,NA,NA,13.41,",sn"
1875-03-12 15:00:00,NA,NA,NA,NA,NA,NA,NA,NA,-9.61,NA,-9.33,NA,NA,NA,NA,",skc"
1875-03-12 21:00:00,17.22,NA,270,2.57,NA,978.87,NA,NA,-9.72,NA,-9.44,NA,NA,NA,11,NA
1875-03-13,NA,NA,NA,NA,NA,NA,NA,NA,NA,NA,NA,-15,-7.22,NA,NA,NA
1875-03-13 09:00:00,11.67,NA,315,2.27,NA,984.59,0,NA,-11.89,NA,-11.67,NA,NA,NA,6.26,",bkn"
1875-03-13 15:00:00,NA,NA,NA,NA,NA,NA,NA,NA,-19,NA,-19,NA,NA,NA,NA,",skc,skc"
1875-03-13 21:00:00,11.11,NA,0,1.32,NA,991.53,NA,NA,-18.89,NA,-18.89,NA,NA,NA,15,NA
1875-03-14,NA,NA,NA,NA,NA,NA,NA,NA,NA,NA,NA,-14.44,-16.11,NA,NA,NA
1875-03-14 09:00:00,NA,NA,0,NA,NA,NA,NA,NA,NA,NA,NA,NA,NA,NA,9.61,NA
1875-03-14 21:00:00,NA,NA,0,NA,NA,NA,NA,NA,NA,NA,NA,NA,NA,NA,25,NA
1875-03-15,NA,NA,NA,NA,NA,NA,NA,NA,NA,NA,NA,-12.22,-12.22,NA,NA,NA
1875-03-15 09:00:00,12.78,NA,0,1.15,NA,995.06,NA,NA,-20.72,NA,-20.72,NA,NA,NA,10.73,",ovc"
1875-03-15 15:00:00,NA,NA,NA,NA,NA,NA,NA,NA,-19.83,NA,-19.83,NA,NA,NA,NA,",skc"
1875-03-15 21:00:00,11.11,NA,0,1.25,NA,992.89,NA,NA,-19.72,NA,-19.72,NA,NA,NA,41,NA
1875-03-16,NA,NA,NA,NA,NA,NA,NA,NA,NA,NA,NA,-22.33,-16.67,NA,NA,NA
1875-03-16 09:00:00,-0.56,NA,0,1.15,NA,994.75,NA,NA,-20.61,NA,-20.61,NA,NA,NA,17.43,",ovc,ovc"
1875-03-16 15:00:00,NA,NA,NA,NA,NA,NA,NA,NA,-22.33,NA,-22.33,NA,NA,NA,NA,",skc"
1875-03-16 21:00:00,10.56,NA,0,1.02,NA,999.26,NA,NA,-22.22,NA,-22.22,NA,NA,NA,11,NA
1875-03-17,NA,NA,NA,NA,NA,NA,NA,NA,NA,NA,NA,-4.61,-16.67,NA,NA,NA
1875-03-17 09:00:00,5.56,NA,0,2.54,NA,1001.29,NA,NA,-24.44,NA,-24.44,NA,NA,NA,4.02,",skc,skc"
1875-03-17 15:00:00,NA,NA,NA,NA,NA,NA,NA,NA,-23.44,NA,-23.44,NA,NA,NA,NA,",skc,skc"
1875-03-17 21:00:00,12.78,NA,315,0.91,NA,1005.96,NA,NA,-23.33,NA,-23.33,NA,NA,NA,1,NA
1875-03-18,NA,NA,NA,NA,NA,NA,NA,NA,NA,NA,NA,-4.33,-13.89,NA,NA,NA
1875-03-18 09:00:00,5.56,NA,NA,0.78,NA,1008.13,NA,NA,-24.83,NA,-24.83,NA,NA,NA,0,",skc,skc"
1875-03-18 15:00:00,NA,NA,NA,NA,NA,NA,NA,NA,-20.39,NA,-20.11,NA,NA,NA,NA,",skc,skc"
1875-03-18 21:00:00,10,NA,180,1.02,NA,1002.85,NA,NA,-20.28,NA,-20,NA,NA,NA,45,NA
1875-03-19,NA,NA,NA,NA,NA,NA,NA,NA,NA,NA,NA,-9.89,-6.11,NA,NA,NA
1875-03-19 09:00:00,8.33,NA,180,1.29,NA,996.21,NA,NA,-18.89,NA,-19.56,NA,NA,NA,9.83,",ovc"
1875-03-19 15:00:00,NA,NA,NA,NA,NA,NA,NA,NA,-15.94,NA,-15.39,NA,NA,NA,NA,",skc,skc"
1875-03-19 21:00:00,10.56,NA,180,1.29,NA,989.77,NA,NA,-16,NA,-15.44,NA,NA,NA,22,NA
1875-03-20,NA,NA,NA,NA,NA,NA,NA,NA,NA,NA,NA,-16.83,-6.39,NA,NA,NA
1875-03-20 09:00:00,4.44,NA,180,1.76,NA,986.59,NA,NA,-13.17,NA,-12.5,NA,NA,NA,12.96,",bkn"
1875-03-20 15:00:00,NA,NA,NA,NA,NA,NA,NA,NA,-9.61,NA,-9.61,NA,NA,NA,NA,",ovc,ovc"
1875-03-20 21:00:00,10.56,NA,180,2.78,NA,994.31,NA,NA,-9.72,NA,-9.72,NA,NA,NA,16,NA
1875-03-21,NA,NA,NA,NA,NA,NA,NA,NA,NA,NA,NA,-16,-2.78,NA,NA,NA
1875-03-21 09:00:00,NA,NA,180,NA,NA,NA,NA,NA,NA,NA,NA,NA,NA,NA,7.6,NA
1875-03-21 21:00:00,NA,NA,180,NA,NA,NA,NA,NA,NA,NA,NA,NA,NA,NA,23,NA
1875-03-22,NA,NA,NA,NA,NA,NA,NA,NA,NA,NA,NA,-27.5,4.17,NA,NA,NA
1875-03-22 09:00:00,11.67,NA,180,3.62,NA,986.05,NA,NA,-5.17,NA,-4.44,NA,NA,NA,17.43,",bkn"
1875-03-22 15:00:00,NA,NA,NA,NA,NA,NA,NA,NA,-4.89,NA,-4.33,NA,NA,NA,NA,",ovc,ovc"
1875-03-22 21:00:00,11.67,NA,180,3.79,NA,983.2,NA,NA,-5,NA,-4.44,NA,NA,NA,22,NA
1875-03-23,NA,NA,NA,NA,NA,NA,NA,NA,NA,NA,NA,-12.67,-3.89,NA,NA,NA
1875-03-23 09:00:00,13.89,NA,270,2.03,NA,982.53,NA,NA,-10.83,NA,-10,NA,NA,NA,7.38,",skc,skc"
1875-03-23 15:00:00,NA,NA,NA,NA,NA,NA,NA,NA,-12.72,NA,-12.72,NA,NA,NA,NA,",sct"
1875-03-23 21:00:00,13.33,NA,315,2.2,NA,990.99,NA,NA,-12.78,NA,-12.78,NA,NA,NA,23,NA
1875-03-24,NA,NA,NA,NA,NA,NA,NA,NA,NA,NA,NA,-23.44,-5,NA,NA,NA
1875-03-24 09:00:00,12.78,NA,315,1.32,NA,997.16,NA,NA,-19.06,NA,-19.06,NA,NA,NA,1.12,",skc,skc"
1875-03-24 15:00:00,NA,NA,NA,NA,NA,NA,NA,NA,-11,NA,-11,NA,NA,NA,NA,",skc,skc"
1875-03-24 21:00:00,10,NA,180,2.54,NA,989.16,NA,NA,-11.11,NA,-11.11,NA,NA,NA,24,NA
1875-03-25,NA,NA,NA,NA,NA,NA,NA,NA,NA,NA,NA,-10.44,5.56,NA,NA,NA
1875-03-25 09:00:00,8.33,NA,180,4.57,NA,967.29,NA,NA,-1.11,NA,0.39,NA,NA,NA,16.99,",ovc,ovc"
1875-03-25 15:00:00,NA,NA,NA,NA,NA,NA,NA,NA,-1,NA,0,NA,NA,NA,NA,",ovc,ovc"
1875-03-25 21:00:00,15,NA,270,4.88,NA,966.54,NA,NA,-1.11,NA,0,NA,NA,NA,33,NA
1875-03-26,NA,NA,NA,NA,NA,NA,NA,NA,NA,NA,NA,-13.89,5,NA,NA,NA
1875-03-26 09:00:00,NA,NA,315,NA,NA,NA,NA,NA,NA,NA,NA,NA,NA,NA,12.07,NA
1875-03-26 21:00:00,NA,NA,315,NA,NA,NA,NA,NA,NA,NA,NA,NA,NA,NA,40,NA
1875-03-27,NA,NA,NA,NA,NA,NA,NA,NA,NA,NA,NA,-12.5,-0.56,NA,NA,NA
1875-03-27 09:00:00,5,NA,315,1.29,NA,994.51,NA,NA,-16.11,NA,-15.56,NA,NA,NA,1.34,",skc,skc"
1875-03-27 15:00:00,NA,NA,NA,NA,NA,NA,NA,NA,-8.78,NA,-7.67,NA,NA,NA,NA,",skc,skc"
1875-03-27 21:00:00,10,NA,180,2.27,NA,990.38,NA,NA,-8.89,NA,-7.78,NA,NA,NA,17,NA
1875-03-28,NA,NA,NA,NA,NA,NA,NA,NA,NA,NA,NA,-19.44,5,NA,NA,NA
1875-03-28 09:00:00,NA,NA,135,NA,NA,NA,NA,NA,NA,NA,NA,NA,NA,NA,9.39,NA
1875-03-28 21:00:00,NA,NA,135,NA,NA,NA,NA,NA,NA,NA,NA,NA,NA,NA,12,NA
1875-03-29,NA,NA,NA,NA,NA,NA,NA,NA,NA,NA,NA,-0.56,8.44,NA,NA,NA
1875-03-29 09:00:00,11.67,NA,135,6.37,NA,976.7,NA,NA,2.78,NA,4.17,NA,NA,NA,10.06,",bkn"
1875-03-29 15:00:00,NA,NA,NA,NA,NA,NA,NA,NA,1.5,NA,2.89,NA,NA,NA,NA,",ovc,ovc"
1875-03-29 21:00:00,14.44,NA,270,5.79,NA,988.96,NA,NA,1.39,NA,2.78,NA,NA,NA,11,NA
1875-03-30,NA,NA,NA,NA,NA,NA,NA,NA,NA,NA,NA,-9.44,3.33,NA,NA,NA
1875-03-30 09:00:00,11.67,NA,315,2.71,NA,992.21,NA,NA,-7.5,NA,-6.39,NA,NA,NA,9.83,",ovc"
1875-03-30 15:00:00,NA,NA,NA,NA,NA,NA,NA,NA,-9.89,NA,-9.33,NA,NA,NA,NA,",bkn"
1875-03-30 21:00:00,11.11,NA,315,2.4,NA,994.79,NA,NA,-10,NA,-9.44,NA,NA,NA,20,NA
1875-03-31,NA,NA,NA,NA,NA,NA,NA,NA,NA,NA,NA,-13.33,2.78,NA,NA,NA
1875-03-31 09:00:00,13.33,NA,315,3.25,NA,1000.2,NA,NA,-6.94,NA,-6.39,NA,NA,NA,0.89,",skc"
1875-03-31 15:00:00,NA,NA,NA,NA,NA,NA,NA,NA,-4.89,NA,-4.33,NA,NA,NA,NA,",skc"
1875-03-31 21:00:00,16.11,NA,315,3.79,NA,998.38,NA,NA,-5,NA,-4.44,NA,NA,NA,16,NA
1875-04-01,NA,NA,NA,NA,NA,NA,NA,NA,NA,NA,NA,-10.56,5.56,NA,NA,NA
1875-04-01 09:00:00,10.56,NA,225,5.18,NA,994.11,0,NA,-1.5,NA,-0.94,NA,NA,NA,4.47,",skc,skc"
1875-04-01 15:00:00,NA,NA,NA,NA,NA,NA,NA,NA,0.11,NA,1.22,NA,NA,NA,NA,",skc,skc"
1875-04-01 21:00:00,11.11,NA,180,5.32,NA,979.75,NA,NA,0,NA,1.11,NA,NA,NA,18,NA
1875-04-02,NA,NA,NA,NA,NA,NA,NA,NA,NA,NA,NA,-2.11,7.78,NA,NA,NA
1875-04-02 09:00:00,11.67,NA,180,4.37,NA,972.57,2.54,NA,0,NA,2.22,NA,NA,NA,7.6,",sn"
1875-04-02 15:00:00,NA,NA,NA,NA,NA,NA,NA,NA,1.22,NA,1.22,NA,NA,NA,NA,",ovc,ovc"
1875-04-02 21:00:00,13.33,NA,0,5.32,NA,977.18,NA,NA,1.11,NA,1.11,NA,NA,NA,45,NA
1875-04-03,NA,NA,NA,NA,NA,NA,NA,NA,NA,NA,NA,-7.22,1.67,NA,NA,NA
1875-04-03 09:00:00,12.22,NA,315,3.62,NA,987.47,NA,NA,-3.89,NA,-2.5,NA,NA,NA,10.51,",skc"
1875-04-03 15:00:00,NA,NA,NA,NA,NA,NA,NA,NA,-6.56,NA,-6,NA,NA,NA,NA,",skc"
1875-04-03 21:00:00,15.56,NA,0,3.32,NA,997.43,NA,NA,-6.67,NA,-6.11,NA,NA,NA,45,NA
1875-04-04,NA,NA,NA,NA,NA,NA,NA,NA,NA,NA,NA,-6.11,0.56,NA,NA,NA
1875-04-04 09:00:00,NA,NA,45,NA,NA,NA,NA,NA,NA,NA,NA,NA,NA,NA,7.38,NA
1875-04-04 15:00:00,NA,NA,NA,NA,NA,NA,NA,NA,NA,NA,NA,NA,NA,NA,NA,",bkn"
1875-04-04 21:00:00,NA,NA,90,NA,NA,NA,NA,NA,NA,NA,NA,NA,NA,NA,21,NA
1875-04-05,NA,NA,NA,NA,NA,NA,NA,NA,NA,NA,NA,-4.33,0.56,NA,NA,NA
1875-04-05 09:00:00,12.22,NA,135,4.3,NA,993.5,NA,NA,-4.17,NA,-3.89,NA,NA,NA,13.41,",ovc,ovc"
1875-04-05 15:00:00,NA,NA,NA,NA,NA,NA,NA,NA,-3.22,NA,-2.67,NA,NA,NA,NA,",ovc"
1875-04-05 21:00:00,16.11,NA,90,4.44,NA,963.77,NA,NA,-3.33,NA,-2.78,NA,NA,NA,12,NA
1875-04-06,NA,NA,NA,NA,NA,NA,NA,NA,NA,NA,NA,-5.28,1.67,NA,NA,NA
1875-04-06 09:00:00,10.56,NA,0,4,NA,999.46,NA,NA,-3.33,NA,-2.22,NA,NA,NA,3.58,",skc"
1875-04-06 15:00:00,NA,NA,NA,NA,NA,NA,NA,NA,-2.94,NA,-1.56,NA,NA,NA,NA,",sn"
1875-04-06 21:00:00,16.11,NA,0,4.03,NA,1001.29,NA,NA,-3.06,NA,-1.67,NA,NA,NA,12,NA
1875-04-07,NA,NA,NA,NA,NA,NA,NA,NA,NA,NA,NA,-5,3.33,NA,NA,NA
1875-04-07 09:00:00,13.89,NA,0,3.49,NA,998.85,NA,NA,-3.33,NA,-1.94,NA,NA,NA,7.6,",skc"
1875-04-07 15:00:00,NA,NA,NA,NA,NA,NA,NA,NA,0.11,NA,0.94,NA,NA,NA,NA,",ovc"
1875-04-07 21:00:00,14.44,NA,45,5.49,NA,989.64,NA,NA,0,NA,0.83,NA,NA,NA,14,NA
1875-04-08,NA,NA,NA,NA,NA,NA,NA,NA,NA,NA,NA,-5.39,11.78,NA,NA,NA
1875-04-08 09:00:00,16.11,NA,90,6.67,NA,973.93,NA,NA,2,NA,2.5,NA,NA,NA,12.07,",ovc,ovc"
1875-04-08 15:00:00,NA,NA,NA,NA,NA,NA,NA,NA,-1,NA,0.11,NA,NA,NA,NA,",sn"
1875-04-08 21:00:00,16.67,NA,180,4.91,NA,970.64,NA,NA,-1.11,NA,0,NA,NA,NA,26,NA
1875-04-09,NA,NA,NA,NA,NA,NA,NA,NA,NA,NA,NA,-3.33,2.22,NA,NA,NA
1875-04-09 09:00:00,13.33,NA,45,4.71,NA,966,NA,NA,-2.22,NA,1.83,NA,NA,NA,2.68,",ovc,ovc"
1875-04-09 15:00:00,NA,NA,NA,NA,NA,NA,NA,NA,-4.33,NA,-3.22,NA,NA,NA,NA,",ovc,ovc"
1875-04-09 21:00:00,15.56,NA,315,3.66,NA,972.57,NA,NA,-4.44,NA,-3.33,NA,NA,NA,19,NA
1875-04-10,NA,NA,NA,NA,NA,NA,NA,NA,NA,NA,NA,-3.33,2.78,NA,NA,NA
1875-04-10 09:00:00,11.67,NA,0,5.38,NA,982.32,NA,NA,-0.56,NA,0,NA,NA,NA,7.15,",ovc"
1875-04-10 15:00:00,NA,NA,NA,NA,NA,NA,NA,NA,0.78,NA,1.22,NA,NA,NA,NA,NA
1875-04-10 21:00:00,17.22,NA,45,6.33,NA,995.94,NA,NA,0.67,NA,1.11,NA,NA,NA,16,NA
1875-04-11,NA,NA,NA,NA,NA,NA,NA,NA,NA,NA,NA,-3.61,3.89,NA,NA,NA
1875-04-11 09:00:00,NA,NA,0,NA,NA,NA,NA,NA,NA,NA,NA,NA,NA,NA,2.01,NA
1875-04-11 21:00:00,11.67,NA,315,NA,NA,994.99,NA,NA,NA,NA,NA,NA,NA,NA,13,NA
1875-04-12,NA,NA,NA,NA,NA,NA,NA,NA,NA,NA,NA,-5.56,7.22,NA,NA,NA
1875-04-12 09:00:00,14.44,NA,0,5.18,NA,995.46,NA,NA,2.22,NA,4.44,NA,NA,NA,2.68,",ovc,ovc"
1875-04-12 15:00:00,NA,NA,NA,NA,NA,NA,NA,NA,0.11,NA,0.78,NA,NA,NA,NA,",skc"
1875-04-12 21:00:00,NA,NA,0,5.76,NA,NA,NA,NA,0,NA,0.67,NA,NA,NA,26,NA
1875-04-13,NA,NA,NA,NA,NA,NA,NA,NA,NA,NA,NA,-2.22,12.78,NA,NA,NA
1875-04-13 09:00:00,15.56,NA,180,5.52,NA,994.72,NA,NA,3.67,NA,6.67,NA,NA,NA,4.69,",bkn"
1875-04-13 15:00:00,NA,NA,NA,NA,NA,NA,NA,NA,4.83,NA,5.67,NA,NA,NA,NA,",skc"
1875-04-13 21:00:00,13.33,NA,180,7.96,NA,988.22,NA,NA,5.83,NA,5.56,NA,NA,NA,11,NA
1875-04-14,NA,NA,NA,NA,NA,NA,NA,NA,NA,NA,NA,-5.44,7.22,NA,NA,NA
1875-04-14 09:00:00,15.56,NA,0,6.5,NA,983.95,NA,NA,3.89,NA,5.83,NA,NA,NA,6.71,",ovc"
1875-04-14 15:00:00,NA,NA,NA,NA,NA,NA,NA,NA,-6.28,NA,-5.44,NA,NA,NA,NA,",skc"
1875-04-14 21:00:00,16.11,NA,0,3.08,NA,986.05,NA,NA,-6.39,NA,-5.56,NA,NA,NA,28,NA
1875-04-15,NA,NA,NA,NA,NA,NA,NA,NA,NA,NA,NA,-14.44,-6.83,NA,NA,NA
1875-04-15 09:00:00,11.11,NA,0,1.83,NA,1002.37,NA,NA,-12.78,NA,-12.22,NA,NA,NA,14.75,",skc"
1875-04-15 15:00:00,NA,NA,NA,NA,NA,NA,NA,NA,-13.22,NA,-13.22,NA,NA,NA,NA,",skc"
1875-04-15 21:00:00,13.89,NA,0,2.1,NA,1004.27,NA,NA,-13.33,NA,-13.33,NA,NA,NA,13,NA
1875-04-16,NA,NA,NA,NA,NA,NA,NA,NA,NA,NA,NA,-16.67,-3.89,NA,NA,NA
1875-04-16 09:00:00,12.22,NA,0,1.63,NA,1006.57,NA,NA,-13.72,NA,-13.72,NA,NA,NA,6.71,",skc,skc"
1875-04-16 15:00:00,NA,NA,NA,NA,NA,NA,NA,NA,-11.28,NA,-10.44,NA,NA,NA,NA,",skc,skc"
1875-04-16 21:00:00,14.44,NA,315,1.69,NA,999.46,NA,NA,-11.39,NA,-10.56,NA,NA,NA,2,NA
1875-04-17,NA,NA,NA,NA,NA,NA,NA,NA,NA,NA,NA,-9.89,6.67,NA,NA,NA
1875-04-17 09:00:00,10.56,NA,135,3.25,NA,995.6,NA,NA,-3.89,NA,-1.94,NA,NA,NA,7.6,",ovc,ovc"
1875-04-17 15:00:00,NA,NA,NA,NA,NA,NA,NA,NA,0.78,NA,1.22,NA,NA,NA,NA,",skc,skc"
1875-04-17 21:00:00,13.33,NA,180,6.03,NA,989.71,NA,NA,0.67,NA,1.11,NA,NA,NA,16,NA
1875-04-18,NA,NA,NA,NA,NA,NA,NA,NA,NA,NA,NA,-7.94,9.17,NA,NA,NA
1875-04-18 09:00:00,NA,NA,0,NA,NA,NA,NA,NA,NA,NA,NA,NA,NA,NA,7.15,NA
1875-04-18 21:00:00,NA,NA,0,NA,NA,NA,NA,NA,NA,NA,NA,NA,NA,NA,17,NA
1875-04-19,NA,NA,NA,NA,NA,NA,NA,NA,NA,NA,NA,-5.56,6.11,NA,NA,NA
1875-04-19 09:00:00,16.11,NA,0,3.08,NA,995.6,NA,NA,-4.44,NA,-2.78,NA,NA,NA,7.6,",ovc"
1875-04-19 15:00:00,NA,NA,NA,NA,NA,NA,NA,NA,-6.28,NA,-5.44,NA,NA,NA,NA,",skc"
1875-04-19 21:00:00,12.78,NA,0,3.08,NA,997.8,NA,NA,-6.22,NA,-5.56,NA,NA,NA,45,NA
1875-04-20,NA,NA,NA,NA,NA,NA,NA,NA,NA,NA,NA,-5.56,2.78,NA,NA,NA
1875-04-20 09:00:00,15,NA,180,2.78,NA,998.98,NA,NA,-2.78,NA,1,NA,NA,NA,4.92,",ovc,ovc"
1875-04-20 15:00:00,NA,NA,NA,NA,NA,NA,NA,NA,0.67,NA,1.22,NA,NA,NA,NA,",ovc,ovc"
1875-04-20 21:00:00,14.44,NA,135,5.93,NA,999.73,NA,NA,0.56,NA,1.11,NA,NA,NA,18,NA
1875-04-21,NA,NA,NA,NA,NA,NA,NA,NA,NA,NA,NA,0,6.67,NA,NA,NA
1875-04-21 09:00:00,14.44,NA,180,4.81,NA,996.68,1.02,NA,2.78,NA,6.11,NA,NA,NA,8.94,",skc"
1875-04-21 15:00:00,NA,NA,NA,NA,NA,NA,NA,NA,2.33,NA,3.17,NA,NA,NA,NA,",sn"
1875-04-21 21:00:00,14.44,NA,180,6.5,NA,1000.54,NA,NA,2.22,NA,3.06,NA,NA,NA,16,NA
1875-04-22,NA,NA,NA,NA,NA,NA,NA,NA,NA,NA,NA,-2.11,8.44,NA,NA,NA
1875-04-22 09:00:00,17.78,NA,0,4.71,NA,1004.27,NA,NA,-0.56,NA,1.17,NA,NA,NA,7.15,",skc"
1875-04-22 15:00:00,NA,NA,NA,NA,NA,NA,NA,NA,-2.39,NA,-2.11,NA,NA,NA,NA,",skc,skc"
1875-04-22 21:00:00,10.56,NA,0,4.77,NA,999.19,NA,NA,-2.5,NA,-2.22,NA,NA,NA,12,NA
1875-04-23,NA,NA,NA,NA,NA,NA,NA,NA,NA,NA,NA,-7.33,6.72,NA,NA,NA
1875-04-23 09:00:00,14.44,NA,0,3.05,NA,998.98,NA,NA,-3.89,NA,-1.61,NA,NA,NA,5.36,",skc"
1875-04-23 15:00:00,NA,NA,NA,NA,NA,NA,NA,NA,-3.33,NA,-2.11,NA,NA,NA,NA,",skc"
1875-04-23 21:00:00,12.78,NA,0,3.96,NA,1000,NA,NA,-3.33,NA,-2.22,NA,NA,NA,40,NA
1875-04-24,NA,NA,NA,NA,NA,NA,NA,NA,NA,NA,NA,-7.22,9.72,NA,NA,NA
1875-04-24 09:00:00,12.22,NA,315,4.77,NA,1002.37,NA,NA,-0.56,NA,1.11,NA,NA,NA,2.68,",skc,skc"
1875-04-24 15:00:00,NA,NA,NA,NA,NA,NA,NA,NA,1.22,NA,2.33,NA,NA,NA,NA,",skc,skc"
1875-04-24 21:00:00,10.56,NA,315,5.76,NA,996.07,NA,NA,1.11,NA,2.22,NA,NA,NA,2,NA
1875-04-25,NA,NA,NA,NA,NA,NA,NA,NA,NA,NA,NA,-1.56,10.56,NA,NA,NA
1875-04-25 09:00:00,NA,NA,225,NA,NA,NA,NA,NA,NA,NA,NA,NA,NA,NA,1.34,NA
1875-04-25 21:00:00,NA,NA,315,NA,NA,NA,NA,NA,NA,NA,NA,NA,NA,NA,5,NA
1875-04-26,NA,NA,NA,NA,NA,NA,NA,NA,NA,NA,NA,0,15,NA,NA,NA
1875-04-26 09:00:00,13.89,NA,180,5.99,NA,992.55,NA,NA,5.56,NA,9.44,NA,NA,NA,8.94,",ovc,ovc"
1875-04-26 15:00:00,NA,NA,NA,NA,NA,NA,NA,NA,5.67,NA,8.44,NA,NA,NA,NA,",skc"
1875-04-26 21:00:00,18.89,NA,135,6.84,NA,984.08,NA,NA,5.56,NA,8.33,NA,NA,NA,20,NA
1875-04-27,NA,NA,NA,NA,NA,NA,NA,NA,NA,NA,NA,2.78,12.78,NA,NA,NA
1875-04-27 09:00:00,17.22,NA,225,9.65,NA,974.13,0.76,NA,8.33,NA,10,NA,NA,NA,11.18,",sn"
1875-04-27 15:00:00,NA,NA,NA,NA,NA,NA,NA,NA,0.39,NA,2.89,NA,NA,NA,NA,",bkn"
1875-04-27 21:00:00,13.89,NA,270,4.17,NA,974.81,NA,NA,0.28,NA,2.78,NA,NA,NA,17,NA
1875-04-28,NA,NA,NA,NA,NA,NA,NA,NA,NA,NA,NA,-5.94,7,NA,NA,NA
1875-04-28 09:00:00,12.22,NA,225,3.73,NA,981.58,NA,NA,-1.11,NA,1.67,NA,NA,NA,10.28,",bkn"
1875-04-28 15:00:00,NA,NA,NA,NA,NA,NA,NA,NA,-3.78,NA,-2.94,NA,NA,NA,NA,",skc"
1875-04-28 21:00:00,13.33,NA,0,4,NA,983.17,NA,NA,-3.89,NA,-3.06,NA,NA,NA,20,NA
1875-04-29,NA,NA,NA,NA,NA,NA,NA,NA,NA,NA,NA,-7.5,3.44,NA,NA,NA
1875-04-29 09:00:00,13.89,NA,270,2.57,NA,984.66,NA,NA,-7.22,NA,-5.83,NA,NA,NA,6.71,",sn"
1875-04-29 15:00:00,NA,NA,NA,NA,NA,NA,NA,NA,-7.11,NA,-6.83,NA,NA,NA,NA,",ovc,ovc"
1875-04-29 21:00:00,15,NA,315,3.28,NA,984.63,NA,NA,-7.22,NA,-6.94,NA,NA,NA,20,NA
1875-04-30,NA,NA,NA,NA,NA,NA,NA,NA,NA,NA,NA,-8.06,-0.56,NA,NA,NA
1875-04-30 09:00:00,12.78,NA,315,3.25,NA,986.46,NA,NA,-5.56,NA,-4.44,NA,NA,NA,7.6,",sn"
1875-04-30 15:00:00,NA,NA,NA,NA,NA,NA,NA,NA,-7.11,NA,-6.56,NA,NA,NA,NA,",skc"
1875-04-30 21:00:00,17.78,NA,0,3.12,NA,994.45,NA,NA,-7.22,NA,-6.67,NA,NA,NA,40,NA
1875-05-01,NA,NA,NA,NA,NA,NA,NA,NA,NA,NA,NA,-8.89,5.56,NA,NA,NA
1875-05-01 09:00:00,16.11,NA,0,2.64,NA,994.28,NA,NA,-4.44,NA,-2.22,NA,NA,NA,8.94,",skc,skc"
1875-05-01 15:00:00,NA,NA,NA,NA,NA,NA,NA,NA,-4.89,NA,-4.33,NA,NA,NA,NA,",skc,skc"
1875-05-01 21:00:00,12.78,NA,0,3.79,NA,990.55,NA,NA,-5,NA,-4.44,NA,NA,NA,2,NA
1875-05-02,NA,NA,NA,NA,NA,NA,NA,NA,NA,NA,NA,-6.94,12.22,NA,NA,NA
1875-05-02 09:00:00,NA,NA,0,NA,NA,NA,NA,NA,NA,NA,NA,NA,NA,NA,4.02,NA
1875-05-02 21:00:00,NA,NA,0,NA,NA,NA,NA,NA,NA,NA,NA,NA,NA,NA,11,NA
1875-05-03,NA,NA,NA,NA,NA,NA,NA,NA,NA,NA,NA,-6.39,12.78,NA,NA,NA
1875-05-03 09:00:00,14.44,NA,180,3.08,NA,987.2,NA,NA,1.5,NA,6.11,NA,NA,NA,7.6,",bkn,bkn"
1875-05-03 15:00:00,NA,NA,NA,NA,NA,NA,NA,NA,-1.56,NA,-0.44,NA,NA,NA,NA,",bkn"
1875-05-03 21:00:00,15,NA,0,5.05,NA,985.64,NA,NA,-1.67,NA,-1.11,NA,NA,NA,16,NA
1875-05-04,NA,NA,NA,NA,NA,NA,NA,NA,NA,NA,NA,-5,11.11,NA,NA,NA
1875-05-04 09:00:00,13.89,NA,45,3.32,NA,986.08,NA,NA,0,NA,3.5,NA,NA,NA,3.8,",skc,skc"
1875-05-04 15:00:00,NA,NA,NA,NA,NA,NA,NA,NA,-1,NA,-0.44,NA,NA,NA,NA,",skc,skc"
1875-05-04 21:00:00,11.67,NA,0,5.25,NA,985.68,NA,NA,-1.11,NA,-0.56,NA,NA,NA,11,NA
1875-05-05,NA,NA,NA,NA,NA,NA,NA,NA,NA,NA,NA,-4.44,17.78,NA,NA,NA
1875-05-05 09:00:00,14.44,NA,225,3.22,NA,988.66,NA,NA,2.22,NA,7.22,NA,NA,NA,3.35,",skc,skc"
1875-05-05 15:00:00,NA,NA,NA,NA,NA,NA,NA,NA,4,NA,5.67,NA,NA,NA,NA,",skc,skc"
1875-05-05 21:00:00,16.67,NA,135,6.74,NA,986.32,NA,NA,3.89,NA,5.56,NA,NA,NA,11,NA
1875-05-06,NA,NA,NA,NA,NA,NA,NA,NA,NA,NA,NA,-3.78,12.22,NA,NA,NA
1875-05-06 09:00:00,14.44,NA,135,6.16,NA,979.95,6.35,NA,4.44,NA,7.67,NA,NA,NA,4.92,",sn"
1875-05-06 15:00:00,NA,NA,NA,NA,NA,NA,NA,NA,4,NA,4.72,NA,NA,NA,NA,",ovc"
1875-05-06 21:00:00,17.78,NA,90,7.48,NA,978.26,NA,NA,3.89,NA,4.61,NA,NA,NA,18,NA
1875-05-07,NA,NA,NA,NA,NA,NA,NA,NA,NA,NA,NA,2.5,12.22,NA,NA,NA
1875-05-07 09:00:00,17.22,NA,90,8.87,NA,976.13,2.03,NA,7.22,NA,8.89,NA,NA,NA,3.13,",sn"
1875-05-07 15:00:00,NA,NA,NA,NA,NA,NA,NA,NA,5.11,NA,5.94,NA,NA,NA,NA,",sn"
1875-05-07 21:00:00,17.78,NA,315,8.06,NA,976.7,NA,NA,5,NA,5.89,NA,NA,NA,27,NA
1875-05-08,NA,NA,NA,NA,NA,NA,NA,NA,NA,NA,NA,3.72,12.22,NA,NA,NA
1875-05-08 09:00:00,17.22,NA,315,8.36,NA,974.37,1.78,NA,5.56,NA,6.39,NA,NA,NA,6.71,",ovc"
1875-05-08 15:00:00,NA,NA,NA,NA,NA,NA,NA,NA,5.11,NA,6.22,NA,NA,NA,NA,",ovc,ovc"
1875-05-08 21:00:00,13.89,NA,270,7.48,NA,974.26,NA,NA,5,NA,6.11,NA,NA,NA,27,NA
1875-05-09,NA,NA,NA,NA,NA,NA,NA,NA,NA,NA,NA,3.89,17.78,NA,NA,NA
1875-05-09 09:00:00,NA,NA,270,NA,NA,NA,NA,NA,NA,NA,NA,NA,NA,NA,7.15,NA
1875-05-09 21:00:00,NA,NA,315,NA,NA,NA,NA,NA,NA,NA,NA,NA,NA,NA,0,NA
1875-05-10,NA,NA,NA,NA,NA,NA,NA,NA,NA,NA,NA,1.94,14.33,NA,NA,NA
1875-05-10 09:00:00,15,NA,315,7.82,NA,984.15,NA,NA,6.67,NA,9.17,NA,NA,NA,4.69,",bkn"
1875-05-10 15:00:00,NA,NA,NA,NA,NA,NA,NA,NA,3.44,NA,4,NA,NA,NA,NA,",skc"
1875-05-10 21:00:00,13.33,NA,315,6.06,NA,989.77,NA,NA,3.33,NA,3.89,NA,NA,NA,11,NA
1875-05-11,NA,NA,NA,NA,NA,NA,NA,NA,NA,NA,NA,3.89,15,NA,NA,NA
1875-05-11 09:00:00,12.22,NA,180,5.18,NA,992.89,3.81,NA,5,NA,9.44,NA,NA,NA,3.89,",ovc"
1875-05-11 15:00:00,NA,NA,NA,NA,NA,NA,NA,NA,3.44,NA,4,NA,NA,NA,NA,",skc"
1875-05-11 21:00:00,17.22,NA,315,7.31,NA,993.3,NA,NA,3.33,NA,3.89,NA,NA,NA,27,NA
1875-05-12,NA,NA,NA,NA,NA,NA,NA,NA,NA,NA,NA,-0.67,8.89,NA,NA,NA
1875-05-12 09:00:00,17.78,NA,315,7.11,NA,994.38,NA,NA,5.56,NA,8.06,NA,NA,NA,4.47,",skc,skc"
1875-05-12 15:00:00,NA,NA,NA,NA,NA,NA,NA,NA,5.06,NA,8.39,NA,NA,NA,NA,",ovc"
1875-05-12 21:00:00,13.89,NA,45,6.06,NA,989.98,NA,NA,5,NA,8.33,NA,NA,NA,16,NA
1875-05-13,NA,NA,NA,NA,NA,NA,NA,NA,NA,NA,NA,2.22,12.78,NA,NA,NA
1875-05-13 09:00:00,12.78,NA,90,8.13,NA,989.91,4.06,NA,7.78,NA,10.83,NA,NA,NA,0.89,",ovc"
1875-05-13 15:00:00,NA,NA,NA,NA,NA,NA,NA,NA,5.67,NA,6.28,NA,NA,NA,NA,",ovc,ovc"
1875-05-13 21:00:00,17.22,NA,90,8.6,NA,992.65,NA,NA,5.61,NA,6.17,NA,NA,NA,45,NA
1875-05-14,NA,NA,NA,NA,NA,NA,NA,NA,NA,NA,NA,0.56,21.67,NA,NA,NA
1875-05-14 09:00:00,13.89,NA,90,8.36,NA,1000.27,NA,NA,7.78,NA,10.56,NA,NA,NA,2.01,",skc"
1875-05-14 15:00:00,NA,NA,NA,NA,NA,NA,NA,NA,5.67,NA,9,NA,NA,NA,NA,",sct"
1875-05-14 21:00:00,14.44,NA,90,6.4,NA,1002.03,NA,NA,5.56,NA,8.89,NA,NA,NA,45,NA
1875-05-15,NA,NA,NA,NA,NA,NA,NA,NA,NA,NA,NA,1.39,21.67,NA,NA,",fu,"
1875-05-15 09:00:00,13.33,NA,135,5.08,NA,1004.13,NA,NA,7.22,NA,13.61,NA,NA,NA,14.75,",skc,skc"
1875-05-15 15:00:00,NA,NA,NA,NA,NA,NA,NA,NA,5.67,NA,10.61,NA,NA,NA,NA,",skc,skc"
1875-05-15 21:00:00,15.56,NA,90,5.01,NA,998.51,NA,NA,5.56,NA,10.56,NA,NA,NA,21,NA
1875-05-16,NA,NA,NA,NA,NA,NA,NA,NA,NA,NA,NA,6.11,22.22,NA,NA,NA
1875-05-16 09:00:00,NA,NA,135,NA,NA,NA,NA,NA,NA,NA,NA,NA,NA,NA,20.56,NA
1875-05-16 21:00:00,NA,NA,90,NA,NA,NA,NA,NA,NA,NA,NA,NA,NA,NA,24,NA
1875-05-17,NA,NA,NA,NA,NA,NA,NA,NA,NA,NA,NA,10,23.33,NA,NA,NA
1875-05-17 09:00:00,15.56,NA,135,8.57,NA,988.49,NA,NA,12.22,NA,19.17,NA,NA,NA,21.46,",skc"
1875-05-17 15:00:00,NA,NA,NA,NA,NA,NA,NA,NA,12.28,NA,16.22,NA,NA,NA,NA,",sct"
1875-05-17 21:00:00,18.89,NA,90,10.94,NA,988.99,NA,NA,12.22,NA,16.11,NA,NA,NA,28,NA
1875-05-18,NA,NA,NA,NA,NA,NA,NA,NA,NA,NA,NA,12.22,25,NA,NA,NA
1875-05-18 09:00:00,17.78,NA,90,9.69,NA,987.27,NA,NA,13.33,NA,20.28,NA,NA,NA,16.99,",skc,skc"
1875-05-18 15:00:00,NA,NA,NA,NA,NA,NA,NA,NA,12.83,NA,15.89,NA,NA,NA,NA,",skc"
1875-05-18 21:00:00,19.44,NA,180,12.19,NA,986.25,NA,NA,12.78,NA,15.83,NA,NA,NA,11,NA
1875-05-19,NA,NA,NA,NA,NA,NA,NA,NA,NA,NA,NA,6.78,28.89,NA,NA,NA
1875-05-19 09:00:00,17.78,NA,90,10.19,NA,990.01,0.76,NA,12.78,NA,18.33,NA,NA,NA,4.47,",skc,skc"
1875-05-19 15:00:00,NA,NA,NA,NA,NA,NA,NA,NA,14.5,NA,18.94,NA,NA,NA,NA,",bkn"
1875-05-19 21:00:00,21.11,NA,90,12.73,NA,987.4,NA,NA,14.44,NA,18.89,NA,NA,NA,13,NA
1875-05-20,NA,NA,NA,NA,NA,NA,NA,NA,NA,NA,NA,8.28,25,NA,NA,NA
1875-05-20 09:00:00,18.33,NA,225,11.04,NA,988.45,NA,NA,12.22,NA,16.11,NA,NA,NA,6.71,",bkn"
1875-05-20 15:00:00,NA,NA,NA,NA,NA,NA,NA,NA,10.06,NA,12.83,NA,NA,NA,NA,",sct"
1875-05-20 21:00:00,19.44,NA,270,9.99,NA,987.67,NA,NA,10,NA,12.78,NA,NA,NA,20,NA
1875-05-21,NA,NA,NA,NA,NA,NA,NA,NA,NA,NA,NA,11.17,29.44,NA,NA,NA
1875-05-21 09:00:00,18.33,NA,45,11.01,NA,989.57,NA,NA,13.33,NA,18.61,NA,NA,NA,1.79,",skc,skc"
1875-05-21 15:00:00,NA,NA,NA,NA,NA,NA,NA,NA,13.33,NA,18.44,NA,NA,NA,NA,",skc,skc"
1875-05-21 21:00:00,22.22,NA,90,11.18,NA,984.36,NA,NA,18.89,NA,18.33,NA,NA,NA,16,NA
1875-05-22,NA,NA,NA,NA,NA,NA,NA,NA,NA,NA,NA,11.11,30,NA,NA,NA
1875-05-22 09:00:00,20.56,NA,90,10.02,NA,983.78,11.18,NA,14.44,NA,22.22,NA,NA,NA,7.15,",bkn"
1875-05-22 15:00:00,NA,NA,NA,NA,NA,NA,NA,NA,12.28,NA,13.94,NA,NA,NA,NA,",ovc"
1875-05-22 21:00:00,20.56,NA,315,12.8,NA,981.99,NA,NA,12.22,NA,13.89,NA,NA,NA,22,NA
1875-05-23,NA,NA,NA,NA,NA,NA,NA,NA,NA,NA,NA,10.78,30.83,NA,NA,NA
1875-05-23 09:00:00,NA,NA,225,NA,NA,NA,NA,NA,NA,NA,NA,NA,NA,NA,1.56,NA
1875-05-23 21:00:00,NA,NA,180,NA,NA,NA,NA,NA,NA,NA,NA,NA,NA,NA,34,NA
1875-05-24,NA,NA,NA,NA,NA,NA,NA,NA,NA,NA,NA,12.78,22.78,NA,NA,NA
1875-05-24 09:00:00,NA,NA,270,NA,NA,NA,NA,NA,NA,NA,NA,NA,NA,NA,10.28,",ovc"
1875-05-24 15:00:00,NA,NA,NA,NA,NA,NA,NA,NA,NA,NA,NA,NA,NA,NA,NA,",missing"
1875-05-24 21:00:00,NA,NA,225,NA,NA,NA,NA,NA,NA,NA,NA,NA,NA,NA,45,NA
1875-05-25,NA,NA,NA,NA,NA,NA,NA,NA,NA,NA,NA,4.44,21.67,NA,NA,NA
1875-05-25 09:00:00,16.67,NA,180,8.7,NA,991.03,1.27,NA,10.56,NA,15.56,NA,NA,NA,1.79,",ovc"
1875-05-25 15:00:00,NA,NA,NA,NA,NA,NA,NA,NA,10.06,NA,12.83,NA,NA,NA,NA,",sn"
1875-05-25 21:00:00,17.78,NA,45,9.99,NA,987.27,NA,NA,10,NA,12.78,NA,NA,NA,12,NA
1875-05-26,NA,NA,NA,NA,NA,NA,NA,NA,NA,NA,NA,10.56,22.22,NA,NA,NA
1875-05-26 09:00:00,16.11,NA,90,13.88,NA,983.17,9.65,NA,13.33,NA,15,NA,NA,NA,5.81,",ovc"
1875-05-26 15:00:00,NA,NA,NA,NA,NA,NA,NA,NA,13.72,NA,14,NA,NA,NA,NA,",sn"
1875-05-26 21:00:00,18.89,NA,45,14.97,NA,982.05,NA,NA,13.61,NA,13.89,NA,NA,NA,27,NA
1875-05-27,NA,NA,NA,NA,NA,NA,NA,NA,NA,NA,NA,10.06,22.78,NA,NA,NA
1875-05-27 09:00:00,17.78,NA,270,11.41,NA,983.98,NA,NA,9.44,NA,10,NA,NA,NA,6.93,",sn"
1875-05-27 15:00:00,NA,NA,NA,NA,NA,NA,NA,NA,7.83,NA,10.61,NA,NA,NA,NA,",ovc,ovc"
1875-05-27 21:00:00,17.22,NA,315,8.3,NA,986.46,NA,NA,7.78,NA,10.56,NA,NA,NA,11,NA
1875-05-28,NA,NA,NA,NA,NA,NA,NA,NA,NA,NA,NA,2.83,19.44,NA,NA,NA
1875-05-28 09:00:00,15,NA,270,6.57,NA,1000.44,NA,NA,6.39,NA,10.28,NA,NA,NA,8.94,",bkn"
1875-05-28 15:00:00,NA,NA,NA,NA,NA,NA,NA,NA,2.06,NA,2.89,NA,NA,NA,NA,",skc"
1875-05-28 21:00:00,13.33,NA,315,6.23,NA,992.42,NA,NA,1.94,NA,2.78,NA,NA,NA,20,NA
1875-05-29,NA,NA,NA,NA,NA,NA,NA,NA,NA,NA,NA,3.94,22.83,NA,NA,",parhel,"
1875-05-29 09:00:00,11.11,NA,135,5.96,NA,993.43,NA,NA,5.83,NA,10,NA,NA,NA,6.26,",skc,skc"
1875-05-29 15:00:00,NA,NA,NA,NA,NA,NA,NA,NA,8.89,NA,11.17,NA,NA,NA,NA,",skc"
1875-05-29 21:00:00,14.44,NA,90,9.55,NA,986.05,NA,NA,8.89,NA,11.11,NA,NA,NA,45,NA
1875-05-30,NA,NA,NA,NA,NA,NA,NA,NA,NA,NA,NA,7.67,22.11,NA,NA,NA
1875-05-30 09:00:00,NA,NA,90,NA,NA,NA,29.21,NA,NA,NA,NA,NA,NA,NA,6.71,NA
1875-05-30 21:00:00,NA,NA,135,NA,NA,NA,NA,NA,NA,NA,NA,NA,NA,NA,15,NA
1875-05-31,NA,NA,NA,NA,NA,NA,NA,NA,NA,NA,NA,11.11,25,NA,NA,NA
1875-05-31 09:00:00,18.33,NA,135,12.53,NA,971.56,10.41,NA,14.44,NA,19.17,NA,NA,NA,7.15,",skc"
1875-05-31 15:00:00,NA,NA,NA,NA,NA,NA,NA,NA,12.83,NA,13.94,NA,NA,NA,NA,",skc"
1875-05-31 21:00:00,-9.44,NA,NA,13.78,NA,975.28,NA,NA,12.78,NA,13.89,NA,NA,NA,0,NA
1875-06-01,NA,NA,NA,NA,NA,NA,NA,NA,NA,NA,NA,10,22.78,NA,NA,NA
1875-06-01 09:00:00,18.33,NA,NA,13.51,NA,978.33,13.72,NA,14.17,NA,17.5,NA,NA,NA,8.94,",bkn"
1875-06-01 15:00:00,NA,NA,NA,NA,NA,NA,NA,NA,9.78,NA,10.06,NA,NA,NA,NA,",sn"
1875-06-01 21:00:00,18.33,NA,270,11.85,NA,971.89,NA,NA,9.72,NA,10,NA,NA,NA,11,NA
1875-06-02,NA,NA,NA,NA,NA,NA,NA,NA,NA,NA,NA,0.56,16.67,NA,NA,NA
1875-06-02 09:00:00,13.33,NA,270,7.01,NA,973.25,6.6,NA,2.78,NA,3.33,NA,NA,NA,17.88,",sn,sn"
1875-06-02 15:00:00,NA,NA,NA,NA,NA,NA,NA,NA,0.11,NA,1.22,NA,NA,NA,NA,",ovc"
1875-06-02 21:00:00,17.78,NA,270,5.25,NA,985.37,NA,NA,0,NA,1.11,NA,NA,NA,30,NA
1875-06-03,NA,NA,NA,NA,NA,NA,NA,NA,NA,NA,NA,-2.22,6.67,NA,NA,NA
1875-06-03 09:00:00,16.11,NA,270,6.81,NA,991.53,0.76,NA,2.5,NA,3.33,NA,NA,NA,11.62,",sn"
1875-06-03 15:00:00,NA,NA,NA,NA,NA,NA,NA,NA,2.89,NA,4.56,NA,NA,NA,NA,",bkn"
1875-06-03 21:00:00,15,NA,270,6.13,NA,993.16,NA,NA,2.78,NA,4.44,NA,NA,NA,20,NA
1875-06-04,NA,NA,NA,NA,NA,NA,NA,NA,NA,NA,NA,2.22,13.33,NA,NA,NA
1875-06-04 09:00:00,13.33,NA,270,6.06,NA,995.6,1.27,NA,5,NA,8.33,NA,NA,NA,5.81,",skc"
1875-06-04 15:00:00,NA,NA,NA,NA,NA,NA,NA,NA,6.72,NA,7.83,NA,NA,NA,NA,",bkn"
1875-06-04 21:00:00,13.33,NA,315,8.94,NA,993.16,NA,NA,6.67,NA,7.78,NA,NA,NA,34,NA
1875-06-05,NA,NA,NA,NA,NA,NA,NA,NA,NA,NA,NA,2.5,18.33,NA,NA,NA
1875-06-05 09:00:00,12.78,NA,225,7.28,NA,993.57,NA,NA,5.83,NA,8.06,NA,NA,NA,2.68,",ovc"
1875-06-05 15:00:00,NA,NA,NA,NA,NA,NA,NA,NA,5.11,NA,5.67,NA,NA,NA,NA,",skc"
1875-06-05 21:00:00,11.67,NA,315,8.26,NA,1000.07,NA,NA,5,NA,5.56,NA,NA,NA,5,NA
1875-06-06,NA,NA,NA,NA,NA,NA,NA,NA,NA,NA,NA,2.78,23.33,NA,NA,NA
1875-06-06 09:00:00,NA,NA,270,NA,NA,NA,1.27,NA,NA,NA,NA,NA,NA,NA,5.81,NA
1875-06-06 21:00:00,NA,NA,180,NA,NA,NA,NA,NA,NA,NA,NA,NA,NA,NA,1,NA
1875-06-07,NA,NA,NA,NA,NA,NA,NA,NA,NA,NA,NA,6.11,25.56,NA,NA,NA
1875-06-07 09:00:00,16.67,NA,225,9.04,NA,990.18,1.02,NA,11.11,NA,16.11,NA,NA,NA,5.36,",bkn"
1875-06-07 15:00:00,NA,NA,NA,NA,NA,NA,NA,NA,10.61,NA,12.83,NA,NA,NA,NA,",skc"
1875-06-07 21:00:00,17.78,NA,315,10.87,NA,984.36,NA,NA,10.56,NA,12.78,NA,NA,NA,2,NA
1875-06-08,NA,NA,NA,NA,NA,NA,NA,NA,NA,NA,NA,6.67,26.11,NA,NA,NA
1875-06-08 09:00:00,16.11,NA,135,11.24,NA,982.05,NA,NA,12.22,NA,20.83,NA,NA,NA,0.45,",skc,skc"
1875-06-08 15:00:00,NA,NA,NA,NA,NA,NA,NA,NA,12.28,NA,13.94,NA,NA,NA,NA,",skc,skc"
1875-06-08 21:00:00,18.33,NA,270,12.8,NA,980.83,NA,NA,12.22,NA,13.89,NA,NA,NA,2,NA
1875-06-09,NA,NA,NA,NA,NA,NA,NA,NA,NA,NA,NA,8.33,26.67,NA,NA,NA
1875-06-09 09:00:00,17.22,NA,135,11.62,NA,981.54,NA,NA,14.44,NA,20.28,NA,NA,NA,3.8,",skc,skc"
1875-06-09 15:00:00,NA,NA,NA,NA,NA,NA,NA,NA,13.44,NA,16.5,NA,NA,NA,NA,",skc"
1875-06-09 21:00:00,19.44,NA,0,12.73,NA,980.7,NA,NA,13.33,NA,16.39,NA,NA,NA,34,NA
1875-06-10,NA,NA,NA,NA,NA,NA,NA,NA,NA,NA,NA,7.17,16.67,NA,NA,NA
1875-06-10 09:00:00,NA,NA,315,NA,NA,NA,26.67,NA,NA,NA,NA,NA,NA,NA,8.94,",sn"
1875-06-10 15:00:00,NA,NA,NA,NA,NA,NA,NA,NA,7.17,NA,7.33,NA,NA,NA,NA,",ovc,ovc"
1875-06-10 21:00:00,17.22,NA,315,9.96,NA,981.51,NA,NA,7.06,NA,7.22,NA,NA,NA,25,NA
1875-06-11,NA,NA,NA,NA,NA,NA,NA,NA,NA,NA,NA,3.89,18.33,NA,NA,NA
1875-06-11 09:00:00,13.33,NA,270,NA,NA,1001.02,NA,NA,NA,NA,NA,NA,NA,NA,14.3,",ovc"
1875-06-11 15:00:00,NA,NA,NA,NA,NA,NA,NA,NA,4,NA,5.67,NA,NA,NA,NA,",skc,skc"
1875-06-11 21:00:00,13.89,NA,270,6.74,NA,998.38,NA,NA,3.89,NA,5.56,NA,NA,NA,40,NA
1875-06-12,NA,NA,NA,NA,NA,NA,NA,NA,NA,NA,NA,-0.28,20,NA,NA,NA
1875-06-12 09:00:00,13.33,NA,45,5.11,NA,1001.29,NA,NA,7.78,NA,14.89,NA,NA,NA,2.68,",skc,skc"
1875-06-12 15:00:00,NA,NA,NA,NA,NA,NA,NA,NA,10.67,NA,12.33,NA,NA,NA,NA,",skc"
1875-06-12 21:00:00,14.44,NA,NA,11.34,NA,996.41,NA,NA,10.56,NA,12.22,NA,NA,NA,NA,NA
1875-06-13,NA,NA,NA,NA,NA,NA,NA,NA,NA,NA,NA,10.5,24.44,NA,NA,NA
1875-06-13 09:00:00,NA,NA,NA,NA,NA,NA,NA,NA,NA,NA,NA,NA,NA,NA,NA,NA
1875-06-13 21:00:00,NA,NA,45,NA,NA,NA,NA,NA,NA,NA,NA,NA,NA,NA,34,NA
1875-06-14,NA,NA,NA,NA,NA,NA,NA,NA,NA,NA,NA,13.33,29.17,NA,NA,NA
1875-06-14 09:00:00,19.44,NA,90,16.02,NA,989.44,2.03,NA,17.22,NA,21.67,NA,NA,NA,5.01,",skc"
1875-06-14 15:00:00,NA,NA,NA,NA,NA,NA,NA,NA,16.22,NA,19.56,NA,NA,NA,NA,",bkn"
1875-06-14 21:00:00,21.67,NA,45,15.48,NA,986.52,NA,NA,16.11,NA,19.44,NA,NA,NA,16,NA
1875-06-15,NA,NA,NA,NA,NA,NA,NA,NA,NA,NA,NA,14.44,28.33,NA,NA,NA
1875-06-15 09:00:00,20,NA,90,17.91,NA,986.93,4.83,NA,16.67,NA,17.89,NA,NA,NA,5.59,",sn"
1875-06-15 15:00:00,NA,NA,NA,NA,NA,NA,NA,NA,17.89,NA,20.67,NA,NA,NA,NA,",sn"
1875-06-15 21:00:00,21.11,NA,45,17.91,NA,987.2,NA,NA,17.78,NA,20.56,NA,NA,NA,27,NA
1875-06-16,NA,NA,NA,NA,NA,NA,NA,NA,NA,NA,NA,14.5,28.33,NA,NA,NA
1875-06-16 09:00:00,20,NA,45,16.56,NA,988.01,NA,NA,16.94,NA,19.44,NA,NA,NA,NA,",ovc"
1875-06-16 15:00:00,NA,NA,NA,NA,NA,NA,NA,NA,15.67,NA,16.78,NA,NA,NA,NA,",bkn"
1875-06-16 21:00:00,21.11,NA,45,16.63,NA,989.44,NA,NA,15.56,NA,16.67,NA,NA,NA,NA,NA
1875-06-17,NA,NA,NA,NA,NA,NA,NA,NA,NA,NA,NA,11.17,26.11,NA,NA,NA
1875-06-17 09:00:00,18.33,NA,45,10.8,NA,994.11,NA,NA,13.61,NA,19.17,NA,NA,NA,10.06,",skc"
1875-06-17 15:00:00,NA,NA,NA,NA,NA,NA,NA,NA,12.33,NA,16.5,NA,NA,NA,NA,",skc,skc"
1875-06-17 21:00:00,20,NA,45,10.77,NA,993.43,NA,NA,12.22,NA,16.39,NA,NA,NA,45,NA
1875-06-18,NA,NA,NA,NA,NA,NA,NA,NA,NA,NA,NA,9.39,28.56,NA,NA,NA
1875-06-18 09:00:00,18.33,NA,90,10.7,NA,995.23,NA,NA,14.44,NA,21.83,NA,NA,NA,10.06,",skc,skc"
1875-06-18 15:00:00,NA,NA,NA,NA,NA,NA,NA,NA,13.28,NA,17.28,NA,NA,NA,NA,",skc,skc"
1875-06-18 21:00:00,20,NA,90,12.02,NA,993.43,NA,NA,13.78,NA,17.11,NA,NA,NA,5,NA
1875-06-19,NA,NA,NA,NA,NA,NA,NA,NA,NA,NA,NA,8.22,28.89,NA,NA,NA
1875-06-19 09:00:00,19.44,NA,90,14.02,NA,993.16,NA,NA,16.67,NA,22.78,NA,NA,NA,2.24,",skc,skc"
1875-06-19 15:00:00,NA,NA,NA,NA,NA,NA,NA,NA,16.78,NA,19.67,NA,NA,NA,NA,",skc"
1875-06-19 21:00:00,21.67,NA,NA,16.83,NA,989.98,NA,NA,16.67,NA,19.56,NA,NA,NA,0,NA
1875-06-20,NA,NA,NA,NA,NA,NA,NA,NA,NA,NA,NA,17.78,30.56,NA,NA,NA
1875-06-20 09:00:00,NA,NA,135,NA,NA,NA,NA,NA,NA,NA,NA,NA,NA,NA,0.63,NA
1875-06-20 21:00:00,NA,NA,90,NA,NA,NA,NA,NA,NA,NA,NA,NA,NA,NA,17,NA
1875-06-21,NA,NA,NA,NA,NA,NA,NA,NA,NA,NA,NA,17,25.83,NA,NA,NA
1875-06-21 09:00:00,22.22,NA,135,16.49,NA,986.86,5.84,NA,17.78,NA,22.22,NA,NA,NA,2.68,",ovc"
1875-06-21 15:00:00,NA,NA,NA,NA,NA,NA,NA,NA,16.72,NA,17.61,NA,NA,NA,NA,",sn"
1875-06-21 21:00:00,21.67,NA,90,18.22,NA,980.36,NA,NA,16.67,NA,17.5,NA,NA,NA,5,NA
1875-06-22,NA,NA,NA,NA,NA,NA,NA,NA,NA,NA,NA,11.11,21.11,NA,NA,NA
1875-06-22 09:00:00,17.78,NA,225,13.34,NA,978.06,NA,NA,12.78,NA,14.44,NA,NA,NA,10.73,",ovc"
1875-06-22 15:00:00,NA,NA,NA,NA,NA,NA,NA,NA,12.83,NA,13.67,NA,NA,NA,NA,",skc"
1875-06-22 21:00:00,18.89,NA,0,14.02,NA,985.81,NA,NA,12.78,NA,13.61,NA,NA,NA,5,NA
1875-06-23,NA,NA,NA,NA,NA,NA,NA,NA,NA,NA,NA,9.44,21.67,NA,NA,NA
1875-06-23 09:00:00,17.78,NA,90,14.76,NA,984.9,8.64,NA,14.17,NA,15.83,NA,NA,NA,7.6,",ovc"
1875-06-23 15:00:00,NA,NA,NA,NA,NA,NA,NA,NA,13.11,NA,13.67,NA,NA,NA,NA,",ovc"
1875-06-23 21:00:00,17.78,NA,45,14.29,NA,981.1,NA,NA,13.06,NA,13.61,NA,NA,NA,27,NA
1875-06-24,NA,NA,NA,NA,NA,NA,NA,NA,NA,NA,NA,13.39,30.28,NA,NA,NA
1875-06-24 09:00:00,18.33,NA,135,18.59,NA,978.19,3.81,NA,18.06,NA,20.56,NA,NA,NA,6.71,",skc"
1875-06-24 15:00:00,NA,NA,NA,NA,NA,NA,NA,NA,17,NA,21.78,NA,NA,NA,NA,",skc,skc"
1875-06-24 21:00:00,21.67,NA,90,16.49,NA,976.3,NA,NA,17.5,NA,21.67,NA,NA,NA,18,NA
1875-06-25,NA,NA,NA,NA,NA,NA,NA,NA,NA,NA,NA,12.83,26.11,NA,NA,NA
1875-06-25 09:00:00,19.44,NA,180,10.6,NA,980.36,NA,NA,12.22,NA,16.67,NA,NA,NA,12.96,",skc"
1875-06-25 15:00:00,NA,NA,NA,NA,NA,NA,NA,NA,13.94,NA,17.33,NA,NA,NA,NA,",skc"
1875-06-25 21:00:00,21.11,NA,225,13.11,NA,983.14,NA,NA,13.89,NA,17.5,NA,NA,NA,40,NA
1875-06-26,NA,NA,NA,NA,NA,NA,0,0,NA,NA,NA,8.94,21.67,NA,NA,",parhel,"
1875-06-26 09:00:00,18.33,NA,225,11.18,NA,988.22,NA,NA,13.33,NA,18.33,NA,NA,NA,10.28,",skc,skc"
1875-06-26 15:00:00,NA,NA,NA,NA,NA,NA,NA,NA,9.78,NA,10.89,NA,NA,NA,NA,",skc"
1875-06-26 21:00:00,17.78,NA,315,11.14,NA,993.13,NA,NA,9.72,NA,10.83,NA,NA,NA,34,NA
1875-06-27,NA,NA,NA,NA,NA,NA,NA,NA,NA,NA,NA,2.56,22.94,NA,NA,NA
1875-06-27 09:00:00,NA,NA,270,NA,NA,NA,NA,NA,NA,NA,NA,NA,NA,NA,4.92,NA
1875-06-27 21:00:00,NA,NA,90,NA,NA,NA,NA,NA,NA,NA,NA,NA,NA,NA,45,NA
1875-06-28,NA,NA,NA,NA,NA,NA,NA,NA,NA,NA,NA,9.5,28.06,NA,NA,NA
1875-06-28 09:00:00,15.56,NA,90,11.21,NA,983.81,NA,NA,13.33,NA,18.33,NA,NA,NA,20.56,",skc"
1875-06-28 15:00:00,NA,NA,NA,NA,NA,NA,NA,NA,13.94,NA,17.89,NA,NA,NA,NA,",skc"
1875-06-28 21:00:00,19.44,NA,180,12.67,NA,980.7,NA,NA,13.89,NA,17.78,NA,NA,NA,19,NA
1875-06-29,NA,NA,NA,NA,NA,NA,NA,NA,NA,NA,NA,12.28,22.78,NA,NA,NA
1875-06-29 09:00:00,17.22,NA,225,11.51,NA,984.15,NA,NA,12.22,NA,15.56,NA,NA,NA,13.41,",ovc"
1875-06-29 15:00:00,NA,NA,NA,NA,NA,NA,NA,NA,11.17,NA,13.39,NA,NA,NA,NA,",skc"
1875-06-29 21:00:00,17.78,NA,225,11.34,NA,990.18,NA,NA,11.11,NA,13.33,NA,NA,NA,34,NA
1875-06-30,NA,NA,NA,NA,NA,NA,NA,NA,NA,NA,NA,6.11,27.78,NA,NA,NA
1875-06-30 09:00:00,16.67,NA,180,10.16,NA,994.92,NA,NA,12.78,NA,18.33,NA,NA,NA,2.15,",skc,skc"
1875-06-30 15:00:00,NA,NA,NA,NA,NA,NA,NA,NA,13.94,NA,16.44,NA,NA,NA,NA,",skc,skc"
1875-06-30 21:00:00,19.44,NA,315,13.82,NA,999.19,NA,NA,13.89,NA,16.39,NA,NA,NA,2,NA
1875-07-01,NA,NA,NA,NA,NA,NA,NA,NA,NA,NA,NA,10.61,30.56,NA,NA,NA
1875-07-01 09:00:00,NA,NA,90,NA,NA,NA,NA,NA,NA,NA,NA,NA,NA,NA,9.83,NA
1875-07-01 21:00:00,NA,NA,90,NA,NA,NA,NA,NA,NA,NA,NA,NA,NA,NA,15,NA
1875-07-02,NA,NA,NA,NA,NA,NA,NA,NA,NA,NA,NA,13.61,24.5,NA,NA,NA
1875-07-02 09:00:00,20.56,NA,90,15.27,NA,986.52,1.02,NA,16.67,NA,21.11,NA,NA,NA,10.73,",ovc,ovc"
1875-07-02 15:00:00,NA,NA,NA,NA,NA,NA,NA,NA,17.94,NA,18.72,NA,NA,NA,NA,",skc"
1875-07-02 21:00:00,21.11,NA,90,23.1,NA,979.14,NA,NA,17.89,NA,18.61,NA,NA,NA,13,NA
1875-07-03,NA,NA,NA,NA,NA,NA,NA,NA,NA,NA,NA,11.72,23.33,NA,NA,NA
1875-07-03 09:00:00,19.44,NA,180,12.8,NA,977.45,0.51,NA,14.72,NA,19.44,NA,NA,NA,13.14,",skc,skc"
1875-07-03 15:00:00,NA,NA,NA,NA,NA,NA,NA,NA,14.5,NA,15.06,NA,NA,NA,NA,",ovc"
1875-07-03 21:00:00,20,NA,270,15.95,NA,980.02,NA,NA,14.44,NA,15,NA,NA,NA,15,NA
1875-07-04,NA,NA,NA,NA,NA,NA,NA,NA,NA,NA,NA,7.28,23.89,NA,NA,NA
1875-07-04 09:00:00,NA,NA,270,NA,NA,NA,NA,NA,NA,NA,NA,NA,NA,NA,8.05,NA
1875-07-04 15:00:00,NA,NA,NA,NA,NA,NA,NA,NA,13.94,NA,17.33,NA,NA,NA,NA,NA
1875-07-04 21:00:00,NA,NA,315,13.14,NA,NA,NA,NA,13.89,NA,17.22,NA,NA,NA,0,NA
1875-07-05,NA,NA,NA,NA,NA,NA,NA,NA,NA,NA,NA,7.28,28.11,NA,NA,NA
1875-07-05 09:00:00,17.78,NA,90,9.35,NA,996.65,NA,NA,12.78,NA,19.39,NA,NA,NA,6.93,",skc"
1875-07-05 15:00:00,NA,NA,NA,NA,NA,NA,NA,NA,16.17,NA,17.44,NA,NA,NA,NA,",skc"
1875-07-05 21:00:00,20,NA,315,17.54,NA,994.07,NA,NA,16.28,NA,17.39,NA,NA,NA,20,NA
1875-07-06,NA,NA,NA,NA,NA,NA,NA,NA,NA,NA,NA,11.11,30.44,NA,NA,NA
1875-07-06 09:00:00,19.44,NA,225,14.56,NA,994.79,NA,NA,16.11,NA,20.56,NA,NA,NA,0.45,",bkn"
1875-07-06 15:00:00,NA,NA,NA,NA,NA,NA,NA,NA,NA,NA,NA,NA,NA,NA,NA,",skc"
1875-07-06 21:00:00,21.11,NA,225,NA,NA,994.75,NA,NA,NA,NA,NA,NA,NA,NA,2,NA
1875-07-07,NA,NA,NA,NA,NA,NA,NA,NA,NA,NA,NA,12.56,34.22,NA,NA,NA
1875-07-07 09:00:00,21.67,NA,180,16.46,NA,994.41,4.57,NA,18.83,NA,25.06,NA,NA,NA,6.03,",skc,skc"
1875-07-07 15:00:00,NA,NA,NA,NA,NA,NA,NA,NA,18,NA,22.67,NA,NA,NA,NA,",skc"
1875-07-07 21:00:00,24.44,NA,180,16.53,NA,991.37,NA,NA,17.94,NA,22.5,NA,NA,NA,28,NA
1875-07-08,NA,NA,NA,NA,NA,NA,NA,NA,NA,NA,NA,14.94,29.22,NA,NA,NA
1875-07-08 09:00:00,22.78,NA,0,17.74,NA,994.24,NA,NA,18.22,NA,21.94,NA,NA,NA,4.47,",skc"
1875-07-08 15:00:00,NA,NA,NA,NA,NA,NA,NA,NA,14.56,NA,16.89,NA,NA,NA,NA,",skc"
1875-07-08 21:00:00,23.33,NA,0,14.56,NA,995.29,NA,NA,14.5,NA,16.78,NA,NA,NA,1,NA
1875-07-09,NA,NA,NA,NA,NA,NA,NA,NA,NA,NA,NA,12.56,28.89,NA,NA,NA
1875-07-09 09:00:00,21.67,NA,270,11.28,NA,991.23,2.54,NA,15.94,NA,24.06,NA,NA,NA,8.94,",skc,skc"
1875-07-09 15:00:00,NA,NA,NA,NA,NA,NA,NA,NA,13.39,NA,16.17,NA,NA,NA,NA,",skc"
1875-07-09 21:00:00,21.67,NA,45,13.04,NA,992.62,NA,NA,13.33,NA,16.11,NA,NA,NA,1,NA
1875-07-10,NA,NA,NA,NA,NA,NA,NA,NA,NA,NA,NA,6.83,25.28,NA,NA,NA
1875-07-10 09:00:00,18.89,NA,315,9.38,NA,996.07,NA,NA,11.11,NA,15.83,NA,NA,NA,1.79,",skc,skc"
1875-07-10 15:00:00,NA,NA,NA,NA,NA,NA,NA,NA,12.5,NA,15.61,NA,NA,NA,NA,",skc,skc"
1875-07-10 21:00:00,20,NA,180,11.78,NA,991.3,NA,NA,12.44,NA,15.67,NA,NA,NA,11,NA
1875-07-11,NA,NA,NA,NA,NA,NA,NA,NA,NA,NA,NA,11.83,29.22,NA,NA,NA
1875-07-11 09:00:00,NA,NA,180,NA,NA,NA,NA,NA,NA,NA,NA,NA,NA,NA,8.05,NA
1875-07-11 21:00:00,NA,NA,0,NA,NA,NA,NA,NA,NA,NA,NA,NA,NA,NA,34,NA
1875-07-12,NA,NA,NA,NA,NA,NA,NA,NA,NA,NA,NA,12.28,26.67,NA,NA,NA
1875-07-12 09:00:00,21.67,NA,180,14.56,NA,987.2,NA,NA,16.11,NA,20.56,NA,NA,NA,5.36,",skc,skc"
1875-07-12 15:00:00,NA,NA,NA,NA,NA,NA,NA,NA,16.67,NA,19,NA,NA,NA,NA,",skc,skc"
1875-07-12 21:00:00,21.67,NA,315,18.46,NA,986.66,NA,NA,16.67,NA,18.89,NA,NA,NA,11,NA
1875-07-13,NA,NA,NA,NA,NA,NA,NA,NA,NA,NA,NA,11.67,30.44,NA,NA,NA
1875-07-13 09:00:00,21.67,NA,225,15.07,NA,984.59,NA,NA,18.28,NA,24,NA,NA,NA,7.69,",skc,skc"
1875-07-13 15:00:00,NA,NA,NA,NA,NA,NA,NA,NA,16.39,NA,17.89,NA,NA,NA,NA,",skc,skc"
1875-07-13 21:00:00,23.33,NA,45,20.42,NA,984.25,NA,NA,16.33,NA,17.78,NA,NA,NA,16,NA
1875-07-14,NA,NA,NA,NA,NA,NA,NA,NA,NA,NA,NA,13.39,30.83,NA,NA,NA
1875-07-14 09:00:00,21.11,NA,135,16.12,NA,984.08,1.27,NA,16.67,NA,20,NA,NA,NA,1.79,",ovc"
1875-07-14 15:00:00,NA,NA,NA,NA,NA,NA,NA,NA,20.61,NA,22.56,NA,NA,NA,NA,",ra"
1875-07-14 21:00:00,23.89,NA,180,22.45,NA,974.43,NA,NA,20.56,NA,22.39,NA,NA,NA,14,NA
1875-07-15,NA,NA,NA,NA,NA,NA,NA,NA,NA,NA,NA,10.5,25,NA,NA,NA
1875-07-15 09:00:00,21.67,NA,0,13.92,NA,981.21,NA,NA,14.67,NA,17.94,NA,NA,NA,7.51,",ovc"
1875-07-15 15:00:00,NA,NA,NA,NA,NA,NA,NA,NA,8.44,NA,10.67,NA,NA,NA,NA,",skc,skc"
1875-07-15 21:00:00,19.44,NA,45,9.21,NA,986.52,NA,NA,8.33,NA,10.56,NA,NA,NA,0,NA
1875-07-16,NA,NA,NA,NA,NA,NA,NA,NA,NA,NA,NA,7.72,23.89,NA,NA,NA
1875-07-16 09:00:00,18.89,NA,45,10.16,NA,989.5,NA,NA,11.72,NA,18.33,NA,NA,NA,1.79,",ovc"
1875-07-16 15:00:00,NA,NA,NA,NA,NA,NA,NA,NA,11.72,NA,12.83,NA,NA,NA,NA,",skc"
1875-07-16 21:00:00,19.44,NA,225,12.73,NA,991.06,NA,NA,11.67,NA,12.78,NA,NA,NA,0,NA
1875-07-17,NA,NA,NA,NA,NA,NA,NA,NA,NA,NA,NA,7.28,23.39,NA,NA,NA
1875-07-17 09:00:00,18.33,NA,270,12.5,NA,992.45,1.27,NA,14.78,NA,19.72,NA,NA,NA,3.8,",ovc"
1875-07-17 15:00:00,NA,NA,NA,NA,NA,NA,NA,NA,14.67,NA,15.72,NA,NA,NA,NA,",skc"
1875-07-17 21:00:00,19.44,NA,90,15.44,NA,991.84,NA,NA,14.61,NA,15.61,NA,NA,NA,1,NA
1875-07-18,NA,NA,NA,NA,NA,NA,NA,NA,NA,NA,NA,7.72,30.56,NA,NA,NA
1875-07-18 09:00:00,NA,NA,180,NA,NA,NA,NA,NA,NA,NA,NA,NA,NA,NA,6.71,NA
1875-07-18 21:00:00,NA,NA,315,NA,NA,NA,NA,NA,NA,NA,NA,NA,NA,NA,45,NA
1875-07-19,NA,NA,NA,NA,NA,NA,NA,NA,NA,NA,NA,11.78,28.89,NA,NA,NA
1875-07-19 09:00:00,21.67,NA,315,14.97,NA,988.22,0,NA,17.22,NA,22.78,NA,NA,NA,5.14,",skc,skc"
1875-07-19 15:00:00,NA,NA,NA,NA,NA,NA,NA,NA,15.94,NA,17.89,NA,NA,NA,NA,",skc,skc"
1875-07-19 21:00:00,22.78,NA,45,16.59,NA,991.13,NA,NA,15.83,NA,17.78,NA,NA,NA,1,NA
1875-07-20,NA,NA,NA,NA,NA,NA,NA,NA,NA,NA,NA,13.94,31.67,NA,NA,NA
1875-07-20 09:00:00,21.11,NA,180,14.29,NA,991.81,NA,NA,17.33,NA,23.61,NA,NA,NA,4.56,",skc"
1875-07-20 15:00:00,NA,NA,NA,NA,NA,NA,NA,NA,17.28,NA,23.39,NA,NA,NA,NA,",sct"
1875-07-20 21:00:00,23.89,NA,180,14.53,NA,988.86,NA,NA,17.22,NA,23.22,NA,NA,NA,23,NA
1875-07-21,NA,NA,NA,NA,NA,NA,NA,NA,NA,NA,NA,13.89,28.22,NA,NA,NA
1875-07-21 09:00:00,22.78,NA,0,12.73,NA,991.09,NA,NA,16.11,NA,22.67,NA,NA,NA,8.72,",skc"
1875-07-21 15:00:00,NA,NA,NA,NA,NA,NA,NA,NA,14.61,NA,17.22,NA,NA,NA,NA,",skc,skc"
1875-07-21 21:00:00,23.33,NA,0,14.19,NA,991.16,NA,NA,14.56,NA,17.11,NA,NA,NA,1,NA
1875-07-22,NA,NA,NA,NA,NA,NA,NA,NA,NA,NA,NA,12.22,24.44,NA,NA,NA
1875-07-22 09:00:00,21.67,NA,0,13.31,NA,994.11,NA,NA,15,NA,19.44,NA,NA,NA,6.26,",bkn"
1875-07-22 15:00:00,NA,NA,NA,NA,NA,NA,NA,NA,12.28,NA,13.39,NA,NA,NA,NA,",skc,skc"
1875-07-22 21:00:00,21.67,NA,0,13.38,NA,993.19,NA,NA,12.22,NA,13.33,NA,NA,NA,5,NA
1875-07-23,NA,NA,NA,NA,NA,NA,NA,NA,NA,NA,NA,7.17,28.89,NA,NA,NA
1875-07-23 09:00:00,19.44,NA,270,12.29,NA,991.74,NA,NA,15.06,NA,20.89,NA,NA,NA,5.36,",skc"
1875-07-23 15:00:00,NA,NA,NA,NA,NA,NA,NA,NA,17.33,NA,20.67,NA,NA,NA,NA,",ovc"
1875-07-23 21:00:00,21.67,NA,NA,16.76,NA,986.79,NA,NA,17.22,NA,20.56,NA,NA,NA,0,NA
1875-07-24,NA,NA,NA,NA,NA,NA,NA,NA,NA,NA,NA,14.78,21.39,NA,NA,NA
1875-07-24 09:00:00,21.11,NA,NA,15.95,NA,982.76,2.29,NA,15.83,NA,17.78,NA,NA,NA,0,",ra"
1875-07-24 15:00:00,NA,NA,NA,NA,NA,NA,NA,NA,15.33,NA,15.89,NA,NA,NA,NA,",ra"
1875-07-24 21:00:00,20.56,NA,0,16.83,NA,983.75,NA,NA,15.28,NA,15.78,NA,NA,NA,15,NA
1875-07-25,NA,NA,NA,NA,NA,NA,NA,NA,NA,NA,NA,9.94,23.33,NA,NA,NA
1875-07-25 09:00:00,NA,NA,315,NA,NA,NA,NA,NA,NA,NA,NA,NA,NA,NA,7.15,NA
1875-07-25 21:00:00,NA,NA,315,NA,NA,NA,NA,NA,NA,NA,NA,NA,NA,NA,16,NA
1875-07-26,NA,NA,NA,NA,NA,NA,NA,NA,NA,NA,NA,7.72,24.44,NA,NA,NA
1875-07-26 09:00:00,17.78,NA,270,12.83,NA,991.53,NA,NA,13.89,NA,17.44,NA,NA,NA,4.25,",skc"
1875-07-26 15:00:00,NA,NA,NA,NA,NA,NA,NA,NA,10.06,NA,15.06,NA,NA,NA,NA,",skc"
1875-07-26 21:00:00,19.44,NA,NA,8.2,NA,991.2,NA,NA,10,NA,15,NA,NA,NA,0,NA
1875-07-27,NA,NA,NA,NA,NA,NA,NA,NA,NA,NA,NA,9.5,30,NA,NA,NA
1875-07-27 09:00:00,18.89,NA,NA,11.95,NA,991.5,NA,NA,15.56,NA,22.33,NA,NA,NA,NA,",skc,skc"
1875-07-27 15:00:00,NA,NA,NA,NA,NA,NA,NA,NA,19.56,NA,20.67,NA,NA,NA,NA,",skc,skc"
1875-07-27 21:00:00,21.11,NA,135,21.5,NA,984.69,NA,NA,19.44,NA,20.67,NA,NA,NA,20,NA
1875-07-28,NA,NA,NA,NA,NA,NA,NA,NA,NA,NA,NA,12.5,25,NA,NA,NA
1875-07-28 09:00:00,21.67,NA,NA,16.09,NA,985.41,NA,NA,17.56,NA,21.67,NA,NA,NA,3.58,",skc"
1875-07-28 15:00:00,NA,NA,NA,NA,NA,NA,NA,NA,10.61,NA,12.28,NA,NA,NA,NA,",skc"
1875-07-28 21:00:00,20.56,NA,0,11.34,NA,988.15,NA,NA,10.56,NA,12.22,NA,NA,NA,20,NA
1875-07-29,NA,NA,NA,NA,NA,NA,NA,NA,NA,NA,NA,7,23.33,NA,NA,NA
1875-07-29 09:00:00,18.89,NA,45,11.11,NA,992.21,NA,NA,12.22,NA,16.11,NA,NA,NA,5.23,",skc"
1875-07-29 15:00:00,NA,NA,NA,NA,NA,NA,NA,NA,12.33,NA,15.67,NA,NA,NA,NA,",bkn"
1875-07-29 21:00:00,18.89,NA,45,11.55,NA,996.61,NA,NA,12.22,NA,15.56,NA,NA,NA,27,NA
1875-07-30,NA,NA,NA,NA,NA,NA,NA,NA,NA,NA,NA,13.17,22.67,NA,NA,NA
1875-07-30 09:00:00,18.33,NA,90,10.77,NA,1001.49,NA,NA,13.33,NA,18.89,NA,NA,NA,3.58,",bkn"
1875-07-30 15:00:00,NA,NA,NA,NA,NA,NA,NA,NA,12.28,NA,14.11,NA,NA,NA,NA,",skc"
1875-07-30 21:00:00,18.33,NA,45,12.67,NA,1001.69,NA,NA,12.22,NA,14,NA,NA,NA,5,NA
1875-07-31,NA,NA,NA,NA,NA,NA,NA,NA,NA,NA,NA,6.44,26.11,NA,NA,NA
1875-07-31 09:00:00,17.78,NA,135,11.28,NA,1002.51,NA,NA,14,NA,19.5,NA,NA,NA,3.76,",skc,skc"
1875-07-31 15:00:00,NA,NA,NA,NA,NA,NA,NA,NA,13.72,NA,17.06,NA,NA,NA,NA,",skc"
1875-07-31 21:00:00,19.44,NA,135,12.5,NA,998.78,NA,NA,13.67,NA,16.94,NA,NA,NA,11,NA
1875-08-01,NA,NA,NA,NA,NA,NA,NA,NA,NA,NA,NA,14.5,23.89,NA,NA,NA
1875-08-01 09:00:00,NA,NA,180,NA,NA,NA,1.27,NA,NA,NA,NA,NA,NA,NA,0,",ovc"
1875-08-01 21:00:00,NA,NA,180,NA,NA,NA,NA,NA,NA,NA,NA,NA,NA,NA,27,NA
1875-08-02,NA,NA,NA,NA,NA,NA,NA,NA,NA,NA,NA,13.39,28.61,NA,NA,NA
1875-08-02 09:00:00,18.89,NA,270,16.09,NA,990.52,1.52,NA,16.67,NA,20.11,NA,NA,NA,2.24,",bkn"
1875-08-02 15:00:00,NA,NA,NA,NA,NA,NA,NA,NA,11.56,NA,15.17,NA,NA,NA,NA,",skc"
1875-08-02 21:00:00,21.11,NA,315,10.6,NA,990.11,NA,NA,11.5,NA,15.11,NA,NA,NA,2,NA
1875-08-03,NA,NA,NA,NA,NA,NA,NA,NA,NA,NA,NA,10.61,28.44,NA,NA,NA
1875-08-03 09:00:00,19.44,NA,225,15.34,NA,991.37,NA,NA,16.72,NA,21.11,NA,NA,NA,3.13,",skc,skc"
1875-08-03 15:00:00,NA,NA,NA,NA,NA,NA,NA,NA,15.89,NA,17.33,NA,NA,NA,NA,",bkn"
1875-08-03 21:00:00,21.67,NA,90,16.76,NA,989.84,NA,NA,15.83,NA,17.22,NA,NA,NA,45,NA
1875-08-04,NA,NA,NA,NA,NA,NA,NA,NA,NA,NA,NA,11.11,30.28,NA,NA,NA
1875-08-04 09:00:00,20.56,NA,270,16.02,NA,989.1,10.92,NA,17.83,NA,23,NA,NA,NA,2.68,",skc,skc"
1875-08-04 15:00:00,NA,NA,NA,NA,NA,NA,NA,NA,16.06,NA,18.56,NA,NA,NA,NA,",ra"
1875-08-04 21:00:00,22.78,NA,0,18.29,NA,986.86,NA,NA,17.11,NA,18.44,NA,NA,NA,20,NA
1875-08-05,NA,NA,NA,NA,NA,NA,NA,NA,NA,NA,NA,12.61,26.28,NA,NA,NA
1875-08-05 09:00:00,22.22,NA,45,18.39,NA,987.4,NA,NA,17.78,NA,20,NA,NA,NA,7.6,",skc,skc"
1875-08-05 15:00:00,NA,NA,NA,NA,NA,NA,NA,NA,14.83,NA,18.44,NA,NA,NA,NA,",skc,skc"
1875-08-05 21:00:00,22.22,NA,NA,13.41,NA,993.77,NA,NA,14.78,NA,18.33,NA,NA,NA,0,NA
1875-08-06,NA,NA,NA,NA,NA,NA,NA,NA,NA,NA,NA,8.83,29.17,NA,NA,NA
1875-08-06 09:00:00,19.44,NA,NA,17.47,NA,995.4,NA,NA,16.72,NA,18.33,NA,NA,NA,0.31,",bkn"
1875-08-06 15:00:00,NA,NA,NA,NA,NA,NA,NA,NA,17.89,NA,19,NA,NA,NA,NA,",skc,skc"
1875-08-06 21:00:00,21.67,NA,225,19.27,NA,993.23,NA,NA,17.78,NA,18.89,NA,NA,NA,2,NA
1875-08-07,NA,NA,NA,NA,NA,NA,NA,NA,NA,NA,NA,10.5,30,NA,NA,NA
1875-08-07 09:00:00,20.56,NA,180,14.87,NA,992.35,3.81,NA,17.22,NA,22.78,NA,NA,NA,4.02,NA
1875-08-07 15:00:00,NA,NA,NA,NA,NA,NA,NA,NA,17.89,NA,20.11,NA,NA,NA,NA,",skc"
1875-08-07 21:00:00,23.33,NA,135,18.39,NA,990.38,NA,NA,17.83,NA,20,NA,NA,NA,34,NA
1875-08-08,NA,NA,NA,NA,NA,NA,NA,NA,NA,NA,NA,11.56,30.89,NA,NA,NA
1875-08-08 09:00:00,NA,NA,135,NA,NA,NA,NA,NA,NA,NA,NA,NA,NA,NA,6.26,NA
1875-08-08 21:00:00,NA,NA,315,NA,NA,NA,NA,NA,NA,NA,NA,NA,NA,NA,21,NA
1875-08-09,NA,NA,NA,NA,NA,NA,NA,NA,NA,NA,NA,14.67,27.72,NA,NA,NA
1875-08-09 09:00:00,22.78,NA,45,18.39,NA,988.79,NA,NA,18.22,NA,21.11,NA,NA,NA,1.34,",skc"
1875-08-09 15:00:00,NA,NA,NA,NA,NA,NA,NA,NA,16.17,NA,17.89,NA,NA,NA,NA,",bkn"
1875-08-09 21:00:00,23.33,NA,315,20.32,NA,989.64,NA,NA,16.11,NA,17.78,NA,NA,NA,1,NA
1875-08-10,NA,NA,NA,NA,NA,NA,NA,NA,NA,NA,NA,11.5,27.22,NA,NA,NA
1875-08-10 09:00:00,21.11,NA,90,14.9,NA,992.08,NA,NA,16.17,NA,20.28,NA,NA,NA,0.45,",skc,skc"
1875-08-10 15:00:00,NA,NA,NA,NA,NA,NA,NA,NA,13.33,NA,15.11,NA,NA,NA,NA,",skc,skc"
1875-08-10 21:00:00,21.11,NA,0,14.19,NA,991.81,NA,NA,13.5,NA,15.06,NA,NA,NA,16,NA
1875-08-11,NA,NA,NA,NA,NA,NA,NA,NA,NA,NA,NA,7.22,27.22,NA,NA,NA
1875-08-11 09:00:00,20,NA,45,12.39,NA,992.62,NA,NA,14.72,NA,19.94,NA,NA,NA,2.5,",skc,skc"
1875-08-11 15:00:00,NA,NA,NA,NA,NA,NA,NA,NA,12.28,NA,14.5,NA,NA,NA,NA,",skc,skc"
1875-08-11 21:00:00,21.11,NA,0,12.39,NA,991.53,NA,NA,12.22,NA,14.44,NA,NA,NA,2,NA
1875-08-12,NA,NA,NA,NA,NA,NA,NA,NA,NA,NA,NA,7.17,27.22,NA,NA,NA
1875-08-12 09:00:00,18.89,NA,315,12.5,NA,991.23,NA,NA,14.78,NA,19.44,NA,NA,NA,1.34,",skc,skc"
1875-08-12 15:00:00,NA,NA,NA,NA,NA,NA,NA,NA,12.28,NA,13.94,NA,NA,NA,NA,",skc,skc"
1875-08-12 21:00:00,21.11,NA,0,12.8,NA,989.77,NA,NA,12.22,NA,13.89,NA,NA,NA,11,NA
1875-08-13,NA,NA,NA,NA,NA,NA,NA,NA,NA,NA,NA,8.83,26.67,NA,NA,NA
1875-08-13 09:00:00,19.44,NA,315,11.65,NA,988.69,10.92,NA,13.89,NA,18.89,NA,NA,NA,0.94,",ovc"
1875-08-13 15:00:00,NA,NA,NA,NA,NA,NA,NA,NA,15.39,NA,17.61,NA,NA,NA,NA,",ra"
1875-08-13 21:00:00,21.67,NA,0,15.14,NA,986.62,NA,NA,15.33,NA,17.5,NA,NA,NA,11,NA
1875-08-14,NA,NA,NA,NA,NA,NA,NA,NA,NA,NA,NA,7.17,21.39,NA,NA,NA
1875-08-14 09:00:00,21.11,NA,0,17.24,NA,985.3,11.43,NA,15.56,NA,16.28,NA,NA,NA,3.58,",ovc"
1875-08-14 15:00:00,NA,NA,NA,NA,NA,NA,NA,NA,12.83,NA,13.94,NA,NA,NA,NA,",skc"
1875-08-14 21:00:00,20,NA,315,13.78,NA,984.69,NA,NA,12.78,NA,13.89,NA,NA,NA,27,NA
1875-08-15,NA,NA,NA,NA,NA,NA,NA,NA,NA,NA,NA,12.72,18.33,NA,NA,NA
1875-08-15 09:00:00,NA,NA,0,NA,NA,NA,0.76,NA,NA,NA,NA,NA,NA,NA,4.92,NA
1875-08-15 21:00:00,NA,NA,0,NA,NA,NA,NA,NA,NA,NA,NA,NA,NA,NA,27,NA
1875-08-16,NA,NA,NA,NA,NA,NA,NA,NA,NA,NA,NA,11.11,23.22,NA,NA,NA
1875-08-16 09:00:00,17.22,NA,0,14.02,NA,990.45,NA,NA,12.39,NA,12.78,NA,NA,NA,6.26,",ra"
1875-08-16 15:00:00,NA,NA,NA,NA,NA,NA,NA,NA,13.67,NA,13.94,NA,NA,NA,NA,",bkn"
1875-08-16 21:00:00,19.44,NA,0,15.27,NA,993.16,NA,NA,13.33,NA,13.89,NA,NA,NA,16,NA
1875-08-17,NA,NA,NA,NA,NA,NA,NA,NA,NA,NA,NA,9.78,24.28,NA,NA,",parhel,"
1875-08-17 09:00:00,18.89,NA,0,15.07,NA,996.55,NA,NA,15.28,NA,18.33,NA,NA,NA,7.33,",skc"
1875-08-17 15:00:00,NA,NA,NA,NA,NA,NA,NA,NA,12.83,NA,13.94,NA,NA,NA,NA,",skc,skc"
1875-08-17 21:00:00,20,NA,0,13.85,NA,997.63,NA,NA,12.78,NA,13.89,NA,NA,NA,2,NA
1875-08-18,NA,NA,NA,NA,NA,NA,NA,NA,NA,NA,NA,7.44,23.61,NA,NA,NA
1875-08-18 09:00:00,18.33,NA,0,14.8,NA,997.53,NA,NA,14.89,NA,17.78,NA,NA,NA,0.27,",skc,skc"
1875-08-18 15:00:00,NA,NA,NA,NA,NA,NA,NA,NA,13.39,NA,15.06,NA,NA,NA,NA,",skc,skc"
1875-08-18 21:00:00,20,NA,270,13.92,NA,993.3,NA,NA,13.33,NA,15,NA,NA,NA,5,NA
1875-08-19,NA,NA,NA,NA,NA,NA,NA,NA,NA,NA,NA,9.94,28.61,NA,NA,NA
1875-08-19 09:00:00,20,NA,315,13.17,NA,989.91,NA,NA,15.56,NA,20.56,NA,NA,NA,4.02,",skc,skc"
1875-08-19 15:00:00,NA,NA,NA,NA,NA,NA,NA,NA,15.72,NA,18.5,NA,NA,NA,NA,",bkn"
1875-08-19 21:00:00,21.67,NA,0,15.48,NA,985.51,NA,NA,15.67,NA,18.39,NA,NA,NA,20,NA
1875-08-20,NA,NA,NA,NA,NA,NA,NA,NA,NA,NA,NA,3.61,17.94,NA,NA,NA
1875-08-20 09:00:00,19.44,NA,45,9.55,NA,993.7,NA,NA,9.83,NA,13.17,NA,NA,NA,9.3,",ovc,ovc"
1875-08-20 15:00:00,NA,NA,NA,NA,NA,NA,NA,NA,5.06,NA,6.22,NA,NA,NA,NA,",skc"
1875-08-20 21:00:00,16.67,NA,0,7.82,NA,997.77,NA,NA,5,NA,6.11,NA,NA,NA,1,NA
1875-08-21,NA,NA,NA,NA,NA,NA,NA,NA,NA,NA,NA,0.06,22.78,NA,NA,NA
1875-08-21 09:00:00,15,NA,180,8.06,NA,1001.32,NA,NA,8.89,NA,13.17,NA,NA,NA,3.35,",skc,skc"
1875-08-21 15:00:00,NA,NA,NA,NA,NA,NA,NA,NA,10.06,NA,12.28,NA,NA,NA,NA,",skc,skc"
1875-08-21 21:00:00,16.11,NA,180,14.22,NA,998.04,NA,NA,10,NA,12.22,NA,NA,NA,45,NA
1875-08-22,NA,NA,NA,NA,NA,NA,NA,NA,NA,NA,NA,5,25,NA,NA,NA
1875-08-22 09:00:00,NA,NA,180,NA,NA,NA,NA,NA,NA,NA,NA,NA,NA,NA,12.07,NA
1875-08-22 21:00:00,NA,NA,135,NA,NA,NA,NA,NA,NA,NA,NA,NA,NA,NA,21,NA
1875-08-23,NA,NA,NA,NA,NA,NA,NA,NA,NA,NA,NA,12.22,28.89,NA,NA,NA
1875-08-23 09:00:00,18.89,NA,180,14.93,NA,989.77,NA,NA,15.83,NA,19.44,NA,NA,NA,11.18,",skc"
1875-08-23 15:00:00,NA,NA,NA,NA,NA,NA,NA,NA,17.39,NA,19.61,NA,NA,NA,NA,",skc,skc"
1875-08-23 21:00:00,23.33,NA,135,17.88,NA,989.57,NA,NA,17.33,NA,19.5,NA,NA,NA,17,NA
1875-08-24,NA,NA,NA,NA,NA,NA,NA,NA,NA,NA,NA,13.56,21.67,NA,NA,NA
1875-08-24 09:00:00,21.11,NA,135,15.44,NA,988.93,2.54,NA,16.56,NA,20.56,NA,NA,NA,10.28,",ovc"
1875-08-24 15:00:00,NA,NA,NA,NA,NA,NA,NA,NA,16.17,NA,16.78,NA,NA,NA,NA,",ovc"
1875-08-24 21:00:00,20,NA,135,17.74,NA,988.72,NA,NA,16.11,NA,16.67,NA,NA,NA,50,NA
1875-08-25,NA,NA,NA,NA,NA,NA,NA,NA,NA,NA,NA,14.67,23.06,NA,NA,NA
1875-08-25 09:00:00,20.56,NA,90,19.1,NA,985.68,NA,NA,17.89,NA,19.11,NA,NA,NA,0.89,",ovc"
1875-08-25 15:00:00,NA,NA,NA,NA,NA,NA,NA,NA,17.89,NA,18.44,NA,NA,NA,NA,",ovc,ovc"
1875-08-25 21:00:00,21.67,NA,45,19.88,NA,979.82,NA,NA,17.83,NA,18.33,NA,NA,NA,20,NA
1875-08-26,NA,NA,NA,NA,NA,NA,NA,NA,NA,NA,NA,14.94,21.67,NA,NA,NA
1875-08-26 09:00:00,20.56,NA,180,16.46,NA,972.84,13.21,NA,16.72,NA,19.72,NA,NA,NA,10.51,",skc"
1875-08-26 15:00:00,NA,NA,NA,NA,NA,NA,NA,NA,15.17,NA,16.28,NA,NA,NA,NA,",skc"
1875-08-26 21:00:00,19.44,NA,180,16.19,NA,975.28,NA,NA,15.11,NA,16.17,NA,NA,NA,12,NA
1875-08-27,NA,NA,NA,NA,NA,NA,NA,NA,NA,NA,NA,13.28,25.28,NA,NA,NA
1875-08-27 09:00:00,20,NA,225,16.42,NA,982.46,4.32,NA,17.78,NA,20.39,NA,NA,NA,3.35,",skc,skc"
1875-08-27 15:00:00,NA,NA,NA,NA,NA,NA,NA,NA,18.39,NA,19,NA,NA,NA,NA,",ra"
1875-08-27 21:00:00,21.67,NA,135,20.49,NA,979.82,NA,NA,18.33,NA,18.89,NA,NA,NA,5,NA
1875-08-28,NA,NA,NA,NA,NA,NA,NA,NA,NA,NA,NA,11.28,19.44,NA,NA,NA
1875-08-28 09:00:00,20,NA,180,14.22,NA,977.35,NA,NA,14.33,NA,16.83,NA,NA,NA,15.2,",ovc"
1875-08-28 15:00:00,NA,NA,NA,NA,NA,NA,NA,NA,11,NA,12.72,NA,NA,NA,NA,",skc"
1875-08-28 21:00:00,18.33,NA,180,11.68,NA,978.67,NA,NA,10.94,NA,12.67,NA,NA,NA,32,NA
1875-08-29,NA,NA,NA,NA,NA,NA,NA,NA,NA,NA,NA,11.11,25.56,NA,NA,NA
1875-08-29 09:00:00,NA,NA,225,NA,NA,NA,1.02,NA,NA,NA,NA,NA,NA,NA,10.95,NA
1875-08-29 21:00:00,NA,NA,180,NA,NA,NA,NA,NA,NA,NA,NA,NA,NA,NA,16,NA
1875-08-30,NA,NA,NA,NA,NA,NA,NA,NA,NA,NA,NA,11.61,20.56,NA,NA,NA
1875-08-30 09:00:00,18.89,NA,315,11.55,NA,978.16,29.72,NA,10.56,NA,12,NA,NA,NA,8.49,",skc"
1875-08-30 15:00:00,NA,NA,NA,NA,NA,NA,NA,NA,10.61,NA,12.83,NA,NA,NA,NA,",skc,skc"
1875-08-30 21:00:00,18.33,NA,180,10.9,NA,979.75,NA,NA,10.56,NA,12.78,NA,NA,NA,15,NA
1875-08-31,NA,NA,NA,NA,NA,NA,NA,NA,NA,NA,NA,9.11,20,NA,NA,NA
1875-08-31 09:00:00,16.67,NA,270,9.58,NA,982.39,NA,NA,10.56,NA,14.44,NA,NA,NA,8.94,",skc,skc"
1875-08-31 15:00:00,NA,NA,NA,NA,NA,NA,NA,NA,10.61,NA,13.39,NA,NA,NA,NA,",ovc"
1875-08-31 21:00:00,17.78,NA,NA,10.46,NA,985.78,NA,NA,10.56,NA,13.33,NA,NA,NA,0,NA
1875-09-01,NA,NA,NA,NA,NA,NA,NA,NA,NA,NA,NA,9.67,22.22,NA,NA,",fg,"
1875-09-01 09:00:00,17.22,NA,NA,13.11,NA,990.35,NA,NA,12.67,NA,14.56,NA,NA,NA,0,",ovc"
1875-09-01 15:00:00,NA,NA,NA,NA,NA,NA,NA,NA,11.72,NA,12.83,NA,NA,NA,NA,",skc"
1875-09-01 21:00:00,17.22,NA,NA,12.77,NA,993.43,NA,NA,11.67,NA,12.78,NA,NA,NA,0,NA
1875-09-02,NA,NA,NA,NA,NA,NA,NA,NA,NA,NA,NA,6.61,20.28,NA,NA,NA
1875-09-02 09:00:00,16.67,NA,90,13.92,NA,993.02,4.06,NA,13.33,NA,15,NA,NA,NA,6.26,",ovc"
1875-09-02 15:00:00,NA,NA,NA,NA,NA,NA,NA,NA,13.56,NA,14.11,NA,NA,NA,NA,",ra"
1875-09-02 21:00:00,18.89,NA,45,14.97,NA,988.08,NA,NA,13.5,NA,14.06,NA,NA,NA,20,NA
1875-09-03,NA,NA,NA,NA,NA,NA,NA,NA,NA,NA,NA,14.11,20.83,NA,NA,NA
1875-09-03 09:00:00,17.78,NA,0,14.22,NA,984.97,NA,NA,13.33,NA,14.44,NA,NA,NA,2.1,",ovc"
1875-09-03 15:00:00,NA,NA,NA,NA,NA,NA,NA,NA,13.94,NA,15.06,NA,NA,NA,NA,",ovc,ovc"
1875-09-03 21:00:00,18.33,NA,180,14.9,NA,983.14,NA,NA,13.89,NA,15,NA,NA,NA,16,NA
1875-09-04,NA,NA,NA,NA,NA,NA,NA,NA,NA,NA,NA,10.22,23.06,NA,NA,NA
1875-09-04 09:00:00,18.89,NA,225,16.12,NA,978.4,NA,NA,-12.22,NA,18.22,NA,NA,NA,4.11,",bkn"
1875-09-04 15:00:00,NA,NA,NA,NA,NA,NA,NA,NA,11.72,NA,13.94,NA,NA,NA,NA,",skc,skc"
1875-09-04 21:00:00,18.89,NA,270,11.92,NA,980.77,NA,NA,11.67,NA,13.89,NA,NA,NA,11,NA
1875-09-05,NA,NA,NA,NA,NA,NA,NA,NA,NA,NA,NA,8.33,25,NA,NA,NA
1875-09-05 09:00:00,NA,NA,270,NA,NA,NA,NA,NA,NA,NA,NA,NA,NA,NA,4.6,NA
1875-09-05 21:00:00,NA,NA,90,NA,NA,NA,NA,NA,NA,NA,NA,NA,NA,NA,1,NA
1875-09-06,NA,NA,NA,NA,NA,NA,NA,NA,NA,NA,NA,7.83,28.22,NA,NA,NA
1875-09-06 09:00:00,18.33,NA,180,15.14,NA,989.71,NA,NA,15.06,NA,17.5,NA,NA,NA,1.79,",skc,skc"
1875-09-06 15:00:00,NA,NA,NA,NA,NA,NA,NA,NA,19.17,NA,21.06,NA,NA,NA,NA,",skc,skc"
1875-09-06 21:00:00,22.22,NA,180,20.49,NA,983.61,NA,NA,18,NA,20.94,NA,NA,NA,19,NA
1875-09-07,NA,NA,NA,NA,NA,NA,NA,NA,NA,NA,NA,11.06,22.22,NA,NA,NA
1875-09-07 09:00:00,21.67,NA,315,16.25,NA,985.07,NA,NA,16.33,NA,19.06,NA,NA,NA,7.6,",skc,skc"
1875-09-07 15:00:00,NA,NA,NA,NA,NA,NA,NA,NA,12.83,NA,13.94,NA,NA,NA,NA,",skc,skc"
1875-09-07 21:00:00,20.56,NA,45,13.82,NA,989.5,NA,NA,11.67,NA,13.89,NA,NA,NA,27,NA
1875-09-08,NA,NA,NA,NA,NA,NA,NA,NA,NA,NA,NA,8.06,16.39,NA,NA,NA
1875-09-08 09:00:00,17.78,NA,135,13.78,NA,985.78,1.27,NA,12.5,NA,13.33,NA,NA,NA,3.58,",ovc"
1875-09-08 15:00:00,NA,NA,NA,NA,NA,NA,NA,NA,10.67,NA,11.17,NA,NA,NA,NA,",skc"
1875-09-08 21:00:00,18.33,NA,315,12.39,NA,988.52,NA,NA,10.56,NA,11.11,NA,NA,NA,40,NA
1875-09-09,NA,NA,NA,NA,NA,NA,NA,NA,NA,NA,NA,0.5,14.44,NA,NA,NA
1875-09-09 09:00:00,16.67,NA,0,9.72,NA,1000.27,NA,NA,7.78,NA,8.89,NA,NA,NA,8.31,",skc"
1875-09-09 15:00:00,NA,NA,NA,NA,NA,NA,NA,NA,-1,NA,0.11,NA,NA,NA,NA,",skc,skc"
1875-09-09 21:00:00,13.89,NA,315,4.94,NA,1006.23,NA,NA,-1.11,NA,0,NA,NA,NA,5,NA
1875-09-10,NA,NA,NA,NA,NA,NA,NA,NA,NA,NA,NA,-1,19.17,NA,NA,NA
1875-09-10 09:00:00,12.22,NA,180,7.62,NA,1007.72,0.51,NA,6.17,NA,8.5,NA,NA,NA,6.93,",skc,skc"
1875-09-10 15:00:00,NA,NA,NA,NA,NA,NA,NA,NA,7.89,NA,10.06,NA,NA,NA,NA,",skc"
1875-09-10 21:00:00,14.44,NA,135,8.7,NA,998.51,NA,NA,7.78,NA,10,NA,NA,NA,45,NA
1875-09-11,NA,NA,NA,NA,NA,NA,NA,NA,NA,NA,NA,6.78,19,NA,NA,NA
1875-09-11 09:00:00,13.89,NA,180,10.53,NA,987.06,NA,NA,10,NA,12.28,NA,NA,NA,14.3,",ovc"
1875-09-11 15:00:00,NA,NA,NA,NA,NA,NA,NA,NA,7.89,NA,10.06,NA,NA,NA,NA,",skc"
1875-09-11 21:00:00,15,NA,225,8.87,NA,985.98,NA,NA,7.78,NA,10,NA,NA,NA,45,NA
1875-09-12,NA,NA,NA,NA,NA,NA,NA,NA,NA,NA,NA,4.06,16.83,NA,NA,NA
1875-09-12 09:00:00,NA,NA,315,NA,NA,NA,NA,NA,NA,NA,NA,NA,NA,NA,4.51,NA
1875-09-12 21:00:00,NA,NA,90,NA,NA,NA,NA,NA,NA,NA,NA,NA,NA,NA,16,NA
1875-09-13,NA,NA,NA,NA,NA,NA,NA,NA,NA,NA,NA,8.11,23.06,NA,NA,NA
1875-09-13 09:00:00,16.11,NA,315,11.11,NA,995.4,0.51,NA,11.67,NA,17.22,NA,NA,NA,7.73,",bkn"
1875-09-13 15:00:00,NA,NA,NA,NA,NA,NA,NA,NA,15.44,NA,16.78,NA,NA,NA,NA,",bkn"
1875-09-13 21:00:00,19.44,NA,180,16.32,NA,995.94,NA,NA,15.39,NA,16.67,NA,NA,NA,11,NA
1875-09-14,NA,NA,NA,NA,NA,NA,NA,NA,NA,NA,NA,11.61,20.56,NA,NA,NA
1875-09-14 09:00:00,18.33,NA,225,15.95,NA,998.14,NA,NA,14.44,NA,15,NA,NA,NA,0.45,",ovc,ovc"
1875-09-14 15:00:00,NA,NA,NA,NA,NA,NA,NA,NA,12.28,NA,12.83,NA,NA,NA,NA,",ovc,ovc"
1875-09-14 21:00:00,18.33,NA,180,13.71,NA,997.29,NA,NA,12.22,NA,12.78,NA,NA,NA,1,NA
1875-09-15,NA,NA,NA,NA,NA,NA,NA,NA,NA,NA,NA,6.06,6.39,NA,NA,NA
1875-09-15 09:00:00,18.33,NA,45,13.85,NA,994.58,1.02,NA,12.28,NA,12.78,NA,NA,NA,0.67,",ra"
1875-09-15 15:00:00,NA,NA,NA,NA,NA,NA,NA,NA,7.61,NA,7.89,NA,NA,NA,NA,",ra"
1875-09-15 21:00:00,16.67,NA,0,10.19,NA,999.19,NA,NA,7.5,NA,7.78,NA,NA,NA,16,NA
1875-09-16,NA,NA,NA,NA,NA,NA,NA,NA,NA,NA,NA,0,10.56,NA,NA,NA
1875-09-16 09:00:00,13.89,NA,45,7.48,NA,1002.51,NA,NA,3.94,NA,4.83,NA,NA,NA,4.69,",skc"
1875-09-16 15:00:00,NA,NA,NA,NA,NA,NA,NA,NA,0.44,NA,0.72,NA,NA,NA,NA,",skc,skc"
1875-09-16 21:00:00,12.78,NA,0,6.33,NA,1001.49,NA,NA,0.39,NA,0.61,NA,NA,NA,5,NA
1875-09-17,NA,NA,NA,NA,NA,NA,NA,NA,NA,NA,NA,-2.78,13.17,NA,NA,NA
1875-09-17 09:00:00,11.67,NA,180,7.18,NA,995.46,0.25,NA,5.56,NA,8.06,NA,NA,NA,8.49,",ovc"
1875-09-17 15:00:00,NA,NA,NA,NA,NA,NA,NA,NA,7.83,NA,12.28,NA,NA,NA,NA,",ra"
1875-09-17 21:00:00,12.78,NA,225,7.01,NA,985.1,NA,NA,7.78,NA,12.22,NA,NA,NA,11,NA
1875-09-18,NA,NA,NA,NA,NA,NA,NA,NA,NA,NA,NA,3.39,11.11,NA,NA,NA
1875-09-18 09:00:00,13.89,NA,0,7.52,NA,988.49,0.76,NA,6.11,NA,8.61,NA,NA,NA,10.73,",ovc"
1875-09-18 15:00:00,NA,NA,NA,NA,NA,NA,NA,NA,3.44,NA,3.94,NA,NA,NA,NA,",skc"
1875-09-18 21:00:00,12.22,NA,315,7.48,NA,990.18,NA,NA,3.33,NA,3.89,NA,NA,NA,21,NA
1875-09-19,NA,NA,NA,NA,NA,NA,NA,NA,NA,NA,NA,2.22,9.44,NA,NA,NA
1875-09-19 09:00:00,NA,NA,315,NA,NA,NA,NA,NA,NA,NA,NA,NA,NA,NA,10.73,NA
1875-09-19 21:00:00,NA,NA,45,NA,NA,NA,NA,NA,NA,NA,NA,NA,NA,NA,34,NA
1875-09-20,NA,NA,NA,NA,NA,NA,NA,NA,NA,NA,NA,1.11,9.22,NA,NA,NA
1875-09-20 09:00:00,12.78,NA,45,5.11,NA,1002.88,NA,NA,2.89,NA,5.94,NA,NA,NA,3.44,",skc"
1875-09-20 15:00:00,NA,NA,NA,NA,NA,NA,NA,NA,1.17,NA,1.78,NA,NA,NA,NA,",ovc,ovc"
1875-09-20 21:00:00,12.78,NA,45,6.2,NA,1000.81,NA,NA,1.11,NA,1.67,NA,NA,NA,2,NA
1875-09-21,NA,NA,NA,NA,NA,NA,NA,NA,NA,NA,NA,1.39,15.28,NA,NA,NA
1875-09-21 09:00:00,11.11,NA,180,6.6,NA,996.51,NA,NA,5,NA,7.61,NA,NA,NA,6.71,",skc"
1875-09-21 15:00:00,NA,NA,NA,NA,NA,NA,NA,NA,6.89,NA,9.67,NA,NA,NA,NA,",ovc"
1875-09-21 21:00:00,12.78,NA,180,7.69,NA,985.91,NA,NA,7.89,NA,9.56,NA,NA,NA,21,NA
1875-09-22,NA,NA,NA,NA,NA,NA,NA,NA,NA,NA,NA,6.06,24.44,NA,NA,NA
1875-09-22 09:00:00,12.78,NA,180,8.84,NA,981.1,NA,NA,8.33,NA,11.11,NA,NA,NA,5.59,",skc"
1875-09-22 15:00:00,NA,NA,NA,NA,NA,NA,NA,NA,12.72,NA,15.72,NA,NA,NA,NA,",skc,skc"
1875-09-22 21:00:00,17.78,NA,180,11.99,NA,979.21,NA,NA,12.67,NA,15.67,NA,NA,NA,45,NA
1875-09-23,NA,NA,NA,NA,NA,NA,NA,NA,NA,NA,NA,5.5,30.56,NA,NA,NA
1875-09-23 09:00:00,16.67,NA,180,11.41,NA,976.4,NA,NA,13.33,NA,18.06,NA,NA,NA,12.29,",skc,skc"
1875-09-23 15:00:00,NA,NA,NA,NA,NA,NA,NA,NA,7.83,NA,10.61,NA,NA,NA,NA,",skc,skc"
1875-09-23 21:00:00,15.56,NA,0,8.4,NA,984.22,NA,NA,7.78,NA,10.56,NA,NA,NA,18,NA
1875-09-24,NA,NA,NA,NA,NA,NA,NA,NA,NA,NA,NA,0.56,12.78,NA,NA,NA
1875-09-24 09:00:00,15,NA,315,7.31,NA,993.97,NA,NA,7.22,NA,10.83,NA,NA,NA,12.07,",skc"
1875-09-24 15:00:00,NA,NA,NA,NA,NA,NA,NA,NA,2.33,NA,3.72,NA,NA,NA,NA,",skc,skc"
1875-09-24 21:00:00,13.89,315,315,6.37,NA,995.87,NA,NA,2.22,NA,3.61,NA,NA,NA,2,NA
1875-09-25,NA,NA,NA,NA,NA,NA,NA,NA,NA,NA,NA,-0.89,19.56,NA,NA,NA
1875-09-25 09:00:00,12.22,NA,180,7.45,NA,993.23,NA,NA,6.17,NA,8.72,NA,NA,NA,4.47,",bkn"
1875-09-25 15:00:00,NA,NA,NA,NA,NA,NA,NA,NA,5.11,NA,7.33,NA,NA,NA,NA,",skc,skc"
1875-09-25 21:00:00,13.33,NA,315,7.01,NA,987.74,NA,NA,5,NA,7.22,NA,NA,NA,27,NA
1875-09-26,NA,NA,NA,NA,NA,NA,NA,NA,NA,NA,NA,2.22,22.89,NA,NA,NA
1875-09-26 09:00:00,NA,NA,270,NA,NA,NA,0.76,NA,NA,NA,NA,NA,NA,NA,1.88,NA
1875-09-26 21:00:00,NA,NA,315,NA,NA,NA,NA,NA,NA,NA,NA,NA,NA,NA,11,NA
1875-09-27,NA,NA,NA,NA,NA,NA,NA,NA,NA,NA,NA,5.56,13.89,NA,NA,NA
1875-09-27 09:00:00,14.44,NA,0,7.69,NA,990.62,NA,NA,5,NA,6.28,NA,NA,NA,5.14,",skc,skc"
1875-09-27 15:00:00,NA,NA,NA,NA,NA,NA,NA,NA,4.83,NA,6.44,NA,NA,NA,NA,",ovc"
1875-09-27 21:00:00,14.44,NA,90,7.35,NA,991.06,NA,NA,4.78,NA,6.33,NA,NA,NA,45,NA
1875-09-28,NA,NA,NA,NA,NA,NA,NA,NA,NA,NA,NA,1.94,8.33,NA,NA,NA
1875-09-28 09:00:00,13.33,NA,135,8.84,NA,989.84,3.81,NA,5.94,NA,6.5,NA,NA,NA,4.92,",ra"
1875-09-28 15:00:00,NA,NA,NA,NA,NA,NA,NA,NA,7.33,NA,7.33,NA,NA,NA,NA,",ovc"
1875-09-28 21:00:00,13.33,NA,0,10.19,NA,992.21,NA,NA,7.22,NA,7.22,NA,NA,NA,5,NA
1875-09-29,NA,NA,NA,NA,NA,NA,NA,NA,NA,NA,NA,5,11.11,NA,NA,NA
1875-09-29 09:00:00,12.22,NA,0,10.13,NA,990.93,NA,NA,7.61,NA,8.06,NA,NA,NA,0.76,",ovc"
1875-09-29 15:00:00,NA,NA,NA,NA,NA,NA,NA,NA,6.22,NA,6.78,NA,NA,NA,NA,",ovc,ovc"
1875-09-29 21:00:00,12.78,135,0,9.01,NA,988.83,NA,NA,6.11,NA,6.67,NA,NA,NA,5,NA
1875-09-30,NA,NA,NA,NA,NA,NA,NA,NA,NA,NA,NA,-1.67,11.67,NA,NA,NA
1875-09-30 09:00:00,13.33,NA,0,8.87,NA,989.57,NA,NA,6.44,NA,7.11,NA,NA,NA,5.81,",ra"
1875-09-30 15:00:00,NA,NA,NA,NA,NA,NA,NA,NA,2.06,NA,3.11,NA,NA,NA,NA,",skc"
1875-09-30 21:00:00,12.22,NA,315,6.3,NA,994.18,NA,NA,1.94,NA,3.06,NA,NA,NA,11,NA
1875-10-01,NA,NA,NA,NA,NA,NA,0,0,NA,NA,NA,-4.44,7.83,NA,NA,NA
1875-10-01 09:00:00,11.11,NA,225,4.27,NA,993.91,0,NA,-0.83,NA,1.28,NA,NA,NA,1.12,",skc,skc"
1875-10-01 15:00:00,NA,NA,NA,NA,NA,NA,NA,NA,2.33,NA,2.89,NA,NA,NA,NA,",ovc"
1875-10-01 21:00:00,10.56,225,135,6.81,NA,985.44,NA,NA,2.22,NA,2.78,NA,NA,NA,14,NA
1875-10-02,NA,NA,NA,NA,NA,NA,0,0,NA,NA,NA,2.78,8.89,NA,NA,",ra,"
1875-10-02 09:00:00,10.56,270,90,8.3,NA,978.12,0,NA,5.44,NA,6.39,NA,NA,NA,7.15,",bkn"
1875-10-02 15:00:00,NA,NA,NA,NA,NA,NA,NA,NA,6.78,NA,5.11,NA,NA,NA,NA,",ovc,ovc"
1875-10-02 21:00:00,10.56,270,45,7.99,NA,987.4,NA,NA,4.44,NA,5,NA,NA,NA,45,NA
1875-10-03,NA,NA,NA,NA,NA,NA,0,0,NA,NA,NA,-3.06,4.17,NA,NA,",sn,"
1875-10-03 09:00:00,NA,NA,0,NA,NA,NA,0,NA,NA,NA,NA,NA,NA,NA,9.39,NA
1875-10-03 15:00:00,NA,NA,NA,NA,NA,NA,NA,NA,NA,NA,NA,NA,NA,NA,NA,NA
1875-10-03 21:00:00,NA,0,0,NA,NA,NA,NA,NA,NA,NA,NA,NA,NA,NA,5,NA
1875-10-04,NA,NA,NA,NA,NA,NA,0.279,2.79,NA,NA,NA,-1.44,5.89,NA,NA,",sn,"
1875-10-04 09:00:00,13.89,NA,180,5.11,NA,998.85,0,NA,-1.11,NA,-0.28,NA,NA,NA,3.13,",ovc"
1875-10-04 15:00:00,NA,NA,NA,NA,NA,NA,NA,NA,-0.17,NA,0.11,NA,NA,NA,NA,",skc"
1875-10-04 21:00:00,11.11,NA,NA,5.86,NA,997.29,NA,NA,-0.28,NA,0,NA,NA,NA,11,NA
1875-10-05,NA,NA,NA,NA,NA,NA,0,0,NA,NA,NA,-2.28,6.44,NA,NA,",au,"
1875-10-05 09:00:00,13.33,315,180,4.94,NA,998.31,1.27,NA,0.11,NA,1.67,NA,NA,NA,7.15,",ovc"
1875-10-05 15:00:00,NA,NA,NA,NA,NA,NA,NA,NA,2.28,NA,3.44,NA,NA,NA,NA,",ovc,ovc"
1875-10-05 21:00:00,12.78,45,180,6.3,NA,992.62,NA,NA,2.22,NA,3.33,NA,NA,NA,19,NA
1875-10-06,NA,NA,NA,NA,NA,NA,0,0,NA,NA,NA,0.83,7.28,NA,NA,",ra,"
1875-10-06 09:00:00,10,0,270,6.16,NA,987.61,0,NA,1.67,NA,2.61,NA,NA,NA,7.6,",skc"
1875-10-06 15:00:00,NA,NA,NA,NA,NA,NA,NA,NA,2.44,NA,4,NA,NA,NA,NA,",bkn"
1875-10-06 21:00:00,10.56,45,270,6.03,NA,987.54,NA,NA,2.39,NA,3.89,NA,NA,NA,27,NA
1875-10-07,NA,NA,NA,NA,NA,NA,0,0,NA,NA,NA,-2.22,5.61,NA,NA,NA
1875-10-07 09:00:00,12.78,45,0,3.18,NA,993.16,0,NA,3.5,NA,1.11,NA,NA,NA,11.18,",bkn"
1875-10-07 15:00:00,NA,NA,NA,NA,NA,NA,NA,NA,-0.17,NA,0.11,NA,NA,NA,NA,",skc"
1875-10-07 21:00:00,17.78,NA,0,5.89,NA,999.19,NA,NA,-0.28,NA,0,NA,NA,NA,40,NA
1875-10-08,NA,NA,NA,NA,NA,NA,2.54,25.4,NA,NA,NA,-3.61,6.17,NA,NA,",sn,"
1875-10-08 09:00:00,16.11,NA,225,5.22,NA,1001.96,6.86,NA,-0.72,NA,0.28,NA,NA,NA,2.01,",ovc"
1875-10-08 15:00:00,NA,NA,NA,NA,NA,NA,NA,NA,0.67,NA,0.67,NA,NA,NA,NA,",sn"
1875-10-08 21:00:00,19.44,315,225,6.43,NA,989.98,NA,NA,0.56,NA,0.56,NA,NA,NA,27,NA
1875-10-09,NA,NA,NA,NA,NA,NA,0,0,NA,NA,NA,-3.61,6,NA,NA,",sn,"
1875-10-09 09:00:00,17.22,NA,0,6.06,NA,993.77,0,NA,0.44,NA,0.83,NA,NA,NA,8.05,",ovc"
1875-10-09 15:00:00,NA,NA,NA,NA,NA,NA,NA,NA,-1.83,NA,-1.56,NA,NA,NA,NA,",ovc"
1875-10-09 21:00:00,13.33,180,0,5.22,NA,995.6,NA,NA,-1.94,NA,-1.67,NA,NA,NA,16,NA
1875-10-10,NA,NA,NA,NA,NA,NA,0,0,NA,NA,NA,-3.61,-0.28,NA,NA,NA
1875-10-10 09:00:00,NA,NA,0,NA,NA,NA,0,NA,NA,NA,NA,NA,NA,NA,9.39,NA
1875-10-10 15:00:00,NA,NA,NA,NA,NA,NA,NA,NA,NA,NA,NA,NA,NA,NA,NA,NA
1875-10-10 21:00:00,NA,NA,315,NA,NA,NA,NA,NA,NA,NA,NA,NA,NA,NA,15,NA
1875-10-11,NA,NA,NA,NA,NA,NA,0,0,NA,NA,NA,-3.67,2.78,NA,NA,",halo,"
1875-10-11 09:00:00,16.67,NA,225,3.62,NA,1005.05,0,NA,-3.33,NA,-1.61,NA,NA,NA,2.68,",ovc,ovc"
1875-10-11 15:00:00,NA,NA,NA,NA,NA,NA,NA,NA,-1.56,NA,0.11,NA,NA,NA,NA,",skc"
1875-10-11 21:00:00,13.89,NA,225,4.3,NA,996,NA,NA,-1.67,NA,0,NA,NA,NA,22,NA
1875-10-12,NA,NA,NA,NA,NA,NA,0,0,NA,NA,NA,-1.17,8.94,NA,NA,",halo,"
1875-10-12 09:00:00,11.11,0,180,4.64,NA,988.08,0,NA,0.94,NA,3.33,NA,NA,NA,10.82,",ovc"
1875-10-12 15:00:00,NA,NA,NA,NA,NA,NA,NA,NA,2.28,NA,2.89,NA,NA,NA,NA,",bkn"
1875-10-12 21:00:00,16.67,0,180,6.74,NA,990.11,NA,NA,2.22,NA,2.78,NA,NA,NA,5,NA
1875-10-13,NA,NA,NA,NA,NA,NA,0.305,3.05,NA,NA,NA,-1.17,13.89,NA,NA,",sn,"
1875-10-13 09:00:00,13.33,NA,135,7.99,NA,976.77,0,NA,5.28,NA,6.39,NA,NA,NA,11.09,",skc"
1875-10-13 15:00:00,NA,NA,NA,NA,NA,NA,NA,NA,4.5,NA,5.11,NA,NA,NA,NA,",sn"
1875-10-13 21:00:00,18.89,45,135,7.96,NA,977.85,NA,NA,4.5,NA,5,NA,NA,NA,31,NA
1875-10-14,NA,NA,NA,NA,NA,NA,0,0,NA,NA,NA,-3.61,2.89,NA,NA,NA
1875-10-14 09:00:00,17.22,180,0,4.37,NA,992.35,0,NA,-2.39,NA,-1.28,NA,NA,NA,11.35,",skc"
1875-10-14 15:00:00,NA,NA,NA,NA,NA,NA,NA,NA,-1.11,NA,-0.44,NA,NA,NA,NA,",ovc,ovc"
1875-10-14 21:00:00,16.11,90,0,5.18,NA,992.42,NA,NA,-1.22,NA,-0.56,NA,NA,NA,2,NA
1875-10-15,NA,NA,NA,NA,NA,NA,0,0,NA,NA,NA,-0.72,7.22,NA,NA,NA
1875-10-15 09:00:00,18.33,135,180,4.47,NA,993.23,0,NA,-0.22,NA,2.11,NA,NA,NA,7.82,",ovc,ovc"
1875-10-15 15:00:00,NA,NA,NA,NA,NA,NA,NA,NA,2.83,NA,4.56,NA,NA,NA,NA,",skc"
1875-10-15 21:00:00,12.78,NA,180,6.13,NA,987.95,NA,NA,2.78,NA,4.44,NA,NA,NA,20,NA
1875-10-16,NA,NA,NA,NA,NA,NA,0,0,NA,NA,NA,1.28,17.94,NA,NA,NA
1875-10-16 09:00:00,13.89,NA,180,7.15,NA,976.63,0,NA,5.28,NA,7.5,NA,NA,NA,8.27,",skc"
1875-10-16 15:00:00,NA,NA,NA,NA,NA,NA,NA,NA,0.06,NA,2.33,NA,NA,NA,NA,",skc"
1875-10-16 21:00:00,13.33,NA,180,4.37,NA,986.39,NA,NA,0,NA,2.22,NA,NA,NA,29,NA
1875-10-17,NA,NA,NA,NA,NA,NA,0,0,NA,NA,NA,-1.94,5,NA,NA,NA
1875-10-17 09:00:00,NA,NA,0,NA,NA,NA,0,NA,NA,NA,NA,NA,NA,NA,10.06,NA
1875-10-17 15:00:00,NA,NA,NA,NA,NA,NA,NA,NA,NA,NA,NA,NA,NA,NA,NA,NA
1875-10-17 21:00:00,NA,180,180,NA,NA,NA,NA,NA,NA,NA,NA,NA,NA,NA,16,NA
1875-10-18,NA,NA,NA,NA,NA,NA,0,0,NA,NA,NA,-1.44,19.44,NA,NA,",fu,"
1875-10-18 09:00:00,9.44,NA,180,5.15,NA,992.55,0,NA,1.67,NA,3.89,NA,NA,NA,6.88,",skc,skc"
1875-10-18 15:00:00,NA,NA,NA,NA,NA,NA,NA,NA,10.11,NA,12.28,NA,NA,NA,NA,",skc"
1875-10-18 21:00:00,15,NA,180,10.6,NA,985.37,NA,NA,10,NA,12.22,NA,NA,NA,32,NA
1875-10-19,NA,NA,NA,NA,NA,NA,0,0,NA,NA,NA,5.78,19.44,NA,NA,",fu,"
1875-10-19 09:00:00,18.89,NA,270,7.86,NA,984.9,0,NA,7.22,NA,10.17,NA,NA,NA,4.92,",skc"
1875-10-19 15:00:00,NA,NA,NA,NA,NA,NA,NA,NA,6.28,NA,8.06,NA,NA,NA,NA,",skc"
1875-10-19 21:00:00,17.22,NA,270,8.06,NA,985.37,NA,NA,6.17,NA,7.94,NA,NA,NA,5,NA
1875-10-20,NA,NA,NA,NA,NA,NA,0,0,NA,NA,NA,2.78,23.89,NA,NA,",fu,"
1875-10-20 09:00:00,18.89,NA,180,8.5,NA,983.48,0,NA,6.67,NA,8.33,NA,NA,NA,4.02,",skc"
1875-10-20 15:00:00,NA,NA,NA,NA,NA,NA,NA,NA,8.83,NA,12.28,NA,NA,NA,NA,",bkn"
1875-10-20 21:00:00,18.89,NA,180,8.53,NA,985.3,NA,NA,8.72,NA,12.22,NA,NA,NA,16,NA
1875-10-21,NA,NA,NA,NA,NA,NA,0,0,NA,NA,NA,4.06,25,NA,NA,",du,"
1875-10-21 09:00:00,18.33,NA,180,8.94,NA,985.3,0,NA,8.17,NA,10,NA,NA,NA,5.81,",skc"
1875-10-21 15:00:00,NA,NA,NA,NA,NA,NA,NA,NA,12.28,NA,17.33,NA,NA,NA,NA,",skc"
1875-10-21 21:00:00,20,NA,180,10.06,NA,977.79,NA,NA,12.22,NA,17.22,NA,NA,NA,17,NA
1875-10-22,NA,NA,NA,NA,NA,NA,0,0,NA,NA,NA,2.89,17.06,NA,NA,",du,"
1875-10-22 09:00:00,17.78,NA,315,9.89,NA,977.92,0,NA,9.28,NA,11.67,NA,NA,NA,5.72,",skc,skc"
1875-10-22 15:00:00,NA,NA,NA,NA,NA,NA,NA,NA,6.22,NA,7.33,NA,NA,NA,NA,",bkn"
1875-10-22 21:00:00,16.67,45,315,8.57,NA,984.22,NA,NA,6.11,NA,7.22,NA,NA,NA,11,NA
1875-10-23,NA,NA,NA,NA,NA,NA,0,0,NA,NA,NA,-2.61,9.28,NA,NA,",fu,"
1875-10-23 09:00:00,14.44,NA,0,4.98,NA,986.93,0,NA,0.94,NA,2.94,NA,NA,NA,3.35,",bkn"
1875-10-23 15:00:00,NA,NA,NA,NA,NA,NA,NA,NA,0.89,NA,2.33,NA,NA,NA,NA,",ovc"
1875-10-23 21:00:00,13.33,NA,315,5.45,NA,986.39,NA,NA,0.83,NA,2.22,NA,NA,NA,5,NA
1875-10-24,NA,NA,NA,NA,NA,NA,0,0,NA,NA,NA,-0.17,5.56,NA,NA,NA
1875-10-24 09:00:00,NA,NA,45,NA,NA,NA,0,NA,NA,NA,NA,NA,NA,NA,3.8,NA
1875-10-24 15:00:00,NA,NA,NA,NA,NA,NA,NA,NA,NA,NA,NA,NA,NA,NA,NA,NA
1875-10-24 21:00:00,NA,NA,45,NA,NA,NA,NA,NA,NA,NA,NA,NA,NA,NA,14,NA
1875-10-25,NA,NA,NA,NA,NA,NA,16.51,165.1,NA,NA,NA,-2.83,2.22,NA,NA,",sn,"
1875-10-25 09:00:00,15.56,NA,45,5.49,NA,990.93,0,NA,-1.67,NA,-1.67,NA,NA,NA,8.18,",ovc"
1875-10-25 15:00:00,NA,NA,NA,NA,NA,NA,NA,NA,-1.83,NA,-1.56,NA,NA,NA,NA,",sn"
1875-10-25 21:00:00,13.89,NA,45,5.18,NA,988.55,NA,NA,-1.94,NA,-1.67,NA,NA,NA,13,NA
1875-10-26,NA,NA,NA,NA,NA,NA,0,0,NA,NA,NA,-10.89,2.22,NA,NA,NA
1875-10-26 09:00:00,13.89,NA,0,4.1,NA,984.42,0,NA,-4.44,NA,-4.06,NA,NA,NA,11.4,",skc"
1875-10-26 15:00:00,NA,NA,NA,NA,NA,NA,NA,NA,-7.67,NA,-7.67,NA,NA,NA,NA,",skc"
1875-10-26 21:00:00,18.33,NA,0,3.35,NA,987.47,NA,NA,-7.78,NA,-7.78,NA,NA,NA,5,NA
1875-10-27,NA,NA,NA,NA,NA,NA,0,0,NA,NA,NA,-12.17,0.56,NA,NA,",sn,"
1875-10-27 09:00:00,17.78,NA,135,3.15,NA,986.56,0,NA,-7.22,NA,-6.67,NA,NA,NA,5.81,",ovc"
1875-10-27 15:00:00,NA,NA,NA,NA,NA,NA,NA,NA,-2.11,NA,-1.72,NA,NA,NA,NA,",sn"
1875-10-27 21:00:00,15,45,135,4.98,NA,979.34,NA,NA,-2.22,NA,-1.83,NA,NA,NA,20,NA
1875-10-28,NA,NA,NA,NA,NA,NA,7.62,76.2,NA,NA,NA,-3.61,8.33,NA,NA,",sn,"
1875-10-28 09:00:00,12.78,NA,180,5.25,NA,975.28,0,NA,0,NA,1.17,NA,NA,NA,9.83,",ovc"
1875-10-28 15:00:00,NA,NA,NA,NA,NA,NA,NA,NA,-0.56,NA,-0.44,NA,NA,NA,NA,",ovc,ovc"
1875-10-28 21:00:00,18.33,NA,180,5.82,NA,984.63,NA,NA,-0.67,NA,-0.56,NA,NA,NA,15,NA
1875-10-29,NA,NA,NA,NA,NA,NA,0,0,NA,NA,NA,-6.67,0,NA,NA,NA
1875-10-29 09:00:00,16.67,NA,315,4.44,NA,992.21,0,NA,-2.22,NA,-1.11,NA,NA,NA,8.94,",ovc"
1875-10-29 15:00:00,NA,NA,NA,NA,NA,NA,NA,NA,-1.56,NA,-1.56,NA,NA,NA,NA,",ovc,ovc"
1875-10-29 21:00:00,16.67,NA,315,5.49,NA,996.55,NA,NA,-1.67,NA,-1.67,NA,NA,NA,23,NA
1875-10-30,NA,NA,NA,NA,NA,NA,0,0,NA,NA,NA,-11.83,-1.5,NA,NA,NA
1875-10-30 09:00:00,14.44,180,0,3.66,NA,999.8,0,NA,-5.56,NA,-5,NA,NA,NA,10.28,",ovc,ovc"
1875-10-30 15:00:00,NA,NA,NA,NA,NA,NA,NA,NA,-11.56,NA,-11.56,NA,NA,NA,NA,",skc"
1875-10-30 21:00:00,12.78,NA,0,2.44,NA,1000.41,NA,NA,-11.67,NA,-11.67,NA,NA,NA,0,NA
1875-10-31,NA,NA,NA,NA,NA,NA,0,0,NA,NA,NA,NA,NA,NA,NA,NA
1875-10-31 09:00:00,NA,NA,135,NA,NA,NA,0,NA,NA,NA,NA,NA,NA,NA,3.35,NA
1875-10-31 15:00:00,NA,NA,NA,NA,NA,NA,NA,NA,NA,NA,NA,NA,NA,NA,NA,NA
1875-10-31 21:00:00,NA,NA,90,NA,NA,NA,NA,NA,NA,NA,NA,NA,NA,NA,20,NA
1875-11-01,NA,NA,NA,NA,NA,NA,NA,NA,NA,NA,NA,-13.11,-1.11,NA,NA,NA
1875-11-01 09:00:00,17.22,NA,45,3.62,NA,992.35,NA,NA,-5,NA,-4.17,NA,NA,NA,6.71,",ovc,ovc"
1875-11-01 15:00:00,NA,NA,NA,NA,NA,NA,NA,NA,-9.89,NA,-9.89,NA,NA,NA,NA,",skc,skc"
1875-11-01 21:00:00,13.89,NA,90,2.81,NA,990.25,NA,NA,-10,NA,-10,NA,NA,NA,5,NA
1875-11-02,NA,NA,NA,NA,NA,NA,10.16,101.6,NA,NA,NA,-13.11,2.5,NA,NA,",sn,"
1875-11-02 09:00:00,15,NA,180,3.89,NA,982.8,NA,NA,-4.28,NA,-3.5,NA,NA,NA,11.18,",sn"
1875-11-02 15:00:00,NA,NA,NA,NA,NA,NA,NA,NA,-1,NA,-0.56,NA,NA,NA,NA,",ovc"
1875-11-02 21:00:00,15.56,NA,270,5.35,NA,981.38,NA,NA,-1.11,NA,-0.67,NA,NA,NA,11,NA
1875-11-03,NA,NA,NA,NA,NA,NA,NA,NA,NA,NA,NA,-15.89,0,NA,NA,NA
1875-11-03 09:00:00,16.67,NA,225,4.94,NA,986.79,NA,NA,-2.22,NA,-1.83,NA,NA,NA,7.6,",ovc,ovc"
1875-11-03 15:00:00,NA,NA,NA,NA,NA,NA,NA,NA,-11.56,NA,-11.56,NA,NA,NA,NA,",skc"
1875-11-03 21:00:00,15,NA,270,2.44,NA,990.11,NA,NA,-11.67,NA,-11.67,NA,NA,NA,14,NA
1875-11-04,NA,NA,NA,NA,NA,NA,NA,NA,NA,NA,NA,-19,-3.33,NA,NA,NA
1875-11-04 09:00:00,13.33,NA,180,1.93,NA,992.82,NA,NA,-14.44,NA,-14.44,NA,NA,NA,2.24,",skc,skc"
1875-11-04 15:00:00,NA,NA,NA,NA,NA,NA,NA,NA,-5.44,NA,-4.89,NA,NA,NA,NA,",skc"
1875-11-04 21:00:00,13.89,NA,180,3.66,NA,985.98,NA,NA,-5.56,NA,-5,NA,NA,NA,13,NA
1875-11-05,NA,NA,NA,NA,NA,NA,NA,NA,NA,NA,NA,-14.5,-0.56,NA,NA,",fg,"
1875-11-05 09:00:00,13.89,NA,270,2.81,NA,984.49,NA,NA,-10,NA,-10,NA,NA,NA,0.67,",skc,skc"
1875-11-05 15:00:00,NA,NA,NA,NA,NA,NA,NA,NA,-7.11,NA,-7.11,NA,NA,NA,NA,",skc"
1875-11-05 21:00:00,13.33,NA,135,3.52,NA,984.29,NA,NA,-7.22,NA,-7.22,NA,NA,NA,1,NA
1875-11-06,NA,NA,NA,NA,NA,NA,NA,NA,NA,NA,NA,-11.67,4.17,NA,NA,",au,"
1875-11-06 09:00:00,17.22,NA,135,2.91,NA,983.75,NA,NA,-6.67,NA,-5.56,NA,NA,NA,4.47,",skc,skc"
1875-11-06 15:00:00,NA,NA,NA,NA,NA,NA,NA,NA,0.67,NA,0.67,NA,NA,NA,NA,",bkn"
1875-11-06 21:00:00,15.56,NA,135,6.1,NA,980.36,NA,NA,0.56,NA,0.56,NA,NA,NA,18,NA
1875-11-07,NA,NA,NA,NA,NA,NA,NA,NA,NA,NA,NA,-2,8.94,NA,NA,",ra,"
1875-11-07 09:00:00,NA,NA,135,NA,NA,NA,2.03,NA,NA,NA,NA,NA,NA,NA,7.38,NA
1875-11-07 21:00:00,NA,NA,315,NA,NA,NA,NA,NA,NA,NA,NA,NA,NA,NA,26,NA
1875-11-08,NA,NA,NA,NA,NA,NA,NA,NA,NA,NA,NA,-11.39,-1.39,NA,NA,NA
1875-11-08 09:00:00,16.67,NA,270,2.88,NA,998.85,NA,NA,-8.89,NA,-8.61,NA,NA,NA,1.56,",skc"
1875-11-08 15:00:00,NA,NA,NA,NA,NA,NA,NA,NA,-7.67,NA,-6.83,NA,NA,NA,NA,",skc,skc"
1875-11-08 21:00:00,18.89,NA,180,2.74,NA,999.46,NA,NA,-7.78,NA,-6.94,NA,NA,NA,16,NA
1875-11-09,NA,NA,NA,NA,NA,NA,NA,NA,NA,NA,NA,-14.5,0,NA,NA,",sn,"
1875-11-09 09:00:00,12.22,NA,45,3.28,NA,996.41,NA,NA,-6.67,NA,-6.11,NA,NA,NA,0.67,",ovc"
1875-11-09 15:00:00,NA,NA,NA,NA,NA,NA,NA,NA,-3.78,NA,-3.78,NA,NA,NA,NA,",skc"
1875-11-09 21:00:00,12.78,NA,90,4.61,NA,988.96,NA,NA,-3.89,NA,-3.89,NA,NA,NA,16,NA
1875-11-10,NA,NA,NA,NA,NA,NA,NA,NA,NA,NA,NA,-5.56,3.89,NA,NA,",ra,"
1875-11-10 09:00:00,15.56,NA,180,4.37,NA,971.76,NA,NA,0,NA,2.22,NA,NA,NA,11.18,",sn"
1875-11-10 15:00:00,NA,NA,NA,NA,NA,NA,NA,NA,-3.22,NA,-2.67,NA,NA,NA,NA,",skc"
1875-11-10 21:00:00,14.44,NA,225,4.4,NA,978.06,NA,NA,-3.33,NA,-2.78,NA,NA,NA,16,NA
1875-11-11,NA,NA,NA,NA,NA,NA,NA,NA,NA,NA,NA,-11.72,3.89,NA,NA,",sn,"
1875-11-11 09:00:00,16.67,NA,180,5.59,NA,975.62,NA,NA,0,NA,0.72,NA,NA,NA,10.73,",sn"
1875-11-11 15:00:00,NA,NA,NA,NA,NA,NA,NA,NA,-9.89,NA,-9.33,NA,NA,NA,NA,",skc"
1875-11-11 21:00:00,9.44,NA,315,2.44,NA,985.78,NA,NA,-10,NA,-9.44,NA,NA,NA,31,NA
1875-11-12,NA,NA,NA,NA,NA,NA,0.635,6.35,NA,NA,NA,-15.89,-5.56,NA,NA,",sn,"
1875-11-12 09:00:00,11.67,NA,270,2,NA,994.04,NA,NA,-13.89,NA,-13.89,NA,NA,NA,6.26,",skc,skc"
1875-11-12 15:00:00,NA,NA,NA,NA,NA,NA,NA,NA,-8.5,NA,-8.22,NA,NA,NA,NA,",sn"
1875-11-12 21:00:00,13.33,90,225,2.95,NA,991.53,NA,NA,-8.61,NA,-8.33,NA,NA,NA,20,NA
1875-11-13,NA,NA,NA,NA,NA,NA,NA,NA,NA,NA,NA,-11.17,-3.89,NA,NA,",sn,"
1875-11-13 09:00:00,15.56,NA,45,2.88,NA,984.76,NA,NA,-8.89,NA,-8.61,NA,NA,NA,2.68,",ovc"
1875-11-13 15:00:00,NA,NA,NA,NA,NA,NA,NA,NA,-6.56,NA,-6,NA,NA,NA,NA,",ovc"
1875-11-13 21:00:00,15.56,45,45,3.28,NA,978.67,NA,NA,-6.67,NA,-6.11,NA,NA,NA,16,NA
1875-11-14,NA,NA,NA,NA,NA,NA,NA,NA,NA,NA,NA,-12.56,-5.56,NA,NA,NA
1875-11-14 09:00:00,NA,NA,0,NA,NA,NA,NA,NA,NA,NA,NA,NA,NA,NA,11.85,NA
1875-11-14 21:00:00,NA,NA,0,NA,NA,NA,NA,NA,NA,NA,NA,NA,NA,NA,24,NA
1875-11-15,NA,NA,NA,NA,NA,NA,NA,NA,NA,NA,NA,-12.56,-3.89,NA,NA,NA
1875-11-15 09:00:00,9.44,NA,315,2.88,NA,986.56,NA,NA,-8.89,NA,-8.89,NA,NA,NA,9.83,",ovc,ovc"
1875-11-15 15:00:00,NA,NA,NA,NA,NA,NA,NA,NA,-9.44,NA,-9.33,NA,NA,NA,NA,",ovc,ovc"
1875-11-15 21:00:00,11.67,0,315,2.84,NA,993.36,NA,NA,-9.56,NA,-9.44,NA,NA,NA,25,NA
1875-11-16,NA,NA,NA,NA,NA,NA,NA,NA,NA,NA,NA,-17.06,-6.94,NA,NA,NA
1875-11-16 09:00:00,13.33,NA,315,1.93,NA,1000.68,NA,NA,-14.44,NA,-14.44,NA,NA,NA,9.39,",ovc,ovc"
1875-11-16 15:00:00,NA,NA,NA,NA,NA,NA,NA,NA,-14.94,NA,-14.94,NA,NA,NA,NA,",ovc"
1875-11-16 21:00:00,10,NA,225,1.86,NA,999.46,NA,NA,-15,NA,-15,NA,NA,NA,34,NA
1875-11-17,NA,NA,NA,NA,NA,NA,5.08,50.8,NA,NA,NA,-12.56,-6.67,NA,NA,",sn,"
1875-11-17 09:00:00,10.56,NA,135,2.3,NA,987.54,NA,NA,-10.56,NA,-10,NA,NA,NA,10.28,",ovc,ovc"
1875-11-17 15:00:00,NA,NA,NA,NA,NA,NA,NA,NA,-11.11,NA,-11.11,NA,NA,NA,NA,",sn"
1875-11-17 21:00:00,15.56,NA,135,2.64,NA,972.23,NA,NA,-11.22,NA,-11.11,NA,NA,NA,17,NA
1875-11-18,NA,NA,NA,NA,NA,NA,NA,NA,NA,NA,NA,-20.33,-3.33,NA,NA,NA
1875-11-18 09:00:00,11.11,NA,315,2.37,NA,973.01,NA,NA,-11.94,NA,-11.94,NA,NA,NA,2.91,",ovc,ovc"
1875-11-18 15:00:00,NA,NA,NA,NA,NA,NA,NA,NA,-13.83,NA,-13.83,NA,NA,NA,NA,",bkn"
1875-11-18 21:00:00,11.67,NA,315,2,NA,980.56,NA,NA,-13.89,NA,-13.83,NA,NA,NA,11,NA
1875-11-19,NA,NA,NA,NA,NA,NA,0.635,6.35,NA,NA,NA,-20.89,-11.11,NA,NA,",sn,"
1875-11-19 09:00:00,13.89,NA,90,1.86,NA,987.27,NA,NA,-15,NA,-15,NA,NA,NA,1.34,",ovc"
1875-11-19 15:00:00,NA,NA,NA,NA,NA,NA,NA,NA,-20.11,NA,-20.11,NA,NA,NA,NA,",skc"
1875-11-19 21:00:00,11.11,180,315,1.22,NA,989.16,NA,NA,-20.17,NA,-20.17,NA,NA,NA,0,NA
1875-11-20,NA,NA,NA,NA,NA,NA,1.905,19.05,NA,NA,NA,-28.33,-20.56,NA,NA,",sn,"
1875-11-20 09:00:00,10.56,NA,315,0.81,NA,996.61,NA,NA,-24.44,NA,-24.44,NA,NA,NA,4.47,",skc"
1875-11-20 15:00:00,NA,NA,NA,NA,NA,NA,NA,NA,-26.56,NA,-26.56,NA,NA,NA,NA,",skc,skc"
1875-11-20 21:00:00,8.89,NA,315,0.68,NA,1004.94,NA,NA,-26.67,NA,-26.67,NA,NA,NA,45,NA
1875-11-21,NA,NA,NA,NA,NA,NA,NA,NA,NA,NA,NA,-31.83,-22.22,NA,NA,NA
1875-11-21 09:00:00,NA,NA,270,NA,NA,NA,NA,NA,NA,NA,NA,NA,NA,NA,4.25,NA
1875-11-21 21:00:00,NA,NA,180,NA,NA,NA,NA,NA,NA,NA,NA,NA,NA,NA,13,NA
1875-11-22,NA,NA,NA,NA,NA,NA,4.445,44.45,NA,NA,NA,-23.44,-13.06,NA,NA,",sn,"
1875-11-22 09:00:00,8.33,NA,90,1.39,NA,992.04,NA,NA,-18.33,NA,-18.33,NA,NA,NA,8.31,",ovc"
1875-11-22 15:00:00,NA,NA,NA,NA,NA,NA,NA,NA,-17.28,NA,-17.17,NA,NA,NA,NA,",sn"
1875-11-22 21:00:00,8.33,90,0,1.52,NA,990.25,NA,NA,-17.33,NA,-17.22,NA,NA,NA,15,NA
1875-11-23,NA,NA,NA,NA,NA,NA,NA,NA,NA,NA,NA,-29.11,-17.22,NA,NA,",au,"
1875-11-23 09:00:00,7.78,NA,315,0.75,NA,996.75,NA,NA,-25.56,NA,-25.56,NA,NA,NA,6.26,",skc"
1875-11-23 15:00:00,NA,NA,NA,NA,NA,NA,NA,NA,-27.11,NA,-27.11,NA,NA,NA,NA,",skc,skc"
1875-11-23 21:00:00,13.89,NA,225,0.64,NA,1000.68,NA,NA,-27.22,NA,-27.22,NA,NA,NA,5,NA
1875-11-24,NA,NA,NA,NA,NA,NA,NA,NA,NA,NA,NA,-28.89,-18.33,NA,NA,NA
1875-11-24 09:00:00,10,NA,180,0.88,NA,999.8,NA,NA,-24.17,NA,-24.17,NA,NA,NA,3.35,",skc,skc"
1875-11-24 15:00:00,NA,NA,NA,NA,NA,NA,NA,NA,-25.44,NA,-25.44,NA,NA,NA,NA,",skc,skc"
1875-11-24 21:00:00,13.33,NA,315,0.75,NA,999.39,NA,NA,-25.56,NA,-25.56,NA,NA,NA,20,NA
1875-11-25,NA,NA,NA,NA,NA,NA,0.635,6.35,NA,NA,NA,-24.78,-15.83,NA,NA,",sn,"
1875-11-25 09:00:00,12.22,NA,45,1.32,NA,993.8,NA,NA,-19,NA,-19,NA,NA,NA,4.92,",sn"
1875-11-25 15:00:00,NA,NA,NA,NA,NA,NA,NA,NA,-23.5,NA,-23.5,NA,NA,NA,NA,",skc"
1875-11-25 21:00:00,10.56,NA,315,0.91,NA,991.67,NA,NA,-23.61,NA,-23.61,NA,NA,NA,12,NA
1875-11-26,NA,NA,NA,NA,NA,NA,0.762,7.62,NA,NA,NA,-27.22,-21.67,NA,NA,",sn,"
1875-11-26 09:00:00,2.78,NA,315,0.68,NA,997.63,NA,NA,-26.94,NA,-26.94,NA,NA,NA,3.13,",skc,skc"
1875-11-26 15:00:00,NA,NA,NA,NA,NA,NA,NA,NA,-25.44,NA,-25.44,NA,NA,NA,NA,",skc,skc"
1875-11-26 21:00:00,10.56,NA,315,0.75,NA,1001.02,NA,NA,-25.56,NA,-25.56,NA,NA,NA,2,NA
1875-11-27,NA,NA,NA,NA,NA,NA,NA,NA,NA,NA,NA,-28.5,-13.89,NA,NA,",parhel,"
1875-11-27 09:00:00,11.11,NA,90,1.35,NA,996.75,NA,NA,-18.61,NA,-18.61,NA,NA,NA,7.82,",sn"
1875-11-27 15:00:00,NA,NA,NA,NA,NA,NA,NA,NA,-23.22,NA,-23.22,NA,NA,NA,NA,",skc"
1875-11-27 21:00:00,12.22,NA,315,0.91,NA,996.48,NA,NA,-23.33,NA,-23.33,NA,NA,NA,45,NA
1875-11-28,NA,NA,NA,NA,NA,NA,3.81,38.1,NA,NA,NA,-36.67,-22.22,NA,NA,",sn,"
1875-11-28 09:00:00,NA,NA,315,NA,NA,NA,NA,NA,NA,NA,NA,NA,NA,NA,10.51,NA
1875-11-28 21:00:00,NA,NA,315,NA,NA,NA,NA,NA,NA,NA,NA,NA,NA,NA,20,NA
1875-11-29,NA,NA,NA,NA,NA,NA,0.635,6.35,NA,NA,NA,-36.61,-21.67,NA,NA,",sn,"
1875-11-29 09:00:00,4.44,NA,180,0.54,NA,982.05,NA,NA,-28.89,NA,-28.89,NA,NA,NA,7.82,",ovc"
1875-11-29 15:00:00,NA,NA,NA,NA,NA,NA,NA,NA,-23.78,NA,-23.78,NA,NA,NA,NA,",ovc"
1875-11-29 21:00:00,7.22,90,135,0.88,NA,995.94,NA,NA,-23.89,NA,-23.89,NA,NA,NA,24,NA
1875-11-30,NA,NA,NA,NA,NA,NA,NA,NA,NA,NA,NA,-22.5,-15.56,NA,NA,NA
1875-11-30 09:00:00,11.11,NA,225,1.29,NA,987.13,NA,NA,-19.72,NA,-19.72,NA,NA,NA,7.38,",ovc"
1875-11-30 15:00:00,NA,NA,NA,NA,NA,NA,NA,NA,-16.06,NA,-16.06,NA,NA,NA,NA,",sct"
1875-11-30 21:00:00,13.89,NA,90,1.69,NA,989.5,NA,NA,-16.11,NA,-16.11,NA,NA,NA,16,NA
1875-12-01,NA,NA,NA,NA,NA,NA,3.81,38.1,NA,NA,NA,-19.11,-7.78,NA,NA,NA
1875-12-01 09:00:00,5,NA,90,1.49,NA,994.24,0,NA,-17.5,NA,-17.5,NA,NA,NA,1.12,",ovc"
1875-12-01 15:00:00,NA,NA,NA,NA,NA,NA,NA,NA,-13,NA,-12.72,NA,NA,NA,NA,",sn"
1875-12-01 21:00:00,10,NA,135,2,NA,988.15,NA,NA,-13.06,NA,-12.78,NA,NA,NA,19,NA
1875-12-02,NA,NA,NA,NA,NA,NA,NA,NA,NA,NA,NA,-15.67,3.33,NA,NA,NA
1875-12-02 09:00:00,13.89,NA,180,3.42,NA,984.08,0,NA,-6.94,NA,-6.67,NA,NA,NA,6.48,",ovc"
1875-12-02 15:00:00,NA,NA,NA,NA,NA,NA,NA,NA,-9.33,NA,-8.78,NA,NA,NA,NA,",skc"
1875-12-02 21:00:00,16.11,NA,270,2.54,NA,994.04,NA,NA,-9.44,NA,-8.89,NA,NA,NA,12,NA
1875-12-03,NA,NA,NA,NA,NA,NA,NA,NA,NA,NA,NA,-21.39,-5.83,NA,NA,NA
1875-12-03 09:00:00,8.33,NA,45,1.52,NA,994.45,0,NA,-17.22,NA,-17.22,NA,NA,NA,0.45,",sn"
1875-12-03 15:00:00,NA,NA,NA,NA,NA,NA,NA,NA,-8.5,NA,-8.22,NA,NA,NA,NA,",ovc,ovc"
1875-12-03 21:00:00,12.78,NA,180,2.95,NA,985.71,NA,NA,-8.61,NA,-8.33,NA,NA,NA,25,NA
1875-12-04,NA,NA,NA,NA,NA,NA,NA,NA,NA,NA,NA,-9.72,0.72,NA,NA,NA
1875-12-04 09:00:00,12.22,NA,180,4.5,NA,977.82,0,NA,-3.06,NA,-2.5,NA,NA,NA,14.75,",ovc,ovc"
1875-12-04 15:00:00,NA,NA,NA,NA,NA,NA,NA,NA,-1.56,NA,-1,NA,NA,NA,NA,",ovc,ovc"
1875-12-04 21:00:00,16.67,NA,180,5.08,NA,976.36,NA,NA,-1.67,NA,-1.11,NA,NA,NA,13,NA
1875-12-05,NA,NA,NA,NA,NA,NA,NA,NA,NA,NA,NA,-12.5,1.11,NA,NA,NA
1875-12-05 09:00:00,NA,NA,0,NA,NA,NA,0,NA,NA,NA,NA,NA,NA,NA,7.38,NA
1875-12-05 15:00:00,NA,NA,NA,NA,NA,NA,NA,NA,NA,NA,NA,NA,NA,NA,NA,NA
1875-12-05 21:00:00,NA,NA,0,NA,NA,NA,NA,NA,NA,NA,NA,NA,NA,NA,19,NA
1875-12-06,NA,NA,NA,NA,NA,NA,3.175,31.75,NA,NA,NA,-20.22,-10,NA,NA,NA
1875-12-06 09:00:00,6.67,NA,315,1.69,NA,987.13,0,NA,-16.11,NA,-16.11,NA,NA,NA,7.15,",ovc"
1875-12-06 15:00:00,NA,NA,NA,NA,NA,NA,NA,NA,-17.83,NA,-17.83,NA,NA,NA,NA,",bkn"
1875-12-06 21:00:00,13.33,NA,0,1.52,NA,985.91,NA,NA,-17.89,NA,-17.89,NA,NA,NA,20,NA
1875-12-07,NA,NA,NA,NA,NA,NA,NA,NA,NA,NA,NA,-32.22,-8.33,NA,NA,NA
1875-12-07 09:00:00,11.11,NA,0,2.07,NA,992.72,0,NA,-13.61,NA,-13.61,NA,NA,NA,7.6,",ovc"
1875-12-07 15:00:00,NA,NA,NA,NA,NA,NA,NA,NA,-26,NA,-26,NA,NA,NA,NA,",skc"
1875-12-07 21:00:00,12.22,NA,315,0.71,NA,998.71,NA,NA,-26.11,NA,-26.11,NA,NA,NA,40,NA
1875-12-08,NA,NA,NA,NA,NA,NA,NA,NA,NA,NA,NA,-31.61,-18.06,NA,NA,NA
1875-12-08 09:00:00,9.44,NA,45,0.68,NA,995.4,0,NA,-26.94,NA,-26.94,NA,NA,NA,1.12,",ovc"
1875-12-08 15:00:00,NA,NA,NA,NA,NA,NA,NA,NA,-21.56,NA,-21.56,NA,NA,NA,NA,",skc"
1875-12-08 21:00:00,10.56,NA,315,1.05,NA,990.18,NA,NA,-21.67,NA,-21.67,NA,NA,NA,11,NA
1875-12-09,NA,NA,NA,NA,NA,NA,4.14,41.4,NA,NA,NA,-20.56,-8.06,NA,NA,NA
1875-12-09 09:00:00,12.22,270,135,2.2,NA,985.1,0,NA,-12.22,NA,-12.06,NA,NA,NA,10.28,",ovc,ovc"
1875-12-09 15:00:00,NA,NA,NA,NA,NA,NA,NA,NA,-12.11,NA,-12.11,NA,NA,NA,NA,",skc"
1875-12-09 21:00:00,7.78,NA,0,2.34,NA,987.95,NA,NA,-12.22,NA,-12.22,NA,NA,NA,28,NA
1875-12-10,NA,NA,NA,NA,NA,NA,50.8,508,NA,NA,NA,-26.67,-14.44,NA,NA,NA
1875-12-10 09:00:00,9.44,NA,315,0.78,NA,995.33,0,NA,-25,NA,-25,NA,NA,NA,3.8,",skc"
1875-12-10 15:00:00,NA,NA,NA,NA,NA,NA,NA,NA,-15.5,NA,-15.5,NA,NA,NA,NA,",sn"
1875-12-10 21:00:00,11.67,NA,NA,1.76,NA,986.52,NA,NA,-15.56,NA,-15.56,NA,NA,NA,NA,NA
1875-12-11,NA,NA,NA,NA,NA,NA,NA,NA,NA,NA,NA,-16.56,-5.72,NA,NA,NA
1875-12-11 09:00:00,10.56,225,NA,1.83,NA,988.32,0,NA,-15.17,NA,-15.17,NA,NA,NA,NA,",ovc"
1875-12-11 15:00:00,NA,NA,NA,NA,NA,NA,NA,NA,-9.61,NA,-9.33,NA,NA,NA,NA,",bkn"
1875-12-11 21:00:00,10,225,180,2.68,NA,968.51,NA,NA,-9.72,NA,-9.44,NA,NA,NA,40,NA
1875-12-12,NA,NA,NA,NA,NA,NA,NA,NA,NA,NA,NA,-13.28,4.44,NA,NA,NA
1875-12-12 09:00:00,NA,NA,315,NA,NA,NA,0,NA,NA,NA,NA,NA,NA,NA,18.42,NA
1875-12-12 15:00:00,NA,NA,NA,NA,NA,NA,NA,NA,NA,NA,NA,NA,NA,NA,NA,NA
1875-12-12 21:00:00,NA,NA,315,NA,NA,NA,NA,NA,NA,NA,NA,NA,NA,NA,15,NA
1875-12-13,NA,NA,NA,NA,NA,NA,NA,NA,NA,NA,NA,-21.89,-11.22,NA,NA,NA
1875-12-13 09:00:00,9.44,NA,315,1.22,NA,993.57,0,NA,-20,NA,-20,NA,NA,NA,3.13,",skc,skc"
1875-12-13 15:00:00,NA,NA,NA,NA,NA,NA,NA,NA,-15.06,NA,-14.94,NA,NA,NA,NA,",skc,skc"
1875-12-13 21:00:00,17.22,NA,180,1.76,NA,992.89,NA,NA,-15.11,NA,-15,NA,NA,NA,13,NA
1875-12-14,NA,NA,NA,NA,NA,NA,NA,NA,NA,NA,NA,-11.89,-2.78,NA,NA,NA
1875-12-14 09:00:00,14.44,NA,180,2.98,NA,977.48,0,NA,-7.78,NA,-7.22,NA,NA,NA,6.44,",ovc,ovc"
1875-12-14 15:00:00,NA,NA,NA,NA,NA,NA,NA,NA,-6.83,NA,-6.56,NA,NA,NA,NA,",ovc,ovc"
1875-12-14 21:00:00,13.89,NA,315,3.42,NA,969.18,NA,NA,-6.94,NA,-6.67,NA,NA,NA,16,NA
1875-12-15,NA,NA,NA,NA,NA,NA,0.635,6.35,NA,NA,NA,-20,-4.44,NA,NA,NA
1875-12-15 09:00:00,13.89,NA,270,1.39,NA,984.66,0,NA,-15.56,NA,-15,NA,NA,NA,3.13,",skc,skc"
1875-12-15 15:00:00,NA,NA,NA,NA,NA,NA,NA,NA,-16.61,NA,-16.61,NA,NA,NA,NA,",ovc"
1875-12-15 21:00:00,8.33,180,0,1.59,NA,985.44,NA,NA,-16.67,NA,-16.67,NA,NA,NA,23,NA
1875-12-16,NA,NA,NA,NA,NA,NA,NA,NA,NA,NA,NA,-31.39,-19.44,NA,NA,NA
1875-12-16 09:00:00,2.22,NA,315,0.68,NA,993.77,0,NA,-26.5,NA,-26.5,NA,NA,NA,11.62,",skc"
1875-12-16 15:00:00,NA,NA,NA,NA,NA,NA,NA,NA,-29.61,NA,-29.61,NA,NA,NA,NA,",skc,skc"
1875-12-16 21:00:00,10.56,NA,315,0.51,NA,1002.37,NA,NA,-29.72,NA,-29.72,NA,NA,NA,11,NA
1875-12-17,NA,NA,NA,NA,NA,NA,NA,NA,NA,NA,NA,-31.39,-18.06,NA,NA,NA
1875-12-17 09:00:00,3.89,NA,180,0.78,NA,995.94,0,NA,-25.28,NA,-25.28,NA,NA,NA,6.71,",skc"
1875-12-17 15:00:00,NA,NA,NA,NA,NA,NA,NA,NA,-19.11,NA,-19.11,NA,NA,NA,NA,",ovc,ovc"
1875-12-17 21:00:00,10,NA,0,1.35,NA,994.79,NA,NA,-19.17,NA,-19.17,NA,NA,NA,17,NA
1875-12-18,NA,NA,NA,NA,NA,NA,0.635,6.35,NA,NA,NA,-30.22,-23.22,NA,NA,NA
1875-12-18 09:00:00,4.44,NA,270,0.58,NA,1000.34,0,NA,-28.61,NA,-28.61,NA,NA,NA,3.71,",ovc"
1875-12-18 15:00:00,NA,NA,NA,NA,NA,NA,NA,NA,-23.22,NA,-23.22,NA,NA,NA,NA,",ovc"
1875-12-18 21:00:00,5.56,NA,180,0.91,NA,992.21,NA,NA,-23.33,NA,-23.33,NA,NA,NA,19,NA
1875-12-19,NA,NA,NA,NA,NA,NA,NA,NA,NA,NA,NA,-22.33,-8.28,NA,NA,NA
1875-12-19 09:00:00,NA,NA,135,NA,NA,NA,0,NA,NA,NA,NA,NA,NA,NA,12.34,NA
1875-12-19 15:00:00,NA,NA,NA,NA,NA,NA,NA,NA,NA,NA,NA,NA,NA,NA,NA,NA
1875-12-19 21:00:00,NA,NA,180,NA,NA,NA,NA,NA,NA,NA,NA,NA,NA,NA,40,NA
1875-12-20,NA,NA,NA,NA,NA,NA,NA,NA,NA,NA,NA,-15.83,-3.33,NA,NA,NA
1875-12-20 09:00:00,5,NA,135,2.1,NA,975.28,0,NA,-13.33,NA,-13.33,NA,NA,NA,1.56,",skc,skc"
1875-12-20 15:00:00,NA,NA,NA,NA,NA,NA,NA,NA,-9.33,NA,-8.78,NA,NA,NA,NA,",ovc"
1875-12-20 21:00:00,14.44,270,180,2.54,NA,977.85,NA,NA,-9.44,NA,-8.89,NA,NA,NA,18,NA
1875-12-21,NA,NA,NA,NA,NA,NA,1.524,15.24,NA,NA,NA,-15.72,0.17,NA,NA,NA
1875-12-21 09:00:00,10.56,NA,270,2.4,NA,984.42,0,NA,-11.39,NA,-11.39,NA,NA,NA,8.72,",ovc"
1875-12-21 15:00:00,NA,NA,NA,NA,NA,NA,NA,NA,-4.33,NA,-3.78,NA,NA,NA,NA,",skc"
1875-12-21 21:00:00,12.78,225,0,4.33,NA,974.4,NA,NA,-4.44,NA,-3.89,NA,NA,NA,22,NA
1875-12-22,NA,NA,NA,NA,NA,NA,NA,NA,NA,NA,NA,-18.83,-4.61,NA,NA,NA
1875-12-22 09:00:00,15.56,NA,315,3.45,NA,969.35,0,NA,-6.67,NA,-6.39,NA,NA,NA,3.13,",ovc"
1875-12-22 15:00:00,NA,NA,NA,NA,NA,NA,NA,NA,-16.06,NA,-16.06,NA,NA,NA,NA,",ovc,ovc"
1875-12-22 21:00:00,13.89,NA,90,1.69,NA,988.83,NA,NA,-16.11,NA,-16.11,NA,NA,NA,14,NA
1875-12-23,NA,NA,NA,NA,NA,NA,4.445,44.45,NA,NA,NA,-28.06,-10,NA,NA,NA
1875-12-23 09:00:00,5.56,NA,270,0.61,NA,995.6,0,NA,-27.78,NA,-27.78,NA,NA,NA,9.83,",skc,skc"
1875-12-23 15:00:00,NA,NA,NA,NA,NA,NA,NA,NA,-20.61,NA,-20.61,NA,NA,NA,NA,",bkn"
1875-12-23 21:00:00,8.89,NA,225,1.15,NA,980.83,NA,NA,-20.56,NA,-20.56,NA,NA,NA,12,NA
1875-12-24,NA,NA,NA,NA,NA,NA,NA,NA,NA,NA,NA,-25.11,-6.61,NA,NA,NA
1875-12-24 09:00:00,6.11,NA,270,2.88,NA,974.47,0,NA,-9.44,NA,-9.28,NA,NA,NA,0.45,",ovc,ovc"
1875-12-24 15:00:00,NA,NA,NA,NA,NA,NA,NA,NA,-24,NA,-24,NA,NA,NA,NA,",skc"
1875-12-24 21:00:00,4.44,NA,315,0.88,NA,980.56,NA,NA,-23.89,NA,-23.89,NA,NA,NA,40,NA
1875-12-25,NA,NA,NA,NA,NA,NA,NA,NA,NA,NA,NA,-27.61,0,NA,NA,NA
1875-12-25 09:00:00,NA,NA,NA,NA,NA,NA,0,NA,NA,NA,NA,NA,NA,NA,0,NA
1875-12-25 15:00:00,NA,NA,NA,NA,NA,NA,NA,NA,NA,NA,NA,NA,NA,NA,NA,NA
1875-12-25 21:00:00,NA,NA,315,NA,NA,NA,NA,NA,NA,NA,NA,NA,NA,NA,20,NA
1875-12-26,NA,NA,NA,NA,NA,NA,5.385,53.85,NA,NA,NA,-33.44,-20,NA,NA,NA
1875-12-26 09:00:00,NA,NA,135,NA,NA,NA,0,NA,NA,NA,NA,NA,NA,NA,2.24,NA
1875-12-26 15:00:00,NA,NA,NA,NA,NA,NA,NA,NA,NA,NA,NA,NA,NA,NA,NA,NA
1875-12-26 21:00:00,NA,NA,180,NA,NA,NA,NA,NA,NA,NA,NA,NA,NA,NA,45,NA
1875-12-27,NA,NA,NA,NA,NA,NA,NA,NA,NA,NA,NA,-31.94,-19.72,NA,NA,NA
1875-12-27 09:00:00,-1.11,NA,NA,0.75,NA,988.15,0,NA,-25.56,NA,-25.56,NA,NA,NA,NA,",skc,skc"
1875-12-27 15:00:00,NA,NA,NA,NA,NA,NA,NA,NA,-30.28,NA,-30.28,NA,NA,NA,NA,",skc,skc"
1875-12-27 21:00:00,1.67,NA,180,0.51,NA,989.77,NA,NA,-30.17,NA,-30.17,NA,NA,NA,0,NA
1875-12-28,NA,NA,NA,NA,NA,NA,NA,NA,NA,NA,NA,-30.83,-5.56,NA,NA,NA
1875-12-28 09:00:00,-2.22,NA,135,1.12,NA,982.59,0,NA,-21.39,NA,-21.39,NA,NA,NA,5.81,",skc,skc"
1875-12-28 15:00:00,NA,NA,NA,NA,NA,NA,NA,NA,-6.06,NA,-5.44,NA,NA,NA,NA,",ovc"
1875-12-28 21:00:00,10,NA,90,3.42,NA,971.22,NA,NA,-6.17,NA,-5.56,NA,NA,NA,26,NA
1875-12-29,NA,NA,NA,NA,NA,NA,NA,NA,NA,NA,NA,-10.17,5,NA,NA,NA
1875-12-29 09:00:00,9.44,NA,90,5.62,NA,963.8,0,NA,-0.72,NA,-0.17,NA,NA,NA,10.28,",ovc"
1875-12-29 15:00:00,NA,NA,NA,NA,NA,NA,NA,NA,-4.33,NA,-4.17,NA,NA,NA,NA,",ovc,ovc"
1875-12-29 21:00:00,12.22,NA,135,4.23,NA,965.56,NA,NA,-4.44,NA,-4.28,NA,NA,NA,27,NA
1875-12-30,NA,NA,NA,NA,NA,NA,0.635,6.35,NA,NA,NA,-24.61,-6.67,NA,NA,NA
1875-12-30 09:00:00,10.56,225,225,1.76,NA,978.67,0,NA,-15.56,NA,-15.56,NA,NA,NA,3.8,",skc,skc"
1875-12-30 15:00:00,NA,NA,NA,NA,NA,NA,NA,NA,-16.61,NA,-16.61,NA,NA,NA,NA,",ovc"
1875-12-30 21:00:00,15,NA,315,1.59,NA,992.89,NA,NA,-16.67,NA,-16.67,NA,NA,NA,45,NA
1875-12-31,NA,NA,NA,NA,NA,NA,NA,NA,NA,NA,NA,-25.33,-17.5,NA,NA,NA
1875-12-31 09:00:00,5.56,270,NA,1.15,NA,996.61,0,NA,-21.67,NA,-21.5,NA,NA,NA,1.12,",ovc,ovc"
1875-12-31 15:00:00,NA,NA,NA,NA,NA,NA,NA,NA,-12.83,NA,-13.11,NA,NA,NA,NA,",skc,skc"
1875-12-31 21:00:00,12.78,NA,90,1.02,NA,995.6,NA,NA,-12.78,NA,-13.06,NA,NA,NA,12,NA
1876-01-01,NA,NA,NA,NA,NA,NA,0.762,7.62,NA,NA,NA,-19.61,-7.78,NA,NA,NA
1876-01-01 09:00:00,1.11,NA,90,1.56,NA,984.86,NA,NA,-15.28,NA,-15,NA,NA,NA,8.94,",skc"
1876-01-01 15:00:00,NA,NA,NA,NA,NA,NA,NA,NA,-9.61,NA,-9.33,NA,NA,NA,NA,",ovc,ovc"
1876-01-01 21:00:00,7.78,NA,135,2.71,NA,979.01,NA,NA,-9.72,NA,-9.44,NA,NA,NA,17,NA
1876-01-02,NA,NA,NA,NA,NA,NA,NA,NA,NA,NA,NA,-28.17,-21.17,NA,NA,NA
1876-01-02 09:00:00,NA,NA,225,NA,NA,NA,NA,NA,NA,NA,NA,NA,NA,NA,4.02,NA
1876-01-02 21:00:00,NA,NA,225,NA,NA,NA,NA,NA,NA,NA,NA,NA,NA,NA,14,NA
1876-01-03,NA,NA,NA,NA,NA,NA,NA,NA,NA,NA,NA,-33.67,-25.56,NA,NA,",au,"
1876-01-03 09:00:00,0.56,NA,225,0.51,NA,1002.37,NA,NA,-29.83,NA,-29.83,NA,NA,NA,4.47,",skc,skc"
1876-01-03 15:00:00,NA,NA,NA,NA,NA,NA,NA,NA,-31.67,NA,-31.67,NA,NA,NA,NA,",skc,skc"
1876-01-03 21:00:00,4.44,NA,NA,0.41,NA,1005.08,NA,NA,-31.56,NA,-31.56,NA,NA,NA,0,NA
1876-01-04,NA,NA,NA,NA,NA,NA,6.35,63.5,NA,NA,NA,-33.39,-18.89,-15.56,NA,",halo,"
1876-01-04 09:00:00,-7.22,NA,45,0.81,NA,994.79,NA,NA,-24.28,NA,-24.28,NA,NA,NA,5.45,",ovc,ovc"
1876-01-04 15:00:00,NA,NA,NA,NA,NA,NA,NA,NA,-24,NA,-24,NA,NA,NA,NA,",ovc,ovc"
1876-01-04 21:00:00,3.89,NA,315,0.88,NA,989.5,NA,NA,-23.89,NA,-23.89,NA,NA,NA,25,NA
1876-01-05,NA,NA,NA,NA,NA,NA,NA,NA,NA,NA,NA,-29.17,-18.33,-4.44,NA,NA
1876-01-05 09:00:00,1.11,NA,225,1.12,NA,993.91,NA,NA,-21,NA,-21,NA,NA,NA,3.58,",ovc,ovc"
1876-01-05 15:00:00,NA,NA,NA,NA,NA,NA,NA,NA,-22.89,NA,-22.89,NA,NA,NA,NA,",skc,skc"
1876-01-05 21:00:00,4.44,NA,90,0.95,NA,993.91,NA,NA,-22.78,NA,-22.78,NA,NA,NA,18,NA
1876-01-06,NA,NA,NA,NA,NA,NA,NA,NA,NA,NA,NA,-23.78,-10.83,NA,NA,NA
1876-01-06 09:00:00,0,270,90,2.27,NA,980.19,NA,NA,-12.67,NA,-12.39,NA,NA,NA,9.66,",skc"
1876-01-06 15:00:00,NA,NA,NA,NA,NA,NA,NA,NA,-20.67,NA,-20.67,NA,NA,NA,NA,",skc"
1876-01-06 21:00:00,5.56,NA,270,1.15,NA,992.89,NA,NA,-20.56,NA,-20.56,NA,NA,NA,1,NA
1876-01-07,NA,NA,NA,NA,NA,NA,NA,NA,NA,NA,NA,-23.94,-14.44,30,NA,NA
1876-01-07 09:00:00,5,NA,0,1.12,NA,992.99,NA,NA,-21.33,NA,-21.39,NA,NA,NA,0.89,",skc"
1876-01-07 15:00:00,NA,NA,NA,NA,NA,NA,NA,NA,-16.06,NA,-16.06,NA,NA,NA,NA,",skc"
1876-01-07 21:00:00,7.78,NA,315,1.69,NA,981.17,NA,NA,-16.11,NA,-16.11,NA,NA,NA,0,NA
1876-01-08,NA,NA,NA,NA,NA,NA,0.762,7.62,NA,NA,NA,-24.61,-16.67,25,NA,NA
1876-01-08 09:00:00,1.67,NA,270,1.05,NA,977.99,NA,NA,-21.94,NA,-21.78,NA,NA,NA,4.25,",ovc"
1876-01-08 15:00:00,NA,NA,NA,NA,NA,NA,NA,NA,-24.56,NA,-24.56,NA,NA,NA,NA,",bkn"
1876-01-08 21:00:00,4.44,270,225,0.85,NA,981.51,NA,NA,-24.44,NA,-24.44,NA,NA,NA,45,NA
1876-01-09,NA,NA,NA,NA,NA,NA,NA,NA,NA,NA,NA,-31.11,-21,NA,NA,NA
1876-01-09 09:00:00,NA,NA,270,NA,NA,NA,NA,NA,NA,NA,NA,NA,NA,NA,12.52,NA
1876-01-09 21:00:00,NA,NA,270,NA,NA,NA,NA,NA,NA,NA,NA,NA,NA,NA,12,NA
1876-01-10,NA,NA,NA,NA,NA,NA,NA,NA,NA,NA,NA,-30.22,-19.44,26.11,NA,",halo,"
1876-01-10 09:00:00,9.44,NA,225,0.58,NA,1001.25,NA,NA,-28.33,NA,-28.33,NA,NA,NA,0.98,",skc"
1876-01-10 15:00:00,NA,NA,NA,NA,NA,NA,NA,NA,-20.67,NA,-20.67,NA,NA,NA,NA,",ovc,ovc"
1876-01-10 21:00:00,2.78,NA,90,1.15,NA,991.6,NA,NA,-20.56,NA,-20.56,NA,NA,NA,22,NA
1876-01-11,NA,NA,NA,NA,NA,NA,0.051,0.51,NA,NA,NA,-31.11,-17.78,31.11,NA,",skc,"
1876-01-11 09:00:00,0,NA,270,1.15,NA,991.33,NA,NA,-20.56,NA,-20.56,NA,NA,NA,NA,",ovc,ovc"
1876-01-11 15:00:00,NA,NA,NA,NA,NA,NA,NA,NA,-29.56,NA,-29.56,NA,NA,NA,NA,",skc,skc"
1876-01-11 21:00:00,1.67,NA,270,0.51,NA,1001.36,NA,NA,-29.44,NA,-29.44,NA,NA,NA,20,NA
1876-01-12,NA,NA,NA,NA,NA,NA,0,0,NA,NA,NA,-33.11,-15,25.56,NA,NA
1876-01-12 09:00:00,-4.44,NA,NA,0.41,NA,1004.06,NA,NA,-31.67,NA,-31.67,NA,NA,NA,0.22,",skc,skc"
1876-01-12 15:00:00,NA,NA,NA,NA,NA,NA,NA,NA,-19.56,NA,-19.56,NA,NA,NA,NA,",ovc,ovc"
1876-01-12 21:00:00,5,NA,NA,1.29,NA,998.51,NA,NA,-19.44,NA,-19.44,NA,NA,NA,22,NA
1876-01-13,NA,NA,NA,NA,NA,NA,NA,NA,NA,NA,NA,-20.72,-4.44,23.89,NA,NA
1876-01-13 09:00:00,0.56,NA,NA,1.52,NA,988.35,NA,NA,-17.22,NA,-17.22,NA,NA,NA,NA,",skc"
1876-01-13 15:00:00,NA,NA,NA,NA,NA,NA,NA,NA,-11.33,NA,-11,NA,NA,NA,NA,",ovc"
1876-01-13 21:00:00,4.44,NA,315,2.37,NA,991.47,NA,NA,-11.44,NA,-11.11,NA,NA,NA,27,NA
1876-01-14,NA,NA,NA,NA,NA,NA,NA,NA,NA,NA,NA,-21.28,-7.28,21.11,NA,",au,"
1876-01-14 09:00:00,8.33,NA,90,2.1,NA,989.98,NA,NA,-13.06,NA,-13.06,NA,NA,NA,5.54,",sct,sct"
1876-01-14 15:00:00,NA,NA,NA,NA,NA,NA,NA,NA,-12.11,NA,-12.11,NA,NA,NA,NA,",skc,skc"
1876-01-14 21:00:00,8.89,NA,135,2.3,NA,979.34,NA,NA,-12.22,NA,-12.22,NA,NA,NA,34,NA
1876-01-15,NA,NA,NA,NA,NA,NA,NA,NA,NA,NA,NA,NA,NA,38.33,NA,NA
1876-01-15 09:00:00,5.56,NA,180,2.57,NA,978.8,NA,NA,-10,NA,-9.72,NA,NA,NA,7.15,",skc,skc"
1876-01-15 15:00:00,NA,NA,NA,NA,NA,NA,NA,NA,-11.56,NA,-11.56,NA,NA,NA,NA,",ovc"
1876-01-15 21:00:00,11.11,NA,135,2.4,NA,982.59,NA,NA,-11.67,NA,-11.67,NA,NA,NA,16,NA
1876-01-16,NA,NA,NA,NA,NA,NA,NA,NA,NA,NA,NA,-13.5,-0.28,37.78,NA,NA
1876-01-16 09:00:00,NA,NA,90,NA,NA,NA,NA,NA,NA,NA,NA,NA,NA,NA,4.47,NA
1876-01-16 21:00:00,NA,NA,135,NA,NA,NA,NA,NA,NA,NA,NA,NA,NA,NA,14,NA
1876-01-17,NA,NA,NA,NA,NA,NA,1.27,12.7,NA,NA,NA,-8.06,0.56,37.78,NA,NA
1876-01-17 09:00:00,13.33,NA,225,3.52,NA,966.24,NA,NA,-5.72,NA,-5,NA,NA,NA,8.94,",skc"
1876-01-17 15:00:00,NA,NA,NA,NA,NA,NA,NA,NA,-5,NA,-4.44,NA,NA,NA,NA,",skc"
1876-01-17 21:00:00,14.44,NA,225,3.86,NA,1006.77,NA,NA,-5,NA,-4.44,NA,NA,NA,18,NA
1876-01-18,NA,NA,NA,NA,NA,NA,NA,NA,NA,NA,NA,-17.11,-11.67,5.56,NA,NA
1876-01-18 09:00:00,12.78,NA,270,1.9,NA,985.44,NA,NA,-13.89,NA,-13.61,NA,NA,NA,7.15,",ovc,ovc"
1876-01-18 15:00:00,NA,NA,NA,NA,NA,NA,NA,NA,-15.39,NA,-15.44,NA,NA,NA,NA,",ovc,ovc"
1876-01-18 21:00:00,5,NA,270,1.79,NA,989.23,NA,NA,-15.56,NA,-15.56,NA,NA,NA,22,NA
1876-01-19,NA,NA,NA,NA,NA,NA,NA,NA,NA,NA,NA,-28.06,-15,10,NA,NA
1876-01-19 09:00:00,10,NA,270,1.46,NA,993.91,NA,NA,-18.33,NA,-17.67,NA,NA,NA,4.92,",ovc,ovc"
1876-01-19 15:00:00,NA,NA,NA,NA,NA,NA,NA,NA,-21.94,NA,-22.11,NA,NA,NA,NA,",ovc,ovc"
1876-01-19 21:00:00,10,NA,270,1.02,NA,998.51,NA,NA,-22.22,NA,-22.22,NA,NA,NA,18,NA
1876-01-20,NA,NA,NA,NA,NA,NA,NA,NA,NA,NA,NA,-34.78,-24.44,23.89,NA,",au,"
1876-01-20 09:00:00,7.22,NA,225,0.54,NA,1001.02,NA,NA,-29.28,NA,-29.28,NA,NA,NA,6.12,",skc,skc"
1876-01-20 15:00:00,NA,NA,NA,NA,NA,NA,NA,NA,-31.56,NA,-31.78,NA,NA,NA,NA,",skc,skc"
1876-01-20 21:00:00,2.22,NA,270,0.41,NA,1005.76,NA,NA,-31.94,NA,-31.94,NA,NA,NA,16,NA
1876-01-21,NA,NA,NA,NA,NA,NA,NA,NA,NA,NA,NA,-39.22,-22.22,25,NA,NA
1876-01-21 09:00:00,5.56,NA,180,0.27,NA,1007.86,NA,NA,-35,NA,-34.72,NA,NA,NA,1.34,",skc"
1876-01-21 15:00:00,NA,NA,NA,NA,NA,NA,NA,NA,-26.78,NA,-26.78,NA,NA,NA,NA,",skc,skc"
1876-01-21 21:00:00,11.11,NA,45,0.68,NA,1003.39,NA,NA,-26.94,NA,-26.94,NA,NA,NA,16,NA
1876-01-22,NA,NA,NA,NA,NA,NA,1.905,19.05,NA,NA,NA,-28.06,-16.67,-2.5,NA,NA
1876-01-22 09:00:00,7.78,NA,45,1.39,NA,994.24,NA,NA,-18.61,NA,-18.5,NA,NA,NA,0.89,",ovc,ovc"
1876-01-22 15:00:00,NA,NA,NA,NA,NA,NA,NA,NA,-25.17,NA,-25.39,NA,NA,NA,NA,",skc,skc"
1876-01-22 21:00:00,6.11,NA,0,0.78,NA,994.99,NA,NA,-25.56,NA,-25.56,NA,NA,NA,13,NA
1876-01-23,NA,NA,NA,NA,NA,NA,NA,NA,NA,NA,NA,-33.67,-24.83,29.44,NA,NA
1876-01-23 09:00:00,NA,NA,270,NA,NA,NA,NA,NA,NA,NA,NA,NA,NA,NA,1.79,NA
1876-01-23 21:00:00,NA,NA,NA,NA,NA,NA,NA,NA,NA,NA,NA,NA,NA,NA,NA,NA
1876-01-24,NA,NA,NA,NA,NA,NA,NA,NA,NA,NA,NA,-35.89,-23.89,27.78,NA,NA
1876-01-24 09:00:00,2.22,NA,270,0.41,NA,1001.36,NA,NA,-32.78,NA,-32.78,NA,NA,NA,1.52,",skc,skc"
1876-01-24 15:00:00,NA,NA,NA,NA,NA,NA,NA,NA,-26,NA,-26.22,NA,NA,NA,NA,",skc,skc"
1876-01-24 21:00:00,7.22,NA,225,0.71,NA,993.23,NA,NA,-26.39,NA,-26.39,NA,NA,NA,16,NA
1876-01-25,NA,NA,NA,NA,NA,NA,NA,NA,NA,NA,NA,-26.94,-16.11,-2.78,NA,NA
1876-01-25 09:00:00,3.89,NA,270,0.71,NA,989.5,NA,NA,-26.67,NA,-26.56,NA,NA,NA,2.68,",skc"
1876-01-25 15:00:00,NA,NA,NA,NA,NA,NA,NA,NA,-17.33,NA,-16.83,NA,NA,NA,NA,",ovc,ovc"
1876-01-25 21:00:00,6.67,NA,180,1.19,NA,977.99,NA,NA,-17.5,NA,-16.94,NA,NA,NA,30,NA
1876-01-26,NA,NA,NA,NA,NA,NA,0,0,NA,NA,NA,-16.83,-12.22,15.17,NA,NA
1876-01-26 09:00:00,10,NA,180,1.69,NA,1000.2,NA,NA,-13.89,NA,-13.33,NA,NA,NA,5.81,",ovc,ovc"
1876-01-26 15:00:00,NA,NA,NA,NA,NA,NA,NA,NA,-11.61,NA,-11.61,NA,NA,NA,NA,",ovc,ovc"
1876-01-26 21:00:00,8.89,NA,0,2.4,NA,970.2,NA,NA,-11.67,NA,-11.67,NA,NA,NA,23,NA
1876-01-27,NA,NA,NA,NA,NA,NA,NA,NA,NA,NA,NA,-22.39,-12.22,23.61,NA,NA
1876-01-27 09:00:00,11.11,NA,0,1.42,NA,984.42,NA,NA,-17.89,NA,-17.5,NA,NA,NA,1.65,",ovc,ovc"
1876-01-27 15:00:00,NA,NA,NA,NA,NA,NA,NA,NA,-20.83,NA,-21,NA,NA,NA,NA,",ovc,ovc"
1876-01-27 21:00:00,7.78,NA,0,1.12,NA,987,NA,NA,-21.11,NA,-21.11,NA,NA,NA,20,NA
1876-01-28,NA,NA,NA,NA,NA,NA,8.89,88.9,NA,NA,NA,-34.78,-20.56,11.11,NA,",skc,"
1876-01-28 09:00:00,8.33,NA,0,0.88,NA,987.13,NA,NA,-24.06,NA,-23.89,NA,NA,NA,14.3,",ovc,ovc"
1876-01-28 15:00:00,NA,NA,NA,NA,NA,NA,NA,NA,-30.17,NA,-30.39,NA,NA,NA,NA,",ovc,ovc"
1876-01-28 21:00:00,8.33,NA,315,0.47,NA,995.19,NA,NA,-30.56,NA,-30.56,NA,NA,NA,14,NA
1876-01-29,NA,NA,NA,NA,NA,NA,NA,NA,NA,NA,NA,-37,-13.89,26.67,NA,NA
1876-01-29 09:00:00,5.56,NA,315,0.3,NA,998.31,NA,NA,-35,NA,-34.61,NA,NA,NA,1.34,",skc,skc"
1876-01-29 15:00:00,NA,NA,NA,NA,NA,NA,NA,NA,-17.78,NA,-17.94,NA,NA,NA,NA,",ovc,ovc"
1876-01-29 21:00:00,12.22,NA,135,1.46,NA,980.7,NA,NA,-18.06,NA,-18.06,NA,NA,NA,26,NA
1876-01-30,NA,NA,NA,NA,NA,NA,NA,NA,NA,NA,NA,-31.39,-23.61,NA,NA,NA
1876-01-30 09:00:00,NA,NA,315,NA,NA,NA,NA,NA,NA,NA,NA,NA,NA,NA,11.4,NA
1876-01-30 21:00:00,NA,NA,0,NA,NA,NA,NA,NA,NA,NA,NA,NA,NA,NA,14,NA
1876-01-31,NA,NA,NA,NA,NA,NA,NA,NA,NA,NA,NA,-37.28,-28.89,28.33,NA,",au,"
1876-01-31 09:00:00,3.33,NA,315,0.3,NA,998.98,NA,NA,-35,NA,-35,NA,NA,NA,1.34,",skc,skc"
1876-01-31 15:00:00,NA,NA,NA,NA,NA,NA,NA,NA,-34.83,NA,-34.83,NA,NA,NA,NA,",skc,skc"
1876-01-31 21:00:00,8.89,NA,315,0.3,NA,1002.85,NA,NA,-35.22,NA,-35,NA,NA,NA,40,NA
1876-02-01,NA,NA,NA,NA,NA,NA,0,0,NA,NA,NA,-40.33,-29.44,26.39,NA,NA
1876-02-01 09:00:00,3.89,NA,315,NA,NA,1002.37,NA,NA,-37.22,NA,-37.22,NA,NA,NA,0.89,",skc,skc"
1876-02-01 15:00:00,NA,NA,NA,NA,NA,NA,NA,NA,-34.06,NA,-34.28,NA,NA,NA,NA,",skc,skc"
1876-02-01 21:00:00,4.44,NA,225,0.34,NA,999.19,NA,NA,-34.44,NA,-34.44,NA,NA,NA,20,NA
1876-02-02,NA,NA,NA,NA,NA,NA,0.762,7.62,NA,NA,NA,-37.56,-27.22,NA,NA,NA
1876-02-02 09:00:00,0.56,NA,225,0.44,NA,992.89,NA,NA,-31.67,NA,-31.67,NA,NA,NA,3.58,",ovc"
1876-02-02 15:00:00,NA,NA,NA,NA,NA,NA,NA,NA,-32.39,NA,-32.61,NA,NA,NA,NA,",skc,skc"
1876-02-02 21:00:00,12.22,NA,180,0.41,NA,992.55,NA,NA,-32.78,NA,-32.78,NA,NA,NA,2,NA
1876-02-03,NA,NA,NA,NA,NA,NA,NA,NA,NA,NA,NA,-39.39,-27.22,27.5,NA,NA
1876-02-03 09:00:00,5,NA,315,0.41,NA,995.8,NA,NA,-32.5,NA,-32.5,NA,NA,NA,8.05,",skc,skc"
1876-02-03 15:00:00,NA,NA,NA,NA,NA,NA,NA,NA,-33.5,NA,-33.72,NA,NA,NA,NA,",skc,skc"
1876-02-03 21:00:00,10,NA,270,0.34,NA,996.89,NA,NA,-33.89,NA,-33.89,NA,NA,NA,14,NA
1876-02-04,NA,NA,NA,NA,NA,NA,NA,NA,NA,NA,NA,-42.28,-20.56,28.89,NA,NA
1876-02-04 09:00:00,4.44,NA,135,NA,NA,999.87,NA,NA,-39.44,NA,-39.44,NA,NA,NA,1.12,",skc,skc"
1876-02-04 15:00:00,NA,NA,NA,NA,NA,NA,NA,NA,-23.22,NA,-23.72,NA,NA,NA,NA,",bkn"
1876-02-04 21:00:00,8.33,NA,135,0.91,NA,989.98,NA,NA,-23.61,NA,-23.89,NA,NA,NA,20,NA
1876-02-05,NA,NA,NA,NA,NA,NA,8.255,82.55,NA,NA,NA,-28.33,-19.44,36.67,NA,NA
1876-02-05 09:00:00,8.89,270,90,1.49,NA,978.12,NA,NA,-17.78,NA,-17.78,NA,NA,NA,3.58,",ovc,ovc"
1876-02-05 15:00:00,NA,NA,NA,NA,NA,NA,NA,NA,-25.72,NA,-25.94,NA,NA,NA,NA,",bkn"
1876-02-05 21:00:00,4.44,NA,0,0.75,NA,988.83,NA,NA,-26.11,NA,-26.11,NA,NA,NA,5,NA
1876-02-06,NA,NA,NA,NA,NA,NA,1.27,12.7,NA,NA,NA,-25.72,-19.44,NA,NA,NA
1876-02-06 09:00:00,NA,NA,315,NA,NA,NA,NA,NA,NA,NA,NA,NA,NA,NA,4.65,NA
1876-02-06 21:00:00,NA,NA,225,NA,NA,NA,NA,NA,NA,NA,NA,NA,NA,NA,21,NA
1876-02-07,NA,NA,NA,NA,NA,NA,NA,NA,NA,NA,NA,-35.06,-20.89,37.78,NA,NA
1876-02-07 09:00:00,3.33,NA,270,0.3,NA,970.13,NA,NA,-35,NA,-35,NA,NA,NA,0.45,",skc,skc"
1876-02-07 15:00:00,NA,NA,NA,NA,NA,NA,NA,NA,-27.39,NA,-27.61,NA,NA,NA,NA,",skc,skc"
1876-02-07 21:00:00,5.56,NA,180,0.64,NA,999.83,NA,NA,-27.78,NA,-27.78,NA,NA,NA,15,NA
1876-02-08,NA,NA,NA,NA,NA,NA,NA,NA,NA,NA,NA,-32.22,-13.89,NA,NA,NA
1876-02-08 09:00:00,-4.44,NA,180,0.61,NA,1001.36,NA,NA,-25.94,NA,-25.56,NA,NA,NA,2.1,",ovc"
1876-02-08 15:00:00,NA,NA,NA,NA,NA,NA,NA,NA,-14.39,NA,-14.39,NA,NA,NA,NA,",ovc"
1876-02-08 21:00:00,10,NA,90,2.71,NA,993.77,NA,NA,-14.44,NA,-14.44,NA,NA,NA,12,NA
1876-02-09,NA,NA,NA,NA,NA,NA,NA,NA,NA,NA,NA,-23.33,-5,4.72,NA,NA
1876-02-09 09:00:00,10.56,NA,90,2,NA,986.96,NA,NA,-13.33,NA,-13.06,NA,NA,NA,3.58,",ovc,ovc"
1876-02-09 15:00:00,NA,NA,NA,NA,NA,NA,NA,NA,-9.39,NA,-9.11,NA,NA,NA,NA,",ovc,ovc"
1876-02-09 21:00:00,13.33,NA,135,2.71,NA,980.09,NA,NA,-9.44,NA,-9.11,NA,NA,NA,45,NA
1876-02-10,NA,NA,NA,NA,NA,NA,0.635,6.35,NA,NA,NA,-20.17,-0.56,26.67,NA,NA
1876-02-10 09:00:00,16.11,NA,135,5.66,NA,964.85,NA,NA,-1.11,NA,-1.11,NA,NA,NA,9.39,",ovc,ovc"
1876-02-10 15:00:00,NA,NA,NA,NA,NA,NA,NA,NA,-15.94,NA,-16.06,NA,NA,NA,NA,",ovc,ovc"
1876-02-10 21:00:00,10.56,NA,270,1.73,NA,971.22,NA,NA,-16.11,NA,-16.11,NA,NA,NA,30,NA
1876-02-11,NA,NA,NA,NA,NA,NA,NA,NA,NA,NA,NA,-29.72,-18.89,30.56,NA,NA
1876-02-11 09:00:00,6.11,NA,270,0.71,NA,979.28,NA,NA,-25.33,NA,-25,NA,NA,NA,5.05,",skc"
1876-02-11 15:00:00,NA,NA,NA,NA,NA,NA,NA,NA,-25.67,NA,-25.67,NA,NA,NA,NA,",skc,skc"
1876-02-11 21:00:00,15.56,NA,315,0.75,NA,987.88,NA,NA,-26.06,NA,-25.83,NA,NA,NA,14,NA
1876-02-12,NA,NA,NA,NA,NA,NA,NA,NA,NA,NA,NA,-34.22,-21.67,36.44,NA,NA
1876-02-12 09:00:00,6.67,NA,0,0.51,NA,992.42,NA,NA,-30.56,NA,-30.56,NA,NA,NA,0.67,",skc"
1876-02-12 15:00:00,NA,NA,NA,NA,NA,NA,NA,NA,-24.61,NA,-24.83,NA,NA,NA,NA,",skc,skc"
1876-02-12 21:00:00,7.22,NA,0,0.81,NA,994.24,NA,NA,-25,NA,-25,NA,NA,NA,12,NA
1876-02-13,NA,NA,NA,NA,NA,NA,NA,NA,NA,NA,NA,-27.22,-20.94,5.56,NA,NA
1876-02-13 09:00:00,NA,NA,45,NA,NA,NA,NA,NA,NA,NA,NA,NA,NA,NA,4.47,NA
1876-02-13 21:00:00,NA,NA,0,NA,NA,NA,NA,NA,NA,NA,NA,NA,NA,NA,16,NA
1876-02-14,NA,NA,NA,NA,NA,NA,1.905,19.05,NA,NA,NA,-26.28,-16.67,35.56,NA,NA
1876-02-14 09:00:00,8.89,NA,0,1.25,NA,994.72,NA,NA,-19.5,NA,-19.28,NA,NA,NA,11.62,",skc"
1876-02-14 15:00:00,NA,NA,NA,NA,NA,NA,NA,NA,-21.94,NA,-22.11,NA,NA,NA,NA,",skc,skc"
1876-02-14 21:00:00,7.78,NA,45,1.02,NA,993.16,NA,NA,-22.22,NA,-22.22,NA,NA,NA,27,NA
1876-02-15,NA,NA,NA,NA,NA,NA,NA,NA,NA,NA,NA,-30.33,-17.78,8.33,NA,NA
1876-02-15 09:00:00,13.33,NA,0,0.78,NA,996.38,NA,NA,-25.56,NA,-25.56,NA,NA,NA,1.79,",bkn,bkn"
1876-02-15 15:00:00,NA,NA,NA,NA,NA,NA,NA,NA,-24.06,NA,-24.28,NA,NA,NA,NA,",skc"
1876-02-15 21:00:00,10,NA,NA,0.88,NA,997.63,NA,NA,-24.44,NA,-24.44,NA,NA,NA,0,NA
1876-02-16,NA,NA,NA,NA,NA,NA,NA,NA,NA,NA,NA,-30.83,-19.44,35.56,NA,NA
1876-02-16 09:00:00,3.33,NA,315,0.58,NA,998.48,NA,NA,-28.89,NA,-28.78,NA,NA,NA,0.89,",skc,skc"
1876-02-16 15:00:00,NA,NA,NA,NA,NA,NA,NA,NA,-20.83,NA,-21,NA,NA,NA,NA,",skc,skc"
1876-02-16 21:00:00,7.78,NA,135,1.12,NA,998.31,NA,NA,-21.11,NA,-21.11,NA,NA,NA,2,NA
1876-02-17,NA,NA,NA,NA,NA,NA,NA,NA,NA,NA,NA,-22.67,-6.67,13.89,NA,NA
1876-02-17 09:00:00,11.11,135,180,1.56,NA,991.03,NA,NA,-16.33,NA,-16.39,NA,NA,NA,8.72,",ovc"
1876-02-17 15:00:00,NA,NA,NA,NA,NA,NA,NA,NA,NA,NA,NA,NA,NA,NA,NA,",skc"
1876-02-17 21:00:00,NA,NA,135,NA,NA,NA,NA,NA,NA,NA,NA,NA,NA,NA,45,NA
1876-02-18,NA,NA,NA,NA,NA,NA,NA,NA,NA,NA,NA,-27.22,-8.33,31.11,NA,NA
1876-02-18 09:00:00,10,270,315,2.98,NA,981.04,NA,NA,-8.89,NA,-8.72,NA,NA,NA,16.09,",ovc,ovc"
1876-02-18 15:00:00,NA,NA,NA,NA,NA,NA,NA,NA,-25.17,NA,-25.39,NA,NA,NA,NA,",skc,skc"
1876-02-18 21:00:00,12.78,NA,270,0.78,NA,995.6,NA,NA,-25.56,NA,-25.56,NA,NA,NA,27,NA
1876-02-19,NA,NA,NA,NA,NA,NA,NA,NA,NA,NA,NA,-31.11,-24.44,28.89,NA,NA
1876-02-19 09:00:00,10,NA,315,0.47,NA,998.65,NA,NA,-5.17,NA,-5,NA,NA,NA,2.24,",skc,skc"
1876-02-19 15:00:00,NA,NA,NA,NA,NA,NA,NA,NA,-30.17,NA,-30.39,NA,NA,NA,NA,",skc,skc"
1876-02-19 21:00:00,6.67,NA,270,0.51,NA,996.82,NA,NA,-30.56,NA,-30.56,NA,NA,NA,1,NA
1876-02-20,NA,NA,NA,NA,NA,NA,3.175,31.75,NA,NA,NA,-29.5,-13.89,6.39,NA,NA
1876-02-20 09:00:00,NA,NA,90,NA,NA,NA,NA,NA,NA,NA,NA,NA,NA,NA,3.58,NA
1876-02-20 21:00:00,NA,NA,315,NA,NA,NA,NA,NA,NA,NA,NA,NA,NA,NA,21,NA
1876-02-21,NA,NA,NA,NA,NA,NA,NA,NA,NA,NA,NA,-29.17,-22.78,28.89,NA,NA
1876-02-21 09:00:00,5,315,315,0.61,NA,998.1,NA,NA,-28,NA,-27.61,NA,NA,NA,6.71,",skc,skc"
1876-02-21 15:00:00,NA,NA,NA,NA,NA,NA,NA,NA,-27.39,NA,-27.61,NA,NA,NA,NA,",skc,skc"
1876-02-21 21:00:00,5.56,NA,315,0.64,NA,997.29,NA,NA,-27.78,NA,-27.78,NA,NA,NA,20,NA
1876-02-22,NA,NA,NA,NA,NA,NA,NA,NA,NA,NA,NA,-34.22,-22.22,29.44,NA,NA
1876-02-22 09:00:00,6.67,NA,315,0.37,NA,1007.45,NA,NA,-33.33,NA,-32.94,NA,NA,NA,2.24,",skc,skc"
1876-02-22 15:00:00,NA,NA,NA,NA,NA,NA,NA,NA,-31.83,NA,-31.72,NA,NA,NA,NA,",skc,skc"
1876-02-22 21:00:00,0,NA,270,0.34,NA,1009.14,NA,NA,-32.22,NA,-31.89,NA,NA,NA,13,NA
1876-02-23,NA,NA,NA,NA,NA,NA,NA,NA,NA,NA,NA,-35.33,-18.33,-1.11,NA,NA
1876-02-23 09:00:00,4.44,NA,180,0.88,NA,1006.16,NA,NA,-24.44,NA,-24.28,NA,NA,NA,2.24,",ovc,ovc"
1876-02-23 15:00:00,NA,NA,NA,NA,NA,NA,NA,NA,-18.61,NA,-18.5,NA,NA,NA,NA,",skc"
1876-02-23 21:00:00,6.67,NA,135,1.32,NA,989.5,NA,NA,-18.89,NA,-18.61,NA,NA,NA,17,NA
1876-02-24,NA,NA,NA,NA,NA,NA,NA,NA,NA,NA,NA,-19.06,-11.11,12.5,NA,NA
1876-02-24 09:00:00,12.22,NA,90,1.39,NA,984.76,NA,NA,-16.94,NA,-16.5,NA,NA,NA,3.58,",ovc"
1876-02-24 15:00:00,NA,NA,NA,NA,NA,NA,NA,NA,-15.39,NA,-15.5,NA,NA,NA,NA,",skc,skc"
1876-02-24 21:00:00,10.56,NA,0,1.79,NA,988.49,NA,NA,-15.56,NA,-15.56,NA,NA,NA,45,NA
1876-02-25,NA,NA,NA,NA,NA,NA,NA,NA,NA,NA,NA,-21.56,-15.83,6.39,NA,NA
1876-02-25 09:00:00,10.56,270,0,1.15,NA,993.7,NA,NA,-14.83,NA,-15.11,NA,NA,NA,11.98,",ovc,ovc"
1876-02-25 15:00:00,NA,NA,NA,NA,NA,NA,NA,NA,-16.78,NA,-16.33,NA,NA,NA,NA,",skc"
1876-02-25 21:00:00,11.67,NA,45,1.29,NA,995.94,NA,NA,-16.94,NA,-16.39,NA,NA,NA,15,NA
1876-02-26,NA,NA,NA,NA,NA,NA,6.35,63.5,NA,NA,NA,-17.39,-13.06,-1.67,NA,NA
1876-02-26 09:00:00,10,NA,90,1.39,NA,994.92,NA,NA,-17.39,NA,-17.11,NA,NA,NA,8.27,",ovc,ovc"
1876-02-26 15:00:00,NA,NA,NA,NA,NA,NA,NA,NA,-13.72,NA,-13.28,NA,NA,NA,NA,",ovc,ovc"
1876-02-26 21:00:00,11.67,NA,90,1.73,NA,995.6,NA,NA,-13.89,NA,-13.33,NA,NA,NA,12,NA
1876-02-27,NA,NA,NA,NA,NA,NA,NA,NA,NA,NA,NA,-21.28,-12.22,36.11,NA,NA
1876-02-27 09:00:00,NA,NA,45,NA,NA,NA,NA,NA,NA,NA,NA,NA,NA,NA,3.71,NA
1876-02-27 21:00:00,NA,NA,0,NA,NA,NA,NA,NA,NA,NA,NA,NA,NA,NA,12,NA
1876-02-28,NA,NA,NA,NA,NA,NA,NA,NA,NA,NA,NA,-24.33,-23.61,37.78,NA,NA
1876-02-28 09:00:00,13.33,NA,0,1.52,NA,998.71,NA,NA,-17,NA,-16.83,NA,NA,NA,4.47,",ovc,ovc"
1876-02-28 15:00:00,NA,NA,NA,NA,NA,NA,NA,NA,-22.78,NA,-23.06,NA,NA,NA,NA,",skc,skc"
1876-02-28 21:00:00,9.44,NA,315,0.95,NA,1000.47,NA,NA,-23.06,NA,-23.17,NA,NA,NA,45,NA
1876-02-29,NA,NA,NA,NA,NA,NA,NA,NA,NA,NA,NA,-28.61,-13.33,41.67,NA,NA
1876-02-29 09:00:00,4.44,NA,315,0.88,NA,1002.1,NA,NA,-22.28,NA,-22.22,NA,NA,NA,0.45,",skc,skc"
1876-02-29 15:00:00,NA,NA,NA,NA,NA,NA,NA,NA,-22.94,NA,-23.17,NA,NA,NA,NA,",skc,skc"
1876-02-29 21:00:00,11.67,NA,315,0.95,NA,1004.06,NA,NA,-23.33,NA,-23.33,NA,NA,NA,16,NA
1876-03-01,NA,NA,NA,NA,NA,NA,0,0,NA,NA,NA,-28.61,-8.89,42.78,NA,NA
1876-03-01 09:00:00,7.78,NA,0,1.08,NA,1006.43,NA,NA,-20.78,NA,-20.89,NA,NA,NA,1.12,",skc,skc"
1876-03-01 15:00:00,NA,NA,NA,NA,NA,NA,NA,NA,-17.06,NA,-17.17,NA,NA,NA,NA,",skc,skc"
1876-03-01 21:00:00,10,NA,225,1.52,NA,1005.76,NA,NA,-17.22,NA,-17.22,NA,NA,NA,11,NA
1876-03-02,NA,NA,NA,NA,NA,NA,NA,NA,NA,NA,NA,-18.5,-5.56,42.78,NA,NA
1876-03-02 09:00:00,12.78,NA,180,1.9,NA,999.26,NA,NA,-12.78,NA,-12.22,NA,NA,NA,7.6,",skc,skc"
1876-03-02 15:00:00,NA,NA,NA,NA,NA,NA,NA,NA,-14.83,NA,-14.78,NA,NA,NA,NA,",skc,skc"
1876-03-02 21:00:00,13.89,NA,135,1.9,NA,998.38,NA,NA,-15,NA,-14.83,NA,NA,NA,5,NA
1876-03-03,NA,NA,NA,NA,NA,NA,NA,NA,NA,NA,NA,-22.39,-4.44,42.5,NA,NA
1876-03-03 09:00:00,10.56,NA,90,2.24,NA,995.46,NA,NA,-12.78,NA,-12.78,NA,NA,NA,2.91,",ovc,ovc"
1876-03-03 15:00:00,NA,NA,NA,NA,NA,NA,NA,NA,-12.61,NA,-12.72,NA,NA,NA,NA,",skc,skc"
1876-03-03 21:00:00,15.56,NA,180,2.24,NA,988.83,NA,NA,-12.78,NA,-12.78,NA,NA,NA,20,NA
1876-03-04,NA,NA,NA,NA,NA,NA,NA,NA,NA,NA,NA,-12.94,-4.72,43.33,NA,NA
1876-03-04 09:00:00,15,NA,315,3.15,NA,987.81,NA,NA,-7.22,NA,-6.67,NA,NA,NA,1.34,",ovc,ovc"
1876-03-04 15:00:00,NA,NA,NA,NA,NA,NA,NA,NA,-8,NA,-7.22,NA,NA,NA,NA,",ovc,ovc"
1876-03-04 21:00:00,13.89,NA,0,2.71,NA,982.39,NA,NA,-8.06,NA,-7.22,NA,NA,NA,26,NA
1876-03-05,NA,NA,NA,NA,NA,NA,NA,NA,NA,NA,NA,-17.39,-12.22,NA,NA,NA
1876-03-05 09:00:00,NA,NA,0,NA,NA,NA,NA,NA,NA,NA,NA,NA,NA,NA,13.41,NA
1876-03-05 21:00:00,NA,NA,0,NA,NA,NA,NA,NA,NA,NA,NA,NA,NA,NA,16,NA
1876-03-06,NA,NA,NA,NA,NA,NA,5.08,50.8,NA,NA,NA,-23.22,-15,39.72,NA,NA
1876-03-06 09:00:00,6.67,315,315,0.81,NA,991.64,NA,NA,-21.83,NA,-21.83,NA,NA,NA,5.81,",skc"
1876-03-06 15:00:00,NA,NA,NA,NA,NA,NA,NA,NA,-18.44,NA,-18.17,NA,NA,NA,NA,",skc,skc"
1876-03-06 21:00:00,12.22,NA,0,1.05,NA,994.72,NA,NA,-18.33,NA,-18.06,NA,NA,NA,45,NA
1876-03-07,NA,NA,NA,NA,NA,NA,NA,NA,NA,NA,NA,-28.06,-13.33,35,NA,NA
1876-03-07 09:00:00,8.33,270,45,1.15,NA,992.21,NA,NA,-17.22,NA,-16.67,NA,NA,NA,3.13,",ovc,ovc"
1876-03-07 15:00:00,NA,NA,NA,NA,NA,NA,NA,NA,-15.44,NA,-14.89,NA,NA,NA,NA,",ovc,ovc"
1876-03-07 21:00:00,9.44,NA,90,1.46,NA,990.18,NA,NA,-15.56,NA,-15,NA,NA,NA,16,NA
1876-03-08,NA,NA,NA,NA,NA,NA,NA,NA,NA,NA,NA,-15.44,-5.56,42.22,NA,NA
1876-03-08 09:00:00,11.11,NA,135,1.79,NA,986.52,NA,NA,-13.06,NA,-12.5,NA,NA,NA,7.82,",ovc,ovc"
1876-03-08 15:00:00,NA,NA,NA,NA,NA,NA,NA,NA,-9.94,NA,-9.39,NA,NA,NA,NA,",ovc,ovc"
1876-03-08 21:00:00,8.89,NA,0,2.91,NA,985.78,NA,NA,-10,NA,-9.44,NA,NA,NA,40,NA
1876-03-09,NA,NA,NA,NA,NA,NA,5.715,57.15,NA,NA,NA,NA,NA,16.11,NA,NA
1876-03-09 09:00:00,12.22,NA,0,2.64,NA,986.08,NA,NA,-10.56,NA,-10,NA,NA,NA,7.15,",ovc,ovc"
1876-03-09 15:00:00,NA,NA,NA,NA,NA,NA,NA,NA,-20.17,NA,-19.83,NA,NA,NA,NA,",ovc,ovc"
1876-03-09 21:00:00,12.78,NA,315,1.12,NA,988.15,NA,NA,-19.89,NA,-19.72,NA,NA,NA,27,NA
1876-03-10,NA,NA,NA,NA,NA,NA,7.62,76.2,NA,NA,NA,-22.39,-15,33.33,NA,NA
1876-03-10 09:00:00,8.33,NA,0,1.02,NA,989.1,NA,NA,-21.94,NA,-21.67,NA,NA,NA,10.28,",skc"
1876-03-10 15:00:00,NA,NA,NA,NA,NA,NA,NA,NA,-15.44,NA,-14.94,NA,NA,NA,NA,",ovc,ovc"
1876-03-10 21:00:00,10,NA,0,1.42,NA,980.77,NA,NA,-15.56,NA,-15,NA,NA,NA,36,NA
1876-03-11,NA,NA,NA,NA,NA,NA,NA,NA,NA,NA,NA,-23.5,-14.44,26.11,NA,NA
1876-03-11 09:00:00,3.33,NA,0,1.15,NA,985,NA,NA,-18.5,NA,-18.33,NA,NA,NA,13.41,",ovc,ovc"
1876-03-11 15:00:00,NA,NA,NA,NA,NA,NA,NA,NA,-20.11,NA,-20.11,NA,NA,NA,NA,",ovc,ovc"
1876-03-11 21:00:00,12.78,NA,0,1.22,NA,1002.03,NA,NA,-19.83,NA,-20,NA,NA,NA,12,NA
1876-03-12,NA,NA,NA,NA,NA,NA,NA,NA,NA,NA,NA,-28.06,-15.83,37.78,NA,NA
1876-03-12 09:00:00,NA,NA,NA,NA,NA,NA,NA,NA,NA,NA,NA,NA,NA,NA,0,NA
1876-03-12 15:00:00,NA,NA,NA,NA,NA,NA,NA,NA,NA,NA,NA,NA,NA,NA,NA,NA
1876-03-12 21:00:00,NA,NA,NA,NA,NA,NA,NA,NA,NA,NA,NA,NA,NA,NA,0,NA
1876-03-13,NA,NA,NA,NA,NA,NA,NA,NA,NA,NA,NA,-29.72,-16.11,38.89,NA,NA
1876-03-13 09:00:00,7.78,NA,315,1.19,NA,1003.15,NA,NA,-20,NA,-20,NA,NA,NA,3.58,",ovc,ovc"
1876-03-13 15:00:00,NA,NA,NA,NA,NA,NA,NA,NA,-19.06,NA,-19.06,NA,NA,NA,NA,",skc,skc"
1876-03-13 21:00:00,10,NA,315,1.25,NA,1003.66,NA,NA,-18.89,NA,-18.89,NA,NA,NA,5,NA
1876-03-14,NA,NA,NA,NA,NA,NA,0,0,NA,NA,NA,-29.72,-10.83,38.89,NA,NA
1876-03-14 09:00:00,10.56,NA,225,0.64,NA,1007.52,NA,NA,-24.44,NA,-24.44,NA,NA,NA,2.24,",skc,skc"
1876-03-14 15:00:00,NA,NA,NA,NA,NA,NA,NA,NA,-22.78,NA,-22.39,NA,NA,NA,NA,",skc,skc"
1876-03-14 21:00:00,8.33,NA,225,0.71,NA,1006.98,NA,NA,-22.5,NA,-22.22,NA,7.22,NA,34,NA
1876-03-15,NA,NA,NA,NA,NA,NA,NA,NA,NA,NA,NA,-24.44,-9.44,34.44,NA,NA
1876-03-15 09:00:00,4.44,NA,225,1.12,NA,1001.29,NA,NA,-21.11,NA,-21.11,NA,NA,NA,4.25,",bkn,bkn"
1876-03-15 15:00:00,NA,NA,NA,NA,NA,NA,NA,NA,-13,NA,-12.61,NA,NA,NA,NA,",ovc"
1876-03-15 21:00:00,8.33,NA,225,2.13,NA,1000.2,NA,NA,-13.06,NA,-12.78,NA,-7.78,NA,16,NA
1876-03-16,NA,NA,NA,NA,NA,NA,NA,NA,NA,NA,NA,-17.89,-7.83,20,NA,NA
1876-03-16 09:00:00,12.22,NA,225,1.79,NA,995.19,NA,NA,-13.61,NA,-13.17,NA,NA,NA,8.76,",ovc,ovc"
1876-03-16 15:00:00,NA,NA,NA,NA,NA,NA,NA,NA,-14.28,NA,-13.83,NA,NA,NA,NA,",ovc,ovc"
1876-03-16 21:00:00,17.78,NA,225,1.63,NA,1001.02,NA,NA,-14.44,NA,-13.89,NA,-7.22,NA,21,NA
1876-03-17,NA,NA,NA,NA,NA,NA,NA,NA,NA,NA,NA,-26.39,-14.39,33.61,NA,NA
1876-03-17 09:00:00,8.33,NA,225,0.81,NA,1007.79,NA,NA,-22.39,NA,-22.11,NA,NA,NA,6.71,",skc"
1876-03-17 15:00:00,NA,NA,NA,NA,NA,NA,NA,NA,-24.94,NA,-24.61,NA,NA,NA,NA,",skc,skc"
1876-03-17 21:00:00,6.11,NA,225,0.61,NA,1006.64,NA,NA,-24.56,NA,-24.44,NA,-8.61,NA,1,NA
1876-03-18,NA,NA,NA,NA,NA,NA,NA,NA,NA,NA,NA,-30,-25.28,32.78,NA,NA
1876-03-18 09:00:00,6.67,NA,45,1.12,NA,1004.2,NA,NA,-20.94,NA,-20.56,NA,NA,NA,2.68,",bkn"
1876-03-18 15:00:00,NA,NA,NA,NA,NA,NA,NA,NA,-16.72,NA,-16.56,NA,NA,NA,NA,",ovc,ovc"
1876-03-18 21:00:00,7.22,NA,45,1.49,NA,999.66,NA,NA,-16.89,NA,-16.67,NA,-7.78,NA,19,NA
1876-03-19,NA,NA,NA,NA,NA,NA,NA,NA,NA,NA,NA,-25.83,-12.17,36.67,NA,NA
1876-03-19 09:00:00,NA,NA,135,NA,NA,NA,NA,NA,NA,NA,NA,NA,NA,NA,1.34,NA
1876-03-19 21:00:00,NA,NA,180,NA,NA,NA,NA,NA,NA,NA,NA,NA,-9.44,NA,40,NA
1876-03-20,NA,NA,NA,NA,NA,NA,NA,NA,NA,NA,NA,-28.06,-12.22,34.44,NA,NA
1876-03-20 09:00:00,7.22,NA,NA,0.68,NA,995.19,NA,NA,-22.94,NA,-22.94,NA,NA,NA,0,",skc,skc"
1876-03-20 15:00:00,NA,NA,NA,NA,NA,NA,NA,NA,-15.72,NA,-15.33,NA,NA,NA,NA,",ovc"
1876-03-20 21:00:00,11.67,NA,45,1.49,NA,992.48,NA,NA,-15.83,NA,-15.44,NA,-7.22,NA,14,NA
1876-03-21,NA,NA,NA,NA,NA,NA,0.254,2.54,NA,NA,NA,-21.83,-7.78,34.44,NA,NA
1876-03-21 09:00:00,8.89,NA,45,2,NA,987.13,NA,NA,-14.22,NA,-13.89,NA,NA,NA,10.28,",ovc,ovc"
1876-03-21 15:00:00,NA,NA,NA,NA,NA,NA,NA,NA,-14.33,NA,-14.06,NA,NA,NA,NA,",skc,skc"
1876-03-21 21:00:00,12.78,NA,90,1.76,NA,990.52,NA,NA,-14.44,NA,-14.17,NA,-5.83,NA,40,NA
1876-03-22,NA,NA,NA,NA,NA,NA,0,0,NA,NA,NA,-16.28,-0.56,45.56,NA,NA
1876-03-22 09:00:00,8.89,NA,180,2.2,NA,990.86,NA,NA,-12.78,NA,-12.22,NA,NA,NA,4.47,",skc,skc"
1876-03-22 15:00:00,NA,NA,NA,NA,NA,NA,NA,NA,-9.39,NA,-8.83,NA,NA,NA,NA,",skc,skc"
1876-03-22 21:00:00,12.22,NA,45,2.91,NA,986.93,NA,NA,-9.44,NA,-8.89,NA,5,NA,45,NA
1876-03-23,NA,NA,NA,NA,NA,NA,2.54,25.4,NA,NA,NA,-11.83,0,42.22,NA,NA
1876-03-23 09:00:00,15,NA,45,3.62,NA,983.75,NA,NA,-5.56,NA,-5,NA,NA,NA,5.54,",ovc,ovc"
1876-03-23 15:00:00,NA,NA,NA,NA,NA,NA,NA,NA,-1.67,NA,-1.06,NA,NA,NA,NA,",ovc,ovc"
1876-03-23 21:00:00,13.33,NA,0,5.05,NA,980.7,NA,NA,-1.67,NA,-1.11,NA,2.22,NA,5,NA
1876-03-24,NA,NA,NA,NA,NA,NA,NA,NA,NA,NA,NA,-5.28,2.78,23.33,NA,NA
1876-03-24 09:00:00,17.22,NA,270,5.49,NA,981.21,NA,NA,-0.17,NA,0.56,NA,NA,NA,1.16,",ovc,ovc"
1876-03-24 15:00:00,NA,NA,NA,NA,NA,NA,NA,NA,-4.44,NA,-3.89,NA,NA,NA,NA,",ovc,ovc"
1876-03-24 21:00:00,18.89,NA,225,3.96,NA,987.13,NA,NA,-4.44,NA,-3.89,NA,5,NA,21,NA
1876-03-25,NA,NA,NA,NA,NA,NA,1.27,12.7,NA,NA,NA,-13.5,-5,21.67,NA,NA
1876-03-25 09:00:00,13.33,NA,225,2.78,NA,991.6,NA,NA,-8.33,NA,-7.94,NA,NA,NA,8.94,",ovc,ovc"
1876-03-25 15:00:00,NA,NA,NA,NA,NA,NA,NA,NA,-12.22,NA,-11.67,NA,NA,NA,NA,",ovc,ovc"
1876-03-25 21:00:00,12.78,NA,225,1.93,NA,994.24,NA,NA,-12.22,NA,-11.67,NA,2.22,NA,20,NA
1876-03-26,NA,NA,NA,NA,NA,NA,NA,NA,NA,NA,NA,-13.5,-5.56,36.67,NA,NA
1876-03-26 09:00:00,NA,NA,225,NA,NA,NA,NA,NA,NA,NA,NA,NA,NA,NA,7.82,NA
1876-03-26 21:00:00,NA,NA,0,NA,NA,NA,NA,NA,NA,NA,NA,NA,-3.89,NA,20,NA
1876-03-27,NA,NA,NA,NA,NA,NA,NA,NA,NA,NA,NA,-17.67,-2,43.89,NA,NA
1876-03-27 09:00:00,8.33,NA,0,1.9,NA,1004.47,NA,NA,-12.94,NA,-12.5,NA,NA,NA,4.02,",skc,skc"
1876-03-27 15:00:00,NA,NA,NA,NA,NA,NA,NA,NA,-12.22,NA,-11.67,NA,NA,NA,NA,",skc,skc"
1876-03-27 21:00:00,13.89,NA,315,2.07,NA,1003.79,NA,NA,-12.22,NA,-11.67,NA,5,NA,34,NA
1876-03-28,NA,NA,NA,NA,NA,NA,NA,NA,NA,NA,NA,-17.94,-0.56,44.44,NA,NA
1876-03-28 09:00:00,11.67,NA,90,2.13,NA,999.9,NA,NA,-9.44,NA,-8.33,NA,NA,NA,4.92,",skc,skc"
1876-03-28 15:00:00,NA,NA,NA,NA,NA,NA,NA,NA,-10.56,NA,-10,NA,NA,NA,NA,",skc,skc"
1876-03-28 21:00:00,15.56,NA,0,2.27,NA,996.41,NA,NA,-10.56,NA,-10,NA,6.67,NA,20,NA
1876-03-29,NA,NA,NA,NA,NA,NA,0,0,NA,NA,NA,-21.83,-2.78,41.67,NA,NA
1876-03-29 09:00:00,6.11,NA,315,1.39,NA,992.75,NA,NA,-15.67,NA,-15,NA,NA,NA,4.47,",skc,skc"
1876-03-29 15:00:00,NA,NA,NA,NA,NA,NA,NA,NA,-12.5,NA,-12.22,NA,NA,NA,NA,",skc,skc"
1876-03-29 21:00:00,11.11,NA,315,2.07,NA,989.84,NA,NA,-12.67,NA,-12.22,NA,1.67,NA,27,NA
1876-03-30,NA,NA,NA,NA,NA,NA,NA,NA,NA,NA,NA,-17.39,-1.11,40.89,NA,NA
1876-03-30 09:00:00,11.11,NA,0,1.96,NA,991.64,NA,NA,-11.11,NA,-10.28,NA,NA,NA,4.25,",skc,skc"
1876-03-30 15:00:00,NA,NA,NA,NA,NA,NA,NA,NA,-9.89,NA,-9.44,NA,NA,NA,NA,",skc,skc"
1876-03-30 21:00:00,15.56,NA,0,2.47,NA,997.29,NA,NA,-9.89,NA,-9.44,NA,1.11,NA,12,NA
1876-03-31,NA,NA,NA,NA,NA,NA,NA,NA,NA,NA,NA,-17.67,0.56,46.11,NA,NA
1876-03-31 09:00:00,13.33,NA,0,2.78,NA,1005.42,NA,NA,-8.89,NA,-8.5,NA,NA,NA,2.68,",skc,skc"
1876-03-31 15:00:00,NA,NA,NA,NA,NA,NA,NA,NA,-7.78,NA,-7.5,NA,NA,NA,NA,",skc,skc"
1876-03-31 21:00:00,15,NA,315,3.15,NA,1005.76,NA,NA,-7.78,NA,-7.5,NA,8.89,NA,2,NA
1876-04-01,NA,NA,NA,NA,NA,NA,NA,NA,NA,NA,NA,-15.72,1.67,48.89,NA,NA
1876-04-01 09:00:00,11.67,NA,180,3.12,NA,1003.93,NA,NA,-7.22,NA,-6.67,NA,NA,NA,4.47,",skc,skc"
1876-04-01 15:00:00,NA,NA,NA,NA,NA,NA,NA,NA,-5.56,NA,-4.44,NA,NA,NA,NA,",skc,skc"
1876-04-01 21:00:00,13.89,NA,180,3.05,NA,997.29,NA,NA,-5.56,NA,-4.44,NA,10,NA,34,NA
1876-04-02,NA,NA,NA,NA,NA,NA,NA,NA,NA,NA,NA,-7.94,3.89,49.44,NA,NA
1876-04-02 09:00:00,NA,NA,135,NA,NA,NA,NA,NA,NA,NA,NA,NA,NA,NA,7.38,NA
1876-04-02 21:00:00,NA,NA,135,NA,NA,NA,NA,NA,NA,NA,NA,NA,8.89,NA,12,NA
1876-04-03,NA,NA,NA,NA,NA,NA,NA,NA,NA,NA,NA,-5.06,4.44,39.44,NA,NA
1876-04-03 09:00:00,13.89,NA,180,4,NA,980.22,NA,NA,-2.94,NA,-1.67,NA,NA,NA,3.8,",ovc,ovc"
1876-04-03 15:00:00,NA,NA,NA,NA,NA,NA,NA,NA,-1.89,NA,-1.06,NA,NA,NA,NA,",skc"
1876-04-03 21:00:00,15.56,NA,270,4.77,NA,984.15,NA,NA,-1.89,NA,-1.06,NA,3.33,NA,40,NA
1876-04-04,NA,NA,NA,NA,NA,NA,NA,NA,NA,NA,NA,-6.44,2.78,51.67,NA,NA
1876-04-04 09:00:00,15,NA,315,4.2,NA,988.28,NA,NA,-2.78,NA,-1.67,NA,NA,NA,5.14,",ovc,ovc"
1876-04-04 15:00:00,NA,NA,NA,NA,NA,NA,NA,NA,-3.33,NA,-2.78,NA,NA,NA,NA,",skc"
1876-04-04 21:00:00,11.11,NA,270,4.37,NA,986.86,NA,NA,-3.33,NA,-2.78,NA,8.89,NA,16,NA
1876-04-05,NA,NA,NA,NA,NA,NA,NA,NA,NA,NA,NA,-14.22,4.44,53.89,NA,NA
1876-04-05 09:00:00,10.56,NA,225,3.15,NA,985.85,NA,NA,-6.67,NA,-5.94,NA,NA,NA,4.25,",skc,skc"
1876-04-05 15:00:00,NA,NA,NA,NA,NA,NA,NA,NA,0,NA,0.56,NA,NA,NA,NA,",ovc"
1876-04-05 21:00:00,15,NA,180,5.69,NA,983.41,NA,NA,0,NA,0.56,NA,5,NA,12,NA
1876-04-06,NA,NA,NA,NA,NA,NA,NA,NA,NA,NA,NA,-6.72,2.78,47.22,NA,NA
1876-04-06 09:00:00,16.11,270,270,5.49,NA,984.63,NA,NA,-0.28,NA,0.56,NA,NA,NA,8.05,",ovc,ovc"
1876-04-06 15:00:00,NA,NA,NA,NA,NA,NA,NA,NA,-6.39,NA,-5.56,NA,NA,NA,NA,",skc,skc"
1876-04-06 21:00:00,11.11,NA,315,3.25,NA,993.36,NA,NA,-6.39,NA,-5.56,NA,5,NA,20,NA
1876-04-07,NA,NA,NA,NA,NA,NA,NA,NA,NA,NA,NA,-14.33,1.11,55.89,NA,NA
1876-04-07 09:00:00,14.44,NA,0,2.61,NA,998.78,NA,NA,-8.89,NA,-8.17,NA,NA,NA,4.47,",skc,skc"
1876-04-07 15:00:00,NA,NA,NA,NA,NA,NA,NA,NA,-5.11,NA,-4.17,NA,NA,NA,NA,",ovc,ovc"
1876-04-07 21:00:00,10.56,NA,0,3.56,NA,993.63,NA,NA,-5.11,NA,-4.17,NA,7.78,NA,0,NA
1876-04-08,NA,NA,NA,NA,NA,NA,NA,NA,NA,NA,NA,-5.33,6.67,52.22,NA,NA
1876-04-08 09:00:00,12.22,NA,90,4.67,NA,987.34,NA,NA,-1.11,NA,0.28,NA,NA,NA,10.28,",skc,skc"
1876-04-08 15:00:00,NA,NA,NA,NA,NA,NA,NA,NA,2.78,NA,3.89,NA,NA,NA,NA,",ovc,ovc"
1876-04-08 21:00:00,18.89,NA,90,6.57,NA,979.01,NA,NA,2.78,NA,3.89,NA,9.17,NA,19,NA
1876-04-09,NA,NA,NA,NA,NA,NA,NA,NA,NA,NA,NA,-0.06,6.11,32.22,NA,NA
1876-04-09 09:00:00,NA,NA,90,NA,NA,NA,6.86,NA,NA,NA,NA,NA,NA,NA,4.92,",skc,skc"
1876-04-09 21:00:00,NA,NA,135,NA,NA,NA,NA,NA,NA,NA,NA,NA,6.67,NA,20,NA
1876-04-10,NA,NA,NA,NA,NA,NA,NA,NA,NA,NA,NA,-1.5,5.67,46.11,NA,NA
1876-04-10 09:00:00,14.44,NA,180,4.54,NA,977.99,NA,NA,0,NA,2.06,NA,NA,NA,12.29,",ovc,ovc"
1876-04-10 15:00:00,NA,NA,NA,NA,NA,NA,NA,NA,-0.56,NA,0,NA,NA,NA,NA,",skc,skc"
1876-04-10 21:00:00,14.44,NA,180,5.49,NA,987.47,NA,NA,-0.56,NA,0,NA,5,NA,12,NA
1876-04-11,NA,NA,NA,NA,NA,NA,NA,NA,NA,NA,NA,-4.5,5.56,47.78,NA,NA
1876-04-11 09:00:00,13.33,NA,270,4.77,NA,992.48,NA,NA,-1.39,NA,-0.28,NA,NA,NA,2.73,",skc,skc"
1876-04-11 15:00:00,NA,NA,NA,NA,NA,NA,NA,NA,-0.56,NA,0.28,NA,NA,NA,NA,",ovc,ovc"
1876-04-11 21:00:00,10.56,NA,270,5.32,NA,991.53,NA,NA,-0.56,NA,0.28,NA,9.44,NA,20,NA
1876-04-12,NA,NA,NA,NA,NA,NA,NA,NA,NA,NA,NA,-3.94,5.56,43.89,NA,NA
1876-04-12 09:00:00,14.44,270,270,5.69,NA,991.53,NA,NA,0,NA,0.56,NA,NA,NA,5.36,",ovc,ovc"
1876-04-12 15:00:00,NA,NA,NA,NA,NA,NA,NA,NA,-1.11,NA,-0.56,NA,NA,NA,NA,",skc,skc"
1876-04-12 21:00:00,12.78,NA,270,5.25,NA,989.5,NA,NA,-1.11,NA,-0.56,NA,5.56,NA,34,NA
1876-04-13,NA,NA,NA,NA,NA,NA,NA,NA,NA,NA,NA,-4.72,5.5,46.11,NA,NA
1876-04-13 09:00:00,15.56,NA,270,NA,NA,987.61,NA,NA,NA,NA,NA,NA,NA,NA,3.26,",skc,skc"
1876-04-13 15:00:00,NA,NA,NA,NA,NA,NA,NA,NA,-1.11,NA,0.28,NA,NA,NA,NA,",skc,skc"
1876-04-13 21:00:00,11.67,NA,315,4.67,NA,983.2,NA,NA,-1.11,NA,0.28,NA,6.11,NA,34,NA
1876-04-14,NA,NA,NA,NA,NA,NA,NA,NA,NA,NA,NA,-4.17,8.83,50.56,NA,NA
1876-04-14 09:00:00,NA,NA,0,5.22,NA,NA,NA,NA,-0.56,NA,0.39,NA,NA,NA,1.16,NA
1876-04-14 21:00:00,NA,NA,180,NA,NA,NA,NA,NA,NA,NA,NA,NA,11.67,NA,NA,NA
1876-04-15,NA,NA,NA,NA,NA,NA,NA,NA,NA,NA,NA,-4.17,-2.22,37.78,NA,NA
1876-04-15 09:00:00,11.11,NA,135,5.93,NA,983.2,NA,NA,0.56,NA,1.11,NA,NA,NA,NA,",ovc,ovc"
1876-04-15 15:00:00,NA,NA,NA,NA,NA,NA,NA,NA,-2.22,NA,-1.67,NA,NA,NA,NA,",skc"
1876-04-15 21:00:00,9.44,NA,0,4.81,NA,986.12,NA,NA,-2.22,NA,-1.67,NA,4.44,NA,40,NA
1876-04-16,NA,NA,NA,NA,NA,NA,NA,NA,NA,NA,NA,-4.17,1.67,40.83,NA,NA
1876-04-16 09:00:00,NA,NA,315,NA,NA,NA,NA,NA,NA,NA,NA,NA,NA,NA,5.81,NA
1876-04-16 21:00:00,NA,NA,315,NA,NA,NA,NA,NA,NA,NA,NA,NA,4.17,NA,11,NA
1876-04-17,NA,NA,NA,NA,NA,NA,NA,NA,NA,NA,NA,-3.61,12.78,48.33,NA,NA
1876-04-17 09:00:00,11.11,NA,270,7.25,NA,997.49,NA,NA,2.78,NA,3.06,NA,NA,NA,8.94,",skc,skc"
1876-04-17 15:00:00,NA,NA,NA,NA,NA,NA,NA,NA,0.28,NA,2.22,NA,NA,NA,NA,",skc,skc"
1876-04-17 21:00:00,8.89,NA,0,4.61,NA,994.18,NA,NA,0.28,NA,2.22,NA,13.89,NA,11,NA
1876-04-18,NA,NA,NA,NA,NA,NA,NA,NA,NA,NA,NA,-1.67,14.44,50.56,NA,NA
1876-04-18 09:00:00,15.56,NA,135,5.11,NA,990.99,NA,NA,3.33,NA,6.67,NA,NA,NA,7.15,",ovc,ovc"
1876-04-18 15:00:00,NA,NA,NA,NA,NA,NA,NA,NA,2.22,NA,5.56,NA,NA,NA,NA,",skc,skc"
1876-04-18 21:00:00,18.33,NA,135,4.54,NA,983.95,NA,NA,2.22,NA,5.56,NA,15.56,NA,24,NA
1876-04-19,NA,NA,NA,NA,NA,NA,NA,NA,NA,NA,NA,3.33,13.89,43.33,NA,NA
1876-04-19 09:00:00,13.89,225,135,5.55,NA,976.97,0.51,NA,3.33,NA,6.11,NA,NA,NA,14.3,",ovc,ovc"
1876-04-19 15:00:00,NA,NA,NA,NA,NA,NA,NA,NA,5.83,NA,6.67,NA,NA,NA,NA,",ovc,ovc"
1876-04-19 21:00:00,16.11,180,180,8.53,NA,979.68,NA,NA,5.56,NA,6.67,NA,14.44,NA,45,NA
1876-04-20,NA,NA,NA,NA,NA,NA,NA,NA,NA,NA,NA,1.61,12.17,49.72,NA,NA
1876-04-20 09:00:00,14.44,NA,270,4.27,NA,984.69,NA,NA,4.89,NA,10.39,NA,NA,NA,17.21,",bkn,bkn"
1876-04-20 15:00:00,NA,NA,NA,NA,NA,NA,NA,NA,1.94,NA,4.89,NA,NA,NA,NA,",skc,skc"
1876-04-20 21:00:00,15,NA,270,4.71,NA,990.99,NA,NA,1.94,NA,4.89,NA,13.89,NA,13,NA
1876-04-21,NA,NA,NA,NA,NA,NA,NA,NA,NA,NA,NA,0.5,11.06,47.78,NA,NA
1876-04-21 09:00:00,15.56,270,270,4.77,NA,993.77,NA,NA,3.06,NA,6.67,NA,NA,NA,8.05,",bkn,bkn"
1876-04-21 15:00:00,NA,NA,NA,NA,NA,NA,NA,NA,1.67,NA,3.33,NA,NA,NA,NA,",skc,skc"
1876-04-21 21:00:00,14.44,NA,225,5.59,NA,995.12,NA,NA,1.67,NA,3.33,NA,12.78,NA,20,NA
1876-04-22,NA,NA,NA,NA,NA,NA,NA,NA,NA,NA,NA,-2.22,13,51.67,NA,NA
1876-04-22 09:00:00,17.78,NA,45,4.81,NA,996.28,NA,NA,2.78,NA,6.11,NA,NA,NA,1.79,",skc,skc"
1876-04-22 15:00:00,NA,NA,NA,NA,NA,NA,NA,NA,0.28,NA,2.78,NA,NA,NA,NA,",skc,skc"
1876-04-22 21:00:00,14.44,NA,45,4.27,NA,993.97,NA,NA,0.28,NA,2.78,NA,20.56,NA,11,NA
1876-04-23,NA,NA,NA,NA,NA,NA,NA,NA,NA,NA,NA,-1.94,16.56,51.11,NA,NA
1876-04-23 09:00:00,NA,NA,135,NA,NA,NA,NA,NA,NA,NA,NA,NA,NA,NA,5.36,NA
1876-04-23 21:00:00,NA,NA,90,NA,NA,NA,NA,NA,NA,NA,NA,NA,15,NA,27,NA
1876-04-24,NA,NA,NA,NA,NA,NA,NA,NA,NA,NA,NA,-1.39,15.5,51.11,NA,NA
1876-04-24 09:00:00,13.33,NA,180,7.55,NA,995.94,1.27,NA,6.67,NA,9.44,NA,NA,NA,1.92,",skc,skc"
1876-04-24 15:00:00,NA,NA,NA,NA,NA,NA,NA,NA,8.33,NA,8.61,NA,NA,NA,NA,",ovc,ovc"
1876-04-24 21:00:00,13.89,NA,180,10.7,NA,991.74,NA,NA,8.33,NA,8.61,NA,16.11,NA,20,NA
1876-04-25,NA,NA,NA,NA,NA,NA,NA,NA,NA,NA,NA,5.83,18.78,54.44,NA,NA
1876-04-25 09:00:00,16.67,NA,315,7.28,NA,990.18,NA,NA,5.56,NA,7.78,NA,NA,NA,7.15,",ovc,ovc"
1876-04-25 15:00:00,NA,NA,NA,NA,NA,NA,NA,NA,6.67,NA,8.33,NA,NA,NA,NA,",skc,skc"
1876-04-25 21:00:00,13.33,NA,90,8.43,NA,985.51,NA,NA,6.67,NA,8.33,NA,20,NA,1,NA
1876-04-26,NA,NA,NA,NA,NA,NA,NA,NA,NA,NA,NA,3.89,24.89,57.22,NA,NA
1876-04-26 09:00:00,13.33,NA,180,9.69,NA,982.26,NA,NA,9.61,NA,12.39,NA,NA,NA,5.36,",skc,skc"
1876-04-26 15:00:00,NA,NA,NA,NA,NA,NA,NA,NA,10,NA,11.11,NA,NA,NA,NA,",skc"
1876-04-26 21:00:00,16.11,NA,180,11.31,NA,974.13,NA,NA,10,NA,11.11,NA,23.89,NA,11,NA
1876-04-27,NA,NA,NA,NA,NA,NA,NA,NA,NA,NA,NA,-3.06,12.72,47.78,NA,NA
1876-04-27 09:00:00,13.89,315,315,5.99,NA,976.3,1.27,NA,3.33,NA,5.56,NA,NA,NA,17.43,",ovc,ovc"
1876-04-27 15:00:00,NA,NA,NA,NA,NA,NA,NA,NA,-1.11,NA,-1.11,NA,NA,NA,NA,",skc,skc"
1876-04-27 21:00:00,9.44,NA,0,5.66,NA,985.1,NA,NA,-1.11,NA,-1.11,NA,12.22,NA,18,NA
1876-04-28,NA,NA,NA,NA,NA,NA,NA,NA,NA,NA,NA,-5.83,0.56,40.56,NA,NA
1876-04-28 09:00:00,14.44,NA,315,3.12,NA,989.03,NA,NA,-5.28,NA,-3.89,NA,NA,NA,13.32,",skc,skc"
1876-04-28 15:00:00,NA,NA,NA,NA,NA,NA,NA,NA,-3.33,NA,-3.33,NA,NA,NA,NA,",skc,skc"
1876-04-28 21:00:00,17.22,NA,0,4.77,NA,989.98,NA,NA,-3.33,NA,-3.33,NA,6.67,NA,19,NA
1876-04-29,NA,NA,NA,NA,NA,NA,NA,NA,NA,NA,NA,-8.61,5.06,41.11,NA,NA
1876-04-29 09:00:00,13.33,NA,315,4.67,NA,994.72,NA,NA,-3.06,NA,-2.78,NA,NA,NA,12.52,",skc,skc"
1876-04-29 15:00:00,NA,NA,NA,NA,NA,NA,NA,NA,-5.72,NA,-5,NA,NA,NA,NA,",skc,skc"
1876-04-29 21:00:00,15,NA,45,3.42,NA,995.6,NA,NA,-5.72,NA,-5,NA,5,NA,15,NA
1876-04-30,NA,NA,NA,NA,NA,NA,0,0,NA,NA,NA,-8.61,5.78,40.56,NA,NA
1876-04-30 09:00:00,NA,NA,135,NA,NA,NA,NA,NA,NA,NA,NA,NA,NA,NA,6.26,NA
1876-04-30 21:00:00,NA,NA,45,NA,NA,NA,NA,NA,NA,NA,NA,NA,7.22,NA,27,NA
1876-05-01,NA,NA,NA,NA,NA,NA,1.27,12.7,NA,NA,NA,-0.83,3.89,25,NA,NA
1876-05-01 09:00:00,11.67,NA,135,5.93,NA,1000.17,NA,NA,0.56,NA,1.11,NA,NA,NA,1.34,",ovc,ovc"
1876-05-01 15:00:00,NA,NA,NA,NA,NA,NA,NA,NA,0,NA,0.33,NA,NA,NA,NA,",skc"
1876-05-01 21:00:00,8.33,NA,90,5.82,NA,1001.96,NA,NA,0,NA,0.33,NA,6.11,NA,5,NA
1876-05-02,NA,NA,NA,NA,NA,NA,3.81,38.1,NA,NA,NA,-1.39,3.33,35,NA,NA
1876-05-02 09:00:00,15,180,225,5.15,NA,995.06,NA,NA,0.28,NA,1.67,NA,NA,NA,3.35,",ovc,ovc"
1876-05-02 15:00:00,NA,NA,NA,NA,NA,NA,NA,NA,-0.56,NA,0,NA,NA,NA,NA,",ovc,ovc"
1876-05-02 21:00:00,8.89,180,270,5.49,NA,989.5,NA,NA,-0.56,NA,0,NA,4.44,NA,24,NA
1876-05-03,NA,NA,NA,NA,NA,NA,NA,NA,NA,NA,NA,-1.39,9.94,48.89,NA,NA
1876-05-03 09:00:00,11.67,NA,45,6.23,NA,991.87,NA,NA,2.5,NA,3.89,NA,NA,NA,7.38,",skc"
1876-05-03 15:00:00,NA,NA,NA,NA,NA,NA,NA,NA,1.72,NA,2.89,NA,NA,NA,NA,",ovc,ovc"
1876-05-03 21:00:00,11.67,NA,0,6.03,NA,993.3,NA,NA,1.72,NA,2.89,NA,12.78,NA,34,NA
1876-05-04,NA,NA,NA,NA,NA,NA,NA,NA,NA,NA,NA,0.5,9.39,33.89,NA,NA
1876-05-04 09:00:00,11.11,NA,45,6.26,NA,993.09,NA,NA,3.06,NA,4.72,NA,NA,NA,0.45,",ovc,ovc"
1876-05-04 15:00:00,NA,NA,NA,NA,NA,NA,NA,NA,2.78,NA,3.89,NA,NA,NA,NA,",ovc,ovc"
1876-05-04 21:00:00,11.67,90,45,6.57,NA,991.57,NA,NA,2.78,NA,3.89,NA,11.67,NA,2,NA
1876-05-05,NA,NA,NA,NA,NA,NA,NA,NA,NA,NA,NA,1.06,13.28,55,NA,NA
1876-05-05 09:00:00,15.56,NA,90,5.99,NA,991.67,NA,NA,5.28,NA,8.89,NA,NA,NA,2.68,",ovc,ovc"
1876-05-05 15:00:00,NA,NA,NA,NA,NA,NA,NA,NA,2.78,NA,5,NA,NA,NA,NA,",skc,skc"
1876-05-05 21:00:00,12.22,NA,0,5.69,NA,991.67,NA,NA,2.78,NA,5,NA,17.78,NA,45,NA
1876-05-06,NA,NA,NA,NA,NA,NA,NA,NA,NA,NA,NA,1.61,16.56,55.56,NA,NA
1876-05-06 09:00:00,12.78,NA,90,6.37,NA,993.7,NA,NA,7.22,NA,11.94,NA,NA,NA,3.13,",ovc"
1876-05-06 15:00:00,NA,NA,NA,NA,NA,NA,NA,NA,3.06,NA,5.56,NA,NA,NA,NA,",skc,skc"
1876-05-06 21:00:00,15.56,NA,0,5.62,NA,993.57,NA,NA,3.06,NA,5.56,NA,18.89,NA,40,NA
1876-05-07,NA,NA,NA,NA,NA,NA,NA,NA,NA,NA,NA,-1.94,17.67,50.94,NA,NA
1876-05-07 09:00:00,NA,NA,0,NA,NA,NA,NA,NA,NA,NA,NA,NA,NA,NA,8.94,NA
1876-05-07 21:00:00,NA,NA,45,NA,NA,NA,NA,NA,NA,NA,NA,NA,18.89,NA,5,NA
1876-05-08,NA,NA,NA,NA,NA,NA,NA,NA,NA,NA,NA,0.78,19.61,54.44,NA,NA
1876-05-08 09:00:00,11.67,NA,225,6.47,NA,984.97,NA,NA,8.06,NA,13.33,NA,NA,NA,8.05,",skc"
1876-05-08 15:00:00,NA,NA,NA,NA,NA,NA,NA,NA,2.5,NA,3.44,NA,NA,NA,NA,",skc,skc"
1876-05-08 21:00:00,13.33,NA,315,6.54,NA,984.02,NA,NA,2.5,NA,3.44,NA,20.56,NA,20,NA
1876-05-09,NA,NA,NA,NA,NA,NA,NA,NA,NA,NA,NA,-0.33,13.83,51.67,NA,NA
1876-05-09 09:00:00,11.11,315,315,6.16,NA,984.49,NA,NA,4.44,NA,7.22,NA,NA,NA,13.63,",ovc"
1876-05-09 15:00:00,NA,NA,NA,NA,NA,NA,NA,NA,4.33,NA,5.67,NA,NA,NA,NA,",skc,skc"
1876-05-09 21:00:00,11.67,NA,45,7.25,NA,989.64,NA,NA,4.33,NA,5.61,NA,15.56,NA,2,NA
1876-05-10,NA,NA,NA,NA,NA,NA,NA,NA,NA,NA,NA,-0.33,13.28,38.89,NA,NA
1876-05-10 09:00:00,11.11,NA,135,8.3,NA,991.6,0.76,NA,7.78,NA,10.56,NA,NA,NA,4.25,",ovc"
1876-05-10 15:00:00,NA,NA,NA,NA,NA,NA,NA,NA,6.83,NA,7.67,NA,NA,NA,NA,",ovc,ovc"
1876-05-10 21:00:00,22.78,NA,90,9.18,NA,994.04,NA,NA,6.83,NA,7.67,NA,12.78,NA,2,NA
1876-05-11,NA,NA,NA,NA,NA,NA,NA,NA,NA,NA,NA,0.78,17.11,55,NA,NA
1876-05-11 09:00:00,18.89,NA,0,9.72,NA,995.8,NA,NA,9.44,NA,11.94,NA,NA,NA,6.71,",skc"
1876-05-11 15:00:00,NA,NA,NA,NA,NA,NA,NA,NA,1.67,NA,4.44,NA,NA,NA,NA,",skc"
1876-05-11 21:00:00,15,NA,0,4.71,NA,998.31,NA,NA,1.67,NA,4.44,NA,20.56,NA,20,NA
1876-05-12,NA,NA,NA,NA,NA,NA,NA,NA,NA,NA,NA,-1.11,17.11,53.06,NA,NA
1876-05-12 09:00:00,13.89,NA,270,4.84,NA,997.8,NA,NA,6.67,NA,12.78,NA,NA,NA,0.89,",skc,skc"
1876-05-12 15:00:00,NA,NA,NA,NA,NA,NA,NA,NA,3.33,NA,6.67,NA,NA,NA,NA,",skc,skc"
1876-05-12 21:00:00,13.89,NA,45,5.11,NA,997.63,NA,NA,3.33,NA,6.67,NA,21.67,NA,40,NA
1876-05-13,NA,NA,NA,NA,NA,NA,NA,NA,NA,NA,NA,-0.56,17.94,48.33,NA,NA
1876-05-13 09:00:00,12.22,NA,135,5.99,NA,996,1.78,NA,8.33,NA,14.44,NA,NA,NA,10.06,",bkn,bkn"
1876-05-13 15:00:00,NA,NA,NA,NA,NA,NA,NA,NA,8.89,NA,10,NA,NA,NA,NA,",ovc,ovc"
1876-05-13 21:00:00,14.44,90,90,10.46,NA,991.26,NA,NA,8.89,NA,10,NA,18.33,NA,15,NA
1876-05-14,NA,NA,NA,NA,NA,NA,NA,NA,NA,NA,NA,7.22,11.06,43.33,NA,NA
1876-05-14 09:00:00,NA,NA,90,NA,NA,NA,NA,NA,NA,NA,NA,NA,NA,NA,9.61,NA
1876-05-14 21:00:00,NA,NA,90,NA,NA,NA,NA,NA,NA,NA,NA,NA,17.22,NA,27,NA
1876-05-15,NA,NA,NA,NA,NA,NA,NA,NA,NA,NA,NA,7.22,16.06,45.56,NA,NA
1876-05-15 09:00:00,12.78,225,90,8.43,NA,986.32,2.03,NA,6.67,NA,8.33,NA,NA,NA,14.75,",ovc,ovc"
1876-05-15 15:00:00,NA,NA,NA,NA,NA,NA,NA,NA,8.5,NA,12,NA,NA,NA,NA,",ovc,ovc"
1876-05-15 21:00:00,15.56,NA,135,8.16,NA,988.83,NA,NA,8.5,NA,11.94,NA,16.11,NA,22,NA
1876-05-16,NA,NA,NA,NA,NA,NA,NA,NA,NA,NA,NA,6.11,11.06,24.44,NA,NA
1876-05-16 09:00:00,13.33,135,90,8.4,NA,986.46,NA,NA,6.94,NA,8.89,NA,NA,NA,6.71,",ovc,ovc"
1876-05-16 15:00:00,NA,NA,NA,NA,NA,NA,NA,NA,7.78,NA,9.44,NA,NA,NA,NA,",ovc,ovc"
1876-05-16 21:00:00,17.78,135,225,9.18,NA,987.81,NA,NA,7.78,NA,9.44,NA,12.22,NA,11,NA
1876-05-17,NA,NA,NA,NA,NA,NA,0,0,NA,NA,NA,7.22,21,55,NA,NA
1876-05-17 09:00:00,14.44,NA,315,10.84,NA,989.77,NA,NA,10.56,NA,12.78,NA,NA,NA,3.35,",bkn"
1876-05-17 15:00:00,NA,NA,NA,NA,NA,NA,NA,NA,9.44,NA,11.72,NA,NA,NA,NA,",skc,skc"
1876-05-17 21:00:00,16.11,NA,0,9.96,NA,990.52,NA,NA,9.44,NA,11.67,NA,21.67,NA,1,NA
1876-05-18,NA,NA,NA,NA,NA,NA,NA,NA,NA,NA,NA,7.22,26.56,57.78,NA,NA
1876-05-18 09:00:00,16.11,NA,180,11.38,NA,990.52,NA,NA,10.56,NA,19.44,NA,NA,NA,5.59,",skc"
1876-05-18 15:00:00,NA,NA,NA,NA,NA,NA,NA,NA,13.33,NA,16.72,NA,NA,NA,NA,",skc,skc"
1876-05-18 21:00:00,18.89,NA,90,12.46,NA,984.63,NA,NA,13.33,NA,16.67,NA,27.22,NA,15,NA
1876-05-19,NA,NA,NA,NA,NA,NA,NA,NA,NA,NA,NA,11.89,25.56,46.11,NA,NA
1876-05-19 09:00:00,18.33,225,180,17.24,NA,978.26,19.81,NA,13.61,NA,16.67,NA,NA,NA,2.41,",ovc,ovc"
1876-05-19 15:00:00,NA,NA,NA,NA,NA,NA,NA,NA,12.78,NA,13.94,NA,NA,NA,NA,",ovc,ovc"
1876-05-19 21:00:00,20.56,90,90,13.75,NA,975.28,NA,NA,12.78,NA,13.89,NA,26.11,NA,11,NA
1876-05-20,NA,NA,NA,NA,NA,NA,NA,NA,NA,NA,NA,10.5,22.67,55,NA,NA
1876-05-20 09:00:00,18.33,225,180,13.07,NA,974.87,1.27,NA,13.61,NA,16.67,NA,NA,NA,16.09,",bkn"
1876-05-20 15:00:00,NA,NA,NA,NA,NA,NA,NA,NA,12.78,NA,13.94,NA,NA,NA,NA,",skc,skc"
1876-05-20 21:00:00,18.33,NA,0,13.75,NA,976.3,NA,NA,12.78,NA,13.89,NA,23.89,NA,20,NA
1876-05-21,NA,NA,NA,NA,NA,NA,NA,NA,NA,NA,NA,5.56,19.33,52.78,NA,NA
1876-05-21 09:00:00,NA,NA,0,NA,NA,NA,NA,NA,NA,NA,NA,NA,NA,NA,10.95,NA
1876-05-21 21:00:00,NA,NA,0,NA,NA,NA,NA,NA,NA,NA,NA,NA,24.44,NA,20,NA
1876-05-22,NA,NA,NA,NA,NA,NA,NA,NA,NA,NA,NA,-0.06,25.44,56.39,NA,NA
1876-05-22 09:00:00,15,NA,225,5.72,NA,1002.37,NA,NA,6.94,NA,12.22,NA,NA,NA,0.89,",skc,skc"
1876-05-22 15:00:00,NA,NA,NA,NA,NA,NA,NA,NA,9.44,NA,12.83,NA,NA,NA,NA,",skc,skc"
1876-05-22 21:00:00,16.11,NA,270,9.08,NA,1000.2,NA,NA,9.44,NA,12.78,NA,26.11,NA,1,NA
1876-05-23,NA,NA,NA,NA,NA,NA,NA,NA,NA,NA,NA,7.22,26,57.78,NA,NA
1876-05-23 09:00:00,17.78,NA,270,8.84,NA,999.26,NA,NA,12.78,NA,20,NA,NA,NA,7.82,",skc,skc"
1876-05-23 15:00:00,NA,NA,NA,NA,NA,NA,NA,NA,12.22,NA,16.17,NA,NA,NA,NA,",skc,skc"
1876-05-23 21:00:00,18.89,NA,270,10.84,NA,995.6,NA,NA,12.22,NA,16.11,NA,26.39,NA,2,NA
1876-05-24,NA,NA,NA,NA,NA,NA,NA,NA,NA,NA,NA,8.83,31.56,61.67,NA,NA
1876-05-24 09:00:00,NA,NA,270,NA,NA,NA,NA,NA,NA,NA,NA,NA,NA,NA,2.91,NA
1876-05-24 21:00:00,NA,NA,135,NA,NA,NA,NA,NA,NA,NA,NA,NA,32.22,NA,2,NA
1876-05-25,NA,NA,NA,NA,NA,NA,NA,NA,NA,NA,NA,10.5,29.33,61.94,NA,NA
1876-05-25 09:00:00,20,NA,270,10.5,NA,994.92,NA,NA,15,NA,22.78,NA,NA,NA,2.24,",skc"
1876-05-25 15:00:00,NA,NA,NA,NA,NA,NA,NA,NA,12.78,NA,17.22,NA,NA,NA,NA,",skc,skc"
1876-05-25 21:00:00,21.11,NA,225,11.07,NA,991.6,NA,NA,12.78,NA,17.22,NA,32.22,NA,40,NA
1876-05-26,NA,NA,NA,NA,NA,NA,NA,NA,NA,NA,NA,12.17,14.33,62.78,NA,NA
1876-05-26 09:00:00,21.11,NA,225,14.66,NA,988.83,NA,NA,17.78,NA,24.44,NA,NA,NA,5.59,",skc"
1876-05-26 15:00:00,NA,NA,NA,NA,NA,NA,NA,NA,12.78,NA,18.06,NA,NA,NA,NA,",skc,skc"
1876-05-26 21:00:00,22.78,NA,270,10.4,NA,985.44,NA,NA,12.78,NA,18.06,NA,32.22,NA,12,NA
1876-05-27,NA,NA,NA,NA,NA,NA,NA,NA,NA,NA,NA,NA,NA,63.33,NA,NA
1876-05-27 09:00:00,21.11,NA,315,9.96,NA,985.44,NA,NA,14.44,NA,22.22,NA,NA,NA,4.47,",skc"
1876-05-27 15:00:00,NA,NA,NA,NA,NA,NA,NA,NA,12.28,NA,17.5,NA,NA,NA,NA,",skc,skc"
1876-05-27 21:00:00,22.78,NA,225,9.99,NA,982.46,NA,NA,12.28,NA,17.5,NA,31.67,NA,34,NA
1876-05-28,NA,NA,NA,NA,NA,NA,NA,NA,NA,NA,NA,8.83,31,57.78,NA,NA
1876-05-28 09:00:00,NA,NA,225,NA,NA,NA,NA,NA,NA,NA,NA,NA,NA,NA,1.34,NA
1876-05-28 21:00:00,NA,NA,0,NA,NA,NA,NA,NA,NA,NA,NA,NA,30.56,NA,24,NA
1876-05-29,NA,NA,NA,NA,NA,NA,NA,NA,NA,NA,NA,5,21.56,54.44,NA,NA
1876-05-29 09:00:00,18.33,NA,90,10.09,NA,989.3,5.84,NA,12.22,NA,17.22,NA,NA,NA,9.39,",ovc"
1876-05-29 15:00:00,NA,NA,NA,NA,NA,NA,NA,NA,13.28,NA,17.22,NA,NA,NA,NA,",ovc,ovc"
1876-05-29 21:00:00,19.44,180,90,11.95,NA,980.36,NA,NA,13.33,NA,17.22,NA,21.11,NA,17,NA
1876-05-30,NA,NA,NA,NA,NA,NA,NA,NA,NA,NA,NA,12.72,26.56,56.11,NA,NA
1876-05-30 09:00:00,18.89,225,225,16.19,NA,971.42,NA,NA,15,NA,16.39,NA,NA,NA,11.62,",ovc,ovc"
1876-05-30 15:00:00,NA,NA,NA,NA,NA,NA,NA,NA,13.33,NA,16.17,NA,NA,NA,NA,",skc,skc"
1876-05-30 21:00:00,21.11,NA,0,12.94,NA,972.77,NA,NA,13.33,NA,16.11,NA,27.22,NA,16,NA
1876-05-31,NA,NA,NA,NA,NA,NA,NA,NA,NA,NA,NA,2.17,12.72,40.56,NA,NA
1876-05-31 09:00:00,18.33,NA,0,12.19,NA,971.89,23.62,NA,10.28,NA,10.56,NA,NA,NA,11.62,",ovc,ovc"
1876-05-31 15:00:00,NA,NA,NA,NA,NA,NA,NA,NA,3.89,NA,3.89,NA,NA,NA,NA,",ovc,ovc"
1876-05-31 21:00:00,15,NA,0,8.06,NA,976.97,NA,NA,3.89,NA,3.89,NA,12.78,NA,29,NA
1876-06-01,NA,NA,NA,NA,NA,NA,NA,NA,NA,NA,NA,2.17,5.5,23.89,NA,NA
1876-06-01 09:00:00,12.22,NA,45,7.25,NA,975.28,19.81,NA,2.78,NA,3.06,NA,NA,NA,11.76,",ovc,ovc"
1876-06-01 15:00:00,NA,NA,NA,NA,NA,NA,NA,NA,3.5,NA,3.89,NA,NA,NA,NA,",ovc,ovc"
1876-06-01 21:00:00,10.56,NA,45,7.55,NA,976.47,NA,NA,3.5,NA,3.89,NA,5.56,NA,16,NA
1876-06-02,NA,NA,NA,NA,NA,NA,NA,NA,NA,NA,NA,1.61,8.83,28.33,NA,NA
1876-06-02 09:00:00,11.11,NA,45,8.6,NA,983.48,0.51,NA,6.11,NA,6.11,NA,NA,NA,6.26,",ovc,ovc"
1876-06-02 15:00:00,NA,NA,NA,NA,NA,NA,NA,NA,2.28,NA,3.33,NA,NA,NA,NA,",ovc,ovc"
1876-06-02 21:00:00,15.56,NA,45,6.37,NA,991.6,NA,NA,2.28,NA,3.33,NA,9.44,NA,15,NA
1876-06-03,NA,NA,NA,NA,NA,NA,NA,NA,NA,NA,NA,-0.61,16.56,35.83,NA,NA
1876-06-03 09:00:00,12.22,NA,0,6.06,NA,991.97,NA,NA,8.89,NA,8.33,NA,NA,NA,7.15,",skc,skc"
1876-06-03 15:00:00,NA,NA,NA,NA,NA,NA,NA,NA,5.06,NA,6.67,NA,NA,NA,NA,",skc,skc"
1876-06-03 21:00:00,12.22,NA,0,7.45,NA,990.11,NA,NA,5.06,NA,6.67,NA,17.22,NA,11,NA
1876-06-04,NA,NA,NA,NA,NA,NA,NA,NA,NA,NA,NA,2.17,25.44,57.5,NA,NA
1876-06-04 21:00:00,NA,NA,NA,NA,NA,NA,NA,NA,NA,NA,NA,NA,25,NA,NA,NA
1876-06-05,NA,NA,NA,NA,NA,NA,NA,NA,NA,NA,NA,6.67,24.89,60.56,NA,NA
1876-06-05 09:00:00,15,NA,45,11.41,NA,988.15,NA,NA,13.33,NA,18.17,NA,NA,NA,3.67,",skc,skc"
1876-06-05 15:00:00,NA,NA,NA,NA,NA,NA,NA,NA,8.89,NA,11.17,NA,NA,NA,NA,",bkn"
1876-06-05 21:00:00,16.11,NA,45,9.52,NA,992.21,NA,NA,8.89,NA,11.11,NA,26.11,NA,14,NA
1876-06-06,NA,NA,NA,NA,NA,NA,NA,NA,NA,NA,NA,5,21,54.44,NA,NA
1876-06-06 09:00:00,13.89,NA,45,8.64,NA,993.06,NA,NA,8.89,NA,12.22,NA,NA,NA,1.88,",bkn"
1876-06-06 15:00:00,NA,NA,NA,NA,NA,NA,NA,NA,10,NA,12.83,NA,NA,NA,NA,",bkn"
1876-06-06 21:00:00,16.11,NA,45,9.96,NA,987.47,NA,NA,10,NA,12.78,NA,23.33,NA,27,NA
1876-06-07,NA,NA,NA,NA,NA,NA,NA,NA,NA,NA,NA,11.06,14.89,30.56,NA,NA
1876-06-07 09:00:00,15,135,90,10.19,NA,982.39,7.37,NA,10.56,NA,13.61,NA,NA,NA,6.03,",ovc,ovc"
1876-06-07 15:00:00,NA,NA,NA,NA,NA,NA,NA,NA,11.11,NA,11.72,NA,NA,NA,NA,",ovc,ovc"
1876-06-07 21:00:00,15.56,135,45,12.67,NA,980.02,NA,NA,11.11,NA,11.67,NA,31.11,NA,40,NA
1876-06-08,NA,NA,NA,NA,NA,NA,NA,NA,NA,NA,NA,11.06,16,39.44,NA,NA
1876-06-08 09:00:00,15,135,45,12.8,NA,1013,14.48,NA,12.5,NA,14.44,NA,NA,NA,4.47,",ovc,ovc"
1876-06-08 15:00:00,NA,NA,NA,NA,NA,NA,NA,NA,12.78,NA,12.83,NA,NA,NA,NA,",ovc,ovc"
1876-06-08 21:00:00,15.56,NA,45,14.63,NA,1012.53,NA,NA,12.78,NA,12.78,NA,17.22,NA,20,NA
1876-06-09,NA,NA,NA,NA,NA,NA,NA,NA,NA,NA,NA,12.33,19.89,57.78,NA,NA
1876-06-09 09:00:00,15.56,NA,45,14.26,NA,1011.04,14.48,NA,13.33,NA,14.44,NA,NA,NA,0.22,",ovc,ovc"
1876-06-09 15:00:00,NA,NA,NA,NA,NA,NA,NA,NA,13.61,NA,13.94,NA,NA,NA,NA,",ovc,ovc"
1876-06-09 21:00:00,16.67,NA,0,15.2,NA,1014.56,NA,NA,13.61,NA,13.89,NA,23.33,NA,2,NA
1876-06-10,NA,NA,NA,NA,NA,NA,NA,NA,NA,NA,NA,13,23.78,59.44,NA,NA
1876-06-10 09:00:00,17.22,135,45,14.66,NA,1009.62,8.89,NA,15.83,NA,17.78,NA,NA,NA,4.02,",ovc,ovc"
1876-06-10 15:00:00,NA,NA,NA,NA,NA,NA,NA,NA,16.11,NA,17,NA,NA,NA,NA,",bkn"
1876-06-10 21:00:00,19.44,180,90,17.34,NA,1006.23,NA,NA,16.17,NA,16.94,NA,25.56,NA,16,NA
1876-06-11,NA,NA,NA,NA,NA,NA,NA,NA,NA,NA,NA,12.17,20.44,56.67,NA,NA
1876-06-11 09:00:00,NA,NA,180,NA,NA,NA,7.62,NA,NA,NA,NA,NA,NA,NA,NA,NA
1876-06-11 21:00:00,NA,NA,NA,NA,NA,NA,NA,NA,NA,NA,NA,NA,21.67,NA,NA,NA
1876-06-12,NA,NA,NA,NA,NA,NA,NA,NA,NA,NA,NA,7.72,25.44,58.33,NA,NA
1876-06-12 09:00:00,16.67,315,180,11.41,NA,996.07,NA,NA,11.94,NA,10,NA,NA,NA,3.58,",bkn,bkn"
1876-06-12 15:00:00,NA,NA,NA,NA,NA,NA,NA,NA,13.89,NA,15.61,NA,NA,NA,NA,",skc,skc"
1876-06-12 21:00:00,17.78,NA,180,14.39,NA,992.89,NA,NA,13.89,NA,15.56,NA,24.44,NA,11,NA
1876-06-13,NA,NA,NA,NA,NA,NA,NA,NA,NA,NA,NA,14.39,29.33,60.56,NA,NA
1876-06-13 09:00:00,18.33,NA,270,14.56,NA,989.67,NA,NA,16.39,NA,21.11,NA,NA,NA,7.6,",skc"
1876-06-13 15:00:00,NA,NA,NA,NA,NA,NA,NA,NA,13.44,NA,16.17,NA,NA,NA,NA,",skc"
1876-06-13 21:00:00,19.44,NA,45,13.11,NA,992.21,NA,NA,13.44,NA,16.11,NA,30.56,NA,16,NA
1876-06-14,NA,NA,NA,NA,NA,NA,NA,NA,NA,NA,NA,12.72,29.33,61.67,NA,NA
1876-06-14 09:00:00,18.89,270,135,14.39,NA,992.21,0.76,NA,15.56,NA,19.44,NA,NA,NA,5.81,",ovc,ovc"
1876-06-14 15:00:00,NA,NA,NA,NA,NA,NA,NA,NA,18.33,NA,21.67,NA,NA,NA,NA,",ovc,ovc"
1876-06-14 21:00:00,22.78,225,180,18.18,NA,983.03,NA,NA,18.33,NA,21.67,NA,30.56,NA,26,NA
1876-06-15,NA,NA,NA,NA,NA,NA,NA,NA,NA,NA,NA,9.44,20.28,53.33,NA,NA
1876-06-15 09:00:00,18.89,315,315,12.97,NA,984.39,NA,NA,11.39,NA,12,NA,NA,NA,13.41,",ovc,ovc"
1876-06-15 15:00:00,NA,NA,NA,NA,NA,NA,NA,NA,8.89,NA,10,NA,NA,NA,NA,",ovc"
1876-06-15 21:00:00,17.22,NA,0,9.11,NA,993.91,NA,NA,8.89,NA,10,NA,22.78,NA,16,NA
1876-06-16,NA,NA,NA,NA,NA,NA,NA,NA,NA,NA,NA,3.33,13.83,36.11,NA,NA
1876-06-16 09:00:00,15,45,0,8.8,NA,995.6,0,NA,7.22,NA,8.89,NA,NA,NA,7.6,",ovc,ovc"
1876-06-16 15:00:00,NA,NA,NA,NA,NA,NA,NA,NA,7.22,NA,8.33,NA,NA,NA,NA,",skc,skc"
1876-06-16 21:00:00,14.44,45,0,9.24,NA,995.53,NA,NA,7.22,NA,8.33,NA,13.89,NA,20,NA
1876-06-17,NA,NA,NA,NA,NA,NA,NA,NA,NA,NA,NA,0.56,17.67,55.56,NA,NA
1876-06-17 09:00:00,12.22,NA,0,6.3,NA,996.68,NA,NA,6.39,NA,10.56,NA,NA,NA,10.73,",skc,skc"
1876-06-17 15:00:00,NA,NA,NA,NA,NA,NA,NA,NA,6.39,NA,8.33,NA,NA,NA,NA,",skc,skc"
1876-06-17 21:00:00,13.89,NA,0,8.03,NA,993.91,NA,NA,6.39,NA,8.33,NA,18.33,NA,16,NA
1876-06-18,NA,NA,NA,NA,NA,NA,NA,NA,NA,NA,NA,5,20.44,55.83,NA,NA
1876-06-18 21:00:00,NA,NA,NA,NA,NA,NA,NA,NA,NA,NA,NA,NA,20.56,NA,NA,NA
1876-06-19,NA,NA,NA,NA,NA,NA,NA,NA,NA,NA,NA,1.61,27.11,58.89,NA,NA
1876-06-19 09:00:00,13.33,NA,0,8.8,NA,986.08,NA,NA,10,NA,15.56,NA,NA,NA,7.38,",skc,skc"
1876-06-19 15:00:00,NA,NA,NA,NA,NA,NA,NA,NA,10.22,NA,15.06,NA,NA,NA,NA,",ovc,ovc"
1876-06-19 21:00:00,15.56,NA,180,8.53,NA,983.07,NA,NA,10.17,NA,15,NA,23.33,NA,16,NA
1876-06-20,NA,NA,NA,NA,NA,NA,NA,NA,NA,NA,NA,11.61,29.33,60.56,NA,NA
1876-06-20 09:00:00,15.56,NA,315,14.53,NA,979.01,NA,NA,16.67,NA,21.94,NA,NA,NA,8.05,",skc,skc"
1876-06-20 15:00:00,NA,NA,NA,NA,NA,NA,NA,NA,15.06,NA,17.28,NA,NA,NA,NA,",skc"
1876-06-20 21:00:00,21.11,NA,315,15.14,NA,979.89,NA,NA,15,NA,17.22,NA,29.44,NA,2,NA
1876-06-21,NA,NA,NA,NA,NA,NA,NA,NA,NA,NA,NA,13.28,32.67,61.11,NA,NA
1876-06-21 09:00:00,20.56,NA,225,18.39,NA,982.05,NA,NA,19.17,NA,24.44,NA,NA,NA,3.8,",skc,skc"
1876-06-21 15:00:00,NA,NA,NA,NA,NA,NA,NA,NA,20,NA,22.78,NA,NA,NA,NA,",skc,skc"
1876-06-21 21:00:00,21.11,NA,135,20.93,NA,982.87,NA,NA,20,NA,22.78,NA,32.22,NA,45,NA
1876-06-22,NA,NA,NA,NA,NA,NA,NA,NA,NA,NA,NA,19.39,31,63.89,NA,NA
1876-06-22 09:00:00,24.44,225,135,24.52,NA,980.09,9.91,NA,23.06,NA,27.22,NA,NA,NA,8.49,",bkn"
1876-06-22 15:00:00,NA,NA,NA,NA,NA,NA,NA,NA,17.78,NA,20.56,NA,NA,NA,NA,",skc"
1876-06-22 21:00:00,23.89,NA,270,17.91,NA,979.34,NA,NA,17.78,NA,20.56,NA,30.56,NA,11,NA
1876-06-23,NA,NA,NA,NA,NA,NA,NA,NA,NA,NA,NA,13.83,27.11,58.06,NA,NA
1876-06-23 09:00:00,21.67,NA,225,13.21,NA,982.39,NA,NA,15.28,NA,20.56,NA,NA,NA,10.73,",skc,skc"
1876-06-23 15:00:00,NA,NA,NA,NA,NA,NA,NA,NA,13.39,NA,16.67,NA,NA,NA,NA,",skc,skc"
1876-06-23 21:00:00,21.11,NA,225,12.67,NA,983.07,NA,NA,13.39,NA,16.67,NA,26.67,NA,13,NA
1876-06-24,NA,NA,NA,NA,NA,NA,NA,NA,NA,NA,NA,11.61,33.78,62.78,NA,NA
1876-06-24 09:00:00,19.44,NA,270,15.04,NA,983.75,NA,NA,16.61,NA,21.17,NA,NA,NA,2.91,",skc"
1876-06-24 15:00:00,NA,NA,NA,NA,NA,NA,NA,NA,18.33,NA,21.67,NA,NA,NA,NA,",ovc"
1876-06-24 21:00:00,20.56,NA,135,18.18,NA,980.77,NA,NA,18.33,NA,21.67,NA,33.33,NA,45,NA
1876-06-25,NA,NA,NA,NA,NA,NA,NA,NA,NA,NA,NA,18.28,27.67,60.56,NA,NA
1876-06-25 09:00:00,NA,NA,NA,NA,NA,NA,1.02,NA,NA,NA,NA,NA,NA,NA,NA,",skc"
1876-06-25 21:00:00,NA,NA,NA,NA,NA,NA,NA,NA,NA,NA,NA,NA,28.33,NA,NA,NA
1876-06-26,NA,NA,NA,NA,NA,NA,NA,NA,NA,NA,NA,10.78,23.78,59.44,NA,NA
1876-06-26 09:00:00,19.44,NA,270,10.06,NA,980.77,NA,NA,11.67,NA,16.11,NA,NA,NA,8.94,",skc"
1876-06-26 15:00:00,NA,NA,NA,NA,NA,NA,NA,NA,11.67,NA,13.89,NA,NA,NA,NA,",skc,skc"
1876-06-26 21:00:00,19.44,NA,225,11.85,NA,980.87,NA,NA,11.67,NA,13.89,NA,24.44,NA,40,NA
1876-06-27,NA,NA,NA,NA,NA,NA,NA,NA,NA,NA,NA,9.39,24.33,58.33,NA,NA
1876-06-27 09:00:00,17.22,NA,270,10.02,NA,984.42,0.51,NA,11.94,NA,16.67,NA,NA,NA,8.05,",skc"
1876-06-27 15:00:00,NA,NA,NA,NA,NA,NA,NA,NA,12.22,NA,13.89,NA,NA,NA,NA,",bkn,bkn"
1876-06-27 21:00:00,18.33,NA,225,12.8,NA,984.08,NA,NA,12.22,NA,13.89,NA,25,NA,45,NA
1876-06-28,NA,NA,NA,NA,NA,NA,NA,NA,NA,NA,NA,9.94,19.89,58.33,NA,NA
1876-06-28 09:00:00,17.22,315,315,12.5,NA,987.13,0.25,NA,12.78,NA,15.56,NA,NA,NA,6.26,",skc"
1876-06-28 15:00:00,NA,NA,NA,NA,NA,NA,NA,NA,10.56,NA,11.39,NA,NA,NA,NA,",skc"
1876-06-28 21:00:00,18.33,NA,315,11.99,NA,993.4,NA,NA,10.56,NA,11.39,NA,22.78,NA,45,NA
1876-06-29,NA,NA,NA,NA,NA,NA,NA,NA,NA,NA,NA,8.06,29.33,60,NA,NA
1876-06-29 09:00:00,17.78,NA,0,12.6,NA,995.12,2.54,NA,13.89,NA,17.78,NA,NA,NA,4.47,",skc,skc"
1876-06-29 15:00:00,NA,NA,NA,NA,NA,NA,NA,NA,13.89,NA,15.61,NA,NA,NA,NA,",skc,skc"
1876-06-29 21:00:00,19.44,NA,90,14.39,NA,993.43,NA,NA,13.89,NA,15.56,NA,32.78,NA,5,NA
1876-06-30,NA,NA,NA,NA,NA,NA,NA,NA,NA,NA,NA,11.61,28.78,64.17,NA,NA
1876-06-30 09:00:00,18.89,NA,180,15.54,NA,992.55,NA,NA,16.22,NA,19.44,NA,NA,NA,0.89,",bkn,bkn"
1876-06-30 15:00:00,NA,NA,NA,NA,NA,NA,NA,NA,13.89,NA,17,NA,NA,NA,NA,",skc,skc"
1876-06-30 21:00:00,20.56,NA,270,13.11,NA,991.16,NA,NA,13.89,NA,16.94,NA,32.78,NA,20,NA
1876-07-01 09:00:00,NA,NA,225,NA,NA,NA,NA,NA,NA,NA,NA,NA,NA,NA,8.05,NA
1876-07-01 21:00:00,NA,NA,180,NA,NA,NA,NA,NA,NA,NA,NA,NA,NA,NA,17,NA
1876-07-02 09:00:00,NA,NA,180,NA,NA,NA,NA,NA,NA,NA,NA,NA,NA,NA,12.07,NA
1876-07-02 21:00:00,NA,NA,270,NA,NA,NA,NA,NA,NA,NA,NA,NA,NA,NA,17,NA
1876-07-03,NA,NA,NA,NA,NA,NA,NA,NA,NA,NA,NA,11.17,24.89,59.44,NA,NA
1876-07-03 09:00:00,17.78,NA,315,10.16,NA,979.34,NA,NA,11.67,NA,16.67,NA,NA,NA,NA,",skc,skc"
1876-07-03 15:00:00,NA,NA,NA,NA,NA,NA,NA,NA,13.83,NA,16.17,NA,NA,NA,NA,",skc,skc"
1876-07-03 21:00:00,18.89,NA,315,13.78,NA,981.44,NA,NA,13.89,NA,16.11,NA,25.28,NA,34,NA
1876-07-04,NA,NA,NA,NA,NA,NA,NA,NA,NA,NA,NA,9,25.39,59.72,NA,NA
1876-07-04 09:00:00,17.78,NA,270,12.97,NA,982.87,1.27,NA,13.61,NA,16.67,NA,NA,NA,4.02,",ovc"
1876-07-04 15:00:00,NA,NA,NA,NA,NA,NA,NA,NA,12.78,NA,14.5,NA,NA,NA,NA,",ovc"
1876-07-04 21:00:00,19.44,NA,225,13.27,NA,981.38,NA,NA,12.78,NA,14.44,NA,25,NA,11,NA
1876-07-05,NA,NA,NA,NA,NA,NA,NA,NA,NA,NA,NA,9.72,24.22,61.94,NA,NA
1876-07-05 09:00:00,18.89,NA,180,15.2,NA,980.83,1.52,NA,16.06,NA,19.44,NA,NA,NA,5.59,",bkn"
1876-07-05 15:00:00,NA,NA,NA,NA,NA,NA,NA,NA,16.33,NA,20,NA,NA,NA,NA,",ovc,ovc"
1876-07-05 21:00:00,22.22,NA,135,15.48,NA,976.3,NA,NA,16.39,NA,20,NA,27.5,NA,18,NA
1876-07-06,NA,NA,NA,NA,NA,NA,NA,NA,NA,NA,NA,15.78,26,61.67,NA,NA
1876-07-06 09:00:00,20,NA,270,18.49,NA,976.43,NA,NA,18.33,NA,21.11,NA,NA,NA,1.34,",bkn"
1876-07-06 15:00:00,NA,NA,NA,NA,NA,NA,NA,NA,14.94,NA,17,NA,NA,NA,NA,",bkn,bkn"
1876-07-06 21:00:00,20,270,45,15.17,NA,981.31,NA,NA,15,NA,16.94,NA,27.22,NA,34,NA
1876-07-07,NA,NA,NA,NA,NA,NA,NA,NA,NA,NA,NA,14.94,24.33,61.11,NA,NA
1876-07-07 09:00:00,20,NA,0,15.92,NA,977.31,NA,NA,16.39,NA,19.44,NA,NA,NA,6.03,",ovc,ovc"
1876-07-07 15:00:00,NA,NA,NA,NA,NA,NA,NA,NA,17.72,NA,19.44,NA,NA,NA,NA,",bkn,bkn"
1876-07-07 21:00:00,21.11,180,NA,18.73,NA,975.82,NA,NA,17.78,NA,19.44,NA,26.67,NA,NA,NA
1876-07-08,NA,NA,NA,NA,NA,NA,NA,NA,NA,NA,NA,16.94,34.11,61.11,NA,NA
1876-07-08 09:00:00,21.11,NA,315,20.25,NA,976.16,24.89,NA,19.17,NA,18.89,NA,NA,NA,2.46,",ovc,ovc"
1876-07-08 15:00:00,NA,NA,NA,NA,NA,NA,NA,NA,18.89,NA,18.89,NA,NA,NA,NA,",ovc,ovc"
1876-07-08 21:00:00,23.89,270,270,21.64,NA,973.59,NA,NA,18.89,NA,18.89,NA,33.89,NA,11,NA
1876-07-09,NA,NA,NA,NA,NA,NA,NA,NA,NA,NA,NA,12.72,25.56,59.44,NA,NA
1876-07-09 09:00:00,NA,NA,315,NA,NA,NA,NA,NA,NA,NA,NA,NA,NA,NA,1.34,NA
1876-07-09 21:00:00,NA,NA,225,NA,NA,NA,NA,NA,NA,NA,NA,NA,27.78,NA,11,NA
1876-07-10,NA,NA,NA,NA,NA,NA,NA,NA,NA,NA,NA,11.72,25.33,58.61,NA,NA
1876-07-10 09:00:00,19.44,NA,180,16.25,NA,989.98,5.08,NA,15.56,NA,16.94,NA,NA,NA,9.83,",skc,skc"
1876-07-10 15:00:00,NA,NA,NA,NA,NA,NA,NA,NA,13.89,NA,15.06,NA,NA,NA,NA,",skc,skc"
1876-07-10 21:00:00,19.44,225,90,14.83,NA,984.08,NA,NA,13.89,NA,15,NA,28.33,NA,12,NA
1876-07-11,NA,NA,NA,NA,NA,NA,NA,NA,NA,NA,NA,10.06,28.78,65,NA,NA
1876-07-11 09:00:00,20,NA,0,16.02,NA,987.47,NA,NA,16.67,NA,20,NA,NA,NA,3.13,",skc"
1876-07-11 15:00:00,NA,NA,NA,NA,NA,NA,NA,NA,15.44,NA,16.78,NA,NA,NA,NA,",skc"
1876-07-11 21:00:00,21.11,NA,315,16.32,NA,991.13,NA,NA,15.5,NA,16.72,NA,32.78,NA,2,NA
1876-07-12,NA,NA,NA,NA,NA,NA,NA,NA,NA,NA,NA,12.06,25.5,63.11,NA,NA
1876-07-12 09:00:00,20,NA,45,11.04,NA,992.21,NA,NA,13.33,NA,18.33,NA,NA,NA,1.34,",skc,skc"
1876-07-12 15:00:00,NA,NA,NA,NA,NA,NA,NA,NA,13.94,NA,16.17,NA,NA,NA,NA,",skc,skc"
1876-07-12 21:00:00,20,NA,315,14.02,NA,993.57,NA,NA,14,NA,16.11,NA,27.22,NA,27,NA
1876-07-13,NA,NA,NA,NA,NA,NA,NA,NA,NA,NA,NA,10.39,28.39,62.78,NA,NA
1876-07-13 09:00:00,18.89,NA,315,14.83,NA,996.61,NA,NA,16.11,NA,20,NA,NA,NA,7.82,",skc,skc"
1876-07-13 15:00:00,NA,NA,NA,NA,NA,NA,NA,NA,14.39,NA,16.17,NA,NA,NA,NA,",skc,skc"
1876-07-13 21:00:00,20,NA,315,14.83,NA,994.99,NA,NA,14.44,NA,16.11,NA,28.89,NA,34,NA
1876-07-14,NA,NA,NA,NA,NA,NA,NA,NA,NA,NA,NA,10.5,29.5,62.67,NA,NA
1876-07-14 09:00:00,18.89,NA,315,13.38,NA,995.8,7.62,NA,15.56,NA,20.56,NA,NA,NA,4.02,",skc,skc"
1876-07-14 15:00:00,NA,NA,NA,NA,NA,NA,NA,NA,16.06,NA,16.17,NA,NA,NA,NA,",ovc"
1876-07-14 21:00:00,21.67,NA,315,17.98,NA,994.38,NA,NA,16.11,NA,16.11,NA,31.67,NA,34,NA
1876-07-15,NA,NA,NA,NA,NA,NA,NA,NA,NA,NA,NA,12.17,26.61,61.67,NA,NA
1876-07-15 09:00:00,20,NA,315,17.1,NA,993.5,2.54,NA,17.22,NA,20,NA,NA,NA,NA,",bkn"
1876-07-15 15:00:00,NA,NA,NA,NA,NA,NA,NA,NA,18.33,NA,19.44,NA,NA,NA,NA,",bkn,bkn"
1876-07-15 21:00:00,21.67,NA,135,20.01,NA,988.83,NA,NA,18.33,NA,19.44,NA,27.5,NA,12,NA
1876-07-16,NA,NA,NA,NA,NA,NA,NA,NA,NA,NA,NA,16.28,33.83,63.06,NA,NA
1876-07-16 09:00:00,NA,NA,225,NA,NA,NA,10.92,NA,NA,NA,NA,NA,NA,NA,9.57,NA
1876-07-16 21:00:00,NA,NA,180,NA,NA,NA,NA,NA,NA,NA,NA,NA,31.67,NA,19,NA
1876-07-17,NA,NA,NA,NA,NA,NA,NA,NA,NA,NA,NA,11.06,22.67,60.56,NA,NA
1876-07-17 09:00:00,21.67,315,315,17.24,NA,988.35,NA,NA,17.5,NA,20.56,NA,NA,NA,9.25,",skc,skc"
1876-07-17 15:00:00,NA,NA,NA,NA,NA,NA,NA,NA,11.67,NA,12.83,NA,NA,NA,NA,",ovc,ovc"
1876-07-17 21:00:00,20,315,0,12.7,NA,995.26,NA,NA,11.67,NA,12.78,NA,26.11,NA,2,NA
1876-07-18,NA,NA,NA,NA,NA,NA,NA,NA,NA,NA,NA,9.28,30,60.56,NA,NA
1876-07-18 09:00:00,18.33,270,180,14.9,NA,992.75,1.02,NA,16.11,NA,20,NA,NA,NA,6.03,",bkn,bkn"
1876-07-18 15:00:00,NA,NA,NA,NA,NA,NA,NA,NA,20.56,NA,23.61,NA,NA,NA,NA,",ovc,ovc"
1876-07-18 21:00:00,23.89,270,180,21.5,NA,984.08,NA,NA,20.56,NA,23.61,NA,29.44,NA,11,NA
1876-07-19,NA,NA,NA,NA,NA,NA,NA,NA,NA,NA,NA,13.28,22.56,59.44,NA,NA
1876-07-19 09:00:00,21.67,270,315,18.69,NA,980.83,7.37,NA,16.67,NA,16.67,NA,NA,NA,3.13,",ovc,ovc"
1876-07-19 15:00:00,NA,NA,NA,NA,NA,NA,NA,NA,14.94,NA,16.72,NA,NA,NA,NA,",skc,skc"
1876-07-19 21:00:00,21.67,315,0,15.41,NA,986.46,NA,NA,15,NA,16.67,NA,22.78,NA,2,NA
1876-07-20,NA,NA,NA,NA,NA,NA,NA,NA,NA,NA,NA,7.78,23.22,60,NA,NA
1876-07-20 09:00:00,17.22,NA,0,11.11,NA,996,NA,NA,11.39,NA,14.17,NA,NA,NA,6.26,",bkn"
1876-07-20 15:00:00,NA,NA,NA,NA,NA,NA,NA,NA,11.22,NA,12.83,NA,NA,NA,NA,",bkn,bkn"
1876-07-20 21:00:00,23.89,0,270,11.95,NA,997.9,NA,NA,11.22,NA,12.78,NA,26.67,NA,2,NA
1876-07-21,NA,NA,NA,NA,NA,NA,NA,NA,NA,NA,NA,6.67,20.44,50.56,NA,NA
1876-07-21 09:00:00,17.78,270,135,12.53,NA,995.8,3.56,NA,13.89,NA,17.83,NA,NA,NA,5.5,",ovc,ovc"
1876-07-21 15:00:00,NA,NA,NA,NA,NA,NA,NA,NA,10,NA,10.33,NA,NA,NA,NA,",ovc,ovc"
1876-07-21 21:00:00,17.22,NA,0,12.02,NA,997.29,NA,NA,10,NA,10.28,NA,21.67,NA,11,NA
1876-07-22,NA,NA,NA,NA,NA,NA,NA,NA,NA,NA,NA,4.11,24.67,61.11,NA,NA
1876-07-22 09:00:00,15.56,NA,315,10.43,NA,1002.57,NA,NA,11.11,NA,14.44,NA,NA,NA,2.24,",bkn,bkn"
1876-07-22 15:00:00,NA,NA,NA,NA,NA,NA,NA,NA,12.78,NA,19.11,NA,NA,NA,NA,",skc,skc"
1876-07-22 21:00:00,17.22,NA,270,9.55,NA,999.8,NA,NA,12.78,NA,19.06,NA,26.67,NA,1,NA
1876-07-23,NA,NA,NA,NA,NA,NA,NA,NA,NA,NA,NA,8.94,26.22,NA,NA,NA
1876-07-23 09:00:00,NA,NA,270,NA,NA,NA,NA,NA,NA,NA,NA,NA,NA,NA,2.24,NA
1876-07-23 21:00:00,NA,NA,315,NA,NA,NA,NA,NA,NA,NA,NA,NA,NA,NA,16,NA
1876-07-24,NA,NA,NA,NA,NA,NA,NA,NA,NA,NA,NA,9.28,27.78,57.22,NA,NA
1876-07-24 09:00:00,17.78,NA,225,13.17,NA,998.98,NA,NA,14.83,NA,19.06,NA,NA,NA,1.56,",skc,skc"
1876-07-24 15:00:00,NA,NA,NA,NA,NA,NA,NA,NA,14.94,NA,16.72,NA,NA,NA,NA,",bkn"
1876-07-24 21:00:00,20,NA,180,15.41,NA,993.91,NA,NA,15,NA,16.67,NA,26.67,NA,27,NA
1876-07-25,NA,NA,NA,NA,NA,NA,NA,NA,NA,NA,NA,12.17,27.56,66.39,NA,NA
1876-07-25 09:00:00,18.89,NA,225,15.78,NA,989.94,NA,NA,16.67,NA,20.28,NA,NA,NA,6.48,",bkn,bkn"
1876-07-25 15:00:00,NA,NA,NA,NA,NA,NA,NA,NA,16.5,NA,19.61,NA,NA,NA,NA,",ovc,ovc"
1876-07-25 21:00:00,21.11,NA,135,16.09,NA,985.44,NA,NA,16.56,NA,19.61,NA,27.78,NA,17,NA
1876-07-26,NA,NA,NA,NA,NA,NA,NA,NA,NA,NA,NA,13.72,24.22,40.56,NA,NA
1876-07-26 09:00:00,20,180,180,19.17,NA,981.38,2.29,NA,17.28,NA,17.56,NA,NA,NA,6.48,",ovc,ovc"
1876-07-26 15:00:00,NA,NA,NA,NA,NA,NA,NA,NA,14.39,NA,15.61,NA,NA,NA,NA,",skc"
1876-07-26 21:00:00,21.11,NA,315,15.27,NA,983.41,NA,NA,14.44,NA,15.56,NA,25,NA,40,NA
1876-07-27,NA,NA,NA,NA,NA,NA,NA,NA,NA,NA,NA,11.61,29.5,60.56,NA,NA
1876-07-27 09:00:00,19.44,NA,315,13.14,NA,985.91,NA,NA,15.56,NA,20.83,NA,NA,NA,2.68,",skc,skc"
1876-07-27 15:00:00,NA,NA,NA,NA,NA,NA,NA,NA,18,NA,19.5,NA,NA,NA,NA,",skc,skc"
1876-07-27 21:00:00,21.67,NA,225,19.23,NA,986.12,NA,NA,18.06,NA,19.44,NA,32,NA,2,NA
1876-07-28,NA,NA,NA,NA,NA,NA,NA,NA,NA,NA,NA,13.83,31.11,66.11,NA,NA
1876-07-28 09:00:00,21.11,NA,135,20.45,NA,987.74,NA,NA,20,NA,23.33,NA,NA,NA,2.37,",skc,skc"
1876-07-28 15:00:00,NA,NA,NA,NA,NA,NA,NA,NA,16.11,NA,17.83,NA,NA,NA,NA,",skc,skc"
1876-07-28 21:00:00,23.33,NA,45,16.8,NA,989.84,NA,NA,16.17,NA,17.78,NA,38.89,NA,16,NA
1876-07-29,NA,NA,NA,NA,NA,NA,NA,NA,NA,NA,NA,12.44,33.5,61.11,NA,NA
1876-07-29 09:00:00,21.11,NA,180,18.66,NA,992.04,NA,NA,19.44,NA,23.56,NA,NA,NA,3.58,",skc,skc"
1876-07-29 15:00:00,NA,NA,NA,NA,NA,NA,NA,NA,18.28,NA,19.5,NA,NA,NA,NA,",skc,skc"
1876-07-29 21:00:00,23.89,NA,180,19.78,NA,990.86,NA,NA,18.33,NA,19.44,NA,33.33,NA,20,NA
1876-07-30,NA,NA,NA,NA,NA,NA,NA,NA,NA,NA,NA,13.67,32.94,62.78,NA,NA
1876-07-30 09:00:00,NA,NA,135,NA,NA,NA,NA,NA,NA,NA,NA,NA,NA,NA,7.29,NA
1876-07-30 21:00:00,NA,NA,135,NA,NA,NA,NA,NA,NA,NA,NA,NA,32.78,NA,14,NA
1876-07-31,NA,NA,NA,NA,NA,NA,0,0,NA,NA,NA,21.56,32.11,66.39,NA,NA
1876-07-31 09:00:00,25,NA,135,24.38,NA,984.15,NA,NA,22.67,NA,26.28,NA,NA,NA,12.96,",skc,skc"
1876-07-31 15:00:00,NA,NA,NA,NA,NA,NA,NA,NA,21.33,NA,25,NA,NA,NA,NA,",bkn,bkn"
1876-07-31 21:00:00,26.11,NA,135,22.18,NA,981.38,NA,NA,21.33,NA,25,NA,32.22,NA,31,NA
1876-08-01,NA,NA,NA,NA,NA,NA,NA,NA,NA,NA,NA,13.61,27.61,58.33,NA,NA
1876-08-01 09:00:00,22.78,NA,270,13.21,NA,985.44,12.95,NA,15.56,NA,21.11,NA,NA,NA,10.73,",skc,skc"
1876-08-01 15:00:00,NA,NA,NA,NA,NA,NA,NA,NA,16.06,NA,23.89,NA,NA,NA,NA,",skc,skc"
1876-08-01 21:00:00,21.11,NA,225,11.72,NA,991.09,NA,NA,16.11,NA,23.89,NA,28.33,NA,40,NA
1876-08-02,NA,NA,NA,NA,NA,NA,NA,NA,NA,NA,NA,13.28,29.33,63.33,NA,NA
1876-08-02 09:00:00,21.67,NA,180,15.98,NA,989.88,NA,NA,17.78,NA,22.78,NA,NA,NA,8.94,",skc,skc"
1876-08-02 15:00:00,NA,NA,NA,NA,NA,NA,NA,NA,18.06,NA,18.89,NA,NA,NA,NA,",bkn,bkn"
1876-08-02 21:00:00,21.11,180,135,19.84,NA,983.98,NA,NA,18.06,NA,18.89,NA,30,NA,25,NA
1876-08-03,NA,NA,NA,NA,NA,NA,NA,NA,NA,NA,NA,13.33,27.67,60,NA,NA
1876-08-03 09:00:00,22.22,NA,315,16.15,NA,985.41,NA,NA,16.67,NA,20,NA,NA,NA,6.03,",skc,skc"
1876-08-03 15:00:00,NA,NA,NA,NA,NA,NA,NA,NA,16.17,NA,17.56,NA,NA,NA,NA,",skc,skc"
1876-08-03 21:00:00,22.22,NA,180,16.86,NA,986.01,NA,NA,16.11,NA,17.5,NA,26.67,NA,20,NA
1876-08-04,NA,NA,NA,NA,NA,NA,NA,NA,NA,NA,NA,11.56,30.89,61.39,NA,NA
1876-08-04 09:00:00,21.67,NA,180,18.46,NA,985.64,NA,NA,18.61,NA,22.22,NA,NA,NA,5.36,",skc,skc"
1876-08-04 15:00:00,NA,NA,NA,NA,NA,NA,NA,NA,16.72,NA,21.72,NA,NA,NA,NA,",bkn,bkn"
1876-08-04 21:00:00,23.89,180,135,14.7,NA,981.38,NA,NA,16.67,NA,21.67,NA,31.11,NA,14,NA
1876-08-05,NA,NA,NA,NA,NA,NA,NA,NA,NA,NA,NA,15.5,24.89,55,NA,NA
1876-08-05 09:00:00,23.89,180,135,21.3,NA,980.36,28.7,NA,20.56,NA,23.89,NA,NA,NA,12.07,",bkn,bkn"
1876-08-05 15:00:00,NA,NA,NA,NA,NA,NA,NA,NA,16.44,NA,16.72,NA,NA,NA,NA,",ovc,ovc"
1876-08-05 21:00:00,22.78,0,315,18.15,NA,980.5,NA,NA,16.39,NA,16.67,NA,26.11,NA,20,NA
1876-08-06,NA,NA,NA,NA,NA,NA,NA,NA,NA,NA,NA,11.61,26.56,57.22,NA,NA
1876-08-06 21:00:00,NA,NA,NA,NA,NA,NA,NA,NA,NA,NA,NA,NA,27.22,NA,NA,NA
1876-08-07,NA,NA,NA,NA,NA,NA,NA,NA,NA,NA,NA,11.06,30.44,64.17,NA,NA
1876-08-07 09:00:00,21.11,NA,180,11.45,NA,989.88,NA,NA,18.33,NA,21.67,NA,NA,NA,8.94,",skc,skc"
1876-08-07 15:00:00,NA,NA,NA,NA,NA,NA,NA,NA,19.44,NA,22.22,NA,NA,NA,NA,",skc,skc"
1876-08-07 21:00:00,25,NA,135,13.38,NA,983.78,NA,NA,19.44,NA,22.22,NA,30,NA,21,NA
1876-08-08,NA,NA,NA,NA,NA,NA,NA,NA,NA,NA,NA,17.17,36.56,63.61,NA,NA
1876-08-08 09:00:00,24.44,NA,NA,24.65,NA,979.61,NA,NA,22.5,NA,25.56,NA,NA,NA,7.6,",skc,skc"
1876-08-08 15:00:00,NA,NA,NA,NA,NA,NA,NA,NA,21.11,NA,22.78,NA,NA,NA,NA,",skc,skc"
1876-08-08 21:00:00,27.78,NA,0,23.47,NA,978.4,NA,NA,21.11,NA,22.78,NA,33.89,NA,45,NA
1876-08-09,NA,NA,NA,NA,NA,NA,NA,NA,NA,NA,NA,17.17,31.83,62.78,NA,NA
1876-08-09 09:00:00,25,NA,135,20.35,NA,977.85,9.91,NA,22.78,NA,25,NA,NA,NA,8.05,",ovc,ovc"
1876-08-09 15:00:00,NA,NA,NA,NA,NA,NA,NA,NA,20.56,NA,22.22,NA,NA,NA,NA,",ovc,ovc"
1876-08-09 21:00:00,26.67,NA,135,23.54,NA,972.57,NA,NA,20.56,NA,22.22,NA,32.22,NA,18,NA
1876-08-10,NA,NA,NA,NA,NA,NA,NA,NA,NA,NA,NA,12.17,20.44,51.94,NA,NA
1876-08-10 09:00:00,21.67,NA,270,15.2,NA,979.82,NA,NA,13.33,NA,13.44,NA,NA,NA,6.71,",ovc,ovc"
1876-08-10 15:00:00,NA,NA,NA,NA,NA,NA,NA,NA,13.39,NA,14.22,NA,NA,NA,NA,",skc,skc"
1876-08-10 21:00:00,20.56,0,180,14.56,NA,984.52,NA,NA,13.33,NA,14.17,NA,21.11,NA,16,NA
1876-08-11,NA,NA,NA,NA,NA,NA,NA,NA,NA,NA,NA,9.94,25.89,58.33,NA,NA
1876-08-11 09:00:00,18.89,225,135,14.87,NA,984.02,NA,NA,15.56,NA,18.89,NA,NA,NA,8.49,",ovc,ovc"
1876-08-11 15:00:00,NA,NA,NA,NA,NA,NA,NA,NA,15.61,NA,18.11,NA,NA,NA,NA,",skc,skc"
1876-08-11 21:00:00,21.67,NA,135,15.37,NA,983.03,NA,NA,15.56,NA,18.06,NA,25.56,NA,19,NA
1876-08-12,NA,NA,NA,NA,NA,NA,NA,NA,NA,NA,NA,11.67,21.94,57.22,NA,NA
1876-08-12 09:00:00,21.67,NA,315,17.54,NA,983.78,6.86,NA,16.11,NA,16.94,NA,NA,NA,3.58,",ovc,ovc"
1876-08-12 15:00:00,NA,NA,NA,NA,NA,NA,NA,NA,16.17,NA,17,NA,NA,NA,NA,",ovc,ovc"
1876-08-12 21:00:00,20.56,NA,315,13.82,NA,990.55,NA,NA,16.11,NA,16.94,NA,25,NA,12,NA
1876-08-13,NA,NA,NA,NA,NA,NA,NA,NA,NA,NA,NA,8.56,23.89,34.44,NA,NA
1876-08-13 09:00:00,NA,315,NA,NA,NA,NA,2.03,NA,NA,NA,NA,NA,NA,NA,NA,",ovc,ovc"
1876-08-13 21:00:00,NA,NA,NA,NA,NA,NA,NA,NA,NA,NA,NA,NA,15,NA,NA,NA
1876-08-14,NA,NA,NA,NA,NA,NA,NA,NA,NA,NA,NA,6.61,18.17,40.56,NA,NA
1876-08-14 09:00:00,16.67,NA,NA,10.26,NA,998.68,NA,NA,10.83,NA,14.17,NA,NA,NA,8.05,",skc,skc"
1876-08-14 15:00:00,NA,NA,NA,NA,NA,NA,NA,NA,11.06,NA,11.17,NA,NA,NA,NA,",skc,skc"
1876-08-14 21:00:00,17.22,NA,270,13,NA,997.39,NA,NA,11,NA,11.11,NA,18.89,NA,2,NA
1876-08-15,NA,NA,NA,NA,NA,NA,NA,NA,NA,NA,NA,7.17,18.28,40,NA,NA
1876-08-15 09:00:00,16.67,NA,180,13.14,NA,994.82,NA,NA,13.56,NA,16.17,NA,NA,NA,5.72,",bkn,bkn"
1876-08-15 15:00:00,NA,NA,NA,NA,NA,NA,NA,NA,10.61,NA,10.61,NA,NA,NA,NA,",skc,skc"
1876-08-15 21:00:00,16.67,NA,135,12.7,NA,992.28,NA,NA,10.56,NA,10.56,NA,19.44,NA,26,NA
1876-08-16,NA,NA,NA,NA,NA,NA,NA,NA,NA,NA,NA,8.28,22.67,58.33,NA,NA
1876-08-16 09:00:00,16.11,0,0,15.48,NA,993.53,NA,NA,14.44,NA,15.17,NA,NA,NA,1.79,",skc,skc"
1876-08-16 15:00:00,NA,NA,NA,NA,NA,NA,NA,NA,11.72,NA,11.72,NA,NA,NA,NA,",skc,skc"
1876-08-16 21:00:00,18.33,NA,315,13.68,NA,994.01,NA,NA,11.67,NA,11.67,NA,27.5,NA,14,NA
1876-08-17,NA,NA,NA,NA,NA,NA,NA,NA,NA,NA,NA,6.06,26.56,59.44,NA,NA
1876-08-17 09:00:00,16.67,NA,135,14.32,NA,991.91,NA,NA,14.44,NA,16.78,NA,NA,NA,5.81,",skc,skc"
1876-08-17 15:00:00,NA,NA,NA,NA,NA,NA,NA,NA,16.5,NA,17.28,NA,NA,NA,NA,",skc,skc"
1876-08-17 21:00:00,20,NA,135,17.64,NA,985.81,NA,NA,16.44,NA,16.67,NA,25.33,NA,11,NA
1876-08-18,NA,NA,NA,NA,NA,NA,NA,NA,NA,NA,NA,11.61,25,63.33,NA,NA
1876-08-18 09:00:00,20.56,NA,315,19.27,NA,984.76,14.48,NA,18.17,NA,19.67,NA,NA,NA,4.47,",skc,skc"
1876-08-18 15:00:00,NA,NA,NA,NA,NA,NA,NA,NA,13.39,NA,15.61,NA,NA,NA,NA,",ovc,ovc"
1876-08-18 21:00:00,19.44,NA,0,13.41,NA,987.3,NA,NA,13.33,NA,15.56,NA,32.22,NA,45,NA
1876-08-19,NA,NA,NA,NA,NA,NA,NA,NA,NA,NA,NA,6.61,20.89,54.44,NA,NA
1876-08-19 09:00:00,17.78,NA,NA,8.67,NA,995.5,5.08,NA,8.89,NA,12.22,NA,NA,NA,8.72,",skc,skc"
1876-08-19 15:00:00,NA,NA,NA,NA,NA,NA,NA,NA,9.22,NA,10.06,NA,NA,NA,NA,",skc,skc"
1876-08-19 21:00:00,15.56,NA,315,10.94,NA,997.46,NA,NA,9.22,NA,10.06,NA,22.78,NA,1,NA
1876-08-20,NA,NA,NA,NA,NA,NA,NA,NA,NA,NA,NA,4.44,25,54.44,NA,NA
1876-08-20 21:00:00,NA,NA,NA,NA,NA,NA,NA,NA,NA,NA,NA,NA,24.61,NA,NA,NA
1876-08-21,NA,NA,NA,NA,NA,NA,NA,NA,NA,NA,NA,18.28,22.11,29.44,NA,NA
1876-08-21 09:00:00,21.11,180,135,21.74,NA,984.39,NA,NA,19.72,NA,21.11,NA,NA,NA,12.74,",bkn"
1876-08-21 15:00:00,NA,NA,NA,NA,NA,NA,NA,NA,18.94,NA,19.5,NA,NA,NA,NA,",ovc,ovc"
1876-08-21 21:00:00,21.67,NA,135,21.27,NA,982.83,NA,NA,18.89,NA,19.44,NA,21.94,NA,19,NA
1876-08-22,NA,NA,NA,NA,NA,NA,NA,NA,NA,NA,NA,18.56,23.78,37.78,NA,NA
1876-08-22 09:00:00,21.67,NA,NA,22.79,NA,982.97,NA,NA,20,NA,20.56,NA,NA,NA,0.72,",ovc,ovc"
1876-08-22 15:00:00,NA,NA,NA,NA,NA,NA,NA,NA,19.5,NA,20.06,NA,NA,NA,NA,",ovc,ovc"
1876-08-22 21:00:00,22.22,NA,45,24.01,NA,981.38,NA,NA,19.44,NA,20,NA,23.89,NA,27,NA
1876-08-23,NA,NA,NA,NA,NA,NA,0,0,NA,NA,NA,12.72,23.78,48.61,NA,NA
1876-08-23 09:00:00,21.67,180,NA,19.3,NA,978.12,7.11,NA,17.61,NA,18.5,NA,NA,NA,13.41,",ovc,ovc"
1876-08-23 15:00:00,NA,NA,NA,NA,NA,NA,NA,NA,13.39,NA,13.94,NA,NA,NA,NA,",ovc,ovc"
1876-08-23 21:00:00,20,NA,225,14.83,NA,979.68,NA,NA,13.33,NA,13.89,NA,23.33,NA,16,NA
1876-08-24,NA,NA,NA,NA,NA,NA,NA,NA,NA,NA,NA,9.94,14.11,38.33,NA,NA
1876-08-24 09:00:00,17.78,315,315,12.02,NA,985.47,4.57,NA,11.67,NA,13.72,NA,NA,NA,8.94,",ovc,ovc"
1876-08-24 15:00:00,NA,NA,NA,NA,NA,NA,NA,NA,8.89,NA,11.11,NA,NA,NA,NA,",ovc,ovc"
1876-08-24 21:00:00,17.78,NA,315,9.55,NA,992.86,NA,NA,8.89,NA,11.11,NA,15.56,NA,15,NA
1876-08-25,NA,NA,NA,NA,NA,NA,NA,NA,NA,NA,NA,4.67,16.67,54.44,NA,NA
1876-08-25 09:00:00,15.56,NA,NA,9.55,NA,998.27,NA,NA,9.44,NA,12.22,NA,NA,NA,11.18,",ovc,ovc"
1876-08-25 15:00:00,NA,NA,NA,NA,NA,NA,NA,NA,6.67,NA,7.78,NA,NA,NA,NA,",skc,skc"
1876-08-25 21:00:00,15.56,NA,270,8.87,NA,998,NA,NA,6.67,NA,7.78,NA,18.89,NA,20,NA
1876-08-26,NA,NA,NA,NA,NA,NA,NA,NA,NA,NA,NA,2.22,13.94,57.22,NA,NA
1876-08-26 09:00:00,13.89,NA,135,10.43,NA,998.41,0.51,NA,3.17,NA,3.33,NA,NA,NA,3.13,",skc,skc"
1876-08-26 15:00:00,NA,NA,NA,NA,NA,NA,NA,NA,11.67,NA,13.33,NA,NA,NA,NA,",ovc,ovc"
1876-08-26 21:00:00,15.56,NA,90,12.29,NA,989.94,NA,NA,11.67,NA,13.33,NA,21.11,NA,16,NA
1876-08-27,NA,NA,NA,NA,NA,NA,NA,NA,NA,NA,NA,11.89,26.56,56.67,NA,NA
1876-08-27 21:00:00,NA,NA,NA,NA,NA,NA,NA,NA,NA,NA,NA,NA,28.33,NA,NA,NA
1876-08-28,NA,NA,NA,NA,NA,NA,NA,NA,NA,NA,NA,9.39,27.78,62.78,NA,NA
1876-08-28 09:00:00,17.78,NA,135,15.88,NA,989.81,18.54,NA,15.83,NA,18.33,NA,NA,NA,2.24,",skc,skc"
1876-08-28 15:00:00,NA,NA,NA,NA,NA,NA,NA,NA,15.61,NA,15.61,NA,NA,NA,NA,",bkn,bkn"
1876-08-28 21:00:00,22.22,NA,180,17.58,NA,988.86,NA,NA,15.56,NA,15.56,NA,29.44,NA,5,NA
1876-08-29,NA,NA,NA,NA,NA,NA,NA,NA,NA,NA,NA,14.94,26.11,61.67,NA,NA
1876-08-29 09:00:00,20.56,270,180,20.89,NA,986.01,19.3,NA,18.61,NA,19.17,NA,NA,NA,1.79,",skc,skc"
1876-08-29 15:00:00,NA,NA,NA,NA,NA,NA,NA,NA,17,NA,17.28,NA,NA,NA,NA,",ovc,ovc"
1876-08-29 21:00:00,22.22,NA,225,18.46,NA,983.78,NA,NA,16.94,NA,17.22,NA,26.67,NA,5,NA
1876-08-30,NA,NA,NA,NA,NA,NA,NA,NA,NA,NA,NA,13.28,22.67,57.22,NA,NA
1876-08-30 09:00:00,20,NA,270,15.31,NA,983.27,0.76,NA,15.56,NA,18.33,NA,NA,NA,3.35,",skc,skc"
1876-08-30 15:00:00,NA,NA,NA,NA,NA,NA,NA,NA,16.44,NA,18.39,NA,NA,NA,NA,",ovc,ovc"
1876-08-30 21:00:00,20.56,NA,NA,16.9,NA,978.67,NA,NA,16.39,NA,18.33,NA,25,NA,45,NA
1876-08-31,NA,NA,NA,NA,NA,NA,NA,NA,NA,NA,NA,8,18.22,59.44,NA,NA
1876-08-31 09:00:00,18.33,315,315,12.33,NA,989.6,NA,NA,11.94,NA,13.89,NA,NA,NA,8.49,",skc,skc"
1876-08-31 15:00:00,NA,NA,NA,NA,NA,NA,NA,NA,9.78,NA,10.56,NA,NA,NA,NA,",ovc,ovc"
1876-08-31 21:00:00,17.22,NA,315,11.45,NA,993.94,NA,NA,9.78,NA,10.56,NA,20.28,NA,34,NA
1876-09-01,NA,NA,NA,NA,NA,NA,NA,NA,NA,NA,NA,5.56,19.33,59.44,NA,NA
1876-09-01 09:00:00,16.11,0,315,11.85,NA,996.48,0,NA,11.11,NA,13.33,NA,NA,NA,4.74,",skc,skc"
1876-09-01 15:00:00,NA,NA,NA,NA,NA,NA,NA,NA,10,NA,10.56,NA,NA,NA,NA,",skc,skc"
1876-09-01 21:00:00,17.22,NA,315,11.78,NA,994.28,NA,NA,10,NA,10.56,NA,20.28,NA,16,NA
1876-09-02,NA,NA,NA,NA,NA,NA,NA,NA,NA,NA,NA,6.06,23.22,58.33,NA,",halo,"
1876-09-02 09:00:00,15.56,315,270,11.89,NA,988.39,0,NA,11.67,NA,13.89,NA,NA,NA,2.95,",skc"
1876-09-02 15:00:00,NA,NA,NA,NA,NA,NA,NA,NA,6.39,NA,7.22,NA,NA,NA,NA,",bkn,bkn"
1876-09-02 21:00:00,18.89,NA,270,13.82,NA,982.29,NA,NA,6.39,NA,7.22,NA,24.44,NA,45,NA
1876-09-03,NA,NA,NA,NA,NA,NA,NA,NA,NA,NA,NA,5.56,23.78,59.17,NA,NA
1876-09-03 09:00:00,NA,NA,NA,NA,NA,NA,0,NA,NA,NA,NA,NA,NA,NA,0,NA
1876-09-03 15:00:00,NA,NA,NA,NA,NA,NA,NA,NA,NA,NA,NA,NA,NA,NA,NA,",skc,skc"
1876-09-03 21:00:00,NA,NA,NA,NA,NA,NA,NA,NA,NA,NA,NA,NA,22.78,NA,0,NA
1876-09-04,NA,NA,NA,NA,NA,NA,NA,NA,NA,NA,NA,3.89,22.67,60,NA,NA
1876-09-04 09:00:00,15.56,NA,135,11.01,NA,999.39,0,NA,10.56,NA,12.61,NA,NA,NA,2.24,",skc"
1876-09-04 15:00:00,NA,NA,NA,NA,NA,NA,NA,NA,10.06,NA,10.61,NA,NA,NA,NA,",skc,skc"
1876-09-04 21:00:00,16.11,NA,90,11.82,NA,996.85,NA,NA,10,NA,10.56,NA,25.56,NA,20,NA
1876-09-05,NA,NA,NA,NA,NA,NA,NA,NA,NA,NA,NA,6.06,20.44,57.22,NA,",halo,"
1876-09-05 09:00:00,15.56,NA,NA,12.6,NA,994.07,0,NA,12.22,NA,14.17,NA,NA,NA,5.9,",bkn,bkn"
1876-09-05 15:00:00,NA,NA,NA,NA,NA,NA,NA,NA,12.83,NA,13.39,NA,NA,NA,NA,",bkn,bkn"
1876-09-05 21:00:00,16.67,NA,NA,14.26,NA,989.2,NA,NA,12.78,NA,13.33,NA,22.78,NA,40,NA
1876-09-06,NA,NA,NA,NA,NA,NA,NA,NA,NA,NA,NA,8.89,15.56,32.22,NA,NA
1876-09-06 09:00:00,16.11,NA,45,13.68,NA,982.32,6.86,NA,11.56,NA,11.67,NA,NA,NA,3.71,",bkn,bkn"
1876-09-06 15:00:00,NA,NA,NA,NA,NA,NA,NA,NA,11.44,NA,11.72,NA,NA,NA,NA,",skc,skc"
1876-09-06 21:00:00,16.67,NA,0,12.7,NA,980.36,NA,NA,11.39,NA,11.67,NA,15.56,NA,11,NA
1876-09-07,NA,NA,NA,NA,NA,NA,NA,NA,NA,NA,NA,6.06,17.11,45,NA,NA
1876-09-07 09:00:00,15.56,NA,315,12.29,NA,986.56,0,NA,11.11,NA,12.22,NA,NA,NA,7.73,",bkn,bkn"
1876-09-07 15:00:00,NA,NA,NA,NA,NA,NA,NA,NA,7.78,NA,8.33,NA,NA,NA,NA,NA
1876-09-07 21:00:00,15.56,45,315,10.06,NA,993.13,NA,NA,7.78,NA,8.33,NA,18.33,NA,16,NA
1876-09-08,NA,NA,NA,NA,NA,NA,0,0,NA,NA,NA,5.5,17.11,47.22,NA,NA
1876-09-08 09:00:00,15,45,45,11.11,NA,998.21,0,NA,9.44,NA,10.28,NA,NA,NA,2.91,",bkn,bkn"
1876-09-08 15:00:00,NA,NA,NA,NA,NA,NA,NA,NA,10.11,NA,11.11,NA,NA,NA,NA,",ovc,ovc"
1876-09-08 21:00:00,15.56,45,45,11.65,NA,999.83,NA,NA,10.11,NA,11.11,NA,16.11,NA,16,NA
1876-09-09,NA,NA,NA,NA,NA,NA,NA,NA,NA,NA,NA,9.39,13.83,25,NA,NA
1876-09-09 09:00:00,15,90,90,12.46,NA,999.46,1.02,NA,11.11,NA,12.06,NA,NA,NA,3.13,",bkn,bkn"
1876-09-09 15:00:00,NA,NA,NA,NA,NA,NA,NA,NA,11.17,NA,11.11,NA,NA,NA,NA,",ovc,ovc"
1876-09-09 21:00:00,9.44,45,NA,12.97,NA,999.46,NA,NA,11.44,NA,11.39,NA,10.56,NA,1,NA
1876-09-10,NA,NA,NA,NA,NA,NA,NA,NA,NA,NA,NA,8.83,17.11,37.22,NA,NA
1876-09-10 09:00:00,NA,NA,NA,NA,NA,NA,0,NA,NA,NA,NA,NA,NA,NA,0,NA
1876-09-10 15:00:00,NA,NA,NA,NA,NA,NA,NA,NA,NA,NA,NA,NA,NA,NA,NA,NA
1876-09-10 21:00:00,NA,NA,NA,NA,NA,NA,NA,NA,NA,NA,NA,NA,18.89,NA,0,NA
1876-09-11,NA,NA,NA,NA,NA,NA,NA,NA,NA,NA,NA,3.83,19.33,60.56,NA,NA
1876-09-11 09:00:00,15,NA,0,11.85,NA,999.05,0,NA,11.11,NA,12.78,NA,NA,NA,0.45,",skc,skc"
1876-09-11 15:00:00,NA,NA,NA,NA,NA,NA,NA,NA,10.06,NA,11.17,NA,NA,NA,NA,",skc,skc"
1876-09-11 21:00:00,15,NA,NA,11.34,NA,999.05,NA,NA,10,NA,11.11,NA,26.67,NA,16,NA
1876-09-12,NA,NA,NA,NA,NA,NA,NA,NA,NA,NA,NA,2.78,21,64.44,NA,",ra,"
1876-09-12 09:00:00,15,NA,315,12.77,NA,999.05,0,NA,11.67,NA,12.78,NA,NA,NA,1.48,",skc,skc"
1876-09-12 15:00:00,NA,NA,NA,NA,NA,NA,NA,NA,11.72,NA,12.83,NA,NA,NA,NA,",bkn,bkn"
1876-09-12 21:00:00,15,NA,180,11.78,NA,999.05,NA,NA,11.67,NA,12.78,NA,27.22,NA,2,NA
1876-09-13,NA,NA,NA,NA,NA,NA,NA,NA,NA,NA,NA,4.39,19.89,62.5,NA,",au,"
1876-09-13 09:00:00,8.33,NA,315,12.9,NA,996.99,0,NA,11.22,NA,12.28,NA,NA,NA,1.65,",skc,skc"
1876-09-13 15:00:00,NA,NA,NA,NA,NA,NA,NA,NA,8.89,NA,8.89,NA,NA,NA,NA,",bkn,bkn"
1876-09-13 21:00:00,10.56,NA,0,11.34,NA,996.99,NA,NA,8.89,NA,8.89,NA,28.89,NA,34,NA
1876-09-14,NA,NA,NA,NA,NA,NA,NA,NA,NA,NA,NA,3.28,19.33,52.5,NA,NA
1876-09-14 09:00:00,15,NA,NA,11.38,NA,997.26,0,NA,10.56,NA,12.22,NA,NA,NA,2.68,",skc,skc"
1876-09-14 15:00:00,NA,NA,NA,NA,NA,NA,NA,NA,12.83,NA,13.94,NA,NA,NA,NA,",skc,skc"
1876-09-14 21:00:00,16.67,NA,225,13.82,NA,993.46,NA,NA,12.78,NA,13.89,NA,23.61,NA,16,NA
1876-09-15,NA,NA,NA,NA,NA,NA,NA,NA,NA,NA,NA,5.83,21.67,56.39,NA,",au,"
1876-09-15 09:00:00,14.44,NA,180,12.12,NA,989.27,0,NA,11.67,NA,13.72,NA,NA,NA,8.18,",skc,skc"
1876-09-15 15:00:00,NA,NA,NA,NA,NA,NA,NA,NA,12.89,NA,14,NA,NA,NA,NA,",skc,skc"
1876-09-15 21:00:00,16.67,NA,180,13.88,NA,982.49,NA,NA,12.83,NA,13.94,NA,22.22,NA,23,NA
1876-09-16,NA,NA,NA,NA,NA,NA,NA,NA,NA,NA,NA,11.67,19.44,55,NA,NA
1876-09-16 09:00:00,16.67,NA,NA,13.51,NA,976.5,0,NA,13.5,NA,15.83,NA,NA,NA,14.75,",skc,skc"
1876-09-16 15:00:00,NA,NA,NA,NA,NA,NA,NA,NA,15.61,NA,16.17,NA,NA,NA,NA,",ovc,ovc"
1876-09-16 21:00:00,17.78,180,NA,17.17,NA,976.09,NA,NA,15.56,NA,16.11,NA,20,NA,13,NA
1876-09-17,NA,NA,NA,NA,NA,NA,NA,NA,NA,NA,NA,9.44,22.78,54.44,NA,NA
1876-09-17 09:00:00,NA,NA,NA,NA,NA,NA,0,NA,NA,NA,NA,NA,NA,NA,0,NA
1876-09-17 15:00:00,NA,NA,NA,NA,NA,NA,NA,NA,NA,NA,NA,NA,NA,NA,NA,NA
1876-09-17 21:00:00,NA,NA,NA,NA,NA,NA,NA,NA,NA,NA,NA,NA,24.44,NA,0,NA
1876-09-18,NA,NA,NA,NA,NA,NA,NA,NA,NA,NA,NA,7.17,19.33,57.78,NA,",fg,"
1876-09-18 09:00:00,16.67,NA,315,13.65,NA,989.27,0.25,NA,12,NA,12.39,NA,NA,NA,0.89,",bkn,bkn"
1876-09-18 15:00:00,NA,NA,NA,NA,NA,NA,NA,NA,10.56,NA,10.67,NA,NA,NA,NA,",skc,skc"
1876-09-18 21:00:00,16.67,NA,0,12.6,NA,986.62,NA,NA,10.56,NA,10.67,NA,22.78,NA,5,NA
1876-09-19,NA,NA,NA,NA,NA,NA,NA,NA,NA,NA,NA,6.06,21,60,NA,",fg,"
1876-09-19 09:00:00,15,225,180,13.99,NA,982.93,0,NA,12.78,NA,13.72,NA,NA,NA,5.36,",bkn,bkn"
1876-09-19 15:00:00,NA,NA,NA,NA,NA,NA,NA,NA,13.39,NA,14.5,NA,NA,NA,NA,",ovc,ovc"
1876-09-19 21:00:00,17.78,180,180,14.36,NA,981.38,NA,NA,13.33,NA,14.44,NA,25,NA,40,NA
1876-09-20,NA,NA,NA,NA,NA,NA,NA,NA,NA,NA,NA,7.17,19.06,54.44,NA,NA
1876-09-20 09:00:00,16.67,NA,315,12.36,NA,986.96,0,NA,11.94,NA,13.89,NA,NA,NA,6.03,",skc,skc"
1876-09-20 15:00:00,NA,NA,NA,NA,NA,NA,NA,NA,8.39,NA,10.06,NA,NA,NA,NA,",skc,skc"
1876-09-20 21:00:00,15.56,NA,NA,9.62,NA,988.05,NA,NA,8.33,NA,10,NA,35.28,NA,27,NA
1876-09-21,NA,NA,NA,NA,NA,NA,NA,NA,NA,NA,NA,6.61,22.11,56.67,NA,NA
1876-09-21 09:00:00,15,270,180,10.02,NA,987.57,0,NA,10.56,NA,13.89,NA,NA,NA,10.95,",bkn,bkn"
1876-09-21 15:00:00,NA,NA,NA,NA,NA,NA,NA,NA,9.72,NA,10.56,NA,NA,NA,NA,",skc,skc"
1876-09-21 21:00:00,17.22,NA,135,11.34,NA,984.59,NA,NA,9.72,NA,10.56,NA,23.33,NA,11,NA
1876-09-22,NA,NA,NA,NA,NA,NA,NA,NA,NA,NA,NA,6.33,19.33,53.89,NA,",au,"
1876-09-22 09:00:00,17.78,225,180,15.88,NA,979.68,0.51,NA,15,NA,16.39,NA,NA,NA,11.62,",bkn,bkn"
1876-09-22 15:00:00,NA,NA,NA,NA,NA,NA,NA,NA,8.33,NA,10.83,NA,NA,NA,NA,",skc,skc"
1876-09-22 21:00:00,17.22,NA,225,8.94,NA,982.9,NA,NA,8.33,NA,10.83,NA,21.67,NA,12,NA
1876-09-23,NA,NA,NA,NA,NA,NA,NA,NA,NA,NA,NA,6.06,22.67,58.89,NA,NA
1876-09-23 09:00:00,15,NA,270,8.33,NA,985.47,0,NA,8.61,NA,12.22,NA,NA,NA,10.15,",skc,skc"
1876-09-23 15:00:00,NA,NA,NA,NA,NA,NA,NA,NA,8.39,NA,11.44,NA,NA,NA,NA,",ovc,ovc"
1876-09-23 21:00:00,15.56,180,180,8.53,NA,988.18,NA,NA,8.33,NA,11.39,NA,22.22,NA,34,NA
1876-09-24,NA,NA,NA,NA,NA,NA,NA,NA,NA,NA,NA,5.5,18.22,50,NA,NA
1876-09-24 09:00:00,NA,NA,NA,NA,NA,NA,0,NA,NA,NA,NA,NA,NA,NA,0,NA
1876-09-24 15:00:00,NA,NA,NA,NA,NA,NA,NA,NA,NA,NA,NA,NA,NA,NA,NA,NA
1876-09-24 21:00:00,NA,NA,NA,NA,NA,NA,NA,NA,NA,NA,NA,NA,20,NA,0,NA
1876-09-25,NA,NA,NA,NA,NA,NA,NA,NA,NA,NA,NA,1.61,14.33,57.22,NA,NA
1876-09-25 09:00:00,13.33,NA,315,8.43,NA,992.92,9.14,NA,6.67,NA,8.33,NA,NA,NA,7.38,",skc,skc"
1876-09-25 15:00:00,NA,NA,NA,NA,NA,NA,NA,NA,2.22,NA,2.78,NA,NA,NA,NA,",skc,skc"
1876-09-25 21:00:00,13.33,NA,315,6.74,NA,998.14,NA,NA,2.22,NA,2.78,NA,17.22,NA,40,NA
1876-09-26,NA,NA,NA,NA,NA,NA,NA,NA,NA,NA,NA,-0.06,14.89,57.22,NA,NA
1876-09-26 09:00:00,12.78,NA,315,7.99,NA,998.27,0,NA,6.67,NA,8.89,NA,NA,NA,4.69,",skc,skc"
1876-09-26 15:00:00,NA,NA,NA,NA,NA,NA,NA,NA,6.11,NA,7.78,NA,NA,NA,NA,",bkn,bkn"
1876-09-26 21:00:00,15.56,NA,180,8.06,NA,996.58,NA,NA,6.11,NA,7.78,NA,22.78,NA,12,NA
1876-09-27,NA,NA,NA,NA,NA,NA,NA,NA,NA,NA,NA,4.39,18.5,NA,NA,NA
1876-09-27 09:00:00,12.78,NA,180,9.82,NA,987.78,0.76,NA,8.33,NA,9.72,NA,NA,NA,6.03,",bkn,bkn"
1876-09-27 15:00:00,NA,NA,NA,NA,NA,NA,NA,NA,4.72,NA,7.22,NA,NA,NA,NA,",skc,skc"
1876-09-27 21:00:00,15,NA,315,8.13,NA,987.84,NA,NA,4.72,NA,7.22,NA,NA,NA,45,NA
1876-09-28,NA,NA,NA,NA,NA,NA,NA,NA,NA,NA,NA,2.22,9.39,56.11,NA,",ra,"
1876-09-28 09:00:00,10.56,0,315,7.48,NA,991.97,0.51,NA,4.72,NA,5.83,NA,NA,NA,16.32,",bkn,bkn"
1876-09-28 15:00:00,NA,NA,NA,NA,NA,NA,NA,NA,-0.56,NA,0.22,NA,NA,NA,NA,",ovc,ovc"
1876-09-28 21:00:00,11.11,0,NA,5.38,NA,998.34,NA,NA,-0.56,NA,0.22,NA,12.78,NA,15,NA
1876-09-29,NA,NA,NA,NA,NA,NA,NA,NA,NA,NA,NA,1.06,6.06,45.56,NA,",gr,"
1876-09-29 09:00:00,13.33,NA,0,6.16,NA,998.82,0,NA,1.11,NA,2.78,NA,NA,NA,6.71,",bkn,bkn"
1876-09-29 15:00:00,NA,NA,NA,NA,NA,NA,NA,NA,0.28,NA,1.94,NA,NA,NA,NA,",ovc,ovc"
1876-09-29 21:00:00,10,NA,NA,4.94,NA,1000.75,NA,NA,0.28,NA,1.94,NA,9.17,NA,24,NA
1876-09-30,NA,NA,NA,NA,NA,NA,NA,NA,NA,NA,NA,-3.17,8.44,NA,NA,",halo,"
1876-09-30 09:00:00,11.67,NA,NA,4.61,NA,1002.24,0,NA,0,NA,1.94,NA,NA,NA,7.38,",skc,skc"
1876-09-30 15:00:00,NA,NA,NA,NA,NA,NA,NA,NA,-0.56,NA,0.56,NA,NA,NA,NA,",skc,skc"
1876-09-30 21:00:00,15.56,NA,225,5.11,NA,996.78,NA,NA,-0.56,NA,0.56,NA,13.61,NA,34,NA
1876-10-01,NA,NA,NA,NA,NA,NA,NA,NA,NA,NA,NA,-1.11,18.78,50,NA,NA
1876-10-01 21:00:00,NA,NA,NA,NA,NA,NA,NA,NA,NA,NA,NA,NA,21.94,NA,NA,NA
1876-10-02,NA,NA,NA,NA,NA,NA,NA,NA,NA,NA,NA,1.61,12.17,52.78,NA,NA
1876-10-02 09:00:00,12.78,0,315,7.28,NA,971.22,0.25,NA,5.56,NA,7.78,NA,NA,NA,19.98,",ovc"
1876-10-02 15:00:00,NA,NA,NA,NA,NA,NA,NA,NA,1.67,NA,2.22,NA,NA,NA,NA,",skc"
1876-10-02 21:00:00,11.11,NA,315,6.47,NA,976.97,NA,NA,1.67,NA,2.22,NA,11.11,NA,20,NA
1876-10-03,NA,NA,NA,NA,NA,NA,NA,NA,NA,NA,NA,-6.11,3.28,42.22,NA,NA
1876-10-03 09:00:00,11.67,0,315,4.81,NA,982.26,NA,NA,0,NA,1.67,NA,NA,NA,14.71,",ovc"
1876-10-03 15:00:00,NA,NA,NA,NA,NA,NA,NA,NA,-6.11,NA,-6.11,NA,NA,NA,NA,",skc"
1876-10-03 21:00:00,13.89,NA,315,3.83,NA,985.44,NA,NA,-6.11,NA,-6.11,NA,4.44,NA,20,NA
1876-10-04,NA,NA,NA,NA,NA,NA,NA,NA,NA,NA,NA,-7.5,3.61,44.44,NA,NA
1876-10-04 09:00:00,15.56,NA,315,3.66,NA,986.12,NA,NA,-2.5,NA,-0.56,NA,NA,NA,8.27,",bkn"
1876-10-04 15:00:00,NA,NA,NA,NA,NA,NA,NA,NA,-2.78,NA,-1.67,NA,NA,NA,NA,",bkn"
1876-10-04 21:00:00,13.33,NA,180,4.2,NA,978.67,NA,NA,-2.78,NA,-1.67,NA,7.22,NA,18,NA
1876-10-05,NA,NA,NA,NA,NA,NA,NA,NA,NA,NA,NA,-2.22,3.28,NA,NA,NA
1876-10-05 09:00:00,11.67,NA,90,5.25,NA,988.42,NA,NA,-1.11,NA,-0.56,NA,NA,NA,6.26,",ovc,ovc"
1876-10-05 15:00:00,NA,NA,NA,NA,NA,NA,NA,NA,0.28,NA,1.11,NA,NA,NA,NA,",ovc,ovc"
1876-10-05 21:00:00,16.67,NA,315,5.59,NA,979.89,NA,NA,0.28,NA,1.11,NA,NA,NA,40,NA
1876-10-06,NA,NA,NA,NA,NA,NA,NA,NA,NA,NA,NA,-5.28,4.39,24.44,NA,NA
1876-10-06 09:00:00,14.44,NA,315,4.81,NA,989.03,NA,NA,0,NA,1.67,NA,NA,NA,4.47,",ovc,ovc"
1876-10-06 15:00:00,NA,NA,NA,NA,NA,NA,NA,NA,0.56,NA,1.67,NA,NA,NA,NA,",ovc,ovc"
1876-10-06 21:00:00,12.78,270,270,5.49,NA,987.47,NA,NA,0.56,NA,1.67,NA,3.89,NA,27,NA
1876-10-07,NA,NA,NA,NA,NA,NA,NA,NA,NA,NA,NA,-9.33,1.11,40,NA,NA
1876-10-07 09:00:00,14.44,315,0,4.57,NA,990.52,NA,NA,-1.39,NA,0,NA,NA,NA,11.4,",ovc,ovc"
1876-10-07 15:00:00,NA,NA,NA,NA,NA,NA,NA,NA,-6.61,NA,-6.67,NA,NA,NA,NA,",skc"
1876-10-07 21:00:00,12.78,NA,315,3.69,NA,995.6,NA,NA,-6.67,NA,-6.67,NA,4.44,NA,16,NA
1876-10-08,NA,NA,NA,NA,NA,NA,NA,NA,NA,NA,NA,-9.17,5.22,41.67,NA,NA
1876-10-08 09:00:00,NA,NA,270,NA,NA,NA,NA,NA,NA,NA,NA,NA,NA,NA,2.24,NA
1876-10-08 21:00:00,NA,NA,180,NA,NA,NA,NA,NA,NA,NA,NA,NA,10,NA,19,NA
1876-10-09,NA,NA,NA,NA,NA,NA,NA,NA,NA,NA,NA,-4.17,10.5,53.06,NA,NA
1876-10-09 09:00:00,12.78,315,0,6.13,NA,971.35,NA,NA,3.33,NA,6.11,NA,NA,NA,14.53,",ovc,ovc"
1876-10-09 15:00:00,NA,NA,NA,NA,NA,NA,NA,NA,-1.67,NA,0,NA,NA,NA,NA,",skc,skc"
1876-10-09 21:00:00,15.56,0,0,4.27,NA,989.16,NA,NA,-1.67,NA,0,NA,10.56,NA,22,NA
1876-10-10,NA,NA,NA,NA,NA,NA,NA,NA,NA,NA,NA,-4.17,2.22,38.89,NA,NA
1876-10-10 09:00:00,15.56,45,0,4.64,NA,998.31,NA,NA,-1.67,NA,-0.56,NA,NA,NA,8.05,",ovc"
1876-10-10 15:00:00,NA,NA,NA,NA,NA,NA,NA,NA,-3.89,NA,-3.33,NA,NA,NA,NA,",skc"
1876-10-10 21:00:00,13.89,NA,180,4.17,NA,999.83,NA,NA,-3.89,NA,-3.33,NA,7.78,NA,40,NA
1876-10-11,NA,NA,NA,NA,NA,NA,NA,NA,NA,NA,NA,-4.72,12.17,52.78,NA,NA
1876-10-11 09:00:00,13.33,NA,180,5.76,NA,995.26,NA,NA,-0.56,NA,0.17,NA,NA,NA,12.07,",skc,skc"
1876-10-11 15:00:00,NA,NA,NA,NA,NA,NA,NA,NA,1.67,NA,3.33,NA,NA,NA,NA,",ovc"
1876-10-11 21:00:00,2.78,90,0,5.59,NA,991.7,NA,NA,1.67,NA,3.33,NA,13.33,NA,11,NA
1876-10-12,NA,NA,NA,NA,NA,NA,NA,NA,NA,NA,NA,-4.44,12.72,45,NA,NA
1876-10-12 09:00:00,15.56,270,0,3.96,NA,998.31,NA,NA,-3.33,NA,-2.22,NA,NA,NA,7.15,",bkn"
1876-10-12 15:00:00,NA,NA,NA,NA,NA,NA,NA,NA,-2.22,NA,-1.67,NA,NA,NA,NA,",skc,skc"
1876-10-12 21:00:00,13.89,NA,45,4.81,NA,997.29,NA,NA,-2.22,NA,-1.67,NA,11.67,NA,1,NA
1876-10-13,NA,NA,NA,NA,NA,NA,NA,NA,NA,NA,NA,-8.61,12.17,21.67,NA,NA
1876-10-13 09:00:00,12.78,NA,315,4.47,NA,996.61,NA,NA,-3.06,NA,-2.5,NA,NA,NA,1.65,",ovc,ovc"
1876-10-13 15:00:00,NA,NA,NA,NA,NA,NA,NA,NA,-5.22,NA,-5,NA,NA,NA,NA,",ovc,ovc"
1876-10-13 21:00:00,12.22,NA,0,3.66,NA,1000,NA,NA,-5.56,NA,-5,NA,1.67,NA,17,NA
1876-10-14,NA,NA,NA,NA,NA,NA,NA,NA,NA,NA,NA,-9.72,2.22,47.5,NA,NA
1876-10-14 09:00:00,17.22,45,315,3.96,NA,1009.14,NA,NA,-3.33,NA,-2.22,NA,NA,NA,5.36,",ovc,ovc"
1876-10-14 15:00:00,NA,NA,NA,NA,NA,NA,NA,NA,-3.61,NA,-2.78,NA,NA,NA,NA,",skc"
1876-10-14 21:00:00,16.67,NA,180,4.1,NA,1004.06,NA,NA,-3.61,NA,-2.78,NA,7.22,NA,11,NA
1876-10-15,NA,NA,NA,NA,NA,NA,NA,NA,NA,NA,NA,-6.11,8.28,43.06,NA,NA
1876-10-15 09:00:00,NA,NA,180,NA,NA,NA,NA,NA,NA,NA,NA,NA,NA,NA,12.07,NA
1876-10-15 21:00:00,NA,NA,180,NA,NA,NA,NA,NA,NA,NA,NA,NA,9.44,NA,34,NA
1876-10-16,NA,NA,NA,NA,NA,NA,NA,NA,NA,NA,NA,-4.39,14.11,50,NA,NA
1876-10-16 09:00:00,15.56,NA,135,4.54,NA,984.76,NA,NA,-0.56,NA,1.39,NA,NA,NA,1.34,",bkn,bkn"
1876-10-16 15:00:00,NA,NA,NA,NA,NA,NA,NA,NA,1.67,NA,3.33,NA,NA,NA,NA,",bkn,bkn"
1876-10-16 21:00:00,13.89,NA,90,5.59,NA,986.59,NA,NA,1.67,NA,3.33,NA,22.78,NA,45,NA
1876-10-17,NA,NA,NA,NA,NA,NA,0,0,NA,NA,NA,-0.83,17.94,48.89,NA,NA
1876-10-17 09:00:00,12.78,NA,180,6.43,NA,986.86,NA,NA,3.33,NA,5.56,NA,NA,NA,7.38,",skc"
1876-10-17 15:00:00,NA,NA,NA,NA,NA,NA,NA,NA,6.11,NA,8.94,NA,NA,NA,NA,",bkn"
1876-10-17 21:00:00,16.67,NA,180,7.15,NA,983.41,NA,NA,6.11,NA,8.89,NA,20,NA,15,NA
1876-10-18,NA,NA,NA,NA,NA,NA,NA,NA,NA,NA,NA,2.17,19.89,50.56,NA,NA
1876-10-18 09:00:00,15.56,NA,180,7.62,NA,978.67,NA,NA,5.56,NA,7.22,NA,NA,NA,7.6,",skc,skc"
1876-10-18 15:00:00,NA,NA,NA,NA,NA,NA,NA,NA,10.56,NA,12.83,NA,NA,NA,NA,",skc,skc"
1876-10-18 21:00:00,18.33,NA,180,10.84,NA,975.28,NA,NA,10.56,NA,12.78,NA,22.22,NA,13,NA
1876-10-19,NA,NA,NA,NA,NA,NA,NA,NA,NA,NA,NA,6.39,15.44,49.44,NA,NA
1876-10-19 09:00:00,13.89,NA,180,9.04,NA,975.14,NA,NA,7.78,NA,10,NA,NA,NA,5.81,",skc,skc"
1876-10-19 15:00:00,NA,NA,NA,NA,NA,NA,NA,NA,8.33,NA,9.22,NA,NA,NA,NA,",bkn"
1876-10-19 21:00:00,18.89,NA,135,10.23,NA,975.52,NA,NA,8.33,NA,9.17,NA,17.22,NA,34,NA
1876-10-20,NA,NA,NA,NA,NA,NA,NA,NA,NA,NA,NA,7.22,12.17,22.78,NA,NA
1876-10-20 09:00:00,17.22,NA,45,10.87,NA,976.09,0.51,NA,8.61,NA,8.89,NA,NA,NA,1.79,",ovc,ovc"
1876-10-20 15:00:00,NA,NA,NA,NA,NA,NA,NA,NA,8.33,NA,9.5,NA,NA,NA,NA,",ovc,ovc"
1876-10-20 21:00:00,16.11,90,0,10.02,NA,975.96,NA,NA,8.33,NA,9.44,NA,13.33,NA,12,NA
1876-10-21,NA,NA,NA,NA,NA,NA,NA,NA,NA,NA,NA,2.17,8.83,18.06,NA,NA
1876-10-21 09:00:00,18.89,315,0,7.62,NA,976.97,NA,NA,3.89,NA,4.44,NA,NA,NA,8.94,",ovc,ovc"
1876-10-21 15:00:00,NA,NA,NA,NA,NA,NA,NA,NA,2.5,NA,2.78,NA,NA,NA,NA,",ovc,ovc"
1876-10-21 21:00:00,15,315,315,7.11,NA,977.79,NA,NA,2.5,NA,2.78,NA,10,NA,13,NA
1876-10-22,NA,NA,NA,NA,NA,NA,NA,NA,NA,NA,NA,0.5,3.83,10.83,NA,NA
1876-10-22 09:00:00,NA,NA,315,NA,NA,NA,NA,NA,NA,NA,NA,NA,NA,NA,4.47,",ovc,ovc"
1876-10-22 21:00:00,NA,NA,0,NA,NA,NA,NA,NA,NA,NA,NA,NA,1.67,NA,13,NA
1876-10-23,NA,NA,NA,NA,NA,NA,NA,NA,NA,NA,NA,-0.72,4.94,36.67,NA,NA
1876-10-23 09:00:00,11.67,0,315,5.11,NA,978.19,NA,NA,1.11,NA,2.78,NA,NA,NA,10.1,",ovc,ovc"
1876-10-23 15:00:00,NA,NA,NA,NA,NA,NA,NA,NA,0.56,NA,2.22,NA,NA,NA,NA,",ovc,ovc"
1876-10-23 21:00:00,11.67,0,315,5.05,NA,980.7,NA,NA,0.56,NA,2.22,NA,6.11,NA,26,NA
1876-10-24,NA,NA,NA,NA,NA,NA,NA,NA,NA,NA,NA,-0.83,3.28,37.78,NA,NA
1876-10-24 09:00:00,13.89,315,315,5.11,NA,982.8,NA,NA,-0.56,NA,-1.11,NA,NA,NA,12.52,",ovc,ovc"
1876-10-24 15:00:00,NA,NA,NA,NA,NA,NA,NA,NA,-0.83,NA,0.83,NA,NA,NA,NA,",ovc,ovc"
1876-10-24 21:00:00,16.11,0,0,4.81,NA,987.64,NA,NA,-0.83,NA,0.83,NA,3.89,NA,22,NA
1876-10-25,NA,NA,NA,NA,NA,NA,NA,NA,NA,NA,NA,-3.06,2.72,37.22,NA,NA
1876-10-25 09:00:00,12.78,NA,315,4.33,NA,991.77,NA,NA,-1.94,NA,-0.56,NA,NA,NA,10.06,",skc"
1876-10-25 15:00:00,NA,NA,NA,NA,NA,NA,NA,NA,-2.78,NA,-1.11,NA,NA,NA,NA,",ovc"
1876-10-25 21:00:00,13.89,0,0,3.83,NA,995.94,NA,NA,-2.78,NA,-1.11,NA,4.44,NA,12,NA
1876-10-26,NA,NA,NA,NA,NA,NA,NA,NA,NA,NA,NA,-3.56,1.61,17.78,NA,NA
1876-10-26 09:00:00,11.11,NA,135,4.06,NA,997.29,NA,NA,-2.22,NA,-1.11,NA,NA,NA,4.92,",ovc,ovc"
1876-10-26 15:00:00,NA,NA,NA,NA,NA,NA,NA,NA,-2.78,NA,-2.22,NA,NA,NA,NA,",skc"
1876-10-26 21:00:00,13.89,180,135,4.61,NA,992.89,NA,NA,-2.78,NA,-2.22,NA,1.11,NA,16,NA
1876-10-27,NA,NA,NA,NA,NA,NA,NA,NA,NA,NA,NA,-3.06,8.83,46.67,NA,NA
1876-10-27 09:00:00,16.11,NA,180,4.81,NA,988.15,NA,NA,0,NA,1.67,NA,NA,NA,9.39,",skc,skc"
1876-10-27 15:00:00,NA,NA,NA,NA,NA,NA,NA,NA,0,NA,1.67,NA,NA,NA,NA,",skc,skc"
1876-10-27 21:00:00,15,NA,180,4.81,NA,985.44,NA,NA,0,NA,1.67,NA,11.67,NA,14,NA
1876-10-28,NA,NA,NA,NA,NA,NA,NA,NA,NA,NA,NA,-1.39,13.28,48.89,NA,NA
1876-10-28 09:00:00,15.56,NA,180,5.79,NA,985.1,NA,NA,1.67,NA,3.06,NA,NA,NA,8.72,",bkn,bkn"
1876-10-28 15:00:00,NA,NA,NA,NA,NA,NA,NA,NA,1.67,NA,2.22,NA,NA,NA,NA,",bkn,bkn"
1876-10-28 21:00:00,15.56,NA,135,6.47,NA,982.66,NA,NA,1.67,NA,2.22,NA,14.44,NA,17,NA
1876-10-29,NA,NA,NA,NA,NA,NA,NA,NA,NA,NA,NA,3.33,15.22,42.22,NA,NA
1876-10-29 09:00:00,NA,NA,180,NA,NA,NA,NA,NA,NA,NA,NA,NA,NA,NA,12.52,",ovc"
1876-10-29 21:00:00,NA,NA,225,NA,NA,NA,NA,NA,NA,NA,NA,NA,16.94,NA,13,NA
1876-10-30,NA,NA,NA,NA,NA,NA,NA,NA,NA,NA,NA,-1,16,49.44,NA,NA
1876-10-30 09:00:00,15,180,180,7.69,NA,976.3,NA,NA,3.61,NA,3.89,NA,NA,NA,5.59,",ovc"
1876-10-30 15:00:00,NA,NA,NA,NA,NA,NA,NA,NA,2.5,NA,3.89,NA,NA,NA,NA,",bkn"
1876-10-30 21:00:00,14.44,NA,225,6.23,NA,983.75,NA,NA,2.5,NA,3.89,NA,15.56,NA,14,NA
1876-10-31,NA,NA,NA,NA,NA,NA,NA,NA,NA,NA,NA,-0.72,9.39,42.78,NA,NA
1876-10-31 09:00:00,15.56,NA,180,6.1,NA,988.01,NA,NA,1.39,NA,2.22,NA,NA,NA,2.1,",skc"
1876-10-31 15:00:00,NA,NA,NA,NA,NA,NA,NA,NA,1.39,NA,1.67,NA,NA,NA,NA,",ovc"
1876-10-31 21:00:00,13.33,NA,0,6.54,NA,988.96,NA,NA,1.39,NA,1.67,NA,12.78,NA,40,NA
1876-11-01,NA,NA,NA,NA,NA,NA,0,0,NA,NA,NA,-0.83,4.94,31.11,NA,",ra,"
1876-11-01 09:00:00,17.22,180,315,6.94,NA,993.77,2.54,NA,2.22,NA,2.5,NA,NA,NA,8.49,",ovc,ovc"
1876-11-01 15:00:00,NA,NA,NA,NA,NA,NA,NA,NA,1.39,NA,1.83,NA,NA,NA,NA,",ovc,ovc"
1876-11-01 21:00:00,17.78,0,0,6.4,NA,993.43,NA,NA,1.39,NA,1.83,NA,6.67,NA,20,NA
1876-11-02,NA,NA,NA,NA,NA,NA,0,0,NA,NA,NA,-1.39,2.22,25,NA,",sn,"
1876-11-02 09:00:00,13.89,NA,0,6.03,NA,988.62,0,NA,0,NA,0.11,NA,NA,NA,7.15,",ovc,ovc"
1876-11-02 15:00:00,NA,NA,NA,NA,NA,NA,NA,NA,-1.67,NA,-1.11,NA,NA,NA,NA,",ovc,ovc"
1876-11-02 21:00:00,15,0,315,5.05,NA,985.78,NA,NA,-1.67,NA,-1.11,NA,3.33,NA,5,NA
1876-11-03,NA,NA,NA,NA,NA,NA,0.203,2.03,NA,NA,NA,-11.67,1.39,20,NA,NA
1876-11-03 09:00:00,15.56,NA,225,5.18,NA,984.42,0,NA,-1.5,NA,-1.11,NA,NA,NA,4.02,",ovc,ovc"
1876-11-03 15:00:00,NA,NA,NA,NA,NA,NA,NA,NA,-8.83,NA,-8.28,NA,NA,NA,NA,",ovc,ovc"
1876-11-03 21:00:00,12.78,0,0,2.64,NA,991.6,NA,NA,-8.89,NA,-8.28,NA,1.11,NA,22,NA
1876-11-04,NA,NA,NA,NA,NA,NA,0,0,NA,NA,NA,-16.44,-7.22,42.78,NA,NA
1876-11-04 09:00:00,13.89,270,0,2.1,NA,998.04,0,NA,-12.11,NA,-11.67,NA,NA,NA,0.89,",bkn"
1876-11-04 15:00:00,NA,NA,NA,NA,NA,NA,NA,NA,-15,NA,-14.94,NA,NA,NA,NA,",ovc"
1876-11-04 21:00:00,16.67,NA,270,1.86,NA,997.9,NA,NA,-15,NA,-15,NA,0,NA,5,NA
1876-11-05,NA,NA,NA,NA,NA,NA,0,0,NA,NA,NA,-16.28,-5.94,25,NA,NA
1876-11-05 09:00:00,NA,NA,45,NA,NA,NA,0,NA,NA,NA,NA,NA,NA,NA,8.94,NA
1876-11-05 15:00:00,NA,NA,NA,NA,NA,NA,NA,NA,NA,NA,NA,NA,NA,NA,NA,NA
1876-11-05 21:00:00,NA,NA,0,NA,NA,NA,NA,NA,NA,NA,NA,NA,-2.22,NA,27,NA
1876-11-06,NA,NA,NA,NA,NA,NA,0,0,NA,NA,NA,-16,-2.78,33.33,NA,",halo,"
1876-11-06 09:00:00,11.11,NA,0,2.61,NA,997.29,0,NA,-9.28,NA,-8.72,NA,NA,NA,4.47,",skc"
1876-11-06 15:00:00,NA,NA,NA,NA,NA,NA,NA,NA,-9.11,NA,-8.89,NA,NA,NA,NA,",bkn,bkn"
1876-11-06 21:00:00,13.89,NA,90,2.81,NA,996.82,NA,NA,-9.17,NA,-8.89,NA,5.56,NA,5,NA
1876-11-07,NA,NA,NA,NA,NA,NA,0,0,NA,NA,NA,-11.39,2.22,18.89,NA,NA
1876-11-07 09:00:00,12.22,0,180,3.32,NA,992.96,0,NA,-6.5,NA,-5.94,NA,NA,NA,7.6,",ovc"
1876-11-07 15:00:00,NA,NA,NA,NA,NA,NA,NA,NA,-0.56,NA,0,NA,NA,NA,NA,",bkn"
1876-11-07 21:00:00,13.33,NA,180,5.49,NA,983.41,NA,NA,-0.56,NA,0,NA,2.22,NA,18,NA
1876-11-08,NA,NA,NA,NA,NA,NA,0,0,NA,NA,NA,-5.28,12.72,43.33,NA,NA
1876-11-08 09:00:00,10.56,NA,225,5.08,NA,988.22,0,NA,-1.11,NA,-0.28,NA,NA,NA,1.56,",bkn"
1876-11-08 15:00:00,NA,NA,NA,NA,NA,NA,NA,NA,1.67,NA,2.5,NA,NA,NA,NA,",bkn,bkn"
1876-11-08 21:00:00,15,NA,225,6.23,NA,988.49,NA,NA,1.67,NA,2.5,NA,17.22,NA,34,NA
1876-11-09,NA,NA,NA,NA,NA,NA,0,0,NA,NA,NA,-4.17,9.94,46.11,NA,NA
1876-11-09 09:00:00,15.56,NA,180,5.25,NA,988.83,0,NA,-1.11,NA,-0.56,NA,NA,NA,0.45,",skc"
1876-11-09 15:00:00,NA,NA,NA,NA,NA,NA,NA,NA,2.78,NA,4.78,NA,NA,NA,NA,",bkn"
1876-11-09 21:00:00,18.33,NA,180,5.89,NA,980.02,NA,NA,2.78,NA,4.72,NA,16.67,NA,22,NA
1876-11-10,NA,NA,NA,NA,NA,NA,0,0,NA,NA,NA,-1.39,17.67,46.39,NA,",au,"
1876-11-10 09:00:00,15.56,NA,180,5.28,NA,972.57,0,NA,0.56,NA,1.94,NA,NA,NA,5.81,",bkn,bkn"
1876-11-10 15:00:00,NA,NA,NA,NA,NA,NA,NA,NA,-1.72,NA,-0.56,NA,NA,NA,NA,",bkn,bkn"
1876-11-10 21:00:00,15,NA,315,4.23,NA,971.76,NA,NA,-1.72,NA,-0.56,NA,21.11,NA,13,NA
1876-11-11,NA,NA,NA,NA,NA,NA,0,0,NA,NA,NA,-9.72,1.94,23.33,NA,NA
1876-11-11 09:00:00,10.56,315,0,3.35,NA,988.49,0,NA,-6.11,NA,-5.39,NA,NA,NA,12.96,",ovc"
1876-11-11 15:00:00,NA,NA,NA,NA,NA,NA,NA,NA,-10.22,NA,-10,NA,NA,NA,NA,",ovc,ovc"
1876-11-11 21:00:00,10,315,0,2.44,NA,992.48,NA,NA,-10.28,NA,-10,NA,3.56,NA,25,NA
1876-11-12,NA,NA,NA,NA,NA,NA,6.35,63.5,NA,NA,NA,-14.06,-7.78,17.78,NA,",sn,"
1876-11-12 09:00:00,NA,NA,0,NA,NA,NA,0,NA,NA,NA,NA,NA,NA,NA,9.39,",ovc"
1876-11-12 15:00:00,NA,NA,NA,NA,NA,NA,NA,NA,NA,NA,NA,NA,NA,NA,NA,NA
1876-11-12 21:00:00,NA,NA,315,NA,NA,NA,NA,NA,NA,NA,NA,NA,-7.22,NA,24,NA
1876-11-13,NA,NA,NA,NA,NA,NA,0,0,NA,NA,NA,-19.72,-12.22,35.56,NA,NA
1876-11-13 09:00:00,10,NA,0,1.42,NA,1011.18,0,NA,-17.22,NA,-17.22,NA,NA,NA,9.61,",bkn"
1876-11-13 15:00:00,NA,NA,NA,NA,NA,NA,NA,NA,-19.44,NA,-19.33,NA,NA,NA,NA,",bkn,bkn"
1876-11-13 21:00:00,10,NA,270,1.19,NA,1010.5,NA,NA,-19.44,NA,-19.44,NA,-7.78,NA,11,NA
1876-11-14,NA,NA,NA,NA,NA,NA,0,0,NA,NA,NA,-18.61,-10.56,0.56,NA,",sn,"
1876-11-14 09:00:00,12.22,NA,180,2,NA,1001.22,0,NA,-13.33,NA,-13.22,NA,NA,NA,7.6,",ovc"
1876-11-14 15:00:00,NA,NA,NA,NA,NA,NA,NA,NA,-12.06,NA,-11.61,NA,NA,NA,NA,",ovc,ovc"
1876-11-14 21:00:00,15.56,225,0,2.03,NA,996.28,NA,NA,-12.06,NA,-11.67,NA,-10.56,NA,27,NA
1876-11-15,NA,NA,NA,NA,NA,NA,13.97,139.7,NA,NA,NA,-15.56,-11.39,36.11,NA,",sn,"
1876-11-15 09:00:00,12.78,0,315,1.69,NA,993.3,0,NA,-14.44,NA,-14.17,NA,NA,NA,7.6,",ovc,ovc"
1876-11-15 15:00:00,NA,NA,NA,NA,NA,NA,NA,NA,-13.61,NA,-13.28,NA,NA,NA,NA,",ovc"
1876-11-15 21:00:00,15.56,0,315,1.83,NA,994.65,NA,NA,-13.61,NA,-13.33,NA,-7.78,NA,11,NA
1876-11-16,NA,NA,NA,NA,NA,NA,1.27,12.7,NA,NA,NA,-13.06,-7.22,21.11,NA,",sn,"
1876-11-16 09:00:00,10,NA,225,2.34,NA,994.24,0,NA,-11.28,NA,-11.11,NA,NA,NA,2.24,",ovc,ovc"
1876-11-16 15:00:00,NA,NA,NA,NA,NA,NA,NA,NA,-9.44,NA,-8.89,NA,NA,NA,NA,",ovc,ovc"
1876-11-16 21:00:00,15,NA,315,2.51,NA,994.92,NA,NA,-9.44,NA,-8.89,NA,1.67,NA,11,NA
1876-11-17,NA,NA,NA,NA,NA,NA,19.05,190.5,NA,NA,NA,-8.89,0,NA,NA,",sn,"
1876-11-17 09:00:00,17.22,NA,315,4.06,NA,991.74,0,NA,-4.89,NA,-4.72,NA,NA,NA,7.6,",ovc,ovc"
1876-11-17 15:00:00,NA,NA,NA,NA,NA,NA,NA,NA,-2.89,NA,-2.78,NA,NA,NA,NA,",ovc,ovc"
1876-11-17 21:00:00,13.33,NA,270,4.88,NA,988.83,NA,NA,-2.89,NA,-2.78,NA,NA,NA,11,NA
1876-11-18,NA,NA,NA,NA,NA,NA,0,0,NA,NA,NA,-25.83,-5,NA,NA,NA
1876-11-18 09:00:00,14.44,NA,315,1.96,NA,998.44,0,NA,-13,NA,-12.78,NA,NA,NA,8.94,",ovc,ovc"
1876-11-18 15:00:00,NA,NA,NA,NA,NA,NA,NA,NA,-23.33,NA,-23.17,NA,NA,NA,NA,",bkn"
1876-11-18 21:00:00,15.56,NA,270,0.78,NA,999.66,NA,NA,-23.33,NA,-23.33,NA,NA,NA,34,NA
1876-11-19,NA,NA,NA,NA,NA,NA,0,0,NA,NA,NA,-25.56,-2.78,7.22,NA,NA
1876-11-19 09:00:00,NA,NA,135,NA,NA,NA,0,NA,NA,NA,NA,NA,NA,NA,8.94,NA
1876-11-19 15:00:00,NA,NA,NA,NA,NA,NA,NA,NA,NA,NA,NA,NA,NA,NA,NA,NA
1876-11-19 21:00:00,NA,NA,135,NA,NA,NA,NA,NA,NA,NA,NA,NA,-1.67,NA,29,NA
1876-11-20,NA,NA,NA,NA,NA,NA,1.27,12.7,NA,NA,NA,-14.44,-2.78,14.44,NA,",sn,"
1876-11-20 09:00:00,13.33,NA,315,3.15,NA,983.61,0,NA,-8.06,NA,-7.94,NA,NA,NA,8.05,",ovc,ovc"
1876-11-20 15:00:00,NA,NA,NA,NA,NA,NA,NA,NA,-11.89,NA,-11.61,NA,NA,NA,NA,",bkn"
1876-11-20 21:00:00,13.89,NA,315,2.17,NA,990.04,NA,NA,-11.89,NA,-11.67,NA,-6.39,NA,17,NA
1876-11-21,NA,NA,NA,NA,NA,NA,0,0,NA,NA,NA,-17.5,-9.44,34.44,NA,NA
1876-11-21 09:00:00,13.33,NA,315,1.79,NA,993.43,0,NA,-14.33,NA,-14.17,NA,NA,NA,5.36,",ovc"
1876-11-21 15:00:00,NA,NA,NA,NA,NA,NA,NA,NA,-10.83,NA,-10.56,NA,NA,NA,NA,",skc,skc"
1876-11-21 21:00:00,15,NA,315,2.4,NA,995.87,NA,NA,-10.83,NA,-10.56,NA,-8.33,NA,27,NA
1876-11-22,NA,NA,NA,NA,NA,NA,63.5,635,NA,NA,NA,-19.06,-8.89,4.44,NA,",sn,"
1876-11-22 09:00:00,11.11,NA,315,2.47,NA,997.63,0,NA,-11.11,NA,-11,NA,NA,NA,5.81,",ovc"
1876-11-22 15:00:00,NA,NA,NA,NA,NA,NA,NA,NA,-12.33,NA,-12.17,NA,NA,NA,NA,",ovc,ovc"
1876-11-22 21:00:00,15.56,315,0,2.1,NA,995.67,NA,NA,-12.33,NA,-12.22,NA,-7.78,NA,20,NA
1876-11-23,NA,NA,NA,NA,NA,NA,1.905,19.05,NA,NA,NA,-16.5,-8.33,2.22,NA,",sn,"
1876-11-23 09:00:00,13.89,0,180,2.07,NA,990.86,0,NA,-12.22,NA,-11.94,NA,NA,NA,10.73,",ovc,ovc"
1876-11-23 15:00:00,NA,NA,NA,NA,NA,NA,NA,NA,-9.72,NA,-9.44,NA,NA,NA,NA,",ovc,ovc"
1876-11-23 21:00:00,16.67,NA,180,2.64,NA,987.81,NA,NA,-9.72,NA,-9.44,NA,-10.56,NA,18,NA
1876-11-24,NA,NA,NA,NA,NA,NA,0,0,NA,NA,NA,-12.78,-3.89,26.11,NA,",sn,"
1876-11-24 09:00:00,15.56,NA,225,3.83,NA,988.01,0,NA,-6.11,NA,-6.11,NA,NA,NA,5.14,",ovc,ovc"
1876-11-24 15:00:00,NA,NA,NA,NA,NA,NA,NA,NA,-11.94,NA,-11.67,NA,NA,NA,NA,",skc"
1876-11-24 21:00:00,10.56,NA,315,2.13,NA,987.81,NA,NA,-11.94,NA,-11.67,NA,-3.89,NA,45,NA
1876-11-25,NA,NA,NA,NA,NA,NA,0,0,NA,NA,NA,-12.22,-2.78,8.33,NA,",halo,"
1876-11-25 09:00:00,16.67,NA,270,3.62,NA,992.89,0,NA,-5.56,NA,-5,NA,NA,NA,1.03,",ovc,ovc"
1876-11-25 15:00:00,NA,NA,NA,NA,NA,NA,NA,NA,-6.28,NA,-6.11,NA,NA,NA,NA,",ovc,ovc"
1876-11-25 21:00:00,15.56,180,180,3.69,NA,977.38,NA,NA,-6.28,NA,-6.11,NA,-2.78,NA,21,NA
1876-11-26,NA,NA,NA,NA,NA,NA,12.065,120.65,NA,NA,NA,-13.89,-1.11,11.67,NA,",parhel,"
1876-11-26 09:00:00,NA,NA,315,NA,NA,NA,0,NA,NA,NA,NA,NA,NA,NA,6.71,NA
1876-11-26 15:00:00,NA,NA,NA,NA,NA,NA,NA,NA,NA,NA,NA,NA,NA,NA,NA,NA
1876-11-26 21:00:00,NA,NA,0,NA,NA,NA,NA,NA,NA,NA,NA,NA,-0.56,NA,22,NA
1876-11-27,NA,NA,NA,NA,NA,NA,0,0,NA,NA,NA,-24.17,-12.22,36.11,NA,NA
1876-11-27 09:00:00,8.89,NA,0,0.95,NA,987.61,0,NA,-21.67,NA,-21.67,NA,NA,NA,5.81,",skc"
1876-11-27 15:00:00,NA,NA,NA,NA,NA,NA,NA,NA,-23.06,NA,-23.17,NA,NA,NA,NA,",skc,skc"
1876-11-27 21:00:00,5.56,0,0,0.95,NA,987.13,NA,NA,-23.06,NA,-23.33,NA,-13.89,NA,1,NA
1876-11-28,NA,NA,NA,NA,NA,NA,0,0,NA,NA,NA,-27.78,-19.17,-0.56,NA,",hz,"
1876-11-28 09:00:00,13.89,NA,0,0.81,NA,991.6,0,NA,-22.22,NA,-22.22,NA,NA,NA,0.54,",ovc"
1876-11-28 15:00:00,NA,NA,NA,NA,NA,NA,NA,NA,-9.44,NA,-9.61,NA,NA,NA,NA,",ovc"
1876-11-28 21:00:00,12.78,90,0,0.54,NA,997.97,NA,NA,-9.44,NA,-9.44,NA,-16.11,NA,16,NA
1876-11-29,NA,NA,NA,NA,NA,NA,0,0,NA,NA,NA,-33.06,-17.5,39.44,NA,NA
1876-11-29 09:00:00,11.11,NA,0,1.15,NA,1006.77,0,NA,-15.83,NA,-15.83,NA,NA,NA,5.14,",ovc"
1876-11-29 15:00:00,NA,NA,NA,NA,NA,NA,NA,NA,-5.56,NA,-5.72,NA,NA,NA,NA,",bkn"
1876-11-29 21:00:00,1.67,NA,0,0.37,NA,1010.63,NA,NA,-5.56,NA,-5.56,NA,-11.67,NA,27,NA
1876-11-30,NA,NA,NA,NA,NA,NA,0,0,NA,NA,NA,-35.94,-26.94,33.33,NA,NA
1876-11-30 09:00:00,10.56,NA,NA,0.2,NA,1019.3,0,NA,-1.67,NA,-1.67,NA,NA,NA,0,",bkn,bkn"
1876-11-30 15:00:00,NA,NA,NA,NA,NA,NA,NA,NA,-5.56,NA,-5.72,NA,NA,NA,NA,",bkn,bkn"
1876-11-30 21:00:00,2.78,NA,315,0.37,NA,1013.75,NA,NA,-5.56,NA,-5.56,NA,-17.72,NA,16,NA
1876-12-01,NA,NA,NA,NA,NA,NA,NA,NA,NA,NA,NA,-12.5,-6.56,23.89,NA,NA
1876-12-01 09:00:00,10.56,NA,90,0.41,NA,1010.7,NA,NA,-28.89,NA,-28.89,NA,NA,NA,3.13,",skc"
1876-12-01 15:00:00,NA,NA,NA,NA,NA,NA,NA,NA,-20,NA,-19.89,NA,NA,NA,NA,",skc,skc"
1876-12-01 21:00:00,7.78,NA,180,1.12,NA,1005.76,NA,NA,-20,NA,-20,NA,-15,NA,13,NA
1876-12-02,NA,NA,NA,NA,NA,NA,NA,NA,NA,NA,NA,-15.11,-12.78,26.11,NA,NA
1876-12-02 09:00:00,13.33,0,180,1.46,NA,1004.67,NA,NA,-17.22,NA,-17.22,NA,NA,NA,7.6,",ovc"
1876-12-02 15:00:00,NA,NA,NA,NA,NA,NA,NA,NA,-18.89,NA,-18.78,NA,NA,NA,NA,",skc"
1876-12-02 21:00:00,12.22,NA,135,1.22,NA,1005.42,NA,NA,-18.89,NA,-18.89,NA,-7.22,NA,40,NA
1876-12-03,NA,NA,NA,NA,NA,NA,0,0,NA,NA,NA,-13.17,-11.11,37.22,NA,NA
1876-12-03 09:00:00,NA,NA,135,NA,NA,NA,NA,NA,NA,NA,NA,NA,NA,NA,4.47,NA
1876-12-03 21:00:00,NA,NA,180,NA,NA,NA,NA,NA,NA,NA,NA,NA,-6.39,NA,22,NA
1876-12-04,NA,NA,NA,NA,NA,NA,NA,NA,NA,NA,NA,-16.28,-8.17,38.33,NA,NA
1876-12-04 09:00:00,11.11,NA,180,2.17,NA,997.83,NA,NA,-12.22,NA,-12.06,NA,NA,NA,12.52,",skc"
1876-12-04 15:00:00,NA,NA,NA,NA,NA,NA,NA,NA,-8.61,NA,-8.33,NA,NA,NA,NA,",skc,skc"
1876-12-04 21:00:00,12.78,NA,180,2.91,NA,986.73,NA,NA,-8.61,NA,-8.33,NA,-6.5,NA,23,NA
1876-12-05,NA,NA,NA,NA,NA,NA,NA,NA,NA,NA,NA,-8.89,2.22,41.11,NA,NA
1876-12-05 09:00:00,14.44,NA,180,3.28,NA,974.81,NA,NA,-5.89,NA,-5.83,NA,NA,NA,11.18,",skc"
1876-12-05 15:00:00,NA,NA,NA,NA,NA,NA,NA,NA,-5.83,NA,-5.56,NA,NA,NA,NA,",skc,skc"
1876-12-05 21:00:00,14.44,NA,270,3.69,NA,979.01,NA,NA,-6.11,NA,-5.56,NA,3.89,NA,26,NA
1876-12-06,NA,NA,NA,NA,NA,NA,NA,NA,NA,NA,NA,-25,-5.56,28.33,NA,NA
1876-12-06 09:00:00,12.78,NA,315,2.44,NA,976.3,NA,NA,-9.83,NA,-9.28,NA,NA,NA,11.18,",skc,skc"
1876-12-06 15:00:00,NA,NA,NA,NA,NA,NA,NA,NA,-25,NA,-24.83,NA,NA,NA,NA,",skc"
1876-12-06 21:00:00,4.44,NA,315,0.64,NA,983.24,NA,NA,-25,NA,-25,NA,3.89,NA,12,NA
1876-12-07,NA,NA,NA,NA,NA,NA,19.05,190.5,NA,NA,NA,-25.33,-19.44,21.67,NA,NA
1876-12-07 09:00:00,10,NA,315,0.61,NA,989.57,NA,NA,-25.39,NA,-25.39,NA,NA,NA,4.02,",skc"
1876-12-07 15:00:00,NA,NA,NA,NA,NA,NA,NA,NA,-20,NA,-19.83,NA,NA,NA,NA,",skc"
1876-12-07 21:00:00,10,NA,315,0.95,NA,982.05,NA,NA,-20,NA,-20,NA,-16.39,NA,20,NA
1876-12-08,NA,NA,NA,NA,NA,NA,2.54,25.4,NA,NA,NA,-37.22,-25,22.78,NA,NA
1876-12-08 09:00:00,6.67,NA,0,0.27,NA,997.77,NA,NA,-31.67,NA,-31.67,NA,NA,NA,9.61,",skc"
1876-12-08 15:00:00,NA,NA,NA,NA,NA,NA,NA,NA,-35.56,NA,-35.39,NA,NA,NA,NA,",skc"
1876-12-08 21:00:00,-4.44,NA,270,NA,NA,995.6,NA,NA,-35.56,NA,-35.56,NA,-17.22,NA,5,NA
1876-12-09,NA,NA,NA,NA,NA,NA,NA,NA,NA,NA,NA,-37.78,-18.33,-6.67,NA,NA
1876-12-09 09:00:00,7.78,NA,180,0.71,NA,988.62,NA,NA,-26.33,NA,-26.33,NA,NA,NA,11.62,",ovc"
1876-12-09 15:00:00,NA,NA,NA,NA,NA,NA,NA,NA,-20,NA,-19.89,NA,NA,NA,NA,",ovc"
1876-12-09 21:00:00,11.11,NA,180,1.15,NA,977.18,NA,NA,-20,NA,-20,NA,-16.67,NA,26,NA
1876-12-10,NA,NA,NA,NA,NA,NA,NA,NA,NA,NA,NA,-27.22,-8.89,32.78,NA,NA
1876-12-10 09:00:00,NA,NA,90,NA,NA,NA,NA,NA,NA,NA,NA,NA,NA,NA,4.47,",skc"
1876-12-10 21:00:00,NA,NA,180,NA,NA,NA,NA,NA,NA,NA,NA,NA,-17.78,NA,36,NA
1876-12-11,NA,NA,NA,NA,NA,NA,NA,NA,NA,NA,NA,-13.89,1.67,36.67,NA,NA
1876-12-11 09:00:00,13.33,0,315,5.11,NA,965.53,NA,NA,-0.56,NA,0.56,NA,NA,NA,11.18,",skc"
1876-12-11 15:00:00,NA,NA,NA,NA,NA,NA,NA,NA,-12.72,NA,-12.5,NA,NA,NA,NA,",skc"
1876-12-11 21:00:00,15,NA,135,2.03,NA,977.45,NA,NA,-12.72,NA,-12.5,NA,3.33,NA,16,NA
1876-12-12,NA,NA,NA,NA,NA,NA,NA,NA,NA,NA,NA,-16.28,0.28,15.56,NA,NA
1876-12-12 09:00:00,16.11,NA,180,5.08,NA,970.95,NA,NA,-2.5,NA,-2.5,NA,NA,NA,2.24,",ovc"
1876-12-12 15:00:00,NA,NA,NA,NA,NA,NA,NA,NA,-11.56,NA,-11.39,NA,NA,NA,NA,",skc"
1876-12-12 21:00:00,13.89,NA,0,2.91,NA,983.27,NA,NA,-11.56,NA,-11.39,NA,0.56,NA,22,NA
1876-12-13,NA,NA,NA,NA,NA,NA,NA,NA,NA,NA,NA,-25.83,-2.78,38.33,NA,NA
1876-12-13 09:00:00,18.33,NA,180,2.61,NA,978.67,NA,NA,-10.17,NA,-10,NA,NA,NA,6.48,",ovc"
1876-12-13 15:00:00,NA,NA,NA,NA,NA,NA,NA,NA,-23.33,NA,-23.17,NA,NA,NA,NA,",ovc"
1876-12-13 21:00:00,15.56,0,0,0.78,NA,988.83,NA,NA,-23.33,NA,-23.33,NA,-2.78,NA,40,NA
1876-12-14,NA,NA,NA,NA,NA,NA,2.54,25.4,NA,NA,NA,-33.06,-16.39,21.11,NA,NA
1876-12-14 09:00:00,12.22,NA,225,0.3,NA,999.39,NA,NA,-31.39,NA,-31.39,NA,NA,NA,5.59,",skc,skc"
1876-12-14 15:00:00,NA,NA,NA,NA,NA,NA,NA,NA,-17.39,NA,-17.11,NA,NA,NA,NA,",ovc"
1876-12-14 21:00:00,10.56,NA,180,1.32,NA,978.19,NA,NA,-17.5,NA,-17.22,NA,-21.11,NA,28,NA
1876-12-15,NA,NA,NA,NA,NA,NA,NA,NA,NA,NA,NA,-38.06,-29.44,28.06,NA,NA
1876-12-15 09:00:00,10,NA,270,0.51,NA,984.42,NA,NA,-25,NA,-25,NA,NA,NA,18.78,",skc"
1876-12-15 15:00:00,NA,NA,NA,NA,NA,NA,NA,NA,-33.33,NA,-33.17,NA,NA,NA,NA,",skc"
1876-12-15 21:00:00,2.22,NA,315,0.2,NA,1004.4,NA,NA,-33.33,NA,-33.33,NA,-8.89,NA,45,NA
1876-12-16,NA,NA,NA,NA,NA,NA,NA,NA,NA,NA,NA,-34.72,-17.78,6.11,NA,NA
1876-12-16 09:00:00,4.44,NA,135,0.34,NA,1000.34,NA,NA,-33.89,NA,-35,NA,NA,NA,0.45,",skc,skc"
1876-12-16 15:00:00,NA,NA,NA,NA,NA,NA,NA,NA,-35.83,NA,-35.67,NA,NA,NA,NA,",skc"
1876-12-16 21:00:00,10.56,NA,135,NA,NA,1000.14,NA,NA,-35.83,NA,-35.83,NA,-28.33,NA,5,NA
1876-12-17,NA,NA,NA,NA,NA,NA,NA,NA,NA,NA,NA,-33.33,-13.33,19.44,NA,NA
1876-12-17 09:00:00,NA,NA,180,NA,NA,NA,NA,NA,NA,NA,NA,NA,NA,NA,14.08,NA
1876-12-17 21:00:00,NA,NA,180,NA,NA,NA,NA,NA,NA,NA,NA,NA,-13.33,NA,15,NA
1876-12-18,NA,NA,NA,NA,NA,NA,NA,NA,NA,NA,NA,-32.78,-21.67,23.06,NA,NA
1876-12-18 09:00:00,11.67,0,0,1.46,NA,989.57,NA,NA,-16.5,NA,-16.5,NA,NA,NA,7.38,",ovc,ovc"
1876-12-18 15:00:00,NA,NA,NA,NA,NA,NA,NA,NA,-31.11,NA,-30.94,NA,NA,NA,NA,",skc"
1876-12-18 21:00:00,16.11,NA,0,0.34,NA,999.32,NA,NA,-31.11,NA,-31.11,NA,-15,NA,12,NA
1876-12-19,NA,NA,NA,NA,NA,NA,NA,NA,NA,NA,NA,-35.83,-19.44,-10.56,NA,NA
1876-12-19 09:00:00,11.11,NA,90,0.41,NA,998.98,NA,NA,-29.44,NA,-29.44,NA,NA,NA,3.13,",ovc"
1876-12-19 15:00:00,NA,NA,NA,NA,NA,NA,NA,NA,-22.89,NA,-22.78,NA,NA,NA,NA,",ovc,ovc"
1876-12-19 21:00:00,10.56,NA,135,0.81,NA,999.26,NA,NA,-22.89,NA,-22.89,NA,-21.67,NA,11,NA
1876-12-20,NA,NA,NA,NA,NA,NA,1.905,19.05,NA,NA,NA,NA,NA,21.11,NA,NA
1876-12-20 09:00:00,10.56,NA,180,0.95,NA,992.55,NA,NA,-20,NA,-20,NA,NA,NA,1.79,",ovc,ovc"
1876-12-20 15:00:00,NA,NA,NA,NA,NA,NA,NA,NA,-31.28,NA,-31.11,NA,NA,NA,NA,",skc"
1876-12-20 21:00:00,13.33,NA,0,0.34,NA,988.83,NA,NA,-31.28,NA,-31.28,NA,-15,NA,16,NA
1876-12-21,NA,NA,NA,NA,NA,NA,NA,NA,NA,NA,NA,-36.11,-25,21.39,NA,NA
1876-12-21 09:00:00,-1.11,0,0,0.2,NA,987.81,NA,NA,-34.44,NA,-34.44,NA,NA,NA,3.13,",skc"
1876-12-21 15:00:00,NA,NA,NA,NA,NA,NA,NA,NA,-25,NA,-24.83,NA,NA,NA,NA,",skc"
1876-12-21 21:00:00,13.33,NA,0,0.64,NA,993.43,NA,NA,-25,NA,-25,NA,-19.44,NA,11,NA
1876-12-22,NA,NA,NA,NA,NA,NA,NA,NA,NA,NA,NA,-34.17,-16.67,20,NA,NA
1876-12-22 09:00:00,5.56,0,0,0.34,NA,997.29,NA,NA,-30.56,NA,-30.56,NA,NA,NA,4.47,",bkn,bkn"
1876-12-22 15:00:00,NA,NA,NA,NA,NA,NA,NA,NA,-21.11,NA,-20.94,NA,NA,NA,NA,",skc"
1876-12-22 21:00:00,11.11,NA,315,0.88,NA,1001.32,NA,NA,-21.11,NA,-21.11,NA,-15,NA,16,NA
1876-12-23,NA,NA,NA,NA,NA,NA,NA,NA,NA,NA,NA,-21.83,-17.22,22.22,NA,NA
1876-12-23 09:00:00,12.78,90,315,1.12,NA,1007.25,NA,NA,-20.56,NA,-20.56,NA,NA,NA,2.68,",ovc"
1876-12-23 15:00:00,NA,NA,NA,NA,NA,NA,NA,NA,-19.5,NA,-19.39,NA,NA,NA,NA,",ovc,ovc"
1876-12-23 21:00:00,12.78,NA,225,1.15,NA,1007.99,NA,NA,-19.5,NA,-19.5,NA,-16.94,NA,16,NA
1876-12-24,NA,NA,NA,NA,NA,NA,NA,NA,NA,NA,NA,-24.78,-17.22,8.06,NA,NA
1876-12-24 09:00:00,NA,NA,225,NA,NA,NA,NA,NA,NA,NA,NA,NA,NA,NA,0.89,NA
1876-12-24 21:00:00,NA,NA,180,NA,NA,NA,NA,NA,NA,NA,NA,NA,-16.67,NA,27,NA
1876-12-25,NA,NA,NA,NA,NA,NA,NA,NA,NA,NA,NA,-30.28,-21.67,23.89,NA,NA
1876-12-25 09:00:00,NA,NA,180,NA,NA,NA,NA,NA,NA,NA,NA,NA,NA,NA,1.16,NA
1876-12-25 15:00:00,NA,NA,NA,NA,NA,NA,NA,NA,NA,NA,NA,NA,NA,NA,NA,",skc"
1876-12-25 21:00:00,NA,NA,180,NA,NA,NA,NA,NA,NA,NA,NA,NA,-16.94,NA,16,NA
1876-12-26,NA,NA,NA,NA,NA,NA,NA,NA,NA,NA,NA,-27.61,-15.56,23.89,NA,NA
1876-12-26 09:00:00,5,NA,180,1.29,NA,986.59,NA,NA,-18.61,NA,-18.61,NA,NA,NA,2.24,",ovc"
1876-12-26 15:00:00,NA,NA,NA,NA,NA,NA,NA,NA,-21.94,NA,-21.78,NA,NA,NA,NA,",ovc"
1876-12-26 21:00:00,12.22,NA,180,0.85,NA,985.44,NA,NA,-21.94,NA,-21.94,NA,-12.22,NA,13,NA
1876-12-27,NA,NA,NA,NA,NA,NA,NA,NA,NA,NA,NA,-27.33,-17.78,20,NA,NA
1876-12-27 09:00:00,14.44,NA,135,0.68,NA,986.66,NA,NA,-24.44,NA,-24.44,NA,NA,NA,5.68,",skc,skc"
1876-12-27 15:00:00,NA,NA,NA,NA,NA,NA,NA,NA,-21.67,NA,-21.5,NA,NA,NA,NA,",bkn,bkn"
1876-12-27 21:00:00,7.22,NA,0,0.88,NA,991.13,NA,NA,-21.67,NA,-21.67,NA,-11.67,NA,40,NA
1876-12-28,NA,NA,NA,NA,NA,NA,NA,NA,NA,NA,NA,-28.61,-17.22,NA,NA,NA
1876-12-28 09:00:00,8.33,NA,0,1.32,NA,997.29,NA,NA,-18.06,NA,-18.06,NA,NA,NA,6.71,",ovc,ovc"
1876-12-28 15:00:00,NA,NA,NA,NA,NA,NA,NA,NA,-22.5,NA,-22.33,NA,NA,NA,NA,",skc,skc"
1876-12-28 21:00:00,1.67,NA,0,0.81,NA,999.87,NA,NA,-22.5,NA,-22.5,NA,NA,NA,13,NA
1876-12-29,NA,NA,NA,NA,NA,NA,NA,NA,NA,NA,NA,-33.33,-25,24.44,NA,NA
1876-12-29 09:00:00,-1.67,NA,315,0.34,NA,1002.37,NA,NA,-30.56,NA,-30.56,NA,NA,NA,1.79,",skc,skc"
1876-12-29 15:00:00,NA,NA,NA,NA,NA,NA,NA,NA,-30.56,NA,-30.39,NA,NA,NA,NA,",ovc,ovc"
1876-12-29 21:00:00,6.11,NA,135,0.34,NA,993.3,NA,NA,-30.56,NA,-30.56,NA,-16.67,NA,16,NA
1876-12-30,NA,NA,NA,NA,NA,NA,1.27,12.7,NA,NA,NA,-33.33,-17.78,10,NA,NA
1876-12-30 09:00:00,3.33,270,135,0.51,NA,989.16,NA,NA,-26.5,NA,-26.5,NA,NA,NA,6.03,",ovc"
1876-12-30 15:00:00,NA,NA,NA,NA,NA,NA,NA,NA,-18.89,NA,-18.78,NA,NA,NA,NA,NA
1876-12-30 21:00:00,6.67,NA,135,1.22,NA,988.15,NA,NA,-18.89,NA,-18.89,NA,-21.67,NA,45,NA
1876-12-31,NA,NA,NA,NA,NA,NA,NA,NA,NA,NA,NA,-28.61,-17.78,22.22,NA,NA
1876-12-31 09:00:00,NA,NA,0,NA,NA,NA,NA,NA,NA,NA,NA,NA,NA,NA,4.69,NA
1876-12-31 21:00:00,NA,NA,315,NA,NA,NA,NA,NA,NA,NA,NA,NA,-15.56,NA,45,NA
1877-01-01,NA,NA,NA,NA,NA,NA,NA,NA,NA,NA,NA,-31.56,-20.56,4.44,NA,NA
1877-01-01 09:00:00,-0.56,180,315,0.58,996.61,996.82,NA,NA,-28.39,NA,-28.33,NA,NA,NA,1.12,",ovc"
1877-01-01 15:00:00,NA,NA,NA,NA,1002.95,NA,NA,NA,-26.94,NA,-26.94,NA,NA,NA,NA,",ovc"
1877-01-01 21:00:00,6.67,NA,315,0.68,NA,1004.27,NA,NA,-26.94,NA,-27,NA,-15.56,NA,13,NA
1877-01-02,NA,NA,NA,NA,NA,NA,NA,NA,NA,NA,NA,-30.72,-17.78,-7.22,NA,NA
1877-01-02 09:00:00,-3.33,NA,225,0.71,1000.64,1000.34,NA,NA,-26.06,NA,-26,NA,NA,NA,20.12,",ovc,ovc"
1877-01-02 15:00:00,NA,NA,NA,NA,996.11,NA,NA,NA,-26.11,NA,-26.11,NA,NA,NA,NA,",skc"
1877-01-02 21:00:00,8.89,NA,135,0.71,NA,997.83,NA,NA,-26.11,NA,-26.17,NA,-20.56,NA,20,NA
1877-01-03,NA,NA,NA,NA,NA,NA,NA,NA,NA,NA,NA,-20.5,-13.89,-1.67,NA,NA
1877-01-03 09:00:00,5.56,270,180,1.02,993.94,995.09,NA,NA,-22.22,NA,-22.22,NA,NA,NA,8.94,NA
1877-01-03 15:00:00,NA,NA,NA,NA,981.54,NA,NA,NA,-16.11,NA,-16.11,NA,NA,NA,NA,",skc"
1877-01-03 21:00:00,10,NA,180,1.69,NA,983.41,NA,NA,-16.11,NA,-16.11,NA,-16.67,NA,25,NA
1877-01-04,NA,NA,NA,NA,NA,NA,NA,NA,NA,NA,NA,-20.83,-6.67,12.22,NA,NA
1877-01-04 09:00:00,7.78,NA,45,1.93,980.56,982.05,NA,NA,-14.44,NA,-14.44,NA,NA,NA,1.56,NA
1877-01-04 15:00:00,NA,NA,NA,NA,983.78,NA,NA,NA,-10,NA,-9.94,NA,NA,NA,NA,",ovc,ovc"
1877-01-04 21:00:00,12.22,NA,225,2.74,NA,985.98,NA,NA,-10,NA,-9.94,NA,-4.44,NA,27,NA
1877-01-05,NA,NA,NA,NA,NA,NA,NA,NA,NA,NA,NA,-17.94,-6.67,12.78,NA,NA
1877-01-05 09:00:00,11.67,NA,315,3.52,982.97,985.44,NA,NA,-7.22,NA,-7.11,NA,NA,NA,4.47,NA
1877-01-05 15:00:00,NA,NA,NA,NA,987.06,NA,NA,NA,-18.33,NA,-18.33,NA,NA,NA,NA,",bkn,bkn"
1877-01-05 21:00:00,9.44,NA,135,1.39,NA,988.83,NA,NA,-18.33,NA,-18.33,NA,-7.78,NA,27,NA
1877-01-06,NA,NA,NA,NA,NA,NA,NA,NA,NA,NA,NA,-28,-13.33,31.11,NA,NA
1877-01-06 09:00:00,10,NA,0,1.96,967.02,968.91,NA,NA,-13.89,NA,-13.83,NA,NA,NA,8.94,NA
1877-01-06 15:00:00,NA,NA,NA,NA,987.13,NA,NA,NA,-23.78,NA,-23.78,NA,NA,NA,NA,",skc"
1877-01-06 21:00:00,-0.56,NA,315,0.88,NA,987.34,NA,NA,-23.78,NA,-23.83,NA,-13.33,NA,30,NA
1877-01-07,NA,NA,NA,NA,NA,NA,NA,NA,NA,NA,NA,-33.61,-17.78,6.39,NA,NA
1877-01-07 09:00:00,NA,NA,315,NA,NA,NA,NA,NA,NA,NA,NA,NA,NA,NA,2.24,NA
1877-01-07 21:00:00,NA,NA,NA,NA,NA,NA,NA,NA,NA,NA,NA,NA,-16.67,NA,45,NA
1877-01-08,NA,NA,NA,NA,NA,NA,NA,NA,NA,NA,NA,-38.11,-30,21.11,NA,NA
1877-01-08 09:00:00,-7.78,NA,270,0.24,992.55,991.6,NA,NA,-37.17,NA,-37.17,NA,NA,NA,0.45,",bkn"
1877-01-08 15:00:00,NA,NA,NA,NA,983.88,NA,NA,NA,-32.17,NA,-32.17,NA,NA,NA,NA,",bkn"
1877-01-08 21:00:00,3.33,NA,180,0.41,NA,984.69,NA,NA,-32.17,NA,-32.22,NA,-13.89,NA,45,NA
1877-01-09,NA,NA,NA,NA,NA,NA,NA,NA,NA,NA,NA,-31.94,-22.78,20.56,NA,NA
1877-01-09 09:00:00,-3.89,NA,180,0.51,975.65,975.35,NA,NA,-29.94,NA,-29.94,NA,NA,NA,4.02,",bkn"
1877-01-09 15:00:00,NA,NA,NA,NA,980.29,NA,NA,NA,-29.39,NA,-29.39,NA,NA,NA,NA,",bkn"
1877-01-09 21:00:00,9.44,NA,270,0.51,NA,982.05,NA,NA,-29.39,NA,-29.44,NA,-15,NA,34,NA
1877-01-10,NA,NA,NA,NA,NA,NA,NA,NA,NA,NA,NA,-35.28,-25.56,18.89,NA,NA
1877-01-10 09:00:00,0,NA,225,0.41,979.58,979.89,NA,NA,-31.33,NA,-31.33,NA,NA,NA,0.13,",skc"
1877-01-10 15:00:00,NA,NA,NA,NA,992.79,NA,NA,NA,-32.17,NA,-32.17,NA,NA,NA,NA,",skc"
1877-01-10 21:00:00,13.89,NA,0,0.41,NA,995.26,NA,NA,-33.83,NA,-32.22,NA,-15.56,NA,40,NA
1877-01-11,NA,NA,NA,NA,NA,NA,NA,NA,NA,NA,NA,-40.33,-31.67,14.44,NA,NA
1877-01-11 09:00:00,2.78,NA,0,NA,1006.1,1006.77,NA,NA,-38.56,NA,-38.56,NA,NA,NA,1.56,NA
1877-01-11 15:00:00,NA,NA,NA,NA,974.57,NA,NA,NA,-34.94,NA,-34.94,NA,NA,NA,NA,",skc"
1877-01-11 21:00:00,13.33,NA,225,0.3,NA,976.97,NA,NA,-34.94,NA,-35,NA,-8.33,NA,11,NA
1877-01-12,NA,NA,NA,NA,NA,NA,NA,NA,NA,NA,NA,-35.56,-15,22.22,NA,NA
1877-01-12 09:00:00,-2.78,NA,180,0.37,996.17,996.07,NA,NA,-32.72,NA,-32.72,NA,NA,NA,9.83,NA
1877-01-12 15:00:00,NA,NA,NA,NA,977.38,NA,NA,NA,-17.22,NA,-17.22,NA,NA,NA,NA,",skc"
1877-01-12 21:00:00,9.44,NA,180,1.52,NA,979.51,NA,NA,-17.22,NA,-17.22,NA,-10.56,NA,30,NA
1877-01-13,NA,NA,NA,NA,NA,NA,NA,NA,NA,NA,NA,-39.44,-25,18.33,NA,NA
1877-01-13 09:00:00,2.78,315,0,1.69,976.6,977.31,NA,NA,-15.83,NA,-15.83,NA,NA,NA,10.28,",ovc"
1877-01-13 15:00:00,NA,NA,NA,NA,991.7,NA,NA,NA,-36.67,NA,-36.67,NA,NA,NA,NA,",skc"
1877-01-13 21:00:00,-2.78,NA,0,NA,NA,991.81,NA,NA,-36.67,NA,-36.72,NA,-10.28,NA,34,NA
1877-01-14,NA,NA,NA,NA,NA,NA,NA,NA,NA,NA,NA,-42.78,-28.61,NA,NA,NA
1877-01-14 09:00:00,NA,NA,0,NA,NA,NA,NA,NA,NA,NA,NA,NA,NA,NA,1.61,NA
1877-01-14 21:00:00,NA,NA,315,NA,NA,NA,NA,NA,NA,NA,NA,NA,NA,NA,11,NA
1877-01-15,NA,NA,NA,NA,NA,NA,NA,NA,NA,NA,NA,-44.17,-28.89,19.72,NA,NA
1877-01-15 09:00:00,-1.11,NA,270,NA,999.19,999.26,NA,NA,-38.06,NA,-38.06,NA,NA,NA,2.68,",skc"
1877-01-15 15:00:00,NA,NA,NA,NA,992.52,NA,NA,NA,-37.17,NA,-37.17,NA,NA,NA,NA,",skc,skc"
1877-01-15 21:00:00,10,NA,180,0.3,NA,994.24,NA,NA,-37.17,NA,-37.22,NA,-25,NA,34,NA
1877-01-16,NA,NA,NA,NA,NA,NA,NA,NA,NA,NA,NA,-38.33,-24.17,21.67,NA,NA
1877-01-16 09:00:00,-2.22,NA,180,0.3,985.34,985.17,NA,NA,-35.5,NA,-35.5,NA,NA,NA,7.6,NA
1877-01-16 15:00:00,NA,NA,NA,NA,982.59,NA,NA,NA,-26.11,NA,-26.11,NA,NA,NA,NA,",skc"
1877-01-16 21:00:00,5.56,NA,NA,0.71,NA,983.75,NA,NA,-26.11,NA,-26.17,NA,-25,NA,45,NA
1877-01-17,NA,NA,NA,NA,NA,NA,NA,NA,NA,NA,NA,-30.56,-21.11,35.56,NA,NA
1877-01-17 09:00:00,11.67,NA,315,0.64,995.4,997.49,NA,NA,-27.17,NA,-27.17,NA,NA,NA,6.26,",ovc"
1877-01-17 15:00:00,NA,NA,NA,NA,1004.88,NA,NA,NA,-29.94,NA,-29.94,NA,NA,NA,NA,",skc"
1877-01-17 21:00:00,3.89,NA,315,0.51,NA,1005.76,NA,NA,-29.94,NA,-30,NA,-16.67,NA,11,NA
1877-01-18,NA,NA,NA,NA,NA,NA,NA,NA,NA,NA,NA,-34,-23.33,21.11,NA,NA
1877-01-18 09:00:00,3.89,270,225,0.41,1006.27,1007.11,NA,NA,-31.89,NA,-31.89,NA,NA,NA,4.02,",bkn"
1877-01-18 15:00:00,NA,NA,NA,NA,995.4,NA,NA,NA,-25.5,NA,-25.5,NA,NA,NA,NA,",skc,skc"
1877-01-18 21:00:00,8.89,NA,225,0.75,NA,997.09,NA,NA,-25.5,NA,-25.56,NA,-20.56,NA,17,NA
1877-01-19,NA,NA,NA,NA,NA,NA,NA,NA,NA,NA,NA,-30,-18.89,41.11,NA,NA
1877-01-19 09:00:00,7.78,NA,180,1.15,974.16,975.69,NA,NA,-20.5,NA,-20.5,NA,NA,NA,13.41,",ovc"
1877-01-19 15:00:00,NA,NA,NA,NA,982.8,NA,NA,NA,-26.06,NA,-26.06,NA,NA,NA,NA,",bkn"
1877-01-19 21:00:00,14.44,NA,0,0.71,NA,985.37,NA,NA,-26.06,NA,-26.11,NA,-16.39,NA,30,NA
1877-01-20,NA,NA,NA,NA,NA,NA,NA,NA,NA,NA,NA,-36.67,-22.22,20,NA,NA
1877-01-20 09:00:00,-0.56,NA,225,0.34,982.05,982.26,NA,NA,-34.11,NA,-34.11,NA,NA,NA,2.68,",bkn"
1877-01-20 15:00:00,NA,NA,NA,NA,974.2,NA,NA,NA,-23.28,NA,-23.28,NA,NA,NA,NA,",ovc"
1877-01-20 21:00:00,13.33,NA,180,0.91,NA,976.57,NA,NA,-23.28,NA,-23.33,NA,-23.89,NA,45,NA
1877-01-21,NA,NA,NA,NA,NA,NA,NA,NA,NA,NA,NA,-31.67,-17.78,27.22,NA,NA
1877-01-21 09:00:00,NA,NA,315,NA,NA,NA,NA,NA,NA,NA,NA,NA,NA,NA,5.81,NA
1877-01-21 21:00:00,NA,NA,0,NA,NA,NA,NA,NA,NA,NA,NA,NA,-12.22,NA,13,NA
1877-01-22,NA,NA,NA,NA,NA,NA,NA,NA,NA,NA,NA,-33.89,-15.56,23.89,NA,NA
1877-01-22 09:00:00,10.56,NA,225,0.54,997.87,998.98,NA,NA,-28.83,NA,-28.83,NA,NA,NA,8.94,",skc,skc"
1877-01-22 15:00:00,NA,NA,NA,NA,985.34,NA,NA,NA,-19.94,NA,-19.94,NA,NA,NA,NA,",skc"
1877-01-22 21:00:00,8.33,NA,180,1.22,NA,986.93,NA,NA,-19.94,NA,-20,NA,NA,NA,28,NA
1877-01-23,NA,NA,NA,NA,NA,NA,NA,NA,NA,NA,NA,-27.22,-9.44,32.22,NA,NA
1877-01-23 09:00:00,14.44,NA,315,2.57,984.22,986.79,NA,NA,-10.17,NA,-10.17,NA,NA,NA,16.09,",ovc,ovc"
1877-01-23 15:00:00,NA,NA,NA,NA,998.41,NA,NA,NA,-23.06,NA,-23.06,NA,NA,NA,NA,",skc"
1877-01-23 21:00:00,3.89,NA,0,0.95,NA,999.26,NA,NA,-23.06,NA,-23.11,NA,-7.22,NA,14,NA
1877-01-24,NA,NA,NA,NA,NA,NA,NA,NA,NA,NA,NA,-28.61,-15.56,23.89,NA,NA
1877-01-24 09:00:00,13.33,NA,225,0.64,996.99,999.32,NA,NA,-27.17,NA,-27.17,NA,NA,NA,2.91,",bkn"
1877-01-24 15:00:00,NA,NA,NA,NA,988.05,NA,NA,NA,-18.28,NA,-18.28,NA,NA,NA,NA,",bkn"
1877-01-24 21:00:00,9.44,180,180,1.39,NA,989.84,NA,NA,-18.28,NA,-18.33,NA,-16.67,NA,20,NA
1877-01-25,NA,NA,NA,NA,NA,NA,NA,NA,NA,NA,NA,-23.33,-5,22.22,NA,NA
1877-01-25 09:00:00,13.33,NA,315,1.15,987.13,989.5,NA,NA,-20.5,NA,-20.5,NA,NA,NA,3.58,NA
1877-01-25 15:00:00,NA,NA,NA,NA,981.17,NA,NA,NA,-27.28,NA,-27.39,NA,NA,NA,NA,",bkn"
1877-01-25 21:00:00,16.67,NA,225,3.22,NA,984.08,NA,NA,-27.28,NA,-27.39,NA,-6.67,NA,11,NA
1877-01-26,NA,NA,NA,NA,NA,NA,NA,NA,NA,NA,NA,-12.78,-2.5,28.89,NA,NA
1877-01-26 09:00:00,8.89,NA,180,2.47,977.79,979.51,NA,NA,-10.78,NA,-10.56,NA,NA,NA,2.68,",ovc,ovc"
1877-01-26 15:00:00,NA,NA,NA,NA,986.69,NA,NA,NA,-8.33,NA,-8.33,NA,NA,NA,NA,",skc"
1877-01-26 21:00:00,11.11,NA,315,3.18,NA,988.83,NA,NA,-8.33,NA,-8.33,NA,0,NA,20,NA
1877-01-27,NA,NA,NA,NA,NA,NA,NA,NA,NA,NA,NA,-12.78,0.28,31.39,NA,NA
1877-01-27 09:00:00,15.56,270,NA,3.15,986.42,989.16,NA,NA,-7.67,NA,-7.39,NA,NA,NA,8.49,NA
1877-01-27 15:00:00,NA,NA,NA,NA,980.09,NA,NA,NA,-1.11,NA,-0.56,NA,NA,NA,NA,",skc"
1877-01-27 21:00:00,16.67,NA,225,5.49,NA,983,NA,NA,-1.11,NA,-0.56,NA,0,NA,16,NA
1877-01-28,NA,NA,NA,NA,NA,NA,NA,NA,NA,NA,NA,-8.33,2.78,43.89,NA,NA
1877-01-28 09:00:00,NA,NA,NA,NA,NA,NA,NA,NA,NA,NA,NA,NA,NA,NA,0.45,NA
1877-01-28 21:00:00,NA,NA,225,NA,NA,NA,NA,NA,NA,NA,NA,NA,10,NA,20,NA
1877-01-29,NA,NA,NA,NA,NA,NA,NA,NA,NA,NA,NA,-15,-2.5,36.39,NA,NA
1877-01-29 09:00:00,14.44,NA,180,2.3,990.72,993.3,NA,NA,-11.67,NA,-11.67,NA,NA,NA,2.91,",skc,skc"
1877-01-29 15:00:00,NA,NA,NA,NA,990.96,NA,NA,NA,-9.17,NA,-9.17,NA,NA,NA,NA,",bkn"
1877-01-29 21:00:00,17.22,NA,135,2.84,NA,993.91,NA,NA,-9.17,NA,-9.17,NA,6.67,NA,20,NA
1877-01-30,NA,NA,NA,NA,NA,NA,NA,NA,NA,NA,NA,-12.78,-1.11,36.39,NA,NA
1877-01-30 09:00:00,17.78,NA,NA,3.56,987.44,990.52,NA,NA,-7.22,NA,-7.06,NA,NA,NA,6.26,",ovc,ovc"
1877-01-30 15:00:00,NA,NA,NA,NA,982.9,NA,NA,NA,-2.78,NA,-2.22,NA,NA,NA,NA,",ovc"
1877-01-30 21:00:00,13.89,NA,180,4.81,NA,985.37,NA,NA,-2.78,NA,-2.22,NA,1.11,NA,16,NA
1877-01-31,NA,NA,NA,NA,NA,NA,NA,NA,NA,NA,NA,-14.44,-3.61,13.33,NA,NA
1877-01-31 09:00:00,11.11,NA,315,2.17,980.12,982.05,NA,NA,-13.61,NA,-13.33,NA,NA,NA,2.01,NA
1877-01-31 15:00:00,NA,NA,NA,NA,984.05,NA,NA,NA,-8.61,NA,-8.33,NA,NA,NA,NA,",ovc,ovc"
1877-01-31 21:00:00,15.56,NA,315,3.28,NA,986.46,NA,NA,-8.61,NA,-8.33,NA,-1.11,NA,40,NA
1877-02-01,NA,NA,NA,NA,NA,NA,NA,NA,NA,NA,NA,-17.78,-7.22,30.83,NA,NA
1877-02-01 09:00:00,15.56,NA,225,2.95,987.5,990.42,0,NA,-9.44,NA,-9.28,NA,NA,NA,1.92,",ovc"
1877-02-01 15:00:00,NA,NA,NA,NA,988.39,NA,NA,NA,NA,NA,NA,NA,NA,NA,NA,",skc"
1877-02-01 21:00:00,11.67,NA,180,1.76,NA,990.52,NA,NA,-15.56,NA,-15.56,NA,23.89,NA,2,NA
1877-02-02,NA,NA,NA,NA,NA,NA,0,0,NA,NA,NA,-20,-12.78,36.11,NA,",au,"
1877-02-02 09:00:00,14.44,NA,135,2.57,992.55,995.12,0,NA,-16.67,NA,-16.67,NA,NA,NA,0.72,",skc,skc"
1877-02-02 15:00:00,NA,NA,NA,NA,994.38,NA,NA,NA,NA,NA,NA,NA,NA,NA,NA,",bkn"
1877-02-02 21:00:00,11.11,180,NA,2.44,NA,996.41,NA,NA,-10.83,NA,-10.56,NA,-1.67,NA,11,NA
1877-02-03,NA,NA,NA,NA,NA,NA,0,0,NA,NA,NA,-10.56,1.11,37.22,NA,",au,"
1877-02-03 09:00:00,11.11,NA,180,3.89,991.33,993.36,0,NA,-5.83,NA,-5.83,NA,NA,NA,5.36,",sq"
1877-02-03 15:00:00,NA,NA,NA,NA,988.55,NA,NA,NA,NA,NA,NA,NA,NA,NA,NA,",bkn"
1877-02-03 21:00:00,13.33,270,NA,4.54,NA,990.93,NA,NA,-4.06,NA,-3.89,NA,0,NA,20,NA
1877-02-04,NA,NA,NA,NA,NA,NA,NA,NA,NA,NA,NA,-11.11,0.56,41.11,NA,",au,"
1877-02-04 09:00:00,NA,NA,225,NA,NA,NA,0,NA,NA,NA,NA,NA,NA,NA,3.58,NA
1877-02-04 15:00:00,NA,NA,NA,NA,NA,NA,NA,NA,NA,NA,NA,NA,NA,NA,NA,NA
1877-02-04 21:00:00,NA,NA,NA,NA,NA,NA,NA,NA,NA,NA,NA,NA,6.11,NA,0,NA
1877-02-05,NA,NA,NA,NA,NA,NA,NA,NA,NA,NA,NA,-11.11,0.56,35.56,NA,NA
1877-02-05 09:00:00,16.67,NA,180,3.08,987.95,990.86,0,NA,-8.89,NA,-8.72,NA,NA,NA,4.02,",skc"
1877-02-05 15:00:00,NA,NA,NA,NA,975.72,NA,NA,NA,NA,NA,NA,NA,NA,NA,NA,",bkn"
1877-02-05 21:00:00,15,NA,225,4.17,NA,978.4,NA,NA,-4.44,NA,-3.89,NA,1.67,NA,11,NA
1877-02-06,NA,NA,NA,NA,NA,NA,NA,NA,NA,NA,NA,-12.22,0.56,37.78,NA,NA
1877-02-06 09:00:00,17.22,NA,315,5.11,981.58,984.56,0,NA,-1.67,NA,-0.56,NA,NA,NA,13.41,",ovc"
1877-02-06 15:00:00,NA,NA,NA,NA,987.37,NA,NA,NA,NA,NA,NA,NA,NA,NA,NA,",skc,skc"
1877-02-06 21:00:00,13.89,NA,45,2.98,NA,989.84,NA,NA,-9.17,NA,-8.89,NA,4.44,NA,16,NA
1877-02-07,NA,NA,NA,NA,NA,NA,NA,NA,NA,NA,NA,-16.11,-1.11,37.22,NA,NA
1877-02-07 09:00:00,16.11,NA,180,3.12,984.32,987.13,0,NA,-8.89,NA,-8.61,NA,NA,NA,10.73,",bkn"
1877-02-07 15:00:00,NA,NA,NA,NA,993.4,NA,NA,NA,NA,NA,NA,NA,NA,NA,NA,",skc,skc"
1877-02-07 21:00:00,15.56,NA,270,2.81,NA,996.14,NA,NA,-9.89,NA,-9.72,NA,3.89,NA,12,NA
1877-02-08,NA,NA,NA,NA,NA,NA,NA,NA,NA,NA,NA,-16.67,-1.67,35,NA,NA
1877-02-08 09:00:00,17.22,NA,225,2.4,994.72,997.7,0,NA,-10.56,NA,-10,NA,NA,NA,3.58,",ovc"
1877-02-08 15:00:00,NA,NA,NA,NA,979.21,NA,NA,NA,NA,NA,NA,NA,NA,NA,NA,",skc"
1877-02-08 21:00:00,11.67,NA,180,4.17,NA,981.38,NA,NA,-4.44,NA,-3.89,NA,-1.67,NA,43,NA
1877-02-09,NA,NA,NA,NA,NA,NA,NA,NA,NA,NA,NA,-8.33,1.11,37.78,NA,NA
1877-02-09 09:00:00,14.44,270,180,4.27,975.04,977.65,0,NA,-5.17,NA,-4.72,NA,NA,NA,6.71,",bkn,bkn"
1877-02-09 15:00:00,NA,NA,NA,NA,975.92,NA,NA,NA,NA,NA,NA,NA,NA,NA,NA,",skc"
1877-02-09 21:00:00,13.33,NA,NA,3.96,NA,978.33,NA,NA,-5,NA,-4.44,NA,4.44,NA,34,NA
1877-02-10,NA,NA,NA,NA,NA,NA,NA,NA,NA,NA,NA,-17.22,-5.28,18.33,NA,",sn,"
1877-02-10 09:00:00,17.22,NA,0,3.28,987.54,990.52,63.5,NA,-8.78,NA,-8.33,NA,NA,NA,7.38,",ovc"
1877-02-10 15:00:00,NA,NA,NA,NA,991.23,NA,NA,NA,NA,NA,NA,NA,NA,NA,NA,",skc"
1877-02-10 21:00:00,15.56,NA,0,1.59,NA,993.97,NA,NA,-16.67,NA,-16.67,NA,-2.22,NA,22,NA
1877-02-11,NA,NA,NA,NA,NA,NA,NA,NA,NA,NA,NA,-26.94,-15.28,27.94,NA,",au,"
1877-02-11 09:00:00,NA,NA,315,NA,NA,NA,0,NA,NA,NA,NA,NA,NA,NA,11.85,NA
1877-02-11 15:00:00,NA,NA,NA,NA,NA,NA,NA,NA,NA,NA,NA,NA,NA,NA,NA,NA
1877-02-11 21:00:00,NA,NA,NA,NA,NA,NA,NA,NA,NA,NA,NA,NA,-9.44,NA,0,NA
1877-02-12,NA,NA,NA,NA,NA,NA,NA,NA,NA,NA,NA,-32.22,-5.56,13.89,NA,NA
1877-02-12 09:00:00,11.67,NA,180,1.05,1007.04,1009.14,0,NA,-21.67,NA,-21.67,NA,NA,NA,7.15,",ovc"
1877-02-12 15:00:00,NA,NA,NA,NA,1000.37,NA,NA,NA,NA,NA,NA,NA,NA,NA,NA,",ovc,ovc"
1877-02-12 21:00:00,13.33,NA,180,2.81,NA,1002.71,NA,NA,-8.89,NA,-8.33,NA,-11.67,NA,30,NA
1877-02-13,NA,NA,NA,NA,NA,NA,NA,NA,NA,NA,NA,-8.33,-1.67,40.56,NA,NA
1877-02-13 09:00:00,11.11,315,NA,2.95,993.57,995.6,0,NA,-7.78,NA,-7.22,NA,NA,NA,18.55,",bkn"
1877-02-13 15:00:00,NA,NA,NA,NA,992.01,NA,NA,NA,NA,NA,NA,NA,NA,NA,NA,",skc"
1877-02-13 21:00:00,14.44,NA,NA,3.25,NA,994.58,NA,NA,-7.22,NA,-6.67,NA,-2.78,NA,19,NA
1877-02-14,NA,NA,NA,NA,NA,NA,NA,NA,NA,NA,NA,-9.44,0.56,44.17,NA,",au,"
1877-02-14 09:00:00,16.11,270,NA,3.15,989.74,992.55,0,NA,-7.67,NA,-7.39,NA,NA,NA,2.68,",bkn"
1877-02-14 15:00:00,NA,NA,NA,NA,986.35,NA,NA,NA,NA,NA,NA,NA,NA,NA,NA,",skc"
1877-02-14 21:00:00,13.89,NA,NA,4.37,NA,988.83,NA,NA,-4.44,NA,-4.44,NA,3.89,NA,20,NA
1877-02-15,NA,NA,NA,NA,NA,NA,NA,NA,NA,NA,NA,-16.67,-4.44,36.67,NA,NA
1877-02-15 09:00:00,13.89,NA,270,2.44,986.08,988.55,0,NA,-9.83,NA,-9.28,NA,NA,NA,6.26,",skc"
1877-02-15 15:00:00,NA,NA,NA,NA,994.58,NA,NA,NA,NA,NA,NA,NA,NA,NA,NA,",skc"
1877-02-15 21:00:00,8.89,NA,315,2.03,NA,996.28,NA,NA,-12.5,NA,-12.22,NA,-1.67,NA,13,NA
1877-02-16,NA,NA,NA,NA,NA,NA,NA,NA,NA,NA,NA,-26.67,-12.78,28.33,NA,NA
1877-02-16 09:00:00,13.33,0,0,0.78,999.05,1001.46,0,NA,-25,NA,-25,NA,NA,NA,0.22,",bkn"
1877-02-16 15:00:00,NA,NA,NA,NA,996.17,NA,NA,NA,NA,NA,NA,NA,NA,NA,NA,",skc"
1877-02-16 21:00:00,13.89,NA,180,1.76,NA,998.65,NA,NA,-15.56,NA,-15.56,NA,-7.22,NA,13,NA
1877-02-17,NA,NA,NA,NA,NA,NA,NA,NA,NA,NA,NA,-14.17,1.11,39.17,NA,NA
1877-02-17 09:00:00,12.22,315,180,3.01,985.13,987.34,0,NA,-8.22,NA,-7.78,NA,NA,NA,11.18,",bkn"
1877-02-17 15:00:00,NA,NA,NA,NA,979.31,NA,NA,NA,NA,NA,NA,NA,NA,NA,NA,",skc"
1877-02-17 21:00:00,15.56,NA,225,3.96,NA,982.05,NA,NA,-5,NA,-4.44,NA,2.22,NA,13,NA
1877-02-18,NA,NA,NA,NA,NA,NA,NA,NA,NA,NA,NA,-10,2.22,41.67,NA,NA
1877-02-18 09:00:00,NA,NA,315,NA,NA,NA,0,NA,NA,NA,NA,NA,NA,NA,11.18,NA
1877-02-18 15:00:00,NA,NA,NA,NA,NA,NA,NA,NA,NA,NA,NA,NA,NA,NA,NA,NA
1877-02-18 21:00:00,NA,NA,NA,NA,NA,NA,NA,NA,NA,NA,NA,NA,7.78,NA,0,NA
1877-02-19,NA,NA,NA,NA,NA,NA,NA,NA,NA,NA,NA,-13.89,1.11,39.44,NA,",halo,"
1877-02-19 09:00:00,13.89,NA,180,3.18,998.78,1001.22,0,NA,-8.33,NA,-8.33,NA,NA,NA,4.92,",skc"
1877-02-19 15:00:00,NA,NA,NA,NA,992.28,NA,NA,NA,NA,NA,NA,NA,NA,NA,NA,",skc,skc"
1877-02-19 21:00:00,13.33,NA,180,5.49,NA,994.65,NA,NA,-1.11,NA,-0.56,NA,7.78,NA,36,NA
1877-02-20,NA,NA,NA,NA,NA,NA,NA,NA,NA,NA,NA,-3.89,4.44,40.56,NA,NA
1877-02-20 09:00:00,15.56,NA,NA,4.37,986.08,988.83,0,NA,-3.33,NA,-2.78,NA,NA,NA,10.51,",skc"
1877-02-20 15:00:00,NA,NA,NA,NA,975.65,NA,NA,NA,NA,NA,NA,NA,NA,NA,NA,",skc,skc"
1877-02-20 21:00:00,17.22,NA,NA,5.11,NA,978.67,NA,NA,-0.56,NA,0.56,NA,6.11,NA,11,NA
1877-02-21,NA,NA,NA,NA,NA,NA,NA,NA,NA,NA,NA,-3.33,4.44,21.67,NA,NA
1877-02-21 09:00:00,17.22,NA,225,5.32,970.74,973.72,5.84,NA,-1.33,NA,-0.72,NA,NA,NA,2.24,",ovc"
1877-02-21 15:00:00,NA,NA,NA,NA,977.35,NA,NA,NA,NA,NA,NA,NA,NA,NA,NA,",ovc,ovc"
1877-02-21 21:00:00,12.78,NA,0,5.05,NA,979.68,NA,NA,0,NA,1.39,NA,7.22,NA,26,NA
1877-02-22,NA,NA,NA,NA,NA,NA,NA,NA,NA,NA,NA,-19.44,-3.33,36.67,NA,NA
1877-02-22 09:00:00,12.22,NA,0,1.69,991.5,993.7,0,NA,-15,NA,-14.83,NA,NA,NA,8.94,",skc"
1877-02-22 15:00:00,NA,NA,NA,NA,994.95,NA,NA,NA,NA,NA,NA,NA,NA,NA,NA,",bkn"
1877-02-22 21:00:00,8.33,NA,NA,1.69,NA,996.55,NA,NA,-16.11,NA,-16.11,NA,0.56,NA,14,NA
1877-02-23,NA,NA,NA,NA,NA,NA,NA,NA,NA,NA,NA,-21.11,-7.78,38.33,NA,NA
1877-02-23 09:00:00,11.67,NA,90,1.66,997.36,999.46,0,NA,-16.11,NA,-16.06,NA,NA,NA,2.68,",skc,skc"
1877-02-23 15:00:00,NA,NA,NA,NA,994.99,NA,NA,NA,NA,NA,NA,NA,NA,NA,NA,",skc,skc"
1877-02-23 21:00:00,8.89,NA,90,2.34,NA,996.68,NA,NA,-10.83,NA,-10.56,NA,5.83,NA,13,NA
1877-02-24,NA,NA,NA,NA,NA,NA,NA,NA,NA,NA,NA,-20.56,-5,33.89,NA,NA
1877-02-24 09:00:00,10,NA,45,1.52,999.63,1001.49,0,NA,-17.33,NA,-17.22,NA,NA,NA,3.13,",skc,skc"
1877-02-24 15:00:00,NA,NA,NA,NA,999.93,NA,NA,NA,NA,NA,NA,NA,NA,NA,NA,",ovc"
1877-02-24 21:00:00,13.89,NA,NA,2.88,NA,1002.37,NA,NA,-6.67,NA,-5.56,NA,-1.11,NA,15,NA
1877-02-25,NA,NA,NA,NA,NA,NA,NA,NA,NA,NA,NA,-11.67,-3.89,36.67,NA,NA
1877-02-25 09:00:00,NA,NA,90,NA,NA,NA,0,NA,NA,NA,NA,NA,NA,NA,5.36,NA
1877-02-25 15:00:00,NA,NA,NA,NA,NA,NA,NA,NA,NA,NA,NA,NA,NA,NA,NA,NA
1877-02-25 21:00:00,NA,NA,45,NA,NA,NA,NA,NA,NA,NA,NA,NA,-0.56,NA,27,NA
1877-02-26,NA,NA,NA,NA,NA,NA,NA,NA,NA,NA,NA,-15.56,-3.17,42.22,NA,NA
1877-02-26 09:00:00,11.67,NA,90,2.37,1009.62,1011.72,0,NA,-11.11,NA,-10.94,NA,NA,NA,6.03,",skc,skc"
1877-02-26 15:00:00,NA,NA,NA,NA,1007.89,NA,NA,NA,NA,NA,NA,NA,NA,NA,NA,",skc,skc"
1877-02-26 21:00:00,8.33,NA,0,2,NA,1009.48,NA,NA,-13.89,NA,-13.89,NA,10,NA,40,NA
1877-02-27,NA,NA,NA,NA,NA,NA,NA,NA,NA,NA,NA,-17.78,-1.11,42.78,NA,NA
1877-02-27 09:00:00,11.67,NA,0,2.34,1005.99,1008.13,0,NA,-12.22,NA,-11.94,NA,NA,NA,1.34,",skc"
1877-02-27 15:00:00,NA,NA,NA,NA,998.85,NA,NA,NA,NA,NA,NA,NA,NA,NA,NA,",skc,skc"
1877-02-27 21:00:00,10,NA,180,3.15,NA,1000.68,NA,NA,-7.5,NA,-7.22,NA,8.89,NA,40,NA
1877-02-28,NA,NA,NA,NA,NA,NA,NA,NA,NA,NA,NA,-15.56,1.11,41.11,NA,",sn,"
1877-02-28 09:00:00,8.89,270,180,2.81,993.63,995.33,0,NA,-10,NA,-9.89,NA,NA,NA,4.92,",bkn"
1877-02-28 15:00:00,NA,NA,NA,NA,984.73,NA,NA,NA,NA,NA,NA,NA,NA,NA,NA,",ovc"
1877-02-28 21:00:00,15.56,NA,NA,5.25,NA,987.47,NA,NA,-1.67,NA,-1.11,NA,6.11,NA,45,NA
1877-03-01,NA,NA,NA,NA,NA,NA,NA,NA,NA,NA,NA,-15.5,-1.17,34.72,NA,NA
1877-03-01 09:00:00,15,270,315,2.74,983.61,986.25,NA,NA,-10.17,NA,-10.11,NA,NA,NA,12.52,",ovc,ovc"
1877-03-01 15:00:00,NA,NA,NA,NA,983.95,NA,NA,NA,NA,NA,NA,NA,NA,NA,NA,",skc"
1877-03-01 21:00:00,7.78,NA,315,2,NA,985.44,NA,NA,-13.89,NA,-13.89,NA,0,NA,13,NA
1877-03-02,NA,NA,NA,NA,NA,NA,NA,NA,NA,NA,NA,-23.39,-14.61,33.33,NA,NA
1877-03-02 09:00:00,9.44,NA,0,1.69,981.38,983.14,NA,NA,-16.11,NA,-16.11,NA,NA,NA,5.36,",ovc,ovc"
1877-03-02 15:00:00,NA,NA,NA,NA,975.96,NA,NA,NA,NA,NA,NA,NA,NA,NA,NA,",skc,skc"
1877-03-02 21:00:00,10,NA,270,1.05,NA,977.85,NA,NA,-21.56,NA,-21.56,NA,-10,NA,20,NA
1877-03-03,NA,NA,NA,NA,NA,NA,NA,NA,NA,NA,NA,-27.28,-14.61,33.89,NA,NA
1877-03-03 09:00:00,11.11,270,225,0.95,976.6,978.67,NA,NA,-22.78,NA,-22.78,NA,NA,NA,4.02,",bkn"
1877-03-03 15:00:00,NA,NA,NA,NA,980.53,NA,NA,NA,NA,NA,NA,NA,NA,NA,NA,",skc,skc"
1877-03-03 21:00:00,10,NA,225,0.95,NA,982.39,NA,NA,-22.78,NA,-22.78,NA,-3.89,NA,40,NA
1877-03-04,NA,NA,NA,NA,NA,NA,NA,NA,NA,NA,NA,-27,-15.72,30.28,NA,NA
1877-03-04 09:00:00,NA,NA,315,NA,NA,NA,NA,NA,NA,NA,NA,NA,NA,NA,4.47,NA
1877-03-04 21:00:00,NA,NA,270,NA,NA,NA,NA,NA,NA,NA,NA,NA,-9.44,NA,40,NA
1877-03-05,NA,NA,NA,NA,NA,NA,NA,NA,NA,NA,NA,-28.67,-9.06,34.44,NA,NA
1877-03-05 09:00:00,10,NA,225,0.88,994.41,996.28,NA,NA,-23.83,NA,-23.89,NA,NA,NA,4.92,",bkn"
1877-03-05 15:00:00,NA,NA,NA,NA,983.61,NA,NA,NA,NA,NA,NA,NA,NA,NA,NA,",skc"
1877-03-05 21:00:00,11.11,NA,180,2.2,NA,985.64,NA,NA,-22.78,NA,-22.78,NA,-10.56,NA,26,NA
1877-03-06,NA,NA,NA,NA,NA,NA,NA,NA,NA,NA,NA,-33.11,-13.5,29.44,NA,NA
1877-03-06 09:00:00,9.44,NA,315,0.85,987.74,989.5,NA,NA,-24.67,NA,-24.89,NA,NA,NA,14.3,",skc"
1877-03-06 15:00:00,NA,NA,NA,NA,993.23,NA,NA,NA,NA,NA,NA,NA,NA,NA,NA,",skc,skc"
1877-03-06 21:00:00,11.11,NA,315,0.54,NA,995.26,NA,NA,-28.89,NA,-28.89,NA,-12.22,NA,34,NA
1877-03-07,NA,NA,NA,NA,NA,NA,NA,NA,NA,NA,NA,-33.33,-19.5,34.44,NA,NA
1877-03-07 09:00:00,9.44,NA,270,0.54,996.41,998.17,NA,NA,-28.83,NA,-28.89,NA,NA,NA,0.45,",skc"
1877-03-07 15:00:00,NA,NA,NA,NA,995.02,NA,NA,NA,NA,NA,NA,NA,NA,NA,NA,",skc,skc"
1877-03-07 21:00:00,10.56,NA,225,0.78,NA,996.95,NA,NA,-25,NA,-25,NA,-7.78,NA,12,NA
1877-03-08,NA,NA,NA,NA,NA,NA,NA,NA,NA,NA,NA,-30.06,-15.72,35.56,NA,NA
1877-03-08 09:00:00,9.44,NA,315,0.68,991.81,993.57,NA,NA,-26.67,NA,-26.67,NA,NA,NA,3.58,",skc,skc"
1877-03-08 15:00:00,NA,NA,NA,NA,986.12,NA,NA,NA,NA,NA,NA,NA,NA,NA,NA,",skc"
1877-03-08 21:00:00,8.89,NA,315,1.05,NA,987.81,NA,NA,-21.67,NA,-21.67,NA,-10,NA,14,NA
1877-03-09,NA,NA,NA,NA,NA,NA,NA,NA,NA,NA,NA,-25.61,-12.39,35,NA,NA
1877-03-09 09:00:00,10,NA,270,0.95,986.15,988.01,NA,NA,-22.78,NA,-22.78,NA,NA,NA,6.71,",skc,skc"
1877-03-09 15:00:00,NA,NA,NA,NA,981.99,NA,NA,NA,NA,NA,NA,NA,NA,NA,NA,",skc"
1877-03-09 21:00:00,9.44,NA,270,1.32,NA,983.75,NA,NA,-18.89,NA,-18.89,NA,-6.11,NA,45,NA
1877-03-10,NA,NA,NA,NA,NA,NA,NA,NA,NA,NA,NA,-22.83,-10.72,32.78,NA,NA
1877-03-10 09:00:00,11.67,NA,270,1.15,982.83,984.97,NA,NA,-20.56,NA,-20.56,NA,NA,NA,4.47,",bkn"
1877-03-10 15:00:00,NA,NA,NA,NA,986.62,NA,NA,NA,NA,NA,NA,NA,NA,NA,NA,",skc,skc"
1877-03-10 21:00:00,10,NA,225,1.52,NA,988.49,NA,NA,-17.22,NA,-17.22,NA,-5,NA,11,NA
1877-03-11,NA,NA,NA,NA,NA,NA,NA,NA,NA,NA,NA,-23.39,-12.39,35.28,NA,NA
1877-03-11 09:00:00,NA,NA,0,NA,NA,NA,NA,NA,NA,NA,NA,NA,NA,NA,1.34,NA
1877-03-11 21:00:00,NA,NA,270,NA,NA,NA,NA,NA,NA,NA,NA,NA,0.28,NA,12,NA
1877-03-12,NA,NA,NA,NA,NA,NA,NA,NA,NA,NA,NA,-24.83,-6.22,38.33,NA,NA
1877-03-12 09:00:00,7.78,NA,180,1.76,997.87,999.32,NA,NA,-14.89,NA,-14.72,NA,NA,NA,4.92,",ovc"
1877-03-12 15:00:00,NA,NA,NA,NA,985.68,NA,NA,NA,NA,NA,NA,NA,NA,NA,NA,",ovc"
1877-03-12 21:00:00,10.56,NA,135,2.51,NA,987.61,NA,NA,-9.44,NA,-8.89,NA,-6.11,NA,27,NA
1877-03-13,NA,NA,NA,NA,NA,NA,NA,NA,NA,NA,NA,-20.06,-3.44,38.33,NA,NA
1877-03-13 09:00:00,12.22,NA,315,3.12,975.75,977.99,NA,NA,-8.44,NA,-8.33,NA,NA,NA,13.41,",ovc"
1877-03-13 15:00:00,NA,NA,NA,NA,996.11,NA,NA,NA,NA,NA,NA,NA,NA,NA,NA,",skc"
1877-03-13 21:00:00,10,NA,315,1.46,NA,997.97,NA,NA,-17.78,NA,-17.78,NA,-6.67,NA,14,NA
1877-03-14,NA,NA,NA,NA,NA,NA,NA,NA,NA,NA,NA,-24.5,-9.06,38.33,NA,NA
1877-03-14 09:00:00,10,NA,225,1.52,994.75,996.61,NA,NA,-17.22,NA,-17.22,NA,NA,NA,7.15,",skc"
1877-03-14 15:00:00,NA,NA,NA,NA,989.77,NA,NA,NA,NA,NA,NA,NA,NA,NA,NA,",skc"
1877-03-14 21:00:00,7.22,NA,NA,1.59,NA,991.2,NA,NA,-16.67,NA,-16.67,NA,-3.89,NA,12,NA
1877-03-15,NA,NA,NA,NA,NA,NA,NA,NA,NA,NA,NA,-26.17,-9.61,34.72,NA,NA
1877-03-15 09:00:00,8.33,NA,315,1.05,994.01,995.6,NA,NA,-21.67,NA,-21.67,NA,NA,NA,4.92,",skc"
1877-03-15 15:00:00,NA,NA,NA,NA,993.3,NA,NA,NA,NA,NA,NA,NA,NA,NA,NA,",skc"
1877-03-15 21:00:00,12.78,NA,0,1.15,NA,995.6,NA,NA,-20.56,NA,-20.56,NA,-5.56,NA,14,NA
1877-03-16,NA,NA,NA,NA,NA,NA,NA,NA,NA,NA,NA,-32.83,-18.5,28.06,NA,NA
1877-03-16 09:00:00,7.22,NA,315,0.61,1001.66,1003.05,NA,NA,-27.78,NA,-27.78,NA,NA,NA,2.24,",skc,skc"
1877-03-16 15:00:00,NA,NA,NA,NA,998.41,NA,NA,NA,NA,NA,NA,NA,NA,NA,NA,",skc,skc"
1877-03-16 21:00:00,7.22,NA,270,0.95,NA,999.83,NA,NA,-22.78,NA,-22.78,NA,-11.11,NA,40,NA
1877-03-17,NA,NA,NA,NA,NA,NA,NA,NA,NA,NA,NA,-28.11,-12.94,35,NA,NA
1877-03-17 09:00:00,8.33,315,270,1.15,994.21,995.8,NA,NA,-20.56,NA,-20.56,NA,NA,NA,1.12,",bkn"
1877-03-17 15:00:00,NA,NA,NA,NA,998.17,NA,NA,NA,NA,NA,NA,NA,NA,NA,NA,",skc,skc"
1877-03-17 21:00:00,10,NA,45,1.12,NA,999.66,NA,NA,-21.11,NA,-21.11,NA,-4.44,NA,27,NA
1877-03-18,NA,NA,NA,NA,NA,NA,NA,NA,NA,NA,NA,-30.33,-12.94,32.78,NA,NA
1877-03-18 09:00:00,NA,NA,135,NA,NA,NA,NA,NA,NA,NA,NA,NA,NA,NA,3.13,NA
1877-03-18 21:00:00,NA,NA,180,NA,NA,NA,NA,NA,NA,NA,NA,NA,-11.11,NA,16,NA
1877-03-19,NA,NA,NA,NA,NA,NA,NA,NA,NA,NA,NA,-16.61,-6.83,27.22,NA,NA
1877-03-19 09:00:00,10,315,180,2,985.95,987.81,NA,NA,-13.33,NA,-13.17,NA,NA,NA,8.05,",ovc,ovc"
1877-03-19 15:00:00,NA,NA,NA,NA,982.49,NA,NA,NA,NA,NA,NA,NA,NA,NA,NA,",skc"
1877-03-19 21:00:00,10.56,NA,270,2.3,NA,984.42,NA,NA,-12.22,NA,-12.22,NA,-4.44,NA,5,NA
1877-03-20,NA,NA,NA,NA,NA,NA,NA,NA,NA,NA,NA,-15.5,-6.83,41.11,NA,NA
1877-03-20 09:00:00,13.33,315,45,2.64,986.46,988.83,NA,NA,-8.89,NA,-8.33,NA,NA,NA,2.24,",ovc,ovc"
1877-03-20 15:00:00,NA,NA,NA,NA,982.12,NA,NA,NA,NA,NA,NA,NA,NA,NA,NA,",bkn"
1877-03-20 21:00:00,15,NA,225,2.2,NA,984.97,NA,NA,-12.78,NA,-12.78,NA,1.67,NA,15,NA
1877-03-21,NA,NA,NA,NA,NA,NA,NA,NA,NA,NA,NA,-27.72,-10.72,38.33,NA,NA
1877-03-21 09:00:00,12.22,315,0,2.95,984.59,986.79,NA,NA,-14.44,NA,-14.44,NA,NA,NA,4.47,",ovc,ovc"
1877-03-21 15:00:00,NA,NA,NA,NA,986.66,NA,NA,NA,NA,NA,NA,NA,NA,NA,NA,",skc"
1877-03-21 21:00:00,5.56,NA,0,1.12,NA,987.81,NA,NA,-20.83,NA,-20.83,NA,-5,NA,45,NA
1877-03-22,NA,NA,NA,NA,NA,NA,NA,NA,NA,NA,NA,-27.28,-9.61,31.94,NA,NA
1877-03-22 09:00:00,12.78,NA,315,0.95,985.71,988.01,NA,NA,-22.78,NA,-22.78,NA,NA,NA,4.02,",skc"
1877-03-22 15:00:00,NA,NA,NA,NA,991.74,NA,NA,NA,NA,NA,NA,NA,NA,NA,NA,",skc,skc"
1877-03-22 21:00:00,5.56,NA,225,1.12,NA,992.89,NA,NA,-21.11,NA,-21.11,NA,-11.11,NA,12,NA
1877-03-23,NA,NA,NA,NA,NA,NA,NA,NA,NA,NA,NA,-28,-10.72,35,NA,NA
1877-03-23 09:00:00,10,315,NA,1.05,995.43,997.29,NA,NA,-21.67,NA,-21.67,NA,NA,NA,3.58,",bkn"
1877-03-23 15:00:00,NA,NA,NA,NA,997.77,NA,NA,NA,NA,NA,NA,NA,NA,NA,NA,",skc,skc"
1877-03-23 21:00:00,6.67,NA,270,1.12,NA,999.05,NA,NA,-16.94,NA,-16.94,NA,-5,NA,20,NA
1877-03-24,NA,NA,NA,NA,NA,NA,NA,NA,NA,NA,NA,-25.61,-7.94,37.78,NA,NA
1877-03-24 09:00:00,7.22,NA,180,1.76,997.22,998.65,NA,NA,-15.56,NA,-15.39,NA,NA,NA,4.47,",skc,skc"
1877-03-24 15:00:00,NA,NA,NA,NA,991.37,NA,NA,NA,NA,NA,NA,NA,NA,NA,NA,",skc,skc"
1877-03-24 21:00:00,10,NA,180,1.56,NA,993.23,NA,NA,-21.11,NA,-21.67,NA,-5,NA,18,NA
1877-03-25,NA,NA,NA,NA,NA,NA,NA,NA,NA,NA,NA,-19.5,-0.61,28.06,NA,NA
1877-03-25 09:00:00,NA,NA,135,NA,NA,NA,NA,NA,NA,NA,NA,NA,NA,NA,10.51,NA
1877-03-25 15:00:00,NA,NA,NA,NA,NA,NA,NA,NA,NA,NA,NA,NA,NA,NA,NA,",skc"
1877-03-25 21:00:00,NA,NA,315,NA,NA,NA,NA,NA,NA,NA,NA,NA,-0.56,NA,15,NA
1877-03-26,NA,NA,NA,NA,NA,NA,NA,NA,NA,NA,NA,-12.72,-2.28,45.28,NA,NA
1877-03-26 09:00:00,14.44,315,315,2.64,990.32,992.89,NA,NA,-8.89,NA,-8.33,NA,NA,NA,3.8,",bkn"
1877-03-26 15:00:00,NA,NA,NA,NA,993.4,NA,NA,NA,NA,NA,NA,NA,NA,NA,NA,",skc,skc"
1877-03-26 21:00:00,12.22,NA,NA,2.47,NA,995.6,NA,NA,-10.28,NA,-10,NA,5.83,NA,20,NA
1877-03-27,NA,NA,NA,NA,NA,NA,NA,NA,NA,NA,NA,-17.78,0.5,46.67,NA,NA
1877-03-27 09:00:00,12.78,NA,NA,2.54,999.29,1001.56,NA,NA,-11.11,NA,-11.11,NA,NA,NA,2.01,",skc,skc"
1877-03-27 15:00:00,NA,NA,NA,NA,1000.03,NA,NA,NA,NA,NA,NA,NA,NA,NA,NA,",ovc"
1877-03-27 21:00:00,12.78,NA,45,3.35,NA,1002.3,NA,NA,-6.94,NA,-6.39,NA,13.33,NA,11,NA
1877-03-28,NA,NA,NA,NA,NA,NA,NA,NA,NA,NA,NA,-12.17,4.94,52.22,NA,NA
1877-03-28 09:00:00,10,315,135,3.79,1000.54,1002.37,NA,NA,-5,NA,-3.89,NA,NA,NA,4.02,",ovc"
1877-03-28 15:00:00,NA,NA,NA,NA,997.83,NA,NA,NA,-0.06,NA,0.5,NA,NA,NA,NA,NA
1877-03-28 21:00:00,12.22,NA,135,5.66,NA,1000,NA,NA,0,NA,0.56,NA,11.67,NA,20,NA
1877-03-29,NA,NA,NA,NA,NA,NA,NA,NA,NA,NA,NA,-9.39,5.78,37.78,NA,NA
1877-03-29 09:00:00,11.67,NA,NA,5.86,995.97,998.1,25.4,NA,2.22,NA,3.89,NA,NA,NA,3.58,",ovc"
1877-03-29 15:00:00,NA,NA,NA,NA,991.5,NA,NA,NA,NA,NA,1.06,NA,NA,NA,NA,",ovc,ovc"
1877-03-29 21:00:00,17.78,NA,NA,4.33,NA,994.58,NA,NA,-0.28,NA,1.11,NA,7.78,NA,15,NA
1877-03-30,NA,NA,NA,NA,NA,NA,NA,NA,NA,NA,NA,-2.72,3.56,20.28,NA,NA
1877-03-30 21:00:00,NA,NA,NA,NA,NA,NA,NA,NA,NA,NA,NA,NA,3.06,NA,40,NA
1877-03-31,NA,NA,NA,NA,NA,NA,NA,NA,NA,NA,NA,-13.28,2.44,14.44,NA,NA
1877-03-31 09:00:00,15.56,NA,NA,6.47,976.16,978.94,63.5,NA,1.67,NA,2.22,NA,NA,NA,1.79,",ovc,ovc"
1877-03-31 15:00:00,NA,NA,NA,NA,979.65,NA,NA,NA,NA,NA,NA,NA,NA,NA,NA,",ovc,ovc"
1877-03-31 21:00:00,15.56,NA,0,2.91,NA,982.39,NA,NA,-9.44,NA,-9.44,NA,4.44,NA,37,NA
1877-04-01,NA,NA,NA,NA,NA,NA,NA,NA,NA,NA,NA,-20.28,-12.94,NA,NA,NA
1877-04-01 09:00:00,NA,NA,315,NA,NA,NA,NA,NA,NA,NA,NA,NA,NA,NA,NA,NA
1877-04-01 21:00:00,NA,NA,315,NA,NA,NA,NA,NA,NA,NA,NA,NA,NA,NA,36,NA
1877-04-02,NA,NA,NA,NA,NA,NA,NA,NA,NA,NA,NA,-11.61,-7.39,45,NA,NA
1877-04-02 09:00:00,8.33,NA,180,1.66,NA,1002.37,NA,NA,-15.28,NA,-15.17,NA,NA,NA,12.07,",skc,skc"
1877-04-02 15:00:00,NA,NA,NA,NA,NA,NA,NA,NA,-12.78,NA,-12.78,NA,NA,NA,NA,",skc"
1877-04-02 21:00:00,8.89,NA,180,2.2,NA,991.81,NA,NA,-12.78,NA,-12.78,NA,-7.5,NA,20,NA
1877-04-03,NA,NA,NA,NA,NA,NA,2.032,20.32,NA,NA,NA,-15,-0.83,43.33,NA,NA
1877-04-03 09:00:00,11.67,NA,180,4.1,NA,979.75,NA,NA,-4.67,NA,-4.28,NA,NA,NA,11.18,",ovc"
1877-04-03 15:00:00,NA,NA,NA,NA,NA,NA,NA,NA,-12.78,NA,-12.22,NA,NA,NA,NA,",bkn"
1877-04-03 21:00:00,11.67,NA,0,1.83,NA,978.67,NA,NA,-12.78,NA,-12.22,NA,3.33,NA,19,NA
1877-04-04,NA,NA,NA,NA,NA,NA,NA,NA,NA,NA,NA,-23.78,-3.28,40,NA,NA
1877-04-04 09:00:00,8.89,NA,315,1.35,NA,986.25,NA,NA,-16.83,NA,-16.83,NA,NA,NA,2.68,",bkn"
1877-04-04 15:00:00,NA,NA,NA,NA,NA,NA,NA,NA,-6.67,NA,-6.67,NA,NA,NA,NA,",ovc"
1877-04-04 21:00:00,9.44,NA,180,3.66,NA,972.77,NA,NA,-6.67,NA,-6.67,NA,-4.44,NA,40,NA
1877-04-05,NA,NA,NA,NA,NA,NA,NA,NA,NA,NA,NA,-12.78,0.5,42.78,NA,NA
1877-04-05 09:00:00,7.22,0,0,1.96,NA,984.76,NA,NA,-13.33,NA,-13.17,NA,NA,NA,8.94,",skc"
1877-04-05 15:00:00,NA,NA,NA,NA,NA,NA,NA,NA,-17.22,NA,-16.94,NA,NA,NA,NA,",skc,skc"
1877-04-05 21:00:00,7.22,NA,0,1.35,NA,988.83,NA,NA,-17.22,NA,-16.94,NA,-2.78,NA,11,NA
1877-04-06,NA,NA,NA,NA,NA,NA,NA,NA,NA,NA,NA,-10.5,-6.28,36.67,NA,NA
1877-04-06 09:00:00,14.44,NA,315,1.69,NA,993.23,NA,NA,-15.67,NA,-15.56,NA,NA,NA,2.46,",ovc"
1877-04-06 15:00:00,NA,NA,NA,NA,NA,NA,NA,NA,-8.89,NA,-8.33,NA,NA,NA,NA,",ovc,ovc"
1877-04-06 21:00:00,10.56,NA,90,2.64,NA,985.37,NA,NA,-8.89,NA,-8.33,NA,-3.33,NA,NA,NA
1877-04-07,NA,NA,NA,NA,NA,NA,7.62,76.2,NA,NA,NA,-16.11,-0.61,39.72,NA,NA
1877-04-07 09:00:00,12.22,NA,45,3.45,NA,975.62,NA,NA,-6.67,NA,-6.39,NA,NA,NA,8.94,",ovc"
1877-04-07 15:00:00,NA,NA,NA,NA,NA,NA,NA,NA,-10,NA,-9.44,NA,NA,NA,NA,",bkn"
1877-04-07 21:00:00,10,NA,315,2.4,NA,987.13,NA,NA,-10,NA,-9.44,NA,-0.56,NA,13,NA
1877-04-08,NA,NA,NA,NA,NA,NA,NA,NA,NA,NA,NA,-23.39,1.06,49.17,NA,NA
1877-04-08 09:00:00,NA,NA,315,NA,NA,NA,NA,NA,NA,NA,NA,NA,NA,NA,5.14,NA
1877-04-08 21:00:00,NA,NA,0,NA,NA,NA,NA,NA,NA,NA,NA,NA,7.78,NA,17,NA
1877-04-09,NA,NA,NA,NA,NA,NA,NA,NA,NA,NA,NA,-16.94,6.5,47.22,NA,NA
1877-04-09 09:00:00,10,NA,90,3.12,NA,999.12,NA,NA,-7.22,NA,-6.67,NA,NA,NA,3.35,",skc,skc"
1877-04-09 15:00:00,NA,NA,NA,NA,NA,NA,NA,NA,2.22,NA,2.22,NA,NA,NA,NA,",skc,skc"
1877-04-09 21:00:00,10,NA,0,7.18,NA,997.29,NA,NA,2.22,NA,2.22,NA,12.78,NA,11,NA
1877-04-10,NA,NA,NA,NA,NA,NA,NA,NA,NA,NA,NA,1.67,12.06,57.22,NA,NA
1877-04-10 09:00:00,17.22,NA,90,5.25,NA,1001.42,NA,NA,2.78,NA,5.56,NA,NA,NA,6.71,",bkn,bkn"
1877-04-10 15:00:00,NA,NA,NA,NA,NA,NA,NA,NA,3.89,NA,6.67,NA,NA,NA,NA,",skc"
1877-04-10 21:00:00,15.56,NA,90,5.86,NA,999.66,NA,NA,3.89,NA,6.67,NA,23.89,NA,NA,NA
1877-04-11,NA,NA,NA,NA,NA,NA,NA,NA,NA,NA,NA,-1.11,11.22,46.11,NA,NA
1877-04-11 09:00:00,15.56,NA,135,6.2,NA,999.46,NA,NA,3.33,NA,5.28,NA,NA,NA,NA,",ovc"
1877-04-11 15:00:00,NA,NA,NA,NA,NA,NA,NA,NA,0.83,NA,1.11,NA,NA,NA,NA,",skc"
1877-04-11 21:00:00,13.89,NA,45,6.3,NA,998.98,NA,NA,0.83,NA,1.11,NA,17.78,NA,5,NA
1877-04-12,NA,NA,NA,NA,NA,NA,NA,NA,NA,NA,NA,-1.11,12.06,53.61,NA,NA
1877-04-12 09:00:00,16.67,225,135,6.67,NA,996.61,NA,NA,3.61,NA,5.56,NA,NA,NA,1.34,",bkn"
1877-04-12 15:00:00,NA,NA,NA,NA,NA,NA,NA,NA,0,NA,2.72,NA,NA,NA,NA,",bkn,bkn"
1877-04-12 21:00:00,12.22,NA,0,5.45,NA,992.21,NA,NA,0.56,NA,2.78,NA,19.72,NA,20,NA
1877-04-13,NA,NA,NA,NA,NA,NA,NA,NA,NA,NA,NA,-2.78,11.5,54.44,NA,NA
1877-04-13 09:00:00,14.44,180,225,6.67,NA,995.06,NA,NA,3.89,NA,6.11,NA,NA,NA,0.89,",bkn"
1877-04-13 15:00:00,NA,NA,NA,NA,NA,NA,NA,NA,3.83,NA,5.5,NA,NA,NA,NA,",skc"
1877-04-13 21:00:00,15.56,NA,90,7.01,NA,992.55,NA,NA,3.89,NA,5.56,NA,18.89,NA,12,NA
1877-04-14,NA,NA,NA,NA,NA,NA,NA,NA,NA,NA,NA,1.11,13.17,30,NA,NA
1877-04-14 09:00:00,15.56,NA,90,6.94,NA,990.04,12.7,NA,4.44,NA,6.67,NA,NA,NA,5.14,",ovc"
1877-04-14 15:00:00,NA,NA,NA,NA,NA,NA,NA,NA,3.83,NA,4.39,NA,NA,NA,NA,",ovc,ovc"
1877-04-14 21:00:00,17.22,NA,135,7.65,NA,985.44,NA,NA,3.89,NA,4.44,NA,11.11,NA,45,NA
1877-04-15,NA,NA,NA,NA,NA,NA,NA,NA,NA,NA,NA,-1.11,6.61,22.22,NA,NA
1877-04-15 09:00:00,NA,NA,135,NA,NA,NA,NA,NA,NA,NA,NA,NA,NA,NA,5.14,NA
1877-04-15 21:00:00,NA,NA,45,NA,NA,NA,NA,NA,NA,NA,NA,NA,10,NA,17,NA
1877-04-16,NA,NA,NA,NA,NA,NA,NA,NA,NA,NA,NA,-2.22,11.5,NA,NA,NA
1877-04-16 09:00:00,11.67,NA,0,6.91,NA,988.42,NA,NA,1.67,NA,1.67,NA,NA,NA,3.58,",ovc,ovc"
1877-04-16 15:00:00,NA,NA,NA,NA,NA,NA,NA,NA,1.67,NA,4.39,NA,NA,NA,NA,",skc"
1877-04-16 21:00:00,15.56,NA,45,5.82,NA,988.22,NA,NA,2.22,NA,4.44,NA,19.44,NA,40,NA
1877-04-17,NA,NA,NA,NA,NA,NA,NA,NA,NA,NA,NA,-1.11,13.17,51.11,NA,NA
1877-04-17 09:00:00,13.89,NA,45,7.18,NA,990.04,NA,NA,5,NA,7.22,NA,NA,NA,4.02,",skc,skc"
1877-04-17 15:00:00,NA,NA,NA,NA,NA,NA,NA,NA,2.22,NA,3.33,NA,NA,NA,NA,",skc,skc"
1877-04-17 21:00:00,15.56,NA,45,6.43,NA,990.18,NA,NA,2.22,NA,3.33,NA,18.89,NA,27,NA
1877-04-18,NA,NA,NA,NA,NA,NA,NA,NA,NA,NA,NA,-1.67,15.39,51.11,NA,NA
1877-04-18 09:00:00,16.11,NA,NA,6.84,NA,992.75,NA,NA,5,NA,7.94,NA,NA,NA,1.79,",bkn"
1877-04-18 15:00:00,NA,NA,NA,NA,NA,NA,NA,NA,5.5,NA,8.89,NA,NA,NA,NA,",skc,skc"
1877-04-18 21:00:00,13.89,NA,45,6.91,NA,990.45,NA,NA,5.56,NA,8.89,NA,19.44,NA,16,NA
1877-04-19,NA,NA,NA,NA,NA,NA,NA,NA,NA,NA,NA,-1.67,19.72,52.22,NA,NA
1877-04-19 09:00:00,13.33,NA,180,8.16,NA,988.83,NA,NA,6.67,NA,8.89,NA,NA,NA,3.13,",skc,skc"
1877-04-19 15:00:00,NA,NA,NA,NA,NA,NA,NA,NA,4.94,NA,6.67,NA,NA,NA,NA,",skc,skc"
1877-04-19 21:00:00,15.56,NA,135,7.28,NA,986.12,NA,NA,5,NA,7.22,NA,21.11,NA,16,NA
1877-04-20,NA,NA,NA,NA,NA,NA,NA,NA,NA,NA,NA,1.67,17.78,52.78,NA,NA
1877-04-20 09:00:00,14.44,NA,NA,7.79,NA,986.12,NA,NA,7.22,NA,10.83,NA,NA,NA,5.81,",skc,skc"
1877-04-20 15:00:00,NA,NA,NA,NA,NA,NA,NA,NA,6.89,NA,10,NA,NA,NA,NA,",skc,skc"
1877-04-20 21:00:00,14.44,NA,180,7.92,NA,984.49,NA,NA,6.94,NA,10,NA,19.44,NA,12,NA
1877-04-21,NA,NA,NA,NA,NA,NA,NA,NA,NA,NA,NA,3.89,19.89,52.22,NA,NA
1877-04-21 09:00:00,18.33,NA,180,8.84,NA,985.3,NA,NA,9.44,NA,13.89,NA,NA,NA,12.52,",skc,skc"
1877-04-21 15:00:00,NA,NA,NA,NA,NA,NA,NA,NA,11.61,NA,15,NA,NA,NA,NA,",ovc"
1877-04-21 21:00:00,17.78,NA,180,9.65,NA,982.73,NA,NA,11.67,NA,15,NA,21.11,NA,33,NA
1877-04-22,NA,NA,NA,NA,NA,NA,NA,NA,NA,NA,NA,0,9.83,29.44,NA,NA
1877-04-22 09:00:00,NA,NA,315,NA,NA,NA,3.3,NA,NA,NA,NA,NA,NA,NA,8.05,NA
1877-04-22 21:00:00,NA,NA,45,NA,NA,NA,NA,NA,NA,NA,NA,NA,17.22,NA,12,NA
1877-04-23,NA,NA,NA,NA,NA,NA,1.27,12.7,NA,NA,NA,-2.78,3.28,30.56,NA,NA
1877-04-23 09:00:00,9.44,NA,0,5.28,NA,991.06,NA,NA,-1.11,NA,-0.78,NA,NA,NA,7.6,",ovc,ovc"
1877-04-23 15:00:00,NA,NA,NA,NA,NA,NA,NA,NA,-1.89,NA,-1.11,NA,NA,NA,NA,",ovc,ovc"
1877-04-23 21:00:00,16.11,NA,315,4.4,NA,994.92,NA,NA,-1.89,NA,-1.11,NA,3.89,NA,40,NA
1877-04-24,NA,NA,NA,NA,NA,NA,NA,NA,NA,NA,NA,-2.78,14.83,48.89,NA,NA
1877-04-24 09:00:00,15,NA,225,5.62,NA,996.55,NA,NA,1.94,NA,4.44,NA,NA,NA,4.47,",skc"
1877-04-24 15:00:00,NA,NA,NA,NA,NA,NA,NA,NA,2.22,NA,3.33,NA,NA,NA,NA,",ovc"
1877-04-24 21:00:00,12.78,NA,0,6.43,NA,991.53,NA,NA,2.22,NA,3.33,NA,15.56,NA,20,NA
1877-04-25,NA,NA,NA,NA,NA,NA,NA,NA,NA,NA,NA,-2.78,5.5,43.33,NA,NA
1877-04-25 09:00:00,14.44,0,0,4.64,NA,994.58,NA,NA,-1.39,NA,-0.56,NA,NA,NA,6.71,",ovc,ovc"
1877-04-25 15:00:00,NA,NA,NA,NA,NA,NA,NA,NA,-2.22,NA,-0.61,NA,NA,NA,NA,",skc"
1877-04-25 21:00:00,10,NA,45,3.89,NA,996.44,NA,NA,-2.22,NA,-0.56,NA,10,NA,1,NA
1877-04-26,NA,NA,NA,NA,NA,NA,NA,NA,NA,NA,NA,-4.44,9.83,49.44,NA,NA
1877-04-26 09:00:00,15.56,NA,135,4.54,NA,1001.42,NA,NA,0,NA,2.78,NA,NA,NA,0.89,",skc,skc"
1877-04-26 15:00:00,NA,NA,NA,NA,NA,NA,NA,NA,0,NA,1.11,NA,NA,NA,NA,",skc,skc"
1877-04-26 21:00:00,11.11,NA,45,5.28,NA,999.66,NA,NA,0,NA,1.11,NA,18.89,NA,45,NA
1877-04-27,NA,NA,NA,NA,NA,NA,NA,NA,NA,NA,NA,-5.28,10.39,48.06,NA,NA
1877-04-27 09:00:00,19.44,NA,0,2.03,NA,1001.02,NA,NA,0,NA,5,NA,NA,NA,3.58,",skc,skc"
1877-04-27 15:00:00,NA,NA,NA,NA,NA,NA,NA,NA,0,NA,3.33,NA,NA,NA,NA,",skc"
1877-04-27 21:00:00,12.78,NA,0,4.33,NA,999.66,NA,NA,0,NA,3.33,NA,15.56,NA,14,NA
1877-04-28,NA,NA,NA,NA,NA,NA,NA,NA,NA,NA,NA,-3.33,10.67,53.89,NA,NA
1877-04-28 09:00:00,14.44,NA,90,2.54,NA,1000,NA,NA,0.28,NA,5,NA,NA,NA,1.79,",skc,skc"
1877-04-28 15:00:00,NA,NA,NA,NA,NA,NA,NA,NA,3.28,NA,7.78,NA,NA,NA,NA,",skc,skc"
1877-04-28 21:00:00,11.67,NA,45,4.3,NA,996.68,NA,NA,3.33,NA,7.78,NA,14.44,NA,34,NA
1877-04-29,NA,NA,NA,NA,NA,NA,NA,NA,NA,NA,NA,-1.11,12.06,51.67,NA,NA
1877-04-29 09:00:00,NA,NA,90,NA,NA,NA,NA,NA,NA,NA,NA,NA,NA,NA,6.71,NA
1877-04-29 21:00:00,NA,NA,45,NA,NA,NA,NA,NA,NA,NA,NA,NA,18.33,NA,14,NA
1877-04-30,NA,NA,NA,NA,NA,NA,NA,NA,NA,NA,NA,0.56,14.83,48.89,NA,NA
1877-04-30 09:00:00,12.22,0,135,5.25,NA,989.98,NA,NA,4.44,NA,8.33,NA,NA,NA,4.47,",ovc,ovc"
1877-04-30 15:00:00,NA,NA,NA,NA,NA,NA,NA,NA,3.83,NA,6.06,NA,NA,NA,NA,",skc"
1877-04-30 21:00:00,13.33,NA,45,6.67,NA,991.87,NA,NA,3.89,NA,6.11,NA,15.56,NA,2,NA
1877-05-01,NA,NA,NA,NA,NA,NA,NA,NA,NA,NA,NA,0,12.61,52.78,NA,NA
1877-05-01 09:00:00,12.22,315,0,6.67,NA,994.41,NA,NA,4.44,NA,7.22,NA,NA,NA,7.15,",bkn"
1877-05-01 15:00:00,NA,NA,NA,NA,NA,NA,NA,NA,1.61,-17.7,4.39,NA,NA,NA,NA,",skc"
1877-05-01 21:00:00,13.89,NA,45,NA,NA,994.72,NA,NA,1.67,NA,4.44,NA,17.78,NA,13,NA
1877-05-02,NA,NA,NA,NA,NA,NA,NA,NA,NA,NA,NA,-0.83,17.61,NA,NA,NA
1877-05-02 09:00:00,14.44,270,NA,6.6,NA,992.55,NA,NA,5,NA,8.33,NA,NA,NA,5.36,",bkn"
1877-05-02 15:00:00,NA,NA,NA,NA,NA,NA,NA,NA,3.83,NA,5.5,NA,NA,NA,NA,",skc"
1877-05-02 21:00:00,13.89,NA,0,7.01,NA,989.5,NA,NA,3.89,NA,5.56,NA,19.44,NA,2,NA
1877-05-03,NA,NA,NA,NA,NA,NA,NA,NA,NA,NA,NA,-1.11,12.06,49.44,NA,NA
1877-05-03 09:00:00,11.67,315,45,6.13,NA,988.83,NA,NA,4.44,NA,10.17,NA,NA,NA,5.36,",skc,skc"
1877-05-03 15:00:00,NA,NA,NA,NA,NA,NA,NA,NA,-0.83,NA,4.39,NA,NA,NA,NA,",bkn,bkn"
1877-05-03 21:00:00,10.56,NA,45,4.64,NA,986.46,NA,NA,0.83,NA,4.44,NA,19.44,NA,20,NA
1877-05-04,NA,NA,NA,NA,NA,NA,NA,NA,NA,NA,NA,2.22,15.39,26.67,NA,NA
1877-05-04 09:00:00,10.56,270,135,6.1,NA,979.89,NA,NA,7.22,NA,12.22,NA,NA,NA,8.94,",bkn"
1877-05-04 15:00:00,NA,NA,NA,NA,NA,NA,NA,NA,7.17,NA,10,NA,NA,NA,NA,",ovc,ovc"
1877-05-04 21:00:00,15.56,NA,135,8.3,NA,976.97,NA,NA,7.22,NA,10,NA,15.56,NA,27,NA
1877-05-05,NA,NA,NA,NA,NA,NA,NA,NA,NA,NA,NA,0.28,12.61,26.67,NA,NA
1877-05-05 09:00:00,13.89,180,270,9.38,NA,974.13,12.7,NA,6.94,NA,7.78,NA,NA,NA,10.28,",ovc,ovc"
1877-05-05 15:00:00,NA,NA,NA,NA,NA,NA,NA,NA,4.11,NA,4.39,NA,NA,NA,NA,",ovc,ovc"
1877-05-05 21:00:00,18.89,NA,270,7.99,NA,981.04,NA,NA,4.17,NA,4.44,NA,12.78,NA,12,NA
1877-05-06,NA,NA,NA,NA,NA,NA,NA,NA,NA,NA,NA,1.11,12.06,46.67,NA,NA
1877-05-06 09:00:00,NA,NA,315,NA,NA,NA,NA,NA,NA,NA,NA,NA,NA,NA,4.47,NA
1877-05-06 21:00:00,NA,NA,45,NA,NA,NA,NA,NA,NA,NA,NA,NA,13.89,NA,40,NA
1877-05-07,NA,NA,NA,NA,NA,NA,NA,NA,NA,NA,NA,-2.22,13.72,NA,NA,NA
1877-05-07 09:00:00,11.67,45,0,7.01,NA,997.29,0.51,NA,3.89,NA,5.56,NA,NA,NA,7.15,",skc,skc"
1877-05-07 15:00:00,NA,NA,NA,NA,NA,NA,NA,NA,3.83,NA,4.94,NA,NA,NA,NA,",skc,skc"
1877-05-07 21:00:00,12.22,NA,0,7.28,NA,997.63,NA,NA,3.89,NA,5,NA,14.44,NA,12,NA
1877-05-08,NA,NA,NA,NA,NA,NA,NA,NA,NA,NA,NA,0.56,18.72,NA,NA,NA
1877-05-08 09:00:00,12.22,45,0,8.09,NA,996.82,NA,NA,5,NA,5.83,NA,NA,NA,5.81,",ovc"
1877-05-08 15:00:00,NA,NA,NA,NA,NA,NA,NA,NA,8.28,NA,11.94,NA,NA,NA,NA,",ovc,ovc"
1877-05-08 21:00:00,14.44,NA,45,8.5,NA,994.24,NA,NA,8.33,NA,11.94,NA,21.11,NA,40,NA
1877-05-09,NA,NA,NA,NA,NA,NA,NA,NA,NA,NA,NA,4.44,23.22,50.56,NA,NA
1877-05-09 09:00:00,13.33,NA,135,7.31,NA,993.16,NA,NA,10,NA,16.11,NA,NA,NA,6.71,",skc,skc"
1877-05-09 15:00:00,NA,NA,NA,NA,NA,NA,NA,NA,8.28,NA,12.78,NA,NA,NA,NA,",skc,skc"
1877-05-09 21:00:00,15.56,NA,135,8.09,NA,991.2,NA,NA,8.33,NA,12.78,NA,24.44,NA,13,NA
1877-05-10,NA,NA,NA,NA,NA,NA,0,0,NA,NA,NA,6.67,21.56,52.78,NA,NA
1877-05-10 09:00:00,13.89,NA,180,7.52,NA,991.74,NA,NA,8.33,NA,13.89,NA,NA,NA,10.95,",skc"
1877-05-10 15:00:00,NA,NA,NA,NA,NA,NA,NA,NA,9.39,NA,15,NA,NA,NA,NA,",skc,skc"
1877-05-10 21:00:00,16.11,NA,135,8.33,NA,990.52,NA,NA,9.94,NA,15,NA,22.22,NA,16,NA
1877-05-11,NA,NA,NA,NA,NA,NA,NA,NA,NA,NA,NA,7.89,20.61,43.33,NA,NA
1877-05-11 09:00:00,15.56,NA,180,9.65,NA,992.62,NA,NA,10.56,NA,15,NA,NA,NA,6.71,",ovc,ovc"
1877-05-11 15:00:00,NA,NA,NA,NA,NA,NA,NA,NA,11.33,NA,16.11,NA,NA,NA,NA,",bkn"
1877-05-11 21:00:00,16.67,NA,225,10.46,NA,992.89,NA,NA,11.67,NA,16.11,NA,20,NA,16,NA
1877-05-12,NA,NA,NA,NA,NA,NA,NA,NA,NA,NA,NA,9.17,26.5,58.33,NA,NA
1877-05-12 09:00:00,18.89,NA,180,13,NA,994.99,NA,NA,14.44,NA,18.61,NA,NA,NA,7.6,",skc,skc"
1877-05-12 15:00:00,NA,NA,NA,NA,NA,NA,NA,NA,13,NA,17.22,NA,NA,NA,NA,",skc"
1877-05-12 21:00:00,20,NA,0,10.4,NA,994.65,NA,NA,13.06,NA,17.22,NA,27.22,NA,14,NA
1877-05-13,NA,NA,NA,NA,NA,NA,NA,NA,NA,NA,NA,7.22,25.39,55.56,NA,NA
1877-05-13 09:00:00,NA,NA,180,NA,NA,NA,NA,NA,NA,NA,NA,NA,NA,NA,4.69,NA
1877-05-13 21:00:00,NA,NA,0,NA,NA,NA,NA,NA,NA,NA,NA,NA,25,NA,27,NA
1877-05-14,NA,NA,NA,NA,NA,NA,NA,NA,NA,NA,NA,13.89,19.89,45.56,NA,NA
1877-05-14 09:00:00,18.89,NA,180,12.12,NA,989.71,NA,NA,14.17,NA,19.44,NA,NA,NA,16.99,",ovc,ovc"
1877-05-14 15:00:00,NA,NA,NA,NA,NA,NA,NA,NA,14.39,NA,15.56,NA,NA,NA,NA,",ovc,ovc"
1877-05-14 21:00:00,18.33,180,0,15.24,NA,984.22,NA,NA,14.44,NA,15.56,NA,18.89,NA,16,NA
1877-05-15,NA,NA,NA,NA,NA,NA,NA,NA,NA,NA,NA,7.78,19.89,59.44,NA,NA
1877-05-15 09:00:00,18.33,NA,180,16.09,NA,979.07,2.79,NA,15.39,NA,16.67,NA,NA,NA,1.79,",bkn,bkn"
1877-05-15 15:00:00,NA,NA,NA,NA,NA,NA,NA,NA,9.39,NA,10.56,NA,NA,NA,NA,",bkn"
1877-05-15 21:00:00,17.78,270,315,10.19,NA,981.38,NA,NA,9.44,NA,10.56,NA,21.67,NA,20,NA
1877-05-16,NA,NA,NA,NA,NA,NA,NA,NA,NA,NA,NA,6.11,23.22,53.33,NA,NA
1877-05-16 09:00:00,15.56,NA,225,9.04,NA,980.83,0.76,NA,10.56,NA,16.11,NA,NA,NA,8.05,",skc"
1877-05-16 15:00:00,NA,NA,NA,NA,NA,NA,NA,NA,13.28,NA,14.44,NA,NA,NA,NA,",ovc"
1877-05-16 21:00:00,17.78,270,180,14.16,NA,978.33,NA,NA,13.33,NA,14.44,NA,21.67,NA,13,NA
1877-05-17,NA,NA,NA,NA,NA,NA,NA,NA,NA,NA,NA,2.78,18.17,54.44,NA,NA
1877-05-17 09:00:00,15.56,NA,225,8.47,NA,976.16,NA,NA,7.78,NA,10.72,NA,NA,NA,5.81,",skc"
1877-05-17 15:00:00,NA,NA,NA,NA,NA,NA,NA,NA,4.67,NA,7.17,NA,NA,NA,NA,",skc,skc"
1877-05-17 21:00:00,16.11,NA,0,6.98,NA,982.05,NA,NA,4.72,NA,7.22,NA,21.11,NA,13,NA
1877-05-18,NA,NA,NA,NA,NA,NA,NA,NA,NA,NA,NA,0.56,15.94,53.33,NA,NA
1877-05-18 09:00:00,13.33,0,0,7.62,NA,990.99,NA,NA,5.89,NA,8.33,NA,NA,NA,6.48,",skc"
1877-05-18 15:00:00,NA,NA,NA,NA,NA,NA,NA,NA,6.06,NA,8.33,NA,NA,NA,NA,",ovc"
1877-05-18 21:00:00,15,NA,0,7.82,NA,992.89,NA,NA,6.11,NA,8.33,NA,20,NA,17,NA
1877-05-19,NA,NA,NA,NA,NA,NA,NA,NA,NA,NA,NA,5,17.61,31.67,NA,NA
1877-05-19 09:00:00,13.89,NA,45,10.4,NA,985.71,12.7,NA,8.33,NA,8.89,NA,NA,NA,8.49,",ovc,ovc"
1877-05-19 15:00:00,NA,NA,NA,NA,NA,NA,NA,NA,-0.06,NA,14.17,NA,NA,NA,NA,",ovc,ovc"
1877-05-19 21:00:00,16.67,NA,90,10.19,NA,981.54,NA,NA,11.11,NA,14.17,NA,17.22,NA,34,NA
1877-05-20,NA,NA,NA,NA,NA,NA,NA,NA,NA,NA,NA,7.78,21,36.67,NA,NA
1877-05-20 09:00:00,NA,NA,90,NA,NA,NA,10.92,NA,NA,NA,NA,NA,NA,NA,5.59,NA
1877-05-20 21:00:00,NA,NA,0,NA,NA,NA,NA,NA,NA,NA,NA,NA,17.78,NA,NA,NA
1877-05-21,NA,NA,NA,NA,NA,NA,NA,NA,NA,NA,NA,7.22,12.61,22.22,NA,NA
1877-05-21 09:00:00,NA,NA,0,NA,NA,NA,NA,NA,NA,NA,NA,NA,NA,NA,0,",ovc,ovc"
1877-05-21 15:00:00,NA,NA,NA,NA,NA,NA,NA,NA,8.28,NA,10.56,NA,NA,NA,NA,",ovc,ovc"
1877-05-21 21:00:00,15,90,45,9.21,NA,992.21,NA,NA,8.33,NA,10.56,NA,10.56,NA,34,NA
1877-05-22,NA,NA,NA,NA,NA,NA,NA,NA,NA,NA,NA,6.11,19.28,63.33,NA,NA
1877-05-22 09:00:00,13.89,NA,90,7.96,NA,998.14,19.05,NA,7.39,NA,10.83,NA,NA,NA,5.36,",skc"
1877-05-22 15:00:00,NA,NA,NA,NA,NA,NA,NA,NA,7.78,NA,11.11,NA,NA,NA,NA,",skc"
1877-05-22 21:00:00,15.56,NA,90,8.6,NA,998.51,NA,NA,8.06,NA,11.11,NA,21.11,NA,40,NA
1877-05-23,NA,NA,NA,NA,NA,NA,NA,NA,NA,NA,NA,5,24.33,56.11,NA,NA
1877-05-23 09:00:00,12.78,NA,135,9.35,NA,1002.37,NA,NA,10.56,NA,15.56,NA,NA,NA,6.71,",skc,skc"
1877-05-23 15:00:00,NA,NA,NA,NA,NA,NA,NA,NA,9.94,NA,13.33,NA,NA,NA,NA,",skc"
1877-05-23 21:00:00,17.22,NA,135,9.92,NA,1001.02,NA,NA,10,NA,13.33,NA,22.22,NA,45,NA
1877-05-24,NA,NA,NA,NA,NA,NA,NA,NA,NA,NA,NA,6.39,27.89,56.67,NA,NA
1877-05-24 09:00:00,NA,NA,135,NA,NA,NA,NA,NA,NA,NA,NA,NA,NA,NA,5.36,NA
1877-05-24 15:00:00,NA,NA,NA,NA,NA,NA,NA,NA,NA,NA,NA,NA,NA,NA,NA,NA
1877-05-24 21:00:00,NA,NA,135,NA,NA,NA,NA,NA,NA,NA,NA,NA,27.78,NA,45,NA
1877-05-25,NA,NA,NA,NA,NA,NA,NA,NA,NA,NA,NA,6.11,28.17,58.33,NA,NA
1877-05-25 09:00:00,16.67,NA,180,9.89,NA,998.44,NA,NA,12.78,NA,20.28,NA,NA,NA,6.26,",bkn,bkn"
1877-05-25 15:00:00,NA,NA,NA,NA,NA,NA,NA,NA,13.28,NA,16.67,NA,NA,NA,NA,",bkn,bkn"
1877-05-25 21:00:00,20,270,180,12.73,NA,994.58,NA,NA,13.33,NA,16.67,NA,27.78,NA,34,NA
1877-05-26,NA,NA,NA,NA,NA,NA,0,0,NA,NA,NA,10.83,25.11,56.67,NA,NA
1877-05-26 09:00:00,18.89,180,180,12.9,NA,993.43,NA,NA,20.56,NA,20.28,NA,NA,NA,8.94,",bkn,bkn"
1877-05-26 15:00:00,NA,NA,NA,NA,NA,NA,NA,NA,14.39,NA,17.78,NA,NA,NA,NA,",ovc"
1877-05-26 21:00:00,20,180,180,13.55,NA,992.21,NA,NA,14.44,NA,17.78,NA,26.11,NA,14,NA
1877-05-27,NA,NA,NA,NA,NA,NA,NA,NA,NA,NA,NA,13.89,21.83,57.78,NA,NA
1877-05-27 09:00:00,NA,180,180,NA,NA,NA,NA,NA,NA,NA,NA,NA,NA,NA,11.18,NA
1877-05-27 21:00:00,NA,225,180,NA,NA,NA,NA,NA,NA,NA,NA,NA,21.67,NA,30,NA
1877-05-28,NA,NA,NA,NA,NA,NA,NA,NA,NA,NA,NA,12.78,26.5,60,NA,NA
1877-05-28 09:00:00,20,NA,180,16.56,NA,983.27,0.25,NA,17.5,NA,21.11,NA,NA,NA,12.52,",skc,skc"
1877-05-28 15:00:00,NA,NA,NA,NA,NA,NA,NA,NA,15.22,NA,17.22,NA,NA,NA,NA,",bkn,bkn"
1877-05-28 21:00:00,22.22,225,180,13.65,NA,980.36,NA,NA,15.28,NA,17.22,NA,26.67,NA,14,NA
1877-05-29,NA,NA,NA,NA,NA,NA,NA,NA,NA,NA,NA,15.5,26.5,70.28,NA,NA
1877-05-29 09:00:00,21.11,180,180,15.44,NA,977.14,NA,NA,16.67,NA,20.56,NA,NA,NA,13.41,",bkn"
1877-05-29 15:00:00,NA,NA,NA,NA,NA,NA,NA,NA,21.06,NA,23.28,NA,NA,NA,NA,",ovc,ovc"
1877-05-29 21:00:00,23.89,315,180,22.42,NA,973.93,NA,NA,21.11,NA,23.33,NA,25.83,NA,5,NA
1877-05-30,NA,NA,NA,NA,NA,NA,NA,NA,NA,NA,NA,7.22,20.44,45.56,NA,NA
1877-05-30 09:00:00,21.67,NA,90,17.74,NA,972.37,17.27,NA,16.94,NA,18.33,NA,NA,NA,4.92,",ovc,ovc"
1877-05-30 15:00:00,NA,NA,NA,NA,NA,NA,NA,NA,8.28,NA,8.33,NA,NA,NA,NA,",ovc,ovc"
1877-05-30 21:00:00,16.67,315,45,10.9,NA,972.74,NA,NA,8.33,NA,8.33,NA,22.78,NA,18,NA
1877-05-31,NA,NA,NA,NA,NA,NA,NA,NA,NA,NA,NA,7.22,16.5,43.33,NA,NA
1877-05-31 09:00:00,16.11,NA,45,14.87,NA,970.4,44.2,NA,12.5,NA,12.61,NA,NA,NA,7.15,",ovc,ovc"
1877-05-31 15:00:00,NA,NA,NA,NA,NA,NA,NA,NA,13.56,NA,13.89,NA,NA,NA,NA,",ovc,ovc"
1877-05-31 21:00:00,19.44,NA,45,15.1,NA,969.52,NA,NA,13.61,NA,13.89,NA,17.22,NA,45,NA
1877-06-01,NA,NA,NA,NA,NA,NA,NA,NA,NA,NA,NA,8.06,16.78,46.11,NA,NA
1877-06-01 09:00:00,16.67,225,90,13.61,NA,969.73,6.1,NA,12.44,NA,13.33,NA,NA,NA,2.68,",ovc"
1877-06-01 15:00:00,NA,NA,NA,NA,NA,NA,NA,NA,9.94,NA,11.11,NA,NA,NA,NA,",ovc,ovc"
1877-06-01 21:00:00,15.56,180,180,11.95,NA,975.28,NA,NA,10,NA,11.11,NA,15.56,NA,40,NA
1877-06-02,NA,NA,NA,NA,NA,NA,NA,NA,NA,NA,NA,4.17,9.56,24.44,NA,",ra,"
1877-06-02 09:00:00,14.44,0,270,10.57,NA,980.5,1.02,NA,8.89,NA,9.83,NA,NA,NA,7.82,",ovc,ovc"
1877-06-02 15:00:00,NA,NA,NA,NA,NA,NA,NA,NA,5.22,NA,5.5,NA,NA,NA,NA,NA
1877-06-02 21:00:00,15.56,0,0,8.64,NA,987.81,NA,NA,5.28,NA,5.56,NA,11.11,NA,14,NA
1877-06-03,NA,NA,NA,NA,NA,NA,NA,NA,NA,NA,NA,3.89,11.5,35,NA,NA
1877-06-03 09:00:00,NA,NA,315,NA,NA,NA,0,NA,NA,NA,NA,NA,NA,NA,4.47,NA
1877-06-03 15:00:00,NA,NA,NA,NA,NA,NA,NA,NA,NA,NA,NA,NA,NA,NA,NA,NA
1877-06-03 21:00:00,NA,NA,315,NA,NA,NA,NA,NA,NA,NA,NA,NA,12.22,NA,5,NA
1877-06-04,NA,NA,NA,NA,NA,NA,NA,NA,NA,NA,NA,6.39,23.78,57.5,NA,NA
1877-06-04 09:00:00,15,0,90,11.04,NA,990.52,NA,NA,10.83,NA,13.33,NA,NA,NA,4.02,",bkn"
1877-06-04 15:00:00,NA,NA,NA,NA,NA,NA,NA,NA,11.61,NA,13.33,NA,NA,NA,NA,",skc,skc"
1877-06-04 21:00:00,15.56,NA,135,12.29,NA,987.34,NA,NA,11.67,NA,13.33,NA,21.94,NA,34,NA
1877-06-05,NA,NA,NA,NA,NA,NA,NA,NA,NA,NA,NA,7.22,25.39,55.56,NA,NA
1877-06-05 09:00:00,15,NA,180,13.71,NA,984.22,NA,NA,14.44,NA,17.5,NA,NA,NA,3.58,",skc"
1877-06-05 15:00:00,NA,NA,NA,NA,NA,NA,NA,NA,12.72,NA,15.83,NA,NA,NA,NA,",sn"
1877-06-05 21:00:00,17.22,180,180,12.26,NA,981.44,NA,NA,12.78,NA,15.83,NA,23.89,NA,11,NA
1877-06-06,NA,NA,NA,NA,NA,NA,NA,NA,NA,NA,NA,10.56,26,52.22,NA,",ra,"
1877-06-06 09:00:00,16.67,225,180,15.75,NA,978.19,28.96,NA,16.39,NA,19.44,NA,NA,NA,8.94,",ovc"
1877-06-06 15:00:00,NA,NA,NA,NA,NA,NA,NA,NA,13.28,NA,13.72,NA,NA,NA,NA,",sn"
1877-06-06 21:00:00,18.33,0,225,14.76,NA,972.64,NA,NA,13.33,NA,13.72,NA,20,NA,11,NA
1877-06-07,NA,NA,NA,NA,NA,NA,NA,NA,NA,NA,NA,4.72,22.11,55.56,NA,NA
1877-06-07 09:00:00,16.67,180,225,12.06,NA,974.74,NA,NA,12.78,NA,16.11,NA,NA,NA,3.13,",skc,skc"
1877-06-07 15:00:00,NA,NA,NA,NA,NA,NA,NA,NA,11.89,NA,13.89,NA,NA,NA,NA,",ovc"
1877-06-07 21:00:00,16.67,NA,315,12.22,NA,977.82,NA,NA,11.94,NA,13.89,NA,22.22,NA,15,NA
1877-06-08,NA,NA,NA,NA,NA,NA,NA,NA,NA,NA,NA,0.83,5.5,46.67,NA,",sn,"
1877-06-08 09:00:00,10,315,315,5.35,NA,989.5,0.76,NA,1.39,NA,3.89,NA,NA,NA,12.52,",ovc,ovc"
1877-06-08 15:00:00,NA,NA,NA,NA,NA,NA,NA,NA,1.67,NA,2.22,NA,NA,NA,NA,",ovc,ovc"
1877-06-08 21:00:00,15.56,315,0,6.54,NA,994.24,NA,NA,1.67,NA,2.22,NA,13.33,NA,20,NA
1877-06-09,NA,NA,NA,NA,NA,NA,NA,NA,NA,NA,NA,0.44,20.94,53.61,NA,NA
1877-06-09 09:00:00,9.44,0,315,6.71,NA,992.62,NA,NA,3.61,NA,5.56,NA,NA,NA,5.81,",skc"
1877-06-09 15:00:00,NA,NA,NA,NA,NA,NA,NA,NA,4.67,NA,6.06,NA,NA,NA,NA,",skc"
1877-06-09 21:00:00,10.56,0,45,7.92,NA,986.12,NA,NA,5,NA,6.11,NA,16.11,NA,11,NA
1877-06-10,NA,NA,NA,NA,NA,NA,NA,NA,NA,NA,NA,5.17,24.22,60,NA,NA
1877-06-10 09:00:00,NA,NA,135,NA,NA,NA,NA,NA,NA,NA,NA,NA,NA,NA,4.02,NA
1877-06-10 15:00:00,NA,NA,NA,NA,NA,NA,NA,NA,NA,NA,NA,NA,NA,NA,NA,NA
1877-06-10 21:00:00,NA,NA,NA,NA,NA,NA,NA,NA,NA,NA,NA,NA,21.11,NA,5,NA
1877-06-11,NA,NA,NA,NA,NA,NA,NA,NA,NA,NA,NA,5.56,21,61.67,NA,",au,"
1877-06-11 09:00:00,13.89,NA,135,11.11,NA,990.18,NA,NA,11.67,NA,15,NA,NA,NA,4.47,",bkn"
1877-06-11 15:00:00,NA,NA,NA,NA,NA,NA,NA,NA,9.39,NA,11.11,NA,NA,NA,NA,",bkn"
1877-06-11 21:00:00,15,NA,180,10.43,NA,987.13,NA,NA,9.44,NA,11.11,NA,22.22,NA,11,NA
1877-06-12,NA,NA,NA,NA,NA,NA,NA,NA,NA,NA,NA,3.33,17.06,55.28,NA,NA
1877-06-12 09:00:00,13.89,180,180,11.75,NA,984.08,5.59,NA,11.11,NA,12.78,NA,NA,NA,5.36,",ovc"
1877-06-12 15:00:00,NA,NA,NA,NA,NA,NA,NA,NA,9.94,NA,10.83,NA,NA,NA,NA,",skc,skc"
1877-06-12 21:00:00,14.44,0,0,8.57,NA,987.4,NA,NA,10,NA,10.83,NA,17.22,NA,15,NA
1877-06-13,NA,NA,NA,NA,NA,NA,NA,NA,NA,NA,NA,2.67,14.56,38.89,NA,NA
1877-06-13 09:00:00,12.22,315,315,6.57,NA,989.3,NA,NA,4.44,NA,7.33,NA,NA,NA,6.71,",skc"
1877-06-13 15:00:00,NA,NA,NA,NA,NA,NA,NA,NA,4.39,NA,4.94,NA,NA,NA,NA,",skc"
1877-06-13 21:00:00,12.78,NA,315,7.96,NA,990.18,NA,NA,4.44,NA,5,NA,12.5,NA,16,NA
1877-06-14,NA,NA,NA,NA,NA,NA,NA,NA,NA,NA,NA,2.28,18.17,53.89,NA,NA
1877-06-14 09:00:00,12.78,0,180,7.92,NA,986.86,4.57,NA,11.11,NA,14.17,NA,NA,NA,7.6,",skc"
1877-06-14 15:00:00,NA,NA,NA,NA,NA,NA,NA,NA,4.39,NA,4.94,NA,NA,NA,NA,",skc"
1877-06-14 21:00:00,13.89,NA,45,7.96,NA,990.18,NA,NA,4.44,NA,5,NA,18.33,NA,11,NA
1877-06-15,NA,NA,NA,NA,NA,NA,NA,NA,NA,NA,NA,5.28,19.28,57.22,NA,",halo,"
1877-06-15 09:00:00,12.78,0,180,8.43,NA,992.75,NA,NA,8.33,NA,12.06,NA,NA,NA,2.46,",skc"
1877-06-15 15:00:00,NA,NA,NA,NA,NA,NA,NA,NA,9.94,NA,12.78,NA,NA,NA,NA,",ovc"
1877-06-15 21:00:00,13.33,270,135,10.16,NA,986.52,NA,NA,10,NA,12.78,NA,17.78,NA,15,NA
1877-06-16,NA,NA,NA,NA,NA,NA,NA,NA,NA,NA,NA,9.44,21.28,60,NA,NA
1877-06-16 09:00:00,14.44,0,0,13.24,NA,985.85,8.38,NA,13.06,NA,15,NA,NA,NA,2.68,",skc,skc"
1877-06-16 15:00:00,NA,NA,NA,NA,NA,NA,NA,NA,11.33,NA,11.94,NA,NA,NA,NA,",skc"
1877-06-16 21:00:00,16.11,NA,45,12.83,NA,989.71,NA,NA,11.39,NA,11.94,NA,21.11,NA,16,NA
1877-06-17,NA,NA,NA,NA,NA,NA,NA,NA,NA,NA,NA,10.28,24.89,56.67,NA,NA
1877-06-17 09:00:00,NA,NA,135,NA,NA,NA,18.29,NA,NA,NA,NA,NA,NA,NA,12.74,NA
1877-06-17 15:00:00,NA,NA,NA,NA,NA,NA,NA,NA,NA,NA,NA,NA,NA,NA,NA,NA
1877-06-17 21:00:00,NA,NA,270,NA,NA,NA,NA,NA,NA,NA,NA,NA,23.89,NA,45,NA
1877-06-18,NA,NA,NA,NA,NA,NA,0,0,NA,NA,NA,6.67,18.72,53.33,NA,NA
1877-06-18 09:00:00,15,315,315,9.38,NA,985.91,NA,NA,6.67,NA,8.33,NA,NA,NA,15.2,",ovc"
1877-06-18 15:00:00,NA,NA,NA,NA,NA,NA,NA,NA,6.06,NA,7.72,NA,NA,NA,NA,",ovc"
1877-06-18 21:00:00,13.33,0,0,8.26,NA,998.31,NA,NA,6.11,NA,7.78,NA,18.33,NA,34,NA
1877-06-19,NA,NA,NA,NA,NA,NA,NA,NA,NA,NA,NA,5.83,14.28,49.44,NA,NA
1877-06-19 09:00:00,12.22,225,135,9.01,NA,996.48,1.27,NA,7.78,NA,10,NA,NA,NA,7.6,",ovc,ovc"
1877-06-19 15:00:00,NA,NA,NA,NA,NA,NA,NA,NA,9.94,NA,10.5,NA,NA,NA,NA,",ovc"
1877-06-19 21:00:00,13.33,90,90,11.78,NA,989.98,NA,NA,10,NA,10.56,NA,14.44,NA,11,NA
1877-06-20,NA,NA,NA,NA,NA,NA,NA,NA,NA,NA,NA,9.17,16.78,59.17,NA,NA
1877-06-20 09:00:00,13.33,0,0,12.12,NA,987.88,0.76,NA,11.67,NA,13.61,NA,NA,NA,4.02,",ovc,ovc"
1877-06-20 15:00:00,NA,NA,NA,NA,NA,NA,NA,NA,10.78,NA,12.72,NA,NA,NA,NA,",ovc"
1877-06-20 21:00:00,14.44,0,45,11.24,NA,990.04,NA,NA,10.83,NA,12.78,NA,18.89,NA,27,NA
1877-06-21,NA,NA,NA,NA,NA,NA,NA,NA,NA,NA,NA,8.33,24.33,57.78,NA,NA
1877-06-21 09:00:00,14.44,0,45,10.94,NA,993.63,0.25,NA,10.56,NA,12.78,NA,NA,NA,3.58,",ovc,ovc"
1877-06-21 15:00:00,NA,NA,NA,NA,NA,NA,NA,NA,11.06,NA,12.22,NA,NA,NA,NA,",skc,skc"
1877-06-21 21:00:00,16.11,NA,45,12.09,NA,993.91,NA,NA,11.11,NA,12.22,NA,23.89,NA,20,NA
1877-06-22,NA,NA,NA,NA,NA,NA,NA,NA,NA,NA,NA,7.78,17.61,50.28,NA,",ts,"
1877-06-22 09:00:00,15,180,180,13.48,NA,991.6,6.86,NA,13.33,NA,15.28,NA,NA,NA,5.59,",ovc,ovc"
1877-06-22 15:00:00,NA,NA,NA,NA,NA,NA,NA,NA,13.28,NA,14.44,NA,NA,NA,NA,",ovc"
1877-06-22 21:00:00,16.11,270,135,14.16,NA,979.34,NA,NA,13.33,NA,14.44,NA,16.94,NA,22,NA
1877-06-23,NA,NA,NA,NA,NA,NA,NA,NA,NA,NA,NA,13.33,26.5,NA,NA,",ts,"
1877-06-23 09:00:00,16.67,180,90,17.34,NA,973.93,9.91,NA,16.5,NA,17.78,NA,NA,NA,5.81,",ovc,ovc"
1877-06-23 15:00:00,NA,NA,NA,NA,NA,NA,NA,NA,15.5,NA,15.67,NA,NA,NA,NA,",ovc,ovc"
1877-06-23 21:00:00,18.33,180,45,17.37,NA,973.59,NA,NA,15.56,NA,15.67,NA,NA,NA,45,NA
1877-06-24,NA,NA,NA,NA,NA,NA,NA,NA,NA,NA,NA,11.94,15.39,60,NA,NA
1877-06-24 09:00:00,NA,NA,180,NA,NA,NA,40.64,NA,NA,NA,NA,NA,NA,NA,13.41,NA
1877-06-24 15:00:00,NA,NA,NA,NA,NA,NA,NA,NA,NA,NA,NA,NA,NA,NA,NA,NA
1877-06-24 21:00:00,18.33,NA,180,NA,NA,984.76,NA,NA,NA,NA,NA,NA,26.67,NA,20,NA
1877-06-25,NA,NA,NA,NA,NA,NA,NA,NA,NA,NA,NA,11.11,22.67,57.78,NA,NA
1877-06-25 09:00:00,15.56,225,225,12.43,NA,981.04,11.18,NA,12.78,NA,15.56,NA,NA,NA,5.36,",skc"
1877-06-25 15:00:00,NA,NA,NA,NA,NA,NA,NA,NA,14.94,NA,16.11,NA,NA,NA,NA,",skc"
1877-06-25 21:00:00,18.33,0,0,15.81,NA,984.76,NA,NA,15,NA,16.11,NA,23.33,NA,34,NA
1877-06-26,NA,NA,NA,NA,NA,NA,NA,NA,NA,NA,NA,12.78,22.11,48.89,NA,NA
1877-06-26 09:00:00,17.22,180,135,15.54,NA,983.75,NA,NA,14.61,NA,15.83,NA,NA,NA,5.81,",ovc"
1877-06-26 15:00:00,NA,NA,NA,NA,NA,NA,NA,NA,14.39,NA,16.11,NA,NA,NA,NA,",ovc,ovc"
1877-06-26 21:00:00,17.22,225,225,14.76,NA,987.95,NA,NA,14.44,NA,16.11,NA,20.56,NA,11,NA
1877-06-27,NA,NA,NA,NA,NA,NA,NA,NA,NA,NA,NA,12.78,19.28,58.33,NA,NA
1877-06-27 09:00:00,16.67,NA,315,13.34,NA,991.4,0.76,NA,13.61,NA,16.11,NA,NA,NA,2.68,",ovc,ovc"
1877-06-27 15:00:00,NA,NA,NA,NA,NA,NA,NA,NA,13.83,NA,15,NA,NA,NA,NA,",ovc,ovc"
1877-06-27 21:00:00,17.78,270,315,14.66,NA,991.2,NA,NA,13.89,NA,15,NA,21.11,NA,45,NA
1877-06-28,NA,NA,NA,NA,NA,NA,NA,NA,NA,NA,NA,11.94,25.33,66.11,NA,NA
1877-06-28 09:00:00,17.22,0,315,14.36,NA,990.08,NA,NA,14.44,NA,16.67,NA,NA,NA,2.68,",ovc,ovc"
1877-06-28 15:00:00,NA,NA,NA,NA,NA,NA,NA,NA,15.5,NA,17.5,NA,NA,NA,NA,",skc"
1877-06-28 21:00:00,18.89,270,315,15.78,NA,989.3,NA,NA,15.56,NA,17.5,NA,24.44,NA,11,NA
1877-06-29,NA,NA,NA,NA,NA,NA,NA,NA,NA,NA,NA,11.67,21.5,57.22,NA,NA
1877-06-29 09:00:00,18.33,180,180,16.39,NA,989.03,NA,NA,16.39,NA,18.61,NA,NA,NA,3.13,",ovc"
1877-06-29 15:00:00,NA,NA,NA,NA,NA,NA,NA,NA,15.5,NA,17.78,NA,NA,NA,NA,",ovc,ovc"
1877-06-29 21:00:00,18.89,0,45,15.51,NA,978.16,NA,NA,15.56,NA,17.78,NA,23.33,NA,12,NA
1877-06-30,NA,NA,NA,NA,NA,NA,NA,NA,NA,NA,NA,14.72,23.78,53.89,NA,NA
1877-06-30 09:00:00,17.78,180,0,15.31,NA,972.23,NA,NA,15.17,NA,16.11,NA,NA,NA,8.94,",ovc,ovc"
1877-06-30 15:00:00,NA,NA,NA,NA,NA,NA,NA,NA,15.5,NA,17.78,NA,NA,NA,NA,",skc"
1877-06-30 21:00:00,18.33,NA,315,15.51,NA,981.38,NA,NA,15.56,NA,17.78,NA,23.33,NA,13,NA
1877-07-01,NA,NA,NA,NA,NA,NA,NA,NA,NA,NA,NA,12.22,31.5,60,NA,NA
1877-07-01 09:00:00,NA,NA,225,NA,NA,NA,NA,NA,NA,NA,NA,NA,NA,NA,1.79,NA
1877-07-01 15:00:00,NA,NA,NA,NA,NA,NA,NA,NA,NA,NA,NA,NA,NA,NA,NA,",skc"
1877-07-01 21:00:00,NA,NA,NA,NA,NA,NA,NA,NA,NA,NA,NA,NA,30,NA,NA,NA
1877-07-02,NA,NA,NA,NA,NA,NA,NA,NA,NA,NA,NA,13.06,28.17,60.56,NA,NA
1877-07-02 09:00:00,19.44,NA,135,16.63,NA,983.81,NA,NA,18.06,NA,22.5,NA,NA,NA,2.68,",skc,skc"
1877-07-02 15:00:00,NA,NA,NA,NA,NA,NA,NA,NA,16.61,NA,19.94,NA,NA,NA,NA,NA
1877-07-02 21:00:00,21.11,NA,180,15.88,NA,985.1,NA,NA,16.67,NA,20,NA,28.33,NA,1,NA
1877-07-03,NA,NA,NA,NA,NA,NA,NA,NA,NA,NA,NA,14,26.61,61.67,NA,NA
1877-07-03 09:00:00,21.11,NA,180,18.05,NA,987.47,NA,NA,18.89,NA,22.78,NA,NA,NA,4.69,",skc,skc"
1877-07-03 15:00:00,NA,NA,NA,NA,NA,NA,NA,NA,18,NA,20.5,NA,NA,NA,NA,",skc,skc"
1877-07-03 21:00:00,22.22,NA,180,18.05,NA,988.49,NA,NA,18.06,NA,20.56,NA,30,NA,16,NA
1877-07-04,NA,NA,NA,NA,NA,NA,NA,NA,NA,NA,NA,16.06,30.39,62.5,NA,NA
1877-07-04 09:00:00,22.22,NA,180,19.64,NA,990.52,NA,NA,19.44,NA,22.22,NA,NA,NA,0.45,",skc,skc"
1877-07-04 15:00:00,NA,NA,NA,NA,NA,NA,NA,NA,19.39,NA,22.72,NA,NA,NA,NA,",skc,skc"
1877-07-04 21:00:00,23.89,NA,180,19.17,NA,991.53,NA,NA,19.44,NA,22.78,NA,30.56,NA,NA,NA
1877-07-05,NA,NA,NA,NA,NA,NA,NA,NA,NA,NA,NA,18,29.72,59.72,NA,NA
1877-07-05 09:00:00,23.89,NA,225,20.08,NA,991.2,NA,NA,20.83,NA,25.28,NA,NA,NA,NA,",skc"
1877-07-05 15:00:00,NA,NA,NA,NA,NA,NA,NA,NA,19.39,NA,23,NA,NA,NA,NA,",bkn"
1877-07-05 21:00:00,25,NA,45,18.93,NA,986.29,NA,NA,19.44,NA,23.06,NA,31.11,NA,NA,NA
1877-07-06,NA,NA,NA,NA,NA,NA,0,0,NA,NA,NA,16.67,26.28,54.11,NA,NA
1877-07-06 09:00:00,23.33,NA,180,19.61,NA,987.06,3.05,NA,19.5,NA,23.11,NA,NA,NA,0,",ovc"
1877-07-06 15:00:00,NA,NA,NA,NA,NA,NA,NA,NA,21.06,NA,21.61,NA,NA,NA,NA,",skc"
1877-07-06 21:00:00,23.33,225,225,24.28,NA,982.53,NA,NA,21.11,NA,21.67,NA,26.39,NA,0,NA
1877-07-07,NA,NA,NA,NA,NA,NA,NA,NA,NA,NA,NA,14.17,30.11,65.28,NA,NA
1877-07-07 09:00:00,23.33,NA,270,17.85,NA,984.59,10.16,NA,19.44,NA,24.44,NA,NA,NA,NA,",skc,skc"
1877-07-07 15:00:00,NA,NA,NA,NA,NA,NA,NA,NA,16.33,NA,17.22,NA,NA,NA,NA,",skc"
1877-07-07 21:00:00,23.33,NA,0,17.41,NA,985.51,NA,NA,16.39,NA,17.22,NA,28.33,NA,2,NA
1877-07-08,NA,NA,NA,NA,NA,NA,NA,NA,NA,NA,NA,19.11,30.39,65.11,NA,NA
1877-07-08 09:00:00,NA,NA,315,NA,NA,NA,NA,NA,NA,NA,NA,NA,NA,NA,NA,NA
1877-07-08 21:00:00,NA,180,270,NA,NA,NA,NA,NA,NA,NA,NA,NA,28.33,NA,NA,NA
1877-07-09,NA,NA,NA,NA,NA,NA,NA,NA,NA,NA,NA,13.11,24.22,64.94,NA,NA
1877-07-09 09:00:00,21.67,NA,315,16.63,NA,992.21,NA,NA,16.94,NA,19.72,NA,NA,NA,NA,",skc,skc"
1877-07-09 15:00:00,NA,NA,NA,NA,NA,NA,NA,NA,12.17,NA,13.56,NA,NA,NA,NA,",skc,skc"
1877-07-09 21:00:00,18.89,NA,0,12.94,NA,993.57,NA,NA,12.22,NA,13.61,NA,24.67,NA,NA,NA
1877-07-10,NA,NA,NA,NA,NA,NA,NA,NA,NA,NA,NA,16.89,28.28,63.44,NA,NA
1877-07-10 09:00:00,20,NA,270,14.26,NA,996.41,NA,NA,15.83,NA,20.22,NA,NA,NA,NA,",skc,skc"
1877-07-10 15:00:00,NA,NA,NA,NA,NA,NA,NA,NA,16.61,NA,17.89,NA,NA,NA,NA,",skc,skc"
1877-07-10 21:00:00,21.67,NA,270,17.64,NA,997.22,NA,NA,16.67,NA,17.94,NA,29.44,NA,NA,NA
1877-07-11,NA,NA,NA,NA,NA,NA,NA,NA,NA,NA,NA,19.39,25.89,57.22,NA,NA
1877-07-11 09:00:00,21.11,NA,NA,16.02,NA,993.57,NA,NA,17.22,NA,21.11,NA,NA,NA,NA,",skc,skc"
1877-07-11 15:00:00,NA,NA,NA,NA,NA,NA,NA,NA,18.28,NA,21.33,NA,NA,NA,NA,",skc,skc"
1877-07-11 21:00:00,22.78,NA,180,18.02,NA,991.26,NA,NA,18.33,NA,21.39,NA,28.33,NA,34,NA
1877-07-12,NA,NA,NA,NA,NA,NA,NA,NA,NA,NA,NA,15,26.11,60,NA,NA
1877-07-12 09:00:00,21.11,NA,135,18.59,NA,990.93,0.51,NA,19.17,NA,22.78,NA,NA,NA,6.26,",bkn"
1877-07-12 15:00:00,NA,NA,NA,NA,NA,NA,NA,NA,19.5,NA,21.06,NA,NA,NA,NA,",bkn,bkn"
1877-07-12 21:00:00,22.78,225,225,20.93,NA,987.47,NA,NA,19.56,NA,21.11,NA,28.44,NA,40,NA
1877-07-13,NA,NA,NA,NA,NA,NA,NA,NA,NA,NA,NA,15,26.67,62.78,NA,NA
1877-07-13 09:00:00,22.22,315,315,22.15,NA,983.75,15.24,NA,20.56,NA,22.22,NA,NA,NA,1.34,",sq"
1877-07-13 15:00:00,NA,NA,NA,NA,NA,NA,NA,NA,17.44,NA,18.28,NA,NA,NA,NA,",skc,skc"
1877-07-13 21:00:00,22.78,NA,315,18.96,NA,984.02,NA,NA,17.5,NA,18.33,NA,29.67,NA,NA,NA
1877-07-14 09:00:00,21.67,90,135,17.37,NA,978.67,NA,NA,18.33,NA,22.22,NA,NA,NA,8.94,",bkn,bkn"
1877-07-14 15:00:00,NA,NA,NA,NA,NA,NA,NA,NA,12.17,NA,14.44,NA,NA,NA,NA,",bkn"
1877-07-14 21:00:00,21.67,NA,225,12.36,NA,973.59,NA,NA,12.22,NA,14.44,NA,NA,NA,20,NA
1877-07-15,NA,NA,NA,NA,NA,NA,NA,NA,NA,NA,NA,12.78,26.67,NA,NA,NA
1877-07-15 09:00:00,NA,NA,225,NA,NA,NA,NA,NA,NA,NA,NA,NA,NA,NA,13.41,NA
1877-07-15 21:00:00,NA,NA,270,NA,NA,NA,NA,NA,NA,NA,NA,NA,NA,NA,12,NA
1877-07-16,NA,NA,NA,NA,NA,NA,NA,NA,NA,NA,NA,13.39,27.28,63.06,NA,NA
1877-07-16 09:00:00,18.89,NA,315,21.03,NA,977.65,7.62,NA,18.89,NA,18.89,NA,NA,NA,9.83,",bkn"
1877-07-16 15:00:00,NA,NA,NA,NA,NA,NA,NA,NA,15.5,NA,16.67,NA,NA,NA,NA,",bkn"
1877-07-16 21:00:00,20,NA,270,15.98,NA,978.67,NA,NA,15.56,NA,16.67,NA,25.28,NA,34,NA
1877-07-17,NA,NA,NA,NA,NA,NA,NA,NA,NA,NA,NA,10,19.72,32.22,NA,NA
1877-07-17 09:00:00,17.78,NA,315,12.94,NA,980.7,3.05,NA,11.94,NA,13,NA,NA,NA,6.71,",sq"
1877-07-17 15:00:00,NA,NA,NA,NA,NA,NA,NA,NA,10.5,NA,11.11,NA,NA,NA,NA,",ovc"
1877-07-17 21:00:00,16.11,0,315,12.12,NA,985.91,NA,NA,10.56,NA,11.11,NA,25.28,NA,13,NA
1877-07-18,NA,NA,NA,NA,NA,NA,NA,NA,NA,NA,NA,9.44,20,30.83,NA,NA
1877-07-18 09:00:00,15,0,0,11.21,NA,988.49,NA,NA,10,NA,11.22,NA,NA,NA,10.73,",sq,sq"
1877-07-18 15:00:00,NA,NA,NA,NA,NA,NA,NA,NA,10.22,NA,11.67,NA,NA,NA,NA,",ovc,ovc"
1877-07-18 21:00:00,15,0,0,11.24,NA,992.21,NA,NA,10.28,NA,11.67,NA,13.44,NA,40,NA
1877-07-19,NA,NA,NA,NA,NA,NA,NA,NA,NA,NA,NA,6.67,22.33,53.22,NA,NA
1877-07-19 09:00:00,13.89,NA,315,10.13,NA,993.09,NA,NA,10,NA,13.06,NA,NA,NA,3.13,",skc,skc"
1877-07-19 15:00:00,NA,NA,NA,NA,NA,NA,NA,NA,10.5,NA,11.67,NA,NA,NA,NA,",skc,skc"
1877-07-19 21:00:00,15.56,NA,0,11.68,NA,994.51,NA,NA,10.56,NA,11.67,NA,21.11,NA,20,NA
1877-07-20,NA,NA,NA,NA,NA,NA,NA,NA,NA,NA,NA,7.89,26.72,57.22,NA,NA
1877-07-20 09:00:00,16.11,NA,0,14.6,NA,997.02,NA,NA,15.56,NA,18.89,NA,NA,NA,8.05,",skc,skc"
1877-07-20 15:00:00,NA,NA,NA,NA,NA,NA,NA,NA,17.17,NA,17.78,NA,NA,NA,NA,",skc,skc"
1877-07-20 21:00:00,18.89,NA,315,18.86,NA,994.45,NA,NA,17.22,NA,17.78,NA,26.67,NA,5,NA
1877-07-21,NA,NA,NA,NA,NA,NA,NA,NA,NA,NA,NA,12.78,32.06,60.56,NA,NA
1877-07-21 09:00:00,18.89,NA,270,17.07,NA,993.84,NA,NA,17.78,NA,21.22,NA,NA,NA,2.24,",skc,skc"
1877-07-21 15:00:00,NA,NA,NA,NA,NA,NA,NA,NA,17.17,NA,18.28,NA,NA,NA,NA,",skc,skc"
1877-07-21 21:00:00,21.67,NA,315,18.39,NA,992.69,NA,NA,17.56,NA,18.33,NA,30,NA,2,NA
1877-07-22,NA,NA,NA,NA,NA,NA,NA,NA,NA,NA,NA,13.89,30.94,60.56,NA,NA
1877-07-22 09:00:00,NA,NA,180,NA,NA,NA,NA,NA,NA,NA,NA,NA,NA,NA,1.79,NA
1877-07-22 21:00:00,NA,NA,180,NA,NA,NA,NA,NA,NA,NA,NA,NA,29.44,NA,45,NA
1877-07-23,NA,NA,NA,NA,NA,NA,NA,NA,NA,NA,NA,15.56,30,60.56,NA,NA
1877-07-23 09:00:00,21.11,NA,180,17.68,NA,993.91,NA,NA,18.89,NA,23.33,NA,NA,NA,8.94,",skc,skc"
1877-07-23 15:00:00,NA,NA,NA,NA,NA,NA,NA,NA,18.28,NA,21.06,NA,NA,NA,NA,",skc,skc"
1877-07-23 21:00:00,23.33,NA,180,18.29,NA,990.72,NA,NA,18.33,NA,21.11,NA,29.44,NA,16,NA
1877-07-24,NA,NA,NA,NA,NA,NA,NA,NA,NA,NA,NA,18.33,29.44,58.89,NA,NA
1877-07-24 09:00:00,21.67,NA,180,17.68,NA,987.13,NA,NA,18.89,NA,23.33,NA,NA,NA,13.41,",skc,skc"
1877-07-24 15:00:00,NA,NA,NA,NA,NA,NA,NA,NA,19.39,NA,22.17,NA,NA,NA,NA,",skc,skc"
1877-07-24 21:00:00,23.89,NA,180,19.64,NA,984.08,NA,NA,19.44,NA,22.22,NA,28.33,NA,25,NA
1877-07-25,NA,NA,NA,NA,NA,NA,NA,NA,NA,NA,NA,15.56,27.78,61.67,NA,NA
1877-07-25 09:00:00,22.78,180,180,18.29,NA,979.21,NA,NA,19.44,NA,23.89,NA,NA,NA,13.41,",bkn"
1877-07-25 15:00:00,NA,NA,NA,NA,NA,NA,NA,NA,16.61,NA,17.22,NA,NA,NA,NA,",skc"
1877-07-25 21:00:00,21.11,NA,225,18.18,NA,980.36,NA,NA,16.67,NA,17.22,NA,28.33,NA,34,NA
1877-07-26,NA,NA,NA,NA,NA,NA,NA,NA,NA,NA,NA,12.5,32.17,61.11,NA,NA
1877-07-26 09:00:00,21.11,NA,180,19.2,NA,981.65,NA,NA,19.17,NA,22.22,NA,NA,NA,3.13,",skc,skc"
1877-07-26 15:00:00,NA,NA,NA,NA,NA,NA,NA,NA,16.06,NA,19.94,NA,NA,NA,NA,",skc,skc"
1877-07-26 21:00:00,23.89,NA,45,14.9,NA,980.43,NA,NA,16.11,NA,20,NA,31.11,NA,20,NA
1877-07-27,NA,NA,NA,NA,NA,NA,NA,NA,NA,NA,NA,14.72,28.61,61.11,NA,NA
1877-07-27 09:00:00,22.22,315,0,20.18,NA,978.4,17.78,NA,19.44,NA,20.89,NA,NA,NA,6.71,",bkn,bkn"
1877-07-27 15:00:00,NA,NA,NA,NA,NA,NA,NA,NA,16.06,NA,17.22,NA,NA,NA,NA,",bkn"
1877-07-27 21:00:00,22.78,NA,225,17.03,NA,980.36,NA,NA,16.11,NA,17.22,NA,26.11,NA,40,NA
1877-07-28,NA,NA,NA,NA,NA,NA,NA,NA,NA,NA,NA,14.83,27.78,60,NA,NA
1877-07-28 09:00:00,20.56,315,315,18.32,NA,984.49,NA,NA,17.22,NA,18.33,NA,NA,NA,6.26,",bkn,bkn"
1877-07-28 15:00:00,NA,NA,NA,NA,NA,NA,NA,NA,16.61,NA,17.72,NA,NA,NA,NA,",skc,skc"
1877-07-28 21:00:00,21.11,NA,180,18.42,NA,986.46,NA,NA,16.67,NA,17.78,NA,26.67,NA,34,NA
1877-07-29,NA,NA,NA,NA,NA,NA,NA,NA,NA,NA,NA,15.28,30.83,62.78,NA,NA
1877-07-29 09:00:00,NA,NA,225,NA,NA,NA,NA,NA,NA,NA,NA,NA,NA,NA,1.79,NA
1877-07-29 21:00:00,NA,NA,135,NA,NA,NA,NA,NA,NA,NA,NA,NA,30,NA,14,NA
1877-07-30,NA,NA,NA,NA,NA,NA,NA,NA,NA,NA,NA,17,32,63.33,NA,NA
1877-07-30 09:00:00,23.33,NA,180,21.13,NA,980.9,NA,NA,21.67,NA,26.11,NA,NA,NA,10.73,",bkn"
1877-07-30 15:00:00,NA,NA,NA,NA,NA,NA,NA,NA,19.67,NA,24.39,NA,NA,NA,NA,",bkn"
1877-07-30 21:00:00,25.56,180,180,18.39,NA,980.02,NA,NA,19.72,NA,24.44,NA,30.56,NA,28,NA
1877-07-31,NA,NA,NA,NA,NA,NA,NA,NA,NA,NA,NA,15.5,26.06,57.22,NA,NA
1877-07-31 09:00:00,22.78,225,225,16.49,NA,982.49,2.03,NA,15.83,NA,17.22,NA,NA,NA,6.35,",sq"
1877-07-31 15:00:00,NA,NA,NA,NA,NA,NA,NA,NA,16.61,NA,19.94,NA,NA,NA,NA,",skc,skc"
1877-07-31 21:00:00,22.22,NA,180,15.88,NA,980.83,NA,NA,16.67,NA,20,NA,25,NA,26,NA
1877-08-01,NA,NA,NA,NA,NA,NA,NA,NA,NA,NA,NA,11.67,19.89,56.39,NA,NA
1877-08-01 09:00:00,18.89,270,270,12.53,NA,982.53,0.76,NA,13.33,NA,16.67,NA,NA,NA,10.73,",bkn"
1877-08-01 15:00:00,NA,NA,NA,NA,NA,NA,NA,NA,11.61,NA,13.33,NA,NA,NA,NA,",bkn"
1877-08-01 21:00:00,20.56,315,315,12.29,NA,993.02,NA,NA,11.67,NA,13.33,NA,20.56,NA,20,NA
1877-08-02,NA,NA,NA,NA,NA,NA,NA,NA,NA,NA,NA,11.11,25.11,59.17,NA,NA
1877-08-02 09:00:00,17.78,315,315,11.24,NA,998.21,NA,NA,12.22,NA,16.11,NA,NA,NA,6.71,",skc"
1877-08-02 15:00:00,NA,NA,NA,NA,NA,NA,NA,NA,12.17,NA,12.78,NA,NA,NA,NA,",skc,skc"
1877-08-02 21:00:00,19.44,NA,135,13.55,NA,999.66,NA,NA,12.22,NA,12.78,NA,23.33,NA,5,NA
1877-08-03,NA,NA,NA,NA,NA,NA,NA,NA,NA,NA,NA,8.61,28.83,55.83,NA,NA
1877-08-03 09:00:00,18.33,NA,135,9.72,NA,995.6,NA,NA,12.22,NA,19.17,NA,NA,NA,8.05,",skc"
1877-08-03 15:00:00,NA,NA,NA,NA,NA,NA,NA,NA,16.06,NA,19.39,NA,NA,NA,NA,",bkn"
1877-08-03 21:00:00,21.67,315,135,15.31,NA,990.86,NA,NA,16.11,NA,19.44,NA,26.11,NA,14,NA
1877-08-04,NA,NA,NA,NA,NA,NA,NA,NA,NA,NA,NA,15.22,27.89,53.33,NA,NA
1877-08-04 09:00:00,21.67,270,180,20.49,NA,988.83,0.76,NA,20.28,NA,23.33,NA,NA,NA,7.15,",ovc"
1877-08-04 15:00:00,NA,NA,NA,NA,NA,NA,NA,NA,19.94,NA,22.17,NA,NA,NA,NA,",skc"
1877-08-04 21:00:00,23.89,NA,180,20.83,NA,984.9,NA,NA,20,NA,22.22,NA,26.67,NA,18,NA
1877-08-05,NA,NA,NA,NA,NA,NA,NA,NA,NA,NA,NA,16.06,27.06,64.44,NA,NA
1877-08-05 09:00:00,NA,NA,0,NA,NA,NA,NA,NA,NA,NA,NA,NA,NA,NA,4.02,NA
1877-08-05 21:00:00,NA,NA,315,NA,NA,NA,NA,NA,NA,NA,NA,NA,26.67,NA,45,NA
1877-08-06,NA,NA,NA,NA,NA,NA,NA,NA,NA,NA,NA,12.78,26.39,61.94,NA,NA
1877-08-06 09:00:00,21.11,NA,315,14.05,NA,985.64,NA,NA,16.11,NA,21.11,NA,NA,NA,8.05,",skc,skc"
1877-08-06 15:00:00,NA,NA,NA,NA,NA,NA,NA,NA,16.06,NA,18.06,NA,NA,NA,NA,",skc,skc"
1877-08-06 21:00:00,21.67,NA,270,16.32,NA,984.15,NA,NA,16.11,NA,18.06,NA,26.67,NA,34,NA
1877-08-07,NA,NA,NA,NA,NA,NA,NA,NA,NA,NA,NA,12.11,23.22,61.11,NA,NA
1877-08-07 09:00:00,20,270,315,15.31,NA,983.68,NA,NA,15.83,NA,18.61,NA,NA,NA,9.83,",skc,skc"
1877-08-07 15:00:00,NA,NA,NA,NA,NA,NA,NA,NA,13,NA,15,NA,NA,NA,NA,",skc,skc"
1877-08-07 21:00:00,20.56,NA,315,13.24,NA,985.44,NA,NA,13.06,NA,15,NA,24.44,NA,45,NA
1877-08-08,NA,NA,NA,NA,NA,NA,NA,NA,NA,NA,NA,11.56,21.56,57.78,NA,NA
1877-08-08 09:00:00,20,0,0,15.95,NA,987.67,7.62,NA,15.56,NA,17.22,NA,NA,NA,8.05,",ovc"
1877-08-08 15:00:00,NA,NA,NA,NA,NA,NA,NA,NA,11.11,NA,14.17,NA,NA,NA,NA,",skc"
1877-08-08 21:00:00,19.44,NA,0,11.48,NA,990.86,NA,NA,11.17,NA,14.17,NA,23.33,NA,20,NA
1877-08-09,NA,NA,NA,NA,NA,NA,NA,NA,NA,NA,NA,9.72,28.89,66.11,NA,NA
1877-08-09 09:00:00,18.33,0,0,17.51,NA,992.21,NA,NA,16.11,NA,16.67,NA,NA,NA,0.67,",ovc,ovc"
1877-08-09 15:00:00,NA,NA,NA,NA,NA,NA,NA,NA,14.94,NA,16.11,NA,NA,NA,NA,",skc,skc"
1877-08-09 21:00:00,20.56,NA,225,15.81,NA,990.18,NA,NA,15,NA,16.11,NA,26.67,NA,5,NA
1877-08-10,NA,NA,NA,NA,NA,NA,NA,NA,NA,NA,NA,12.28,27.33,60,NA,NA
1877-08-10 09:00:00,18.89,225,180,17.98,NA,988.15,NA,NA,18.06,NA,20.83,NA,NA,NA,6.26,",bkn"
1877-08-10 15:00:00,NA,NA,NA,NA,NA,NA,NA,NA,11.06,NA,15,NA,NA,NA,NA,",skc,skc"
1877-08-10 21:00:00,21.67,NA,0,15.71,NA,986.79,NA,NA,14.44,NA,15,NA,24.72,NA,5,NA
1877-08-11,NA,NA,NA,NA,NA,NA,NA,NA,NA,NA,NA,11.67,22.5,53.33,NA,NA
1877-08-11 09:00:00,20,270,270,13.61,NA,986.46,1.02,NA,14.72,NA,18.33,NA,NA,NA,8.05,",skc"
1877-08-11 15:00:00,NA,NA,NA,NA,NA,NA,NA,NA,13.56,NA,14.44,NA,NA,NA,NA,",skc,skc"
1877-08-11 21:00:00,19.44,225,270,14.66,NA,986.39,NA,NA,13.61,NA,14.44,NA,21.11,NA,20,NA
1877-08-12,NA,NA,NA,NA,NA,NA,NA,NA,NA,NA,NA,11.11,22.78,64.72,NA,NA
1877-08-12 09:00:00,NA,NA,0,NA,NA,NA,NA,NA,NA,NA,NA,NA,NA,NA,3.35,NA
1877-08-12 21:00:00,NA,NA,90,NA,NA,NA,NA,NA,NA,NA,NA,NA,24.44,NA,5,NA
1877-08-13,NA,NA,NA,NA,NA,NA,NA,NA,NA,NA,NA,NA,NA,62.22,NA,NA
1877-08-13 09:00:00,19.44,NA,315,18.05,NA,996.14,NA,NA,17.78,NA,20,NA,NA,NA,2.46,",skc,skc"
1877-08-13 15:00:00,NA,NA,NA,NA,NA,NA,NA,NA,18,NA,18.89,NA,NA,NA,NA,",skc"
1877-08-13 21:00:00,21.11,NA,0,19.61,NA,995.26,NA,NA,18.06,NA,18.89,NA,29.44,NA,1,NA
1877-08-14,NA,NA,NA,NA,NA,NA,NA,NA,NA,NA,NA,11.11,30.83,62.78,NA,NA
1877-08-14 09:00:00,19.44,NA,315,20.69,NA,994.75,NA,NA,18.33,NA,18.39,NA,NA,NA,0.67,",skc"
1877-08-14 15:00:00,NA,NA,NA,NA,NA,NA,NA,NA,17.17,NA,18.89,NA,NA,NA,NA,",skc,skc"
1877-08-14 21:00:00,21.11,NA,225,17.81,NA,991.87,NA,NA,17.22,NA,18.89,NA,30.56,NA,16,NA
1877-08-15,NA,NA,NA,NA,NA,NA,NA,NA,NA,NA,NA,13.33,30.11,58.89,NA,NA
1877-08-15 09:00:00,20.56,NA,225,17.2,NA,989.67,NA,NA,18.06,NA,21.67,NA,NA,NA,5.81,",skc,skc"
1877-08-15 15:00:00,NA,NA,NA,NA,NA,NA,NA,NA,17.72,NA,21.06,NA,NA,NA,NA,",skc,skc"
1877-08-15 21:00:00,22.78,NA,180,17.1,NA,985.37,NA,NA,17.78,NA,21.11,NA,31.11,NA,18,NA
1877-08-16,NA,NA,NA,NA,NA,NA,NA,NA,NA,NA,NA,13.89,24.83,64.72,NA,NA
1877-08-16 09:00:00,21.11,NA,135,17.91,NA,984.59,5.33,NA,17.22,NA,18.06,NA,NA,NA,2.01,",bkn"
1877-08-16 15:00:00,NA,NA,NA,NA,NA,NA,NA,NA,16.61,NA,17.22,NA,NA,NA,NA,",skc,skc"
1877-08-16 21:00:00,21.67,NA,0,18.18,NA,987.13,NA,NA,16.67,NA,17.22,NA,30,NA,2,NA
1877-08-17,NA,NA,NA,NA,NA,NA,NA,NA,NA,NA,NA,12.78,29.67,59.44,NA,NA
1877-08-17 09:00:00,20.56,NA,315,20.22,NA,989.71,NA,NA,18.33,NA,18.89,NA,NA,NA,1.56,",skc,skc"
1877-08-17 15:00:00,NA,NA,NA,NA,NA,NA,NA,NA,15.5,NA,16.61,NA,NA,NA,NA,",skc,skc"
1877-08-17 21:00:00,21.67,270,45,16.49,NA,991.2,NA,NA,15.56,NA,16.67,NA,30,NA,5,NA
1877-08-18,NA,NA,NA,NA,NA,NA,NA,NA,NA,NA,NA,9.44,27.78,63.33,NA,NA
1877-08-18 09:00:00,20,NA,90,17.14,NA,994.41,NA,NA,16.94,NA,19,NA,NA,NA,0.89,",skc,skc"
1877-08-18 15:00:00,NA,NA,NA,NA,NA,NA,NA,NA,14.78,NA,16.11,NA,NA,NA,NA,",skc,skc"
1877-08-18 21:00:00,20.56,NA,180,15.51,NA,989.91,NA,NA,14.83,NA,16.11,NA,31.67,NA,20,NA
1877-08-19,NA,NA,NA,NA,NA,NA,NA,NA,NA,NA,NA,13.89,31.67,60,NA,NA
1877-08-19 09:00:00,NA,NA,180,NA,NA,NA,NA,NA,NA,NA,NA,NA,NA,NA,8.94,NA
1877-08-19 21:00:00,NA,NA,180,NA,NA,NA,NA,NA,NA,NA,NA,NA,32.22,NA,15,NA
1877-08-20,NA,NA,NA,NA,NA,NA,NA,NA,NA,NA,NA,10.89,25.11,59.44,NA,NA
1877-08-20 09:00:00,25.56,180,180,20.22,NA,975.04,5.59,NA,19.72,NA,22.22,NA,NA,NA,8.94,",bkn"
1877-08-20 15:00:00,NA,NA,NA,NA,NA,NA,NA,NA,12.17,NA,12.78,NA,NA,NA,NA,",bkn"
1877-08-20 21:00:00,19.44,0,0,13.55,NA,983.61,NA,NA,12.22,NA,12.78,NA,28.61,NA,14,NA
1877-08-21,NA,NA,NA,NA,NA,NA,NA,NA,NA,NA,NA,5,18.61,52.78,NA,NA
1877-08-21 09:00:00,17.78,NA,270,11.24,NA,984.02,NA,NA,10.56,NA,12.22,NA,NA,NA,6.26,",skc,skc"
1877-08-21 15:00:00,NA,NA,NA,NA,NA,NA,NA,NA,9.39,NA,10.56,NA,NA,NA,NA,",skc,skc"
1877-08-21 21:00:00,16.11,NA,270,10.87,NA,985.44,NA,NA,9.44,NA,10.56,NA,18.33,NA,20,NA
1877-08-22,NA,NA,NA,NA,NA,NA,NA,NA,NA,NA,NA,5.83,25.67,56.11,NA,NA
1877-08-22 09:00:00,16.11,NA,225,12.22,NA,987.61,NA,NA,11.22,NA,13.06,NA,NA,NA,1.34,",skc,skc"
1877-08-22 15:00:00,NA,NA,NA,NA,NA,NA,NA,NA,15.22,NA,16.67,NA,NA,NA,NA,",skc,skc"
1877-08-22 21:00:00,18.33,NA,180,15.85,NA,984.08,NA,NA,15.28,NA,16.67,NA,25.56,NA,30,NA
1877-08-23,NA,NA,NA,NA,NA,NA,NA,NA,NA,NA,NA,12.78,28.28,61.11,NA,NA
1877-08-23 09:00:00,18.33,225,180,13.44,NA,982.73,0.76,NA,15.28,NA,20.28,NA,NA,NA,15.2,",skc,skc"
1877-08-23 15:00:00,NA,NA,NA,NA,NA,NA,NA,NA,17.44,NA,20.5,NA,NA,NA,NA,",skc,skc"
1877-08-23 21:00:00,22.22,225,270,16.93,NA,984.76,NA,NA,17.5,NA,20.56,NA,30,NA,16,NA
1877-08-24,NA,NA,NA,NA,NA,NA,NA,NA,NA,NA,NA,11.89,19.44,38.89,NA,NA
1877-08-24 09:00:00,19.44,0,0,16.15,NA,986.56,NA,NA,15.56,NA,16.94,NA,NA,NA,8.94,",ovc"
1877-08-24 15:00:00,NA,NA,NA,NA,NA,NA,NA,NA,13.83,NA,14.44,NA,NA,NA,NA,",ovc"
1877-08-24 21:00:00,19.44,0,0,15.17,NA,989.57,NA,NA,13.89,NA,14.44,NA,20,NA,5,NA
1877-08-25,NA,NA,NA,NA,NA,NA,NA,NA,NA,NA,NA,12.78,29.94,56.11,NA,NA
1877-08-25 09:00:00,18.89,90,135,18.32,NA,986.52,NA,NA,17.22,NA,18.33,NA,NA,NA,1.79,",ovc,ovc"
1877-08-25 15:00:00,NA,NA,NA,NA,NA,NA,NA,NA,18.28,NA,19.94,NA,NA,NA,NA,",ovc"
1877-08-25 21:00:00,22.22,90,135,20.45,NA,982.87,NA,NA,18.33,NA,20,NA,31.11,NA,45,NA
1877-08-26,NA,NA,NA,NA,NA,NA,NA,NA,NA,NA,NA,11.94,26.22,57.78,NA,NA
1877-08-26 09:00:00,NA,NA,180,NA,NA,NA,0.51,NA,NA,NA,NA,NA,NA,NA,6.26,NA
1877-08-26 21:00:00,NA,NA,225,NA,NA,NA,NA,NA,NA,NA,NA,NA,27.78,NA,14,NA
1877-08-27,NA,NA,NA,NA,NA,NA,NA,NA,NA,NA,NA,6.94,22.33,53.61,NA,NA
1877-08-27 09:00:00,17.22,NA,270,11.01,NA,993.16,1.78,NA,11.11,NA,13.89,NA,NA,NA,4.02,",skc"
1877-08-27 15:00:00,NA,NA,NA,NA,NA,NA,NA,NA,13,NA,15.17,NA,NA,NA,NA,",ovc"
1877-08-27 21:00:00,18.33,NA,225,13.24,NA,990.38,NA,NA,13.11,NA,15.22,NA,22.5,NA,24,NA
1877-08-28,NA,NA,NA,NA,NA,NA,NA,NA,NA,NA,NA,8.89,21.67,53.89,NA,NA
1877-08-28 09:00:00,18.33,NA,225,13.48,NA,990.32,NA,NA,14.17,NA,17.22,NA,NA,NA,6.03,",skc,skc"
1877-08-28 15:00:00,NA,NA,NA,NA,NA,NA,NA,NA,10.5,NA,12.22,NA,NA,NA,NA,",skc,skc"
1877-08-28 21:00:00,18.33,NA,225,11.24,NA,992.21,NA,NA,10.56,NA,12.22,NA,21.67,NA,13,NA
1877-08-29,NA,NA,NA,NA,NA,NA,NA,NA,NA,NA,NA,6.22,26.72,57.22,NA,NA
1877-08-29 09:00:00,17.22,NA,225,11.24,NA,993.33,NA,NA,12.22,NA,16.11,NA,NA,NA,2.46,",skc,skc"
1877-08-29 15:00:00,NA,NA,NA,NA,NA,NA,NA,NA,14.11,NA,16.67,NA,NA,NA,NA,",skc,skc"
1877-08-29 21:00:00,20,NA,180,13.88,NA,987.34,NA,NA,10.83,NA,16.67,NA,27.22,NA,15,NA
1877-08-30,NA,NA,NA,NA,NA,NA,NA,NA,NA,NA,NA,7.78,25.5,58.33,NA,NA
1877-08-30 09:00:00,19.44,NA,180,15.81,NA,983.58,NA,NA,15.72,NA,17.78,NA,NA,NA,1.34,",skc,skc"
1877-08-30 15:00:00,NA,NA,NA,NA,NA,NA,NA,NA,11.06,NA,11.67,NA,NA,NA,NA,",skc,skc"
1877-08-30 21:00:00,21.11,NA,0,12.56,NA,990.18,NA,NA,11.11,NA,11.67,NA,25.56,NA,16,NA
1877-08-31,NA,NA,NA,NA,NA,NA,NA,NA,NA,NA,NA,5.56,18.89,56.67,NA,NA
1877-08-31 09:00:00,16.67,315,0,9.69,NA,996.75,NA,NA,10,NA,13.06,NA,NA,NA,8.05,",skc,skc"
1877-08-31 15:00:00,NA,NA,NA,NA,NA,NA,NA,NA,7.72,NA,8.33,NA,NA,NA,NA,",skc,skc"
1877-08-31 21:00:00,17.22,NA,0,10.02,NA,998.17,NA,NA,7.78,NA,8.33,NA,20.56,NA,16,NA
1877-09-01,NA,NA,NA,NA,NA,NA,NA,NA,NA,NA,NA,3.06,20,52.22,NA,NA
1877-09-01 09:00:00,15,NA,0,10.43,NA,997.43,0,NA,10.56,NA,11.94,NA,NA,NA,1.79,",skc,skc"
1877-09-01 15:00:00,NA,NA,NA,NA,NA,NA,NA,NA,8.28,NA,8.89,NA,NA,NA,NA,",skc,skc"
1877-09-01 21:00:00,16.67,NA,0,10.4,NA,998.71,NA,NA,8.33,NA,8.89,NA,20,NA,27,NA
1877-09-02,NA,NA,NA,NA,NA,NA,NA,NA,NA,NA,NA,2.22,25.28,54.72,NA,",au,"
1877-09-02 09:00:00,NA,NA,225,NA,NA,NA,0,NA,NA,NA,NA,NA,NA,NA,1.79,NA
1877-09-02 15:00:00,NA,NA,NA,NA,NA,NA,NA,NA,NA,NA,NA,NA,NA,NA,NA,",skc"
1877-09-02 21:00:00,NA,NA,225,NA,NA,NA,NA,NA,NA,NA,NA,NA,25.28,NA,45,NA
1877-09-03,NA,NA,NA,NA,NA,NA,NA,NA,NA,NA,NA,6.67,26.33,62.22,NA,NA
1877-09-03 09:00:00,16.67,NA,225,16.63,NA,987.54,0,NA,16.39,NA,18.33,NA,NA,NA,1.79,",skc,skc"
1877-09-03 15:00:00,NA,NA,NA,NA,NA,NA,NA,NA,11.06,NA,11.67,NA,NA,NA,NA,",skc"
1877-09-03 21:00:00,19.44,NA,225,11.68,NA,991.06,NA,NA,10.56,NA,11.67,NA,26.67,NA,16,NA
1877-09-04,NA,NA,NA,NA,NA,NA,NA,NA,NA,NA,NA,4.44,20.11,56.67,NA,NA
1877-09-04 09:00:00,16.11,NA,225,11.99,NA,992.55,0,NA,12.5,NA,15.56,NA,NA,NA,2.24,",skc,skc"
1877-09-04 15:00:00,NA,NA,NA,NA,NA,NA,NA,NA,7.17,NA,8.33,NA,NA,NA,NA,",skc,skc"
1877-09-04 21:00:00,16.67,NA,45,9.24,NA,993.57,NA,NA,7.22,NA,8.33,NA,20,NA,16,NA
1877-09-05,NA,NA,NA,NA,NA,NA,NA,NA,NA,NA,NA,1.56,19.11,53.89,NA,NA
1877-09-05 09:00:00,15,NA,135,11.21,NA,995.73,0,NA,10.83,NA,13.06,NA,NA,NA,3.13,",skc,skc"
1877-09-05 15:00:00,NA,NA,NA,NA,NA,NA,NA,NA,9.67,NA,11.67,NA,NA,NA,NA,",skc,skc"
1877-09-05 21:00:00,17.22,NA,180,10.43,NA,994.24,NA,NA,9.72,NA,11.67,NA,19.11,NA,45,NA
1877-09-06,NA,NA,NA,NA,NA,NA,NA,NA,NA,NA,NA,8.33,24.33,54.72,NA,",ts,"
1877-09-06 09:00:00,16.67,NA,180,13.92,NA,992.69,0,NA,14.44,NA,17.22,NA,NA,NA,12.52,",skc,skc"
1877-09-06 15:00:00,NA,NA,NA,NA,NA,NA,NA,NA,14.39,NA,16.11,NA,NA,NA,NA,",skc"
1877-09-06 21:00:00,19.44,NA,135,14.76,NA,989.67,NA,NA,14.44,NA,16.11,NA,24.44,NA,19,NA
1877-09-07,NA,NA,NA,NA,NA,NA,NA,NA,NA,NA,NA,11.39,21.72,52.22,NA,",ra,"
1877-09-07 09:00:00,18.89,180,135,16.56,NA,985.78,10.67,NA,16.11,NA,17.78,NA,NA,NA,8.05,",ovc,ovc"
1877-09-07 15:00:00,NA,NA,NA,NA,NA,NA,NA,NA,15.22,NA,15.56,NA,NA,NA,NA,",skc"
1877-09-07 21:00:00,21.11,NA,225,16.86,NA,985.24,NA,NA,15.28,NA,15.56,NA,21.72,NA,40,NA
1877-09-08,NA,NA,NA,NA,NA,NA,NA,NA,NA,NA,NA,8.17,23.5,56.11,NA,NA
1877-09-08 09:00:00,17.78,NA,270,13.61,NA,987.47,0,NA,12.78,NA,13.89,NA,NA,NA,2.68,",skc"
1877-09-08 15:00:00,NA,NA,NA,NA,NA,NA,NA,NA,13.28,NA,14.44,NA,NA,NA,NA,",skc,skc"
1877-09-08 21:00:00,18.33,NA,270,14.16,NA,987.27,NA,NA,13.33,NA,14.44,NA,23.5,NA,11,NA
1877-09-09,NA,NA,NA,NA,NA,NA,NA,NA,NA,NA,NA,5.56,25,59.17,NA,NA
1877-09-09 09:00:00,NA,NA,180,NA,NA,NA,0,NA,NA,NA,NA,NA,NA,NA,4.92,NA
1877-09-09 15:00:00,NA,NA,NA,NA,NA,NA,NA,NA,NA,NA,NA,NA,NA,NA,NA,NA
1877-09-09 21:00:00,NA,NA,180,NA,NA,NA,NA,NA,NA,NA,NA,NA,25,NA,25,NA
1877-09-10,NA,NA,NA,NA,NA,NA,NA,NA,NA,NA,NA,12.11,29.56,57.5,NA,NA
1877-09-10 09:00:00,17.78,NA,180,13,NA,979.14,0,NA,13.89,NA,17.22,NA,NA,NA,9.39,",skc,skc"
1877-09-10 15:00:00,NA,NA,NA,NA,NA,NA,NA,NA,16.89,NA,21.11,NA,NA,NA,NA,",skc"
1877-09-10 21:00:00,22.22,NA,180,15.51,NA,976.3,NA,NA,16.94,NA,21.11,NA,29.56,NA,32,NA
1877-09-11,NA,NA,NA,NA,NA,NA,NA,NA,NA,NA,NA,11.39,28.89,57.78,NA,NA
1877-09-11 09:00:00,20.56,NA,180,16.8,NA,976.47,0,NA,16.94,NA,19.44,NA,NA,NA,8.05,",skc,skc"
1877-09-11 15:00:00,NA,NA,NA,NA,NA,NA,NA,NA,13.83,NA,16.94,NA,NA,NA,NA,",ovc"
1877-09-11 21:00:00,21.67,NA,0,12.39,NA,980.63,NA,NA,13.89,NA,16.94,NA,28.89,NA,45,NA
1877-09-12,NA,NA,NA,NA,NA,NA,NA,NA,NA,NA,NA,7.22,22.22,59.44,NA,NA
1877-09-12 09:00:00,18.89,NA,0,12.53,NA,988.22,0,NA,13.33,NA,16.67,NA,NA,NA,3.13,",skc,skc"
1877-09-12 15:00:00,NA,NA,NA,NA,NA,NA,NA,NA,13.56,NA,14.44,NA,NA,NA,NA,",skc"
1877-09-12 21:00:00,19.44,NA,45,15.1,NA,990.32,NA,NA,13.61,NA,14.44,NA,22.22,NA,40,NA
1877-09-13,NA,NA,NA,NA,NA,NA,NA,NA,NA,NA,NA,12.78,28.33,57.39,NA,",ra,"
1877-09-13 09:00:00,18.89,NA,135,19.37,NA,980.09,22.86,NA,17.22,NA,17.22,NA,NA,NA,6.26,",ovc"
1877-09-13 15:00:00,NA,NA,NA,NA,NA,NA,NA,NA,19.11,NA,19.44,NA,NA,NA,NA,",ovc,ovc"
1877-09-13 21:00:00,22.78,NA,270,21.61,NA,977.99,NA,NA,19.17,NA,19.44,NA,28.33,NA,20,NA
1877-09-14,NA,NA,NA,NA,NA,NA,NA,NA,NA,NA,NA,7.78,21.06,57.22,NA,",au,"
1877-09-14 09:00:00,20.56,NA,270,12.6,NA,975.28,0,NA,12.5,NA,14.67,NA,NA,NA,5.81,",ovc,ovc"
1877-09-14 15:00:00,NA,NA,NA,NA,NA,NA,NA,NA,9.94,NA,11.17,NA,NA,NA,NA,",ovc"
1877-09-14 21:00:00,18.33,NA,NA,11.24,NA,975.28,NA,NA,10.17,NA,11.17,NA,21.06,NA,0,NA
1877-09-15,NA,NA,NA,NA,NA,NA,NA,NA,NA,NA,NA,5.56,15.28,50,NA,",ra,"
1877-09-15 09:00:00,15.56,NA,270,9.65,NA,974.4,3.05,NA,8.61,NA,10.56,NA,NA,NA,4.92,",ovc"
1877-09-15 15:00:00,NA,NA,NA,NA,NA,NA,NA,NA,6.89,NA,8.33,NA,NA,NA,NA,",skc"
1877-09-15 21:00:00,15.56,NA,270,8.87,NA,976.3,NA,NA,6.94,NA,8.33,NA,15.28,NA,12,NA
1877-09-16,NA,NA,NA,NA,NA,NA,NA,NA,NA,NA,NA,3.61,11.94,45.56,NA,NA
1877-09-16 09:00:00,10.56,NA,270,NA,NA,NA,0,NA,NA,NA,NA,NA,NA,NA,7.15,NA
1877-09-16 15:00:00,NA,NA,NA,NA,NA,NA,NA,NA,NA,NA,NA,NA,NA,NA,NA,NA
1877-09-16 21:00:00,NA,NA,315,NA,NA,NA,NA,NA,NA,NA,NA,NA,11.94,NA,13,NA
1877-09-17,NA,NA,NA,NA,NA,NA,NA,NA,NA,NA,NA,1.11,10.67,43.61,NA,NA
1877-09-17 09:00:00,10.56,270,315,6.67,NA,987.13,0,NA,4.72,NA,7.78,NA,NA,NA,9.83,",bkn"
1877-09-17 15:00:00,NA,NA,NA,NA,NA,NA,NA,NA,4.94,NA,6.11,NA,NA,NA,NA,",skc"
1877-09-17 21:00:00,12.22,NA,315,7.86,NA,987.34,NA,NA,5,NA,6.11,NA,10.67,NA,11,NA
1877-09-18,NA,NA,NA,NA,NA,NA,NA,NA,NA,NA,NA,1.11,14.44,53.61,NA,",missing,"
1877-09-18 09:00:00,12.78,NA,45,8.23,NA,988.83,0,NA,7.22,NA,10,NA,NA,NA,3.13,",bkn"
1877-09-18 15:00:00,NA,NA,NA,NA,NA,NA,NA,NA,3.28,NA,5,NA,NA,NA,NA,",skc,skc"
1877-09-18 21:00:00,12.78,NA,0,6.6,NA,988.49,NA,NA,3.33,NA,5,NA,14.44,NA,5,NA
1877-09-19,NA,NA,NA,NA,NA,NA,NA,NA,NA,NA,NA,0.61,12.22,49.17,NA,",ra,"
1877-09-19 09:00:00,11.67,NA,135,8.23,NA,989.1,6.86,NA,5,NA,5.56,NA,NA,NA,2.68,",ovc"
1877-09-19 15:00:00,NA,NA,NA,NA,NA,NA,NA,NA,5.5,NA,6.11,NA,NA,NA,NA,",skc"
1877-09-19 21:00:00,12.78,315,180,8.57,NA,990.18,NA,NA,5.56,NA,6.11,NA,12.22,NA,5,NA
1877-09-20,NA,NA,NA,NA,NA,NA,NA,NA,NA,NA,NA,1.44,19.17,53.61,NA,",au,"
1877-09-20 09:00:00,12.78,315,135,10.87,NA,992.42,0,NA,9.44,NA,10.56,NA,NA,NA,2.68,",ovc"
1877-09-20 15:00:00,NA,NA,NA,NA,NA,NA,NA,NA,8.28,NA,10.56,NA,NA,NA,NA,",skc"
1877-09-20 21:00:00,15.56,270,180,9.28,NA,987.13,NA,NA,8.33,NA,10.56,NA,19.17,NA,16,NA
1877-09-21,NA,NA,NA,NA,NA,NA,NA,NA,NA,NA,NA,8.44,23.33,53.33,NA,",hz,"
1877-09-21 09:00:00,15,NA,180,11.58,NA,979.34,0,NA,12.22,NA,15.56,NA,NA,NA,12.52,",skc,skc"
1877-09-21 15:00:00,NA,NA,NA,NA,NA,NA,NA,NA,12.17,NA,13.33,NA,NA,NA,NA,",skc"
1877-09-21 21:00:00,17.78,NA,0,13.14,NA,981.38,NA,NA,12.22,NA,13.33,NA,23.33,NA,34,NA
1877-09-22,NA,NA,NA,NA,NA,NA,NA,NA,NA,NA,NA,1.22,17.89,56.67,NA,",ra,"
1877-09-22 09:00:00,15.56,NA,0,8.97,NA,988.01,0.76,NA,8.61,NA,11.67,NA,NA,NA,4.02,",bkn"
1877-09-22 15:00:00,NA,NA,NA,NA,NA,NA,NA,NA,4.39,NA,5,NA,NA,NA,NA,",skc"
1877-09-22 21:00:00,13.89,NA,0,7.89,NA,992.55,NA,NA,4.44,NA,5,NA,17.89,NA,2,NA
1877-09-23,NA,NA,NA,NA,NA,NA,NA,NA,NA,NA,NA,-0.28,15.56,NA,NA,NA
1877-09-23 09:00:00,NA,NA,180,NA,NA,NA,4.06,NA,NA,NA,NA,NA,NA,NA,3.13,NA
1877-09-23 15:00:00,NA,NA,NA,NA,NA,NA,NA,NA,NA,NA,NA,NA,NA,NA,NA,NA
1877-09-23 21:00:00,NA,NA,225,NA,NA,NA,NA,NA,NA,NA,NA,NA,NA,NA,2,NA
1877-09-24,NA,NA,NA,NA,NA,NA,NA,NA,NA,NA,NA,7,20,51.11,NA,NA
1877-09-24 09:00:00,13.89,NA,45,10.8,NA,989.16,0,NA,8.89,NA,10,NA,NA,NA,3.13,",ovc,ovc"
1877-09-24 15:00:00,NA,NA,NA,NA,NA,NA,NA,NA,11.06,NA,12.22,NA,NA,NA,NA,",ovc"
1877-09-24 21:00:00,16.67,90,90,12.09,NA,988.28,NA,NA,11.11,NA,12.22,NA,15.56,NA,2,NA
1877-09-25,NA,NA,NA,NA,NA,NA,NA,NA,NA,NA,NA,3.44,17.5,53.33,NA,",fg,"
1877-09-25 09:00:00,13.89,NA,270,12.06,NA,990.18,0,NA,9.44,NA,9.83,NA,NA,NA,1.34,",ovc"
1877-09-25 15:00:00,NA,NA,NA,NA,NA,NA,NA,NA,8.83,NA,10,NA,NA,NA,NA,",skc"
1877-09-25 21:00:00,15.56,315,180,10.4,NA,989.57,NA,NA,8.89,NA,10,NA,17.5,NA,45,NA
1877-09-26,NA,NA,NA,NA,NA,NA,0,0,NA,NA,NA,7.22,20.56,51.11,NA,",ra,"
1877-09-26 09:00:00,14.44,180,135,12.67,NA,985.44,8.38,NA,12.22,NA,13.89,NA,NA,NA,11.18,",ovc"
1877-09-26 15:00:00,NA,NA,NA,NA,NA,NA,NA,NA,10.5,NA,10.56,NA,NA,NA,NA,",ovc,ovc"
1877-09-26 21:00:00,16.67,180,135,12.56,NA,978.67,NA,NA,10.56,NA,10.56,NA,20.56,NA,20,NA
1877-09-27,NA,NA,NA,NA,NA,NA,NA,NA,NA,NA,NA,3.22,15.56,NA,NA,NA
1877-09-27 09:00:00,13.33,225,225,7.28,NA,983.2,0,NA,6.11,NA,9.44,NA,NA,NA,12.52,",skc"
1877-09-27 15:00:00,NA,NA,NA,NA,NA,NA,NA,NA,3.83,NA,6.11,NA,NA,NA,NA,",skc,skc"
1877-09-27 21:00:00,15.56,270,225,6.6,NA,985.98,NA,NA,3.89,NA,6.11,NA,NA,NA,13,NA
1877-09-28,NA,NA,NA,NA,NA,NA,NA,NA,NA,NA,NA,0.56,17.78,51.39,NA,",missing,"
1877-09-28 09:00:00,12.78,NA,135,6.87,NA,987.47,0,NA,4.44,NA,6.67,NA,NA,NA,2.24,",skc,skc"
1877-09-28 15:00:00,NA,NA,NA,NA,NA,NA,NA,NA,NA,NA,NA,NA,NA,NA,NA,NA
1877-09-28 21:00:00,NA,NA,135,NA,NA,NA,NA,NA,NA,NA,NA,NA,17.78,NA,15,NA
1877-09-29,NA,NA,NA,NA,NA,NA,NA,NA,NA,NA,NA,6.11,19.17,51.11,NA,NA
1877-09-29 09:00:00,16.11,180,270,12.53,NA,976.63,0,NA,12.33,NA,14.67,NA,NA,NA,1.34,",ovc"
1877-09-29 15:00:00,NA,NA,NA,NA,NA,NA,NA,NA,7.17,NA,8.33,NA,NA,NA,NA,",bkn"
1877-09-29 21:00:00,15.56,NA,0,9.24,NA,982.32,NA,NA,7.22,NA,8.33,NA,19.17,NA,14,NA
1877-09-30,NA,NA,NA,NA,NA,NA,NA,NA,NA,NA,NA,1.11,11.67,58.06,NA,NA
1877-09-30 09:00:00,NA,NA,0,NA,NA,NA,0,NA,NA,NA,NA,NA,NA,NA,7.15,NA
1877-09-30 15:00:00,NA,NA,NA,NA,NA,NA,NA,NA,NA,NA,NA,NA,NA,NA,NA,NA
1877-09-30 21:00:00,NA,NA,315,NA,NA,NA,NA,NA,NA,NA,NA,NA,11.67,NA,11,NA
1877-10-01,NA,NA,NA,NA,NA,NA,NA,NA,NA,NA,NA,-2.67,8.94,47.28,NA,NA
1877-10-01 09:00:00,11.11,270,315,6.16,NA,998.38,NA,NA,1.67,NA,3.33,NA,NA,NA,2.68,",skc"
1877-10-01 15:00:00,NA,NA,NA,NA,NA,NA,NA,NA,0,NA,1.67,NA,NA,NA,NA,",bkn"
1877-10-01 21:00:00,11.11,NA,0,5.01,NA,998.1,NA,NA,0,NA,1.67,NA,8.89,NA,45,NA
1877-10-02,NA,NA,NA,NA,NA,NA,NA,NA,NA,NA,NA,-1,10.11,NA,NA,NA
1877-10-02 09:00:00,10.56,270,90,6.1,NA,995.6,0.76,NA,2.78,NA,5,NA,NA,NA,3.8,",ovc"
1877-10-02 15:00:00,NA,NA,NA,NA,NA,NA,NA,NA,5.78,NA,6.11,NA,NA,NA,NA,",sn,sn"
1877-10-02 21:00:00,12.22,180,90,8.94,NA,988.15,NA,NA,5.83,NA,6.11,NA,NA,NA,20,NA
1877-10-03,NA,NA,NA,NA,NA,NA,NA,NA,NA,NA,NA,-1.67,8.39,46.94,NA,NA
1877-10-03 09:00:00,12.22,0,0,7.21,NA,985.78,1.78,NA,3.89,NA,5,NA,NA,NA,14.75,",ovc"
1877-10-03 15:00:00,NA,NA,NA,NA,NA,NA,NA,NA,0,NA,0.56,NA,NA,NA,NA,",ovc"
1877-10-03 21:00:00,15.56,NA,315,5.66,NA,991.87,NA,NA,0,NA,0.56,NA,8.33,NA,15,NA
1877-10-04,NA,NA,NA,NA,NA,NA,NA,NA,NA,NA,NA,-3.33,6.06,38.89,NA,NA
1877-10-04 09:00:00,11.67,270,270,4.67,NA,990.25,NA,NA,-0.56,NA,1.11,NA,NA,NA,6.71,",ovc"
1877-10-04 15:00:00,NA,NA,NA,NA,NA,NA,NA,NA,-2.22,NA,-0.56,NA,NA,NA,NA,",ovc,ovc"
1877-10-04 21:00:00,16.11,315,270,3.62,NA,988.28,NA,NA,-2.22,NA,-0.56,NA,6.11,NA,15,NA
1877-10-05,NA,NA,NA,NA,NA,NA,NA,NA,NA,NA,NA,-1.67,10.5,43.89,NA,NA
1877-10-05 09:00:00,14.44,NA,315,4.2,NA,987.06,NA,NA,0,NA,2.94,NA,NA,NA,10.28,",skc"
1877-10-05 15:00:00,NA,NA,NA,NA,NA,NA,NA,NA,-1.11,NA,-0.28,NA,NA,NA,NA,",skc,skc"
1877-10-05 21:00:00,12.22,NA,270,4.54,NA,988.89,NA,NA,-1.11,NA,-0.28,NA,10.56,NA,27,NA
1877-10-06,NA,NA,NA,NA,NA,NA,NA,NA,NA,NA,NA,-3.89,13.72,46.94,NA,NA
1877-10-06 09:00:00,10,NA,225,4.98,NA,993.16,NA,NA,-0.56,NA,1.67,NA,NA,NA,4.02,",skc,skc"
1877-10-06 15:00:00,NA,NA,NA,NA,NA,NA,NA,NA,4.67,NA,6.67,NA,NA,NA,NA,",skc,skc"
1877-10-06 21:00:00,16.11,NA,180,7.21,NA,991.2,NA,NA,4.72,NA,6.67,NA,13.89,NA,12,NA
1877-10-07,NA,NA,NA,NA,NA,NA,NA,NA,NA,NA,NA,-1.11,13.44,19.72,NA,NA
1877-10-07 09:00:00,NA,NA,135,NA,NA,NA,0.76,NA,NA,NA,NA,NA,NA,NA,6.71,NA
1877-10-07 21:00:00,NA,NA,90,NA,NA,NA,NA,NA,NA,NA,NA,NA,13.61,NA,2,NA
1877-10-08,NA,NA,NA,NA,NA,NA,NA,NA,NA,NA,NA,-3.11,11.61,47.5,NA,NA
1877-10-08 09:00:00,14.44,NA,0,7.89,NA,992.21,NA,NA,4,NA,4.17,NA,NA,NA,0,",ovc"
1877-10-08 15:00:00,NA,NA,NA,NA,NA,NA,NA,NA,-0.56,NA,0,NA,NA,NA,NA,",skc,skc"
1877-10-08 21:00:00,14.44,NA,0,5.32,NA,992.14,NA,NA,-0.56,NA,0,NA,11.67,NA,16,NA
1877-10-09,NA,NA,NA,NA,NA,NA,NA,NA,NA,NA,NA,-2.83,10.83,28.33,NA,NA
1877-10-09 09:00:00,15.56,NA,270,7.21,NA,996.48,NA,NA,3.89,NA,5,NA,NA,NA,0.45,",ovc"
1877-10-09 15:00:00,NA,NA,NA,NA,NA,NA,NA,NA,2.72,NA,3.33,NA,NA,NA,NA,",skc"
1877-10-09 21:00:00,13.89,NA,180,6.98,NA,997.29,NA,NA,2.78,NA,3.33,NA,10.83,NA,0,NA
1877-10-10,NA,NA,NA,NA,NA,NA,NA,NA,NA,NA,NA,-4.44,13.61,48.33,NA,NA
1877-10-10 09:00:00,14.44,NA,135,4.67,NA,1000.14,NA,NA,-0.56,NA,1.11,NA,NA,NA,0.89,",bkn"
1877-10-10 15:00:00,NA,NA,NA,NA,NA,NA,NA,NA,1.67,NA,2.78,NA,NA,NA,NA,",skc"
1877-10-10 21:00:00,12.22,NA,135,6.16,NA,997.56,NA,NA,1.67,NA,2.78,NA,13.61,NA,13,NA
1877-10-11,NA,NA,NA,NA,NA,NA,NA,NA,NA,NA,NA,1.94,14.83,44.44,NA,NA
1877-10-11 09:00:00,15.56,225,135,7.18,NA,992.35,NA,NA,5,NA,7.22,NA,NA,NA,11.85,",ovc,ovc"
1877-10-11 15:00:00,NA,NA,NA,NA,NA,NA,NA,NA,7.72,NA,10.56,NA,NA,NA,NA,",skc"
1877-10-11 21:00:00,13.89,NA,135,8.57,NA,984.36,NA,NA,7.78,NA,10.56,NA,15,NA,24,NA
1877-10-12,NA,NA,NA,NA,NA,NA,NA,NA,NA,NA,NA,0.11,14.28,28.89,NA,NA
1877-10-12 09:00:00,17.78,NA,135,10.26,NA,986.32,6.35,NA,7.78,NA,8.06,NA,NA,NA,1.34,",sn"
1877-10-12 15:00:00,NA,NA,NA,NA,NA,NA,NA,NA,3,NA,3.06,NA,NA,NA,NA,",skc"
1877-10-12 21:00:00,15.56,NA,NA,7.35,NA,986.25,NA,NA,3.06,NA,3.06,NA,14.44,NA,0,NA
1877-10-13,NA,NA,NA,NA,NA,NA,NA,NA,NA,NA,NA,-2.22,14,48.06,NA,NA
1877-10-13 09:00:00,13.89,NA,225,6.5,NA,989.64,NA,NA,2.33,NA,3.33,NA,NA,NA,2.24,",skc"
1877-10-13 15:00:00,NA,NA,NA,NA,NA,NA,NA,NA,-1.11,NA,0,NA,NA,NA,NA,",skc,skc"
1877-10-13 21:00:00,16.11,NA,0,4.64,NA,995.6,NA,NA,-1.11,NA,0,NA,13.89,NA,20,NA
1877-10-14,NA,NA,NA,NA,NA,NA,NA,NA,NA,NA,NA,-1.11,4.94,27.78,NA,NA
1877-10-14 09:00:00,NA,NA,45,NA,NA,NA,NA,NA,NA,NA,NA,NA,NA,NA,5.36,NA
1877-10-14 15:00:00,NA,NA,NA,NA,NA,NA,NA,NA,NA,NA,NA,NA,NA,NA,NA,",skc,skc"
1877-10-14 21:00:00,NA,NA,0,NA,NA,NA,NA,NA,NA,NA,NA,NA,5,NA,11,NA
1877-10-15,NA,NA,NA,NA,NA,NA,NA,NA,NA,NA,NA,-3.06,8.56,46.67,NA,NA
1877-10-15 09:00:00,14.44,NA,0,6.16,NA,993.91,3.81,NA,1.83,NA,3.33,NA,NA,NA,8.49,",ovc"
1877-10-15 15:00:00,NA,NA,NA,NA,NA,NA,NA,NA,-1.11,NA,-0.56,NA,NA,NA,NA,",skc"
1877-10-15 21:00:00,14.44,NA,315,5.01,NA,996.95,NA,NA,-1.11,NA,-0.56,NA,8.61,NA,2,NA
1877-10-16,NA,NA,NA,NA,NA,NA,NA,NA,NA,NA,NA,-3.94,8.28,34.44,NA,NA
1877-10-16 09:00:00,12.78,180,270,4.71,NA,999.32,NA,NA,-0.28,NA,1.28,NA,NA,NA,2.01,",ovc"
1877-10-16 15:00:00,NA,NA,NA,NA,NA,NA,NA,NA,0,NA,0.83,NA,NA,NA,NA,",skc"
1877-10-16 21:00:00,16.67,NA,NA,5.93,NA,997.43,NA,NA,0,NA,0.83,NA,8.33,NA,0,NA
1877-10-17,NA,NA,NA,NA,NA,NA,NA,NA,NA,NA,NA,-1,14.11,46.67,NA,NA
1877-10-17 09:00:00,12.78,180,180,7.11,NA,995.26,NA,NA,3.17,NA,3.89,NA,NA,NA,0.45,",skc"
1877-10-17 15:00:00,NA,NA,NA,NA,NA,NA,NA,NA,2.72,NA,4.56,NA,NA,NA,NA,",skc,skc"
1877-10-17 21:00:00,13.33,NA,270,6.26,NA,993.91,NA,NA,2.78,NA,4.56,NA,13.89,NA,27,NA
1877-10-18,NA,NA,NA,NA,NA,NA,NA,NA,NA,NA,NA,-3.78,10.06,47.22,NA,NA
1877-10-18 09:00:00,15.56,45,0,8.26,NA,999.39,NA,NA,5.56,NA,6.67,NA,NA,NA,7.6,",ovc"
1877-10-18 15:00:00,NA,NA,NA,NA,NA,NA,NA,NA,-0.56,NA,0.17,NA,NA,NA,NA,",skc,skc"
1877-10-18 21:00:00,17.78,NA,0,4.91,NA,1006.77,NA,NA,-0.56,NA,0.17,NA,10.11,NA,27,NA
1877-10-19,NA,NA,NA,NA,NA,NA,NA,NA,NA,NA,NA,-7.5,6.11,46.39,NA,NA
1877-10-19 09:00:00,16.11,NA,90,4.64,NA,1009.14,NA,NA,-1.11,NA,0,NA,NA,NA,1.34,",skc,skc"
1877-10-19 15:00:00,NA,NA,NA,NA,NA,NA,NA,NA,2.22,NA,3.28,NA,NA,NA,NA,",skc,skc"
1877-10-19 21:00:00,16.67,NA,225,6.47,NA,1003.73,NA,NA,2.22,NA,3.33,NA,6.11,NA,34,NA
1877-10-20,NA,NA,NA,NA,NA,NA,NA,NA,NA,NA,NA,0,16.5,46.67,NA,NA
1877-10-20 09:00:00,15.56,NA,180,5.82,NA,997.49,NA,NA,1.83,NA,4.44,NA,NA,NA,7.6,",skc"
1877-10-20 15:00:00,NA,NA,NA,NA,NA,NA,NA,NA,1.11,NA,2.22,NA,NA,NA,NA,",skc,skc"
1877-10-20 21:00:00,16.67,NA,315,5.93,NA,993.23,NA,NA,1.11,NA,2.22,NA,16.67,NA,2,NA
1877-10-21,NA,NA,NA,NA,NA,NA,NA,NA,NA,NA,NA,-1.11,13.28,42.78,NA,NA
1877-10-21 09:00:00,NA,NA,315,NA,NA,NA,NA,NA,NA,NA,NA,NA,NA,NA,0.67,NA
1877-10-21 21:00:00,NA,NA,0,NA,NA,NA,NA,NA,NA,NA,NA,NA,13.33,NA,0,NA
1877-10-22,NA,NA,NA,NA,NA,NA,NA,NA,NA,NA,NA,-2.56,12.17,42.22,NA,NA
1877-10-22 09:00:00,17.78,NA,225,6.77,NA,983.75,NA,NA,2.22,NA,2.78,NA,NA,NA,1.12,",skc,skc"
1877-10-22 15:00:00,NA,NA,NA,NA,NA,NA,NA,NA,-0.56,NA,-0.56,NA,NA,NA,NA,",skc,skc"
1877-10-22 21:00:00,17.78,NA,315,5.89,NA,984.42,NA,NA,-0.56,NA,-0.56,NA,12.22,NA,16,NA
1877-10-23,NA,NA,NA,NA,NA,NA,NA,NA,NA,NA,NA,-5.28,13,43.89,NA,NA
1877-10-23 09:00:00,17.22,NA,315,5.32,NA,983.88,NA,NA,-0.56,NA,0,NA,NA,NA,1.03,",skc,skc"
1877-10-23 15:00:00,NA,NA,NA,NA,NA,NA,NA,NA,2.5,NA,3.28,NA,NA,NA,NA,",skc,skc"
1877-10-23 21:00:00,14.44,NA,135,6.81,NA,980.36,NA,NA,2.5,NA,3.33,NA,12.78,NA,0,NA
1877-10-24,NA,NA,NA,NA,NA,NA,NA,NA,NA,NA,NA,-2.78,7.44,20.56,NA,NA
1877-10-24 09:00:00,18.33,NA,315,5.15,NA,984.9,NA,NA,0,NA,1.22,NA,NA,NA,3.58,",ovc"
1877-10-24 15:00:00,NA,NA,NA,NA,NA,NA,NA,NA,5.5,NA,6.06,NA,NA,NA,NA,",ovc"
1877-10-24 21:00:00,18.89,0,90,8.64,NA,986.39,NA,NA,5.56,NA,6.11,NA,7.22,NA,24,NA
1877-10-25,NA,NA,NA,NA,NA,NA,NA,NA,NA,NA,NA,3.89,10.78,12.5,NA,NA
1877-10-25 09:00:00,17.22,180,90,7.45,NA,984.49,NA,NA,4.06,NA,5,NA,NA,NA,13.41,",ovc,ovc"
1877-10-25 15:00:00,NA,NA,NA,NA,NA,NA,NA,NA,6.61,NA,7.72,NA,NA,NA,NA,",ovc,ovc"
1877-10-25 21:00:00,18.89,180,90,8.97,NA,979.34,NA,NA,6.67,NA,7.78,NA,10.83,NA,20,NA
1877-10-26,NA,NA,NA,NA,NA,NA,0,0,NA,NA,NA,0,11.89,45.28,NA,NA
1877-10-26 09:00:00,15,NA,135,7.42,NA,977.21,NA,NA,4.44,NA,5.83,NA,NA,NA,10.73,",skc"
1877-10-26 15:00:00,NA,NA,NA,NA,NA,NA,NA,NA,2.22,NA,2.5,NA,NA,NA,NA,",skc,skc"
1877-10-26 21:00:00,16.11,NA,180,6.98,NA,979.82,NA,NA,2.22,NA,2.5,NA,17.22,NA,11,NA
1877-10-27,NA,NA,NA,NA,NA,NA,NA,NA,NA,NA,NA,0.56,10.5,46.94,NA,NA
1877-10-27 09:00:00,18.33,NA,90,5.93,NA,979.55,NA,NA,1.11,NA,2.22,NA,NA,NA,12.96,",ovc"
1877-10-27 15:00:00,NA,NA,NA,NA,NA,NA,NA,NA,3,NA,3.28,NA,NA,NA,NA,",skc"
1877-10-27 21:00:00,18.33,NA,270,7.18,NA,981.38,NA,NA,3.06,NA,3.33,NA,10.56,NA,27,NA
1877-10-28,NA,NA,NA,NA,NA,NA,NA,NA,NA,NA,NA,-5,4.44,42.78,NA,NA
1877-10-28 09:00:00,NA,NA,225,NA,NA,NA,NA,NA,NA,NA,NA,NA,NA,NA,5.81,NA
1877-10-28 21:00:00,NA,NA,270,NA,NA,NA,NA,NA,NA,NA,NA,NA,4.44,NA,27,NA
1877-10-29,NA,NA,NA,NA,NA,NA,0.635,6.35,NA,NA,NA,-3.33,5.22,8.33,NA,NA
1877-10-29 09:00:00,17.78,NA,270,4.57,NA,994.72,NA,NA,-1.11,NA,-0.39,NA,NA,NA,4.02,",ovc,ovc"
1877-10-29 15:00:00,NA,NA,NA,NA,NA,NA,NA,NA,-0.83,NA,-0.56,NA,NA,NA,NA,",skc"
1877-10-29 21:00:00,16.67,NA,135,4.54,NA,990.99,NA,NA,-0.83,NA,-0.56,NA,5,NA,17,NA
1877-10-30,NA,NA,NA,NA,NA,NA,1.27,12.7,NA,NA,NA,-2.22,3.28,26.67,NA,NA
1877-10-30 09:00:00,18.33,270,270,5.35,NA,982.93,NA,NA,0.56,NA,2.22,NA,NA,NA,11.18,",ovc"
1877-10-30 15:00:00,NA,NA,NA,NA,NA,NA,NA,NA,-2.22,NA,-2.22,NA,NA,NA,NA,",ovc,ovc"
1877-10-30 21:00:00,17.22,315,270,5.18,NA,987.47,NA,NA,-2.22,NA,-2.22,NA,3.33,NA,11,NA
1877-10-31,NA,NA,NA,NA,NA,NA,1.016,10.16,NA,NA,NA,-3.06,4.17,10,NA,NA
1877-10-31 09:00:00,16.67,NA,135,4.57,NA,986.56,NA,NA,-1.11,NA,-0.39,NA,NA,NA,5.36,",ovc"
1877-10-31 15:00:00,NA,NA,NA,NA,NA,NA,NA,NA,-0.67,NA,-0.56,NA,NA,NA,NA,",ovc"
1877-10-31 21:00:00,17.78,90,45,5.52,NA,982.39,NA,NA,-0.67,NA,-0.56,NA,4.17,NA,40,NA
1877-11-01,NA,NA,NA,NA,NA,NA,NA,NA,NA,NA,NA,-3.33,1.61,24.72,NA,NA
1877-11-01 09:00:00,16.11,0,315,5.18,NA,985.24,NA,NA,-1.28,NA,-0.56,NA,NA,NA,5.81,",ovc,ovc"
1877-11-01 15:00:00,NA,NA,NA,NA,NA,NA,NA,NA,-3.33,NA,-2.78,NA,NA,NA,NA,",ovc,ovc"
1877-11-01 21:00:00,11.11,NA,315,3.86,NA,986.35,NA,NA,-3.33,NA,-2.78,NA,1.67,NA,13,NA
1877-11-02,NA,NA,NA,NA,NA,NA,NA,NA,NA,NA,NA,-6.67,-1.28,31.67,NA,NA
1877-11-02 09:00:00,17.22,315,270,3.62,NA,986.62,NA,NA,-3.89,NA,-3.33,NA,NA,NA,7.15,",sn"
1877-11-02 15:00:00,NA,NA,NA,NA,NA,NA,NA,NA,-6.11,NA,-6.11,NA,NA,NA,NA,",ovc"
1877-11-02 21:00:00,11.11,0,270,3.83,NA,988.15,NA,NA,-6.11,NA,-6.11,NA,-1.22,NA,20,NA
1877-11-03,NA,NA,NA,NA,NA,NA,NA,NA,NA,NA,NA,-13.28,-5.72,2.5,NA,NA
1877-11-03 09:00:00,12.78,0,270,2.51,NA,994.04,NA,NA,-8.17,NA,-7.61,NA,NA,NA,4.25,",sn"
1877-11-03 15:00:00,NA,NA,NA,NA,NA,NA,NA,NA,-12.78,NA,-12.78,NA,NA,NA,NA,",skc"
1877-11-03 21:00:00,10,NA,315,2.2,NA,995.73,NA,NA,-12.78,NA,-12.78,NA,-5.56,NA,16,NA
1877-11-04,NA,NA,NA,NA,NA,NA,NA,NA,NA,NA,NA,-13.83,-5.72,36.11,NA,NA
1877-11-04 09:00:00,NA,NA,270,NA,NA,NA,NA,NA,-11.11,NA,-10.94,NA,NA,NA,5.36,NA
1877-11-04 21:00:00,NA,NA,270,NA,NA,NA,NA,NA,NA,NA,NA,NA,-5.56,NA,34,NA
1877-11-05,NA,NA,NA,NA,NA,NA,NA,NA,NA,NA,NA,-12.72,-2.89,32.22,NA,NA
1877-11-05 09:00:00,14.44,NA,180,2.47,NA,1005.01,NA,NA,-11,NA,-10.94,NA,NA,NA,6.71,",skc,skc"
1877-11-05 15:00:00,NA,NA,NA,NA,NA,NA,NA,NA,-7.78,NA,-6.67,NA,NA,NA,NA,",skc,skc"
1877-11-05 21:00:00,11.67,NA,135,1.73,NA,995.94,NA,NA,-7.78,NA,-6.67,NA,-2.78,NA,16,NA
1877-11-06,NA,NA,NA,NA,NA,NA,NA,NA,NA,NA,NA,-10.61,5.06,33.89,NA,NA
1877-11-06 09:00:00,NA,NA,135,NA,NA,NA,NA,NA,NA,NA,NA,NA,NA,NA,8.94,",skc,skc"
1877-11-06 15:00:00,NA,NA,NA,NA,NA,NA,NA,NA,1.11,NA,4.44,NA,NA,NA,NA,",skc,skc"
1877-11-06 21:00:00,15,NA,135,4.81,NA,978.12,NA,NA,1.11,NA,4.44,NA,5.28,NA,40,NA
1877-11-07,NA,NA,NA,NA,NA,NA,NA,NA,NA,NA,NA,-4.72,4.94,36.67,NA,",fu,"
1877-11-07 09:00:00,12.22,315,180,5.32,NA,978.67,NA,NA,-0.56,NA,0,NA,NA,NA,4.02,",ovc"
1877-11-07 15:00:00,NA,NA,NA,NA,NA,NA,NA,NA,-2.22,NA,-2.22,NA,NA,NA,NA,",ovc"
1877-11-07 21:00:00,15.56,0,315,4.77,NA,976.43,NA,NA,-2.22,NA,-1.94,NA,5,NA,25,NA
1877-11-08,NA,NA,NA,NA,NA,NA,NA,NA,NA,NA,NA,-15.56,-4.56,30.83,NA,",fu,"
1877-11-08 09:00:00,12.78,0,315,2.47,NA,971.89,NA,NA,-9.67,NA,-9.39,NA,NA,NA,11.18,",ovc,ovc"
1877-11-08 15:00:00,NA,NA,NA,NA,NA,NA,NA,NA,-13.61,NA,-13.61,NA,NA,NA,NA,",skc,skc"
1877-11-08 21:00:00,16.11,NA,NA,2.03,NA,973.32,NA,NA,-13.61,NA,-13.61,NA,-4.44,NA,0,NA
1877-11-09,NA,NA,NA,NA,NA,NA,NA,NA,NA,NA,NA,-16.11,0.5,18.33,NA,NA
1877-11-09 09:00:00,13.89,NA,135,1.86,NA,983.95,NA,NA,-10.56,NA,-10,NA,NA,NA,12.74,",bkn"
1877-11-09 15:00:00,NA,NA,NA,NA,NA,NA,NA,NA,-2.5,NA,-1.94,NA,NA,NA,NA,",skc"
1877-11-09 21:00:00,14.44,NA,180,4.64,NA,983.14,NA,NA,-2.5,NA,-1.94,NA,0.56,NA,41,NA
1877-11-10,NA,NA,NA,NA,NA,NA,NA,NA,NA,NA,NA,-3.06,10.39,43.89,NA,NA
1877-11-10 09:00:00,18.89,NA,270,5.55,NA,991.2,NA,NA,0.83,NA,1.67,NA,NA,NA,5.81,",skc,skc"
1877-11-10 15:00:00,NA,NA,NA,NA,NA,NA,NA,NA,-1.67,NA,-0.56,NA,NA,NA,NA,",skc"
1877-11-10 21:00:00,15.56,NA,180,4.3,NA,990.52,NA,NA,-1.67,NA,-0.56,NA,10.56,NA,11,NA
1877-11-11,NA,NA,NA,NA,NA,NA,NA,NA,NA,NA,NA,-5,7.72,35.56,NA,NA
1877-11-11 09:00:00,NA,NA,135,NA,NA,NA,NA,NA,NA,NA,NA,NA,NA,NA,4.47,NA
1877-11-11 21:00:00,NA,NA,135,NA,NA,NA,NA,NA,NA,NA,NA,NA,7.78,NA,13,NA
1877-11-12,NA,NA,NA,NA,NA,NA,NA,NA,NA,NA,NA,-3.33,8.17,34.72,NA,NA
1877-11-12 09:00:00,13.33,225,135,5.32,NA,983.88,NA,NA,-0.56,NA,0,NA,NA,NA,4.47,",ovc"
1877-11-12 21:00:00,NA,NA,135,NA,NA,NA,NA,NA,NA,NA,NA,NA,8.22,NA,45,NA
1877-11-13,NA,NA,NA,NA,NA,NA,NA,NA,NA,NA,NA,-2.5,6.67,35.56,NA,NA
1877-11-13 09:00:00,13.89,NA,225,5.32,NA,981.04,NA,NA,-0.28,NA,0.56,NA,NA,NA,2.68,",ovc"
1877-11-13 15:00:00,NA,NA,NA,NA,NA,NA,NA,NA,0,NA,0,NA,NA,NA,NA,",skc,skc"
1877-11-13 21:00:00,15,NA,270,6.16,NA,986.18,NA,NA,0,NA,0,NA,6.67,NA,45,NA
1877-11-14,NA,NA,NA,NA,NA,NA,NA,NA,NA,NA,NA,-6.56,6.5,36.67,NA,NA
1877-11-14 09:00:00,18.33,NA,270,4.3,NA,990.04,NA,NA,-3.89,NA,-3.72,NA,NA,NA,0.13,",skc,skc"
1877-11-14 15:00:00,NA,NA,NA,NA,NA,NA,NA,NA,3.33,NA,3.83,NA,NA,NA,NA,",skc"
1877-11-14 21:00:00,14.44,NA,180,7.42,NA,984.42,NA,NA,3.33,NA,3.89,NA,6.56,NA,15,NA
1877-11-15,NA,NA,NA,NA,NA,NA,NA,NA,NA,NA,NA,-5.28,4.94,31.11,NA,NA
1877-11-15 09:00:00,16.11,180,270,4.77,NA,986.05,NA,NA,-2.22,NA,-2.22,NA,NA,NA,2.24,",ovc"
1877-11-15 15:00:00,NA,NA,NA,NA,NA,NA,NA,NA,-2.78,NA,-2.78,NA,NA,NA,NA,",skc,skc"
1877-11-15 21:00:00,13.89,180,180,4.98,NA,985.85,NA,NA,-2.78,NA,-2.78,NA,5,NA,11,NA
1877-11-16,NA,NA,NA,NA,NA,NA,NA,NA,NA,NA,NA,-8.33,-1.17,21.67,NA,NA
1877-11-16 09:00:00,15.56,NA,315,4.17,NA,989.71,NA,NA,-3.17,NA,-2.78,NA,NA,NA,8.05,",skc,skc"
1877-11-16 15:00:00,NA,NA,NA,NA,NA,NA,NA,NA,-6.78,NA,-6.67,NA,NA,NA,NA,",ovc"
1877-11-16 21:00:00,7.78,NA,315,3.39,NA,995.94,NA,NA,-6.78,NA,-6.67,NA,-1.11,NA,20,NA
1877-11-17,NA,NA,NA,NA,NA,NA,NA,NA,NA,NA,NA,-13.33,-3.44,38.06,NA,NA
1877-11-17 09:00:00,13.89,90,45,2,NA,1003.52,NA,NA,-10.44,NA,-10,NA,NA,NA,4.02,",bkn"
1877-11-17 15:00:00,NA,NA,NA,NA,NA,NA,NA,NA,-12.22,NA,-12.22,NA,NA,NA,NA,",bkn"
1877-11-17 21:00:00,13.89,90,0,2.3,NA,1005.76,NA,NA,-12.22,NA,-12.22,NA,-3.33,NA,11,NA
1877-11-18,NA,NA,NA,NA,NA,NA,NA,NA,NA,NA,NA,-13.89,-2.28,8.33,NA,NA
1877-11-18 09:00:00,NA,NA,180,NA,NA,NA,NA,NA,NA,NA,NA,NA,NA,NA,7.38,NA
1877-11-18 21:00:00,NA,NA,180,NA,NA,NA,NA,NA,NA,NA,NA,NA,-2.22,NA,24,NA
1877-11-19,NA,NA,NA,NA,NA,NA,1.27,12.7,NA,NA,NA,-1.94,2.17,7.22,NA,NA
1877-11-19 09:00:00,13.89,180,180,5.62,NA,990.08,NA,NA,-0.56,NA,-0.28,NA,NA,NA,15.65,",ovc,ovc"
1877-11-19 15:00:00,NA,NA,NA,NA,NA,NA,NA,NA,0.28,NA,1.94,NA,NA,NA,NA,",ovc,ovc"
1877-11-19 21:00:00,14.44,180,180,5.18,NA,951.58,NA,NA,0.28,NA,1.94,NA,2.22,NA,38,NA
1877-11-20,NA,NA,NA,NA,NA,NA,NA,NA,NA,NA,NA,1.67,7.06,9.17,NA,NA
1877-11-20 09:00:00,13.89,135,180,7.08,NA,983.75,NA,NA,2.78,NA,3.33,NA,NA,NA,16.09,",ovc,ovc"
1877-11-20 15:00:00,NA,NA,NA,NA,NA,NA,NA,NA,4.39,NA,5.5,NA,NA,NA,NA,",ovc,ovc"
1877-11-20 21:00:00,16.67,180,135,7.45,NA,984.42,NA,NA,4.44,NA,5.56,NA,7.06,NA,12,NA
1877-11-21,NA,NA,NA,NA,NA,NA,2.54,25.4,NA,NA,NA,-8.89,1.28,11.11,NA,NA
1877-11-21 09:00:00,17.78,0,315,5.22,NA,982.87,NA,NA,-1.67,NA,-1.5,NA,NA,NA,11.62,",ovc"
1877-11-21 15:00:00,NA,NA,NA,NA,NA,NA,NA,NA,-6.67,NA,-6.67,NA,NA,NA,NA,",skc"
1877-11-21 21:00:00,10.56,0,225,3.66,NA,985.44,NA,NA,-6.67,NA,-6.67,NA,1.28,NA,27,NA
1877-11-22,NA,NA,NA,NA,NA,NA,NA,NA,NA,NA,NA,-13,2.17,39.72,NA,NA
1877-11-22 09:00:00,13.33,NA,180,2.61,NA,988.69,NA,NA,-10.17,NA,-10,NA,NA,NA,4.47,",skc,skc"
1877-11-22 15:00:00,NA,NA,NA,NA,NA,NA,NA,NA,-1.67,NA,-1.11,NA,NA,NA,NA,",skc,skc"
1877-11-22 21:00:00,17.22,NA,180,4.98,NA,981.04,NA,NA,-1.67,NA,-1.11,NA,2.22,NA,28,NA
1877-11-23,NA,NA,NA,NA,NA,NA,NA,NA,NA,NA,NA,0,7.72,35.83,NA,NA
1877-11-23 09:00:00,13.89,NA,180,5.59,NA,974.94,NA,NA,1.11,NA,2.5,NA,NA,NA,13.86,",skc"
1877-11-23 15:00:00,NA,NA,NA,NA,NA,NA,NA,NA,2.22,NA,3.28,NA,NA,NA,NA,",sn"
1877-11-23 21:00:00,17.22,NA,225,6.33,NA,977.31,NA,NA,2.22,NA,3.33,NA,7.78,NA,27,NA
1877-11-24,NA,NA,NA,NA,NA,NA,NA,NA,NA,NA,NA,-5.56,3.28,32.22,NA,NA
1877-11-24 09:00:00,20,NA,0,6.74,NA,984.59,9.14,NA,1.56,NA,1.67,NA,NA,NA,3.13,",ovc"
1877-11-24 15:00:00,NA,NA,NA,NA,NA,NA,NA,NA,-2.78,NA,-2.78,NA,NA,NA,NA,",skc"
1877-11-24 21:00:00,12.78,NA,NA,4.98,NA,988.49,NA,NA,-2.78,NA,-2.78,NA,3.33,NA,0,NA
1877-11-25,NA,NA,NA,NA,NA,NA,NA,NA,NA,NA,NA,-6.67,-2,3.06,NA,NA
1877-11-25 09:00:00,NA,NA,135,NA,NA,NA,NA,NA,NA,NA,NA,NA,NA,NA,3.58,NA
1877-11-25 21:00:00,NA,NA,90,NA,NA,NA,NA,NA,NA,NA,NA,NA,-1.94,NA,11,NA
1877-11-26,NA,NA,NA,NA,NA,NA,NA,NA,NA,NA,NA,-6.67,-2.94,2.5,NA,NA
1877-11-26 09:00:00,16.11,0,0,4.47,NA,990.11,NA,NA,-3.72,NA,-3.5,NA,NA,NA,5.14,",ovc,ovc"
1877-11-26 15:00:00,NA,NA,NA,NA,NA,NA,NA,NA,-6.22,NA,-6.11,NA,NA,NA,NA,",ovc"
1877-11-26 21:00:00,13.89,0,0,3.73,NA,991.2,NA,NA,-6.22,NA,-6.11,NA,-2.94,NA,25,NA
1877-11-27,NA,NA,NA,NA,NA,NA,NA,NA,NA,NA,NA,-15.83,-5.39,8.61,NA,NA
1877-11-27 09:00:00,15.56,0,0,3.49,NA,994.51,NA,NA,-6.44,NA,-6.11,NA,NA,NA,15.65,",ovc,ovc"
1877-11-27 15:00:00,NA,NA,NA,NA,NA,NA,NA,NA,-14.17,NA,-14.17,NA,NA,NA,NA,",skc"
1877-11-27 21:00:00,7.78,NA,315,2,NA,997.29,NA,NA,-14.17,NA,-14.17,NA,-5.39,NA,32,NA
1877-11-28,NA,NA,NA,NA,NA,NA,1.27,12.7,NA,NA,NA,-16.94,-12.39,4.44,NA,NA
1877-11-28 09:00:00,10,0,315,1.35,NA,997.63,NA,NA,-17.89,NA,-17.78,NA,NA,NA,13.41,",ovc"
1877-11-28 15:00:00,NA,NA,NA,NA,NA,NA,NA,NA,-15.56,NA,-15.56,NA,NA,NA,NA,",sn"
1877-11-28 21:00:00,-0.56,0,315,1.76,NA,997.22,NA,NA,-15.56,NA,-15.56,NA,-12.39,NA,23,NA
1877-11-29,NA,NA,NA,NA,NA,NA,NA,NA,NA,NA,NA,-15.28,-10.44,5.56,NA,NA
1877-11-29 09:00:00,12.78,0,315,2.2,NA,1001.46,NA,NA,-12.11,NA,-11.94,NA,NA,NA,11.18,",ovc"
1877-11-29 15:00:00,NA,NA,NA,NA,NA,NA,NA,NA,-14.44,NA,-14.44,NA,NA,NA,NA,",ovc"
1877-11-29 21:00:00,12.78,0,315,1.93,NA,1001.56,NA,NA,-14.44,NA,-14.44,NA,-10.28,NA,26,NA
1877-11-30,NA,NA,NA,NA,NA,NA,NA,NA,NA,NA,NA,-16.56,-12.06,-3.33,NA,NA
1877-11-30 09:00:00,10.56,NA,315,1.93,NA,1000.95,NA,NA,-13.72,NA,-13.61,NA,NA,NA,1.34,",sn"
1877-11-30 15:00:00,NA,NA,NA,NA,NA,NA,NA,NA,-16.11,NA,-16.11,NA,NA,NA,NA,",skc"
1877-11-30 21:00:00,12.22,NA,180,1.69,NA,998.04,NA,NA,-16.11,NA,-16.11,NA,-12.06,NA,11,NA
1877-12-01,NA,NA,NA,NA,NA,NA,0,0,NA,NA,NA,-16.94,-7.11,26.67,NA,NA
1877-12-01 09:00:00,15,NA,135,1.93,NA,989.71,0,NA,-14.44,NA,-14.44,NA,NA,NA,9.61,",skc,skc"
1877-12-01 15:00:00,NA,NA,NA,NA,NA,NA,NA,NA,-8.06,NA,-7.78,NA,NA,NA,NA,",skc"
1877-12-01 21:00:00,10.56,NA,180,3.05,NA,979.34,NA,NA,-8.06,NA,-7.78,NA,-7.11,NA,34,NA
1877-12-02,NA,NA,NA,NA,NA,NA,0,0,NA,NA,NA,-9.39,0.78,31.94,NA,NA
1877-12-02 09:00:00,NA,NA,270,NA,NA,NA,0,NA,NA,NA,NA,NA,NA,NA,5.81,NA
1877-12-02 15:00:00,NA,NA,NA,NA,NA,NA,NA,NA,NA,NA,NA,NA,NA,NA,NA,NA
1877-12-02 21:00:00,NA,NA,180,NA,NA,NA,NA,NA,NA,NA,NA,NA,0.78,NA,11,NA
1877-12-03,NA,NA,NA,NA,NA,NA,0,0,NA,NA,NA,-10.5,0.78,31.67,NA,",au,"
1877-12-03 09:00:00,16.67,NA,180,2.64,NA,983,0,NA,-9.72,NA,-9.44,NA,NA,NA,3.35,",skc,skc"
1877-12-03 15:00:00,NA,NA,NA,NA,NA,NA,NA,NA,-7.94,NA,-7.78,NA,NA,NA,NA,",skc,skc"
1877-12-03 21:00:00,13.89,NA,135,3.15,NA,983.34,NA,NA,-7.94,NA,-7.78,NA,0.83,NA,11,NA
1877-12-04,NA,NA,NA,NA,NA,NA,0,0,NA,NA,NA,-10.5,-3.72,7.22,NA,",au,"
1877-12-04 09:00:00,17.22,NA,45,3.01,NA,984.97,0,NA,-8.5,NA,-8.33,NA,NA,NA,2.24,",ovc"
1877-12-04 15:00:00,NA,NA,NA,NA,NA,NA,NA,NA,-6.17,NA,-6.11,NA,NA,NA,NA,",ovc"
1877-12-04 21:00:00,11.67,NA,0,3.79,NA,985.91,NA,NA,-6.17,NA,-6.11,NA,-3.61,NA,20,NA
1877-12-05,NA,NA,NA,NA,NA,NA,0,0,NA,NA,NA,-18.33,-1.17,22.22,NA,",sn,"
1877-12-05 09:00:00,16.11,0,315,2.81,NA,994.58,0,NA,-10,NA,-9.83,NA,NA,NA,12.52,",ovc"
1877-12-05 15:00:00,NA,NA,NA,NA,NA,NA,NA,NA,-16.67,NA,-16.67,NA,NA,NA,NA,",bkn"
1877-12-05 21:00:00,12.78,0,0,1.59,NA,996.95,NA,NA,-16.67,NA,-16.67,NA,-6.56,NA,27,NA
1877-12-06,NA,NA,NA,NA,NA,NA,0,0,NA,NA,NA,-17.78,-5.56,25.56,NA,",sn,"
1877-12-06 09:00:00,11.67,NA,180,1.93,NA,990.04,0,NA,-14.44,NA,-14.44,NA,NA,NA,4.69,",ovc"
1877-12-06 15:00:00,NA,NA,NA,NA,NA,NA,NA,NA,-10.83,NA,-10.78,NA,NA,NA,NA,",skc"
1877-12-06 21:00:00,13.89,NA,225,2.57,NA,980.02,NA,NA,-10.83,NA,-10.83,NA,-5.56,NA,34,NA
1877-12-07,NA,NA,NA,NA,NA,NA,0.508,5.08,NA,NA,NA,-9.39,-2.89,1.67,NA,",sn,"
1877-12-07 09:00:00,15.56,NA,315,3.76,NA,986.46,0,NA,-5.28,NA,-4.72,NA,NA,NA,8.94,",sn"
1877-12-07 15:00:00,NA,NA,NA,NA,NA,NA,NA,NA,-8.61,NA,-8.39,NA,NA,NA,NA,",ovc"
1877-12-07 21:00:00,16.11,NA,315,2.95,NA,994.24,NA,NA,-8.61,NA,-8.39,NA,-2.78,NA,12,NA
1877-12-08,NA,NA,NA,NA,NA,NA,0,0,NA,NA,NA,-9.17,-7.39,29.44,NA,",halo,"
1877-12-08 09:00:00,17.22,NA,225,1.73,NA,1000.2,0,NA,-14.44,NA,-14.17,NA,NA,NA,2.68,",skc"
1877-12-08 15:00:00,NA,NA,NA,NA,NA,NA,NA,NA,-11.11,NA,-11.11,NA,NA,NA,NA,",ovc"
1877-12-08 21:00:00,11.11,315,180,2.54,NA,991.2,NA,NA,-11.11,NA,-11.11,NA,-7.22,NA,22,NA
1877-12-09,NA,NA,NA,NA,NA,NA,0,0,NA,NA,NA,-11.89,2.44,32.22,NA,",sn,"
1877-12-09 09:00:00,NA,NA,180,NA,NA,NA,0,NA,NA,NA,NA,NA,NA,NA,11.18,NA
1877-12-09 15:00:00,NA,NA,NA,NA,NA,NA,NA,NA,NA,NA,NA,NA,NA,NA,NA,NA
1877-12-09 21:00:00,NA,NA,270,NA,NA,NA,NA,NA,NA,NA,NA,NA,2.5,NA,34,NA
1877-12-10,NA,NA,NA,NA,NA,NA,0,0,NA,NA,NA,-5.56,1.61,3.33,NA,",ra,"
1877-12-10 09:00:00,17.22,NA,180,5.05,NA,979.07,0,NA,-1.67,NA,-1.11,NA,NA,NA,7.15,",ovc"
1877-12-10 15:00:00,NA,NA,NA,NA,NA,NA,NA,NA,-1.94,NA,-1.67,NA,NA,NA,NA,",skc"
1877-12-10 21:00:00,17.22,NA,270,5.18,NA,984.25,NA,NA,-1.94,NA,-1.67,NA,1.67,NA,20,NA
1877-12-11,NA,NA,NA,NA,NA,NA,0,0,NA,NA,NA,-3.89,3.17,28.33,NA,NA
1877-12-11 09:00:00,19.44,NA,225,4.88,NA,989.64,0,NA,-2.17,NA,-1.67,NA,NA,NA,3.13,",skc"
1877-12-11 15:00:00,NA,NA,NA,NA,NA,NA,NA,NA,-2.89,NA,-2.78,NA,NA,NA,NA,",skc"
1877-12-11 21:00:00,16.67,NA,135,4.84,NA,987.81,NA,NA,-2.89,NA,-2.78,NA,3.33,NA,40,NA
1877-12-12,NA,NA,NA,NA,NA,NA,0,0,NA,NA,NA,-3.89,4.94,37.22,NA,NA
1877-12-12 09:00:00,16.11,NA,270,5.11,NA,982.05,0,NA,-0.56,NA,0.56,NA,NA,NA,6.71,",skc"
1877-12-12 15:00:00,NA,NA,NA,NA,NA,NA,NA,NA,-1.11,NA,-1.11,NA,NA,NA,NA,",skc,skc"
1877-12-12 21:00:00,17.22,NA,315,5.66,NA,995.6,NA,NA,-1.11,NA,-1.11,NA,5,NA,12,NA
1877-12-13,NA,NA,NA,NA,NA,NA,0,0,NA,NA,NA,-9.11,1.89,32.22,NA,NA
1877-12-13 09:00:00,15.56,NA,225,2.88,NA,1002.2,0,NA,-8.67,NA,-8.33,NA,NA,NA,0.18,",skc,skc"
1877-12-13 15:00:00,NA,NA,NA,NA,NA,NA,NA,NA,-0.56,NA,0,NA,NA,NA,NA,",skc"
1877-12-13 21:00:00,16.67,NA,180,5.49,NA,986.86,NA,NA,-0.56,NA,0,NA,1.89,NA,35,NA
1877-12-14,NA,NA,NA,NA,NA,NA,0,0,NA,NA,NA,-3.06,6.06,35,NA,",halo,"
1877-12-14 09:00:00,16.67,270,180,5.11,NA,976.84,0,NA,-0.56,NA,0.56,NA,NA,NA,6.71,",ovc"
1877-12-14 15:00:00,NA,NA,NA,NA,NA,NA,NA,NA,-0.56,NA,0,NA,NA,NA,NA,",bkn,bkn"
1877-12-14 21:00:00,16.67,NA,225,5.49,NA,976.63,NA,NA,-0.56,NA,0,NA,6.06,NA,20,NA
1877-12-15,NA,NA,NA,NA,NA,NA,0,0,NA,NA,NA,-3.06,5.22,33.33,NA,NA
1877-12-15 09:00:00,16.11,270,270,5.08,NA,979.34,0,NA,1.67,NA,3.89,NA,NA,NA,3.13,",bkn"
1877-12-15 15:00:00,NA,NA,NA,NA,NA,NA,NA,NA,-1.11,NA,-1.11,NA,NA,NA,NA,",skc"
1877-12-15 21:00:00,11.11,NA,135,5.66,NA,984.08,NA,NA,-1.11,NA,-1.11,NA,5.28,NA,27,NA
1877-12-16,NA,NA,NA,NA,NA,NA,0,0,NA,NA,NA,-6.11,5.5,36.67,NA,NA
1877-12-16 09:00:00,NA,NA,180,NA,NA,NA,0,NA,NA,NA,NA,NA,NA,NA,2.24,NA
1877-12-16 15:00:00,NA,NA,NA,NA,NA,NA,NA,NA,NA,NA,NA,NA,NA,NA,NA,NA
1877-12-16 21:00:00,NA,NA,0,NA,NA,NA,NA,NA,NA,NA,NA,NA,5.56,NA,40,NA
1877-12-17,NA,NA,NA,NA,NA,NA,0,0,NA,NA,NA,-11.06,-0.06,34.17,NA,NA
1877-12-17 09:00:00,13.33,NA,135,2.88,NA,998.14,0,NA,-9.5,NA,-9.44,NA,NA,NA,1.79,",skc,skc"
1877-12-17 15:00:00,NA,NA,NA,NA,NA,NA,NA,NA,-3.89,NA,-2.78,NA,NA,NA,NA,",bkn"
1877-12-17 21:00:00,13.89,NA,135,3.79,NA,989.77,NA,NA,-3.89,NA,-2.78,NA,-0.06,NA,40,NA
1877-12-18,NA,NA,NA,NA,NA,NA,0,0,NA,NA,NA,-0.56,2.72,5.56,NA,",ra,"
1877-12-18 09:00:00,13.89,NA,180,6.4,NA,985.17,2.54,NA,0.94,NA,1.11,NA,NA,NA,8.94,",sn,sn"
1877-12-18 15:00:00,NA,NA,NA,NA,NA,NA,NA,NA,0,NA,0,NA,NA,NA,NA,",sn"
1877-12-18 21:00:00,15.56,0,180,6.13,NA,985.44,NA,NA,0,NA,0,NA,2.72,NA,16,NA
1877-12-19,NA,NA,NA,NA,NA,NA,0,0,NA,NA,NA,-4.17,0.22,2.78,NA,",ra,"
1877-12-19 09:00:00,15,NA,315,5.08,NA,989.1,1.27,NA,-2.33,NA,-2.22,NA,NA,NA,3.13,",gr"
1877-12-19 15:00:00,NA,NA,NA,NA,NA,NA,NA,NA,-3.33,NA,-3.28,NA,NA,NA,NA,",ovc,ovc"
1877-12-19 21:00:00,15.56,NA,225,4.74,NA,992.21,NA,NA,-3.33,NA,-3.28,NA,0.22,NA,11,NA
1877-12-20,NA,NA,NA,NA,NA,NA,0,0,NA,NA,NA,-6.67,-1.17,11.67,NA,",rn +sn +ip,"
1877-12-20 09:00:00,19.44,270,180,3.96,NA,995.33,0,NA,-5.56,NA,-5.5,NA,NA,NA,4.92,",gr"
1877-12-20 15:00:00,NA,NA,NA,NA,NA,NA,NA,NA,-1.94,NA,-1.67,NA,NA,NA,NA,",ovc,ovc"
1877-12-20 21:00:00,18.89,270,180,4.23,NA,994.04,NA,NA,-1.94,NA,-1.67,NA,-1.17,NA,18,NA
1877-12-21,NA,NA,NA,NA,NA,NA,0,0,NA,NA,NA,-2,2.72,5.5,NA,",ra,"
1877-12-21 09:00:00,16.67,NA,135,5.69,NA,991.94,0,NA,0,NA,0.56,NA,NA,NA,6.26,",gr"
1877-12-21 15:00:00,NA,NA,NA,NA,NA,NA,NA,NA,1.67,NA,1.94,NA,NA,NA,NA,",sn"
1877-12-21 21:00:00,16.67,NA,135,6.67,NA,989.44,NA,NA,1.67,NA,1.94,NA,2.72,NA,27,NA
1877-12-22,NA,NA,NA,NA,NA,NA,0,0,NA,NA,NA,2.22,6.78,7.78,NA,",ra,"
1877-12-22 09:00:00,13.89,90,135,8.06,NA,990.52,15.24,NA,4.22,NA,4.44,NA,NA,NA,6.71,",sn"
1877-12-22 15:00:00,NA,NA,NA,NA,NA,NA,NA,NA,5.33,NA,5.56,NA,NA,NA,NA,",sn"
1877-12-22 21:00:00,16.67,90,135,8.74,NA,986.46,NA,NA,5.33,NA,5.56,NA,6.78,NA,14,NA
1877-12-23,NA,NA,NA,NA,NA,NA,0,0,NA,NA,NA,1.67,8.56,10,NA,",ra,"
1877-12-23 09:00:00,NA,NA,90,NA,NA,NA,3.81,NA,NA,NA,NA,NA,NA,NA,8.94,NA
1877-12-23 15:00:00,NA,NA,NA,NA,NA,NA,NA,NA,NA,NA,NA,NA,NA,NA,NA,NA
1877-12-23 21:00:00,NA,NA,180,NA,NA,NA,NA,NA,NA,NA,NA,NA,8.56,NA,22,NA
1877-12-24,NA,NA,NA,NA,NA,NA,0,0,NA,NA,NA,-0.56,2.89,5,NA,",fg,"
1877-12-24 09:00:00,16.11,NA,180,6.03,NA,990.96,0,NA,-0.11,NA,0,NA,NA,NA,7.6,",ovc,ovc"
1877-12-24 15:00:00,NA,NA,NA,NA,NA,NA,NA,NA,0,NA,0.56,NA,NA,NA,NA,",ovc,ovc"
1877-12-24 21:00:00,17.78,NA,270,5.69,NA,995.6,NA,NA,0,NA,0.56,NA,2.89,NA,11,NA
1877-12-25,NA,NA,NA,NA,NA,NA,0,0,NA,NA,NA,0.56,3.28,7.78,NA,",ra,"
1877-12-25 09:00:00,NA,NA,270,NA,NA,NA,0,NA,NA,NA,NA,NA,NA,NA,1.34,NA
1877-12-25 15:00:00,NA,NA,NA,NA,NA,NA,NA,NA,NA,NA,NA,NA,NA,NA,NA,NA
1877-12-25 21:00:00,NA,NA,270,NA,NA,NA,NA,NA,NA,NA,NA,NA,3.28,NA,0,NA
1877-12-26,NA,NA,NA,NA,NA,NA,0,0,NA,NA,NA,-2.61,1.83,6.67,NA,",sn,"
1877-12-26 09:00:00,14.44,NA,0,6.1,NA,999.8,0,NA,0,NA,0.06,NA,NA,NA,3.13,",ovc,ovc"
1877-12-26 15:00:00,NA,NA,NA,NA,NA,NA,NA,NA,-2.11,NA,-1.94,NA,NA,NA,NA,",sn"
1877-12-26 21:00:00,17.78,NA,0,5.08,NA,1000.88,NA,NA,-2.11,NA,-1.94,NA,1.83,NA,11,NA
1877-12-27,NA,NA,NA,NA,NA,NA,0,0,NA,NA,NA,-5.11,-2.67,22.22,NA,",sn,"
1877-12-27 09:00:00,11.67,NA,0,4.17,NA,999.59,0,NA,-4.83,NA,-4.72,NA,NA,NA,4.47,",ovc"
1877-12-27 15:00:00,NA,NA,NA,NA,NA,NA,NA,NA,-3.33,NA,-3.06,NA,NA,NA,NA,",ovc"
1877-12-27 21:00:00,14.44,NA,0,4.57,NA,1000.88,NA,NA,-3.33,NA,-3.06,NA,-2.67,NA,27,NA
1877-12-28,NA,NA,NA,NA,NA,NA,0,0,NA,NA,NA,-7.5,-3.39,9.17,NA,NA
1877-12-28 09:00:00,11.67,45,0,3.25,NA,1001.86,0,NA,-5.5,NA,-5.39,NA,NA,NA,6.71,",ovc"
1877-12-28 15:00:00,NA,NA,NA,NA,NA,NA,NA,NA,-4.72,NA,-4.67,NA,NA,NA,NA,",ovc,ovc"
1877-12-28 21:00:00,17.22,NA,0,4.23,NA,1004.61,NA,NA,-4.72,NA,-4.67,NA,-3.39,NA,17,NA
1877-12-29,NA,NA,NA,NA,NA,NA,0,0,NA,NA,NA,-9.67,-4.56,3.33,NA,",sn,"
1877-12-29 09:00:00,17.78,NA,0,3.25,NA,1005.08,0,NA,-7.5,NA,-7.22,NA,NA,NA,3.58,",ovc,ovc"
1877-12-29 15:00:00,NA,NA,NA,NA,NA,NA,NA,NA,-8.39,NA,-8.33,NA,NA,NA,NA,",bkn"
1877-12-29 21:00:00,10.56,NA,225,3.15,NA,1001.02,NA,NA,-8.39,NA,-8.33,NA,-4.56,NA,45,NA
1877-12-30,NA,NA,NA,NA,NA,NA,0,0,NA,NA,NA,-11.06,-4,25.56,NA,NA
1877-12-30 09:00:00,NA,NA,270,NA,NA,NA,0,NA,NA,NA,NA,NA,NA,NA,4.02,NA
1877-12-30 15:00:00,NA,NA,NA,NA,NA,NA,NA,NA,NA,NA,NA,NA,NA,NA,NA,NA
1877-12-30 21:00:00,NA,NA,270,NA,NA,NA,NA,NA,NA,NA,NA,NA,-4,NA,2,NA
1877-12-31,NA,NA,NA,NA,NA,NA,0,0,NA,NA,NA,-3.61,-2.89,29.44,NA,NA
1877-12-31 09:00:00,20.56,NA,225,2.47,NA,991.2,0,NA,-10.72,NA,-10.56,NA,NA,NA,2.01,",skc,skc"
1877-12-31 15:00:00,NA,NA,NA,NA,NA,NA,NA,NA,-5.33,NA,-5.28,NA,NA,NA,NA,",skc,skc"
1877-12-31 21:00:00,15,NA,315,4.03,NA,992.21,NA,NA,-5.33,NA,-5.28,NA,-2.89,NA,25,NA
1878-01-01,NA,NA,NA,NA,NA,NA,0,0,NA,NA,NA,-15,-2.89,25.56,NA,",au,"
1878-01-01 09:00:00,5,0,315,1.79,NA,1002.71,0,NA,-14.44,NA,-14.28,NA,NA,NA,10.28,",skc"
1878-01-01 15:00:00,NA,NA,NA,NA,NA,NA,NA,NA,-19.44,NA,-19.39,NA,NA,NA,NA,",skc,skc"
1878-01-01 21:00:00,5.56,NA,0,1.25,NA,1003.79,NA,NA,-19.44,NA,-19.44,NA,-2.89,NA,20,NA
1878-01-02,NA,NA,NA,NA,NA,NA,3.175,31.75,NA,NA,NA,-18.17,-7.28,3.89,NA,",sn,"
1878-01-02 09:00:00,5.56,0,180,1.32,NA,995.19,0,NA,-18.39,NA,-18.33,NA,NA,NA,8.49,",ovc"
1878-01-02 15:00:00,NA,NA,NA,NA,NA,NA,NA,NA,-11.67,NA,-11.67,NA,NA,NA,NA,",ovc,ovc"
1878-01-02 21:00:00,6.67,NA,135,2.4,NA,978.67,NA,NA,-11.67,NA,-11.67,NA,-7.28,NA,17,NA
1878-01-03,NA,NA,NA,NA,NA,NA,0,0,NA,NA,NA,-28.39,-11.72,22.78,NA,",sn,"
1878-01-03 09:00:00,1.11,NA,0,1.69,NA,983.88,0,NA,-16.11,NA,-16.11,NA,NA,NA,13.41,",ovc"
1878-01-03 15:00:00,NA,NA,NA,NA,NA,NA,NA,NA,-25,NA,-24.94,NA,NA,NA,NA,",skc,skc"
1878-01-03 21:00:00,9.44,NA,315,0.75,NA,997.63,NA,NA,-25,NA,-25,NA,-11.72,NA,45,NA
1878-01-04,NA,NA,NA,NA,NA,NA,0,0,NA,NA,NA,-30.61,-17.94,24.17,NA,",sn,"
1878-01-04 09:00:00,-1.67,NA,180,0.54,NA,993.43,0,NA,-28.89,NA,-28.89,NA,NA,NA,3.13,",skc,skc"
1878-01-04 15:00:00,NA,NA,NA,NA,NA,NA,NA,NA,-18.94,NA,-18.83,NA,NA,NA,NA,",skc"
1878-01-04 21:00:00,12.22,NA,90,1.25,NA,990.86,NA,NA,-18.94,NA,-18.89,NA,-17.94,NA,34,NA
1878-01-05,NA,NA,NA,NA,NA,NA,0,0,NA,NA,NA,-29.22,-21.11,22.22,NA,",au,"
1878-01-05 09:00:00,8.33,NA,315,0.85,NA,999.66,0,NA,-23.11,NA,-23.06,NA,NA,NA,6.71,",bkn"
1878-01-05 15:00:00,NA,NA,NA,NA,NA,NA,NA,NA,-27.78,NA,-27.72,NA,NA,NA,NA,",skc"
1878-01-05 21:00:00,11.67,NA,315,0.58,NA,1003.39,NA,NA,-27.78,NA,-27.78,NA,-14.44,NA,12,NA
1878-01-06,NA,NA,NA,NA,NA,NA,0,0,NA,NA,NA,-31.17,-22.39,23.33,NA,NA
1878-01-06 09:00:00,NA,NA,315,NA,NA,NA,0,NA,NA,NA,NA,NA,NA,NA,3.13,NA
1878-01-06 15:00:00,NA,NA,NA,NA,NA,NA,NA,NA,NA,NA,NA,NA,NA,NA,NA,NA
1878-01-06 21:00:00,NA,NA,180,NA,NA,NA,NA,NA,NA,NA,NA,NA,-13.17,NA,14,NA
1878-01-07,NA,NA,NA,NA,NA,NA,3.556,35.56,NA,NA,NA,-23.94,-12.67,11.39,NA,",sn,"
1878-01-07 09:00:00,-1.67,NA,135,1.52,NA,984.42,0,NA,-17.22,NA,-17.22,NA,NA,NA,11.18,",ovc"
1878-01-07 15:00:00,NA,NA,NA,NA,NA,NA,NA,NA,-17.28,NA,-17.22,NA,NA,NA,NA,",sn"
1878-01-07 21:00:00,3.89,NA,180,1.49,NA,979.34,NA,NA,-17.28,NA,-17.22,NA,-12.67,NA,20,NA
1878-01-08,NA,NA,NA,NA,NA,NA,0,0,NA,NA,NA,-21.11,-3.94,28.56,NA,",parhel,"
1878-01-08 09:00:00,0,NA,180,1.86,NA,981.1,0,NA,-15,NA,-15,NA,NA,NA,2.46,",skc,skc"
1878-01-08 15:00:00,NA,NA,NA,NA,NA,NA,NA,NA,-6.94,NA,-6.94,NA,NA,NA,NA,",skc,skc"
1878-01-08 21:00:00,18.89,NA,180,3.39,NA,973.25,NA,NA,-6.94,NA,-6.94,NA,-3.94,NA,12,NA
1878-01-09,NA,NA,NA,NA,NA,NA,0,0,NA,NA,NA,-19.78,-3.56,7.78,NA,",missing,"
1878-01-09 09:00:00,5.56,180,180,2.37,NA,974.26,0,NA,-11.94,NA,-11.94,NA,NA,NA,2.68,",ovc"
1878-01-09 15:00:00,NA,NA,NA,NA,NA,NA,NA,NA,-18.89,NA,-18.83,NA,NA,NA,NA,",skc"
1878-01-09 21:00:00,8.89,NA,180,1.29,NA,991.87,NA,NA,-18.89,NA,-18.89,NA,-3.56,NA,40,NA
1878-01-10,NA,NA,NA,NA,NA,NA,0,0,NA,NA,NA,-17.67,-8.83,16.67,NA,",sn,"
1878-01-10 09:00:00,6.67,NA,90,1.63,NA,989.16,0,NA,-16.39,NA,-16.39,NA,NA,NA,4.47,",ovc"
1878-01-10 15:00:00,NA,NA,NA,NA,NA,NA,NA,NA,-12.22,NA,-12.22,NA,NA,NA,NA,",skc"
1878-01-10 21:00:00,7.22,NA,90,2.3,NA,978.67,NA,NA,-12.22,NA,-12.22,NA,-8.83,NA,21,NA
1878-01-11,NA,NA,NA,NA,NA,NA,0,0,NA,NA,NA,-11.5,1.61,32.5,NA,NA
1878-01-11 09:00:00,6.11,NA,90,3.59,NA,973.11,0,NA,-2.39,NA,-2.5,NA,NA,NA,16.54,",ovc"
1878-01-11 15:00:00,NA,NA,NA,NA,NA,NA,NA,NA,-8.39,NA,-8.33,NA,NA,NA,NA,",skc"
1878-01-11 21:00:00,10.56,NA,270,3.15,NA,981.85,NA,NA,-8.39,NA,-8.33,NA,1.61,NA,16,NA
1878-01-12,NA,NA,NA,NA,NA,NA,0.635,6.35,NA,NA,NA,-13.83,-5.17,3.33,NA,",sn,"
1878-01-12 09:00:00,6.67,225,180,2.54,NA,990.86,0,NA,-10.44,NA,-10.28,NA,NA,NA,2.24,",ovc"
1878-01-12 15:00:00,NA,NA,NA,NA,NA,NA,NA,NA,-10.5,NA,-10.44,NA,NA,NA,NA,",skc"
1878-01-12 21:00:00,12.22,NA,0,2.61,NA,999.32,NA,NA,-10.5,NA,-10.44,NA,-5.17,NA,27,NA
1878-01-13,NA,NA,NA,NA,NA,NA,0,0,NA,NA,NA,-17.78,-6.83,35.83,NA,NA
1878-01-13 09:00:00,NA,NA,180,NA,NA,NA,0,NA,NA,NA,NA,NA,NA,NA,0.45,NA
1878-01-13 15:00:00,NA,NA,NA,NA,NA,NA,NA,NA,NA,NA,NA,NA,NA,NA,NA,NA
1878-01-13 21:00:00,NA,NA,180,NA,NA,NA,NA,NA,NA,NA,NA,NA,-6.83,NA,12,NA
1878-01-14,NA,NA,NA,NA,NA,NA,0,0,NA,NA,NA,-15,-2.39,33.33,NA,NA
1878-01-14 09:00:00,13.33,NA,180,1.96,NA,989.37,0,NA,-13.72,NA,-13.61,NA,NA,NA,2.68,",skc"
1878-01-14 15:00:00,NA,NA,NA,NA,NA,NA,NA,NA,-5.67,NA,-5.39,NA,NA,NA,NA,",ovc"
1878-01-14 21:00:00,14.44,NA,45,3.59,NA,991.74,NA,NA,-5.67,NA,-5.39,NA,-2.39,NA,45,NA
1878-01-15,NA,NA,NA,NA,NA,NA,0,0,NA,NA,NA,-7.89,-3.33,3.61,NA,NA
1878-01-15 09:00:00,17.22,NA,135,3.79,NA,993.97,0,NA,-5.28,NA,-5,NA,NA,NA,4.47,",ovc,ovc"
1878-01-15 15:00:00,NA,NA,NA,NA,NA,NA,NA,NA,-5.33,NA,-5,NA,NA,NA,NA,",ovc,ovc"
1878-01-15 21:00:00,14.44,NA,180,3.83,NA,991.03,NA,NA,-5.33,NA,-5,NA,-3.33,NA,17,NA
1878-01-16,NA,NA,NA,NA,NA,NA,0,0,NA,NA,NA,-11.89,-5.06,0.28,NA,",missing,"
1878-01-16 09:00:00,17.22,NA,135,3.01,NA,984.76,0,NA,-8.94,NA,-8.89,NA,NA,NA,8.49,",ovc"
1878-01-16 15:00:00,NA,NA,NA,NA,NA,NA,NA,NA,-6.94,NA,-6.67,NA,NA,NA,NA,",ovc,ovc"
1878-01-16 21:00:00,17.22,NA,225,3.35,NA,984.97,NA,NA,-6.94,NA,-6.67,NA,-5.06,NA,0,NA
1878-01-17,NA,NA,NA,NA,NA,NA,0,0,NA,NA,NA,-9.67,-2.67,5.44,NA,NA
1878-01-17 09:00:00,16.67,NA,135,4.2,NA,986.22,0,NA,-4.44,NA,-4.28,NA,NA,NA,6.26,",ovc,ovc"
1878-01-17 15:00:00,NA,NA,NA,NA,NA,NA,NA,NA,-5.5,NA,-5.39,NA,NA,NA,NA,",ovc,ovc"
1878-01-17 21:00:00,14.44,NA,135,3.96,NA,987.47,NA,NA,-5.5,NA,-5.39,NA,-2.67,NA,11,NA
1878-01-18,NA,NA,NA,NA,NA,NA,0,0,NA,NA,NA,-10.5,-2.28,27.5,NA,NA
1878-01-18 09:00:00,11.67,NA,180,3.25,NA,985.44,0,NA,-6.67,NA,-6.11,NA,NA,NA,8.94,",ovc"
1878-01-18 15:00:00,NA,NA,NA,NA,NA,NA,NA,NA,-7.22,NA,-7.22,NA,NA,NA,NA,",skc"
1878-01-18 21:00:00,12.78,NA,180,3.49,NA,985.78,NA,NA,-7.22,NA,-7.22,NA,-2.28,NA,27,NA
1878-01-19,NA,NA,NA,NA,NA,NA,0,0,NA,NA,NA,-14.39,-5.11,36.17,NA,",missing,"
1878-01-19 09:00:00,13.33,NA,270,2.17,NA,989.67,0,NA,-13.06,NA,-13.06,NA,NA,NA,0.89,",skc,skc"
1878-01-19 15:00:00,NA,NA,NA,NA,NA,NA,NA,NA,-11.22,NA,-11.11,NA,NA,NA,NA,",skc"
1878-01-19 21:00:00,12.22,NA,0,2.4,NA,990.86,NA,NA,-11.22,NA,-11.11,NA,-5.11,NA,0,NA
1878-01-20,NA,NA,NA,NA,NA,NA,0,0,NA,NA,NA,-13.28,-0.61,38.61,NA,NA
1878-01-20 09:00:00,NA,NA,180,NA,NA,NA,0,NA,NA,NA,NA,NA,NA,NA,4.02,NA
1878-01-20 15:00:00,NA,NA,NA,NA,NA,NA,NA,NA,NA,NA,NA,NA,NA,NA,NA,NA
1878-01-20 21:00:00,NA,NA,180,NA,NA,NA,NA,NA,NA,NA,NA,NA,-0.61,NA,40,NA
1878-01-21,NA,NA,NA,NA,NA,NA,0,0,NA,NA,NA,-17.5,0.06,36.72,NA,NA
1878-01-21 09:00:00,15.56,NA,315,3.25,NA,987.98,0,NA,-7.22,NA,-6.89,NA,NA,NA,1.34,",ovc,ovc"
1878-01-21 15:00:00,NA,NA,NA,NA,NA,NA,NA,NA,-13.33,NA,-13.33,NA,NA,NA,NA,",skc"
1878-01-21 21:00:00,13.89,NA,0,2.1,NA,996.28,NA,NA,-13.33,NA,-13.33,NA,0.06,NA,30,NA
1878-01-22,NA,NA,NA,NA,NA,NA,0,0,NA,NA,NA,-25.06,-16.72,23.06,NA,NA
1878-01-22 09:00:00,12.78,NA,0,0.85,NA,1006.71,0,NA,-23.61,NA,-23.61,NA,NA,NA,6.71,",skc,skc"
1878-01-22 15:00:00,NA,NA,NA,NA,NA,NA,NA,NA,-23.22,NA,-23.17,NA,NA,NA,NA,",skc,skc"
1878-01-22 21:00:00,11.11,NA,NA,0.88,NA,1002.71,NA,NA,-23.22,NA,-23.22,NA,-16.72,NA,0,NA
1878-01-23,NA,NA,NA,NA,NA,NA,0,0,NA,NA,NA,-23.94,-8.61,24.72,NA,",au,"
1878-01-23 09:00:00,15,315,135,1.46,NA,989.91,0,NA,-17.56,NA,-17.5,NA,NA,NA,11.18,",ovc"
1878-01-23 15:00:00,NA,NA,NA,NA,NA,NA,NA,NA,-11.17,NA,-11.11,NA,NA,NA,NA,",skc"
1878-01-23 21:00:00,13.33,NA,NA,2.51,NA,980.36,NA,NA,-11.17,NA,-11.11,NA,-8.61,NA,0,NA
1878-01-24,NA,NA,NA,NA,NA,NA,0,0,NA,NA,NA,-19.44,-10.72,27.78,NA,NA
1878-01-24 09:00:00,14.44,0,0,1.86,NA,990.86,0,NA,-14.06,NA,-13.89,NA,NA,NA,9.83,",bkn"
1878-01-24 15:00:00,NA,NA,NA,NA,NA,NA,NA,NA,-18.5,NA,-18.44,NA,NA,NA,NA,",skc,skc"
1878-01-24 21:00:00,12.22,NA,0,1.52,NA,995.94,NA,NA,-18.5,NA,-18.5,NA,-10.72,NA,45,NA
1878-01-25,NA,NA,NA,NA,NA,NA,0,0,NA,NA,NA,-14.72,-7.78,28.89,NA,NA
1878-01-25 09:00:00,11.67,315,135,1.42,NA,992.62,0,NA,-18.06,NA,-18.06,NA,NA,NA,2.01,",skc"
1878-01-25 15:00:00,NA,NA,NA,NA,NA,NA,NA,NA,-11.94,NA,-11.67,NA,NA,NA,NA,",ovc"
1878-01-25 21:00:00,13.33,NA,180,2.17,NA,987.61,NA,NA,-11.94,NA,-11.67,NA,-7.94,NA,17,NA
1878-01-26,NA,NA,NA,NA,NA,NA,0,0,NA,NA,NA,-16.5,-6,11.67,NA,",fg,"
1878-01-26 09:00:00,12.78,NA,225,3.39,NA,986.96,0,NA,-7.61,NA,-7.61,NA,NA,NA,3.13,",ovc"
1878-01-26 15:00:00,NA,NA,NA,NA,NA,NA,NA,NA,-13.39,NA,-13.33,NA,NA,NA,NA,",ovc,ovc"
1878-01-26 21:00:00,7.78,NA,0,2.07,NA,991.87,NA,NA,-13.39,NA,-13.33,NA,-6,NA,18,NA
1878-01-27,NA,NA,NA,NA,NA,NA,0,0,NA,NA,NA,-26.17,-14.61,23.33,NA,NA
1878-01-27 09:00:00,NA,NA,0,NA,NA,NA,0,NA,NA,NA,NA,NA,NA,NA,5.81,NA
1878-01-27 15:00:00,NA,NA,NA,NA,NA,NA,NA,NA,NA,NA,NA,NA,NA,NA,NA,NA
1878-01-27 21:00:00,NA,NA,0,NA,NA,NA,NA,NA,NA,NA,NA,NA,-14.61,NA,16,NA
1878-01-28,NA,NA,NA,NA,NA,NA,0,0,NA,NA,NA,-8.61,-11.94,26.67,NA,NA
1878-01-28 09:00:00,9.44,NA,135,2.4,NA,998.44,0,NA,-24.06,NA,-24.06,NA,NA,NA,3.58,",skc,skc"
1878-01-28 15:00:00,NA,NA,NA,NA,NA,NA,NA,NA,-13.89,NA,-13.89,NA,NA,NA,NA,",ovc"
1878-01-28 21:00:00,11.11,270,135,2,NA,995.26,NA,NA,-13.89,NA,-13.89,NA,-11.94,NA,17,NA
1878-01-29,NA,NA,NA,NA,NA,NA,0,0,NA,NA,NA,-17.22,-5.72,14.5,NA,NA
1878-01-29 09:00:00,12.78,315,135,1.73,NA,996,0,NA,-13.33,NA,-12.78,NA,NA,NA,7.6,",ovc"
1878-01-29 15:00:00,NA,NA,NA,NA,NA,NA,NA,NA,-7.39,NA,-7.22,NA,NA,NA,NA,",ovc,ovc"
1878-01-29 21:00:00,14.44,225,135,3.32,NA,996.28,NA,NA,-7.39,NA,-7.22,NA,-5.72,NA,13,NA
1878-01-30,NA,NA,NA,NA,NA,NA,0,0,NA,NA,NA,-7.33,-3.22,2.78,NA,NA
1878-01-30 09:00:00,13.89,NA,180,3.39,NA,994.24,0,NA,-6.67,NA,-6.28,NA,NA,NA,6.71,",ovc,ovc"
1878-01-30 15:00:00,NA,NA,NA,NA,NA,NA,NA,NA,-4.78,NA,-4.44,NA,NA,NA,NA,",ovc,ovc"
1878-01-30 21:00:00,12.78,NA,135,4.23,NA,994.75,NA,NA,-4.78,NA,-4.44,NA,-3.22,NA,11,NA
1878-01-31,NA,NA,NA,NA,NA,NA,0,0,NA,NA,NA,-13.17,-0.28,15,NA,",au,"
1878-01-31 09:00:00,10.56,45,90,2.81,NA,992.72,0,NA,-7.44,NA,-6.67,NA,NA,NA,4.02,",ovc"
1878-01-31 15:00:00,NA,NA,NA,NA,NA,NA,NA,NA,-5.44,NA,-5.28,NA,NA,NA,NA,",skc"
1878-01-31 21:00:00,13.89,NA,90,3.96,NA,993.84,NA,NA,-5.44,NA,-5.28,NA,-0.28,NA,11,NA
1878-02-01,NA,NA,NA,NA,NA,NA,NA,NA,NA,NA,NA,-14.72,1.06,35.56,NA,NA
1878-02-01 09:00:00,12.78,NA,135,1.9,997.12,999.46,0,NA,-11.39,NA,-10.56,NA,NA,NA,5.36,",skc,skc"
1878-02-01 15:00:00,NA,NA,NA,NA,999.7,NA,NA,NA,-6.5,NA,-6.44,NA,NA,NA,NA,",skc,skc"
1878-02-01 21:00:00,15.56,NA,180,3.69,NA,1002.44,NA,NA,-6.5,NA,-6.44,NA,NA,NA,40,NA
1878-02-02,NA,NA,NA,NA,NA,NA,NA,NA,NA,NA,NA,-13,5.83,NA,NA,",br,"
1878-02-02 09:00:00,17.78,NA,180,2.34,998.85,1001.96,0,NA,-11.39,NA,-11.22,NA,NA,NA,4.47,",skc,skc"
1878-02-02 15:00:00,NA,NA,NA,NA,993.09,NA,NA,NA,-2.89,NA,-2.78,NA,NA,NA,NA,",skc,skc"
1878-02-02 21:00:00,12.22,NA,NA,4.88,NA,995.33,NA,NA,-2.89,NA,-2.78,NA,NA,NA,22,NA
1878-02-03,NA,NA,NA,NA,NA,NA,0,0,NA,NA,NA,-7.22,5.39,40,NA,NA
1878-02-03 09:00:00,NA,NA,NA,NA,NA,NA,0,NA,NA,NA,NA,NA,NA,NA,13.41,NA
1878-02-03 15:00:00,NA,NA,NA,NA,NA,NA,NA,NA,NA,NA,NA,NA,NA,NA,NA,NA
1878-02-03 21:00:00,NA,NA,270,NA,NA,NA,NA,NA,NA,NA,NA,NA,NA,NA,14,NA
1878-02-04,NA,NA,NA,NA,NA,NA,NA,NA,NA,NA,NA,-9.67,3.83,39.72,NA,NA
1878-02-04 09:00:00,16.11,NA,225,3.56,978.67,981.51,0,NA,-6.56,NA,-6.39,NA,NA,NA,2.24,",skc,skc"
1878-02-04 15:00:00,NA,NA,NA,NA,975.65,NA,NA,NA,-6.22,NA,-6.11,NA,NA,NA,NA,",skc,skc"
1878-02-04 21:00:00,15,NA,315,3.69,NA,978.33,NA,NA,-6.22,NA,-6.11,NA,NA,NA,2,NA
1878-02-05,NA,NA,NA,NA,NA,NA,NA,NA,NA,NA,NA,-9,4.28,35,NA,",ra,"
1878-02-05 09:00:00,17.22,NA,90,4.27,972.6,975.96,0,NA,-4.44,NA,-4.17,NA,NA,NA,4.25,",bkn"
1878-02-05 15:00:00,NA,NA,NA,NA,971.79,NA,NA,NA,0.56,NA,1.11,NA,NA,NA,NA,",ovc"
1878-02-05 21:00:00,16.67,NA,90,5.93,NA,974.74,NA,NA,0.56,NA,1.11,NA,NA,NA,27,NA
1878-02-06,NA,NA,NA,NA,NA,NA,NA,NA,NA,NA,NA,-6.11,3.11,7.78,NA,",sn,"
1878-02-06 09:00:00,17.78,180,NA,6.03,970.61,973.72,NA,NA,0.56,NA,1,NA,NA,NA,1.34,",sn"
1878-02-06 15:00:00,NA,NA,NA,NA,973.18,NA,NA,NA,-3.44,NA,-3.33,NA,NA,NA,NA,",ovc,ovc"
1878-02-06 21:00:00,15.56,NA,315,4.64,NA,975.96,NA,NA,-3.44,NA,-3.33,NA,NA,NA,20,NA
1878-02-07,NA,NA,NA,NA,NA,NA,NA,NA,NA,NA,NA,-11.5,-5.11,24.44,NA,NA
1878-02-07 09:00:00,16.11,90,315,2.78,982.29,985.1,0.25,NA,-9.28,NA,-8.89,NA,NA,NA,10.73,",ovc"
1878-02-07 15:00:00,NA,NA,NA,NA,990.21,NA,NA,NA,-9,NA,-8.89,NA,NA,NA,NA,",skc"
1878-02-07 21:00:00,16.11,NA,0,2.91,NA,993.02,NA,NA,-9,NA,-8.89,NA,NA,NA,11,NA
1878-02-08,NA,NA,NA,NA,NA,NA,NA,NA,NA,NA,NA,-15.67,-7.28,30,NA,NA
1878-02-08 09:00:00,15.56,45,45,2.4,995.94,998.71,0.25,NA,-11.11,NA,-10.94,NA,NA,NA,6.26,",bkn"
1878-02-08 15:00:00,NA,NA,NA,NA,998.31,NA,NA,NA,-13.22,NA,-13.06,NA,NA,NA,NA,",skc"
1878-02-08 21:00:00,17.78,NA,45,2,NA,1001.42,NA,NA,-13.22,NA,-13.06,NA,NA,NA,34,NA
1878-02-09,NA,NA,NA,NA,NA,NA,NA,NA,NA,NA,NA,-19.44,-7.39,42.22,NA,NA
1878-02-09 09:00:00,16.11,NA,90,1.42,998.38,1001.22,0,NA,-17.17,NA,-17.06,NA,NA,NA,3.13,",skc,skc"
1878-02-09 15:00:00,NA,NA,NA,NA,993.4,NA,NA,NA,-11.17,NA,-11.11,NA,NA,NA,NA,",skc"
1878-02-09 21:00:00,10,NA,NA,2.47,NA,995.26,NA,NA,-11.17,NA,-11.11,NA,NA,NA,0,NA
1878-02-10,NA,NA,NA,NA,NA,NA,NA,NA,NA,NA,NA,-10.94,-5.11,23.89,NA,",sn,"
1878-02-10 09:00:00,NA,NA,NA,NA,NA,NA,0.51,NA,NA,NA,NA,NA,NA,NA,0,NA
1878-02-10 15:00:00,NA,NA,NA,NA,NA,NA,NA,NA,NA,NA,NA,NA,NA,NA,NA,NA
1878-02-10 21:00:00,NA,NA,NA,NA,NA,NA,NA,NA,NA,NA,NA,NA,NA,NA,0,NA
1878-02-11,NA,NA,NA,NA,NA,NA,NA,NA,NA,NA,NA,-16.61,-4.56,25.56,NA,NA
1878-02-11 09:00:00,12.78,NA,NA,2.68,981.17,983.48,0,NA,-9.67,NA,-9.44,NA,NA,NA,0,",skc"
1878-02-11 15:00:00,NA,NA,NA,NA,980.7,NA,NA,NA,-11.89,NA,-11.78,NA,NA,NA,NA,",skc"
1878-02-11 21:00:00,13.33,NA,0,2.24,NA,983.07,NA,NA,-11.89,NA,-11.78,NA,NA,NA,45,NA
1878-02-12,NA,NA,NA,NA,NA,NA,NA,NA,NA,NA,NA,-15,-6.5,33.89,NA,NA
1878-02-12 09:00:00,15.56,315,0,1.9,985.27,988.01,0,NA,-13.78,NA,-13.61,NA,NA,NA,3.13,",ovc"
1878-02-12 15:00:00,NA,NA,NA,NA,986.79,NA,NA,NA,-10.56,NA,-9.89,NA,NA,NA,NA,",ovc"
1878-02-12 21:00:00,14.44,NA,NA,2.17,NA,989.37,NA,NA,-10.56,NA,-9.89,NA,NA,NA,27,NA
1878-02-13,NA,NA,NA,NA,NA,NA,NA,NA,NA,NA,NA,-10.89,0,16.83,NA,",sn,"
1878-02-13 09:00:00,15,NA,45,2.64,986.18,988.83,0,NA,-8,NA,-7.22,NA,NA,NA,3.8,",ovc"
1878-02-13 15:00:00,NA,NA,NA,NA,982.87,NA,NA,NA,-3.44,NA,-3.33,NA,NA,NA,NA,",ovc,ovc"
1878-02-13 21:00:00,14.44,NA,135,4.64,NA,985.44,NA,NA,-3.44,NA,-3.33,NA,NA,NA,27,NA
1878-02-14,NA,NA,NA,NA,NA,NA,NA,NA,NA,NA,NA,-15,-0.61,7.22,NA,",sn,"
1878-02-14 09:00:00,15,NA,180,4.47,981.58,984.22,2.29,NA,-3.06,NA,-2.5,NA,NA,NA,4.47,",ovc,ovc"
1878-02-14 15:00:00,NA,NA,NA,NA,983.2,NA,NA,NA,-8.78,NA,-8.61,NA,NA,NA,NA,",ovc,ovc"
1878-02-14 21:00:00,14.44,NA,45,3.01,NA,985.78,NA,NA,-8.78,NA,-8.61,NA,NA,NA,16,NA
1878-02-15,NA,NA,NA,NA,NA,NA,NA,NA,NA,NA,NA,-11.06,-2.83,15,NA,",sn,"
1878-02-15 09:00:00,13.33,NA,270,2.91,984.15,986.52,0,NA,-8.61,NA,-8.33,NA,NA,NA,4.47,",ovc,ovc"
1878-02-15 15:00:00,NA,NA,NA,NA,987.34,NA,NA,NA,-5.56,NA,-5.39,NA,NA,NA,NA,",ovc,ovc"
1878-02-15 21:00:00,14.44,NA,NA,4.03,NA,989.91,NA,NA,-5.56,NA,-5.39,NA,NA,NA,16,NA
1878-02-16,NA,NA,NA,NA,NA,NA,NA,NA,NA,NA,NA,-11.61,-0.56,19.44,NA,NA
1878-02-16 09:00:00,13.33,NA,0,3.79,989.16,991.53,0,NA,-5.94,NA,-5.83,NA,NA,NA,1.34,",ovc,ovc"
1878-02-16 15:00:00,NA,NA,NA,NA,990.01,NA,NA,NA,-6.78,NA,-6.67,NA,NA,NA,NA,",skc"
1878-02-16 21:00:00,12.22,NA,0,3.52,NA,992.21,NA,NA,-6.78,NA,-6.67,NA,NA,NA,15,NA
1878-02-17,NA,NA,NA,NA,NA,NA,NA,NA,NA,NA,NA,-15.56,-1.44,15.56,NA,NA
1878-02-17 09:00:00,NA,NA,135,NA,NA,NA,0,NA,NA,NA,NA,NA,NA,NA,2.24,NA
1878-02-17 15:00:00,NA,NA,NA,NA,NA,NA,NA,NA,NA,NA,NA,NA,NA,NA,NA,NA
1878-02-17 21:00:00,NA,NA,180,NA,NA,NA,NA,NA,NA,NA,NA,NA,NA,NA,40,NA
1878-02-18,NA,NA,NA,NA,NA,NA,NA,NA,NA,NA,NA,-11.61,0.56,9.72,NA,",sn,"
1878-02-18 09:00:00,13.89,NA,180,2.91,987.3,990.11,5.59,NA,-6.89,NA,-5.94,NA,NA,NA,5.81,",ovc,ovc"
1878-02-18 15:00:00,NA,NA,NA,NA,978.6,NA,NA,NA,-1,NA,-0.67,NA,NA,NA,NA,",ovc,ovc"
1878-02-18 21:00:00,15.56,NA,135,5.45,NA,981.38,NA,NA,-1,NA,-0.67,NA,NA,NA,15,NA
1878-02-19,NA,NA,NA,NA,NA,NA,NA,NA,NA,NA,NA,-1.94,2,11.67,NA,",sn,"
1878-02-19 09:00:00,16.67,0,135,5.25,971.18,974.13,1.02,NA,-1.11,NA,-0.56,NA,NA,NA,5.81,",ovc,ovc"
1878-02-19 15:00:00,NA,NA,NA,NA,971.83,NA,NA,NA,0,NA,0.33,NA,NA,NA,NA,",ovc,ovc"
1878-02-19 21:00:00,15.56,NA,NA,5.89,NA,974.6,NA,NA,0,NA,0.33,NA,NA,NA,16,NA
1878-02-20,NA,NA,NA,NA,NA,NA,NA,NA,NA,NA,NA,-1.06,2.72,16.39,NA,NA
1878-02-20 09:00:00,17.78,NA,NA,5.79,974.33,977.38,0,NA,-0.28,NA,0,NA,NA,NA,2.24,",ovc,ovc"
1878-02-20 15:00:00,NA,NA,NA,NA,1014.8,NA,NA,NA,0.11,NA,0.44,NA,NA,NA,NA,",ovc,ovc"
1878-02-20 21:00:00,15.56,NA,90,5.93,NA,983.68,NA,NA,0.11,NA,0.44,NA,NA,NA,1,NA
1878-02-21,NA,NA,NA,NA,NA,NA,NA,NA,NA,NA,NA,-1.06,3.22,12.22,NA,",sn,"
1878-02-21 09:00:00,16.67,NA,NA,4.67,981.24,984.08,0,NA,0,NA,1.83,NA,NA,NA,2.91,",ovc,ovc"
1878-02-21 15:00:00,NA,NA,NA,NA,984.22,NA,NA,NA,0.11,NA,0.56,NA,NA,NA,NA,",ovc,ovc"
1878-02-21 21:00:00,16.67,NA,180,5.79,NA,987.06,NA,NA,0.11,NA,0.56,NA,NA,NA,2,NA
1878-02-22,NA,NA,NA,NA,NA,NA,NA,NA,NA,NA,NA,-3.89,0.78,36.67,NA,",sn,"
1878-02-22 09:00:00,16.67,NA,315,5.69,986.86,989.77,0,NA,-0.56,NA,-0.28,NA,NA,NA,6.71,",ovc,ovc"
1878-02-22 15:00:00,NA,NA,NA,NA,990.38,NA,NA,NA,-3.06,NA,-2.5,NA,NA,NA,NA,",ovc,ovc"
1878-02-22 21:00:00,16.67,NA,315,4.47,NA,993.33,NA,NA,-3.06,NA,-2.5,NA,NA,NA,14,NA
1878-02-23,NA,NA,NA,NA,NA,NA,NA,NA,NA,NA,NA,-5,-2,25.56,NA,NA
1878-02-23 09:00:00,15.56,NA,0,3.79,990.15,992.89,0,NA,-5,NA,-5,NA,NA,NA,5.81,",ovc,ovc"
1878-02-23 15:00:00,NA,NA,NA,NA,993.94,NA,NA,NA,-4.44,NA,-4.17,NA,NA,NA,NA,",ovc,ovc"
1878-02-23 21:00:00,15.56,NA,45,4.17,NA,996.68,NA,NA,-4.44,NA,-4.17,NA,NA,NA,27,NA
1878-02-24,NA,NA,NA,NA,NA,NA,NA,NA,NA,NA,NA,-7.5,2.17,45.83,NA,NA
1878-02-24 09:00:00,NA,NA,45,NA,NA,NA,0,NA,NA,NA,NA,NA,NA,NA,2.24,NA
1878-02-24 15:00:00,NA,NA,NA,NA,NA,NA,NA,NA,NA,NA,NA,NA,NA,NA,NA,NA
1878-02-24 21:00:00,NA,NA,180,NA,NA,NA,NA,NA,NA,NA,NA,NA,NA,NA,27,NA
1878-02-25,NA,NA,NA,NA,NA,NA,NA,NA,NA,NA,NA,-10,3.83,42.22,NA,NA
1878-02-25 09:00:00,15,NA,180,3.32,995.33,997.97,0,NA,-6,NA,-5.28,NA,NA,NA,8.05,",skc"
1878-02-25 15:00:00,NA,NA,NA,NA,993.43,NA,NA,NA,-0.56,NA,-0.28,NA,NA,NA,NA,",skc,skc"
1878-02-25 21:00:00,12.22,NA,NA,5.69,NA,995.6,NA,NA,-0.56,NA,-0.28,NA,NA,NA,25,NA
1878-02-26,NA,NA,NA,NA,NA,NA,NA,NA,NA,NA,NA,-3.78,6.89,40.56,NA,NA
1878-02-26 09:00:00,15.56,NA,NA,4.2,989.37,992.45,0,NA,-2.78,NA,-1.67,NA,NA,NA,13.41,",skc,skc"
1878-02-26 15:00:00,NA,NA,NA,NA,986.76,NA,NA,NA,1.11,NA,1.67,NA,NA,NA,NA,",skc"
1878-02-26 21:00:00,15.56,NA,0,6.2,NA,989.5,NA,NA,1.11,NA,1.67,NA,NA,NA,14,NA
1878-02-27,NA,NA,NA,NA,NA,NA,NA,NA,NA,NA,NA,-9.44,3.28,23.06,NA,NA
1878-02-27 09:00:00,17.22,45,45,5.62,984.83,987.81,0,NA,0.83,NA,1.94,NA,NA,NA,3.13,",ovc"
1878-02-27 15:00:00,NA,NA,NA,NA,990.28,NA,NA,NA,-6.67,NA,-6.39,NA,NA,NA,NA,",skc"
1878-02-27 21:00:00,10.56,NA,NA,3.45,NA,992.21,NA,NA,-6.67,NA,-6.39,NA,NA,NA,22,NA
1878-02-28,NA,NA,NA,NA,NA,NA,NA,NA,NA,NA,NA,-14.39,-4.78,35.83,NA,NA
1878-02-28 09:00:00,9.44,90,NA,1.63,995.12,996.89,0,NA,-13.89,NA,-13.33,NA,NA,NA,7.6,",ovc"
1878-02-28 15:00:00,NA,NA,NA,NA,990.93,NA,NA,NA,-5.83,NA,-5,NA,NA,NA,NA,",ovc"
1878-02-28 21:00:00,13.33,NA,90,3.35,NA,993.3,NA,NA,-5.83,NA,-5,NA,NA,NA,18,NA
1878-03-01,NA,NA,NA,NA,NA,NA,NA,NA,NA,NA,NA,-7.11,-2.83,5.83,NA,",sn,"
1878-03-01 09:00:00,14.44,NA,90,3.79,987,989.57,23.88,NA,-5,NA,-4.44,NA,NA,NA,3.58,",ovc"
1878-03-01 15:00:00,NA,NA,NA,NA,984.15,NA,NA,NA,-4.72,NA,-4.44,NA,NA,NA,NA,",ovc,ovc"
1878-03-01 21:00:00,16.67,NA,0,4.1,NA,987.06,NA,NA,-4.72,NA,-4.44,NA,NA,NA,45,NA
1878-03-02,NA,NA,NA,NA,NA,NA,NA,NA,NA,NA,NA,-7.22,0.5,36.67,NA,",sn,"
1878-03-02 09:00:00,16.67,NA,0,3.52,985.07,987.98,0.51,NA,-5.56,NA,-4.89,NA,NA,NA,5.36,",frst"
1878-03-02 15:00:00,NA,NA,NA,NA,988.45,NA,NA,NA,-5.56,NA,-5,NA,NA,NA,NA,",ovc"
1878-03-02 21:00:00,13.33,NA,NA,3.62,NA,987.06,NA,NA,-5.56,NA,-5,NA,NA,NA,45,NA
1878-03-03,NA,NA,NA,NA,NA,NA,NA,NA,NA,NA,NA,-10.22,-0.61,38.06,NA,",au,"
1878-03-03 09:00:00,NA,NA,NA,NA,NA,NA,0,NA,NA,NA,NA,NA,NA,NA,8.49,NA
1878-03-03 15:00:00,NA,NA,NA,NA,NA,NA,NA,NA,NA,NA,NA,NA,NA,NA,NA,NA
1878-03-03 21:00:00,NA,NA,270,NA,NA,NA,NA,NA,NA,NA,NA,NA,NA,NA,27,NA
1878-03-04,NA,NA,NA,NA,NA,NA,NA,NA,NA,NA,NA,-5.11,8.22,41.39,NA,NA
1878-03-04 09:00:00,12.78,NA,NA,4.5,974.87,977.18,0,NA,-2.5,NA,-1.67,NA,NA,NA,7.15,",frst"
1878-03-04 15:00:00,NA,NA,NA,NA,1004.81,NA,NA,NA,-0.28,NA,0,NA,NA,NA,NA,",skc"
1878-03-04 21:00:00,12.78,NA,135,5.79,NA,973.25,NA,NA,-0.28,NA,0,NA,NA,NA,16,NA
1878-03-05,NA,NA,NA,NA,NA,NA,NA,NA,NA,NA,NA,-0.39,9.94,45.56,NA,",halo,"
1878-03-05 09:00:00,16.67,NA,270,5.38,965.63,968.51,0,NA,1.22,NA,2.78,NA,NA,NA,4.47,",skc"
1878-03-05 15:00:00,NA,NA,NA,NA,1003.29,NA,NA,NA,1.11,NA,1.67,NA,NA,NA,NA,NA
1878-03-05 21:00:00,13.89,NA,225,6.2,NA,971.89,NA,NA,1.11,NA,1.67,NA,NA,NA,14,NA
1878-03-06,NA,NA,NA,NA,NA,NA,NA,NA,NA,NA,NA,-1.78,12,45.56,NA,NA
1878-03-06 09:00:00,16.67,NA,NA,5.32,972.88,975.82,0,NA,1.11,NA,2.78,NA,NA,NA,0.45,",skc,skc"
1878-03-06 15:00:00,NA,NA,NA,NA,1010.33,NA,NA,NA,1.11,NA,1.67,NA,NA,NA,NA,NA
1878-03-06 21:00:00,14.44,NA,NA,6.2,NA,979.01,NA,NA,1.11,NA,1.67,NA,NA,NA,34,NA
1878-03-07,NA,NA,NA,NA,NA,NA,NA,NA,NA,NA,NA,-3.11,12.89,46.11,NA,",halo,"
1878-03-07 09:00:00,17.22,NA,180,4,977.18,980.19,0,NA,0,NA,2.78,NA,NA,NA,5.81,NA
1878-03-07 15:00:00,NA,NA,NA,NA,1013.68,NA,NA,NA,2.72,NA,4.39,NA,NA,NA,NA,",sct"
1878-03-07 21:00:00,18.89,NA,0,5.99,NA,983.07,NA,NA,2.78,NA,4.44,NA,NA,NA,20,NA
1878-03-08,NA,NA,NA,NA,NA,NA,NA,NA,NA,NA,NA,-3.39,1.78,6.67,NA,",ra,"
1878-03-08 09:00:00,15.56,135,0,4.67,987.1,989.84,17.78,NA,-3.06,NA,-2.78,NA,NA,NA,7.6,",ovc"
1878-03-08 15:00:00,NA,NA,NA,NA,989.47,NA,NA,NA,-1.44,NA,-1.39,NA,NA,NA,NA,",ovc,ovc"
1878-03-08 21:00:00,15.56,NA,NA,5.49,NA,992.21,NA,NA,-1.44,NA,-1.39,NA,NA,NA,23,NA
1878-03-09,NA,NA,NA,NA,NA,NA,NA,NA,NA,NA,NA,-3.61,1.89,3.89,NA,",ra,"
1878-03-09 09:00:00,14.44,NA,NA,5.25,990.72,993.3,16.76,NA,-1.39,NA,-1.11,NA,NA,NA,6.71,",ovc,ovc"
1878-03-09 15:00:00,NA,NA,NA,NA,992.01,NA,NA,NA,0.83,NA,1.11,NA,NA,NA,NA,",ovc,ovc"
1878-03-09 21:00:00,16.67,45,45,6.3,NA,994.92,NA,NA,0.83,NA,1.11,NA,NA,NA,19,NA
1878-03-10,NA,NA,NA,NA,NA,NA,NA,NA,NA,NA,NA,0.56,3,5.56,NA,",ra,"
1878-03-10 09:00:00,NA,NA,90,NA,NA,NA,15.24,NA,NA,NA,NA,NA,NA,NA,8.05,NA
1878-03-10 15:00:00,NA,NA,NA,NA,NA,NA,NA,NA,NA,NA,NA,NA,NA,NA,NA,NA
1878-03-10 21:00:00,NA,NA,90,NA,NA,NA,NA,NA,NA,NA,NA,NA,NA,NA,20,NA
1878-03-11,NA,NA,NA,NA,NA,NA,NA,NA,NA,NA,NA,2.94,3.83,8.06,NA,",ra,"
1878-03-11 09:00:00,16.67,90,90,6.54,981.04,983.95,7.62,NA,1.39,NA,1.67,NA,NA,NA,3.13,",ovc,ovc"
1878-03-11 15:00:00,NA,NA,NA,NA,982.46,NA,NA,NA,2.5,NA,2.5,NA,NA,NA,NA,",ovc,ovc"
1878-03-11 21:00:00,17.22,NA,NA,6.91,NA,985.44,NA,NA,3,NA,3.06,NA,NA,NA,45,NA
1878-03-12,NA,NA,NA,NA,NA,NA,NA,NA,NA,NA,NA,0.56,6.5,39.72,NA,",ra,"
1878-03-12 09:00:00,17.22,NA,NA,6.98,984.15,987.13,0.51,NA,2.78,NA,3.33,NA,NA,NA,2.68,",bkn"
1878-03-12 15:00:00,NA,NA,NA,NA,982.53,NA,NA,NA,1.94,NA,2.22,NA,NA,NA,NA,",bkn"
1878-03-12 21:00:00,15.56,135,0,6.81,NA,985.27,NA,NA,1.94,NA,2.22,NA,NA,NA,27,NA
1878-03-13,NA,NA,NA,NA,NA,NA,NA,NA,NA,NA,NA,-1.17,6.06,41.11,NA,",fg,"
1878-03-13 09:00:00,16.67,NA,0,6.67,986.25,989.16,0,NA,1.67,NA,1.94,NA,NA,NA,2.68,",skc"
1878-03-13 15:00:00,NA,NA,NA,NA,988.62,NA,NA,NA,2.22,NA,2.5,NA,NA,NA,NA,",ovc"
1878-03-13 21:00:00,14.44,NA,315,6.94,NA,991.2,NA,NA,2.22,NA,2.5,NA,NA,NA,5,NA
1878-03-14,NA,NA,NA,NA,NA,NA,NA,NA,NA,NA,NA,-1.39,8.72,42.78,NA,",halo,"
1878-03-14 09:00:00,16.11,225,180,6.67,988.72,991.53,0,NA,1.67,NA,1.94,NA,NA,NA,5.36,",ovc,ovc"
1878-03-14 15:00:00,NA,NA,NA,NA,982.93,NA,NA,NA,3,NA,3.83,NA,NA,NA,NA,",skc"
1878-03-14 21:00:00,14.44,NA,180,6.94,NA,985.51,NA,NA,3.06,NA,3.89,NA,NA,NA,15,NA
1878-03-15,NA,NA,NA,NA,NA,NA,NA,NA,NA,NA,NA,0.83,6.94,45.56,NA,",ra,"
1878-03-15 09:00:00,16.67,NA,270,7.21,977.28,980.22,2.03,NA,4.17,NA,5.39,NA,NA,NA,6.71,",skc"
1878-03-15 15:00:00,NA,NA,NA,NA,986.93,NA,NA,NA,1.67,NA,2.22,NA,NA,NA,NA,",ovc"
1878-03-15 21:00:00,14.44,NA,0,6.47,NA,989.5,NA,NA,1.67,NA,2.22,NA,NA,NA,27,NA
1878-03-16,NA,NA,NA,NA,NA,NA,NA,NA,NA,NA,NA,-3.89,4.39,41.39,NA,NA
1878-03-16 09:00:00,16.67,NA,0,5.11,996.78,999.66,0,NA,-0.56,NA,0.56,NA,NA,NA,8.49,",frst"
1878-03-16 15:00:00,NA,NA,NA,NA,999.09,NA,NA,NA,-2.89,NA,-2.78,NA,NA,NA,NA,",skc"
1878-03-16 21:00:00,12.78,NA,45,4.37,NA,1001.36,NA,NA,-2.89,NA,-2.78,NA,NA,NA,27,NA
1878-03-17,NA,NA,NA,NA,NA,NA,NA,NA,NA,NA,NA,-5,6.61,43.61,NA,NA
1878-03-17 09:00:00,NA,NA,180,NA,NA,NA,0,NA,NA,NA,NA,NA,NA,NA,10.28,NA
1878-03-17 15:00:00,NA,NA,NA,NA,NA,NA,NA,NA,NA,NA,NA,NA,NA,NA,NA,NA
1878-03-17 21:00:00,NA,NA,180,NA,NA,NA,NA,NA,NA,NA,NA,NA,NA,NA,30,NA
1878-03-18,NA,NA,NA,NA,NA,NA,NA,NA,NA,NA,NA,-1.11,12.89,54.17,NA,NA
1878-03-18 09:00:00,14.44,NA,0,7.15,986.93,989.5,0,NA,3.89,NA,5,NA,NA,NA,4.92,",skc"
1878-03-18 15:00:00,NA,NA,NA,NA,991.87,NA,NA,NA,1.67,NA,2.72,NA,NA,NA,NA,NA
1878-03-18 21:00:00,13.33,NA,0,6.06,NA,994.24,NA,NA,1.67,NA,2.78,NA,NA,NA,11,NA
1878-03-19,NA,NA,NA,NA,NA,NA,NA,NA,NA,NA,NA,-2.83,6.39,41.94,NA,",missing,"
1878-03-19 09:00:00,15.56,NA,NA,4.88,1000.68,1003.39,0,NA,-1.11,NA,0,NA,NA,NA,3.58,NA
1878-03-19 15:00:00,NA,NA,NA,NA,998.14,NA,NA,NA,-0.28,NA,0.28,NA,NA,NA,NA,NA
1878-03-19 21:00:00,11.67,NA,NA,5.59,NA,1000.27,NA,NA,-0.28,NA,0.28,NA,NA,NA,2,NA
1878-03-20,NA,NA,NA,NA,NA,NA,NA,NA,NA,NA,NA,-0.06,13.72,NA,NA,NA
1878-03-20 09:00:00,14.44,NA,135,5.89,991.67,994.24,0,NA,2.22,NA,3.89,NA,NA,NA,5.81,",skc"
1878-03-20 15:00:00,NA,NA,NA,NA,987.91,NA,NA,NA,2.72,NA,3.28,NA,NA,NA,NA,",ovc"
1878-03-20 21:00:00,17.78,270,270,6.74,NA,990.99,NA,NA,2.78,NA,3.33,NA,NA,NA,14,NA
1878-03-21,NA,NA,NA,NA,NA,NA,NA,NA,NA,NA,NA,-0.39,8.44,46.11,NA,",fg,"
1878-03-21 09:00:00,12.78,NA,315,5.99,993.77,996.07,0,NA,0.39,NA,0.56,NA,NA,NA,2.68,",ovc"
1878-03-21 15:00:00,NA,NA,NA,NA,990.08,NA,NA,NA,0.83,NA,1.67,NA,NA,NA,NA,",skc"
1878-03-21 21:00:00,16.11,NA,180,5.86,NA,992.89,NA,NA,0.83,NA,1.67,NA,NA,NA,11,NA
1878-03-22,NA,NA,NA,NA,NA,NA,NA,NA,NA,NA,NA,0.56,18.06,50,NA,",skc,"
1878-03-22 09:00:00,15.56,NA,135,3.59,984.73,987.47,0,NA,1.11,NA,5,NA,NA,NA,8.94,",skc,skc"
1878-03-22 15:00:00,NA,NA,NA,NA,982.29,NA,NA,NA,6.17,NA,8.33,NA,NA,NA,NA,",skc"
1878-03-22 21:00:00,16.11,NA,315,6.03,NA,985.1,NA,NA,6.22,NA,8.33,NA,NA,NA,14,NA
1878-03-23,NA,NA,NA,NA,NA,NA,NA,NA,NA,NA,NA,-7.78,4.94,41.67,NA,",au,"
1878-03-23 09:00:00,13.89,0,315,4.88,990.65,993.13,0,NA,-1.11,NA,0,NA,NA,NA,9.61,",bkn"
1878-03-23 15:00:00,NA,NA,NA,NA,997.16,NA,NA,NA,-5.56,NA,-5,NA,NA,NA,NA,",skc"
1878-03-23 21:00:00,10,NA,NA,3.62,NA,998.98,NA,NA,-5.56,NA,-5,NA,NA,NA,19,NA
1878-03-24,NA,NA,NA,NA,NA,NA,NA,NA,NA,NA,NA,-10.5,-0.06,38.89,NA,",au,"
1878-03-24 09:00:00,NA,NA,NA,NA,NA,NA,0,NA,NA,NA,NA,NA,NA,NA,4.92,NA
1878-03-24 15:00:00,NA,NA,NA,NA,NA,NA,NA,NA,NA,NA,NA,NA,NA,NA,NA,NA
1878-03-24 21:00:00,NA,NA,NA,NA,NA,NA,NA,NA,NA,NA,NA,NA,NA,NA,2,NA
1878-03-25,NA,NA,NA,NA,NA,NA,NA,NA,NA,NA,NA,-6,6.61,43.06,NA,NA
1878-03-25 09:00:00,13.89,NA,135,4.64,983.78,986.25,0,NA,-1.67,NA,-0.56,NA,NA,NA,6.26,",ovc"
1878-03-25 15:00:00,NA,NA,NA,NA,976.7,NA,NA,NA,-0.56,NA,1.11,NA,NA,NA,NA,",bkn"
1878-03-25 21:00:00,15.56,0,90,4.71,NA,979.41,NA,NA,-0.56,NA,1.11,NA,NA,NA,20,NA
1878-03-26,NA,NA,NA,NA,NA,NA,NA,NA,NA,NA,NA,-7.44,5.78,42.78,NA,NA
1878-03-26 09:00:00,15.56,225,0,5.25,969.32,972.03,0,NA,0,NA,1.11,NA,NA,NA,4.47,",ovc"
1878-03-26 15:00:00,NA,NA,NA,NA,983.2,NA,NA,NA,-3.61,NA,-3.33,NA,NA,NA,NA,",ovc"
1878-03-26 21:00:00,12.78,NA,315,4.47,NA,985.51,NA,NA,-3.61,NA,-3.33,NA,NA,NA,22,NA
1878-03-27,NA,NA,NA,NA,NA,NA,NA,NA,NA,NA,NA,-8.83,1.06,40.83,NA,NA
1878-03-27 09:00:00,13.33,0,NA,3.12,989.5,991.87,0,NA,-6.94,NA,-6.67,NA,NA,NA,8.05,",bkn"
1878-03-27 15:00:00,NA,NA,NA,NA,992.31,NA,NA,NA,-6.39,NA,-6.11,NA,NA,NA,NA,",skc,skc"
1878-03-27 21:00:00,11.67,NA,NA,3.52,NA,994.45,NA,NA,-6.39,NA,-6.11,NA,NA,NA,12,NA
1878-03-28,NA,NA,NA,NA,NA,NA,NA,NA,NA,NA,NA,-7.78,4.39,41.39,NA,NA
1878-03-28 09:00:00,15,NA,315,3.39,995.23,997.87,0,NA,-3.89,NA,-2.22,NA,NA,NA,3.58,",skc,skc"
1878-03-28 15:00:00,NA,NA,NA,NA,992.25,NA,NA,NA,-2.78,NA,-2.22,NA,NA,NA,NA,NA
1878-03-28 21:00:00,15.56,NA,270,4.61,NA,994.99,NA,NA,-2.78,NA,-2.22,NA,NA,NA,1,NA
1878-03-29,NA,NA,NA,NA,NA,NA,NA,NA,NA,NA,NA,-6.94,10.11,43.61,NA,NA
1878-03-29 09:00:00,16.11,NA,180,4.67,993.23,996.14,0,NA,0,NA,1.83,NA,NA,NA,2.24,NA
1878-03-29 15:00:00,NA,NA,NA,NA,988.55,NA,NA,NA,-0.56,NA,0,NA,NA,NA,NA,NA
1878-03-29 21:00:00,12.78,NA,135,5.49,NA,990.86,NA,NA,-0.56,NA,0,NA,NA,NA,11,NA
1878-03-30,NA,NA,NA,NA,NA,NA,NA,NA,NA,NA,NA,-1.67,12.06,42.5,NA,",fu,"
1878-03-30 09:00:00,15,180,135,3.96,986.59,989.23,0,NA,1.39,NA,5,NA,NA,NA,6.26,",ovc"
1878-03-30 15:00:00,NA,NA,NA,NA,985.71,NA,NA,NA,1.67,NA,3.83,NA,NA,NA,NA,",ovc"
1878-03-30 21:00:00,14.44,NA,NA,5.18,NA,988.28,NA,NA,1.67,NA,3.89,NA,NA,NA,12,NA
1878-03-31,NA,NA,NA,NA,NA,NA,NA,NA,NA,NA,NA,2.22,9.83,NA,NA,",sn,"
1878-03-31 09:00:00,NA,NA,90,NA,NA,NA,0,NA,NA,NA,NA,NA,NA,NA,2.06,NA
1878-03-31 15:00:00,NA,NA,NA,NA,NA,NA,NA,NA,NA,NA,NA,NA,NA,NA,NA,NA
1878-03-31 21:00:00,NA,NA,0,NA,NA,NA,NA,NA,NA,NA,NA,NA,NA,NA,40,NA
1878-04-01,NA,NA,NA,NA,NA,NA,NA,NA,NA,NA,NA,-3.44,13.78,48.06,NA,NA
1878-04-01 09:00:00,16.11,NA,0,3.76,991.97,994.79,NA,NA,0,NA,3.06,NA,NA,NA,0.13,",skc,skc"
1878-04-01 15:00:00,NA,NA,NA,NA,NA,NA,NA,NA,0.56,NA,2.72,NA,NA,NA,NA,",skc,skc"
1878-04-01 21:00:00,17.22,NA,45,6.2,NA,992.48,NA,NA,0.56,NA,2.78,NA,13.78,NA,20,NA
1878-04-02,NA,NA,NA,NA,NA,NA,NA,NA,NA,NA,NA,-3.89,15.67,46.94,NA,NA
1878-04-02 09:00:00,16.67,0,315,3.83,991.74,994.65,NA,NA,0.17,NA,3.33,NA,NA,NA,2.68,",bkn"
1878-04-02 15:00:00,NA,NA,NA,NA,NA,NA,NA,NA,1.67,NA,2.72,NA,NA,NA,NA,",skc,skc"
1878-04-02 21:00:00,15.56,NA,225,6.06,NA,992.86,NA,NA,1.67,NA,2.78,NA,15.67,NA,20,NA
1878-04-03,NA,NA,NA,NA,NA,NA,NA,NA,NA,NA,NA,-1.72,16.44,48.89,NA,NA
1878-04-03 09:00:00,15,NA,180,4.88,990.04,992.69,NA,NA,4,NA,8.06,NA,NA,NA,6.48,",skc,skc"
1878-04-03 15:00:00,NA,NA,NA,NA,NA,NA,NA,NA,5.5,NA,10.56,NA,NA,NA,NA,",ovc"
1878-04-03 21:00:00,15,NA,180,4.98,NA,982.39,NA,NA,5.56,NA,10.56,NA,8.11,NA,36,NA
1878-04-04,NA,NA,NA,NA,NA,NA,NA,NA,NA,NA,NA,-3.06,12.06,48.89,NA,NA
1878-04-04 09:00:00,17.78,NA,315,3.93,978.12,981.24,NA,NA,4.06,NA,8.89,NA,NA,NA,1.12,",skc"
1878-04-04 15:00:00,NA,NA,NA,NA,NA,NA,NA,NA,NA,NA,NA,NA,NA,NA,NA,NA
1878-04-04 21:00:00,NA,NA,0,NA,NA,NA,NA,NA,NA,NA,NA,NA,12.06,NA,45,NA
1878-04-05,NA,NA,NA,NA,NA,NA,NA,NA,NA,NA,NA,-4.17,9.83,47.5,NA,NA
1878-04-05 09:00:00,17.22,NA,270,3.12,981.71,984.69,NA,NA,0,NA,3.61,NA,NA,NA,5.36,",bkn"
1878-04-05 15:00:00,NA,NA,NA,NA,NA,NA,NA,NA,0.17,NA,1.39,NA,NA,NA,NA,",skc"
1878-04-05 21:00:00,13.89,NA,0,5.22,NA,980.97,NA,NA,0.17,NA,1.39,NA,9.83,NA,11,NA
1878-04-06,NA,NA,NA,NA,NA,NA,NA,NA,NA,NA,NA,-0.56,10.94,31.94,NA,NA
1878-04-06 09:00:00,16.67,315,90,2.91,979.68,982.59,NA,NA,0.56,NA,5,NA,NA,NA,4.47,",ovc"
1878-04-06 15:00:00,NA,NA,NA,NA,NA,NA,NA,NA,1.67,NA,4.5,NA,NA,NA,NA,",ovc"
1878-04-06 21:00:00,17.78,NA,45,4.74,NA,984.08,NA,NA,1.67,NA,4.56,NA,10.94,NA,34,NA
1878-04-07,NA,NA,NA,NA,NA,NA,NA,NA,NA,NA,NA,-1.11,15.39,NA,NA,NA
1878-04-07 09:00:00,NA,NA,135,NA,NA,NA,NA,NA,NA,NA,NA,NA,NA,NA,1.34,NA
1878-04-07 21:00:00,NA,NA,135,NA,NA,NA,NA,NA,NA,NA,NA,NA,NA,NA,18,NA
1878-04-08,NA,NA,NA,NA,NA,NA,NA,NA,NA,NA,NA,6.39,10.22,48.06,NA,NA
1878-04-08 09:00:00,16.11,225,135,8.43,964.38,967.22,8.89,NA,6.39,NA,7.78,NA,NA,NA,15.65,",ovc,ovc"
1878-04-08 15:00:00,NA,NA,NA,NA,NA,NA,NA,NA,6.78,NA,7.17,NA,NA,NA,NA,",ovc,ovc"
1878-04-08 21:00:00,14.44,NA,180,9.52,NA,971.72,NA,NA,6.83,NA,7.22,NA,NA,NA,0,NA
1878-04-09,NA,NA,NA,NA,NA,NA,NA,NA,NA,NA,NA,2.5,7.72,NA,NA,NA
1878-04-09 09:00:00,16.11,0,315,8.8,966.51,969.35,10.41,NA,5.56,NA,5.83,NA,NA,NA,9.83,",ovc,ovc"
1878-04-09 15:00:00,NA,NA,NA,NA,NA,NA,NA,NA,2.72,NA,2.72,NA,NA,NA,NA,",ovc,ovc"
1878-04-09 21:00:00,15.56,0,315,7.42,NA,970.54,NA,NA,2.72,NA,2.78,NA,NA,NA,20,NA
1878-04-10,NA,NA,NA,NA,NA,NA,5.08,50.8,NA,NA,NA,0.28,4.67,17.22,NA,NA
1878-04-10 09:00:00,15,NA,NA,7.18,957.5,960.18,11.94,NA,2.78,NA,3.06,NA,NA,NA,11.18,",ovc,ovc"
1878-04-10 15:00:00,NA,NA,NA,NA,NA,NA,NA,NA,1.11,NA,1.11,NA,NA,NA,NA,",ovc,ovc"
1878-04-10 21:00:00,15.56,0,315,6.64,NA,960.38,NA,NA,1.11,NA,1.11,NA,-6.44,NA,21,NA
1878-04-11,NA,NA,NA,NA,NA,NA,NA,NA,NA,NA,NA,-0.11,3.5,24.44,NA,NA
1878-04-11 09:00:00,15.56,NA,270,6.06,958.72,961.46,12.7,NA,0.28,NA,0.56,NA,NA,NA,7.6,",ovc,ovc"
1878-04-11 15:00:00,NA,NA,NA,NA,NA,NA,NA,NA,0.83,NA,1.56,NA,NA,NA,NA,",ovc,ovc"
1878-04-11 21:00:00,17.22,NA,315,6.3,NA,971.96,NA,NA,0.83,NA,1.11,NA,3.5,NA,18,NA
1878-04-12,NA,NA,NA,NA,NA,NA,NA,NA,NA,NA,NA,-1.11,10.72,50.56,NA,NA
1878-04-12 09:00:00,16.67,NA,315,4.71,974.77,977.65,NA,NA,1.11,NA,3.33,NA,NA,NA,6.26,",skc"
1878-04-12 15:00:00,NA,NA,NA,NA,NA,NA,NA,NA,1.67,NA,2,NA,NA,NA,NA,",skc"
1878-04-12 21:00:00,13.33,NA,315,6.64,NA,984.08,NA,NA,2.17,NA,2,NA,10.72,NA,5,NA
1878-04-13,NA,NA,NA,NA,NA,NA,NA,NA,NA,NA,NA,-2.78,9.39,55.83,NA,NA
1878-04-13 09:00:00,NA,NA,90,NA,NA,NA,NA,NA,NA,NA,NA,NA,NA,NA,4.92,NA
1878-04-13 15:00:00,NA,NA,NA,NA,NA,NA,NA,NA,-1.11,NA,-0.44,NA,NA,NA,NA,",skc"
1878-04-13 21:00:00,15.56,NA,0,5.15,NA,992.55,NA,NA,-1.11,NA,-0.44,NA,9.39,NA,11,NA
1878-04-14,NA,NA,NA,NA,NA,NA,NA,NA,NA,NA,NA,-3.89,6.61,40.56,NA,NA
1878-04-14 09:00:00,NA,NA,90,NA,NA,NA,NA,NA,NA,NA,NA,NA,NA,NA,8.72,NA
1878-04-14 21:00:00,NA,NA,0,NA,NA,NA,NA,NA,NA,NA,NA,NA,6.61,NA,11,NA
1878-04-15,NA,NA,NA,NA,NA,NA,NA,NA,NA,NA,NA,-0.44,11.67,49.56,NA,NA
1878-04-15 09:00:00,19.44,NA,90,5.01,994.21,997.56,NA,NA,2.22,NA,5,NA,NA,NA,11.62,",bkn"
1878-04-15 15:00:00,NA,NA,NA,NA,NA,NA,NA,NA,1.89,NA,5.5,NA,NA,NA,NA,",skc"
1878-04-15 21:00:00,15,NA,45,4.13,NA,991.67,NA,NA,1.94,NA,5.56,NA,11.67,NA,15,NA
1878-04-16,NA,NA,NA,NA,NA,NA,2.54,25.4,NA,NA,NA,0.28,14.28,32.22,NA,NA
1878-04-16 09:00:00,16.67,225,45,6.33,985.13,988.05,4.32,NA,1.22,NA,1.67,NA,NA,NA,4.69,",ovc,ovc"
1878-04-16 15:00:00,NA,NA,NA,NA,NA,NA,NA,NA,4.94,NA,5.67,NA,NA,NA,NA,",skc"
1878-04-16 21:00:00,16.11,NA,90,8.16,NA,991.33,NA,NA,5,NA,5.72,NA,14.28,NA,45,NA
1878-04-17,NA,NA,NA,NA,NA,NA,NA,NA,NA,NA,NA,0.78,16.83,35,NA,NA
1878-04-17 09:00:00,16.67,NA,45,8.67,989.98,992.89,NA,NA,6.22,NA,7.22,NA,NA,NA,9.39,",ovc"
1878-04-17 15:00:00,NA,NA,NA,NA,NA,NA,NA,NA,9.94,NA,12.78,NA,NA,NA,NA,",ovc"
1878-04-17 21:00:00,17.22,90,45,10.02,NA,986.32,NA,NA,10,NA,11.67,NA,16.83,NA,20,NA
1878-04-18,NA,NA,NA,NA,NA,NA,NA,NA,NA,NA,NA,7.22,12.89,14.44,NA,NA
1878-04-18 09:00:00,20.56,NA,90,7.38,980.12,983.64,11.94,NA,7.22,NA,10.56,NA,NA,NA,6.71,",ovc,ovc"
1878-04-18 15:00:00,NA,NA,NA,NA,NA,NA,NA,NA,7.72,NA,8.89,NA,NA,NA,NA,",ovc,ovc"
1878-04-18 21:00:00,18.33,45,90,9.55,NA,984.29,NA,NA,7.78,NA,8.89,NA,12.89,NA,19,NA
1878-04-19,NA,NA,NA,NA,NA,NA,NA,NA,NA,NA,NA,4.44,17.06,52.22,NA,NA
1878-04-19 09:00:00,NA,0,315,NA,NA,NA,NA,NA,NA,NA,NA,NA,NA,NA,5.14,NA
1878-04-19 15:00:00,NA,NA,NA,NA,NA,NA,NA,NA,NA,NA,NA,NA,NA,NA,NA,NA
1878-04-19 21:00:00,NA,NA,0,NA,NA,NA,NA,NA,NA,NA,NA,NA,17.06,NA,15,NA
1878-04-20,NA,NA,NA,NA,NA,NA,NA,NA,NA,NA,NA,3.33,17.61,51.11,NA,NA
1878-04-20 09:00:00,20.56,NA,135,9.11,980.66,984.19,NA,NA,7.78,NA,9.44,NA,NA,NA,4.92,",ovc,ovc"
1878-04-20 15:00:00,NA,NA,NA,NA,NA,NA,NA,NA,7.5,NA,8.89,NA,NA,NA,NA,",skc"
1878-04-20 21:00:00,18.89,NA,315,9.21,NA,985.78,NA,NA,7.56,NA,8.89,NA,17.61,NA,1,NA
1878-04-21,NA,NA,NA,NA,NA,NA,NA,NA,NA,NA,NA,2.22,17.89,53.33,NA,NA
1878-04-21 09:00:00,NA,90,45,NA,NA,NA,NA,NA,NA,NA,NA,NA,NA,NA,7.15,NA
1878-04-21 21:00:00,NA,NA,45,NA,NA,NA,NA,NA,NA,NA,NA,NA,17.89,NA,45,NA
1878-04-22,NA,NA,NA,NA,NA,NA,NA,NA,NA,NA,NA,4.44,10.67,NA,NA,NA
1878-04-22 09:00:00,16.11,NA,315,8.26,973.18,976.03,26.67,NA,5,NA,5.56,NA,NA,NA,6.71,",ovc,ovc"
1878-04-22 15:00:00,NA,NA,NA,NA,NA,NA,NA,NA,6.61,NA,6.33,NA,NA,NA,NA,",ovc,ovc"
1878-04-22 21:00:00,16.67,45,0,8.47,NA,974.26,NA,NA,5.56,NA,5.83,NA,NA,NA,45,NA
1878-04-23,NA,NA,NA,NA,NA,NA,0,0,NA,NA,NA,4.72,9.17,30,NA,NA
1878-04-23 09:00:00,20,45,315,10.29,969.62,973.05,3.81,NA,7.72,NA,8,NA,NA,NA,10.51,",ovc,ovc"
1878-04-23 15:00:00,NA,NA,NA,NA,NA,NA,NA,NA,6.39,NA,7.17,NA,NA,NA,NA,",ovc,ovc"
1878-04-23 21:00:00,18.33,0,315,8.97,NA,975.62,NA,NA,6.44,NA,7.22,NA,9.17,NA,NA,NA
1878-04-24,NA,NA,NA,NA,NA,NA,NA,NA,NA,NA,NA,3.22,15.11,31.11,NA,NA
1878-04-24 09:00:00,18.33,NA,0,9.21,976.23,979.45,1.27,NA,7.22,NA,8.33,NA,NA,NA,8.05,",ovc,ovc"
1878-04-24 15:00:00,NA,NA,NA,NA,NA,NA,NA,NA,6.33,NA,8.44,NA,NA,NA,NA,",skc,skc"
1878-04-24 21:00:00,17.22,NA,315,7.86,NA,983.68,NA,NA,6.39,NA,8.44,NA,15.11,NA,23,NA
1878-04-25,NA,NA,NA,NA,NA,NA,NA,NA,NA,NA,NA,0.22,15.67,47.22,NA,NA
1878-04-25 09:00:00,17.22,NA,135,5.38,985.98,988.96,NA,NA,3.06,NA,5.83,NA,NA,NA,6.03,",skc,skc"
1878-04-25 15:00:00,NA,NA,NA,NA,NA,NA,NA,NA,4.22,NA,7.67,NA,NA,NA,NA,",skc,skc"
1878-04-25 21:00:00,16.67,NA,0,5.49,NA,988.89,NA,NA,4.28,NA,7.72,NA,15.67,NA,20,NA
1878-04-26,NA,NA,NA,NA,NA,NA,NA,NA,NA,NA,NA,2.33,23.56,52.78,NA,NA
1878-04-26 09:00:00,18.33,315,0,7.38,987.91,991.13,NA,NA,7.22,NA,10.56,NA,NA,NA,5.36,",skc,skc"
1878-04-26 15:00:00,NA,NA,NA,NA,NA,NA,NA,NA,NA,NA,NA,NA,NA,NA,NA,",frst"
1878-04-26 21:00:00,NA,NA,NA,NA,NA,NA,NA,NA,NA,NA,NA,NA,23.56,NA,0,NA
1878-04-27,NA,NA,NA,NA,NA,NA,NA,NA,NA,NA,NA,6.33,19.89,55.56,NA,NA
1878-04-27 09:00:00,17.22,NA,135,8.47,990.38,993.43,NA,NA,7.5,NA,9.72,NA,NA,NA,11.18,",ovc"
1878-04-27 15:00:00,NA,NA,NA,NA,NA,NA,NA,NA,7.72,NA,10,NA,NA,NA,NA,",skc,skc"
1878-04-27 21:00:00,16.67,NA,45,8.67,NA,990.38,NA,NA,7.78,NA,10,NA,19.89,NA,27,NA
1878-04-28,NA,NA,NA,NA,NA,NA,NA,NA,NA,NA,NA,7.72,19.89,54.44,NA,NA
1878-04-28 09:00:00,NA,NA,180,NA,NA,NA,NA,NA,NA,NA,NA,NA,NA,NA,8.94,NA
1878-04-28 21:00:00,NA,NA,180,NA,NA,NA,NA,NA,NA,NA,NA,NA,19.89,NA,13,NA
1878-04-29,NA,NA,NA,NA,NA,NA,NA,NA,NA,NA,NA,7.22,21.72,58.33,NA,NA
1878-04-29 09:00:00,19.44,270,270,12.29,978.33,981.71,8.89,NA,12.5,NA,15,NA,NA,NA,7.38,",skc"
1878-04-29 15:00:00,NA,NA,NA,NA,NA,NA,NA,NA,8.83,NA,11.11,NA,NA,NA,NA,",ovc,ovc"
1878-04-29 21:00:00,20,NA,135,9.48,NA,976.3,NA,NA,8.89,NA,11.11,NA,21.72,NA,19,NA
1878-04-30,NA,NA,NA,NA,NA,NA,0,0,NA,NA,NA,5.17,16.12,54.44,NA,NA
1878-04-30 09:00:00,21.11,NA,NA,8.23,971.96,975.62,1.02,NA,7.5,NA,10,NA,NA,NA,NA,",bkn"
1878-04-30 15:00:00,NA,NA,NA,NA,NA,NA,NA,NA,6.61,NA,8.89,NA,NA,NA,NA,",skc"
1878-04-30 21:00:00,16.67,NA,180,7.92,NA,975.96,NA,NA,6.67,NA,8.89,NA,16.22,NA,18,NA
1878-05-01,NA,NA,NA,NA,NA,NA,NA,NA,NA,NA,NA,NA,NA,49.28,NA,NA
1878-05-01 09:00:00,18.33,NA,270,5.32,NA,979.58,0.25,NA,4.17,NA,7.78,NA,NA,NA,11.62,",skc"
1878-05-01 15:00:00,NA,NA,NA,NA,NA,NA,NA,NA,NA,NA,NA,NA,NA,NA,NA,",skc"
1878-05-01 21:00:00,17.22,NA,0,NA,NA,977.92,NA,NA,NA,NA,NA,NA,NA,NA,45,NA
1878-05-02,NA,NA,NA,NA,NA,NA,NA,NA,NA,NA,NA,-1.67,4.67,12.22,NA,NA
1878-05-02 09:00:00,19.44,NA,0,6.6,NA,975.69,NA,NA,1.78,NA,2.22,NA,NA,NA,5.36,",ovc"
1878-05-02 15:00:00,NA,NA,NA,NA,NA,NA,NA,NA,3.83,NA,4.94,NA,NA,NA,NA,",skc,skc"
1878-05-02 21:00:00,15,315,315,7.15,NA,980.7,NA,NA,3.89,NA,5,NA,NA,NA,22,NA
1878-05-03,NA,NA,NA,NA,NA,NA,1.651,16.51,NA,NA,NA,-2.78,2.28,41.11,NA,NA
1878-05-03 09:00:00,12.78,0,315,5.32,NA,981.31,12.7,NA,-1.39,NA,-1.11,NA,NA,NA,14.3,",ovc,ovc"
1878-05-03 15:00:00,NA,NA,NA,NA,NA,NA,NA,NA,0,NA,1.67,NA,NA,NA,NA,",bkn"
1878-05-03 21:00:00,NA,NA,315,4.81,NA,986.52,NA,NA,0,NA,1.67,NA,NA,NA,17,NA
1878-05-04,NA,NA,NA,NA,NA,NA,NA,NA,NA,NA,NA,-2.22,15.39,48.44,NA,NA
1878-05-04 09:00:00,13.33,NA,315,5.82,NA,985.68,NA,NA,1.83,NA,3.33,NA,NA,NA,6.71,",skc"
1878-05-04 15:00:00,NA,NA,NA,NA,NA,NA,NA,NA,3.28,NA,5.5,NA,NA,NA,NA,",skc,skc"
1878-05-04 21:00:00,20,NA,0,5.96,NA,982.73,NA,NA,3.33,NA,5.56,NA,NA,NA,2,NA
1878-05-05,NA,NA,NA,NA,NA,NA,NA,NA,NA,NA,NA,2.22,21,55.83,NA,NA
1878-05-05 09:00:00,NA,NA,135,NA,NA,NA,NA,NA,NA,NA,NA,NA,NA,NA,6.71,NA
1878-05-05 15:00:00,NA,NA,NA,NA,NA,NA,NA,NA,5.5,NA,6.83,NA,NA,NA,NA,NA
1878-05-05 21:00:00,NA,NA,225,7.96,NA,NA,NA,NA,5.56,NA,6.89,NA,NA,NA,11,NA
1878-05-06,NA,NA,NA,NA,NA,NA,NA,NA,NA,NA,NA,2.44,15.61,50.28,NA,NA
1878-05-06 09:00:00,18.89,0,315,9.31,NA,977.65,0.51,NA,8.06,NA,9.72,NA,NA,NA,6.26,",bkn"
1878-05-06 15:00:00,NA,NA,NA,NA,NA,NA,NA,NA,4.94,NA,6.61,NA,NA,NA,NA,",skc,skc"
1878-05-06 21:00:00,13.89,NA,0,7.35,NA,982.05,NA,NA,5,NA,6.67,NA,NA,NA,2,NA
1878-05-07,NA,NA,NA,NA,NA,NA,NA,NA,NA,NA,NA,2.22,19,55.56,NA,NA
1878-05-07 09:00:00,16.11,270,180,7.96,NA,980.63,NA,NA,8.33,NA,11.94,NA,NA,NA,7.15,",ovc"
1878-05-07 15:00:00,NA,NA,NA,NA,NA,NA,NA,NA,3.28,NA,4.67,NA,NA,NA,NA,",ovc"
1878-05-07 21:00:00,13.89,315,315,6.64,NA,982.19,NA,NA,3.33,NA,4.72,NA,NA,NA,18,NA
1878-05-08,NA,NA,NA,NA,NA,NA,NA,NA,NA,NA,NA,2.5,12.61,49.72,NA,NA
1878-05-08 09:00:00,15.56,45,315,6.91,NA,984.08,2.54,NA,5,NA,7.22,NA,NA,NA,13.41,",ovc"
1878-05-08 15:00:00,NA,NA,NA,NA,NA,NA,NA,NA,2.5,NA,3.28,NA,NA,NA,NA,",skc"
1878-05-08 21:00:00,13.89,0,0,6.87,NA,991.94,NA,NA,2.5,NA,3.33,NA,NA,NA,17,NA
1878-05-09,NA,NA,NA,NA,NA,NA,NA,NA,NA,NA,NA,0.44,9.72,47.78,NA,NA
1878-05-09 09:00:00,15.56,0,315,5.32,NA,997.63,1.02,NA,1.11,NA,2.78,NA,NA,NA,9.83,",ovc"
1878-05-09 15:00:00,NA,NA,NA,NA,NA,NA,NA,NA,0.78,NA,3.28,NA,NA,NA,NA,",ovc"
1878-05-09 21:00:00,17.22,NA,0,4.5,NA,998.31,NA,NA,0.78,NA,3.33,NA,NA,NA,45,NA
1878-05-10,NA,NA,NA,NA,NA,NA,NA,NA,NA,NA,NA,-2.22,7.11,49.72,NA,NA
1878-05-10 09:00:00,16.67,0,315,5.45,NA,997.97,NA,NA,2.22,NA,4.44,NA,NA,NA,5.81,",ovc,ovc"
1878-05-10 15:00:00,NA,NA,NA,NA,NA,NA,NA,NA,0.56,NA,2.22,NA,NA,NA,NA,",bkn"
1878-05-10 21:00:00,12.78,0,0,5.05,NA,998.48,NA,NA,0.56,NA,2.22,NA,NA,NA,34,NA
1878-05-11,NA,NA,NA,NA,NA,NA,NA,NA,NA,NA,NA,-2.5,10,46.94,NA,NA
1878-05-11 09:00:00,15.56,45,0,5.18,NA,1002.17,NA,NA,1.67,NA,3.89,NA,NA,NA,7.15,",bkn"
1878-05-11 15:00:00,NA,NA,NA,NA,NA,NA,NA,NA,NA,NA,NA,NA,NA,NA,NA,",skc,skc"
1878-05-11 21:00:00,15.56,NA,0,NA,NA,1000.54,NA,NA,NA,NA,NA,NA,NA,NA,11,NA
1878-05-12,NA,NA,NA,NA,NA,NA,NA,NA,NA,NA,NA,-3.33,14.28,48.06,NA,NA
1878-05-12 09:00:00,NA,NA,315,NA,NA,NA,NA,NA,NA,NA,NA,NA,NA,NA,4.92,NA
1878-05-12 21:00:00,NA,NA,0,NA,NA,NA,NA,NA,NA,NA,NA,NA,NA,NA,27,NA
1878-05-13,NA,NA,NA,NA,NA,NA,NA,NA,NA,NA,NA,-2.78,15.33,49.17,NA,NA
1878-05-13 09:00:00,14.44,NA,135,4.77,NA,997.97,NA,NA,4.44,NA,8.89,NA,NA,NA,3.58,",skc"
1878-05-13 15:00:00,NA,NA,NA,NA,NA,NA,NA,NA,3.28,NA,5.5,NA,NA,NA,NA,",skc"
1878-05-13 21:00:00,16.11,NA,NA,5.96,NA,997.83,NA,NA,3.89,NA,5.56,NA,NA,NA,0,NA
1878-05-14,NA,NA,NA,NA,NA,NA,NA,NA,NA,NA,NA,2.5,17.89,55,NA,NA
1878-05-14 09:00:00,17.22,NA,180,5.93,NA,993.06,NA,NA,6.67,NA,11.39,NA,NA,NA,7.6,",skc"
1878-05-14 15:00:00,NA,NA,NA,NA,NA,NA,NA,NA,4.39,NA,4.94,NA,NA,NA,NA,",ovc"
1878-05-14 21:00:00,14.44,270,0,7.89,NA,989.98,NA,NA,4.44,NA,5,NA,NA,NA,16,NA
1878-05-15,NA,NA,NA,NA,NA,NA,NA,NA,NA,NA,NA,-0.72,13.06,51.67,NA,NA
1878-05-15 09:00:00,14.44,NA,0,5.45,NA,991.2,NA,NA,2.72,NA,4.44,NA,NA,NA,6.26,",skc"
1878-05-15 15:00:00,NA,NA,NA,NA,NA,NA,NA,NA,3.28,NA,4.39,NA,NA,NA,NA,",skc,skc"
1878-05-15 21:00:00,14.44,NA,0,6.84,NA,990.45,NA,NA,3.33,NA,4.44,NA,NA,NA,20,NA
1878-05-16,NA,NA,NA,NA,NA,NA,NA,NA,NA,NA,NA,-1.56,15.56,53.33,NA,NA
1878-05-16 09:00:00,16.67,0,90,7.42,NA,991.6,NA,NA,6.94,NA,10,NA,NA,NA,1.79,",bkn"
1878-05-16 15:00:00,NA,NA,NA,NA,NA,NA,NA,NA,7.56,NA,7.89,NA,NA,NA,NA,",skc,skc"
1878-05-16 21:00:00,18.33,NA,0,10.13,NA,992.55,NA,NA,7.61,NA,7.94,NA,NA,NA,27,NA
1878-05-17,NA,NA,NA,NA,NA,NA,NA,NA,NA,NA,NA,2.78,15.94,54.06,NA,NA
1878-05-17 09:00:00,17.78,NA,90,12.19,NA,994.24,NA,NA,11.39,NA,12.83,NA,NA,NA,5.36,",skc"
1878-05-17 15:00:00,NA,NA,NA,NA,NA,NA,NA,NA,7.17,NA,11.06,NA,NA,NA,NA,",bkn"
1878-05-17 21:00:00,16.67,NA,90,6.64,NA,991.57,NA,NA,7.22,NA,11.11,NA,NA,NA,20,NA
1878-05-18,NA,NA,NA,NA,NA,NA,NA,NA,NA,NA,NA,5.28,19.28,52.22,NA,NA
1878-05-18 09:00:00,16.67,135,135,8.36,NA,989.64,NA,NA,9.44,NA,13.61,NA,NA,NA,7.15,",ovc"
1878-05-18 15:00:00,NA,NA,NA,NA,NA,NA,NA,NA,8.83,NA,13.06,NA,NA,NA,NA,",ovc,ovc"
1878-05-18 21:00:00,16.11,NA,90,8.16,NA,985,NA,NA,8.89,NA,13.06,NA,NA,NA,27,NA
1878-05-19,NA,NA,NA,NA,NA,NA,NA,NA,NA,NA,NA,7.22,12.89,16.11,NA,NA
1878-05-19 09:00:00,NA,NA,90,NA,NA,NA,15.49,NA,NA,NA,NA,NA,NA,NA,3.58,NA
1878-05-19 15:00:00,NA,NA,NA,NA,NA,NA,NA,NA,6.06,NA,7.72,NA,NA,NA,NA,NA
1878-05-19 21:00:00,NA,NA,45,8.03,NA,NA,NA,NA,6.11,NA,7.78,NA,NA,NA,27,NA
1878-05-20,NA,NA,NA,NA,NA,NA,NA,NA,NA,NA,NA,1.11,14.89,48.33,NA,NA
1878-05-20 09:00:00,16.67,0,0,7.15,NA,993.3,NA,NA,3.89,NA,5,NA,NA,NA,8.94,",ovc"
1878-05-20 15:00:00,NA,NA,NA,NA,NA,NA,NA,NA,NA,NA,NA,NA,NA,NA,NA,",skc"
1878-05-20 21:00:00,16.67,NA,0,NA,NA,996.07,NA,NA,NA,NA,NA,NA,NA,NA,11,NA
1878-05-21,NA,NA,NA,NA,NA,NA,NA,NA,NA,NA,NA,0.56,22.11,52.78,NA,NA
1878-05-21 09:00:00,18.89,NA,180,7.31,NA,998.38,NA,NA,7.78,NA,11.67,NA,NA,NA,2.24,",skc,skc"
1878-05-21 15:00:00,NA,NA,NA,NA,NA,NA,NA,NA,11.61,NA,14.44,NA,NA,NA,NA,",skc,skc"
1878-05-21 21:00:00,17.78,NA,135,11.31,NA,992.01,NA,NA,11.67,NA,14.44,NA,NA,NA,45,NA
1878-05-22,NA,NA,NA,NA,NA,NA,NA,NA,NA,NA,NA,10.17,15.39,NA,NA,NA
1878-05-22 09:00:00,17.78,180,135,12.16,NA,984.49,25.4,NA,10.56,NA,11.11,NA,NA,NA,13.41,",ovc,ovc"
1878-05-22 15:00:00,NA,NA,NA,NA,NA,NA,NA,NA,13.56,NA,13.89,NA,NA,NA,NA,",skc,skc"
1878-05-22 21:00:00,20,NA,135,15.14,NA,974.87,NA,NA,13.61,NA,13.89,NA,NA,NA,31,NA
1878-05-23,NA,NA,NA,NA,NA,NA,NA,NA,NA,NA,NA,11.11,17.89,53.33,NA,NA
1878-05-23 09:00:00,19.44,225,180,12.73,NA,971.35,11.43,NA,12.22,NA,13.89,NA,NA,NA,8.94,",ovc"
1878-05-23 15:00:00,NA,NA,NA,NA,NA,NA,NA,NA,11.06,NA,12.78,NA,NA,NA,NA,",ovc"
1878-05-23 21:00:00,17.78,270,225,11.75,NA,969.52,NA,NA,11.11,NA,12.78,NA,NA,NA,15,NA
1878-05-24,NA,NA,NA,NA,NA,NA,NA,NA,NA,NA,NA,7.22,13.72,43.33,NA,NA
1878-05-24 09:00:00,NA,NA,315,NA,NA,NA,11.43,NA,NA,NA,NA,NA,NA,NA,10.06,NA
1878-05-24 21:00:00,NA,NA,315,NA,NA,NA,NA,NA,NA,NA,NA,NA,NA,NA,28,NA
1878-05-25,NA,NA,NA,NA,NA,NA,NA,NA,NA,NA,NA,5.83,10.39,28.33,NA,NA
1878-05-25 09:00:00,18.33,315,315,9.82,NA,983.95,0.76,NA,8.33,NA,9.61,NA,NA,NA,11.18,",ovc,ovc"
1878-05-25 15:00:00,NA,NA,NA,NA,NA,NA,NA,NA,5.56,NA,6.72,NA,NA,NA,NA,",ovc,ovc"
1878-05-25 21:00:00,17.78,NA,315,8.13,NA,986.66,NA,NA,5.61,NA,6.78,NA,NA,NA,21,NA
1878-05-26,NA,NA,NA,NA,NA,NA,NA,NA,NA,NA,NA,6.11,16.5,55.28,NA,NA
1878-05-26 09:00:00,NA,NA,0,NA,NA,NA,NA,NA,NA,NA,NA,NA,NA,NA,8.94,NA
1878-05-26 21:00:00,NA,NA,0,NA,NA,NA,NA,NA,NA,NA,NA,NA,NA,NA,12,NA
1878-05-27,NA,NA,NA,NA,NA,NA,NA,NA,NA,NA,NA,3.61,18.17,52.78,NA,NA
1878-05-27 09:00:00,17.78,45,45,7.92,NA,993.7,NA,NA,6.67,NA,8.89,NA,NA,NA,12.52,",ovc"
1878-05-27 15:00:00,NA,NA,NA,NA,NA,NA,NA,NA,6.94,NA,13,NA,NA,NA,NA,",skc,skc"
1878-05-27 21:00:00,17.22,NA,315,5.11,NA,993.7,NA,NA,7,NA,13,NA,NA,NA,11,NA
1878-05-28,NA,NA,NA,NA,NA,NA,NA,NA,NA,NA,NA,2.17,18.17,53.17,NA,NA
1878-05-28 09:00:00,18.89,NA,0,5.62,NA,997.97,NA,NA,7.22,NA,13.06,NA,NA,NA,2.46,",skc,skc"
1878-05-28 15:00:00,NA,NA,NA,NA,NA,NA,NA,NA,6.33,NA,8.28,NA,NA,NA,NA,",skc,skc"
1878-05-28 21:00:00,16.67,NA,315,7.99,NA,995.8,NA,NA,6.39,NA,8.33,NA,NA,NA,27,NA
1878-05-29,NA,NA,NA,NA,NA,NA,NA,NA,NA,NA,NA,3.89,21,53.33,NA,NA
1878-05-29 09:00:00,15.56,NA,135,8.16,NA,995.6,NA,NA,8.61,NA,12.22,NA,NA,NA,0.45,",skc,skc"
1878-05-29 15:00:00,NA,NA,NA,NA,NA,NA,NA,NA,10.78,NA,13.33,NA,NA,NA,NA,",ovc"
1878-05-29 21:00:00,17.22,NA,135,10.84,NA,992.28,NA,NA,10.83,NA,13.33,NA,NA,NA,16,NA
1878-05-30,NA,NA,NA,NA,NA,NA,NA,NA,NA,NA,NA,11.39,18.56,36.11,NA,NA
1878-05-30 09:00:00,16.11,NA,180,9.89,NA,991.74,0.25,NA,9.72,NA,12.22,NA,NA,NA,7.15,",ovc,ovc"
1878-05-30 15:00:00,NA,NA,NA,NA,NA,NA,NA,NA,12.17,NA,13.33,NA,NA,NA,NA,",ovc,ovc"
1878-05-30 21:00:00,16.67,225,135,13.17,NA,986.59,NA,NA,11.67,NA,13.33,NA,NA,NA,20,NA
1878-05-31,NA,NA,NA,NA,NA,NA,NA,NA,NA,NA,NA,10,21.56,57.17,NA,",skc,"
1878-05-31 09:00:00,17.22,NA,180,11.95,NA,983.61,NA,NA,13.33,NA,17.22,NA,NA,NA,13.41,",skc"
1878-05-31 15:00:00,NA,NA,NA,NA,NA,NA,NA,NA,10.61,NA,12.22,NA,NA,NA,NA,",skc,skc"
1878-05-31 21:00:00,17.22,NA,225,11.41,NA,986.66,NA,NA,10.67,NA,12.22,NA,NA,NA,27,NA
1878-06-01,NA,NA,NA,NA,NA,NA,NA,NA,NA,NA,NA,7.78,19.33,57.22,NA,",missing,"
1878-06-01 09:00:00,16.11,NA,0,9.89,NA,990.72,NA,NA,10.28,NA,13.33,NA,NA,NA,3.58,",bkn"
1878-06-01 15:00:00,NA,NA,NA,NA,NA,NA,NA,NA,8.83,NA,11.11,NA,NA,NA,NA,",skc"
1878-06-01 21:00:00,17.78,135,0,9.28,NA,987.88,NA,NA,8.89,NA,11.39,NA,NA,NA,45,NA
1878-06-02,NA,NA,NA,NA,NA,NA,NA,NA,NA,NA,NA,7.61,20.44,59.17,NA,",au,"
1878-06-02 09:00:00,NA,NA,0,NA,NA,NA,NA,NA,NA,NA,NA,NA,NA,NA,8.27,NA
1878-06-02 21:00:00,NA,NA,0,NA,NA,NA,NA,NA,NA,NA,NA,NA,NA,NA,19,NA
1878-06-03,NA,NA,NA,NA,NA,NA,NA,NA,NA,NA,NA,5.28,21.33,55.56,NA,",au,"
1878-06-03 09:00:00,15.56,NA,0,7.21,NA,986.46,NA,NA,9.72,NA,15.56,NA,NA,NA,11.22,",skc,skc"
1878-06-03 15:00:00,NA,NA,NA,NA,NA,NA,NA,NA,7.72,NA,9.44,NA,NA,NA,NA,",skc,skc"
1878-06-03 21:00:00,16.67,NA,315,9.11,NA,991.87,NA,NA,7.78,NA,9.44,NA,NA,NA,14,NA
1878-06-04,NA,NA,NA,NA,NA,NA,NA,NA,NA,NA,NA,3.67,19.61,50.83,NA,NA
1878-06-04 09:00:00,12.78,NA,0,8.43,NA,996.28,NA,NA,8.06,NA,10.83,NA,NA,NA,7.38,",skc"
1878-06-04 15:00:00,NA,NA,NA,NA,NA,NA,NA,NA,7.17,NA,9.44,NA,NA,NA,NA,",skc,skc"
1878-06-04 21:00:00,14.44,NA,45,8.3,NA,996.61,NA,NA,7.22,NA,9.44,NA,NA,NA,5,NA
1878-06-05,NA,NA,NA,NA,NA,NA,NA,NA,NA,NA,NA,3.89,22.11,58.06,NA,NA
1878-06-05 09:00:00,14.44,NA,180,10.19,NA,995.33,NA,NA,11.39,NA,15.28,NA,NA,NA,6.03,",ovc"
1878-06-05 15:00:00,NA,NA,NA,NA,NA,NA,NA,NA,10.22,NA,12.22,NA,NA,NA,NA,",skc"
1878-06-05 21:00:00,16.67,NA,NA,10.8,NA,993.5,NA,NA,10.28,NA,12.22,NA,NA,NA,NA,NA
1878-06-06,NA,NA,NA,NA,NA,NA,NA,NA,NA,NA,NA,6.11,26.78,NA,NA,NA
1878-06-06 09:00:00,16.67,NA,0,9.58,NA,993.57,NA,NA,12.22,NA,17.78,NA,NA,NA,2.01,",skc,skc"
1878-06-06 15:00:00,NA,NA,NA,NA,NA,NA,NA,NA,13.83,NA,17.22,NA,NA,NA,NA,",bkn"
1878-06-06 21:00:00,18.33,NA,225,12.97,NA,989.5,NA,NA,13.89,NA,17.22,NA,NA,NA,27,NA
1878-06-07,NA,NA,NA,NA,NA,NA,NA,NA,NA,NA,NA,11.39,20.72,44.72,NA,NA
1878-06-07 09:00:00,17.22,315,180,12.87,NA,985.64,NA,NA,14.44,NA,18.61,NA,NA,NA,7.6,",ovc"
1878-06-07 15:00:00,NA,NA,NA,NA,NA,NA,NA,NA,12.72,NA,14.44,NA,NA,NA,NA,",skc"
1878-06-07 21:00:00,18.33,NA,135,13.24,NA,980.36,NA,NA,12.78,NA,14.44,NA,NA,NA,34,NA
1878-06-08,NA,NA,NA,NA,NA,NA,NA,NA,NA,NA,NA,11.11,27.67,52.5,NA,",ra,"
1878-06-08 09:00:00,17.22,135,180,13.99,NA,982.53,3.81,NA,14.44,NA,17.22,NA,NA,NA,4.47,",ovc"
1878-06-08 15:00:00,NA,NA,NA,NA,NA,NA,NA,NA,13.83,NA,16.67,NA,NA,NA,NA,",bkn"
1878-06-08 21:00:00,18.33,NA,135,13.41,NA,983.75,NA,NA,13.89,NA,16.67,NA,NA,NA,40,NA
1878-06-09,NA,NA,NA,NA,NA,NA,NA,NA,NA,NA,NA,11.28,26.5,62.22,NA,",au,"
1878-06-09 09:00:00,NA,NA,90,NA,NA,NA,NA,NA,NA,NA,NA,NA,NA,NA,4.92,NA
1878-06-09 21:00:00,NA,NA,0,NA,NA,NA,NA,NA,NA,NA,NA,NA,NA,NA,0,NA
1878-06-10,NA,NA,NA,NA,NA,NA,NA,NA,NA,NA,NA,8.89,25.67,62.22,NA,NA
1878-06-10 09:00:00,17.78,NA,135,13.17,NA,991.53,NA,NA,14.44,NA,18.33,NA,NA,NA,NA,",skc,skc"
1878-06-10 15:00:00,NA,NA,NA,NA,NA,NA,NA,NA,11.61,NA,15,NA,NA,NA,NA,",skc,skc"
1878-06-10 21:00:00,17.78,NA,45,10.87,NA,990.86,NA,NA,11.67,NA,15,NA,NA,NA,16,NA
1878-06-11,NA,NA,NA,NA,NA,NA,NA,NA,NA,NA,NA,9.17,28.72,64.44,NA,NA
1878-06-11 09:00:00,18.33,NA,90,12.63,NA,990.86,NA,NA,14.44,NA,18.89,NA,NA,NA,3.8,",skc,skc"
1878-06-11 15:00:00,NA,NA,NA,NA,NA,NA,NA,NA,NA,NA,NA,NA,NA,NA,NA,NA
1878-06-11 21:00:00,NA,NA,0,NA,NA,NA,NA,NA,NA,NA,NA,NA,NA,NA,11,NA
1878-06-12,NA,NA,NA,NA,NA,NA,NA,NA,NA,NA,NA,9.44,30.39,60.83,NA,NA
1878-06-12 09:00:00,18.89,NA,90,11.95,NA,993.84,NA,NA,15,NA,21.11,NA,NA,NA,4.47,",skc,skc"
1878-06-12 15:00:00,NA,NA,NA,NA,NA,NA,NA,NA,12.72,NA,16.67,NA,NA,NA,NA,",skc,skc"
1878-06-12 21:00:00,20.56,NA,90,11.45,NA,995.6,NA,NA,12.78,NA,16.67,NA,NA,NA,20,NA
1878-06-13,NA,NA,NA,NA,NA,NA,NA,NA,NA,NA,NA,9.67,29.28,63.06,NA,NA
1878-06-13 09:00:00,18.33,225,135,14.83,NA,997.49,NA,NA,15.94,NA,19.72,NA,NA,NA,5.36,",bkn"
1878-06-13 15:00:00,NA,NA,NA,NA,NA,NA,NA,NA,13.28,NA,15,NA,NA,NA,NA,",skc,skc"
1878-06-13 21:00:00,20,180,135,13.75,NA,995.6,NA,NA,13.33,NA,15,NA,NA,NA,5,NA
1878-06-14,NA,NA,NA,NA,NA,NA,NA,NA,NA,NA,NA,9.72,21.83,62.5,NA,",ra,"
1878-06-14 09:00:00,18.89,NA,135,13.27,NA,993.16,5.08,NA,15.94,NA,21.67,NA,NA,NA,5.81,",skc,skc"
1878-06-14 15:00:00,NA,NA,NA,NA,NA,NA,NA,NA,12.72,NA,13.17,NA,NA,NA,NA,",ovc"
1878-06-14 21:00:00,18.89,NA,90,14.22,NA,990.52,NA,NA,12.78,NA,13.17,NA,NA,NA,20,NA
1878-06-15,NA,NA,NA,NA,NA,NA,NA,NA,NA,NA,NA,9.72,22.78,57.44,NA,",ra,"
1878-06-15 09:00:00,17.78,0,270,16.09,NA,988.08,3.3,NA,15.56,NA,17.22,NA,NA,NA,4.92,",skc"
1878-06-15 15:00:00,NA,NA,NA,NA,NA,NA,NA,NA,11.61,NA,12.28,NA,NA,NA,NA,",skc"
1878-06-15 21:00:00,16.67,NA,0,13.14,NA,988.49,NA,NA,11.67,NA,12.28,NA,NA,NA,27,NA
1878-06-16,NA,NA,NA,NA,NA,NA,NA,NA,NA,NA,NA,5.83,25.67,67.22,NA,NA
1878-06-16 09:00:00,NA,NA,0,NA,NA,NA,NA,NA,NA,NA,NA,NA,NA,NA,4.02,NA
1878-06-16 21:00:00,NA,NA,90,NA,NA,NA,NA,NA,NA,NA,NA,NA,NA,NA,5,NA
1878-06-17,NA,NA,NA,NA,NA,NA,NA,NA,NA,NA,NA,9.83,26.61,64.5,NA,NA
1878-06-17 09:00:00,17.22,NA,135,15.81,NA,989.64,NA,NA,16.67,NA,20.28,NA,NA,NA,7.6,",skc"
1878-06-17 15:00:00,NA,NA,NA,NA,NA,NA,NA,NA,17.72,NA,21.61,NA,NA,NA,NA,",ovc"
1878-06-17 21:00:00,21.11,180,135,10.19,NA,984.63,NA,NA,17.78,NA,21.67,NA,NA,NA,18,NA
1878-06-18,NA,NA,NA,NA,NA,NA,NA,NA,NA,NA,NA,14.94,28.72,66.67,NA,",lt,"
1878-06-18 09:00:00,20.56,270,180,17.51,NA,981.85,NA,NA,18.06,NA,21.67,NA,NA,NA,6.48,",skc"
1878-06-18 15:00:00,NA,NA,NA,NA,NA,NA,NA,NA,15.5,NA,17.22,NA,NA,NA,NA,",skc,skc"
1878-06-18 21:00:00,22.22,NA,315,16.09,NA,984.9,NA,NA,15.56,NA,17.22,NA,NA,NA,5,NA
1878-06-19,NA,NA,NA,NA,NA,NA,NA,NA,NA,NA,NA,10,24.33,58.61,NA,NA
1878-06-19 09:00:00,21.11,270,315,15.24,NA,988.49,NA,NA,16.67,NA,20.94,NA,NA,NA,4.47,",skc"
1878-06-19 15:00:00,NA,NA,NA,NA,NA,NA,NA,NA,11.06,NA,13.33,NA,NA,NA,NA,",skc"
1878-06-19 21:00:00,20,NA,0,12.19,NA,990.25,NA,NA,11.67,NA,13.33,NA,NA,NA,16,NA
1878-06-20,NA,NA,NA,NA,NA,NA,NA,NA,NA,NA,NA,7.22,29.28,58.22,NA,NA
1878-06-20 09:00:00,18.33,NA,315,15.34,NA,991.47,NA,NA,16.11,NA,19.44,NA,NA,NA,2.91,",skc,skc"
1878-06-20 15:00:00,NA,NA,NA,NA,NA,NA,NA,NA,16.61,NA,18.83,NA,NA,NA,NA,",skc,skc"
1878-06-20 21:00:00,20.56,NA,135,16.93,NA,990.32,NA,NA,16.67,NA,18.89,NA,NA,NA,11,NA
1878-06-21,NA,NA,NA,NA,NA,NA,NA,NA,NA,NA,NA,11.67,29.28,61.11,NA,NA
1878-06-21 09:00:00,18.89,NA,135,16.53,NA,991.33,NA,NA,17.78,NA,22.22,NA,NA,NA,8.94,",skc,skc"
1878-06-21 15:00:00,NA,NA,NA,NA,NA,NA,NA,NA,18.83,NA,21.33,NA,NA,NA,NA,",skc,skc"
1878-06-21 21:00:00,22.78,NA,135,19.51,NA,987.54,NA,NA,18.89,NA,21.39,NA,NA,NA,17,NA
1878-06-22,NA,NA,NA,NA,NA,NA,NA,NA,NA,NA,NA,12.78,27.61,NA,NA,",ra,"
1878-06-22 09:00:00,21.11,NA,180,11.18,NA,987.4,5.59,NA,15.56,NA,23.33,NA,NA,NA,12.07,",ovc"
1878-06-22 15:00:00,NA,NA,NA,NA,NA,NA,NA,NA,16.61,NA,19,NA,NA,NA,NA,",skc"
1878-06-22 21:00:00,22.22,NA,0,16.8,NA,990.65,NA,NA,16.67,NA,19,NA,NA,NA,27,NA
1878-06-23,NA,NA,NA,NA,NA,NA,NA,NA,NA,NA,NA,NA,NA,64.44,NA,NA
1878-06-23 09:00:00,NA,NA,45,NA,NA,NA,NA,NA,NA,NA,NA,NA,NA,NA,2.68,NA
1878-06-23 21:00:00,NA,NA,45,NA,NA,NA,NA,NA,NA,NA,NA,NA,NA,NA,27,NA
1878-06-24,NA,NA,NA,NA,NA,NA,NA,NA,NA,NA,NA,8.33,33.72,66.83,NA,",ra,"
1878-06-24 09:00:00,20,NA,135,19.47,NA,987.95,35.56,NA,20,NA,24.44,NA,NA,NA,7.6,",ovc"
1878-06-24 15:00:00,NA,NA,NA,NA,NA,NA,NA,NA,19.67,NA,20.06,NA,NA,NA,NA,",ovc"
1878-06-24 21:00:00,18.33,225,180,22.38,NA,984.08,NA,NA,19.72,NA,20.11,NA,NA,NA,45,NA
1878-06-25,NA,NA,NA,NA,NA,NA,NA,NA,NA,NA,NA,11.11,23.78,60.56,NA,",ra,"
1878-06-25 09:00:00,21.11,NA,315,12.97,NA,985.78,NA,NA,12.94,NA,15.11,NA,NA,NA,10.28,",ovc,ovc"
1878-06-25 15:00:00,NA,NA,NA,NA,NA,NA,NA,NA,19.33,NA,19.67,NA,NA,NA,NA,",skc"
1878-06-25 21:00:00,20,NA,315,17.44,NA,986.86,NA,NA,19.39,NA,19.72,NA,NA,NA,2,NA
1878-06-26,NA,NA,NA,NA,NA,NA,NA,NA,NA,NA,NA,11.11,28.17,NA,NA,NA
1878-06-26 09:00:00,16.67,NA,270,15.24,NA,986.79,NA,NA,16.83,NA,21.39,NA,NA,NA,7.6,",skc,skc"
1878-06-26 15:00:00,NA,NA,NA,NA,NA,NA,NA,NA,19.39,NA,21.61,NA,NA,NA,NA,",skc"
1878-06-26 21:00:00,22.22,180,135,20.56,NA,983.41,NA,NA,19.44,NA,21.67,NA,NA,NA,23,NA
1878-06-27,NA,NA,NA,NA,NA,NA,NA,NA,NA,NA,NA,17.17,32.61,64,NA,NA
1878-06-27 09:00:00,22.22,NA,180,23.7,NA,984.08,NA,NA,22,NA,25,NA,NA,NA,7.15,",skc"
1878-06-27 15:00:00,NA,NA,NA,NA,NA,NA,NA,NA,23,NA,24.94,NA,NA,NA,NA,",skc,skc"
1878-06-27 21:00:00,26.67,NA,135,26.24,NA,982.39,NA,NA,23.06,NA,25,NA,NA,NA,14,NA
1878-06-28,NA,NA,NA,NA,NA,NA,NA,NA,NA,NA,NA,17.17,30.39,68.06,NA,",ra,"
1878-06-28 09:00:00,25.56,NA,180,23.7,NA,983,36.07,NA,22.22,NA,25.56,NA,NA,NA,8.05,",bkn"
1878-06-28 15:00:00,NA,NA,NA,NA,NA,NA,NA,NA,19.94,NA,19.94,NA,NA,NA,NA,",ovc"
1878-06-28 21:00:00,25,270,45,23.13,NA,984.42,NA,NA,20,NA,20,NA,NA,NA,11,NA
1878-06-29,NA,NA,NA,NA,NA,NA,NA,NA,NA,NA,NA,15.5,28.72,NA,NA,",missing,"
1878-06-29 09:00:00,23.33,NA,135,22.79,NA,981.85,NA,NA,20.67,NA,22.22,NA,NA,NA,7.15,",ovc"
1878-06-29 15:00:00,NA,NA,NA,NA,NA,NA,NA,NA,18.28,NA,20.5,NA,NA,NA,NA,",ovc,ovc"
1878-06-29 21:00:00,23.89,NA,225,19.03,NA,976.3,NA,NA,18.33,NA,20.56,NA,NA,NA,17,NA
1878-06-30,NA,NA,NA,NA,NA,NA,NA,NA,NA,NA,NA,NA,NA,59.44,NA,NA
1878-06-30 09:00:00,NA,NA,225,NA,NA,NA,NA,NA,NA,NA,NA,NA,NA,NA,10.73,NA
1878-06-30 21:00:00,NA,NA,270,NA,NA,NA,NA,NA,NA,NA,NA,NA,NA,NA,16,NA
1878-07-01,NA,NA,NA,NA,NA,NA,NA,NA,NA,NA,NA,NA,NA,62.22,NA,NA
1878-07-01 09:00:00,NA,NA,180,NA,NA,NA,0,NA,NA,NA,NA,NA,NA,NA,3.58,NA
1878-07-01 15:00:00,NA,NA,NA,NA,NA,NA,NA,NA,NA,NA,NA,NA,NA,NA,NA,NA
1878-07-01 21:00:00,NA,NA,270,NA,NA,NA,NA,NA,NA,NA,NA,NA,NA,NA,12,NA
1878-07-02,NA,NA,NA,NA,NA,NA,NA,NA,NA,NA,NA,8.33,29.28,63.06,NA,",ra,"
1878-07-02 09:00:00,18.89,225,135,18.39,986.46,989.71,NA,NA,18.89,NA,22.78,NA,NA,NA,13.86,NA
1878-07-02 15:00:00,NA,NA,NA,NA,986.42,NA,NA,NA,17.17,NA,20.22,NA,NA,NA,NA,",skc"
1878-07-02 21:00:00,22.78,NA,135,16.93,NA,990.28,NA,NA,17.22,NA,20.28,NA,NA,NA,18,NA
1878-07-03,NA,NA,NA,NA,NA,NA,NA,NA,NA,NA,NA,12.22,27.33,63.06,NA,NA
1878-07-03 09:00:00,21.11,NA,NA,17.78,987.17,990.79,0,NA,18.61,NA,22.78,NA,NA,NA,13.86,",sh"
1878-07-03 15:00:00,NA,NA,NA,NA,987.5,NA,NA,NA,17.17,NA,21.06,NA,NA,NA,NA,",skc"
1878-07-03 21:00:00,23.33,NA,NA,16.22,NA,991.47,NA,NA,17.22,NA,21.11,NA,NA,NA,21,NA
1878-07-04,NA,NA,NA,NA,NA,NA,NA,NA,NA,NA,NA,NA,NA,61.67,NA,NA
1878-07-04 09:00:00,21.67,NA,NA,18.59,990.08,993.77,0,NA,18.89,NA,23.61,NA,NA,NA,13.41,",sh"
1878-07-04 15:00:00,NA,NA,NA,NA,988.99,NA,NA,NA,18.28,NA,21.33,NA,NA,NA,NA,",skc"
1878-07-04 21:00:00,23.89,NA,NA,18.32,NA,993.02,NA,NA,18.33,NA,21.39,NA,NA,NA,24,NA
1878-07-05,NA,NA,NA,NA,NA,NA,NA,NA,NA,NA,NA,14.94,29.83,65.56,NA,NA
1878-07-05 09:00:00,22.78,180,NA,21.5,986.66,990.55,0,NA,21.11,NA,25,NA,NA,NA,12.52,",sh"
1878-07-05 15:00:00,NA,NA,NA,NA,982.49,NA,NA,NA,21.61,NA,23.83,NA,NA,NA,NA,",skc"
1878-07-05 21:00:00,25.56,NA,NA,23.7,NA,986.79,NA,NA,21.67,NA,23.89,NA,NA,NA,18,NA
1878-07-06,NA,NA,NA,NA,NA,NA,NA,NA,NA,NA,NA,18.83,30.94,70,NA,",ra,"
1878-07-06 09:00:00,25.56,NA,180,24.45,979.45,983.75,8.89,NA,22.89,NA,26.67,NA,NA,NA,12.52,",skc,skc"
1878-07-06 15:00:00,NA,NA,NA,NA,978.77,NA,NA,NA,19.39,NA,19.94,NA,NA,NA,NA,",ovc,ovc"
1878-07-06 21:00:00,25,0,0,21.88,NA,983,NA,NA,19.44,NA,20,NA,NA,NA,5,NA
1878-07-07,NA,NA,NA,NA,NA,NA,NA,NA,NA,NA,NA,NA,NA,NA,NA,NA
1878-07-07 09:00:00,NA,NA,270,NA,NA,NA,0,NA,NA,NA,NA,NA,NA,NA,5.36,NA
1878-07-07 15:00:00,NA,NA,NA,NA,NA,NA,NA,NA,NA,NA,NA,NA,NA,NA,NA,NA
1878-07-07 21:00:00,NA,NA,315,NA,NA,NA,NA,NA,NA,NA,NA,NA,NA,NA,2,NA
1878-07-08,NA,NA,NA,NA,NA,NA,NA,NA,NA,NA,NA,12.78,26.5,64.33,NA,NA
1878-07-08 09:00:00,21.11,270,NA,17.14,980.6,984.22,0,NA,17.22,NA,20,NA,NA,NA,4.02,",skc,skc"
1878-07-08 15:00:00,NA,NA,NA,NA,981.27,NA,NA,NA,16.06,NA,17.78,NA,NA,NA,NA,",ovc"
1878-07-08 21:00:00,21.11,NA,225,16.69,NA,984.9,NA,NA,16.11,NA,17.78,NA,NA,NA,11,NA
1878-07-09,NA,NA,NA,NA,NA,NA,NA,NA,NA,NA,NA,11.67,23.78,65.83,NA,NA
1878-07-09 09:00:00,18.89,0,315,14.39,985.03,988.28,0,NA,14.44,NA,16.67,NA,NA,NA,7.15,",bkn"
1878-07-09 15:00:00,NA,NA,NA,NA,989.64,NA,NA,NA,13.28,NA,15,NA,NA,NA,NA,",skc"
1878-07-09 21:00:00,18.89,NA,0,13.75,NA,992.89,NA,NA,13.33,NA,15,NA,NA,NA,5,NA
1878-07-10,NA,NA,NA,NA,NA,NA,NA,NA,NA,NA,NA,10,27.06,65.11,NA,NA
1878-07-10 09:00:00,20.56,NA,135,16.12,991.06,994.58,0,NA,16.94,NA,20.56,NA,NA,NA,4.92,",skc,skc"
1878-07-10 15:00:00,NA,NA,NA,NA,989.06,NA,NA,NA,16.61,NA,19.94,NA,NA,NA,NA,NA
1878-07-10 21:00:00,20,NA,135,16.02,NA,992.48,NA,NA,16.67,NA,20,NA,NA,NA,0,NA
1878-07-11,NA,NA,NA,NA,NA,NA,NA,NA,NA,NA,NA,12.28,28.44,62.78,NA,",ra,"
1878-07-11 09:00:00,18.89,NA,90,18.32,987.27,990.52,1.52,NA,18.33,NA,21.39,NA,NA,NA,0,NA
1878-07-11 15:00:00,NA,NA,NA,NA,983.44,NA,NA,NA,20.5,NA,21.61,NA,NA,NA,NA,",ovc,ovc"
1878-07-11 21:00:00,23.33,135,NA,22.99,NA,987.4,NA,NA,20.56,NA,21.67,NA,NA,NA,45,NA
1878-07-12,NA,NA,NA,NA,NA,NA,NA,NA,NA,NA,NA,17.78,30,65,NA,",ra,"
1878-07-12 09:00:00,22.22,180,135,24.01,986.39,990.18,0,NA,21.39,NA,22.78,NA,NA,NA,2.01,",ovc"
1878-07-12 15:00:00,NA,NA,NA,NA,982.43,NA,NA,NA,19.94,NA,23.83,NA,NA,NA,NA,",skc"
1878-07-12 21:00:00,25,270,NA,19.95,NA,986.66,NA,NA,20,NA,23.89,NA,NA,NA,19,NA
1878-07-13,NA,NA,NA,NA,NA,NA,0,0,NA,NA,NA,16.5,33.89,64.89,NA,",ra,"
1878-07-13 09:00:00,23.33,NA,0,16.53,988.72,992.69,0,NA,18.44,NA,23.89,NA,NA,NA,3.8,",skc"
1878-07-13 15:00:00,NA,NA,NA,NA,985.37,NA,NA,NA,22.17,NA,23.83,NA,NA,NA,NA,",skc"
1878-07-13 21:00:00,26.67,NA,270,25.06,NA,989.84,NA,NA,22.22,NA,23.89,NA,NA,NA,2,NA
1878-07-14,NA,NA,NA,NA,NA,NA,NA,NA,NA,NA,NA,17.94,33.61,65.28,NA,",ra,"
1878-07-14 09:00:00,NA,NA,180,NA,NA,NA,23.62,NA,NA,NA,NA,NA,NA,NA,7.15,NA
1878-07-14 15:00:00,NA,NA,NA,NA,NA,NA,NA,NA,NA,NA,NA,NA,NA,NA,NA,NA
1878-07-14 21:00:00,NA,NA,180,NA,NA,NA,NA,NA,NA,NA,NA,NA,NA,NA,16,NA
1878-07-15,NA,NA,NA,NA,NA,NA,NA,NA,NA,NA,NA,17.72,24.89,60,NA,",ra,"
1878-07-15 09:00:00,23.89,NA,45,24.62,979.17,983.2,19.81,NA,22.22,NA,24.44,NA,NA,NA,0.45,",ovc"
1878-07-15 15:00:00,NA,NA,NA,NA,973.38,NA,NA,NA,19.11,NA,19.39,NA,NA,NA,NA,",ovc,ovc"
1878-07-15 21:00:00,23.89,NA,90,21.74,NA,977.45,NA,NA,19.17,NA,19.44,NA,NA,NA,40,NA
1878-07-16,NA,NA,NA,NA,NA,NA,NA,NA,NA,NA,NA,16.06,26.5,62.78,NA,NA
1878-07-16 09:00:00,22.78,NA,270,17.14,977.35,981.24,0,NA,17.22,NA,20,NA,NA,NA,7.15,",skc"
1878-07-16 15:00:00,NA,NA,NA,NA,981.24,NA,NA,NA,17.17,NA,18.33,NA,NA,NA,NA,",skc"
1878-07-16 21:00:00,22.22,NA,225,18.49,NA,985.03,NA,NA,17.22,NA,18.33,NA,NA,NA,40,NA
1878-07-17,NA,NA,NA,NA,NA,NA,NA,NA,NA,NA,NA,13.67,30.61,63.44,NA,NA
1878-07-17 09:00:00,21.67,NA,225,16.8,984.05,987.74,0,NA,17.78,NA,21.67,NA,NA,NA,0.67,NA
1878-07-17 15:00:00,NA,NA,NA,NA,988.35,NA,NA,NA,17.61,NA,19.11,NA,NA,NA,NA,",skc"
1878-07-17 21:00:00,NA,NA,45,18.83,NA,992.14,NA,NA,17.67,NA,19.17,NA,NA,NA,11,NA
1878-07-18,NA,NA,NA,NA,NA,NA,NA,NA,NA,NA,NA,14.56,25.28,57.22,NA,",ra,"
1878-07-18 09:00:00,21.11,180,90,17.41,984.25,987.88,28.7,NA,16.22,NA,17.22,NA,NA,NA,5.81,",ovc"
1878-07-18 15:00:00,NA,NA,NA,NA,976.94,NA,NA,NA,19.28,NA,19.44,NA,NA,NA,NA,",skc"
1878-07-18 21:00:00,NA,NA,180,22.01,NA,980.77,NA,NA,19.33,NA,19.44,NA,NA,NA,45,NA
1878-07-19,NA,NA,NA,NA,NA,NA,NA,NA,NA,NA,NA,11.94,25.56,61.28,NA,NA
1878-07-19 09:00:00,NA,NA,225,19.67,982.09,985.71,0,NA,18.33,NA,19.72,NA,NA,NA,7.24,",skc"
1878-07-19 15:00:00,NA,NA,NA,NA,986.32,NA,NA,NA,13.28,NA,15.56,NA,NA,NA,NA,",ovc"
1878-07-19 21:00:00,20.56,270,315,13.27,NA,989.84,NA,NA,13.33,NA,15.56,NA,NA,NA,20,NA
1878-07-20,NA,NA,NA,NA,NA,NA,NA,NA,NA,NA,NA,10.94,24.56,59.39,NA,NA
1878-07-20 09:00:00,18.89,315,315,13.14,991.74,994.99,0,NA,14.44,NA,18.33,NA,NA,NA,10.06,",bkn"
1878-07-20 15:00:00,NA,NA,NA,NA,994.07,NA,NA,NA,14.39,NA,15.28,NA,NA,NA,NA,",skc"
1878-07-20 21:00:00,20,NA,0,15.54,NA,997.49,NA,NA,12.78,NA,15.28,NA,NA,NA,1,NA
1878-07-21,NA,NA,NA,NA,NA,NA,NA,NA,NA,NA,NA,9.94,29.83,69.17,NA,NA
1878-07-21 09:00:00,NA,NA,135,NA,NA,NA,0,NA,NA,NA,NA,NA,NA,NA,1.34,NA
1878-07-21 15:00:00,NA,NA,NA,NA,NA,NA,NA,NA,NA,NA,NA,NA,NA,NA,NA,NA
1878-07-21 21:00:00,NA,NA,135,NA,NA,NA,NA,NA,NA,NA,NA,NA,NA,NA,5,NA
1878-07-22,NA,NA,NA,NA,NA,NA,NA,NA,NA,NA,NA,11.11,23.78,50.28,NA,",ra,"
1878-07-22 09:00:00,20,NA,NA,18.66,994.28,997.77,0.51,NA,17.78,NA,19.56,NA,NA,NA,2.24,",bkn"
1878-07-22 15:00:00,NA,NA,NA,NA,988.25,NA,NA,NA,17.56,NA,18.33,NA,NA,NA,NA,",skc"
1878-07-22 21:00:00,21.11,NA,135,19.44,NA,991.87,NA,NA,17.61,NA,18.33,NA,NA,NA,13,NA
1878-07-23,NA,NA,NA,NA,NA,NA,NA,NA,NA,NA,NA,15.5,28.5,70.33,NA,NA
1878-07-23 09:00:00,21.11,NA,225,20.72,990.62,994.75,0,NA,20.56,NA,24.44,NA,NA,NA,5.59,",skc,skc"
1878-07-23 15:00:00,NA,NA,NA,NA,987.23,NA,NA,NA,19.5,NA,22.17,NA,NA,NA,NA,",skc,skc"
1878-07-23 21:00:00,23.33,NA,90,20.28,NA,991.2,NA,NA,19.56,NA,22.22,NA,NA,NA,16,NA
1878-07-24,NA,NA,NA,NA,NA,NA,NA,NA,NA,NA,NA,18.28,30.61,68.61,NA,",ra,"
1878-07-24 09:00:00,23.33,225,180,23.74,984.66,988.62,0,NA,21.67,NA,23.89,NA,NA,NA,5.81,",ovc,ovc"
1878-07-24 15:00:00,NA,NA,NA,NA,982.32,NA,NA,NA,18.56,NA,20.5,NA,NA,NA,NA,",ovc"
1878-07-24 21:00:00,24.44,270,315,19.57,NA,986.46,NA,NA,18.61,NA,20.56,NA,NA,NA,2,NA
1878-07-25,NA,NA,NA,NA,NA,NA,NA,NA,NA,NA,NA,11.11,24.56,64.17,NA,",lt,"
1878-07-25 09:00:00,22.22,45,45,20.18,983.07,986.86,0,NA,18.89,NA,20.56,NA,NA,NA,4.02,NA
1878-07-25 15:00:00,NA,NA,NA,NA,982.97,NA,NA,NA,14.39,NA,15,NA,NA,NA,NA,",skc"
1878-07-25 21:00:00,21.11,NA,0,15.75,NA,986.59,NA,NA,14.44,NA,15,NA,NA,NA,16,NA
1878-07-26,NA,NA,NA,NA,NA,NA,NA,NA,NA,NA,NA,8.89,24.28,64,NA,NA
1878-07-26 09:00:00,18.89,NA,0,17,983.75,987,0,NA,17.28,NA,20.33,NA,NA,NA,5.81,NA
1878-07-26 15:00:00,NA,NA,NA,NA,985.81,NA,NA,NA,13.39,NA,14.89,NA,NA,NA,NA,",skc"
1878-07-26 21:00:00,20,NA,0,14.05,NA,989.23,NA,NA,13.44,NA,14.89,NA,NA,NA,5,NA
1878-07-27,NA,NA,NA,NA,NA,NA,0,0,NA,NA,NA,9.56,31.22,61.5,NA,NA
1878-07-27 09:00:00,17.78,NA,180,14.29,989.67,992.75,0,NA,15.56,NA,19.44,NA,NA,NA,4.74,",skc"
1878-07-27 15:00:00,NA,NA,NA,NA,986.56,NA,NA,NA,18.33,NA,20.39,NA,NA,NA,NA,NA
1878-07-27 21:00:00,21.11,NA,135,19.2,NA,990.18,NA,NA,18.39,NA,20.44,NA,NA,NA,45,NA
1878-07-28,NA,NA,NA,NA,NA,NA,NA,NA,NA,NA,NA,16.61,29.5,69.56,NA,NA
1878-07-28 09:00:00,NA,NA,NA,NA,NA,NA,0,NA,NA,NA,NA,NA,NA,NA,5.36,NA
1878-07-28 15:00:00,NA,NA,NA,NA,NA,NA,NA,NA,NA,NA,NA,NA,NA,NA,NA,NA
1878-07-28 21:00:00,NA,NA,NA,NA,NA,NA,NA,NA,NA,NA,NA,NA,NA,NA,17,NA
1878-07-29,NA,NA,NA,NA,NA,NA,NA,NA,NA,NA,NA,15.5,26.5,71.11,NA,",ra,"
1878-07-29 09:00:00,21.11,225,90,18.52,981.41,985.03,4.57,NA,18.33,NA,21.11,NA,NA,NA,4.92,",ovc,ovc"
1878-07-29 15:00:00,NA,NA,NA,NA,980.05,NA,NA,NA,17.44,NA,17.94,NA,NA,NA,NA,",ovc"
1878-07-29 21:00:00,21.11,NA,NA,19.37,NA,983.68,NA,NA,17.5,NA,17.94,NA,NA,NA,11,NA
1878-07-30,NA,NA,NA,NA,NA,NA,NA,NA,NA,NA,NA,15.56,24.89,68.17,NA,",skc,"
1878-07-30 09:00:00,21.11,180,315,19.67,979.24,982.87,0,NA,18.33,NA,19.72,NA,NA,NA,3.13,NA
1878-07-30 15:00:00,NA,NA,NA,NA,981.21,NA,NA,NA,16.5,NA,17.28,NA,NA,NA,NA,",skc"
1878-07-30 21:00:00,NA,0,0,17.98,NA,984.83,NA,NA,16.56,NA,17.28,NA,NA,NA,2,NA
1878-07-31,NA,NA,NA,NA,NA,NA,NA,NA,NA,NA,NA,12.78,27.17,70,NA,",ts,"
1878-07-31 09:00:00,20.56,NA,270,19.37,982.12,985.64,0,NA,19.44,NA,23.06,NA,NA,NA,4.92,",skc,skc"
1878-07-31 15:00:00,NA,NA,NA,NA,981.75,NA,NA,NA,17.17,NA,18.33,NA,NA,NA,NA,NA
1878-07-31 21:00:00,21.67,315,NA,18.46,NA,985.44,NA,NA,17.22,NA,18.33,NA,NA,NA,16,NA
1878-08-01,NA,NA,NA,NA,NA,NA,NA,NA,NA,NA,NA,11.39,28.72,62.78,NA,",missing,"
1878-08-01 09:00:00,21.11,NA,270,19.74,984.19,987.81,NA,NA,19.11,NA,21.67,NA,NA,NA,4.02,",skc,skc"
1878-08-01 15:00:00,NA,NA,NA,NA,982.39,NA,NA,NA,18.61,NA,20.06,NA,NA,NA,NA,",skc,skc"
1878-08-01 21:00:00,22.78,NA,180,20.86,NA,986.25,NA,NA,18.67,NA,20.11,NA,NA,NA,11,NA
1878-08-02,NA,NA,NA,NA,NA,NA,NA,NA,NA,NA,NA,14.28,29.28,71.11,NA,",ra,"
1878-08-02 09:00:00,22.22,270,270,17.78,983.54,987.34,NA,NA,17.78,NA,20.22,NA,NA,NA,1.34,",skc"
1878-08-02 15:00:00,NA,NA,NA,NA,982.26,NA,NA,NA,15.22,NA,18.89,NA,NA,NA,NA,",bkn"
1878-08-02 21:00:00,22.78,270,315,14.19,NA,986.12,NA,NA,15.28,NA,18.89,NA,NA,NA,16,NA
1878-08-03,NA,NA,NA,NA,NA,NA,NA,NA,NA,NA,NA,12.89,29.89,66.11,NA,",du,"
1878-08-03 09:00:00,NA,NA,315,15.54,985.03,988.83,NA,NA,17.22,NA,21.94,NA,NA,NA,2.91,",skc,skc"
1878-08-03 15:00:00,NA,NA,NA,NA,983.85,NA,NA,NA,17.72,NA,20,NA,NA,NA,NA,",skc,skc"
1878-08-03 21:00:00,23.33,NA,315,18.25,NA,987.81,NA,NA,17.78,NA,20.06,NA,NA,NA,5,NA
1878-08-04,NA,NA,NA,NA,NA,NA,NA,NA,NA,NA,NA,14.94,29.61,69.44,NA,NA
1878-08-04 09:00:00,NA,NA,180,NA,NA,NA,NA,NA,NA,NA,NA,NA,NA,NA,3.35,NA
1878-08-04 15:00:00,NA,NA,NA,NA,NA,NA,NA,NA,NA,NA,NA,NA,NA,NA,NA,",skc,skc"
1878-08-05,NA,NA,NA,NA,NA,NA,NA,NA,NA,NA,NA,14.39,29.06,67.44,NA,",du,"
1878-08-05 09:00:00,22.22,NA,315,20.08,983.61,987.4,NA,NA,19.56,NA,22.5,NA,NA,NA,4.02,",skc,skc"
1878-08-05 15:00:00,NA,NA,NA,NA,980.36,NA,NA,NA,17.44,NA,19.17,NA,NA,NA,NA,",bkn"
1878-08-05 21:00:00,22.22,NA,315,18.39,NA,984.15,NA,NA,17.5,NA,19.17,NA,NA,NA,5,NA
1878-08-06,NA,NA,NA,NA,NA,NA,NA,NA,NA,NA,NA,14.11,27.5,57.06,NA,",ra,"
1878-08-06 09:00:00,21.67,315,135,20.15,983.51,987.2,0.51,NA,19.17,NA,21.39,NA,NA,NA,5.14,",ovc"
1878-08-06 15:00:00,NA,NA,NA,NA,981.31,NA,NA,NA,19.39,NA,21.33,NA,NA,NA,NA,",skc,skc"
1878-08-06 21:00:00,22.78,180,135,20.72,NA,985.17,NA,NA,19.44,NA,21.39,NA,NA,NA,27,NA
1878-08-07,NA,NA,NA,NA,NA,NA,NA,NA,NA,NA,NA,13.33,29.28,64.44,NA,",hz,"
1878-08-07 09:00:00,22.22,NA,225,15.85,977.38,981.17,NA,NA,17.78,NA,23,NA,NA,NA,3.8,",skc,skc"
1878-08-07 15:00:00,NA,NA,NA,NA,982.26,NA,NA,NA,14.67,NA,17.78,NA,NA,NA,NA,",skc,skc"
1878-08-07 21:00:00,22.78,NA,225,14.05,NA,986.12,NA,NA,14.72,NA,17.78,NA,NA,NA,40,NA
1878-08-08,NA,NA,NA,NA,NA,NA,NA,NA,NA,NA,NA,12.22,24.89,61.94,NA,NA
1878-08-08 09:00:00,20.56,315,315,14.22,979.82,983.34,NA,NA,15.28,NA,19,NA,NA,NA,NA,",skc,skc"
1878-08-08 15:00:00,NA,NA,NA,NA,983.92,NA,NA,NA,13.28,NA,14.44,NA,NA,NA,NA,",skc,skc"
1878-08-08 21:00:00,21.11,NA,270,14.19,NA,987.54,NA,NA,13.33,NA,14.44,NA,NA,NA,27,NA
1878-08-09,NA,NA,NA,NA,NA,NA,NA,NA,NA,NA,NA,11.11,24.89,61.67,NA,",ra,"
1878-08-09 09:00:00,20,270,225,10.67,984.39,987.81,2.03,NA,16.83,NA,20,NA,NA,NA,6.71,",skc,skc"
1878-08-09 15:00:00,NA,NA,NA,NA,988.25,NA,NA,NA,14.56,NA,15,NA,NA,NA,NA,",skc,skc"
1878-08-09 21:00:00,20,NA,315,16.09,NA,991.67,NA,NA,14.61,NA,15,NA,NA,NA,16,NA
1878-08-10,NA,NA,NA,NA,NA,NA,NA,NA,NA,NA,NA,10.83,25.33,54.06,NA,NA
1878-08-10 09:00:00,NA,NA,0,15.14,988.11,991.53,NA,NA,15.56,NA,18.33,NA,NA,NA,2.68,",skc,skc"
1878-08-10 15:00:00,NA,NA,NA,NA,NA,NA,NA,NA,13.83,NA,15,NA,NA,NA,NA,NA
1878-08-10 21:00:00,NA,NA,315,14.73,NA,NA,NA,NA,13.89,NA,15,NA,NA,NA,16,NA
1878-08-11,NA,NA,NA,NA,NA,NA,NA,NA,NA,NA,NA,11.11,26.5,68.33,NA,NA
1878-08-11 09:00:00,NA,NA,NA,NA,NA,NA,NA,NA,NA,NA,NA,NA,NA,NA,NA,NA
1878-08-12,NA,NA,NA,NA,NA,NA,NA,NA,NA,NA,NA,10.56,25.5,64.83,NA,",ra,"
1878-08-12 09:00:00,20,315,180,17.74,983.27,986.69,1.27,NA,17.5,NA,20,NA,NA,NA,3.8,",skc,skc"
1878-08-12 15:00:00,NA,NA,NA,NA,977.58,NA,NA,NA,16.06,NA,18.33,NA,NA,NA,NA,",ovc"
1878-08-12 21:00:00,21.11,NA,180,16.25,NA,981.24,NA,NA,16.11,NA,18.33,NA,NA,NA,45,NA
1878-08-13,NA,NA,NA,NA,NA,NA,NA,NA,NA,NA,NA,10.56,24.89,67.5,NA,",ra,"
1878-08-13 09:00:00,21.11,315,315,19,977.24,980.9,0.51,NA,18.33,NA,20.56,NA,NA,NA,5.81,",ovc"
1878-08-13 15:00:00,NA,NA,NA,NA,976.19,NA,NA,NA,14.94,NA,16.67,NA,NA,NA,NA,",frst"
1878-08-13 21:00:00,20.56,270,225,15.48,NA,979.75,NA,NA,15,NA,16.67,NA,NA,NA,40,NA
1878-08-14,NA,NA,NA,NA,NA,NA,NA,NA,NA,NA,NA,11.28,19.61,61.28,NA,NA
1878-08-14 09:00:00,18.33,315,315,12.43,978.33,981.51,NA,NA,12.78,NA,15.56,NA,NA,NA,9.83,",frst"
1878-08-14 15:00:00,NA,NA,NA,NA,984.69,NA,NA,NA,10.94,NA,12.78,NA,NA,NA,NA,",ovc"
1878-08-14 21:00:00,17.22,45,315,11.51,NA,987.67,NA,NA,11,NA,12.78,NA,NA,NA,14,NA
1878-08-15,NA,NA,NA,NA,NA,NA,NA,NA,NA,NA,NA,7.22,18.72,36.39,NA,",fg,"
1878-08-15 09:00:00,17.22,NA,315,11.75,990.18,993.16,NA,NA,11.67,NA,13.89,NA,NA,NA,7.6,",ovc"
1878-08-15 15:00:00,NA,NA,NA,NA,1004.03,NA,NA,NA,7.72,NA,8.33,NA,NA,NA,NA,",skc"
1878-08-15 21:00:00,17.78,NA,45,9.99,NA,993.57,NA,NA,7.78,NA,8.33,NA,NA,NA,20,NA
1878-08-16,NA,NA,NA,NA,NA,NA,NA,NA,NA,NA,NA,5.28,23.22,68.06,NA,NA
1878-08-16 09:00:00,16.67,NA,180,12.53,990.99,993.91,NA,NA,12.78,NA,15.28,NA,NA,NA,1.79,",missing"
1878-08-16 15:00:00,NA,NA,NA,NA,988.59,NA,NA,NA,11.44,NA,12.78,NA,NA,NA,NA,",skc,skc"
1878-08-16 21:00:00,17.78,NA,135,12.63,NA,991.67,NA,NA,11.67,NA,12.78,NA,NA,NA,27,NA
1878-08-17,NA,NA,NA,NA,NA,NA,NA,NA,NA,NA,NA,8.33,23.22,50.72,NA,",missing,"
1878-08-17 09:00:00,17.22,180,135,15.92,984.8,988.42,NA,NA,16.28,NA,19.17,NA,NA,NA,6.26,",ovc"
1878-08-17 15:00:00,NA,NA,NA,NA,982.63,NA,NA,NA,16.61,NA,17.94,NA,NA,NA,NA,",ovc,ovc"
1878-08-17 21:00:00,19.44,180,180,17.68,NA,985.98,NA,NA,16.67,NA,17.94,NA,NA,NA,40,NA
1878-08-18,NA,NA,NA,NA,NA,NA,NA,NA,NA,NA,NA,12.78,27.06,61.94,NA,NA
1878-08-18 09:00:00,NA,NA,0,NA,NA,NA,NA,NA,NA,NA,NA,NA,NA,NA,4.47,NA
1878-08-18 21:00:00,NA,NA,0,NA,NA,NA,NA,NA,NA,NA,NA,NA,NA,NA,16,NA
1878-08-19,NA,NA,NA,NA,NA,NA,NA,NA,NA,NA,NA,8.89,29,65.28,NA,",fg,"
1878-08-19 09:00:00,18.89,NA,90,17.3,987.74,990.99,NA,NA,16.94,NA,18.89,NA,NA,NA,6.71,",skc,skc"
1878-08-19 15:00:00,NA,NA,NA,NA,982.76,NA,NA,NA,17.72,NA,19.94,NA,NA,NA,NA,",skc,skc"
1878-08-19 21:00:00,22.22,180,135,18.29,NA,987.84,NA,NA,17.78,NA,20,NA,NA,NA,45,NA
1878-08-20,NA,NA,NA,NA,NA,NA,NA,NA,NA,NA,NA,14.72,30,67.22,NA,NA
1878-08-20 09:00:00,21.67,NA,135,21.67,982.76,986.46,NA,NA,20.56,NA,23.33,NA,NA,NA,7.82,",skc,skc"
1878-08-20 15:00:00,NA,NA,NA,NA,981.04,NA,NA,NA,21.61,NA,23.28,NA,NA,NA,NA,",skc,skc"
1878-08-20 21:00:00,24.44,180,NA,24.21,NA,985.17,NA,NA,21.67,NA,23.33,NA,NA,NA,45,NA
1878-08-21,NA,NA,NA,NA,NA,NA,NA,NA,NA,NA,NA,20.78,30.39,67.5,NA,",lt,"
1878-08-21 09:00:00,25,180,180,25.63,981.75,985.98,NA,NA,23.06,NA,25.56,NA,NA,NA,7.47,",bkn"
1878-08-21 15:00:00,NA,NA,NA,NA,983.27,NA,NA,NA,22.72,NA,23.83,NA,NA,NA,NA,",skc,skc"
1878-08-21 21:00:00,25.56,270,135,26.41,NA,987.57,NA,NA,22.78,NA,23.89,NA,NA,NA,13,NA
1878-08-22,NA,NA,NA,NA,NA,NA,NA,NA,NA,NA,NA,18.83,31.5,65.28,NA,",ra,"
1878-08-22 09:00:00,24.44,225,180,24.82,980.43,984.56,6.86,NA,22.22,NA,24.17,NA,NA,NA,9.83,",skc,skc"
1878-08-22 15:00:00,NA,NA,NA,NA,981.61,NA,NA,NA,19.94,NA,20.67,NA,NA,NA,NA,",skc,skc"
1878-08-22 21:00:00,25.56,NA,0,22.55,NA,985.91,NA,NA,20,NA,20.72,NA,NA,NA,16,NA
1878-08-23,NA,NA,NA,NA,NA,NA,NA,NA,NA,NA,NA,8.89,22.83,62.06,NA,NA
1878-08-23 09:00:00,22.22,0,315,12.22,988.42,992.21,NA,NA,14.44,NA,19.17,NA,NA,NA,6.26,",skc,skc"
1878-08-23 15:00:00,NA,NA,NA,NA,991.09,NA,NA,NA,12.17,NA,14.44,NA,NA,NA,NA,",skc,skc"
1878-08-23 21:00:00,20.56,270,315,12.26,NA,992.92,NA,NA,12.22,NA,14.44,NA,NA,NA,34,NA
1878-08-24,NA,NA,NA,NA,NA,NA,NA,NA,NA,NA,NA,8.06,23.39,58.61,NA,",au,"
1878-08-24 09:00:00,18.33,NA,315,12.06,989.37,995.94,NA,NA,13.89,NA,18.33,NA,NA,NA,7.15,",skc,skc"
1878-08-24 15:00:00,NA,NA,NA,NA,995.53,NA,NA,NA,9.39,NA,11.11,NA,NA,NA,NA,",skc,skc"
1878-08-24 21:00:00,18.33,NA,315,10.4,NA,998.71,NA,NA,9.44,NA,11.11,NA,NA,NA,34,NA
1878-08-25,NA,NA,NA,NA,NA,NA,NA,NA,NA,NA,NA,7.22,26.5,65.28,NA,",ts,"
1878-08-25 09:00:00,NA,NA,225,NA,NA,NA,NA,NA,NA,NA,NA,NA,NA,NA,7.6,NA
1878-08-26,NA,NA,NA,NA,NA,NA,NA,NA,NA,NA,NA,9.89,27.61,63.89,NA,",ra,"
1878-08-26 09:00:00,18.89,0,135,14.46,978.4,981.65,0.51,NA,15.56,NA,19.17,NA,NA,NA,3.13,",skc,skc"
1878-08-26 15:00:00,NA,NA,NA,NA,976.91,NA,NA,NA,18.28,NA,19.44,NA,NA,NA,NA,",ovc"
1878-08-26 21:00:00,22.22,135,270,19.84,NA,980.73,NA,NA,18.33,NA,19.44,NA,NA,NA,5,NA
1878-08-27,NA,NA,NA,NA,NA,NA,NA,NA,NA,NA,NA,12.78,27.44,61.67,NA,",lt,"
1878-08-27 09:00:00,22.22,NA,45,16.83,981.58,985.37,NA,NA,17.5,NA,21.11,NA,NA,NA,0.89,",skc,skc"
1878-08-27 15:00:00,NA,NA,NA,NA,987.3,NA,NA,NA,14.94,NA,16.11,NA,NA,NA,NA,",skc,skc"
1878-08-27 21:00:00,21.67,NA,0,15.95,NA,990.99,NA,NA,15,NA,16.11,NA,NA,NA,11,NA
1878-08-28,NA,NA,NA,NA,NA,NA,NA,NA,NA,NA,NA,10.56,28.83,61.94,NA,",du,"
1878-08-28 09:00:00,21.11,NA,0,19.54,989.6,992.89,NA,NA,18.33,NA,20.56,NA,NA,NA,3.35,",skc,skc"
1878-08-28 15:00:00,NA,NA,NA,NA,987.47,NA,NA,NA,17.17,NA,18.33,NA,NA,NA,NA,",skc,skc"
1878-08-28 21:00:00,22.78,NA,315,18.46,NA,991.33,NA,NA,17.22,NA,18.33,NA,NA,NA,11,NA
1878-08-29,NA,NA,NA,NA,NA,NA,NA,NA,NA,NA,NA,12.5,31.5,58.61,NA,NA
1878-08-29 09:00:00,21.11,NA,180,16.93,987.98,991.6,NA,NA,17.78,NA,21.67,NA,NA,NA,3.67,",skc,skc"
1878-08-29 15:00:00,NA,NA,NA,NA,984.52,NA,NA,NA,18.28,NA,21.06,NA,NA,NA,NA,",skc,skc"
1878-08-29 21:00:00,23.89,NA,135,18.52,NA,988.55,NA,NA,18.33,NA,21.11,NA,NA,NA,17,NA
1878-08-30,NA,NA,NA,NA,NA,NA,NA,NA,NA,NA,NA,15,28.67,65,NA,",ra,"
1878-08-30 09:00:00,22.22,225,180,17.78,976.8,980.63,NA,NA,18.5,NA,22.5,NA,NA,NA,10.06,",skc,skc"
1878-08-30 15:00:00,NA,NA,NA,NA,980.19,NA,NA,NA,16.06,NA,17.22,NA,NA,NA,NA,",ovc"
1878-08-30 21:00:00,23.89,NA,315,17.14,NA,984.22,NA,NA,16.11,NA,17.22,NA,NA,NA,16,NA
1878-08-31,NA,NA,NA,NA,NA,NA,NA,NA,NA,NA,NA,12.39,29.11,66.67,NA,",ra,"
1878-08-31 09:00:00,21.67,NA,90,19.03,983.85,987.54,4.83,NA,18.89,NA,21.94,NA,NA,NA,4.47,",skc,skc"
1878-08-31 15:00:00,NA,NA,NA,NA,980.6,NA,NA,NA,16.61,NA,17.78,NA,NA,NA,NA,",ovc"
1878-08-31 21:00:00,21.11,45,135,17.81,NA,984.22,NA,NA,16.67,NA,17.78,NA,NA,NA,40,NA
1878-09-01,NA,NA,NA,NA,NA,NA,NA,NA,NA,NA,NA,12.22,23.39,59.83,NA,NA
1878-09-01 09:00:00,NA,NA,315,NA,NA,NA,0,NA,NA,NA,NA,NA,NA,NA,7.6,NA
1878-09-01 15:00:00,NA,NA,NA,NA,NA,NA,NA,NA,NA,NA,NA,NA,NA,NA,NA,NA
1878-09-01 21:00:00,NA,NA,NA,NA,NA,NA,NA,NA,NA,NA,NA,NA,NA,NA,0,NA
1878-09-02,NA,NA,NA,NA,NA,NA,NA,NA,NA,NA,NA,8.44,21.61,49.44,NA,",br,"
1878-09-02 09:00:00,18.33,NA,135,16.05,991.13,994.31,0,NA,14.83,NA,15.56,NA,NA,NA,4.02,",ovc"
1878-09-02 15:00:00,NA,NA,NA,NA,987.54,NA,NA,NA,15.33,NA,16.11,NA,NA,NA,NA,",skc"
1878-09-02 21:00:00,19.44,NA,135,16.66,NA,990.89,NA,NA,15.39,NA,16.11,NA,NA,NA,15,NA
1878-09-03,NA,NA,NA,NA,NA,NA,NA,NA,NA,NA,NA,12.89,27.17,59.67,NA,",du,"
1878-09-03 09:00:00,18.89,NA,NA,18.18,986.05,989.3,0,NA,17.5,NA,19.44,NA,NA,NA,7.47,",skc"
1878-09-03 15:00:00,NA,NA,NA,NA,984.93,NA,NA,NA,17.17,NA,18.33,NA,NA,NA,NA,",bkn"
1878-09-03 21:00:00,21.11,NA,90,18.46,NA,988.55,NA,NA,17.22,NA,18.33,NA,NA,NA,45,NA
1878-09-04,NA,NA,NA,NA,NA,NA,NA,NA,NA,NA,NA,17.83,21.06,22.78,NA,",ra,"
1878-09-04 09:00:00,20.56,45,0,17.95,984.46,987.98,4.06,NA,16.28,NA,16.67,NA,NA,NA,10.28,",ovc,ovc"
1878-09-04 15:00:00,NA,NA,NA,NA,991.91,NA,NA,NA,12.44,NA,12.78,NA,NA,NA,NA,",ovc,ovc"
1878-09-04 21:00:00,17.22,180,0,14.09,NA,995.12,NA,NA,12.5,NA,12.78,NA,NA,NA,45,NA
1878-09-05,NA,NA,NA,NA,NA,NA,NA,NA,NA,NA,NA,10.67,15.56,28.61,NA,",ra,"
1878-09-05 09:00:00,17.78,90,NA,11.68,993.4,996.48,1.02,NA,10.83,NA,12.22,NA,NA,NA,4.02,NA
1878-09-05 15:00:00,NA,NA,NA,NA,988.05,NA,NA,NA,11.44,NA,11.67,NA,NA,NA,NA,NA
1878-09-05 21:00:00,16.67,NA,NA,13.24,NA,990.96,NA,NA,11.5,NA,11.67,NA,NA,NA,16,NA
1878-09-06,NA,NA,NA,NA,NA,NA,NA,NA,NA,NA,NA,10.11,14.44,34.44,NA,",ra,"
1878-09-06 09:00:00,16.67,NA,NA,14.16,984.22,987.13,1.27,NA,13.06,NA,13.89,NA,NA,NA,2.91,NA
1878-09-06 15:00:00,NA,NA,NA,NA,984.76,NA,NA,NA,11.39,NA,11.67,NA,NA,NA,NA,",ovc"
1878-09-06 21:00:00,16.11,NA,270,13.17,NA,987.57,NA,NA,11.44,NA,11.67,NA,NA,NA,40,NA
1878-09-07,NA,NA,NA,NA,NA,NA,NA,NA,NA,NA,NA,9.56,21.06,47.5,NA,NA
1878-09-07 09:00:00,16.11,NA,225,11.34,985.41,988.22,0,NA,11.94,NA,15,NA,NA,NA,1.34,",skc"
1878-09-07 15:00:00,NA,NA,NA,NA,984.93,NA,NA,NA,12.72,NA,13.67,NA,NA,NA,NA,",skc"
1878-09-07 21:00:00,17.22,NA,135,13.82,NA,987.88,NA,NA,12.78,NA,13.67,NA,NA,NA,16,NA
1878-09-08,NA,NA,NA,NA,NA,NA,NA,NA,NA,NA,NA,9.56,21.44,NA,NA,",ra,"
1878-09-08 09:00:00,NA,NA,135,NA,NA,NA,4.57,NA,NA,NA,NA,NA,NA,NA,2.68,NA
1878-09-08 15:00:00,NA,NA,NA,NA,NA,NA,NA,NA,NA,NA,NA,NA,NA,NA,NA,NA
1878-09-08 21:00:00,NA,NA,315,NA,NA,NA,NA,NA,NA,NA,NA,NA,NA,NA,20,NA
1878-09-09,NA,NA,NA,NA,NA,NA,NA,NA,NA,NA,NA,4.61,10.44,45.22,NA,",ra,"
1878-09-09 09:00:00,13.89,NA,270,10.5,983.17,985.64,6.86,NA,8.28,NA,8.61,NA,NA,NA,10.28,",ovc,ovc"
1878-09-09 15:00:00,NA,NA,NA,NA,985.03,NA,NA,NA,4.39,NA,4.94,NA,NA,NA,NA,",ovc,ovc"
1878-09-09 21:00:00,14.44,NA,315,7.89,NA,989.3,NA,NA,4.44,NA,5,NA,NA,NA,20,NA
1878-09-10,NA,NA,NA,NA,NA,NA,NA,NA,NA,NA,NA,1.56,13.22,53.33,NA,",ra,"
1878-09-10 09:00:00,12.78,NA,315,6.87,991.81,994.11,0,NA,5.39,NA,7.94,NA,NA,NA,15.2,NA
1878-09-10 15:00:00,NA,NA,NA,NA,999.66,NA,NA,NA,3.72,NA,4.33,NA,NA,NA,NA,",skc"
1878-09-10 21:00:00,11.67,NA,NA,7.52,NA,1001.8,NA,NA,3.78,NA,4.33,NA,NA,NA,1,NA
1878-09-11,NA,NA,NA,NA,NA,NA,NA,NA,NA,NA,NA,NA,16.67,56.67,NA,",missing,"
1878-09-11 09:00:00,12.78,NA,180,7.52,999.15,1001.46,0,NA,6.39,NA,8.89,NA,NA,NA,7.82,",skc,skc"
1878-09-11 15:00:00,NA,NA,NA,NA,996.31,NA,NA,NA,5.5,NA,7.17,NA,NA,NA,NA,NA
1878-09-11 21:00:00,13.33,NA,135,7.69,NA,996.99,NA,NA,5.56,NA,7.22,NA,NA,NA,15,NA
1878-09-12,NA,NA,NA,NA,NA,NA,NA,NA,NA,NA,NA,1.83,19.44,54.44,NA,NA
1878-09-12 09:00:00,13.89,NA,NA,6.4,989.94,992.42,0,NA,8.06,NA,12.22,NA,NA,NA,12.29,",skc"
1878-09-12 15:00:00,NA,NA,NA,NA,985.47,NA,NA,NA,8.28,NA,10.56,NA,NA,NA,NA,",skc"
1878-09-12 21:00:00,13.89,NA,NA,9.04,NA,987.95,NA,NA,8.33,NA,10.56,NA,NA,NA,19,NA
1878-09-13,NA,NA,NA,NA,NA,NA,NA,NA,NA,NA,NA,7.39,22.22,56.11,NA,",du,"
1878-09-13 09:00:00,14.44,NA,135,9.01,982.59,985.17,0,NA,10,NA,13.89,NA,NA,NA,12.07,NA
1878-09-13 15:00:00,NA,NA,NA,NA,984.8,NA,NA,NA,11.06,NA,12.78,NA,NA,NA,NA,",skc"
1878-09-13 21:00:00,15.56,NA,NA,11.72,NA,987.54,NA,NA,11.11,NA,12.78,NA,NA,NA,12,NA
1878-09-14,NA,NA,NA,NA,NA,NA,NA,NA,NA,NA,NA,5.17,18.83,45.28,NA,NA
1878-09-14 09:00:00,15,315,180,9.69,986.32,988.96,0,NA,10,NA,10.83,NA,NA,NA,3.13,",ovc"
1878-09-14 15:00:00,NA,NA,NA,NA,988.86,NA,NA,NA,11.89,NA,12.22,NA,NA,NA,NA,",ovc,ovc"
1878-09-14 21:00:00,16.11,0,315,13.58,NA,991.67,NA,NA,11.94,NA,12.22,NA,NA,NA,34,NA
1878-09-15,NA,NA,NA,NA,NA,NA,NA,NA,NA,NA,NA,5.72,18.83,47.39,NA,",ra,"
1878-09-15 09:00:00,NA,NA,315,NA,NA,NA,5.84,NA,NA,NA,NA,NA,NA,NA,4.92,NA
1878-09-15 15:00:00,NA,NA,NA,NA,NA,NA,NA,NA,NA,NA,NA,NA,NA,NA,NA,NA
1878-09-15 21:00:00,NA,NA,270,NA,NA,NA,NA,NA,NA,NA,NA,NA,NA,NA,16,NA
1878-09-16,NA,NA,NA,NA,NA,NA,NA,NA,NA,NA,NA,1.83,27.72,51.78,NA,",du,"
1878-09-16 09:00:00,13.33,NA,180,7.96,984.02,986.39,0,NA,6.39,NA,8.33,NA,NA,NA,7.6,",skc,skc"
1878-09-16 15:00:00,NA,NA,NA,NA,982.36,NA,NA,NA,7.56,NA,9.44,NA,NA,NA,NA,",skc,skc"
1878-09-16 21:00:00,13.89,NA,225,12.26,NA,984.83,NA,NA,7.61,NA,9.44,NA,NA,NA,16,NA
1878-09-17,NA,NA,NA,NA,NA,NA,NA,NA,NA,NA,NA,4.61,12.17,36.94,NA,",ra,"
1878-09-17 09:00:00,15,270,315,5.89,985.85,988.49,0,NA,5.56,NA,9.44,NA,NA,NA,4.02,",ovc"
1878-09-17 15:00:00,NA,NA,NA,NA,985.91,NA,NA,NA,6.06,NA,7.72,NA,NA,NA,NA,",ovc,ovc"
1878-09-17 21:00:00,12.78,NA,90,8.03,NA,988.22,NA,NA,6.11,NA,7.78,NA,NA,NA,11,NA
1878-09-18,NA,NA,NA,NA,NA,NA,NA,NA,NA,NA,NA,5.17,20,54.44,NA,",ra,"
1878-09-18 09:00:00,15,225,45,8.7,982.59,988.62,2.54,NA,6.28,NA,7.22,NA,NA,NA,4.47,",ovc"
1878-09-18 15:00:00,NA,NA,NA,NA,982.63,NA,NA,NA,6.61,NA,7.17,NA,NA,NA,NA,NA
1878-09-18 21:00:00,13.89,NA,315,9.24,NA,985.1,NA,NA,6.67,NA,7.22,NA,NA,NA,40,NA
1878-09-19,NA,NA,NA,NA,NA,NA,NA,NA,NA,NA,NA,3.22,14.39,54.44,NA,",ra,"
1878-09-19 09:00:00,12.78,315,315,6.98,983.61,985.91,0.25,NA,4.72,NA,6.67,NA,NA,NA,8.94,",bkn"
1878-09-19 15:00:00,NA,NA,NA,NA,985.24,NA,NA,NA,4.39,NA,5.5,NA,NA,NA,NA,NA
1878-09-19 21:00:00,15,NA,270,7.35,NA,987.88,NA,NA,4.44,NA,5.56,NA,NA,NA,11,NA
1878-09-20,NA,NA,NA,NA,NA,NA,NA,NA,NA,NA,NA,-2.5,1.06,49.17,NA,",sn,"
1878-09-20 09:00:00,13.89,0,NA,7.55,979.92,982.39,0,NA,4.17,NA,5,NA,NA,NA,8.94,",ovc"
1878-09-20 15:00:00,NA,NA,NA,NA,982.22,NA,NA,NA,-1.11,NA,-0.56,NA,NA,NA,NA,",skc"
1878-09-20 21:00:00,10.56,315,NA,5.25,NA,984.15,NA,NA,-1.11,NA,-0.56,NA,NA,NA,40,NA
1878-09-21,NA,NA,NA,NA,NA,NA,NA,NA,NA,NA,NA,-3.56,13.28,49.06,NA,",du,"
1878-09-21 09:00:00,11.67,NA,180,3.86,987.64,989.77,0,NA,0.28,NA,3.33,NA,NA,NA,3.13,",skc,skc"
1878-09-21 15:00:00,NA,NA,NA,NA,978.26,NA,NA,NA,6.06,NA,10.56,NA,NA,NA,NA,",ovc"
1878-09-21 21:00:00,13.89,90,135,5.76,NA,980.77,NA,NA,6.11,NA,10.56,NA,NA,NA,37,NA
1878-09-22,NA,NA,NA,NA,NA,NA,NA,NA,NA,NA,NA,10.67,15.89,49.44,NA,",ra,"
1878-09-22 09:00:00,NA,NA,135,NA,NA,NA,0.51,NA,NA,NA,NA,NA,NA,NA,21.46,NA
1878-09-22 15:00:00,NA,NA,NA,NA,NA,NA,NA,NA,NA,NA,NA,NA,NA,NA,NA,NA
1878-09-22 21:00:00,NA,NA,315,NA,NA,NA,NA,NA,NA,NA,NA,NA,NA,NA,20,NA
1878-09-23,NA,NA,NA,NA,NA,NA,NA,NA,NA,NA,NA,1.28,11.33,53.89,NA,",halo,"
1878-09-23 09:00:00,13.89,315,315,6.94,985.34,987.81,0,NA,4.44,NA,6.28,NA,NA,NA,8.49,",ovc,ovc"
1878-09-23 15:00:00,NA,NA,NA,NA,988.62,NA,NA,NA,2.22,NA,3.28,NA,NA,NA,NA,",skc"
1878-09-23 21:00:00,13.33,NA,135,6.33,NA,990.99,NA,NA,2.22,NA,3.33,NA,NA,NA,27,NA
1878-09-24,NA,NA,NA,NA,NA,NA,NA,NA,NA,NA,NA,-0.28,14.44,41.94,NA,NA
1878-09-24 09:00:00,11.67,225,135,7.55,985,987.13,0,NA,5.17,NA,6.67,NA,NA,NA,8.94,",skc"
1878-09-24 15:00:00,NA,NA,NA,NA,991.67,NA,NA,NA,4.06,NA,4.39,NA,NA,NA,NA,",ovc,ovc"
1878-09-24 21:00:00,17.22,NA,0,7.92,NA,992.96,NA,NA,4.11,NA,4.44,NA,NA,NA,14,NA
1878-09-25,NA,NA,NA,NA,NA,NA,NA,NA,NA,NA,NA,-3.56,11.06,49.83,NA,NA
1878-09-25 09:00:00,14.44,NA,315,5.32,996.17,998.78,0,NA,2.83,NA,5.56,NA,NA,NA,11.85,",skc"
1878-09-25 15:00:00,NA,NA,NA,NA,999.83,NA,NA,NA,-1.11,NA,-0.56,NA,NA,NA,NA,",skc"
1878-09-25 21:00:00,10.56,NA,NA,5.25,NA,1001.76,NA,NA,-1.11,NA,-0.56,NA,NA,NA,0,NA
1878-09-26,NA,NA,NA,NA,NA,NA,NA,NA,NA,NA,NA,-3.56,13.44,51.56,NA,",au,"
1878-09-26 09:00:00,16.11,NA,180,5.49,1002.27,1005.11,0,NA,3.33,NA,6.11,NA,NA,NA,11.18,NA
1878-09-26 15:00:00,NA,NA,NA,NA,994.85,NA,NA,NA,4.39,NA,7.17,NA,NA,NA,NA,",ovc"
1878-09-26 21:00:00,16.11,NA,135,6.13,NA,997.66,NA,NA,4.44,NA,7.22,NA,NA,NA,20,NA
1878-09-27,NA,NA,NA,NA,NA,NA,NA,NA,NA,NA,NA,6.94,19.72,53.06,NA,",du,"
1878-09-27 09:00:00,16.11,225,135,6.94,985.61,988.42,0,NA,7.22,NA,11.11,NA,NA,NA,14.75,",frst"
1878-09-27 15:00:00,NA,NA,NA,NA,977.65,NA,NA,NA,9.39,NA,13.89,NA,NA,NA,NA,",skc"
1878-09-27 21:00:00,16.11,NA,NA,13.88,NA,980.5,NA,NA,9.44,NA,13.89,NA,NA,NA,28,NA
1878-09-28,NA,NA,NA,NA,NA,NA,NA,NA,NA,NA,NA,10.67,21.33,52.5,NA,",fu,"
1878-09-28 09:00:00,16.67,180,NA,12.26,971.49,981.21,0,NA,12.22,NA,14.44,NA,NA,NA,15.38,",ovc"
1878-09-28 15:00:00,NA,NA,NA,NA,974.33,NA,NA,NA,8,NA,12.22,NA,NA,NA,NA,",skc"
1878-09-28 21:00:00,17.22,NA,180,7.28,NA,977.35,NA,NA,8.06,NA,12.22,NA,NA,NA,17,NA
1878-09-29,NA,NA,NA,NA,NA,NA,NA,NA,NA,NA,NA,5.44,17.5,40.56,NA,",ra,"
1878-09-29 09:00:00,NA,NA,NA,NA,NA,NA,4.32,NA,NA,NA,NA,NA,NA,NA,6.71,NA
1878-09-29 15:00:00,NA,NA,NA,NA,NA,NA,NA,NA,NA,NA,NA,NA,NA,NA,NA,NA
1878-09-29 21:00:00,NA,NA,90,NA,NA,NA,NA,NA,NA,NA,NA,NA,NA,NA,16,NA
1878-09-30,NA,NA,NA,NA,NA,NA,NA,NA,NA,NA,NA,9.28,18.06,46.06,NA,",fg,"
1878-09-30 09:00:00,20,0,0,15.54,971.59,975.04,0,NA,13.89,NA,14,NA,NA,NA,5.14,",ovc,ovc"
1878-09-30 15:00:00,NA,NA,NA,NA,975.42,NA,NA,NA,9.67,NA,10,NA,NA,NA,NA,",ovc,ovc"
1878-09-30 21:00:00,16.67,0,0,11.68,NA,976.67,NA,NA,9.72,NA,10,NA,NA,NA,16,NA
1878-10-01,NA,NA,NA,NA,NA,NA,0,0,NA,NA,NA,8.22,13,21.56,NA,",ra,"
1878-10-01 09:00:00,20,0,315,12.09,NA,969.46,13.46,NA,10.11,NA,10.28,NA,NA,NA,8.49,",ovc"
1878-10-01 15:00:00,NA,NA,NA,NA,NA,NA,NA,NA,1.39,NA,2.17,NA,NA,NA,NA,",skc"
1878-10-01 21:00:00,18.33,NA,315,6.16,NA,974.13,NA,NA,1.39,NA,2.22,NA,NA,NA,13,NA
1878-10-02,NA,NA,NA,NA,NA,NA,0,0,NA,NA,NA,1.83,13.28,51.11,NA,NA
1878-10-02 09:00:00,20,NA,0,8.7,NA,980.97,0,NA,6.67,NA,7.94,NA,NA,NA,2.24,",skc"
1878-10-02 15:00:00,NA,NA,NA,NA,NA,NA,NA,NA,7.72,NA,8.33,NA,NA,NA,NA,",ovc"
1878-10-02 21:00:00,15.56,NA,225,9.99,NA,985.2,NA,NA,7.78,NA,8.33,NA,NA,NA,5,NA
1878-10-03,NA,NA,NA,NA,NA,NA,0,0,NA,NA,NA,4.06,13.56,52.5,NA,",ra,"
1878-10-03 09:00:00,18.89,270,225,8.6,NA,989.33,0,NA,6.67,NA,8.06,NA,NA,NA,5.36,",ovc"
1878-10-03 15:00:00,NA,NA,NA,NA,NA,NA,NA,NA,5.5,NA,6.61,NA,NA,NA,NA,",ovc"
1878-10-03 21:00:00,14.44,NA,270,8.13,NA,990.89,NA,NA,5.56,NA,6.67,NA,NA,NA,11,NA
1878-10-04,NA,NA,NA,NA,NA,NA,0,0,NA,NA,NA,-2.61,13.44,NA,NA,NA
1878-10-04 09:00:00,15,NA,270,7.04,NA,990.65,0,NA,5.11,NA,7.22,NA,NA,NA,11.18,",skc"
1878-10-04 15:00:00,NA,NA,NA,NA,NA,NA,NA,NA,-2.44,NA,-1.67,NA,NA,NA,NA,",skc"
1878-10-04 21:00:00,17.78,NA,315,4.57,NA,995.12,NA,NA,-1.33,NA,-1.67,NA,NA,NA,27,NA
1878-10-05,NA,NA,NA,NA,NA,NA,0,0,NA,NA,NA,-3.06,13.72,50.83,NA,",au,"
1878-10-05 09:00:00,15,270,180,5.96,NA,992.99,0,NA,2.78,NA,4.94,NA,NA,NA,6.71,",skc"
1878-10-05 15:00:00,NA,NA,NA,NA,NA,NA,NA,NA,0,NA,1.67,NA,NA,NA,NA,",skc"
1878-10-05 21:00:00,11.67,NA,90,4.81,NA,986.79,NA,NA,0,NA,1.67,NA,NA,NA,16,NA
1878-10-06,NA,NA,NA,NA,NA,NA,0,0,NA,NA,NA,NA,NA,15.56,NA,",ra,"
1878-10-06 09:00:00,NA,NA,45,NA,NA,NA,1.27,NA,NA,NA,NA,NA,NA,NA,2.68,NA
1878-10-06 15:00:00,NA,NA,NA,NA,NA,NA,NA,NA,NA,NA,NA,NA,NA,NA,NA,NA
1878-10-06 21:00:00,NA,NA,225,NA,NA,NA,NA,NA,NA,NA,NA,NA,NA,NA,5,NA
1878-10-07,NA,NA,NA,NA,NA,NA,0,0,NA,NA,NA,0.83,10.39,49.44,NA,",ra,"
1878-10-07 09:00:00,14.44,225,90,8.33,NA,983.95,0.25,NA,5.17,NA,5.72,NA,NA,NA,0.58,",ovc,ovc"
1878-10-07 15:00:00,NA,NA,NA,NA,NA,NA,NA,NA,4.67,NA,5.5,NA,NA,NA,NA,",ovc"
1878-10-07 21:00:00,14.44,90,135,7.86,NA,984.76,NA,NA,4.72,NA,5.56,NA,NA,NA,5,NA
1878-10-08,NA,NA,NA,NA,NA,NA,0,0,NA,NA,NA,-2.22,10.94,51.67,NA,",frst,"
1878-10-08 09:00:00,18.33,NA,315,7.79,NA,988.22,0,NA,5,NA,6.11,NA,NA,NA,4.47,",skc"
1878-10-08 15:00:00,NA,NA,NA,NA,NA,NA,NA,NA,-0.28,NA,1.39,NA,NA,NA,NA,",skc"
1878-10-08 21:00:00,16.11,NA,270,4.84,NA,988.59,NA,NA,-0.28,NA,1.39,NA,NA,NA,34,NA
1878-10-09,NA,NA,NA,NA,NA,NA,0,0,NA,NA,NA,-3.89,12.61,52.22,NA,NA
1878-10-09 09:00:00,16.67,NA,225,4.91,NA,990.04,0,NA,-0.56,NA,0.83,NA,NA,NA,0.22,",ovc"
1878-10-09 15:00:00,NA,NA,NA,NA,NA,NA,NA,NA,0,NA,3.61,NA,NA,NA,NA,",skc"
1878-10-09 21:00:00,11.11,NA,135,3.49,NA,984.12,NA,NA,0,NA,3.67,NA,NA,NA,18,NA
1878-10-10,NA,NA,NA,NA,NA,NA,0,0,NA,NA,NA,1.11,9.83,NA,NA,",ra,"
1878-10-10 09:00:00,14.44,NA,135,7.01,NA,970.57,3.56,NA,5.72,NA,8.33,NA,NA,NA,7.6,",ovc"
1878-10-10 15:00:00,NA,NA,NA,NA,NA,NA,NA,NA,4.22,NA,4.94,NA,NA,NA,NA,",ra"
1878-10-10 21:00:00,13.89,135,315,7.65,NA,975.01,NA,NA,4.28,NA,5,NA,NA,NA,20,NA
1878-10-11,NA,NA,NA,NA,NA,NA,0,0,NA,NA,NA,-2.22,14.83,48.06,NA,",frst,"
1878-10-11 09:00:00,15.56,NA,225,6.33,NA,981.58,0,NA,2.78,NA,4.17,NA,NA,NA,3.58,",skc,skc"
1878-10-11 15:00:00,NA,NA,NA,NA,NA,NA,NA,NA,3.28,NA,4.94,NA,NA,NA,NA,",skc"
1878-10-11 21:00:00,14.44,NA,225,6.4,NA,980.7,NA,NA,3.33,NA,5,NA,NA,NA,5,NA
1878-10-12,NA,NA,NA,NA,NA,NA,0,0,NA,NA,NA,-1.39,17.22,41.67,NA,",halo,"
1878-10-12 09:00:00,14.44,225,180,7.62,NA,981.65,0,NA,5.5,NA,7.22,NA,NA,NA,4.47,",ovc"
1878-10-12 15:00:00,NA,NA,NA,NA,NA,NA,NA,NA,6.89,NA,9.44,NA,NA,NA,NA,",bkn"
1878-10-12 21:00:00,14.44,NA,90,7.86,NA,977.14,NA,NA,6.94,NA,9.44,NA,NA,NA,12,NA
1878-10-13,NA,NA,NA,NA,NA,NA,0,0,NA,NA,NA,2.78,18.72,52.5,NA,NA
1878-10-13 09:00:00,NA,NA,180,NA,NA,NA,0,NA,NA,NA,NA,NA,NA,NA,3.58,NA
1878-10-13 15:00:00,NA,NA,NA,NA,NA,NA,NA,NA,NA,NA,NA,NA,NA,NA,NA,NA
1878-10-13 21:00:00,NA,NA,225,NA,NA,NA,NA,NA,NA,NA,NA,NA,NA,NA,40,NA
1878-10-14,NA,NA,NA,NA,NA,NA,0,0,NA,NA,NA,-2.06,11.11,46.94,NA,",halo,"
1878-10-14 09:00:00,16.11,270,315,7.15,NA,984.22,0,NA,3.89,NA,5,NA,NA,NA,4.92,",ovc,ovc"
1878-10-14 15:00:00,NA,NA,NA,NA,NA,NA,NA,NA,-1.39,NA,-1.11,NA,NA,NA,NA,",skc"
1878-10-14 21:00:00,11.67,NA,0,5.35,NA,984.25,NA,NA,-1.39,NA,-1.11,NA,NA,NA,5,NA
1878-10-15,NA,NA,NA,NA,NA,NA,0,0,NA,NA,NA,0.56,7.72,16.94,NA,",sn,"
1878-10-15 09:00:00,16.11,90,90,6.91,NA,986.25,0,NA,2.78,NA,3.44,NA,NA,NA,5.81,",ovc,ovc"
1878-10-15 15:00:00,NA,NA,NA,NA,NA,NA,NA,NA,3.28,NA,6.06,NA,NA,NA,NA,",sn"
1878-10-15 21:00:00,13.33,NA,45,5.52,NA,977.31,NA,NA,3.33,NA,6.11,NA,NA,NA,27,NA
1878-10-16,NA,NA,NA,NA,NA,NA,20.32,203.2,NA,NA,NA,-1.39,5.5,12.78,NA,",sn,"
1878-10-16 09:00:00,15,NA,0,6.37,NA,967.36,33.02,NA,0.56,NA,0.56,NA,NA,NA,11.18,",ovc"
1878-10-16 15:00:00,NA,NA,NA,NA,NA,NA,NA,NA,-1.39,NA,-0.83,NA,NA,NA,NA,",sn"
1878-10-16 21:00:00,13.89,NA,315,5.18,NA,973.76,NA,NA,-1.39,NA,-0.83,NA,NA,NA,23,NA
1878-10-17,NA,NA,NA,NA,NA,NA,0,0,NA,NA,NA,-5.28,5.67,47.78,NA,",du,"
1878-10-17 09:00:00,15.56,315,315,5.28,NA,987.98,0,NA,-0.72,NA,0,NA,NA,NA,10.73,",bkn"
1878-10-17 15:00:00,NA,NA,NA,NA,NA,NA,NA,NA,-4.72,NA,-4.44,NA,NA,NA,NA,",skc"
1878-10-17 21:00:00,11.11,NA,270,4.1,NA,994.35,NA,NA,-4.72,NA,-4.44,NA,NA,NA,40,NA
1878-10-18,NA,NA,NA,NA,NA,NA,0,0,NA,NA,NA,-6.22,9,49.67,NA,NA
1878-10-18 09:00:00,13.89,0,135,4.88,NA,989.77,0,NA,-1.11,NA,0,NA,NA,NA,12.29,",skc,skc"
1878-10-18 15:00:00,NA,NA,NA,NA,NA,NA,NA,NA,3.61,NA,6.61,NA,NA,NA,NA,",skc"
1878-10-18 21:00:00,13.89,NA,135,5.96,NA,977.41,NA,NA,3.61,NA,6.67,NA,NA,NA,40,NA
1878-10-19,NA,NA,NA,NA,NA,NA,0,0,NA,NA,NA,2.5,15.06,50.83,NA,NA
1878-10-19 09:00:00,14.44,NA,270,7.55,NA,978.73,0,NA,5.61,NA,7.5,NA,NA,NA,4.47,",skc"
1878-10-19 15:00:00,NA,NA,NA,NA,NA,NA,NA,NA,3.61,NA,5.17,NA,NA,NA,NA,",ovc"
1878-10-19 21:00:00,13.33,270,270,6.64,NA,977.35,NA,NA,3.67,NA,5.22,NA,NA,NA,5,NA
1878-10-20,NA,NA,NA,NA,NA,NA,0,0,NA,NA,NA,1.39,9.83,21.67,NA,",ra,"
1878-10-20 09:00:00,NA,NA,135,NA,NA,NA,2.03,NA,NA,NA,NA,NA,NA,NA,6.71,NA
1878-10-20 15:00:00,NA,NA,NA,NA,NA,NA,NA,NA,NA,NA,NA,NA,NA,NA,NA,NA
1878-10-20 21:00:00,NA,NA,180,NA,NA,NA,NA,NA,NA,NA,NA,NA,NA,NA,16,NA
1878-10-21,NA,NA,NA,NA,NA,NA,0.127,1.27,NA,NA,NA,-3.89,4.39,10,NA,",sn,"
1878-10-21 09:00:00,14.44,315,270,4.74,NA,979.21,1.27,NA,-1.94,NA,-1.11,NA,NA,NA,14.53,",sn,sn"
1878-10-21 15:00:00,NA,NA,NA,NA,NA,NA,NA,NA,-3.33,NA,-2.78,NA,NA,NA,NA,",ovc"
1878-10-21 21:00:00,15.56,NA,315,4.37,NA,984.9,NA,NA,-3.33,NA,-2.78,NA,NA,NA,20,NA
1878-10-22,NA,NA,NA,NA,NA,NA,0,0,NA,NA,NA,-6.67,3.56,41.11,NA,NA
1878-10-22 09:00:00,12.78,NA,270,3.79,NA,985.44,0,NA,-5,NA,-4.44,NA,NA,NA,3.13,",bkn"
1878-10-22 15:00:00,NA,NA,NA,NA,NA,NA,NA,NA,-1.67,NA,-1.67,NA,NA,NA,NA,",ovc"
1878-10-22 21:00:00,13.89,NA,90,5.42,NA,981.41,NA,NA,-1.67,NA,-1.67,NA,NA,NA,45,NA
1878-10-23,NA,NA,NA,NA,NA,NA,0.254,2.54,NA,NA,NA,-3.89,0.33,49.44,NA,",sn,"
1878-10-23 09:00:00,15,315,315,4.57,NA,986.18,0.25,NA,-2.78,NA,-2.17,NA,NA,NA,8.94,",bkn"
1878-10-23 15:00:00,NA,NA,NA,NA,NA,NA,NA,NA,-3.89,NA,-3.33,NA,NA,NA,NA,",skc"
1878-10-23 21:00:00,18.33,NA,315,4.17,NA,994.38,NA,NA,-3.89,NA,-3.33,NA,NA,NA,45,NA
1878-10-24,NA,NA,NA,NA,NA,NA,0,0,NA,NA,NA,-6.67,-1.11,50,NA,NA
1878-10-24 09:00:00,15.56,0,0,3.96,NA,1000.07,0,NA,-3.33,NA,-2.22,NA,NA,NA,3.13,",ovc"
1878-10-24 15:00:00,NA,NA,NA,NA,NA,NA,NA,NA,-3.72,NA,-3.06,NA,NA,NA,NA,",ovc,ovc"
1878-10-24 21:00:00,13.89,NA,NA,4.13,NA,1005.52,NA,NA,-3.72,NA,-3.06,NA,NA,NA,0,NA
1878-10-25,NA,NA,NA,NA,NA,NA,0,0,NA,NA,NA,-7.22,-0.61,31.67,NA,",sn,"
1878-10-25 09:00:00,16.11,NA,270,4.37,NA,1002.85,0,NA,-3.33,NA,-2.78,NA,NA,NA,1.12,",ovc,ovc"
1878-10-25 15:00:00,NA,NA,NA,NA,NA,NA,NA,NA,-5.83,NA,-5.56,NA,NA,NA,NA,",bkn"
1878-10-25 21:00:00,17.78,NA,315,3.69,NA,1005.52,NA,NA,-5.83,NA,-5.56,NA,NA,NA,16,NA
1878-10-26,NA,NA,NA,NA,NA,NA,0.635,6.35,NA,NA,NA,-8.83,-4.56,17.5,NA,",sn,"
1878-10-26 09:00:00,15,225,270,2.81,NA,1007.55,0.51,NA,-7.78,NA,-7.06,NA,NA,NA,7.15,",ovc,ovc"
1878-10-26 15:00:00,NA,NA,NA,NA,NA,NA,NA,NA,-8.33,NA,-8.22,NA,NA,NA,NA,",ovc"
1878-10-26 21:00:00,15,NA,270,3.08,NA,1004.84,NA,NA,-8.33,NA,-8.22,NA,NA,NA,34,NA
1878-10-27,NA,NA,NA,NA,NA,NA,0,0,NA,NA,NA,-10.5,-5,38.56,NA,NA
1878-10-27 09:00:00,NA,NA,270,NA,NA,NA,0,NA,NA,NA,NA,NA,NA,NA,4.02,NA
1878-10-27 15:00:00,NA,NA,NA,NA,NA,NA,NA,NA,NA,NA,NA,NA,NA,NA,NA,NA
1878-10-27 21:00:00,NA,NA,135,NA,NA,NA,NA,NA,NA,NA,NA,NA,NA,NA,16,NA
1878-10-28,NA,NA,NA,NA,NA,NA,0,0,NA,NA,NA,-7.5,-1.44,14.17,NA,NA
1878-10-28 09:00:00,12.22,NA,90,3.08,NA,989.71,0,NA,-7.06,NA,-6.39,NA,NA,NA,7.82,",sn"
1878-10-28 15:00:00,NA,NA,NA,NA,NA,NA,NA,NA,-6.39,NA,-5.56,NA,NA,NA,NA,",ovc,ovc"
1878-10-28 21:00:00,16.11,NA,90,3.15,NA,987.88,NA,NA,-6.39,NA,-5.56,NA,NA,NA,40,NA
1878-10-29,NA,NA,NA,NA,NA,NA,1.905,19.05,NA,NA,NA,-13.56,-3.72,12.67,NA,",sn,"
1878-10-29 09:00:00,15.56,NA,90,3.69,NA,983.34,2.29,NA,-6.11,NA,-5.94,NA,NA,NA,5.5,",sn,sn"
1878-10-29 15:00:00,NA,NA,NA,NA,NA,NA,NA,NA,-7.89,NA,-7.78,NA,NA,NA,NA,",skc"
1878-10-29 21:00:00,12.78,NA,0,3.32,NA,987.95,NA,NA,-7.89,NA,-7.78,NA,NA,NA,12,NA
1878-10-30,NA,NA,NA,NA,NA,NA,0,0,NA,NA,NA,-13.28,-3.17,28.06,NA,NA
1878-10-30 09:00:00,15,NA,90,2.91,NA,997.8,0,NA,-7.89,NA,-7.39,NA,NA,NA,4.02,",ovc"
1878-10-30 15:00:00,NA,NA,NA,NA,NA,NA,NA,NA,-6.39,NA,-6.11,NA,NA,NA,NA,",ovc,ovc"
1878-10-30 21:00:00,13.89,NA,225,3.56,NA,1002.03,NA,NA,-6.39,NA,-6.11,NA,NA,NA,40,NA
1878-10-31,NA,NA,NA,NA,NA,NA,0,0,NA,NA,NA,-11.06,4.94,37.5,NA,",halo,"
1878-10-31 09:00:00,12.22,NA,180,4.1,NA,985.03,0,NA,-3.61,NA,-2.78,NA,NA,NA,14.75,",ovc"
1878-10-31 15:00:00,NA,NA,NA,NA,NA,NA,NA,NA,2.22,NA,3.28,NA,NA,NA,NA,",skc"
1878-10-31 21:00:00,15.56,NA,270,6.33,NA,974.26,NA,NA,2.22,NA,3.33,NA,NA,NA,34,NA
1878-11-01,NA,NA,NA,NA,NA,NA,0,0,NA,NA,NA,-8.33,6.61,43.33,NA,",du,"
1878-11-01 09:00:00,14.44,315,270,5.69,NA,979.48,0,NA,1.72,NA,3.33,NA,NA,NA,4.92,",ovc"
1878-11-01 15:00:00,NA,NA,NA,NA,NA,NA,NA,NA,-7.72,NA,-6.94,NA,NA,NA,NA,",skc"
1878-11-01 21:00:00,13.33,NA,0,2.78,NA,995.29,NA,NA,-7.72,NA,-6.94,NA,NA,NA,27,NA
1878-11-02,NA,NA,NA,NA,NA,NA,NA,NA,NA,NA,NA,-9.39,7.72,36.28,NA,",fu,"
1878-11-02 09:00:00,14.44,NA,180,3.69,NA,997.36,0,NA,-4.61,NA,-3.72,NA,NA,NA,8.05,",skc,skc"
1878-11-02 15:00:00,NA,NA,NA,NA,NA,NA,NA,NA,-1.89,NA,-1.44,NA,NA,NA,NA,",skc"
1878-11-02 21:00:00,12.78,NA,225,5.05,NA,994.92,NA,NA,-1.89,NA,-1.44,NA,NA,NA,12,NA
1878-11-03,NA,NA,NA,NA,NA,NA,NA,NA,NA,NA,NA,-5,3.28,41,NA,NA
1878-11-03 09:00:00,NA,NA,0,NA,NA,NA,0,NA,NA,NA,NA,NA,NA,NA,7.33,NA
1878-11-03 15:00:00,NA,NA,NA,NA,NA,NA,NA,NA,NA,NA,NA,NA,NA,NA,NA,NA
1878-11-03 21:00:00,NA,NA,90,NA,NA,NA,NA,NA,NA,NA,NA,NA,NA,NA,40,NA
1878-11-04,NA,NA,NA,NA,NA,NA,NA,NA,NA,NA,NA,-6.67,8,37.78,NA,",au,"
1878-11-04 09:00:00,12.78,NA,135,3.59,NA,997.43,0,NA,-3.33,NA,-1.67,NA,NA,NA,9.83,",skc,skc"
1878-11-04 15:00:00,NA,NA,NA,NA,NA,NA,NA,NA,2.22,NA,4.39,NA,NA,NA,NA,",bkn"
1878-11-04 21:00:00,12.22,NA,135,5.45,NA,987.61,NA,NA,2.22,NA,4.44,NA,NA,NA,20,NA
1878-11-05,NA,NA,NA,NA,NA,NA,NA,NA,NA,NA,NA,-2.5,7.44,36.11,NA,",hz,"
1878-11-05 09:00:00,15.56,NA,90,5.82,NA,984.63,0,NA,0.56,NA,1.22,NA,NA,NA,4.02,",skc,skc"
1878-11-05 15:00:00,NA,NA,NA,NA,NA,NA,NA,NA,-1.11,NA,-0.83,NA,NA,NA,NA,",skc,skc"
1878-11-05 21:00:00,13.33,NA,45,5.45,NA,988.18,NA,NA,-1.11,NA,-0.83,NA,NA,NA,34,NA
1878-11-06,NA,NA,NA,NA,NA,NA,NA,NA,NA,NA,NA,-8.33,7.17,28.33,NA,",fu,"
1878-11-06 09:00:00,14.44,NA,45,5.49,NA,997.36,0,NA,0.56,NA,1.67,NA,NA,NA,3.58,",ovc"
1878-11-06 15:00:00,NA,NA,NA,NA,NA,NA,NA,NA,-3.89,NA,-2.5,NA,NA,NA,NA,",skc"
1878-11-06 21:00:00,16.67,NA,45,3.69,NA,1004.94,NA,NA,-3.89,NA,-2.5,NA,NA,NA,27,NA
1878-11-07,NA,NA,NA,NA,NA,NA,NA,NA,NA,NA,NA,-9.39,2.17,37.61,NA,NA
1878-11-07 09:00:00,13.33,NA,45,3.52,NA,1006.16,0,NA,-6.56,NA,-6.33,NA,NA,NA,1.34,",skc,skc"
1878-11-07 15:00:00,NA,NA,NA,NA,NA,NA,NA,NA,-5.89,NA,-5.39,NA,NA,NA,NA,",skc,skc"
1878-11-07 21:00:00,12.22,NA,225,3.73,NA,1002.57,NA,NA,-5.89,NA,-5.39,NA,NA,NA,2,NA
1878-11-08,NA,NA,NA,NA,NA,NA,NA,NA,NA,NA,NA,-7.17,6.33,31.11,NA,",frst,"
1878-11-08 09:00:00,13.89,0,180,3.59,NA,997.43,0,NA,-3.33,NA,-1.67,NA,NA,NA,6.71,",ovc"
1878-11-08 15:00:00,NA,NA,NA,NA,NA,NA,NA,NA,1.28,NA,1.39,NA,NA,NA,NA,",skc"
1878-11-08 21:00:00,12.22,NA,180,6.57,NA,990.79,NA,NA,1.28,NA,1.39,NA,NA,NA,15,NA
1878-11-09,NA,NA,NA,NA,NA,NA,NA,NA,NA,NA,NA,-1.11,6.06,23.83,NA,",ra,"
1878-11-09 09:00:00,13.89,225,180,5.05,NA,984.76,2.54,NA,0.56,NA,2.22,NA,NA,NA,10.28,",bkn"
1878-11-09 15:00:00,NA,NA,NA,NA,NA,NA,NA,NA,1.94,NA,2.22,NA,NA,NA,NA,",sn"
1878-11-09 21:00:00,14.44,0,0,6.47,NA,986.22,NA,NA,1.94,NA,2.22,NA,NA,NA,12,NA
1878-11-10,NA,NA,NA,NA,NA,NA,NA,NA,NA,NA,NA,-3.06,3,33.06,NA,",halo,"
1878-11-10 09:00:00,NA,NA,0,NA,NA,NA,0,NA,NA,NA,NA,NA,NA,NA,6.48,NA
1878-11-10 15:00:00,NA,NA,NA,NA,NA,NA,NA,NA,NA,NA,NA,NA,NA,NA,NA,NA
1878-11-10 21:00:00,NA,NA,NA,NA,NA,NA,NA,NA,NA,NA,NA,NA,NA,NA,0,NA
1878-11-11,NA,NA,NA,NA,NA,NA,NA,NA,NA,NA,NA,-2.33,8.17,39.33,NA,",halo,"
1878-11-11 09:00:00,16.11,NA,270,5.49,NA,983.27,0,NA,0.56,NA,1.67,NA,NA,NA,5.14,",skc"
1878-11-11 15:00:00,NA,NA,NA,NA,NA,NA,NA,NA,2.22,NA,2.33,NA,NA,NA,NA,",ovc"
1878-11-11 21:00:00,11.11,270,315,7.11,NA,981.78,NA,NA,2.22,NA,2.33,NA,NA,NA,11,NA
1878-11-12,NA,NA,NA,NA,NA,NA,1.524,15.24,NA,NA,NA,-4.17,5.22,37.78,NA,",sn,"
1878-11-12 09:00:00,16.67,315,315,6.26,NA,981.44,0,NA,0.72,NA,0.94,NA,NA,NA,1.34,",ovc,ovc"
1878-11-12 15:00:00,NA,NA,NA,NA,NA,NA,NA,NA,-3.89,NA,-3.33,NA,NA,NA,NA,",bkn"
1878-11-12 21:00:00,15.56,270,270,4.17,NA,988.66,NA,NA,-3.89,NA,-3.33,NA,NA,NA,40,NA
1878-11-13,NA,NA,NA,NA,NA,NA,NA,NA,NA,NA,NA,-6.61,1.72,36,NA,",coro,"
1878-11-13 09:00:00,14.44,NA,315,4.06,NA,995.84,4.32,NA,-4.28,NA,-3.78,NA,NA,NA,4.47,",skc,skc"
1878-11-13 15:00:00,NA,NA,NA,NA,NA,NA,NA,NA,-4.17,NA,-3.83,NA,NA,NA,NA,",skc"
1878-11-13 21:00:00,15,NA,180,4.23,NA,996.04,NA,NA,-4.17,NA,-3.83,NA,NA,NA,11,NA
1878-11-14,NA,NA,NA,NA,NA,NA,NA,NA,NA,NA,NA,-4.44,5.22,36.11,NA,",du,"
1878-11-14 09:00:00,11.67,270,180,4.91,NA,988.32,0,NA,-0.56,NA,0.83,NA,NA,NA,17.43,",bkn"
1878-11-14 15:00:00,NA,NA,NA,NA,NA,NA,NA,NA,2.39,NA,3.28,NA,NA,NA,NA,",ovc"
1878-11-14 21:00:00,14.44,NA,180,6.57,NA,981.85,NA,NA,2.39,NA,3.33,NA,NA,NA,25,NA
1878-11-15,NA,NA,NA,NA,NA,NA,NA,NA,NA,NA,NA,-1.67,7.44,39.89,NA,",au,"
1878-11-15 09:00:00,17.78,0,135,5.79,NA,983.75,0,NA,-0.33,NA,0,NA,NA,NA,4.47,",skc"
1878-11-15 15:00:00,NA,NA,NA,NA,NA,NA,NA,NA,-0.83,NA,-0.33,NA,NA,NA,NA,",skc,skc"
1878-11-15 21:00:00,17.78,NA,135,5.42,NA,986.69,NA,NA,-0.83,NA,-0.33,NA,NA,NA,13,NA
1878-11-16,NA,NA,NA,NA,NA,NA,NA,NA,NA,NA,NA,-3.61,8,39.72,NA,",au,"
1878-11-16 09:00:00,17.78,NA,135,5.25,NA,989.84,0,NA,-1.28,NA,-0.83,NA,NA,NA,3.35,",skc,skc"
1878-11-16 15:00:00,NA,NA,NA,NA,NA,NA,NA,NA,-0.28,NA,1.28,NA,NA,NA,NA,",skc,skc"
1878-11-16 21:00:00,17.22,NA,180,4.91,NA,988.52,NA,NA,-0.28,NA,1.28,NA,NA,NA,45,NA
1878-11-17,NA,NA,NA,NA,NA,NA,0,0,NA,NA,NA,-1.67,10.94,41.67,NA,NA
1878-11-17 09:00:00,NA,NA,180,NA,NA,NA,0,NA,NA,NA,NA,NA,NA,NA,11.18,NA
1878-11-17 15:00:00,NA,NA,NA,NA,NA,NA,NA,NA,NA,NA,NA,NA,NA,NA,NA,NA
1878-11-17 21:00:00,NA,NA,135,NA,NA,NA,NA,NA,NA,NA,NA,NA,NA,NA,45,NA
1878-11-18,NA,NA,NA,NA,NA,NA,NA,NA,NA,NA,NA,-1.67,8.28,37.28,NA,",ra,"
1878-11-18 09:00:00,16.11,270,225,6.5,NA,975.72,0.76,NA,3.06,NA,4.44,NA,NA,NA,8.94,",ovc,ovc"
1878-11-18 15:00:00,NA,NA,NA,NA,NA,NA,NA,NA,2.5,NA,3.28,NA,NA,NA,NA,",ovc"
1878-11-18 21:00:00,17.22,NA,270,6.71,NA,984.86,NA,NA,2.22,NA,3.33,NA,NA,NA,40,NA
1878-11-19,NA,NA,NA,NA,NA,NA,NA,NA,NA,NA,NA,-5,6.06,39.56,NA,",missing,"
1878-11-19 09:00:00,17.22,NA,270,4.61,NA,985.03,0,NA,-2.78,NA,-2.22,NA,NA,NA,2.24,",skc"
1878-11-19 15:00:00,NA,NA,NA,NA,NA,NA,NA,NA,-2.5,NA,-2,NA,NA,NA,NA,",skc,skc"
1878-11-19 21:00:00,11.67,NA,135,4.71,NA,979.01,NA,NA,-2.5,NA,-2,NA,NA,NA,45,NA
1878-11-20,NA,NA,NA,NA,NA,NA,0,0,NA,NA,NA,-5,4.39,35.56,NA,",frst,"
1878-11-20 09:00:00,10.56,NA,135,4.57,NA,981.14,0,NA,-3.33,NA,-3.06,NA,NA,NA,4.47,",skc"
1878-11-20 15:00:00,NA,NA,NA,NA,NA,NA,NA,NA,-2.5,NA,-2.22,NA,NA,NA,NA,",skc,skc"
1878-11-20 21:00:00,17.22,NA,135,4.88,NA,988.11,NA,NA,-2.5,NA,-2.22,NA,NA,NA,20,NA
1878-11-21,NA,NA,NA,NA,NA,NA,NA,NA,NA,NA,NA,-4.72,1.06,32.78,NA,",gr,"
1878-11-21 09:00:00,14.44,NA,180,5.45,NA,982.19,2.54,NA,-0.28,NA,0.56,NA,NA,NA,8.05,",ovc"
1878-11-21 15:00:00,NA,NA,NA,NA,NA,NA,NA,NA,-2.67,NA,-2.22,NA,NA,NA,NA,",skc"
1878-11-21 21:00:00,13.33,NA,270,4.88,NA,979.82,NA,NA,-2.67,NA,-2.22,NA,NA,NA,45,NA
1878-11-22,NA,NA,NA,NA,NA,NA,NA,NA,NA,NA,NA,-6.39,4.94,39.17,NA,NA
1878-11-22 09:00:00,15,NA,180,4.3,NA,985.1,0,NA,-4.44,NA,-4.33,NA,NA,NA,1.34,",skc,skc"
1878-11-22 15:00:00,NA,NA,NA,NA,NA,NA,NA,NA,-1.94,NA,-1.67,NA,NA,NA,NA,",skc"
1878-11-22 21:00:00,15,NA,135,5.15,NA,981.71,NA,NA,-1.94,NA,-1.67,NA,NA,NA,17,NA
1878-11-23,NA,NA,NA,NA,NA,NA,0.025,0.25,NA,NA,NA,-1.67,1.61,5.28,NA,",sn,"
1878-11-23 09:00:00,12.78,NA,90,5.11,NA,982.56,0.76,NA,-0.56,NA,0.56,NA,NA,NA,7.15,",ovc,ovc"
1878-11-23 15:00:00,NA,NA,NA,NA,NA,NA,NA,NA,-1.11,NA,0,NA,NA,NA,NA,",skc"
1878-11-23 21:00:00,15.56,NA,0,4.88,NA,989.94,NA,NA,-1.11,NA,0,NA,NA,NA,12,NA
1878-11-24,NA,NA,NA,NA,NA,NA,NA,NA,NA,NA,NA,-8.06,0.5,33.89,NA,NA
1878-11-24 09:00:00,NA,NA,0,NA,NA,NA,0,NA,NA,NA,NA,NA,NA,NA,5.81,NA
1878-11-24 15:00:00,NA,NA,NA,NA,NA,NA,NA,NA,NA,NA,NA,NA,NA,NA,NA,NA
1878-11-24 21:00:00,NA,NA,315,NA,NA,NA,NA,NA,NA,NA,NA,NA,NA,NA,5,NA
1878-11-25,NA,NA,NA,NA,NA,NA,NA,NA,NA,NA,NA,-11.11,0.61,0,NA,",frst,"
1878-11-25 09:00:00,12.78,225,225,3.79,NA,999.32,0,NA,-5.39,NA,-5,NA,NA,NA,2.24,",ovc"
1878-11-25 15:00:00,NA,NA,NA,NA,NA,NA,NA,NA,-3.06,NA,-1.94,NA,NA,NA,NA,",skc"
1878-11-25 21:00:00,16.67,180,180,4.06,NA,990.42,NA,NA,-3.06,NA,-1.94,NA,NA,NA,30,NA
1878-11-26,NA,NA,NA,NA,NA,NA,NA,NA,NA,NA,NA,-6,1.89,10.83,NA,",sn,"
1878-11-26 09:00:00,15.56,225,135,3.86,NA,980.97,0,NA,-5.28,NA,-4.72,NA,NA,NA,12.96,",ovc"
1878-11-26 15:00:00,NA,NA,NA,NA,NA,NA,NA,NA,-3,NA,-2.67,NA,NA,NA,NA,",sn"
1878-11-26 21:00:00,16.67,NA,0,4.67,NA,976.09,NA,NA,-3,NA,-2.67,NA,NA,NA,27,NA
1878-11-27,NA,NA,NA,NA,NA,NA,0.254,2.54,NA,NA,NA,-7,-0.67,36.11,NA,",sn,"
1878-11-27 09:00:00,16.11,NA,315,3.66,NA,987.5,2.54,NA,-6.39,NA,-6.28,NA,NA,NA,1.34,",skc"
1878-11-27 15:00:00,NA,NA,NA,NA,NA,NA,NA,NA,-6.67,NA,-6.67,NA,NA,NA,NA,",skc,skc"
1878-11-27 21:00:00,15.56,NA,225,3.66,NA,986.9,NA,NA,-6.67,NA,-6.67,NA,NA,NA,27,NA
1878-11-28,NA,NA,NA,NA,NA,NA,NA,NA,NA,NA,NA,-7.78,1.17,12.78,NA,",sn,"
1878-11-28 09:00:00,15.56,NA,180,4.61,NA,976.97,0,NA,-2.78,NA,-2.22,NA,NA,NA,7.6,",skc"
1878-11-28 15:00:00,NA,NA,NA,NA,NA,NA,NA,NA,-6.39,NA,-6.11,NA,NA,NA,NA,",skc"
1878-11-28 21:00:00,13.89,NA,270,3.52,NA,986.49,NA,NA,-6.39,NA,-6.11,NA,NA,NA,13,NA
1878-11-29,NA,NA,NA,NA,NA,NA,NA,NA,NA,NA,NA,-10.78,-1.17,8.06,NA,",au,"
1878-11-29 09:00:00,15,315,315,3.59,NA,997.33,0,NA,-5.56,NA,-4.94,NA,NA,NA,6.71,",ovc"
1878-11-29 15:00:00,NA,NA,NA,NA,NA,NA,NA,NA,-9.72,NA,-9.44,NA,NA,NA,NA,",skc"
1878-11-29 21:00:00,14.44,NA,270,2.64,NA,999.32,NA,NA,-9.72,NA,-9.44,NA,NA,NA,1,NA
1878-11-30,NA,NA,NA,NA,NA,NA,NA,NA,NA,NA,NA,-12.44,-1.17,31.67,NA,",au,"
1878-11-30 09:00:00,12.22,135,135,2.4,NA,999.26,0,NA,-10.94,NA,-10.56,NA,NA,NA,3.58,",bkn"
1878-11-30 15:00:00,NA,NA,NA,NA,NA,NA,NA,NA,-2.5,NA,-1.94,NA,NA,NA,NA,",ovc"
1878-11-30 21:00:00,15.56,NA,180,4.71,NA,991.77,NA,NA,-2.5,NA,-1.94,NA,NA,NA,31,NA
1878-12-01,NA,NA,NA,NA,NA,NA,NA,NA,NA,NA,NA,-5,4.94,37.5,NA,NA
1878-12-01 09:00:00,NA,NA,225,NA,NA,NA,NA,NA,NA,NA,NA,NA,NA,NA,12.07,NA
1878-12-01 21:00:00,NA,NA,270,NA,NA,NA,NA,NA,NA,NA,NA,NA,NA,NA,13,NA
1878-12-02,NA,NA,NA,NA,NA,NA,7.62,76.2,NA,NA,NA,-9.39,-0.06,2.78,NA,",sn,"
1878-12-02 09:00:00,11.67,NA,135,3.73,NA,978.06,NA,NA,-6.67,NA,-6.44,NA,NA,NA,4.47,",ovc"
1878-12-02 15:00:00,NA,NA,NA,NA,NA,NA,NA,NA,-0.94,NA,-0.72,NA,NA,NA,NA,",ovc"
1878-12-02 21:00:00,17.78,NA,90,5.55,NA,967.42,NA,NA,-0.94,NA,-0.72,NA,NA,NA,13,NA
1878-12-03,NA,NA,NA,NA,NA,NA,1.27,12.7,NA,NA,NA,-8.39,-2,13.89,NA,",sn,"
1878-12-03 09:00:00,16.11,NA,315,4.54,NA,981.99,NA,NA,-3.89,NA,-3.83,NA,NA,NA,7.15,",ovc,ovc"
1878-12-03 15:00:00,NA,NA,NA,NA,NA,NA,NA,NA,-7.22,NA,-7.22,NA,NA,NA,NA,",ovc,ovc"
1878-12-03 21:00:00,13.33,NA,0,3.49,NA,985.81,NA,NA,-7.22,NA,-7.22,NA,NA,NA,11,NA
1878-12-04,NA,NA,NA,NA,NA,NA,0,0,NA,NA,NA,-12.22,-4,35.56,NA,NA
1878-12-04 09:00:00,15,270,270,2.44,NA,987.98,NA,NA,-11.22,NA,-11.17,NA,NA,NA,2.24,",ovc"
1878-12-04 15:00:00,NA,NA,NA,NA,NA,NA,NA,NA,-7.5,NA,-7.22,NA,NA,NA,NA,",ovc"
1878-12-04 21:00:00,11.11,315,270,3.22,NA,987.78,NA,NA,-7.5,NA,-7.22,NA,NA,NA,13,NA
1878-12-05,NA,NA,NA,NA,NA,NA,0.635,6.35,NA,NA,NA,-10.5,-2.28,7.56,NA,",sn,"
1878-12-05 09:00:00,16.11,315,315,3.32,NA,993.97,NA,NA,-7.78,NA,-7.5,NA,NA,NA,9.83,",ovc"
1878-12-05 15:00:00,NA,NA,NA,NA,NA,NA,NA,NA,-9.44,NA,-9.17,NA,NA,NA,NA,",ovc"
1878-12-05 21:00:00,7.78,0,315,2.71,NA,997.53,NA,NA,-9.44,NA,-9.17,NA,NA,NA,45,NA
1878-12-06,NA,NA,NA,NA,NA,NA,NA,NA,NA,NA,NA,-15.56,2.11,14.72,NA,NA
1878-12-06 09:00:00,13.33,NA,315,2.3,NA,999.59,NA,NA,-11.39,NA,-11.11,NA,NA,NA,0.45,",ovc"
1878-12-06 15:00:00,NA,NA,NA,NA,NA,NA,NA,NA,-10.56,NA,-10.28,NA,NA,NA,NA,",ovc"
1878-12-06 21:00:00,10.56,315,270,2.44,NA,994.21,NA,NA,-10.56,NA,-10.28,NA,NA,NA,45,NA
1878-12-07,NA,NA,NA,NA,NA,NA,NA,NA,NA,NA,NA,-9.94,-3.44,NA,NA,NA
1878-12-07 09:00:00,15,NA,135,2.71,NA,991.23,NA,NA,-9.44,NA,-9.28,NA,NA,NA,7.15,",ovc,ovc"
1878-12-07 15:00:00,NA,NA,NA,NA,NA,NA,NA,NA,-6.11,NA,-5.89,NA,NA,NA,NA,",ovc"
1878-12-07 21:00:00,15.56,225,135,3.66,NA,982.09,NA,NA,-6.11,NA,-5.89,NA,NA,NA,30,NA
1878-12-08,NA,NA,NA,NA,NA,NA,NA,NA,NA,NA,NA,-8.56,1.06,38.33,NA,",rn +sn +ip,"
1878-12-08 09:00:00,NA,NA,135,NA,NA,NA,2.54,NA,NA,NA,NA,NA,NA,NA,3.31,NA
1878-12-08 21:00:00,NA,NA,135,NA,NA,NA,NA,NA,NA,NA,NA,NA,NA,NA,5,NA
1878-12-09,NA,NA,NA,NA,NA,NA,0.508,5.08,NA,NA,NA,-15.28,-2.61,30.83,NA,",sn,"
1878-12-09 09:00:00,14.44,NA,315,4,NA,987.03,NA,NA,-5.56,NA,-5.56,NA,NA,NA,6.71,",ovc"
1878-12-09 15:00:00,NA,NA,NA,NA,NA,NA,NA,NA,-14.44,NA,-14.17,NA,NA,NA,NA,",skc"
1878-12-09 21:00:00,12.78,NA,315,1.73,NA,985.03,NA,NA,-14.44,NA,-14.17,NA,NA,NA,0,NA
1878-12-10,NA,NA,NA,NA,NA,NA,NA,NA,NA,NA,NA,-11.61,-8.5,3.06,NA,",missing,"
1878-12-10 09:00:00,13.89,NA,0,2.78,NA,984.8,NA,NA,-9.44,NA,-9.28,NA,NA,NA,3.13,",ovc,ovc"
1878-12-10 15:00:00,NA,NA,NA,NA,NA,NA,NA,NA,-14.72,NA,-14.44,NA,NA,NA,NA,",ovc,ovc"
1878-12-10 21:00:00,13.33,NA,0,1.69,NA,987.78,NA,NA,-14.72,NA,-14.44,NA,NA,NA,17,NA
1878-12-11,NA,NA,NA,NA,NA,NA,1.27,12.7,NA,NA,NA,-11.94,-8.78,4.17,NA,",sn,"
1878-12-11 09:00:00,15.56,NA,315,2.47,NA,995.36,NA,NA,-11.11,NA,-11,NA,NA,NA,4.47,",ovc,ovc"
1878-12-11 15:00:00,NA,NA,NA,NA,NA,NA,NA,NA,-11.44,NA,-11.11,NA,NA,NA,NA,",ovc"
1878-12-11 21:00:00,12.78,NA,315,2.2,NA,997.46,NA,NA,-11.44,NA,-11.11,NA,NA,NA,27,NA
1878-12-12,NA,NA,NA,NA,NA,NA,0,0,NA,NA,NA,-21.67,-9.33,3.5,NA,",sn,"
1878-12-12 09:00:00,12.22,0,315,1.73,NA,1000.27,NA,NA,-13.17,NA,-12.56,NA,NA,NA,0.18,",ovc,ovc"
1878-12-12 15:00:00,NA,NA,NA,NA,NA,NA,NA,NA,-10.94,NA,-10.83,NA,NA,NA,NA,",ovc"
1878-12-12 21:00:00,11.67,0,315,2.61,NA,1008.81,NA,NA,-10.94,NA,-10.83,NA,NA,NA,19,NA
1878-12-13,NA,NA,NA,NA,NA,NA,NA,NA,NA,NA,NA,-15.56,-14.06,26.67,NA,",halo,"
1878-12-13 09:00:00,14.44,NA,315,1.25,NA,1010.53,NA,NA,-19.11,NA,-19.11,NA,NA,NA,1.79,",skc"
1878-12-13 15:00:00,NA,NA,NA,NA,NA,NA,NA,NA,-13.61,NA,-13.33,NA,NA,NA,NA,",skc,skc"
1878-12-13 21:00:00,13.89,NA,180,1.9,NA,1008.47,NA,NA,-13.61,NA,-13.33,NA,NA,NA,45,NA
1878-12-14,NA,NA,NA,NA,NA,NA,NA,NA,NA,NA,NA,-15.94,-13.78,8.17,NA,",sn,"
1878-12-14 09:00:00,10,270,135,1.29,NA,1000.2,NA,NA,-16.78,NA,-16.78,NA,NA,NA,3.58,",bkn"
1878-12-14 15:00:00,NA,NA,NA,NA,NA,NA,NA,NA,-14.44,NA,-14.28,NA,NA,NA,NA,",ovc"
1878-12-14 21:00:00,11.67,NA,135,1.79,NA,996.72,NA,NA,-14.44,NA,-14.28,NA,NA,NA,13,NA
1878-12-15,NA,NA,NA,NA,NA,NA,NA,NA,NA,NA,NA,-14.22,-8.5,8.17,NA,NA
1878-12-15 09:00:00,NA,NA,135,NA,NA,NA,NA,NA,NA,NA,NA,NA,NA,NA,6.26,NA
1878-12-15 15:00:00,NA,NA,NA,NA,NA,NA,NA,NA,NA,NA,NA,NA,NA,NA,NA,NA
1878-12-15 21:00:00,NA,NA,0,NA,NA,NA,NA,NA,NA,NA,NA,NA,NA,NA,45,NA
1878-12-16,NA,NA,NA,NA,NA,NA,2.54,25.4,NA,NA,NA,-16.94,-11.28,NA,NA,",sn,"
1878-12-16 09:00:00,9.44,NA,315,1.83,NA,998.34,NA,NA,-12.78,NA,-12.22,NA,NA,NA,6.53,",sn"
1878-12-16 15:00:00,NA,NA,NA,NA,NA,NA,NA,NA,-15.67,NA,-15.56,NA,NA,NA,NA,",skc"
1878-12-16 21:00:00,10,NA,315,1.69,NA,1001.08,NA,NA,-15.67,NA,-15.56,NA,NA,NA,20,NA
1878-12-17,NA,NA,NA,NA,NA,NA,1.27,12.7,NA,NA,NA,-22.78,-12.78,1.67,NA,NA
1878-12-17 09:00:00,7.78,NA,315,1.66,NA,1002.44,NA,NA,-16,NA,-15.94,NA,NA,NA,5.81,",sn"
1878-12-17 15:00:00,NA,NA,NA,NA,NA,NA,NA,NA,-20.83,NA,-20.5,NA,NA,NA,NA,",skc"
1878-12-17 21:00:00,6.67,NA,315,1.08,NA,1002.78,NA,NA,-20.83,NA,-20.56,NA,NA,NA,45,NA
1878-12-18,NA,NA,NA,NA,NA,NA,NA,NA,NA,NA,NA,-23.33,-9.06,19.44,NA,NA
1878-12-18 09:00:00,5.56,NA,315,1.56,NA,1002.98,NA,NA,-16.5,NA,-16.39,NA,NA,NA,2.68,",ovc"
1878-12-18 15:00:00,NA,NA,NA,NA,NA,NA,NA,NA,-16.72,NA,-16.67,NA,NA,NA,NA,",ovc,ovc"
1878-12-18 21:00:00,6.67,NA,225,1.56,NA,1001.42,NA,NA,-16.72,NA,-16.67,NA,NA,NA,14,NA
1878-12-19,NA,NA,NA,NA,NA,NA,NA,NA,NA,NA,NA,-21.67,-15.17,26.67,NA,NA
1878-12-19 09:00:00,5,270,180,1.12,NA,994.95,NA,NA,-20.5,NA,-20.5,NA,NA,NA,11.18,",skc"
1878-12-19 15:00:00,NA,NA,NA,NA,NA,NA,NA,NA,-19,NA,-18.83,NA,NA,NA,NA,",skc"
1878-12-19 21:00:00,8.89,NA,180,1.22,NA,991.77,NA,NA,-19,NA,-18.89,NA,NA,NA,45,NA
1878-12-20,NA,NA,NA,NA,NA,NA,NA,NA,NA,NA,NA,-20.56,-11.28,0.56,NA,NA
1878-12-20 09:00:00,7.22,NA,180,1.9,NA,989.27,NA,NA,-14.56,NA,-14.44,NA,NA,NA,0.13,",ovc"
1878-12-20 15:00:00,NA,NA,NA,NA,NA,NA,NA,NA,-15.56,NA,-15.28,NA,NA,NA,NA,",bkn"
1878-12-20 21:00:00,8.33,NA,0,1.59,NA,989.2,NA,NA,-15.56,NA,-15.28,NA,NA,NA,14,NA
1878-12-21,NA,NA,NA,NA,NA,NA,NA,NA,NA,NA,NA,-28.33,-18.5,13.06,NA,NA
1878-12-21 09:00:00,8.89,NA,315,0.71,NA,995.09,NA,NA,-25.5,NA,-25.5,NA,NA,NA,6.03,",skc,skc"
1878-12-21 15:00:00,NA,NA,NA,NA,NA,NA,NA,NA,-19.78,NA,-19.67,NA,NA,NA,NA,",ovc,ovc"
1878-12-21 21:00:00,11.67,NA,315,1.22,NA,993.94,NA,NA,-19.78,NA,-19.72,NA,NA,NA,21,NA
1878-12-22,NA,NA,NA,NA,NA,NA,NA,NA,NA,NA,NA,-30.78,-18.78,17.22,NA,NA
1878-12-22 09:00:00,NA,NA,270,NA,NA,NA,NA,NA,NA,NA,NA,NA,NA,NA,4.47,NA
1878-12-22 21:00:00,NA,NA,NA,NA,NA,NA,NA,NA,NA,NA,NA,NA,NA,NA,NA,NA
1878-12-23,NA,NA,NA,NA,NA,NA,NA,NA,NA,NA,NA,-24.11,-16.56,22.78,NA,NA
1878-12-23 09:00:00,2.78,0,315,1.29,NA,994.95,NA,NA,-18.83,NA,-18.83,NA,NA,NA,8.76,",ovc,ovc"
1878-12-23 15:00:00,NA,NA,NA,NA,NA,NA,NA,NA,-22.39,NA,-22.17,NA,NA,NA,NA,",skc"
1878-12-23 21:00:00,13.89,NA,315,1.22,NA,1003.25,NA,NA,-22.39,NA,-22.22,NA,NA,NA,15,NA
1878-12-24,NA,NA,NA,NA,NA,NA,NA,NA,NA,NA,NA,-22.28,-14.06,19.44,NA,",du,"
1878-12-24 09:00:00,4.44,0,315,1.35,NA,1000.54,NA,NA,-18.44,NA,-18.33,NA,NA,NA,7.6,",skc,skc"
1878-12-24 15:00:00,NA,NA,NA,NA,NA,NA,NA,NA,-19.39,NA,-19.39,NA,NA,NA,NA,",skc"
1878-12-24 21:00:00,8.89,NA,270,1.22,NA,996.82,NA,NA,-19.39,NA,-19.44,NA,NA,NA,34,NA
1878-12-25,NA,NA,NA,NA,NA,NA,1.524,15.24,NA,NA,NA,-22,-10.17,2.5,NA,",sn,"
1878-12-25 15:00:00,NA,NA,NA,NA,NA,NA,NA,NA,NA,NA,NA,NA,NA,NA,NA,NA
1878-12-25 21:00:00,NA,NA,315,NA,NA,NA,NA,NA,NA,NA,NA,NA,NA,NA,13,NA
1878-12-26,NA,NA,NA,NA,NA,NA,NA,NA,NA,NA,NA,-20.61,-11.83,5.83,NA,NA
1878-12-26 09:00:00,11.11,NA,0,1.96,NA,993.94,NA,NA,-14.22,NA,-14.22,NA,NA,NA,4.69,",ovc,ovc"
1878-12-26 15:00:00,NA,NA,NA,NA,NA,NA,NA,NA,-19.94,NA,-19.94,NA,NA,NA,NA,",skc"
1878-12-26 21:00:00,16.67,NA,315,1.22,NA,993.67,NA,NA,-19.94,NA,-20,NA,NA,NA,16,NA
1878-12-27,NA,NA,NA,NA,NA,NA,NA,NA,NA,NA,NA,-15.78,-14.06,-0.83,NA,",du,"
1878-12-27 09:00:00,10,NA,135,1.76,NA,993.94,NA,NA,-15.56,NA,-15.56,NA,NA,NA,0.22,",ovc,ovc"
1878-12-27 15:00:00,NA,NA,NA,NA,NA,NA,NA,NA,-14.89,NA,-14.78,NA,NA,NA,NA,",ovc,ovc"
1878-12-27 21:00:00,13.89,0,0,1.76,NA,995.9,NA,NA,-14.89,NA,-14.78,NA,NA,NA,16,NA
1878-12-28,NA,NA,NA,NA,NA,NA,NA,NA,NA,NA,NA,-23.39,-12.11,0.83,NA,",sn,"
1878-12-28 09:00:00,7.22,225,180,1.12,NA,995.36,NA,NA,-20.5,NA,-20.5,NA,NA,NA,2.24,",ovc"
1878-12-28 15:00:00,NA,NA,NA,NA,NA,NA,NA,NA,-13.33,NA,-13.33,NA,NA,NA,NA,",sn"
1878-12-28 21:00:00,12.78,NA,180,5.49,NA,983.78,NA,NA,-13.33,NA,-13.33,NA,NA,NA,11,NA
1878-12-29,NA,NA,NA,NA,NA,NA,NA,NA,NA,NA,NA,-22.28,-11.83,26.67,NA,",parhel,"
1878-12-29 09:00:00,NA,NA,315,NA,NA,NA,NA,NA,NA,NA,NA,NA,NA,NA,6.48,NA
1878-12-29 21:00:00,NA,NA,225,NA,NA,NA,NA,NA,NA,NA,NA,NA,NA,NA,15,NA
1878-12-30,NA,NA,NA,NA,NA,NA,1.27,12.7,NA,NA,NA,-20.61,-9.61,17.22,NA,",sn,"
1878-12-30 09:00:00,8.89,NA,225,1.32,NA,984.63,NA,NA,-19.67,NA,-19.67,NA,NA,NA,3.13,",skc"
1878-12-30 15:00:00,NA,NA,NA,NA,NA,NA,NA,NA,-16.11,NA,-16.11,NA,NA,NA,NA,",sn"
1878-12-30 21:00:00,11.11,NA,0,5.08,NA,982.29,NA,NA,-16.11,NA,-16.11,NA,NA,NA,20,NA
1878-12-31,NA,NA,NA,NA,NA,NA,0.254,2.54,NA,NA,NA,-30.89,-18.94,20.28,NA,",sn,"
1878-12-31 09:00:00,6.11,NA,315,0.47,NA,992.92,NA,NA,-29.94,NA,-29.94,NA,NA,NA,5.81,",skc,skc"
1878-12-31 15:00:00,NA,NA,NA,NA,NA,NA,NA,NA,-28,NA,-28,NA,NA,NA,NA,",skc,skc"
1878-12-31 21:00:00,10,NA,315,0.61,NA,996.44,NA,NA,-28,NA,-28.06,NA,NA,NA,1,NA
1879-01-01,NA,NA,NA,NA,NA,NA,NA,NA,NA,NA,NA,-33.94,-30.17,21.11,NA,",du,"
1879-01-01 09:00:00,-4.44,NA,225,0.44,994.28,993.84,NA,NA,-30.83,NA,-30.83,NA,NA,NA,8.27,",bkn"
1879-01-01 15:00:00,NA,NA,NA,NA,994.79,NA,NA,NA,-32.22,NA,-32.17,NA,NA,NA,NA,",bkn,bkn"
1879-01-01 21:00:00,3.33,NA,315,0.37,NA,995.6,NA,NA,-32.22,NA,-32.22,NA,NA,NA,45,NA
1879-01-02,NA,NA,NA,NA,NA,NA,NA,NA,NA,NA,NA,-34.5,-23.5,21.39,NA,",parhel,"
1879-01-02 09:00:00,-11.11,NA,225,0.37,999.22,997.7,NA,NA,-32.22,NA,-32.22,NA,NA,NA,4.6,",skc,skc"
1879-01-02 15:00:00,NA,NA,NA,NA,1002.24,NA,NA,NA,-23.94,NA,-23.83,NA,NA,NA,NA,",bkn"
1879-01-02 21:00:00,11.11,0,315,0.81,NA,1004.27,NA,NA,-23.94,NA,-23.89,NA,NA,NA,18,NA
1879-01-03,NA,NA,NA,NA,NA,NA,NA,NA,NA,NA,NA,-27,-21.28,23.89,NA,",parhel,"
1879-01-03 09:00:00,6.11,0,225,0.85,1001.69,1002.91,NA,NA,-11.83,NA,-11.83,NA,NA,NA,8.05,",ovc"
1879-01-03 15:00:00,NA,NA,NA,NA,1004.34,NA,NA,NA,-23.89,NA,-23.83,NA,NA,NA,NA,",skc"
1879-01-03 21:00:00,8.89,NA,315,0.85,NA,1006.03,NA,NA,-23.89,NA,-23.89,NA,NA,NA,13,NA
1879-01-04,NA,NA,NA,NA,NA,NA,NA,NA,NA,NA,NA,-30.06,-21.94,13.61,NA,NA
1879-01-04 09:00:00,10,0,225,0.54,1007.25,1009.14,NA,NA,-28.33,NA,-28.33,NA,NA,NA,3.13,",bkn"
1879-01-04 15:00:00,NA,NA,NA,NA,1009.75,NA,NA,NA,-28.33,NA,-28.28,NA,NA,NA,NA,",skc"
1879-01-04 21:00:00,3.33,NA,315,0.54,NA,1010.57,NA,NA,-28.33,NA,-28.33,NA,NA,NA,5,NA
1879-01-05,NA,NA,NA,NA,NA,NA,NA,NA,NA,NA,NA,-31.78,-20.17,15.56,NA,NA
1879-01-05 09:00:00,NA,NA,225,NA,NA,NA,NA,NA,NA,NA,NA,NA,NA,NA,2.24,NA
1879-01-05 21:00:00,NA,NA,180,NA,NA,NA,NA,NA,NA,NA,NA,NA,NA,NA,38,NA
1879-01-06,NA,NA,NA,NA,NA,NA,NA,NA,NA,NA,NA,-21.11,-9.67,6.67,NA,",sn,"
1879-01-06 09:00:00,-2.22,180,180,1.93,975.31,975.28,95.25,NA,-14,NA,-13.89,NA,NA,NA,7.15,",sn"
1879-01-06 15:00:00,NA,NA,NA,NA,975.01,NA,NA,NA,-20.56,NA,-20.5,NA,NA,NA,NA,",skc"
1879-01-06 21:00:00,10,NA,180,1.12,NA,976.91,NA,NA,-20.56,NA,-20.56,NA,NA,NA,20,NA
1879-01-07,NA,NA,NA,NA,NA,NA,NA,NA,NA,NA,NA,-23.33,-10.17,28.33,NA,",coro,"
1879-01-07 09:00:00,7.22,NA,315,1.49,984.49,985.91,NA,NA,-18.39,NA,-18.39,NA,NA,NA,11.18,",ovc"
1879-01-07 15:00:00,NA,NA,NA,NA,986.35,NA,NA,NA,-25.56,NA,-25.5,NA,NA,NA,NA,",bkn"
1879-01-07 21:00:00,9.44,NA,315,0.71,NA,991.53,NA,NA,-25.56,NA,-25.56,NA,NA,NA,18,NA
1879-01-08,NA,NA,NA,NA,NA,NA,NA,NA,NA,NA,NA,-26.17,-19.61,26.67,NA,",coro,"
1879-01-08 09:00:00,0.56,NA,270,0.75,988.15,990.11,NA,NA,-25,NA,-25,NA,NA,NA,4.02,",bkn"
1879-01-08 15:00:00,NA,NA,NA,NA,987.84,NA,NA,NA,-15.56,NA,-15.44,NA,NA,NA,NA,",bkn"
1879-01-08 21:00:00,0.56,NA,225,1.73,NA,988.22,NA,NA,-15.56,NA,-15.44,NA,NA,NA,27,NA
1879-01-09,NA,NA,NA,NA,NA,NA,NA,NA,NA,NA,NA,-23.67,-13.94,17.78,NA,",sn,"
1879-01-09 09:00:00,2.78,NA,180,1.02,985.2,985.91,NA,NA,-21.67,NA,-21.67,NA,NA,NA,7.15,",ovc"
1879-01-09 15:00:00,NA,NA,NA,NA,980.02,NA,NA,NA,-16.67,NA,-16.56,NA,NA,NA,NA,",ovc"
1879-01-09 21:00:00,6.67,NA,135,1.52,NA,981.38,NA,NA,-16.67,NA,-16.56,NA,NA,NA,12,NA
1879-01-10,NA,NA,NA,NA,NA,NA,NA,NA,NA,NA,NA,-24.5,-14.89,27.78,NA,",sn,"
1879-01-10 09:00:00,0.56,NA,315,0.85,988.59,988.96,NA,NA,-24.06,NA,-24.06,NA,NA,NA,4.02,",skc"
1879-01-10 15:00:00,NA,NA,NA,NA,991.26,NA,NA,NA,-13.33,NA,-13.33,NA,NA,NA,NA,",ovc"
1879-01-10 21:00:00,6.11,NA,180,2.1,NA,992.52,NA,NA,-13.33,NA,-13.33,NA,NA,NA,40,NA
1879-01-11,NA,NA,NA,NA,NA,NA,NA,NA,NA,NA,NA,-17.5,-10,11.39,NA,",sn,"
1879-01-11 09:00:00,7.22,NA,135,1.52,986.66,988.08,NA,NA,-15.5,NA,-15.17,NA,NA,NA,6.03,",ovc"
1879-01-11 15:00:00,NA,NA,NA,NA,986.49,NA,NA,NA,NA,NA,NA,NA,NA,NA,NA,",ovc"
1879-01-11 21:00:00,11.67,NA,45,NA,NA,988.62,NA,NA,NA,NA,NA,NA,NA,NA,34,NA
1879-01-12,NA,NA,NA,NA,NA,NA,NA,NA,NA,NA,NA,-29.5,-14.06,6.39,NA,",sn,"
1879-01-12 09:00:00,NA,NA,0,NA,NA,NA,NA,NA,NA,NA,NA,NA,NA,NA,8.94,NA
1879-01-12 21:00:00,NA,NA,315,NA,NA,NA,NA,NA,NA,NA,NA,NA,NA,NA,14,NA
1879-01-13,NA,NA,NA,NA,NA,NA,NA,NA,NA,NA,NA,-33.94,-26.28,27.11,NA,",br,"
1879-01-13 09:00:00,3.33,NA,0,0.44,990.93,991.74,69.85,NA,-31.11,NA,-31.11,NA,NA,NA,3.13,",skc"
1879-01-13 15:00:00,NA,NA,NA,NA,996.14,NA,NA,NA,-31.94,NA,-31.89,NA,NA,NA,NA,",skc,skc"
1879-01-13 21:00:00,1.11,NA,315,0.37,NA,996.61,NA,NA,-31.94,NA,-31.94,NA,NA,NA,34,NA
1879-01-14,NA,NA,NA,NA,NA,NA,NA,NA,NA,NA,NA,-37.28,-26.83,16.11,NA,NA
1879-01-14 09:00:00,5.56,NA,315,0,1000.75,1001.9,NA,NA,-35.28,NA,-35.28,NA,NA,NA,2.68,",skc,skc"
1879-01-14 15:00:00,NA,NA,NA,NA,1001.42,NA,NA,NA,-3.33,NA,-32.17,NA,NA,NA,NA,",skc,skc"
1879-01-14 21:00:00,7.22,NA,225,3.05,NA,1002.85,NA,NA,-32.22,NA,-32.22,NA,NA,NA,34,NA
1879-01-15,NA,NA,NA,NA,NA,NA,NA,NA,NA,NA,NA,-28.11,-17.67,28.61,NA,",sn,"
1879-01-15 09:00:00,8.33,NA,180,0.85,992.96,994.58,NA,NA,-23.89,NA,-23.89,NA,NA,NA,5.81,",bkn"
1879-01-15 15:00:00,NA,NA,NA,NA,982.83,NA,NA,NA,-22.78,NA,-22.72,NA,NA,NA,NA,",skc"
1879-01-15 21:00:00,10,NA,180,0.91,NA,984.49,NA,NA,-22.78,NA,-22.78,NA,NA,NA,18,NA
1879-01-16,NA,NA,NA,NA,NA,NA,NA,NA,NA,NA,NA,-25.61,-14.61,NA,NA,",au,"
1879-01-16 09:00:00,12.78,NA,180,1.22,977.28,979.61,NA,NA,-19.94,NA,-19.94,NA,NA,NA,8.49,",ovc"
1879-01-16 15:00:00,NA,NA,NA,NA,976.16,NA,NA,NA,-18.28,NA,-18.28,NA,NA,NA,NA,",skc"
1879-01-16 21:00:00,11.67,NA,180,1.39,NA,978.33,NA,NA,-18.28,NA,-18.33,NA,NA,NA,14,NA
1879-01-17,NA,NA,NA,NA,NA,NA,NA,NA,NA,NA,NA,-21.17,-11.56,33.89,NA,NA
1879-01-17 09:00:00,13.89,NA,NA,1.52,1009.69,978.33,NA,NA,-17.22,NA,-17.22,NA,NA,NA,NA,",skc,skc"
1879-01-17 15:00:00,NA,NA,NA,NA,982.29,NA,NA,NA,-19.94,NA,-19.94,NA,NA,NA,NA,",skc"
1879-01-17 21:00:00,11.67,NA,315,1.22,NA,984.42,NA,NA,-19.94,NA,-20,NA,NA,NA,18,NA
1879-01-18,NA,NA,NA,NA,NA,NA,NA,NA,NA,NA,NA,-32,-20.72,24,NA,",sn,"
1879-01-18 09:00:00,15,NA,180,0.58,997.26,999.87,NA,NA,-28.28,NA,-28.28,NA,NA,NA,6.48,",bkn"
1879-01-18 15:00:00,NA,NA,NA,NA,998.04,NA,NA,NA,-29.72,NA,-29.72,NA,NA,NA,NA,",skc,skc"
1879-01-18 21:00:00,10,NA,225,0.51,NA,999.87,NA,NA,-29.72,NA,-29.78,NA,NA,NA,27,NA
1879-01-19,NA,NA,NA,NA,NA,NA,NA,NA,NA,NA,NA,NA,NA,26.78,NA,",sn,"
1879-01-19 09:00:00,NA,NA,135,NA,NA,NA,15.24,NA,NA,NA,NA,NA,NA,NA,12.96,NA
1879-01-19 21:00:00,NA,NA,315,NA,NA,NA,NA,NA,NA,NA,NA,NA,NA,NA,12,NA
1879-01-20,NA,NA,NA,NA,NA,NA,NA,NA,NA,NA,NA,-30.89,-12.94,16.67,NA,",sn,"
1879-01-20 09:00:00,11.67,315,0,0.95,989.74,991.87,NA,NA,-22.72,NA,-22.72,NA,NA,NA,1.79,",bkn"
1879-01-20 15:00:00,NA,NA,NA,NA,979.04,NA,NA,NA,-17.22,NA,-17.22,NA,NA,NA,NA,",ovc"
1879-01-20 21:00:00,12.78,NA,135,1.52,NA,981.38,NA,NA,-17.22,NA,-17.22,NA,NA,NA,18,NA
1879-01-21,NA,NA,NA,NA,NA,NA,NA,NA,NA,NA,NA,-26.72,-12.94,27.78,NA,",hz,"
1879-01-21 09:00:00,14.44,0,315,1.46,976.47,979.07,NA,NA,-17.78,NA,-17.78,NA,NA,NA,11.62,",bkn"
1879-01-21 15:00:00,NA,NA,NA,NA,980.66,NA,NA,NA,-18.28,NA,-18.28,NA,NA,NA,NA,",skc"
1879-01-21 21:00:00,12.22,NA,270,1.39,NA,982.87,NA,NA,-18.28,NA,-18.33,NA,NA,NA,5,NA
1879-01-22,NA,NA,NA,NA,NA,NA,NA,NA,NA,NA,NA,NA,-12.94,26.94,NA,NA
1879-01-22 09:00:00,12.78,NA,180,1.05,982.66,984.97,NA,NA,-21.78,NA,-21.78,NA,NA,NA,5.81,NA
1879-01-22 15:00:00,NA,NA,NA,NA,978.97,NA,NA,NA,-12.22,NA,-12.22,NA,NA,NA,NA,",skc"
1879-01-22 21:00:00,12.78,NA,180,2.3,NA,981.31,NA,NA,-12.22,NA,-12.22,NA,NA,NA,17,NA
1879-01-23,NA,NA,NA,NA,NA,NA,NA,NA,NA,NA,NA,-25.06,-6.83,15,NA,NA
1879-01-23 09:00:00,15,NA,135,1.32,981.44,984.08,NA,NA,-16.5,NA,-16.11,NA,NA,NA,4.92,",ovc"
1879-01-23 15:00:00,NA,NA,NA,NA,969.12,NA,NA,NA,-6.94,NA,-6.67,NA,NA,NA,NA,",skc"
1879-01-23 21:00:00,13.89,NA,180,3.15,NA,971.62,NA,NA,-6.94,NA,-6.67,NA,NA,NA,14,NA
1879-01-24,NA,NA,NA,NA,NA,NA,NA,NA,NA,NA,NA,-20.06,-2,NA,NA,",sn,"
1879-01-24 09:00:00,15.56,NA,0,2.2,975.42,978.19,19.05,NA,-12.67,NA,-12.61,NA,NA,NA,8.72,",ovc,ovc"
1879-01-24 15:00:00,NA,NA,NA,NA,992.18,NA,NA,NA,-22.17,NA,-22.17,NA,NA,NA,NA,",skc"
1879-01-24 21:00:00,16.11,NA,NA,1.02,NA,994.99,NA,NA,-22.17,NA,-22.22,NA,NA,NA,0,NA
1879-01-25,NA,NA,NA,NA,NA,NA,NA,NA,NA,NA,NA,-25.33,-8.78,28.33,NA,",halo,"
1879-01-25 09:00:00,11.67,NA,135,0.78,996.31,998.44,NA,NA,-24.94,NA,-24.94,NA,NA,NA,8.05,",skc,skc"
1879-01-25 15:00:00,NA,NA,NA,NA,991.81,NA,NA,NA,-13.33,NA,-13.33,NA,NA,NA,NA,",ovc"
1879-01-25 21:00:00,9.44,0,135,2.1,NA,993.57,NA,NA,-13.33,NA,-13.33,NA,NA,NA,18,NA
1879-01-26,NA,NA,NA,NA,NA,NA,NA,NA,NA,NA,NA,-28.72,-9.06,8.89,NA,",sn,"
1879-01-26 09:00:00,NA,NA,90,NA,NA,NA,19.05,NA,NA,NA,NA,NA,NA,NA,11.18,NA
1879-01-26 21:00:00,NA,NA,315,NA,NA,NA,NA,NA,NA,NA,NA,NA,NA,NA,24,NA
1879-01-27,NA,NA,NA,NA,NA,NA,NA,NA,NA,NA,NA,-9.44,-1.17,30.56,NA,",sn,"
1879-01-27 09:00:00,13.33,NA,270,2,973.11,975.52,NA,NA,-13.89,NA,-13.89,NA,NA,NA,7.6,",ovc"
1879-01-27 15:00:00,NA,NA,NA,NA,982.76,NA,NA,NA,-17.78,NA,-17.78,NA,NA,NA,NA,",skc"
1879-01-27 21:00:00,13.89,NA,270,1.46,NA,985.24,NA,NA,-17.78,NA,-17.78,NA,NA,NA,16,NA
1879-01-28,NA,NA,NA,NA,NA,NA,NA,NA,NA,NA,NA,-19.5,-12.39,27.5,NA,",missing,"
1879-01-28 09:00:00,13.89,NA,225,0.95,989.2,991.67,NA,NA,-23,NA,-23,NA,NA,NA,1.56,",skc,skc"
1879-01-28 15:00:00,NA,NA,NA,NA,991.74,NA,NA,NA,-15,NA,-14.44,NA,NA,NA,NA,",skc,skc"
1879-01-28 21:00:00,15,NA,180,1.46,NA,994.38,NA,NA,-15,NA,-14.44,NA,NA,NA,45,NA
1879-01-29,NA,NA,NA,NA,NA,NA,NA,NA,NA,NA,NA,-20.06,-10.17,31.94,NA,",frst,"
1879-01-29 09:00:00,14.44,NA,180,1.29,993.23,995.8,NA,NA,-15.89,NA,-15.89,NA,NA,NA,1.79,",skc,skc"
1879-01-29 15:00:00,NA,NA,NA,NA,994.18,NA,NA,NA,-13.44,NA,-13.33,NA,NA,NA,NA,",bkn"
1879-01-29 21:00:00,12.22,270,180,1.96,NA,996.38,NA,NA,-13.44,NA,-13.33,NA,NA,NA,12,NA
1879-01-30,NA,NA,NA,NA,NA,NA,NA,NA,NA,NA,NA,-19.5,-5.67,37.78,NA,",au,"
1879-01-30 09:00:00,15,NA,270,2.13,994.85,997.49,NA,NA,-12.78,NA,-12.67,NA,NA,NA,6.71,",skc,skc"
1879-01-30 15:00:00,NA,NA,NA,NA,998.48,NA,NA,NA,-20.5,NA,-20.5,NA,NA,NA,NA,",skc,skc"
1879-01-30 21:00:00,15,NA,270,1.79,NA,1001.08,NA,NA,-20.5,NA,-20.56,NA,NA,NA,12,NA
1879-01-31,NA,NA,NA,NA,NA,NA,NA,NA,NA,NA,NA,-22.83,-12.94,20.28,NA,",halo,"
1879-01-31 09:00:00,9.44,NA,315,1.76,1006.33,1008.06,NA,NA,-15.56,NA,-15.56,NA,NA,NA,0.22,",ovc"
1879-01-31 15:00:00,NA,NA,NA,NA,1005.89,NA,NA,NA,-19.94,NA,-19.94,NA,NA,NA,NA,",skc"
1879-01-31 21:00:00,13.89,NA,270,1.22,NA,1008.33,NA,NA,-19.94,NA,-20,NA,NA,NA,16,NA
1879-02-01,NA,NA,NA,NA,NA,NA,NA,NA,NA,NA,NA,-21.72,-5.11,38.06,NA,",halo,"
1879-02-01 09:00:00,14.44,NA,135,2,998.14,1000.68,NA,NA,-13.22,NA,-13.06,NA,NA,NA,13.41,",bkn"
1879-02-01 15:00:00,NA,NA,NA,NA,989.2,NA,NA,NA,-6.94,NA,-6.39,NA,NA,NA,NA,",skc"
1879-02-01 21:00:00,15.56,NA,180,3.18,NA,991.94,NA,NA,-6.94,NA,-6.39,NA,NA,NA,29,NA
1879-02-02,NA,NA,NA,NA,NA,NA,NA,NA,NA,NA,NA,-17.78,-7.39,38.06,NA,NA
1879-02-02 09:00:00,NA,NA,315,NA,NA,NA,NA,NA,NA,NA,NA,NA,NA,NA,2.68,NA
1879-02-02 21:00:00,NA,NA,225,NA,NA,NA,NA,NA,NA,NA,NA,NA,NA,NA,20,NA
1879-02-03,NA,NA,NA,NA,NA,NA,NA,NA,NA,NA,NA,-23.94,-8.78,28.5,NA,",halo,"
1879-02-03 09:00:00,13.33,NA,315,1.86,988.69,991.06,NA,NA,-14.78,NA,-14.72,NA,NA,NA,1.34,",bkn"
1879-02-03 15:00:00,NA,NA,NA,NA,989.77,NA,NA,NA,-19.44,NA,-19.44,NA,NA,NA,NA,",skc"
1879-02-03 21:00:00,12.78,NA,225,1.29,NA,992.08,NA,NA,-19.44,NA,-19.5,NA,NA,NA,27,NA
1879-02-04,NA,NA,NA,NA,NA,NA,NA,NA,NA,NA,NA,-25.33,-11.56,30,NA,",sn,"
1879-02-04 09:00:00,12.22,NA,270,1.66,989.47,991.67,7.62,NA,-15.72,NA,-15.61,NA,NA,NA,3.58,",ovc"
1879-02-04 15:00:00,NA,NA,NA,NA,988.96,NA,NA,NA,-23.33,NA,-23.33,NA,NA,NA,NA,",skc"
1879-02-04 21:00:00,7.22,NA,NA,0.91,NA,990.38,NA,NA,-23.33,NA,-23.39,NA,NA,NA,0,NA
1879-02-05,NA,NA,NA,NA,NA,NA,NA,NA,NA,NA,NA,-27.22,-11.83,25,NA,",sn,"
1879-02-05 09:00:00,10.56,NA,135,0.95,988.32,990.25,0.25,NA,-23,NA,-23,NA,NA,NA,2.46,",bkn"
1879-02-05 15:00:00,NA,NA,NA,NA,983.34,NA,NA,NA,-16.94,NA,-16.94,NA,NA,NA,NA,",skc"
1879-02-05 21:00:00,9.44,NA,45,1.39,NA,985.1,NA,NA,-16.94,NA,-16.94,NA,NA,NA,27,NA
1879-02-06,NA,NA,NA,NA,NA,NA,NA,NA,NA,NA,NA,-26.17,-11.28,26.39,NA,",sn,"
1879-02-06 09:00:00,13.89,270,180,1.39,984.05,986.52,NA,NA,-18.28,NA,-18.28,NA,NA,NA,1.34,",bkn"
1879-02-06 15:00:00,NA,NA,NA,NA,987.44,NA,NA,NA,-18,NA,-18,NA,NA,NA,NA,",bkn,bkn"
1879-02-06 21:00:00,-12.22,270,315,1.42,NA,990.18,NA,NA,-18,NA,-18.06,NA,NA,NA,34,NA
1879-02-07,NA,NA,NA,NA,NA,NA,NA,NA,NA,NA,NA,-22.17,-17.39,36.94,NA,",halo,"
1879-02-07 09:00:00,11.67,NA,225,1.05,994.55,996.68,NA,NA,-21.61,NA,-21.61,NA,NA,NA,0.89,",skc"
1879-02-07 15:00:00,NA,NA,NA,NA,997.02,NA,NA,NA,-19.39,NA,-19.39,NA,NA,NA,NA,",ovc"
1879-02-07 21:00:00,7.22,NA,315,1.29,NA,998.44,NA,NA,-19.39,NA,-19.44,NA,NA,NA,2,NA
1879-02-08,NA,NA,NA,NA,NA,NA,NA,NA,NA,NA,NA,-29.5,-17.67,34.17,NA,",sn,"
1879-02-08 09:00:00,1.67,NA,315,0.78,1002.34,1002.85,NA,NA,-25.22,NA,-25.22,NA,NA,NA,5.36,",skc"
1879-02-08 15:00:00,NA,NA,NA,NA,1003.9,NA,NA,NA,-26.89,NA,-26.89,NA,NA,NA,NA,",skc,skc"
1879-02-08 21:00:00,13.33,NA,NA,0.68,NA,1006.23,NA,NA,-26.89,NA,-26.94,NA,NA,NA,0,NA
1879-02-09,NA,NA,NA,NA,NA,NA,NA,NA,NA,NA,NA,-33.11,NA,15.56,NA,",sn,"
1879-02-09 09:00:00,NA,NA,135,NA,NA,NA,NA,NA,NA,NA,NA,NA,NA,NA,5.81,NA
1879-02-09 21:00:00,NA,NA,180,NA,NA,NA,NA,NA,NA,NA,NA,NA,NA,NA,28,NA
1879-02-10,NA,NA,NA,NA,NA,NA,NA,NA,NA,NA,NA,-26.17,-17.72,32.22,NA,",du,"
1879-02-10 09:00:00,14.44,270,315,1.08,989.64,992.21,NA,NA,-21.33,NA,-21.33,NA,NA,NA,6.71,",bkn,bkn"
1879-02-10 15:00:00,NA,NA,NA,NA,996.51,NA,NA,NA,-25.78,NA,-25.78,NA,NA,NA,NA,",skc,skc"
1879-02-10 21:00:00,11.67,NA,0,0.75,NA,998.65,NA,NA,-25.78,NA,-25.83,NA,NA,NA,12,NA
1879-02-11,NA,NA,NA,NA,NA,NA,NA,NA,NA,NA,NA,-26.78,-19.89,9.44,NA,",sn,"
1879-02-11 09:00:00,10.56,NA,0,0.88,996.31,998.24,NA,NA,-23.83,NA,-23.83,NA,NA,NA,4.92,",ovc,ovc"
1879-02-11 15:00:00,NA,NA,NA,NA,996.07,NA,NA,NA,-22.17,NA,-22.17,NA,NA,NA,NA,",bkn"
1879-02-11 21:00:00,11.11,NA,0,1.02,NA,998.1,NA,NA,-22.17,NA,-22.22,NA,NA,NA,18,NA
1879-02-12,NA,NA,NA,NA,NA,NA,NA,NA,NA,NA,NA,-35.56,-26.28,26.11,NA,NA
1879-02-12 09:00:00,8.33,NA,315,0.37,999.36,1000.95,NA,NA,-33.28,NA,-33.28,NA,NA,NA,4.02,",skc,skc"
1879-02-12 15:00:00,NA,NA,NA,NA,996.28,NA,NA,NA,-33.22,NA,-33.22,NA,NA,NA,NA,",skc,skc"
1879-02-12 21:00:00,11.11,NA,270,0.37,NA,998.31,NA,NA,-33.22,NA,-33.28,NA,NA,NA,11,NA
1879-02-13,NA,NA,NA,NA,NA,NA,NA,NA,NA,NA,NA,-37.56,-24.61,28.89,NA,NA
1879-02-13 09:00:00,10.56,NA,270,0.37,994.48,996.41,NA,NA,-32.78,NA,-32.78,NA,NA,NA,3.58,",bkn"
1879-02-13 15:00:00,NA,NA,NA,NA,994.92,NA,NA,NA,-32.44,NA,-32.44,NA,NA,NA,NA,",skc,skc"
1879-02-13 21:00:00,10.56,NA,315,0.41,NA,996.89,NA,NA,-32.44,NA,-32.5,NA,NA,NA,2,NA
1879-02-14,NA,NA,NA,NA,NA,NA,NA,NA,NA,NA,NA,-35.89,-23.5,31.11,NA,NA
1879-02-14 09:00:00,8.33,270,180,0.51,990.76,992.35,NA,NA,-30.33,NA,-30.33,NA,NA,NA,8.05,",bkn"
1879-02-14 15:00:00,NA,NA,NA,NA,986.56,NA,NA,NA,-20.22,NA,-20.22,NA,NA,NA,NA,",skc"
1879-02-14 21:00:00,10.56,NA,270,1.19,NA,988.49,NA,NA,-20.22,NA,-20.28,NA,NA,NA,12,NA
1879-02-15,NA,NA,NA,NA,NA,NA,NA,NA,NA,NA,NA,-28.94,-24.67,33.89,NA,NA
1879-02-15 09:00:00,12.78,315,225,1.46,987.67,989.98,NA,NA,-17.78,NA,-17.78,NA,NA,NA,3.58,",ovc"
1879-02-15 15:00:00,NA,NA,NA,NA,995.06,NA,NA,NA,-19.94,NA,-19.94,NA,NA,NA,NA,",skc"
1879-02-15 21:00:00,12.78,NA,0,1.22,NA,997.36,NA,NA,-19.94,NA,-20,NA,NA,NA,45,NA
1879-02-16,NA,NA,NA,NA,NA,NA,NA,NA,NA,NA,NA,-35.22,-11,31.67,NA,NA
1879-02-16 09:00:00,NA,NA,NA,NA,NA,NA,NA,NA,NA,NA,NA,NA,NA,NA,NA,NA
1879-02-16 21:00:00,NA,NA,135,NA,NA,NA,NA,NA,NA,NA,NA,NA,NA,NA,5,NA
1879-02-17,NA,NA,NA,NA,NA,NA,NA,NA,NA,NA,NA,-29,-8.94,41.67,NA,",sn,"
1879-02-17 09:00:00,11.11,315,135,1.32,997.29,999.32,25.4,NA,-18.83,NA,-18.83,NA,NA,NA,7.15,",bkn,bkn"
1879-02-17 15:00:00,NA,NA,NA,NA,992.42,NA,NA,NA,-13.28,NA,-13.22,NA,NA,NA,NA,",ovc"
1879-02-17 21:00:00,12.22,NA,45,2.1,NA,994.62,NA,NA,-13.28,NA,-13.22,NA,NA,NA,11,NA
1879-02-18,NA,NA,NA,NA,NA,NA,NA,NA,NA,NA,NA,-23.5,-14.94,15.56,NA,",sn,"
1879-02-18 09:00:00,13.33,180,0,5.32,990.52,992.89,12.7,NA,-16.67,NA,-16.61,NA,NA,NA,8.94,",ovc"
1879-02-18 15:00:00,NA,NA,NA,NA,994.45,NA,NA,NA,-20.22,NA,-20.22,NA,NA,NA,NA,",bkn"
1879-02-18 21:00:00,13.33,NA,315,1.19,NA,996.82,NA,NA,-20.22,NA,-20.28,NA,NA,NA,30,NA
1879-02-19,NA,NA,NA,NA,NA,NA,NA,NA,NA,NA,NA,-35.44,-24.89,27.22,NA,NA
1879-02-19 09:00:00,11.11,NA,315,0.54,1006.16,1008.2,NA,NA,-28.83,NA,-28.83,NA,NA,NA,12.52,",bkn"
1879-02-19 15:00:00,NA,NA,NA,NA,1010.33,NA,NA,NA,-33.56,NA,-33.56,NA,NA,NA,NA,",skc,skc"
1879-02-19 21:00:00,1.67,NA,0,0.34,NA,1012.6,NA,NA,-33.56,NA,-33.61,NA,NA,NA,16,NA
1879-02-20,NA,NA,NA,NA,NA,NA,NA,NA,NA,NA,NA,-38.11,-13.5,6.67,NA,",sn,"
1879-02-20 09:00:00,10.56,0,135,0.68,1004.84,1006.77,12.7,NA,-26.61,NA,-26.61,NA,NA,NA,8.94,",ovc"
1879-02-20 15:00:00,NA,NA,NA,NA,987.84,NA,NA,NA,-15.56,NA,-15,NA,NA,NA,NA,",ovc,ovc"
1879-02-20 21:00:00,7.22,NA,135,1.39,NA,989.3,NA,NA,-15.56,NA,-15,NA,NA,NA,22,NA
1879-02-21,NA,NA,NA,NA,NA,NA,NA,NA,NA,NA,NA,-17.89,-2.28,43.33,NA,",sn,"
1879-02-21 09:00:00,14.44,180,135,2.57,972.33,974.94,NA,NA,-11,NA,-10.83,NA,NA,NA,12.07,",bkn"
1879-02-21 15:00:00,NA,NA,NA,NA,970.27,NA,NA,NA,-20,NA,-20,NA,NA,NA,NA,",ovc"
1879-02-21 21:00:00,10.56,NA,0,1.56,NA,972.23,NA,NA,-20,NA,-20,NA,NA,NA,38,NA
1879-02-22,NA,NA,NA,NA,NA,NA,NA,NA,NA,NA,NA,-26.17,-17.78,33.33,NA,",sn,"
1879-02-22 09:00:00,0.56,NA,315,1.12,979.61,980.02,NA,NA,-21.06,NA,-21.06,NA,NA,NA,8.94,",skc"
1879-02-22 15:00:00,NA,NA,NA,NA,985.61,NA,NA,NA,-21.61,NA,-21.61,NA,NA,NA,NA,",skc,skc"
1879-02-22 21:00:00,6.67,NA,315,1.05,NA,986.93,NA,NA,-21.61,NA,-21.67,NA,NA,NA,27,NA
1879-02-23,NA,NA,NA,NA,NA,NA,NA,NA,NA,NA,NA,-30.89,-17.5,23.28,NA,",sn,"
1879-02-23 09:00:00,NA,NA,315,NA,NA,NA,NA,NA,NA,NA,NA,NA,NA,NA,4.02,NA
1879-02-23 21:00:00,NA,NA,0,NA,NA,NA,NA,NA,NA,NA,NA,NA,NA,NA,16,NA
1879-02-24,NA,NA,NA,NA,NA,NA,NA,NA,NA,NA,NA,-25.17,-14,20,NA,",sn,"
1879-02-24 09:00:00,13.89,NA,90,1.56,981.27,983.75,25.4,NA,-10.56,NA,-10.56,NA,NA,NA,2.24,",ovc,ovc"
1879-02-24 15:00:00,NA,NA,NA,NA,986.29,NA,NA,NA,-21.61,NA,-21.61,NA,NA,NA,NA,",skc"
1879-02-24 21:00:00,11.67,NA,0,1.05,NA,988.42,NA,NA,-21.61,NA,-21.67,NA,NA,NA,27,NA
1879-02-25,NA,NA,NA,NA,NA,NA,NA,NA,NA,NA,NA,-38.94,-30.94,15.56,NA,",sn,"
1879-02-25 09:00:00,8.89,315,315,0.34,999.19,1000.88,NA,NA,-34.17,NA,-34.17,NA,NA,NA,11.18,",ovc"
1879-02-25 15:00:00,NA,NA,NA,NA,1002.37,NA,NA,NA,-35.5,NA,-35.5,NA,NA,NA,NA,",bkn,bkn"
1879-02-25 21:00:00,5.56,NA,315,0,NA,1003.52,NA,NA,-35.5,NA,-35.56,NA,NA,NA,34,NA
1879-02-26,NA,NA,NA,NA,NA,NA,NA,NA,NA,NA,NA,-42,-29.06,29.83,NA,",au,"
1879-02-26 09:00:00,-5,NA,315,0,1004.17,1003.25,NA,NA,-38.83,NA,-38.83,NA,NA,NA,1.34,",skc,skc"
1879-02-26 15:00:00,NA,NA,NA,NA,1000.24,NA,NA,NA,-34.67,NA,-34.67,NA,NA,NA,NA,",skc,skc"
1879-02-26 21:00:00,0,NA,225,0.3,NA,1000.47,NA,NA,-34.67,NA,-34.72,NA,NA,NA,2,NA
1879-02-27,NA,NA,NA,NA,NA,NA,NA,NA,NA,NA,NA,-38.94,-22.39,5.17,NA,NA
1879-02-27 09:00:00,8.33,NA,135,0.51,1000.44,1002.03,NA,NA,-29.39,NA,-29.39,NA,NA,NA,4.25,",ovc"
1879-02-27 15:00:00,NA,NA,NA,NA,995.56,NA,NA,NA,-22.72,NA,-22.72,NA,NA,NA,NA,",bkn"
1879-02-27 21:00:00,11.11,NA,90,0.98,NA,997.63,NA,NA,-22.72,NA,-22.78,NA,NA,NA,5,NA
1879-02-28,NA,NA,NA,NA,NA,NA,NA,NA,NA,NA,NA,-22.83,-15.17,22.22,NA,NA
1879-02-28 09:00:00,11.67,NA,0,1.22,995.26,997.56,NA,NA,-19.94,NA,-19.94,NA,NA,NA,4.47,",ovc"
1879-02-28 15:00:00,NA,NA,NA,NA,999.22,NA,NA,NA,-18.06,NA,-18.06,NA,NA,NA,NA,",ovc"
1879-02-28 21:00:00,12.78,270,315,1.42,NA,1001.49,NA,NA,-18.06,NA,-18.11,NA,NA,NA,15,NA
1879-03-01,NA,NA,NA,NA,NA,NA,NA,NA,NA,NA,NA,-27.56,-11.83,40.56,NA,",sn,"
1879-03-01 09:00:00,10,NA,180,1.02,1001.73,1003.59,NA,NA,-22.11,NA,-22.11,NA,NA,NA,8.49,",skc,skc"
1879-03-01 15:00:00,NA,NA,NA,NA,999.83,NA,NA,NA,-19.94,NA,-19.94,NA,NA,NA,NA,",skc,skc"
1879-03-01 21:00:00,13.89,NA,180,1.22,NA,1001.42,NA,NA,-19.94,NA,-20,NA,NA,NA,34,NA
1879-03-02,NA,NA,NA,NA,NA,NA,NA,NA,NA,NA,NA,-22.28,-5.72,43.61,NA,",halo,"
1879-03-02 09:00:00,NA,NA,NA,NA,NA,NA,NA,NA,NA,NA,NA,NA,NA,NA,8.27,NA
1879-03-02 21:00:00,NA,NA,135,NA,NA,NA,NA,NA,NA,NA,NA,NA,NA,NA,32,NA
1879-03-03,NA,NA,NA,NA,NA,NA,NA,NA,NA,NA,NA,-8.67,1.06,37.78,NA,",sn,"
1879-03-03 09:00:00,14.44,270,180,4.57,977.75,980.36,NA,NA,-2.94,NA,-2.61,NA,NA,NA,12.74,",bkn,bkn"
1879-03-03 15:00:00,NA,NA,NA,NA,982.02,NA,NA,NA,-3.89,NA,-3.83,NA,NA,NA,NA,",ovc"
1879-03-03 21:00:00,12.22,270,315,4.54,NA,984.22,NA,NA,-3.89,NA,-3.83,NA,NA,NA,11,NA
1879-03-04,NA,NA,NA,NA,NA,NA,NA,NA,NA,NA,NA,-20.67,-11.72,36.67,NA,",hz,"
1879-03-04 09:00:00,15.56,315,315,1.29,998.98,1001.69,NA,NA,-19.94,NA,-19.94,NA,NA,NA,6.71,",bkn"
1879-03-04 15:00:00,NA,NA,NA,NA,998.54,NA,NA,NA,-19.39,NA,-19.39,NA,NA,NA,NA,",skc,skc"
1879-03-04 21:00:00,7.78,NA,90,1.29,NA,1000,NA,NA,-19.39,NA,-19.44,NA,NA,NA,27,NA
1879-03-05,NA,NA,NA,NA,NA,NA,NA,NA,NA,NA,NA,-13,5.72,45.56,NA,",sn,"
1879-03-05 09:00:00,12.22,NA,135,4.61,976.77,979.01,NA,NA,-2.22,NA,-1.39,NA,NA,NA,13.41,",ovc"
1879-03-05 15:00:00,NA,NA,NA,NA,978.12,NA,NA,NA,-7,NA,-6.94,NA,NA,NA,NA,",bkn"
1879-03-05 21:00:00,15.56,NA,270,3.52,NA,980.9,NA,NA,-7,NA,-6.94,NA,NA,NA,27,NA
1879-03-06,NA,NA,NA,NA,NA,NA,NA,NA,NA,NA,NA,-15.83,-4.56,40.56,NA,NA
1879-03-06 09:00:00,17.22,NA,270,1.66,992.96,995.94,NA,NA,-14.28,NA,-13.89,NA,NA,NA,3.35,",skc,skc"
1879-03-06 15:00:00,NA,NA,NA,NA,990.72,NA,NA,NA,-7.28,NA,-7.06,NA,NA,NA,NA,",ovc"
1879-03-06 21:00:00,17.22,NA,135,3.12,NA,993.7,NA,NA,-7.28,NA,-7.06,NA,NA,NA,34,NA
1879-03-07,NA,NA,NA,NA,NA,NA,NA,NA,NA,NA,NA,-5,4.39,13.89,NA,",ra,"
1879-03-07 09:00:00,15.56,NA,90,4.4,977.11,979.89,NA,NA,-2.22,NA,-1.11,NA,NA,NA,9.83,",ovc"
1879-03-07 15:00:00,NA,NA,NA,NA,976.5,NA,NA,NA,-2.06,NA,-1.67,NA,NA,NA,NA,",bkn"
1879-03-07 21:00:00,17.78,NA,225,4.98,NA,979.61,NA,NA,-2.06,NA,-1.67,NA,NA,NA,20,NA
1879-03-08,NA,NA,NA,NA,NA,NA,NA,NA,NA,NA,NA,-6.61,6.06,45.56,NA,",halo,"
1879-03-08 09:00:00,13.89,NA,180,5.38,975.82,981.71,NA,NA,-1.33,NA,-1.11,NA,NA,NA,0.89,",bkn"
1879-03-08 15:00:00,NA,NA,NA,NA,976.13,NA,NA,NA,1.67,NA,2.22,NA,NA,NA,NA,",ovc"
1879-03-08 21:00:00,13.33,NA,0,6.47,NA,978.53,NA,NA,1.67,NA,2.22,NA,NA,NA,27,NA
1879-03-09,NA,NA,NA,NA,NA,NA,NA,NA,NA,NA,NA,-3.83,3.61,33.89,NA,",sn,"
1879-03-09 09:00:00,NA,NA,0,NA,NA,NA,63.5,NA,NA,NA,NA,NA,NA,NA,6.71,NA
1879-03-09 21:00:00,NA,NA,0,NA,NA,NA,NA,NA,NA,NA,NA,NA,NA,NA,11,NA
1879-03-10,NA,NA,NA,NA,NA,NA,NA,NA,NA,NA,NA,-16.56,-1.17,40,NA,",sn,"
1879-03-10 09:00:00,14.44,0,315,2.3,983.41,985.98,NA,NA,-12.22,NA,-12.22,NA,NA,NA,13.41,",bkn"
1879-03-10 15:00:00,NA,NA,NA,NA,996.61,NA,NA,NA,-14.61,NA,-14.56,NA,NA,NA,NA,",skc"
1879-03-10 21:00:00,8.89,NA,315,2.03,NA,998.31,NA,NA,-14.61,NA,-14.56,NA,NA,NA,11,NA
1879-03-11,NA,NA,NA,NA,NA,NA,NA,NA,NA,NA,NA,-16.56,-8.94,40,NA,",sn,"
1879-03-11 09:00:00,13.89,NA,315,1.73,1003.32,1005.76,NA,NA,-15.56,NA,-15.5,NA,NA,NA,2.91,",skc"
1879-03-11 15:00:00,NA,NA,NA,NA,996.72,NA,NA,NA,-11.67,NA,-11.39,NA,NA,NA,NA,",ovc"
1879-03-11 21:00:00,16.67,NA,0,2.24,NA,999.59,NA,NA,-11.67,NA,-11.39,NA,NA,NA,20,NA
1879-03-12,NA,NA,NA,NA,NA,NA,NA,NA,NA,NA,NA,-15.44,-5.44,45.56,NA,",sn,"
1879-03-12 09:00:00,11.67,NA,45,3.01,992.45,994.58,38.1,NA,-7.78,NA,-7.33,NA,NA,NA,2.68,",ovc"
1879-03-12 15:00:00,NA,NA,NA,NA,992.82,NA,NA,NA,-12.11,NA,-12.06,NA,NA,NA,NA,",bkn,bkn"
1879-03-12 21:00:00,13.33,225,315,2.3,NA,995.19,NA,NA,-12.11,NA,-12.06,NA,NA,NA,12,NA
1879-03-13,NA,NA,NA,NA,NA,NA,NA,NA,NA,NA,NA,-8.06,-7.28,37.22,NA,",sn,"
1879-03-13 09:00:00,12.78,NA,315,2.44,993.3,995.6,7.62,NA,-24.44,NA,-24.56,NA,NA,NA,6.26,",ovc,ovc"
1879-03-13 15:00:00,NA,NA,NA,NA,996.99,NA,NA,NA,-23.28,NA,-23.28,NA,NA,NA,NA,",skc"
1879-03-13 21:00:00,10,NA,270,0.91,NA,998.85,NA,NA,-23.28,NA,-23.33,NA,NA,NA,13,NA
1879-03-14,NA,NA,NA,NA,NA,NA,NA,NA,NA,NA,NA,-29.5,-16.56,34.44,NA,NA
1879-03-14 09:00:00,13.89,NA,270,0.78,986.35,988.83,NA,NA,-24.94,NA,-24.94,NA,NA,NA,4.47,",skc"
1879-03-14 15:00:00,NA,NA,NA,NA,990.32,NA,NA,NA,-27.17,NA,-27.17,NA,NA,NA,NA,",skc,skc"
1879-03-14 21:00:00,9.44,NA,315,0.64,NA,992.08,NA,NA,-27.17,NA,-27.22,NA,NA,NA,12,NA
1879-03-15,NA,NA,NA,NA,NA,NA,NA,NA,NA,NA,NA,-29.5,-18.5,35,NA,",sn,"
1879-03-15 09:00:00,9.44,NA,270,0.91,988.76,990.52,7.62,NA,-23.28,NA,-23.28,NA,NA,NA,7.6,",bkn"
1879-03-15 15:00:00,NA,NA,NA,NA,991.7,NA,NA,NA,-27.17,NA,-27.17,NA,NA,NA,NA,",skc"
1879-03-15 21:00:00,9.44,NA,315,0.64,NA,993.23,NA,NA,-27.17,NA,-27.22,NA,NA,NA,14,NA
1879-03-16,NA,NA,NA,NA,NA,NA,NA,NA,NA,NA,NA,-30.83,-19.67,36.11,NA,",au,"
1879-03-16 09:00:00,NA,NA,315,NA,NA,NA,NA,NA,NA,NA,NA,NA,NA,NA,5.36,NA
1879-03-16 21:00:00,NA,NA,270,NA,NA,NA,NA,NA,NA,NA,NA,NA,NA,NA,27,NA
1879-03-17,NA,NA,NA,NA,NA,NA,NA,NA,NA,NA,NA,-29.78,-13.22,36.67,NA,NA
1879-03-17 09:00:00,10,NA,315,0.85,990.35,992.21,NA,NA,-24.11,NA,-24.17,NA,NA,NA,5.81,",skc,skc"
1879-03-17 15:00:00,NA,NA,NA,NA,988.32,NA,NA,NA,-24.94,NA,-24.94,NA,NA,NA,NA,",skc,skc"
1879-03-17 21:00:00,11.67,NA,315,0.78,NA,990.45,NA,NA,-24.94,NA,-25,NA,NA,NA,12,NA
1879-03-18,NA,NA,NA,NA,NA,NA,NA,NA,NA,NA,NA,-27,-12.94,40.56,NA,NA
1879-03-18 09:00:00,10.56,0,315,1.32,992.25,994.51,NA,NA,-19.11,NA,-19.11,NA,NA,NA,5.81,",bkn"
1879-03-18 15:00:00,NA,NA,NA,NA,989.3,NA,NA,NA,-19.39,NA,-19.39,NA,NA,NA,NA,",skc"
1879-03-18 21:00:00,13.33,NA,315,1.29,NA,991.67,NA,NA,-19.39,NA,-19.44,NA,NA,NA,12,NA
1879-03-19,NA,NA,NA,NA,NA,NA,NA,NA,NA,NA,NA,-26.61,-12.39,37.78,NA,",au,"
1879-03-19 09:00:00,9.44,NA,315,0.95,990.45,992.21,NA,NA,-22.72,NA,-22.72,NA,NA,NA,3.58,",skc"
1879-03-19 15:00:00,NA,NA,NA,NA,991.97,NA,NA,NA,-19.39,NA,-19.39,NA,NA,NA,NA,",skc,skc"
1879-03-19 21:00:00,7.78,NA,270,1.32,NA,993.5,NA,NA,-19.39,NA,-19.44,NA,NA,NA,12,NA
1879-03-20,NA,NA,NA,NA,NA,NA,NA,NA,NA,NA,NA,-28.5,-10.72,38.89,NA,NA
1879-03-20 09:00:00,12.22,NA,270,1.05,991.16,993.36,NA,NA,-21.61,NA,-21.61,NA,NA,NA,2.24,",skc,skc"
1879-03-20 15:00:00,NA,NA,NA,NA,989.47,NA,NA,NA,-20,NA,-20,NA,NA,NA,NA,",skc,skc"
1879-03-20 21:00:00,8.33,NA,270,1.22,NA,991.06,NA,NA,-20,NA,-20.06,NA,NA,NA,11,NA
1879-03-21,NA,NA,NA,NA,NA,NA,NA,NA,NA,NA,NA,-28.67,-7.94,43.33,NA,",missing,"
1879-03-21 09:00:00,9.44,NA,NA,1.15,992.96,994.72,NA,NA,-20.5,NA,-20.5,NA,NA,NA,NA,",skc,skc"
1879-03-21 15:00:00,NA,NA,NA,NA,990.04,NA,NA,NA,-15.83,NA,-15.83,NA,NA,NA,NA,",skc,skc"
1879-03-21 21:00:00,15.56,NA,180,1.73,NA,992.82,NA,NA,-15.83,NA,-15.83,NA,NA,NA,5,NA
1879-03-22,NA,NA,NA,NA,NA,NA,NA,NA,NA,NA,NA,-20.33,-1.72,45,NA,",au,"
1879-03-22 09:00:00,12.22,270,180,2.44,981.48,983.68,0,NA,-10.56,NA,-10.28,NA,NA,NA,10.51,",ovc"
1879-03-22 15:00:00,NA,NA,NA,NA,980.05,NA,NA,NA,-10.06,NA,-10,NA,NA,NA,NA,",skc"
1879-03-22 21:00:00,17.78,NA,270,2.74,NA,983.14,NA,NA,-10.06,NA,-10,NA,NA,NA,1,NA
1879-03-23,NA,NA,NA,NA,NA,NA,NA,NA,NA,NA,NA,-20.06,0.22,-17.71,NA,",au,"
1879-03-23 09:00:00,NA,NA,135,NA,NA,NA,NA,NA,NA,NA,NA,NA,NA,NA,1.79,NA
1879-03-23 21:00:00,NA,NA,NA,NA,NA,NA,NA,NA,NA,NA,NA,NA,NA,NA,22,NA
1879-03-24,NA,NA,NA,NA,NA,NA,NA,NA,NA,NA,NA,-23.39,NA,-17.71,NA,",br,"
1879-03-24 09:00:00,11.11,NA,180,1.69,994.38,996.41,NA,NA,5.56,NA,6.11,NA,NA,NA,1.34,",skc,skc"
1879-03-24 15:00:00,NA,NA,NA,NA,988.28,NA,NA,NA,-3.39,NA,-3.33,NA,NA,NA,NA,",skc"
1879-03-24 21:00:00,11.11,NA,180,4.71,NA,990.32,NA,NA,-3.39,NA,-3.33,NA,NA,NA,18,NA
1879-03-25,NA,NA,NA,NA,NA,NA,NA,NA,NA,NA,NA,-1.89,6.11,41.67,NA,",ra,"
1879-03-25 09:00:00,17.22,NA,180,6.03,973.35,976.33,7.62,NA,1.67,NA,2.78,NA,NA,NA,13.41,",ovc,ovc"
1879-03-25 15:00:00,NA,NA,NA,NA,970.1,NA,NA,NA,-0.28,NA,0,NA,NA,NA,NA,",ovc"
1879-03-25 21:00:00,12.78,NA,315,5.79,NA,972.44,NA,NA,-0.28,NA,0,NA,NA,NA,45,NA
1879-03-26,NA,NA,NA,NA,NA,NA,NA,NA,NA,NA,NA,-5.33,6.11,48.06,NA,",br,"
1879-03-26 09:00:00,17.78,NA,315,5.99,978.8,981.92,NA,NA,0.17,NA,0.83,NA,NA,NA,0.45,",ovc,ovc"
1879-03-26 15:00:00,NA,NA,NA,NA,975.62,NA,NA,NA,1.11,NA,1.94,NA,NA,NA,NA,",skc"
1879-03-26 21:00:00,13.89,NA,180,5.96,NA,978.12,NA,NA,1.11,NA,1.94,NA,NA,NA,11,NA
1879-03-27,NA,NA,NA,NA,NA,NA,NA,NA,NA,NA,NA,-0.11,9.39,47.22,NA,NA
1879-03-27 09:00:00,18.89,NA,180,7.15,970.03,973.32,5.08,NA,4.44,NA,5.94,NA,NA,NA,7.15,",ovc,ovc"
1879-03-27 15:00:00,NA,NA,NA,NA,972,NA,NA,NA,1.67,NA,2.22,NA,NA,NA,NA,",ovc,ovc"
1879-03-27 21:00:00,18.89,NA,0,6.47,NA,975.28,NA,NA,1.67,NA,2.22,NA,NA,NA,2,NA
1879-03-28,NA,NA,NA,NA,NA,NA,NA,NA,NA,NA,NA,-1.11,5.5,NA,NA,",au,"
1879-03-28 09:00:00,17.78,NA,315,6.47,980.66,983.75,NA,NA,1.67,NA,2.78,NA,NA,NA,4.92,",skc,skc"
1879-03-28 15:00:00,NA,NA,NA,NA,983.31,NA,NA,NA,1.11,NA,1.39,NA,NA,NA,NA,",bkn,bkn"
1879-03-28 21:00:00,11.67,315,315,6.4,NA,985.44,NA,NA,1.11,NA,1.39,NA,NA,NA,2,NA
1879-03-29,NA,NA,NA,NA,NA,NA,NA,NA,NA,NA,NA,-2.78,3.94,42.22,NA,",ra,"
1879-03-29 09:00:00,14.44,0,0,6.23,985.51,988.08,NA,NA,0.83,NA,1.22,NA,NA,NA,6.71,",ovc,ovc"
1879-03-29 15:00:00,NA,NA,NA,NA,990.65,NA,NA,NA,-1.67,NA,-1.5,NA,NA,NA,NA,",skc"
1879-03-29 21:00:00,13.33,NA,45,5.28,NA,993.02,NA,NA,-1.67,NA,-1.5,NA,NA,NA,16,NA
1879-03-30,NA,NA,NA,NA,NA,NA,NA,NA,NA,NA,NA,1.94,11.11,39.72,NA,NA
1879-03-30 09:00:00,NA,NA,180,NA,NA,NA,NA,NA,NA,NA,NA,NA,NA,NA,8.05,NA
1879-03-30 21:00:00,NA,NA,180,NA,NA,NA,NA,NA,NA,NA,NA,NA,NA,NA,2,NA
1879-03-31,NA,NA,NA,NA,NA,NA,NA,NA,NA,NA,NA,-12.22,2.06,36.94,NA,",au,"
1879-03-31 09:00:00,13.33,NA,0,4.27,989.6,991.97,NA,NA,-3.06,NA,-2.22,NA,NA,NA,15.65,",skc"
1879-03-31 15:00:00,NA,NA,NA,NA,996.44,NA,NA,NA,-11.11,NA,-10.83,NA,NA,NA,NA,",bkn"
1879-03-31 21:00:00,13.89,0,0,2.34,NA,998.92,NA,NA,-11.11,NA,-10.83,NA,NA,NA,20,NA
1879-04-01,NA,NA,NA,NA,NA,NA,5.715,57.15,NA,NA,NA,-16.94,-5.83,42.61,NA,",sn,"
1879-04-01 09:00:00,11.67,NA,135,1.96,NA,996.11,NA,NA,-11.33,NA,-10.94,NA,NA,NA,3.13,",sct"
1879-04-01 15:00:00,NA,NA,NA,NA,NA,NA,NA,NA,-10.06,NA,-10,NA,NA,NA,NA,",skc"
1879-04-01 21:00:00,11.67,NA,0,2.68,NA,996.24,NA,NA,-10.06,NA,-10,NA,NA,NA,12,NA
1879-04-02,NA,NA,NA,NA,NA,NA,NA,NA,NA,NA,NA,-12.5,-11.83,42.78,NA,NA
1879-04-02 09:00:00,12.78,NA,0,1.25,NA,1001.9,NA,NA,-19.83,NA,-19.83,NA,NA,NA,8.05,",skc,skc"
1879-04-02 15:00:00,NA,NA,NA,NA,NA,NA,NA,NA,-18.28,NA,-18.33,NA,NA,NA,NA,",skc,skc"
1879-04-02 21:00:00,7.22,NA,NA,1.39,NA,1004.06,NA,NA,-18.28,NA,-18.33,NA,NA,NA,27,NA
1879-04-03,NA,NA,NA,NA,NA,NA,NA,NA,NA,NA,NA,-10,-6.83,43.33,NA,NA
1879-04-03 09:00:00,11.11,NA,45,1.52,NA,1006.91,NA,NA,-17.22,NA,-17.22,NA,NA,NA,2.24,",skc,skc"
1879-04-03 15:00:00,NA,NA,NA,NA,NA,NA,NA,NA,-14.44,NA,-13.94,NA,NA,NA,NA,",skc,skc"
1879-04-03 21:00:00,7.78,NA,315,1.59,NA,1000.54,NA,NA,-14.44,NA,-13.94,NA,NA,NA,27,NA
1879-04-04,NA,NA,NA,NA,NA,NA,NA,NA,NA,NA,NA,-16.44,1.22,48.89,NA,NA
1879-04-04 09:00:00,15,NA,180,3.32,NA,995.26,NA,NA,-6.11,NA,-5.83,NA,NA,NA,5.81,",skc,skc"
1879-04-04 15:00:00,NA,NA,NA,NA,NA,NA,NA,NA,-2.44,NA,-2.22,NA,NA,NA,NA,",skc"
1879-04-04 21:00:00,7.22,NA,180,4.74,NA,993.09,NA,NA,-2.44,NA,-2.22,NA,NA,NA,12,NA
1879-04-05,NA,NA,NA,NA,NA,NA,NA,NA,NA,NA,NA,-3.33,11.94,43.33,NA,",du,"
1879-04-05 09:00:00,11.11,NA,225,6.3,NA,989.67,NA,NA,0.83,NA,1.11,NA,NA,NA,7.6,",skc"
1879-04-05 15:00:00,NA,NA,NA,NA,NA,NA,NA,NA,1.61,NA,1.67,NA,NA,NA,NA,",skc,skc"
1879-04-05 21:00:00,10,NA,270,NA,NA,984.73,NA,NA,1.61,NA,1.67,NA,NA,NA,11,NA
1879-04-06,NA,NA,NA,NA,NA,NA,NA,NA,NA,NA,NA,-3.83,5.5,NA,NA,",au,"
1879-04-06 09:00:00,NA,NA,0,NA,NA,NA,NA,NA,NA,NA,NA,NA,NA,NA,8.94,NA
1879-04-06 21:00:00,NA,NA,NA,NA,NA,NA,NA,NA,NA,NA,NA,NA,NA,NA,1,NA
1879-04-07,NA,NA,NA,NA,NA,NA,NA,NA,NA,NA,NA,-3.72,12.89,49.72,NA,NA
1879-04-07 09:00:00,8.33,NA,180,NA,NA,995.29,NA,NA,NA,NA,3.33,NA,NA,NA,8.72,",skc,skc"
1879-04-07 15:00:00,NA,NA,NA,NA,NA,NA,NA,NA,3.94,NA,3.94,NA,NA,NA,NA,",skc,skc"
1879-04-07 21:00:00,11.11,NA,180,NA,NA,984.12,NA,NA,3.94,NA,4,NA,NA,NA,14,NA
1879-04-08,NA,NA,NA,NA,NA,NA,NA,NA,NA,NA,NA,1.89,15.94,45.28,NA,",ra,"
1879-04-08 09:00:00,11.67,NA,180,NA,NA,975.14,7.37,NA,NA,NA,9.72,NA,NA,NA,12.07,",bkn"
1879-04-08 15:00:00,NA,NA,NA,NA,NA,NA,NA,NA,9.94,NA,10.11,NA,NA,NA,NA,",ovc"
1879-04-08 21:00:00,13.89,NA,135,12.06,NA,975.75,NA,NA,10,NA,10.11,NA,NA,NA,17,NA
1879-04-09,NA,NA,NA,NA,NA,NA,NA,NA,NA,NA,NA,5.72,17.89,50.56,NA,",ra,"
1879-04-09 09:00:00,13.89,90,90,10.4,NA,976.77,NA,NA,8.5,NA,9.22,NA,NA,NA,4.92,",bkn"
1879-04-09 15:00:00,NA,NA,NA,NA,NA,NA,NA,NA,8.28,NA,11.67,NA,NA,NA,NA,",bkn,bkn"
1879-04-09 21:00:00,16.11,NA,90,8.64,NA,978.19,NA,NA,8.33,NA,11.67,NA,NA,NA,40,NA
1879-04-10,NA,NA,NA,NA,NA,NA,NA,NA,NA,NA,NA,3.89,14,45.11,NA,",ra,"
1879-04-10 09:00:00,15.56,45,90,7.79,NA,984.32,NA,NA,5.72,NA,7.78,NA,NA,NA,6.26,",skc"
1879-04-10 15:00:00,NA,NA,NA,NA,NA,NA,NA,NA,3.83,NA,4.5,NA,NA,NA,NA,",bkn"
1879-04-10 21:00:00,12.78,NA,270,7.55,NA,991.57,NA,NA,3.89,NA,4.56,NA,NA,NA,27,NA
1879-04-11,NA,NA,NA,NA,NA,NA,NA,NA,NA,NA,NA,0.28,14.67,50.56,NA,",halo,"
1879-04-11 09:00:00,NA,NA,225,NA,NA,NA,NA,NA,NA,NA,NA,NA,NA,NA,0.89,NA
1879-04-11 21:00:00,NA,NA,135,NA,NA,NA,NA,NA,NA,NA,NA,NA,NA,NA,24,NA
1879-04-12,NA,NA,NA,NA,NA,NA,NA,NA,NA,NA,NA,3.61,10.28,12.78,NA,",ra,"
1879-04-12 09:00:00,15.56,180,90,9.48,NA,980.22,3.56,NA,6.67,NA,7,NA,NA,NA,1.79,",ovc"
1879-04-12 15:00:00,NA,NA,NA,NA,NA,NA,NA,NA,3.83,NA,4.39,NA,NA,NA,NA,",ovc"
1879-04-12 21:00:00,17.78,NA,0,7.65,NA,986.08,NA,NA,3.89,NA,4.44,NA,NA,NA,11,NA
1879-04-13,NA,NA,NA,NA,NA,NA,NA,NA,NA,NA,NA,0.83,11.22,48.06,NA,",du,"
1879-04-13 09:00:00,NA,NA,0,NA,NA,NA,NA,NA,NA,NA,NA,NA,NA,NA,4.02,NA
1879-04-13 21:00:00,NA,NA,0,NA,NA,NA,NA,NA,NA,NA,NA,NA,NA,NA,5,NA
1879-04-14,NA,NA,NA,NA,NA,NA,NA,NA,NA,NA,NA,0,13.44,45.56,NA,",au,"
1879-04-14 09:00:00,11.67,315,90,5.55,NA,991.97,NA,NA,2.61,NA,6.11,NA,NA,NA,8.05,",skc"
1879-04-14 15:00:00,NA,NA,NA,NA,NA,NA,NA,NA,2,NA,4.83,NA,NA,NA,NA,",skc,skc"
1879-04-14 21:00:00,15,NA,45,5.45,NA,990.48,NA,NA,2,NA,4.89,NA,NA,NA,40,NA
1879-04-15,NA,NA,NA,NA,NA,NA,NA,NA,NA,NA,NA,-1.67,12.06,45.67,NA,",au,"
1879-04-15 09:00:00,13.33,NA,90,6.03,NA,992.99,NA,NA,4.5,NA,7.89,NA,NA,NA,3.58,",skc,skc"
1879-04-15 15:00:00,NA,NA,NA,NA,NA,NA,NA,NA,2.72,NA,4.39,NA,NA,NA,NA,",bkn"
1879-04-15 21:00:00,14.44,NA,45,6.4,NA,991.84,NA,NA,2.78,NA,4.83,NA,NA,NA,11,NA
1879-04-16,NA,NA,NA,NA,NA,NA,NA,NA,NA,NA,NA,-0.56,13.78,48.33,NA,NA
1879-04-16 09:00:00,15,NA,90,6.13,NA,996.72,NA,NA,7.17,NA,10,NA,NA,NA,4.02,",skc,skc"
1879-04-16 15:00:00,NA,NA,NA,NA,NA,NA,NA,NA,2.72,NA,4.67,NA,NA,NA,NA,",skc"
1879-04-16 21:00:00,12.22,NA,45,6.23,NA,995.16,NA,NA,2.72,NA,4.72,NA,NA,NA,16,NA
1879-04-17,NA,NA,NA,NA,NA,NA,0,0,NA,NA,NA,0.17,18.17,46,NA,NA
1879-04-17 09:00:00,11.11,NA,90,6.64,NA,994.55,NA,NA,4.72,NA,7.89,NA,NA,NA,3.13,",skc,skc"
1879-04-17 15:00:00,NA,NA,NA,NA,NA,NA,NA,NA,6.06,NA,10,NA,NA,NA,NA,",skc,skc"
1879-04-17 21:00:00,12.78,NA,135,6.98,NA,993.63,NA,NA,6.11,NA,10,NA,NA,NA,17,NA
1879-04-18,NA,NA,NA,NA,NA,NA,NA,NA,NA,NA,NA,1.39,14,48.33,NA,",ra,"
1879-04-18 09:00:00,15.56,90,270,8.16,NA,993.74,NA,NA,7.17,NA,10,NA,NA,NA,6.88,",bkn,bkn"
1879-04-18 15:00:00,NA,NA,NA,NA,NA,NA,NA,NA,6.11,NA,8.44,NA,NA,NA,NA,",skc"
1879-04-18 21:00:00,14.44,NA,315,7.79,NA,994.55,NA,NA,6.11,NA,8.44,NA,NA,NA,14,NA
1879-04-19,NA,NA,NA,NA,NA,NA,NA,NA,NA,NA,NA,-1.39,18.72,50.56,NA,",du,"
1879-04-19 09:00:00,12.78,NA,315,7.75,NA,998.1,NA,NA,5.17,NA,6.67,NA,NA,NA,2.24,",skc,skc"
1879-04-19 15:00:00,NA,NA,NA,NA,NA,NA,NA,NA,7.17,NA,9.06,NA,NA,NA,NA,",skc,skc"
1879-04-19 21:00:00,13.33,NA,90,8.77,NA,991.5,NA,NA,7.22,NA,9.06,NA,NA,NA,34,NA
1879-04-20,NA,NA,NA,NA,NA,NA,NA,NA,NA,NA,NA,6.39,20.83,52.28,NA,",halo,"
1879-04-20 09:00:00,NA,NA,135,NA,NA,NA,NA,NA,NA,NA,NA,NA,NA,NA,11.62,NA
1879-04-20 21:00:00,NA,NA,135,NA,NA,NA,NA,NA,NA,NA,NA,NA,NA,NA,26,NA
1879-04-21,NA,NA,NA,NA,NA,NA,NA,NA,NA,NA,NA,7.5,22,52.39,NA,",ra,"
1879-04-21 09:00:00,15.56,NA,90,9.85,NA,990.21,NA,NA,10.28,NA,13.89,NA,NA,NA,6.71,",bkn,bkn"
1879-04-21 15:00:00,NA,NA,NA,NA,NA,NA,NA,NA,7.44,NA,9.44,NA,NA,NA,NA,",ovc"
1879-04-21 21:00:00,17.22,NA,45,8.91,NA,994.62,NA,NA,7.5,NA,9.44,NA,NA,NA,23,NA
1879-04-22,NA,NA,NA,NA,NA,NA,NA,NA,NA,NA,NA,4.44,8.22,23.17,NA,",ra,"
1879-04-22 09:00:00,17.22,0,0,8.91,NA,999.59,1.27,NA,6.11,NA,6.89,NA,NA,NA,6.71,",ra"
1879-04-22 15:00:00,NA,NA,NA,NA,NA,NA,NA,NA,4.44,NA,5.22,NA,NA,NA,NA,",ovc"
1879-04-22 21:00:00,18.33,0,0,7.82,NA,1001.19,NA,NA,4.67,NA,5.28,NA,NA,NA,45,NA
1879-04-23,NA,NA,NA,NA,NA,NA,NA,NA,NA,NA,NA,6.11,12.67,28.67,NA,",ra,"
1879-04-23 09:00:00,15.56,135,45,9.85,NA,994.82,NA,NA,7.78,NA,8.56,NA,NA,NA,4.47,",ovc,ovc"
1879-04-23 15:00:00,NA,NA,NA,NA,NA,NA,NA,NA,8.44,NA,8.56,NA,NA,NA,NA,",skc"
1879-04-23 21:00:00,16.11,NA,0,10.8,NA,986.76,NA,NA,8.5,NA,8.56,NA,NA,NA,27,NA
1879-04-24,NA,NA,NA,NA,NA,NA,NA,NA,NA,NA,NA,2.78,16.22,48.17,NA,",ra,"
1879-04-24 09:00:00,18.89,NA,0,10.8,NA,985,3.05,NA,8.61,NA,8.89,NA,NA,NA,4.02,",ovc"
1879-04-24 15:00:00,NA,NA,NA,NA,NA,NA,NA,NA,8.83,NA,9,NA,NA,NA,NA,",skc"
1879-04-24 21:00:00,15,NA,180,11.18,NA,983.24,NA,NA,8.89,NA,9,NA,NA,NA,1,NA
1879-04-25,NA,NA,NA,NA,NA,NA,NA,NA,NA,NA,NA,3.33,9.17,43.33,NA,",ra,"
1879-04-25 09:00:00,17.22,NA,0,8.74,NA,985.27,13.97,NA,6,NA,6.78,NA,NA,NA,7.15,",bkn"
1879-04-25 15:00:00,NA,NA,NA,NA,NA,NA,NA,NA,4.11,NA,4.39,NA,NA,NA,NA,",ra"
1879-04-25 21:00:00,16.67,NA,45,7.82,NA,981.1,NA,NA,4.17,NA,4.44,NA,NA,NA,21,NA
1879-04-26,NA,NA,NA,NA,NA,NA,NA,NA,NA,NA,NA,0,3.83,18.44,NA,",sn,"
1879-04-26 09:00:00,15.56,NA,0,7.01,NA,974.94,25.4,NA,2.61,NA,2.78,NA,NA,NA,6.71,",ra"
1879-04-26 15:00:00,NA,NA,NA,NA,NA,NA,NA,NA,0.78,NA,1.11,NA,NA,NA,NA,",ra"
1879-04-26 21:00:00,12.78,NA,315,6.23,NA,980.36,NA,NA,0.78,NA,1.11,NA,NA,NA,30,NA
1879-04-27,NA,NA,NA,NA,NA,NA,NA,NA,NA,NA,NA,-0.56,9.28,45,NA,NA
1879-04-27 09:00:00,NA,NA,315,NA,NA,NA,NA,NA,NA,NA,NA,NA,NA,NA,9.39,NA
1879-04-27 21:00:00,NA,NA,90,NA,NA,NA,NA,NA,NA,NA,NA,NA,NA,NA,11,NA
1879-04-28,NA,NA,NA,NA,NA,NA,NA,NA,NA,NA,NA,0,6.06,33.89,NA,",ra,"
1879-04-28 09:00:00,15,180,135,6.94,NA,987.37,10.16,NA,4.17,NA,6.11,NA,NA,NA,8.94,",ovc"
1879-04-28 15:00:00,NA,NA,NA,NA,NA,NA,NA,NA,1.67,NA,2.72,NA,NA,NA,NA,",ra"
1879-04-28 21:00:00,16.67,0,315,6.2,NA,990.35,NA,NA,1.67,NA,2.78,NA,NA,NA,40,NA
1879-04-29,NA,NA,NA,NA,NA,NA,NA,NA,NA,NA,NA,-1.11,17.06,47.22,NA,",fg,"
1879-04-29 09:00:00,12.22,315,315,7.45,NA,995.36,NA,NA,3.44,NA,3.89,NA,NA,NA,2.24,",bkn"
1879-04-29 15:00:00,NA,NA,NA,NA,NA,NA,NA,NA,6.06,NA,7.39,NA,NA,NA,NA,",bkn"
1879-04-29 21:00:00,13.33,NA,90,8.43,NA,994.82,NA,NA,6.11,NA,7.44,NA,NA,NA,16,NA
1879-04-30,NA,NA,NA,NA,NA,NA,NA,NA,NA,NA,NA,1.67,18.44,53.89,NA,NA
1879-04-30 09:00:00,13.89,315,90,8.47,NA,997.87,NA,NA,8.06,NA,11.39,NA,NA,NA,4.02,",skc,skc"
1879-04-30 15:00:00,NA,NA,NA,NA,NA,NA,NA,NA,7.89,NA,10.56,NA,NA,NA,NA,",skc"
1879-04-30 21:00:00,15.56,NA,45,8.77,NA,997.8,NA,NA,7.94,NA,10.56,NA,NA,NA,2,NA
1879-05-01,NA,NA,NA,NA,NA,NA,NA,NA,NA,NA,NA,6.11,22.39,57.78,NA,NA
1879-05-01 09:00:00,15,0,180,7.62,NA,999.05,10.92,NA,8.06,NA,13.33,NA,NA,NA,9.39,",bkn"
1879-05-01 15:00:00,NA,NA,NA,NA,NA,NA,NA,NA,8.83,NA,11.67,NA,NA,NA,NA,",skc"
1879-05-01 21:00:00,15,NA,135,9.31,NA,993.6,NA,NA,8.89,NA,11.67,NA,NA,NA,34,NA
1879-05-02,NA,NA,NA,NA,NA,NA,NA,NA,NA,NA,NA,4.44,20.06,55,NA,",du,"
1879-05-02 09:00:00,13.33,0,135,8.74,NA,990.96,NA,NA,8.89,NA,12.78,NA,NA,NA,4.47,",skc"
1879-05-02 15:00:00,NA,NA,NA,NA,NA,NA,NA,NA,11.61,NA,12.17,NA,NA,NA,NA,",skc,skc"
1879-05-02 21:00:00,15,NA,135,11.21,NA,984.39,NA,NA,11.67,NA,12.17,NA,NA,NA,40,NA
1879-05-03,NA,NA,NA,NA,NA,NA,NA,NA,NA,NA,NA,6.11,13.72,25.28,NA,",ra,"
1879-05-03 09:00:00,14.44,NA,90,7.72,NA,979.07,NA,NA,7.22,NA,10.94,NA,NA,NA,11.18,",ovc"
1879-05-03 15:00:00,NA,NA,NA,NA,NA,NA,NA,NA,7.17,NA,8.11,NA,NA,NA,NA,",ovc"
1879-05-03 21:00:00,16.11,135,90,9.41,NA,974.94,NA,NA,7.22,NA,8.11,NA,NA,NA,33,NA
1879-05-04,NA,NA,NA,NA,NA,NA,NA,NA,NA,NA,NA,0.56,8.17,57.22,NA,",ra,"
1879-05-04 09:00:00,NA,0,0,NA,NA,NA,5.59,NA,NA,NA,NA,NA,NA,NA,9.88,NA
1879-05-04 21:00:00,NA,NA,0,NA,NA,NA,NA,NA,NA,NA,NA,NA,NA,NA,22,NA
1879-05-05,NA,NA,NA,NA,NA,NA,NA,NA,NA,NA,NA,0.83,8.17,46.22,NA,NA
1879-05-05 09:00:00,11.11,0,0,5.99,NA,996.17,NA,NA,2.06,NA,3.89,NA,NA,NA,8.94,",bkn"
1879-05-05 15:00:00,NA,NA,NA,NA,NA,NA,NA,NA,2.44,NA,4.11,NA,NA,NA,NA,",bkn"
1879-05-05 21:00:00,10,0,0,6.23,NA,1000.61,NA,NA,2.44,NA,4.11,NA,NA,NA,45,NA
1879-05-06,NA,NA,NA,NA,NA,NA,NA,NA,NA,NA,NA,-1.06,14.83,53.22,NA,NA
1879-05-06 09:00:00,11.67,0,0,6.43,NA,1004.74,NA,NA,3.89,NA,6.5,NA,NA,NA,4.47,",bkn"
1879-05-06 15:00:00,NA,NA,NA,NA,NA,NA,NA,NA,4.61,NA,6.44,NA,NA,NA,NA,",skc"
1879-05-06 21:00:00,11.67,NA,0,7.35,NA,1003.45,NA,NA,4.67,NA,6.44,NA,NA,NA,16,NA
1879-05-07,NA,NA,NA,NA,NA,NA,NA,NA,NA,NA,NA,0,17.33,-13.89,NA,NA
1879-05-07 09:00:00,11.67,NA,135,7.59,NA,1003.25,NA,NA,6.39,NA,9.44,NA,NA,NA,6.71,",skc,skc"
1879-05-07 15:00:00,NA,NA,NA,NA,NA,NA,NA,NA,6.78,NA,9.39,NA,NA,NA,NA,",skc"
1879-05-07 21:00:00,12.22,NA,135,8.13,NA,998.07,NA,NA,6.83,NA,9.39,NA,NA,NA,20,NA
1879-05-08,NA,NA,NA,NA,NA,NA,NA,NA,NA,NA,NA,3.78,12.83,52.78,NA,",ra,"
1879-05-08 09:00:00,12.22,225,180,8.6,NA,995.97,NA,NA,7.78,NA,11.11,NA,NA,NA,11.62,",bkn"
1879-05-08 15:00:00,NA,NA,NA,NA,NA,NA,NA,NA,8.44,NA,9.17,NA,NA,NA,NA,",ovc,ovc"
1879-05-08 21:00:00,12.22,180,180,10.43,NA,991.7,NA,NA,8.5,NA,9.17,NA,NA,NA,24,NA
1879-05-09,NA,NA,NA,NA,NA,NA,NA,NA,NA,NA,NA,5.28,22.94,47.56,NA,",lt,"
1879-05-09 09:00:00,15.56,225,180,11.58,NA,992.25,NA,NA,12.78,NA,16.83,NA,NA,NA,2.24,",bkn"
1879-05-09 15:00:00,NA,NA,NA,NA,NA,NA,NA,NA,11.06,NA,12.78,NA,NA,NA,NA,",skc"
1879-05-09 21:00:00,15.56,NA,135,11.75,NA,988.72,NA,NA,11.11,NA,12.78,NA,NA,NA,14,NA
1879-05-10,NA,NA,NA,NA,NA,NA,NA,NA,NA,NA,NA,10.28,23.61,54.33,NA,",ra,"
1879-05-10 09:00:00,15.56,225,180,14.16,NA,983.03,1.78,NA,13.33,NA,14.44,NA,NA,NA,8.49,",ovc"
1879-05-10 15:00:00,NA,NA,NA,NA,NA,NA,NA,NA,10.78,NA,13.61,NA,NA,NA,NA,",skc"
1879-05-10 21:00:00,16.67,NA,180,10.8,NA,983.58,NA,NA,10.83,NA,13.61,NA,NA,NA,20,NA
1879-05-11,NA,NA,NA,NA,NA,NA,NA,NA,NA,NA,NA,7.78,23.5,57.11,NA,NA
1879-05-11 09:00:00,NA,NA,315,NA,NA,NA,NA,NA,NA,NA,NA,NA,NA,NA,3.58,NA
1879-05-11 21:00:00,NA,NA,0,NA,NA,NA,NA,NA,NA,NA,NA,NA,NA,NA,11,NA
1879-05-12,NA,NA,NA,NA,NA,NA,NA,NA,NA,NA,NA,5.33,18.78,53.89,NA,",au,"
1879-05-12 09:00:00,16.11,NA,0,10.26,NA,990.21,NA,NA,11.28,NA,15.56,NA,NA,NA,10.28,",skc,skc"
1879-05-12 15:00:00,NA,NA,NA,NA,NA,NA,NA,NA,6.5,NA,8.17,NA,NA,NA,NA,",skc"
1879-05-12 21:00:00,15,NA,0,8.5,NA,994.95,NA,NA,6.56,NA,8.22,NA,NA,NA,13,NA
1879-05-13,NA,NA,NA,NA,NA,NA,NA,NA,NA,NA,NA,1.39,15.39,48.89,NA,",au,"
1879-05-13 09:00:00,15.56,NA,0,9.38,NA,997.9,NA,NA,9.17,NA,12.22,NA,NA,NA,8.49,",skc,skc"
1879-05-13 15:00:00,NA,NA,NA,NA,NA,NA,NA,NA,6.5,NA,7.61,NA,NA,NA,NA,",skc,skc"
1879-05-13 21:00:00,13.89,NA,0,8.87,NA,996.92,NA,NA,6.56,NA,7.67,NA,NA,NA,20,NA
1879-05-14,NA,NA,NA,NA,NA,NA,NA,NA,NA,NA,NA,0.83,20.72,53.89,NA,NA
1879-05-14 09:00:00,14.44,NA,315,8.03,NA,997.83,NA,NA,8.33,NA,11.94,NA,NA,NA,1.79,",skc,skc"
1879-05-14 15:00:00,NA,NA,NA,NA,NA,NA,NA,NA,9.94,NA,12.78,NA,NA,NA,NA,",skc,skc"
1879-05-14 21:00:00,16.11,NA,315,10.06,NA,991.5,NA,NA,10,NA,12.78,NA,NA,NA,40,NA
1879-05-15,NA,NA,NA,NA,NA,NA,NA,NA,NA,NA,NA,9.44,23.5,54.44,NA,NA
1879-05-15 09:00:00,16.11,NA,180,9.99,NA,987.5,NA,NA,12.78,NA,20,NA,NA,NA,11.85,",skc,skc"
1879-05-15 15:00:00,NA,NA,NA,NA,NA,NA,NA,NA,12.11,NA,15,NA,NA,NA,NA,",skc"
1879-05-15 21:00:00,18.33,NA,180,11.82,NA,982.36,NA,NA,12.17,NA,15,NA,NA,NA,17,NA
1879-05-16,NA,NA,NA,NA,NA,NA,NA,NA,NA,NA,NA,11.11,22.67,55.28,NA,NA
1879-05-16 09:00:00,16.67,NA,180,13.65,NA,978.73,NA,NA,15,NA,18.89,NA,NA,NA,12.07,",skc"
1879-05-16 15:00:00,NA,NA,NA,NA,NA,NA,NA,NA,10.78,NA,12.22,NA,NA,NA,NA,",bkn"
1879-05-16 21:00:00,16.11,180,315,11.65,NA,990.21,NA,NA,10.83,NA,12.22,NA,NA,NA,21,NA
1879-05-17,NA,NA,NA,NA,NA,NA,NA,NA,NA,NA,NA,1.67,13.83,48.89,NA,",ra,"
1879-05-17 09:00:00,13.33,90,90,13.71,NA,996.85,NA,NA,4.56,NA,6.83,NA,NA,NA,3.8,",ovc"
1879-05-17 15:00:00,NA,NA,NA,NA,NA,NA,NA,NA,5.78,NA,7.17,NA,NA,NA,NA,",bkn"
1879-05-17 21:00:00,13.89,NA,90,8.2,NA,995.23,NA,NA,5.83,NA,7.22,NA,NA,NA,12,NA
1879-05-18,NA,NA,NA,NA,NA,NA,NA,NA,NA,NA,NA,4.83,16,46.67,NA,",ra,"
1879-05-18 09:00:00,NA,NA,90,NA,NA,NA,2.03,NA,NA,NA,NA,NA,NA,NA,1.79,NA
1879-05-18 21:00:00,NA,NA,135,NA,NA,NA,NA,NA,NA,NA,NA,NA,NA,NA,27,NA
1879-05-19,NA,NA,NA,NA,NA,NA,NA,NA,NA,NA,NA,6.67,20.17,NA,NA,",ra,"
1879-05-19 09:00:00,13.33,45,45,8.33,NA,985.34,15.24,NA,4.44,NA,4.44,NA,NA,NA,6.03,",sn"
1879-05-19 15:00:00,NA,NA,NA,NA,NA,NA,NA,NA,9.11,NA,11.11,NA,NA,NA,NA,",skc"
1879-05-19 21:00:00,14.44,NA,45,9.85,NA,988.79,NA,NA,9.17,NA,11.11,NA,NA,NA,20,NA
1879-05-20,NA,NA,NA,NA,NA,NA,NA,NA,NA,NA,NA,2.72,20.5,53.89,NA,NA
1879-05-20 09:00:00,15.56,NA,0,10.73,NA,992.92,NA,NA,13.33,NA,19.83,NA,NA,NA,4.47,",bkn"
1879-05-20 15:00:00,NA,NA,NA,NA,NA,NA,NA,NA,10.22,NA,12.89,NA,NA,NA,NA,",ovc"
1879-05-20 21:00:00,15.56,NA,0,10.5,NA,992.25,NA,NA,10.28,NA,12.89,NA,NA,NA,11,NA
1879-05-21,NA,NA,NA,NA,NA,NA,NA,NA,NA,NA,NA,10.83,21.72,57.22,NA,",ra,"
1879-05-21 09:00:00,15.56,0,45,12.16,NA,995.29,0.51,NA,12.61,NA,15.56,NA,NA,NA,2.24,",bkn"
1879-05-21 15:00:00,NA,NA,NA,NA,NA,NA,NA,NA,13.56,NA,13.89,NA,NA,NA,NA,",skc"
1879-05-21 21:00:00,17.22,NA,45,15.1,NA,994.89,NA,NA,13.61,NA,13.89,NA,NA,NA,11,NA
1879-05-22,NA,NA,NA,NA,NA,NA,NA,NA,NA,NA,NA,8.83,21.67,56.39,NA,",ra,"
1879-05-22 09:00:00,16.67,270,135,15.14,NA,993.53,9.65,NA,15.94,NA,19.17,NA,NA,NA,8.94,",bkn"
1879-05-22 15:00:00,NA,NA,NA,NA,NA,NA,NA,NA,12.72,NA,14.44,NA,NA,NA,NA,",ra"
1879-05-22 21:00:00,16.67,NA,135,13.21,NA,989.6,NA,NA,12.78,NA,14.44,NA,NA,NA,22,NA
1879-05-23,NA,NA,NA,NA,NA,NA,NA,NA,NA,NA,NA,11.06,18.78,49.44,NA,",ra,"
1879-05-23 09:00:00,16.67,NA,180,16.32,NA,983.58,0.51,NA,16.11,NA,18.06,NA,NA,NA,14.3,",bkn"
1879-05-23 15:00:00,NA,NA,NA,NA,NA,NA,NA,NA,14.39,NA,14.67,NA,NA,NA,NA,",ovc"
1879-05-23 21:00:00,18.33,NA,180,16.02,NA,984.19,NA,NA,14.44,NA,14.67,NA,NA,NA,16,NA
1879-05-24,NA,NA,NA,NA,NA,NA,NA,NA,NA,NA,NA,8.89,20.44,57.22,NA,NA
1879-05-24 09:00:00,17.78,NA,0,18.32,NA,987.5,NA,NA,17.22,NA,18.33,NA,NA,NA,5.81,",bkn"
1879-05-24 21:00:00,NA,NA,0,NA,NA,NA,NA,NA,NA,NA,NA,NA,NA,NA,11,NA
1879-05-25,NA,NA,NA,NA,NA,NA,NA,NA,NA,NA,NA,7.78,19.89,51.89,NA,NA
1879-05-25 09:00:00,NA,NA,90,NA,NA,NA,NA,NA,NA,NA,NA,NA,NA,NA,6.03,NA
1879-05-25 21:00:00,NA,NA,45,NA,NA,NA,NA,NA,NA,NA,NA,NA,NA,NA,11,NA
1879-05-26,NA,NA,NA,NA,NA,NA,NA,NA,NA,NA,NA,6.67,20.72,55,NA,NA
1879-05-26 09:00:00,14.44,315,180,10.36,NA,997.05,NA,NA,11.67,NA,15,NA,NA,NA,6.71,",bkn"
1879-05-26 15:00:00,NA,NA,NA,NA,NA,NA,NA,NA,11,NA,12.22,NA,NA,NA,NA,",skc"
1879-05-26 21:00:00,15.56,NA,180,12.02,NA,991.84,NA,NA,11.06,NA,12.22,NA,NA,NA,16,NA
1879-05-27,NA,NA,NA,NA,NA,NA,NA,NA,NA,NA,NA,6.39,21.56,54.44,NA,",ra,"
1879-05-27 09:00:00,15.56,NA,180,12.22,NA,991.57,2.54,NA,13.39,NA,17.22,NA,NA,NA,7.15,",skc,skc"
1879-05-27 15:00:00,NA,NA,NA,NA,NA,NA,NA,NA,12.89,NA,13.33,NA,NA,NA,NA,",skc"
1879-05-27 21:00:00,17.22,NA,180,14.39,NA,989.74,NA,NA,12.94,NA,13.33,NA,NA,NA,20,NA
1879-05-28,NA,NA,NA,NA,NA,NA,0,0,NA,NA,NA,11.11,25.89,60,NA,NA
1879-05-28 09:00:00,18.33,NA,135,16.76,NA,986.15,NA,NA,17.5,NA,21.11,NA,NA,NA,6.03,",bkn"
1879-05-28 15:00:00,NA,NA,NA,NA,NA,NA,NA,NA,19.11,NA,19.5,NA,NA,NA,NA,",skc"
1879-05-28 21:00:00,20.56,NA,90,21.54,NA,980.22,NA,NA,19.17,NA,19.56,NA,NA,NA,40,NA
1879-05-29,NA,NA,NA,NA,NA,NA,NA,NA,NA,NA,NA,12.22,24.61,58.61,NA,",ra,"
1879-05-29 09:00:00,20.56,135,270,21.2,NA,970.1,11.18,NA,19,NA,19.44,NA,NA,NA,4.02,",ovc"
1879-05-29 15:00:00,NA,NA,NA,NA,NA,NA,NA,NA,14.11,NA,14.11,NA,NA,NA,NA,",ovc"
1879-05-29 21:00:00,19.44,NA,0,20.15,NA,970.67,NA,NA,14.17,NA,14.17,NA,NA,NA,24,NA
1879-05-30,NA,NA,NA,NA,NA,NA,NA,NA,NA,NA,NA,3.83,11.22,48.89,NA,",ra,"
1879-05-30 09:00:00,16.11,0,0,11.89,NA,979.48,1.02,NA,10.39,NA,11.11,NA,NA,NA,11.18,",sn"
1879-05-30 15:00:00,NA,NA,NA,NA,NA,NA,NA,NA,3.11,NA,3.83,NA,NA,NA,NA,",bkn"
1879-05-30 21:00:00,12.78,0,315,7.18,NA,991.77,NA,NA,3.17,NA,3.89,NA,NA,NA,20,NA
1879-05-31,NA,NA,NA,NA,NA,NA,NA,NA,NA,NA,NA,2.78,13.72,24.72,NA,",ra,"
1879-05-31 09:00:00,16.11,45,0,8.8,NA,999.8,0.76,NA,6,NA,6.67,NA,NA,NA,4.02,",ovc"
1879-05-31 15:00:00,NA,NA,NA,NA,NA,NA,NA,NA,6.06,NA,7.17,NA,NA,NA,NA,",skc"
1879-05-31 21:00:00,13.33,NA,45,8.57,NA,1001.02,NA,NA,6.11,NA,7.22,NA,NA,NA,2,NA
1879-06-01,NA,NA,NA,NA,NA,NA,NA,NA,NA,NA,NA,2.78,23.22,52.78,NA,NA
1879-06-01 09:00:00,NA,NA,225,NA,NA,NA,NA,NA,NA,NA,NA,NA,NA,NA,6.26,NA
1879-06-01 21:00:00,NA,NA,180,NA,NA,NA,NA,NA,NA,NA,NA,NA,NA,NA,45,NA
1879-06-02,NA,NA,NA,NA,NA,NA,NA,NA,NA,NA,NA,8.61,26.33,56.94,NA,",du,"
1879-06-02 09:00:00,16.11,NA,180,18.25,NA,992.45,NA,NA,16.94,NA,17.78,NA,NA,NA,0.45,",skc"
1879-06-02 15:00:00,NA,NA,NA,NA,NA,NA,NA,NA,17.72,NA,19.17,NA,NA,NA,NA,",skc,skc"
1879-06-02 21:00:00,18.89,NA,180,18.76,NA,987.64,NA,NA,17.78,NA,19.17,NA,NA,NA,40,NA
1879-06-03,NA,NA,NA,NA,NA,NA,NA,NA,NA,NA,NA,11.17,28.78,54,NA,",ra,"
1879-06-03 09:00:00,19.44,NA,180,15.81,NA,979.55,0.25,NA,17.83,NA,23.11,NA,NA,NA,13.86,",skc,skc"
1879-06-03 15:00:00,NA,NA,NA,NA,NA,NA,NA,NA,17.39,NA,15.56,NA,NA,NA,NA,",skc"
1879-06-03 21:00:00,22.22,180,315,11.11,NA,980.02,NA,NA,17.44,NA,15.56,NA,NA,NA,14,NA
1879-06-04,NA,NA,NA,NA,NA,NA,NA,NA,NA,NA,NA,6.94,17.61,54,NA,",ra,"
1879-06-04 09:00:00,14.44,NA,315,10.13,NA,987.3,NA,NA,10,NA,12.83,NA,NA,NA,9.83,",skc"
1879-06-04 15:00:00,NA,NA,NA,NA,NA,NA,NA,NA,9.11,NA,11.11,NA,NA,NA,NA,",bkn"
1879-06-04 21:00:00,15,0,45,10.02,NA,988.42,NA,NA,9.17,NA,11.11,NA,NA,NA,5,NA
1879-06-05,NA,NA,NA,NA,NA,NA,NA,NA,NA,NA,NA,5.56,15.94,49.44,NA,",ra,"
1879-06-05 09:00:00,12.78,270,0,8.94,NA,990.15,2.79,NA,8.33,NA,11.11,NA,NA,NA,8.05,",skc"
1879-06-05 15:00:00,NA,NA,NA,NA,NA,NA,NA,NA,7.17,NA,9.17,NA,NA,NA,NA,",skc,skc"
1879-06-05 21:00:00,13.33,NA,0,8.7,NA,992.58,NA,NA,7.22,NA,9.17,NA,NA,NA,11,NA
1879-06-06,NA,NA,NA,NA,NA,NA,NA,NA,NA,NA,NA,0.83,21.56,53.61,NA,",parhel,"
1879-06-06 09:00:00,12.78,NA,135,10.06,NA,994.62,NA,NA,11.11,NA,15.56,NA,NA,NA,3.58,",skc"
1879-06-06 15:00:00,NA,NA,NA,NA,NA,NA,NA,NA,11.78,NA,14,NA,NA,NA,NA,",bkn"
1879-06-06 21:00:00,15.56,90,135,11.99,NA,990.89,NA,NA,11.83,NA,14,NA,NA,NA,14,NA
1879-06-07,NA,NA,NA,NA,NA,NA,NA,NA,NA,NA,NA,11.11,24.33,53.67,NA,",halo,"
1879-06-07 09:00:00,15.56,225,135,13.21,NA,986.49,NA,NA,14.72,NA,18.89,NA,NA,NA,12.07,",skc"
1879-06-07 15:00:00,NA,NA,NA,NA,NA,NA,NA,NA,15.78,NA,18.94,NA,NA,NA,NA,",ovc"
1879-06-07 21:00:00,18.89,270,135,15.07,NA,980.7,NA,NA,15.83,NA,18.94,NA,NA,NA,22,NA
1879-06-08,NA,NA,NA,NA,NA,NA,NA,NA,NA,NA,NA,15.28,29,62.5,NA,",ra,"
1879-06-08 09:00:00,NA,NA,180,NA,NA,NA,1.27,NA,NA,NA,NA,NA,NA,NA,9.83,NA
1879-06-08 21:00:00,NA,NA,315,NA,NA,NA,NA,NA,NA,NA,NA,NA,NA,NA,0,NA
1879-06-09,NA,NA,NA,NA,NA,NA,NA,NA,NA,NA,NA,11.94,25.94,62.78,NA,",ra,"
1879-06-09 09:00:00,19.44,225,225,15.37,NA,978.9,1.27,NA,16.39,NA,20,NA,NA,NA,7.15,",bkn"
1879-06-09 15:00:00,NA,NA,NA,NA,NA,NA,NA,NA,14.11,NA,14.17,NA,NA,NA,NA,",ra"
1879-06-09 21:00:00,20,NA,180,15.75,NA,975.04,NA,NA,14.17,NA,14.17,NA,NA,NA,27,NA
1879-06-10,NA,NA,NA,NA,NA,NA,NA,NA,NA,NA,NA,11.39,21.83,54.44,NA,",ra,"
1879-06-10 09:00:00,17.22,315,315,10.94,NA,975.42,40.39,NA,11.78,NA,15.56,NA,NA,NA,5.81,",ra"
1879-06-10 15:00:00,NA,NA,NA,NA,NA,NA,NA,NA,13.83,NA,14.22,NA,NA,NA,NA,",bkn"
1879-06-10 21:00:00,18.89,NA,0,14.12,NA,980.5,NA,NA,13.89,NA,14.22,NA,NA,NA,2,NA
1879-06-11,NA,NA,NA,NA,NA,NA,NA,NA,NA,NA,NA,10.83,24.33,56.39,NA,NA
1879-06-11 09:00:00,17.78,270,180,18.35,NA,986.73,NA,NA,17.33,NA,18.56,NA,NA,NA,0.89,",skc"
1879-06-11 15:00:00,NA,NA,NA,NA,NA,NA,NA,NA,14.94,NA,15,NA,NA,NA,NA,",bkn"
1879-06-11 21:00:00,18.33,270,0,19.51,NA,990.55,NA,NA,15,NA,15,NA,NA,NA,40,NA
1879-06-12,NA,NA,NA,NA,NA,NA,NA,NA,NA,NA,NA,13.61,25.94,59.44,NA,",ra,"
1879-06-12 09:00:00,19.44,270,90,20.96,NA,993.8,1.27,NA,19.72,NA,21.39,NA,NA,NA,4.2,",bkn"
1879-06-12 15:00:00,NA,NA,NA,NA,NA,NA,NA,NA,18.28,NA,19.67,NA,NA,NA,NA,",bkn,bkn"
1879-06-12 21:00:00,21.11,180,90,17.74,NA,991.84,NA,NA,18.33,NA,19.72,NA,NA,NA,27,NA
1879-06-13,NA,NA,NA,NA,NA,NA,NA,NA,NA,NA,NA,16.06,21.56,31.11,NA,",ra,"
1879-06-13 09:00:00,20.56,180,90,20.56,NA,988.52,25.91,NA,18.72,NA,19.44,NA,NA,NA,5.81,",ra"
1879-06-13 15:00:00,NA,NA,NA,NA,NA,NA,NA,NA,16.06,NA,16.33,NA,NA,NA,NA,",ra"
1879-06-13 21:00:00,18.33,90,45,15.48,NA,982.22,NA,NA,16.11,NA,16.33,NA,NA,NA,13,NA
1879-06-14,NA,NA,NA,NA,NA,NA,NA,NA,NA,NA,NA,12.22,15.94,24.44,NA,",ra,"
1879-06-14 09:00:00,17.78,45,45,16.9,NA,975.01,43.18,NA,15.28,NA,15.28,NA,NA,NA,5.36,",ra,ra"
1879-06-14 15:00:00,NA,NA,NA,NA,NA,NA,NA,NA,14,NA,14.44,NA,NA,NA,NA,",bkn"
1879-06-14 21:00:00,17.22,45,45,NA,NA,979.68,NA,NA,14.06,NA,14.44,NA,NA,NA,34,NA
1879-06-15,NA,NA,NA,NA,NA,NA,NA,NA,NA,NA,NA,14.94,25.67,59.44,NA,NA
1879-06-15 09:00:00,NA,NA,315,NA,NA,NA,NA,NA,NA,NA,NA,NA,NA,NA,2.68,NA
1879-06-15 21:00:00,NA,NA,45,NA,NA,NA,NA,NA,NA,NA,NA,NA,NA,NA,2,NA
1879-06-16,NA,NA,NA,NA,NA,NA,NA,NA,NA,NA,NA,13.61,27.33,59.17,NA,",ra,"
1879-06-16 09:00:00,19.44,NA,180,18.49,NA,992.11,NA,NA,18.89,NA,22.22,NA,NA,NA,4.47,",skc,skc"
1879-06-16 15:00:00,NA,NA,NA,NA,NA,NA,NA,NA,18.67,NA,19.78,NA,NA,NA,NA,",skc,skc"
1879-06-16 21:00:00,21.11,NA,90,20.22,NA,993.6,NA,NA,18.72,NA,19.83,NA,NA,NA,45,NA
1879-06-17,NA,NA,NA,NA,NA,NA,NA,NA,NA,NA,NA,13.89,25.94,58.33,NA,",ra,"
1879-06-17 09:00:00,19.44,NA,180,16.97,NA,998,NA,NA,18.33,NA,22.78,NA,NA,NA,7.15,",skc,skc"
1879-06-17 15:00:00,NA,NA,NA,NA,NA,NA,NA,NA,17.39,NA,19.39,NA,NA,NA,NA,",bkn"
1879-06-17 21:00:00,20.56,NA,180,17.85,NA,997.46,NA,NA,17.44,NA,19.39,NA,NA,NA,20,NA
1879-06-18,NA,NA,NA,NA,NA,NA,NA,NA,NA,NA,NA,13.17,23.78,59.17,NA,",ts,"
1879-06-18 09:00:00,19.44,NA,135,16.39,NA,996.44,NA,NA,17.22,NA,20.56,NA,NA,NA,13.41,",bkn"
1879-06-18 15:00:00,NA,NA,NA,NA,NA,NA,NA,NA,17.72,NA,19.39,NA,NA,NA,NA,",ovc"
1879-06-18 21:00:00,20,NA,135,18.56,NA,991.64,NA,NA,17.78,NA,19.44,NA,NA,NA,16,NA
1879-06-19,NA,NA,NA,NA,NA,NA,NA,NA,NA,NA,NA,15.56,23.22,52.78,NA,",ra,"
1879-06-19 09:00:00,20,180,135,18.05,NA,986.62,6.6,NA,18.06,NA,20.56,NA,NA,NA,14.3,",ra"
1879-06-19 15:00:00,NA,NA,NA,NA,NA,NA,NA,NA,17.94,NA,18.72,NA,NA,NA,NA,",bkn"
1879-06-19 21:00:00,20.56,225,135,19.64,NA,980.19,NA,NA,18,NA,18.72,NA,NA,NA,34,NA
1879-06-20,NA,NA,NA,NA,NA,NA,NA,NA,NA,NA,NA,10.56,21,61.94,NA,",ra,"
1879-06-20 09:00:00,19.44,NA,270,15.85,NA,978.87,2.03,NA,16.11,NA,18.5,NA,NA,NA,6.26,",bkn"
1879-06-20 15:00:00,NA,NA,NA,NA,NA,NA,NA,NA,13.28,NA,13.33,NA,NA,NA,NA,",skc"
1879-06-20 21:00:00,17.78,0,315,14.09,NA,982.49,NA,NA,12.78,NA,13.33,NA,NA,NA,40,NA
1879-06-21,NA,NA,NA,NA,NA,NA,NA,NA,NA,NA,NA,10.56,18.44,58.33,NA,",ra,"
1879-06-21 09:00:00,17.78,270,0,13.55,NA,986.86,0.51,NA,13.89,NA,16.5,NA,NA,NA,3.31,",bkn,bkn"
1879-06-21 15:00:00,NA,NA,NA,NA,NA,NA,NA,NA,11.61,NA,13.89,NA,NA,NA,NA,",ovc"
1879-06-21 21:00:00,15.56,225,90,11.82,NA,986.49,NA,NA,11.67,NA,13.89,NA,NA,NA,17,NA
1879-06-22,NA,NA,NA,NA,NA,NA,NA,NA,NA,NA,NA,10,25,60,NA,",ra,"
1879-06-22 09:00:00,NA,NA,135,NA,NA,NA,20.32,NA,NA,NA,NA,NA,NA,NA,8.49,NA
1879-06-22 21:00:00,NA,NA,0,NA,NA,NA,NA,NA,NA,NA,NA,NA,NA,NA,11,NA
1879-06-23,NA,NA,NA,NA,NA,NA,NA,NA,NA,NA,NA,10.56,19.61,52.5,NA,",ra,"
1879-06-23 09:00:00,17.22,225,0,16.22,NA,978.56,22.1,NA,14.44,NA,14.44,NA,NA,NA,5.81,",ovc"
1879-06-23 15:00:00,NA,NA,NA,NA,NA,NA,NA,NA,14.28,NA,14.89,NA,NA,NA,NA,",ra"
1879-06-23 21:00:00,18.33,45,0,15.75,NA,982.9,NA,NA,14.33,NA,14.72,NA,NA,NA,15,NA
1879-06-24,NA,NA,NA,NA,NA,NA,NA,NA,NA,NA,NA,11.67,16.5,17.5,NA,",ra,"
1879-06-24 09:00:00,17.22,90,90,16.53,NA,980.94,2.29,NA,15.11,NA,15.56,NA,NA,NA,7.15,",ovc"
1879-06-24 15:00:00,NA,NA,NA,NA,NA,NA,NA,NA,12.78,NA,13.33,NA,NA,NA,NA,",skc"
1879-06-24 21:00:00,17.78,270,225,14.19,NA,982.56,NA,NA,12.83,NA,13.33,NA,NA,NA,2,NA
1879-06-25,NA,NA,NA,NA,NA,NA,NA,NA,NA,NA,NA,10.56,21.72,57.89,NA,",ra,"
1879-06-25 09:00:00,16.67,270,225,13.48,NA,983.58,1.52,NA,14.17,NA,17.22,NA,NA,NA,13.41,",skc,skc"
1879-06-25 15:00:00,NA,NA,NA,NA,NA,NA,NA,NA,15.78,NA,17.22,NA,NA,NA,NA,",bkn,bkn"
1879-06-25 21:00:00,18.33,270,135,16.49,NA,984.39,NA,NA,15.83,NA,17.22,NA,NA,NA,45,NA
1879-06-26,NA,NA,NA,NA,NA,NA,NA,NA,NA,NA,NA,11.11,18.17,55.56,NA,NA
1879-06-26 09:00:00,16.67,225,270,11.18,NA,982.29,NA,NA,11.94,NA,15.56,NA,NA,NA,4.02,",skc"
1879-06-26 15:00:00,NA,NA,NA,NA,NA,NA,NA,NA,12.17,NA,13.33,NA,NA,NA,NA,",skc"
1879-06-26 21:00:00,17.78,315,270,13.14,NA,982.76,NA,NA,12.22,NA,13.33,NA,NA,NA,40,NA
1879-06-27,NA,NA,NA,NA,NA,NA,NA,NA,NA,NA,NA,11.28,20.61,51.89,NA,NA
1879-06-27 09:00:00,16.67,315,315,14.09,NA,985.41,NA,NA,14.28,NA,16.67,NA,NA,NA,1.83,",bkn"
1879-06-27 15:00:00,NA,NA,NA,NA,NA,NA,NA,NA,12.17,NA,13.33,NA,NA,NA,NA,",skc"
1879-06-27 21:00:00,17.22,NA,0,13.44,NA,987.57,NA,NA,12.22,NA,13.5,NA,NA,NA,11,NA
1879-06-28,NA,NA,NA,NA,NA,NA,NA,NA,NA,NA,NA,9.72,24.44,59.44,NA,NA
1879-06-28 09:00:00,17.22,0,135,14.53,NA,988.11,NA,NA,15.39,NA,18.61,NA,NA,NA,4.6,",skc,skc"
1879-06-28 15:00:00,NA,NA,NA,NA,NA,NA,NA,NA,16,NA,17.44,NA,NA,NA,NA,",skc,skc"
1879-06-28 21:00:00,18.89,NA,135,16.76,NA,985.81,NA,NA,16.06,NA,17.44,NA,NA,NA,45,NA
1879-06-29,NA,NA,NA,NA,NA,NA,NA,NA,NA,NA,NA,13.89,28.17,61.11,NA,",ts,"
1879-06-29 09:00:00,NA,NA,135,NA,NA,NA,NA,NA,NA,NA,NA,NA,NA,NA,8.94,NA
1879-06-29 21:00:00,NA,NA,135,NA,NA,NA,NA,NA,NA,NA,NA,NA,NA,NA,22,NA
1879-06-30,NA,NA,NA,NA,NA,NA,NA,NA,NA,NA,NA,17.44,26.22,55.28,NA,",ra,"
1879-06-30 09:00:00,21.11,270,135,19.78,NA,978.8,46.99,NA,17.89,NA,18.33,NA,NA,NA,8.94,",ra"
1879-06-30 15:00:00,NA,NA,NA,NA,NA,NA,NA,NA,18.28,NA,20.5,NA,NA,NA,NA,",bkn"
1879-06-30 21:00:00,23.89,180,90,18.66,NA,977.04,NA,NA,18.33,NA,20.56,NA,NA,NA,40,NA
1879-07-01,NA,NA,NA,NA,NA,NA,NA,NA,NA,NA,NA,14.39,23.22,55.28,NA,",ra,"
1879-07-01 09:00:00,20.56,NA,315,15.81,NA,979.21,17.53,NA,14.83,NA,15.83,NA,NA,NA,5.59,",ra"
1879-07-01 15:00:00,NA,NA,NA,NA,NA,NA,NA,NA,14.39,NA,16.11,NA,NA,NA,NA,",skc"
1879-07-01 21:00:00,18.89,NA,180,15.54,NA,984.69,NA,NA,14.44,NA,16.11,NA,NA,NA,18,NA
1879-07-02,NA,NA,NA,NA,NA,NA,NA,NA,NA,NA,NA,13.83,24.06,58.89,NA,",du,"
1879-07-02 09:00:00,18.89,NA,225,15.75,NA,987,NA,NA,16.39,NA,19.72,NA,NA,NA,4.2,",bkn"
1879-07-02 15:00:00,NA,NA,NA,NA,NA,NA,NA,NA,16.61,NA,17.89,NA,NA,NA,NA,",skc"
1879-07-02 21:00:00,20.56,NA,NA,17.71,NA,986.86,NA,NA,16.67,NA,17.89,NA,NA,NA,0,NA
1879-07-03,NA,NA,NA,NA,NA,NA,NA,NA,NA,NA,NA,12.78,24.89,62.28,NA,",ra,"
1879-07-03 09:00:00,19.44,225,270,17.61,NA,985.78,2.03,NA,17.5,NA,20.17,NA,NA,NA,0.58,",bkn"
1879-07-03 15:00:00,NA,NA,NA,NA,NA,NA,NA,NA,15.78,NA,16.89,NA,NA,NA,NA,",skc"
1879-07-03 21:00:00,20,0,0,16.9,NA,989.84,NA,NA,15.83,NA,16.89,NA,NA,NA,11,NA
1879-07-04,NA,NA,NA,NA,NA,NA,NA,NA,NA,NA,NA,11.28,22.39,60.28,NA,NA
1879-07-04 09:00:00,17.78,0,315,14.73,NA,994.99,NA,NA,15.22,NA,18.06,NA,NA,NA,4.02,",ovc"
1879-07-04 15:00:00,NA,NA,NA,NA,NA,NA,NA,NA,12.72,NA,13.89,NA,NA,NA,NA,",skc"
1879-07-04 21:00:00,18.89,NA,0,13.68,NA,995.33,NA,NA,12.78,NA,13.89,NA,NA,NA,11,NA
1879-07-05,NA,NA,NA,NA,NA,NA,NA,NA,NA,NA,NA,11.11,29.11,57.22,NA,",lt,"
1879-07-05 09:00:00,18.33,270,90,13.41,NA,992.21,NA,NA,15.56,NA,20.56,NA,NA,NA,6.93,",bkn"
1879-07-05 15:00:00,NA,NA,NA,NA,NA,NA,NA,NA,21.06,NA,23.28,NA,NA,NA,NA,",bkn"
1879-07-05 21:00:00,23.89,180,135,20.08,NA,984.97,NA,NA,21.11,NA,23.33,NA,NA,NA,13,NA
1879-07-06,NA,NA,NA,NA,NA,NA,NA,NA,NA,NA,NA,16.33,27.06,61.67,NA,",ra,"
1879-07-06 09:00:00,NA,NA,180,NA,NA,NA,13.46,NA,NA,NA,NA,NA,NA,NA,5.59,NA
1879-07-06 21:00:00,NA,NA,90,NA,NA,NA,NA,NA,NA,NA,NA,NA,NA,NA,15,NA
1879-07-07,NA,NA,NA,NA,NA,NA,NA,NA,NA,NA,NA,15.67,22.83,55.83,NA,",ra,"
1879-07-07 09:00:00,20.56,0,270,14.12,NA,974.2,NA,NA,15,NA,18.33,NA,NA,NA,12.07,",skc,skc"
1879-07-07 15:00:00,NA,NA,NA,NA,NA,NA,NA,NA,16.06,NA,17.78,NA,NA,NA,NA,",skc,skc"
1879-07-07 21:00:00,21.11,NA,225,16.73,NA,979.51,NA,NA,16.11,NA,17.78,NA,NA,NA,20,NA
1879-07-08,NA,NA,NA,NA,NA,NA,NA,NA,NA,NA,NA,14.11,28.17,58.83,NA,",du,"
1879-07-08 09:00:00,20,NA,225,18.76,NA,983.27,NA,NA,19.17,NA,23.06,NA,NA,NA,4.69,",skc,skc"
1879-07-08 15:00:00,NA,NA,NA,NA,NA,NA,NA,NA,16.44,NA,17.61,NA,NA,NA,NA,",skc"
1879-07-08 21:00:00,21.67,225,45,17.61,NA,983.48,NA,NA,16.5,NA,17.61,NA,NA,NA,11,NA
1879-07-09,NA,NA,NA,NA,NA,NA,NA,NA,NA,NA,NA,14.94,28.72,62.22,NA,",du,"
1879-07-09 09:00:00,21.67,NA,135,18.83,NA,984.76,0,NA,19.72,NA,24.44,NA,NA,NA,0.22,",skc,skc"
1879-07-09 15:00:00,NA,NA,NA,NA,NA,NA,NA,NA,20.67,NA,20.94,NA,NA,NA,NA,",skc,skc"
1879-07-09 21:00:00,22.78,NA,270,23.91,NA,983.85,NA,NA,20.72,NA,21,NA,NA,NA,0,NA
1879-07-10,NA,NA,NA,NA,NA,NA,NA,NA,NA,NA,NA,16.33,29.44,62.78,NA,",lt,"
1879-07-10 09:00:00,23.89,315,NA,20.18,NA,983.95,1.02,NA,21.22,NA,26.94,NA,NA,NA,0,",bkn"
1879-07-10 15:00:00,NA,NA,NA,NA,NA,NA,NA,NA,20.5,NA,21.72,NA,NA,NA,NA,",ovc"
1879-07-10 21:00:00,23.89,NA,90,22.89,NA,980.83,NA,NA,20.56,NA,21.78,NA,NA,NA,1,NA
1879-07-11,NA,NA,NA,NA,NA,NA,NA,NA,NA,NA,NA,17.72,29.56,61.11,NA,",lt,"
1879-07-11 09:00:00,22.78,90,45,20.93,NA,981.92,NA,NA,20.72,NA,24.67,NA,NA,NA,2.24,",skc"
1879-07-11 15:00:00,NA,NA,NA,NA,NA,NA,NA,NA,20.17,NA,21.22,NA,NA,NA,NA,",skc"
1879-07-11 21:00:00,24.44,NA,225,22.55,NA,982.39,NA,NA,20.22,NA,21.28,NA,NA,NA,11,NA
1879-07-12,NA,NA,NA,NA,NA,NA,NA,NA,NA,NA,NA,19.22,32.28,66.11,NA,",lt,"
1879-07-12 09:00:00,24.44,225,135,23.26,NA,981.85,NA,NA,23.5,NA,28.33,NA,NA,NA,5.36,",skc"
1879-07-12 15:00:00,NA,NA,NA,NA,NA,NA,NA,NA,23.28,NA,27.78,NA,NA,NA,NA,",skc,skc"
1879-07-12 21:00:00,26.67,NA,135,24.62,NA,979.68,NA,NA,23.33,NA,27.78,NA,NA,NA,45,NA
1879-07-13,NA,NA,NA,NA,NA,NA,NA,NA,NA,NA,NA,17.72,28.17,64.28,NA,",lt,"
1879-07-13 09:00:00,NA,NA,315,NA,NA,NA,3.05,NA,NA,NA,NA,NA,NA,NA,6.93,NA
1879-07-13 21:00:00,NA,NA,NA,NA,NA,NA,NA,NA,NA,NA,NA,NA,NA,NA,0,NA
1879-07-14,NA,NA,NA,NA,NA,NA,NA,NA,NA,NA,NA,13.72,25.39,59.44,NA,",au,"
1879-07-14 09:00:00,22.78,NA,225,14.8,NA,983.27,NA,NA,17.5,NA,23.06,NA,NA,NA,6.17,",skc"
1879-07-14 15:00:00,NA,NA,NA,NA,NA,NA,NA,NA,14.94,NA,17.78,NA,NA,NA,NA,",skc,skc"
1879-07-14 21:00:00,22.22,NA,225,16.25,NA,986.66,NA,NA,15,NA,17.78,NA,NA,NA,45,NA
1879-07-15,NA,NA,NA,NA,NA,NA,NA,NA,NA,NA,NA,12.17,22.44,57.67,NA,NA
1879-07-15 09:00:00,20,315,315,14.83,NA,992.28,NA,NA,16.11,NA,20.11,NA,NA,NA,7.6,",skc,skc"
1879-07-15 15:00:00,NA,NA,NA,NA,NA,NA,NA,NA,14.67,NA,16.11,NA,NA,NA,NA,",skc"
1879-07-15 21:00:00,21.11,NA,315,15.41,NA,993.91,NA,NA,14.72,NA,16.11,NA,NA,NA,27,NA
1879-07-16,NA,NA,NA,NA,NA,NA,NA,NA,NA,NA,NA,9.39,22.94,56.11,NA,NA
1879-07-16 09:00:00,18.89,NA,0,13.11,NA,997.09,NA,NA,14.44,NA,18.33,NA,NA,NA,4.47,",skc,skc"
1879-07-16 15:00:00,NA,NA,NA,NA,NA,NA,NA,NA,13.28,NA,14.44,NA,NA,NA,NA,",skc,skc"
1879-07-16 21:00:00,20,NA,0,14.22,NA,996.89,NA,NA,13.33,NA,14.44,NA,NA,NA,5,NA
1879-07-17,NA,NA,NA,NA,NA,NA,NA,NA,NA,NA,NA,11.39,25.5,63.06,NA,NA
1879-07-17 09:00:00,18.89,NA,90,14.16,NA,997.97,NA,NA,15,NA,18.22,NA,NA,NA,2.24,",skc,skc"
1879-07-17 15:00:00,NA,NA,NA,NA,NA,NA,NA,NA,17.72,NA,19.39,NA,NA,NA,NA,",ovc"
1879-07-17 21:00:00,21.11,225,135,18.56,NA,994.72,NA,NA,17.78,NA,19.44,NA,NA,NA,16,NA
1879-07-18,NA,NA,NA,NA,NA,NA,NA,NA,NA,NA,NA,16.89,26.06,56.56,NA,",ra,"
1879-07-18 09:00:00,20.56,NA,135,19.88,NA,991.26,3.3,NA,19.56,NA,22.78,NA,NA,NA,8.94,",bkn"
1879-07-18 15:00:00,NA,NA,NA,NA,NA,NA,NA,NA,18.83,NA,21.61,NA,NA,NA,NA,",bkn"
1879-07-18 21:00:00,22.78,NA,135,19.3,NA,984.63,NA,NA,18.89,NA,21.67,NA,NA,NA,18,NA
1879-07-19,NA,NA,NA,NA,NA,NA,NA,NA,NA,NA,NA,16.06,27.72,59.89,NA,",au,"
1879-07-19 09:00:00,22.78,270,135,23.37,NA,983.88,NA,NA,21.11,NA,22.78,NA,NA,NA,8.72,",ovc"
1879-07-19 15:00:00,NA,NA,NA,NA,NA,NA,NA,NA,17.83,NA,20.83,NA,NA,NA,NA,",skc"
1879-07-19 21:00:00,23.89,NA,270,17.81,NA,986.25,NA,NA,17.89,NA,20.89,NA,NA,NA,16,NA
1879-07-20,NA,NA,NA,NA,NA,NA,NA,NA,NA,NA,NA,14.94,23.78,61.11,NA,NA
1879-07-20 09:00:00,NA,NA,315,NA,NA,NA,NA,NA,NA,NA,NA,NA,NA,NA,4.02,NA
1879-07-20 21:00:00,NA,NA,0,NA,NA,NA,NA,NA,NA,NA,NA,NA,NA,NA,NA,NA
1879-07-21,NA,NA,NA,NA,NA,NA,NA,NA,NA,NA,NA,11.67,23.22,60.56,NA,",ra,"
1879-07-21 09:00:00,19.44,NA,NA,16.49,NA,992.82,NA,NA,15.61,NA,16.83,NA,NA,NA,NA,",ovc"
1879-07-21 15:00:00,NA,NA,NA,NA,NA,NA,NA,NA,14.94,NA,16.67,NA,NA,NA,NA,",ra"
1879-07-21 21:00:00,20.56,270,45,15.48,NA,989.37,NA,NA,15,NA,16.67,NA,NA,NA,NA,NA
1879-07-22,NA,NA,NA,NA,NA,NA,NA,NA,NA,NA,NA,11.67,22.94,55.56,NA,",ra,"
1879-07-22 09:00:00,18.89,135,0,16.56,NA,988.76,17.27,NA,15,NA,15.28,NA,NA,NA,6.26,",ra,ra"
1879-07-22 15:00:00,NA,NA,NA,NA,NA,NA,NA,NA,14.94,NA,15.56,NA,NA,NA,NA,",skc"
1879-07-22 21:00:00,20,NA,0,16.36,NA,992.89,NA,NA,15,NA,15.56,NA,NA,NA,2,NA
1879-07-23,NA,NA,NA,NA,NA,NA,NA,NA,NA,NA,NA,12.78,26.17,65,NA,NA
1879-07-23 09:00:00,19.44,NA,270,17.54,NA,994.79,NA,NA,17.89,NA,21.22,NA,NA,NA,0.89,",skc,skc"
1879-07-23 15:00:00,NA,NA,NA,NA,NA,NA,NA,NA,16.89,NA,18.06,NA,NA,NA,NA,",skc"
1879-07-23 21:00:00,21.11,270,180,18.15,NA,990.93,NA,NA,16.94,NA,18.06,NA,NA,NA,2,NA
1879-07-24,NA,NA,NA,NA,NA,NA,NA,NA,NA,NA,NA,11.67,26.22,49.44,NA,",ra,"
1879-07-24 09:00:00,18.89,135,135,13.38,NA,984.42,13.46,NA,11.78,NA,12.22,NA,NA,NA,16.09,",ra"
1879-07-24 15:00:00,NA,NA,NA,NA,NA,NA,NA,NA,14.83,NA,16.11,NA,NA,NA,NA,",skc"
1879-07-24 21:00:00,19.44,NA,225,15.71,NA,979.61,NA,NA,14.89,NA,16.11,NA,NA,NA,14,NA
1879-07-25,NA,NA,NA,NA,NA,NA,NA,NA,NA,NA,NA,11.56,23.89,55.28,NA,",sh,"
1879-07-25 09:00:00,18.33,NA,315,17.1,NA,978.33,3.81,NA,15.83,NA,16.67,NA,NA,NA,7.33,",ra"
1879-07-25 15:00:00,NA,NA,NA,NA,NA,NA,NA,NA,13.72,NA,14.44,NA,NA,NA,NA,",skc"
1879-07-25 21:00:00,18.89,NA,315,15,NA,982.53,NA,NA,13.78,NA,14.44,NA,NA,NA,27,NA
1879-07-26,NA,NA,NA,NA,NA,NA,NA,NA,NA,NA,NA,12.11,24.83,60,NA,",ra,"
1879-07-26 09:00:00,18.33,NA,225,17.51,NA,984.42,5.84,NA,17.22,NA,19.56,NA,NA,NA,4.02,",skc,skc"
1879-07-26 15:00:00,NA,NA,NA,NA,NA,NA,NA,NA,15.5,NA,18.33,NA,NA,NA,NA,",ra"
1879-07-26 21:00:00,20.56,NA,135,15.17,NA,983.27,NA,NA,15.56,NA,18.33,NA,NA,NA,12,NA
1879-07-27,NA,NA,NA,NA,NA,NA,NA,NA,NA,NA,NA,14.22,22.39,57.67,NA,",ra,"
1879-07-27 09:00:00,NA,NA,315,NA,NA,NA,NA,NA,NA,NA,NA,NA,NA,NA,1.34,NA
1879-07-27 21:00:00,NA,NA,0,NA,NA,NA,NA,NA,NA,NA,NA,NA,NA,NA,11,NA
1879-07-28,NA,NA,NA,NA,NA,NA,NA,NA,NA,NA,NA,9.72,22.39,57.33,NA,NA
1879-07-28 09:00:00,17.78,225,337.5,13.14,NA,988.62,NA,NA,13.61,NA,16.39,NA,NA,NA,7.15,",bkn"
1879-07-28 15:00:00,NA,NA,NA,NA,NA,NA,NA,NA,13.28,NA,13.89,NA,NA,NA,NA,",skc"
1879-07-28 21:00:00,18.33,NA,NA,17,NA,987,NA,NA,13.33,NA,13.89,NA,NA,NA,0,NA
1879-07-29,NA,NA,NA,NA,NA,NA,NA,NA,NA,NA,NA,10,28.17,57.39,NA,",ra,"
1879-07-29 09:00:00,18.33,NA,225,15.85,NA,987.2,0.76,NA,18.33,NA,24.44,NA,NA,NA,4.47,",skc,skc"
1879-07-29 15:00:00,NA,NA,NA,NA,NA,NA,NA,NA,19.39,NA,20.5,NA,NA,NA,NA,",skc,skc"
1879-07-29 21:00:00,21.67,NA,NA,21.44,NA,988.62,NA,NA,19.44,NA,20.56,NA,NA,NA,5,NA
1879-07-30,NA,NA,NA,NA,NA,NA,NA,NA,NA,NA,NA,16.89,30.5,60.83,NA,",lt,"
1879-07-30 09:00:00,21.67,NA,NA,21.77,NA,984.83,NA,NA,21.22,NA,25,NA,NA,NA,5.14,",skc"
1879-07-30 15:00:00,NA,NA,NA,NA,NA,NA,NA,NA,22.17,NA,25,NA,NA,NA,NA,",skc,skc"
1879-07-30 21:00:00,25.56,270,180,24.14,NA,977.99,NA,NA,22.22,NA,25,NA,NA,NA,26,NA
1879-07-31,NA,NA,NA,NA,NA,NA,NA,NA,NA,NA,NA,15.22,22.94,54.17,NA,NA
1879-07-31 09:00:00,20,315,315,15.54,NA,986.86,NA,NA,15.28,NA,17.22,NA,NA,NA,6.44,",ovc"
1879-07-31 15:00:00,NA,NA,NA,NA,NA,NA,NA,NA,15.06,NA,15.83,NA,NA,NA,NA,",bkn"
1879-07-31 21:00:00,20.56,270,0,16.36,NA,985.71,NA,NA,15.11,NA,15.83,NA,NA,NA,11,NA
1879-08-01,NA,NA,NA,NA,NA,NA,NA,NA,NA,NA,NA,10.67,23.39,56.11,NA,",ra,"
1879-08-01 09:00:00,19.44,225,180,17.91,NA,982.39,2.79,NA,16.83,NA,18.06,NA,NA,NA,8.94,",ovc"
1879-08-01 15:00:00,NA,NA,NA,NA,NA,NA,NA,NA,10.94,NA,13.89,NA,NA,NA,NA,",skc"
1879-08-01 21:00:00,18.89,NA,270,10.63,NA,984.15,NA,NA,11,NA,13.89,NA,NA,NA,27,NA
1879-08-02,NA,NA,NA,NA,NA,NA,NA,NA,NA,NA,NA,8.89,22.39,53.61,NA,",lt,"
1879-08-02 09:00:00,17.22,NA,270,11.65,NA,990.11,0,NA,12.39,NA,16.11,NA,NA,NA,6.26,",skc,skc"
1879-08-02 15:00:00,NA,NA,NA,NA,NA,NA,NA,NA,15.28,NA,18.83,NA,NA,NA,NA,",skc"
1879-08-02 21:00:00,19.44,NA,225,14.36,NA,990.04,NA,NA,15.33,NA,18.83,NA,NA,NA,11,NA
1879-08-03,NA,NA,NA,NA,NA,NA,NA,NA,NA,NA,NA,10.33,26.67,59.72,NA,",au,"
1879-08-03 09:00:00,20,NA,225,NA,NA,NA,0,NA,NA,NA,NA,NA,NA,NA,1.79,NA
1879-08-03 15:00:00,NA,NA,NA,NA,NA,NA,NA,NA,NA,NA,NA,NA,NA,NA,NA,NA
1879-08-03 21:00:00,NA,NA,0,NA,NA,NA,NA,NA,NA,NA,NA,NA,NA,NA,16,NA
1879-08-04,NA,NA,NA,NA,NA,NA,NA,NA,NA,NA,NA,12.06,26.5,58.33,NA,",lt,"
1879-08-04 09:00:00,20,NA,270,16.39,NA,987.81,0,NA,17.06,NA,20.56,NA,NA,NA,1.79,",skc,skc"
1879-08-04 15:00:00,NA,NA,NA,NA,NA,NA,NA,NA,15.22,NA,18.33,NA,NA,NA,NA,",skc,skc"
1879-08-04 21:00:00,21.67,NA,225,14.66,NA,988.49,NA,NA,15.28,NA,18.83,NA,NA,NA,45,NA
1879-08-05,NA,NA,NA,NA,NA,NA,NA,NA,NA,NA,NA,11.5,27.22,60,NA,",ra,"
1879-08-05 09:00:00,20.56,NA,315,18.12,NA,986.69,0.25,NA,18.33,NA,21.67,NA,NA,NA,2.46,",skc,skc"
1879-08-05 15:00:00,NA,NA,NA,NA,NA,NA,NA,NA,15.67,NA,18.17,NA,NA,NA,NA,",skc"
1879-08-05 21:00:00,21.11,NA,90,15.65,NA,984.29,NA,NA,15.72,NA,18.17,NA,NA,NA,12,NA
1879-08-06,NA,NA,NA,NA,NA,NA,NA,NA,NA,NA,NA,8.89,18.17,54.44,NA,NA
1879-08-06 09:00:00,18.89,0,315,12.7,NA,987.34,0,NA,13.5,NA,16.67,NA,NA,NA,9.16,",bkn"
1879-08-06 15:00:00,NA,NA,NA,NA,NA,NA,NA,NA,10.28,NA,11.22,NA,NA,NA,NA,",bkn"
1879-08-06 21:00:00,17.22,NA,315,11.65,NA,993.23,NA,NA,10.33,NA,11.22,NA,NA,NA,27,NA
1879-08-07,NA,NA,NA,NA,NA,NA,NA,NA,NA,NA,NA,7.78,21.56,56.67,NA,NA
1879-08-07 09:00:00,17.22,315,315,13.41,NA,994.72,0,NA,13.67,NA,16.17,NA,NA,NA,6.26,",bkn"
1879-08-07 15:00:00,NA,NA,NA,NA,NA,NA,NA,NA,13.39,NA,14.83,NA,NA,NA,NA,",skc"
1879-08-07 21:00:00,18.89,NA,315,14.12,NA,995.26,NA,NA,13.44,NA,14.83,NA,NA,NA,16,NA
1879-08-08,NA,NA,NA,NA,NA,NA,NA,NA,NA,NA,NA,7.78,24.33,61.39,NA,NA
1879-08-08 09:00:00,17.22,NA,0,14.16,NA,995.19,0,NA,16.11,NA,20.94,NA,NA,NA,1.7,",skc,skc"
1879-08-08 15:00:00,NA,NA,NA,NA,NA,NA,NA,NA,15.33,NA,16.28,NA,NA,NA,NA,",bkn"
1879-08-08 21:00:00,20,NA,225,16.53,NA,994.68,NA,NA,15.39,NA,16.28,NA,NA,NA,20,NA
1879-08-09,NA,NA,NA,NA,NA,NA,NA,NA,NA,NA,NA,11.39,29.83,61.67,NA,",au,"
1879-08-09 09:00:00,19.44,NA,180,17.91,NA,991.2,0,NA,18.33,NA,21.78,NA,NA,NA,1.79,",skc"
1879-08-09 15:00:00,NA,NA,NA,NA,NA,NA,NA,NA,18.06,NA,18.44,NA,NA,NA,NA,",skc,skc"
1879-08-09 21:00:00,23.89,NA,NA,20.18,NA,990.25,NA,NA,18.11,NA,18.44,NA,NA,NA,0,NA
1879-08-10,NA,NA,NA,NA,NA,NA,NA,NA,NA,NA,NA,15.5,27.61,NA,NA,",ra,"
1879-08-10 09:00:00,NA,NA,135,NA,NA,NA,8.38,NA,NA,NA,NA,NA,NA,NA,0.45,NA
1879-08-10 15:00:00,NA,NA,NA,NA,NA,NA,NA,NA,NA,NA,NA,NA,NA,NA,NA,NA
1879-08-10 21:00:00,NA,NA,0,NA,NA,NA,NA,NA,NA,NA,NA,NA,NA,NA,45,NA
1879-08-11,NA,NA,NA,NA,NA,NA,NA,NA,NA,NA,NA,12.78,17.61,31.94,NA,",ra,"
1879-08-11 09:00:00,20,315,0,15.65,NA,988.22,5.59,NA,14.56,NA,15.44,NA,NA,NA,3.58,",ovc,ovc"
1879-08-11 15:00:00,NA,NA,NA,NA,NA,NA,NA,NA,13.28,NA,13.33,NA,NA,NA,NA,",ra,ra"
1879-08-11 21:00:00,20,NA,315,15.1,NA,989.1,NA,NA,13.33,NA,13.33,NA,NA,NA,19,NA
1879-08-12,NA,NA,NA,NA,NA,NA,NA,NA,NA,NA,NA,12.22,19.33,31.67,NA,",br,"
1879-08-12 09:00:00,18.89,0,315,12.53,NA,988.22,0,NA,13.44,NA,16.78,NA,NA,NA,7.15,",ovc,ovc"
1879-08-12 15:00:00,NA,NA,NA,NA,NA,NA,NA,NA,14.78,NA,15,NA,NA,NA,NA,",ovc,ovc"
1879-08-12 21:00:00,18.33,NA,315,16.49,NA,987.74,NA,NA,14.83,NA,15,NA,NA,NA,11,NA
1879-08-13,NA,NA,NA,NA,NA,NA,NA,NA,NA,NA,NA,12.22,20.94,58.89,NA,",br,"
1879-08-13 09:00:00,18.89,315,315,16.42,NA,987.47,0,NA,15,NA,15.44,NA,NA,NA,4.47,",ovc,ovc"
1879-08-13 15:00:00,NA,NA,NA,NA,NA,NA,NA,NA,13.28,NA,13.5,NA,NA,NA,NA,",skc"
1879-08-13 21:00:00,18.89,0,270,14.97,NA,988.08,NA,NA,13.33,NA,13.5,NA,NA,NA,5,NA
1879-08-14,NA,NA,NA,NA,NA,NA,NA,NA,NA,NA,NA,12.78,23.78,59.44,NA,",ra,"
1879-08-14 09:00:00,18.89,45,315,16.39,NA,989.6,0,NA,16.61,NA,19.44,NA,NA,NA,2.68,",ovc"
1879-08-14 15:00:00,NA,NA,NA,NA,NA,NA,NA,NA,14.94,NA,15.56,NA,NA,NA,NA,",skc"
1879-08-14 21:00:00,19.44,180,0,16.36,NA,993.43,NA,NA,15,NA,15.56,NA,NA,NA,5,NA
1879-08-15,NA,NA,NA,NA,NA,NA,NA,NA,NA,NA,NA,9.44,24.33,57.78,NA,",br,"
1879-08-15 09:00:00,18.33,0,90,17.85,NA,996.55,0,NA,16,NA,16.11,NA,NA,NA,1.43,",ovc"
1879-08-15 15:00:00,NA,NA,NA,NA,NA,NA,NA,NA,14.5,NA,15.39,NA,NA,NA,NA,",skc,skc"
1879-08-15 21:00:00,19.44,NA,135,15.68,NA,994.79,NA,NA,14.56,NA,15.39,NA,NA,NA,0,NA
1879-08-16,NA,NA,NA,NA,NA,NA,NA,NA,NA,NA,NA,11.11,26.5,60.56,NA,",br,"
1879-08-16 09:00:00,18.33,NA,180,22.93,NA,991.67,0,NA,20.11,NA,20.56,NA,NA,NA,4.25,",skc,skc"
1879-08-16 15:00:00,NA,NA,NA,NA,NA,NA,NA,NA,16.22,NA,17.78,NA,NA,NA,NA,",skc,skc"
1879-08-16 21:00:00,21.11,NA,180,17.07,NA,987.74,NA,NA,16.28,NA,17.78,NA,NA,NA,45,NA
1879-08-17,NA,NA,NA,NA,NA,NA,NA,NA,NA,NA,NA,11.83,27.33,58.06,NA,",ra,"
1879-08-17 09:00:00,NA,NA,135,NA,NA,NA,0,NA,NA,NA,NA,NA,NA,NA,6.26,NA
1879-08-17 15:00:00,NA,NA,NA,NA,NA,NA,NA,NA,NA,NA,NA,NA,NA,NA,NA,NA
1879-08-17 21:00:00,NA,NA,90,NA,NA,NA,NA,NA,NA,NA,NA,NA,NA,NA,21,NA
1879-08-18,NA,NA,NA,NA,NA,NA,NA,NA,NA,NA,NA,14.39,22.89,57.22,NA,",ra,"
1879-08-18 09:00:00,20,225,135,19.03,NA,980.02,14.48,NA,17.5,NA,18.33,NA,NA,NA,7.6,",ra"
1879-08-18 15:00:00,NA,NA,NA,NA,NA,NA,NA,NA,15.44,NA,15.83,NA,NA,NA,NA,",bkn"
1879-08-18 21:00:00,19.44,NA,270,17.1,NA,982.12,NA,NA,15.5,NA,15.83,NA,NA,NA,2,NA
1879-08-19,NA,NA,NA,NA,NA,NA,NA,NA,NA,NA,NA,11.67,22.33,57.78,NA,",br,"
1879-08-19 09:00:00,20,45,180,17.37,NA,978.6,0,NA,16.78,NA,18.61,NA,NA,NA,12.07,",bkn"
1879-08-19 15:00:00,NA,NA,NA,NA,NA,NA,NA,NA,13.39,NA,13.89,NA,NA,NA,NA,",skc"
1879-08-19 21:00:00,19.44,NA,270,14.43,NA,983.88,NA,NA,13.44,NA,13.89,NA,NA,NA,5,NA
1879-08-20,NA,NA,NA,NA,NA,NA,NA,NA,NA,NA,NA,11.67,22.39,59.78,NA,NA
1879-08-20 09:00:00,18.33,NA,225,13.95,NA,982.32,0,NA,15.83,NA,20.56,NA,NA,NA,3.89,",skc,skc"
1879-08-20 15:00:00,NA,NA,NA,NA,NA,NA,NA,NA,14.22,NA,15.56,NA,NA,NA,NA,",skc,skc"
1879-08-20 21:00:00,19.44,NA,225,15.04,NA,984.86,NA,NA,14.28,NA,15.56,NA,NA,NA,11,NA
1879-08-21,NA,NA,NA,NA,NA,NA,NA,NA,NA,NA,NA,10.06,24.83,63.89,NA,",br,"
1879-08-21 09:00:00,19.44,NA,45,16.49,NA,983.68,0,NA,16.22,NA,18.33,NA,NA,NA,0.45,",bkn"
1879-08-21 15:00:00,NA,NA,NA,NA,NA,NA,NA,NA,14.94,NA,15.44,NA,NA,NA,NA,",skc"
1879-08-21 21:00:00,20,180,315,16.42,NA,984.8,NA,NA,15,NA,15.44,NA,NA,NA,16,NA
1879-08-22,NA,NA,NA,NA,NA,NA,NA,NA,NA,NA,NA,12.33,21.56,60,NA,",ts,"
1879-08-22 09:00:00,19.44,0,0,15.51,NA,985.71,0,NA,15.83,NA,18.61,NA,NA,NA,2.91,",skc,skc"
1879-08-22 15:00:00,NA,NA,NA,NA,NA,NA,NA,NA,12.72,NA,13.89,NA,NA,NA,NA,",skc,skc"
1879-08-22 21:00:00,25.56,NA,0,13.82,NA,983.44,NA,NA,12.78,NA,13.89,NA,NA,NA,27,NA
1879-08-23,NA,NA,NA,NA,NA,NA,NA,NA,NA,NA,NA,11.67,19.89,59.17,NA,",ra,"
1879-08-23 09:00:00,17.22,315,90,13.07,NA,987.4,5.08,NA,12.11,NA,14.89,NA,NA,NA,5.59,",ra"
1879-08-23 15:00:00,NA,NA,NA,NA,NA,NA,NA,NA,14.39,NA,15.56,NA,NA,NA,NA,",ra"
1879-08-23 21:00:00,17.78,0,90,15.31,NA,987.95,NA,NA,14.44,NA,15.56,NA,NA,NA,16,NA
1879-08-24,NA,NA,NA,NA,NA,NA,NA,NA,NA,NA,NA,14.39,19.33,46.11,NA,",ra,"
1879-08-24 09:00:00,NA,NA,135,NA,NA,NA,10.92,NA,NA,NA,NA,NA,NA,NA,7.15,NA
1879-08-24 15:00:00,NA,NA,NA,NA,NA,NA,NA,NA,NA,NA,NA,NA,NA,NA,NA,NA
1879-08-24 21:00:00,NA,NA,135,NA,NA,NA,NA,NA,NA,NA,NA,NA,NA,NA,23,NA
1879-08-25,NA,NA,NA,NA,NA,NA,NA,NA,NA,NA,NA,13.33,21,56.67,NA,",br,"
1879-08-25 09:00:00,18.89,NA,270,18.49,NA,987.95,0,NA,17.22,NA,18.33,NA,NA,NA,2.24,",skc"
1879-08-25 15:00:00,NA,NA,NA,NA,NA,NA,NA,NA,14.28,NA,15.94,NA,NA,NA,NA,",skc,skc"
1879-08-25 21:00:00,20,NA,180,14.83,NA,986.52,NA,NA,14.33,NA,15.94,NA,NA,NA,11,NA
1879-08-26,NA,NA,NA,NA,NA,NA,NA,NA,NA,NA,NA,12.22,22.89,55.56,NA,NA
1879-08-26 09:00:00,18.33,NA,180,9.58,NA,985.57,0,NA,12.22,NA,17.78,NA,NA,NA,3.13,",skc,skc"
1879-08-26 15:00:00,NA,NA,NA,NA,NA,NA,NA,NA,14.22,NA,14.28,NA,NA,NA,NA,",skc,skc"
1879-08-26 21:00:00,19.44,NA,270,16.09,NA,986.39,NA,NA,14.28,NA,14.28,NA,NA,NA,11,NA
1879-08-27,NA,NA,NA,NA,NA,NA,NA,NA,NA,NA,NA,12.78,23.78,55.56,NA,",br,"
1879-08-27 09:00:00,17.78,NA,225,16.36,NA,993.09,0,NA,15.83,NA,17.56,NA,NA,NA,2.24,",skc,skc"
1879-08-27 15:00:00,NA,NA,NA,NA,NA,NA,NA,NA,14.39,NA,15.56,NA,NA,NA,NA,",skc,skc"
1879-08-27 21:00:00,18.89,NA,315,15.34,NA,986.59,NA,NA,14.44,NA,15.56,NA,NA,NA,5,NA
1879-08-28,NA,NA,NA,NA,NA,NA,NA,NA,NA,NA,NA,12.78,24.5,54.44,NA,",br,"
1879-08-28 09:00:00,17.78,0,45,15.41,NA,986.25,0,NA,16.11,NA,19.44,NA,NA,NA,11.18,",bkn,bkn"
1879-08-28 15:00:00,NA,NA,NA,NA,NA,NA,NA,NA,17.83,NA,20.72,NA,NA,NA,NA,",bkn"
1879-08-28 21:00:00,21.67,NA,NA,17.95,NA,979.61,NA,NA,17.89,NA,20.78,NA,NA,NA,0,NA
1879-08-29,NA,NA,NA,NA,NA,NA,NA,NA,NA,NA,NA,16.33,31.5,NA,NA,",br,"
1879-08-29 09:00:00,22.22,NA,NA,22.35,NA,977.58,0,NA,20.28,NA,22.22,NA,NA,NA,0,",skc"
1879-08-29 15:00:00,NA,NA,NA,NA,NA,NA,NA,NA,19.94,NA,20.72,NA,NA,NA,NA,",ovc"
1879-08-29 21:00:00,23.33,225,225,22.52,NA,984.83,NA,NA,20,NA,20.78,NA,NA,NA,15,NA
1879-08-30,NA,NA,NA,NA,NA,NA,NA,NA,NA,NA,NA,14.94,23.78,57.78,NA,NA
1879-08-30 09:00:00,21.11,225,180,17.61,NA,984.76,0,NA,18.33,NA,22.22,NA,NA,NA,8.05,",skc"
1879-08-30 15:00:00,NA,NA,NA,NA,NA,NA,NA,NA,15.11,NA,16.67,NA,NA,NA,NA,",bkn"
1879-08-30 21:00:00,20.56,225,225,15.81,NA,986.25,NA,NA,15.17,NA,16.67,NA,NA,NA,34,NA
1879-08-31,NA,NA,NA,NA,NA,NA,NA,NA,NA,NA,NA,11.67,18.44,37.17,NA,NA
1879-08-31 09:00:00,NA,NA,270,NA,NA,NA,0.51,NA,NA,NA,NA,NA,NA,NA,6.71,NA
1879-08-31 15:00:00,NA,NA,NA,NA,NA,NA,NA,NA,NA,NA,NA,NA,NA,NA,NA,NA
1879-08-31 21:00:00,NA,NA,315,NA,NA,NA,NA,NA,NA,NA,NA,NA,NA,NA,20,NA
1879-09-01,NA,NA,NA,NA,NA,NA,NA,NA,NA,NA,NA,8.33,25.11,58.06,NA,",fg,"
1879-09-01 09:00:00,17.78,NA,135,15.95,NA,992.69,0,NA,15.56,NA,17.39,NA,NA,NA,2.68,",skc,skc"
1879-09-01 15:00:00,NA,NA,NA,NA,NA,NA,NA,NA,14.94,NA,16.22,NA,NA,NA,NA,",skc,skc"
1879-09-01 21:00:00,20,NA,135,15.81,NA,991.87,NA,NA,15,NA,16.22,NA,NA,NA,16,NA
1879-09-02,NA,NA,NA,NA,NA,NA,NA,NA,NA,NA,NA,9.89,23.78,55.56,NA,NA
1879-09-02 09:00:00,18.89,NA,135,16.36,NA,989.03,0,NA,16.39,NA,18.89,NA,NA,NA,8.94,",skc,skc"
1879-09-02 15:00:00,NA,NA,NA,NA,NA,NA,NA,NA,10.06,NA,11.39,NA,NA,NA,NA,",skc"
1879-09-02 21:00:00,17.78,NA,270,11.18,NA,994.35,NA,NA,10.11,NA,11.39,NA,NA,NA,27,NA
1879-09-03,NA,NA,NA,NA,NA,NA,0,0,NA,NA,NA,6.83,19.61,53.89,NA,NA
1879-09-03 09:00:00,16.11,315,315,11.04,NA,995.4,0,NA,11.78,NA,15,NA,NA,NA,10.28,",skc,skc"
1879-09-03 15:00:00,NA,NA,NA,NA,NA,NA,NA,NA,9.94,NA,11.39,NA,NA,NA,NA,",skc"
1879-09-03 21:00:00,16.11,NA,225,11.01,NA,993.23,NA,NA,10,NA,11.39,NA,NA,NA,27,NA
1879-09-04,NA,NA,NA,NA,NA,NA,NA,NA,NA,NA,NA,5.83,22.67,54.44,NA,",halo,"
1879-09-04 09:00:00,16.11,270,270,11.45,NA,991.2,0,NA,11.94,NA,15.56,NA,NA,NA,5.81,",skc,skc"
1879-09-04 15:00:00,NA,NA,NA,NA,NA,NA,NA,NA,13.28,NA,16.11,NA,NA,NA,NA,",ovc"
1879-09-04 21:00:00,17.78,NA,270,12.87,NA,987.61,NA,NA,13.33,NA,16.11,NA,NA,NA,12,NA
1879-09-05,NA,NA,NA,NA,NA,NA,NA,NA,NA,NA,NA,7.78,15.44,32.22,NA,",ra,"
1879-09-05 09:00:00,17.22,90,270,13.07,NA,982.26,6.6,NA,11.39,NA,11.67,NA,NA,NA,4.92,",ovc"
1879-09-05 15:00:00,NA,NA,NA,NA,NA,NA,NA,NA,4.39,NA,10,NA,NA,NA,NA,",skc"
1879-09-05 21:00:00,16.11,NA,315,3.89,NA,985.54,NA,NA,4.44,NA,10,NA,NA,NA,15,NA
1879-09-06,NA,NA,NA,NA,NA,NA,NA,NA,NA,NA,NA,5,14.61,52.78,NA,",ra,"
1879-09-06 09:00:00,14.44,315,315,9.01,NA,988.76,0,NA,9.17,NA,12.22,NA,NA,NA,9.39,",bkn"
1879-09-06 15:00:00,NA,NA,NA,NA,NA,NA,NA,NA,7.44,NA,8.33,NA,NA,NA,NA,",ovc"
1879-09-06 21:00:00,13.89,315,315,9.55,NA,990.32,NA,NA,7.5,NA,8.33,NA,NA,NA,17,NA
1879-09-07,NA,NA,NA,NA,NA,NA,NA,NA,NA,NA,NA,5,16.17,51.11,NA,NA
1879-09-07 09:00:00,NA,NA,315,NA,NA,NA,0,NA,NA,NA,NA,NA,NA,NA,7.15,NA
1879-09-07 15:00:00,NA,NA,NA,NA,NA,NA,NA,NA,NA,NA,NA,NA,NA,NA,NA,NA
1879-09-07 21:00:00,NA,NA,0,NA,NA,NA,NA,NA,NA,NA,NA,NA,NA,NA,16,NA
1879-09-08,NA,NA,NA,NA,NA,NA,NA,NA,NA,NA,NA,2.44,19.56,NA,NA,NA
1879-09-08 09:00:00,13.33,NA,135,11.24,NA,998.71,0,NA,10.83,NA,12.78,NA,NA,NA,4.92,",skc,skc"
1879-09-08 15:00:00,NA,NA,NA,NA,NA,NA,NA,NA,NA,NA,NA,NA,NA,NA,NA,",skc,skc"
1879-09-08 21:00:00,NA,NA,135,NA,NA,NA,NA,NA,NA,NA,NA,NA,NA,NA,11,NA
1879-09-09,NA,NA,NA,NA,NA,NA,NA,NA,NA,NA,NA,6.11,22.28,54.44,NA,",au,"
1879-09-09 09:00:00,14.44,NA,135,11.55,NA,991.06,0,NA,11.94,NA,14.72,NA,NA,NA,14.3,",skc,skc"
1879-09-09 15:00:00,NA,NA,NA,NA,NA,NA,NA,NA,12.72,NA,15.56,NA,NA,NA,NA,",skc,skc"
1879-09-09 21:00:00,15.56,NA,135,12.33,NA,987.13,NA,NA,12.78,NA,15.56,NA,NA,NA,30,NA
1879-09-10,NA,NA,NA,NA,NA,NA,NA,NA,NA,NA,NA,11.67,18.44,54.17,NA,",ra,"
1879-09-10 09:00:00,16.67,NA,135,11.82,NA,987,0,NA,12.5,NA,15.56,NA,NA,NA,12.74,",skc,skc"
1879-09-10 15:00:00,NA,NA,NA,NA,NA,NA,NA,NA,13.83,NA,15,NA,NA,NA,NA,",ovc"
1879-09-10 21:00:00,17.78,180,180,14.73,NA,985.54,NA,NA,13.89,NA,15,NA,NA,NA,13,NA
1879-09-11,NA,NA,NA,NA,NA,NA,NA,NA,NA,NA,NA,4.44,20.17,51.67,NA,",au,"
1879-09-11 09:00:00,17.22,NA,225,8.64,NA,990.52,0,NA,11.94,NA,18.33,NA,NA,NA,4.47,",skc"
1879-09-11 15:00:00,NA,NA,NA,NA,NA,NA,NA,NA,8.28,NA,9,NA,NA,NA,NA,",skc,skc"
1879-09-11 21:00:00,17.78,NA,315,10.29,NA,989.5,NA,NA,8.33,NA,9,NA,NA,NA,20,NA
1879-09-12,NA,NA,NA,NA,NA,NA,NA,NA,NA,NA,NA,2.22,14,51.83,NA,",ra,"
1879-09-12 09:00:00,14.44,315,315,6.5,NA,991.53,2.79,NA,6.94,NA,11.11,NA,NA,NA,5.36,",ovc"
1879-09-12 15:00:00,NA,NA,NA,NA,NA,NA,NA,NA,4.94,NA,5.56,NA,NA,NA,NA,",skc"
1879-09-12 21:00:00,13.33,NA,0,8.23,NA,992.21,NA,NA,5,NA,5.61,NA,NA,NA,34,NA
1879-09-13,NA,NA,NA,NA,NA,NA,NA,NA,NA,NA,NA,-0.28,12.61,53.5,NA,NA
1879-09-13 09:00:00,13.33,NA,315,7.38,NA,998.85,0,NA,5.28,NA,7.11,NA,NA,NA,7.15,",skc,skc"
1879-09-13 15:00:00,NA,NA,NA,NA,NA,NA,NA,NA,3.61,NA,4.39,NA,NA,NA,NA,",skc,skc"
1879-09-13 21:00:00,12.78,NA,135,7.31,NA,992.55,NA,NA,3.67,NA,4.44,NA,NA,NA,40,NA
1879-09-14,NA,NA,NA,NA,NA,NA,NA,NA,NA,NA,NA,2.22,15.11,33.89,NA,NA
1879-09-14 09:00:00,NA,NA,135,NA,NA,NA,0.76,NA,NA,NA,NA,NA,NA,NA,11.62,NA
1879-09-14 15:00:00,NA,NA,NA,NA,NA,NA,NA,NA,NA,NA,NA,NA,NA,NA,NA,NA
1879-09-14 21:00:00,NA,NA,315,NA,NA,NA,NA,NA,NA,NA,NA,NA,NA,NA,45,NA
1879-09-15,NA,NA,NA,NA,NA,NA,NA,NA,NA,NA,NA,6.11,18.17,53.61,NA,NA
1879-09-15 09:00:00,13.33,NA,270,10.57,NA,983.27,0,NA,10.56,NA,13.06,NA,NA,NA,8.05,",skc,skc"
1879-09-15 15:00:00,NA,NA,NA,NA,NA,NA,NA,NA,8.83,NA,10.67,NA,NA,NA,NA,",ovc"
1879-09-15 21:00:00,14.44,NA,270,9.82,NA,980.09,NA,NA,8.89,NA,10.67,NA,NA,NA,12,NA
1879-09-16,NA,NA,NA,NA,NA,NA,NA,NA,NA,NA,NA,4.17,14.11,50.56,NA,NA
1879-09-16 09:00:00,14.44,270,315,8.13,NA,982.87,0,NA,8.44,NA,11.94,NA,NA,NA,5.81,",ovc"
1879-09-16 15:00:00,NA,NA,NA,NA,NA,NA,NA,NA,4.94,NA,5.78,NA,NA,NA,NA,",skc"
1879-09-16 21:00:00,12.78,NA,270,8.03,NA,982.8,NA,NA,5,NA,5.83,NA,NA,NA,11,NA
1879-09-17,NA,NA,NA,NA,NA,NA,NA,NA,NA,NA,NA,1.67,10.39,48.89,NA,NA
1879-09-17 09:00:00,12.22,270,315,6.91,NA,986.25,0,NA,5.17,NA,7.5,NA,NA,NA,9.39,",bkn"
1879-09-17 15:00:00,NA,NA,NA,NA,NA,NA,NA,NA,4.94,NA,6.33,NA,NA,NA,NA,",skc"
1879-09-17 21:00:00,12.22,315,315,7.55,NA,991.94,NA,NA,5,NA,6.39,NA,NA,NA,15,NA
1879-09-18,NA,NA,NA,NA,NA,NA,NA,NA,NA,NA,NA,0,13.17,48.06,NA,NA
1879-09-18 09:00:00,12.22,NA,315,6.16,NA,996.41,0,NA,5.28,NA,8.61,NA,NA,NA,12.29,",skc,skc"
1879-09-18 15:00:00,NA,NA,NA,NA,NA,NA,NA,NA,2,NA,2.72,NA,NA,NA,NA,",skc,skc"
1879-09-18 21:00:00,12.22,NA,315,6.5,NA,1000.78,NA,NA,2,NA,2.78,NA,NA,NA,20,NA
1879-09-19,NA,NA,NA,NA,NA,NA,NA,NA,NA,NA,NA,2.22,14.28,NA,NA,",au,"
1879-09-19 09:00:00,12.22,270,135,8.4,NA,1002.03,0,NA,6.22,NA,7.5,NA,NA,NA,0.45,",bkn"
1879-09-19 15:00:00,NA,NA,NA,NA,NA,NA,NA,NA,0.83,NA,2.72,NA,NA,NA,NA,",skc"
1879-09-19 21:00:00,12.78,NA,0,5.01,NA,1000,NA,NA,0.83,NA,2.78,NA,NA,NA,11,NA
1879-09-20,NA,NA,NA,NA,NA,NA,NA,NA,NA,NA,NA,0,15.78,45.33,NA,NA
1879-09-20 09:00:00,11.11,315,135,7.69,NA,997.83,0.25,NA,5.56,NA,7.22,NA,NA,NA,5.36,",bkn"
1879-09-20 15:00:00,NA,NA,NA,NA,NA,NA,NA,NA,7.17,NA,9.44,NA,NA,NA,NA,",skc"
1879-09-20 21:00:00,12.78,0,135,8.3,NA,991.5,NA,NA,7.22,NA,9.44,NA,NA,NA,12,NA
1879-09-21,NA,NA,NA,NA,NA,NA,0,0,NA,NA,NA,2.61,17.06,49.17,NA,NA
1879-09-21 09:00:00,NA,NA,0,NA,NA,NA,0,NA,NA,NA,NA,NA,NA,NA,1.79,NA
1879-09-21 15:00:00,NA,NA,NA,NA,NA,NA,NA,NA,NA,NA,NA,NA,NA,NA,NA,NA
1879-09-21 21:00:00,NA,NA,0,NA,NA,NA,NA,NA,NA,NA,NA,NA,NA,NA,11,NA
1879-09-22,NA,NA,NA,NA,NA,NA,NA,NA,NA,NA,NA,-1.67,9.83,16.67,NA,",ra,"
1879-09-22 09:00:00,12.22,315,315,8.87,NA,989.03,6.1,NA,7.61,NA,9.44,NA,NA,NA,1.52,",ovc"
1879-09-22 15:00:00,NA,NA,NA,NA,NA,NA,NA,NA,1.67,NA,1.94,NA,NA,NA,NA,",skc"
1879-09-22 21:00:00,13.33,NA,0,6.67,NA,999.32,NA,NA,1.67,NA,1.94,NA,NA,NA,40,NA
1879-09-23,NA,NA,NA,NA,NA,NA,NA,NA,NA,NA,NA,-6.39,8.17,46.11,NA,",frst,"
1879-09-23 09:00:00,12.78,NA,0,4.3,NA,1001.02,0,NA,-0.83,NA,1.22,NA,NA,NA,1.88,",skc"
1879-09-23 15:00:00,NA,NA,NA,NA,NA,NA,NA,NA,-0.83,NA,0.83,NA,NA,NA,NA,",skc"
1879-09-23 21:00:00,11.11,NA,225,4.61,NA,996.38,NA,NA,-0.83,NA,0.83,NA,NA,NA,20,NA
1879-09-24,NA,NA,NA,NA,NA,NA,NA,NA,NA,NA,NA,-1.67,18.89,49.44,NA,",frst,"
1879-09-24 09:00:00,14.44,NA,180,7.18,NA,998.78,0,NA,4,NA,5.11,NA,NA,NA,5.36,",skc,skc"
1879-09-24 15:00:00,NA,NA,NA,NA,NA,NA,NA,NA,6.61,NA,8.56,NA,NA,NA,NA,",skc,skc"
1879-09-24 21:00:00,13.33,NA,135,8.16,NA,990.21,NA,NA,6.67,NA,8.56,NA,NA,NA,34,NA
1879-09-25,NA,NA,NA,NA,NA,NA,NA,NA,NA,NA,NA,-3.5,21.56,50.56,NA,",du,"
1879-09-25 09:00:00,13.33,NA,180,8.3,NA,984.69,0,NA,7.22,NA,9.44,NA,NA,NA,7.15,",skc,skc"
1879-09-25 15:00:00,NA,NA,NA,NA,NA,NA,NA,NA,8.33,NA,10,NA,NA,NA,NA,",skc,skc"
1879-09-25 21:00:00,15.56,NA,135,10.4,NA,985.13,NA,NA,8.89,NA,10,NA,NA,NA,16,NA
1879-09-26,NA,NA,NA,NA,NA,NA,NA,NA,NA,NA,NA,2.89,21,50.56,NA,",du,"
1879-09-26 09:00:00,13.89,NA,135,7.65,NA,982.32,0,NA,7.39,NA,10.56,NA,NA,NA,1.56,",skc,skc"
1879-09-26 15:00:00,NA,NA,NA,NA,NA,NA,NA,NA,9.94,NA,11.22,NA,NA,NA,NA,",skc"
1879-09-26 21:00:00,16.11,NA,90,11.14,NA,983,NA,NA,10,NA,11.22,NA,NA,NA,20,NA
1879-09-27,NA,NA,NA,NA,NA,NA,NA,NA,NA,NA,NA,1.67,21.56,47.78,NA,",au,"
1879-09-27 09:00:00,15,NA,90,12.97,NA,982.32,0,NA,11.11,NA,11.22,NA,NA,NA,0.13,",skc,skc"
1879-09-27 15:00:00,NA,NA,NA,NA,NA,NA,NA,NA,NA,NA,NA,NA,NA,NA,NA,",bkn"
1879-09-27 21:00:00,NA,NA,135,NA,NA,NA,NA,NA,NA,NA,NA,NA,NA,NA,40,NA
1879-09-28,NA,NA,NA,NA,NA,NA,NA,NA,NA,NA,NA,2.22,19.33,37.78,NA,",halo,"
1879-09-28 09:00:00,NA,NA,135,NA,NA,NA,0,NA,NA,NA,NA,NA,NA,NA,8.05,NA
1879-09-28 15:00:00,NA,NA,NA,NA,NA,NA,NA,NA,NA,NA,NA,NA,NA,NA,NA,NA
1879-09-28 21:00:00,NA,NA,135,NA,NA,NA,NA,NA,NA,NA,NA,NA,NA,NA,18,NA
1879-09-29,NA,NA,NA,NA,NA,NA,NA,NA,NA,NA,NA,8.06,21,49.17,NA,",du,"
1879-09-29 09:00:00,16.67,NA,180,14.53,NA,974.33,0,NA,14,NA,15.56,NA,NA,NA,9.83,",bkn,bkn"
1879-09-29 15:00:00,NA,NA,NA,NA,NA,NA,NA,NA,9.39,NA,14.17,NA,NA,NA,NA,",ovc"
1879-09-29 21:00:00,16.67,270,270,7.86,NA,978.67,NA,NA,9.44,NA,14.17,NA,NA,NA,27,NA
1879-09-30,NA,NA,NA,NA,NA,NA,NA,NA,NA,NA,NA,3.33,21,50.56,NA,",du,"
1879-09-30 09:00:00,13.33,270,225,9.96,NA,982.22,0,NA,11.11,NA,15,NA,NA,NA,6.71,",skc"
1879-09-30 15:00:00,NA,NA,NA,NA,NA,NA,NA,NA,7.06,NA,10.28,NA,NA,NA,NA,",bkn"
1879-09-30 21:00:00,15,225,225,7.48,NA,987.23,NA,NA,7.11,NA,10.28,NA,NA,NA,12,NA
